Date,Open,High,Low,Close,Adj Close,Volume
2019-01-02,80.72000122070312,81.11000061035156,80.6500015258789,80.98999786376953,53.74436950683594,26977400
2019-01-03,80.91000366210938,81.16000366210938,80.77999877929688,81.02999877929688,53.77091979980469,32776600
2019-01-04,81.66999816894531,82.5,81.56999969482422,82.38999938964844,54.67340087890625,38754000
2019-01-07,82.58000183105469,83.19000244140625,82.56999969482422,83.19000244140625,55.20429992675781,38127600
2019-01-08,83.38999938964844,83.73999786376953,83.26000213623047,83.7300033569336,55.56263732910156,30795000
2019-01-09,83.8499984741211,84.01000213623047,83.79000091552734,83.83000183105469,55.62894821166992,40909400
2019-01-10,83.66000366210938,84.20999908447266,83.55000305175781,84.16000366210938,55.84797286987305,50520000
2019-01-11,83.81999969482422,83.9800033569336,83.77999877929688,83.88999938964844,55.668792724609375,19793300
2019-01-14,83.66999816894531,83.7699966430664,83.55000305175781,83.62000274658203,55.48960876464844,20137700
2019-01-15,83.62000274658203,83.94000244140625,83.55000305175781,83.9000015258789,55.67543411254883,24799000
2019-01-16,84.01000213623047,84.13999938964844,83.95999908447266,84.02999877929688,55.761695861816406,26508100
2019-01-17,83.94000244140625,84.29000091552734,83.88999938964844,84.26000213623047,55.914337158203125,24574400
2019-01-18,84.41999816894531,84.66999816894531,84.38999938964844,84.5,56.073585510253906,36236400
2019-01-22,84.33000183105469,84.33999633789062,83.83000183105469,83.94000244140625,55.701969146728516,25504200
2019-01-23,84.05999755859375,84.2300033569336,83.87000274658203,84.11000061035156,55.81481170654297,18529400
2019-01-24,84.08000183105469,84.22000122070312,83.94000244140625,84.19999694824219,55.87452697753906,17875500
2019-01-25,84.36000061035156,84.48999786376953,84.33999633789062,84.41000366210938,56.01385498046875,16775200
2019-01-28,84.19000244140625,84.33000183105469,84.06999969482422,84.27999877929688,55.9276123046875,14694100
2019-01-29,84.3499984741211,84.3499984741211,84.02999877929688,84.2300033569336,55.89442825317383,18717000
2019-01-30,84.33999633789062,85.02999877929688,84.33000183105469,84.9000015258789,56.339019775390625,25993500
2019-01-31,84.87999725341797,85.23999786376953,84.87999725341797,85.11000061035156,56.47838592529297,27070400
2019-02-01,84.66000366210938,84.76000213623047,84.54000091552734,84.68000030517578,56.45106887817383,24749900
2019-02-04,84.69000244140625,84.93000030517578,84.61000061035156,84.87999725341797,56.5843620300293,15968400
2019-02-05,84.94000244140625,85.2699966430664,84.93000030517578,85.18000030517578,56.78437805175781,33188300
2019-02-06,85.11000061035156,85.20999908447266,85.0199966430664,85.0999984741211,56.73102569580078,25936800
2019-02-07,84.83000183105469,84.9000015258789,84.66000366210938,84.80999755859375,56.53769302368164,27119400
2019-02-08,84.70999908447266,84.80999755859375,84.58000183105469,84.79000091552734,56.52434539794922,16728100
2019-02-11,84.7699966430664,84.87000274658203,84.69999694824219,84.83000183105469,56.551055908203125,10051800
2019-02-12,85.08000183105469,85.2699966430664,85.06999969482422,85.23999786376953,56.8243522644043,20174000
2019-02-13,85.29000091552734,85.30999755859375,85.05000305175781,85.12000274658203,56.74435806274414,25088400
2019-02-14,84.9800033569336,85.22000122070312,84.86000061035156,85.12999725341797,56.75103759765625,19406700
2019-02-15,85.27999877929688,85.45999908447266,85.27999877929688,85.4000015258789,56.931034088134766,24052000
2019-02-19,85.30000305175781,85.4800033569336,85.26000213623047,85.43000030517578,56.9510383605957,11317700
2019-02-20,85.45999908447266,85.55000305175781,85.33000183105469,85.5,56.997676849365234,9925700
2019-02-21,85.44999694824219,85.52999877929688,85.3499984741211,85.41999816894531,56.9443244934082,15479800
2019-02-22,85.5199966430664,85.66999816894531,85.48999786376953,85.58999633789062,57.057655334472656,12330300
2019-02-25,85.70999908447266,85.83000183105469,85.62000274658203,85.66000366210938,57.104373931884766,13698200
2019-02-26,85.72000122070312,85.87000274658203,85.66999816894531,85.7699966430664,57.17768859863281,16049300
2019-02-27,85.80000305175781,85.86000061035156,85.7300033569336,85.80000305175781,57.197689056396484,14818900
2019-02-28,85.77999877929688,85.83000183105469,85.69999694824219,85.75,57.16436004638672,21340600
2019-03-01,85.55000305175781,85.66000366210938,85.5,85.61000061035156,57.326412200927734,26455300
2019-03-04,85.70999908447266,85.75,85.33999633789062,85.4800033569336,57.23934555053711,16034400
2019-03-05,85.4800033569336,85.48999786376953,85.36000061035156,85.44000244140625,57.21257400512695,14510100
2019-03-06,85.4000015258789,85.41999816894531,85.26000213623047,85.30000305175781,57.118797302246094,16806400
2019-03-07,85.33000183105469,85.33999633789062,85.08000183105469,85.23999786376953,57.07862091064453,28101100
2019-03-08,84.9800033569336,85.12000274658203,84.80999755859375,85.0999984741211,56.98487854003906,21043400
2019-03-11,85.06999969482422,85.38999938964844,85.05000305175781,85.37999725341797,57.17237091064453,17922400
2019-03-12,85.30999755859375,85.58000183105469,85.29000091552734,85.52999877929688,57.27284622192383,20180500
2019-03-13,85.58000183105469,85.7699966430664,85.55999755859375,85.76000213623047,57.42686080932617,24524800
2019-03-14,85.72000122070312,85.83000183105469,85.68000030517578,85.69999694824219,57.38666915893555,12342500
2019-03-15,85.76000213623047,85.87999725341797,85.75,85.77999877929688,57.440216064453125,21775300
2019-03-18,85.79000091552734,85.83000183105469,85.66999816894531,85.75,57.4201545715332,10498900
2019-03-19,85.80999755859375,85.95999908447266,85.75,85.80000305175781,57.453609466552734,14067200
2019-03-20,85.80999755859375,86.30000305175781,85.6500015258789,86.16999816894531,57.701393127441406,31184400
2019-03-21,86.05999755859375,86.26000213623047,86.04000091552734,86.1500015258789,57.687984466552734,16400700
2019-03-22,86.0199966430664,86.05000305175781,85.75,85.83999633789062,57.480403900146484,27030400
2019-03-25,85.77999877929688,85.91000366210938,85.6500015258789,85.80999755859375,57.46034622192383,23592100
2019-03-26,85.94999694824219,86.1500015258789,85.88999938964844,86.0199966430664,57.60094451904297,18762700
2019-03-27,86.06999969482422,86.23999786376953,85.87999725341797,86.08000183105469,57.64112854003906,16706700
2019-03-28,86.08999633789062,86.25,86.04000091552734,86.25,57.754940032958984,19706700
2019-03-29,86.31999969482422,86.52999877929688,86.30000305175781,86.47000122070312,57.90227127075195,22358900
2019-04-01,86.20999908447266,86.27999877929688,86.05000305175781,86.06999969482422,57.888160705566406,21353900
2019-04-02,86.08999633789062,86.13999938964844,85.94000244140625,86.11000061035156,57.91505432128906,15129300
2019-04-03,86.19999694824219,86.30999755859375,86.0999984741211,86.13999938964844,57.93523025512695,13746500
2019-04-04,86.1500015258789,86.27999877929688,86.12999725341797,86.2699966430664,58.02265930175781,14435700
2019-04-05,86.36000061035156,86.5,86.33999633789062,86.43000030517578,58.13028335571289,14227000
2019-04-08,86.38999938964844,86.41000366210938,86.30999755859375,86.37999725341797,58.096656799316406,11472100
2019-04-09,86.33000183105469,86.41999816894531,86.2699966430664,86.31999969482422,58.0562629699707,19118700
2019-04-10,86.43000030517578,86.69999694824219,86.43000030517578,86.69999694824219,58.31190872192383,16767000
2019-04-11,86.69000244140625,86.86000061035156,86.6500015258789,86.83000183105469,58.3993034362793,20976100
2019-04-12,86.93000030517578,87.01000213623047,86.79000091552734,86.95999908447266,58.486751556396484,17442800
2019-04-15,86.94999694824219,86.94999694824219,86.83000183105469,86.9000015258789,58.44637680053711,13940000
2019-04-16,86.95999908447266,86.97000122070312,86.81999969482422,86.8499984741211,58.412742614746094,11543800
2019-04-17,86.94000244140625,86.94000244140625,86.62999725341797,86.63999938964844,58.2714958190918,11818600
2019-04-18,86.79000091552734,86.79000091552734,86.58000183105469,86.68000030517578,58.29838180541992,15295500
2019-04-22,86.62000274658203,86.66000366210938,86.5199966430664,86.52999877929688,58.19752883911133,24591400
2019-04-23,86.63999938964844,86.87999725341797,86.58999633789062,86.83000183105469,58.3993034362793,15094100
2019-04-24,86.8499984741211,86.8499984741211,86.69999694824219,86.70999908447266,58.31859588623047,11938800
2019-04-25,86.69999694824219,86.80999755859375,86.56999969482422,86.75,58.34548568725586,14369000
2019-04-26,86.8499984741211,86.9800033569336,86.8499984741211,86.97000122070312,58.49346923828125,11937200
2019-04-29,86.94999694824219,87.0,86.93000030517578,86.93000030517578,58.466556549072266,7601200
2019-04-30,86.97000122070312,87.04000091552734,86.91999816894531,86.94000244140625,58.473289489746094,11168100
2019-05-01,86.58999633789062,86.87000274658203,86.27999877929688,86.29000091552734,58.281471252441406,24574300
2019-05-02,86.36000061035156,86.4800033569336,86.18000030517578,86.3499984741211,58.32199478149414,24936600
2019-05-03,86.5199966430664,86.5999984741211,86.47000122070312,86.56999969482422,58.4705810546875,18522700
2019-05-06,86.18000030517578,86.62000274658203,86.0,86.61000061035156,58.49759292602539,18893700
2019-05-07,86.4000015258789,86.44999694824219,85.94999694824219,86.08999633789062,58.14639663696289,30266300
2019-05-08,86.0999984741211,86.30000305175781,86.02999877929688,86.12000274658203,58.1666259765625,27527500
2019-05-09,85.98999786376953,86.05999755859375,85.68000030517578,85.98999786376953,58.0788459777832,30890400
2019-05-10,85.95999908447266,86.30999755859375,85.75,86.2300033569336,58.2409553527832,33782400
2019-05-13,85.68000030517578,85.7699966430664,85.41999816894531,85.44000244140625,57.70738220214844,34801600
2019-05-14,85.61000061035156,85.83000183105469,85.52999877929688,85.62999725341797,57.83567810058594,18128500
2019-05-15,85.48999786376953,85.76000213623047,85.44000244140625,85.70999908447266,57.889705657958984,19543700
2019-05-16,85.83000183105469,86.11000061035156,85.80000305175781,85.97000122070312,58.065338134765625,29384100
2019-05-17,85.79000091552734,86.0999984741211,85.79000091552734,85.94000244140625,58.04508590698242,27089400
2019-05-20,85.91999816894531,86.08000183105469,85.77999877929688,85.86000061035156,57.99104309082031,15780000
2019-05-21,85.98999786376953,86.1500015258789,85.98999786376953,86.12999725341797,58.17340087890625,15004300
2019-05-22,86.08000183105469,86.19999694824219,85.97000122070312,86.19999694824219,58.22067642211914,14976200
2019-05-23,85.95999908447266,85.98999786376953,85.66999816894531,85.7699966430664,57.93022155761719,18333400
2019-05-24,85.87000274658203,85.97000122070312,85.63999938964844,85.6500015258789,57.849220275878906,17611600
2019-05-28,85.75,85.81999969482422,85.48999786376953,85.56999969482422,57.7951545715332,20544600
2019-05-29,85.45999908447266,85.5199966430664,85.25,85.33999633789062,57.639854431152344,25441900
2019-05-30,85.48999786376953,85.6500015258789,85.44000244140625,85.5199966430664,57.76138687133789,20311900
2019-05-31,85.23999786376953,85.33999633789062,84.87999725341797,84.9000015258789,57.34264373779297,34947400
2019-06-03,84.6500015258789,84.77999877929688,84.47000122070312,84.6500015258789,57.4349250793457,58940600
2019-06-04,84.91000366210938,85.51000213623047,84.91000366210938,85.5,58.01166915893555,34113300
2019-06-05,85.58000183105469,85.72000122070312,85.43000030517578,85.69999694824219,58.1473503112793,28368700
2019-06-06,85.68000030517578,85.95999908447266,85.56999969482422,85.87999725341797,58.26945114135742,23538600
2019-06-07,86.0,86.20999908447266,85.16000366210938,86.0999984741211,58.418724060058594,29934000
2019-06-10,86.26000213623047,86.33999633789062,86.18000030517578,86.2300033569336,58.50696563720703,17482200
2019-06-11,86.51000213623047,86.66000366210938,86.22000122070312,86.3499984741211,58.588375091552734,34293700
2019-06-12,86.33000183105469,86.3499984741211,86.12999725341797,86.1500015258789,58.45264434814453,18195500
2019-06-13,86.30000305175781,86.41000366210938,86.25,86.3499984741211,58.588375091552734,19438500
2019-06-14,86.31999969482422,86.36000061035156,86.22000122070312,86.29000091552734,58.54764938354492,8842000
2019-06-17,86.23999786376953,86.29000091552734,86.12000274658203,86.16000366210938,58.45945739746094,10554000
2019-06-18,86.56999969482422,86.7699966430664,86.54000091552734,86.76000213623047,58.86656951904297,22540400
2019-06-19,86.69999694824219,87.19000244140625,86.55000305175781,87.16999816894531,59.14474868774414,28212600
2019-06-20,87.43000030517578,87.6500015258789,87.29000091552734,87.61000061035156,59.44327926635742,48362000
2019-06-21,87.37999725341797,87.44999694824219,87.33000183105469,87.33000183105469,59.253292083740234,22467800
2019-06-24,87.33000183105469,87.37000274658203,87.27999877929688,87.31999969482422,59.24649429321289,13764100
2019-06-25,87.30999755859375,87.30999755859375,86.88999938964844,86.94999694824219,58.9954719543457,26173600
2019-06-26,87.12000274658203,87.16000366210938,86.87999725341797,86.91000366210938,58.968299865722656,19554600
2019-06-27,87.05999755859375,87.19999694824219,87.0199966430664,87.1500015258789,59.13117980957031,12995100
2019-06-28,87.19999694824219,87.25,87.1500015258789,87.18000030517578,59.15150833129883,14690800
2019-07-01,87.12999725341797,87.26000213623047,86.80000305175781,86.81999969482422,59.16925048828125,26036100
2019-07-02,86.87999725341797,87.05999755859375,86.83999633789062,87.01000213623047,59.29873275756836,20683200
2019-07-03,87.05000305175781,87.38999938964844,87.02999877929688,87.33999633789062,59.52362823486328,16237900
2019-07-05,87.08000183105469,87.08999633789062,86.8499984741211,86.98999786376953,59.28510284423828,17591400
2019-07-08,86.94999694824219,86.94999694824219,86.80999755859375,86.81999969482422,59.16925048828125,16679400
2019-07-09,86.76000213623047,86.80000305175781,86.69999694824219,86.72000122070312,59.1010856628418,19189100
2019-07-10,86.93000030517578,87.08000183105469,86.88999938964844,86.95999908447266,59.264617919921875,24497000
2019-07-11,87.01000213623047,87.01000213623047,86.66999816894531,86.79000091552734,59.148834228515625,19191200
2019-07-12,86.79000091552734,86.94000244140625,86.72000122070312,86.93000030517578,59.24421310424805,21291200
2019-07-15,86.91000366210938,87.06999969482422,86.86000061035156,86.98999786376953,59.28510284423828,10735200
2019-07-16,86.9800033569336,86.9800033569336,86.7300033569336,86.80999755859375,59.162437438964844,20147200
2019-07-17,86.87999725341797,86.87999725341797,86.69000244140625,86.69999694824219,59.08745574951172,9361300
2019-07-18,86.70999908447266,86.76000213623047,86.51000213623047,86.73999786376953,59.114688873291016,17236600
2019-07-19,86.73999786376953,86.77999877929688,86.55999755859375,86.58999633789062,59.01249313354492,14771000
2019-07-22,86.69000244140625,86.87999725341797,86.6500015258789,86.87999725341797,59.21014404296875,12852800
2019-07-23,86.94999694824219,87.05999755859375,86.8499984741211,87.02999877929688,59.31237030029297,14051800
2019-07-24,87.01000213623047,87.11000061035156,86.98999786376953,87.0999984741211,59.36006164550781,12713700
2019-07-25,87.1500015258789,87.1500015258789,86.91000366210938,86.9800033569336,59.278289794921875,14272500
2019-07-26,87.12000274658203,87.19000244140625,87.08000183105469,87.16999816894531,59.407772064208984,8512700
2019-07-29,87.1500015258789,87.16000366210938,86.95999908447266,87.04000091552734,59.31916427612305,14731800
2019-07-30,86.9000015258789,87.08999633789062,86.83999633789062,87.08000183105469,59.34646224975586,13794100
2019-07-31,87.1500015258789,87.26000213623047,86.58000183105469,86.93000030517578,59.24421310424805,23449700
2019-08-01,86.55000305175781,86.98999786376953,86.48999786376953,86.5199966430664,59.21477508544922,28839000
2019-08-02,86.48999786376953,86.48999786376953,86.18000030517578,86.38999938964844,59.125789642333984,23559600
2019-08-05,85.87000274658203,85.87000274658203,85.3499984741211,85.48999786376953,58.50985336303711,47727900
2019-08-06,85.87000274658203,86.12000274658203,85.66999816894531,86.04000091552734,58.886268615722656,28695000
2019-08-07,85.69000244140625,86.12999725341797,85.44999694824219,86.02999877929688,58.87942123413086,38028500
2019-08-08,86.05000305175781,86.41999816894531,86.05000305175781,86.37000274658203,59.11210632324219,27074700
2019-08-09,86.22000122070312,86.3499984741211,86.08000183105469,86.25,59.029991149902344,19090800
2019-08-12,86.01000213623047,86.13999938964844,85.87999725341797,85.94999694824219,58.824676513671875,17466700
2019-08-13,85.94000244140625,86.41000366210938,85.87999725341797,86.33000183105469,59.08473587036133,30078600
2019-08-14,85.94000244140625,85.97000122070312,85.5,85.55999755859375,58.557743072509766,29745300
2019-08-15,85.70999908447266,85.9000015258789,85.6500015258789,85.80999755859375,58.72886276245117,27296500
2019-08-16,85.94000244140625,86.12999725341797,85.94000244140625,86.0999984741211,58.92732238769531,15780200
2019-08-19,86.26000213623047,86.36000061035156,86.22000122070312,86.3499984741211,59.098445892333984,13603000
2019-08-20,86.38999938964844,86.47000122070312,86.25,86.41999816894531,59.146366119384766,16126800
2019-08-21,86.63999938964844,86.8499984741211,86.58000183105469,86.79000091552734,59.39958953857422,18334300
2019-08-22,86.94000244140625,87.02999877929688,86.75,86.94999694824219,59.5090446472168,20677200
2019-08-23,86.79000091552734,87.13999938964844,86.4800033569336,86.55000305175781,59.23534393310547,30340300
2019-08-26,86.81999969482422,86.9800033569336,86.73999786376953,86.9800033569336,59.52961730957031,14187800
2019-08-27,87.1500015258789,87.18000030517578,86.79000091552734,86.94000244140625,59.50221633911133,14722700
2019-08-28,86.91999816894531,87.19000244140625,86.88999938964844,87.1500015258789,59.645965576171875,13576000
2019-08-29,87.33999633789062,87.41000366210938,87.19000244140625,87.23999786376953,59.707550048828125,16271400
2019-08-30,87.37999725341797,87.38999938964844,86.97000122070312,87.16000366210938,59.652809143066406,14413600
2019-09-03,86.72000122070312,86.72000122070312,86.38999938964844,86.54000091552734,59.481651306152344,20561500
2019-09-04,86.69000244140625,86.75,86.58999633789062,86.72000122070312,59.6053581237793,13526700
2019-09-05,86.80000305175781,87.12999725341797,86.77999877929688,87.05999755859375,59.839054107666016,23399100
2019-09-06,87.18000030517578,87.30000305175781,87.04000091552734,87.13999938964844,59.89409637451172,25162700
2019-09-09,87.19000244140625,87.26000213623047,87.0199966430664,87.2300033569336,59.955909729003906,17484200
2019-09-10,87.23999786376953,87.30999755859375,87.0999984741211,87.27999877929688,59.990299224853516,14055800
2019-09-11,87.2300033569336,87.30000305175781,87.16999816894531,87.2699966430664,59.9833869934082,13999200
2019-09-12,87.33999633789062,87.43000030517578,87.25,87.31999969482422,60.01777648925781,23246400
2019-09-13,87.16999816894531,87.30999755859375,87.11000061035156,87.16000366210938,59.90781021118164,34407300
2019-09-16,87.30000305175781,87.4800033569336,87.18000030517578,87.47000122070312,60.1208610534668,23020800
2019-09-17,87.5,87.52999877929688,87.33999633789062,87.5199966430664,60.15522766113281,14626400
2019-09-18,87.45999908447266,87.54000091552734,87.19000244140625,87.47000122070312,60.1208610534668,15913800
2019-09-19,87.41999816894531,87.54000091552734,87.33000183105469,87.37000274658203,60.05215072631836,13327000
2019-09-20,87.4000015258789,87.51000213623047,87.33999633789062,87.4800033569336,60.127723693847656,23298400
2019-09-23,87.41000366210938,87.51000213623047,87.38999938964844,87.44000244140625,60.10026168823242,15456800
2019-09-24,87.5199966430664,87.52999877929688,87.20999908447266,87.31999969482422,60.01777648925781,21934200
2019-09-25,87.25,87.29000091552734,87.02999877929688,87.2300033569336,59.955909729003906,15142100
2019-09-26,87.2300033569336,87.26000213623047,87.04000091552734,87.16999816894531,59.91468048095703,13873100
2019-09-27,87.16000366210938,87.2300033569336,87.0,87.06999969482422,59.845947265625,13419200
2019-09-30,87.05999755859375,87.16999816894531,87.0199966430664,87.16999816894531,59.91468048095703,21827700
2019-10-01,86.83999633789062,86.86000061035156,86.55000305175781,86.62000274658203,59.77665328979492,27665700
2019-10-02,86.56999969482422,86.58000183105469,86.04000091552734,86.11000061035156,59.424686431884766,33789500
2019-10-03,86.12000274658203,86.23999786376953,85.75,86.16000366210938,59.45920944213867,30387800
2019-10-04,86.2699966430664,86.44000244140625,86.19999694824219,86.43000030517578,59.6455192565918,17588600
2019-10-07,86.37000274658203,86.48999786376953,86.25,86.36000061035156,59.59724426269531,14542500
2019-10-08,86.2699966430664,86.31999969482422,86.04000091552734,86.04000091552734,59.376426696777344,15471500
2019-10-09,86.2699966430664,86.37999725341797,86.25,86.30000305175781,59.55582046508789,11351300
2019-10-10,86.31999969482422,86.4800033569336,86.30000305175781,86.41000366210938,59.63176345825195,11092800
2019-10-11,86.63999938964844,86.83000183105469,86.56999969482422,86.7699966430664,59.8801383972168,18661400
2019-10-14,86.7699966430664,86.87000274658203,86.69000244140625,86.83000183105469,59.92155838012695,9842600
2019-10-15,86.83999633789062,87.06999969482422,86.80000305175781,87.0199966430664,60.052696228027344,26321500
2019-10-16,86.98999786376953,87.01000213623047,86.94000244140625,86.94999694824219,60.0043830871582,11813000
2019-10-17,87.01000213623047,87.0999984741211,87.0,87.06999969482422,60.08720779418945,14814300
2019-10-18,87.06999969482422,87.12999725341797,86.95999908447266,87.08999633789062,60.10099411010742,21363700
2019-10-21,87.16000366210938,87.16999816894531,87.11000061035156,87.12000274658203,60.1216926574707,10090400
2019-10-22,87.18000030517578,87.18000030517578,87.08000183105469,87.13999938964844,60.13550567626953,15464300
2019-10-23,87.1500015258789,87.2300033569336,87.08999633789062,87.22000122070312,60.190704345703125,9097500
2019-10-24,87.26000213623047,87.31999969482422,87.16999816894531,87.31999969482422,60.25971221923828,14832800
2019-10-25,87.30000305175781,87.41999816894531,87.30000305175781,87.38999938964844,60.308006286621094,11593600
2019-10-28,87.4000015258789,87.44000244140625,87.36000061035156,87.37999725341797,60.30113220214844,10646500
2019-10-29,87.37000274658203,87.4000015258789,87.19999694824219,87.22000122070312,60.190704345703125,10655700
2019-10-30,87.2699966430664,87.27999877929688,87.0,87.11000061035156,60.11477279663086,24566400
2019-10-31,87.08999633789062,87.0999984741211,86.79000091552734,86.80999755859375,59.90776443481445,24576400
2019-11-01,86.58999633789062,86.91000366210938,86.58000183105469,86.81999969482422,60.16487503051758,23894100
2019-11-04,86.9800033569336,87.05000305175781,86.94000244140625,87.0,60.289608001708984,14135800
2019-11-05,87.06999969482422,87.08000183105469,86.81999969482422,86.91000366210938,60.22726058959961,21946800
2019-11-06,86.91000366210938,86.91000366210938,86.77999877929688,86.80999755859375,60.15791702270508,8976900
2019-11-07,86.94000244140625,86.9800033569336,86.75,86.7699966430664,60.13020324707031,15077600
2019-11-08,86.76000213623047,86.87999725341797,86.63999938964844,86.8499984741211,60.18567657470703,11692800
2019-11-11,86.7699966430664,86.83999633789062,86.68000030517578,86.80000305175781,60.151031494140625,4933600
2019-11-12,86.75,86.88999938964844,86.7300033569336,86.81999969482422,60.16487503051758,14690200
2019-11-13,86.7300033569336,86.7699966430664,86.68000030517578,86.7300033569336,60.10248947143555,15333600
2019-11-14,86.73999786376953,86.80000305175781,86.6500015258789,86.68000030517578,60.067832946777344,14965100
2019-11-15,86.7699966430664,86.94999694824219,86.76000213623047,86.94000244140625,60.248023986816406,12996200
2019-11-18,86.87000274658203,86.9000015258789,86.79000091552734,86.83000183105469,60.17182159423828,13135800
2019-11-19,86.73999786376953,86.75,86.5199966430664,86.5199966430664,59.95696258544922,20175500
2019-11-20,86.47000122070312,86.58000183105469,86.33000183105469,86.33999633789062,59.83222198486328,22566100
2019-11-21,86.43000030517578,86.44999694824219,86.2699966430664,86.36000061035156,59.84612274169922,17853800
2019-11-22,86.48999786376953,86.69000244140625,86.4000015258789,86.69000244140625,60.074764251708984,20394800
2019-11-25,86.70999908447266,86.94000244140625,86.70999908447266,86.91999816894531,60.23417282104492,16885300
2019-11-26,86.94999694824219,87.0199966430664,86.9000015258789,87.0199966430664,60.30344772338867,11469400
2019-11-27,86.98999786376953,87.1500015258789,86.94999694824219,87.12999725341797,60.37967300415039,11814700
2019-11-29,87.11000061035156,87.11000061035156,86.93000030517578,86.94000244140625,60.248023986816406,11519500
2019-12-02,86.62999725341797,86.62999725341797,86.3499984741211,86.54000091552734,60.20698165893555,20966400
2019-12-03,86.33999633789062,86.47000122070312,86.23999786376953,86.41999816894531,60.12348937988281,29757200
2019-12-04,86.45999908447266,86.70999908447266,86.45999908447266,86.68000030517578,60.30437088012695,12406800
2019-12-05,86.73999786376953,86.80999755859375,86.58000183105469,86.80999755859375,60.394813537597656,18158900
2019-12-06,86.94999694824219,87.01000213623047,86.8499984741211,86.93000030517578,60.47834014892578,16094700
2019-12-09,86.9000015258789,87.0,86.9000015258789,86.93000030517578,60.47834014892578,18034300
2019-12-10,86.93000030517578,87.1500015258789,86.9000015258789,87.13999938964844,60.62439727783203,15117100
2019-12-11,87.16000366210938,87.33999633789062,87.08999633789062,87.31999969482422,60.7496337890625,14127500
2019-12-12,87.36000061035156,87.61000061035156,87.33000183105469,87.5199966430664,60.88876724243164,18958100
2019-12-13,87.55000305175781,87.6500015258789,87.5,87.61000061035156,60.95139694213867,18088100
2019-12-16,87.73999786376953,87.83000183105469,87.69999694824219,87.77999877929688,61.06966781616211,17517400
2019-12-17,87.79000091552734,88.05000305175781,87.79000091552734,88.05000305175781,61.25752258300781,18650700
2019-12-18,88.08999633789062,88.25,88.05999755859375,88.20999908447266,61.3687744140625,31575700
2019-12-19,87.91000366210938,87.93000030517578,87.72000122070312,87.8499984741211,61.336700439453125,29429300
2019-12-20,87.94999694824219,87.98999786376953,87.69999694824219,87.72000122070312,61.2459602355957,31918800
2019-12-23,87.75,87.80000305175781,87.7300033569336,87.76000213623047,61.27387619018555,9720200
2019-12-24,87.77999877929688,87.83000183105469,87.7300033569336,87.83000183105469,61.322723388671875,4854900
2019-12-26,87.94000244140625,87.98999786376953,87.88999938964844,87.95999908447266,61.41354751586914,11382700
2019-12-27,88.0199966430664,88.0199966430664,87.88999938964844,87.91999816894531,61.385562896728516,11627100
2019-12-30,88.0,88.0199966430664,87.7699966430664,87.86000061035156,61.343685150146484,12524300
2019-12-31,87.86000061035156,87.94999694824219,87.80999755859375,87.94000244140625,61.399532318115234,8310800
2020-01-02,88.0999984741211,88.31999969482422,88.05000305175781,88.30999755859375,61.65788269042969,15756600
2020-01-03,88.12000274658203,88.27999877929688,88.04000091552734,88.22000122070312,61.595027923583984,17342200
2020-01-06,88.11000061035156,88.18000030517578,88.05000305175781,88.12999725341797,61.53219985961914,17936900
2020-01-07,88.13999938964844,88.16000366210938,88.04000091552734,88.05000305175781,61.47635269165039,9640300
2020-01-08,88.06999969482422,88.2300033569336,88.0199966430664,88.12999725341797,61.53219985961914,16088100
2020-01-09,88.23999786376953,88.37000274658203,88.16999816894531,88.36000061035156,61.69279098510742,16649500
2020-01-10,88.37000274658203,88.41000366210938,88.30000305175781,88.38999938964844,61.7137336730957,16182900
2020-01-13,88.4000015258789,88.44999694824219,88.3499984741211,88.38999938964844,61.7137336730957,17762400
2020-01-14,88.37000274658203,88.48999786376953,88.27999877929688,88.37999725341797,61.706764221191406,29157100
2020-01-15,88.4000015258789,88.52999877929688,88.38999938964844,88.4000015258789,61.72074508666992,24637900
2020-01-16,88.47000122070312,88.52999877929688,88.37999725341797,88.43000030517578,61.74168014526367,22349200
2020-01-17,88.4800033569336,88.51000213623047,88.36000061035156,88.36000061035156,61.69279098510742,29626700
2020-01-21,88.33999633789062,88.43000030517578,88.16999816894531,88.16999816894531,61.56013488769531,19724900
2020-01-22,88.30999755859375,88.37000274658203,88.2300033569336,88.33000183105469,61.671836853027344,17731800
2020-01-23,88.18000030517578,88.19999694824219,88.0199966430664,88.05999755859375,61.48332977294922,28566200
2020-01-24,88.06999969482422,88.06999969482422,87.6500015258789,87.69000244140625,61.224998474121094,40838300
2020-01-27,87.23999786376953,87.37999725341797,86.95999908447266,87.0999984741211,60.81304168701172,41372700
2020-01-28,87.5,87.95999908447266,87.38999938964844,87.8499984741211,61.336700439453125,32628300
2020-01-29,87.97000122070312,88.2300033569336,87.77999877929688,87.80000305175781,61.301795959472656,17308200
2020-01-30,87.51000213623047,87.91000366210938,87.5,87.88999938964844,61.36460876464844,20103300
2020-01-31,87.80000305175781,87.80000305175781,87.38999938964844,87.52999877929688,61.1132926940918,35659700
2020-02-03,87.33000183105469,87.47000122070312,87.12999725341797,87.1500015258789,61.103458404541016,25754700
2020-02-04,87.5,87.69000244140625,87.4800033569336,87.66999816894531,61.468040466308594,25063800
2020-02-05,87.87999725341797,88.05999755859375,87.83999633789062,88.02999877929688,61.7204704284668,36687700
2020-02-06,88.0,88.1500015258789,87.87000274658203,88.0999984741211,61.76952362060547,18329900
2020-02-07,87.98999786376953,88.05000305175781,87.87999725341797,87.97000122070312,61.67835998535156,12865100
2020-02-10,87.94999694824219,88.0999984741211,87.87999725341797,88.08999633789062,61.76253128051758,14220000
2020-02-11,88.2699966430664,88.27999877929688,88.1500015258789,88.1500015258789,61.804622650146484,16821500
2020-02-12,88.31999969482422,88.45999908447266,88.26000213623047,88.37999725341797,61.965824127197266,26688200
2020-02-13,88.30999755859375,88.45999908447266,88.29000091552734,88.41000366210938,61.98687744140625,13297900
2020-02-14,88.44000244140625,88.48999786376953,88.3499984741211,88.4000015258789,61.97987747192383,11398800
2020-02-18,88.3499984741211,88.4000015258789,88.1500015258789,88.22000122070312,61.853675842285156,26635300
2020-02-19,88.30999755859375,88.37000274658203,88.25,88.26000213623047,61.881710052490234,18547500
2020-02-20,88.31999969482422,88.44000244140625,88.05999755859375,88.41000366210938,61.98687744140625,31277000
2020-02-21,88.33999633789062,88.37999725341797,88.16000366210938,88.33000183105469,61.9307975769043,23027000
2020-02-24,87.5,87.5999984741211,87.19999694824219,87.37999725341797,61.264732360839844,57828300
2020-02-25,87.76000213623047,87.80999755859375,86.69000244140625,86.7699966430664,60.8370361328125,68418000
2020-02-26,86.93000030517578,87.25,86.5999984741211,86.86000061035156,60.90011215209961,69233800
2020-02-27,86.12999725341797,86.69000244140625,85.5199966430664,85.69000244140625,60.07982635498047,72596300
2020-02-28,84.69000244140625,86.1500015258789,84.69000244140625,86.04000091552734,60.32518768310547,97472600
2020-03-02,85.63999938964844,86.4000015258789,85.2300033569336,86.30999755859375,60.782936096191406,72357700
2020-03-03,86.37999725341797,87.19000244140625,85.73999786376953,85.94000244140625,60.52241134643555,58721000
2020-03-04,86.66000366210938,87.16000366210938,86.58999633789062,87.12000274658203,61.35340118408203,52664700
2020-03-05,86.36000061035156,86.51000213623047,85.8499984741211,86.0199966430664,60.578731536865234,62455700
2020-03-06,84.52999877929688,85.27999877929688,84.08999633789062,85.05000305175781,59.89562225341797,69860600
2020-03-09,79.63999938964844,83.48999786376953,79.63999938964844,81.38999938964844,57.3181037902832,73609600
2020-03-10,82.62000274658203,82.87000274658203,81.12999725341797,82.63999938964844,58.19841766357422,57598000
2020-03-11,81.25,81.69000244140625,80.19999694824219,80.83999633789062,56.9307861328125,60006600
2020-03-12,76.37999725341797,80.25,76.2300033569336,77.61000061035156,54.65605926513672,82926400
2020-03-13,80.12999725341797,80.27999877929688,78.13999938964844,80.05000305175781,56.37444305419922,69164600
2020-03-16,75.72000122070312,77.6500015258789,74.30000305175781,75.6500015258789,53.2757453918457,43080100
2020-03-17,75.55000305175781,77.69999694824219,74.62999725341797,76.36000061035156,53.775787353515625,68569400
2020-03-18,73.8499984741211,74.75,71.91000366210938,72.98999786376953,51.402496337890625,54289800
2020-03-19,71.86000061035156,72.66999816894531,70.7699966430664,71.3499984741211,50.247528076171875,45706300
2020-03-20,71.41000366210938,72.13999938964844,69.41000366210938,69.75,49.12076187133789,55796500
2020-03-23,70.05000305175781,70.12000274658203,67.5199966430664,68.62999725341797,48.33198165893555,48862100
2020-03-24,70.08999633789062,71.94999694824219,69.9000015258789,71.45999908447266,50.32501983642578,51304000
2020-03-25,72.25,75.56999969482422,72.08000183105469,73.47000122070312,51.74053192138672,45692600
2020-03-26,74.01000213623047,76.83000183105469,73.69999694824219,76.83000183105469,54.10676956176758,41965200
2020-03-27,75.44000244140625,78.37000274658203,75.36000061035156,77.02999877929688,54.24760055541992,66536800
2020-03-30,77.0999984741211,78.04000091552734,76.63999938964844,77.69000244140625,54.7124137878418,35016900
2020-03-31,77.37000274658203,77.70999908447266,76.9800033569336,77.06999969482422,54.27577590942383,31103400
2020-04-01,75.18000030517578,75.2699966430664,74.37000274658203,74.58000183105469,52.785919189453125,36859100
2020-04-02,74.37000274658203,76.30000305175781,74.2300033569336,75.16000366210938,53.196441650390625,31824800
2020-04-03,75.0,75.19999694824219,73.31999969482422,73.55000305175781,52.05691909790039,39986200
2020-04-06,75.05999755859375,75.55999755859375,74.80999755859375,75.33999633789062,53.3238410949707,32347800
2020-04-07,76.43000030517578,76.72000122070312,75.23999786376953,75.33999633789062,53.3238410949707,35120800
2020-04-08,75.95999908447266,77.62999725341797,75.69000244140625,77.30000305175781,54.7110710144043,46291400
2020-04-09,81.97000122070312,84.05000305175781,81.48999786376953,82.36000061035156,58.292423248291016,88846900
2020-04-13,81.80999755859375,81.91999816894531,80.41999816894531,81.18000030517578,57.45722198486328,40390500
2020-04-14,81.91000366210938,82.08999633789062,80.97000122070312,81.5199966430664,57.69789123535156,37632800
2020-04-15,80.25,80.91000366210938,79.95999908447266,80.76000213623047,57.159969329833984,34367500
2020-04-16,80.55999755859375,80.75,79.93000030517578,80.68000030517578,57.103370666503906,25821900
2020-04-17,81.31999969482422,81.4000015258789,80.8499984741211,81.08999633789062,57.39353942871094,38251800
2020-04-20,80.29000091552734,80.79000091552734,79.72000122070312,79.87000274658203,56.53004837036133,24676200
2020-04-21,78.95999908447266,79.05999755859375,78.25,78.41000366210938,55.496707916259766,42335600
2020-04-22,79.26000213623047,79.37000274658203,78.83999633789062,79.0999984741211,55.985069274902344,15720900
2020-04-23,79.25,79.66000366210938,78.7300033569336,79.05999755859375,55.95676803588867,23896700
2020-04-24,79.12000274658203,79.2300033569336,78.16000366210938,78.31999969482422,55.4329948425293,37915200
2020-04-27,78.69999694824219,78.93000030517578,78.51000213623047,78.63999938964844,55.65949630737305,20550700
2020-04-28,79.06999969482422,79.12000274658203,78.44000244140625,78.87999725341797,55.829341888427734,23927600
2020-04-29,79.43000030517578,80.36000061035156,79.2699966430664,80.2699966430664,56.81317138671875,34838300
2020-04-30,79.8499984741211,80.55999755859375,79.52999877929688,80.43000030517578,56.92640686035156,34636000
2020-05-01,79.33999633789062,79.54000091552734,78.61000061035156,78.68000030517578,55.944461822509766,31859400
2020-05-04,78.52999877929688,78.87000274658203,78.19999694824219,78.56999969482422,55.86626052856445,20400900
2020-05-05,78.81999969482422,79.25,78.81999969482422,79.25,56.34977340698242,26484200
2020-05-06,79.33000183105469,79.43000030517578,78.7699966430664,78.80000305175781,56.0297966003418,18823300
2020-05-07,79.19999694824219,79.70999908447266,78.97000122070312,79.0,56.1719970703125,19581700
2020-05-08,79.33000183105469,79.76000213623047,79.2699966430664,79.75,56.70526123046875,21770400
2020-05-11,79.58000183105469,79.72000122070312,79.33999633789062,79.38999938964844,56.44929885864258,14285100
2020-05-12,79.91000366210938,80.0,79.29000091552734,79.29000091552734,56.37821960449219,25332700
2020-05-13,79.3499984741211,79.41999816894531,78.73999786376953,78.87000274658203,56.07954025268555,29962000
2020-05-14,78.45999908447266,78.9000015258789,77.9800033569336,78.5999984741211,55.88758087158203,30429100
2020-05-15,78.37000274658203,78.83999633789062,78.16999816894531,78.70999908447266,55.96580123901367,34133400
2020-05-18,79.95999908447266,80.16000366210938,79.66000366210938,80.0999984741211,56.95415115356445,31900200
2020-05-19,80.04000091552734,80.43000030517578,79.88999938964844,80.19999694824219,57.02521896362305,18536500
2020-05-20,80.62000274658203,81.25,80.55000305175781,81.05000305175781,57.62963104248047,36053700
2020-05-21,81.02999877929688,81.2300033569336,80.80000305175781,81.02999877929688,57.61540603637695,23307300
2020-05-22,80.94999694824219,81.33000183105469,80.80999755859375,81.2300033569336,57.75760269165039,11311900
2020-05-26,81.83000183105469,82.16000366210938,81.18000030517578,81.83999633789062,58.19134521484375,27673800
2020-05-27,82.41999816894531,82.44999694824219,81.66000366210938,82.01000213623047,58.31221389770508,24905000
2020-05-28,82.12999725341797,82.55000305175781,81.94000244140625,82.08999633789062,58.369102478027344,23282500
2020-05-29,82.05000305175781,82.62000274658203,81.87999725341797,82.41999816894531,58.60375213623047,32189000
2020-06-01,81.94000244140625,82.75,81.81999969482422,82.72000122070312,59.04703140258789,46987000
2020-06-02,82.8499984741211,83.58000183105469,82.62000274658203,83.54000091552734,59.63233184814453,35930900
2020-06-03,83.87999725341797,84.37999725341797,83.77999877929688,83.93000030517578,59.9107551574707,35991000
2020-06-04,83.83999633789062,83.9800033569336,83.5199966430664,83.66999816894531,59.725189208984375,36405800
2020-06-05,84.56999969482422,85.02999877929688,84.4000015258789,84.45999908447266,60.28904724121094,35306500
2020-06-08,84.66000366210938,84.68000030517578,84.3499984741211,84.55999755859375,60.36045455932617,20493100
2020-06-09,84.11000061035156,84.1500015258789,83.58000183105469,83.9000015258789,59.889320373535156,28412400
2020-06-10,83.79000091552734,84.22000122070312,83.26000213623047,83.77999877929688,59.80367660522461,36663100
2020-06-11,82.58000183105469,82.62000274658203,81.47000122070312,81.62999725341797,58.268951416015625,48794500
2020-06-12,82.73999786376953,82.87000274658203,81.8499984741211,82.44000244140625,58.847164154052734,36156800
2020-06-15,81.9000015258789,83.77999877929688,81.72000122070312,83.23999786376953,59.41820526123047,39432300
2020-06-16,84.25,84.33000183105469,83.30999755859375,83.58000183105469,59.6608772277832,40976300
2020-06-17,83.5199966430664,83.62000274658203,83.1500015258789,83.19000244140625,59.38252639770508,17066700
2020-06-18,82.95999908447266,83.20999908447266,82.83000183105469,83.16000366210938,59.361106872558594,22223600
2020-06-19,83.31999969482422,83.37000274658203,82.70999908447266,82.87999725341797,59.161216735839844,32037600
2020-06-22,82.87000274658203,83.02999877929688,82.69000244140625,82.81999969482422,59.118412017822266,21536000
2020-06-23,83.11000061035156,83.13999938964844,82.88999938964844,82.94000244140625,59.20409393310547,17438000
2020-06-24,82.68000030517578,82.77999877929688,81.54000091552734,82.08999633789062,58.59732437133789,43720600
2020-06-25,81.87000274658203,82.16999816894531,81.48999786376953,82.12000274658203,58.618743896484375,31159700
2020-06-26,82.01000213623047,82.01000213623047,81.2300033569336,81.33999633789062,58.06196212768555,33705800
2020-06-29,81.44000244140625,81.44999694824219,80.4800033569336,80.87999725341797,57.73357009887695,76540200
2020-06-30,81.1500015258789,81.80000305175781,81.08000183105469,81.62000274658203,58.2618293762207,40554300
2020-07-01,81.41000366210938,81.7699966430664,81.41000366210938,81.52999877929688,58.44319534301758,28799100
2020-07-02,82.23999786376953,82.51000213623047,81.97000122070312,82.12999725341797,58.8732795715332,30623300
2020-07-06,82.62000274658203,82.73999786376953,82.41000366210938,82.72000122070312,59.29621505737305,22888200
2020-07-07,82.62999725341797,82.83999633789062,82.12999725341797,82.16999816894531,58.90195083618164,22408000
2020-07-08,82.12999725341797,82.5,82.12000274658203,82.38999938964844,59.05965805053711,21155700
2020-07-09,82.38999938964844,82.45999908447266,81.83000183105469,82.20999908447266,58.930625915527344,21655600
2020-07-10,82.06999969482422,82.54000091552734,81.9800033569336,82.48999786376953,59.13132095336914,17903400
2020-07-13,82.80000305175781,82.91000366210938,82.02999877929688,82.04000091552734,58.808780670166016,20039400
2020-07-14,82.04000091552734,82.77999877929688,82.04000091552734,82.73999786376953,59.310550689697266,31929700
2020-07-15,83.23999786376953,83.30999755859375,82.91000366210938,83.20999908447266,59.6474494934082,21291300
2020-07-16,83.16000366210938,83.30000305175781,83.08000183105469,83.29000091552734,59.704795837402344,17570400
2020-07-17,83.4800033569336,83.55000305175781,83.20999908447266,83.5199966430664,59.86963653564453,22863700
2020-07-20,83.58999633789062,84.05999755859375,83.51000213623047,84.0199966430664,60.22808074951172,16701600
2020-07-21,84.30000305175781,84.58000183105469,84.2699966430664,84.41000366210938,60.5076789855957,22331600
2020-07-22,84.5,84.62000274658203,84.33999633789062,84.58000183105469,60.6295166015625,15251400
2020-07-23,84.56999969482422,84.62000274658203,83.97000122070312,84.5199966430664,60.58652114868164,28434900
2020-07-24,84.33999633789062,84.69999694824219,84.30000305175781,84.5999984741211,60.643829345703125,14977500
2020-07-27,84.7300033569336,84.81999969482422,84.51000213623047,84.80000305175781,60.78723907470703,12931500
2020-07-28,84.72000122070312,84.80000305175781,84.5,84.58000183105469,60.6295166015625,14862900
2020-07-29,84.83999633789062,85.11000061035156,84.69999694824219,85.05000305175781,60.96641159057617,18012800
2020-07-30,84.77999877929688,85.2699966430664,84.73999786376953,85.2300033569336,61.09547805786133,54812400
2020-07-31,85.19999694824219,85.4000015258789,84.9000015258789,85.38999938964844,61.210140228271484,28623100
2020-08-03,85.02999877929688,85.11000061035156,84.8499984741211,85.06999969482422,61.22526931762695,17480600
2020-08-04,84.97000122070312,85.06999969482422,84.80000305175781,85.04000091552734,61.203678131103516,17120700
2020-08-05,85.05999755859375,85.2300033569336,85.01000213623047,85.19000244140625,61.31161117553711,14566000
2020-08-06,85.19000244140625,85.4000015258789,85.0999984741211,85.37999725341797,61.44838333129883,13258600
2020-08-07,85.3499984741211,85.3499984741211,85.05000305175781,85.16999816894531,61.297237396240234,14289900
2020-08-10,85.26000213623047,85.30000305175781,85.01000213623047,85.20999908447266,61.32602310180664,13708700
2020-08-11,85.25,85.2699966430664,84.4000015258789,84.44000244140625,60.7718505859375,20535400
2020-08-12,84.80999755859375,85.0199966430664,84.45999908447266,84.45999908447266,60.786216735839844,18003400
2020-08-13,84.4800033569336,84.80999755859375,84.1500015258789,84.2300033569336,60.62071228027344,28444900
2020-08-14,84.20999908447266,84.30000305175781,83.91999816894531,84.08000183105469,60.51275634765625,14072300
2020-08-17,84.16000366210938,84.62000274658203,84.0999984741211,84.58000183105469,60.87260437011719,13756500
2020-08-18,84.62000274658203,84.7699966430664,84.41000366210938,84.70999908447266,60.96617126464844,24900300
2020-08-19,84.66999816894531,84.79000091552734,84.37000274658203,84.47000122070312,60.79344940185547,18738300
2020-08-20,84.33000183105469,84.75,84.31999969482422,84.75,60.99493408203125,19912800
2020-08-21,84.75,84.80999755859375,84.62999725341797,84.73999786376953,60.98773193359375,17570600
2020-08-24,84.9000015258789,85.16999816894531,84.88999938964844,85.12999725341797,61.26845169067383,16058100
2020-08-25,85.13999938964844,85.27999877929688,84.91000366210938,85.22000122070312,61.333213806152344,24018600
2020-08-26,85.2300033569336,85.37000274658203,85.16999816894531,85.20999908447266,61.32602310180664,16243100
2020-08-27,85.31999969482422,85.3499984741211,84.9000015258789,85.08000183105469,61.2324333190918,19861800
2020-08-28,85.12999725341797,85.2699966430664,85.08999633789062,85.1500015258789,61.28282928466797,14418500
2020-08-31,85.12999725341797,85.2300033569336,84.98999786376953,85.02999877929688,61.19645309448242,21473800
2020-09-01,84.70999908447266,85.2300033569336,84.63999938964844,85.1500015258789,61.52960968017578,22774200
2020-09-02,85.19999694824219,85.38999938964844,84.94999694824219,85.25,61.60186767578125,15878600
2020-09-03,85.0999984741211,85.12000274658203,84.37000274658203,84.72000122070312,61.2188720703125,34169800
2020-09-04,84.80000305175781,84.94000244140625,83.9800033569336,84.48999786376953,61.05268096923828,36087300
2020-09-08,84.13999938964844,84.41000366210938,83.91000366210938,84.0199966430664,60.71304702758789,34967600
2020-09-09,84.37999725341797,84.73999786376953,84.25,84.68000030517578,61.1899528503418,32976800
2020-09-10,84.80999755859375,84.83000183105469,84.25,84.27999877929688,60.90094757080078,32866300
2020-09-11,84.33999633789062,84.48999786376953,84.0999984741211,84.44999694824219,61.023738861083984,20807100
2020-09-14,84.62000274658203,84.69999694824219,84.2699966430664,84.36000061035156,60.95876693725586,28958000
2020-09-15,84.55000305175781,84.72000122070312,84.44000244140625,84.58999633789062,61.12490463256836,22176900
2020-09-16,84.6500015258789,84.98999786376953,84.51000213623047,84.58999633789062,61.12490463256836,26951200
2020-09-17,84.30999755859375,84.66000366210938,84.2300033569336,84.5,61.05991744995117,25752400
2020-09-18,84.66999816894531,84.69000244140625,84.25,84.29000091552734,60.9081916809082,29891800
2020-09-21,83.93000030517578,84.02999877929688,83.37999725341797,83.61000061035156,60.41679382324219,42968900
2020-09-22,83.70999908447266,83.94999694824219,83.5199966430664,83.9000015258789,60.62633514404297,41396800
2020-09-23,83.9800033569336,83.9800033569336,82.95999908447266,83.05000305175781,60.01214599609375,39577800
2020-09-24,82.87000274658203,83.33999633789062,82.55999755859375,83.0999984741211,60.04828643798828,38755800
2020-09-25,83.0,83.16000366210938,82.76000213623047,82.94999694824219,59.939857482910156,36032200
2020-09-28,83.37999725341797,83.62000274658203,83.19000244140625,83.48999786376953,60.330074310302734,20277000
2020-09-29,83.55999755859375,83.61000061035156,83.29000091552734,83.55999755859375,60.38066101074219,20243400
2020-09-30,83.55999755859375,84.02999877929688,83.55000305175781,83.9000015258789,60.62633514404297,28797600
2020-10-01,83.80999755859375,83.88999938964844,83.69000244140625,83.83000183105469,60.83462142944336,31098000
2020-10-02,83.27999877929688,83.87000274658203,83.27999877929688,83.83000183105469,60.83462142944336,26284300
2020-10-05,83.98999786376953,84.4800033569336,83.91999816894531,84.45999908447266,61.29180908203125,27394000
2020-10-06,84.4800033569336,84.75,84.22000122070312,84.2699966430664,61.153907775878906,37848500
2020-10-07,84.5199966430664,84.62999725341797,84.47000122070312,84.56999969482422,61.37162399291992,20968200
2020-10-08,84.83999633789062,84.8499984741211,84.63999938964844,84.76000213623047,61.509517669677734,18738800
2020-10-09,84.88999938964844,85.02999877929688,84.76000213623047,84.94999694824219,61.64735794067383,21287800
2020-10-12,85.22000122070312,85.47000122070312,85.12999725341797,85.37999725341797,61.95940399169922,10503400
2020-10-13,85.16000366210938,85.26000213623047,84.93000030517578,85.0,61.68366622924805,25183100
2020-10-14,84.95999908447266,85.0199966430664,84.72000122070312,84.79000091552734,61.531280517578125,31620600
2020-10-15,84.44999694824219,84.77999877929688,84.31999969482422,84.7300033569336,61.487709045410156,32232100
2020-10-16,84.86000061035156,84.94000244140625,84.5199966430664,84.62999725341797,61.415130615234375,27456900
2020-10-19,84.80000305175781,84.86000061035156,84.30000305175781,84.33000183105469,61.19746780395508,20998100
2020-10-20,84.4800033569336,84.7699966430664,84.47000122070312,84.62999725341797,61.415130615234375,27650700
2020-10-21,84.62000274658203,84.80000305175781,84.52999877929688,84.62000274658203,61.40793228149414,26901600
2020-10-22,84.61000061035156,84.83999633789062,84.44999694824219,84.7699966430664,61.51674270629883,28977800
2020-10-23,84.9000015258789,84.91999816894531,84.66999816894531,84.87000274658203,61.589317321777344,20734700
2020-10-26,84.55999755859375,84.62000274658203,84.08999633789062,84.12000274658203,61.04508972167969,50102400
2020-10-27,84.18000030517578,84.33999633789062,84.12000274658203,84.16000366210938,61.07408905029297,30880900
2020-10-28,83.61000061035156,83.72000122070312,83.30999755859375,83.45999908447266,60.56610107421875,45794300
2020-10-29,83.4000015258789,83.73999786376953,83.2699966430664,83.69999694824219,60.740257263183594,37112600
2020-10-30,83.62999725341797,83.91999816894531,83.43000030517578,83.87999725341797,60.87088394165039,36801700
2020-11-02,83.77999877929688,83.8499984741211,83.48999786376953,83.72000122070312,61.01593017578125,25665400
2020-11-03,83.88999938964844,84.44000244140625,83.88999938964844,84.44000244140625,61.540687561035156,39777600
2020-11-04,84.69000244140625,85.41000366210938,84.66000366210938,85.2300033569336,62.11646270751953,57673400
2020-11-05,85.63999938964844,85.87999725341797,85.41999816894531,85.52999877929688,62.3350830078125,55079000
2020-11-06,85.55999755859375,85.58000183105469,85.11000061035156,85.2300033569336,62.11646270751953,25953400
2020-11-09,86.87999725341797,86.9000015258789,85.83999633789062,85.87999725341797,62.59016418457031,59347100
2020-11-10,85.77999877929688,86.05999755859375,83.37999725341797,85.76000213623047,62.5026969909668,39295700
2020-11-11,85.91999816894531,85.93000030517578,85.62999725341797,85.7300033569336,62.48082733154297,14416200
2020-11-12,85.6500015258789,85.6500015258789,85.1500015258789,85.1500015258789,62.05812072753906,43300100
2020-11-13,85.25,85.52999877929688,85.23999786376953,85.44000244140625,62.26949691772461,20277100
2020-11-16,85.9000015258789,85.95999908447266,85.69000244140625,85.91999816894531,62.61931610107422,28350400
2020-11-17,85.77999877929688,86.11000061035156,85.72000122070312,85.94999694824219,62.64117431640625,23747100
2020-11-18,86.04000091552734,86.13999938964844,85.76000213623047,85.79000091552734,62.52456283569336,22098900
2020-11-19,85.70999908447266,86.13999938964844,85.6500015258789,86.08000183105469,62.73590850830078,21704200
2020-11-20,85.91999816894531,86.0199966430664,85.8499984741211,85.91999816894531,62.61931610107422,48530200
2020-11-23,86.13999938964844,86.20999908447266,85.95999908447266,86.05000305175781,62.71406555175781,23790600
2020-11-24,86.31999969482422,86.5199966430664,86.20999908447266,86.30999755859375,62.90354537963867,26080100
2020-11-25,86.30000305175781,86.41999816894531,86.19000244140625,86.2699966430664,62.874393463134766,26510900
2020-11-27,86.43000030517578,86.5,86.38999938964844,86.41000366210938,62.97643280029297,7338500
2020-11-30,86.43000030517578,86.43000030517578,86.1500015258789,86.31999969482422,62.910850524902344,24256900
2020-12-01,86.25,86.38999938964844,86.18000030517578,86.19999694824219,63.07252502441406,26256700
2020-12-02,86.22000122070312,86.55000305175781,86.1500015258789,86.44000244140625,63.248138427734375,23705000
2020-12-03,86.5199966430664,86.69999694824219,86.44000244140625,86.48999786376953,63.28473663330078,20748400
2020-12-04,86.66999816894531,86.9000015258789,86.5199966430664,86.8499984741211,63.54816436767578,19362000
2020-12-07,86.80000305175781,86.83999633789062,86.68000030517578,86.80999755859375,63.518882751464844,17811300
2020-12-08,86.7699966430664,86.8499984741211,86.69999694824219,86.73999786376953,63.4676628112793,21408300
2020-12-09,86.8499984741211,86.8499984741211,86.48999786376953,86.61000061035156,63.3725471496582,36608500
2020-12-10,86.4800033569336,86.87999725341797,86.45999908447266,86.7699966430664,63.48959732055664,24251500
2020-12-11,86.72000122070312,86.86000061035156,86.54000091552734,86.68000030517578,63.423763275146484,17699600
2020-12-14,86.83000183105469,86.87999725341797,86.5999984741211,86.69999694824219,63.438392639160156,20705200
2020-12-15,86.8499984741211,87.0,86.68000030517578,86.97000122070312,63.635955810546875,25052800
2020-12-16,86.94000244140625,86.97000122070312,86.5999984741211,86.83999633789062,63.54082489013672,42386700
2020-12-17,86.58999633789062,86.68000030517578,86.51000213623047,86.61000061035156,63.63562774658203,23911400
2020-12-18,86.6500015258789,86.72000122070312,86.55000305175781,86.68000030517578,63.68705368041992,26741200
2020-12-21,86.37999725341797,86.55000305175781,86.22000122070312,86.37000274658203,63.459293365478516,30308300
2020-12-22,86.43000030517578,86.54000091552734,86.3499984741211,86.4800033569336,63.54010009765625,21975100
2020-12-23,86.62000274658203,86.91000366210938,86.5999984741211,86.87000274658203,63.82661437988281,15913900
2020-12-24,86.94999694824219,87.05000305175781,86.94000244140625,87.05000305175781,63.958900451660156,7327300
2020-12-28,87.18000030517578,87.2300033569336,87.04000091552734,87.16000366210938,64.03972625732422,22575500
2020-12-29,87.30999755859375,87.30999755859375,87.04000091552734,87.05000305175781,63.958900451660156,22893000
2020-12-30,87.08000183105469,87.27999877929688,87.08000183105469,87.2300033569336,64.09115600585938,21080100
2020-12-31,87.20999908447266,87.33999633789062,87.16999816894531,87.30000305175781,64.14258575439453,12059900
2021-01-04,87.4000015258789,87.4000015258789,86.87000274658203,87.12000274658203,64.01033020019531,34528300
2021-01-05,87.0199966430664,87.25,86.9800033569336,87.1500015258789,64.03235626220703,33725500
2021-01-06,87.08999633789062,87.33999633789062,86.97000122070312,86.98999786376953,63.91483688354492,37148100
2021-01-07,87.18000030517578,87.37000274658203,87.12999725341797,87.23999786376953,64.09847259521484,25868200
2021-01-08,87.3499984741211,87.37999725341797,87.13999938964844,87.37000274658203,64.1939926147461,27403600
2021-01-11,87.0199966430664,87.16999816894531,86.88999938964844,86.9000015258789,63.84867477416992,26608000
2021-01-12,86.88999938964844,87.06999969482422,86.79000091552734,87.01000213623047,63.92951583862305,41746100
2021-01-13,86.9800033569336,87.30999755859375,86.94999694824219,87.2699966430664,64.12052917480469,47710300
2021-01-14,87.2699966430664,87.37999725341797,87.22000122070312,87.25,64.10582733154297,25484800
2021-01-15,87.13999938964844,87.2699966430664,87.05000305175781,87.11000061035156,64.00296783447266,48134800
2021-01-19,87.3499984741211,87.37999725341797,87.1500015258789,87.36000061035156,64.18668365478516,24270500
2021-01-20,87.62000274658203,87.62000274658203,87.37000274658203,87.5199966430664,64.3042221069336,24534700
2021-01-21,87.47000122070312,87.56999969482422,87.37999725341797,87.47000122070312,64.26747131347656,20451400
2021-01-22,87.27999877929688,87.38999938964844,87.18000030517578,87.30000305175781,64.14258575439453,26615900
2021-01-25,87.30000305175781,87.33999633789062,87.02999877929688,87.31999969482422,64.15728759765625,28718200
2021-01-26,87.29000091552734,87.33000183105469,87.18000030517578,87.19000244140625,64.06175994873047,39103500
2021-01-27,87.0199966430664,87.22000122070312,86.80999755859375,86.94000244140625,63.87809753417969,46378600
2021-01-28,87.16000366210938,87.48999786376953,87.13999938964844,87.19999694824219,64.069091796875,38836200
2021-01-29,87.12999725341797,87.37000274658203,86.88999938964844,86.97000122070312,63.900123596191406,46095900
2021-02-01,86.80999755859375,86.97000122070312,86.66000366210938,86.93000030517578,64.10514068603516,35620700
2021-02-02,87.1500015258789,87.26000213623047,87.08999633789062,87.13999938964844,64.25997161865234,29522300
2021-02-03,87.19999694824219,87.36000061035156,87.16999816894531,87.20999908447266,64.31160736083984,31911000
2021-02-04,87.3499984741211,87.47000122070312,87.30999755859375,87.38999938964844,64.44434356689453,21181100
2021-02-05,87.62999725341797,87.6500015258789,87.4800033569336,87.5199966430664,64.54016876220703,21653100
2021-02-08,87.58999633789062,87.77999877929688,87.55999755859375,87.77999877929688,64.73191833496094,16590100
2021-02-09,87.6500015258789,87.7300033569336,87.56999969482422,87.62000274658203,64.61393737792969,14404300
2021-02-10,87.62000274658203,87.68000030517578,87.47000122070312,87.5999984741211,64.5992202758789,20469400
2021-02-11,87.63999938964844,87.68000030517578,87.54000091552734,87.63999938964844,64.62871551513672,17047200
2021-02-12,87.55000305175781,87.79000091552734,87.55000305175781,87.77999877929688,64.73191833496094,17800100
2021-02-16,87.7300033569336,87.73999786376953,87.56999969482422,87.63999938964844,64.62871551513672,22264400
2021-02-17,87.45999908447266,87.61000061035156,87.43000030517578,87.61000061035156,64.60657501220703,20276700
2021-02-18,87.47000122070312,87.58999633789062,87.38999938964844,87.48999786376953,64.51808166503906,26366700
2021-02-19,87.62999725341797,87.62999725341797,87.4800033569336,87.5,64.52547454833984,28124800
2021-02-22,87.37000274658203,87.45999908447266,87.2300033569336,87.2300033569336,64.32637023925781,25455400
2021-02-23,87.19000244140625,87.51000213623047,87.01000213623047,87.44000244140625,64.48123168945312,29015900
2021-02-24,87.30999755859375,87.52999877929688,87.2300033569336,87.52999877929688,64.5475845336914,21791800
2021-02-25,87.33000183105469,87.41999816894531,86.5999984741211,86.69999694824219,63.935516357421875,59413400
2021-02-26,86.87999725341797,86.91999816894531,86.41000366210938,86.44000244140625,63.74378204345703,46615300
2021-03-01,86.66999816894531,87.16000366210938,86.55999755859375,87.0999984741211,64.4594497680664,48014200
2021-03-02,87.1500015258789,87.16000366210938,86.93000030517578,86.97000122070312,64.36322784423828,23988500
2021-03-03,86.83999633789062,86.91000366210938,86.66000366210938,86.69000244140625,64.15605163574219,30197000
2021-03-04,86.75,86.94999694824219,86.08000183105469,86.36000061035156,63.911781311035156,49020300
2021-03-05,86.48999786376953,86.72000122070312,86.08999633789062,86.62000274658203,64.10417175292969,46950100
2021-03-08,86.56999969482422,86.63999938964844,85.97000122070312,85.98999786376953,63.637943267822266,39868700
2021-03-09,86.22000122070312,86.44999694824219,86.08000183105469,86.11000061035156,63.726768493652344,31441100
2021-03-10,86.22000122070312,86.5,86.1500015258789,86.37999725341797,63.92656326293945,23776600
2021-03-11,86.58000183105469,86.86000061035156,86.58000183105469,86.69999694824219,64.16338348388672,27728500
2021-03-12,86.55999755859375,86.5999984741211,86.37000274658203,86.45999908447266,63.98577880859375,21842000
2021-03-15,86.4000015258789,86.55000305175781,86.30999755859375,86.47000122070312,63.99319076538086,14719400
2021-03-16,86.43000030517578,86.48999786376953,86.18000030517578,86.2699966430664,63.84516525268555,22931400
2021-03-17,86.0999984741211,86.6500015258789,86.04000091552734,86.38999938964844,63.933990478515625,28345800
2021-03-18,86.05999755859375,86.16999816894531,85.70999908447266,85.7300033569336,63.44550323486328,37150300
2021-03-19,85.86000061035156,86.1500015258789,85.6500015258789,86.05999755859375,63.68973922729492,47467800
2021-03-22,86.19999694824219,86.5199966430664,86.1500015258789,86.37000274658203,63.91917037963867,32979500
2021-03-23,86.3499984741211,86.5,86.25,86.45999908447266,63.98577880859375,24705800
2021-03-24,86.54000091552734,86.80000305175781,86.51000213623047,86.51000213623047,64.02278137207031,31374500
2021-03-25,86.44999694824219,86.66000366210938,86.36000061035156,86.66000366210938,64.1338119506836,24070300
2021-03-26,86.76000213623047,86.93000030517578,86.56999969482422,86.91999816894531,64.32623291015625,25948000
2021-03-29,86.86000061035156,87.0,86.69999694824219,86.97000122070312,64.36322784423828,17447500
2021-03-30,86.83000183105469,86.87999725341797,86.73999786376953,86.76000213623047,64.20780181884766,19622100
2021-03-31,86.86000061035156,87.20999908447266,86.8499984741211,87.18000030517578,64.51861572265625,41604700
2021-04-01,86.97000122070312,87.06999969482422,86.8499984741211,87.06999969482422,64.65525817871094,30806600
2021-04-05,87.08000183105469,87.18000030517578,87.04000091552734,87.11000061035156,64.68494415283203,20758300
2021-04-06,87.12999725341797,87.30000305175781,87.12999725341797,87.26000213623047,64.79634857177734,15367900
2021-04-07,87.27999877929688,87.31999969482422,87.16999816894531,87.2300033569336,64.77405548095703,15645400
2021-04-08,87.33000183105469,87.36000061035156,87.23999786376953,87.26000213623047,64.79634857177734,11052100
2021-04-09,87.1500015258789,87.20999908447266,87.0999984741211,87.19999694824219,64.75180053710938,17413100
2021-04-12,87.0999984741211,87.13999938964844,87.0199966430664,87.11000061035156,64.68494415283203,15464500
2021-04-13,87.01000213623047,87.19999694824219,86.91000366210938,87.16999816894531,64.72953796386719,20643500
2021-04-14,87.19000244140625,87.29000091552734,87.08999633789062,87.12999725341797,64.69979095458984,17992800
2021-04-15,87.33000183105469,87.4800033569336,87.2699966430664,87.4800033569336,64.95970153808594,20944400
2021-04-16,87.5,87.52999877929688,87.30000305175781,87.30000305175781,64.82603454589844,32509300
2021-04-19,87.19999694824219,87.29000091552734,87.12000274658203,87.16000366210938,64.7220687866211,23904900
2021-04-20,87.05999755859375,87.13999938964844,86.95999908447266,87.01000213623047,64.6106948852539,22901000
2021-04-21,86.97000122070312,87.30000305175781,86.95999908447266,87.30000305175781,64.82603454589844,19527000
2021-04-22,87.31999969482422,87.33000183105469,87.12000274658203,87.13999938964844,64.70722198486328,18506500
2021-04-23,87.19999694824219,87.44999694824219,87.19000244140625,87.37000274658203,64.87803649902344,14388700
2021-04-26,87.37999725341797,87.4800033569336,87.29000091552734,87.33000183105469,64.8482894897461,12746100
2021-04-27,87.37999725341797,87.37999725341797,87.20999908447266,87.20999908447266,64.75922393798828,17660600
2021-04-28,87.23999786376953,87.44999694824219,87.16999816894531,87.37999725341797,64.88545989990234,14795000
2021-04-29,87.55000305175781,87.55000305175781,87.3499984741211,87.4800033569336,64.95970153808594,17152900
2021-04-30,87.37000274658203,87.48999786376953,87.3499984741211,87.44000244140625,64.93002319335938,23367500
2021-05-03,87.2300033569336,87.33000183105469,87.16999816894531,87.18000030517578,64.9553451538086,15782400
2021-05-04,87.11000061035156,87.1500015258789,86.97000122070312,87.12999725341797,64.9180679321289,23089700
2021-05-05,87.19000244140625,87.31999969482422,87.16999816894531,87.30000305175781,65.04474639892578,13676300
2021-05-06,87.29000091552734,87.33999633789062,87.1500015258789,87.2699966430664,65.02239990234375,23110100
2021-05-07,87.3499984741211,87.41000366210938,87.2300033569336,87.33000183105469,65.06708526611328,17872700
2021-05-10,87.36000061035156,87.37999725341797,87.12999725341797,87.12999725341797,64.9180679321289,16580800
2021-05-11,86.9000015258789,87.08999633789062,86.80999755859375,87.04000091552734,64.85103607177734,28683600
2021-05-12,86.91999816894531,86.9800033569336,86.62000274658203,86.62000274658203,64.53809356689453,31630100
2021-05-13,86.7699966430664,87.0,86.76000213623047,86.93000030517578,64.76907348632812,28689600
2021-05-14,87.05000305175781,87.20999908447266,87.0199966430664,87.20999908447266,64.97769165039062,22550800
2021-05-17,87.19999694824219,87.20999908447266,86.98999786376953,87.05000305175781,64.85848999023438,13545000
2021-05-18,87.16999816894531,87.16999816894531,86.83000183105469,86.83999633789062,64.70201110839844,16447500
2021-05-19,86.5999984741211,86.83999633789062,86.56999969482422,86.61000061035156,64.5306396484375,34701000
2021-05-20,86.68000030517578,87.33999633789062,86.68000030517578,86.9800033569336,64.80634307861328,28013700
2021-05-21,87.08000183105469,87.12999725341797,86.91999816894531,87.11000061035156,64.90316009521484,36466200
2021-05-24,87.18000030517578,87.30999755859375,87.0999984741211,87.20999908447266,64.97769165039062,24277800
2021-05-25,87.26000213623047,87.27999877929688,87.13999938964844,87.22000122070312,64.98513793945312,15466600
2021-05-26,87.16000366210938,87.2699966430664,87.16000366210938,87.25,65.00749969482422,14354900
2021-05-27,87.37999725341797,87.37999725341797,87.19999694824219,87.20999908447266,64.97769165039062,12682100
2021-05-28,87.30000305175781,87.3499984741211,87.18000030517578,87.18000030517578,64.9553451538086,15464100
2021-06-01,87.05999755859375,87.16000366210938,87.0,87.1500015258789,65.1504135131836,22655300
2021-06-02,87.1500015258789,87.2699966430664,87.12000274658203,87.26000213623047,65.23269653320312,13698300
2021-06-03,87.02999877929688,87.2300033569336,86.98999786376953,87.08000183105469,65.09809875488281,16701800
2021-06-04,87.2300033569336,87.30999755859375,87.16999816894531,87.2699966430664,65.24015808105469,26829200
2021-06-07,87.29000091552734,87.3499984741211,87.26000213623047,87.30000305175781,65.2625961303711,9189800
2021-06-08,87.44000244140625,87.44000244140625,87.30999755859375,87.36000061035156,65.30743408203125,10983900
2021-06-09,87.47000122070312,87.48999786376953,87.4000015258789,87.43000030517578,65.35977935791016,13232200
2021-06-10,87.5,87.66000366210938,87.45999908447266,87.58999633789062,65.47940063476562,15290000
2021-06-11,87.6500015258789,87.69000244140625,87.55000305175781,87.62000274658203,65.50180053710938,12559600
2021-06-14,87.58999633789062,87.58999633789062,87.47000122070312,87.54000091552734,65.44197845458984,19408600
2021-06-15,87.4800033569336,87.56999969482422,87.44000244140625,87.52999877929688,65.4345474243164,16037000
2021-06-16,87.52999877929688,87.56999969482422,87.26000213623047,87.41000366210938,65.34483337402344,21267200
2021-06-17,87.45999908447266,87.5,87.37999725341797,87.47000122070312,65.3896713256836,21099000
2021-06-18,87.33999633789062,87.44999694824219,87.29000091552734,87.43000030517578,65.35977935791016,35134500
2021-06-21,87.5199966430664,87.5999984741211,87.44999694824219,87.5999984741211,65.48685455322266,21265000
2021-06-22,87.56999969482422,87.66000366210938,87.5199966430664,87.66000366210938,65.53170776367188,14604400
2021-06-23,87.62999725341797,87.75,87.56999969482422,87.56999969482422,65.46443176269531,16583100
2021-06-24,87.73999786376953,87.83999633789062,87.69999694824219,87.83999633789062,65.666259765625,12722300
2021-06-25,87.8499984741211,87.94999694824219,87.83000183105469,87.93000030517578,65.73355865478516,16175000
2021-06-28,87.97000122070312,87.97000122070312,87.86000061035156,87.91999816894531,65.72608184814453,16019300
2021-06-29,87.94000244140625,88.02999877929688,87.93000030517578,88.02999877929688,65.8083267211914,12728000
2021-06-30,87.97000122070312,88.06999969482422,87.95999908447266,88.04000091552734,65.81580352783203,26093500
2021-07-01,87.83000183105469,87.91999816894531,87.80999755859375,87.91999816894531,65.94483184814453,31932400
2021-07-02,87.95999908447266,88.06999969482422,87.91999816894531,88.05999755859375,66.04979705810547,11464800
2021-07-06,88.05999755859375,88.08000183105469,87.94000244140625,88.01000213623047,66.0123062133789,17784300
2021-07-07,88.08999633789062,88.0999984741211,87.93000030517578,88.04000091552734,66.0348129272461,11463700
2021-07-08,87.80999755859375,87.93000030517578,87.7699966430664,87.8499984741211,65.89231872558594,21936400
2021-07-09,87.87999725341797,88.0199966430664,87.87000274658203,88.0,66.00480651855469,17698100
2021-07-12,88.0,88.0199966430664,87.88999938964844,87.97000122070312,65.9822998046875,17546700
2021-07-13,87.91999816894531,87.95999908447266,87.69999694824219,87.70999908447266,65.78730773925781,26938600
2021-07-14,87.80999755859375,87.87999725341797,87.73999786376953,87.8499984741211,65.89231872558594,16100200
2021-07-15,87.7699966430664,87.81999969482422,87.72000122070312,87.79000091552734,65.84728240966797,16384800
2021-07-16,87.83999633789062,87.83999633789062,87.63999938964844,87.66999816894531,65.75726318359375,17820400
2021-07-19,87.45999908447266,87.48999786376953,86.9800033569336,87.08000183105469,65.31475067138672,54224700
2021-07-20,87.16000366210938,87.52999877929688,87.08000183105469,87.5199966430664,65.64478302001953,26941300
2021-07-21,87.58000183105469,87.76000213623047,87.55999755859375,87.7300033569336,65.80229187011719,18522600
2021-07-22,87.73999786376953,87.8499984741211,87.6500015258789,87.77999877929688,65.83976745605469,17110500
2021-07-23,87.87999725341797,87.98999786376953,87.83000183105469,87.94999694824219,65.96731567382812,19441000
2021-07-26,87.91999816894531,87.97000122070312,87.77999877929688,87.81999969482422,65.86981964111328,15282700
2021-07-27,87.69999694824219,87.7699966430664,87.55999755859375,87.69999694824219,65.77977752685547,19919000
2021-07-28,87.80000305175781,87.8499984741211,87.66999816894531,87.7699966430664,65.8322982788086,15129200
2021-07-29,87.83000183105469,88.0,87.83000183105469,87.95999908447266,65.97479248046875,18675000
2021-07-30,87.93000030517578,87.97000122070312,87.83999633789062,87.83999633789062,65.88479614257812,21062100
2021-08-02,87.66999816894531,87.69000244140625,87.33999633789062,87.33999633789062,65.72149658203125,27274400
2021-08-03,87.38999938964844,87.45999908447266,87.27999877929688,87.44000244140625,65.7967529296875,16058700
2021-08-04,87.37000274658203,87.41999816894531,87.27999877929688,87.27999877929688,65.67634582519531,17113300
2021-08-05,87.33000183105469,87.5199966430664,87.33000183105469,87.4800033569336,65.82682037353516,15465700
2021-08-06,87.43000030517578,87.5199966430664,87.37000274658203,87.37999725341797,65.7516098022461,12923200
2021-08-09,87.33999633789062,87.36000061035156,87.18000030517578,87.18000030517578,65.60110473632812,10788700
2021-08-10,87.19000244140625,87.19999694824219,86.97000122070312,86.9800033569336,65.45062255859375,31522900
2021-08-11,87.04000091552734,87.16000366210938,87.01000213623047,87.12000274658203,65.55594635009766,15834400
2021-08-12,87.12000274658203,87.29000091552734,87.08999633789062,87.2699966430664,65.6688461303711,14127800
2021-08-13,87.30000305175781,87.45999908447266,87.30000305175781,87.45999908447266,65.81181335449219,10016800
2021-08-16,87.44000244140625,87.48999786376953,87.3499984741211,87.48999786376953,65.83438873291016,12598100
2021-08-17,87.38999938964844,87.4000015258789,87.19999694824219,87.29000091552734,65.68387603759766,18468400
2021-08-18,87.30000305175781,87.38999938964844,87.08999633789062,87.08999633789062,65.53336334228516,12147600
2021-08-19,87.0,87.19999694824219,86.94999694824219,87.08000183105469,65.52584838867188,20026700
2021-08-20,87.0999984741211,87.33000183105469,87.08999633789062,87.29000091552734,65.68387603759766,16784100
2021-08-23,87.41000366210938,87.58999633789062,87.41000366210938,87.55999755859375,65.8870620727539,21933100
2021-08-24,87.58000183105469,87.69999694824219,87.55000305175781,87.68000030517578,65.97737121582031,20828100
2021-08-25,87.69999694824219,87.81999969482422,87.66000366210938,87.7699966430664,66.04507446289062,19085400
2021-08-26,87.76000213623047,87.7699966430664,87.58000183105469,87.72000122070312,66.00745391845703,17676100
2021-08-27,87.75,87.98999786376953,87.7300033569336,87.95999908447266,66.18804931640625,18519700
2021-08-30,87.9800033569336,88.0999984741211,87.95999908447266,88.06999969482422,66.27082061767578,11640000
2021-08-31,88.05999755859375,88.0999984741211,87.97000122070312,88.08999633789062,66.28587341308594,19163900
2021-09-01,87.83999633789062,87.9800033569336,87.81999969482422,87.88999938964844,66.34249114990234,22973500
2021-09-02,88.0,88.0199966430664,87.93000030517578,88.0,66.42547607421875,16521300
2021-09-03,87.95999908447266,88.04000091552734,87.88999938964844,88.01000213623047,66.43307495117188,6491000
2021-09-07,87.98999786376953,87.98999786376953,87.7699966430664,87.77999877929688,66.25942993164062,11728800
2021-09-08,87.79000091552734,87.91000366210938,87.70999908447266,87.87999725341797,66.33493041992188,13020900
2021-09-09,87.87000274658203,87.9800033569336,87.86000061035156,87.95999908447266,66.39532470703125,23024700
2021-09-10,88.08000183105469,88.08999633789062,87.81999969482422,87.83000183105469,66.2972183227539,16112600
2021-09-13,87.94999694824219,88.05999755859375,87.88999938964844,88.05000305175781,66.46321868896484,17136900
2021-09-14,88.08000183105469,88.12000274658203,87.97000122070312,88.01000213623047,66.43307495117188,20108000
2021-09-15,88.0199966430664,88.13999938964844,88.01000213623047,88.13999938964844,66.53118133544922,17069500
2021-09-16,88.11000061035156,88.13999938964844,87.94999694824219,88.11000061035156,66.508544921875,13859700
2021-09-17,88.08000183105469,88.08999633789062,87.97000122070312,88.0,66.42547607421875,38948500
2021-09-20,87.5999984741211,87.80999755859375,87.55000305175781,87.69000244140625,66.1915283203125,49641000
2021-09-21,87.83000183105469,87.87999725341797,87.68000030517578,87.83999633789062,66.3047103881836,27304200
2021-09-22,87.97000122070312,88.08000183105469,87.8499984741211,88.0,66.42547607421875,24344800
2021-09-23,88.05000305175781,88.16000366210938,87.95999908447266,88.04000091552734,66.45569610595703,27590300
2021-09-24,87.95999908447266,88.0199966430664,87.86000061035156,87.91000366210938,66.35758972167969,21713200
2021-09-27,87.76000213623047,87.88999938964844,87.7300033569336,87.83000183105469,66.2972183227539,17652900
2021-09-28,87.66000366210938,87.69999694824219,87.37999725341797,87.43000030517578,65.99525451660156,35515900
2021-09-29,87.52999877929688,87.70999908447266,87.51000213623047,87.58999633789062,66.11602783203125,19783400
2021-09-30,87.63999938964844,87.68000030517578,87.37999725341797,87.48999786376953,66.04056549072266,41680700
2021-10-01,87.3499984741211,87.4800033569336,87.13999938964844,87.41000366210938,66.19883728027344,30062800
2021-10-04,87.3499984741211,87.37999725341797,87.08000183105469,87.0999984741211,65.96405792236328,24726400
2021-10-05,87.19000244140625,87.22000122070312,87.02999877929688,87.05999755859375,65.93375396728516,22347700
2021-10-06,86.87000274658203,87.04000091552734,86.7699966430664,87.01000213623047,65.8958740234375,28905900
2021-10-07,87.12999725341797,87.30000305175781,86.95999908447266,87.0199966430664,65.90348052978516,29054000
2021-10-08,87.0,87.05000305175781,86.76000213623047,86.76000213623047,65.70655059814453,28064300
2021-10-11,86.76000213623047,86.80999755859375,86.48999786376953,86.48999786376953,65.50208282470703,16068400
2021-10-12,86.5999984741211,86.7699966430664,86.58000183105469,86.6500015258789,65.62326049804688,32922200
2021-10-13,86.69999694824219,86.87999725341797,86.55999755859375,86.87999725341797,65.79743957519531,29370400
2021-10-14,87.05000305175781,87.37999725341797,87.04000091552734,87.37000274658203,66.16851806640625,26937000
2021-10-15,87.38999938964844,87.38999938964844,87.16999816894531,87.22000122070312,66.0549087524414,29782900
2021-10-18,87.0199966430664,87.18000030517578,86.98999786376953,87.18000030517578,66.02465057373047,20338400
2021-10-19,87.18000030517578,87.25,87.12000274658203,87.23999786376953,66.07008361816406,26103300
2021-10-20,87.25,87.29000091552734,87.19000244140625,87.2699966430664,66.09278106689453,19720100
2021-10-21,87.25,87.29000091552734,86.98999786376953,87.05000305175781,65.92617797851562,19273600
2021-10-22,87.0199966430664,87.05999755859375,86.80000305175781,86.83999633789062,65.76715087890625,20734400
2021-10-25,86.94000244140625,87.08000183105469,86.7699966430664,86.98999786376953,65.8807373046875,20230000
2021-10-26,87.12000274658203,87.19999694824219,87.01000213623047,87.01000213623047,65.8958740234375,19617200
2021-10-27,87.0999984741211,87.12999725341797,86.93000030517578,86.94000244140625,65.84286499023438,18521300
2021-10-28,86.9800033569336,87.16000366210938,86.9800033569336,87.16000366210938,66.00951385498047,16374700
2021-10-29,87.0199966430664,87.05000305175781,86.93000030517578,86.93000030517578,65.83533477783203,26521600
2021-11-01,86.7300033569336,86.77999877929688,86.55000305175781,86.55999755859375,65.7646484375,29987000
2021-11-02,86.55999755859375,86.83999633789062,86.55999755859375,86.7699966430664,65.92422485351562,26441600
2021-11-03,86.70999908447266,86.95999908447266,86.69000244140625,86.94000244140625,66.0533447265625,22984200
2021-11-04,87.0199966430664,87.55999755859375,87.0,87.16999816894531,66.22810363769531,28989800
2021-11-05,87.30000305175781,87.5199966430664,87.25,87.5,66.47882080078125,27595000
2021-11-08,87.58999633789062,87.61000061035156,87.33999633789062,87.38999938964844,66.39525604248047,11957900
2021-11-09,87.38999938964844,87.45999908447266,87.27999877929688,87.45999908447266,66.44844055175781,13732600
2021-11-10,87.3499984741211,87.3499984741211,86.94000244140625,86.97000122070312,66.07618713378906,30438400
2021-11-11,87.02999877929688,87.04000091552734,86.81999969482422,86.81999969482422,65.96216583251953,10086100
2021-11-12,86.91999816894531,87.05000305175781,86.83999633789062,86.8499984741211,65.98497772216797,26392400
2021-11-15,86.91000366210938,86.91999816894531,86.7300033569336,86.75,65.90901184082031,17057100
2021-11-16,86.7699966430664,86.87000274658203,86.73999786376953,86.79000091552734,65.93939971923828,14302000
2021-11-17,86.81999969482422,86.83999633789062,86.69999694824219,86.69999694824219,65.87100219726562,17919200
2021-11-18,86.80999755859375,86.80999755859375,86.62999725341797,86.62999725341797,65.81783294677734,23421300
2021-11-19,86.62999725341797,86.7699966430664,86.55999755859375,86.55999755859375,65.7646484375,45282700
2021-11-22,86.63999938964844,86.66999816894531,86.22000122070312,86.2300033569336,65.5139389038086,26266000
2021-11-23,86.2300033569336,86.37000274658203,86.02999877929688,86.11000061035156,65.42274475097656,33967100
2021-11-24,86.0,86.11000061035156,85.76000213623047,86.08999633789062,65.40755462646484,31158800
2021-11-26,85.61000061035156,85.62000274658203,85.33999633789062,85.47000122070312,64.93650817871094,36123400
2021-11-29,85.80999755859375,86.12999725341797,85.76000213623047,86.0,65.33920288085938,31728900
2021-11-30,85.95999908447266,86.06999969482422,85.5199966430664,85.63999938964844,65.06566619873047,35465700
2021-12-01,85.7699966430664,85.94000244140625,85.31999969482422,85.37000274658203,65.07481384277344,41845200
2021-12-02,85.41999816894531,86.05999755859375,85.41000366210938,86.0,65.55504608154297,42383500
2021-12-03,86.05000305175781,86.0999984741211,85.83000183105469,86.0,65.55504608154297,47368800
2021-12-06,86.02999877929688,86.4800033569336,86.0,86.37999725341797,65.8447036743164,28211300
2021-12-07,86.70999908447266,87.06999969482422,86.63999938964844,86.83999633789062,66.1953125,42893500
2021-12-08,86.77999877929688,86.87000274658203,86.68000030517578,86.81999969482422,66.18010711669922,26598200
2021-12-09,86.80000305175781,86.80000305175781,86.43000030517578,86.43000030517578,65.88282012939453,24939100
2021-12-10,86.55999755859375,86.66000366210938,86.52999877929688,86.62999725341797,66.0352783203125,20247200
2021-12-13,86.62999725341797,86.70999908447266,86.55999755859375,86.62999725341797,66.0352783203125,17125800
2021-12-14,86.5,86.58999633789062,86.33000183105469,86.4800033569336,65.92094421386719,20310500
2021-12-15,86.47000122070312,86.83999633789062,86.33000183105469,86.80999755859375,66.17250061035156,31699000
2021-12-16,86.55000305175781,86.62999725341797,86.38999938964844,86.44999694824219,66.12355041503906,27374000
2021-12-17,86.36000061035156,86.51000213623047,86.20999908447266,86.37000274658203,66.06232452392578,27248200
2021-12-20,86.12999725341797,86.29000091552734,86.08999633789062,86.22000122070312,65.94762420654297,27560400
2021-12-21,86.33999633789062,86.69000244140625,86.33999633789062,86.68000030517578,66.2994384765625,24390500
2021-12-22,86.6500015258789,86.93000030517578,86.63999938964844,86.91000366210938,66.47537994384766,17433300
2021-12-23,86.95999908447266,87.20999908447266,86.94000244140625,87.16000366210938,66.66659545898438,15612100
2021-12-27,87.16999816894531,87.31999969482422,87.12999725341797,87.25,66.73543548583984,13396700
2021-12-28,87.22000122070312,87.23999786376953,87.08000183105469,87.20999908447266,66.70481872558594,17150700
2021-12-29,87.1500015258789,87.18000030517578,87.05000305175781,87.06999969482422,66.59774780273438,16760300
2021-12-30,87.0999984741211,87.0999984741211,86.98999786376953,87.02999877929688,66.56715393066406,12326100
2021-12-31,87.05999755859375,87.12000274658203,86.9800033569336,87.01000213623047,66.5518569946289,11505300
2022-01-03,86.91999816894531,86.97000122070312,86.76000213623047,86.97000122070312,66.52128601074219,35368400
2022-01-04,87.0,87.0,86.66999816894531,86.75,66.35298156738281,33609900
2022-01-05,86.73999786376953,86.77999877929688,86.08000183105469,86.08000183105469,65.84050750732422,44808500
2022-01-06,86.0999984741211,86.31999969482422,86.05000305175781,86.08999633789062,65.84815979003906,42823200
2022-01-07,86.08999633789062,86.0999984741211,85.86000061035156,85.87000274658203,65.67991638183594,34630100
2022-01-10,85.76000213623047,85.95999908447266,85.37000274658203,85.94000244140625,65.73344421386719,52621800
2022-01-11,85.98999786376953,86.33999633789062,85.75,86.33999633789062,66.0394058227539,32513100
2022-01-12,86.47000122070312,86.5199966430664,86.33999633789062,86.4800033569336,66.14649200439453,24621400
2022-01-13,86.45999908447266,86.5,86.13999938964844,86.16999816894531,65.90936279296875,31699700
2022-01-14,86.11000061035156,86.2300033569336,86.0,86.08999633789062,65.84815979003906,31046200
2022-01-18,85.83999633789062,85.8499984741211,85.61000061035156,85.66999816894531,65.52693176269531,46331500
2022-01-19,85.81999969482422,85.95999908447266,85.55999755859375,85.58999633789062,65.46575164794922,31390200
2022-01-20,85.75,85.97000122070312,85.41000366210938,85.43000030517578,65.3433609008789,38217700
2022-01-21,85.43000030517578,85.5999984741211,85.33000183105469,85.44000244140625,65.35099792480469,57098000
2022-01-24,85.19000244140625,85.41000366210938,84.7699966430664,85.3499984741211,65.28218078613281,79230800
2022-01-25,85.08999633789062,85.29000091552734,84.9000015258789,85.0999984741211,65.0909423828125,43642700
2022-01-26,85.47000122070312,85.87000274658203,84.69999694824219,84.80999755859375,64.869140625,63574900
2022-01-27,85.0199966430664,85.12000274658203,84.25,84.44000244140625,64.58612060546875,47351000
2022-01-28,84.25,84.69000244140625,83.94999694824219,84.68000030517578,64.76969146728516,51496700
2022-01-31,84.5,84.83000183105469,84.22000122070312,84.69999694824219,64.7850112915039,78932100
2022-02-01,84.6500015258789,84.77999877929688,84.37000274658203,84.7300033569336,65.0421371459961,42377300
2022-02-02,84.9000015258789,84.95999908447266,84.61000061035156,84.86000061035156,65.14195251464844,29261500
2022-02-03,84.47000122070312,84.54000091552734,84.08999633789062,84.0999984741211,64.55856323242188,44760800
2022-02-04,83.76000213623047,83.9000015258789,83.19999694824219,83.7699966430664,64.30522918701172,65508300
2022-02-07,83.54000091552734,83.86000061035156,83.41999816894531,83.70999908447266,64.2591781616211,37620700
2022-02-08,83.77999877929688,83.8499984741211,83.58000183105469,83.62000274658203,64.1900863647461,39549000
2022-02-09,83.94000244140625,84.12000274658203,83.94000244140625,84.05999755859375,64.52787780761719,37641800
2022-02-10,83.54000091552734,83.83000183105469,82.94000244140625,82.94999694824219,63.67576599121094,57751400
2022-02-11,83.2300033569336,83.25,82.44999694824219,82.66000366210938,63.453155517578125,58997100
2022-02-14,82.6500015258789,82.83000183105469,82.22000122070312,82.5199966430664,63.345703125,36550200
2022-02-15,82.73999786376953,82.80999755859375,82.55999755859375,82.66000366210938,63.453155517578125,32724800
2022-02-16,82.61000061035156,83.18000030517578,82.54000091552734,83.12000274658203,63.80625915527344,38996000
2022-02-17,82.97000122070312,82.97000122070312,82.70999908447266,82.7699966430664,63.5375862121582,30755200
2022-02-18,82.69000244140625,82.98999786376953,82.62000274658203,82.88999938964844,63.62968063354492,43848800
2022-02-22,82.83999633789062,83.05000305175781,82.58999633789062,82.69999694824219,63.483829498291016,37004300
2022-02-23,82.8499984741211,82.91000366210938,82.52999877929688,82.55000305175781,63.36869812011719,36545400
2022-02-24,81.91000366210938,83.18000030517578,81.83000183105469,83.13999938964844,63.82160568237305,56132500
2022-02-25,83.22000122070312,83.62999725341797,83.22000122070312,83.61000061035156,64.1823959350586,44118800
2022-02-28,83.22000122070312,83.87999725341797,83.22000122070312,83.66999816894531,64.22846984863281,54006400
2022-03-01,83.43000030517578,83.63999938964844,82.94999694824219,83.12999725341797,64.0489501953125,43268500
2022-03-02,83.08000183105469,83.36000061035156,82.94000244140625,83.33000183105469,64.20304107666016,41489200
2022-03-03,83.4800033569336,83.5,82.20999908447266,83.08000183105469,64.01042175292969,23594200
2022-03-04,82.94000244140625,82.94000244140625,82.4800033569336,82.54000091552734,63.59434509277344,32141100
2022-03-07,82.38999938964844,82.41000366210938,81.75,81.81999969482422,63.03963088989258,43675900
2022-03-08,81.87999725341797,82.08999633789062,81.5,81.52999877929688,62.816219329833984,57474500
2022-03-09,82.01000213623047,82.31999969482422,81.8499984741211,82.20999908447266,63.34010696411133,31143000
2022-03-10,81.76000213623047,81.87000274658203,81.41999816894531,81.5199966430664,62.808502197265625,46408900
2022-03-11,81.62999725341797,81.6500015258789,80.86000061035156,80.93000030517578,62.35392379760742,40097000
2022-03-14,80.8499984741211,80.87000274658203,79.87999725341797,79.97000122070312,61.614261627197266,61536700
2022-03-15,80.12999725341797,80.76000213623047,80.0999984741211,80.56999969482422,62.0765380859375,57385300
2022-03-16,80.95999908447266,81.73999786376953,80.55000305175781,81.69999694824219,62.94715881347656,66254800
2022-03-17,81.7699966430664,82.30000305175781,81.75,82.26000213623047,63.3786506652832,48573700
2022-03-18,82.0999984741211,82.54000091552734,81.94999694824219,82.52999877929688,63.586631774902344,59780500
2022-03-21,82.38999938964844,82.44999694824219,81.41999816894531,81.58000183105469,62.854705810546875,62364300
2022-03-22,81.66000366210938,82.06999969482422,81.5,82.0,63.17830276489258,40148600
2022-03-23,81.86000061035156,82.01000213623047,81.58999633789062,81.73999786376953,62.978004455566406,36294900
2022-03-24,81.7300033569336,81.94000244140625,81.5199966430664,81.91000366210938,63.10895919799805,18435800
2022-03-25,81.91999816894531,81.91999816894531,81.26000213623047,81.31999969482422,62.65436935424805,36497500
2022-03-28,81.27999877929688,81.8499984741211,81.26000213623047,81.83000183105469,63.04737091064453,26886100
2022-03-29,82.19999694824219,82.86000061035156,82.1500015258789,82.83999633789062,63.825496673583984,49781100
2022-03-30,82.62000274658203,82.69999694824219,82.38999938964844,82.58999633789062,63.63290023803711,43905200
2022-03-31,82.69000244140625,82.7300033569336,82.2699966430664,82.29000091552734,63.40176010131836,40717600
2022-04-01,81.83000183105469,82.02999877929688,81.6500015258789,81.94999694824219,63.3971061706543,31316100
2022-04-04,82.0199966430664,82.58000183105469,82.0,82.56999969482422,63.87676239013672,32710900
2022-04-05,82.38999938964844,82.47000122070312,81.47000122070312,81.5,63.048973083496094,51886400
2022-04-06,80.94000244140625,81.4000015258789,80.69000244140625,80.86000061035156,62.55389404296875,67118000
2022-04-07,80.94000244140625,81.04000091552734,80.72000122070312,80.7300033569336,62.45332336425781,42831400
2022-04-08,80.4800033569336,80.7300033569336,80.2300033569336,80.23999786376953,62.074249267578125,42177200
2022-04-11,79.9800033569336,80.06999969482422,79.58000183105469,79.69000244140625,61.64874267578125,42293400
2022-04-12,80.23999786376953,80.62000274658203,80.06999969482422,80.30000305175781,62.12065505981445,38031000
2022-04-13,80.44000244140625,80.87999725341797,80.37999725341797,80.77999877929688,62.491973876953125,31635500
2022-04-14,80.77999877929688,80.88999938964844,80.02999877929688,80.23999786376953,62.074249267578125,45130400
2022-04-18,80.16000366210938,80.36000061035156,80.0,80.11000061035156,61.97367477416992,20864100
2022-04-19,79.95999908447266,80.19000244140625,79.86000061035156,80.04000091552734,61.919532775878906,29920800
2022-04-20,80.27999877929688,80.44000244140625,80.16000366210938,80.29000091552734,62.112937927246094,25769700
2022-04-21,80.48999786376953,80.54000091552734,79.66999816894531,79.73999786376953,61.687461853027344,38695100
2022-04-22,79.63999938964844,79.66000366210938,79.16999816894531,79.26000213623047,61.31608581542969,28243000
2022-04-25,79.4000015258789,80.0,79.2699966430664,79.93000030517578,61.83442687988281,35914500
2022-04-26,79.9000015258789,79.9000015258789,79.44999694824219,79.45999908447266,61.47080993652344,31171600
2022-04-27,79.47000122070312,79.66999816894531,78.98999786376953,79.06999969482422,61.169124603271484,37598600
2022-04-28,79.23999786376953,79.62999725341797,78.94000244140625,79.51000213623047,61.509517669677734,30808800
2022-04-29,79.13999938964844,79.25,78.4800033569336,78.52999877929688,60.75135803222656,35697100
2022-05-02,78.16000366210938,78.30000305175781,77.83000183105469,78.2300033569336,60.75524139404297,38674400
2022-05-03,78.4000015258789,78.76000213623047,78.3499984741211,78.63999938964844,61.07366180419922,42665700
2022-05-04,78.6500015258789,79.6500015258789,78.08000183105469,79.44000244140625,61.69496154785156,55154900
2022-05-05,78.97000122070312,79.0199966430664,77.80999755859375,78.02999877929688,60.599945068359375,53807900
2022-05-06,77.62999725341797,78.0,77.41000366210938,77.58999633789062,60.25819778442383,39256900
2022-05-09,77.12999725341797,77.30999755859375,76.72000122070312,76.7699966430664,59.621395111083984,38442700
2022-05-10,77.38999938964844,77.52999877929688,76.83999633789062,77.20999908447266,59.96308135986328,48419700
2022-05-11,77.0,77.48999786376953,76.73999786376953,76.75,59.605865478515625,42473500
2022-05-12,76.66000366210938,76.9800033569336,76.4000015258789,76.72000122070312,59.58254623413086,49069700
2022-05-13,76.9800033569336,77.05999755859375,76.43000030517578,76.80999755859375,59.65245819091797,49084400
2022-05-16,76.83999633789062,76.95999908447266,76.56999969482422,76.69999694824219,59.56703186035156,33300100
2022-05-17,76.86000061035156,76.87000274658203,76.44000244140625,76.62999725341797,59.51263427734375,41666500
2022-05-18,76.20999908447266,76.25,75.91000366210938,76.0,59.02336883544922,47647800
2022-05-19,75.94999694824219,76.66999816894531,75.87000274658203,76.51000213623047,59.419471740722656,53929100
2022-05-20,76.77999877929688,76.80000305175781,76.2300033569336,76.45999908447266,59.380653381347656,56691000
2022-05-23,76.63999938964844,76.86000061035156,76.58000183105469,76.76000213623047,59.61360549926758,29917100
2022-05-24,76.58000183105469,77.26000213623047,76.55000305175781,77.22000122070312,59.970855712890625,42246500
2022-05-25,77.30999755859375,78.44000244140625,77.2699966430664,78.38999938964844,60.8795051574707,56661500
2022-05-26,78.68000030517578,79.5199966430664,78.47000122070312,79.4800033569336,61.726043701171875,64773400
2022-05-27,79.80000305175781,80.19000244140625,79.61000061035156,80.19000244140625,62.2774543762207,52813100
2022-05-31,79.73999786376953,79.86000061035156,79.31999969482422,79.5,61.741580963134766,68424700
2022-06-01,79.2300033569336,79.44999694824219,78.75,78.9000015258789,61.513118743896484,87646100
2022-06-02,78.91999816894531,79.23999786376953,78.69000244140625,79.2300033569336,61.770408630371094,34752500
2022-06-03,78.87000274658203,78.87000274658203,78.5199966430664,78.63999938964844,61.31041717529297,36008000
2022-06-06,78.77999877929688,78.80000305175781,77.95999908447266,78.05000305175781,60.85045623779297,35756100
2022-06-07,77.79000091552734,78.31999969482422,77.7300033569336,78.2300033569336,60.99076843261719,31499900
2022-06-08,78.04000091552734,78.06999969482422,77.45999908447266,77.55999755859375,60.46842575073242,25361600
2022-06-09,77.26000213623047,77.51000213623047,76.79000091552734,76.94000244140625,59.985069274902344,49468700
2022-06-10,76.19999694824219,76.22000122070312,75.27999877929688,75.62999725341797,58.963714599609375,59907000
2022-06-13,74.25,74.30999755859375,72.88999938964844,73.0999984741211,56.99127960205078,122714600
2022-06-14,73.44999694824219,74.2300033569336,73.05000305175781,73.58000183105469,57.36549758911133,62818600
2022-06-15,74.19999694824219,75.38999938964844,74.04000091552734,75.01000213623047,58.48036575317383,70628200
2022-06-16,73.9000015258789,74.1500015258789,73.22000122070312,73.81999969482422,57.55259323120117,61583400
2022-06-17,73.98999786376953,74.56999969482422,73.80999755859375,74.05000305175781,57.7319221496582,49281000
2022-06-21,74.5,74.66999816894531,73.93000030517578,74.0,57.69290542602539,45924600
2022-06-22,73.87000274658203,74.25,73.80999755859375,73.9800033569336,57.67732620239258,38204800
2022-06-23,74.19000244140625,74.58000183105469,74.08000183105469,74.51000213623047,58.09054946899414,30961800
2022-06-24,74.75,75.36000061035156,74.58999633789062,75.04000091552734,58.50373840332031,38198600
2022-06-27,75.0999984741211,75.0999984741211,74.58000183105469,74.58000183105469,58.14512634277344,25658200
2022-06-28,74.69000244140625,74.79000091552734,73.75,73.76000213623047,57.50580978393555,39303800
2022-06-29,73.72000122070312,73.79000091552734,73.43000030517578,73.6500015258789,57.42006301879883,36806800
2022-06-30,73.33000183105469,73.83000183105469,73.05999755859375,73.61000061035156,57.388858795166016,45139900
2022-07-01,73.5,74.2300033569336,73.44999694824219,73.9800033569336,57.93628692626953,38849300
2022-07-05,73.51000213623047,73.9800033569336,73.02999877929688,73.91000366210938,57.88144302368164,38316200
2022-07-06,73.79000091552734,74.0,73.5199966430664,73.62999725341797,57.66217041015625,44706000
2022-07-07,74.08999633789062,74.87999725341797,74.02999877929688,74.83000183105469,58.60195541381836,44430400
2022-07-08,74.55999755859375,74.95999908447266,74.36000061035156,74.88999938964844,58.64891815185547,31230300
2022-07-11,74.80000305175781,74.91999816894531,74.44999694824219,74.47000122070312,58.32001876831055,28213700
2022-07-12,74.55999755859375,74.9000015258789,74.5,74.7699966430664,58.554962158203125,24036500
2022-07-13,74.0,74.91999816894531,73.91999816894531,74.69000244140625,58.4923210144043,46874900
2022-07-14,74.08000183105469,74.62999725341797,73.61000061035156,74.55000305175781,58.38267517089844,53953100
2022-07-15,74.7699966430664,75.5,74.76000213623047,75.5,59.12663650512695,48360800
2022-07-18,75.69000244140625,75.72000122070312,74.69000244140625,74.7699966430664,58.554962158203125,33302800
2022-07-19,75.04000091552734,75.94000244140625,75.04000091552734,75.76000213623047,59.330257415771484,31028200
2022-07-20,76.05999755859375,76.62000274658203,75.87999725341797,76.08999633789062,59.58869934082031,82881900
2022-07-21,76.0199966430664,77.05999755859375,75.93000030517578,76.98999786376953,60.29353332519531,52282000
2022-07-22,77.11000061035156,77.54000091552734,76.6500015258789,76.88999938964844,60.21519470214844,51055800
2022-07-25,76.94999694824219,77.08999633789062,76.6500015258789,76.87000274658203,60.19954299926758,26032000
2022-07-26,76.62000274658203,76.70999908447266,76.27999877929688,76.33000183105469,59.776641845703125,24151200
2022-07-27,76.66999816894531,77.47000122070312,76.66999816894531,77.16999816894531,60.43446731567383,35075700
2022-07-28,77.54000091552734,78.0199966430664,77.2300033569336,77.95999908447266,61.05317306518555,42335900
2022-07-29,77.95999908447266,78.3499984741211,77.75,78.19000244140625,61.233299255371094,33606800
2022-08-01,77.63999938964844,78.08000183105469,77.51000213623047,77.91000366210938,61.25214767456055,31595600
2022-08-02,77.7699966430664,77.86000061035156,77.5,77.55000305175781,60.9691162109375,40604400
2022-08-03,77.77999877929688,78.25,77.56999969482422,78.2300033569336,61.50371170043945,35660900
2022-08-04,78.33999633789062,78.44999694824219,78.11000061035156,78.44000244140625,61.66885757446289,24386400
2022-08-05,77.5,78.11000061035156,77.38999938964844,78.04000091552734,61.35435104370117,31006700
2022-08-08,78.33999633789062,78.6500015258789,78.05000305175781,78.11000061035156,61.40939712524414,19465600
2022-08-09,77.93000030517578,77.95999908447266,77.5,77.52999877929688,60.953392028808594,24675700
2022-08-10,78.5199966430664,78.7699966430664,78.38999938964844,78.69000244140625,61.865379333496094,38121800
2022-08-11,79.19999694824219,79.31999969482422,78.12999725341797,78.23999786376953,61.51158142089844,37778700
2022-08-12,78.5199966430664,78.97000122070312,78.29000091552734,78.94000244140625,62.06191635131836,16912300
2022-08-15,78.81999969482422,79.0,78.6500015258789,78.80000305175781,61.951873779296875,18441100
2022-08-16,78.7300033569336,78.7300033569336,78.26000213623047,78.43000030517578,61.66095733642578,22963200
2022-08-17,77.87999725341797,78.04000091552734,77.58999633789062,77.62000274658203,61.024147033691406,28774600
2022-08-18,77.80999755859375,77.87999725341797,77.66000366210938,77.73999786376953,61.118499755859375,19089300
2022-08-19,77.33000183105469,77.37000274658203,76.77999877929688,76.94999694824219,60.49739074707031,45428900
2022-08-22,76.36000061035156,76.4000015258789,76.01000213623047,76.08000183105469,59.81342315673828,42014200
2022-08-23,76.0999984741211,76.4000015258789,75.83000183105469,76.2699966430664,59.9627799987793,33240000
2022-08-24,76.23999786376953,76.5,76.16000366210938,76.36000061035156,60.0335578918457,16917400
2022-08-25,76.58000183105469,77.13999938964844,76.44999694824219,77.08000183105469,60.59962463378906,20080000
2022-08-26,77.12000274658203,77.12000274658203,75.73999786376953,75.80999755859375,59.60115432739258,34460600
2022-08-29,75.3499984741211,75.7699966430664,75.26000213623047,75.5199966430664,59.37316131591797,28020200
2022-08-30,75.5999984741211,75.66000366210938,74.69999694824219,74.94000244140625,58.91716003417969,66233900
2022-08-31,74.97000122070312,75.12000274658203,74.51000213623047,74.52999877929688,58.59479904174805,39161800
2022-09-01,73.94999694824219,74.41000366210938,73.61000061035156,74.36000061035156,58.74967956542969,38499700
2022-09-02,75.0,75.06999969482422,74.2300033569336,74.30999755859375,58.710174560546875,22364500
2022-09-06,74.30999755859375,74.38999938964844,73.8499984741211,74.11000061035156,58.55215072631836,28820900
2022-09-07,74.20999908447266,75.19000244140625,74.19000244140625,75.18000030517578,59.397518157958984,26853200
2022-09-08,74.9000015258789,75.55000305175781,74.77999877929688,75.51000213623047,59.65827178955078,26928000
2022-09-09,75.87999725341797,76.16999816894531,75.62999725341797,75.80999755859375,59.8952751159668,29526800
2022-09-12,76.08000183105469,76.2300033569336,75.7699966430664,76.04000091552734,60.07699203491211,30276100
2022-09-13,74.9800033569336,75.16999816894531,74.27999877929688,74.30999755859375,58.710174560546875,47111300
2022-09-14,74.36000061035156,74.91000366210938,74.30999755859375,74.41999816894531,58.797088623046875,29672400
2022-09-15,74.29000091552734,74.44000244140625,73.91000366210938,73.94999694824219,58.42575454711914,46282300
2022-09-16,73.5,74.19999694824219,73.37000274658203,74.19999694824219,58.62327194213867,56479900
2022-09-19,73.91000366210938,74.48999786376953,73.83999633789062,74.4800033569336,58.844478607177734,26891900
2022-09-20,74.0199966430664,74.06999969482422,73.66999816894531,73.72000122070312,58.2440185546875,32769500
2022-09-21,73.9000015258789,74.23999786376953,73.16000366210938,73.5,58.070194244384766,37851300
2022-09-22,73.25,73.38999938964844,72.80000305175781,73.05999755859375,57.72257614135742,48278100
2022-09-23,72.55999755859375,72.7300033569336,71.87999725341797,72.12999725341797,56.98782730102539,53312000
2022-09-26,71.91999816894531,72.18000030517578,71.26000213623047,71.27999877929688,56.31625747680664,42287400
2022-09-27,71.88999938964844,71.91999816894531,70.9000015258789,71.12999725341797,56.197750091552734,45295500
2022-09-28,71.66999816894531,72.48999786376953,71.44000244140625,72.4000015258789,57.20112609863281,48935800
2022-09-29,71.93000030517578,71.97000122070312,71.31999969482422,71.72000122070312,56.66388702392578,38068800
2022-09-30,71.7300033569336,72.27999877929688,71.37999725341797,71.38999938964844,56.40315246582031,42928700
2022-10-03,71.5999984741211,72.12999725341797,71.45999908447266,71.97000122070312,57.142337799072266,48967900
2022-10-04,72.9000015258789,73.52999877929688,72.7699966430664,73.5199966430664,58.373016357421875,45901300
2022-10-05,72.91999816894531,73.4000015258789,72.61000061035156,73.2300033569336,58.14277648925781,47833500
2022-10-06,73.1500015258789,73.45999908447266,72.9000015258789,73.01000213623047,57.96808624267578,37196000
2022-10-07,72.56999969482422,72.7699966430664,72.0999984741211,72.12000274658203,57.261444091796875,33983000
2022-10-10,72.06999969482422,72.11000061035156,70.91999816894531,71.23999786376953,56.562744140625,37759700
2022-10-11,71.37999725341797,72.0199966430664,71.29000091552734,71.45999908447266,56.737430572509766,46344600
2022-10-12,71.41000366210938,71.8499984741211,71.41000366210938,71.58000183105469,56.832725524902344,32784800
2022-10-13,70.47000122070312,71.91000366210938,70.4000015258789,71.73999786376953,56.959739685058594,48832500
2022-10-14,72.19000244140625,72.37000274658203,71.33000183105469,71.51000213623047,56.77711868286133,37152100
2022-10-17,72.1500015258789,72.5999984741211,72.13999938964844,72.38999938964844,57.47581481933594,33820000
2022-10-18,73.12999725341797,73.30999755859375,72.58000183105469,72.9000015258789,57.88075256347656,37648400
2022-10-19,72.4000015258789,72.63999938964844,71.9800033569336,72.19999694824219,57.32498550415039,33194000
2022-10-20,72.20999908447266,72.75,71.7300033569336,71.80000305175781,57.00737762451172,47281100
2022-10-21,71.58999633789062,72.58000183105469,71.55999755859375,72.48999786376953,57.555198669433594,60211200
2022-10-24,72.55999755859375,72.7300033569336,72.16000366210938,72.54000091552734,57.594913482666016,29551200
2022-10-25,72.72000122070312,73.25,72.69999694824219,73.23999786376953,58.15070343017578,37459200
2022-10-26,73.05999755859375,73.70999908447266,72.94999694824219,73.44000244140625,58.30949783325195,50552100
2022-10-27,73.62000274658203,74.13999938964844,73.36000061035156,73.9800033569336,58.738243103027344,49481500
2022-10-28,74.25,74.69000244140625,74.12000274658203,74.55000305175781,59.190826416015625,123446800
2022-10-31,74.16999816894531,74.18000030517578,73.41999816894531,73.43000030517578,58.301551818847656,60269700
2022-11-01,73.94000244140625,73.94999694824219,73.20999908447266,73.58999633789062,58.652244567871094,39586700
2022-11-02,73.55999755859375,74.29000091552734,72.87999725341797,72.91999816894531,58.11824035644531,50659500
2022-11-03,72.16999816894531,72.63999938964844,71.88999938964844,72.4000015258789,57.70380401611328,37507100
2022-11-04,72.87000274658203,73.20999908447266,72.4000015258789,72.9000015258789,58.10230255126953,39849100
2022-11-07,73.05000305175781,73.11000061035156,72.68000030517578,72.88999938964844,58.09434509277344,24913000
2022-11-08,72.94999694824219,73.06999969482422,72.58999633789062,72.81999969482422,58.03853225708008,39489200
2022-11-09,72.5999984741211,72.73999786376953,71.81999969482422,71.94999694824219,57.345149993896484,45728900
2022-11-10,73.9800033569336,74.2699966430664,73.45999908447266,74.19000244140625,59.13046646118164,67165700
2022-11-11,74.22000122070312,74.69000244140625,73.93000030517578,74.44999694824219,59.33767318725586,20934800
2022-11-14,74.25,74.29000091552734,73.87000274658203,73.9000015258789,58.89931869506836,37932800
2022-11-15,74.63999938964844,74.69999694824219,74.06999969482422,74.55000305175781,59.417362213134766,50673700
2022-11-16,74.48999786376953,74.56999969482422,74.30999755859375,74.38999938964844,59.28984069824219,31124900
2022-11-17,73.80999755859375,74.16999816894531,73.7300033569336,74.06999969482422,59.03480529785156,34338000
2022-11-18,74.45999908447266,74.45999908447266,74.0199966430664,74.2300033569336,59.1623420715332,31663800
2022-11-21,74.1500015258789,74.3499984741211,74.0199966430664,74.19999694824219,59.1384162902832,19070500
2022-11-22,74.33999633789062,74.79000091552734,74.26000213623047,74.73999786376953,59.56879425048828,24572500
2022-11-23,74.68000030517578,75.30000305175781,74.66000366210938,75.16000366210938,59.903568267822266,30316300
2022-11-25,75.1500015258789,75.18000030517578,74.9000015258789,75.01000213623047,59.784027099609375,9465900
2022-11-28,74.80000305175781,74.93000030517578,74.19000244140625,74.22000122070312,59.15433120727539,31668900
2022-11-29,74.22000122070312,74.5999984741211,74.08000183105469,74.54000091552734,59.40941619873047,27162300
2022-11-30,74.5999984741211,75.69000244140625,74.38999938964844,75.66000366210938,60.302059173583984,41702100
2022-12-01,75.56999969482422,75.66000366210938,75.18000030517578,75.62000274658203,60.525352478027344,42134200
2022-12-02,74.98999786376953,75.58999633789062,74.98999786376953,75.55999755859375,60.47732925415039,27535800
2022-12-05,75.27999877929688,75.30000305175781,74.69000244140625,74.83999633789062,59.90105056762695,29736500
2022-12-06,74.87000274658203,75.0,74.43000030517578,74.56999969482422,59.68496322631836,24976800
2022-12-07,74.55000305175781,75.06999969482422,74.55000305175781,74.9800033569336,60.01311111450195,24614200
2022-12-08,75.06999969482422,75.13999938964844,74.80000305175781,75.04000091552734,60.06114959716797,23839500
2022-12-09,74.81999969482422,75.31999969482422,74.81999969482422,75.04000091552734,60.06114959716797,20687300
2022-12-12,75.22000122070312,75.4000015258789,75.0999984741211,75.33000183105469,60.29325866699219,22415700
2022-12-13,76.61000061035156,76.69999694824219,75.69000244140625,76.11000061035156,60.91756820678711,45923300
2022-12-14,76.01000213623047,76.20999908447266,75.22000122070312,75.68000030517578,60.57339859008789,57177300
2022-12-15,74.91000366210938,75.11000061035156,74.62999725341797,75.0,60.34488296508789,41666500
2022-12-16,74.56999969482422,74.80999755859375,74.41000366210938,74.5999984741211,60.023040771484375,38197100
2022-12-19,74.30999755859375,74.45999908447266,74.05999755859375,74.22000122070312,59.71730041503906,24135100
2022-12-20,73.8499984741211,74.19000244140625,73.69000244140625,74.02999877929688,59.564395904541016,32917800
2022-12-21,74.4000015258789,74.80000305175781,74.33999633789062,74.66000366210938,60.07132339477539,23211500
2022-12-22,74.37000274658203,74.48999786376953,73.91999816894531,74.19999694824219,59.701202392578125,26893700
2022-12-23,74.08000183105469,74.44999694824219,73.94999694824219,74.38999938964844,59.85408401489258,13196500
2022-12-27,74.31999969482422,74.37000274658203,73.58000183105469,73.62000274658203,59.234535217285156,22108000
2022-12-28,73.73999786376953,73.83000183105469,72.58999633789062,72.62999725341797,58.43798828125,41064800
2022-12-29,72.91999816894531,73.62000274658203,72.75,73.56999969482422,59.194305419921875,33378900
2022-12-30,73.31999969482422,73.66999816894531,73.27999877929688,73.62999725341797,59.24258804321289,15170300
2023-01-03,74.11000061035156,74.19000244140625,73.66000366210938,73.7699966430664,59.35521697998047,28787700
2023-01-04,74.26000213623047,74.66000366210938,73.98999786376953,74.62000274658203,60.03913879394531,37120100
2023-01-05,74.36000061035156,74.54000091552734,74.18000030517578,74.47000122070312,59.918453216552734,35142000
2023-01-06,74.87000274658203,75.77999877929688,74.69999694824219,75.52999877929688,60.77134323120117,60041200
2023-01-09,75.75,75.95999908447266,75.63999938964844,75.80000305175781,60.98856735229492,35806900
2023-01-10,75.76000213623047,75.87000274658203,75.52999877929688,75.70999908447266,60.91615295410156,35695500
2023-01-11,76.0,76.25,75.8499984741211,76.20999908447266,61.31844711303711,31826700
2023-01-12,76.4000015258789,76.69999694824219,76.05000305175781,76.63999938964844,61.66443634033203,29404900
2023-01-13,76.26000213623047,76.7699966430664,76.22000122070312,76.63999938964844,61.66443634033203,26301500
2023-01-17,76.5199966430664,76.55000305175781,76.29000091552734,76.37999725341797,61.45522689819336,30961200
2023-01-18,76.8499984741211,77.08000183105469,76.44999694824219,76.47000122070312,61.52764892578125,52989700
2023-01-19,76.20999908447266,76.33000183105469,75.94999694824219,76.0199966430664,61.16557693481445,50070900
2023-01-20,76.0,76.16999816894531,75.7300033569336,76.16999816894531,61.2862434387207,36625400
2023-01-23,76.0999984741211,76.37000274658203,75.97000122070312,76.16000366210938,61.27823257446289,26764800
2023-01-24,76.01000213623047,76.25,75.87999725341797,76.20999908447266,61.31844711303711,27774500
2023-01-25,75.95999908447266,76.27999877929688,75.87999725341797,76.19999694824219,61.31040573120117,25857700
2023-01-26,76.36000061035156,76.47000122070312,76.08999633789062,76.38999938964844,61.46328353881836,25512400
2023-01-27,76.2699966430664,76.37000274658203,76.05000305175781,76.16000366210938,61.27823257446289,35813400
2023-01-30,75.87999725341797,76.02999877929688,75.72000122070312,75.73999786376953,60.940284729003906,32002000
2023-01-31,75.94000244140625,76.36000061035156,75.91999816894531,76.33000183105469,61.41499328613281,41006600
2023-02-01,75.9800033569336,76.9800033569336,75.77999877929688,76.76000213623047,62.060184478759766,46900900
2023-02-02,77.31999969482422,77.33999633789062,77.06999969482422,77.19999694824219,62.41590881347656,56399900
2023-02-03,76.5999984741211,76.86000061035156,76.33000183105469,76.38999938964844,61.76105499267578,39682300
2023-02-06,76.05999755859375,76.0999984741211,75.79000091552734,75.9000015258789,61.364864349365234,40944200
2023-02-07,75.83000183105469,76.36000061035156,75.77999877929688,76.16999816894531,61.58315658569336,37101300
2023-02-08,76.05999755859375,76.16000366210938,75.69000244140625,75.8499984741211,61.324466705322266,34066600
2023-02-09,76.11000061035156,76.11000061035156,75.29000091552734,75.36000061035156,60.928287506103516,42581900
2023-02-10,75.02999877929688,75.25,74.69000244140625,74.77999877929688,60.459354400634766,65905000
2023-02-13,74.83000183105469,75.22000122070312,74.75,74.97000122070312,60.612972259521484,38741300
2023-02-14,74.83000183105469,75.19000244140625,74.51000213623047,74.98999786376953,60.629154205322266,54193600
2023-02-15,74.72000122070312,74.87999725341797,74.58000183105469,74.87000274658203,60.532127380371094,44897600
2023-02-16,74.54000091552734,74.58999633789062,74.2300033569336,74.2699966430664,60.047027587890625,89945400
2023-02-17,74.1500015258789,74.68000030517578,73.87000274658203,74.55999755859375,60.28148651123047,75910300
2023-02-21,73.8499984741211,74.02999877929688,73.11000061035156,73.41000366210938,59.351722717285156,98782400
2023-02-22,73.5999984741211,74.19000244140625,73.5999984741211,73.88999938964844,59.73981475830078,70093300
2023-02-23,74.2300033569336,74.7300033569336,74.12999725341797,74.62000274658203,60.33000946044922,47908100
2023-02-24,74.0,74.31999969482422,73.91999816894531,74.16999816894531,59.96616744995117,47576500
2023-02-27,74.5199966430664,74.7699966430664,74.37999725341797,74.66999816894531,60.37044143676758,40292000
2023-02-28,74.63999938964844,74.63999938964844,74.41999816894531,74.52999877929688,60.25725173950195,32999000
2023-03-01,74.08000183105469,74.0999984741211,73.69000244140625,73.87000274658203,60.0864143371582,45341400
2023-03-02,73.4800033569336,74.05000305175781,73.4800033569336,73.95999908447266,60.159629821777344,37886100
2023-03-03,74.29000091552734,74.80999755859375,74.16999816894531,74.72000122070312,60.77781677246094,50123300
2023-03-06,74.88999938964844,74.98999786376953,74.66000366210938,74.72000122070312,60.77781677246094,33430800
2023-03-07,74.7300033569336,74.7699966430664,74.18000030517578,74.19000244140625,60.346736907958984,40222100
2023-03-08,74.23999786376953,74.36000061035156,73.69000244140625,73.83999633789062,60.062015533447266,54303900
2023-03-09,73.91000366210938,74.22000122070312,73.3499984741211,73.43000030517578,59.72853088378906,52669500
2023-03-10,73.4800033569336,73.94999694824219,73.16999816894531,73.44000244140625,59.73665237426758,81516000
2023-03-13,73.19000244140625,73.9800033569336,72.83000183105469,73.04000091552734,59.41127395629883,78478100
2023-03-14,73.69000244140625,73.91000366210938,73.2699966430664,73.56999969482422,59.84239959716797,66395600
2023-03-15,72.80999755859375,73.4000015258789,72.61000061035156,73.33000183105469,59.64716339111328,81454700
2023-03-16,73.12999725341797,73.94999694824219,73.0199966430664,73.80999755859375,60.037601470947266,63386700
2023-03-17,73.44000244140625,73.77999877929688,73.23999786376953,73.37000274658203,59.67973709106445,55132200
2023-03-20,73.2300033569336,73.55999755859375,73.06999969482422,73.16999816894531,59.517024993896484,38540800
2023-03-21,73.6500015258789,74.08000183105469,73.5,73.97000122070312,60.16775894165039,38203400
2023-03-22,73.9800033569336,74.79000091552734,73.70999908447266,74.04000091552734,60.224693298339844,55263500
2023-03-23,74.02999877929688,74.37000274658203,73.5199966430664,73.75,59.98880386352539,54660900
2023-03-24,73.44999694824219,73.69000244140625,73.38999938964844,73.5999984741211,59.86679458618164,44225600
2023-03-27,73.75,73.86000061035156,73.41999816894531,73.41999816894531,59.72038269042969,30905100
2023-03-28,73.27999877929688,73.47000122070312,73.13999938964844,73.37999725341797,59.687862396240234,38277200
2023-03-29,73.6500015258789,74.30999755859375,73.6500015258789,74.30000305175781,60.43618392944336,44457300
2023-03-30,74.47000122070312,74.75,74.2699966430664,74.73999786376953,60.794090270996094,37130200
2023-03-31,74.97000122070312,75.6500015258789,74.94999694824219,75.55000305175781,61.45294189453125,54218900
2023-04-03,75.13999938964844,75.30000305175781,74.97000122070312,75.1500015258789,61.40556335449219,43302900
2023-04-04,75.1500015258789,75.26000213623047,74.8499984741211,74.93000030517578,61.22577667236328,46144300
2023-04-05,74.87999725341797,74.94999694824219,74.41999816894531,74.51000213623047,60.88260269165039,37633900
2023-04-06,74.38999938964844,74.95999908447266,74.29000091552734,74.83999633789062,61.15222930908203,35719600
2023-04-10,74.58000183105469,74.80999755859375,74.41000366210938,74.7699966430664,61.09505844116211,29083900
2023-04-11,74.7699966430664,75.0999984741211,74.70999908447266,74.93000030517578,61.22577667236328,28875100
2023-04-12,75.30999755859375,75.37999725341797,74.8499984741211,74.91000366210938,61.209449768066406,41457600
2023-04-13,75.04000091552734,75.62000274658203,75.04000091552734,75.41999816894531,61.62615203857422,95864000
2023-04-14,75.4000015258789,75.55000305175781,75.08000183105469,75.27999877929688,61.51177978515625,43767600
2023-04-17,75.06999969482422,75.16000366210938,74.80999755859375,75.08000183105469,61.34836196899414,26391100
2023-04-18,75.26000213623047,75.36000061035156,74.9800033569336,75.12999725341797,61.38920974731445,28030700
2023-04-19,74.83000183105469,74.98999786376953,74.77999877929688,74.83000183105469,61.14407730102539,26979400
2023-04-20,74.6500015258789,74.87999725341797,74.55000305175781,74.76000213623047,61.08686065673828,30203900
2023-04-21,74.87999725341797,75.02999877929688,74.69000244140625,74.98999786376953,61.274818420410156,33061800
2023-04-24,75.02999877929688,75.26000213623047,74.94999694824219,75.19999694824219,61.446414947509766,24661600
2023-04-25,75.16000366210938,75.30000305175781,75.01000213623047,75.08000183105469,61.34836196899414,34575300
2023-04-26,75.05999755859375,75.11000061035156,74.68000030517578,74.79000091552734,61.11138916015625,33762700
2023-04-27,74.93000030517578,75.25,74.80000305175781,75.04000091552734,61.31566619873047,39687600
2023-04-28,75.05999755859375,75.4800033569336,75.05999755859375,75.36000061035156,61.5771484375,33821100
2023-05-01,74.93000030517578,75.0,74.52999877929688,74.69000244140625,61.29484176635742,37748300
2023-05-02,74.69000244140625,74.73999786376953,74.37000274658203,74.62000274658203,61.23740768432617,39045300
2023-05-03,74.69999694824219,75.04000091552734,74.55999755859375,74.58000183105469,61.2045783996582,33178300
2023-05-04,74.37999725341797,74.41000366210938,74.08999633789062,74.36000061035156,61.02401351928711,45207600
2023-05-05,74.58000183105469,74.86000061035156,74.4800033569336,74.76000213623047,61.352291107177734,31591500
2023-05-08,74.69999694824219,74.69999694824219,74.37999725341797,74.55000305175781,61.179962158203125,18367400
2023-05-09,74.3499984741211,74.4800033569336,74.2699966430664,74.36000061035156,61.02401351928711,21732900
2023-05-10,74.7699966430664,74.91999816894531,74.52999877929688,74.80999755859375,61.393310546875,35392700
2023-05-11,74.73999786376953,74.7699966430664,74.61000061035156,74.69000244140625,61.29484176635742,25265500
2023-05-12,74.68000030517578,74.79000091552734,74.27999877929688,74.41999816894531,61.07327651977539,27553200
2023-05-15,74.43000030517578,74.48999786376953,74.30000305175781,74.4000015258789,61.05686950683594,19764500
2023-05-16,74.26000213623047,74.27999877929688,73.80999755859375,73.87999725341797,60.6301155090332,40998700
2023-05-17,73.95999908447266,74.33999633789062,73.93000030517578,74.08000183105469,60.79423904418945,38534100
2023-05-18,73.86000061035156,74.19000244140625,73.80999755859375,74.12000274658203,60.827064514160156,29129200
2023-05-19,74.19000244140625,74.36000061035156,74.06999969482422,74.19999694824219,60.892704010009766,36044900
2023-05-22,74.22000122070312,74.66999816894531,74.22000122070312,74.52999877929688,61.163516998291016,34897700
2023-05-23,74.38999938964844,74.4800033569336,74.06999969482422,74.13999938964844,60.84347152709961,32415500
2023-05-24,73.93000030517578,74.0199966430664,73.47000122070312,73.62000274658203,60.416744232177734,38083200
2023-05-25,73.88999938964844,73.91000366210938,73.55000305175781,73.56999969482422,60.37570571899414,21457900
2023-05-26,73.6500015258789,74.11000061035156,73.62000274658203,74.0199966430664,60.74496841430664,23547600
2023-05-30,74.3499984741211,74.3499984741211,74.08999633789062,74.33999633789062,61.007598876953125,27482600
2023-05-31,74.13999938964844,74.25,73.94999694824219,74.11000061035156,60.818843841552734,43393600
2023-06-01,73.80000305175781,74.30999755859375,73.77999877929688,74.19999694824219,61.18413543701172,42425700
2023-06-02,74.45999908447266,74.7699966430664,74.30000305175781,74.58000183105469,61.49749755859375,49950900
2023-06-05,74.5199966430664,74.55000305175781,74.33999633789062,74.5199966430664,61.44801330566406,24080200
2023-06-06,74.44999694824219,74.66000366210938,74.31999969482422,74.63999938964844,61.546966552734375,23006600
2023-06-07,74.69999694824219,74.79000091552734,74.13999938964844,74.2300033569336,61.208900451660156,32340900
2023-06-08,74.2300033569336,74.73999786376953,74.2300033569336,74.69999694824219,61.596439361572266,33987800
2023-06-09,74.76000213623047,74.86000061035156,74.69000244140625,74.72000122070312,61.61292266845703,27016700
2023-06-12,74.79000091552734,74.80000305175781,74.4800033569336,74.63999938964844,61.546966552734375,30629500
2023-06-13,74.83000183105469,74.94000244140625,74.62000274658203,74.7300033569336,61.62116622924805,39425900
2023-06-14,74.80000305175781,74.98999786376953,74.41000366210938,74.76000213623047,61.64592361450195,32864600
2023-06-15,74.86000061035156,75.1500015258789,74.81999969482422,75.12000274658203,61.942787170410156,42412300
2023-06-16,75.08999633789062,75.11000061035156,74.9000015258789,74.93000030517578,61.78610610961914,47560800
2023-06-20,74.80999755859375,74.93000030517578,74.7300033569336,74.7300033569336,61.62116622924805,31930500
2023-06-21,74.58000183105469,74.69999694824219,74.38999938964844,74.54000091552734,61.46450424194336,39751900
2023-06-22,74.37000274658203,74.4800033569336,74.30000305175781,74.31999969482422,61.2830924987793,31504700
2023-06-23,74.20999908447266,74.26000213623047,74.0,74.19000244140625,61.175907135009766,33811100
2023-06-26,74.19999694824219,74.33000183105469,74.08999633789062,74.2300033569336,61.208900451660156,36111900
2023-06-27,74.30999755859375,74.55000305175781,74.29000091552734,74.4800033569336,61.4150505065918,31707600
2023-06-28,74.47000122070312,74.91000366210938,74.41999816894531,74.91000366210938,61.769615173339844,35679600
2023-06-29,74.63999938964844,74.72000122070312,74.43000030517578,74.70999908447266,61.60468673706055,41712000
2023-06-30,74.95999908447266,75.23999786376953,74.88999938964844,75.06999969482422,61.901527404785156,35842000
2023-07-03,74.68000030517578,74.69000244140625,74.5199966430664,74.55000305175781,61.8045539855957,13046500
2023-07-05,74.5199966430664,74.54000091552734,74.19999694824219,74.31999969482422,61.61385726928711,37947100
2023-07-06,73.77999877929688,73.86000061035156,73.58000183105469,73.77999877929688,61.166175842285156,52251100
2023-07-07,73.76000213623047,74.33000183105469,73.7300033569336,73.8499984741211,61.224220275878906,42269100
2023-07-10,73.91999816894531,74.30000305175781,73.91000366210938,74.22000122070312,61.530967712402344,45752200
2023-07-11,74.41000366210938,74.62000274658203,74.29000091552734,74.62000274658203,61.86258316040039,32000700
2023-07-12,75.08999633789062,75.30999755859375,75.0199966430664,75.19999694824219,62.34341812133789,42820700
2023-07-13,75.5,75.7300033569336,75.41000366210938,75.6500015258789,62.71649932861328,33954200
2023-07-14,75.56999969482422,75.62999725341797,75.05000305175781,75.0999984741211,62.260536193847656,36081800
2023-07-17,75.05999755859375,75.36000061035156,75.0,75.23999786376953,62.376564025878906,28836600
2023-07-18,75.30000305175781,75.55000305175781,75.2699966430664,75.44999694824219,62.55067443847656,25990800
2023-07-19,75.58999633789062,75.6500015258789,75.45999908447266,75.51000213623047,62.60044479370117,26794800
2023-07-20,75.20999908447266,75.30000305175781,74.9800033569336,75.18000030517578,62.32683563232422,27028500
2023-07-21,75.19999694824219,75.48999786376953,75.19999694824219,75.37000274658203,62.48436737060547,37447800
2023-07-24,75.43000030517578,75.54000091552734,75.22000122070312,75.23999786376953,62.376564025878906,20925500
2023-07-25,75.16000366210938,75.2699966430664,75.05999755859375,75.19000244140625,62.335121154785156,30067600
2023-07-26,75.16000366210938,75.55999755859375,75.12000274658203,75.48999786376953,62.58381271362305,33068400
2023-07-27,75.62999725341797,75.69000244140625,74.7300033569336,74.88999938964844,62.08641815185547,48675800
2023-07-28,75.20999908447266,75.37999725341797,75.1500015258789,75.31999969482422,62.44290542602539,27588400
2023-07-31,75.41999816894531,75.5999984741211,75.37999725341797,75.5,62.592124938964844,30744800
2023-08-01,74.95999908447266,74.95999908447266,74.68000030517578,74.7699966430664,62.28224563598633,34529700
2023-08-02,74.44999694824219,74.5199966430664,74.26000213623047,74.44999694824219,62.015708923339844,37500500
2023-08-03,74.20999908447266,74.36000061035156,74.08999633789062,74.20999908447266,61.81577682495117,30348000
2023-08-04,74.6500015258789,74.94000244140625,74.56999969482422,74.6500015258789,62.18230056762695,37411900
2023-08-07,74.79000091552734,74.83000183105469,74.5999984741211,74.79000091552734,62.29889678955078,19412600
2023-08-08,74.73999786376953,75.0,74.66000366210938,74.94999694824219,62.432186126708984,32545600
2023-08-09,74.95999908447266,75.05000305175781,74.80000305175781,74.95999908447266,62.44052505493164,27569200
2023-08-10,75.01000213623047,75.3499984741211,74.73999786376953,74.94000244140625,62.42387008666992,43697200
2023-08-11,74.68000030517578,74.86000061035156,74.58000183105469,74.83000183105469,62.33225631713867,23329000
2023-08-14,74.69999694824219,74.93000030517578,74.56999969482422,74.81999969482422,62.32390213012695,28545100
2023-08-15,74.62000274658203,74.79000091552734,74.55000305175781,74.58000183105469,62.124000549316406,32968600
2023-08-16,74.55000305175781,74.75,74.3499984741211,74.3499984741211,61.932411193847656,31759400
2023-08-17,74.38999938964844,74.41999816894531,73.86000061035156,74.04000091552734,61.67418670654297,38546600
2023-08-18,73.88999938964844,74.31999969482422,73.86000061035156,74.08999633789062,61.7158203125,44130500
2023-08-21,74.08000183105469,74.13999938964844,73.83999633789062,74.06999969482422,61.69914627075195,30768700
2023-08-22,74.2300033569336,74.26000213623047,74.05000305175781,74.11000061035156,61.73247528076172,18135400
2023-08-23,74.4000015258789,74.81999969482422,74.4000015258789,74.70999908447266,62.23228454589844,33378000
2023-08-24,74.72000122070312,74.72000122070312,74.22000122070312,74.30000305175781,61.89076614379883,34336100
2023-08-25,74.31999969482422,74.69999694824219,74.26000213623047,74.61000061035156,62.14896774291992,31149300
2023-08-28,74.9000015258789,74.93000030517578,74.69000244140625,74.88999938964844,62.38222122192383,21461600
2023-08-29,74.80999755859375,75.36000061035156,74.77999877929688,75.36000061035156,62.773712158203125,42178200
2023-08-30,75.36000061035156,75.4800033569336,75.26000213623047,75.33000183105469,62.74873352050781,29458200
2023-08-31,75.2699966430664,75.37999725341797,75.16000366210938,75.27999877929688,62.70709991455078,30824500
2023-09-01,75.19000244140625,75.23999786376953,74.8499984741211,75.06999969482422,62.8250732421875,33213100
2023-09-05,74.95999908447266,74.95999908447266,74.5199966430664,74.58000183105469,62.41500473022461,29500600
2023-09-06,74.51000213623047,74.55000305175781,74.25,74.4000015258789,62.264381408691406,30797500
2023-09-07,74.27999877929688,74.69000244140625,74.27999877929688,74.6500015258789,62.47357177734375,28757400
2023-09-08,74.80000305175781,74.87999725341797,74.55999755859375,74.62000274658203,62.448482513427734,26389100
2023-09-11,74.72000122070312,74.75,74.56999969482422,74.75,62.55727767944336,29159400
2023-09-12,74.55999755859375,74.76000213623047,74.55999755859375,74.62999725341797,62.45684051513672,21668500
2023-09-13,74.5999984741211,74.91000366210938,74.5999984741211,74.83000183105469,62.62421417236328,27498900
2023-09-14,74.91000366210938,75.0,74.83000183105469,74.91999816894531,62.699562072753906,29575900
2023-09-15,74.69999694824219,74.8499984741211,74.63999938964844,74.63999938964844,62.4652214050293,41636900
2023-09-18,74.55000305175781,74.7699966430664,74.55000305175781,74.69000244140625,62.5070686340332,19549700
2023-09-19,74.52999877929688,74.63999938964844,74.41000366210938,74.45999908447266,62.3145751953125,33937200
2023-09-20,74.62999725341797,74.76000213623047,74.38999938964844,74.4000015258789,62.264381408691406,26715100
2023-09-21,74.0999984741211,74.16000366210938,73.87000274658203,73.87000274658203,61.820823669433594,43327300
2023-09-22,74.0199966430664,74.2699966430664,73.98999786376953,74.0,61.92961120605469,36657300
2023-09-25,73.80999755859375,74.02999877929688,73.7300033569336,73.9000015258789,61.84592819213867,30197500
2023-09-26,73.83999633789062,73.88999938964844,73.52999877929688,73.58000183105469,61.578125,39193000
2023-09-27,73.79000091552734,73.8499984741211,73.3499984741211,73.4800033569336,61.49441909790039,45532200
2023-09-28,73.3499984741211,73.86000061035156,73.30999755859375,73.83000183105469,61.787349700927734,45776600
2023-09-29,74.13999938964844,74.20999908447266,73.70999908447266,73.72000122070312,61.69529724121094,51698300
2023-10-02,73.0999984741211,73.23999786376953,72.80000305175781,72.88999938964844,61.32091522216797,69255900
2023-10-03,72.5999984741211,72.80000305175781,72.12000274658203,72.1500015258789,60.6983757019043,77754200
2023-10-04,72.31999969482422,72.62999725341797,72.12000274658203,72.5199966430664,61.0096321105957,138971500
2023-10-05,72.47000122070312,72.68000030517578,72.4000015258789,72.58999633789062,61.068538665771484,56138500
2023-10-06,72.30000305175781,72.81999969482422,72.0999984741211,72.69000244140625,61.15266036987305,52741500
2023-10-09,72.69999694824219,73.23999786376953,72.69999694824219,73.2300033569336,61.606956481933594,27277200
2023-10-10,73.04000091552734,73.44000244140625,72.94999694824219,73.20999908447266,61.59013748168945,50761600
2023-10-11,73.3499984741211,73.44000244140625,72.87999725341797,73.19999694824219,61.58171463012695,53330500
2023-10-12,73.16999816894531,73.16999816894531,72.58999633789062,72.80999755859375,61.25362014770508,60368000
2023-10-13,73.01000213623047,73.23999786376953,72.68000030517578,72.75,61.2031135559082,54191200
2023-10-16,72.72000122070312,72.91000366210938,72.66999816894531,72.7300033569336,61.18629455566406,39352900
2023-10-17,72.41999816894531,72.61000061035156,72.29000091552734,72.38999938964844,60.90026092529297,50948700
2023-10-18,72.30999755859375,72.45999908447266,71.98999786376953,72.04000091552734,60.6058349609375,58306500
2023-10-19,72.04000091552734,72.4000015258789,71.77999877929688,71.77999877929688,60.38709259033203,70971900
2023-10-20,71.86000061035156,72.08999633789062,71.81999969482422,71.93000030517578,60.513301849365234,64845500
2023-10-23,71.7699966430664,72.41999816894531,71.68000030517578,72.22000122070312,60.757240295410156,47508700
2023-10-24,72.41000366210938,72.62000274658203,72.33000183105469,72.58999633789062,61.068538665771484,46427900
2023-10-25,72.41000366210938,72.47000122070312,72.12000274658203,72.19999694824219,60.74040985107422,42518300
2023-10-26,72.20999908447266,72.58000183105469,72.0999984741211,72.44999694824219,60.95073699951172,45233400
2023-10-27,72.5199966430664,72.61000061035156,72.2300033569336,72.36000061035156,60.87503433227539,35621800
2023-10-30,72.3499984741211,72.5,72.2699966430664,72.37999725341797,60.891849517822266,29094000
2023-10-31,72.41000366210938,72.80000305175781,72.37999725341797,72.56999969482422,61.05169677734375,42185900
2023-11-01,72.27999877929688,72.87000274658203,72.27999877929688,72.87000274658203,61.63362503051758,59313100
2023-11-02,73.33000183105469,73.79000091552734,73.31999969482422,73.69000244140625,62.327171325683594,68930600
2023-11-03,74.1500015258789,74.45999908447266,74.0,74.41000366210938,62.93614959716797,88763600
2023-11-06,74.23999786376953,74.38999938964844,74.04000091552734,74.11000061035156,62.682403564453125,93899100
2023-11-07,74.05999755859375,74.20999908447266,73.9000015258789,74.12000274658203,62.690853118896484,50458200
2023-11-08,74.0999984741211,74.2300033569336,74.05999755859375,74.16000366210938,62.72470474243164,41143500
2023-11-09,74.05000305175781,74.19000244140625,73.68000030517578,73.69999694824219,62.335636138916016,62856100
2023-11-10,73.91000366210938,74.0999984741211,73.87000274658203,74.05999755859375,62.640113830566406,35563300
2023-11-13,73.79000091552734,74.05999755859375,73.79000091552734,73.98999786376953,62.580902099609375,37530100
2023-11-14,74.62000274658203,74.93000030517578,74.62000274658203,74.73999786376953,63.21525192260742,68210800
2023-11-15,74.61000061035156,74.70999908447266,74.43000030517578,74.5,63.01225280761719,44022800
2023-11-16,74.52999877929688,74.66999816894531,74.44999694824219,74.5999984741211,63.09683609008789,52928200
2023-11-17,74.61000061035156,74.7699966430664,74.4800033569336,74.7699966430664,63.24062728881836,44272100
2023-11-20,74.6500015258789,74.94999694824219,74.6500015258789,74.8499984741211,63.30830764770508,30846200
2023-11-21,74.80000305175781,74.97000122070312,74.80000305175781,74.94999694824219,63.39287567138672,29493900
2023-11-22,75.05000305175781,75.16000366210938,74.87999725341797,75.08000183105469,63.5028190612793,40866800
2023-11-24,75.0199966430664,75.02999877929688,74.94999694824219,75.0,63.435176849365234,8536200
2023-11-27,75.0,75.19999694824219,74.93000030517578,75.11000061035156,63.52820587158203,31007400
2023-11-28,75.0999984741211,75.47000122070312,75.05000305175781,75.44000244140625,63.80730438232422,44031100
2023-11-29,75.73999786376953,76.04000091552734,75.70999908447266,75.8499984741211,64.15412139892578,48815500
2023-11-30,75.81999969482422,75.86000061035156,75.4800033569336,75.70999908447266,64.03569030761719,55047100
2023-12-01,75.29000091552734,76.01000213623047,75.19999694824219,75.98999786376953,64.56588745117188,60321100
2023-12-04,75.55000305175781,75.8499984741211,75.55000305175781,75.80000305175781,64.4044418334961,33105700
2023-12-05,75.66999816894531,75.95999908447266,75.66999816894531,75.87000274658203,64.46391296386719,32466500
2023-12-06,75.95999908447266,76.02999877929688,75.83000183105469,75.87999725341797,64.47242736816406,21297200
2023-12-07,75.98999786376953,76.13999938964844,75.91999816894531,76.01000213623047,64.58287811279297,27779300
2023-12-08,75.80999755859375,75.91000366210938,75.66999816894531,75.86000061035156,64.45543670654297,30123200
2023-12-11,75.80000305175781,75.81999969482422,75.56999969482422,75.80999755859375,64.4129409790039,30141700
2023-12-12,75.7699966430664,76.01000213623047,75.5999984741211,75.9800033569336,64.55738830566406,29203400
2023-12-13,76.0999984741211,77.1500015258789,76.05999755859375,77.13999938964844,65.5429916381836,64201300
2023-12-14,77.12999725341797,77.37999725341797,76.94999694824219,77.0999984741211,65.83242797851562,67220400
2023-12-15,77.02999877929688,77.3499984741211,76.75,76.93000030517578,65.68728637695312,36336400
2023-12-18,77.08000183105469,77.08000183105469,76.7300033569336,76.9800033569336,65.72998809814453,34793600
2023-12-19,77.06999969482422,77.29000091552734,77.04000091552734,77.19999694824219,65.91783142089844,25269400
2023-12-20,77.29000091552734,77.54000091552734,77.16999816894531,77.20999908447266,65.92636108398438,38376400
2023-12-21,77.51000213623047,77.62999725341797,77.31999969482422,77.55999755859375,66.22523498535156,22861400
2023-12-22,77.69000244140625,77.75,77.41999816894531,77.47000122070312,66.14836883544922,18048400
2023-12-26,77.5,77.62999725341797,77.4800033569336,77.62000274658203,66.27643585205078,12374700
2023-12-27,77.66999816894531,78.08000183105469,77.61000061035156,77.94000244140625,66.54971313476562,22835300
2023-12-28,77.9000015258789,77.91000366210938,77.54000091552734,77.69000244140625,66.33623504638672,22648100
2023-12-29,77.66999816894531,77.86000061035156,77.38999938964844,77.38999938964844,66.08007049560547,36993900
2024-01-02,77.12999725341797,77.23999786376953,77.04000091552734,77.12999725341797,65.8580551147461,41547100
2024-01-03,76.72000122070312,77.08000183105469,76.55000305175781,76.91999816894531,65.67874908447266,39495500
2024-01-04,76.80999755859375,76.9000015258789,76.5999984741211,76.62000274658203,65.42259979248047,32856100
2024-01-05,76.5999984741211,77.0,76.55000305175781,76.68000030517578,65.47381591796875,31158500
2024-01-08,76.69999694824219,77.16999816894531,76.69999694824219,77.11000061035156,65.84099578857422,33479100
2024-01-09,77.01000213623047,77.31999969482422,76.95999908447266,77.2300033569336,65.94343566894531,25593500
2024-01-10,77.41000366210938,77.48999786376953,77.27999877929688,77.37000274658203,66.06300354003906,35702800
2024-01-11,77.3499984741211,77.62999725341797,77.16999816894531,77.62000274658203,66.27643585205078,35947100
2024-01-12,77.68000030517578,77.91999816894531,77.62999725341797,77.69999694824219,66.34477996826172,31155500
2024-01-16,77.55000305175781,77.55000305175781,77.12999725341797,77.20999908447266,65.92636108398438,43669900
2024-01-17,77.08000183105469,77.08000183105469,76.7300033569336,76.87999725341797,65.64459991455078,54160800
2024-01-18,76.98999786376953,77.05000305175781,76.8499984741211,77.04000091552734,65.78120422363281,34837600
2024-01-19,77.06999969482422,77.16999816894531,76.77999877929688,77.16999816894531,65.8922348022461,44359700
2024-01-22,77.18000030517578,77.43000030517578,77.18000030517578,77.2300033569336,65.94343566894531,36758900
2024-01-23,77.19000244140625,77.25,77.02999877929688,77.13999938964844,65.86660766601562,24561500
2024-01-24,77.4000015258789,77.43000030517578,77.02999877929688,77.0999984741211,65.83242797851562,27623300
2024-01-25,77.37000274658203,77.69000244140625,77.30000305175781,77.69000244140625,66.33623504638672,48268800
2024-01-26,77.6500015258789,77.7699966430664,77.58999633789062,77.62999725341797,66.28498077392578,26232800
2024-01-29,77.66000366210938,77.83000183105469,77.56999969482422,77.80000305175781,66.4301528930664,25924900
2024-01-30,77.80000305175781,77.83000183105469,77.52999877929688,77.69999694824219,66.34477996826172,32486600
2024-01-31,77.69999694824219,77.9000015258789,77.43000030517578,77.4800033569336,66.15692901611328,55548900
2024-02-01,77.33000183105469,77.61000061035156,77.11000061035156,77.54000091552734,66.53792572021484,48019300
2024-02-02,77.05000305175781,77.29000091552734,77.04000091552734,77.19000244140625,66.23757934570312,42727400
2024-02-05,76.94999694824219,77.01000213623047,76.66000366210938,76.83000183105469,65.9286880493164,51908600
2024-02-06,76.87000274658203,77.22000122070312,76.87000274658203,77.11000061035156,66.1689224243164,32948200
2024-02-07,77.2699966430664,77.30000305175781,77.0199966430664,77.23999786376953,66.28047180175781,42954100
2024-02-08,77.18000030517578,77.30000305175781,77.12000274658203,77.19999694824219,66.24617004394531,25548400
2024-02-09,77.25,77.41000366210938,77.13999938964844,77.36000061035156,66.38346862792969,33951400
2024-02-12,77.33000183105469,77.45999908447266,77.16999816894531,77.19000244140625,66.23757934570312,36249100
2024-02-13,76.66999816894531,76.80000305175781,76.44000244140625,76.56999969482422,65.70555114746094,69904200
2024-02-14,76.79000091552734,76.98999786376953,76.7300033569336,76.87000274658203,65.96298217773438,38603100
2024-02-15,77.0,77.2300033569336,76.94000244140625,77.13999938964844,66.19465637207031,44319900
2024-02-16,76.93000030517578,77.01000213623047,76.81999969482422,76.91000366210938,65.99728393554688,50322900
2024-02-20,76.88999938964844,77.12999725341797,76.81999969482422,77.06999969482422,66.13459777832031,31994100
2024-02-21,77.05999755859375,77.12000274658203,76.81999969482422,76.93000030517578,66.01445770263672,38674100
2024-02-22,77.1500015258789,77.30999755859375,77.0999984741211,77.30000305175781,66.33197784423828,45450200
2024-02-23,77.37000274658203,77.45999908447266,77.29000091552734,77.3499984741211,66.37489318847656,24686900
2024-02-26,77.31999969482422,77.3499984741211,77.08000183105469,77.0999984741211,66.16033172607422,32795300
2024-02-27,77.1500015258789,77.19999694824219,77.05000305175781,77.19999694824219,66.24617004394531,30926600
2024-02-28,77.1500015258789,77.27999877929688,77.0999984741211,77.19000244140625,66.23757934570312,24667600
2024-02-29,77.30000305175781,77.47000122070312,77.23999786376953,77.33000183105469,66.35772705078125,43322400
2024-03-01,76.93000030517578,77.20999908447266,76.77999877929688,77.18000030517578,66.60624694824219,39342900
2024-03-04,77.12000274658203,77.2300033569336,77.02999877929688,77.16000366210938,66.5889892578125,21607300
2024-03-05,77.16000366210938,77.3499984741211,77.05999755859375,77.0999984741211,66.5372085571289,38076900
2024-03-06,77.30000305175781,77.41000366210938,77.18000030517578,77.29000091552734,66.70118713378906,34335200
2024-03-07,77.48999786376953,77.51000213623047,77.31999969482422,77.37999725341797,66.77884674072266,30393000
2024-03-08,77.48999786376953,77.7300033569336,77.38999938964844,77.4000015258789,66.79612731933594,38317900
2024-03-11,77.33999633789062,77.43000030517578,77.30000305175781,77.38999938964844,66.78749084472656,27177600
2024-03-12,77.51000213623047,77.51000213623047,77.26000213623047,77.45999908447266,66.847900390625,33351700
2024-03-13,77.4000015258789,77.68000030517578,77.4000015258789,77.48999786376953,66.87377166748047,28482200
2024-03-14,77.47000122070312,77.51000213623047,77.02999877929688,77.12000274658203,66.55447387695312,46677200
2024-03-15,77.08000183105469,77.23999786376953,76.95999908447266,77.06999969482422,66.5113296508789,53985300
2024-03-18,77.2699966430664,77.31999969482422,77.18000030517578,77.25,66.66667938232422,34649300
2024-03-19,77.2300033569336,77.58000183105469,77.22000122070312,77.55999755859375,66.9341812133789,41841500
2024-03-20,77.54000091552734,77.8499984741211,77.47000122070312,77.81999969482422,67.1585922241211,36886700
2024-03-21,77.94999694824219,77.95999908447266,77.68000030517578,77.77999877929688,67.12405395507812,34693300
2024-03-22,77.80999755859375,77.88999938964844,77.66000366210938,77.69999694824219,67.05501556396484,26955700
2024-03-25,77.55999755859375,77.66999816894531,77.54000091552734,77.58000183105469,66.95146942138672,29373100
2024-03-26,77.66999816894531,77.68000030517578,77.47000122070312,77.48999786376953,66.87377166748047,28522200
2024-03-27,77.68000030517578,77.9000015258789,77.5999984741211,77.9000015258789,67.22760772705078,28891100
2024-03-28,77.80000305175781,77.91999816894531,77.72000122070312,77.7300033569336,67.08090209960938,31546700
2024-04-01,77.3499984741211,77.3499984741211,76.98999786376953,77.0199966430664,66.80766296386719,47857400
2024-04-02,76.76000213623047,76.91000366210938,76.72000122070312,76.88999938964844,66.69490814208984,45551200
2024-04-03,76.77999877929688,76.98999786376953,76.70999908447266,76.94999694824219,66.7469711303711,29542300
2024-04-04,77.11000061035156,77.22000122070312,76.77999877929688,76.88999938964844,66.69490814208984,36056400
2024-04-05,76.83000183105469,76.93000030517578,76.79000091552734,76.81999969482422,66.63420104980469,30857300
2024-04-08,76.83000183105469,77.04000091552734,76.77999877929688,77.0,66.79032135009766,31067800
2024-04-09,77.12000274658203,77.2300033569336,77.0199966430664,77.16000366210938,66.92910766601562,32219100
2024-04-10,76.6500015258789,76.76000213623047,76.30000305175781,76.4800033569336,66.33928680419922,76623900
2024-04-11,76.51000213623047,76.55999755859375,76.20999908447266,76.41000366210938,66.27857208251953,50836000
2024-04-12,76.37999725341797,76.41999816894531,76.25,76.37000274658203,66.24386596679688,41441700
2024-04-15,76.44999694824219,76.44999694824219,75.83999633789062,75.93000030517578,65.86221313476562,55560400
2024-04-16,75.91000366210938,75.91000366210938,75.58999633789062,75.68000030517578,65.64534759521484,55746100
2024-04-17,75.88999938964844,76.04000091552734,75.70999908447266,75.77999877929688,65.7320785522461,48158800
2024-04-18,75.77999877929688,75.88999938964844,75.63999938964844,75.83999633789062,65.78413391113281,40291400
2024-04-19,75.91000366210938,76.08000183105469,75.9000015258789,75.9800033569336,65.90556335449219,54739500
2024-04-22,76.13999938964844,76.43000030517578,76.11000061035156,76.4000015258789,66.26988220214844,40772500
2024-04-23,76.47000122070312,76.76000213623047,76.37999725341797,76.70999908447266,66.53874969482422,43554400
2024-04-24,76.66999816894531,76.69999694824219,76.37000274658203,76.54000091552734,66.39131164550781,40496500
2024-04-25,76.08000183105469,76.4000015258789,75.91000366210938,76.37999725341797,66.25251770019531,46371600
2024-04-26,76.37000274658203,76.66000366210938,76.37000274658203,76.62000274658203,66.46073913574219,34500800
2024-04-29,76.72000122070312,76.8499984741211,76.66999816894531,76.8499984741211,66.66020965576172,33157800
2024-04-30,76.5999984741211,76.76000213623047,76.29000091552734,76.29000091552734,66.17448425292969,49937500
2024-05-01,75.94999694824219,76.62999725341797,75.93000030517578,76.29000091552734,66.52325439453125,71484700
2024-05-02,76.4800033569336,76.77999877929688,76.33000183105469,76.76000213623047,66.93309020996094,41497900
2024-05-03,77.1500015258789,77.38999938964844,76.94000244140625,77.08000183105469,67.21212005615234,44204400
2024-05-06,77.16999816894531,77.2300033569336,77.12000274658203,77.16999816894531,67.29059600830078,29547100
2024-05-07,77.26000213623047,77.27999877929688,77.02999877929688,77.18000030517578,67.29932403564453,34064000
2024-05-08,76.98999786376953,77.05999755859375,76.94999694824219,77.0,67.14236450195312,22959500
2024-05-09,76.95999908447266,77.05999755859375,76.86000061035156,77.0199966430664,67.15978240966797,24590900
2024-05-10,77.01000213623047,77.02999877929688,76.80999755859375,76.9000015258789,67.0551528930664,24633800
2024-05-13,77.05999755859375,77.05999755859375,76.8499984741211,76.87999725341797,67.03773498535156,22109800
2024-05-14,76.91999816894531,77.02999877929688,76.9000015258789,77.0,67.14236450195312,27298700
2024-05-15,77.25,77.45999908447266,77.19000244140625,77.44999694824219,67.53475952148438,56544400
2024-05-16,77.45999908447266,77.45999908447266,77.26000213623047,77.2699966430664,67.37779235839844,31749800
2024-05-17,77.22000122070312,77.30999755859375,77.16000366210938,77.27999877929688,67.38652038574219,31550300
2024-05-20,77.2300033569336,77.31999969482422,77.19999694824219,77.31999969482422,67.4214096069336,18665000
2024-05-21,77.2699966430664,77.4000015258789,77.25,77.26000213623047,67.36907958984375,20295900
2024-05-22,77.1500015258789,77.19000244140625,77.0199966430664,77.08999633789062,67.2208480834961,31110700
2024-05-23,77.16999816894531,77.22000122070312,76.79000091552734,76.81999969482422,66.98542022705078,36464700
2024-05-24,76.94000244140625,77.11000061035156,76.83999633789062,77.08999633789062,67.2208480834961,20488500
2024-05-28,77.16999816894531,77.19000244140625,76.76000213623047,76.77999877929688,66.95052337646484,27771700
2024-05-29,76.54000091552734,76.6500015258789,76.5199966430664,76.55000305175781,66.74998474121094,38800000
2024-05-30,76.62999725341797,76.87999725341797,76.62999725341797,76.86000061035156,67.02027893066406,44210200
2024-05-31,76.91999816894531,77.1500015258789,76.91999816894531,77.12999725341797,67.25572967529297,45381900
2024-06-03,76.87000274658203,77.01000213623047,76.83999633789062,77.01000213623047,67.46424102783203,36791300
2024-06-04,76.91999816894531,77.0999984741211,76.91000366210938,76.97000122070312,67.42918395996094,39230600
2024-06-05,77.12000274658203,77.22000122070312,76.95999908447266,77.22000122070312,67.64820098876953,29793700
2024-06-06,77.18000030517578,77.18000030517578,77.04000091552734,77.08999633789062,67.53430938720703,24398300
2024-06-07,76.79000091552734,76.94000244140625,76.75,76.88999938964844,67.35910034179688,32498800
2024-06-10,76.80999755859375,76.97000122070312,76.76000213623047,76.95999908447266,67.42040252685547,24875700
2024-06-11,76.91999816894531,77.06999969482422,76.8499984741211,77.05999755859375,67.50801086425781,25339600
2024-06-12,77.58999633789062,77.63999938964844,77.3499984741211,77.37000274658203,67.77959442138672,51775700
2024-06-13,77.55000305175781,77.55000305175781,77.26000213623047,77.36000061035156,67.77082061767578,38532000
2024-06-14,77.11000061035156,77.18000030517578,76.94999694824219,77.05999755859375,67.50801086425781,52953300
2024-06-17,76.94000244140625,77.19000244140625,76.83999633789062,77.11000061035156,67.55182647705078,33165000
2024-06-18,77.19999694824219,77.41000366210938,77.18000030517578,77.3499984741211,67.7620849609375,46845500
2024-06-20,77.31999969482422,77.33999633789062,77.13999938964844,77.30000305175781,67.71826171875,26989000
2024-06-21,77.29000091552734,77.41000366210938,77.20999908447266,77.38999938964844,67.7970962524414,26857600
2024-06-24,77.36000061035156,77.51000213623047,77.30999755859375,77.30999755859375,67.7270278930664,28766200
2024-06-25,77.36000061035156,77.41999816894531,77.27999877929688,77.41000366210938,67.81465911865234,26111600
2024-06-26,77.26000213623047,77.2699966430664,77.16999816894531,77.23999786376953,67.66570281982422,29282000
2024-06-27,77.19999694824219,77.33000183105469,77.18000030517578,77.33000183105469,67.74454498291016,29404500
2024-06-28,77.37999725341797,77.5199966430664,77.13999938964844,77.13999938964844,67.57809448242188,34952000
2024-07-01,76.87000274658203,76.91999816894531,76.69000244140625,76.72000122070312,67.56490325927734,31113100
2024-07-02,76.7300033569336,76.94999694824219,76.69000244140625,76.93000030517578,67.74986267089844,30418400
2024-07-03,76.91999816894531,77.19999694824219,76.91999816894531,77.19999694824219,67.98760986328125,22067300
2024-07-05,77.27999877929688,77.44999694824219,77.23999786376953,77.43000030517578,68.1901626586914,25941500
2024-07-08,77.41000366210938,77.4800033569336,77.30999755859375,77.41000366210938,68.17257690429688,26962000
2024-07-09,77.41000366210938,77.41000366210938,77.2300033569336,77.31999969482422,68.09329986572266,19108500
2024-07-10,77.41000366210938,77.5199966430664,77.37000274658203,77.5,68.25182342529297,25361900
2024-07-11,77.76000213623047,77.83999633789062,77.70999908447266,77.77999877929688,68.49839782714844,44932500
2024-07-12,77.79000091552734,78.0199966430664,77.79000091552734,77.9800033569336,68.67452239990234,31688100
2024-07-15,78.04000091552734,78.06999969482422,77.9000015258789,77.98999786376953,68.68336486816406,23235600
2024-07-16,78.06999969482422,78.33000183105469,78.0,78.29000091552734,68.94754028320312,41375400
2024-07-17,78.05999755859375,78.25,78.02999877929688,78.19999694824219,68.86827850341797,32750400
2024-07-18,78.23999786376953,78.2699966430664,77.97000122070312,78.04000091552734,68.72738647460938,42513000
2024-07-19,78.12000274658203,78.12999725341797,77.87999725341797,77.9800033569336,68.67452239990234,36125700
2024-07-22,78.16999816894531,78.27999877929688,78.11000061035156,78.2699966430664,68.92993927001953,32378800
2024-07-23,78.26000213623047,78.41999816894531,78.2300033569336,78.27999877929688,68.93873596191406,28826900
2024-07-24,78.19999694824219,78.30999755859375,78.01000213623047,78.02999877929688,68.71858215332031,37612800
2024-07-25,78.08000183105469,78.33000183105469,78.04000091552734,78.04000091552734,68.72738647460938,35409000
2024-07-26,78.37000274658203,78.37000274658203,78.20999908447266,78.29000091552734,68.94754028320312,23683700
2024-07-29,78.4000015258789,78.44000244140625,78.13999938964844,78.22000122070312,68.88591766357422,28468400
2024-07-30,78.33000183105469,78.3499984741211,78.12000274658203,78.26000213623047,68.92112731933594,33652100
2024-07-31,78.47000122070312,78.5999984741211,78.36000061035156,78.54000091552734,69.16773223876953,50714800
2024-08-01,78.19000244140625,78.30000305175781,77.94000244140625,77.95999908447266,69.0163345336914,51319800
2024-08-02,77.80999755859375,77.97000122070312,77.61000061035156,77.69999694824219,68.7861557006836,71578700
2024-08-05,76.63999938964844,77.37999725341797,76.58000183105469,77.22000122070312,68.36124420166016,104456100
2024-08-06,77.4800033569336,77.80999755859375,77.16999816894531,77.51000213623047,68.61795806884766,60113400
2024-08-07,77.9800033569336,78.01000213623047,77.61000061035156,77.66000366210938,68.75074768066406,56107800
2024-08-08,77.9000015258789,78.0199966430664,77.79000091552734,77.9800033569336,69.0340347290039,31528100
2024-08-09,78.0199966430664,78.08999633789062,77.83000183105469,77.97000122070312,69.02519226074219,29759900
2024-08-12,78.04000091552734,78.04000091552734,77.87000274658203,78.0199966430664,69.0694351196289,33878400
2024-08-13,78.11000061035156,78.38999938964844,78.08999633789062,78.37999725341797,69.38814544677734,37310200
2024-08-14,78.36000061035156,78.55000305175781,78.30000305175781,78.5199966430664,69.5120849609375,36086900
2024-08-15,78.55999755859375,78.62000274658203,78.44999694824219,78.58999633789062,69.57405090332031,39411300
2024-08-16,78.55000305175781,78.87999725341797,78.54000091552734,78.83999633789062,69.7953872680664,33682600
2024-08-19,78.80999755859375,79.0,78.75,78.97000122070312,69.91046142578125,29604300
2024-08-20,79.01000213623047,79.02999877929688,78.7699966430664,78.9000015258789,69.84849548339844,33189300
2024-08-21,78.9800033569336,79.11000061035156,78.91000366210938,79.08000183105469,70.00785064697266,34266700
2024-08-22,79.08000183105469,79.08999633789062,78.88999938964844,78.9800033569336,69.9193115234375,29292100
2024-08-23,79.18000030517578,79.4000015258789,79.08000183105469,79.4000015258789,70.2911376953125,32590900
2024-08-26,79.38999938964844,79.43000030517578,79.2300033569336,79.23999786376953,70.14947509765625,20460100
2024-08-27,79.1500015258789,79.37000274658203,79.11000061035156,79.29000091552734,70.1937484741211,22784300
2024-08-28,79.30999755859375,79.31999969482422,79.18000030517578,79.25,70.15834045410156,22351600
2024-08-29,79.33000183105469,79.36000061035156,79.2300033569336,79.33000183105469,70.22916412353516,18353000
2024-08-30,79.41999816894531,79.41999816894531,79.23999786376953,79.33999633789062,70.23800659179688,27633300
2024-09-03,78.87999725341797,78.95999908447266,78.6500015258789,78.68000030517578,69.98895263671875,31596800
2024-09-04,78.66000366210938,79.05000305175781,78.66000366210938,78.97000122070312,70.24691009521484,32371800
2024-09-05,79.11000061035156,79.27999877929688,79.05000305175781,79.23999786376953,70.48707580566406,44675300
2024-09-06,79.2699966430664,79.37999725341797,78.98999786376953,79.13999938964844,70.39813995361328,49888900
2024-09-09,79.2699966430664,79.37999725341797,79.16000366210938,79.33000183105469,70.5671615600586,24823800
2024-09-10,79.33999633789062,79.37000274658203,79.0999984741211,79.18000030517578,70.43370819091797,38347600
2024-09-11,79.08999633789062,79.30999755859375,78.97000122070312,79.30000305175781,70.54047393798828,42342700
2024-09-12,79.25,79.48999786376953,79.20999908447266,79.41000366210938,70.63829803466797,28515000
2024-09-13,79.5199966430664,79.68000030517578,79.5,79.62999725341797,70.83399200439453,31806800
2024-09-16,79.66000366210938,79.9000015258789,79.63999938964844,79.83000183105469,71.01190948486328,31402400
2024-09-17,79.9000015258789,79.94000244140625,79.80000305175781,79.8499984741211,71.02971649169922,27423900
2024-09-18,79.87999725341797,80.27999877929688,79.79000091552734,79.91999816894531,71.09197235107422,39546900
2024-09-19,80.29000091552734,80.33000183105469,80.08999633789062,80.16000366210938,71.30548095703125,48785900
2024-09-20,80.16000366210938,80.26000213623047,80.0,80.26000213623047,71.39444732666016,43626300
2024-09-23,80.19000244140625,80.20999908447266,80.08000183105469,80.11000061035156,71.26100158691406,29049400
2024-09-24,80.12000274658203,80.18000030517578,80.0,80.12000274658203,71.26988220214844,28674500
2024-09-25,80.08000183105469,80.11000061035156,80.0199966430664,80.02999877929688,71.18984985351562,28899100
2024-09-26,80.19000244140625,80.19000244140625,80.0199966430664,80.16000366210938,71.30548095703125,32732300
2024-09-27,80.22000122070312,80.37000274658203,80.19999694824219,80.36000061035156,71.48339080810547,36712700
2024-09-30,80.33000183105469,80.37000274658203,80.19000244140625,80.30000305175781,71.4300308227539,31551500
2024-10-01,79.98999786376953,80.0,79.80000305175781,79.87000274658203,71.39424133300781,45992200
2024-10-02,79.77999877929688,79.87999725341797,79.69000244140625,79.87999725341797,71.40319061279297,41214300
2024-10-03,79.77999877929688,79.80999755859375,79.62999725341797,79.69000244140625,71.23335266113281,31147700
2024-10-04,79.68000030517578,79.70999908447266,79.54000091552734,79.5999984741211,71.15290832519531,40122800
2024-10-07,79.54000091552734,79.54000091552734,79.25,79.26000213623047,70.84896850585938,69202500
2024-10-08,79.37000274658203,79.45999908447266,79.30000305175781,79.44999694824219,71.01881408691406,40947200
2024-10-09,79.44000244140625,79.4800033569336,79.33999633789062,79.4000015258789,70.97412109375,42426500
2024-10-10,79.4000015258789,79.41000366210938,79.25,79.36000061035156,70.93836212158203,30091700
2024-10-11,79.33999633789062,79.58999633789062,79.33999633789062,79.56999969482422,71.12609100341797,26970800
2024-10-14,79.62000274658203,79.62999725341797,79.4000015258789,79.61000061035156,71.1618423461914,12065800
2024-10-15,79.5999984741211,79.72000122070312,79.58000183105469,79.58999633789062,71.1439437866211,31134400
2024-10-16,79.69999694824219,79.80999755859375,79.66000366210938,79.7300033569336,71.26911926269531,31626300
2024-10-17,79.7699966430664,79.80000305175781,79.4800033569336,79.61000061035156,71.1618423461914,46599300
2024-10-18,79.69999694824219,79.80000305175781,79.6500015258789,79.80000305175781,71.33168029785156,28905600
2024-10-21,79.66000366210938,79.70999908447266,79.4000015258789,79.4800033569336,71.04564666748047,36341500
2024-10-22,79.43000030517578,79.45999908447266,79.27999877929688,79.37000274658203,70.94729614257812,35466600
2024-10-23,79.26000213623047,79.30000305175781,79.06999969482422,79.12999725341797,70.7327880859375,39761500
2024-10-24,79.30000305175781,79.41999816894531,79.22000122070312,79.36000061035156,70.93836212158203,30163900
2024-10-25,79.45999908447266,79.55000305175781,79.25,79.27999877929688,70.86685180664062,35590200
2024-10-28,79.41999816894531,79.5199966430664,79.37999725341797,79.4800033569336,71.04564666748047,31854500
2024-10-29,79.25,79.5199966430664,79.2300033569336,79.5,71.06352996826172,42992200
2024-10-30,79.48999786376953,79.6500015258789,79.33000183105469,79.36000061035156,70.93836212158203,28728700
2024-10-31,79.37999725341797,79.37999725341797,79.13999938964844,79.13999938964844,70.74171447753906,43194600
2024-11-01,79.02999877929688,79.08000183105469,78.7300033569336,78.75,70.74620056152344,44045700
2024-11-04,79.05000305175781,79.0999984741211,78.88999938964844,78.97000122070312,70.94384765625,27291200
2024-11-05,78.94000244140625,79.19999694824219,78.94000244140625,79.19000244140625,71.14147186279297,31611900
2024-11-06,79.22000122070312,79.36000061035156,79.08000183105469,79.33000183105469,71.26726531982422,43173100
2024-11-07,79.30000305175781,79.69999694824219,79.25,79.66999816894531,71.57270050048828,51325800
2024-11-08,79.77999877929688,79.83000183105469,79.66999816894531,79.80000305175781,71.68949127197266,30543400
2024-11-11,79.79000091552734,79.81999969482422,79.70999908447266,79.70999908447266,71.60865020751953,11008700
2024-11-12,79.61000061035156,79.69999694824219,79.33000183105469,79.38999938964844,71.32115936279297,44594900
2024-11-13,79.58999633789062,79.5999984741211,79.37999725341797,79.41000366210938,71.33914184570312,33873600
2024-11-14,79.45999908447266,79.52999877929688,79.23999786376953,79.23999786376953,71.1864013671875,32749300
2024-11-15,79.19000244140625,79.27999877929688,79.05000305175781,79.2300033569336,71.17743682861328,33709500
2024-11-18,79.2699966430664,79.38999938964844,79.19000244140625,79.37999725341797,71.31217956542969,27780900
2024-11-19,79.31999969482422,79.56999969482422,79.30000305175781,79.5,71.41996765136719,34523200
2024-11-20,79.48999786376953,79.5,79.38999938964844,79.4800033569336,71.40201568603516,19934000
2024-11-21,79.54000091552734,79.63999938964844,79.47000122070312,79.51000213623047,71.428955078125,28040000
2024-11-22,79.5,79.58999633789062,79.44999694824219,79.48999786376953,71.41098022460938,29564900
2024-11-25,79.72000122070312,79.8499984741211,79.72000122070312,79.79000091552734,71.68048095703125,35003000
2024-11-26,79.80000305175781,79.80000305175781,79.58000183105469,79.63999938964844,71.5457534790039,41103500
2024-11-27,79.70999908447266,79.87999725341797,79.69000244140625,79.87999725341797,71.76134490966797,30239600
2024-11-29,80.01000213623047,80.06999969482422,79.88999938964844,80.04000091552734,71.90510559082031,25037800
2024-12-02,79.93000030517578,79.93000030517578,79.52999877929688,79.6500015258789,71.87892150878906,32387400
2024-12-03,79.72000122070312,79.73999786376953,79.61000061035156,79.6500015258789,71.87892150878906,24868500
2024-12-04,79.70999908447266,79.83999633789062,79.63999938964844,79.83999633789062,72.05037689208984,22733500
2024-12-05,79.79000091552734,79.81999969482422,79.70999908447266,79.7699966430664,71.98722076416016,23106300
2024-12-06,79.88999938964844,80.0,79.8499984741211,79.9000015258789,72.10453033447266,29931300
2024-12-09,79.9000015258789,79.94000244140625,79.77999877929688,79.80000305175781,72.0142822265625,22095100
2024-12-10,79.94000244140625,79.94000244140625,79.73999786376953,79.83999633789062,72.05037689208984,27195200
2024-12-11,79.94000244140625,79.94999694824219,79.83000183105469,79.86000061035156,72.06841278076172,24730000
2024-12-12,79.80999755859375,79.98999786376953,79.62999725341797,79.63999938964844,71.86991119384766,29081600
2024-12-13,79.70999908447266,79.70999908447266,79.37999725341797,79.41000366210938,71.66234588623047,34201100
2024-12-16,79.55000305175781,79.62000274658203,79.4800033569336,79.55999755859375,71.79769897460938,22269000
2024-12-17,79.41000366210938,79.5,79.38999938964844,79.38999938964844,71.644287109375,29039500
2024-12-18,79.13999938964844,79.13999938964844,78.1500015258789,78.16999816894531,70.90862274169922,80034500
2024-12-19,78.44999694824219,78.51000213623047,78.08999633789062,78.08999633789062,70.8360595703125,69005700
2024-12-20,78.0,78.66999816894531,78.0,78.58000183105469,71.28056335449219,63276200
2024-12-23,78.6500015258789,78.69000244140625,78.37000274658203,78.37000274658203,71.09003448486328,29239400
2024-12-24,78.4000015258789,78.63999938964844,78.3499984741211,78.62000274658203,71.31683349609375,11926100
2024-12-26,78.51000213623047,78.81999969482422,78.47000122070312,78.81999969482422,71.49823760986328,18384900
2024-12-27,78.73999786376953,78.76000213623047,78.52999877929688,78.55000305175781,71.25333404541016,20631800
2024-12-30,78.58000183105469,78.73999786376953,78.5,78.66000366210938,71.3531265258789,20659200
2024-12-31,78.77999877929688,78.83999633789062,78.55000305175781,78.6500015258789,71.34404754638672,18664900
2025-01-02,78.87999725341797,78.94999694824219,78.72000122070312,78.83999633789062,71.51638793945312,30415400
2025-01-03,78.98999786376953,79.02999877929688,78.93000030517578,78.95999908447266,71.62525177001953,32611000
2025-01-06,79.1500015258789,79.19000244140625,79.0199966430664,79.0999984741211,71.75225067138672,32110000
2025-01-07,79.13999938964844,79.22000122070312,78.81999969482422,78.83999633789062,71.51638793945312,43790200
2025-01-08,78.8499984741211,78.98999786376953,78.76000213623047,78.94000244140625,71.60709381103516,35304900
2025-01-10,78.80000305175781,78.80000305175781,78.5,78.52999877929688,71.2352066040039,37417300
2025-01-13,78.48999786376953,78.55999755859375,78.37000274658203,78.51000213623047,71.21705627441406,39180700
2025-01-14,78.69000244140625,78.7300033569336,78.55000305175781,78.61000061035156,71.30775451660156,29581100
2025-01-15,79.16000366210938,79.30999755859375,79.05999755859375,79.30000305175781,71.93366241455078,53574900
2025-01-16,79.20999908447266,79.41000366210938,79.12000274658203,79.38999938964844,72.01529693603516,32363000
2025-01-17,79.48999786376953,79.5199966430664,79.38999938964844,79.45999908447266,72.07879638671875,29546400
2025-01-21,79.61000061035156,79.69999694824219,79.5999984741211,79.66999816894531,72.26929473876953,32962700
2025-01-22,79.69999694824219,79.72000122070312,79.5199966430664,79.55999755859375,72.16950988769531,25028500
2025-01-23,79.5199966430664,79.66999816894531,79.44000244140625,79.66000366210938,72.2602310180664,27434800
2025-01-24,79.69999694824219,79.83000183105469,79.66000366210938,79.75,72.34187316894531,23648600
2025-01-27,79.66999816894531,79.86000061035156,79.61000061035156,79.80999755859375,72.39628601074219,28540600
2025-01-28,79.7699966430664,79.80999755859375,79.66999816894531,79.77999877929688,72.36908721923828,30439900
2025-01-29,79.76000213623047,79.83000183105469,79.62000274658203,79.7300033569336,72.32372283935547,20072100
2025-01-30,79.94000244140625,79.94000244140625,79.79000091552734,79.87999725341797,72.45978546142578,34495300
2025-01-31,79.9000015258789,79.97000122070312,79.66999816894531,79.72000122070312,72.31463623046875,37101100
2025-02-03,79.16999816894531,79.37000274658203,79.04000091552734,79.26000213623047,72.2235336303711,29965100
2025-02-04,79.30000305175781,79.51000213623047,79.2300033569336,79.51000213623047,72.45133972167969,28938600
2025-02-05,79.54000091552734,79.7699966430664,79.54000091552734,79.72000122070312,72.6426773071289,31834000
2025-02-06,79.72000122070312,79.79000091552734,79.58000183105469,79.5999984741211,72.53334045410156,24224100
2025-02-07,79.55999755859375,79.58000183105469,79.33999633789062,79.3499984741211,72.30554962158203,28778200
2025-02-10,79.54000091552734,79.58999633789062,79.47000122070312,79.51000213623047,72.45133972167969,23382600
2025-02-11,79.52999877929688,79.52999877929688,79.4000015258789,79.4800033569336,72.42399597167969,24410000
2025-02-12,79.20999908447266,79.43000030517578,79.1500015258789,79.30999755859375,72.26908111572266,34362700
2025-02-13,79.43000030517578,79.69999694824219,79.37999725341797,79.66999816894531,72.59712982177734,36149900
2025-02-14,79.79000091552734,79.88999938964844,79.72000122070312,79.76000213623047,72.67915344238281,26668300
2025-02-18,79.75,79.80999755859375,79.63999938964844,79.69000244140625,72.61534118652344,23274200
2025-02-19,79.63999938964844,79.76000213623047,79.55999755859375,79.75,72.67003631591797,38958600
2025-02-20,79.73999786376953,79.81999969482422,79.68000030517578,79.80000305175781,72.71556854248047,25789000
2025-02-21,79.7699966430664,79.86000061035156,79.6500015258789,79.6500015258789,72.57891082763672,32016500
2025-02-24,79.66999816894531,79.83999633789062,79.63999938964844,79.75,72.67003631591797,21029200
2025-02-25,79.94999694824219,79.9800033569336,79.83999633789062,79.94999694824219,72.85225677490234,30604400
2025-02-26,80.0,80.08000183105469,79.97000122070312,80.05999755859375,72.95250701904297,21777500
2025-02-27,80.05000305175781,80.08000183105469,79.87000274658203,79.91000366210938,72.8157958984375,40521800
2025-02-28,79.98999786376953,80.12999725341797,79.93000030517578,80.12999725341797,73.01627349853516,44321200
2025-03-03,79.69000244140625,79.75,79.51000213623047,79.58999633789062,72.86431121826172,40729100
2025-03-04,79.51000213623047,79.63999938964844,79.30999755859375,79.58000183105469,72.85516357421875,66274600
2025-03-05,79.44999694824219,79.68000030517578,79.44000244140625,79.62000274658203,72.89178466796875,32302200
2025-03-06,79.43000030517578,79.5,79.27999877929688,79.31999969482422,72.61711883544922,50431500
2025-03-07,79.3499984741211,79.51000213623047,79.33000183105469,79.44999694824219,72.73614501953125,52828900
2025-03-10,79.30000305175781,79.37999725341797,79.13999938964844,79.1500015258789,72.46150207519531,57602100
2025-03-11,79.20999908447266,79.26000213623047,78.80000305175781,78.87000274658203,72.20516204833984,75826700
2025-03-12,79.05999755859375,79.11000061035156,78.87999725341797,78.95999908447266,72.28755950927734,53763000
2025-03-13,78.86000061035156,78.87000274658203,78.48999786376953,78.5199966430664,71.88473510742188,81223200
2025-03-14,78.83000183105469,78.97000122070312,78.70999908447266,78.87999725341797,72.21430969238281,51469800
2025-03-17,78.88999938964844,79.0999984741211,78.87000274658203,79.06999969482422,72.38825988769531,33954200
2025-03-18,79.01000213623047,79.06999969482422,78.93000030517578,78.93000030517578,72.26008605957031,40195900
2025-03-19,78.95999908447266,79.54000091552734,78.95999908447266,79.44999694824219,72.73614501953125,45212700
2025-03-20,79.38999938964844,79.5,79.26000213623047,79.33999633789062,72.63542175292969,42977600
2025-03-21,79.2699966430664,79.30999755859375,79.06999969482422,79.22000122070312,72.52558135986328,35124000
2025-03-24,79.41999816894531,79.5,79.3499984741211,79.44999694824219,72.73614501953125,36393500
2025-03-25,79.5,79.58000183105469,79.37999725341797,79.41000366210938,72.69953918457031,29075500
2025-03-26,79.4000015258789,79.41999816894531,78.97000122070312,79.08999633789062,72.40654754638672,51236100
2025-03-27,79.05000305175781,79.13999938964844,78.93000030517578,78.94000244140625,72.26923370361328,38493100
2025-03-28,78.98999786376953,79.0,78.66000366210938,78.80000305175781,72.14107513427734,58896900
2025-03-31,78.5199966430664,78.91999816894531,78.5199966430664,78.88999938964844,72.22345733642578,47853500
2025-04-01,78.68000030517578,78.72000122070312,78.43000030517578,78.69000244140625,72.39089965820312,54256000
2025-04-02,78.54000091552734,78.86000061035156,78.54000091552734,78.8499984741211,72.53809356689453,49072400
2025-04-03,78.0999984741211,78.27999877929688,77.73999786376953,77.87000274658203,71.63654327392578,116401400
2025-04-04,76.80000305175781,77.33000183105469,76.54000091552734,76.76000213623047,70.61538696289062,181273300
2025-04-07,75.87000274658203,77.5999984741211,75.62999725341797,76.0999984741211,70.00823211669922,193374800
2025-04-08,77.0199966430664,77.12999725341797,75.41999816894531,75.75,69.68622589111328,106007700
2025-04-09,75.0999984741211,77.83999633789062,75.08000183105469,77.77999877929688,71.5537338256836,152382200
2025-04-10,77.06999969482422,77.18000030517578,76.13999938964844,76.51000213623047,70.38541412353516,93884100
2025-04-11,76.2699966430664,77.16999816894531,76.0,76.73999786376953,70.59699249267578,71884000
2025-04-14,77.27999877929688,77.45999908447266,76.94000244140625,77.12000274658203,70.94658660888672,50011400
2025-04-15,77.23999786376953,77.5,77.18000030517578,77.33000183105469,71.13976287841797,39790500
2025-04-16,77.3499984741211,77.5199966430664,77.11000061035156,77.31999969482422,71.13055419921875,52028800
2025-04-17,77.62000274658203,77.79000091552734,77.52999877929688,77.7699966430664,71.54454803466797,37355500
2025-04-21,77.48999786376953,77.51000213623047,77.1500015258789,77.30999755859375,71.1213607788086,36078000
2025-04-22,77.58000183105469,77.80999755859375,77.51000213623047,77.61000061035156,71.39735412597656,33941100
2025-04-23,78.5999984741211,78.73999786376953,77.97000122070312,78.0,71.75613403320312,63723400
2025-04-24,78.27999877929688,78.73999786376953,78.18000030517578,78.69999694824219,72.40009307861328,49007800
2025-04-25,78.58999633789062,78.94000244140625,78.54000091552734,78.7699966430664,72.46449279785156,47981700
2025-04-28,78.77999877929688,78.87000274658203,78.55000305175781,78.80999755859375,72.50129699707031,42220700
2025-04-29,78.6500015258789,79.05000305175781,78.6500015258789,79.0199966430664,72.69447326660156,51198600
2025-04-30,78.62999725341797,78.70999908447266,78.45999908447266,78.5999984741211,72.30809783935547,69994200
2025-05-01,78.4000015258789,78.48999786376953,78.22000122070312,78.30000305175781,72.40149688720703,50848600
2025-05-02,78.5,78.61000061035156,78.36000061035156,78.54000091552734,72.62342071533203,41354100
2025-05-05,78.47000122070312,78.63999938964844,78.4000015258789,78.51000213623047,72.59567260742188,39815300
2025-05-06,78.41000366210938,78.5199966430664,78.33000183105469,78.44999694824219,72.54019165039062,36292600
2025-05-07,78.55999755859375,78.62000274658203,78.36000061035156,78.5199966430664,72.60493469238281,32676200
2025-05-08,78.66999816894531,78.7699966430664,78.44999694824219,78.5,72.58644104003906,32684900
2025-05-09,78.58999633789062,78.69999694824219,78.54000091552734,78.55000305175781,72.6326675415039,23971200
2025-05-12,79.23999786376953,79.38999938964844,79.02999877929688,79.33000183105469,73.35391235351562,70558600
2025-05-13,79.37999725341797,79.58000183105469,79.31999969482422,79.47000122070312,73.48336029052734,52141900
2025-05-14,79.4000015258789,79.43000030517578,79.13999938964844,79.18000030517578,73.2152099609375,45406500
2025-05-15,79.05999755859375,79.33000183105469,79.05999755859375,79.33000183105469,73.35391235351562,49301300
2025-05-16,79.37999725341797,79.43000030517578,79.2699966430664,79.41999816894531,73.43712615966797,30657200
2025-05-19,79.05999755859375,79.38999938964844,79.05000305175781,79.37999725341797,73.40013122558594,26228800
2025-05-20,79.2699966430664,79.37999725341797,79.20999908447266,79.33999633789062,73.36314392089844,25933700
2025-05-21,79.08000183105469,79.22000122070312,78.80000305175781,78.80999755859375,72.87306213378906,54737300
2025-05-22,78.80999755859375,79.05000305175781,78.75,78.97000122070312,73.02102661132812,43242700
2025-05-23,78.76000213623047,78.9800033569336,78.73999786376953,78.94999694824219,73.00252532958984,29598900
2025-05-27,79.27999877929688,79.44000244140625,79.16999816894531,79.43000030517578,73.44637298583984,33524700
2025-05-28,79.41999816894531,79.44000244140625,79.25,79.37999725341797,73.40013122558594,27012900
2025-05-29,79.55999755859375,79.56999969482422,79.41000366210938,79.5,73.5111083984375,28616300
2025-05-30,79.44999694824219,79.58000183105469,79.4000015258789,79.56999969482422,73.57583618164062,28930300
2025-06-02,79.12999725341797,79.19000244140625,78.9800033569336,79.18000030517578,73.56282043457031,45527200
2025-06-03,79.23999786376953,79.3499984741211,79.16999816894531,79.33000183105469,73.70218658447266,28458700
2025-06-04,79.33999633789062,79.51000213623047,79.33999633789062,79.4800033569336,73.8415298461914,41403600
2025-06-05,79.47000122070312,79.48999786376953,79.2699966430664,79.30999755859375,73.68359375,44563900
2025-06-06,79.37999725341797,79.38999938964844,79.25,79.30000305175781,73.67431640625,41300100
2025-06-09,79.27999877929688,79.43000030517578,79.27999877929688,79.33999633789062,73.71145629882812,30169000
2025-06-10,79.41000366210938,79.55000305175781,79.33000183105469,79.52999877929688,73.88798522949219,24234400
2025-06-11,79.58999633789062,79.63999938964844,79.48999786376953,79.51000213623047,73.8694076538086,30114400
2025-06-12,79.51000213623047,79.5999984741211,79.47000122070312,79.5999984741211,73.9530258178711,28373200
2025-06-13,79.41999816894531,79.5,79.30000305175781,79.36000061035156,73.73005676269531,35271000
2025-06-16,79.5199966430664,79.5999984741211,79.48999786376953,79.5199966430664,73.8786849975586,26225100
2025-06-17,79.5199966430664,79.63999938964844,79.37000274658203,79.43000030517578,73.79508209228516,27747200
2025-06-18,79.48999786376953,79.70999908447266,79.43000030517578,79.55000305175781,73.90657806396484,32833500
2025-06-20,79.62000274658203,79.80999755859375,79.58999633789062,79.80000305175781,74.13883209228516,45845800
2025-06-23,79.7699966430664,79.94999694824219,79.70999908447266,79.94999694824219,74.2781982421875,32361400
2025-06-24,80.05000305175781,80.20999908447266,80.0,80.16999816894531,74.48257446289062,50893200
2025-06-25,80.18000030517578,80.22000122070312,80.08000183105469,80.1500015258789,74.46399688720703,24156100
2025-06-26,80.2699966430664,80.38999938964844,80.19999694824219,80.37999725341797,74.67768859863281,28889100
2025-06-27,80.4000015258789,80.47000122070312,80.30000305175781,80.33999633789062,74.64054107666016,47849500
2025-06-30,80.52999877929688,80.66999816894531,80.44999694824219,80.6500015258789,74.92853546142578,52885900
2025-07-01,80.19999694824219,80.2699966430664,80.0999984741211,80.16999816894531,74.8342514038086,45411000
2025-07-02,80.16999816894531,80.31999969482422,80.08000183105469,80.31999969482422,74.9742660522461,32359500
2025-07-03,80.30000305175781,80.38999938964844,80.26000213623047,80.37000274658203,75.02091979980469,19750000
2025-07-07,80.33000183105469,80.33999633789062,80.05999755859375,80.0999984741211,74.76889038085938,37027200
2025-07-08,80.08999633789062,80.12000274658203,79.94000244140625,79.98999786376953,74.66622924804688,31358900
2025-07-09,80.13999938964844,80.22000122070312,80.08000183105469,80.20999908447266,74.87158203125,30277500
2025-07-10,80.20999908447266,80.22000122070312,80.12999725341797,80.12999725341797,74.79690551757812,28776200
2025-07-11,80.04000091552734,80.05000305175781,79.93000030517578,80.02999877929688,74.70355987548828,30482200
2025-07-14,80.01000213623047,80.0999984741211,79.97000122070312,80.08999633789062,74.75956726074219,23716200
2025-07-15,80.16000366210938,80.16999816894531,79.8499984741211,79.8499984741211,74.53555297851562,37039500
2025-07-16,79.94999694824219,80.08000183105469,79.75,80.05999755859375,74.7315673828125,39780100
2025-07-17,80.04000091552734,80.18000030517578,80.0,80.13999938964844,74.80625915527344,25703200
2025-07-18,80.26000213623047,80.31999969482422,80.18000030517578,80.25,74.90892791748047,27686400
2025-07-21,80.31999969482422,80.44999694824219,80.31999969482422,80.36000061035156,75.01160430908203,28483300
2025-07-22,80.44000244140625,80.5199966430664,80.33999633789062,80.5,75.14228057861328,26017700
2025-07-23,80.5199966430664,80.55000305175781,80.44000244140625,80.54000091552734,75.17961883544922,26025000
2025-07-24,80.44000244140625,80.51000213623047,80.41000366210938,80.44000244140625,75.08628845214844,27013700
2025-07-25,80.5,80.58000183105469,80.41000366210938,80.48999786376953,75.1329574584961,30123100
2025-07-28,80.5199966430664,80.5199966430664,80.44000244140625,80.44999694824219,75.09561157226562,22093800
2025-07-29,80.48999786376953,80.55000305175781,80.44999694824219,80.5,75.14228057861328,21371800
2025-07-30,80.44999694824219,80.5199966430664,80.25,80.33000183105469,74.98359680175781,38392400
2025-07-31,80.4000015258789,80.4800033569336,80.33000183105469,80.37999725341797,75.0302734375,41501300
2025-08-01,80.04000091552734,80.08999633789062,79.80000305175781,79.9800033569336,75.0340347290039,68963100
2025-08-04,80.08999633789062,80.25,80.05999755859375,80.25,75.2873306274414,37539200
2025-08-05,80.20999908447266,80.23999786376953,80.0999984741211,80.20999908447266,75.24980163574219,29656300
2025-08-06,80.20999908447266,80.30000305175781,80.13999938964844,80.29000091552734,75.32484436035156,30512900
2025-08-07,80.30999755859375,80.36000061035156,80.16000366210938,80.20999908447266,75.24980163574219,29405000
2025-08-08,80.19999694824219,80.25,80.16000366210938,80.22000122070312,75.2591781616211,24679000
2025-08-11,80.22000122070312,80.29000091552734,80.16999816894531,80.22000122070312,75.2591781616211,30159800
2025-08-12,80.2699966430664,80.4000015258789,80.20999908447266,80.4000015258789,75.42803955078125,40846200
2025-08-13,80.45999908447266,80.61000061035156,80.45999908447266,80.61000061035156,75.62506103515625,35039600
2025-08-14,80.48999786376953,80.48999786376953,80.3499984741211,80.4000015258789,75.42803955078125,36559900
2025-08-15,80.47000122070312,80.47000122070312,80.37000274658203,80.45999908447266,75.48434448242188,22754000
2025-08-18,80.44000244140625,80.48999786376953,80.37999725341797,80.4000015258789,75.42803955078125,25400800
2025-08-19,80.44999694824219,80.4800033569336,80.36000061035156,80.37999725341797,75.4092788696289,21700500
2025-08-20,80.41000366210938,80.43000030517578,80.30999755859375,80.3499984741211,75.38114929199219,29704900
2025-08-21,80.26000213623047,80.30000305175781,80.19000244140625,80.19999694824219,75.24041748046875,35825900
2025-08-22,80.31999969482422,80.86000061035156,80.30000305175781,80.8499984741211,75.85022735595703,59541500
2025-08-25,80.77999877929688,80.80999755859375,80.69000244140625,80.69000244140625,75.70012664794922,32714800
2025-08-26,80.79000091552734,80.9000015258789,80.73999786376953,80.87000274658203,75.8689956665039,33659900
2025-08-27,80.81999969482422,80.98999786376953,80.81999969482422,80.97000122070312,75.96279907226562,24335000
2025-08-28,80.97000122070312,81.01000213623047,80.9000015258789,81.01000213623047,76.00032043457031,24203800
2025-08-29,80.98999786376953,80.98999786376953,80.86000061035156,80.86000061035156,75.8595962524414,35070300
2025-09-02,80.2699966430664,80.43000030517578,80.19999694824219,80.38999938964844,75.77759552001953,51804000
2025-09-03,80.41000366210938,80.61000061035156,80.41000366210938,80.61000061035156,75.98497772216797,34283100
2025-09-04,80.66000366210938,80.83999633789062,80.62999725341797,80.83000183105469,76.19235229492188,37999700
2025-09-05,80.9800033569336,81.0999984741211,80.83999633789062,80.87000274658203,76.23007202148438,39147800
2025-09-08,80.94999694824219,80.97000122070312,80.8499984741211,80.87000274658203,76.23007202148438,27003400
2025-09-09,80.8499984741211,80.87999725341797,80.66999816894531,80.77999877929688,76.14521789550781,36704500
2025-09-10,80.83999633789062,80.94000244140625,80.79000091552734,80.83999633789062,76.20178985595703,38106100
2025-09-11,80.91000366210938,81.0999984741211,80.91000366210938,81.04000091552734,76.39031219482422,34221500
2025-09-12,81.02999877929688,81.02999877929688,80.94000244140625,80.95999908447266,76.31489562988281,25702800
2025-09-15,81.08000183105469,81.19999694824219,81.06999969482422,81.19000244140625,76.53169250488281,27248800
2025-09-16,81.20999908447266,81.2300033569336,81.0999984741211,81.12999725341797,76.47513580322266,33075600
2025-09-17,81.19000244140625,81.23999786376953,80.91000366210938,81.05000305175781,76.39973449707031,35955700
2025-09-18,81.13999938964844,81.2699966430664,81.06999969482422,81.2300033569336,76.56940460205078,43250000
2025-09-19,81.25,81.29000091552734,81.1500015258789,81.26000213623047,76.59769439697266,32042900
2025-09-22,81.19000244140625,81.33000183105469,81.18000030517578,81.31999969482422,76.65424346923828,26670200
2025-09-23,81.33999633789062,81.36000061035156,81.19999694824219,81.26000213623047,76.59769439697266,37088500
2025-09-24,81.25,81.25,81.12000274658203,81.1500015258789,76.4939956665039,28124300
2025-09-25,81.0,81.01000213623047,80.88999938964844,80.91999816894531,76.27719116210938,33509900
2025-09-26,81.04000091552734,81.11000061035156,80.95999908447266,81.08000183105469,76.42801666259766,31046800
2025-09-29,81.16000366210938,81.23999786376953,81.12999725341797,81.22000122070312,76.55997467041016,28558500
2025-09-30,81.16999816894531,81.20999908447266,81.0999984741211,81.19000244140625,76.53169250488281,54970300
2025-10-01,80.80999755859375,81.0,80.77999877929688,80.95999908447266,76.67469787597656,58042600
2025-10-02,80.94000244140625,80.97000122070312,80.83999633789062,80.93000030517578,76.64630889892578,33348900
2025-10-03,80.91999816894531,80.94000244140625,80.81999969482422,80.83999633789062,76.5610580444336,35109200
2025-10-06,80.88999938964844,80.91000366210938,80.83000183105469,80.86000061035156,76.57999420166016,29485100
2025-10-07,80.88999938964844,80.88999938964844,80.76000213623047,80.7699966430664,76.49476623535156,27672300
2025-10-08,80.81999969482422,80.83999633789062,80.63999938964844,80.6500015258789,76.38111114501953,34932200
2025-10-09,80.63999938964844,80.6500015258789,80.30999755859375,80.41999816894531,76.16328430175781,65586700
2025-10-10,80.47000122070312,80.48999786376953,79.94999694824219,79.94999694824219,75.7181625366211,83840400
2025-10-13,80.2300033569336,80.44999694824219,80.16999816894531,80.44999694824219,76.19168853759766,31926800
2025-10-14,80.18000030517578,80.63999938964844,80.11000061035156,80.54000091552734,76.27693939208984,63860100
2025-10-15,80.72000122070312,80.83000183105469,80.5999984741211,80.80000305175781,76.5231704711914,59802200
2025-10-16,80.80000305175781,80.81999969482422,80.45999908447266,80.51000213623047,76.24851989746094,75725200
2025-10-17,80.44000244140625,80.7300033569336,80.43000030517578,80.72000122070312,76.44740295410156,70044200
2025-10-20,80.7699966430664,80.91000366210938,80.7699966430664,80.87999725341797,76.59893035888672,43762300
2025-10-21,80.87999725341797,80.94000244140625,80.76000213623047,80.76000213623047,76.48531341552734,45418100
2025-10-22,80.76000213623047,80.80999755859375,80.5999984741211,80.68000030517578,76.4095230102539,50698600
2025-10-23,80.69999694824219,80.86000061035156,80.69999694824219,80.86000061035156,76.57999420166016,37962400
2025-10-24,81.02999877929688,81.08999633789062,80.97000122070312,81.08000183105469,76.7883529663086,39905600
2025-10-27,81.16999816894531,81.33000183105469,81.12999725341797,81.27999877929688,76.97776794433594,36495000
2025-10-28,81.27999877929688,81.27999877929688,81.16999816894531,81.19999694824219,76.90198516845703,31591400
2025-10-29,81.19999694824219,81.2300033569336,80.9000015258789,80.94999694824219,76.66522216796875,51827100
2025-10-30,80.79000091552734,80.94000244140625,80.76000213623047,80.80000305175781,76.5231704711914,39967300
2025-10-31,80.88999938964844,80.95999908447266,80.75,80.80000305175781,76.5231704711914,45044600
2025-11-03,80.38999938964844,80.4000015258789,80.12999725341797,80.13999938964844,76.28519439697266,54615100
2025-11-04,79.9800033569336,80.22000122070312,79.95999908447266,80.1500015258789,76.29472351074219,49705000
2025-11-05,80.19000244140625,80.27999877929688,80.16999816894531,80.2300033569336,76.3708724975586,42273700
2025-11-06,80.30999755859375,80.33000183105469,80.12999725341797,80.26000213623047,76.39942932128906,46629200
2025-11-07,80.25,80.3499984741211,80.08999633789062,80.33000183105469,76.46605682373047,47233800
2025-11-10,80.44999694824219,80.6500015258789,80.43000030517578,80.5999984741211,76.72306060791016,51875200
2025-11-11,80.61000061035156,80.7300033569336,80.61000061035156,80.69000244140625,76.80875396728516,17001100
2025-11-12,80.69000244140625,80.69999694824219,80.48999786376953,80.52999877929688,76.65644836425781,43962900
2025-11-13,80.41999816894531,80.41999816894531,80.1500015258789,80.19999694824219,76.3423080444336,53631300
2025-11-14,80.08000183105469,80.4000015258789,80.08000183105469,80.22000122070312,76.36135864257812,40853500
2025-11-17,80.19000244140625,80.2699966430664,80.04000091552734,80.08999633789062,76.23759460449219,42954200
2025-11-18,80.0199966430664,80.19000244140625,79.98999786376953,80.11000061035156,76.25664520263672,44098700
2025-11-19,80.13999938964844,80.30000305175781,80.08999633789062,80.1500015258789,76.29472351074219,33510100
2025-11-20,80.41000366210938,80.48999786376953,80.0999984741211,80.0999984741211,76.24711608886719,65471200
2025-11-21,80.26000213623047,80.41000366210938,80.12999725341797,80.37000274658203,76.5041275024414,62331700
2025-11-24,80.41999816894531,80.5999984741211,80.4000015258789,80.58999633789062,76.71355438232422,38964900
2025-11-25,80.56999969482422,80.9000015258789,80.54000091552734,80.87000274658203,76.98008728027344,56524800
2025-11-26,80.83000183105469,80.9800033569336,80.79000091552734,80.94999694824219,77.05622863769531,27454800
2025-11-28,81.0,81.06999969482422,80.94000244140625,80.98999786376953,77.09431457519531,29430800
2025-12-01,80.4000015258789,80.54000091552734,80.37999725341797,80.47000122070312,76.95565032958984,45274800
2025-12-02,80.54000091552734,80.63999938964844,80.4800033569336,80.62000274658203,77.0990982055664,38842600
2025-12-03,80.61000061035156,80.79000091552734,80.56999969482422,80.69000244140625,77.16604614257812,35019100
2025-12-04,80.69999694824219,80.7699966430664,80.56999969482422,80.75,77.22340393066406,34777400
2025-12-05,80.7300033569336,80.80999755859375,80.66999816894531,80.75,77.22340393066406,30486800
2025-12-08,80.72000122070312,80.73999786376953,80.48999786376953,80.55000305175781,77.03216552734375,43160800
2025-12-09,80.55000305175781,80.61000061035156,80.44000244140625,80.45999908447266,76.94608306884766,30558800
2025-12-10,80.43000030517578,80.79000091552734,80.41999816894531,80.7300033569336,77.20429229736328,53052100
2025-12-11,80.73999786376953,80.76000213623047,80.66000366210938,80.72000122070312,77.19473266601562,44546400
2025-12-12,80.69000244140625,80.70999908447266,80.52999877929688,80.56999969482422,77.05126190185547,45566100
2025-12-15,80.66999816894531,80.69999694824219,80.56999969482422,80.61000061035156,77.08953094482422,28983600
2025-12-16,80.61000061035156,80.66999816894531,80.55999755859375,80.66000366210938,77.13734436035156,27908000
2025-12-17,80.6500015258789,80.66999816894531,80.51000213623047,80.55999755859375,77.0417251586914,36999700
2025-12-18,80.77999877929688,80.80000305175781,80.66999816894531,80.77999877929688,77.25210571289062,52680500
2025-12-19,80.43000030517578,80.47000122070312,80.33000183105469,80.36000061035156,77.21464538574219,34413300
2025-12-22,80.45999908447266,80.45999908447266,80.29000091552734,80.43000030517578,77.28189086914062,37203900
2025-12-23,80.37000274658203,80.48999786376953,80.3499984741211,80.48999786376953,77.33954620361328,24341800
2025-12-24,80.51000213623047,80.63999938964844,80.47000122070312,80.63999938964844,77.48367309570312,10533500
2025-12-26,80.63999938964844,80.69999694824219,80.58999633789062,80.5999984741211,77.44523620605469,10922900
2025-12-29,80.55999755859375,80.66000366210938,80.55000305175781,80.62999725341797,77.47406768798828,22012700
2025-12-30,80.63999938964844,80.75,80.61000061035156,80.70999908447266,77.55094146728516,20146700
2025-12-31,80.72000122070312,80.75,80.62999725341797,80.62999725341797,77.47406768798828,17457100
2026-01-02,80.72000122070312,80.72000122070312,80.58999633789062,80.66999816894531,77.51248931884766,28403300
2026-01-05,80.73999786376953,80.91000366210938,80.69999694824219,80.87999725341797,77.71427917480469,38563200
2026-01-06,80.9000015258789,80.94000244140625,80.81999969482422,80.9000015258789,77.73350524902344,31721500
2026-01-07,80.95999908447266,81.0,80.83999633789062,80.87999725341797,77.71427917480469,27022700
2026-01-08,80.83999633789062,80.94999694824219,80.80000305175781,80.94000244140625,77.77193450927734,33516900
2026-01-09,80.94999694824219,81.02999877929688,80.94999694824219,81.0,77.82958221435547,31849200
2026-01-12,80.91000366210938,81.05000305175781,80.9000015258789,81.04000091552734,77.86801147460938,23983600
2026-01-13,81.06999969482422,81.08000183105469,80.97000122070312,81.04000091552734,77.86801147460938,27607400
2026-01-14,81.0,81.05000305175781,80.93000030517578,81.04000091552734,77.86801147460938,42994000
2026-01-15,81.0999984741211,81.11000061035156,81.0,81.04000091552734,77.86801147460938,30412400
2026-01-16,81.08000183105469,81.0999984741211,80.98999786376953,81.08999633789062,77.91606140136719,52466300
2026-01-20,80.75,80.94999694824219,80.66999816894531,80.87999725341797,77.71427917480469,38653400
2026-01-21,80.9800033569336,81.16000366210938,80.95999908447266,81.12000274658203,77.94489288330078,42023500
2026-01-22,81.19000244140625,81.23999786376953,81.12999725341797,81.18000030517578,78.0025405883789,35231900
2026-01-23,81.18000030517578,81.19999694824219,81.04000091552734,81.13999938964844,77.96409606933594,38360500
2026-01-26,81.19000244140625,81.22000122070312,81.12000274658203,81.18000030517578,78.0025405883789,27027500
2026-01-27,81.18000030517578,81.22000122070312,81.13999938964844,81.16999816894531,77.99293518066406,22961500
2026-01-28,81.16999816894531,81.18000030517578,81.02999877929688,81.04000091552734,77.86801147460938,35559200
2026-01-29,81.05000305175781,81.06999969482422,80.9000015258789,81.02999877929688,77.8583984375,38201600
2026-01-30,80.91999816894531,81.12999725341797,80.91999816894531,81.12000274658203,77.94489288330078,59848000
2026-02-02,80.66999816894531,80.80999755859375,80.63999938964844,80.7699966430664,77.99219512939453,42890700
2026-02-03,80.76000213623047,80.80999755859375,80.52999877929688,80.72000122070312,77.94391632080078,49372700
2026-02-04,80.69999694824219,80.72000122070312,80.54000091552734,80.62000274658203,77.84735107421875,42829400
2026-02-05,80.55999755859375,80.62000274658203,80.44999694824219,80.52999877929688,77.76045227050781,75554200
2026-02-06,80.66999816894531,80.80999755859375,80.62000274658203,80.80999755859375,78.03082275390625,40915900
2026-02-09,80.76000213623047,80.91999816894531,80.76000213623047,80.91999816894531,78.13704681396484,33716900
2026-02-10,80.94999694824219,81.01000213623047,80.83999633789062,80.83999633789062,78.05978393554688,37886100
2026-02-11,80.9000015258789,80.93000030517578,80.72000122070312,80.83000183105469,78.05013275146484,27272300
2026-02-12,80.91000366210938,80.97000122070312,80.75,80.79000091552734,78.01150512695312,48457000
2026-02-13,80.83000183105469,80.94000244140625,80.81999969482422,80.8499984741211,78.06945037841797,36612400
2026-02-17,80.81999969482422,80.86000061035156,80.73999786376953,80.80999755859375,78.03082275390625,35682000
2026-02-18,80.83999633789062,80.9800033569336,80.80999755859375,80.91000366210938,78.12739562988281,33943100
2026-02-19,80.87999725341797,80.94000244140625,80.83000183105469,80.94000244140625,78.15635681152344,29531000
2026-02-20,80.93000030517578,81.0,80.87000274658203,81.0,78.21429443359375,37959800
2026-02-23,80.95999908447266,81.01000213623047,80.83999633789062,80.87000274658203,78.08877563476562,33666000
2026-02-24,80.8499984741211,80.87000274658203,80.6500015258789,80.80999755859375,78.03082275390625,54979900
2026-02-25,80.81999969482422,80.93000030517578,80.81999969482422,80.91999816894531,78.13704681396484,29428200
2026-02-26,80.88999938964844,80.94000244140625,80.76000213623047,80.8499984741211,78.06945037841797,54533600
2026-02-27,80.75,80.80000305175781,80.6500015258789,80.72000122070312,77.94391632080078,62450000
2026-03-02,80.05999755859375,80.41000366210938,80.02999877929688,80.27999877929688,77.89928436279297,74327000
2026-03-03,79.94000244140625,80.30999755859375,79.83999633789062,80.12000274658203,77.74403381347656,118126800
2026-03-04,80.2300033569336,80.44999694824219,80.19999694824219,80.4000015258789,78.0157241821289,58694100
2026-03-05,80.2699966430664,80.30999755859375,80.0199966430664,80.08000183105469,77.70521545410156,79841000
2026-03-06,79.75,80.0,79.6500015258789,79.69000244140625,77.32677459716797,82125600
2026-03-09,79.58999633789062,80.18000030517578,79.54000091552734,80.16999816894531,77.79254913330078,88695000
2026-03-10,80.05000305175781,80.37999725341797,80.02999877929688,80.04000091552734,77.66639709472656,67499600
2026-03-11,79.98999786376953,80.04000091552734,79.80999755859375,79.86000061035156,77.49175262451172,59983500
2026-03-12,79.75,79.75,79.31999969482422,79.3499984741211,76.99686431884766,68674300
2026-03-13,79.52999877929688,79.68000030517578,79.12000274658203,79.19999694824219,76.85131072998047,68652900
2026-03-16,79.51000213623047,79.66999816894531,79.44999694824219,79.44999694824219,77.09388732910156,57535600
2026-03-17,79.61000061035156,79.81999969482422,79.56999969482422,79.80999755859375,77.4432144165039,47967800
2026-03-18,79.69000244140625,79.75,79.38999938964844,79.4000015258789,77.04537963867188,50281900
2026-03-19,79.02999877929688,79.69999694824219,78.98999786376953,79.66000366210938,77.29767608642578,103981600
2026-03-20,79.5,79.52999877929688,78.8499984741211,78.91999816894531,76.57962036132812,109084800
2026-03-23,79.30000305175781,79.69999694824219,79.16999816894531,79.44000244140625,77.08419036865234,79015800
2026-03-24,79.23999786376953,79.41000366210938,79.05999755859375,79.16999816894531,76.82220458984375,71941600
2026-03-25,79.44999694824219,79.58000183105469,79.3499984741211,79.41999816894531,77.06478118896484,49917700
2026-03-26,79.25,79.33000183105469,78.80000305175781,78.91999816894531,76.57962036132812,74979300
2026-03-27,78.83999633789062,78.83999633789062,78.56999969482422,78.72000122070312,76.38554382324219,68174300
2026-03-30,79.0199966430664,79.0999984741211,78.76000213623047,78.80999755859375,76.4728775024414,55210700
2026-03-31,79.16000366210938,79.61000061035156,79.12000274658203,79.55999755859375,77.20063781738281,101521300
2026-04-01,79.3499984741211,79.45999908447266,79.23999786376953,79.37000274658203,77.38980102539062,69789200
2026-04-02,79.08000183105469,79.62999725341797,79.08000183105469,79.55999755859375,77.5750503540039,53828200
2026-04-06,79.51000213623047,79.70999908447266,79.5,79.69999694824219,77.7115707397461,37098300
2026-04-07,79.66999816894531,79.73999786376953,79.31999969482422,79.72000122070312,77.73107147216797,47264100
2026-04-08,80.47000122070312,80.5199966430664,80.02999877929688,80.19000244140625,78.18934631347656,58556400
2026-04-09,80.1500015258789,80.38999938964844,80.0,80.27999877929688,78.27709197998047,45207500
2026-04-10,80.33999633789062,80.33999633789062,79.94999694824219,79.95999908447266,77.965087890625,33005600
2026-04-13,79.87999725341797,80.2699966430664,79.87999725341797,80.26000213623047,78.25759887695312,38561400
2026-04-14,80.33999633789062,80.55999755859375,80.29000091552734,80.5,78.49160766601562,42038000
2026-04-15,80.44999694824219,80.48999786376953,80.3499984741211,80.45999908447266,78.45259857177734,47834900
2026-04-16,80.52999877929688,80.52999877929688,80.26000213623047,80.3499984741211,78.34534454345703,37743400
2026-04-17,80.5999984741211,80.76000213623047,80.55999755859375,80.6500015258789,78.63786315917969,61651600
2026-04-20,80.62999725341797,80.66999816894531,80.5,80.58000183105469,78.56961059570312,21104400
2026-04-21,80.55000305175781,80.58000183105469,80.30999755859375,80.37000274658203,78.36485290527344,58623500
2026-04-22,80.5,80.56999969482422,80.41999816894531,80.5,78.49160766601562,28004500
2026-04-23,80.45999908447266,80.55000305175781,80.16000366210938,80.37000274658203,78.36485290527344,49921700
2026-04-24,80.44000244140625,80.52999877929688,80.30000305175781,80.4800033569336,78.47210693359375,33626300
2026-04-27,80.44000244140625,80.54000091552734,80.41999816894531,80.51000213623047,78.50135803222656,24643700
2026-04-28,80.3499984741211,80.43000030517578,80.33000183105469,80.4000015258789,78.39409637451172,36382400
2026-04-29,80.31999969482422,80.33999633789062,79.9800033569336,80.12999725341797,78.1308364868164,56809400
2026-04-30,80.18000030517578,80.41999816894531,80.16999816894531,80.37999725341797,78.37459564208984,51626100
2026-05-01,80.05999755859375,80.2300033569336,80.02999877929688,80.05999755859375,78.47163391113281,43740400
2026-05-04,80.0199966430664,80.0199966430664,79.69000244140625,79.80000305175781,78.216796875,35069300
2026-05-05,79.88999938964844,80.0199966430664,79.88999938964844,79.91999816894531,78.33440399169922,26357900
2026-05-06,80.08999633789062,80.23999786376953,80.08000183105469,80.16000366210938,78.56964874267578,38323100
2026-05-07,80.22000122070312,80.23999786376953,79.86000061035156,79.86000061035156,78.27560424804688,44772900
2026-05-08,80.01000213623047,80.1500015258789,80.0,80.13999938964844,78.550048828125,29715200
2026-05-11,80.08000183105469,80.1500015258789,79.9800033569336,79.9800033569336,78.39321899414062,34366600
2026-05-12,79.81999969482422,79.88999938964844,79.69999694824219,79.87000274658203,78.28541564941406,37418900
2026-05-13,79.83999633789062,79.94999694824219,79.79000091552734,79.91000366210938,78.32461547851562,33257100
2026-05-14,79.97000122070312,80.05000305175781,79.8499984741211,79.8499984741211,78.26580047607422,27235600
2026-05-15,79.63999938964844,79.69000244140625,79.45999908447266,79.45999908447266,77.88353729248047,54466000
2026-05-18,79.62999725341797,79.69999694824219,79.44000244140625,79.54000091552734,77.96195220947266,38596100
2026-05-19,79.41000366210938,79.44999694824219,79.2300033569336,79.3499984741211,77.77571868896484,42904700
2026-05-20,79.5,79.87000274658203,79.4000015258789,79.86000061035156,78.27560424804688,58906300
2026-05-21,79.75,79.98999786376953,79.6500015258789,79.9000015258789,78.31481170654297,37584600
2026-05-22,80.01000213623047,80.0199966430664,79.83999633789062,79.91000366210938,78.32461547851562,22429400
2026-05-26,80.13999938964844,80.19000244140625,80.04000091552734,80.18000030517578,78.58924865722656,30406100
2026-05-27,80.16999816894531,80.20999908447266,80.08000183105469,80.12999725341797,78.54024505615234,22523800
2026-05-28,80.08000183105469,80.2699966430664,80.04000091552734,80.2300033569336,78.63825988769531,32001600
2026-05-29,80.26000213623047,80.36000061035156,80.20999908447266,80.30999755859375,78.7166748046875,39142200
2026-06-01,79.79000091552734,79.87999725341797,79.63999938964844,79.83999633789062,78.65657043457031,32671000
2026-06-02,79.83999633789062,79.9000015258789,79.79000091552734,79.9000015258789,78.71569061279297,25237500
2026-06-03,79.75,79.77999877929688,79.62999725341797,79.68000030517578,78.49894714355469,28203400
2026-06-04,79.75,79.8499984741211,79.75,79.83000183105469,78.646728515625,22697900
2026-06-05,79.69999694824219,79.72000122070312,79.3499984741211,79.43000030517578,78.25265502929688,46035600
2026-06-08,79.5999984741211,79.6500015258789,79.4800033569336,79.54000091552734,78.36101531982422,25217800
2026-06-09,79.62000274658203,79.79000091552734,79.41999816894531,79.62000274658203,78.4398422241211,34705500
2026-06-10,79.55999755859375,79.63999938964844,79.44999694824219,79.47000122070312,78.29206848144531,30345200
2026-06-11,79.56999969482422,79.97000122070312,79.5199966430664,79.94000244140625,78.75509643554688,55089500
2026-06-12,79.94000244140625,80.0,79.80000305175781,79.94000244140625,78.75509643554688,29873300
2026-06-15,80.13999938964844,80.16999816894531,80.02999877929688,80.04000091552734,78.85360717773438,32019600
2026-06-16,80.02999877929688,80.11000061035156,79.95999908447266,80.02999877929688,78.84375762939453,24471900
2026-06-17,79.98999786376953,80.06999969482422,79.70999908447266,79.7300033569336,78.5482177734375,47184800
2026-06-18,80.02999877929688,80.06999969482422,79.91999816894531,80.01000213623047,78.82405853271484,41111700
2026-06-22,79.94000244140625,79.9800033569336,79.87000274658203,79.94000244140625,78.75509643554688,26479500
2026-06-23,79.83000183105469,79.97000122070312,79.81999969482422,79.87000274658203,78.6861343383789,29811300
2026-06-24,79.94000244140625,79.98999786376953,79.83999633789062,79.8499984741211,78.66642761230469,38841000
2026-06-25,79.91999816894531,79.9800033569336,79.81999969482422,79.87999725341797,78.69598388671875,29322400
2026-06-26,79.81999969482422,79.94999694824219,79.80999755859375,79.83000183105469,78.646728515625,27647500
2026-06-29,79.94999694824219,80.02999877929688,79.8499984741211,80.01000213623047,78.82405853271484,37325700
2026-06-30,80.0,80.05000305175781,79.91999816894531,79.97000122070312,78.7846450805664,38103900
2026-07-01,79.55999755859375,79.66000366210938,79.51000213623047,79.58999633789062,78.77375793457031,38152300
2026-07-02,79.7300033569336,79.79000091552734,79.66999816894531,79.70999908447266,78.89252471923828,26111800
2026-07-06,79.7300033569336,79.91000366210938,79.7300033569336,79.87000274658203,79.05089569091797,25159400
2026-07-07,79.8499984741211,79.87999725341797,79.72000122070312,79.76000213623047,78.94202423095703,28558300
2026-07-08,79.61000061035156,79.68000030517578,79.54000091552734,79.66000366210938,78.84304809570312,30771300
2026-07-09,79.7300033569336,79.86000061035156,79.66999816894531,79.75,78.93212127685547,21882200
2026-07-10,79.77999877929688,79.83000183105469,79.62000274658203,79.70999908447266,78.89252471923828,24550300
2026-07-13,79.66999816894531,79.69000244140625,79.45999908447266,79.5199966430664,78.70448303222656,32133300
2026-07-14,79.68000030517578,79.69000244140625,79.56999969482422,79.68000030517578,78.86283874511719,28248700
2026-07-15,79.70999908447266,79.83999633789062,79.70999908447266,79.80999755859375,78.99150085449219,26948800
2026-07-16,79.76000213623047,79.83999633789062,79.7300033569336,79.80000305175781,78.98160552978516,22780300
2026-07-17,79.75,79.83999633789062,79.62999725341797,79.6500015258789,78.83314514160156,42020100
2026-07-20,79.73999786376953,79.7699966430664,79.66999816894531,79.68000030517578,78.86283874511719,19767900
2026-07-21,79.72000122070312,79.73999786376953,79.5999984741211,79.6500015258789,78.83314514160156,27198800
2026-07-22,79.61000061035156,79.6500015258789,79.4800033569336,79.5199966430664,78.70448303222656,24851700
2026-07-23,79.27999877929688,79.37000274658203,79.1500015258789,79.2300033569336,78.4174575805664,52554200
2026-07-24,79.25,79.30999755859375,79.16000366210938,79.2300033569336,78.4174575805664,41964600
2026-07-27,79.33999633789062,79.4000015258789,79.23999786376953,79.2699966430664,78.45703887939453,28939800
2026-07-28,79.31999969482422,79.41999816894531,79.25,79.41999816894531,78.60550689697266,33698300
2026-07-29,79.37000274658203,79.4800033569336,79.13999938964844,79.23999786376953,78.42735290527344,53074500
2026-07-30,79.37999725341797,79.5,79.33000183105469,79.47000122070312,78.65499114990234,30570700
2026-07-31,79.45999908447266,79.54000091552734,79.23999786376953,79.4800033569336,78.6648941040039,38659800
2026-08-03,79.25,79.33000183105469,79.1500015258789,79.30999755859375,78.87772369384766,30860100
2026-08-04,79.37000274658203,79.5999984741211,79.37000274658203,79.55000305175781,79.11642456054688,46524700
2026-08-05,79.55000305175781,79.55999755859375,79.44000244140625,79.5199966430664,79.08657836914062,25771800
2026-08-06,79.51000213623047,79.51000213623047,79.41000366210938,79.45999908447266,79.02690887451172,25818200
2026-08-07,79.66999816894531,79.69000244140625,79.56999969482422,79.61000061035156,79.17609405517578,23459400
2026-08-10,79.56999969482422,79.56999969482422,79.41000366210938,79.4800033569336,79.04680633544922,30292400
2026-08-11,79.55000305175781,79.56999969482422,79.48999786376953,79.51000213623047,79.0766372680664,17988300
2026-08-12,79.63999938964844,79.66000366210938,79.58999633789062,79.61000061035156,79.17609405517578,25243300
2026-08-13,79.73999786376953,79.86000061035156,79.68000030517578,79.79000091552734,79.35511016845703,28659200
2026-08-14,79.80000305175781,79.81999969482422,79.66000366210938,79.70999908447266,79.27554321289062,26611000
2026-08-17,79.66999816894531,79.70999908447266,79.58999633789062,79.61000061035156,79.17609405517578,22620500
2026-08-18,79.55999755859375,79.58000183105469,79.47000122070312,79.52999877929688,79.09652709960938,29462900
2026-08-19,79.69000244140625,79.73999786376953,79.63999938964844,79.70999908447266,79.27554321289062,29670000
2026-08-20,79.55000305175781,79.62999725341797,79.4800033569336,79.55999755859375,79.12635803222656,41762500
2026-08-21,79.66000366210938,79.66000366210938,79.55000305175781,79.61000061035156,79.17609405517578,37545400
2026-08-24,79.62000274658203,79.70999908447266,79.58000183105469,79.69999694824219,79.26559448242188,20714600
2026-08-25,79.83000183105469,79.94000244140625,79.76000213623047,79.91999816894531,79.4843978881836,29540300
2026-08-26,79.86000061035156,79.91000366210938,79.77999877929688,79.9000015258789,79.46451568603516,28585000
2026-08-27,79.93000030517578,79.97000122070312,79.81999969482422,79.87000274658203,79.43467712402344,32490100
2026-08-28,79.9000015258789,79.94999694824219,79.66000366210938,79.73999786376953,79.30538177490234,35134500
2026-08-31,79.70999908447266,79.80999755859375,79.62999725341797,79.80999755859375,79.375,36481400
2026-09-01,79.2699966430664,79.30000305175781,79.05999755859375,79.0999984741211,79.0999984741211,48867800
2026-09-02,79.13999938964844,79.2300033569336,79.0999984741211,79.11000061035156,79.11000061035156,34409100
2026-09-03,79.20999908447266,79.30000305175781,79.16999816894531,79.20999908447266,79.20999908447266,23037600
2026-09-04,79.19999694824219,79.23999786376953,79.1500015258789,79.16000366210938,79.16000366210938,25350900
