Date,Open,High,Low,Close,Adj Close,Volume
2002-07-30,101.30000305175781,102.0,101.25,101.37000274658203,36.37940979003906,21200
2002-07-31,101.80000305175781,102.25,101.55000305175781,101.98999786376953,36.601924896240234,272000
2002-08-01,102.4000015258789,103.0999984741211,102.30000305175781,102.98999786376953,36.96080780029297,111700
2002-08-02,102.9000015258789,103.30000305175781,102.44999694824219,103.19999694824219,37.03615188598633,29200
2002-08-05,103.6500015258789,103.6500015258789,102.51000213623047,102.94999694824219,36.946434020996094,166500
2002-08-06,102.5,102.6500015258789,102.0999984741211,102.5999984741211,36.82088088989258,430100
2002-08-07,102.69999694824219,103.0999984741211,102.19999694824219,102.88999938964844,36.9249153137207,33100
2002-08-08,103.0,103.0,102.33000183105469,102.58999633789062,36.81724166870117,83600
2002-08-09,102.80000305175781,103.18000030517578,102.61000061035156,103.0,36.96440505981445,273800
2002-08-12,103.0999984741211,103.30999755859375,102.94999694824219,103.13999938964844,37.014617919921875,69100
2002-08-13,103.4800033569336,103.98999786376953,103.1500015258789,103.98999786376953,37.31966018676758,36400
2002-08-14,104.0199966430664,104.69999694824219,104.0,104.02999877929688,37.33401870727539,76400
2002-08-15,104.25,104.25,103.5,103.72000122070312,37.22278594970703,132000
2002-08-16,104.4000015258789,104.4000015258789,103.19999694824219,103.22000122070312,37.0433235168457,57400
2002-08-19,103.6500015258789,104.04000091552734,103.5999984741211,103.80000305175781,37.251495361328125,18700
2002-08-20,104.80000305175781,104.94999694824219,104.44000244140625,104.91000366210938,37.649837493896484,262800
2002-08-21,105.0,105.1500015258789,104.69999694824219,105.05000305175781,37.70008850097656,22300
2002-08-22,105.25,105.25,104.7699966430664,104.9000015258789,37.646240234375,161800
2002-08-23,105.19999694824219,105.30000305175781,104.8499984741211,105.19999694824219,37.7539176940918,47500
2002-08-26,105.0,105.4000015258789,105.0,105.30999755859375,37.79339599609375,28900
2002-08-27,105.19999694824219,105.25,104.75,105.05000305175781,37.70008850097656,202400
2002-08-28,105.4000015258789,105.69000244140625,105.1500015258789,105.25,37.77185821533203,307900
2002-08-29,105.80000305175781,105.9000015258789,105.30000305175781,105.63999938964844,37.91182327270508,42900
2002-08-30,106.0,106.0,105.30000305175781,105.69999694824219,37.933372497558594,36500
2002-09-03,105.9000015258789,106.05000305175781,105.6500015258789,105.6500015258789,38.113372802734375,49300
2002-09-04,106.0999984741211,106.1500015258789,105.75,106.04000091552734,38.25408172607422,1690000
2002-09-05,106.5999984741211,106.69999694824219,105.81999969482422,106.33999633789062,38.36228942871094,138300
2002-09-06,106.33000183105469,106.33000183105469,105.19999694824219,105.62000274658203,38.1025505065918,224800
2002-09-09,105.25,106.0,105.25,105.69000244140625,38.12779235839844,53600
2002-09-10,105.26000213623047,106.3499984741211,105.25,106.13999938964844,38.29013442993164,176800
2002-09-11,105.5,106.0,105.22000122070312,106.0,38.23966598510742,125500
2002-09-12,106.19999694824219,106.73999786376953,105.9000015258789,106.55000305175781,38.43800354003906,523900
2002-09-13,106.80000305175781,106.91999816894531,106.25,106.7300033569336,38.50299072265625,93400
2002-09-16,107.58999633789062,107.58999633789062,106.91999816894531,107.1500015258789,38.65447998046875,32200
2002-09-17,107.25,108.2300033569336,106.75,107.2300033569336,38.68338394165039,135500
2002-09-18,107.4000015258789,107.4000015258789,106.83999633789062,107.0999984741211,38.63646697998047,214400
2002-09-19,107.4000015258789,107.45999908447266,106.8499984741211,107.0999984741211,38.63646697998047,143000
2002-09-20,107.0999984741211,107.1500015258789,106.69999694824219,107.1500015258789,38.65447998046875,46900
2002-09-23,107.5,107.5,106.80000305175781,106.81999969482422,38.535465240478516,75100
2002-09-24,106.9000015258789,107.69999694824219,106.4000015258789,106.80000305175781,38.52825164794922,229100
2002-09-25,106.69999694824219,106.94999694824219,106.12000274658203,106.58000183105469,38.4488639831543,97000
2002-09-26,106.01000213623047,106.76000213623047,105.80000305175781,106.69999694824219,38.492156982421875,280200
2002-09-27,106.9000015258789,107.55000305175781,106.55999755859375,107.55000305175781,38.79881286621094,301400
2002-09-30,107.5999984741211,107.8499984741211,107.1500015258789,107.3499984741211,38.72661590576172,105200
2002-10-01,106.9000015258789,107.0,106.5,106.83000183105469,38.70022201538086,333500
2002-10-02,107.0,107.0,106.4800033569336,106.80000305175781,38.68933868408203,314000
2002-10-03,107.05000305175781,107.05000305175781,106.5,106.75,38.671226501464844,160500
2002-10-04,105.6500015258789,106.6500015258789,105.6500015258789,106.5,38.580650329589844,123300
2002-10-07,106.4000015258789,106.4000015258789,106.0,106.0,38.3995361328125,61300
2002-10-08,105.0,105.80000305175781,105.0,105.01000213623047,38.04086685180664,281800
2002-10-09,105.0,105.0,104.1500015258789,104.62000274658203,37.899593353271484,300600
2002-10-10,104.0999984741211,104.5999984741211,103.69999694824219,104.5999984741211,37.892398834228516,116600
2002-10-11,105.3499984741211,105.3499984741211,104.4800033569336,104.9000015258789,38.001041412353516,86100
2002-10-14,104.9000015258789,105.2699966430664,104.7699966430664,105.08999633789062,38.06987762451172,47600
2002-10-15,103.80000305175781,104.6500015258789,103.80000305175781,103.8499984741211,37.62065124511719,47600
2002-10-16,103.75,104.69999694824219,103.4000015258789,103.5999984741211,37.53010177612305,1124900
2002-10-17,103.25,103.25,102.4000015258789,102.81999969482422,37.24755096435547,638900
2002-10-18,102.75,103.0999984741211,101.9000015258789,103.08999633789062,37.34535217285156,599800
2002-10-21,103.4000015258789,103.4000015258789,102.30999755859375,102.4800033569336,37.1243896484375,183400
2002-10-22,102.44999694824219,103.08999633789062,102.44999694824219,102.9000015258789,37.276493072509766,464900
2002-10-23,102.80999755859375,103.5,102.5999984741211,103.0999984741211,37.3489875793457,128500
2002-10-24,103.0,103.5,102.69999694824219,103.48999786376953,37.4902458190918,30600
2002-10-25,104.06999969482422,104.19999694824219,103.44000244140625,104.19999694824219,37.747474670410156,58500
2002-10-28,104.48999786376953,104.5,104.19999694824219,104.48999786376953,37.85251235961914,771200
2002-10-29,104.9000015258789,105.4800033569336,104.5,105.0999984741211,38.07352066040039,29200
2002-10-30,105.0,105.4800033569336,104.75,105.12000274658203,38.08074951171875,828500
2002-10-31,105.43000030517578,106.25,105.43000030517578,106.25,38.49009704589844,111000
2002-11-01,105.7300033569336,105.7300033569336,104.69999694824219,104.9800033569336,38.21595764160156,13100
2002-11-04,105.0,105.19999694824219,104.3499984741211,105.19999694824219,38.29606246948242,155200
2002-11-05,105.69999694824219,105.69999694824219,104.6500015258789,105.08999633789062,38.25600051879883,53100
2002-11-06,105.6500015258789,106.27999877929688,105.0199966430664,105.41000366210938,38.37250518798828,598300
2002-11-07,106.44000244140625,106.9000015258789,106.22000122070312,106.9000015258789,38.914920806884766,247800
2002-11-08,107.1500015258789,107.1500015258789,102.56999969482422,107.04000091552734,38.96590042114258,847700
2002-11-11,107.5,107.5,107.16000366210938,107.33000183105469,39.071441650390625,18100
2002-11-12,107.30000305175781,107.30000305175781,106.44000244140625,106.44000244140625,38.74750518798828,26300
2002-11-13,106.97000122070312,106.97000122070312,106.43000030517578,106.8499984741211,38.896705627441406,339400
2002-11-14,106.19999694824219,106.80999755859375,106.01000213623047,106.13999938964844,38.63824462890625,120300
2002-11-15,106.30000305175781,106.80000305175781,106.1500015258789,106.75,38.860313415527344,112900
2002-11-18,106.86000061035156,107.55000305175781,106.61000061035156,107.48999786376953,39.129695892333984,50400
2002-11-19,107.63999938964844,107.63999938964844,107.02999877929688,107.29000091552734,39.056861877441406,22600
2002-11-20,107.93000030517578,107.93000030517578,106.94000244140625,106.94000244140625,38.92949295043945,81200
2002-11-21,106.9000015258789,106.98999786376953,106.33999633789062,106.94000244140625,38.92949295043945,239200
2002-11-22,106.75,106.88999938964844,106.5,106.5,38.7692756652832,1099900
2002-11-25,106.80999755859375,106.83999633789062,106.41000366210938,106.48999786376953,38.765655517578125,28100
2002-11-26,106.6500015258789,107.08999633789062,106.5999984741211,107.08999633789062,38.98407745361328,75800
2002-11-27,106.9000015258789,106.98999786376953,106.19999694824219,106.48999786376953,38.765655517578125,123000
2002-11-29,106.69999694824219,106.80000305175781,106.0199966430664,106.48999786376953,38.765655517578125,17200
2002-12-02,105.77999877929688,106.38999938964844,105.30000305175781,106.20999908447266,38.829647064208984,63300
2002-12-03,106.19999694824219,106.58999633789062,106.16000366210938,106.4000015258789,38.89910888671875,2064200
2002-12-04,106.4000015258789,106.54000091552734,106.0999984741211,106.4000015258789,38.89910888671875,248700
2002-12-05,106.12000274658203,106.83999633789062,106.0999984741211,106.63999938964844,38.98685073852539,123500
2002-12-06,107.19999694824219,107.33999633789062,106.11000061035156,106.69999694824219,39.00876998901367,297400
2002-12-09,106.8499984741211,107.0999984741211,106.5,106.69999694824219,39.00876998901367,63500
2002-12-10,106.51000213623047,106.98999786376953,106.51000213623047,106.9000015258789,39.081905364990234,115600
2002-12-11,107.30000305175781,107.44999694824219,106.80999755859375,107.3499984741211,39.246402740478516,217600
2002-12-12,107.25,107.58999633789062,106.93000030517578,107.3499984741211,39.246402740478516,26800
2002-12-13,106.9000015258789,107.38999938964844,106.76000213623047,106.80000305175781,39.04534912109375,44900
2002-12-16,107.3499984741211,107.3499984741211,106.75,106.75,39.027076721191406,317400
2002-12-17,107.5999984741211,107.5999984741211,106.80999755859375,107.1500015258789,39.17329025268555,294400
2002-12-18,107.5,107.72000122070312,107.25,107.69000244140625,39.370697021484375,46800
2002-12-19,108.05000305175781,108.37999725341797,107.55000305175781,108.37999725341797,39.622989654541016,50600
2002-12-20,108.44999694824219,108.44999694824219,108.01000213623047,108.41000366210938,39.63394546508789,39800
2002-12-23,108.30000305175781,108.5,108.04000091552734,108.43000030517578,39.64125061035156,23900
2002-12-24,108.5,109.0,108.4000015258789,108.66000366210938,39.7253303527832,14500
2002-12-26,108.33000183105469,109.0199966430664,108.33000183105469,109.0199966430664,39.85694122314453,14100
2002-12-27,109.25,109.66999816894531,109.0,109.6500015258789,40.08725357055664,16500
2002-12-30,109.8499984741211,110.0999984741211,109.5,109.9800033569336,40.20790100097656,30200
2002-12-31,109.69999694824219,109.91000366210938,109.3499984741211,109.69000244140625,40.288360595703125,96100
2003-01-02,108.97000122070312,108.97000122070312,107.01000213623047,107.33000183105469,39.42153549194336,66700
2003-01-03,107.5999984741211,107.94000244140625,107.26000213623047,107.94000244140625,39.645652770996094,23800
2003-01-06,107.75,107.88999938964844,107.1500015258789,107.88999938964844,39.627254486083984,623000
2003-01-07,107.8499984741211,108.41999816894531,107.41000366210938,108.30000305175781,39.7778205871582,45100
2003-01-08,108.5999984741211,108.75,108.19999694824219,108.41000366210938,39.818260192871094,107600
2003-01-09,108.0,108.0,107.02999877929688,107.54000091552734,39.49869918823242,55600
2003-01-10,108.19999694824219,108.19999694824219,107.31999969482422,107.81999969482422,39.60151290893555,82100
2003-01-13,108.0,108.25,107.54000091552734,107.69999694824219,39.557437896728516,53300
2003-01-14,108.69999694824219,108.69999694824219,107.81999969482422,108.0,39.667640686035156,239200
2003-01-15,108.19999694824219,108.25,107.72000122070312,108.0,39.667640686035156,111500
2003-01-16,108.0,108.04000091552734,107.25,107.75,39.575809478759766,185900
2003-01-17,108.25,108.30000305175781,107.76000213623047,108.25,39.759456634521484,1489000
2003-01-21,108.0,108.37999725341797,107.75,108.31999969482422,39.78515625,37600
2003-01-22,108.25,108.6500015258789,108.0999984741211,108.54000091552734,39.865966796875,39300
2003-01-23,108.30000305175781,108.75,108.2699966430664,108.58999633789062,39.884334564208984,200300
2003-01-24,108.94000244140625,109.36000061035156,108.66000366210938,109.08000183105469,40.064308166503906,1025300
2003-01-27,109.05000305175781,109.05000305175781,108.13999938964844,108.44000244140625,39.82923126220703,819100
2003-01-28,108.30000305175781,108.77999877929688,108.16999816894531,108.7699966430664,39.95044708251953,691100
2003-01-29,108.9000015258789,108.9000015258789,108.05000305175781,108.12999725341797,39.71540832519531,38100
2003-01-30,108.30000305175781,108.68000030517578,108.01000213623047,108.5,39.85127639770508,812000
2003-01-31,108.75,108.8499984741211,108.19999694824219,108.80000305175781,39.96147918701172,128300
2003-02-03,107.75,108.5199966430664,107.75,108.44999694824219,40.00019836425781,25300
2003-02-04,108.19999694824219,108.80000305175781,108.12999725341797,108.66000366210938,40.07765197753906,557200
2003-02-05,108.62000274658203,108.79000091552734,108.01000213623047,108.5,40.01863098144531,118900
2003-02-06,108.69999694824219,108.77999877929688,108.26000213623047,108.69000244140625,40.08870315551758,29600
2003-02-07,108.5999984741211,109.01000213623047,108.25,108.93000030517578,40.17724609375,266500
2003-02-10,108.8499984741211,108.9000015258789,108.05999755859375,108.26000213623047,39.93013381958008,425700
2003-02-11,108.20999908447266,108.66000366210938,108.20999908447266,108.66000366210938,40.07765197753906,133300
2003-02-12,108.94000244140625,108.94000244140625,108.5,108.51000213623047,40.022342681884766,35300
2003-02-13,108.73999786376953,109.25,108.51000213623047,108.51000213623047,40.022342681884766,79200
2003-02-14,108.94999694824219,108.94999694824219,108.25,108.45999908447266,40.003875732421875,75900
2003-02-18,108.5,108.83999633789062,108.25,108.80000305175781,40.129295349121094,930400
2003-02-19,108.94000244140625,109.30999755859375,108.69999694824219,109.1500015258789,40.25840759277344,27200
2003-02-20,109.16000366210938,109.68000030517578,109.0,109.43000030517578,40.36164855957031,164900
2003-02-21,109.75,109.75,109.0,109.12999725341797,40.25102996826172,81200
2003-02-24,109.5999984741211,109.72000122070312,109.30999755859375,109.48999786376953,40.38378143310547,125200
2003-02-25,109.98999786376953,109.98999786376953,109.45999908447266,109.69000244140625,40.457550048828125,163800
2003-02-26,109.98999786376953,110.0,109.55000305175781,109.98999786376953,40.56820297241211,32300
2003-02-27,110.0,110.48999786376953,109.72000122070312,110.44999694824219,40.737876892089844,89700
2003-02-28,110.45999908447266,110.77999877929688,109.9800033569336,110.48999786376953,40.75262451171875,81000
2003-03-03,110.5999984741211,110.87000274658203,110.11000061035156,110.69999694824219,40.98699188232422,196700
2003-03-04,110.41000366210938,110.83999633789062,110.25,110.76000213623047,41.00921630859375,96400
2003-03-05,110.9000015258789,110.9000015258789,110.25,110.69999694824219,40.98699188232422,23900
2003-03-06,110.9000015258789,110.9000015258789,110.25,110.51000213623047,40.91667556762695,48000
2003-03-07,110.76000213623047,110.95999908447266,110.23999786376953,110.54000091552734,40.927757263183594,28400
2003-03-10,110.54000091552734,111.05999755859375,110.52999877929688,110.8499984741211,41.04252624511719,48600
2003-03-11,110.9800033569336,110.9800033569336,110.3499984741211,110.5999984741211,40.950008392333984,49700
2003-03-12,110.5,110.8499984741211,110.19999694824219,110.4000015258789,40.875919342041016,139500
2003-03-13,109.5199966430664,109.9800033569336,109.2699966430664,109.69999694824219,40.61676025390625,190500
2003-03-14,109.55000305175781,109.94000244140625,109.3499984741211,109.56999969482422,40.56862258911133,212800
2003-03-17,109.80000305175781,110.08999633789062,108.8499984741211,109.0,40.35755920410156,502800
2003-03-18,109.0199966430664,109.62000274658203,108.27999877929688,108.56999969482422,40.19834518432617,1098700
2003-03-19,108.69999694824219,108.7300033569336,107.83000183105469,108.0,39.987308502197266,869800
2003-03-20,108.63999938964844,108.79000091552734,107.75,108.19000244140625,40.05765151977539,44700
2003-03-21,108.30000305175781,108.3499984741211,107.56999969482422,107.63999938964844,39.85403060913086,142200
2003-03-24,108.0,108.69000244140625,107.9800033569336,108.5,40.17243576049805,123000
2003-03-25,108.55000305175781,108.80000305175781,108.3499984741211,108.62000274658203,40.21690368652344,30700
2003-03-26,108.6500015258789,109.19000244140625,108.6500015258789,109.0999984741211,40.394596099853516,129600
2003-03-27,109.44000244140625,109.44000244140625,109.01000213623047,109.25,40.45010757446289,54600
2003-03-28,109.44999694824219,109.98999786376953,109.4000015258789,109.69000244140625,40.613037109375,650500
2003-03-31,109.69999694824219,110.25,109.69999694824219,110.19999694824219,40.80186462402344,59000
2003-04-01,109.80000305175781,110.13999938964844,109.30000305175781,110.05999755859375,41.02214813232422,94500
2003-04-02,109.4000015258789,109.80999755859375,109.20999908447266,109.73999786376953,40.90288162231445,155700
2003-04-03,109.73999786376953,110.08999633789062,109.5,109.75,40.90662384033203,31200
2003-04-04,109.73999786376953,109.83000183105469,109.30999755859375,109.4800033569336,40.80596923828125,680000
2003-04-07,109.0199966430664,109.5199966430664,108.56999969482422,109.27999877929688,40.731388092041016,61800
2003-04-08,109.5,109.73999786376953,109.13999938964844,109.68000030517578,40.88050079345703,377400
2003-04-09,109.80000305175781,110.08999633789062,109.41000366210938,110.04000091552734,41.01469039916992,31500
2003-04-10,110.0,110.0,109.5,109.63999938964844,40.8656120300293,795300
2003-04-11,109.30000305175781,109.58000183105469,109.05999755859375,109.25,40.72022247314453,106100
2003-04-14,109.31999969482422,109.48999786376953,108.69999694824219,109.30999755859375,40.74256896972656,145200
2003-04-15,109.81999969482422,110.0,109.31999969482422,109.51000213623047,40.81714630126953,824100
2003-04-16,110.0999984741211,110.30000305175781,109.75,110.25,41.09297561645508,196400
2003-04-17,110.5999984741211,110.61000061035156,110.01000213623047,110.0199966430664,41.007232666015625,54800
2003-04-21,110.0999984741211,110.37999725341797,109.87999725341797,110.25,41.09297561645508,89000
2003-04-22,110.58999633789062,110.8499984741211,110.19999694824219,110.30000305175781,41.111572265625,35500
2003-04-23,110.3499984741211,111.05000305175781,110.3499984741211,110.94000244140625,41.35011672973633,51700
2003-04-24,111.13999938964844,111.80000305175781,111.13999938964844,111.58999633789062,41.592403411865234,344000
2003-04-25,111.80000305175781,111.88999938964844,111.30000305175781,111.5999984741211,41.59617233276367,128400
2003-04-28,111.63999938964844,111.7300033569336,111.20999908447266,111.66000366210938,41.61851119995117,50300
2003-04-29,111.4000015258789,111.66999816894531,111.0199966430664,111.26000213623047,41.46944808959961,275900
2003-04-30,111.30000305175781,112.27999877929688,111.20999908447266,112.05000305175781,41.76389694213867,345500
2003-05-01,112.0999984741211,112.37999725341797,111.47000122070312,111.83000183105469,41.997802734375,47700
2003-05-02,111.61000061035156,112.08999633789062,111.23999786376953,111.44999694824219,41.85512924194336,49200
2003-05-05,111.69999694824219,111.94999694824219,111.22000122070312,111.94999694824219,42.04291915893555,32100
2003-05-06,112.1500015258789,112.8499984741211,111.66000366210938,112.54000091552734,42.2645149230957,139900
2003-05-07,113.25,113.3499984741211,112.80999755859375,113.29000091552734,42.546146392822266,102300
2003-05-08,113.80000305175781,113.88999938964844,113.16000366210938,113.30000305175781,42.54991912841797,1671300
2003-05-09,113.44999694824219,113.44999694824219,112.76000213623047,113.0999984741211,42.474796295166016,36100
2003-05-12,113.98999786376953,113.98999786376953,113.16000366210938,113.48999786376953,42.62123107910156,59500
2003-05-13,113.2699966430664,113.52999877929688,113.0199966430664,113.5,42.62501907348633,73100
2003-05-14,113.8499984741211,114.18000030517578,113.5,114.0,42.81278610229492,36500
2003-05-15,113.5999984741211,114.25,113.51000213623047,113.95999908447266,42.7977409362793,55200
2003-05-16,114.0,114.7300033569336,113.5999984741211,114.72000122070312,43.083187103271484,84400
2003-05-19,114.45999908447266,114.9000015258789,113.9800033569336,114.25,42.90672302246094,751100
2003-05-20,114.4000015258789,114.9000015258789,113.8499984741211,114.5999984741211,43.03812789916992,559100
2003-05-21,114.5999984741211,114.98999786376953,114.12000274658203,114.5999984741211,43.03812789916992,52700
2003-05-22,114.5999984741211,115.37000274658203,114.5999984741211,115.37000274658203,43.32730484008789,39200
2003-05-23,115.69999694824219,115.80000305175781,115.12999725341797,115.52999877929688,43.38737106323242,2946200
2003-05-27,115.62999725341797,115.63999938964844,114.63999938964844,115.12999725341797,43.237152099609375,63800
2003-05-28,115.0,115.16999816894531,114.30000305175781,114.66999816894531,43.06440734863281,711900
2003-05-29,115.3499984741211,115.7300033569336,115.0199966430664,115.5,43.3761100769043,134300
2003-05-30,115.5,115.58000183105469,114.86000061035156,115.55000305175781,43.394874572753906,32900
2003-06-02,114.75,114.83000183105469,114.0199966430664,114.3499984741211,43.210872650146484,73100
2003-06-03,114.94000244140625,115.47000122070312,114.52999877929688,115.4000015258789,43.607608795166016,43600
2003-06-04,115.48999786376953,115.73999786376953,114.91000366210938,115.55000305175781,43.664306640625,344300
2003-06-05,115.5999984741211,116.0,115.01000213623047,115.36000061035156,43.5925178527832,124600
2003-06-06,115.31999969482422,115.61000061035156,115.0,115.55000305175781,43.664306640625,81600
2003-06-09,115.98999786376953,116.16000366210938,115.48999786376953,115.80000305175781,43.758819580078125,38600
2003-06-10,116.3499984741211,116.69999694824219,116.12000274658203,116.69999694824219,44.098899841308594,32100
2003-06-11,116.51000213623047,116.94999694824219,116.30999755859375,116.56999969482422,44.04977798461914,191600
2003-06-12,116.4800033569336,117.1500015258789,116.4800033569336,116.98999786376953,44.208473205566406,70200
2003-06-13,117.25,117.69999694824219,116.98999786376953,117.4800033569336,44.393653869628906,26800
2003-06-16,117.9000015258789,117.95999908447266,116.75,117.05000305175781,44.23115921020508,173500
2003-06-17,117.04000091552734,117.04000091552734,116.19999694824219,116.68000030517578,44.09132385253906,43000
2003-06-18,116.05000305175781,116.44000244140625,115.5999984741211,115.5999984741211,43.683231353759766,75200
2003-06-19,115.5,116.12999725341797,115.3499984741211,115.80000305175781,43.758819580078125,107700
2003-06-20,115.80000305175781,115.80000305175781,115.1500015258789,115.25,43.55093002319336,57900
2003-06-23,115.30000305175781,115.97000122070312,115.26000213623047,115.83000183105469,43.770164489746094,233500
2003-06-24,115.9000015258789,116.25,115.61000061035156,116.0,43.83441162109375,365000
2003-06-25,116.75,116.83000183105469,115.2300033569336,115.41000366210938,43.61140823364258,76700
2003-06-26,115.22000122070312,115.22000122070312,114.1500015258789,114.4000015258789,43.229759216308594,98400
2003-06-27,114.8499984741211,114.87000274658203,113.80999755859375,114.0999984741211,43.116397857666016,47700
2003-06-30,114.5,114.62999725341797,114.01000213623047,114.62999725341797,43.316680908203125,279500
2003-07-01,114.19999694824219,114.3499984741211,113.27999877929688,113.3499984741211,43.0821647644043,1089100
2003-07-02,113.31999969482422,114.0999984741211,112.87000274658203,113.75,43.23420715332031,1120200
2003-07-03,114.0,114.08999633789062,113.0,113.05000305175781,42.968135833740234,118500
2003-07-07,112.9000015258789,112.98999786376953,112.33000183105469,112.5,42.759090423583984,211300
2003-07-08,112.69999694824219,113.0,112.0999984741211,112.5999984741211,42.79711151123047,191600
2003-07-09,112.9000015258789,113.30999755859375,112.6500015258789,113.0,42.94911575317383,131800
2003-07-10,113.5999984741211,113.5999984741211,113.0,113.2300033569336,43.03654098510742,68000
2003-07-11,113.44999694824219,113.48999786376953,113.19999694824219,113.37000274658203,43.089786529541016,43700
2003-07-14,113.25,113.94999694824219,113.06999969482422,113.06999969482422,42.97575759887695,47400
2003-07-15,113.25,113.25,111.43000030517578,111.77999877929688,42.485450744628906,64700
2003-07-16,111.0,111.94000244140625,111.0,111.73999786376953,42.470237731933594,191200
2003-07-17,111.6500015258789,111.76000213623047,111.0,111.22000122070312,42.27259063720703,80600
2003-07-18,111.75,111.83999633789062,111.20999908447266,111.69000244140625,42.45121383666992,74100
2003-07-21,111.5999984741211,111.5999984741211,110.01000213623047,110.33999633789062,41.9381103515625,40900
2003-07-22,110.1500015258789,110.72000122070312,109.83000183105469,110.25,41.90391540527344,116500
2003-07-23,111.0999984741211,111.31999969482422,110.69999694824219,110.9800033569336,42.181365966796875,172300
2003-07-24,110.73999786376953,110.73999786376953,110.12999725341797,110.5,41.998931884765625,73000
2003-07-25,110.69999694824219,111.16999816894531,109.94999694824219,110.25,41.90391540527344,95300
2003-07-28,109.75,110.12000274658203,109.1500015258789,109.1500015258789,41.485809326171875,142100
2003-07-29,109.0,110.0,108.12000274658203,108.1500015258789,41.10574722290039,355200
2003-07-30,108.4800033569336,109.25,108.37000274658203,108.69999694824219,41.314788818359375,565300
2003-07-31,108.3499984741211,108.43000030517578,107.0,107.3499984741211,40.80167770385742,165400
2003-08-01,106.69999694824219,107.31999969482422,106.19999694824219,106.94999694824219,40.92292785644531,179400
2003-08-04,106.72000122070312,107.75,106.72000122070312,107.58000183105469,41.16404342651367,74200
2003-08-05,107.30000305175781,107.8499984741211,106.7300033569336,107.08999633789062,40.976558685302734,82500
2003-08-06,107.30000305175781,107.94000244140625,106.80000305175781,107.5,41.133399963378906,103500
2003-08-07,108.25,108.27999877929688,107.4000015258789,108.08999633789062,41.35919952392578,62800
2003-08-08,108.0999984741211,108.73999786376953,107.80000305175781,108.1500015258789,41.382137298583984,40500
2003-08-11,108.0999984741211,108.16999816894531,107.41000366210938,107.7300033569336,41.2214469909668,76500
2003-08-12,107.55000305175781,108.20999908447266,107.4000015258789,107.61000061035156,41.17549133300781,55600
2003-08-13,107.4000015258789,107.4000015258789,106.29000091552734,106.4000015258789,40.712528228759766,88100
2003-08-14,106.05999755859375,106.97000122070312,105.7699966430664,106.54000091552734,40.76608657836914,456200
2003-08-15,106.4000015258789,107.75,106.4000015258789,106.75,40.846439361572266,8000
2003-08-18,107.05000305175781,107.36000061035156,106.5999984741211,107.0999984741211,40.98036575317383,40800
2003-08-19,107.4000015258789,108.05999755859375,106.91999816894531,108.05000305175781,41.343868255615234,101100
2003-08-20,108.01000213623047,108.38999938964844,107.41999816894531,107.72000122070312,41.21760177612305,32100
2003-08-21,107.94999694824219,108.0,107.0999984741211,107.19999694824219,41.01859664916992,88100
2003-08-22,107.69999694824219,107.91000366210938,107.22000122070312,107.72000122070312,41.21760177612305,66500
2003-08-25,107.4000015258789,107.88999938964844,107.01000213623047,107.23999786376953,41.03392791748047,55400
2003-08-26,107.19999694824219,107.62999725341797,106.7699966430664,107.44999694824219,41.114288330078125,47200
2003-08-27,107.91999816894531,107.91999816894531,107.05999755859375,107.43000030517578,41.10663986206055,23700
2003-08-28,107.72000122070312,108.4000015258789,107.51000213623047,108.22000122070312,41.408905029296875,105300
2003-08-29,108.68000030517578,108.68000030517578,107.80000305175781,108.18000030517578,41.39356994628906,42600
2003-09-02,106.88999938964844,107.62999725341797,106.88999938964844,107.16000366210938,41.294986724853516,135100
2003-09-03,107.05999755859375,107.5199966430664,106.80999755859375,107.47000122070312,41.4144287109375,69500
2003-09-04,107.47000122070312,107.97000122070312,107.05999755859375,107.83999633789062,41.5570068359375,364600
2003-09-05,108.05000305175781,109.0,107.93000030517578,108.66000366210938,41.87298583984375,738700
2003-09-08,108.79000091552734,109.3499984741211,108.25,108.26000213623047,41.718868255615234,264900
2003-09-09,108.81999969482422,108.81999969482422,107.86000061035156,108.5999984741211,41.8498649597168,193200
2003-09-10,108.8499984741211,109.47000122070312,108.6500015258789,109.47000122070312,42.18513870239258,50600
2003-09-11,109.19999694824219,109.33000183105469,108.69999694824219,108.9000015258789,41.965476989746094,137900
2003-09-12,109.52999877929688,110.13999938964844,109.36000061035156,109.69999694824219,42.27375793457031,33300
2003-09-15,109.69999694824219,109.8499984741211,109.08000183105469,109.73999786376953,42.28917694091797,345300
2003-09-16,109.80000305175781,109.98999786376953,109.26000213623047,109.9800033569336,42.381656646728516,44300
2003-09-17,110.31999969482422,110.7699966430664,109.69999694824219,110.6500015258789,42.639862060546875,87700
2003-09-18,110.5,110.80000305175781,110.01000213623047,110.5,42.582054138183594,83300
2003-09-19,110.5999984741211,110.77999877929688,110.27999877929688,110.61000061035156,42.624446868896484,33700
2003-09-22,110.16999816894531,110.27999877929688,109.5199966430664,110.19999694824219,42.4664421081543,161300
2003-09-23,110.19999694824219,110.37999725341797,109.51000213623047,110.36000061035156,42.52811050415039,551000
2003-09-24,110.11000061035156,110.94000244140625,110.11000061035156,110.77999877929688,42.689971923828125,58900
2003-09-25,110.94000244140625,111.16000366210938,110.56999969482422,111.16000366210938,42.83637237548828,50600
2003-09-26,111.3499984741211,111.8499984741211,111.11000061035156,111.8499984741211,43.102317810058594,36700
2003-09-29,111.6500015258789,111.73999786376953,111.19999694824219,111.55000305175781,42.98666763305664,79800
2003-09-30,111.69999694824219,112.33000183105469,111.43000030517578,112.29000091552734,43.27180480957031,57500
2003-10-01,111.80000305175781,112.0,111.38999938964844,111.87999725341797,43.396331787109375,420900
2003-10-02,110.80000305175781,111.75,110.80000305175781,111.44999694824219,43.229557037353516,105300
2003-10-03,110.25,110.70999908447266,109.72000122070312,109.9000015258789,42.62836837768555,584500
2003-10-06,109.55999755859375,110.19999694824219,109.55999755859375,110.01000213623047,42.671016693115234,111800
2003-10-07,110.05999755859375,110.43000030517578,109.62000274658203,109.63999938964844,42.5274658203125,33200
2003-10-08,109.55000305175781,110.33999633789062,109.55000305175781,110.04000091552734,42.68264389038086,524800
2003-10-09,109.44000244140625,109.77999877929688,109.05000305175781,109.66000366210938,42.535274505615234,71700
2003-10-10,109.5999984741211,110.41000366210938,109.5999984741211,110.19999694824219,42.74469757080078,286000
2003-10-13,109.6500015258789,110.1500015258789,109.6500015258789,110.12999725341797,42.717567443847656,26800
2003-10-14,109.8499984741211,110.13999938964844,109.51000213623047,109.68000030517578,42.54301452636719,47700
2003-10-15,109.6500015258789,109.73999786376953,109.23999786376953,109.69000244140625,42.546875,53600
2003-10-16,109.83999633789062,109.83999633789062,109.06999969482422,109.33999633789062,42.411136627197266,752200
2003-10-17,109.06999969482422,109.9800033569336,109.06999969482422,109.94000244140625,42.64389419555664,35600
2003-10-20,109.93000030517578,110.27999877929688,109.54000091552734,110.04000091552734,42.68264389038086,26500
2003-10-21,110.4000015258789,110.44000244140625,109.58000183105469,110.08000183105469,42.698150634765625,233000
2003-10-22,110.4000015258789,110.5,110.0999984741211,110.4000015258789,42.82227325439453,57900
2003-10-23,110.5,110.5,109.44000244140625,109.80000305175781,42.58953094482422,54000
2003-10-24,110.5999984741211,110.5999984741211,110.12999725341797,110.5999984741211,42.899864196777344,190300
2003-10-27,110.5999984741211,110.6500015258789,110.05000305175781,110.3499984741211,42.8028564453125,35000
2003-10-28,110.43000030517578,111.08999633789062,109.9000015258789,111.08000183105469,43.08604431152344,68100
2003-10-29,110.76000213623047,111.08000183105469,110.22000122070312,110.30000305175781,42.78350067138672,72500
2003-10-30,109.75,110.1500015258789,109.5,110.1500015258789,42.72531509399414,64700
2003-10-31,109.94999694824219,110.43000030517578,109.91000366210938,110.1500015258789,42.72531509399414,45100
2003-11-03,110.30000305175781,110.30000305175781,109.16999816894531,109.77999877929688,42.747528076171875,150800
2003-11-04,109.73999786376953,109.97000122070312,109.5,109.94999694824219,42.813690185546875,89800
2003-11-05,109.94999694824219,109.94999694824219,109.18000030517578,109.18000030517578,42.51388168334961,50900
2003-11-06,109.1500015258789,109.19000244140625,108.56999969482422,108.58000183105469,42.280216217041016,50200
2003-11-07,108.56999969482422,108.86000061035156,108.12000274658203,108.79000091552734,42.36198425292969,71500
2003-11-10,108.94999694824219,109.02999877929688,108.30000305175781,108.47000122070312,42.237396240234375,78200
2003-11-11,108.12000274658203,108.98999786376953,108.11000061035156,108.94000244140625,42.42041778564453,32200
2003-11-12,109.0999984741211,109.19999694824219,108.86000061035156,109.0,42.4437370300293,76100
2003-11-13,109.4000015258789,110.3499984741211,109.4000015258789,110.02999877929688,42.844879150390625,62000
2003-11-14,110.0,110.69000244140625,110.0,110.62999725341797,43.0785026550293,322000
2003-11-17,111.25,111.27999877929688,110.79000091552734,110.83999633789062,43.1602897644043,165700
2003-11-18,110.80000305175781,111.33000183105469,110.4800033569336,111.33000183105469,43.351112365722656,30500
2003-11-19,111.0999984741211,111.55999755859375,110.3499984741211,110.3499984741211,42.969444274902344,436800
2003-11-20,111.0,111.2300033569336,110.30000305175781,110.87999725341797,43.175838470458984,40500
2003-11-21,111.25,111.43000030517578,110.8499984741211,111.25,43.3199577331543,33200
2003-11-24,110.4000015258789,110.97000122070312,110.27999877929688,110.5,43.027889251708984,29500
2003-11-25,110.51000213623047,111.08000183105469,110.5,110.8499984741211,43.164180755615234,32600
2003-11-26,111.05000305175781,111.18000030517578,110.5199966430664,110.61000061035156,43.07069778442383,18900
2003-11-28,110.6500015258789,110.6500015258789,110.0,110.05999755859375,42.85652542114258,32900
2003-12-01,109.0,109.44000244140625,108.75,109.38999938964844,42.76740646362305,183000
2003-12-02,109.47000122070312,109.80999755859375,108.69999694824219,109.69000244140625,42.884708404541016,227300
2003-12-03,110.0,110.0,109.12999725341797,109.5,42.81041717529297,181500
2003-12-04,109.8499984741211,109.8499984741211,109.08000183105469,109.58999633789062,42.84560012817383,672300
2003-12-05,110.38999938964844,110.93000030517578,109.97000122070312,110.7300033569336,43.29130172729492,81900
2003-12-08,110.79000091552734,110.79000091552734,109.72000122070312,109.9000015258789,42.966796875,275000
2003-12-09,110.0,110.48999786376953,109.0999984741211,109.55000305175781,42.8299560546875,38100
2003-12-10,110.3499984741211,110.3499984741211,109.30000305175781,109.80000305175781,42.92768859863281,34200
2003-12-11,109.0999984741211,110.31999969482422,109.0999984741211,110.30000305175781,43.12319564819336,65000
2003-12-12,110.62999725341797,110.7300033569336,110.25,110.5999984741211,43.2404670715332,78200
2003-12-15,110.0999984741211,110.69999694824219,110.0199966430664,110.3499984741211,43.142730712890625,275500
2003-12-16,110.75,110.75,110.05999755859375,110.5999984741211,43.79007339477539,40600
2003-12-17,110.5999984741211,111.23999786376953,110.55000305175781,110.8499984741211,43.88908386230469,41900
2003-12-18,111.05999755859375,111.48999786376953,110.86000061035156,111.48999786376953,44.14244079589844,45700
2003-12-19,111.48999786376953,111.56999969482422,111.0,111.55999755859375,44.170188903808594,152700
2003-12-22,111.9000015258789,112.0,111.01000213623047,111.3499984741211,44.087039947509766,299400
2003-12-23,111.4000015258789,111.4000015258789,110.63999938964844,110.70999908447266,43.833656311035156,39900
2003-12-24,111.19999694824219,111.37000274658203,110.76000213623047,111.37000274658203,44.09495544433594,29700
2003-12-26,111.77999877929688,111.77999877929688,111.19999694824219,111.4000015258789,44.1068229675293,17600
2003-12-29,111.6500015258789,111.6500015258789,110.75,111.18000030517578,44.019737243652344,82400
2003-12-30,110.88999938964844,111.13999938964844,110.52999877929688,110.75,43.84947204589844,55700
2003-12-31,110.8499984741211,110.8499984741211,110.19999694824219,110.56999969482422,43.958839416503906,53600
2004-01-02,110.56999969482422,110.56999969482422,109.6500015258789,109.77999877929688,43.64470672607422,209600
2004-01-05,110.05000305175781,110.1500015258789,109.6500015258789,109.9000015258789,43.692447662353516,69900
2004-01-06,110.4000015258789,110.94999694824219,110.0,110.88999938964844,44.08603286743164,304400
2004-01-07,110.8499984741211,111.29000091552734,110.69999694824219,110.9800033569336,44.12179183959961,60600
2004-01-08,111.1500015258789,111.30000305175781,110.80000305175781,111.16000366210938,44.1933479309082,63400
2004-01-09,111.9000015258789,112.19999694824219,111.58999633789062,112.05999755859375,44.551185607910156,86600
2004-01-12,112.0,112.72000122070312,112.0,112.25,44.626705169677734,114500
2004-01-13,111.8499984741211,112.87999725341797,111.8499984741211,112.55000305175781,44.7459716796875,72500
2004-01-14,112.8499984741211,113.11000061035156,112.30000305175781,112.79000091552734,44.84140396118164,272300
2004-01-15,113.0999984741211,113.30000305175781,112.69999694824219,113.30000305175781,45.044132232666016,165700
2004-01-16,113.01000213623047,113.44000244140625,112.77999877929688,112.80000305175781,44.8453483581543,45600
2004-01-20,112.69999694824219,113.18000030517578,112.43000030517578,112.56999969482422,44.75392150878906,76100
2004-01-21,112.81999969482422,112.98999786376953,112.30000305175781,112.83000183105469,44.857330322265625,43800
2004-01-22,113.0,113.62000274658203,112.63999938964844,113.4000015258789,45.083946228027344,77800
2004-01-23,113.75,113.87000274658203,112.4800033569336,112.5,44.72611618041992,112900
2004-01-26,112.75,112.75,111.87999725341797,111.87999725341797,44.479583740234375,239100
2004-01-27,112.4000015258789,112.77999877929688,112.19999694824219,112.55999755859375,44.74992752075195,571700
2004-01-28,112.80000305175781,113.12000274658203,111.5,111.66999816894531,44.39613342285156,70100
2004-01-29,111.69999694824219,111.95999908447266,111.30000305175781,111.6500015258789,44.38814163208008,133100
2004-01-30,112.25,112.36000061035156,111.5199966430664,111.91999816894531,44.49553680419922,80000
2004-02-02,111.80000305175781,111.87999725341797,111.4000015258789,111.44999694824219,44.48355484008789,320600
2004-02-03,111.94999694824219,111.94999694824219,111.33999633789062,111.68000030517578,44.575313568115234,152200
2004-02-04,111.66999816894531,111.8499984741211,111.30000305175781,111.58999633789062,44.5394172668457,55000
2004-02-05,111.58000183105469,111.9000015258789,111.13999938964844,111.4000015258789,44.46357727050781,47100
2004-02-06,111.94999694824219,112.0999984741211,111.5,111.7300033569336,44.59531021118164,122500
2004-02-09,111.77999877929688,112.30000305175781,111.66999816894531,112.19999694824219,44.78289794921875,130400
2004-02-10,112.25,112.25,111.72000122070312,111.87000274658203,44.651153564453125,52400
2004-02-11,111.51000213623047,112.86000061035156,111.51000213623047,112.55000305175781,44.9225959777832,41700
2004-02-12,112.83000183105469,112.83000183105469,112.08000183105469,112.3499984741211,44.84279251098633,106100
2004-02-13,113.0,113.01000213623047,112.47000122070312,112.98999786376953,45.09822082519531,92300
2004-02-17,113.02999877929688,113.02999877929688,112.5999984741211,112.66000366210938,44.966522216796875,64800
2004-02-18,113.08999633789062,113.0999984741211,112.2300033569336,112.4000015258789,44.86272430419922,52400
2004-02-19,112.68000030517578,113.51000213623047,112.36000061035156,112.80000305175781,45.0223503112793,51900
2004-02-20,112.95999908447266,112.95999908447266,112.22000122070312,112.25,44.80287551879883,119300
2004-02-23,112.5,112.83999633789062,112.30000305175781,112.55999755859375,44.92659378051758,33600
2004-02-24,112.36000061035156,113.08000183105469,112.36000061035156,112.66999816894531,44.9704704284668,63100
2004-02-25,113.05000305175781,113.23999786376953,112.44999694824219,112.75,45.00239562988281,49500
2004-02-26,112.83999633789062,112.94999694824219,112.52999877929688,112.83000183105469,45.034358978271484,37700
2004-02-27,112.86000061035156,113.30999755859375,112.81999969482422,113.16000366210938,45.16603088378906,39700
2004-03-01,112.93000030517578,113.05000305175781,112.43000030517578,112.69000244140625,45.15205764770508,291000
2004-03-02,112.79000091552734,112.83999633789062,112.01000213623047,112.47000122070312,45.06390380859375,51800
2004-03-03,112.47000122070312,112.5,111.79000091552734,112.41999816894531,45.043819427490234,58800
2004-03-04,111.9000015258789,112.6500015258789,111.9000015258789,112.5999984741211,45.11595916748047,128000
2004-03-05,114.30000305175781,114.3499984741211,113.5199966430664,113.80000305175781,45.5967903137207,158600
2004-03-08,114.4000015258789,114.4800033569336,113.91999816894531,114.12000274658203,45.725006103515625,61000
2004-03-09,114.5,114.76000213623047,114.06999969482422,114.3499984741211,45.81714630126953,71000
2004-03-10,114.4000015258789,114.75,114.30000305175781,114.72000122070312,45.96543884277344,60300
2004-03-11,114.69000244140625,114.79000091552734,113.81999969482422,114.2300033569336,45.76909637451172,145800
2004-03-12,114.69999694824219,114.69999694824219,113.88999938964844,114.0999984741211,45.71696853637695,69700
2004-03-15,113.91000366210938,114.43000030517578,113.86000061035156,114.2300033569336,45.76909637451172,67900
2004-03-16,114.01000213623047,114.8499984741211,113.77999877929688,114.75,45.9774169921875,98400
2004-03-17,114.98999786376953,115.0,114.5999984741211,114.80999755859375,46.00144958496094,34700
2004-03-18,114.80000305175781,114.9800033569336,114.19999694824219,114.33000183105469,45.80915069580078,173700
2004-03-19,114.56999969482422,114.56999969482422,113.91999816894531,114.1500015258789,45.737030029296875,139700
2004-03-22,114.48999786376953,114.83000183105469,114.18000030517578,114.58999633789062,45.91331481933594,48400
2004-03-23,114.66999816894531,114.80000305175781,114.26000213623047,114.80000305175781,45.997432708740234,65600
2004-03-24,114.91000366210938,114.91000366210938,114.5,114.69000244140625,45.95339584350586,38200
2004-03-25,114.66000366210938,114.69999694824219,114.27999877929688,114.37999725341797,45.82918930053711,50500
2004-03-26,114.44000244140625,114.4800033569336,113.5199966430664,113.52999877929688,45.4886360168457,139200
2004-03-29,113.6500015258789,113.70999908447266,113.12999725341797,113.70999908447266,45.56072998046875,153900
2004-03-30,113.8499984741211,113.91000366210938,113.41000366210938,113.43000030517578,45.44852828979492,60900
2004-03-31,113.7300033569336,114.19999694824219,113.33000183105469,113.83999633789062,45.61281967163086,246500
2004-04-01,113.9000015258789,113.9000015258789,113.0999984741211,113.36000061035156,45.59312438964844,393100
2004-04-02,111.8499984741211,111.98999786376953,111.37999725341797,111.58999633789062,44.88117599487305,226800
2004-04-05,110.9000015258789,111.33999633789062,110.75,111.02999877929688,44.656009674072266,127600
2004-04-06,111.3499984741211,111.69000244140625,111.20999908447266,111.55000305175781,44.86512756347656,48800
2004-04-07,111.5999984741211,112.0999984741211,111.31999969482422,111.58000183105469,44.87723159790039,29900
2004-04-08,111.5999984741211,111.80000305175781,111.1500015258789,111.69000244140625,44.92143249511719,36000
2004-04-12,111.41999816894531,111.41999816894531,110.80999755859375,111.01000213623047,44.647926330566406,79900
2004-04-13,110.19999694824219,110.83999633789062,110.19999694824219,110.30999755859375,44.36640930175781,91300
2004-04-14,109.98999786376953,110.31999969482422,109.7300033569336,110.16000366210938,44.30604553222656,134200
2004-04-15,110.0,110.4000015258789,109.63999938964844,109.69999694824219,44.12107467651367,144000
2004-04-16,110.0199966430664,110.48999786376953,110.01000213623047,110.33000183105469,44.37444305419922,32200
2004-04-19,110.48999786376953,110.5,109.8499984741211,110.12999725341797,44.29402160644531,47300
2004-04-20,109.5,110.1500015258789,109.37999725341797,109.41000366210938,44.00444412231445,35000
2004-04-21,109.30000305175781,109.80000305175781,109.18000030517578,109.5,44.04062271118164,245500
2004-04-22,109.62999725341797,110.22000122070312,109.55999755859375,110.0999984741211,44.28196334838867,37000
2004-04-23,109.43000030517578,109.83999633789062,109.30000305175781,109.62999725341797,44.0928840637207,67100
2004-04-26,109.80000305175781,109.94999694824219,109.44000244140625,109.63999938964844,44.09690475463867,61000
2004-04-27,109.44999694824219,110.16000366210938,109.44999694824219,110.16000366210938,44.30604553222656,105000
2004-04-28,109.5,110.05999755859375,109.2699966430664,109.48999786376953,44.03656005859375,132200
2004-04-29,109.0999984741211,109.73999786376953,108.62000274658203,109.0,43.839500427246094,235200
2004-04-30,109.1500015258789,109.5,108.70999908447266,109.0,43.839500427246094,74100
2004-05-03,108.8499984741211,108.88999938964844,108.41000366210938,108.70999908447266,43.89686965942383,210800
2004-05-04,109.0,109.1500015258789,108.33999633789062,108.3499984741211,43.75147247314453,78200
2004-05-05,108.41999816894531,108.72000122070312,107.80999755859375,108.19000244140625,43.68686294555664,262200
2004-05-06,107.94000244140625,107.9800033569336,107.58000183105469,107.69999694824219,43.48900604248047,53700
2004-05-07,106.9000015258789,106.9000015258789,106.1500015258789,106.30000305175781,42.9236946105957,136200
2004-05-10,106.05999755859375,106.19999694824219,105.5,105.51000213623047,42.60470199584961,338300
2004-05-11,105.61000061035156,105.94000244140625,105.56999969482422,105.72000122070312,42.68947219848633,224200
2004-05-12,106.19999694824219,106.23999786376953,105.5,105.76000213623047,42.70563888549805,98200
2004-05-13,105.38999938964844,105.5,105.12999725341797,105.19999694824219,42.479515075683594,106400
2004-05-14,105.91000366210938,106.27999877929688,105.36000061035156,105.83999633789062,42.73796081542969,60300
2004-05-17,106.45999908447266,106.5,106.1500015258789,106.3499984741211,42.94388198852539,162000
2004-05-18,106.7300033569336,106.7300033569336,106.01000213623047,106.5,43.00447082519531,47400
2004-05-19,106.5,106.5,105.97000122070312,106.1500015258789,42.86316680908203,36500
2004-05-20,106.33000183105469,106.75,106.26000213623047,106.73999786376953,43.10134506225586,47800
2004-05-21,106.9000015258789,106.9000015258789,106.41999816894531,106.6500015258789,43.06502914428711,282900
2004-05-24,107.0,107.11000061035156,106.70999908447266,107.08000183105469,43.23869705200195,187500
2004-05-25,107.3499984741211,107.37000274658203,106.77999877929688,107.19000244140625,43.28307342529297,219100
2004-05-26,107.5999984741211,107.66999816894531,106.98999786376953,107.66999816894531,43.4769172668457,159300
2004-05-27,108.06999969482422,108.18000030517578,107.48999786376953,108.16000366210938,43.67473602294922,179700
2004-05-28,108.0,108.2300033569336,107.77999877929688,108.0,43.61014938354492,80900
2004-06-01,107.29000091552734,107.29000091552734,106.69999694824219,106.98999786376953,43.377410888671875,114000
2004-06-02,106.97000122070312,107.01000213623047,106.5999984741211,106.70999908447266,43.26395034790039,73800
2004-06-03,106.66999816894531,107.05999755859375,106.55000305175781,106.98999786376953,43.377410888671875,91600
2004-06-04,107.0,107.0,106.41999816894531,106.61000061035156,43.22339630126953,94300
2004-06-07,106.5999984741211,106.7699966430664,106.38999938964844,106.75,43.28016662597656,52500
2004-06-08,106.20999908447266,106.80999755859375,106.20999908447266,106.76000213623047,43.28420639038086,83200
2004-06-09,106.8499984741211,106.86000061035156,106.16000366210938,106.29000091552734,43.093650817871094,91300
2004-06-10,106.06999969482422,106.5,105.94999694824219,106.3499984741211,43.117923736572266,162400
2004-06-14,106.45999908447266,106.45999908447266,105.80000305175781,105.80999755859375,42.899024963378906,68400
2004-06-15,106.30000305175781,107.25,106.12999725341797,107.01000213623047,43.38555908203125,116100
2004-06-16,107.0999984741211,107.13999938964844,106.5,107.0199966430664,43.38959503173828,87200
2004-06-17,107.04000091552734,107.33000183105469,106.6500015258789,107.2300033569336,43.47474670410156,63300
2004-06-18,107.05999755859375,107.48999786376953,106.86000061035156,107.0999984741211,43.42203903198242,52500
2004-06-21,107.3499984741211,107.5,107.11000061035156,107.29000091552734,43.499061584472656,66800
2004-06-22,107.55000305175781,107.55000305175781,106.66999816894531,107.13999938964844,43.43826675415039,268800
2004-06-23,107.33999633789062,107.5999984741211,106.86000061035156,107.06999969482422,43.40988540649414,163900
2004-06-24,107.91000366210938,107.91999816894531,107.41999816894531,107.41999816894531,43.55178451538086,93500
2004-06-25,107.19999694824219,107.7300033569336,107.19999694824219,107.5,43.58420181274414,211700
2004-06-28,107.54000091552734,107.54000091552734,106.72000122070312,106.75,43.28016662597656,53900
2004-06-29,107.20999908447266,107.5,106.56999969482422,107.5,43.58420181274414,110700
2004-06-30,107.58999633789062,107.9800033569336,107.20999908447266,107.69999694824219,43.66529083251953,52400
2004-07-01,107.22000122070312,107.83999633789062,107.0999984741211,107.80000305175781,43.883514404296875,422400
2004-07-02,108.30999755859375,108.6500015258789,108.25,108.55000305175781,44.188819885253906,40900
2004-07-06,108.66999816894531,108.66999816894531,108.0,108.30000305175781,44.0870475769043,49900
2004-07-07,108.30000305175781,108.52999877929688,108.30000305175781,108.38999938964844,44.1236686706543,27800
2004-07-08,108.51000213623047,108.6500015258789,108.3499984741211,108.44999694824219,44.14811325073242,46600
2004-07-09,108.5,108.55000305175781,108.0999984741211,108.48999786376953,44.164390563964844,32600
2004-07-12,108.7699966430664,108.81999969482422,108.52999877929688,108.70999908447266,44.25395584106445,70300
2004-07-13,108.5999984741211,108.5999984741211,108.25,108.5,44.1684684753418,64500
2004-07-14,108.6500015258789,108.69000244140625,108.3499984741211,108.55000305175781,44.188819885253906,22600
2004-07-15,108.68000030517578,108.7300033569336,108.25,108.33000183105469,44.0992546081543,233500
2004-07-16,108.95999908447266,109.37999725341797,108.5,109.37999725341797,44.526710510253906,191200
2004-07-19,109.4000015258789,109.5,109.16000366210938,109.44999694824219,44.5551872253418,38700
2004-07-20,109.20999908447266,109.4000015258789,108.66999816894531,108.69999694824219,44.24989318847656,37800
2004-07-21,108.72000122070312,108.72000122070312,108.16999816894531,108.68000030517578,44.24175262451172,49700
2004-07-22,108.68000030517578,108.93000030517578,108.43000030517578,108.43000030517578,44.139984130859375,38900
2004-07-23,108.91000366210938,109.0,108.56999969482422,108.9000015258789,44.33127212524414,34600
2004-07-26,108.88999938964844,108.9000015258789,108.5,108.83999633789062,44.3068733215332,44000
2004-07-27,108.41000366210938,108.69999694824219,107.83000183105469,108.08000183105469,43.99748992919922,379000
2004-07-28,107.94999694824219,108.05000305175781,107.55999755859375,107.76000213623047,43.86721420288086,67900
2004-07-29,107.55000305175781,108.25,107.55000305175781,108.16999816894531,44.03411102294922,45100
2004-07-30,108.9000015258789,108.94000244140625,108.43000030517578,108.94000244140625,44.347572326660156,135800
2004-08-02,108.73999786376953,108.83999633789062,108.44999694824219,108.7300033569336,44.4387321472168,77500
2004-08-03,108.94999694824219,108.9800033569336,108.13999938964844,108.61000061035156,44.389671325683594,147900
2004-08-04,108.80000305175781,109.08999633789062,108.55999755859375,108.9000015258789,44.508182525634766,34300
2004-08-05,109.30000305175781,109.30000305175781,108.80000305175781,109.0999984741211,44.58993148803711,77300
2004-08-06,110.30999755859375,110.41999816894531,109.95999908447266,110.08000183105469,44.99045944213867,102700
2004-08-09,110.4000015258789,110.4000015258789,109.98999786376953,110.0999984741211,44.998653411865234,46800
2004-08-10,110.19000244140625,110.19000244140625,109.44999694824219,109.73999786376953,44.85147476196289,38600
2004-08-11,109.9000015258789,109.97000122070312,109.37000274658203,109.66000366210938,44.81884002685547,25500
2004-08-12,109.5,110.19999694824219,109.4000015258789,109.80999755859375,44.88010025024414,84400
2004-08-13,109.94999694824219,110.5999984741211,109.94999694824219,110.25,45.05994415283203,61400
2004-08-16,110.16999816894531,110.23999786376953,109.7300033569336,110.13999938964844,45.01499938964844,131200
2004-08-17,110.11000061035156,110.73999786376953,110.0999984741211,110.73999786376953,45.26020812988281,39000
2004-08-18,111.04000091552734,111.04000091552734,110.22000122070312,110.41999816894531,45.12942886352539,82900
2004-08-19,110.4000015258789,110.93000030517578,110.33000183105469,110.80999755859375,45.288841247558594,51300
2004-08-20,110.80999755859375,110.87999725341797,110.4000015258789,110.41000366210938,45.125335693359375,48300
2004-08-23,110.31999969482422,110.3499984741211,109.95999908447266,110.19999694824219,45.039485931396484,33400
2004-08-24,109.75,110.2300033569336,109.75,110.0999984741211,44.998653411865234,385100
2004-08-25,110.56999969482422,110.76000213623047,110.30000305175781,110.62000274658203,45.211181640625,233400
2004-08-26,110.81999969482422,110.9000015258789,110.37999725341797,110.69000244140625,45.23978042602539,42300
2004-08-27,110.69000244140625,111.0,110.63999938964844,110.94999694824219,45.346065521240234,142800
2004-08-30,111.19999694824219,111.37999725341797,110.70999908447266,111.37999725341797,45.52174758911133,67400
2004-08-31,111.4800033569336,112.0,111.25,111.8499984741211,45.713871002197266,68100
2004-09-01,111.55999755859375,111.63999938964844,111.02999877929688,111.19999694824219,45.62643814086914,128200
2004-09-02,111.01000213623047,111.3499984741211,110.55000305175781,110.7300033569336,45.433616638183594,70200
2004-09-03,110.22000122070312,110.55000305175781,109.83999633789062,109.86000061035156,45.07667541503906,92800
2004-09-07,110.05000305175781,110.4800033569336,110.0,110.4800033569336,45.33106994628906,70800
2004-09-08,110.37999725341797,111.18000030517578,110.29000091552734,110.94999694824219,45.52387619018555,63700
2004-09-09,111.0199966430664,111.48999786376953,110.9000015258789,111.18000030517578,45.618289947509766,50100
2004-09-10,111.47000122070312,111.47000122070312,111.0,111.12000274658203,45.593692779541016,47000
2004-09-13,111.29000091552734,111.54000091552734,110.95999908447266,111.5,45.74956130981445,148600
2004-09-14,111.48999786376953,111.69000244140625,111.30999755859375,111.52999877929688,45.76188278198242,47600
2004-09-15,111.66000366210938,111.66000366210938,111.31999969482422,111.52999877929688,45.76188278198242,25400
2004-09-16,111.66000366210938,112.30000305175781,111.54000091552734,112.16999816894531,46.02448272705078,64600
2004-09-17,112.16000366210938,112.19000244140625,111.70999908447266,111.75,45.85213088989258,56500
2004-09-20,112.11000061035156,112.37999725341797,111.87999725341797,112.36000061035156,46.102455139160156,106000
2004-09-21,112.19999694824219,112.52999877929688,111.91999816894531,112.4000015258789,46.1188850402832,54600
2004-09-22,112.37999725341797,112.94999694824219,112.13999938964844,112.80000305175781,46.28297424316406,1033000
2004-09-23,112.68000030517578,112.94999694824219,112.33999633789062,112.3499984741211,46.09833526611328,98000
2004-09-24,112.05999755859375,112.43000030517578,112.01000213623047,112.30999755859375,46.08191680908203,83600
2004-09-27,112.41000366210938,112.7699966430664,112.3499984741211,112.69999694824219,46.2419319152832,45500
2004-09-28,112.80000305175781,112.81999969482422,112.31999969482422,112.62000274658203,46.209102630615234,52000
2004-09-29,112.2300033569336,112.2300033569336,111.66999816894531,112.08999633789062,45.991668701171875,43300
2004-09-30,111.38999938964844,111.91999816894531,111.38999938964844,111.76000213623047,45.85622787475586,50400
2004-10-01,111.22000122070312,111.47000122070312,110.66999816894531,110.83999633789062,45.653194427490234,442000
2004-10-04,110.51000213623047,111.19000244140625,110.5,110.7699966430664,45.62436294555664,244800
2004-10-05,110.9000015258789,111.23999786376953,110.75,111.2300033569336,45.81383514404297,61800
2004-10-06,111.16000366210938,111.19999694824219,110.9000015258789,110.91000366210938,45.68201446533203,47200
2004-10-07,110.87999725341797,110.94999694824219,110.55999755859375,110.66999816894531,45.583152770996094,64600
2004-10-08,111.4000015258789,111.9000015258789,111.26000213623047,111.75,46.028011322021484,48100
2004-10-11,111.80000305175781,111.8499984741211,111.47000122070312,111.8499984741211,46.069190979003906,34400
2004-10-12,112.05000305175781,112.12000274658203,111.69999694824219,111.91000366210938,46.093936920166016,68000
2004-10-13,111.83999633789062,112.61000061035156,111.76000213623047,112.33999633789062,46.27103042602539,526400
2004-10-14,112.33000183105469,112.80000305175781,112.01000213623047,112.80000305175781,46.460514068603516,46700
2004-10-15,112.47000122070312,112.79000091552734,111.8499984741211,112.30000305175781,46.254547119140625,85400
2004-10-18,112.20999908447266,112.5199966430664,112.11000061035156,112.48999786376953,46.33281707763672,35600
2004-10-19,112.1500015258789,112.5999984741211,112.0,112.47000122070312,46.32452392578125,42300
2004-10-20,112.58999633789062,112.83999633789062,112.54000091552734,112.83999633789062,46.47700500488281,108300
2004-10-21,112.80000305175781,112.88999938964844,112.58000183105469,112.73999786376953,46.43576431274414,51200
2004-10-22,112.58000183105469,112.8499984741211,112.37000274658203,112.6500015258789,46.398677825927734,166500
2004-10-25,112.80999755859375,113.13999938964844,112.70999908447266,112.9000015258789,46.50165939331055,50600
2004-10-26,112.98999786376953,113.0,112.69999694824219,112.77999877929688,46.4522819519043,37000
2004-10-27,112.9800033569336,113.16000366210938,112.0,112.0999984741211,46.17221450805664,108400
2004-10-28,112.4000015258789,112.55000305175781,111.91000366210938,112.29000091552734,46.250431060791016,81000
2004-10-29,112.5,112.8499984741211,112.30000305175781,112.6500015258789,46.398677825927734,55400
2004-11-01,112.29000091552734,112.29000091552734,111.75,111.75,46.204811096191406,73900
2004-11-02,111.8499984741211,112.12000274658203,111.75,111.91999816894531,46.27510452270508,97800
2004-11-03,111.69999694824219,112.58999633789062,111.54000091552734,111.69999694824219,46.184112548828125,315700
2004-11-04,112.63999938964844,112.70999908447266,112.13999938964844,112.18000030517578,46.38258743286133,53100
2004-11-05,111.69999694824219,111.7699966430664,111.13999938964844,111.69999694824219,46.184112548828125,99500
2004-11-08,111.2300033569336,111.5999984741211,110.80999755859375,111.2300033569336,45.989803314208984,123000
2004-11-09,111.29000091552734,111.6500015258789,111.11000061035156,111.25,45.998077392578125,172200
2004-11-10,111.44000244140625,111.44999694824219,111.01000213623047,111.1500015258789,45.95673751831055,34000
2004-11-11,111.48999786376953,111.5,111.0,111.16000366210938,45.96084213256836,52100
2004-11-12,111.63999938964844,111.94999694824219,111.1500015258789,111.72000122070312,46.192413330078125,355400
2004-11-15,111.69000244140625,111.94999694824219,111.3499984741211,111.76000213623047,46.20895767211914,61500
2004-11-16,111.80999755859375,111.80999755859375,110.95999908447266,111.69999694824219,46.184112548828125,932500
2004-11-17,111.87999725341797,112.41000366210938,111.69999694824219,112.31999969482422,46.44046401977539,79300
2004-11-18,112.3499984741211,112.61000061035156,111.8499984741211,112.5,46.51490020751953,274900
2004-11-19,112.44000244140625,112.44000244140625,111.30999755859375,111.91000366210938,46.270973205566406,105700
2004-11-22,111.98999786376953,112.13999938964844,111.69999694824219,111.86000061035156,46.25028610229492,171300
2004-11-23,111.8499984741211,112.12999725341797,111.62999725341797,112.0,46.30814743041992,53800
2004-11-24,112.19999694824219,112.23999786376953,111.86000061035156,111.98999786376953,46.30401611328125,42900
2004-11-26,111.56999969482422,111.86000061035156,111.56999969482422,111.58999633789062,46.138614654541016,18300
2004-11-29,111.30000305175781,111.30000305175781,110.69000244140625,110.70999908447266,45.7747802734375,259300
2004-11-30,110.83999633789062,111.0999984741211,110.55999755859375,110.8499984741211,45.832679748535156,163200
2004-12-01,110.5199966430664,110.80999755859375,110.05000305175781,110.36000061035156,45.805274963378906,159900
2004-12-02,110.30000305175781,110.30000305175781,109.81999969482422,110.01000213623047,45.660003662109375,129300
2004-12-03,110.75,111.45999908447266,110.62999725341797,110.62999725341797,45.917354583740234,180100
2004-12-06,111.19000244140625,111.19999694824219,110.70999908447266,110.94000244140625,46.046016693115234,140200
2004-12-07,111.12999725341797,111.3499984741211,110.80000305175781,111.19999694824219,46.15390396118164,665400
2004-12-08,111.73999786376953,111.94000244140625,111.38999938964844,111.58000183105469,46.31166076660156,558700
2004-12-09,111.73999786376953,112.0,111.5,111.83999633789062,46.41954803466797,91100
2004-12-10,111.97000122070312,112.22000122070312,111.51000213623047,111.88999938964844,46.44029235839844,98600
2004-12-13,112.1500015258789,112.16000366210938,111.81999969482422,112.11000061035156,46.53163146972656,90200
2004-12-14,112.0,112.16000366210938,111.5999984741211,112.16000366210938,46.55237579345703,77600
2004-12-15,112.19999694824219,112.76000213623047,112.19999694824219,112.76000213623047,46.801395416259766,64400
2004-12-16,112.5999984741211,112.5999984741211,111.61000061035156,111.79000091552734,46.3988037109375,45400
2004-12-17,111.6500015258789,111.91000366210938,111.5199966430664,111.91000366210938,46.44864273071289,36000
2004-12-20,111.7699966430664,112.05999755859375,111.5199966430664,111.83000183105469,46.4154052734375,80000
2004-12-21,111.8499984741211,112.29000091552734,111.3499984741211,111.87999725341797,46.43614196777344,240000
2004-12-22,112.05000305175781,112.11000061035156,111.70999908447266,112.0,46.485958099365234,54300
2004-12-23,112.12999725341797,112.20999908447266,111.87999725341797,112.19999694824219,46.5689582824707,49300
2004-12-27,111.83000183105469,111.93000030517578,111.30999755859375,111.5999984741211,46.31991958618164,71400
2004-12-28,111.61000061035156,111.73999786376953,111.22000122070312,111.72000122070312,46.369773864746094,75500
2004-12-29,111.83000183105469,111.83000183105469,111.4000015258789,111.55000305175781,46.299163818359375,72300
2004-12-30,111.73999786376953,111.95999908447266,111.4800033569336,111.94999694824219,46.4652214050293,122700
2004-12-31,111.8499984741211,111.9800033569336,111.52999877929688,111.52999877929688,46.47024917602539,100600
2005-01-03,111.70999908447266,112.25,111.5,112.25,46.770225524902344,1497800
2005-01-04,112.2699966430664,112.29000091552734,111.5,111.62000274658203,46.507713317871094,90200
2005-01-05,111.6500015258789,111.91000366210938,111.45999908447266,111.70999908447266,46.54519271850586,120700
2005-01-06,111.55000305175781,111.94999694824219,111.55000305175781,111.79000091552734,46.578529357910156,43900
2005-01-07,111.91000366210938,111.91999816894531,111.43000030517578,111.73999786376953,46.557735443115234,68300
2005-01-10,111.76000213623047,111.76000213623047,111.4000015258789,111.55000305175781,46.47853088378906,73200
2005-01-11,111.79000091552734,112.12999725341797,111.37999725341797,111.80999755859375,46.58687210083008,265900
2005-01-12,111.3499984741211,112.05000305175781,111.3499984741211,111.91999816894531,46.63274002075195,46100
2005-01-13,111.98999786376953,112.41000366210938,111.9000015258789,112.22000122070312,46.757720947265625,61100
2005-01-14,112.1500015258789,112.54000091552734,111.87000274658203,112.3499984741211,46.81186294555664,61300
2005-01-18,111.9800033569336,112.43000030517578,111.91000366210938,112.41000366210938,46.83686065673828,145600
2005-01-19,112.4800033569336,112.5999984741211,112.11000061035156,112.58000183105469,46.90774154663086,78900
2005-01-20,112.27999877929688,112.69000244140625,112.26000213623047,112.37999725341797,46.824398040771484,62200
2005-01-21,112.45999908447266,112.7300033569336,112.1500015258789,112.62999725341797,46.928558349609375,111900
2005-01-24,112.8499984741211,112.87999725341797,112.5199966430664,112.83000183105469,47.01189422607422,100500
2005-01-25,112.91999816894531,112.91999816894531,112.36000061035156,112.44999694824219,46.85353088378906,72900
2005-01-26,112.5999984741211,112.70999908447266,112.44999694824219,112.48999786376953,46.8702278137207,47000
2005-01-27,112.37999725341797,112.58999633789062,111.66999816894531,112.25,46.770225524902344,1000300
2005-01-28,112.6500015258789,113.0199966430664,112.61000061035156,112.9000015258789,47.04104232788086,64500
2005-01-31,112.52999877929688,112.98999786376953,112.52999877929688,112.9000015258789,47.04104232788086,83100
2005-02-01,112.62999725341797,112.69999694824219,112.3499984741211,112.44999694824219,47.03142547607422,57000
2005-02-02,112.36000061035156,112.62999725341797,112.20999908447266,112.3499984741211,46.98957824707031,118600
2005-02-03,112.30000305175781,112.48999786376953,112.0199966430664,112.48999786376953,47.04816436767578,46800
2005-02-04,113.16000366210938,113.19999694824219,112.33999633789062,112.8499984741211,47.198760986328125,749000
2005-02-07,112.98999786376953,113.16000366210938,112.83999633789062,112.88999938964844,47.215431213378906,218400
2005-02-08,113.29000091552734,113.30999755859375,112.91000366210938,113.30000305175781,47.38694763183594,101800
2005-02-09,113.37000274658203,113.80000305175781,113.23999786376953,113.69999694824219,47.55425262451172,78800
2005-02-10,113.56999969482422,113.56999969482422,113.01000213623047,113.30000305175781,47.38694763183594,56600
2005-02-11,113.11000061035156,113.19000244140625,112.73999786376953,112.97000122070312,47.24893569946289,65000
2005-02-14,113.19000244140625,113.29000091552734,112.80000305175781,113.16000366210938,47.328365325927734,69600
2005-02-15,112.94999694824219,113.19000244140625,112.76000213623047,112.98999786376953,47.25728225708008,52800
2005-02-16,113.0999984741211,113.0999984741211,112.30000305175781,112.44999694824219,47.03142547607422,194700
2005-02-17,112.0999984741211,112.5999984741211,111.87000274658203,112.19999694824219,46.926849365234375,73800
2005-02-18,112.0,112.08999633789062,111.81999969482422,112.01000213623047,46.847381591796875,55400
2005-02-22,111.73999786376953,112.05000305175781,111.69999694824219,111.91000366210938,46.80559158325195,56400
2005-02-23,112.0999984741211,112.44999694824219,111.91999816894531,112.06999969482422,46.872467041015625,66900
2005-02-24,112.19999694824219,112.4000015258789,111.8499984741211,111.8499984741211,46.78046417236328,86400
2005-02-25,112.1500015258789,112.22000122070312,111.87000274658203,112.05000305175781,46.86408996582031,66600
2005-02-28,111.5,112.0,111.30000305175781,111.41999816894531,46.60063552856445,192300
2005-03-01,111.0199966430664,111.18000030517578,110.75,110.97000122070312,46.591796875,92400
2005-03-02,110.95999908447266,111.19999694824219,110.87999725341797,111.01000213623047,46.60859298706055,60300
2005-03-03,111.0999984741211,111.2699966430664,110.8499984741211,111.0,46.60441589355469,109400
2005-03-04,111.43000030517578,111.62999725341797,111.25,111.36000061035156,46.755558013916016,64100
2005-03-07,111.36000061035156,111.80000305175781,111.30000305175781,111.68000030517578,46.88990020751953,53100
2005-03-08,111.37999725341797,111.37999725341797,111.01000213623047,111.18000030517578,46.67998504638672,65600
2005-03-09,110.75,110.83999633789062,110.12000274658203,110.12000274658203,46.234920501708984,69800
2005-03-10,110.5999984741211,110.5999984741211,110.05999755859375,110.2699966430664,46.29792022705078,93500
2005-03-11,110.01000213623047,110.30000305175781,109.83999633789062,110.08000183105469,46.218116760253906,71100
2005-03-14,110.0,110.19999694824219,109.72000122070312,110.06999969482422,46.21392059326172,55200
2005-03-15,110.02999877929688,110.30000305175781,109.61000061035156,109.62000274658203,46.024986267089844,73700
2005-03-16,109.80000305175781,110.41000366210938,109.75,110.0,46.1845703125,60200
2005-03-17,110.12999725341797,110.16999816894531,109.4000015258789,109.75,46.07962417602539,252800
2005-03-18,109.83999633789062,109.8499984741211,109.20999908447266,109.41999816894531,45.9410285949707,62000
2005-03-21,109.30000305175781,109.68000030517578,109.20999908447266,109.29000091552734,45.88644027709961,95900
2005-03-22,109.30000305175781,109.75,108.3499984741211,108.3499984741211,45.49178695678711,97500
2005-03-23,108.06999969482422,108.81999969482422,108.05000305175781,108.66999816894531,45.626121520996094,124800
2005-03-24,109.04000091552734,109.04000091552734,108.7300033569336,108.9000015258789,45.72273254394531,48500
2005-03-28,108.9000015258789,108.9000015258789,108.5999984741211,108.73999786376953,45.655521392822266,53000
2005-03-29,108.68000030517578,109.22000122070312,108.5999984741211,108.93000030517578,45.735321044921875,83700
2005-03-30,108.5999984741211,109.30000305175781,108.5999984741211,109.20999908447266,45.852882385253906,91400
2005-03-31,109.30999755859375,109.61000061035156,109.2699966430664,109.58999633789062,46.01240921020508,69100
2005-04-01,109.54000091552734,109.55999755859375,108.91000366210938,109.25,46.05458068847656,104000
2005-04-04,109.11000061035156,109.48999786376953,108.51000213623047,108.58000183105469,45.77212142944336,379500
2005-04-05,108.80000305175781,108.9800033569336,108.30000305175781,108.91000366210938,45.9112548828125,141300
2005-04-06,109.0999984741211,109.2300033569336,108.68000030517578,108.8499984741211,45.88595199584961,259800
2005-04-07,108.80000305175781,109.41000366210938,108.30000305175781,108.30000305175781,45.65413284301758,156800
2005-04-08,108.69000244140625,108.69000244140625,108.12000274658203,108.6500015258789,45.80161666870117,115700
2005-04-11,108.63999938964844,109.08999633789062,108.62000274658203,108.94999694824219,45.928096771240234,71600
2005-04-12,108.56999969482422,109.58000183105469,108.56999969482422,109.38999938964844,46.113590240478516,57100
2005-04-13,109.4000015258789,109.7300033569336,109.38999938964844,109.6500015258789,46.22317886352539,58400
2005-04-14,109.58999633789062,109.5999984741211,109.19999694824219,109.25,46.05458068847656,67400
2005-04-15,109.9000015258789,109.9000015258789,109.30000305175781,109.75,46.26533508300781,93900
2005-04-18,109.83999633789062,110.0,109.70999908447266,109.7699966430664,46.273807525634766,116400
2005-04-19,110.02999877929688,110.25,109.70999908447266,110.2300033569336,46.46766662597656,60500
2005-04-20,109.80000305175781,110.31999969482422,109.80000305175781,110.29000091552734,46.49296188354492,324400
2005-04-21,110.25,110.30999755859375,109.70999908447266,109.70999908447266,46.248443603515625,81200
2005-04-22,110.37999725341797,110.51000213623047,110.0199966430664,110.2300033569336,46.46766662597656,149000
2005-04-25,110.30000305175781,110.5,110.13999938964844,110.5,46.581504821777344,45200
2005-04-26,110.05000305175781,110.55999755859375,109.94999694824219,110.31999969482422,46.505619049072266,49400
2005-04-27,110.69999694824219,110.97000122070312,110.4000015258789,110.86000061035156,46.733280181884766,350000
2005-04-28,110.88999938964844,111.33999633789062,110.87999725341797,111.31999969482422,46.92719268798828,315000
2005-04-29,111.1500015258789,111.41999816894531,110.83000183105469,110.91999816894531,46.758567810058594,92200
2005-05-02,110.56999969482422,110.66999816894531,110.20999908447266,110.52999877929688,46.77461624145508,52400
2005-05-03,110.51000213623047,110.5999984741211,110.18000030517578,110.58999633789062,46.80004119873047,52400
2005-05-04,109.5999984741211,110.55999755859375,109.5999984741211,110.33999633789062,46.6942253112793,58900
2005-05-05,110.4800033569336,110.72000122070312,110.12999725341797,110.5,46.7619514465332,80700
2005-05-06,109.88999938964844,110.05000305175781,109.62999725341797,109.9000015258789,46.508018493652344,60700
2005-05-09,109.6500015258789,109.7300033569336,109.26000213623047,109.5199966430664,46.34725570678711,473600
2005-05-10,109.48999786376953,110.0199966430664,109.41000366210938,109.5,46.33876037597656,134800
2005-05-11,109.69000244140625,109.9800033569336,109.55000305175781,109.5999984741211,46.38108825683594,157600
2005-05-12,109.47000122070312,109.62000274658203,108.6500015258789,109.25,46.23297119140625,803900
2005-05-13,109.27999877929688,109.9800033569336,109.27999877929688,109.86000061035156,46.4910888671875,57300
2005-05-16,110.0,110.05999755859375,109.44000244140625,109.69000244140625,46.419166564941406,133500
2005-05-17,109.83999633789062,109.9000015258789,108.94999694824219,109.75,46.44455337524414,584300
2005-05-18,110.0,110.19000244140625,109.76000213623047,110.13999938964844,46.60959243774414,54800
2005-05-19,110.0999984741211,110.19999694824219,109.7300033569336,109.9800033569336,46.54186248779297,55500
2005-05-20,109.6500015258789,110.0999984741211,109.6500015258789,109.94999694824219,46.529205322265625,143100
2005-05-23,110.41999816894531,110.41999816894531,109.75,110.41000366210938,46.72384262084961,339700
2005-05-24,110.72000122070312,110.80000305175781,110.5199966430664,110.6500015258789,46.825416564941406,161300
2005-05-25,110.6500015258789,110.76000213623047,110.33999633789062,110.63999938964844,46.82120132446289,48500
2005-05-26,110.5,110.76000213623047,110.44999694824219,110.70999908447266,46.850826263427734,76200
2005-05-27,110.79000091552734,110.80000305175781,110.51000213623047,110.69999694824219,46.84660339355469,62400
2005-05-31,111.16000366210938,111.27999877929688,110.97000122070312,111.18000030517578,47.0496940612793,172900
2005-06-01,110.98999786376953,111.6500015258789,110.98999786376953,111.51000213623047,47.37299346923828,195600
2005-06-02,111.41000366210938,111.94999694824219,111.3499984741211,111.94000244140625,47.55567932128906,1231800
2005-06-03,112.44000244140625,112.44000244140625,111.25,111.3499984741211,47.305023193359375,70400
2005-06-06,111.58999633789062,111.69000244140625,111.36000061035156,111.66000366210938,47.436729431152344,195200
2005-06-07,112.04000091552734,112.55000305175781,111.75,111.88999938964844,47.534461975097656,796500
2005-06-08,111.94000244140625,111.94000244140625,111.61000061035156,111.66000366210938,47.436729431152344,37200
2005-06-09,111.63999938964844,111.63999938964844,110.41000366210938,111.44999694824219,47.34749221801758,171000
2005-06-10,111.44000244140625,111.44000244140625,110.8499984741211,110.94999694824219,47.13508224487305,64200
2005-06-13,110.83999633789062,111.04000091552734,110.58999633789062,110.69000244140625,47.02464294433594,138400
2005-06-14,110.69000244140625,110.70999908447266,110.3499984741211,110.56999969482422,46.97367477416992,107300
2005-06-15,110.45999908447266,110.58999633789062,110.18000030517578,110.36000061035156,46.88444519042969,106400
2005-06-16,110.58999633789062,110.58999633789062,110.19999694824219,110.47000122070312,46.931182861328125,175800
2005-06-17,110.55999755859375,110.69999694824219,110.31999969482422,110.44999694824219,46.92268753051758,209500
2005-06-20,110.41999816894531,110.41999816894531,110.13999938964844,110.31999969482422,46.867462158203125,194600
2005-06-21,110.58999633789062,110.73999786376953,110.41999816894531,110.69000244140625,47.02464294433594,73200
2005-06-22,111.31999969482422,111.66000366210938,111.01000213623047,111.4800033569336,47.36026382446289,229700
2005-06-23,111.4800033569336,111.5999984741211,111.30999755859375,111.55000305175781,47.38998794555664,119600
2005-06-24,111.83999633789062,111.83999633789062,111.6500015258789,111.83000183105469,47.508995056152344,57000
2005-06-27,111.8499984741211,112.0,111.75,111.98999786376953,47.576908111572266,55300
2005-06-28,111.83999633789062,111.93000030517578,111.5,111.63999938964844,47.42824935913086,42600
2005-06-29,111.93000030517578,111.98999786376953,111.5999984741211,111.69999694824219,47.453712463378906,57600
2005-06-30,112.05999755859375,112.2699966430664,111.69000244140625,112.0999984741211,47.62363052368164,94300
2005-07-01,111.83999633789062,111.9000015258789,111.13999938964844,111.16000366210938,47.404903411865234,77500
2005-07-05,110.83000183105469,110.91000366210938,110.63999938964844,110.80000305175781,47.25133514404297,47500
2005-07-06,110.94999694824219,111.12000274658203,110.80999755859375,111.04000091552734,47.353729248046875,70100
2005-07-07,111.05000305175781,111.4800033569336,111.05000305175781,111.33000183105469,47.47732162475586,45700
2005-07-08,111.45999908447266,111.45999908447266,111.0,111.11000061035156,47.38356018066406,62300
2005-07-11,110.83999633789062,110.9000015258789,110.5,110.5,47.1234016418457,220300
2005-07-12,110.69999694824219,110.69999694824219,110.1500015258789,110.25,47.016845703125,242100
2005-07-13,110.4800033569336,110.66000366210938,110.30000305175781,110.5,47.1234016418457,102400
2005-07-14,110.72000122070312,110.73999786376953,110.5,110.5999984741211,47.166038513183594,132000
2005-07-15,110.58999633789062,110.75,110.5,110.6500015258789,47.187408447265625,178000
2005-07-18,110.83999633789062,110.83999633789062,110.36000061035156,110.55999755859375,47.14901351928711,85900
2005-07-19,110.48999786376953,110.80000305175781,110.31999969482422,110.6500015258789,47.187408447265625,102300
2005-07-20,110.7300033569336,111.0199966430664,110.3499984741211,110.7699966430664,47.23859786987305,132000
2005-07-21,110.5999984741211,110.75,110.16999816894531,110.19999694824219,46.995479583740234,187300
2005-07-22,110.20999908447266,110.80000305175781,110.19999694824219,110.70999908447266,47.21296691894531,58100
2005-07-25,110.69999694824219,110.91000366210938,110.6500015258789,110.69999694824219,47.20869827270508,59100
2005-07-26,110.80000305175781,110.98999786376953,110.63999938964844,110.72000122070312,47.217254638671875,1058300
2005-07-27,110.72000122070312,110.72000122070312,110.31999969482422,110.58000183105469,47.15754318237305,66500
2005-07-28,110.81999969482422,111.16999816894531,110.58999633789062,111.0,47.33665084838867,105500
2005-07-29,111.04000091552734,111.0999984741211,110.58999633789062,110.75,47.230010986328125,76500
2005-08-01,110.05999755859375,110.30000305175781,109.61000061035156,110.04000091552734,47.11786651611328,139000
2005-08-02,109.98999786376953,110.19000244140625,109.68000030517578,109.83999633789062,47.032203674316406,88900
2005-08-03,110.04000091552734,110.33000183105469,109.87000274658203,110.0999984741211,47.143550872802734,74200
2005-08-04,110.0199966430664,110.3499984741211,110.0,110.0999984741211,47.143550872802734,112700
2005-08-05,110.05000305175781,110.05000305175781,109.5999984741211,109.91000366210938,47.062171936035156,57900
2005-08-08,109.70999908447266,109.76000213623047,109.31999969482422,109.41000366210938,46.848087310791016,102900
2005-08-09,109.68000030517578,109.70999908447266,109.31999969482422,109.58999633789062,46.92516326904297,56400
2005-08-10,109.87000274658203,109.91999816894531,109.54000091552734,109.68000030517578,46.96366882324219,72700
2005-08-11,109.62999725341797,110.06999969482422,108.8499984741211,110.0199966430664,47.1092643737793,69400
2005-08-12,110.16000366210938,110.55000305175781,110.12000274658203,110.55000305175781,47.33623504638672,46000
2005-08-15,110.58999633789062,110.62000274658203,110.1500015258789,110.38999938964844,47.267704010009766,77000
2005-08-16,110.69999694824219,111.0,110.47000122070312,110.68000030517578,47.3918571472168,2083500
2005-08-17,110.51000213623047,110.83999633789062,110.30999755859375,110.38999938964844,47.267704010009766,69800
2005-08-18,110.55999755859375,110.86000061035156,110.52999877929688,110.69999694824219,47.400428771972656,139900
2005-08-19,110.66000366210938,110.69000244140625,110.47000122070312,110.5999984741211,47.35761642456055,101600
2005-08-22,110.73999786376953,110.73999786376953,110.1500015258789,110.55000305175781,47.33623504638672,206500
2005-08-23,110.4000015258789,110.75,110.36000061035156,110.63999938964844,47.37477493286133,265800
2005-08-24,110.72000122070312,110.83999633789062,110.5199966430664,110.5999984741211,47.35761642456055,77600
2005-08-25,110.80000305175781,111.23999786376953,110.61000061035156,110.80999755859375,47.44752883911133,54000
2005-08-26,110.81999969482422,110.98999786376953,110.6500015258789,110.98999786376953,47.524635314941406,82200
2005-08-29,111.0,111.12999725341797,110.7699966430664,111.0,47.52891159057617,105800
2005-08-30,111.4000015258789,111.5199966430664,111.05000305175781,111.18000030517578,47.60598373413086,187900
2005-08-31,111.54000091552734,111.9800033569336,111.54000091552734,111.95999908447266,47.939945220947266,47700
2005-09-01,111.58000183105469,111.7300033569336,110.51000213623047,111.19000244140625,47.80455017089844,803700
2005-09-02,110.94999694824219,111.38999938964844,110.93000030517578,111.22000122070312,47.81745529174805,54800
2005-09-06,110.80000305175781,111.27999877929688,110.80000305175781,110.98999786376953,47.71854019165039,72700
2005-09-07,110.87999725341797,110.9000015258789,110.33999633789062,110.58999633789062,47.54656982421875,105300
2005-09-08,110.87999725341797,110.87999725341797,110.51000213623047,110.62000274658203,47.559452056884766,201400
2005-09-09,110.62999725341797,110.87000274658203,110.4800033569336,110.66999816894531,47.58095169067383,119700
2005-09-12,110.63999938964844,110.63999938964844,110.18000030517578,110.38999938964844,47.460601806640625,90800
2005-09-13,110.66999816894531,110.75,110.43000030517578,110.58000183105469,47.54227066040039,120300
2005-09-14,110.56999969482422,110.69000244140625,110.30000305175781,110.30999755859375,47.42622756958008,72100
2005-09-15,110.30999755859375,110.38999938964844,109.7699966430664,109.91999816894531,47.25851058959961,92900
2005-09-16,109.91999816894531,109.94999694824219,109.52999877929688,109.62000274658203,47.12956619262695,83900
2005-09-19,109.69999694824219,109.95999908447266,109.56999969482422,109.91999816894531,47.25851058959961,88100
2005-09-20,109.87000274658203,109.97000122070312,109.13999938964844,109.75,47.185447692871094,108500
2005-09-21,110.0,110.37000274658203,109.45999908447266,110.23999786376953,47.39615249633789,102500
2005-09-22,110.38999938964844,110.41000366210938,109.95999908447266,110.18000030517578,47.370304107666016,113400
2005-09-23,110.05000305175781,110.05000305175781,109.75,109.86000061035156,47.23273468017578,46500
2005-09-26,109.5,109.70999908447266,109.4000015258789,109.51000213623047,47.082218170166016,95800
2005-09-27,109.52999877929688,109.87999725341797,109.30000305175781,109.61000061035156,47.125240325927734,137600
2005-09-28,109.56999969482422,109.94999694824219,109.5199966430664,109.83999633789062,47.22414779663086,85400
2005-09-29,109.81999969482422,109.9000015258789,109.66000366210938,109.80000305175781,47.2069091796875,105100
2005-09-30,109.58000183105469,109.8499984741211,109.37000274658203,109.43000030517578,47.04783248901367,145600
2005-10-03,109.19999694824219,109.19999694824219,108.55999755859375,108.66000366210938,46.90371322631836,146000
2005-10-04,108.91000366210938,109.0199966430664,108.5999984741211,108.80000305175781,46.96413803100586,87200
2005-10-05,108.76000213623047,109.02999877929688,108.72000122070312,108.94999694824219,47.0288200378418,50700
2005-10-06,108.93000030517578,109.05000305175781,108.62999725341797,108.70999908447266,46.925262451171875,75500
2005-10-07,108.56999969482422,108.98999786376953,108.5,108.88999938964844,47.00297164916992,51100
2005-10-10,108.88999938964844,109.06999969482422,108.4800033569336,108.81999969482422,46.97278594970703,51600
2005-10-11,108.88999938964844,108.88999938964844,108.56999969482422,108.63999938964844,46.89502716064453,73500
2005-10-12,108.55999755859375,108.55999755859375,108.04000091552734,108.18000030517578,46.69651412963867,204100
2005-10-13,108.0199966430664,108.13999938964844,107.70999908447266,108.0,46.6187858581543,71100
2005-10-14,108.16000366210938,108.16000366210938,107.56999969482422,107.77999877929688,46.52383041381836,76200
2005-10-17,107.5,108.12999725341797,107.5,107.93000030517578,46.58857345581055,69600
2005-10-18,107.91000366210938,108.0999984741211,107.9000015258789,108.06999969482422,46.649044036865234,66500
2005-10-19,108.11000061035156,108.31999969482422,108.05999755859375,108.18000030517578,46.69651412963867,84000
2005-10-20,107.86000061035156,108.05999755859375,107.75,107.91000366210938,46.57991027832031,58200
2005-10-21,108.3499984741211,108.6500015258789,108.0999984741211,108.4800033569336,46.82598876953125,56600
2005-10-24,108.62000274658203,108.66000366210938,108.01000213623047,108.06999969482422,46.649044036865234,137000
2005-10-25,107.5999984741211,108.30000305175781,107.4000015258789,107.54000091552734,46.420249938964844,110800
2005-10-26,107.1500015258789,107.36000061035156,107.02999877929688,107.22000122070312,46.28208541870117,119600
2005-10-27,107.22000122070312,107.47000122070312,107.04000091552734,107.30000305175781,46.316612243652344,56700
2005-10-28,107.55000305175781,107.55000305175781,106.95999908447266,107.30000305175781,46.316612243652344,84800
2005-10-31,107.33999633789062,107.48999786376953,107.1500015258789,107.2699966430664,46.3037223815918,87300
2005-11-01,107.0,107.0999984741211,106.6500015258789,106.81999969482422,46.28724670410156,66500
2005-11-02,106.81999969482422,107.0199966430664,106.61000061035156,106.61000061035156,46.196205139160156,104100
2005-11-03,106.7300033569336,106.7699966430664,106.20999908447266,106.23999786376953,46.035884857177734,125000
2005-11-04,106.26000213623047,106.51000213623047,106.08000183105469,106.31999969482422,46.0705451965332,76900
2005-11-07,106.55999755859375,106.62000274658203,106.36000061035156,106.43000030517578,46.118228912353516,77200
2005-11-08,106.70999908447266,107.13999938964844,106.69999694824219,107.06999969482422,46.39554214477539,148600
2005-11-09,106.94000244140625,106.94000244140625,106.06999969482422,106.5,46.148521423339844,164900
2005-11-10,106.68000030517578,107.06999969482422,106.56999969482422,107.05999755859375,46.39120864868164,71900
2005-11-11,106.6500015258789,107.19000244140625,106.6500015258789,107.1500015258789,46.43019485473633,92500
2005-11-14,107.08999633789062,107.11000061035156,106.41999816894531,106.61000061035156,46.196205139160156,105500
2005-11-15,106.51000213623047,107.04000091552734,106.51000213623047,106.88999938964844,46.31755447387695,111300
2005-11-16,106.95999908447266,107.47000122070312,106.95999908447266,107.33999633789062,46.51252365112305,78300
2005-11-17,107.08999633789062,107.69999694824219,107.08999633789062,107.5199966430664,46.5905647277832,89800
2005-11-18,107.38999938964844,107.5,107.11000061035156,107.30999755859375,46.49952697753906,100200
2005-11-21,107.55999755859375,107.80000305175781,107.41000366210938,107.66000366210938,46.65121078491211,147000
2005-11-22,107.69999694824219,107.9000015258789,107.4800033569336,107.86000061035156,46.73787307739258,182000
2005-11-23,108.04000091552734,108.04000091552734,107.5999984741211,107.76000213623047,46.69453811645508,475800
2005-11-25,107.66999816894531,108.0,107.66999816894531,107.9000015258789,46.75520324707031,27100
2005-11-28,107.9800033569336,108.3499984741211,107.86000061035156,108.26000213623047,46.91120529174805,1690700
2005-11-29,108.2699966430664,108.30999755859375,107.6500015258789,107.76000213623047,46.69453811645508,97300
2005-11-30,107.7300033569336,107.95999908447266,107.5199966430664,107.55999755859375,46.60787582397461,49900
2005-12-01,107.55999755859375,107.58999633789062,106.91999816894531,106.94999694824219,46.51350784301758,92400
2005-12-02,106.7699966430664,107.0999984741211,106.7699966430664,106.9800033569336,46.526573181152344,99100
2005-12-05,106.91000366210938,107.05000305175781,106.61000061035156,106.69999694824219,46.404762268066406,58400
2005-12-06,107.0,107.23999786376953,106.76000213623047,106.91999816894531,46.50045394897461,332500
2005-12-07,106.6500015258789,107.02999877929688,106.62999725341797,106.79000091552734,46.44390869140625,93300
2005-12-08,106.69999694824219,107.12000274658203,106.69999694824219,107.01000213623047,46.53960037231445,244000
2005-12-09,106.86000061035156,107.01000213623047,106.70999908447266,106.81999969482422,46.456939697265625,62700
2005-12-12,106.76000213623047,106.94999694824219,106.55999755859375,106.58999633789062,46.3569450378418,71200
2005-12-13,106.5999984741211,106.88999938964844,106.52999877929688,106.68000030517578,46.39606857299805,104200
2005-12-14,107.0,107.4000015258789,106.91000366210938,107.2300033569336,46.63531494140625,62800
2005-12-15,107.4000015258789,107.4000015258789,106.9000015258789,107.13999938964844,46.59613037109375,134000
2005-12-16,107.30999755859375,107.75,107.30999755859375,107.58999633789062,46.79184341430664,356700
2005-12-19,107.6500015258789,107.75,107.2699966430664,107.41000366210938,46.71355056762695,88600
2005-12-20,107.20999908447266,107.69000244140625,107.1500015258789,107.5,46.752662658691406,143200
2005-12-21,107.26000213623047,107.54000091552734,107.1500015258789,107.54000091552734,46.77012634277344,79900
2005-12-22,107.31999969482422,107.69000244140625,107.31999969482422,107.55000305175781,46.77444076538086,88500
2005-12-23,107.5,108.19999694824219,107.26000213623047,107.97000122070312,46.957069396972656,123900
2005-12-27,108.08000183105469,108.54000091552734,107.87999725341797,108.45999908447266,47.17019271850586,157500
2005-12-28,108.0,108.16000366210938,107.70999908447266,108.11000061035156,47.192474365234375,93000
2005-12-29,107.9000015258789,108.04000091552734,107.55000305175781,107.81999969482422,47.06588363647461,123100
2005-12-30,107.86000061035156,108.1500015258789,107.61000061035156,107.69000244140625,47.00914764404297,97500
2006-01-03,107.69000244140625,108.30000305175781,107.41000366210938,108.27999877929688,47.266666412353516,676400
2006-01-04,108.2699966430664,108.43000030517578,107.95999908447266,108.27999877929688,47.266666412353516,66500
2006-01-05,108.2699966430664,108.44999694824219,108.26000213623047,108.37000274658203,47.30599594116211,63500
2006-01-06,108.3499984741211,108.36000061035156,107.94999694824219,108.19999694824219,47.23173522949219,112000
2006-01-09,108.02999877929688,108.2300033569336,107.97000122070312,108.22000122070312,47.24045944213867,60400
2006-01-10,108.0199966430664,108.1500015258789,107.80000305175781,107.93000030517578,47.11387634277344,94000
2006-01-11,107.69999694824219,108.06999969482422,107.69999694824219,107.75,47.03534698486328,150800
2006-01-12,107.93000030517578,108.1500015258789,107.70999908447266,108.08999633789062,47.183738708496094,127600
2006-01-13,107.97000122070312,108.44000244140625,107.97000122070312,108.41000366210938,47.323421478271484,77000
2006-01-17,108.30000305175781,108.55999755859375,108.1500015258789,108.41000366210938,47.323421478271484,138200
2006-01-18,108.5199966430664,108.6500015258789,108.3499984741211,108.37999725341797,47.31034851074219,80200
2006-01-19,108.20999908447266,108.58000183105469,108.12999725341797,108.36000061035156,47.30155944824219,97400
2006-01-20,108.5,108.62999725341797,108.25,108.44999694824219,47.340911865234375,111000
2006-01-23,108.30999755859375,108.69999694824219,108.19999694824219,108.69999694824219,47.45005416870117,580000
2006-01-24,108.58999633789062,108.58999633789062,108.4000015258789,108.45999908447266,47.34524917602539,92900
2006-01-25,108.41999816894531,108.41999816894531,107.69000244140625,107.86000061035156,47.08335494995117,100500
2006-01-26,107.87999725341797,107.9000015258789,107.45999908447266,107.69999694824219,47.013492584228516,75800
2006-01-27,107.88999938964844,107.9000015258789,107.62999725341797,107.86000061035156,47.08335494995117,107000
2006-01-30,107.76000213623047,107.83000183105469,107.45999908447266,107.45999908447266,46.908748626708984,113000
2006-01-31,107.5,107.77999877929688,107.0,107.22000122070312,46.803955078125,1313000
2006-02-01,107.05000305175781,107.13999938964844,106.69000244140625,106.83999633789062,46.816680908203125,98800
2006-02-02,106.79000091552734,107.13999938964844,106.73999786376953,106.75,46.7772102355957,83800
2006-02-03,106.69999694824219,107.13999938964844,106.61000061035156,106.91999816894531,46.85169219970703,92900
2006-02-06,106.87000274658203,107.1500015258789,106.8499984741211,107.0999984741211,46.93062973022461,108700
2006-02-07,106.9000015258789,107.44000244140625,106.80000305175781,106.83000183105469,46.81227493286133,90400
2006-02-08,106.9000015258789,107.05000305175781,106.75,106.83000183105469,46.81227493286133,76300
2006-02-09,106.83000183105469,107.11000061035156,106.7699966430664,107.0,46.88680648803711,91300
2006-02-10,107.0999984741211,107.26000213623047,106.72000122070312,106.80000305175781,46.79916000366211,85200
2006-02-13,106.9800033569336,107.06999969482422,106.76000213623047,106.95999908447266,46.86923599243164,71600
2006-02-14,106.83999633789062,107.02999877929688,106.66999816894531,106.8499984741211,46.82101058959961,55600
2006-02-15,106.97000122070312,107.27999877929688,106.80999755859375,106.91999816894531,46.85169219970703,140500
2006-02-16,106.91000366210938,107.19000244140625,106.87000274658203,107.06999969482422,46.9174690246582,99500
2006-02-17,107.38999938964844,107.6500015258789,107.30999755859375,107.41999816894531,47.07083511352539,101200
2006-02-21,107.51000213623047,107.5199966430664,107.26000213623047,107.37000274658203,47.048912048339844,92300
2006-02-22,107.58999633789062,107.7699966430664,107.44000244140625,107.7699966430664,47.22420120239258,74200
2006-02-23,107.63999938964844,107.6500015258789,107.25,107.52999877929688,47.11903762817383,63500
2006-02-24,107.69000244140625,107.69000244140625,107.38999938964844,107.4800033569336,47.09711456298828,75300
2006-02-27,107.69999694824219,107.69999694824219,107.30999755859375,107.43000030517578,47.075225830078125,71900
2006-02-28,107.5,107.77999877929688,107.41000366210938,107.54000091552734,47.12342071533203,71900
2006-03-01,107.0,107.30000305175781,106.43000030517578,106.69000244140625,46.941688537597656,220400
2006-03-02,106.5,106.76000213623047,106.06999969482422,106.19999694824219,46.726104736328125,136700
2006-03-03,106.4000015258789,106.41999816894531,105.68000030517578,106.0,46.638118743896484,132300
2006-03-06,106.04000091552734,106.05000305175781,105.44999694824219,105.44999694824219,46.396095275878906,157800
2006-03-07,105.66999816894531,105.83999633789062,105.2300033569336,105.4000015258789,46.374114990234375,120500
2006-03-08,105.55999755859375,105.63999938964844,105.19999694824219,105.44999694824219,46.396095275878906,75300
2006-03-09,105.3499984741211,105.9000015258789,105.3499984741211,105.43000030517578,46.387290954589844,84300
2006-03-10,105.4800033569336,105.69999694824219,105.16000366210938,105.69999694824219,46.50611877441406,100900
2006-03-13,105.5,105.76000213623047,105.04000091552734,105.55999755859375,46.44449234008789,69200
2006-03-14,105.98999786376953,106.33000183105469,105.7300033569336,106.23999786376953,46.74374771118164,61600
2006-03-15,106.19000244140625,106.2300033569336,105.91000366210938,106.08000183105469,46.67330551147461,117700
2006-03-16,106.12000274658203,106.80000305175781,106.12000274658203,106.66000366210938,46.92850875854492,101000
2006-03-17,106.66000366210938,106.70999908447266,106.5,106.55999755859375,46.8845100402832,56200
2006-03-20,106.73999786376953,106.7699966430664,106.12000274658203,106.68000030517578,46.93727111816406,63500
2006-03-21,106.26000213623047,106.75,106.19999694824219,106.27999877929688,46.761314392089844,80000
2006-03-22,106.30000305175781,106.68000030517578,105.94999694824219,106.26000213623047,46.75251770019531,75100
2006-03-23,106.38999938964844,106.44999694824219,105.75,106.19999694824219,46.726104736328125,79400
2006-03-24,106.41000366210938,106.76000213623047,105.8499984741211,106.45999908447266,46.84050369262695,85800
2006-03-27,106.22000122070312,106.75,106.22000122070312,106.45999908447266,46.84050369262695,92800
2006-03-28,106.0199966430664,106.36000061035156,105.87999725341797,105.95999908447266,46.620487213134766,61800
2006-03-29,105.95999908447266,105.97000122070312,105.6500015258789,105.86000061035156,46.576515197753906,83800
2006-03-30,105.69999694824219,105.75,105.20999908447266,105.54000091552734,46.435726165771484,93700
2006-03-31,105.66999816894531,105.66999816894531,105.2699966430664,105.30000305175781,46.33012771606445,102200
2006-04-03,104.80000305175781,105.1500015258789,104.55000305175781,104.94999694824219,46.36899948120117,114200
2006-04-04,104.81999969482422,105.30000305175781,104.81999969482422,105.05000305175781,46.41318893432617,83000
2006-04-05,105.43000030517578,105.48999786376953,105.0999984741211,105.4000015258789,46.56779861450195,80200
2006-04-06,105.19999694824219,105.19999694824219,104.8499984741211,105.0199966430664,46.39994812011719,82400
2006-04-07,104.80999755859375,104.87000274658203,104.36000061035156,104.61000061035156,46.21879196166992,80100
2006-04-10,104.66000366210938,104.73999786376953,104.25,104.37999725341797,46.11716842651367,299000
2006-04-11,104.5,104.83999633789062,104.41999816894531,104.68000030517578,46.249698638916016,101600
2006-04-12,104.69000244140625,104.97000122070312,104.19999694824219,104.3499984741211,46.10392379760742,138700
2006-04-13,104.30000305175781,104.30000305175781,103.80000305175781,104.1500015258789,46.01553726196289,100500
2006-04-17,103.94999694824219,104.3499984741211,103.41000366210938,104.12999725341797,46.00675582885742,110300
2006-04-18,104.30000305175781,104.58999633789062,104.19999694824219,104.55000305175781,46.19228744506836,76700
2006-04-19,104.3499984741211,104.48999786376953,104.26000213623047,104.4800033569336,46.16132354736328,87200
2006-04-20,104.52999877929688,104.55999755859375,104.30000305175781,104.43000030517578,46.13925552368164,63400
2006-04-21,104.62999725341797,104.69000244140625,104.36000061035156,104.62999725341797,46.22761535644531,84200
2006-04-24,104.69000244140625,104.9800033569336,104.56999969482422,104.83999633789062,46.320411682128906,82200
2006-04-25,104.86000061035156,104.86000061035156,104.2699966430664,104.33999633789062,46.09946823120117,93100
2006-04-26,104.26000213623047,104.3499984741211,104.06999969482422,104.22000122070312,46.04646682739258,173100
2006-04-27,104.19999694824219,104.75,104.08000183105469,104.41000366210938,46.13041305541992,74300
2006-04-28,104.56999969482422,104.69000244140625,104.44000244140625,104.6500015258789,46.23643112182617,90600
2006-05-01,104.01000213623047,104.13999938964844,103.61000061035156,103.66000366210938,46.00217056274414,72800
2006-05-02,103.63999938964844,104.0,103.63999938964844,103.81999969482422,46.07313537597656,76600
2006-05-03,103.66000366210938,103.97000122070312,103.55999755859375,103.81999969482422,46.07313537597656,85900
2006-05-04,103.9000015258789,103.9000015258789,103.55000305175781,103.77999877929688,46.05540466308594,86900
2006-05-05,104.0,104.0999984741211,103.86000061035156,103.9000015258789,46.108642578125,72700
2006-05-08,104.06999969482422,104.1500015258789,103.86000061035156,104.02999877929688,46.16636276245117,87100
2006-05-09,103.9000015258789,104.12999725341797,103.9000015258789,104.06999969482422,46.18409729003906,108300
2006-05-10,104.01000213623047,104.4000015258789,104.0,104.13999938964844,46.215145111083984,76600
2006-05-11,104.0,104.04000091552734,103.80000305175781,103.95999908447266,46.135292053222656,80900
2006-05-12,103.80000305175781,103.86000061035156,103.5,103.69999694824219,46.0198860168457,111200
2006-05-15,103.5199966430664,103.9000015258789,103.5199966430664,103.79000091552734,46.05982971191406,68500
2006-05-16,103.79000091552734,104.19000244140625,103.79000091552734,104.16999816894531,46.22849655151367,105600
2006-05-17,103.83000183105469,103.88999938964844,103.30999755859375,103.83999633789062,46.0820198059082,127900
2006-05-18,103.9000015258789,104.5,103.9000015258789,104.5,46.374935150146484,68900
2006-05-19,104.33999633789062,104.62999725341797,104.27999877929688,104.44999694824219,46.35274124145508,68500
2006-05-22,104.58999633789062,104.97000122070312,104.37999725341797,104.51000213623047,46.379337310791016,71300
2006-05-23,104.19999694824219,104.48999786376953,104.19999694824219,104.44000244140625,46.348270416259766,59200
2006-05-24,104.5999984741211,104.7699966430664,104.20999908447266,104.55000305175781,46.3971061706543,120600
2006-05-25,104.58999633789062,104.61000061035156,104.30999755859375,104.41000366210938,46.334957122802734,84700
2006-05-26,104.44999694824219,104.58000183105469,104.33000183105469,104.41999816894531,46.339420318603516,81800
2006-05-30,104.38999938964844,104.41000366210938,104.13999938964844,104.19000244140625,46.23735809326172,148700
2006-05-31,104.37999725341797,104.4000015258789,103.8499984741211,103.98999786376953,46.14860153198242,130500
2006-06-01,103.61000061035156,103.83000183105469,103.47000122070312,103.73999786376953,46.2292366027832,102400
2006-06-02,104.0999984741211,104.44999694824219,104.05000305175781,104.38999938964844,46.5189094543457,63200
2006-06-05,104.25,104.4000015258789,104.05999755859375,104.06999969482422,46.376319885253906,79100
2006-06-06,104.25,104.3499984741211,104.05999755859375,104.30000305175781,46.47880554199219,116100
2006-06-07,104.12999725341797,104.26000213623047,103.91999816894531,104.0199966430664,46.35401916503906,82200
2006-06-08,104.30000305175781,104.55999755859375,104.05000305175781,104.36000061035156,46.50551986694336,76600
2006-06-09,104.30000305175781,104.48999786376953,104.26000213623047,104.47000122070312,46.5545654296875,67500
2006-06-12,104.37000274658203,104.41000366210938,104.1500015258789,104.19000244140625,46.4298095703125,75900
2006-06-13,104.30999755859375,104.41000366210938,104.11000061035156,104.30000305175781,46.47880554199219,108600
2006-06-14,104.01000213623047,104.16000366210938,103.75,103.8499984741211,46.278263092041016,66600
2006-06-15,103.61000061035156,103.87999725341797,103.5,103.63999938964844,46.18467330932617,79400
2006-06-16,103.77999877929688,103.83000183105469,103.30999755859375,103.5,46.12227249145508,98500
2006-06-19,103.4000015258789,103.45999908447266,103.23999786376953,103.37000274658203,46.064353942871094,76200
2006-06-20,103.25,103.3499984741211,103.16000366210938,103.29000091552734,46.028690338134766,53500
2006-06-21,103.30000305175781,103.37000274658203,103.13999938964844,103.16000366210938,45.97079086303711,48000
2006-06-22,103.19000244140625,103.19999694824219,102.8499984741211,102.91999816894531,45.863807678222656,86500
2006-06-23,102.97000122070312,103.0,102.66999816894531,102.75,45.78810501098633,62700
2006-06-26,102.83000183105469,102.8499984741211,102.51000213623047,102.75,45.78810501098633,54000
2006-06-27,102.72000122070312,102.9000015258789,102.38999938964844,102.58999633789062,45.71677017211914,480300
2006-06-28,102.41999816894531,102.75,102.3499984741211,102.36000061035156,45.61427307128906,91400
2006-06-29,102.6500015258789,102.9000015258789,102.41999816894531,102.9000015258789,45.85493850708008,64600
2006-06-30,102.9000015258789,103.47000122070312,102.76000213623047,103.47000122070312,46.108943939208984,58500
2006-07-03,100.0,103.23999786376953,100.0,102.88999938964844,46.05207443237305,245800
2006-07-05,102.6500015258789,102.72000122070312,102.19999694824219,102.23999786376953,45.76114273071289,939300
2006-07-06,102.41999816894531,102.80999755859375,102.3499984741211,102.75,45.98945236206055,86500
2006-07-07,102.98999786376953,103.25,102.87999725341797,103.13999938964844,46.16396713256836,77900
2006-07-10,103.13999938964844,103.31999969482422,103.05999755859375,103.2699966430664,46.22216033935547,59300
2006-07-11,103.43000030517578,103.58999633789062,103.30000305175781,103.43000030517578,46.29378128051758,108400
2006-07-12,103.29000091552734,103.66999816894531,103.0999984741211,103.5999984741211,46.36986541748047,94900
2006-07-13,103.5,103.80000305175781,103.5,103.58999633789062,46.36539077758789,92200
2006-07-14,103.70999908447266,103.88999938964844,103.55000305175781,103.68000030517578,46.40569305419922,122300
2006-07-17,103.6500015258789,103.80999755859375,103.5199966430664,103.79000091552734,46.45492172241211,104200
2006-07-18,103.52999877929688,103.52999877929688,103.1500015258789,103.25,46.21323776245117,208700
2006-07-19,103.1500015258789,103.9000015258789,103.05000305175781,103.72000122070312,46.42359924316406,80600
2006-07-20,103.54000091552734,104.18000030517578,103.54000091552734,104.16999816894531,46.62501525878906,97900
2006-07-21,104.19000244140625,104.29000091552734,104.0199966430664,104.08999633789062,46.58916091918945,83700
2006-07-24,104.05999755859375,104.1500015258789,104.02999877929688,104.12000274658203,46.60264205932617,108300
2006-07-25,103.9800033569336,104.13999938964844,103.93000030517578,104.04000091552734,46.566810607910156,60100
2006-07-26,103.91000366210938,104.27999877929688,103.9000015258789,104.26000213623047,46.6652946472168,69200
2006-07-27,104.30000305175781,104.31999969482422,104.0999984741211,104.0999984741211,46.593650817871094,74900
2006-07-28,104.26000213623047,104.55999755859375,104.0,104.5,46.772701263427734,195200
2006-07-31,104.55000305175781,104.58000183105469,104.37999725341797,104.5199966430664,46.781646728515625,108600
2006-08-01,104.25,104.25,103.94999694824219,104.20999908447266,46.847312927246094,76000
2006-08-02,104.11000061035156,104.5,104.0999984741211,104.38999938964844,46.92818069458008,60300
2006-08-03,104.0,104.55000305175781,104.0,104.4000015258789,46.93266296386719,110700
2006-08-04,104.8499984741211,104.94000244140625,104.69999694824219,104.80999755859375,47.116981506347656,57300
2006-08-07,104.6500015258789,104.80000305175781,104.6500015258789,104.72000122070312,47.07655715942383,76900
2006-08-08,104.8499984741211,104.9800033569336,104.58000183105469,104.77999877929688,47.103492736816406,62000
2006-08-09,104.4000015258789,104.7699966430664,104.4000015258789,104.7300033569336,47.08104705810547,58300
2006-08-10,104.77999877929688,104.77999877929688,104.54000091552734,104.72000122070312,47.07655715942383,61300
2006-08-11,104.54000091552734,104.58000183105469,104.4000015258789,104.51000213623047,46.98211669921875,54200
2006-08-14,104.41000366210938,104.44999694824219,104.22000122070312,104.37999725341797,46.9237060546875,48000
2006-08-15,104.61000061035156,104.9800033569336,104.55999755859375,104.91999816894531,47.166481018066406,99200
2006-08-16,105.05000305175781,105.41999816894531,105.05000305175781,105.36000061035156,47.3642578125,69700
2006-08-17,105.44000244140625,105.5,105.22000122070312,105.30999755859375,47.3417854309082,84900
2006-08-18,105.30999755859375,105.6500015258789,105.30999755859375,105.5199966430664,47.43618392944336,115700
2006-08-21,105.5,105.68000030517578,105.44999694824219,105.66999816894531,47.50361633300781,77300
2006-08-22,105.75,105.8499984741211,105.56999969482422,105.73999786376953,47.53508377075195,194100
2006-08-23,105.73999786376953,105.77999877929688,105.58999633789062,105.69999694824219,47.5170783996582,107400
2006-08-24,105.6500015258789,105.87000274658203,105.6500015258789,105.69999694824219,47.5170783996582,54800
2006-08-25,105.76000213623047,105.9800033569336,105.70999908447266,105.8499984741211,47.584537506103516,105800
2006-08-28,105.91000366210938,105.9800033569336,105.76000213623047,105.87999725341797,47.5980339050293,101300
2006-08-29,105.7300033569336,105.95999908447266,105.55000305175781,105.94999694824219,47.62948226928711,110000
2006-08-30,105.95999908447266,106.1500015258789,105.95999908447266,106.0199966430664,47.66094970703125,80100
2006-08-31,106.05000305175781,106.37999725341797,105.80000305175781,106.37999725341797,47.82279968261719,125600
2006-09-01,105.7699966430664,105.94000244140625,104.87000274658203,105.77999877929688,47.76591110229492,139900
2006-09-05,105.7699966430664,105.77999877929688,105.44999694824219,105.45999908447266,47.62139892578125,74900
2006-09-06,105.41000366210938,105.52999877929688,105.29000091552734,105.45999908447266,47.62139892578125,158200
2006-09-07,105.5,105.66999816894531,105.23999786376953,105.56999969482422,47.671058654785156,280100
2006-09-08,105.80000305175781,105.87000274658203,105.61000061035156,105.68000030517578,47.720760345458984,130200
2006-09-11,105.7699966430664,105.80000305175781,105.52999877929688,105.63999938964844,47.70268249511719,81200
2006-09-12,105.4800033569336,105.88999938964844,105.4800033569336,105.80000305175781,47.77493667602539,72500
2006-09-13,105.81999969482422,106.19999694824219,105.81999969482422,106.08000183105469,47.901363372802734,173000
2006-09-14,106.01000213623047,106.05000305175781,105.80000305175781,105.80999755859375,47.779449462890625,63800
2006-09-15,105.91999816894531,106.08000183105469,105.72000122070312,105.73999786376953,47.747867584228516,116400
2006-09-18,105.55000305175781,105.77999877929688,105.4000015258789,105.76000213623047,47.756858825683594,55100
2006-09-19,105.91999816894531,106.30000305175781,105.91999816894531,106.16999816894531,47.942012786865234,239900
2006-09-20,106.44000244140625,106.48999786376953,106.29000091552734,106.33999633789062,48.01879119873047,124600
2006-09-21,106.31999969482422,106.9800033569336,106.31999969482422,106.9800033569336,48.30780792236328,232400
2006-09-22,107.04000091552734,107.16000366210938,106.94000244140625,107.04000091552734,48.33489227294922,152600
2006-09-25,107.23999786376953,107.30999755859375,107.08000183105469,107.19999694824219,48.407135009765625,366900
2006-09-26,107.29000091552734,107.29000091552734,106.88999938964844,106.9000015258789,48.27166748046875,243200
2006-09-27,107.0999984741211,107.29000091552734,106.76000213623047,106.8499984741211,48.249061584472656,559500
2006-09-28,106.88999938964844,106.9800033569336,106.69000244140625,106.87999725341797,48.26262664794922,255400
2006-09-29,106.94999694824219,107.12000274658203,106.75,106.83000183105469,48.24005126953125,110100
2006-10-02,100.0,106.69999694824219,100.0,106.52999877929688,48.319400787353516,102700
2006-10-03,106.69000244140625,106.69000244140625,106.30999755859375,106.5999984741211,48.351158142089844,118200
2006-10-04,106.79000091552734,107.12000274658203,106.72000122070312,107.11000061035156,48.58248519897461,162700
2006-10-05,106.95999908447266,107.0,106.63999938964844,106.76000213623047,48.423736572265625,78900
2006-10-06,106.56999969482422,106.56999969482422,106.05999755859375,106.16000366210938,48.15161895751953,124500
2006-10-09,106.30000305175781,106.38999938964844,106.11000061035156,106.23999786376953,48.18791198730469,51600
2006-10-10,106.05000305175781,106.05000305175781,105.7699966430664,105.7699966430664,47.97471618652344,121000
2006-10-11,106.0,106.0199966430664,105.5,105.52999877929688,47.8658447265625,130800
2006-10-12,105.83000183105469,105.87000274658203,105.5999984741211,105.77999877929688,47.97926712036133,91000
2006-10-13,105.5999984741211,105.68000030517578,105.36000061035156,105.38999938964844,47.80236053466797,215000
2006-10-16,105.37000274658203,105.7300033569336,105.37000274658203,105.6500015258789,47.920265197753906,113000
2006-10-17,105.93000030517578,106.12000274658203,105.77999877929688,105.8499984741211,48.0109977722168,153100
2006-10-18,106.04000091552734,106.06999969482422,105.5,106.06999969482422,48.110774993896484,363600
2006-10-19,105.87999725341797,105.93000030517578,105.62999725341797,105.7300033569336,47.956581115722656,665000
2006-10-20,105.76000213623047,105.83999633789062,105.56999969482422,105.7699966430664,47.97471618652344,101600
2006-10-23,105.58000183105469,105.68000030517578,105.45999908447266,105.52999877929688,47.8658447265625,116200
2006-10-24,105.58000183105469,105.72000122070312,105.58000183105469,105.70999908447266,47.94748306274414,95200
2006-10-25,105.72000122070312,106.16999816894531,105.6500015258789,106.16000366210938,48.15161895751953,91700
2006-10-26,106.3499984741211,106.51000213623047,106.30000305175781,106.5,48.3057975769043,79500
2006-10-27,107.08999633789062,107.08999633789062,106.63999938964844,106.83999633789062,48.46003341674805,88400
2006-10-30,106.9000015258789,106.98999786376953,106.77999877929688,106.94000244140625,48.50541687011719,56200
2006-10-31,107.04000091552734,107.4800033569336,107.0,107.41999816894531,48.72310256958008,144100
2006-11-01,107.25,107.4800033569336,107.08999633789062,107.30999755859375,48.8838996887207,220200
2006-11-02,107.11000061035156,107.23999786376953,107.11000061035156,107.18000030517578,48.82466506958008,319200
2006-11-03,106.5999984741211,106.62000274658203,106.33000183105469,106.43000030517578,48.48302459716797,73000
2006-11-06,106.3499984741211,106.55000305175781,106.22000122070312,106.55000305175781,48.537715911865234,80600
2006-11-07,106.94000244140625,107.08999633789062,106.83000183105469,106.93000030517578,48.71078872680664,130000
2006-11-08,107.0,107.08999633789062,106.94000244140625,107.05999755859375,48.77001190185547,124800
2006-11-09,107.1500015258789,107.26000213623047,107.05999755859375,107.16999816894531,48.820152282714844,111500
2006-11-10,107.37999725341797,107.5999984741211,107.30000305175781,107.45999908447266,48.95220184326172,62200
2006-11-13,107.44000244140625,107.44999694824219,107.20999908447266,107.38999938964844,48.92033767700195,100400
2006-11-14,107.6500015258789,107.79000091552734,107.55999755859375,107.55999755859375,48.997806549072266,120600
2006-11-15,107.55000305175781,107.55000305175781,107.19999694824219,107.27999877929688,48.87025451660156,103000
2006-11-16,107.54000091552734,107.54000091552734,107.06999969482422,107.12999725341797,48.80192565917969,108400
2006-11-17,107.19999694824219,107.63999938964844,107.1500015258789,107.4800033569336,48.96133804321289,99600
2006-11-20,107.6500015258789,107.6500015258789,107.48999786376953,107.55999755859375,48.997806549072266,81300
2006-11-21,107.6500015258789,107.8499984741211,107.52999877929688,107.70999908447266,49.06612777709961,155500
2006-11-22,107.81999969482422,107.87999725341797,107.66999816894531,107.83000183105469,49.12079620361328,75000
2006-11-24,108.1500015258789,108.19999694824219,107.98999786376953,108.0,49.198204040527344,48600
2006-11-27,107.7699966430664,108.19000244140625,107.66999816894531,108.01000213623047,49.20280838012695,147500
2006-11-28,108.3499984741211,108.37000274658203,108.06999969482422,108.20999908447266,49.29389572143555,182300
2006-11-29,108.38999938964844,108.43000030517578,108.11000061035156,108.11000061035156,49.24836349487305,102800
2006-11-30,108.4000015258789,108.66000366210938,108.2699966430664,108.5199966430664,49.43512725830078,108600
2006-12-01,108.25,108.58999633789062,108.0999984741211,108.19999694824219,49.493160247802734,175400
2006-12-04,108.30000305175781,108.55000305175781,108.0199966430664,108.44999694824219,49.6075553894043,97200
2006-12-05,108.44999694824219,108.6500015258789,108.22000122070312,108.4000015258789,49.58470916748047,109700
2006-12-06,108.33000183105469,108.33000183105469,107.94999694824219,108.12999725341797,49.46116256713867,101900
2006-12-07,108.33000183105469,108.33000183105469,108.08999633789062,108.18000030517578,49.48404312133789,99600
2006-12-08,108.25,108.25,107.76000213623047,107.77999877929688,49.30106735229492,109900
2006-12-11,107.94999694824219,108.12999725341797,107.94999694824219,108.0199966430664,49.41086959838867,69400
2006-12-12,108.12000274658203,108.33000183105469,108.05000305175781,108.25,49.51606369018555,85500
2006-12-13,107.91999816894531,108.01000213623047,107.69000244140625,107.70999908447266,49.269081115722656,116600
2006-12-14,107.70999908447266,107.70999908447266,107.54000091552734,107.61000061035156,49.223297119140625,73400
2006-12-15,108.12000274658203,108.22000122070312,107.5199966430664,107.58999633789062,49.21417236328125,103700
2006-12-18,107.5999984741211,107.63999938964844,107.5,107.5999984741211,49.21876525878906,69800
2006-12-19,107.5199966430664,107.70999908447266,107.4800033569336,107.58000183105469,49.20960235595703,115400
2006-12-20,107.48999786376953,107.72000122070312,107.48999786376953,107.66000366210938,49.246185302734375,73200
2006-12-21,107.73999786376953,108.05999755859375,107.66999816894531,107.94000244140625,49.3742790222168,145000
2006-12-22,107.80000305175781,107.83999633789062,107.44999694824219,107.5999984741211,49.21876525878906,100200
2006-12-26,107.6500015258789,107.7300033569336,107.51000213623047,107.72000122070312,49.27362823486328,61800
2006-12-27,107.25,107.29000091552734,106.7300033569336,106.94999694824219,49.116127014160156,114500
2006-12-28,107.05000305175781,107.05000305175781,106.51000213623047,106.7300033569336,49.01509475708008,129300
2006-12-29,106.72000122070312,106.72000122070312,106.55999755859375,106.68000030517578,48.992130279541016,120500
2007-01-03,107.1500015258789,107.19999694824219,106.19000244140625,106.44999694824219,48.88650131225586,1597400
2007-01-04,106.73999786376953,107.30000305175781,106.73999786376953,107.25,49.253902435302734,111600
2007-01-05,107.0,107.19999694824219,106.87000274658203,107.18000030517578,49.22172164916992,103200
2007-01-08,106.97000122070312,107.22000122070312,106.97000122070312,107.1500015258789,49.20796585083008,120600
2007-01-09,107.16000366210938,107.2300033569336,107.08000183105469,107.16999816894531,49.21717071533203,127200
2007-01-10,107.0999984741211,107.1500015258789,106.94999694824219,107.02999877929688,49.152870178222656,66500
2007-01-11,106.9000015258789,106.95999908447266,106.62999725341797,106.69999694824219,49.0013313293457,73600
2007-01-12,106.66000366210938,106.66999816894531,106.51000213623047,106.58999633789062,48.95077133178711,86400
2007-01-16,106.6500015258789,106.76000213623047,106.44999694824219,106.70999908447266,49.00590133666992,205300
2007-01-17,106.77999877929688,106.77999877929688,106.43000030517578,106.55999755859375,48.936981201171875,100400
2007-01-18,106.68000030517578,106.87000274658203,106.5,106.87000274658203,49.079368591308594,91700
2007-01-19,106.87999725341797,106.87999725341797,106.69999694824219,106.80999755859375,49.05181121826172,181100
2007-01-22,106.87000274658203,106.87999725341797,106.76000213623047,106.87999725341797,49.0839958190918,73200
2007-01-23,106.80000305175781,106.80000305175781,106.41999816894531,106.58999633789062,48.95077133178711,142800
2007-01-24,106.62999725341797,106.6500015258789,106.51000213623047,106.63999938964844,48.9737663269043,84900
2007-01-25,106.52999877929688,106.55999755859375,106.19999694824219,106.30000305175781,48.817596435546875,168800
2007-01-26,106.19999694824219,106.38999938964844,106.13999938964844,106.2300033569336,48.785457611083984,97900
2007-01-29,106.36000061035156,106.44000244140625,106.05999755859375,106.18000030517578,48.762508392333984,154100
2007-01-30,106.33999633789062,106.3499984741211,106.22000122070312,106.33000183105469,48.831382751464844,77100
2007-01-31,106.29000091552734,106.80999755859375,106.26000213623047,106.77999877929688,49.03804016113281,166800
2007-02-01,106.88999938964844,106.88999938964844,106.19000244140625,106.27999877929688,49.01821517944336,135300
2007-02-02,106.38999938964844,106.61000061035156,106.27999877929688,106.37999725341797,49.0643310546875,174000
2007-02-05,106.47000122070312,106.52999877929688,106.41000366210938,106.5199966430664,49.12891387939453,101400
2007-02-06,106.4000015258789,106.80000305175781,106.33000183105469,106.80000305175781,49.258056640625,168100
2007-02-07,107.0,107.01000213623047,106.80999755859375,106.94999694824219,49.32723617553711,156700
2007-02-08,106.94000244140625,107.16000366210938,106.83999633789062,107.06999969482422,49.38261413574219,113600
2007-02-09,106.94999694824219,106.94999694824219,106.52999877929688,106.62000274658203,49.174991607666016,175400
2007-02-12,106.69000244140625,106.73999786376953,105.75,106.63999938964844,49.18425750732422,572300
2007-02-13,106.69000244140625,106.69000244140625,106.26000213623047,106.56999969482422,49.15201187133789,97600
2007-02-14,106.80000305175781,107.18000030517578,106.69000244140625,107.18000030517578,49.43329620361328,102700
2007-02-15,107.30999755859375,107.48999786376953,107.20999908447266,107.37999725341797,49.52558135986328,141900
2007-02-16,107.5,107.6500015258789,107.41999816894531,107.48999786376953,49.57628631591797,149700
2007-02-20,107.52999877929688,107.68000030517578,107.4000015258789,107.66000366210938,49.654693603515625,101600
2007-02-21,107.47000122070312,107.8499984741211,107.33000183105469,107.58999633789062,49.6224250793457,120500
2007-02-22,107.56999969482422,107.56999969482422,107.30999755859375,107.44000244140625,49.55324935913086,101800
2007-02-23,107.58000183105469,107.88999938964844,107.58000183105469,107.79000091552734,49.71466827392578,161400
2007-02-26,108.0999984741211,108.2300033569336,107.93000030517578,108.2300033569336,49.91759490966797,109700
2007-02-27,108.27999877929688,109.13999938964844,108.27999877929688,108.6500015258789,50.11128234863281,143800
2007-02-28,108.5999984741211,108.5999984741211,108.20999908447266,108.44999694824219,50.01903533935547,87000
2007-03-01,107.9000015258789,108.36000061035156,107.80000305175781,108.0199966430664,50.0288200378418,143000
2007-03-02,108.23999786376953,108.31999969482422,107.76000213623047,108.31999969482422,50.167701721191406,145600
2007-03-05,108.30000305175781,108.30999755859375,108.0,108.16000366210938,50.093624114990234,98100
2007-03-06,107.98999786376953,108.0,107.62000274658203,107.75,49.90373229980469,348200
2007-03-07,107.95999908447266,108.0199966430664,107.61000061035156,107.8499984741211,49.950035095214844,120300
2007-03-08,107.95999908447266,107.98999786376953,107.69999694824219,107.98999786376953,50.014862060546875,123800
2007-03-09,107.44999694824219,107.76000213623047,107.36000061035156,107.70999908447266,49.885223388671875,95000
2007-03-12,107.69999694824219,108.02999877929688,107.69999694824219,107.94000244140625,49.991756439208984,79100
2007-03-13,107.95999908447266,108.20999908447266,107.80000305175781,108.0,50.01949691772461,217500
2007-03-14,108.0999984741211,108.0999984741211,107.56999969482422,107.9000015258789,49.97319793701172,144900
2007-03-15,108.0,108.0,107.66999816894531,107.91999816894531,49.98247528076172,74000
2007-03-16,107.72000122070312,107.94999694824219,107.31999969482422,107.5,49.7879638671875,199800
2007-03-19,107.5,107.58000183105469,107.30000305175781,107.30000305175781,49.695335388183594,108800
2007-03-20,107.43000030517578,107.66000366210938,107.33000183105469,107.58999633789062,49.829654693603516,100200
2007-03-21,107.58000183105469,108.01000213623047,107.20999908447266,107.91000366210938,49.97782897949219,116200
2007-03-22,107.72000122070312,107.87000274658203,107.47000122070312,107.61000061035156,49.838871002197266,67900
2007-03-23,107.76000213623047,107.76000213623047,107.2300033569336,107.33000183105469,49.70918273925781,74500
2007-03-26,107.3499984741211,107.80000305175781,107.33000183105469,107.52999877929688,49.801856994628906,69500
2007-03-27,107.4000015258789,107.5999984741211,107.33000183105469,107.51000213623047,49.79253005981445,84500
2007-03-28,107.54000091552734,107.80000305175781,107.30999755859375,107.44000244140625,49.76018142700195,82500
2007-03-29,107.37999725341797,107.45999908447266,107.25,107.30999755859375,49.699981689453125,119400
2007-03-30,107.43000030517578,107.44000244140625,107.0199966430664,107.2699966430664,49.68143844604492,127000
2007-04-02,106.83000183105469,106.86000061035156,106.68000030517578,106.83999633789062,49.71025848388672,77000
2007-04-03,106.79000091552734,106.80999755859375,106.62999725341797,106.77999877929688,49.68236541748047,158900
2007-04-04,106.83000183105469,107.01000213623047,106.75,106.87000274658203,49.72422409057617,93600
2007-04-05,106.80000305175781,106.88999938964844,106.56999969482422,106.6500015258789,49.62186813354492,129900
2007-04-09,106.0199966430664,106.33999633789062,106.0199966430664,106.30000305175781,49.45901107788086,137400
2007-04-10,106.5199966430664,106.58999633789062,106.3499984741211,106.5199966430664,49.5613899230957,115800
2007-04-11,106.5999984741211,106.68000030517578,106.31999969482422,106.31999969482422,49.468318939208984,103400
2007-04-12,106.43000030517578,106.58999633789062,106.33999633789062,106.4800033569336,49.542762756347656,83700
2007-04-13,106.55999755859375,106.55999755859375,106.26000213623047,106.30000305175781,49.45901107788086,96400
2007-04-16,106.58999633789062,106.58999633789062,106.30000305175781,106.38999938964844,49.50088119506836,180500
2007-04-17,106.75,106.9800033569336,106.62999725341797,106.97000122070312,49.7707633972168,101200
2007-04-18,107.20999908447266,107.23999786376953,106.81999969482422,107.0,49.784725189208984,127300
2007-04-19,107.1500015258789,107.2699966430664,106.98999786376953,107.06999969482422,49.81732940673828,124200
2007-04-20,107.18000030517578,107.26000213623047,106.9000015258789,107.04000091552734,49.80329895019531,92500
2007-04-23,107.22000122070312,107.38999938964844,107.0,107.3499984741211,49.94757080078125,100600
2007-04-24,107.30000305175781,107.6500015258789,107.16999816894531,107.62000274658203,50.07318878173828,105900
2007-04-25,107.5999984741211,107.73999786376953,107.41999816894531,107.47000122070312,50.00341796875,125200
2007-04-26,107.4000015258789,107.44999694824219,107.13999938964844,107.23999786376953,49.8963737487793,194500
2007-04-27,107.31999969482422,107.3499984741211,107.16000366210938,107.20999908447266,49.88245391845703,235700
2007-04-30,107.30999755859375,107.76000213623047,107.30999755859375,107.7300033569336,50.12440872192383,362600
2007-05-01,107.12999725341797,107.33000183105469,106.91000366210938,107.19000244140625,50.0963249206543,226900
2007-05-02,107.23999786376953,107.25,107.0,107.16000366210938,50.082313537597656,145000
2007-05-03,107.0199966430664,107.11000061035156,106.80000305175781,107.01000213623047,50.01218795776367,157200
2007-05-04,107.3499984741211,107.3499984741211,107.0999984741211,107.2699966430664,50.133731842041016,100900
2007-05-07,107.29000091552734,107.4000015258789,107.20999908447266,107.4000015258789,50.19450759887695,136900
2007-05-08,107.5,107.5,107.19999694824219,107.33999633789062,50.16642761230469,134500
2007-05-09,107.38999938964844,107.38999938964844,107.08000183105469,107.16999816894531,50.08699417114258,107200
2007-05-10,107.22000122070312,107.30999755859375,107.12999725341797,107.22000122070312,50.11031723022461,75900
2007-05-11,107.44999694824219,107.48999786376953,107.01000213623047,107.11000061035156,50.058937072753906,87100
2007-05-14,107.13999938964844,107.16999816894531,106.87000274658203,107.0,50.00753402709961,121600
2007-05-15,107.0,107.13999938964844,106.66999816894531,106.76000213623047,49.8953742980957,174200
2007-05-16,106.94999694824219,107.02999877929688,106.69999694824219,107.01000213623047,50.01218795776367,157200
2007-05-17,106.80000305175781,106.86000061035156,106.62000274658203,106.69000244140625,49.86259841918945,126100
2007-05-18,106.5,106.66000366210938,106.30000305175781,106.38999938964844,49.72243118286133,147700
2007-05-21,106.30000305175781,106.55999755859375,106.23999786376953,106.52999877929688,49.787872314453125,88700
2007-05-22,106.5,106.5199966430664,106.12000274658203,106.19000244140625,49.629024505615234,83100
2007-05-23,106.30000305175781,106.33000183105469,105.91000366210938,106.08999633789062,49.58224105834961,128200
2007-05-24,106.11000061035156,106.22000122070312,105.7699966430664,106.22000122070312,49.64299392700195,92800
2007-05-25,106.08000183105469,106.37999725341797,105.94000244140625,106.1500015258789,49.610286712646484,104000
2007-05-29,106.0999984741211,106.12000274658203,105.79000091552734,105.94000244140625,49.512115478515625,139700
2007-05-30,106.13999938964844,106.20999908447266,105.87999725341797,106.0199966430664,49.54948806762695,94700
2007-05-31,106.04000091552734,106.04000091552734,105.58999633789062,105.93000030517578,49.50746536254883,130100
2007-06-01,105.20999908447266,105.25,104.91999816894531,105.02999877929688,49.31779479980469,105200
2007-06-04,104.94999694824219,105.22000122070312,104.91999816894531,105.19999694824219,49.39757537841797,111300
2007-06-05,104.95999908447266,105.0,104.76000213623047,104.86000061035156,49.23793411254883,97200
2007-06-06,104.9000015258789,105.0199966430664,104.80000305175781,104.94999694824219,49.28019332885742,64800
2007-06-07,104.55000305175781,104.55000305175781,103.7300033569336,103.83000183105469,48.75426483154297,179800
2007-06-08,103.61000061035156,103.94999694824219,103.3499984741211,103.87999725341797,48.77776336669922,404300
2007-06-11,103.77999877929688,103.95999908447266,103.5199966430664,103.55999755859375,48.62749099731445,109700
2007-06-12,103.37999725341797,103.44999694824219,102.95999908447266,103.0,48.36456298828125,129400
2007-06-13,103.41999816894531,103.62000274658203,103.05999755859375,103.44999694824219,48.57585525512695,249400
2007-06-14,103.27999877929688,103.61000061035156,103.19999694824219,103.41999816894531,48.56175994873047,110100
2007-06-15,103.5,103.94999694824219,103.47000122070312,103.83000183105469,48.75426483154297,100100
2007-06-18,103.68000030517578,103.94999694824219,103.47000122070312,103.81999969482422,48.74958419799805,101100
2007-06-19,103.9800033569336,104.48999786376953,103.9000015258789,104.48999786376953,49.06421661376953,121000
2007-06-20,104.0999984741211,104.2300033569336,103.86000061035156,103.98999786376953,48.82942581176758,77700
2007-06-21,103.70999908447266,104.04000091552734,103.63999938964844,103.72000122070312,48.70262908935547,83200
2007-06-22,103.66000366210938,104.01000213623047,103.5,104.0,48.834075927734375,73900
2007-06-25,104.30000305175781,104.37999725341797,103.97000122070312,104.12000274658203,48.89048767089844,82500
2007-06-26,104.30999755859375,104.3499984741211,103.98999786376953,104.0999984741211,48.881072998046875,68900
2007-06-27,104.37999725341797,104.48999786376953,104.06999969482422,104.0999984741211,48.881072998046875,105900
2007-06-28,104.12999725341797,104.30000305175781,103.87000274658203,103.98999786376953,48.82942581176758,63100
2007-06-29,104.18000030517578,104.75,104.18000030517578,104.58000183105469,49.1064338684082,191400
2007-07-02,104.19999694824219,104.19999694824219,103.69999694824219,103.8499984741211,48.98478317260742,3074400
2007-07-03,104.27999877929688,104.29000091552734,103.66999816894531,103.87000274658203,48.99419021606445,45900
2007-07-05,103.4000015258789,103.6500015258789,103.18000030517578,103.19999694824219,48.67815017700195,83600
2007-07-06,103.11000061035156,103.26000213623047,102.81999969482422,103.0,48.583824157714844,83700
2007-07-09,103.30000305175781,103.33999633789062,103.02999877929688,103.20999908447266,48.68288803100586,100900
2007-07-10,103.88999938964844,104.11000061035156,103.51000213623047,103.91999816894531,49.01776885986328,159600
2007-07-11,104.0199966430664,104.06999969482422,103.38999938964844,103.44999694824219,48.796085357666016,86000
2007-07-12,103.66999816894531,103.66999816894531,102.94999694824219,103.04000091552734,48.602684020996094,129500
2007-07-13,103.3499984741211,103.54000091552734,103.06999969482422,103.48999786376953,48.8149528503418,71800
2007-07-16,103.68000030517578,103.83000183105469,103.4000015258789,103.76000213623047,48.942291259765625,90500
2007-07-17,103.73999786376953,103.93000030517578,103.37999725341797,103.54000091552734,48.83856201171875,86600
2007-07-18,103.56999969482422,104.1500015258789,103.52999877929688,103.83999633789062,48.980037689208984,85900
2007-07-19,103.66000366210938,103.88999938964844,103.33999633789062,103.62000274658203,48.87628173828125,170900
2007-07-20,104.0999984741211,104.33999633789062,103.86000061035156,103.91000366210938,49.013057708740234,181000
2007-07-23,104.06999969482422,104.12999725341797,103.75,103.79000091552734,48.95646286010742,56900
2007-07-24,104.19999694824219,104.19999694824219,103.5999984741211,103.66000366210938,48.89512634277344,101600
2007-07-25,104.05000305175781,104.0999984741211,103.73999786376953,103.73999786376953,48.93281936645508,239800
2007-07-26,104.18000030517578,104.5999984741211,103.5199966430664,103.5199966430664,48.82911682128906,104600
2007-07-27,103.98999786376953,104.30000305175781,103.0,103.13999938964844,48.649871826171875,91400
2007-07-30,103.7300033569336,103.83999633789062,102.8499984741211,103.30000305175781,48.72531509399414,138300
2007-07-31,103.4000015258789,103.87000274658203,103.25,103.25,48.70174789428711,152700
2007-08-01,103.55000305175781,103.75,102.91999816894531,103.08999633789062,48.859092712402344,77200
2007-08-02,103.22000122070312,103.52999877929688,102.88999938964844,102.94999694824219,48.79277038574219,117400
2007-08-03,103.36000061035156,103.91999816894531,103.19999694824219,103.45999908447266,49.03447341918945,109200
2007-08-06,103.80999755859375,104.0,103.04000091552734,103.0999984741211,48.86380386352539,99100
2007-08-07,103.62000274658203,103.69000244140625,103.0999984741211,103.37999725341797,48.99652862548828,100500
2007-08-08,102.76000213623047,103.76000213623047,102.76000213623047,103.48999786376953,49.04867172241211,92500
2007-08-09,103.68000030517578,103.7699966430664,103.0999984741211,103.4000015258789,49.006004333496094,69300
2007-08-10,103.5,104.44000244140625,102.73999786376953,102.94000244140625,48.788028717041016,142700
2007-08-13,103.1500015258789,103.72000122070312,103.01000213623047,103.30000305175781,48.958595275878906,155100
2007-08-14,103.52999877929688,104.0,103.26000213623047,103.94999694824219,49.266666412353516,115800
2007-08-15,103.95999908447266,103.97000122070312,103.43000030517578,103.66999816894531,49.13399887084961,125700
2007-08-16,103.79000091552734,104.0199966430664,102.58999633789062,102.66000366210938,48.655311584472656,438800
2007-08-17,102.80999755859375,103.38999938964844,102.5999984741211,102.83999633789062,48.74061584472656,234100
2007-08-20,102.86000061035156,103.70999908447266,102.86000061035156,103.58000183105469,49.091331481933594,129100
2007-08-21,103.5999984741211,103.91000366210938,103.47000122070312,103.79000091552734,49.19087600708008,104000
2007-08-22,103.79000091552734,104.0999984741211,103.55999755859375,104.0,49.29036331176758,102600
2007-08-23,103.93000030517578,104.25,103.66999816894531,104.05000305175781,49.3140754699707,88600
2007-08-24,104.36000061035156,104.36000061035156,103.7699966430664,104.27999877929688,49.423091888427734,231600
2007-08-27,104.44999694824219,104.55999755859375,104.0,104.0,49.29036331176758,82200
2007-08-28,104.45999908447266,104.88999938964844,104.20999908447266,104.88999938964844,49.71221160888672,145100
2007-08-29,105.1500015258789,105.1500015258789,104.41000366210938,104.41000366210938,49.48473358154297,63100
2007-08-30,104.69999694824219,104.80000305175781,104.43000030517578,104.72000122070312,49.63165283203125,155200
2007-08-31,104.30000305175781,105.31999969482422,103.88999938964844,105.20999908447266,49.86385726928711,290200
2007-09-04,104.58999633789062,104.5999984741211,104.16999816894531,104.48999786376953,49.7534294128418,148500
2007-09-05,104.55000305175781,104.91999816894531,104.05999755859375,104.9000015258789,49.94866180419922,69600
2007-09-06,104.81999969482422,104.83000183105469,104.4800033569336,104.66000366210938,49.83430862426758,106600
2007-09-07,104.61000061035156,105.30999755859375,104.61000061035156,105.2300033569336,50.10572814941406,102300
2007-09-10,105.0999984741211,105.66999816894531,104.9000015258789,105.54000091552734,50.25337219238281,118800
2007-09-11,105.0999984741211,105.43000030517578,104.91999816894531,104.93000030517578,49.962921142578125,98500
2007-09-12,104.88999938964844,104.97000122070312,104.4800033569336,104.5,49.75816345214844,94800
2007-09-13,104.52999877929688,104.58999633789062,104.19999694824219,104.3499984741211,49.6867561340332,134300
2007-09-14,104.62999725341797,104.86000061035156,104.20999908447266,104.63999938964844,49.82479476928711,83300
2007-09-17,104.0,104.63999938964844,104.0,104.5999984741211,49.80582046508789,70700
2007-09-18,104.5,104.95999908447266,104.0999984741211,104.8499984741211,49.92481231689453,78200
2007-09-19,104.43000030517578,104.72000122070312,104.11000061035156,104.2699966430664,49.64863586425781,141100
2007-09-20,103.9000015258789,104.68000030517578,103.80000305175781,104.08000183105469,49.55817794799805,113700
2007-09-21,104.25,104.80999755859375,104.0999984741211,104.56999969482422,49.79148483276367,103300
2007-09-24,104.83999633789062,105.08999633789062,104.31999969482422,105.08999633789062,50.03909683227539,64100
2007-09-25,104.94000244140625,105.33999633789062,104.91000366210938,105.02999877929688,50.01047897338867,78400
2007-09-26,105.37999725341797,105.4000015258789,104.76000213623047,105.29000091552734,50.134307861328125,111700
2007-09-27,105.29000091552734,105.6500015258789,104.83999633789062,105.55999755859375,50.262882232666016,65600
2007-09-28,105.83000183105469,105.8499984741211,105.19999694824219,105.48999786376953,50.22955322265625,95800
2007-10-01,105.81999969482422,105.81999969482422,104.2699966430664,104.33000183105469,49.90572738647461,1038900
2007-10-02,104.06999969482422,104.6500015258789,104.06999969482422,104.2300033569336,49.857872009277344,187300
2007-10-03,104.66999816894531,104.81999969482422,104.23999786376953,104.69999694824219,50.08272171020508,253900
2007-10-04,104.80999755859375,105.52999877929688,104.80999755859375,105.52999877929688,50.47974395751953,768400
2007-10-05,104.91000366210938,105.2699966430664,104.61000061035156,105.0999984741211,50.2740364074707,75200
2007-10-08,104.51000213623047,105.5199966430664,104.51000213623047,105.47000122070312,50.451026916503906,78100
2007-10-09,105.19999694824219,105.44999694824219,104.95999908447266,105.01000213623047,50.23098373413086,70200
2007-10-10,105.22000122070312,105.5199966430664,104.94000244140625,105.37999725341797,50.40796661376953,69200
2007-10-11,105.26000213623047,105.62999725341797,104.93000030517578,105.5999984741211,50.5131950378418,138700
2007-10-12,105.51000213623047,105.51000213623047,104.7699966430664,105.0199966430664,50.2357177734375,149400
2007-10-15,105.31999969482422,105.3499984741211,104.9000015258789,105.3499984741211,50.39362335205078,101700
2007-10-16,105.41999816894531,105.61000061035156,105.11000061035156,105.52999877929688,50.47974395751953,123700
2007-10-17,105.75,106.23999786376953,105.33999633789062,106.02999877929688,50.718894958496094,65900
2007-10-18,106.23999786376953,106.25,105.86000061035156,106.04000091552734,50.723670959472656,96800
2007-10-19,106.30000305175781,106.7300033569336,105.88999938964844,106.7300033569336,51.053749084472656,97700
2007-10-22,106.33999633789062,106.7300033569336,106.33999633789062,106.7300033569336,51.053749084472656,73100
2007-10-23,106.20999908447266,106.6500015258789,106.05999755859375,106.0999984741211,50.75236129760742,157500
2007-10-24,106.63999938964844,107.0,106.43000030517578,106.75,51.06330490112305,114900
2007-10-25,106.91000366210938,106.91000366210938,106.5,106.5,50.94370651245117,51400
2007-10-26,106.3499984741211,106.7699966430664,106.1500015258789,106.33000183105469,50.862388610839844,73500
2007-10-29,106.05000305175781,106.5999984741211,106.05000305175781,106.58000183105469,50.98197937011719,84200
2007-10-30,106.5199966430664,106.58999633789062,106.23999786376953,106.56999969482422,50.977195739746094,55400
2007-10-31,106.38999938964844,106.68000030517578,105.87999725341797,106.0199966430664,50.71409225463867,101100
2007-11-01,105.30000305175781,106.3499984741211,105.30000305175781,106.3499984741211,51.1014289855957,70300
2007-11-02,105.9000015258789,106.45999908447266,105.61000061035156,105.69000244140625,50.784263610839844,132300
2007-11-05,106.2300033569336,106.2300033569336,105.8499984741211,105.94999694824219,50.909202575683594,60300
2007-11-06,105.41000366210938,105.77999877929688,105.30000305175781,105.30000305175781,50.5969123840332,82700
2007-11-07,105.54000091552734,105.6500015258789,105.16000366210938,105.2300033569336,50.563232421875,93000
2007-11-08,105.55000305175781,105.5999984741211,105.20999908447266,105.4000015258789,50.64491271972656,174600
2007-11-09,105.69999694824219,105.9000015258789,105.30999755859375,105.87000274658203,50.87074661254883,42700
2007-11-12,104.87000274658203,105.83999633789062,104.87000274658203,105.83000183105469,50.851524353027344,89900
2007-11-13,105.76000213623047,105.76000213623047,105.0199966430664,105.30000305175781,50.5969123840332,112500
2007-11-14,105.22000122070312,105.36000061035156,104.8499984741211,104.8499984741211,50.380619049072266,102700
2007-11-15,105.2699966430664,105.4800033569336,105.01000213623047,105.25,50.57286071777344,88900
2007-11-16,105.12000274658203,105.56999969482422,105.12000274658203,105.26000213623047,50.57763671875,72100
2007-11-19,105.55000305175781,106.2300033569336,105.30000305175781,106.06999969482422,50.966896057128906,73000
2007-11-20,105.87999725341797,105.9000015258789,105.4000015258789,105.4000015258789,50.64491271972656,77800
2007-11-21,105.98999786376953,106.30000305175781,105.79000091552734,106.13999938964844,51.000484466552734,269500
2007-11-23,105.88999938964844,106.02999877929688,105.61000061035156,105.61000061035156,50.74586868286133,49800
2007-11-26,106.05999755859375,107.48999786376953,105.75,107.36000061035156,51.58668518066406,142400
2007-11-27,105.93000030517578,106.75,105.93000030517578,106.44000244140625,51.14461898803711,280100
2007-11-28,106.05000305175781,106.80000305175781,105.66999816894531,105.69999694824219,50.789066314697266,152400
2007-11-29,106.47000122070312,106.75,105.9800033569336,106.0999984741211,50.98126983642578,134400
2007-11-30,105.55000305175781,106.62000274658203,105.22000122070312,106.62000274658203,51.23112487792969,1046100
2007-12-03,107.25,107.25,105.98999786376953,106.19999694824219,51.249000549316406,97900
2007-12-04,106.12000274658203,106.79000091552734,105.86000061035156,106.25,51.27311706542969,72800
2007-12-05,105.45999908447266,106.0,105.45999908447266,105.8499984741211,51.08007049560547,143900
2007-12-06,105.62000274658203,105.62000274658203,105.05000305175781,105.06999969482422,50.70368194580078,88500
2007-12-07,105.08000183105469,105.08000183105469,104.12999725341797,104.16999816894531,50.26937484741211,106800
2007-12-10,104.4800033569336,104.55999755859375,103.91999816894531,104.23999786376953,50.3031120300293,118000
2007-12-11,104.6500015258789,105.5999984741211,104.05000305175781,105.25,50.790584564208984,101100
2007-12-12,103.61000061035156,105.20999908447266,103.61000061035156,104.91999816894531,50.631290435791016,125700
2007-12-13,104.12999725341797,104.72000122070312,104.01000213623047,104.31999969482422,50.341758728027344,126700
2007-12-14,103.86000061035156,104.23999786376953,103.13999938964844,103.13999938964844,49.772342681884766,328500
2007-12-17,103.66999816894531,104.30000305175781,103.66999816894531,104.13999938964844,50.25487518310547,112400
2007-12-18,104.73999786376953,104.9000015258789,104.18000030517578,104.45999908447266,50.40932846069336,119100
2007-12-19,105.33999633789062,105.52999877929688,104.45999908447266,105.27999877929688,50.80502700805664,131400
2007-12-20,105.30999755859375,105.58999633789062,104.7699966430664,104.7699966430664,50.558902740478516,162800
2007-12-21,105.30999755859375,105.30999755859375,104.44000244140625,104.66000366210938,50.50584030151367,123200
2007-12-24,104.5,104.58999633789062,104.12000274658203,104.12999725341797,50.250057220458984,61700
2007-12-26,104.25,104.66000366210938,104.02999877929688,104.16000366210938,50.264549255371094,78900
2007-12-27,104.47000122070312,104.47000122070312,103.72000122070312,104.30999755859375,50.56271743774414,139400
2007-12-28,104.52999877929688,105.41999816894531,104.52999877929688,104.63999938964844,50.72260665893555,177600
2007-12-31,105.0,105.55999755859375,104.80000305175781,104.83999633789062,50.819557189941406,93900
2008-01-02,105.61000061035156,106.22000122070312,105.05999755859375,106.08000183105469,51.42061233520508,728300
2008-01-03,105.36000061035156,106.04000091552734,105.36000061035156,105.7300033569336,51.25099182128906,151300
2008-01-04,106.29000091552734,106.61000061035156,106.05000305175781,106.5999984741211,51.67268753051758,135900
2008-01-07,106.55000305175781,106.70999908447266,106.25,106.47000122070312,51.60968017578125,148300
2008-01-08,106.54000091552734,106.61000061035156,105.98999786376953,106.2699966430664,51.51274490356445,127100
2008-01-09,105.88999938964844,106.5,105.86000061035156,106.05000305175781,51.40610122680664,146200
2008-01-10,106.05999755859375,106.16999816894531,105.58999633789062,105.73999786376953,51.255802154541016,388300
2008-01-11,105.75,106.54000091552734,105.75,106.51000213623047,51.629112243652344,98800
2008-01-14,106.11000061035156,106.55999755859375,104.9800033569336,106.06999969482422,51.41579055786133,335000
2008-01-15,106.41000366210938,106.79000091552734,106.06999969482422,106.63999938964844,51.69211196899414,159800
2008-01-16,106.62000274658203,107.0999984741211,106.11000061035156,106.4800033569336,51.61453628540039,173400
2008-01-17,106.20999908447266,106.9800033569336,106.05999755859375,106.9800033569336,51.856903076171875,152700
2008-01-18,106.2300033569336,107.68000030517578,106.2300033569336,106.80000305175781,51.7696418762207,195800
2008-01-22,106.9800033569336,107.2699966430664,106.16000366210938,107.02999877929688,51.881141662597656,267100
2008-01-23,107.81999969482422,108.26000213623047,106.77999877929688,107.16999816894531,51.94900894165039,440200
2008-01-24,106.97000122070312,107.0,106.26000213623047,106.26000213623047,51.50790786743164,244400
2008-01-25,105.91000366210938,107.5,105.83000183105469,107.41000366210938,52.06532669067383,159700
2008-01-28,107.26000213623047,107.6500015258789,106.55000305175781,107.37999725341797,52.05082702636719,272100
2008-01-29,107.33999633789062,107.33999633789062,106.75,107.19999694824219,51.9635124206543,152000
2008-01-30,106.62000274658203,107.26000213623047,106.62000274658203,107.18000030517578,51.953826904296875,147200
2008-01-31,107.4000015258789,107.5999984741211,106.94000244140625,107.52999877929688,52.123497009277344,162900
2008-02-01,107.66999816894531,107.68000030517578,107.0,107.48999786376953,52.344600677490234,188500
2008-02-04,107.13999938964844,107.3499984741211,107.0,107.19999694824219,52.20331573486328,155800
2008-02-05,107.88999938964844,107.88999938964844,107.2300033569336,107.56999969482422,52.38353729248047,212400
2008-02-06,107.44999694824219,107.4800033569336,106.80999755859375,106.98999786376953,52.101070404052734,215000
2008-02-07,107.0,107.05999755859375,105.5,105.76000213623047,51.50211715698242,206400
2008-02-08,106.25,106.37999725341797,105.81999969482422,106.16000366210938,51.6968879699707,210000
2008-02-11,106.6500015258789,106.97000122070312,106.08999633789062,106.4800033569336,51.85275650024414,146100
2008-02-12,106.45999908447266,106.45999908447266,105.7300033569336,106.33000183105469,51.779685974121094,270400
2008-02-13,105.9800033569336,106.20999908447266,105.25,105.26000213623047,51.258628845214844,200500
2008-02-14,105.51000213623047,105.62000274658203,104.73999786376953,105.02999877929688,51.14665222167969,172700
2008-02-15,105.55999755859375,105.55999755859375,104.98999786376953,105.37000274658203,51.31220626831055,179400
2008-02-19,104.87999725341797,105.20999908447266,104.19999694824219,104.33000183105469,50.805728912353516,220800
2008-02-20,104.31999969482422,104.61000061035156,104.0,104.55999755859375,50.917762756347656,151000
2008-02-21,104.83999633789062,105.37000274658203,104.5999984741211,105.27999877929688,51.26839828491211,264600
2008-02-22,105.2300033569336,105.38999938964844,104.4800033569336,104.87000274658203,51.06871032714844,276800
2008-02-25,104.8499984741211,104.91999816894531,104.19999694824219,104.19999694824219,50.74245071411133,194200
2008-02-26,104.58000183105469,104.94999694824219,104.19999694824219,104.94999694824219,51.10768508911133,235600
2008-02-27,104.98999786376953,105.2300033569336,104.31999969482422,104.8499984741211,51.05897903442383,286900
2008-02-28,105.3499984741211,105.68000030517578,105.01000213623047,105.61000061035156,51.4290657043457,214400
2008-02-29,106.0,106.27999877929688,105.51000213623047,106.27999877929688,51.75532531738281,211800
2008-03-03,106.19999694824219,106.37000274658203,105.30999755859375,105.83000183105469,51.75437927246094,571400
2008-03-04,105.83000183105469,106.0199966430664,104.86000061035156,105.20999908447266,51.45116424560547,335900
2008-03-05,105.08000183105469,105.08000183105469,104.20999908447266,104.47000122070312,51.08926010131836,391400
2008-03-06,104.63999938964844,104.86000061035156,104.19000244140625,104.33000183105469,51.020843505859375,151600
2008-03-07,104.08000183105469,104.83999633789062,103.68000030517578,104.11000061035156,50.91322326660156,317200
2008-03-10,104.51000213623047,104.51000213623047,103.72000122070312,104.08999633789062,50.903438568115234,139400
2008-03-11,104.0,104.0,102.9000015258789,102.9000015258789,50.32152557373047,149700
2008-03-12,103.33999633789062,104.25,102.7699966430664,104.13999938964844,50.92790603637695,523400
2008-03-13,104.08000183105469,104.08000183105469,102.80000305175781,103.01000213623047,50.37532424926758,402100
2008-03-14,103.54000091552734,103.88999938964844,102.70999908447266,102.94999694824219,50.34595489501953,96200
2008-03-17,104.0,105.0,103.4800033569336,103.79000091552734,50.7567253112793,175400
2008-03-18,103.5,104.13999938964844,103.04000091552734,103.5999984741211,50.6638298034668,103700
2008-03-19,104.12000274658203,104.44000244140625,103.87000274658203,104.05000305175781,50.88386917114258,187400
2008-03-20,104.19999694824219,104.75,103.98999786376953,104.5999984741211,51.15287399291992,118100
2008-03-24,104.51000213623047,105.0,104.0,104.4000015258789,51.05503463745117,107100
2008-03-25,104.0999984741211,104.9800033569336,104.0999984741211,104.87000274658203,51.284889221191406,95300
2008-03-26,104.80000305175781,105.16999816894531,104.62999725341797,105.0,51.34847640991211,140500
2008-03-27,104.52999877929688,104.79000091552734,104.05999755859375,104.36000061035156,51.035465240478516,126900
2008-03-28,104.58000183105469,105.05000305175781,104.08000183105469,104.91999816894531,51.309322357177734,119900
2008-03-31,105.25,105.69999694824219,105.0,105.19999694824219,51.4462890625,435100
2008-04-01,105.19000244140625,105.19000244140625,104.02999877929688,104.5199966430664,51.36420822143555,395100
2008-04-02,105.12000274658203,105.12000274658203,104.5,104.69999694824219,51.45267868041992,261400
2008-04-03,104.95999908447266,104.9800033569336,104.5,104.75,51.47725296020508,143700
2008-04-04,105.73999786376953,106.02999877929688,105.30999755859375,106.0199966430664,52.101356506347656,308700
2008-04-07,105.8499984741211,106.2300033569336,105.4000015258789,106.13999938964844,52.16031265258789,302900
2008-04-08,106.33999633789062,106.3499984741211,105.26000213623047,105.76000213623047,51.97360610961914,168100
2008-04-09,105.87000274658203,106.13999938964844,105.38999938964844,105.44999694824219,51.82122802734375,150000
2008-04-10,105.54000091552734,105.63999938964844,105.04000091552734,105.55000305175781,51.870384216308594,126600
2008-04-11,105.81999969482422,106.05000305175781,105.23999786376953,105.6500015258789,51.91952133178711,176800
2008-04-14,105.73999786376953,105.73999786376953,104.9000015258789,105.0,51.60011291503906,115500
2008-04-15,104.9800033569336,105.08999633789062,104.47000122070312,104.77999877929688,51.49197769165039,90200
2008-04-16,104.83999633789062,104.94999694824219,104.05999755859375,104.18000030517578,51.19711685180664,111400
2008-04-17,104.56999969482422,104.5999984741211,103.83000183105469,104.44999694824219,51.32978057861328,139800
2008-04-18,104.33000183105469,104.91999816894531,103.79000091552734,104.91000366210938,51.55588150024414,118200
2008-04-21,104.83999633789062,105.02999877929688,104.33000183105469,104.56999969482422,51.3887825012207,164600
2008-04-22,104.4000015258789,104.94999694824219,104.33999633789062,104.33999633789062,51.27574157714844,298500
2008-04-23,104.79000091552734,105.05000305175781,104.5199966430664,104.66000366210938,51.433021545410156,455600
2008-04-24,104.68000030517578,104.91000366210938,104.16999816894531,104.5199966430664,51.36420822143555,238600
2008-04-25,104.5999984741211,104.70999908447266,104.2300033569336,104.56999969482422,51.3887825012207,120100
2008-04-28,104.6500015258789,105.06999969482422,104.56999969482422,105.06999969482422,51.63450622558594,178400
2008-04-29,105.3499984741211,105.73999786376953,105.05000305175781,105.4000015258789,51.796661376953125,226700
2008-04-30,105.54000091552734,105.98999786376953,105.23999786376953,105.98999786376953,52.08657455444336,196500
2008-05-01,106.25,106.29000091552734,105.80000305175781,106.1500015258789,52.394081115722656,221300
2008-05-02,105.0,106.5199966430664,105.0,105.52999877929688,52.08808135986328,236900
2008-05-05,105.5999984741211,105.98999786376953,105.51000213623047,105.68000030517578,52.16212463378906,129900
2008-05-06,106.0,106.0199966430664,105.0,105.0,51.82648849487305,143500
2008-05-07,105.25,105.37999725341797,104.54000091552734,105.27999877929688,51.96467590332031,401700
2008-05-08,105.5199966430664,105.83000183105469,105.26000213623047,105.75,52.196651458740234,139700
2008-05-09,105.91000366210938,105.9800033569336,105.54000091552734,105.75,52.196651458740234,225400
2008-05-12,106.37999725341797,106.37999725341797,105.58999633789062,105.6500015258789,52.147335052490234,205100
2008-05-13,105.30000305175781,105.5,104.93000030517578,105.05000305175781,51.85117721557617,276300
2008-05-14,105.29000091552734,105.3499984741211,104.70999908447266,105.11000061035156,51.88081359863281,324000
2008-05-15,105.13999938964844,105.80999755859375,105.05999755859375,105.80999755859375,52.22629928588867,243800
2008-05-16,105.5199966430664,106.23999786376953,105.44000244140625,105.66999816894531,52.15720748901367,155300
2008-05-19,105.91999816894531,106.0,105.44999694824219,105.69000244140625,52.16706466674805,206100
2008-05-20,105.91999816894531,106.0199966430664,105.5199966430664,105.7300033569336,52.186851501464844,159600
2008-05-21,105.55999755859375,105.75,105.13999938964844,105.2699966430664,51.95977020263672,184600
2008-05-22,104.87000274658203,105.0,103.77999877929688,104.11000061035156,51.3871955871582,219600
2008-05-23,104.36000061035156,104.62000274658203,104.08000183105469,104.58999633789062,51.62412643432617,129500
2008-05-27,104.31999969482422,104.5,103.87000274658203,103.95999908447266,51.313148498535156,150300
2008-05-28,103.7699966430664,103.87000274658203,103.2300033569336,103.29000091552734,50.982444763183594,151200
2008-05-29,103.16000366210938,103.16000366210938,102.66999816894531,102.79000091552734,50.735694885253906,159000
2008-05-30,103.2699966430664,103.38999938964844,103.02999877929688,103.19999694824219,50.93803024291992,171900
2008-06-02,102.52999877929688,103.51000213623047,102.29000091552734,103.08000183105469,51.113067626953125,151900
2008-06-03,103.44000244140625,103.5999984741211,102.5999984741211,103.4800033569336,51.311424255371094,149300
2008-06-04,103.83999633789062,103.83999633789062,103.01000213623047,103.16000366210938,51.15279006958008,127600
2008-06-05,102.75,103.01000213623047,102.5999984741211,102.61000061035156,50.88001251220703,118700
2008-06-06,103.02999877929688,103.61000061035156,103.02999877929688,103.12000274658203,51.13291931152344,118900
2008-06-09,103.13999938964844,103.38999938964844,102.72000122070312,103.02999877929688,51.08830642700195,124200
2008-06-10,103.0,103.16000366210938,102.25,102.44000244140625,50.795719146728516,135900
2008-06-11,102.48999786376953,102.83999633789062,101.91999816894531,102.4000015258789,50.77587890625,230800
2008-06-12,101.56999969482422,102.19999694824219,101.5199966430664,101.52999877929688,50.34449005126953,189800
2008-06-13,101.75,102.0,100.91000366210938,101.0,50.08168411254883,215900
2008-06-16,101.6500015258789,101.6500015258789,101.06999969482422,101.36000061035156,50.26020050048828,123500
2008-06-17,101.8499984741211,101.94999694824219,101.47000122070312,101.69000244140625,50.423858642578125,271500
2008-06-18,102.02999877929688,102.25,101.7699966430664,102.19999694824219,50.67670440673828,300100
2008-06-19,101.93000030517578,102.11000061035156,101.38999938964844,101.66999816894531,50.4139289855957,98000
2008-06-20,101.9000015258789,102.06999969482422,101.5,101.7300033569336,50.443687438964844,74000
2008-06-23,101.68000030517578,102.0199966430664,101.41999816894531,101.69000244140625,50.423858642578125,128800
2008-06-24,101.81999969482422,102.02999877929688,101.45999908447266,101.62999725341797,50.39409255981445,153200
2008-06-25,101.81999969482422,102.11000061035156,100.91000366210938,101.70999908447266,50.433738708496094,228400
2008-06-26,102.44000244140625,102.5,101.68000030517578,101.79000091552734,50.47343063354492,342300
2008-06-27,101.94000244140625,102.01000213623047,101.47000122070312,101.69000244140625,50.423858642578125,203700
2008-06-30,101.97000122070312,102.04000091552734,101.4000015258789,101.4000015258789,50.280059814453125,97700
2008-07-01,101.63999938964844,101.7300033569336,100.83999633789062,100.91999816894531,50.257144927978516,308700
2008-07-02,101.1500015258789,101.37999725341797,100.72000122070312,100.8499984741211,50.222259521484375,212300
2008-07-03,100.94999694824219,101.0999984741211,100.61000061035156,100.72000122070312,50.15755081176758,49900
2008-07-07,101.36000061035156,101.37000274658203,100.5999984741211,101.19000244140625,50.39161682128906,367800
2008-07-08,100.8499984741211,101.76000213623047,100.77999877929688,101.73999786376953,50.66549301147461,352100
2008-07-09,101.7699966430664,102.06999969482422,101.2300033569336,101.80999755859375,50.700321197509766,135300
2008-07-10,101.37000274658203,101.9000015258789,100.9000015258789,101.2300033569336,50.41151809692383,275700
2008-07-11,101.52999877929688,101.52999877929688,100.36000061035156,100.44999694824219,50.0230827331543,159400
2008-07-14,101.4000015258789,101.44999694824219,100.36000061035156,100.5,50.0479736328125,207300
2008-07-15,100.0999984741211,100.94999694824219,100.0999984741211,100.4800033569336,50.037986755371094,145800
2008-07-16,100.5,100.5999984741211,99.5,99.69000244140625,49.64460372924805,264100
2008-07-17,100.16000366210938,100.16000366210938,98.91000366210938,99.3499984741211,49.475276947021484,195900
2008-07-18,98.91000366210938,99.80000305175781,98.91000366210938,99.16999816894531,49.38565444946289,175200
2008-07-21,99.05999755859375,99.87999725341797,99.0199966430664,99.27999877929688,49.4404182434082,217000
2008-07-22,99.33999633789062,100.05000305175781,99.33999633789062,99.91999816894531,49.759193420410156,713000
2008-07-23,99.7699966430664,99.94999694824219,99.26000213623047,99.56999969482422,49.58485412597656,232300
2008-07-24,99.9000015258789,100.47000122070312,99.66999816894531,100.44999694824219,50.0230827331543,92000
2008-07-25,100.04000091552734,100.22000122070312,99.69999694824219,99.91999816894531,49.759193420410156,148000
2008-07-28,100.08999633789062,100.73999786376953,100.08999633789062,100.5,50.0479736328125,264700
2008-07-29,100.27999877929688,100.33999633789062,99.94999694824219,100.25,49.9234619140625,135000
2008-07-30,100.30000305175781,100.80999755859375,100.02999877929688,100.7300033569336,50.162513732910156,293100
2008-07-31,100.55000305175781,101.36000061035156,100.55000305175781,101.36000061035156,50.476253509521484,1078000
2008-08-01,100.88999938964844,101.0999984741211,100.11000061035156,100.52999877929688,50.29411697387695,109800
2008-08-04,100.5,100.73999786376953,100.12999725341797,100.54000091552734,50.29911804199219,244200
2008-08-05,100.11000061035156,100.45999908447266,100.0999984741211,100.0999984741211,50.07902908325195,113300
2008-08-06,100.4000015258789,100.4000015258789,100.02999877929688,100.25,50.1540412902832,280700
2008-08-07,100.33000183105469,101.13999938964844,100.22000122070312,101.08000183105469,50.569339752197266,169800
2008-08-08,101.05999755859375,101.19999694824219,100.7300033569336,101.18000030517578,50.61934280395508,356000
2008-08-11,101.44000244140625,101.44000244140625,100.29000091552734,100.72000122070312,50.389183044433594,170000
2008-08-12,101.12000274658203,101.33000183105469,100.75,101.33000183105469,50.694374084472656,188800
2008-08-13,101.05000305175781,101.30000305175781,100.5,100.80000305175781,50.42921447753906,141400
2008-08-14,101.1500015258789,101.27999877929688,100.55999755859375,101.08999633789062,50.574302673339844,219100
2008-08-15,101.33000183105469,101.4000015258789,100.91999816894531,101.31999969482422,50.68935775756836,116600
2008-08-18,101.0,101.36000061035156,101.0,101.36000061035156,50.70942687988281,107900
2008-08-19,101.41000366210938,101.41000366210938,101.0,101.19999694824219,50.62932586669922,160300
2008-08-20,100.80999755859375,101.27999877929688,100.62000274658203,101.20999908447266,50.634361267089844,509200
2008-08-21,101.30999755859375,101.30999755859375,100.52999877929688,100.61000061035156,50.33417510986328,234600
2008-08-22,101.1500015258789,101.1500015258789,100.08000183105469,100.6500015258789,50.35414505004883,187300
2008-08-25,101.31999969482422,101.37000274658203,101.04000091552734,101.30000305175781,50.679351806640625,101700
2008-08-26,101.22000122070312,101.51000213623047,100.91000366210938,101.41999816894531,50.73941421508789,727400
2008-08-27,100.87000274658203,101.30999755859375,100.72000122070312,101.26000213623047,50.65937042236328,164600
2008-08-28,101.27999877929688,101.27999877929688,100.83999633789062,101.23999786376953,50.649375915527344,143900
2008-08-29,101.56999969482422,101.56999969482422,100.06999969482422,101.04000091552734,50.54927444458008,535000
2008-09-02,100.88999938964844,101.26000213623047,100.33999633789062,100.9800033569336,50.748809814453125,134200
2008-09-03,101.18000030517578,101.37000274658203,100.9000015258789,101.18000030517578,50.84932327270508,225200
2008-09-04,101.01000213623047,101.37999725341797,100.7300033569336,101.20999908447266,50.864410400390625,333900
2008-09-05,101.52999877929688,101.69000244140625,101.01000213623047,101.11000061035156,50.81413650512695,119600
2008-09-08,101.22000122070312,101.66000366210938,100.81999969482422,101.27999877929688,50.89957809448242,356400
2008-09-09,101.3499984741211,101.83999633789062,101.05999755859375,101.62999725341797,51.07545471191406,263600
2008-09-10,100.81999969482422,101.91999816894531,100.80999755859375,101.58999633789062,51.05535888671875,834400
2008-09-11,100.47000122070312,101.18000030517578,100.44000244140625,100.80000305175781,50.658355712890625,438100
2008-09-12,100.43000030517578,100.52999877929688,99.72000122070312,100.02999877929688,50.27136993408203,226600
2008-09-15,100.08999633789062,100.08999633789062,98.05999755859375,99.29000091552734,49.899471282958984,227400
2008-09-16,97.7300033569336,98.93000030517578,90.88999938964844,92.98999786376953,46.733314514160156,2894600
2008-09-17,93.13999938964844,93.7300033569336,85.04000091552734,88.7300033569336,44.5924072265625,993700
2008-09-18,89.33999633789062,92.93000030517578,87.0,89.94000244140625,45.20053482055664,800200
2008-09-19,92.55999755859375,93.48999786376953,91.75,92.75,46.612728118896484,818900
2008-09-22,93.93000030517578,94.16000366210938,92.01000213623047,93.30000305175781,46.88911056518555,862000
2008-09-23,93.63999938964844,93.94999694824219,92.19000244140625,92.33999633789062,46.40666198730469,311900
2008-09-24,93.63999938964844,93.63999938964844,91.7300033569336,92.0999984741211,46.28605651855469,207800
2008-09-25,91.87999725341797,92.69000244140625,91.75,92.5,46.487037658691406,365500
2008-09-26,91.69999694824219,92.0,87.25,90.0,45.230655670166016,513400
2008-09-29,88.5,89.48999786376953,80.0,81.80000305175781,41.10964584350586,787300
2008-09-30,85.9000015258789,89.79000091552734,85.0999984741211,89.79000091552734,45.12514114379883,905100
2008-10-01,88.68000030517578,90.30000305175781,87.52999877929688,90.20999908447266,45.54159164428711,639700
2008-10-02,88.30000305175781,89.70999908447266,88.0,88.9000015258789,44.8802604675293,340400
2008-10-03,90.1500015258789,90.1500015258789,88.11000061035156,88.86000061035156,44.860084533691406,273400
2008-10-06,88.5999984741211,88.9000015258789,84.44999694824219,87.83000183105469,44.340110778808594,380800
2008-10-07,88.0,91.36000061035156,88.0,89.47000122070312,45.168067932128906,581200
2008-10-08,87.4800033569336,89.9800033569336,86.30000305175781,88.83000183105469,44.84495544433594,524800
2008-10-09,89.9000015258789,89.9000015258789,84.75,86.45999908447266,43.64846420288086,353900
2008-10-10,80.0,87.0,76.05000305175781,81.69999694824219,41.24545669555664,905400
2008-10-13,79.56999969482422,87.19999694824219,79.56999969482422,86.19999694824219,43.517215728759766,481100
2008-10-14,90.5,91.23999786376953,84.02999877929688,84.8499984741211,42.835670471191406,610300
2008-10-15,83.80000305175781,86.97000122070312,83.52999877929688,84.8499984741211,42.835670471191406,238900
2008-10-16,86.0999984741211,88.06999969482422,84.94999694824219,85.73999786376953,43.284996032714844,221500
2008-10-17,86.0,86.87000274658203,84.23999786376953,85.01000213623047,42.91643524169922,494800
2008-10-20,86.1500015258789,87.83999633789062,85.5,87.5999984741211,44.22398376464844,945600
2008-10-21,87.77999877929688,88.9000015258789,86.51000213623047,88.47000122070312,44.663169860839844,1048700
2008-10-22,87.26000213623047,88.37000274658203,86.01000213623047,87.44999694824219,44.14823913574219,691500
2008-10-23,87.70999908447266,88.69000244140625,87.6500015258789,88.0,44.425941467285156,1166100
2008-10-24,86.0,88.5,86.0,88.3499984741211,44.602622985839844,1777300
2008-10-27,87.98999786376953,87.98999786376953,86.93000030517578,87.77999877929688,44.314876556396484,975300
2008-10-28,87.8499984741211,88.16000366210938,86.54000091552734,87.19999694824219,44.02207946777344,732000
2008-10-29,86.4000015258789,89.23999786376953,86.0,88.66999816894531,44.764163970947266,1970600
2008-10-30,88.66999816894531,89.05000305175781,88.0,88.01000213623047,44.43095779418945,1219400
2008-10-31,88.73999786376953,88.73999786376953,87.0999984741211,87.6500015258789,44.249229431152344,636300
2008-11-03,87.5,88.08999633789062,87.19999694824219,87.93000030517578,44.611995697021484,374200
2008-11-04,88.30000305175781,89.13999938964844,88.0,88.52999877929688,44.91640090942383,1376400
2008-11-05,88.6500015258789,90.44999694824219,88.6500015258789,90.25,45.789066314697266,654400
2008-11-06,90.94999694824219,91.12000274658203,90.01000213623047,90.87000274658203,46.103607177734375,2814300
2008-11-07,90.6500015258789,91.18000030517578,90.0999984741211,90.2300033569336,45.77891540527344,2126600
2008-11-10,90.16000366210938,90.66000366210938,89.73999786376953,90.2699966430664,45.79920196533203,452100
2008-11-11,90.66000366210938,91.62000274658203,90.30000305175781,90.55999755859375,45.94633483886719,621000
2008-11-12,90.18000030517578,90.6500015258789,90.18000030517578,90.54000091552734,45.93622970581055,1815700
2008-11-13,90.4000015258789,90.44999694824219,89.5,89.91999816894531,45.62164306640625,858300
2008-11-14,89.41000366210938,90.2300033569336,87.0,89.9000015258789,45.61149978637695,409400
2008-11-17,90.48999786376953,90.5999984741211,90.0,90.55000305175781,45.9412727355957,360300
2008-11-18,90.22000122070312,91.16999816894531,90.22000122070312,90.66000366210938,45.997093200683594,450300
2008-11-19,90.7699966430664,91.11000061035156,90.30999755859375,90.80000305175781,46.068111419677734,487200
2008-11-20,91.06999969482422,91.93000030517578,89.6500015258789,89.80999755859375,45.565818786621094,756600
2008-11-21,90.5999984741211,91.38999938964844,89.9000015258789,90.8499984741211,46.09349060058594,756500
2008-11-24,91.75,92.02999877929688,90.01000213623047,90.44999694824219,45.890525817871094,1088800
2008-11-25,91.2300033569336,91.44000244140625,90.13999938964844,90.87999725341797,46.10868835449219,1002200
2008-11-26,91.33000183105469,91.33000183105469,90.01000213623047,90.4000015258789,45.86513900756836,2219400
2008-11-28,90.98999786376953,91.0999984741211,90.0999984741211,90.13999938964844,45.73324966430664,825200
2008-12-01,90.98999786376953,91.1500015258789,89.5199966430664,91.08999633789062,46.4481201171875,1636600
2008-12-02,91.3499984741211,92.0999984741211,90.8499984741211,91.77999877929688,46.79999923706055,949600
2008-12-03,92.30000305175781,92.41999816894531,91.30000305175781,92.41999816894531,47.1263542175293,739000
2008-12-04,91.76000213623047,92.77999877929688,91.72000122070312,92.51000213623047,47.17223358154297,1064600
2008-12-05,92.05000305175781,92.41999816894531,91.51000213623047,91.87999725341797,46.85099792480469,1339700
2008-12-08,92.30000305175781,93.19000244140625,92.0,92.83000183105469,47.33539581298828,1697800
2008-12-09,92.98999786376953,93.5199966430664,92.75,93.45999908447266,47.65666198730469,1440300
2008-12-10,93.16000366210938,93.68000030517578,92.87999725341797,93.68000030517578,47.768798828125,807200
2008-12-11,93.94999694824219,94.12999725341797,93.25,94.0,47.93202209472656,950400
2008-12-12,94.0999984741211,94.52999877929688,93.26000213623047,94.51000213623047,48.19206237792969,945300
2008-12-15,94.3499984741211,94.5199966430664,94.0999984741211,94.4800033569336,48.176795959472656,906000
2008-12-16,96.41999816894531,96.47000122070312,94.29000091552734,96.41999816894531,49.166011810302734,1581500
2008-12-17,97.27999877929688,98.31999969482422,97.0,97.8499984741211,49.89517593383789,2113300
2008-12-18,98.81999969482422,100.9800033569336,98.66999816894531,100.22000122070312,51.10368728637695,2787900
2008-12-19,99.06999969482422,100.06999969482422,98.0999984741211,98.7300033569336,50.3438835144043,1669000
2008-12-22,99.7300033569336,100.0999984741211,99.0,99.91999816894531,50.950721740722656,2562500
2008-12-23,99.44999694824219,100.43000030517578,99.4000015258789,100.25,51.11895751953125,1677900
2008-12-24,99.66000366210938,101.75,99.61000061035156,100.5,51.246429443359375,886300
2008-12-26,100.0999984741211,100.91999816894531,100.0999984741211,100.69000244140625,51.34332275390625,515500
2008-12-29,100.19000244140625,100.98999786376953,100.08999633789062,100.58000183105469,51.503074645996094,1503900
2008-12-30,100.16999816894531,101.45999908447266,100.16999816894531,101.45999908447266,51.95372772216797,1129400
2008-12-31,101.36000061035156,101.75,100.41000366210938,101.6500015258789,52.05099105834961,1232800
2009-01-02,101.5,101.66000366210938,100.48999786376953,100.61000061035156,51.5184440612793,1095800
2009-01-05,100.1500015258789,101.73999786376953,100.0999984741211,101.30000305175781,51.87178039550781,2938400
2009-01-06,101.25,101.87000274658203,100.69999694824219,101.47000122070312,51.958797454833984,2036600
2009-01-07,101.23999786376953,101.29000091552734,100.25,100.62000274658203,51.52359390258789,1675100
2009-01-08,100.5999984741211,101.3499984741211,100.55000305175781,101.33999633789062,51.89228439331055,1445200
2009-01-09,101.62000274658203,102.5999984741211,101.3499984741211,102.5999984741211,52.53744125366211,2232600
2009-01-12,102.19999694824219,102.43000030517578,101.5999984741211,102.06999969482422,52.2661018371582,1053300
2009-01-13,101.62000274658203,101.88999938964844,101.4000015258789,101.8499984741211,52.15339660644531,1165400
2009-01-14,101.66999816894531,101.94999694824219,100.5199966430664,101.4000015258789,51.92300033569336,2006000
2009-01-15,101.4000015258789,101.68000030517578,100.9000015258789,101.5999984741211,52.02542495727539,2086000
2009-01-16,100.95999908447266,101.62999725341797,100.51000213623047,101.5999984741211,52.02542495727539,1484300
2009-01-20,101.12999725341797,101.44999694824219,100.01000213623047,100.0999984741211,51.257328033447266,1458600
2009-01-21,100.01000213623047,100.22000122070312,99.0999984741211,99.5999984741211,51.00126647949219,1845200
2009-01-22,99.68000030517578,99.70999908447266,98.29000091552734,99.2300033569336,50.81180953979492,1310800
2009-01-23,98.05999755859375,98.88999938964844,98.05999755859375,98.56999969482422,50.47386932373047,1353600
2009-01-26,98.20999908447266,98.75,97.31999969482422,97.69000244140625,50.02327346801758,1641000
2009-01-27,98.20999908447266,99.87999725341797,98.05000305175781,99.52999877929688,50.965423583984375,1628700
2009-01-28,100.23999786376953,101.0,99.66000366210938,100.31999969482422,51.369956970214844,1436500
2009-01-29,99.94000244140625,100.58999633789062,99.08999633789062,99.12000274658203,50.75551223754883,1098000
2009-01-30,99.5,100.4000015258789,99.30000305175781,99.81999969482422,51.113929748535156,1373200
2009-02-02,98.98999786376953,99.5999984741211,98.80000305175781,98.8499984741211,50.867462158203125,1616700
2009-02-03,98.98999786376953,98.98999786376953,98.25,98.5199966430664,50.697654724121094,1799100
2009-02-04,98.51000213623047,98.79000091552734,98.4000015258789,98.55999755859375,50.71821975708008,4207300
2009-02-05,98.69999694824219,98.70999908447266,97.5999984741211,97.69999694824219,50.275665283203125,1820400
2009-02-06,97.72000122070312,98.41000366210938,97.51000213623047,98.27999877929688,50.57415008544922,1855200
2009-02-09,98.0999984741211,98.5199966430664,97.69999694824219,98.45999908447266,50.66674041748047,872900
2009-02-10,98.16000366210938,99.16999816894531,98.16000366210938,98.94000244140625,50.91375732421875,1109400
2009-02-11,99.29000091552734,99.66000366210938,99.0,99.27999877929688,51.08872985839844,1118500
2009-02-12,99.44999694824219,99.7300033569336,99.12000274658203,99.36000061035156,51.129878997802734,1050400
2009-02-13,99.05000305175781,99.33000183105469,98.19999694824219,98.5999984741211,50.7387809753418,1249600
2009-02-17,99.0,99.44000244140625,98.58000183105469,99.13999938964844,51.016685485839844,1136200
2009-02-18,99.36000061035156,99.37999725341797,98.55999755859375,98.6500015258789,50.764522552490234,1288600
2009-02-19,97.87999725341797,98.63999938964844,97.22000122070312,97.83999633789062,50.34771728515625,1349200
2009-02-20,97.51000213623047,97.6500015258789,96.63999938964844,97.43000030517578,50.136756896972656,2035700
2009-02-23,96.9800033569336,97.19999694824219,96.5999984741211,97.0999984741211,49.96689987182617,1171500
2009-02-24,97.37000274658203,97.7300033569336,96.5199966430664,96.75,49.78679656982422,1777200
2009-02-25,96.91000366210938,96.94000244140625,95.0,95.43000030517578,49.10751724243164,2134700
2009-02-26,95.43000030517578,95.43000030517578,94.81999969482422,94.81999969482422,48.79365158081055,1365800
2009-02-27,94.80999755859375,95.05000305175781,94.0,94.16000366210938,48.45402526855469,1583900
2009-03-02,94.27999877929688,94.48999786376953,93.04000091552734,93.69000244140625,48.46018981933594,1936200
2009-03-03,93.75,93.9800033569336,92.8499984741211,93.18000030517578,48.19643783569336,1375700
2009-03-04,93.22000122070312,93.44000244140625,93.0,93.1500015258789,48.180885314941406,1186600
2009-03-05,92.91000366210938,93.6500015258789,92.51000213623047,92.9000015258789,48.05161666870117,1645100
2009-03-06,93.36000061035156,94.04000091552734,92.80000305175781,93.0999984741211,48.155029296875,1349600
2009-03-09,92.87999725341797,93.23999786376953,90.51000213623047,90.54000091552734,46.830936431884766,2680200
2009-03-10,91.25,91.98999786376953,91.0,91.8499984741211,47.50849533081055,2112800
2009-03-11,92.01000213623047,92.01000213623047,91.0,91.87999725341797,47.52401351928711,2179000
2009-03-12,91.72000122070312,91.98999786376953,91.38999938964844,91.80000305175781,47.482666015625,1108400
2009-03-13,92.05999755859375,92.72000122070312,91.79000091552734,92.6500015258789,47.92228317260742,1547000
2009-03-16,92.33999633789062,92.9000015258789,92.1500015258789,92.77999877929688,47.98955535888672,959300
2009-03-17,92.76000213623047,92.94999694824219,92.2300033569336,92.52999877929688,47.860206604003906,1909700
2009-03-18,92.55999755859375,95.37000274658203,92.23999786376953,94.5,48.87918472290039,1934400
2009-03-19,95.0,97.70999908447266,94.33000183105469,94.69999694824219,48.98263931274414,4319900
2009-03-20,95.04000091552734,95.58000183105469,93.55000305175781,93.73999786376953,48.48606872558594,1293200
2009-03-23,93.8499984741211,94.2699966430664,93.6500015258789,94.02999877929688,48.636070251464844,1631700
2009-03-24,93.56999969482422,93.69000244140625,93.0999984741211,93.0999984741211,48.155029296875,1220100
2009-03-25,93.44999694824219,93.5199966430664,92.47000122070312,92.6500015258789,47.92228317260742,1392700
2009-03-26,92.83999633789062,93.3499984741211,92.44000244140625,93.12999725341797,48.17055892944336,1486100
2009-03-27,93.48999786376953,93.80999755859375,93.30000305175781,93.41999816894531,48.320552825927734,1703900
2009-03-30,93.68000030517578,93.70999908447266,93.11000061035156,93.3499984741211,48.28435134887695,944200
2009-03-31,93.58999633789062,94.13999938964844,93.5,94.12000274658203,48.68262481689453,1093000
2009-04-01,93.66999816894531,93.95999908447266,93.26000213623047,93.45999908447266,48.60932159423828,1401200
2009-04-02,93.73999786376953,93.97000122070312,93.26000213623047,93.48999786376953,48.624900817871094,1233700
2009-04-03,93.4800033569336,93.6500015258789,92.81999969482422,92.91000366210938,48.3232421875,1359400
2009-04-06,93.12999725341797,93.16000366210938,92.70999908447266,92.86000061035156,48.297245025634766,911600
2009-04-07,92.80000305175781,92.94000244140625,92.4800033569336,92.81999969482422,48.27641296386719,1245200
2009-04-08,93.23999786376953,93.79000091552734,92.97000122070312,93.75,48.7601432800293,1135900
2009-04-09,93.6500015258789,94.6500015258789,93.61000061035156,94.37999725341797,49.08777618408203,1395000
2009-04-13,94.63999938964844,95.3499984741211,94.33000183105469,95.29000091552734,49.56110382080078,1581700
2009-04-14,95.44000244140625,95.58000183105469,94.91000366210938,95.54000091552734,49.69111251831055,1687200
2009-04-15,95.7300033569336,96.27999877929688,95.23999786376953,96.27999877929688,50.07598114013672,1922400
2009-04-16,96.19999694824219,96.69999694824219,96.04000091552734,96.69000244140625,50.28929138183594,1764500
2009-04-17,96.68000030517578,96.94999694824219,96.05000305175781,96.56999969482422,50.226863861083984,1720500
2009-04-20,97.0,97.0,95.23999786376953,96.04000091552734,49.95117950439453,1915300
2009-04-21,96.23999786376953,96.43000030517578,95.68000030517578,96.33999633789062,50.10721969604492,574500
2009-04-22,96.12999725341797,96.30000305175781,95.7300033569336,96.0999984741211,49.982383728027344,1781700
2009-04-23,96.23999786376953,96.36000061035156,95.5999984741211,96.0199966430664,49.94076919555664,1302700
2009-04-24,96.04000091552734,96.4800033569336,95.87000274658203,96.2300033569336,50.049983978271484,1541400
2009-04-27,96.16999816894531,96.3499984741211,95.6500015258789,96.11000061035156,49.98755645751953,1201600
2009-04-28,96.2699966430664,96.4000015258789,95.75,95.80000305175781,49.82633590698242,1468200
2009-04-29,96.37000274658203,96.75,95.80999755859375,96.26000213623047,50.06559753417969,1089900
2009-04-30,96.30000305175781,96.4000015258789,95.83999633789062,96.19999694824219,50.034358978271484,1129800
2009-05-01,95.58000183105469,96.04000091552734,95.44999694824219,95.97000122070312,50.15878677368164,1183900
2009-05-04,96.0999984741211,96.19999694824219,95.5999984741211,96.19999694824219,50.278968811035156,984400
2009-05-05,96.30000305175781,96.62999725341797,96.0,96.51000213623047,50.4410285949707,1009000
2009-05-06,96.66000366210938,97.04000091552734,96.33000183105469,96.94000244140625,50.66573715209961,1815600
2009-05-07,96.56999969482422,97.19999694824219,96.0,96.01000213623047,50.179710388183594,1783000
2009-05-08,96.48999786376953,96.8499984741211,96.22000122070312,96.62000274658203,50.49848556518555,1313200
2009-05-11,96.86000061035156,97.0,96.26000213623047,96.91000366210938,50.650054931640625,1045200
2009-05-12,96.98999786376953,97.38999938964844,96.86000061035156,97.18000030517578,50.79117965698242,1073900
2009-05-13,97.37000274658203,97.54000091552734,96.93000030517578,97.0,50.69707489013672,1615400
2009-05-14,97.16999816894531,97.63999938964844,96.68000030517578,97.22000122070312,50.81209182739258,1112700
2009-05-15,97.22000122070312,97.2699966430664,96.69999694824219,97.19999694824219,50.80165481567383,1025900
2009-05-18,97.58999633789062,97.66999816894531,96.91999816894531,97.05999755859375,50.728458404541016,1259800
2009-05-19,96.91000366210938,97.45999908447266,96.69999694824219,97.44999694824219,50.93230438232422,1366600
2009-05-20,97.58999633789062,98.13999938964844,97.33000183105469,98.01000213623047,51.22496032714844,1324200
2009-05-21,98.37999725341797,98.37999725341797,96.69999694824219,97.01000213623047,50.70234298706055,1540900
2009-05-22,96.7699966430664,97.0199966430664,96.5999984741211,96.87999725341797,50.63440704345703,1070100
2009-05-26,97.0,97.05000305175781,96.55000305175781,96.83999633789062,50.613494873046875,1056100
2009-05-27,97.01000213623047,97.29000091552734,95.9800033569336,96.16999816894531,50.263309478759766,1422100
2009-05-28,96.56999969482422,96.83999633789062,96.04000091552734,96.52999877929688,50.45145034790039,1084600
2009-05-29,96.86000061035156,98.08999633789062,96.5,97.94999694824219,51.19363021850586,1280400
2009-06-01,97.8499984741211,98.05000305175781,97.11000061035156,97.43000030517578,51.176822662353516,1234400
2009-06-02,97.66000366210938,98.55999755859375,97.6500015258789,98.1500015258789,51.55496597290039,1882900
2009-06-03,98.31999969482422,99.0199966430664,98.2300033569336,98.6500015258789,51.81763458251953,1156300
2009-06-04,98.79000091552734,98.79000091552734,98.01000213623047,98.22000122070312,51.591800689697266,1109500
2009-06-05,98.06999969482422,98.12999725341797,97.19999694824219,97.69999694824219,51.31867980957031,1133900
2009-06-08,97.5199966430664,98.0999984741211,97.5,97.5,51.21356964111328,885000
2009-06-09,97.5,98.31999969482422,97.3499984741211,98.23999786376953,51.60231399536133,809500
2009-06-10,97.94000244140625,98.7300033569336,97.6500015258789,97.94999694824219,51.44998550415039,1526400
2009-06-11,98.3499984741211,98.6500015258789,97.73999786376953,98.29000091552734,51.628536224365234,948000
2009-06-12,98.5199966430664,99.23999786376953,98.30000305175781,99.0199966430664,52.01197052001953,854600
2009-06-15,99.0,99.41999816894531,98.51000213623047,99.05000305175781,52.027801513671875,809000
2009-06-16,99.3499984741211,99.69999694824219,98.43000030517578,98.98999786376953,51.996192932128906,1000100
2009-06-17,98.79000091552734,99.37000274658203,98.5999984741211,99.11000061035156,52.05926513671875,1070900
2009-06-18,98.72000122070312,98.72000122070312,97.69999694824219,97.8499984741211,51.39744567871094,1363500
2009-06-19,97.87999725341797,98.88999938964844,97.69000244140625,98.58999633789062,51.78611755371094,1395400
2009-06-22,98.9800033569336,99.30000305175781,98.66999816894531,98.94999694824219,51.97518539428711,878800
2009-06-23,99.41999816894531,99.75,99.05000305175781,99.75,52.395477294921875,816400
2009-06-24,99.80000305175781,100.27999877929688,99.44999694824219,99.58999633789062,52.3113899230957,995600
2009-06-25,99.5999984741211,100.41999816894531,99.33000183105469,100.37000274658203,52.72111129760742,618900
2009-06-26,100.4800033569336,100.5,100.02999877929688,100.41999816894531,52.74732208251953,924000
2009-06-29,100.5,100.55000305175781,100.1500015258789,100.30999755859375,52.68958282470703,828500
2009-06-30,100.12000274658203,100.44000244140625,99.55999755859375,100.27999877929688,52.6738395690918,967700
2009-07-01,99.2699966430664,99.79000091552734,99.20999908447266,99.69999694824219,52.602603912353516,2274400
2009-07-02,99.45999908447266,99.98999786376953,99.43000030517578,99.70999908447266,52.607879638671875,660700
2009-07-06,99.55000305175781,100.0,99.41999816894531,99.94999694824219,52.73448944091797,1346200
2009-07-07,99.5999984741211,100.0199966430664,99.4000015258789,99.55000305175781,52.52345657348633,1242800
2009-07-08,99.86000061035156,100.5,99.61000061035156,100.45999908447266,53.003604888916016,918700
2009-07-09,100.05999755859375,100.5,100.05999755859375,100.5,53.02467346191406,706300
2009-07-10,100.2300033569336,100.9000015258789,100.08999633789062,100.9000015258789,53.23575210571289,827100
2009-07-13,100.75,100.98999786376953,100.22000122070312,100.83999633789062,53.20408630371094,720200
2009-07-14,100.88999938964844,100.88999938964844,100.33000183105469,100.62000274658203,53.08803176879883,951900
2009-07-15,100.33999633789062,100.55999755859375,99.5199966430664,99.69000244140625,52.59733963012695,1671600
2009-07-16,99.8499984741211,100.37999725341797,99.81999969482422,100.37999725341797,52.96137237548828,989700
2009-07-17,100.06999969482422,100.4800033569336,99.79000091552734,100.06999969482422,52.79781723022461,1502600
2009-07-20,100.4800033569336,100.9800033569336,99.80999755859375,100.4800033569336,53.014122009277344,884400
2009-07-21,100.69999694824219,101.94999694824219,100.56999969482422,101.9000015258789,53.76334762573242,1271000
2009-07-22,102.0,102.1500015258789,101.33999633789062,101.62999725341797,53.620887756347656,869000
2009-07-23,101.69999694824219,101.86000061035156,101.0,101.45999908447266,53.531219482421875,802300
2009-07-24,101.25,101.73999786376953,101.05999755859375,101.73999786376953,53.678924560546875,1183200
2009-07-27,101.19999694824219,101.5199966430664,101.0999984741211,101.51000213623047,53.55755615234375,631300
2009-07-28,101.33000183105469,102.23999786376953,101.33000183105469,101.9000015258789,53.76334762573242,943100
2009-07-29,102.23999786376953,102.55000305175781,101.75,102.54000091552734,54.10102844238281,956100
2009-07-30,102.56999969482422,103.3499984741211,102.16000366210938,103.0999984741211,54.396480560302734,1118800
2009-07-31,103.19000244140625,104.5999984741211,103.19000244140625,104.45999908447266,55.11404800415039,1604600
2009-08-03,103.5199966430664,103.94999694824219,102.94999694824219,103.0,54.60091018676758,1396500
2009-08-04,103.56999969482422,103.56999969482422,102.30000305175781,102.4800033569336,54.32523727416992,1103500
2009-08-05,102.52999877929688,103.1500015258789,102.25,102.5,54.335838317871094,1383600
2009-08-06,102.94000244140625,102.9800033569336,102.0999984741211,102.22000122070312,54.187400817871094,996200
2009-08-07,101.83999633789062,102.33999633789062,101.54000091552734,102.19999694824219,54.1767692565918,945900
2009-08-10,102.45999908447266,102.94000244140625,102.05999755859375,102.5199966430664,54.34642028808594,909900
2009-08-11,103.1500015258789,103.25,102.5,103.05000305175781,54.62738800048828,595100
2009-08-12,103.0,103.0,101.80000305175781,102.1500015258789,54.1502799987793,1328300
2009-08-13,102.6500015258789,103.2699966430664,102.0999984741211,103.13999938964844,54.67512130737305,1213800
2009-08-14,103.20999908447266,103.54000091552734,103.06999969482422,103.12000274658203,54.66450500488281,746500
2009-08-17,102.8499984741211,103.52999877929688,102.5999984741211,103.29000091552734,54.754581451416016,722800
2009-08-18,103.12999725341797,103.36000061035156,102.7300033569336,103.02999877929688,54.61677551269531,870300
2009-08-19,103.55000305175781,103.75,103.2699966430664,103.36000061035156,54.791725158691406,905800
2009-08-20,103.55000305175781,104.0,103.26000213623047,103.8499984741211,55.05146408081055,789200
2009-08-21,103.98999786376953,104.0,103.26000213623047,103.37999725341797,54.802337646484375,724100
2009-08-24,103.5,104.02999877929688,103.2699966430664,103.91000366210938,55.08330154418945,1031100
2009-08-25,104.16000366210938,104.41000366210938,103.75,104.08999633789062,55.1786994934082,1209400
2009-08-26,104.45999908447266,104.79000091552734,104.22000122070312,104.77999877929688,55.544471740722656,702000
2009-08-27,104.51000213623047,104.58000183105469,104.12999725341797,104.30000305175781,55.290016174316406,1136200
2009-08-28,104.20999908447266,104.83999633789062,104.12999725341797,104.81999969482422,55.56565475463867,981900
2009-08-31,104.58000183105469,105.33999633789062,104.37000274658203,105.33000183105469,55.836002349853516,2122200
2009-09-01,104.51000213623047,104.95999908447266,104.1500015258789,104.30999755859375,55.55586242675781,1077500
2009-09-02,104.25,105.12999725341797,104.04000091552734,104.62000274658203,55.72102355957031,1225400
2009-09-03,104.68000030517578,105.16999816894531,104.44999694824219,104.80000305175781,55.81684494018555,865400
2009-09-04,105.04000091552734,105.1500015258789,104.80000305175781,104.87000274658203,55.8541259765625,757200
2009-09-08,104.83999633789062,105.0999984741211,104.5,104.5999984741211,55.7103157043457,817900
2009-09-09,104.61000061035156,104.66000366210938,104.33000183105469,104.56999969482422,55.694366455078125,873800
2009-09-10,104.98999786376953,105.55999755859375,104.04000091552734,105.26000213623047,56.06183624267578,873700
2009-09-11,105.77999877929688,106.37999725341797,105.5,106.20999908447266,56.56782150268555,704700
2009-09-14,106.12999725341797,106.20999908447266,105.48999786376953,105.66999816894531,56.28025436401367,850700
2009-09-15,105.79000091552734,105.8499984741211,105.5199966430664,105.61000061035156,56.24825668334961,1052800
2009-09-16,106.1500015258789,106.1500015258789,105.52999877929688,105.94000244140625,56.42401885986328,1097900
2009-09-17,105.94999694824219,106.47000122070312,105.75,106.45999908447266,56.70096206665039,985000
2009-09-18,106.2300033569336,106.38999938964844,105.79000091552734,105.79000091552734,56.34410858154297,759700
2009-09-21,106.19999694824219,106.29000091552734,105.87999725341797,106.04000091552734,56.47731399536133,586600
2009-09-22,105.83999633789062,106.31999969482422,105.75,106.29000091552734,56.610477447509766,815300
2009-09-23,106.1500015258789,106.4000015258789,105.8499984741211,106.33999633789062,56.63707733154297,980900
2009-09-24,106.12999725341797,106.66000366210938,106.12999725341797,106.51000213623047,56.72760009765625,634000
2009-09-25,106.5199966430664,106.94000244140625,106.30000305175781,106.91999816894531,56.94593811035156,722400
2009-09-28,107.0,107.19000244140625,106.72000122070312,107.19000244140625,57.08974075317383,731500
2009-09-29,106.7300033569336,107.0199966430664,106.55000305175781,106.7699966430664,56.8660774230957,1299100
2009-09-30,106.63999938964844,106.83999633789062,106.36000061035156,106.68000030517578,56.81816864013672,1447400
2009-10-01,106.1500015258789,106.22000122070312,104.79000091552734,105.12000274658203,56.23614501953125,3051300
2009-10-02,105.4000015258789,105.4000015258789,104.30000305175781,104.44000244140625,55.872310638427734,3318300
2009-10-05,104.37000274658203,105.0,104.37000274658203,105.0,56.17191696166992,1066700
2009-10-06,105.38999938964844,105.38999938964844,104.72000122070312,104.77999877929688,56.054195404052734,1470300
2009-10-07,105.06999969482422,105.5,104.77999877929688,105.44999694824219,56.41264343261719,900800
2009-10-08,105.58000183105469,105.6500015258789,104.8499984741211,104.86000061035156,56.09700012207031,1012500
2009-10-09,104.87999725341797,104.87999725341797,103.75,103.94000244140625,55.60486602783203,1497300
2009-10-12,103.61000061035156,104.38999938964844,103.61000061035156,104.30000305175781,55.797420501708984,687200
2009-10-13,104.38999938964844,104.63999938964844,104.19999694824219,104.5,55.904422760009766,803100
2009-10-14,104.25,104.56999969482422,104.0,104.0,55.63692092895508,1181600
2009-10-15,104.0,104.20999908447266,103.58000183105469,103.9800033569336,55.62628173828125,1096300
2009-10-16,103.97000122070312,104.22000122070312,103.76000213623047,104.05999755859375,55.66907501220703,876200
2009-10-19,104.27999877929688,104.87999725341797,104.11000061035156,104.58999633789062,55.95259475708008,825100
2009-10-20,105.19999694824219,105.58999633789062,105.12999725341797,105.26000213623047,56.31098937988281,873400
2009-10-21,105.04000091552734,105.16999816894531,104.7300033569336,104.81999969482422,56.075653076171875,984600
2009-10-22,105.12999725341797,105.44000244140625,104.81999969482422,105.44000244140625,56.40728759765625,707200
2009-10-23,105.0,105.37000274658203,104.8499984741211,104.86000061035156,56.09700012207031,640500
2009-10-26,105.0,105.05999755859375,104.36000061035156,104.41999816894531,55.86162567138672,953700
2009-10-27,104.94999694824219,105.47000122070312,104.55000305175781,105.31999969482422,56.343109130859375,732600
2009-10-28,105.19999694824219,105.44999694824219,104.31999969482422,104.61000061035156,55.96321487426758,1114300
2009-10-29,105.01000213623047,105.05999755859375,104.37999725341797,104.73999786376953,56.03278350830078,932500
2009-10-30,105.08999633789062,105.68000030517578,104.93000030517578,105.68000030517578,56.535667419433594,1419700
2009-11-02,105.33000183105469,105.36000061035156,104.76000213623047,105.04000091552734,56.45181655883789,983600
2009-11-03,105.0199966430664,105.02999877929688,104.37000274658203,104.55999755859375,56.19386672973633,810500
2009-11-04,104.5199966430664,105.01000213623047,104.48999786376953,104.97000122070312,56.414222717285156,760100
2009-11-05,104.9000015258789,105.05000305175781,104.7300033569336,105.04000091552734,56.45181655883789,705000
2009-11-06,105.02999877929688,105.31999969482422,104.6500015258789,105.31999969482422,56.602333068847656,693100
2009-11-09,105.37999725341797,105.5199966430664,105.26000213623047,105.37999725341797,56.63457107543945,594100
2009-11-10,105.5,105.66999816894531,105.29000091552734,105.30999755859375,56.596923828125,606400
2009-11-11,105.58999633789062,106.0,105.47000122070312,105.69999694824219,56.806549072265625,688100
2009-11-12,105.6500015258789,105.93000030517578,105.06999969482422,105.69999694824219,56.806549072265625,1043100
2009-11-13,105.94000244140625,106.01000213623047,105.55000305175781,106.01000213623047,56.97314453125,655800
2009-11-16,106.0,106.51000213623047,105.8499984741211,106.51000213623047,57.24186325073242,1141700
2009-11-17,106.30000305175781,106.66999816894531,106.1500015258789,106.66999816894531,57.32783889770508,587100
2009-11-18,106.41000366210938,106.8499984741211,106.12999725341797,106.31999969482422,57.1397590637207,718900
2009-11-19,106.33000183105469,106.62999725341797,106.18000030517578,106.44999694824219,57.209659576416016,855100
2009-11-20,106.52999877929688,106.61000061035156,105.93000030517578,105.94999694824219,56.94089889526367,628600
2009-11-23,105.5999984741211,105.98999786376953,105.44000244140625,105.94999694824219,56.94089889526367,1143000
2009-11-24,105.94999694824219,106.54000091552734,105.94999694824219,106.36000061035156,57.16127014160156,768100
2009-11-25,106.43000030517578,106.79000091552734,106.20999908447266,106.75,57.3708610534668,670900
2009-11-27,106.02999877929688,106.7300033569336,106.0,106.72000122070312,57.35475158691406,344600
2009-11-30,106.68000030517578,107.25,106.51000213623047,107.25,57.63955307006836,1399900
2009-12-01,106.58000183105469,106.72000122070312,106.26000213623047,106.26000213623047,57.35137176513672,867400
2009-12-02,106.23999786376953,106.43000030517578,106.0,106.27999877929688,57.362152099609375,1171600
2009-12-03,106.19000244140625,106.31999969482422,106.08000183105469,106.25,57.34597396850586,543300
2009-12-04,106.0,106.02999877929688,105.5,105.80999755859375,57.10845947265625,1285900
2009-12-07,105.94999694824219,105.94999694824219,105.5,105.76000213623047,57.08145523071289,1128000
2009-12-08,106.33999633789062,106.4800033569336,106.16999816894531,106.20999908447266,57.324317932128906,951700
2009-12-09,106.30000305175781,106.4800033569336,105.55000305175781,105.5999984741211,56.99515914916992,1547200
2009-12-10,105.33000183105469,105.91999816894531,105.33000183105469,105.69000244140625,57.043701171875,1253200
2009-12-11,105.75,105.75,105.06999969482422,105.19000244140625,56.77388381958008,1340800
2009-12-14,105.55999755859375,105.77999877929688,105.33999633789062,105.7699966430664,57.08686828613281,1017300
2009-12-15,105.41000366210938,105.47000122070312,105.01000213623047,105.01000213623047,56.676700592041016,884200
2009-12-16,105.16999816894531,105.83999633789062,105.16999816894531,105.41000366210938,56.89259719848633,962300
2009-12-17,105.63999938964844,105.9000015258789,105.33000183105469,105.86000061035156,57.13544845581055,1426400
2009-12-18,106.01000213623047,106.19000244140625,105.63999938964844,105.69000244140625,57.043701171875,792400
2009-12-21,105.51000213623047,105.62999725341797,105.05999755859375,105.18000030517578,56.7684326171875,683800
2009-12-22,105.43000030517578,105.43000030517578,104.5,104.73999786376953,56.530948638916016,1590500
2009-12-23,104.9800033569336,105.22000122070312,104.8499984741211,105.06999969482422,56.7091064453125,678000
2009-12-24,104.69999694824219,105.0,104.55000305175781,104.58000183105469,56.4445686340332,529300
2009-12-28,104.2699966430664,104.66000366210938,104.05999755859375,104.30000305175781,56.293495178222656,1017600
2009-12-29,103.87999725341797,104.19000244140625,103.80000305175781,104.18000030517578,56.464210510253906,610100
2009-12-30,104.29000091552734,104.52999877929688,104.08000183105469,104.30000305175781,56.52926254272461,1405500
2009-12-31,104.02999877929688,104.3499984741211,103.7699966430664,104.1500015258789,56.44796371459961,499100
2010-01-04,104.7699966430664,104.7699966430664,104.33999633789062,104.69999694824219,56.74605178833008,2017600
2010-01-05,104.9800033569336,105.44999694824219,104.86000061035156,105.19999694824219,57.01703643798828,1143800
2010-01-06,105.38999938964844,105.44999694824219,104.81999969482422,104.88999938964844,56.848995208740234,1005500
2010-01-07,104.97000122070312,105.22000122070312,104.87000274658203,105.0199966430664,56.919471740722656,1264100
2010-01-08,105.13999938964844,105.25,104.97000122070312,105.25,57.04415512084961,704600
2010-01-11,105.0,105.37999725341797,105.0,105.36000061035156,57.103763580322266,817500
2010-01-12,105.41999816894531,105.6500015258789,105.31999969482422,105.55999755859375,57.212154388427734,1343100
2010-01-13,105.54000091552734,105.56999969482422,105.0,105.12000274658203,56.97369384765625,1090700
2010-01-14,105.45999908447266,105.5,105.02999877929688,105.5,57.179595947265625,873200
2010-01-15,105.72000122070312,105.80000305175781,105.43000030517578,105.45999908447266,57.157981872558594,834300
2010-01-19,105.2699966430664,105.56999969482422,105.0199966430664,105.55000305175781,57.206729888916016,822100
2010-01-20,105.69999694824219,105.83999633789062,105.43000030517578,105.4800033569336,57.16881561279297,1112000
2010-01-21,105.75,106.2699966430664,105.69999694824219,105.76000213623047,57.320526123046875,1333400
2010-01-22,105.77999877929688,105.80000305175781,105.5,105.5999984741211,57.233856201171875,1003800
2010-01-25,105.55000305175781,105.62999725341797,105.43000030517578,105.58999633789062,57.22843933105469,765100
2010-01-26,105.69000244140625,105.69999694824219,105.23999786376953,105.30999755859375,57.07665252685547,887200
2010-01-27,105.44000244140625,105.44000244140625,104.68000030517578,104.93000030517578,56.870723724365234,1496100
2010-01-28,104.97000122070312,105.25,104.76000213623047,104.77999877929688,56.789390563964844,1158800
2010-01-29,104.98999786376953,105.45999908447266,104.9000015258789,105.44999694824219,57.15252685546875,1218600
2010-02-01,105.05000305175781,105.08000183105469,104.41999816894531,104.52999877929688,56.89777755737305,1202800
2010-02-02,104.6500015258789,105.06999969482422,104.6500015258789,104.86000061035156,57.07741928100586,1950500
2010-02-03,104.83000183105469,104.9000015258789,104.5199966430664,104.75,57.0175895690918,1478800
2010-02-04,104.8499984741211,104.88999938964844,104.54000091552734,104.73999786376953,57.012088775634766,1116700
2010-02-05,104.62999725341797,104.72000122070312,104.22000122070312,104.41999816894531,56.83794403076172,2204600
2010-02-08,104.52999877929688,104.68000030517578,104.30999755859375,104.5199966430664,56.892364501953125,1736500
2010-02-09,104.58999633789062,104.69999694824219,104.27999877929688,104.27999877929688,56.76171112060547,969800
2010-02-10,104.20999908447266,104.31999969482422,103.37999725341797,103.47000122070312,56.32078170776367,1178000
2010-02-11,103.5999984741211,103.7699966430664,103.33999633789062,103.70999908447266,56.451454162597656,1045500
2010-02-12,103.83000183105469,103.9800033569336,103.68000030517578,103.83000183105469,56.51675796508789,707100
2010-02-16,103.61000061035156,104.23999786376953,103.5,104.23999786376953,56.73995590209961,1029500
2010-02-17,104.19000244140625,104.20999908447266,103.62999725341797,103.88999938964844,56.54939270019531,717200
2010-02-18,103.91000366210938,104.06999969482422,103.5,103.81999969482422,56.511356353759766,1717100
2010-02-19,103.69999694824219,104.19000244140625,103.66000366210938,104.19000244140625,56.7127685546875,1827800
2010-02-22,104.12000274658203,104.25,104.01000213623047,104.25,56.74539566040039,585900
2010-02-23,104.33000183105469,104.54000091552734,104.19000244140625,104.5,56.8814697265625,1095300
2010-02-24,104.6500015258789,105.0,104.55000305175781,104.94999694824219,57.12641143798828,924400
2010-02-25,105.12000274658203,105.12000274658203,104.83000183105469,104.83999633789062,57.066505432128906,572300
2010-02-26,104.98999786376953,105.55999755859375,104.98999786376953,105.52999877929688,57.442115783691406,804600
2010-03-01,105.19000244140625,105.29000091552734,104.9000015258789,105.22000122070312,57.515926361083984,598700
2010-03-02,105.02999877929688,105.55000305175781,105.0,105.44000244140625,57.636173248291016,625600
2010-03-03,105.19000244140625,105.66000366210938,105.19000244140625,105.66000366210938,57.75641632080078,746300
2010-03-04,105.55999755859375,105.80999755859375,105.37999725341797,105.70999908447266,57.78380584716797,492300
2010-03-05,105.62000274658203,105.63999938964844,105.11000061035156,105.58000183105469,57.712684631347656,786000
2010-03-08,105.58000183105469,105.75,105.37999725341797,105.75,57.80564498901367,966800
2010-03-09,105.70999908447266,105.81999969482422,105.58999633789062,105.6500015258789,57.75095748901367,722100
2010-03-10,105.48999786376953,105.75,105.37000274658203,105.75,57.80564498901367,688200
2010-03-11,105.58000183105469,105.75,105.44000244140625,105.70999908447266,57.78380584716797,480000
2010-03-12,105.62000274658203,105.9800033569336,105.5,105.93000030517578,57.903987884521484,819100
2010-03-15,105.97000122070312,105.9800033569336,105.66999816894531,105.91000366210938,57.893104553222656,497200
2010-03-16,106.0,106.4000015258789,105.86000061035156,106.4000015258789,58.160926818847656,635600
2010-03-17,106.58000183105469,106.86000061035156,106.4000015258789,106.79000091552734,58.37408447265625,983900
2010-03-18,106.75,106.80999755859375,106.58000183105469,106.58000183105469,58.259281158447266,497200
2010-03-19,106.5,106.76000213623047,106.4000015258789,106.5,58.215599060058594,621500
2010-03-22,106.37999725341797,106.75,106.37999725341797,106.66999816894531,58.308536529541016,406000
2010-03-23,106.73999786376953,106.8499984741211,106.5999984741211,106.5999984741211,58.270259857177734,463300
2010-03-24,106.16000366210938,106.2699966430664,105.58999633789062,105.80999755859375,57.838436126708984,801600
2010-03-25,105.66000366210938,105.79000091552734,105.23999786376953,105.43000030517578,57.630706787109375,985400
2010-03-26,105.3499984741211,105.75,105.30999755859375,105.75,57.80564498901367,614000
2010-03-29,105.73999786376953,105.79000091552734,105.37000274658203,105.66000366210938,57.75641632080078,597600
2010-03-30,105.62999725341797,105.79000091552734,105.44999694824219,105.72000122070312,57.78919219970703,616100
2010-03-31,105.81999969482422,106.01000213623047,105.7300033569336,105.7699966430664,57.81655502319336,997800
2010-04-01,105.44999694824219,105.62000274658203,105.29000091552734,105.52999877929688,57.94233322143555,1565600
2010-04-05,105.01000213623047,105.12000274658203,104.44000244140625,104.55999755859375,57.409725189208984,1417800
2010-04-06,104.9000015258789,105.13999938964844,104.73999786376953,104.80999755859375,57.54697036743164,1175000
2010-04-07,104.93000030517578,105.48999786376953,104.93000030517578,105.33999633789062,57.837974548339844,1041200
2010-04-08,105.58999633789062,105.6500015258789,105.13999938964844,105.13999938964844,57.7281379699707,938600
2010-04-09,105.25,105.4000015258789,105.02999877929688,105.20999908447266,57.766571044921875,657800
2010-04-12,105.3499984741211,105.5999984741211,105.30000305175781,105.51000213623047,57.931304931640625,502800
2010-04-13,105.76000213623047,105.91999816894531,105.58000183105469,105.88999938964844,58.139930725097656,728100
2010-04-14,105.94999694824219,106.0,105.6500015258789,105.80000305175781,58.09059143066406,697200
2010-04-15,105.79000091552734,106.13999938964844,105.66000366210938,105.9800033569336,58.189353942871094,766300
2010-04-16,106.16000366210938,106.45999908447266,105.9800033569336,106.2300033569336,58.326629638671875,1091800
2010-04-19,106.36000061035156,106.36000061035156,105.95999908447266,105.95999908447266,58.178367614746094,643900
2010-04-20,106.16999816894531,106.20999908447266,106.0199966430664,106.19000244140625,58.3046760559082,923200
2010-04-21,106.4800033569336,106.72000122070312,106.2699966430664,106.55999755859375,58.50786209106445,646600
2010-04-22,106.55999755859375,106.75,106.30000305175781,106.31999969482422,58.37608337402344,248000
2010-04-23,106.2699966430664,106.37999725341797,106.16000366210938,106.30000305175781,58.36507797241211,327400
2010-04-26,106.4800033569336,106.55999755859375,106.20999908447266,106.3499984741211,58.39255142211914,839900
2010-04-27,106.58000183105469,106.93000030517578,106.25,106.41999816894531,58.43097686767578,590500
2010-04-28,106.33999633789062,106.8499984741211,106.25,106.5999984741211,58.52977752685547,1670600
2010-04-29,106.86000061035156,106.94999694824219,106.62999725341797,106.87000274658203,58.67802429199219,1102600
2010-04-30,107.0,107.54000091552734,106.87000274658203,107.30999755859375,58.91962814331055,1031700
2010-05-03,106.91000366210938,106.94999694824219,106.68000030517578,106.88999938964844,58.93724060058594,495800
2010-05-04,107.05999755859375,107.3499984741211,106.94999694824219,107.0199966430664,59.00897216796875,844700
2010-05-05,107.01000213623047,107.19000244140625,106.12999725341797,106.55999755859375,58.755340576171875,1288500
2010-05-06,106.3499984741211,106.61000061035156,102.47000122070312,104.80000305175781,57.78487014770508,1687800
2010-05-07,105.58999633789062,106.12000274658203,104.83000183105469,105.13999938964844,57.972347259521484,1758600
2010-05-10,105.4000015258789,105.97000122070312,105.4000015258789,105.80000305175781,58.3363037109375,1275900
2010-05-11,105.69999694824219,105.95999908447266,105.37000274658203,105.91000366210938,58.39692687988281,997500
2010-05-12,105.77999877929688,106.04000091552734,105.5999984741211,105.87000274658203,58.37484359741211,1034900
2010-05-13,106.19000244140625,106.2300033569336,105.70999908447266,106.18000030517578,58.545780181884766,585100
2010-05-14,106.33999633789062,106.68000030517578,105.97000122070312,106.1500015258789,58.529239654541016,575700
2010-05-17,106.5199966430664,106.79000091552734,106.0,106.33000183105469,58.62847900390625,877200
2010-05-18,106.66000366210938,106.9000015258789,106.29000091552734,106.66999816894531,58.81595230102539,582100
2010-05-19,106.41000366210938,107.0,106.41000366210938,106.7300033569336,58.84904098510742,503300
2010-05-20,106.80000305175781,106.93000030517578,106.26000213623047,106.48999786376953,58.716697692871094,1009400
2010-05-21,106.55999755859375,106.66000366210938,105.93000030517578,106.30999755859375,58.61748123168945,1775500
2010-05-24,106.36000061035156,106.68000030517578,106.3499984741211,106.58999633789062,58.7718391418457,717800
2010-05-25,106.41999816894531,106.4800033569336,105.95999908447266,106.08000183105469,58.49066162109375,901500
2010-05-26,106.13999938964844,106.19999694824219,105.76000213623047,106.1500015258789,58.529239654541016,562000
2010-05-27,105.7300033569336,105.73999786376953,105.37999725341797,105.5999984741211,58.2259521484375,767600
2010-05-28,105.79000091552734,106.02999877929688,105.4000015258789,105.45999908447266,58.148780822753906,1042200
2010-06-01,105.02999877929688,105.33000183105469,104.87000274658203,104.93000030517578,58.100643157958984,782400
2010-06-02,104.93000030517578,105.30000305175781,104.93000030517578,105.30000305175781,58.30548095703125,521000
2010-06-03,105.2699966430664,105.55000305175781,104.95999908447266,104.95999908447266,58.11724853515625,1017000
2010-06-04,105.22000122070312,105.66000366210938,105.0999984741211,105.5999984741211,58.47156524658203,745200
2010-06-07,105.5,106.12999725341797,105.5,106.04000091552734,58.71522903442383,551500
2010-06-08,105.9800033569336,106.2699966430664,105.76000213623047,106.04000091552734,58.71522903442383,953500
2010-06-09,105.88999938964844,106.2300033569336,105.66000366210938,106.08000183105469,58.73738479614258,526900
2010-06-10,105.73999786376953,105.94999694824219,105.45999908447266,105.63999938964844,58.49373245239258,1037200
2010-06-11,105.88999938964844,106.08000183105469,105.62000274658203,106.02999877929688,58.709716796875,483100
2010-06-14,105.66999816894531,105.83000183105469,105.44000244140625,105.83000183105469,58.59892272949219,712900
2010-06-15,105.87000274658203,105.91999816894531,105.5199966430664,105.69999694824219,58.52694320678711,663100
2010-06-16,105.83999633789062,105.9000015258789,105.55000305175781,105.80999755859375,58.58787536621094,568000
2010-06-17,106.1500015258789,106.58999633789062,106.0,106.51000213623047,58.975494384765625,1487500
2010-06-18,106.52999877929688,106.66999816894531,106.36000061035156,106.5,58.969993591308594,726300
2010-06-21,106.33000183105469,106.79000091552734,106.26000213623047,106.7699966430664,59.119468688964844,686300
2010-06-22,106.63999938964844,107.33000183105469,106.61000061035156,107.29000091552734,59.40739059448242,657000
2010-06-23,107.13999938964844,107.79000091552734,107.12999725341797,107.73999786376953,59.65654373168945,1105800
2010-06-24,107.77999877929688,107.83000183105469,107.25,107.30999755859375,59.41843032836914,743000
2010-06-25,107.31999969482422,107.73999786376953,107.20999908447266,107.48999786376953,59.51811599731445,485000
2010-06-28,107.9000015258789,108.12000274658203,107.7300033569336,108.08000183105469,59.844825744628906,772700
2010-06-29,108.26000213623047,108.26000213623047,107.94000244140625,108.02999877929688,59.81715393066406,1007200
2010-06-30,108.2300033569336,108.45999908447266,108.18000030517578,108.45999908447266,60.05519485473633,850800
2010-07-01,108.16000366210938,108.45999908447266,108.01000213623047,108.13999938964844,60.12192153930664,1478700
2010-07-02,108.1500015258789,108.22000122070312,107.7699966430664,107.83000183105469,59.94955825805664,600400
2010-07-06,108.19999694824219,108.5999984741211,108.0,108.27999877929688,60.199790954589844,993400
2010-07-07,108.22000122070312,108.54000091552734,108.20999908447266,108.3499984741211,60.238685607910156,634100
2010-07-08,108.12000274658203,108.1500015258789,107.87000274658203,108.08000183105469,60.088600158691406,738200
2010-07-09,108.08000183105469,108.12000274658203,107.86000061035156,107.94999694824219,60.01630401611328,530000
2010-07-12,108.16999816894531,108.26000213623047,107.94000244140625,108.08000183105469,60.088600158691406,585100
2010-07-13,108.19999694824219,108.30000305175781,107.95999908447266,108.13999938964844,60.12192153930664,709000
2010-07-14,108.2300033569336,108.72000122070312,108.19999694824219,108.62000274658203,60.38880920410156,1880300
2010-07-15,108.62000274658203,108.91999816894531,108.62000274658203,108.80999755859375,60.494415283203125,1038800
2010-07-16,108.98999786376953,109.37000274658203,108.88999938964844,109.0,60.600032806396484,814100
2010-07-19,108.95999908447266,109.13999938964844,108.87999725341797,108.9800033569336,60.58894348144531,580700
2010-07-20,108.95999908447266,109.37000274658203,108.95999908447266,109.0999984741211,60.65567398071289,1052100
2010-07-21,108.98999786376953,109.62999725341797,108.94000244140625,109.62999725341797,60.950294494628906,779400
2010-07-22,109.66000366210938,109.68000030517578,109.18000030517578,109.48999786376953,60.87245559692383,827300
2010-07-23,109.66000366210938,109.69000244140625,109.37000274658203,109.62999725341797,60.950294494628906,675800
2010-07-26,109.47000122070312,109.75,109.3499984741211,109.7300033569336,61.005897521972656,538000
2010-07-27,109.51000213623047,109.80000305175781,109.36000061035156,109.36000061035156,60.80018615722656,1108600
2010-07-28,109.58999633789062,109.7699966430664,109.23999786376953,109.75,61.017024993896484,777600
2010-07-29,109.66000366210938,109.9000015258789,109.54000091552734,109.79000091552734,61.03929901123047,513000
2010-07-30,110.02999877929688,110.41999816894531,110.02999877929688,110.30000305175781,61.32277297973633,796300
2010-08-02,109.91000366210938,109.94999694824219,109.55999755859375,109.62999725341797,61.19272232055664,764100
2010-08-03,109.9000015258789,110.04000091552734,109.69999694824219,109.9000015258789,61.34347152709961,1060700
2010-08-04,109.83000183105469,109.94999694824219,109.55000305175781,109.55999755859375,61.15367889404297,859900
2010-08-05,109.69000244140625,109.88999938964844,109.58999633789062,109.76000213623047,61.26530838012695,1093400
2010-08-06,110.19000244140625,110.4800033569336,110.05999755859375,110.38999938964844,61.61690902709961,685700
2010-08-09,110.45999908447266,110.77999877929688,110.30000305175781,110.75,61.81787872314453,844400
2010-08-10,110.5999984741211,110.7300033569336,110.37999725341797,110.61000061035156,61.739707946777344,1260100
2010-08-11,110.62999725341797,110.94000244140625,110.54000091552734,110.5999984741211,61.734188079833984,934600
2010-08-12,110.54000091552734,110.69999694824219,110.18000030517578,110.20999908447266,61.5164794921875,1427100
2010-08-13,110.38999938964844,110.77999877929688,110.33999633789062,110.63999938964844,61.75651931762695,894800
2010-08-16,111.27999877929688,111.97000122070312,111.27999877929688,111.86000061035156,62.43745803833008,786200
2010-08-17,111.9000015258789,111.9800033569336,111.47000122070312,111.68000030517578,62.33701705932617,799600
2010-08-18,111.79000091552734,111.98999786376953,111.5999984741211,111.77999877929688,62.392822265625,1889200
2010-08-19,111.58999633789062,112.37999725341797,111.58000183105469,111.9000015258789,62.45977020263672,1439500
2010-08-20,111.8499984741211,112.25,111.80000305175781,112.0999984741211,62.57148742675781,1402000
2010-08-23,111.98999786376953,112.36000061035156,111.83000183105469,112.33999633789062,62.70539093017578,549100
2010-08-24,112.61000061035156,112.80000305175781,112.3499984741211,112.5999984741211,62.850528717041016,826000
2010-08-25,113.0,113.0,112.4000015258789,112.80999755859375,62.96774673461914,1820000
2010-08-26,112.75,112.95999908447266,112.58000183105469,112.91000366210938,63.02354431152344,703600
2010-08-27,112.72000122070312,112.91000366210938,111.81999969482422,111.88999938964844,62.454246520996094,1642300
2010-08-30,112.45999908447266,112.72000122070312,111.9800033569336,112.62000274658203,62.86166000366211,1574500
2010-08-31,112.66000366210938,113.05000305175781,112.4000015258789,113.0,63.07384490966797,1450700
2010-09-01,112.3499984741211,112.38999938964844,111.44999694824219,111.7300033569336,62.599761962890625,2395600
2010-09-02,111.47000122070312,111.66999816894531,111.33000183105469,111.58999633789062,62.5213508605957,1243900
2010-09-03,110.72000122070312,111.1500015258789,110.66999816894531,110.75,62.050724029541016,1184800
2010-09-07,111.58999633789062,111.73999786376953,111.0,111.56999969482422,62.51017761230469,1128300
2010-09-08,111.4800033569336,111.5,111.19999694824219,111.3499984741211,62.386905670166016,556200
2010-09-09,111.18000030517578,111.19999694824219,110.55999755859375,110.7699966430664,62.06195831298828,967700
2010-09-10,110.51000213623047,110.94000244140625,110.41999816894531,110.8499984741211,62.10675811767578,1105900
2010-09-13,110.83000183105469,111.30000305175781,110.75,111.0,62.190773010253906,987900
2010-09-14,111.19999694824219,111.5999984741211,111.12999725341797,111.5199966430664,62.482173919677734,1846500
2010-09-15,111.33999633789062,111.55999755859375,111.19999694824219,111.33999633789062,62.38129806518555,983200
2010-09-16,111.04000091552734,111.05000305175781,110.70999908447266,110.98999786376953,62.18523025512695,1382000
2010-09-17,111.33999633789062,111.45999908447266,111.04000091552734,111.3499984741211,62.386905670166016,2647200
2010-09-20,111.48999786376953,111.58999633789062,111.30999755859375,111.48999786376953,62.46534729003906,775000
2010-09-21,111.62000274658203,112.4800033569336,111.5999984741211,112.33999633789062,62.94157409667969,1416600
2010-09-22,112.44999694824219,112.58999633789062,112.18000030517578,112.2699966430664,62.90235137939453,851200
2010-09-23,112.68000030517578,112.69999694824219,112.2699966430664,112.3499984741211,62.94717025756836,594200
2010-09-24,112.33999633789062,112.33999633789062,112.01000213623047,112.0999984741211,62.80714797973633,1064700
2010-09-27,112.52999877929688,112.75,112.41000366210938,112.68000030517578,63.13203430175781,770900
2010-09-28,112.68000030517578,113.19000244140625,112.61000061035156,112.87999725341797,63.24412155151367,595900
2010-09-29,112.91999816894531,112.98999786376953,112.68000030517578,112.7699966430664,63.18251419067383,751900
2010-09-30,112.76000213623047,113.1500015258789,112.19999694824219,113.08999633789062,63.361759185791016,1089800
2010-10-01,112.36000061035156,112.54000091552734,108.9800033569336,112.11000061035156,63.05467224121094,3916600
2010-10-04,112.12000274658203,112.36000061035156,112.12000274658203,112.29000091552734,63.155948638916016,847300
2010-10-05,112.58999633789062,112.72000122070312,112.37999725341797,112.5199966430664,63.2852783203125,1236000
2010-10-06,113.12999725341797,113.9800033569336,113.06999969482422,113.25,63.69583511352539,1457100
2010-10-07,113.43000030517578,113.48999786376953,113.16999816894531,113.22000122070312,63.678985595703125,713800
2010-10-08,113.5,113.58999633789062,113.06999969482422,113.11000061035156,63.61708068847656,1160400
2010-10-11,113.08999633789062,113.4000015258789,113.06999969482422,113.20999908447266,63.67341613769531,460300
2010-10-12,113.27999877929688,113.48999786376953,112.95999908447266,113.04000091552734,63.57776641845703,748800
2010-10-13,112.93000030517578,113.18000030517578,112.69999694824219,112.9800033569336,63.544044494628906,996600
2010-10-14,112.83999633789062,112.94999694824219,112.05000305175781,112.06999969482422,63.03220748901367,1236100
2010-10-15,111.68000030517578,111.97000122070312,111.36000061035156,111.36000061035156,62.632850646972656,1287700
2010-10-18,111.79000091552734,112.1500015258789,111.76000213623047,112.12999725341797,63.065940856933594,662600
2010-10-19,111.79000091552734,112.37999725341797,111.73999786376953,112.13999938964844,63.07158660888672,685300
2010-10-20,112.19000244140625,112.62000274658203,111.91000366210938,112.33999633789062,63.184024810791016,632700
2010-10-21,112.29000091552734,112.56999969482422,112.04000091552734,112.04000091552734,63.01530838012695,841200
2010-10-22,112.08999633789062,112.33999633789062,112.0,112.18000030517578,63.09403610229492,640000
2010-10-25,112.81999969482422,112.91000366210938,112.55000305175781,112.58000183105469,63.319034576416016,716400
2010-10-26,112.16000366210938,112.44000244140625,111.9800033569336,111.9800033569336,62.98160171508789,598800
2010-10-27,111.66999816894531,111.91999816894531,111.66000366210938,111.69000244140625,62.818485260009766,1751000
2010-10-28,111.98999786376953,112.33999633789062,111.91000366210938,112.13999938964844,63.07158660888672,1264500
2010-10-29,112.16000366210938,112.5,112.12000274658203,112.36000061035156,63.19529342651367,583800
2010-11-01,112.08000183105469,112.56999969482422,111.7699966430664,111.88999938964844,63.17384338378906,865500
2010-11-02,112.08000183105469,112.45999908447266,112.08000183105469,112.41000366210938,63.467437744140625,555600
2010-11-03,112.61000061035156,112.9000015258789,111.80000305175781,112.04000091552734,63.258514404296875,932000
2010-11-04,112.58000183105469,113.19000244140625,112.58000183105469,113.0999984741211,63.8570442199707,990300
2010-11-05,112.87000274658203,113.02999877929688,112.61000061035156,112.73999786376953,63.65378952026367,455800
2010-11-08,112.8499984741211,112.9800033569336,112.56999969482422,112.80000305175781,63.687625885009766,432500
2010-11-09,112.91000366210938,112.91999816894531,111.91000366210938,111.95999908447266,63.213356018066406,1438900
2010-11-10,111.62999725341797,111.93000030517578,110.80999755859375,111.72000122070312,63.077877044677734,1169900
2010-11-11,111.69999694824219,111.75,111.22000122070312,111.2300033569336,62.80120086669922,778500
2010-11-12,111.0999984741211,111.25,110.41999816894531,110.44999694824219,62.36082458496094,1351700
2010-11-15,110.05999755859375,110.27999877929688,109.23999786376953,109.23999786376953,61.677642822265625,1294100
2010-11-16,109.5,109.9000015258789,109.0199966430664,109.81999969482422,62.00506591796875,2219600
2010-11-17,109.91000366210938,110.37000274658203,109.7699966430664,109.81999969482422,62.00506591796875,1237000
2010-11-18,109.93000030517578,110.08000183105469,109.4800033569336,109.9000015258789,62.050296783447266,1001200
2010-11-19,110.06999969482422,110.36000061035156,109.9000015258789,110.27999877929688,62.264835357666016,676400
2010-11-22,110.5,110.91000366210938,110.5,110.88999938964844,62.60926055908203,759800
2010-11-23,111.16000366210938,111.19000244140625,110.75,110.94999694824219,62.64311218261719,749200
2010-11-24,110.44000244140625,110.45999908447266,109.86000061035156,110.04000091552734,62.1292839050293,644500
2010-11-26,110.18000030517578,110.33999633789062,109.95999908447266,110.18000030517578,62.208343505859375,233400
2010-11-29,110.31999969482422,110.5,110.19000244140625,110.29000091552734,62.270469665527344,494600
2010-11-30,110.5999984741211,110.73999786376953,110.08000183105469,110.12000274658203,62.17451858520508,1324500
2010-12-01,109.4000015258789,109.55999755859375,109.06999969482422,109.44999694824219,62.03619384765625,1473400
2010-12-02,109.11000061035156,109.48999786376953,108.91999816894531,109.20999908447266,61.90016555786133,1011600
2010-12-03,109.43000030517578,109.66999816894531,108.86000061035156,108.9000015258789,61.72447204589844,1391800
2010-12-06,109.41000366210938,109.66000366210938,109.30999755859375,109.66000366210938,62.15518569946289,670700
2010-12-07,109.1500015258789,109.3499984741211,108.27999877929688,108.63999938964844,61.57709884643555,1302200
2010-12-08,108.25,108.2699966430664,107.2300033569336,107.94000244140625,61.18030548095703,3831100
2010-12-09,108.05999755859375,108.4000015258789,107.77999877929688,108.19999694824219,61.327674865722656,1967300
2010-12-10,107.94999694824219,108.23999786376953,107.56999969482422,107.69999694824219,61.04423141479492,1335200
2010-12-13,107.61000061035156,108.37999725341797,107.56999969482422,108.0999984741211,61.27098083496094,1670200
2010-12-14,107.6500015258789,107.93000030517578,107.01000213623047,107.44000244140625,60.896949768066406,1976500
2010-12-15,107.62000274658203,107.81999969482422,106.68000030517578,106.7699966430664,60.517189025878906,2601900
2010-12-16,106.69000244140625,107.33999633789062,106.33999633789062,107.29000091552734,60.811893463134766,1892500
2010-12-17,107.37000274658203,108.31999969482422,107.36000061035156,108.2699966430664,61.36735916137695,1678700
2010-12-20,108.41999816894531,108.63999938964844,108.05999755859375,108.19999694824219,61.327674865722656,1438200
2010-12-21,108.33999633789062,108.47000122070312,107.93000030517578,108.43000030517578,61.458038330078125,985200
2010-12-22,108.48999786376953,108.55999755859375,108.19999694824219,108.33999633789062,61.407012939453125,749800
2010-12-23,108.22000122070312,108.38999938964844,108.08999633789062,108.38999938964844,61.435340881347656,861300
2010-12-27,108.12999725341797,108.69000244140625,107.97000122070312,108.5999984741211,61.55439376831055,781400
2010-12-28,108.0999984741211,108.19000244140625,107.22000122070312,107.30999755859375,61.06387710571289,584800
2010-12-29,107.23999786376953,108.4000015258789,107.16999816894531,108.12000274658203,61.524803161621094,1031600
2010-12-30,107.97000122070312,108.20999908447266,107.69000244140625,108.16999816894531,61.55329132080078,562900
2010-12-31,108.25,108.75,108.25,108.44000244140625,61.70688247680664,914800
2011-01-03,108.22000122070312,108.88999938964844,108.05999755859375,108.86000061035156,61.94585037231445,2447900
2011-01-04,108.9800033569336,109.19000244140625,108.75,109.0,62.02558517456055,962500
2011-01-05,108.51000213623047,108.58000183105469,108.0,108.19999694824219,61.57032775878906,1209200
2011-01-06,108.31999969482422,108.63999938964844,108.19999694824219,108.36000061035156,61.6613883972168,1089700
2011-01-07,108.26000213623047,109.05999755859375,108.19999694824219,108.91000366210938,61.97434997558594,1118600
2011-01-10,108.77999877929688,109.19999694824219,108.77999877929688,109.0999984741211,62.08244705200195,909200
2011-01-11,108.9000015258789,109.16999816894531,108.58000183105469,109.05000305175781,62.054054260253906,845000
2011-01-12,108.80999755859375,109.0199966430664,108.66999816894531,108.9800033569336,62.01422882080078,1291600
2011-01-13,108.8499984741211,109.45999908447266,108.7699966430664,109.44999694824219,62.28165054321289,971000
2011-01-14,109.38999938964844,109.43000030517578,108.88999938964844,108.93000030517578,61.9857177734375,1629900
2011-01-18,108.80000305175781,109.08000183105469,108.4000015258789,108.87000274658203,61.95160675048828,1422700
2011-01-19,108.83000183105469,108.97000122070312,108.68000030517578,108.79000091552734,61.90607452392578,1685300
2011-01-20,108.58000183105469,108.75,107.69999694824219,108.31999969482422,61.63860321044922,1699200
2011-01-21,108.18000030517578,108.55000305175781,108.13999938964844,108.4800033569336,61.729671478271484,1056600
2011-01-24,108.55000305175781,108.81999969482422,108.45999908447266,108.52999877929688,61.75811767578125,727200
2011-01-25,108.81999969482422,109.18000030517578,108.41999816894531,109.06999969482422,62.06538009643555,1302200
2011-01-26,108.83000183105469,108.98999786376953,108.45999908447266,108.45999908447266,61.71830749511719,1647100
2011-01-27,108.5,108.79000091552734,108.33999633789062,108.63999938964844,61.8206901550293,1094300
2011-01-28,108.37000274658203,109.0199966430664,108.33999633789062,108.77999877929688,61.9003791809082,1388100
2011-01-31,108.72000122070312,109.0,108.44000244140625,108.4800033569336,61.729671478271484,1849900
2011-02-01,107.95999908447266,108.11000061035156,107.72000122070312,107.91000366210938,61.64794921875,989200
2011-02-02,108.12000274658203,108.1500015258789,107.55999755859375,107.69999694824219,61.52803039550781,1975700
2011-02-03,107.51000213623047,107.7699966430664,107.41999816894531,107.44000244140625,61.37947463989258,1645800
2011-02-04,107.30000305175781,107.44000244140625,106.87999725341797,107.11000061035156,61.19093322753906,1367700
2011-02-07,106.93000030517578,107.3499984741211,106.87999725341797,107.2300033569336,61.259483337402344,1709500
2011-02-08,107.26000213623047,107.47000122070312,106.79000091552734,106.83999633789062,61.03672790527344,1263200
2011-02-09,106.94999694824219,107.66000366210938,106.81999969482422,107.52999877929688,61.430912017822266,2124900
2011-02-10,107.19999694824219,107.38999938964844,106.94000244140625,107.0,61.12807846069336,690600
2011-02-11,107.3499984741211,107.66000366210938,107.2300033569336,107.58999633789062,61.46516799926758,817300
2011-02-14,107.33000183105469,107.86000061035156,107.33000183105469,107.66000366210938,61.50516128540039,785400
2011-02-15,107.69000244140625,107.9000015258789,107.52999877929688,107.9000015258789,61.642269134521484,621800
2011-02-16,107.88999938964844,108.16999816894531,107.6500015258789,107.7699966430664,61.5679817199707,1892600
2011-02-17,108.12000274658203,108.19999694824219,107.9000015258789,107.97000122070312,61.68224334716797,585600
2011-02-18,107.70999908447266,108.12999725341797,107.66000366210938,108.12999725341797,61.773681640625,505900
2011-02-22,107.98999786376953,108.68000030517578,107.98999786376953,108.43000030517578,61.945037841796875,1225300
2011-02-23,108.6500015258789,108.75,108.25,108.30000305175781,61.870819091796875,1293600
2011-02-24,108.58999633789062,108.75,108.36000061035156,108.41999816894531,61.93940353393555,718900
2011-02-25,108.70999908447266,108.95999908447266,108.54000091552734,108.93000030517578,62.230709075927734,722900
2011-02-28,108.94000244140625,109.22000122070312,108.94000244140625,109.22000122070312,62.39637756347656,718600
2011-03-01,108.43000030517578,108.80000305175781,108.37999725341797,108.79000091552734,62.39752960205078,1332300
2011-03-02,108.68000030517578,108.81999969482422,108.20999908447266,108.20999908447266,62.06483840942383,837100
2011-03-03,108.08000183105469,108.1500015258789,107.69000244140625,107.75,61.801029205322266,1024200
2011-03-04,107.8499984741211,108.2699966430664,107.81999969482422,108.16000366210938,62.036231994628906,1385200
2011-03-07,107.73999786376953,108.27999877929688,107.73999786376953,107.88999938964844,61.88129425048828,451800
2011-03-08,107.91999816894531,108.01000213623047,107.66000366210938,107.75,61.801029205322266,745900
2011-03-09,107.9000015258789,108.38999938964844,107.80000305175781,108.30999755859375,62.1222038269043,1745300
2011-03-10,108.5,108.83999633789062,108.12999725341797,108.75,62.374603271484375,965400
2011-03-11,108.70999908447266,109.0,108.52999877929688,108.6500015258789,62.31721496582031,1541500
2011-03-14,108.94000244140625,109.0999984741211,108.69999694824219,108.7699966430664,62.38604736328125,1095700
2011-03-15,109.02999877929688,109.06999969482422,108.62000274658203,108.76000213623047,62.380287170410156,1659400
2011-03-16,109.26000213623047,109.98999786376953,109.05999755859375,109.41000366210938,62.75315856933594,2000100
2011-03-17,109.06999969482422,109.45999908447266,108.97000122070312,109.33999633789062,62.71295166015625,1117800
2011-03-18,108.94000244140625,109.48999786376953,108.93000030517578,109.41000366210938,62.75315856933594,693500
2011-03-21,109.0999984741211,109.36000061035156,108.94000244140625,109.05999755859375,62.552364349365234,870400
2011-03-22,108.83000183105469,109.29000091552734,108.83000183105469,109.26000213623047,62.66712951660156,463300
2011-03-23,109.4000015258789,109.4800033569336,109.0,109.19000244140625,62.62697219848633,537800
2011-03-24,109.08999633789062,109.13999938964844,108.77999877929688,108.83000183105469,62.42047882080078,516800
2011-03-25,108.87000274658203,109.08000183105469,108.55000305175781,108.66999816894531,62.32869338989258,420200
2011-03-28,108.5,108.86000061035156,108.36000061035156,108.70999908447266,62.35161209106445,573000
2011-03-29,108.4000015258789,108.73999786376953,108.12000274658203,108.18000030517578,62.04764938354492,625000
2011-03-30,108.19999694824219,108.55000305175781,108.19000244140625,108.55000305175781,62.25988006591797,754700
2011-03-31,108.61000061035156,108.61000061035156,108.11000061035156,108.19999694824219,62.059139251708984,832900
2011-04-01,107.76000213623047,108.38999938964844,107.5199966430664,108.27999877929688,62.352237701416016,2873600
2011-04-04,108.30000305175781,108.63999938964844,108.30000305175781,108.52999877929688,62.49616622924805,767300
2011-04-05,108.61000061035156,108.61000061035156,108.25,108.58999633789062,62.53071975708008,1901800
2011-04-06,108.55999755859375,108.56999969482422,108.18000030517578,108.23999786376953,62.32920455932617,1253300
2011-04-07,108.30000305175781,108.33999633789062,108.0,108.08000183105469,62.237060546875,641400
2011-04-08,108.0,108.2300033569336,107.9000015258789,108.0199966430664,62.20249938964844,572200
2011-04-11,107.9000015258789,108.18000030517578,107.9000015258789,108.02999877929688,62.2082405090332,667500
2011-04-12,108.43000030517578,108.58000183105469,108.25,108.41000366210938,62.427085876464844,625100
2011-04-13,108.23999786376953,108.66999816894531,108.23999786376953,108.5999984741211,62.536468505859375,673700
2011-04-14,108.76000213623047,108.76000213623047,108.26000213623047,108.33000183105469,62.38102340698242,1076400
2011-04-15,108.7300033569336,109.0,108.7300033569336,108.9000015258789,62.70928955078125,662600
2011-04-18,108.80999755859375,109.16000366210938,108.55999755859375,109.05000305175781,62.795631408691406,822800
2011-04-19,109.19000244140625,109.44000244140625,109.08000183105469,109.27999877929688,62.92805862426758,467300
2011-04-20,109.41000366210938,109.43000030517578,109.20999908447266,109.33000183105469,62.956886291503906,515400
2011-04-21,109.37999725341797,109.69999694824219,109.26000213623047,109.43000030517578,63.014434814453125,624800
2011-04-25,109.41000366210938,109.61000061035156,109.33999633789062,109.54000091552734,63.077823638916016,687000
2011-04-26,109.62000274658203,110.08000183105469,109.61000061035156,110.05000305175781,63.371498107910156,953600
2011-04-27,109.8499984741211,110.0,109.68000030517578,109.91000366210938,63.290863037109375,716100
2011-04-28,109.94999694824219,110.29000091552734,109.8499984741211,110.26000213623047,63.492366790771484,508700
2011-04-29,110.19000244140625,110.4800033569336,110.16000366210938,110.47000122070312,63.613311767578125,756000
2011-05-02,110.05000305175781,110.43000030517578,109.95999908447266,110.30000305175781,63.76186752319336,1771000
2011-05-03,110.33000183105469,110.4000015258789,110.08999633789062,110.25,63.73300552368164,661300
2011-05-04,110.45999908447266,110.58999633789062,110.30999755859375,110.41000366210938,63.825504302978516,720600
2011-05-05,110.51000213623047,110.87999725341797,110.51000213623047,110.79000091552734,64.04511260986328,771600
2011-05-06,110.55999755859375,111.02999877929688,110.41999816894531,110.79000091552734,64.04511260986328,857100
2011-05-09,110.80999755859375,111.0,110.7300033569336,110.9000015258789,64.1087417602539,485200
2011-05-10,110.80000305175781,110.83000183105469,110.4000015258789,110.44999694824219,63.84858703613281,974700
2011-05-11,110.44999694824219,110.7699966430664,110.30999755859375,110.62999725341797,63.95265197753906,538900
2011-05-12,110.56999969482422,110.69999694824219,110.18000030517578,110.37000274658203,63.802337646484375,595000
2011-05-13,110.63999938964844,110.93000030517578,110.55000305175781,110.69999694824219,63.99309539794922,1062900
2011-05-16,110.63999938964844,111.08000183105469,110.5999984741211,111.0199966430664,64.17811584472656,614900
2011-05-17,111.05000305175781,111.3499984741211,110.98999786376953,111.16999816894531,64.26480865478516,1227800
2011-05-18,111.23999786376953,111.36000061035156,110.87000274658203,110.88999938964844,64.10298156738281,477800
2011-05-19,110.58999633789062,111.0999984741211,110.5,111.08000183105469,64.2127685546875,430800
2011-05-20,110.95999908447266,111.08999633789062,110.80000305175781,111.0,64.1665267944336,585600
2011-05-23,111.29000091552734,111.3499984741211,110.9000015258789,110.93000030517578,64.1260757446289,1200000
2011-05-24,110.86000061035156,111.19000244140625,110.80999755859375,111.06999969482422,64.20703887939453,590500
2011-05-25,111.22000122070312,111.22000122070312,110.77999877929688,110.8499984741211,64.0798110961914,675300
2011-05-26,111.0999984741211,111.33999633789062,110.9800033569336,111.33000183105469,64.35726165771484,1042600
2011-05-27,111.12000274658203,111.44999694824219,111.11000061035156,111.44999694824219,64.42671203613281,510300
2011-05-31,111.43000030517578,111.58000183105469,111.30000305175781,111.44000244140625,64.42091369628906,1022400
2011-06-01,111.37999725341797,111.9000015258789,111.30999755859375,111.56999969482422,64.74299621582031,1467600
2011-06-02,111.25,111.25,110.54000091552734,110.55999755859375,64.15686798095703,1448900
2011-06-03,111.02999877929688,111.23999786376953,110.52999877929688,110.80000305175781,64.29618072509766,684700
2011-06-06,110.52999877929688,110.77999877929688,110.44999694824219,110.61000061035156,64.18590545654297,445500
2011-06-07,110.52999877929688,111.02999877929688,110.47000122070312,110.98999786376953,64.4063720703125,405200
2011-06-08,111.02999877929688,111.23999786376953,110.91000366210938,111.05999755859375,64.44699096679688,450600
2011-06-09,111.1500015258789,111.25,110.55999755859375,110.76000213623047,64.27290344238281,1355700
2011-06-10,110.81999969482422,110.98999786376953,110.52999877929688,110.62999725341797,64.19747924804688,1379300
2011-06-13,110.58999633789062,110.87000274658203,110.4800033569336,110.75,64.26717376708984,908900
2011-06-14,110.41999816894531,110.55000305175781,110.30999755859375,110.41999816894531,64.07562255859375,690200
2011-06-15,110.3499984741211,111.05000305175781,110.30000305175781,111.02999877929688,64.42957305908203,1024100
2011-06-16,111.0,111.08999633789062,110.7300033569336,110.81999969482422,64.30772399902344,1002000
2011-06-17,110.77999877929688,111.05000305175781,110.76000213623047,110.86000061035156,64.3309097290039,556100
2011-06-20,110.98999786376953,111.0,110.62000274658203,110.87999725341797,64.3425521850586,619400
2011-06-21,110.8499984741211,111.05999755859375,110.6500015258789,110.8499984741211,64.32514953613281,692800
2011-06-22,111.08999633789062,111.0999984741211,110.69999694824219,111.0,64.41220092773438,703200
2011-06-23,111.05999755859375,111.43000030517578,111.0,111.29000091552734,64.58048248291016,796100
2011-06-24,111.30999755859375,111.55999755859375,111.19000244140625,111.3499984741211,64.61531829833984,716900
2011-06-27,111.38999938964844,111.41999816894531,110.91000366210938,110.98999786376953,64.4063720703125,995100
2011-06-28,110.73999786376953,110.81999969482422,110.12999725341797,110.22000122070312,63.95957565307617,863400
2011-06-29,110.19000244140625,110.33999633789062,109.80000305175781,109.97000122070312,63.814537048339844,1041200
2011-06-30,110.16999816894531,110.20999908447266,109.56999969482422,110.12999725341797,63.9073371887207,1004100
2011-07-01,109.95999908447266,109.95999908447266,109.38999938964844,109.70999908447266,63.91078186035156,1495800
2011-07-05,109.72000122070312,110.37999725341797,109.72000122070312,110.0999984741211,64.13802337646484,1116100
2011-07-06,110.18000030517578,110.33999633789062,110.01000213623047,110.33000183105469,64.27200317382812,1343800
2011-07-07,110.06999969482422,110.43000030517578,110.0,110.36000061035156,64.28948211669922,1463800
2011-07-08,110.80000305175781,111.1500015258789,110.51000213623047,111.06999969482422,64.70309448242188,1044300
2011-07-11,111.36000061035156,111.5,111.0,111.44000244140625,64.91866302490234,1397100
2011-07-12,111.75,111.75,111.33999633789062,111.52999877929688,64.97108459472656,694400
2011-07-13,111.66000366210938,111.8499984741211,111.41000366210938,111.80999755859375,65.13414001464844,1014400
2011-07-14,111.5999984741211,111.6500015258789,111.06999969482422,111.12000274658203,64.73223876953125,761200
2011-07-15,111.06999969482422,111.37999725341797,110.97000122070312,111.37000274658203,64.87784576416016,531400
2011-07-18,111.30999755859375,111.33999633789062,110.81999969482422,110.94000244140625,64.62738037109375,1163600
2011-07-19,110.9800033569336,111.56999969482422,110.93000030517578,111.4800033569336,64.94193267822266,1230200
2011-07-20,111.41999816894531,111.58999633789062,111.12000274658203,111.22000122070312,64.79045104980469,1019800
2011-07-21,111.05000305175781,111.26000213623047,110.8499984741211,111.05000305175781,64.69143676757812,931400
2011-07-22,111.33000183105469,111.52999877929688,111.18000030517578,111.5,64.95359802246094,1121000
2011-07-25,111.0199966430664,111.44000244140625,110.81999969482422,110.97000122070312,64.64481353759766,1166900
2011-07-26,111.08999633789062,111.68000030517578,111.08999633789062,111.45999908447266,64.93025970458984,900200
2011-07-27,111.31999969482422,111.43000030517578,110.98999786376953,111.12999725341797,64.73804473876953,762400
2011-07-28,111.45999908447266,111.52999877929688,111.29000091552734,111.37000274658203,64.87784576416016,890200
2011-07-29,111.69999694824219,112.44000244140625,111.54000091552734,112.37000274658203,65.46035766601562,1680200
2011-08-01,112.23999786376953,112.83000183105469,112.12999725341797,112.27999877929688,65.65392303466797,2151200
2011-08-02,112.58999633789062,113.23999786376953,112.3499984741211,113.22000122070312,66.20360565185547,1427300
2011-08-03,113.37000274658203,113.70999908447266,113.1500015258789,113.18000030517578,66.1801986694336,2093400
2011-08-04,113.41000366210938,114.16999816894531,113.29000091552734,114.0,66.65968322753906,2160900
2011-08-05,113.86000061035156,113.91999816894531,112.37999725341797,112.58999633789062,65.83522033691406,2470900
2011-08-08,112.47000122070312,112.47000122070312,111.51000213623047,111.5199966430664,65.20953369140625,2548400
2011-08-09,111.68000030517578,113.63999938964844,111.55000305175781,112.5199966430664,65.79427337646484,2109000
2011-08-10,113.18000030517578,113.73999786376953,112.79000091552734,113.52999877929688,66.38485717773438,1264900
2011-08-11,112.19999694824219,113.30000305175781,110.80999755859375,111.19999694824219,65.02242279052734,1858300
2011-08-12,111.7699966430664,112.62999725341797,111.5199966430664,112.47000122070312,65.76507568359375,1962400
2011-08-15,112.52999877929688,112.80999755859375,112.30000305175781,112.68000030517578,65.8878402709961,1884300
2011-08-16,112.5199966430664,113.30999755859375,112.41000366210938,113.08999633789062,66.12760925292969,1692300
2011-08-17,113.37999725341797,113.7300033569336,112.9800033569336,113.4000015258789,66.308837890625,1050200
2011-08-18,113.93000030517578,114.0,113.20999908447266,113.55000305175781,66.39659881591797,1358100
2011-08-19,113.44999694824219,113.61000061035156,113.18000030517578,113.41000366210938,66.31464385986328,1749300
2011-08-22,113.55000305175781,113.6500015258789,112.91000366210938,112.98999786376953,66.06913757324219,1464200
2011-08-23,112.45999908447266,112.5,111.44999694824219,111.69999694824219,65.31482696533203,2340100
2011-08-24,111.4800033569336,111.62000274658203,110.19999694824219,110.37999725341797,64.54295349121094,1513600
2011-08-25,110.91000366210938,111.18000030517578,110.66999816894531,110.98999786376953,64.8996810913086,1480200
2011-08-26,111.13999938964844,111.62000274658203,110.88999938964844,111.04000091552734,64.92888641357422,1134400
2011-08-29,110.94999694824219,111.47000122070312,110.8499984741211,111.4000015258789,65.13939666748047,1186200
2011-08-30,111.7699966430664,112.16000366210938,111.66000366210938,111.98999786376953,65.48434448242188,1420000
2011-08-31,112.44999694824219,112.73999786376953,112.19999694824219,112.33000183105469,65.68315887451172,1332700
2011-09-01,112.37999725341797,112.55999755859375,111.52999877929688,112.0,65.73194122314453,2821200
2011-09-02,112.80000305175781,113.0,112.25,112.69000244140625,66.1368637084961,1386300
2011-09-06,112.83999633789062,113.95999908447266,112.51000213623047,113.3499984741211,66.52420043945312,4665100
2011-09-07,113.56999969482422,113.81999969482422,113.26000213623047,113.56999969482422,66.65330505371094,826700
2011-09-08,113.73999786376953,113.73999786376953,113.1500015258789,113.47000122070312,66.5946044921875,1397100
2011-09-09,113.4000015258789,113.9000015258789,113.08000183105469,113.58999633789062,66.66503143310547,1029500
2011-09-12,113.05000305175781,113.5199966430664,112.81999969482422,112.9000015258789,66.2601089477539,1749500
2011-09-13,112.69000244140625,112.9800033569336,112.5,112.87999725341797,66.24839782714844,1536800
2011-09-14,112.68000030517578,113.11000061035156,112.68000030517578,112.83000183105469,66.218994140625,954900
2011-09-15,112.41999816894531,112.62999725341797,112.25,112.44000244140625,65.9901351928711,1326900
2011-09-16,112.30000305175781,112.81999969482422,112.30000305175781,112.44000244140625,65.9901351928711,1528700
2011-09-19,113.0,113.19999694824219,112.91999816894531,113.05999755859375,66.35401153564453,903300
2011-09-20,113.0999984741211,113.31999969482422,113.0,113.11000061035156,66.38334655761719,889200
2011-09-21,113.11000061035156,113.55000305175781,112.75,113.37000274658203,66.53592681884766,1006500
2011-09-22,113.68000030517578,113.80999755859375,112.9000015258789,113.58999633789062,66.66503143310547,1304000
2011-09-23,113.44999694824219,113.5199966430664,112.88999938964844,112.88999938964844,66.25421905517578,686500
2011-09-26,112.69999694824219,113.0199966430664,112.44999694824219,112.68000030517578,66.1309814453125,811500
2011-09-27,112.1500015258789,112.55000305175781,112.04000091552734,112.31999969482422,65.91973114013672,1298700
2011-09-28,112.18000030517578,112.18000030517578,111.66000366210938,111.87000274658203,65.65559387207031,1238500
2011-09-29,112.0999984741211,112.2699966430664,111.75,111.75,65.58519744873047,864500
2011-09-30,112.33000183105469,112.43000030517578,111.9000015258789,112.30999755859375,65.9137954711914,1483800
2011-10-03,112.0199966430664,112.19000244140625,111.69000244140625,112.0999984741211,66.036376953125,3575400
2011-10-04,112.13999938964844,112.1500015258789,110.75,111.12000274658203,65.45907592773438,1753300
2011-10-05,111.26000213623047,111.5999984741211,110.69000244140625,111.58000183105469,65.73004150390625,4530500
2011-10-06,111.63999938964844,111.81999969482422,111.08000183105469,111.12999725341797,65.46495056152344,1410900
2011-10-07,111.1500015258789,111.48999786376953,110.94999694824219,111.02999877929688,65.40604400634766,2117800
2011-10-10,111.02999877929688,111.36000061035156,110.6500015258789,111.23999786376953,65.52973175048828,953700
2011-10-11,111.54000091552734,111.75,111.13999938964844,111.54000091552734,65.70647430419922,2097300
2011-10-12,111.54000091552734,111.87999725341797,111.20999908447266,111.70999908447266,65.80660247802734,1613100
2011-10-13,111.9800033569336,112.01000213623047,111.66000366210938,111.80999755859375,65.86553955078125,1494400
2011-10-14,111.13999938964844,111.91999816894531,111.08000183105469,111.73999786376953,65.82427978515625,1051900
2011-10-17,111.94999694824219,111.94999694824219,111.62999725341797,111.66000366210938,65.77714538574219,979000
2011-10-18,111.8499984741211,112.27999877929688,111.80000305175781,112.05000305175781,66.00692749023438,835100
2011-10-19,112.27999877929688,112.5,112.0,112.33999633789062,66.1777114868164,1839700
2011-10-20,112.30000305175781,112.6500015258789,112.06999969482422,112.58999633789062,66.32503509521484,937600
2011-10-21,112.6500015258789,113.0199966430664,112.63999938964844,112.95999908447266,66.54299926757812,850600
2011-10-24,113.22000122070312,113.54000091552734,113.19999694824219,113.54000091552734,66.88467407226562,1341200
2011-10-25,113.4800033569336,114.19999694824219,113.43000030517578,114.0999984741211,67.21453094482422,1546300
2011-10-26,114.22000122070312,114.30999755859375,113.7699966430664,114.0199966430664,67.16742706298828,1035800
2011-10-27,113.97000122070312,114.63999938964844,113.9000015258789,114.0,67.15560150146484,2364200
2011-10-28,114.25,114.72000122070312,114.04000091552734,114.44000244140625,67.41480255126953,2102500
2011-10-31,114.63999938964844,114.94999694824219,114.3499984741211,114.69999694824219,67.56795501708984,1548300
2011-11-01,114.69999694824219,114.98999786376953,114.36000061035156,114.87000274658203,67.90616607666016,1530900
2011-11-02,114.73999786376953,115.31999969482422,114.5999984741211,115.29000091552734,68.15442657470703,1871200
2011-11-03,115.16999816894531,115.52999877929688,114.86000061035156,115.3499984741211,68.18987274169922,1868200
2011-11-04,115.30000305175781,115.68000030517578,115.0199966430664,115.58000183105469,68.3258285522461,1489300
2011-11-07,115.4000015258789,115.68000030517578,115.06999969482422,115.12000274658203,68.05391693115234,757000
2011-11-08,115.11000061035156,115.23999786376953,114.37000274658203,114.41000366210938,67.63421630859375,4358700
2011-11-09,114.62000274658203,114.87999725341797,114.05999755859375,114.11000061035156,67.45683288574219,1252300
2011-11-10,113.77999877929688,113.87000274658203,113.05999755859375,113.54000091552734,67.11988067626953,1487800
2011-11-11,113.56999969482422,113.58000183105469,112.9800033569336,113.33999633789062,67.00164794921875,1114200
2011-11-14,113.41000366210938,113.61000061035156,113.19999694824219,113.33000183105469,66.99571228027344,821400
2011-11-15,113.26000213623047,113.55000305175781,113.01000213623047,113.22000122070312,66.93070983886719,1425200
2011-11-16,113.37000274658203,113.37000274658203,112.75,112.86000061035156,66.71784973144531,2641800
2011-11-17,112.7300033569336,112.93000030517578,111.9000015258789,111.97000122070312,66.19176483154297,4230700
2011-11-18,111.97000122070312,112.19999694824219,111.77999877929688,112.1500015258789,66.29814147949219,1280400
2011-11-21,112.12000274658203,112.12000274658203,111.58000183105469,111.69000244140625,66.02627563476562,1355300
2011-11-22,111.51000213623047,111.72000122070312,111.4000015258789,111.4000015258789,65.85485076904297,1391700
2011-11-23,111.19999694824219,111.19999694824219,110.6500015258789,110.83000183105469,65.51785278320312,1796600
2011-11-25,110.61000061035156,110.83000183105469,110.33000183105469,110.38999938964844,65.25778198242188,660100
2011-11-28,110.12999725341797,110.80999755859375,109.80999755859375,110.44000244140625,65.28730010986328,2416000
2011-11-29,110.38999938964844,110.43000030517578,109.93000030517578,110.19000244140625,65.13951873779297,1460500
2011-11-30,110.80000305175781,110.9000015258789,110.44000244140625,110.69000244140625,65.43511962890625,1759300
2011-12-01,110.30000305175781,110.63999938964844,110.11000061035156,110.55999755859375,65.58695220947266,1661300
2011-12-02,110.8499984741211,111.55000305175781,110.56999969482422,111.5,66.1445541381836,1882200
2011-12-05,111.5,112.33000183105469,111.44999694824219,112.33000183105469,66.63691711425781,1826300
2011-12-06,112.05999755859375,112.37000274658203,111.66999816894531,111.7300033569336,66.28105163574219,1166900
2011-12-07,112.16000366210938,112.47000122070312,111.98999786376953,112.43000030517578,66.69629669189453,1560000
2011-12-08,112.30000305175781,112.33999633789062,111.95999908447266,112.05000305175781,66.47086334228516,1110300
2011-12-09,112.37999725341797,112.44000244140625,111.5,111.62000274658203,66.21578979492188,1018000
2011-12-12,111.91000366210938,111.95999908447266,111.47000122070312,111.62999725341797,66.2217025756836,574500
2011-12-13,111.68000030517578,112.29000091552734,111.6500015258789,112.01000213623047,66.44715881347656,1206100
2011-12-14,112.1500015258789,112.29000091552734,111.9000015258789,112.19999694824219,66.55982208251953,1085400
2011-12-15,112.19999694824219,112.5,112.19000244140625,112.37999725341797,66.66661834716797,912600
2011-12-16,112.5,113.05000305175781,112.44999694824219,113.01000213623047,67.04035949707031,1464900
2011-12-19,113.12999725341797,113.48999786376953,112.87000274658203,113.41000366210938,67.27763366699219,1061800
2011-12-20,113.31999969482422,113.58000183105469,113.19999694824219,113.33000183105469,67.23019409179688,1127900
2011-12-21,113.37999725341797,113.44000244140625,112.8499984741211,112.8499984741211,66.94544982910156,1159500
2011-12-22,113.19000244140625,113.5,113.11000061035156,113.44000244140625,67.29544067382812,1762800
2011-12-23,113.3499984741211,113.3499984741211,112.94999694824219,113.08999633789062,67.08783721923828,830600
2011-12-27,112.81999969482422,113.13999938964844,112.43000030517578,113.12999725341797,67.34259033203125,872900
2011-12-28,113.27999877929688,113.5,113.05000305175781,113.33999633789062,67.46756744384766,501500
2011-12-29,113.48999786376953,113.5,113.0199966430664,113.27999877929688,67.4319076538086,971600
2011-12-30,113.44999694824219,113.8499984741211,113.33000183105469,113.76000213623047,67.7176284790039,807100
2012-01-03,113.80000305175781,114.0,113.5,113.66999816894531,67.66400146484375,2509400
2012-01-04,113.75,113.94999694824219,113.44000244140625,113.76000213623047,67.7176284790039,1641400
2012-01-05,113.69999694824219,113.76000213623047,113.19999694824219,113.2699966430664,67.42594146728516,1454800
2012-01-06,113.48999786376953,113.81999969482422,113.38999938964844,113.70999908447266,67.68787384033203,781000
2012-01-09,113.83000183105469,113.93000030517578,113.54000091552734,113.54000091552734,67.58663940429688,1184400
2012-01-10,113.69999694824219,113.91999816894531,113.61000061035156,113.86000061035156,67.77710723876953,1946400
2012-01-11,113.88999938964844,114.05000305175781,113.80999755859375,113.83999633789062,67.7652359008789,2382700
2012-01-12,114.18000030517578,114.37999725341797,114.01000213623047,114.0999984741211,67.92003631591797,1820800
2012-01-13,114.44000244140625,114.81999969482422,114.3499984741211,114.51000213623047,68.16407012939453,3220100
2012-01-17,114.77999877929688,114.88999938964844,114.61000061035156,114.86000061035156,68.37237548828125,1689000
2012-01-18,115.0,115.04000091552734,114.58999633789062,114.62999725341797,68.23548889160156,1643200
2012-01-19,114.7699966430664,114.93000030517578,114.41999816894531,114.5999984741211,68.21763610839844,1268300
2012-01-20,114.52999877929688,114.61000061035156,114.20999908447266,114.30999755859375,68.04502868652344,1140300
2012-01-23,114.23999786376953,114.4000015258789,114.13999938964844,114.13999938964844,67.94380187988281,1129000
2012-01-24,114.23999786376953,114.56999969482422,114.16000366210938,114.55000305175781,68.18785858154297,1321300
2012-01-25,114.61000061035156,115.52999877929688,114.38999938964844,114.94000244140625,68.42002868652344,1697600
2012-01-26,115.62999725341797,115.87000274658203,115.51000213623047,115.83999633789062,68.95576477050781,1342800
2012-01-27,115.91000366210938,116.20999908447266,115.75,116.01000213623047,69.05691528320312,1148400
2012-01-30,116.4000015258789,116.41000366210938,115.83999633789062,115.86000061035156,68.96770477294922,1325500
2012-01-31,116.13999938964844,116.37999725341797,115.94999694824219,116.19999694824219,69.17005920410156,1504000
2012-02-01,116.08000183105469,116.31999969482422,115.73999786376953,116.2699966430664,69.44539642333984,3195600
2012-02-02,116.27999877929688,116.56999969482422,116.19999694824219,116.51000213623047,69.58875274658203,2860600
2012-02-03,116.0999984741211,116.38999938964844,115.9000015258789,116.33999633789062,69.48719787597656,2148400
2012-02-06,116.23999786376953,116.83999633789062,116.23999786376953,116.63999938964844,69.66638946533203,1141700
2012-02-07,116.44000244140625,116.55999755859375,116.19999694824219,116.41999816894531,69.53501892089844,1061100
2012-02-08,116.47000122070312,116.6500015258789,116.31999969482422,116.54000091552734,69.6066665649414,1651200
2012-02-09,116.5,116.51000213623047,115.9800033569336,116.16999816894531,69.38565063476562,2439000
2012-02-10,116.18000030517578,116.25,115.83000183105469,116.05999755859375,69.31995391845703,1776500
2012-02-13,116.5,116.52999877929688,116.29000091552734,116.45999908447266,69.55890655517578,1061300
2012-02-14,116.5199966430664,116.73999786376953,116.4000015258789,116.55000305175781,69.61264038085938,1972900
2012-02-15,116.6500015258789,116.86000061035156,116.3499984741211,116.38999938964844,69.51710510253906,1025100
2012-02-16,116.43000030517578,116.43000030517578,116.0199966430664,116.19000244140625,69.39761352539062,1821400
2012-02-17,115.95999908447266,116.13999938964844,115.83000183105469,116.01000213623047,69.29008483886719,1858600
2012-02-21,116.16999816894531,116.30000305175781,115.81999969482422,115.81999969482422,69.17668151855469,1887500
2012-02-22,116.16999816894531,116.58000183105469,115.94000244140625,116.54000091552734,69.6066665649414,2834500
2012-02-23,116.44999694824219,116.72000122070312,116.22000122070312,116.69999694824219,69.7022476196289,1590800
2012-02-24,116.83000183105469,116.98999786376953,116.52999877929688,116.79000091552734,69.75597381591797,2175100
2012-02-27,117.18000030517578,117.30000305175781,116.97000122070312,117.22000122070312,70.0127944946289,1160200
2012-02-28,117.5,117.80000305175781,117.41000366210938,117.58999633789062,70.23381805419922,2136700
2012-02-29,117.5999984741211,117.87000274658203,117.4000015258789,117.69999694824219,70.29949188232422,1769800
2012-03-01,116.94000244140625,117.19000244140625,116.79000091552734,117.0199966430664,70.13348388671875,2300600
2012-03-02,117.02999877929688,117.37000274658203,117.01000213623047,117.05999755859375,70.1574935913086,1880600
2012-03-05,117.18000030517578,117.30999755859375,116.69000244140625,116.8499984741211,70.0316162109375,1646400
2012-03-06,116.81999969482422,116.91000366210938,116.5,116.66999816894531,69.92376708984375,1682900
2012-03-07,116.68000030517578,116.8499984741211,116.5199966430664,116.62000274658203,69.89373779296875,1410400
2012-03-08,116.72000122070312,116.83000183105469,116.52999877929688,116.63999938964844,69.90572357177734,1202400
2012-03-09,116.52999877929688,116.5999984741211,116.2699966430664,116.58000183105469,69.86978149414062,1659400
2012-03-12,116.75,116.77999877929688,116.33999633789062,116.3499984741211,69.73193359375,2027900
2012-03-13,116.2699966430664,116.4000015258789,115.91999816894531,116.02999877929688,69.54015350341797,2230100
2012-03-14,115.73999786376953,115.73999786376953,114.5999984741211,114.6500015258789,68.7131118774414,3067800
2012-03-15,114.72000122070312,115.12000274658203,114.29000091552734,114.4000015258789,68.5632553100586,2035800
2012-03-16,114.19999694824219,114.58999633789062,114.0,114.56999969482422,68.66513061523438,3390500
2012-03-19,114.54000091552734,114.62999725341797,114.16000366210938,114.41000366210938,68.56926727294922,1961200
2012-03-20,114.18000030517578,114.5,114.05000305175781,114.33999633789062,68.52730560302734,1825900
2012-03-21,114.58000183105469,114.9000015258789,114.45999908447266,114.86000061035156,68.83894348144531,2112500
2012-03-22,114.81999969482422,114.83999633789062,114.5999984741211,114.66999816894531,68.72508239746094,3073000
2012-03-23,114.91999816894531,115.0999984741211,114.76000213623047,114.76000213623047,68.77899932861328,2235200
2012-03-26,115.0199966430664,115.27999877929688,114.81999969482422,115.01000213623047,68.92881774902344,1600200
2012-03-27,115.0199966430664,115.94999694824219,115.0199966430664,115.9000015258789,69.46226501464844,2904800
2012-03-28,115.7300033569336,116.0,115.5199966430664,115.68000030517578,69.33040618896484,1666400
2012-03-29,115.87000274658203,116.04000091552734,115.62000274658203,115.91000366210938,69.46821594238281,1632100
2012-03-30,116.0999984741211,116.18000030517578,115.4800033569336,115.62999725341797,69.30038452148438,4285000
2012-04-02,115.43000030517578,115.5999984741211,115.16000366210938,115.52999877929688,69.47903442382812,6107600
2012-04-03,115.5,115.80000305175781,114.38999938964844,114.43000030517578,68.81749725341797,2724100
2012-04-04,114.80999755859375,114.98999786376953,114.63999938964844,114.6500015258789,68.9498291015625,1620100
2012-04-05,114.87999725341797,115.12999725341797,114.5999984741211,114.83999633789062,69.06404113769531,1646300
2012-04-09,115.6500015258789,115.73999786376953,115.38999938964844,115.58999633789062,69.5151138305664,1026600
2012-04-10,115.80999755859375,115.80999755859375,115.47000122070312,115.5199966430664,69.4729995727539,2263600
2012-04-11,115.5199966430664,115.58000183105469,114.98999786376953,115.4000015258789,69.40087890625,1311400
2012-04-12,115.5999984741211,115.69999694824219,115.38999938964844,115.44999694824219,69.43090057373047,1400700
2012-04-13,115.69999694824219,116.04000091552734,115.69999694824219,116.0,69.76171112060547,1012800
2012-04-16,115.97000122070312,116.29000091552734,115.9000015258789,116.0,69.76171112060547,2396800
2012-04-17,115.97000122070312,116.16999816894531,115.80999755859375,116.1500015258789,69.85192108154297,2229300
2012-04-18,116.2300033569336,116.27999877929688,116.05000305175781,116.12999725341797,69.83985137939453,2663500
2012-04-19,116.38999938964844,116.4000015258789,116.12999725341797,116.20999908447266,69.88799285888672,1141800
2012-04-20,116.08000183105469,116.2699966430664,115.93000030517578,116.18000030517578,69.86991882324219,663400
2012-04-23,116.4000015258789,116.41000366210938,116.1500015258789,116.19999694824219,69.88197326660156,976400
2012-04-24,116.16000366210938,116.20999908447266,115.94000244140625,115.98999786376953,69.75569152832031,1988800
2012-04-25,115.8499984741211,116.2300033569336,115.75,116.19000244140625,69.87596130371094,1709800
2012-04-26,116.25,116.54000091552734,116.23999786376953,116.37999725341797,69.9902114868164,1116300
2012-04-27,116.47000122070312,116.5999984741211,116.2699966430664,116.55000305175781,70.0925064086914,1601000
2012-04-30,116.68000030517578,116.76000213623047,116.41999816894531,116.4800033569336,70.05036163330078,1733000
2012-05-01,116.38999938964844,116.51000213623047,115.83000183105469,115.87000274658203,69.91699981689453,2430700
2012-05-02,116.12999725341797,116.29000091552734,116.05999755859375,116.25,70.14630889892578,2046500
2012-05-03,116.25,116.44999694824219,116.11000061035156,116.31999969482422,70.18852233886719,1356300
2012-05-04,116.4800033569336,116.58000183105469,116.44000244140625,116.44999694824219,70.26700592041016,686400
2012-05-07,116.5,116.69999694824219,116.4000015258789,116.6500015258789,70.38768768310547,787200
2012-05-08,116.75,117.0,116.62000274658203,116.94000244140625,70.56260681152344,1570700
2012-05-09,116.6500015258789,116.98999786376953,116.56999969482422,116.73999786376953,70.44197845458984,2175700
2012-05-10,116.62000274658203,116.68000030517578,116.30000305175781,116.5,70.2971420288086,1600000
2012-05-11,116.77999877929688,117.0,116.75,116.8499984741211,70.50834655761719,2977200
2012-05-14,117.05999755859375,117.18000030517578,116.76000213623047,116.87999725341797,70.5264663696289,1925800
2012-05-15,117.05999755859375,117.05999755859375,116.62000274658203,116.7300033569336,70.43595123291016,2455300
2012-05-16,116.30999755859375,116.91000366210938,116.22000122070312,116.79000091552734,70.47212219238281,2700500
2012-05-17,116.38999938964844,116.44999694824219,115.9000015258789,115.91999816894531,69.94719696044922,2367900
2012-05-18,115.75,115.7699966430664,115.38999938964844,115.47000122070312,69.67566680908203,1969000
2012-05-21,115.47000122070312,115.66000366210938,115.25,115.5999984741211,69.75408172607422,1387000
2012-05-22,115.37999725341797,115.5999984741211,115.22000122070312,115.29000091552734,69.56697845458984,1728300
2012-05-23,115.38999938964844,115.80000305175781,115.37000274658203,115.56999969482422,69.73601531982422,1870700
2012-05-24,115.58999633789062,115.63999938964844,115.43000030517578,115.58999633789062,69.74806213378906,1212900
2012-05-25,115.68000030517578,115.91000366210938,115.5999984741211,115.87999725341797,69.92304229736328,594000
2012-05-29,115.9800033569336,116.29000091552734,115.94999694824219,116.05000305175781,70.0256576538086,2514200
2012-05-30,116.4800033569336,116.56999969482422,116.12999725341797,116.1500015258789,70.08598327636719,1919500
2012-05-31,116.48999786376953,117.0,116.25,116.97000122070312,70.58075714111328,4629800
2012-06-01,116.58999633789062,117.30000305175781,116.33000183105469,117.29000091552734,71.01426696777344,3800200
2012-06-04,116.75,116.91000366210938,116.36000061035156,116.4000015258789,70.47541809082031,2643900
2012-06-05,116.2699966430664,116.48999786376953,116.06999969482422,116.1500015258789,70.32406616210938,2430900
2012-06-06,116.2699966430664,116.2699966430664,115.56999969482422,115.80999755859375,70.1181640625,2499400
2012-06-07,115.88999938964844,116.0999984741211,115.7300033569336,116.05000305175781,70.2635269165039,2929700
2012-06-08,116.55999755859375,116.66999816894531,116.19999694824219,116.4800033569336,70.52386474609375,1713000
2012-06-11,116.45999908447266,116.7300033569336,116.27999877929688,116.45999908447266,70.5117416381836,1354200
2012-06-12,116.3499984741211,116.43000030517578,115.93000030517578,116.12000274658203,70.30587768554688,926300
2012-06-13,116.19000244140625,116.55000305175781,116.04000091552734,116.54000091552734,70.5601806640625,1333000
2012-06-14,116.4800033569336,116.55999755859375,116.16999816894531,116.4000015258789,70.47541809082031,1574900
2012-06-15,116.75,116.95999908447266,116.62000274658203,116.87999725341797,70.76603698730469,1347100
2012-06-18,116.95999908447266,117.0,116.69999694824219,116.83000183105469,70.73578643798828,996800
2012-06-19,116.97000122070312,117.30999755859375,116.66999816894531,116.72000122070312,70.66919708251953,2159200
2012-06-20,116.66000366210938,116.9800033569336,116.4800033569336,116.7699966430664,70.69944763183594,2579000
2012-06-21,116.9800033569336,117.2699966430664,116.91999816894531,116.94999694824219,70.80841064453125,2229400
2012-06-22,116.94000244140625,117.12000274658203,116.80000305175781,116.86000061035156,70.75394439697266,1245600
2012-06-25,117.12000274658203,117.33999633789062,116.95999908447266,117.16000366210938,70.93553161621094,1702300
2012-06-26,117.08999633789062,117.41999816894531,117.0199966430664,117.27999877929688,71.00821685791016,1642300
2012-06-27,117.48999786376953,117.61000061035156,117.31999969482422,117.44000244140625,71.1051025390625,2352100
2012-06-28,117.68000030517578,117.86000061035156,117.61000061035156,117.62000274658203,71.2140884399414,2286500
2012-06-29,117.5,117.80999755859375,117.4000015258789,117.58999633789062,71.1958999633789,2348600
2012-07-02,117.58000183105469,118.0,117.44999694824219,117.81999969482422,71.57379150390625,2310500
2012-07-03,117.86000061035156,117.98999786376953,117.73999786376953,117.91999816894531,71.63449096679688,808800
2012-07-05,117.9800033569336,118.33999633789062,117.93000030517578,118.22000122070312,71.81675720214844,1982300
2012-07-06,118.38999938964844,118.56999969482422,118.0199966430664,118.5199966430664,71.9990005493164,1533100
2012-07-09,118.41000366210938,118.76000213623047,118.37999725341797,118.5999984741211,72.04765319824219,1119500
2012-07-10,118.7699966430664,118.86000061035156,118.56999969482422,118.56999969482422,72.02935791015625,1385600
2012-07-11,118.80000305175781,119.11000061035156,118.75,118.7699966430664,72.15087127685547,1210000
2012-07-12,118.94999694824219,119.41000366210938,118.81999969482422,119.37000274658203,72.515380859375,1716700
2012-07-13,119.31999969482422,119.5199966430664,119.05000305175781,119.41000366210938,72.53964233398438,1634700
2012-07-16,119.83000183105469,119.86000061035156,119.58999633789062,119.73999786376953,72.74015808105469,750100
2012-07-17,119.7699966430664,119.9000015258789,119.52999877929688,119.73999786376953,72.74015808105469,2479000
2012-07-18,120.12000274658203,120.48999786376953,120.06999969482422,120.4000015258789,73.14108276367188,2351900
2012-07-19,120.41000366210938,120.87000274658203,120.41000366210938,120.61000061035156,73.26862335205078,3499900
2012-07-20,120.80000305175781,120.91999816894531,120.66000366210938,120.69999694824219,73.3233642578125,1144600
2012-07-23,120.72000122070312,120.80000305175781,120.25,120.30999755859375,73.08638000488281,1328000
2012-07-24,120.22000122070312,120.62999725341797,120.16999816894531,120.5,73.20183563232422,1333100
2012-07-25,120.69000244140625,120.86000061035156,120.54000091552734,120.7300033569336,73.341552734375,2551400
2012-07-26,120.7300033569336,120.97000122070312,120.7300033569336,120.91999816894531,73.45696258544922,1094600
2012-07-27,120.55999755859375,120.6500015258789,119.73999786376953,120.3499984741211,73.1106948852539,2952200
2012-07-30,120.22000122070312,120.77999877929688,120.22000122070312,120.66000366210938,73.2990493774414,2581500
2012-07-31,121.05000305175781,121.29000091552734,120.83999633789062,121.27999877929688,73.6756591796875,1563500
2012-08-01,120.66000366210938,120.97000122070312,120.4000015258789,120.76000213623047,73.59339904785156,2583100
2012-08-02,121.0,121.05999755859375,120.19999694824219,120.83999633789062,73.64212036132812,1500000
2012-08-03,120.54000091552734,120.68000030517578,120.19000244140625,120.55000305175781,73.46541595458984,2259800
2012-08-06,120.72000122070312,120.79000091552734,120.5999984741211,120.70999908447266,73.56291961669922,1596300
2012-08-07,120.2300033569336,120.33999633789062,120.0,120.08000183105469,73.17893981933594,4136600
2012-08-08,120.2300033569336,120.2699966430664,119.69999694824219,119.73999786376953,72.97177124023438,2310300
2012-08-09,119.58000183105469,119.7699966430664,119.30000305175781,119.66000366210938,72.92303466796875,2496100
2012-08-10,120.08999633789062,120.0999984741211,119.79000091552734,120.0,73.13026428222656,1482700
2012-08-13,119.95999908447266,120.06999969482422,119.7300033569336,119.75,72.9779052734375,1127000
2012-08-14,119.47000122070312,119.47000122070312,119.18000030517578,119.20999908447266,72.64878845214844,1593600
2012-08-15,119.02999877929688,119.06999969482422,118.6500015258789,118.6500015258789,72.3075180053711,3995300
2012-08-16,118.75,118.9000015258789,118.12999725341797,118.30000305175781,72.09422302246094,1895700
2012-08-17,118.41000366210938,118.79000091552734,118.4000015258789,118.45999908447266,72.19170379638672,1734500
2012-08-20,118.2699966430664,118.81999969482422,118.26000213623047,118.79000091552734,72.392822265625,1813900
2012-08-21,118.76000213623047,118.98999786376953,118.4800033569336,118.98999786376953,72.51471710205078,2010000
2012-08-22,119.44999694824219,119.69999694824219,119.19000244140625,119.66999816894531,72.9291000366211,2281400
2012-08-23,119.83999633789062,119.91000366210938,119.72000122070312,119.76000213623047,72.9840087890625,883300
2012-08-24,119.94999694824219,119.94999694824219,119.7300033569336,119.88999938964844,73.0632095336914,1335300
2012-08-27,120.1500015258789,120.26000213623047,120.0,120.04000091552734,73.15459442138672,1879300
2012-08-28,120.19000244140625,120.27999877929688,120.05999755859375,120.20999908447266,73.25823211669922,908300
2012-08-29,120.19000244140625,120.19000244140625,119.87999725341797,119.95999908447266,73.10586547851562,1777000
2012-08-30,120.05999755859375,120.12999725341797,119.94999694824219,120.0,73.13026428222656,1888000
2012-08-31,120.04000091552734,120.83000183105469,120.04000091552734,120.83000183105469,73.63610076904297,1766500
2012-09-04,120.55999755859375,120.56999969482422,120.05000305175781,120.16000366210938,73.46180725097656,3788800
2012-09-05,120.1500015258789,120.80000305175781,120.05999755859375,120.20999908447266,73.49239349365234,817600
2012-09-06,119.8499984741211,119.91999816894531,119.61000061035156,119.68000030517578,73.16831970214844,2078500
2012-09-07,120.5999984741211,120.62000274658203,119.9000015258789,119.93000030517578,73.32119750976562,2192700
2012-09-10,119.93000030517578,120.01000213623047,119.72000122070312,119.91999816894531,73.31510162353516,1075900
2012-09-11,120.0,120.12000274658203,119.80000305175781,120.0199966430664,73.37627410888672,2641500
2012-09-12,119.77999877929688,119.83000183105469,119.56999969482422,119.77999877929688,73.22947692871094,1334800
2012-09-13,120.0199966430664,120.58999633789062,119.6500015258789,120.41999816894531,73.6207504272461,3618500
2012-09-14,120.0999984741211,120.0999984741211,119.36000061035156,119.69999694824219,73.18061065673828,3164800
2012-09-17,120.02999877929688,120.33999633789062,119.91999816894531,120.11000061035156,73.4312744140625,898100
2012-09-18,120.48999786376953,120.6500015258789,120.31999969482422,120.4800033569336,73.65740966796875,1563000
2012-09-19,120.83000183105469,120.94000244140625,120.6500015258789,120.68000030517578,73.77973937988281,1237400
2012-09-20,120.9800033569336,121.05999755859375,120.55000305175781,120.58000183105469,73.7186050415039,1165200
2012-09-21,120.52999877929688,120.86000061035156,120.44999694824219,120.80000305175781,73.85310363769531,1305900
2012-09-24,120.97000122070312,121.02999877929688,120.83999633789062,120.9800033569336,73.9631576538086,1191700
2012-09-25,121.01000213623047,121.22000122070312,120.83000183105469,121.22000122070312,74.1098403930664,3287800
2012-09-26,121.26000213623047,121.56999969482422,121.19999694824219,121.55999755859375,74.3177490234375,1162900
2012-09-27,121.5199966430664,121.73999786376953,121.43000030517578,121.5,74.28103637695312,1720200
2012-09-28,121.75,121.91000366210938,121.55999755859375,121.7699966430664,74.44610595703125,2519100
2012-10-01,121.66999816894531,121.76000213623047,121.4000015258789,121.70999908447266,74.64483642578125,3318000
2012-10-02,121.58999633789062,121.79000091552734,121.55999755859375,121.75,74.66937255859375,2188900
2012-10-03,121.6500015258789,121.83000183105469,121.52999877929688,121.83000183105469,74.71845245361328,6193600
2012-10-04,121.7300033569336,121.91999816894531,121.66999816894531,121.7300033569336,74.6571044921875,1710500
2012-10-05,121.56999969482422,121.69000244140625,121.5,121.54000091552734,74.54055786132812,1711500
2012-10-08,121.86000061035156,121.94999694824219,121.7300033569336,121.86000061035156,74.73685455322266,715300
2012-10-09,121.6500015258789,122.22000122070312,121.6500015258789,121.98999786376953,74.81655883789062,3132200
2012-10-10,121.88999938964844,122.36000061035156,121.76000213623047,122.20999908447266,74.95147705078125,2418400
2012-10-11,122.05999755859375,122.69000244140625,122.02999877929688,122.61000061035156,75.1968002319336,2165200
2012-10-12,122.76000213623047,122.95999908447266,122.66000366210938,122.75,75.28266143798828,1712000
2012-10-15,122.79000091552734,123.1500015258789,122.7300033569336,123.12999725341797,75.51573181152344,2144800
2012-10-16,123.05999755859375,123.19999694824219,122.93000030517578,123.05000305175781,75.46662139892578,2177900
2012-10-17,123.0199966430664,123.1500015258789,122.76000213623047,122.80999755859375,75.31946563720703,6454900
2012-10-18,122.95999908447266,123.0,122.5,122.58000183105469,75.17839813232422,1541400
2012-10-19,122.69999694824219,123.01000213623047,122.5999984741211,122.80000305175781,75.31334686279297,1716000
2012-10-22,122.54000091552734,122.70999908447266,122.45999908447266,122.51000213623047,75.13546752929688,2030300
2012-10-23,122.4000015258789,122.75,122.37000274658203,122.72000122070312,75.2642822265625,1188600
2012-10-24,122.61000061035156,122.76000213623047,122.37000274658203,122.38999938964844,75.0618667602539,2842400
2012-10-25,122.23999786376953,122.43000030517578,122.0,122.04000091552734,74.84722137451172,1511200
2012-10-26,122.37000274658203,122.66000366210938,122.22000122070312,122.63999938964844,75.2152328491211,1206500
2012-10-31,122.94000244140625,123.18000030517578,122.69000244140625,123.0199966430664,75.44825744628906,1286500
2012-11-01,122.58999633789062,122.7699966430664,122.38999938964844,122.4800033569336,75.1170425415039,1953700
2012-11-02,122.38999938964844,122.48999786376953,122.02999877929688,122.23999786376953,74.96987915039062,1940300
2012-11-05,122.26000213623047,122.51000213623047,122.26000213623047,122.30000305175781,75.00665283203125,2073200
2012-11-06,122.11000061035156,122.2300033569336,121.6500015258789,121.70999908447266,74.64483642578125,1459400
2012-11-07,122.41000366210938,122.44999694824219,121.95999908447266,121.95999908447266,74.79815673828125,1585400
2012-11-08,121.9000015258789,122.0,121.5999984741211,121.83999633789062,74.72453308105469,3176500
2012-11-09,121.69000244140625,121.83000183105469,121.37999725341797,121.54000091552734,74.54055786132812,2850300
2012-11-12,121.54000091552734,121.77999877929688,121.5,121.55999755859375,74.55282592773438,991500
2012-11-13,121.8499984741211,121.9800033569336,121.55000305175781,121.61000061035156,74.58346557617188,1849500
2012-11-14,121.37999725341797,121.93000030517578,121.37999725341797,121.86000061035156,74.73685455322266,2445600
2012-11-15,121.52999877929688,121.70999908447266,121.5199966430664,121.62000274658203,74.5896224975586,2218400
2012-11-16,121.62999725341797,121.8499984741211,121.5999984741211,121.66000366210938,74.61415100097656,2181100
2012-11-19,121.56999969482422,122.06999969482422,121.55000305175781,122.04000091552734,74.84722137451172,2385000
2012-11-20,121.9800033569336,122.04000091552734,121.62999725341797,121.66000366210938,74.61415100097656,3229500
2012-11-21,121.63999938964844,121.80000305175781,121.55000305175781,121.75,74.66937255859375,2263700
2012-11-23,121.80000305175781,121.94000244140625,121.75,121.80000305175781,74.70006561279297,929000
2012-11-26,122.0,122.18000030517578,121.91000366210938,122.0,74.82270050048828,2412300
2012-11-27,121.97000122070312,122.1500015258789,121.97000122070312,122.06999969482422,74.8656005859375,2243300
2012-11-28,122.16000366210938,122.30000305175781,122.0199966430664,122.05000305175781,74.85334014892578,1479700
2012-11-29,122.13999938964844,122.20999908447266,122.05000305175781,122.13999938964844,74.90859985351562,1052700
2012-11-30,122.27999877929688,122.37000274658203,122.0999984741211,122.12999725341797,74.90242767333984,2129200
2012-12-03,121.7300033569336,121.98999786376953,121.52999877929688,121.88999938964844,74.98544311523438,3859100
2012-12-04,122.04000091552734,122.0999984741211,121.88999938964844,122.0,75.05313110351562,2387600
2012-12-05,122.11000061035156,122.30999755859375,122.0199966430664,122.25,75.20694732666016,1943900
2012-12-06,122.33000183105469,122.4800033569336,122.19999694824219,122.2300033569336,75.19462585449219,2737400
2012-12-07,122.05000305175781,122.08999633789062,121.93000030517578,121.94000244140625,75.0162582397461,1947300
2012-12-10,122.0999984741211,122.1500015258789,121.97000122070312,122.05000305175781,75.08387756347656,2290200
2012-12-11,122.0,122.0199966430664,121.55999755859375,121.5999984741211,74.80699920654297,2365400
2012-12-12,121.58999633789062,121.80000305175781,121.1500015258789,121.2300033569336,74.57942199707031,2390900
2012-12-13,121.02999877929688,121.22000122070312,120.87000274658203,121.04000091552734,74.46250915527344,3635100
2012-12-14,121.16000366210938,121.29000091552734,121.0999984741211,121.12999725341797,74.51793670654297,2844200
2012-12-17,121.13999938964844,121.19999694824219,120.73999786376953,120.73999786376953,74.27799224853516,1983300
2012-12-18,120.87000274658203,120.88999938964844,120.30000305175781,120.44000244140625,74.09339141845703,2278500
2012-12-19,120.6500015258789,120.94999694824219,120.6500015258789,120.91000366210938,74.38255310058594,3112200
2012-12-20,121.12000274658203,121.25,120.94000244140625,121.02999877929688,74.4563980102539,2545200
2012-12-21,121.19000244140625,121.33000183105469,121.08999633789062,121.23999786376953,74.5855941772461,2649700
2012-12-24,121.08000183105469,121.27999877929688,121.05999755859375,121.16000366210938,74.536376953125,1902500
2012-12-26,121.12000274658203,121.13999938964844,120.94999694824219,120.97000122070312,74.64250183105469,1642000
2012-12-27,121.0,121.41999816894531,120.97000122070312,121.36000061035156,74.8831558227539,1556900
2012-12-28,121.5,121.62999725341797,121.41000366210938,121.62999725341797,75.04973602294922,1894500
2012-12-31,121.41000366210938,121.5,120.9000015258789,120.98999786376953,74.65485382080078,1867700
2013-01-02,120.95999908447266,121.30999755859375,120.80999755859375,121.2699966430664,74.82762145996094,4058400
2013-01-03,121.13999938964844,121.18000030517578,120.55999755859375,120.61000061035156,74.42035675048828,3207900
2013-01-04,120.56999969482422,120.6500015258789,120.26000213623047,120.55000305175781,74.38336944580078,4663300
2013-01-07,120.69000244140625,120.80000305175781,120.51000213623047,120.75,74.50675201416016,3832600
2013-01-08,120.80000305175781,120.94000244140625,120.76000213623047,120.86000061035156,74.57466125488281,2534900
2013-01-09,120.9800033569336,121.0,120.79000091552734,120.81999969482422,74.5499267578125,1867600
2013-01-10,120.63999938964844,120.97000122070312,120.62999725341797,120.87999725341797,74.58699798583984,1439900
2013-01-11,120.75,121.11000061035156,120.66000366210938,121.0999984741211,74.72272491455078,758200
2013-01-14,121.19000244140625,121.19000244140625,120.83000183105469,120.86000061035156,74.57466125488281,1569400
2013-01-15,120.98999786376953,121.13999938964844,120.66999816894531,120.76000213623047,74.5129165649414,3042900
2013-01-16,120.83999633789062,120.94000244140625,120.70999908447266,120.76000213623047,74.5129165649414,4199900
2013-01-17,120.56999969482422,120.61000061035156,120.30000305175781,120.55000305175781,74.38336944580078,2225700
2013-01-18,120.55999755859375,120.79000091552734,120.4800033569336,120.66999816894531,74.4573974609375,2704400
2013-01-22,120.5199966430664,120.77999877929688,120.37999725341797,120.66999816894531,74.4573974609375,1730300
2013-01-23,120.8499984741211,120.94000244140625,120.76000213623047,120.81999969482422,74.5499267578125,2446600
2013-01-24,120.76000213623047,120.80000305175781,120.58000183105469,120.6500015258789,74.445068359375,1873600
2013-01-25,120.44000244140625,120.44000244140625,120.02999877929688,120.0999984741211,74.10569763183594,2434600
2013-01-28,119.69999694824219,120.02999877929688,119.0,120.0,74.04399871826172,2434200
2013-01-29,119.7699966430664,120.05000305175781,119.62000274658203,119.7300033569336,73.87738037109375,1424100
2013-01-30,119.38999938964844,119.5999984741211,119.22000122070312,119.33000183105469,73.63058471679688,3009300
2013-01-31,119.43000030517578,119.4800033569336,119.23999786376953,119.41999816894531,73.68607330322266,2804100
2013-02-01,119.44000244140625,119.6500015258789,118.7300033569336,118.73999786376953,73.49481201171875,4589000
2013-02-04,118.9800033569336,119.30000305175781,118.97000122070312,119.13999938964844,73.742431640625,2581400
2013-02-05,118.91999816894531,119.08000183105469,118.87000274658203,118.9000015258789,73.5938720703125,2814700
2013-02-06,119.08000183105469,119.27999877929688,118.95999908447266,119.20999908447266,73.7857666015625,1970200
2013-02-07,119.12000274658203,119.5,119.11000061035156,119.25,73.81053161621094,1680000
2013-02-08,119.4000015258789,119.51000213623047,119.16999816894531,119.51000213623047,73.97145080566406,1496700
2013-02-11,119.4800033569336,119.5199966430664,119.41000366210938,119.44999694824219,73.93427276611328,749100
2013-02-12,119.16999816894531,119.44999694824219,119.16000366210938,119.33000183105469,73.86002349853516,1520200
2013-02-13,118.93000030517578,119.16999816894531,118.93000030517578,119.05000305175781,73.68673706054688,2317800
2013-02-14,119.08000183105469,119.45999908447266,119.06999969482422,119.37999725341797,73.89102935791016,3180500
2013-02-15,119.37999725341797,119.41999816894531,119.19999694824219,119.33000183105469,73.86002349853516,1363600
2013-02-19,119.37000274658203,119.5999984741211,119.20999908447266,119.30000305175781,73.84144592285156,1842300
2013-02-20,119.16000366210938,119.5199966430664,119.16000366210938,119.5,73.96519470214844,1369800
2013-02-21,119.68000030517578,119.81999969482422,119.61000061035156,119.69000244140625,74.08289337158203,3578100
2013-02-22,119.76000213623047,119.8499984741211,119.66999816894531,119.7699966430664,74.13236236572266,1914300
2013-02-25,119.41999816894531,120.52999877929688,119.41000366210938,120.4800033569336,74.57180786132812,2643500
2013-02-26,120.31999969482422,120.58999633789062,120.26000213623047,120.33000183105469,74.47899627685547,1574100
2013-02-27,120.5199966430664,120.58000183105469,120.16999816894531,120.29000091552734,74.45421600341797,941400
2013-02-28,120.38999938964844,120.38999938964844,120.11000061035156,120.33000183105469,74.47899627685547,2231100
2013-03-01,120.12000274658203,120.29000091552734,119.98999786376953,120.2300033569336,74.64908599853516,1363700
2013-03-04,120.19000244140625,120.2300033569336,120.04000091552734,120.13999938964844,74.59320068359375,1733400
2013-03-05,120.13999938964844,120.1500015258789,119.8499984741211,119.94000244140625,74.46906280517578,1395400
2013-03-06,119.63999938964844,119.80999755859375,119.54000091552734,119.58999633789062,74.25174713134766,1014700
2013-03-07,119.29000091552734,119.4000015258789,119.19999694824219,119.19999694824219,74.00959014892578,1964000
2013-03-08,118.87000274658203,119.02999877929688,118.6500015258789,118.77999877929688,73.74882507324219,2526900
2013-03-11,118.77999877929688,118.95999908447266,118.77999877929688,118.86000061035156,73.79849243164062,2632500
2013-03-12,118.98999786376953,119.16999816894531,118.94999694824219,119.0999984741211,73.947509765625,3172900
2013-03-13,118.88999938964844,119.11000061035156,118.88999938964844,118.98999786376953,73.87923431396484,1958600
2013-03-14,118.83000183105469,119.12999725341797,118.81999969482422,119.04000091552734,73.91024017333984,1669600
2013-03-15,118.9800033569336,119.29000091552734,118.9800033569336,119.19999694824219,74.00959014892578,1188500
2013-03-18,119.41000366210938,119.5199966430664,119.33000183105469,119.48999786376953,74.18965911865234,1665700
2013-03-19,119.58999633789062,119.81999969482422,119.56999969482422,119.69000244140625,74.3138656616211,1354600
2013-03-20,119.43000030517578,119.58000183105469,119.33000183105469,119.33999633789062,74.09651184082031,1905100
2013-03-21,119.58000183105469,119.5999984741211,119.31999969482422,119.45999908447266,74.1709976196289,1854000
2013-03-22,119.4000015258789,119.62000274658203,119.33999633789062,119.47000122070312,74.17723083496094,997900
2013-03-25,119.37000274658203,119.58000183105469,119.25,119.47000122070312,74.17723083496094,1089700
2013-03-26,119.27999877929688,119.56999969482422,119.26000213623047,119.55000305175781,74.2269287109375,918000
2013-03-27,119.6500015258789,120.05000305175781,119.6500015258789,119.97000122070312,74.48770141601562,1847200
2013-03-28,119.73999786376953,119.94000244140625,119.7300033569336,119.9000015258789,74.44419860839844,1874300
2013-04-01,119.41999816894531,119.7699966430664,119.29000091552734,119.36000061035156,74.33709716796875,5877400
2013-04-02,119.43000030517578,119.47000122070312,119.27999877929688,119.3499984741211,74.33085632324219,1319200
2013-04-03,119.5199966430664,119.83000183105469,119.48999786376953,119.83000183105469,74.62975311279297,1421000
2013-04-04,119.95999908447266,120.48999786376953,119.95999908447266,120.47000122070312,75.02841186523438,2660900
2013-04-05,120.83999633789062,121.05000305175781,120.73999786376953,120.83999633789062,75.25881958007812,3268500
2013-04-08,121.0,121.04000091552734,120.88999938964844,120.94999694824219,75.32736206054688,2276800
2013-04-09,121.0199966430664,121.18000030517578,120.9800033569336,121.06999969482422,75.4021224975586,3157000
2013-04-10,120.80000305175781,120.94999694824219,120.66000366210938,120.75,75.20277404785156,2181600
2013-04-11,120.87999725341797,120.9800033569336,120.76000213623047,120.83000183105469,75.25260162353516,1496900
2013-04-12,121.19999694824219,121.5,121.05000305175781,121.43000030517578,75.62625122070312,1358900
2013-04-15,121.4000015258789,121.52999877929688,121.31999969482422,121.47000122070312,75.6512222290039,1024800
2013-04-16,121.25,121.37000274658203,121.2300033569336,121.25,75.51421356201172,1629800
2013-04-17,121.31999969482422,121.62999725341797,121.31999969482422,121.41999816894531,75.62004852294922,1373200
2013-04-18,121.44999694824219,121.66000366210938,121.44999694824219,121.52999877929688,75.68856048583984,1656700
2013-04-19,121.62000274658203,121.7699966430664,121.47000122070312,121.70999908447266,75.80065155029297,877900
2013-04-22,121.75,121.80999755859375,121.66999816894531,121.75,75.82559967041016,1271500
2013-04-23,121.91000366210938,122.08999633789062,121.80999755859375,121.91000366210938,75.92523193359375,1659700
2013-04-24,121.86000061035156,122.04000091552734,121.80999755859375,121.95999908447266,75.95635986328125,1366900
2013-04-25,121.91000366210938,122.0199966430664,121.83000183105469,121.88999938964844,75.91275024414062,1067100
2013-04-26,122.1500015258789,122.3499984741211,122.1500015258789,122.33000183105469,76.18683624267578,1294500
2013-04-29,122.54000091552734,122.55000305175781,122.30000305175781,122.33999633789062,76.19305419921875,875700
2013-04-30,122.31999969482422,122.56999969482422,122.0999984741211,122.12999725341797,76.06224822998047,2347500
2013-05-01,121.94999694824219,122.38999938964844,121.94999694824219,122.30999755859375,76.40082550048828,4063500
2013-05-02,122.08999633789062,122.4000015258789,122.08999633789062,122.30999755859375,76.40082550048828,1799000
2013-05-03,121.88999938964844,121.88999938964844,121.1500015258789,121.16000366210938,75.68246459960938,2882200
2013-05-06,121.30000305175781,121.4000015258789,121.08000183105469,121.13999938964844,75.66995239257812,1839300
2013-05-07,121.05000305175781,121.26000213623047,120.98999786376953,121.05000305175781,75.61380004882812,3886100
2013-05-08,121.0199966430664,121.2699966430664,120.95999908447266,121.16000366210938,75.68246459960938,2379000
2013-05-09,121.1500015258789,121.41000366210938,120.9000015258789,120.9000015258789,75.52005004882812,825800
2013-05-10,120.86000061035156,120.86000061035156,120.05000305175781,120.2699966430664,75.12651824951172,2808200
2013-05-13,120.02999877929688,120.16000366210938,119.9000015258789,119.95999908447266,74.93287658691406,2498400
2013-05-14,120.2300033569336,120.30999755859375,119.61000061035156,119.63999938964844,74.73298645019531,2325000
2013-05-15,120.12999725341797,120.1500015258789,119.66999816894531,120.05999755859375,74.99532318115234,2081600
2013-05-16,120.27999877929688,120.75,120.27999877929688,120.61000061035156,75.3388671875,2916500
2013-05-17,120.5,120.55000305175781,120.04000091552734,120.08999633789062,75.01409912109375,909500
2013-05-20,120.2300033569336,120.30999755859375,119.87000274658203,119.94999694824219,74.92667388916016,2097100
2013-05-21,119.91000366210938,120.41000366210938,119.7300033569336,120.4000015258789,75.20774841308594,2007700
2013-05-22,120.41999816894531,120.5999984741211,119.44000244140625,119.44999694824219,74.61432647705078,2886300
2013-05-23,119.7300033569336,119.80999755859375,119.2300033569336,119.56999969482422,74.68927001953125,2568500
2013-05-24,119.63999938964844,119.80999755859375,119.45999908447266,119.48999786376953,74.63927459716797,1090900
2013-05-28,119.33000183105469,119.48999786376953,118.33000183105469,118.33999633789062,73.92093658447266,1683700
2013-05-29,118.41000366210938,118.58000183105469,118.1500015258789,118.29000091552734,73.88967895507812,3574100
2013-05-30,118.31999969482422,118.5999984741211,118.25,118.44000244140625,73.9833755493164,1759000
2013-05-31,118.31999969482422,118.44999694824219,117.4800033569336,117.8499984741211,73.61483001708984,4297500
2013-06-03,117.25,117.75,116.93000030517578,117.18000030517578,73.42124938964844,10863900
2013-06-04,116.94999694824219,117.25,116.70999908447266,116.72000122070312,73.13301086425781,3726500
2013-06-05,116.80999755859375,117.0,116.4800033569336,116.55000305175781,73.02653503417969,4575200
2013-06-06,116.56999969482422,117.45999908447266,116.41999816894531,117.05000305175781,73.33981323242188,2500000
2013-06-07,116.88999938964844,117.19999694824219,116.38999938964844,116.58999633789062,73.05155944824219,3159800
2013-06-10,116.22000122070312,116.4800033569336,116.06999969482422,116.2300033569336,72.82604217529297,2911100
2013-06-11,115.5,116.05000305175781,115.2300033569336,116.01000213623047,72.68816375732422,3983700
2013-06-12,115.80000305175781,116.0999984741211,115.5,115.61000061035156,72.43755340576172,3469000
2013-06-13,115.83999633789062,116.91000366210938,115.79000091552734,116.8499984741211,73.21449279785156,2474400
2013-06-14,116.93000030517578,117.1500015258789,116.73999786376953,116.7699966430664,73.16437530517578,1283900
2013-06-17,116.91000366210938,117.11000061035156,116.55000305175781,116.5999984741211,73.05783081054688,1868600
2013-06-18,116.27999877929688,116.55999755859375,116.16000366210938,116.37000274658203,72.91372680664062,1748400
2013-06-19,116.5,116.55999755859375,114.66999816894531,114.72000122070312,71.87989807128906,2823000
2013-06-20,113.87000274658203,113.88999938964844,112.79000091552734,113.13999938964844,70.88992309570312,6649600
2013-06-21,113.26000213623047,113.4800033569336,112.19999694824219,112.20999908447266,70.30720520019531,4107600
2013-06-24,111.43000030517578,112.0999984741211,110.91000366210938,111.4800033569336,69.84980010986328,6063600
2013-06-25,112.19000244140625,112.47000122070312,111.66000366210938,111.8499984741211,70.08162689208984,3653200
2013-06-26,112.75,113.0,112.51000213623047,112.69999694824219,70.61420440673828,2010000
2013-06-27,113.23999786376953,113.79000091552734,113.23999786376953,113.72000122070312,71.25333404541016,1544800
2013-06-28,113.12999725341797,113.69999694824219,112.87999725341797,113.6500015258789,71.20950317382812,2960300
2013-07-01,113.08000183105469,113.94000244140625,113.08000183105469,113.58000183105469,71.3936538696289,2849900
2013-07-02,113.80999755859375,114.16999816894531,113.66000366210938,113.94000244140625,71.61994171142578,2214800
2013-07-03,113.9000015258789,114.08000183105469,113.56999969482422,113.61000061035156,71.41249084472656,2132000
2013-07-05,112.18000030517578,112.43000030517578,111.69999694824219,112.16999816894531,70.5073471069336,2500100
2013-07-08,112.54000091552734,113.08999633789062,112.54000091552734,113.08999633789062,71.08563232421875,3096700
2013-07-09,113.05000305175781,113.51000213623047,113.05000305175781,113.19000244140625,71.1484603881836,4037000
2013-07-10,113.26000213623047,113.44999694824219,112.80000305175781,112.86000061035156,70.94107055664062,2908800
2013-07-11,113.86000061035156,114.19999694824219,113.5999984741211,114.19000244140625,71.77704620361328,2179100
2013-07-12,114.31999969482422,114.5,113.73999786376953,113.87000274658203,71.5759506225586,2008800
2013-07-15,114.08999633789062,114.62000274658203,113.94999694824219,114.5999984741211,72.03474426269531,3308200
2013-07-16,114.52999877929688,114.5999984741211,114.29000091552734,114.43000030517578,71.92797088623047,1625900
2013-07-17,114.87999725341797,115.1500015258789,114.73999786376953,114.86000061035156,72.19822692871094,1248400
2013-07-18,114.94999694824219,114.94999694824219,114.41999816894531,114.55999755859375,72.00963592529297,1119900
2013-07-19,114.7699966430664,115.20999908447266,114.7300033569336,115.19000244140625,72.40563201904297,2734900
2013-07-22,115.31999969482422,115.47000122070312,115.29000091552734,115.44999694824219,72.56903839111328,2235900
2013-07-23,115.12999725341797,115.37999725341797,115.01000213623047,115.2699966430664,72.45594024658203,827300
2013-07-24,114.72000122070312,114.87999725341797,114.29000091552734,114.70999908447266,72.10391235351562,1960700
2013-07-25,114.18000030517578,114.56999969482422,114.12999725341797,114.56999969482422,72.01592254638672,2109200
2013-07-26,114.66999816894531,114.79000091552734,114.48999786376953,114.69000244140625,72.09131622314453,1022700
2013-07-29,114.54000091552734,114.68000030517578,114.44000244140625,114.5,71.97190856933594,2211900
2013-07-30,114.72000122070312,114.77999877929688,114.36000061035156,114.52999877929688,71.99079895019531,1331900
2013-07-31,113.87999725341797,114.6500015258789,113.69999694824219,114.54000091552734,71.99708557128906,2282100
2013-08-01,113.94999694824219,113.94999694824219,113.12000274658203,113.27999877929688,71.42332458496094,1845700
2013-08-02,113.6500015258789,113.97000122070312,113.62000274658203,113.83999633789062,71.77643585205078,1772000
2013-08-05,113.68000030517578,113.83000183105469,113.37999725341797,113.41000366210938,71.50527954101562,3111500
2013-08-06,113.36000061035156,113.5999984741211,113.27999877929688,113.4800033569336,71.54942321777344,1047200
2013-08-07,113.61000061035156,113.86000061035156,113.58999633789062,113.7300033569336,71.70706939697266,946000
2013-08-08,113.91000366210938,114.16999816894531,113.88999938964844,113.97000122070312,71.85836791992188,960900
2013-08-09,114.0199966430664,114.08000183105469,113.75,113.97000122070312,71.85836791992188,539600
2013-08-12,114.08000183105469,114.18000030517578,113.8499984741211,113.91000366210938,71.82052612304688,1042800
2013-08-13,113.27999877929688,113.41000366210938,113.0,113.0999984741211,71.30982208251953,1221600
2013-08-14,113.0199966430664,113.1500015258789,112.87000274658203,112.91000366210938,71.18997955322266,1723700
2013-08-15,112.08999633789062,112.41999816894531,111.98999786376953,112.11000061035156,70.68557739257812,1793800
2013-08-16,112.06999969482422,112.20999908447266,111.36000061035156,111.55000305175781,70.33253479003906,2469000
2013-08-19,111.31999969482422,111.44000244140625,110.93000030517578,110.94000244140625,69.94793701171875,4884400
2013-08-20,111.29000091552734,111.73999786376953,111.29000091552734,111.62000274658203,70.37669372558594,2100500
2013-08-21,111.41000366210938,111.66000366210938,110.88999938964844,110.94999694824219,69.9542007446289,2310800
2013-08-22,111.05000305175781,111.5,111.05000305175781,111.45999908447266,70.27581024169922,2507700
2013-08-23,111.43000030517578,112.22000122070312,111.37999725341797,112.20999908447266,70.7486343383789,2327600
2013-08-26,112.31999969482422,112.47000122070312,112.26000213623047,112.44000244140625,70.89369201660156,1385700
2013-08-27,112.51000213623047,112.97000122070312,112.44999694824219,112.91999816894531,71.19635772705078,2398500
2013-08-28,112.73999786376953,112.94000244140625,112.55000305175781,112.94000244140625,71.20899200439453,2488300
2013-08-29,112.6500015258789,113.06999969482422,112.5199966430664,113.05000305175781,71.27830505371094,2273100
2013-08-30,113.0,113.29000091552734,112.80999755859375,113.05000305175781,71.27830505371094,1668800
2013-09-03,112.0,112.2699966430664,111.51000213623047,112.23999786376953,70.99742889404297,5473600
2013-09-04,112.2699966430664,112.37000274658203,111.79000091552734,111.83000183105469,70.73809814453125,2335000
2013-09-05,111.38999938964844,111.41999816894531,110.7300033569336,110.91000366210938,70.15614318847656,2703800
2013-09-06,111.41000366210938,111.6500015258789,110.98999786376953,111.06999969482422,70.2573471069336,1960600
2013-09-09,111.45999908447266,111.5999984741211,111.2699966430664,111.36000061035156,70.44075775146484,1615600
2013-09-10,111.04000091552734,111.31999969482422,110.81999969482422,110.87000274658203,70.1308822631836,2115900
2013-09-11,111.11000061035156,111.38999938964844,110.81999969482422,111.38999938964844,70.4597396850586,2301300
2013-09-12,111.5999984741211,111.76000213623047,111.2300033569336,111.30999755859375,70.40917205810547,1860200
2013-09-13,111.33999633789062,111.54000091552734,111.31999969482422,111.37999725341797,70.45344543457031,1255400
2013-09-16,112.41999816894531,112.44000244140625,111.44000244140625,111.51000213623047,70.53567504882812,2311100
2013-09-17,111.68000030517578,111.83999633789062,111.55999755859375,111.80999755859375,70.7254638671875,1020100
2013-09-18,111.69999694824219,113.70999908447266,111.41999816894531,113.44999694824219,71.76285552978516,5100000
2013-09-19,113.4000015258789,113.55999755859375,112.66000366210938,112.7300033569336,71.3073959350586,5030300
2013-09-20,112.93000030517578,113.08999633789062,112.75,112.83000183105469,71.37068176269531,1089700
2013-09-23,112.88999938964844,113.5199966430664,112.88999938964844,113.5,71.79447174072266,3719000
2013-09-24,113.62000274658203,113.93000030517578,113.4000015258789,113.79000091552734,71.97792053222656,2576200
2013-09-25,113.72000122070312,114.18000030517578,113.62999725341797,114.13999938964844,72.19928741455078,1931100
2013-09-26,113.7300033569336,113.94999694824219,113.7300033569336,113.86000061035156,72.02220916748047,921300
2013-09-27,113.75,113.8499984741211,113.66000366210938,113.7699966430664,71.96527099609375,1194100
2013-09-30,113.5999984741211,113.77999877929688,113.41999816894531,113.5199966430664,71.80716705322266,1800800
2013-10-01,113.06999969482422,113.18000030517578,112.93000030517578,113.04000091552734,71.73477935791016,3172400
2013-10-02,113.19999694824219,113.55999755859375,113.19000244140625,113.37999725341797,71.9505386352539,910300
2013-10-03,113.29000091552734,113.62999725341797,113.29000091552734,113.44000244140625,71.98860931396484,1411600
2013-10-04,113.29000091552734,113.43000030517578,113.19000244140625,113.33000183105469,71.9188003540039,569300
2013-10-07,113.45999908447266,113.69000244140625,113.43000030517578,113.52999877929688,72.04570770263672,1374600
2013-10-08,113.4800033569336,113.62000274658203,113.27999877929688,113.51000213623047,72.03303527832031,1667900
2013-10-09,113.43000030517578,113.52999877929688,113.20999908447266,113.2699966430664,71.88072967529297,1017300
2013-10-10,113.08999633789062,113.48999786376953,113.0199966430664,113.43000030517578,71.98224639892578,1978400
2013-10-11,113.68000030517578,113.80999755859375,113.52999877929688,113.58000183105469,72.07742309570312,3275900
2013-10-14,113.51000213623047,113.63999938964844,113.11000061035156,113.2300033569336,71.85538482666016,525100
2013-10-15,113.56999969482422,113.58000183105469,113.19999694824219,113.25,71.86798858642578,1430400
2013-10-16,113.26000213623047,114.1500015258789,113.20999908447266,114.08999633789062,72.40110778808594,1395200
2013-10-17,114.41000366210938,115.0,114.33999633789062,114.93000030517578,72.9341049194336,2697900
2013-10-18,115.0999984741211,115.2699966430664,114.98999786376953,115.08000183105469,73.02934265136719,1071200
2013-10-21,115.01000213623047,115.18000030517578,114.73999786376953,114.77999877929688,72.83892822265625,1031400
2013-10-22,115.30999755859375,115.48999786376953,115.26000213623047,115.4800033569336,73.28318786621094,1372100
2013-10-23,115.47000122070312,115.66999816894531,115.41000366210938,115.44999694824219,73.26409912109375,1514800
2013-10-24,115.55999755859375,115.63999938964844,115.2699966430664,115.33000183105469,73.1879653930664,1500200
2013-10-25,115.30999755859375,115.52999877929688,115.30000305175781,115.31999969482422,73.18160247802734,708700
2013-10-28,115.26000213623047,115.5199966430664,115.25,115.43000030517578,73.25143432617188,2958700
2013-10-29,115.3499984741211,115.5999984741211,115.26000213623047,115.58999633789062,73.35297393798828,1584300
2013-10-30,115.58999633789062,115.75,115.08000183105469,115.36000061035156,73.20703125,1436200
2013-10-31,115.44999694824219,115.5,115.08999633789062,115.19999694824219,73.10552215576172,1072800
2013-11-01,114.80999755859375,114.93000030517578,114.29000091552734,114.51000213623047,72.90814208984375,1965300
2013-11-04,114.66000366210938,114.79000091552734,114.5199966430664,114.54000091552734,72.9272232055664,772400
2013-11-05,114.33000183105469,114.33000183105469,113.91999816894531,114.05000305175781,72.61524963378906,1264700
2013-11-06,114.2300033569336,114.23999786376953,114.08000183105469,114.18000030517578,72.69803619384766,1060000
2013-11-07,114.37000274658203,114.48999786376953,114.20999908447266,114.41000366210938,72.84447479248047,1337000
2013-11-08,113.4800033569336,113.51000213623047,113.27999877929688,113.29000091552734,72.13133239746094,1634000
2013-11-11,113.22000122070312,113.27999877929688,113.01000213623047,113.0999984741211,72.01039123535156,1241500
2013-11-12,113.04000091552734,113.22000122070312,113.0,113.18000030517578,72.06129455566406,2301900
2013-11-13,113.33000183105469,113.56999969482422,113.30000305175781,113.44000244140625,72.22687530517578,4339700
2013-11-14,113.73999786376953,114.13999938964844,113.66000366210938,114.05999755859375,72.62158966064453,1355100
2013-11-15,114.08000183105469,114.1500015258789,113.93000030517578,114.05999755859375,72.62158966064453,1451200
2013-11-18,114.12000274658203,114.56999969482422,114.12000274658203,114.56999969482422,72.94631958007812,3003900
2013-11-19,114.36000061035156,114.45999908447266,114.16999816894531,114.16999816894531,72.691650390625,914200
2013-11-20,114.13999938964844,114.44000244140625,113.5199966430664,113.68000030517578,72.37968444824219,1881300
2013-11-21,113.58999633789062,113.93000030517578,113.33000183105469,113.9000015258789,72.51974487304688,3320600
2013-11-22,114.02999877929688,114.30000305175781,114.0,114.30000305175781,72.77439880371094,1190900
2013-11-25,114.2699966430664,114.54000091552734,114.2699966430664,114.5,72.90171813964844,1189200
2013-11-26,114.5199966430664,114.77999877929688,114.5199966430664,114.7300033569336,73.04814147949219,1044500
2013-11-27,114.5999984741211,114.80999755859375,114.27999877929688,114.75,73.06096649169922,2387900
2013-11-29,114.37000274658203,114.75,114.33999633789062,114.66000366210938,73.0036392211914,741200
2013-12-02,114.0999984741211,114.19999694824219,113.73999786376953,113.75,72.65739440917969,5714000
2013-12-03,113.88999938964844,114.13999938964844,113.88999938964844,114.04000091552734,72.84265899658203,1164500
2013-12-04,113.41999816894531,113.72000122070312,113.41999816894531,113.66999816894531,72.60629272460938,1705000
2013-12-05,113.38999938964844,113.58999633789062,113.23999786376953,113.41999816894531,72.44664764404297,1234400
2013-12-06,113.43000030517578,113.69000244140625,113.33999633789062,113.66000366210938,72.5999526977539,737400
2013-12-09,113.66000366210938,113.8499984741211,113.66000366210938,113.83000183105469,72.7085189819336,590100
2013-12-10,114.16999816894531,114.30999755859375,113.98999786376953,114.29000091552734,73.00235748291016,1171600
2013-12-11,114.19999694824219,114.29000091552734,113.94000244140625,113.97000122070312,72.7979736328125,1087800
2013-12-12,113.86000061035156,113.91999816894531,113.70999908447266,113.77999877929688,72.67656707763672,877300
2013-12-13,113.98999786376953,114.12999725341797,113.81999969482422,114.08999633789062,72.87462615966797,904000
2013-12-16,114.27999877929688,114.3499984741211,114.05999755859375,114.18000030517578,72.93204498291016,1593500
2013-12-17,114.08999633789062,114.5199966430664,114.08999633789062,114.5199966430664,73.14923095703125,1500800
2013-12-18,114.33000183105469,114.9000015258789,114.04000091552734,114.5199966430664,73.14923095703125,1946900
2013-12-19,114.19000244140625,114.5,114.16999816894531,114.3499984741211,73.04065704345703,2493300
2013-12-20,114.66000366210938,114.87999725341797,114.51000213623047,114.87999725341797,73.37919616699219,1269700
2013-12-23,114.81999969482422,115.04000091552734,114.69000244140625,114.69999694824219,73.26421356201172,1204900
2013-12-24,114.5199966430664,115.0,114.51000213623047,114.66999816894531,73.24504852294922,1003500
2013-12-26,114.16999816894531,114.38999938964844,114.16999816894531,114.23999786376953,73.19252014160156,2268000
2013-12-27,114.08000183105469,114.23999786376953,114.04000091552734,114.13999938964844,73.12844848632812,2463600
2013-12-30,114.19999694824219,114.48999786376953,114.19999694824219,114.4800033569336,73.3463134765625,2790000
2013-12-31,114.30000305175781,114.48999786376953,114.0199966430664,114.19000244140625,73.16053009033203,1658600
2014-01-02,114.29000091552734,114.45999908447266,114.11000061035156,114.41000366210938,73.30145263671875,1887700
2014-01-03,114.22000122070312,114.73999786376953,114.22000122070312,114.58000183105469,73.41038513183594,1695800
2014-01-06,114.73999786376953,114.88999938964844,114.6500015258789,114.83000183105469,73.57054138183594,1171700
2014-01-07,114.91999816894531,114.94000244140625,114.66000366210938,114.73999786376953,73.51287078857422,1086500
2014-01-08,114.5,114.52999877929688,114.1500015258789,114.25,73.19895935058594,1067000
2014-01-09,114.4000015258789,114.51000213623047,114.18000030517578,114.51000213623047,73.36551666259766,1216000
2014-01-10,114.91000366210938,115.25,114.88999938964844,115.12999725341797,73.76274871826172,1736900
2014-01-13,115.2300033569336,115.44999694824219,115.16999816894531,115.3499984741211,73.9037094116211,2109900
2014-01-14,115.19999694824219,115.30000305175781,115.0,115.01000213623047,73.6858901977539,1529100
2014-01-15,114.80000305175781,115.08999633789062,114.73999786376953,115.04000091552734,73.7051010131836,1495000
2014-01-16,115.22000122070312,115.31999969482422,115.16999816894531,115.30999755859375,73.87806701660156,1372300
2014-01-17,115.19000244140625,115.44000244140625,115.11000061035156,115.44000244140625,73.96134948730469,1766000
2014-01-21,115.2699966430664,115.4000015258789,115.2699966430664,115.27999877929688,73.85883331298828,1114100
2014-01-22,115.16000366210938,115.29000091552734,114.98999786376953,115.0,73.679443359375,1687800
2014-01-23,115.22000122070312,115.5999984741211,115.19999694824219,115.44000244140625,73.96134948730469,1597600
2014-01-24,115.48999786376953,115.62999725341797,115.2699966430664,115.36000061035156,73.91012573242188,1681100
2014-01-27,115.2699966430664,115.58999633789062,115.13999938964844,115.13999938964844,73.76919555664062,1979600
2014-01-28,115.4000015258789,115.69999694824219,115.30000305175781,115.69999694824219,74.12793731689453,2420900
2014-01-29,115.72000122070312,115.98999786376953,115.58000183105469,115.93000030517578,74.27529907226562,2105500
2014-01-30,115.83000183105469,116.0199966430664,115.66999816894531,115.98999786376953,74.31379699707031,1821900
2014-01-31,116.05000305175781,116.33999633789062,116.01000213623047,116.33999633789062,74.53792572021484,1427400
2014-02-03,115.88999938964844,116.75,115.83000183105469,116.73999786376953,75.01866912841797,6064600
2014-02-04,116.33000183105469,116.33999633789062,116.0999984741211,116.18000030517578,74.65878295898438,2015000
2014-02-05,116.0,116.01000213623047,115.77999877929688,115.80999755859375,74.42102813720703,3226900
2014-02-06,115.75,115.83000183105469,115.62000274658203,115.69999694824219,74.35035705566406,853500
2014-02-07,115.83000183105469,116.16999816894531,115.77999877929688,116.05999755859375,74.58171081542969,1076900
2014-02-10,115.93000030517578,116.12000274658203,115.87999725341797,116.11000061035156,74.61383056640625,1048800
2014-02-11,115.87000274658203,115.93000030517578,115.70999908447266,115.87000274658203,74.45964813232422,2288900
2014-02-12,115.69999694824219,115.72000122070312,115.45999908447266,115.5199966430664,74.23468780517578,971500
2014-02-13,116.04000091552734,116.0999984741211,115.8499984741211,116.0,74.54315185546875,1125500
2014-02-14,116.12000274658203,116.22000122070312,115.9800033569336,116.22000122070312,74.68448638916016,1063900
2014-02-18,116.3499984741211,116.6500015258789,116.29000091552734,116.45999908447266,74.8387451171875,1034400
2014-02-19,116.69999694824219,116.69999694824219,116.26000213623047,116.33000183105469,74.75518798828125,1556900
2014-02-20,116.19000244140625,116.30999755859375,116.0,116.18000030517578,74.65878295898438,1148800
2014-02-21,116.05999755859375,116.33999633789062,116.04000091552734,116.30000305175781,74.73592376708984,711000
2014-02-24,116.41000366210938,116.45999908447266,116.2300033569336,116.36000061035156,74.77448272705078,703600
2014-02-25,116.62999725341797,116.80999755859375,116.44999694824219,116.80999755859375,75.06365966796875,787300
2014-02-26,116.80000305175781,117.19999694824219,116.79000091552734,117.19000244140625,75.30782318115234,898200
2014-02-27,117.29000091552734,117.44000244140625,117.26000213623047,117.38999938964844,75.43635559082031,964900
2014-02-28,117.2300033569336,117.36000061035156,117.02999877929688,117.31999969482422,75.39140319824219,1791900
2014-03-03,117.05999755859375,117.29000091552734,116.95999908447266,117.27999877929688,75.58860778808594,1292700
2014-03-04,116.9800033569336,117.04000091552734,116.6500015258789,116.6500015258789,75.18257141113281,1075900
2014-03-05,116.56999969482422,116.8499984741211,116.55000305175781,116.58999633789062,75.14388275146484,2869300
2014-03-06,116.13999938964844,116.37999725341797,116.12000274658203,116.23999786376953,74.91830444335938,1271000
2014-03-07,115.94999694824219,116.0,115.63999938964844,115.81999969482422,74.6476058959961,1473800
2014-03-10,115.69999694824219,115.79000091552734,115.62000274658203,115.63999938964844,74.53157043457031,1851400
2014-03-11,115.69000244140625,115.80999755859375,115.61000061035156,115.68000030517578,74.55736541748047,943800
2014-03-12,116.0,116.13999938964844,115.93000030517578,116.08999633789062,74.8216323852539,1303800
2014-03-13,115.81999969482422,116.55999755859375,115.81999969482422,116.5,75.08587646484375,1696400
2014-03-14,116.69999694824219,116.7699966430664,116.37000274658203,116.37000274658203,75.0020751953125,797800
2014-03-17,116.36000061035156,116.43000030517578,116.16999816894531,116.22000122070312,74.90540313720703,635800
2014-03-18,116.25,116.58000183105469,116.19000244140625,116.58000183105469,75.13742065429688,963500
2014-03-19,116.52999877929688,116.54000091552734,115.69000244140625,115.73999786376953,74.59602355957031,1286700
2014-03-20,115.7300033569336,115.95999908447266,115.70999908447266,115.9000015258789,74.69914245605469,2003400
2014-03-21,116.06999969482422,116.38999938964844,116.01000213623047,116.30000305175781,74.95697021484375,636100
2014-03-24,116.29000091552734,116.66000366210938,116.25,116.5199966430664,75.09878540039062,1061300
2014-03-25,116.27999877929688,116.5999984741211,116.27999877929688,116.55999755859375,75.12452697753906,1352800
2014-03-26,116.62000274658203,117.02999877929688,116.5999984741211,117.01000213623047,75.41458892822266,955000
2014-03-27,116.87000274658203,117.26000213623047,116.80999755859375,117.04000091552734,75.43389892578125,665500
2014-03-28,117.0199966430664,117.11000061035156,116.83000183105469,116.94999694824219,75.37590026855469,816300
2014-03-31,116.69000244140625,116.97000122070312,116.56999969482422,116.94000244140625,75.36946105957031,1695700
2014-04-01,116.44000244140625,116.52999877929688,116.30000305175781,116.30999755859375,75.1819839477539,3416600
2014-04-02,116.08000183105469,116.26000213623047,116.08000183105469,116.1500015258789,75.0785140991211,1236800
2014-04-03,116.25,116.51000213623047,116.25,116.37000274658203,75.22079467773438,1012200
2014-04-04,116.73999786376953,117.02999877929688,116.72000122070312,116.83000183105469,75.51812744140625,989900
2014-04-07,116.98999786376953,117.19999694824219,116.95999908447266,117.11000061035156,75.69911193847656,1024500
2014-04-08,117.0999984741211,117.41999816894531,117.02999877929688,117.41999816894531,75.89949035644531,992600
2014-04-09,117.19000244140625,117.58999633789062,117.12999725341797,117.5199966430664,75.96414184570312,1675600
2014-04-10,117.4800033569336,118.04000091552734,117.38999938964844,117.68000030517578,76.06755065917969,1401500
2014-04-11,118.0,118.0,117.76000213623047,117.76000213623047,76.1192855834961,1258200
2014-04-14,117.8499984741211,117.93000030517578,117.69999694824219,117.83999633789062,76.17096710205078,908600
2014-04-15,117.83999633789062,118.2300033569336,117.7699966430664,118.08999633789062,76.33256530761719,1152500
2014-04-16,117.7699966430664,118.1500015258789,117.75,118.13999938964844,76.36489868164062,956300
2014-04-17,118.12000274658203,118.12000274658203,117.41999816894531,117.45999908447266,75.9253158569336,1510500
2014-04-21,117.70999908447266,117.79000091552734,117.51000213623047,117.62000274658203,76.02875518798828,652500
2014-04-22,117.44999694824219,117.73999786376953,117.4000015258789,117.68000030517578,76.06755065917969,1385000
2014-04-23,117.7699966430664,118.01000213623047,117.76000213623047,117.94000244140625,76.23567199707031,1778900
2014-04-24,117.73999786376953,118.01000213623047,117.69999694824219,117.95999908447266,76.2485580444336,1161000
2014-04-25,118.04000091552734,118.2699966430664,117.94000244140625,117.94000244140625,76.23567199707031,1051500
2014-04-28,117.94000244140625,118.08000183105469,117.69999694824219,117.80000305175781,76.14511108398438,1015500
2014-04-29,117.61000061035156,117.87000274658203,117.5999984741211,117.81999969482422,76.15806579589844,1359500
2014-04-30,117.95999908447266,118.27999877929688,117.79000091552734,118.1500015258789,76.37139892578125,2123200
2014-05-01,117.87999725341797,118.31999969482422,117.81999969482422,118.30000305175781,76.69164276123047,2193800
2014-05-02,118.04000091552734,118.68000030517578,117.94000244140625,118.55000305175781,76.85367584228516,862700
2014-05-05,118.5,118.63999938964844,118.23999786376953,118.25,76.65921020507812,1879800
2014-05-06,118.41000366210938,118.55000305175781,118.37000274658203,118.44999694824219,76.7888412475586,2251100
2014-05-07,118.4800033569336,118.58000183105469,118.29000091552734,118.47000122070312,76.80183410644531,1869200
2014-05-08,118.58000183105469,118.83000183105469,118.37000274658203,118.5,76.82125854492188,3351200
2014-05-09,118.33999633789062,118.4800033569336,118.2300033569336,118.37000274658203,76.73699951171875,1148100
2014-05-12,118.12000274658203,118.19999694824219,117.97000122070312,118.06999969482422,76.54249572753906,1634400
2014-05-13,118.3499984741211,118.5199966430664,118.30000305175781,118.51000213623047,76.8277816772461,961600
2014-05-14,118.86000061035156,119.22000122070312,118.83999633789062,119.0999984741211,77.21024322509766,1359000
2014-05-15,119.29000091552734,119.55999755859375,119.0999984741211,119.30999755859375,77.34640502929688,755100
2014-05-16,119.0999984741211,119.36000061035156,119.06999969482422,119.16999816894531,77.25566101074219,821100
2014-05-19,119.3499984741211,119.45999908447266,118.97000122070312,119.05999755859375,77.1843032836914,726700
2014-05-20,118.94999694824219,119.31999969482422,118.94999694824219,119.05999755859375,77.1843032836914,1200100
2014-05-21,118.77999877929688,118.88999938964844,118.66999816894531,118.83999633789062,77.04170989990234,1397200
2014-05-22,118.8499984741211,118.87000274658203,118.68000030517578,118.80000305175781,77.01575469970703,605800
2014-05-23,118.94000244140625,119.04000091552734,118.83000183105469,118.93000030517578,77.10001373291016,582500
2014-05-27,119.05999755859375,119.3499984741211,118.80999755859375,119.3499984741211,77.372314453125,1062700
2014-05-28,119.51000213623047,119.91999816894531,119.51000213623047,119.91999816894531,77.7418441772461,1430800
2014-05-29,119.86000061035156,120.12999725341797,119.56999969482422,119.56999969482422,77.5149154663086,1325700
2014-05-30,119.47000122070312,119.69000244140625,119.33999633789062,119.58999633789062,77.52790069580078,1045400
2014-06-02,118.88999938964844,119.08000183105469,118.55000305175781,118.58999633789062,77.0975112915039,2652700
2014-06-03,118.45999908447266,118.48999786376953,118.05000305175781,118.05000305175781,76.7464370727539,1431100
2014-06-04,118.20999908447266,118.2300033569336,117.97000122070312,117.98999786376953,76.70742797851562,1263600
2014-06-05,118.04000091552734,118.3499984741211,117.91000366210938,118.23999786376953,76.8700180053711,801000
2014-06-06,118.44000244140625,118.76000213623047,118.37000274658203,118.48999786376953,77.03250122070312,1112700
2014-06-09,118.29000091552734,118.33000183105469,118.11000061035156,118.25,76.87650299072266,1215400
2014-06-10,118.06999969482422,118.16999816894531,118.0,118.02999877929688,76.73345947265625,758800
2014-06-11,118.11000061035156,118.27999877929688,118.02999877929688,118.12000274658203,76.7919921875,507500
2014-06-12,118.18000030517578,118.5999984741211,118.05999755859375,118.5,77.03903198242188,964800
2014-06-13,118.12999725341797,118.58999633789062,118.08000183105469,118.4800033569336,77.02603149414062,474700
2014-06-16,118.4000015258789,118.62000274658203,118.37999725341797,118.47000122070312,77.01948547363281,732400
2014-06-17,118.37000274658203,118.37999725341797,118.05999755859375,118.06999969482422,76.75946807861328,605200
2014-06-18,118.33999633789062,118.75,118.16999816894531,118.75,77.20157623291016,791400
2014-06-19,118.88999938964844,118.9000015258789,118.20999908447266,118.33000183105469,76.92847442626953,610700
2014-06-20,118.23999786376953,118.61000061035156,118.18000030517578,118.55999755859375,77.07803344726562,1151900
2014-06-23,118.69999694824219,118.77999877929688,118.48999786376953,118.55000305175781,77.07150268554688,833300
2014-06-24,118.87999725341797,119.05999755859375,118.58999633789062,119.05000305175781,77.39661407470703,777600
2014-06-25,119.43000030517578,119.43000030517578,119.13999938964844,119.16999816894531,77.474609375,827100
2014-06-26,119.23999786376953,119.5199966430664,119.23999786376953,119.38999938964844,77.61760711669922,698700
2014-06-27,119.5199966430664,119.61000061035156,119.37000274658203,119.37000274658203,77.6046142578125,729300
2014-06-30,119.44000244140625,119.45999908447266,119.16999816894531,119.26000213623047,77.53312683105469,857200
2014-07-01,118.70999908447266,118.8499984741211,118.45999908447266,118.47000122070312,77.23321533203125,5448400
2014-07-02,118.31999969482422,118.31999969482422,117.97000122070312,118.05000305175781,76.95940399169922,3278000
2014-07-03,117.76000213623047,118.0,117.66000366210938,117.93000030517578,76.88121795654297,648400
2014-07-07,118.0199966430664,118.22000122070312,117.94999694824219,118.13999938964844,77.01809692382812,1219200
2014-07-08,118.48999786376953,118.66000366210938,118.45999908447266,118.58000183105469,77.3049545288086,1296400
2014-07-09,118.5199966430664,118.87000274658203,118.37000274658203,118.7699966430664,77.42879486083984,836700
2014-07-10,118.94000244140625,118.97000122070312,118.6500015258789,118.68000030517578,77.37014770507812,524000
2014-07-11,118.83999633789062,119.11000061035156,118.83999633789062,119.05000305175781,77.61135864257812,1259300
2014-07-14,118.86000061035156,118.93000030517578,118.7300033569336,118.80000305175781,77.44837188720703,690900
2014-07-15,118.70999908447266,119.04000091552734,118.5,118.66999816894531,77.36358642578125,791400
2014-07-16,118.79000091552734,118.98999786376953,118.69000244140625,118.94999694824219,77.54615020751953,963800
2014-07-17,119.18000030517578,119.48999786376953,119.05999755859375,119.4000015258789,77.83952331542969,847900
2014-07-18,119.3499984741211,119.38999938964844,119.06999969482422,119.23999786376953,77.73516845703125,539300
2014-07-21,119.37000274658203,119.47000122070312,119.20999908447266,119.23999786376953,77.73516845703125,852600
2014-07-22,119.30999755859375,119.4000015258789,119.18000030517578,119.33000183105469,77.79385375976562,1017500
2014-07-23,119.45999908447266,119.55000305175781,119.41000366210938,119.47000122070312,77.8851318359375,1597800
2014-07-24,119.11000061035156,119.16999816894531,118.9800033569336,119.0,77.5787353515625,813400
2014-07-25,119.37000274658203,119.45999908447266,119.22000122070312,119.45999908447266,77.8786849975586,655400
2014-07-28,119.41000366210938,119.51000213623047,119.2300033569336,119.31999969482422,77.78736114501953,1290600
2014-07-29,119.52999877929688,119.55000305175781,119.27999877929688,119.43000030517578,77.85910034179688,787500
2014-07-30,119.08000183105469,119.18000030517578,118.69999694824219,118.87999725341797,77.50045776367188,1305800
2014-07-31,118.37000274658203,118.7300033569336,118.36000061035156,118.55000305175781,77.28533935546875,2121700
2014-08-01,118.12999725341797,118.87999725341797,118.08000183105469,118.81999969482422,77.68350219726562,2763600
2014-08-04,118.87000274658203,119.01000213623047,118.72000122070312,118.8499984741211,77.7031478881836,1779300
2014-08-05,118.66999816894531,118.98999786376953,118.5,118.97000122070312,77.78160858154297,2416200
2014-08-06,119.11000061035156,119.12000274658203,118.73999786376953,118.76000213623047,77.64430236816406,1799500
2014-08-07,118.94000244140625,119.12000274658203,118.79000091552734,119.06999969482422,77.84696197509766,1839200
2014-08-08,119.2699966430664,119.41000366210938,119.0,119.04000091552734,77.82740020751953,1048300
2014-08-11,119.13999938964844,119.27999877929688,119.0199966430664,119.08999633789062,77.86003875732422,770900
2014-08-12,119.19999694824219,119.20999908447266,118.9800033569336,119.02999877929688,77.82081604003906,1927400
2014-08-13,119.04000091552734,119.33000183105469,119.0,119.2699966430664,77.97774505615234,2260600
2014-08-14,119.45999908447266,119.5,119.19000244140625,119.4000015258789,78.06270599365234,1694200
2014-08-15,119.56999969482422,120.18000030517578,119.51000213623047,119.81999969482422,78.33731842041016,1729500
2014-08-18,119.68000030517578,119.73999786376953,119.45999908447266,119.55000305175781,78.16080474853516,1624200
2014-08-19,119.73999786376953,119.77999877929688,119.30000305175781,119.47000122070312,78.1084976196289,1559000
2014-08-20,119.43000030517578,119.47000122070312,119.11000061035156,119.19999694824219,77.93199157714844,746700
2014-08-21,119.38999938964844,119.63999938964844,119.37999725341797,119.61000061035156,78.20004272460938,1817900
2014-08-22,119.61000061035156,119.87999725341797,119.33999633789062,119.76000213623047,78.29808044433594,1014500
2014-08-25,119.87999725341797,119.94999694824219,119.72000122070312,119.94999694824219,78.4223403930664,793300
2014-08-26,120.05000305175781,120.08999633789062,119.8499984741211,120.02999877929688,78.474609375,730100
2014-08-27,120.0999984741211,120.29000091552734,120.0199966430664,120.2300033569336,78.60539245605469,1412400
2014-08-28,120.5,120.5999984741211,120.31999969482422,120.48999786376953,78.77532958984375,1100200
2014-08-29,120.43000030517578,120.68000030517578,120.38999938964844,120.58000183105469,78.83418273925781,1257900
2014-09-02,119.73999786376953,119.87999725341797,119.58000183105469,119.66999816894531,78.45915222167969,3493400
2014-09-03,119.45999908447266,119.83000183105469,119.41000366210938,119.83000183105469,78.56412506103516,838300
2014-09-04,119.52999877929688,119.66000366210938,118.94999694824219,118.9800033569336,78.00678253173828,4901900
2014-09-05,119.26000213623047,119.4000015258789,118.88999938964844,119.0,78.01991271972656,1557300
2014-09-08,119.20999908447266,119.30000305175781,118.7699966430664,118.80000305175781,77.88872528076172,1133000
2014-09-09,118.69000244140625,118.70999908447266,118.47000122070312,118.4800033569336,77.67897033691406,1853400
2014-09-10,118.23999786376953,118.41000366210938,118.19999694824219,118.29000091552734,77.5544204711914,1894800
2014-09-11,118.38999938964844,118.55000305175781,118.19999694824219,118.19999694824219,77.49541473388672,1300200
2014-09-12,117.86000061035156,118.02999877929688,117.5999984741211,117.62999725341797,77.12168884277344,1296900
2014-09-15,117.88999938964844,117.94000244140625,117.61000061035156,117.66000366210938,77.14134979248047,3575600
2014-09-16,117.66999816894531,117.91999816894531,117.58000183105469,117.63999938964844,77.1282730102539,1567600
2014-09-17,117.80999755859375,117.91000366210938,117.26000213623047,117.31999969482422,76.91844177246094,1763300
2014-09-18,117.41000366210938,117.58000183105469,117.33000183105469,117.52999877929688,77.05619812011719,1521200
2014-09-19,117.66999816894531,118.0199966430664,117.5,117.98999786376953,77.35774993896484,739000
2014-09-22,118.05000305175781,118.16999816894531,117.91000366210938,118.0999984741211,77.42987823486328,1729400
2014-09-23,118.16999816894531,118.29000091552734,118.05999755859375,118.29000091552734,77.5544204711914,904400
2014-09-24,118.22000122070312,118.23999786376953,117.94000244140625,118.01000213623047,77.37083435058594,786700
2014-09-25,118.05999755859375,118.44000244140625,118.05000305175781,118.36000061035156,77.60032653808594,1375200
2014-09-26,117.87999725341797,118.13999938964844,117.4000015258789,118.0999984741211,77.42987823486328,3295000
2014-09-29,118.12000274658203,118.2300033569336,117.87999725341797,118.05000305175781,77.39704895019531,3628200
2014-09-30,118.13999938964844,118.41999816894531,118.05000305175781,118.22000122070312,77.50850677490234,1716100
2014-10-01,118.30999755859375,118.80999755859375,118.25,118.5999984741211,77.97860717773438,1973500
2014-10-02,118.5999984741211,118.79000091552734,118.37000274658203,118.58999633789062,77.97206115722656,1891200
2014-10-03,118.56999969482422,118.94999694824219,118.37000274658203,118.93000030517578,78.19561004638672,2535800
2014-10-06,118.91000366210938,119.1500015258789,118.87000274658203,118.98999786376953,78.23509979248047,1858400
2014-10-07,119.27999877929688,119.62999725341797,119.16000366210938,119.41999816894531,78.51775360107422,1887900
2014-10-08,119.5999984741211,120.08000183105469,119.2300033569336,120.02999877929688,78.91883850097656,2297900
2014-10-09,119.7300033569336,119.94000244140625,119.51000213623047,119.52999877929688,78.59011840820312,1786200
2014-10-10,119.5999984741211,119.66999816894531,119.41000366210938,119.62999725341797,78.65584564208984,1371400
2014-10-13,119.91999816894531,120.18000030517578,119.80000305175781,119.94000244140625,78.85965728759766,1748200
2014-10-14,120.08999633789062,120.25,119.88999938964844,120.20999908447266,79.0372085571289,2826400
2014-10-15,120.80000305175781,122.43000030517578,120.12999725341797,120.30000305175781,79.09638977050781,3497900
2014-10-16,120.73999786376953,120.79000091552734,119.83999633789062,120.02999877929688,78.91883850097656,2229900
2014-10-17,120.05999755859375,120.19999694824219,119.75,119.9800033569336,78.88595581054688,1537800
2014-10-20,120.27999877929688,120.29000091552734,119.97000122070312,120.19999694824219,79.03060913085938,1735300
2014-10-21,120.0,120.23999786376953,119.94999694824219,120.12999725341797,78.98460388183594,1150000
2014-10-22,119.93000030517578,120.0199966430664,119.77999877929688,119.93000030517578,78.85310363769531,957000
2014-10-23,119.69999694824219,119.8499984741211,119.44999694824219,119.69999694824219,78.7018814086914,1408400
2014-10-24,119.68000030517578,119.94999694824219,119.5999984741211,119.75,78.73474884033203,1727800
2014-10-27,119.75,119.91000366210938,119.66000366210938,119.9000015258789,78.8333740234375,1946500
2014-10-28,119.70999908447266,119.75,119.44000244140625,119.5,78.57035827636719,2212700
2014-10-29,119.44000244140625,119.5,118.86000061035156,119.27999877929688,78.42574310302734,3574000
2014-10-30,119.44999694824219,119.69999694824219,119.30000305175781,119.36000061035156,78.47830200195312,2542000
2014-10-31,119.30999755859375,119.44000244140625,119.02999877929688,119.33999633789062,78.4651870727539,1893700
2014-11-03,118.77999877929688,118.97000122070312,118.62999725341797,118.7699966430664,78.3102035522461,6621700
2014-11-04,118.80000305175781,119.12999725341797,118.7699966430664,118.94000244140625,78.42235565185547,2155400
2014-11-05,118.80999755859375,118.8499984741211,118.61000061035156,118.72000122070312,78.27725219726562,1725300
2014-11-06,118.58999633789062,118.70999908447266,118.33000183105469,118.36000061035156,78.0399169921875,1458700
2014-11-07,118.5,119.12000274658203,118.5,119.11000061035156,78.53441619873047,1730000
2014-11-10,118.9800033569336,119.0,118.5,118.51000213623047,78.13882446289062,1710500
2014-11-11,118.5,118.58999633789062,118.4000015258789,118.5,78.13221740722656,805600
2014-11-12,118.83000183105469,118.9800033569336,118.3499984741211,118.48999786376953,78.12557220458984,1931400
2014-11-13,118.52999877929688,118.55999755859375,118.30999755859375,118.36000061035156,78.0399169921875,2128500
2014-11-14,118.25,118.70999908447266,118.19000244140625,118.51000213623047,78.13882446289062,1784800
2014-11-17,118.63999938964844,118.68000030517578,118.16999816894531,118.2300033569336,77.95417785644531,1770100
2014-11-18,118.20999908447266,118.36000061035156,118.16000366210938,118.33000183105469,78.0201187133789,2002900
2014-11-19,117.86000061035156,118.08000183105469,117.69999694824219,117.69999694824219,77.60475158691406,1890200
2014-11-20,118.20999908447266,118.30000305175781,117.87000274658203,118.1500015258789,77.90144348144531,2040100
2014-11-21,118.38999938964844,118.75,118.30000305175781,118.66000366210938,78.23772430419922,1820200
2014-11-24,118.62000274658203,118.88999938964844,118.5999984741211,118.8499984741211,78.36300659179688,1592600
2014-11-25,119.0,119.44999694824219,118.94999694824219,119.36000061035156,78.69925689697266,2052800
2014-11-26,119.7300033569336,119.8499984741211,119.66000366210938,119.7699966430664,78.96955871582031,978200
2014-11-28,119.91000366210938,120.11000061035156,119.91000366210938,120.08999633789062,79.18059539794922,1037800
2014-12-01,119.80000305175781,119.87999725341797,118.94999694824219,119.33999633789062,78.90615844726562,6029800
2014-12-02,118.94000244140625,118.95999908447266,118.54000091552734,118.54000091552734,78.377197265625,1496200
2014-12-03,118.62000274658203,118.83000183105469,118.55000305175781,118.66000366210938,78.45657348632812,5153700
2014-12-04,118.61000061035156,119.0,118.58000183105469,118.8499984741211,78.58218383789062,2413000
2014-12-05,118.75,118.80999755859375,118.30000305175781,118.36000061035156,78.25821685791016,1118600
2014-12-08,118.52999877929688,119.05999755859375,118.41999816894531,118.91999816894531,78.62845611572266,1842000
2014-12-09,119.12999725341797,119.2699966430664,118.9000015258789,119.0199966430664,78.69457244873047,1369900
2014-12-10,118.9800033569336,119.2699966430664,118.93000030517578,118.9800033569336,78.66815948486328,2974000
2014-12-11,119.05000305175781,119.1500015258789,118.68000030517578,118.86000061035156,78.58879852294922,1915600
2014-12-12,119.1500015258789,119.62999725341797,119.0,119.05000305175781,78.71443939208984,3457700
2014-12-15,119.0,119.48999786376953,118.86000061035156,119.33000183105469,78.8995361328125,4318600
2014-12-16,119.33999633789062,119.5999984741211,119.13999938964844,119.29000091552734,78.87312316894531,2041000
2014-12-17,119.5199966430664,119.88999938964844,119.12999725341797,119.31999969482422,78.8929443359375,1875200
2014-12-18,119.25,119.51000213623047,118.87999725341797,119.44000244140625,78.9722900390625,2056600
2014-12-19,119.19000244140625,119.47000122070312,119.02999877929688,119.37999725341797,78.93258666992188,1088400
2014-12-22,119.55999755859375,119.80999755859375,119.33000183105469,119.76000213623047,79.18387603759766,2011400
2014-12-23,119.5999984741211,119.61000061035156,118.7699966430664,118.8499984741211,78.58218383789062,1285700
2014-12-24,118.51000213623047,118.98999786376953,118.41999816894531,118.91000366210938,78.83544158935547,466200
2014-12-26,119.0999984741211,119.12999725341797,118.86000061035156,119.0,78.89509582519531,499100
2014-12-29,119.2699966430664,119.41999816894531,119.11000061035156,119.2300033569336,79.04764556884766,826200
2014-12-30,119.55000305175781,119.72000122070312,119.30000305175781,119.33000183105469,79.11389923095703,1052000
2014-12-31,119.58000183105469,119.79000091552734,119.30999755859375,119.41000366210938,79.16693878173828,1231400
2015-01-02,119.5999984741211,120.23999786376953,119.55000305175781,119.83000183105469,79.44537353515625,2523600
2015-01-05,120.19000244140625,120.68000030517578,120.08999633789062,120.31999969482422,79.77024841308594,3218800
2015-01-06,120.6500015258789,121.16999816894531,120.47000122070312,120.80999755859375,80.0951156616211,5313400
2015-01-07,120.63999938964844,121.05000305175781,120.51000213623047,120.97000122070312,80.20115661621094,1636600
2015-01-08,120.6500015258789,120.66999816894531,120.37000274658203,120.58000183105469,79.942626953125,2156900
2015-01-09,120.41999816894531,121.0199966430664,120.38999938964844,120.9000015258789,80.15476989746094,1530400
2015-01-12,120.94000244140625,121.19000244140625,120.87000274658203,121.12999725341797,80.30728149414062,1948000
2015-01-13,121.12999725341797,121.27999877929688,120.91000366210938,121.23999786376953,80.38020324707031,1468300
2015-01-14,121.70999908447266,121.81999969482422,121.3499984741211,121.44999694824219,80.51942443847656,2457000
2015-01-15,121.52999877929688,122.2699966430664,121.44999694824219,122.08000183105469,80.93708038330078,2171300
2015-01-16,121.70999908447266,121.91000366210938,121.2300033569336,121.4000015258789,80.48625183105469,1322500
2015-01-20,121.70999908447266,122.05999755859375,121.62999725341797,121.68000030517578,80.6718978881836,1648900
2015-01-21,122.08000183105469,122.11000061035156,121.31999969482422,121.62999725341797,80.63877868652344,1878000
2015-01-22,121.87999725341797,121.95999908447266,121.25,121.56999969482422,80.5989761352539,1938400
2015-01-23,122.08999633789062,122.41000366210938,122.04000091552734,122.27999877929688,81.06969451904297,1436300
2015-01-26,122.3499984741211,122.47000122070312,122.0,122.25,81.0498046875,2347900
2015-01-27,122.68000030517578,122.83000183105469,122.19999694824219,122.33999633789062,81.10948181152344,1268000
2015-01-28,122.38999938964844,123.33999633789062,122.37000274658203,123.16999816894531,81.65972900390625,1367900
2015-01-29,122.86000061035156,123.02999877929688,122.69000244140625,122.87999725341797,81.46747589111328,1674500
2015-01-30,123.55000305175781,123.9000015258789,123.43000030517578,123.88999938964844,82.13707733154297,3499000
2015-02-02,123.23999786376953,123.72000122070312,123.05000305175781,123.66999816894531,82.21356201171875,5684700
2015-02-03,123.05999755859375,123.19000244140625,122.5199966430664,122.66999816894531,81.5488052368164,2828500
2015-02-04,122.26000213623047,122.87000274658203,122.19000244140625,122.83999633789062,81.66180419921875,3209500
2015-02-05,122.58999633789062,122.69000244140625,122.36000061035156,122.44999694824219,81.40253448486328,1789300
2015-02-06,121.95999908447266,122.08999633789062,121.13999938964844,121.16999816894531,80.55158233642578,2578400
2015-02-09,121.55999755859375,121.62000274658203,121.11000061035156,121.25,80.60478210449219,2426900
2015-02-10,121.2300033569336,121.30000305175781,120.88999938964844,120.91999816894531,80.3853988647461,2580300
2015-02-11,121.02999877929688,121.05000305175781,120.63999938964844,121.0,80.43858337402344,2239600
2015-02-12,121.0,121.44000244140625,120.9000015258789,121.30999755859375,80.64466094970703,4045600
2015-02-13,121.29000091552734,121.36000061035156,120.81999969482422,120.83000183105469,80.3255615234375,2068700
2015-02-17,120.66000366210938,120.77999877929688,120.05999755859375,120.2699966430664,79.9532699584961,2970300
2015-02-18,120.33999633789062,121.0,120.20999908447266,120.69999694824219,80.23914337158203,3221900
2015-02-19,120.63999938964844,121.08000183105469,120.54000091552734,120.68000030517578,80.22584533691406,2765500
2015-02-20,121.0199966430664,121.31999969482422,120.47000122070312,120.86000061035156,80.3454818725586,1621100
2015-02-23,121.1500015258789,121.27999877929688,121.05999755859375,121.2699966430664,80.61808776855469,2191400
2015-02-24,121.05999755859375,122.0999984741211,120.80000305175781,122.05999755859375,81.14322662353516,1891700
2015-02-25,121.91999816894531,122.19999694824219,121.73999786376953,122.16999816894531,81.21639251708984,2024500
2015-02-26,122.0,122.1500015258789,121.44000244140625,121.51000213623047,80.77762603759766,1192200
2015-02-27,121.54000091552734,121.86000061035156,121.30999755859375,121.80000305175781,80.97039794921875,2892800
2015-03-02,121.36000061035156,121.36000061035156,120.4000015258789,120.41999816894531,80.26849365234375,4540700
2015-03-03,120.5,120.7699966430664,120.33999633789062,120.3499984741211,80.22185516357422,4737600
2015-03-04,120.66000366210938,120.66999816894531,120.19999694824219,120.2699966430664,80.16851806640625,2703200
2015-03-05,120.5,120.58000183105469,120.12999725341797,120.43000030517578,80.27518463134766,1307600
2015-03-06,119.69999694824219,119.80999755859375,119.11000061035156,119.1500015258789,79.42195129394531,3372800
2015-03-09,119.58999633789062,119.68000030517578,119.37999725341797,119.62999725341797,79.74189758300781,6241000
2015-03-10,120.0199966430664,120.19000244140625,119.79000091552734,119.81999969482422,79.86856079101562,3356900
2015-03-11,120.06999969482422,120.44000244140625,119.87999725341797,120.43000030517578,80.27518463134766,1712200
2015-03-12,120.62999725341797,120.72000122070312,120.08000183105469,120.30999755859375,80.19519805908203,2970700
2015-03-13,120.0,120.30000305175781,119.9000015258789,119.97000122070312,79.96851348876953,1845300
2015-03-16,120.41999816894531,120.41999816894531,119.91000366210938,120.08999633789062,80.04853057861328,1588300
2015-03-17,120.0999984741211,120.37000274658203,119.87999725341797,120.29000091552734,80.18187713623047,2528800
2015-03-18,120.54000091552734,121.88999938964844,120.36000061035156,121.7699966430664,81.16837310791016,3382500
2015-03-19,121.4800033569336,121.61000061035156,121.05000305175781,121.1500015258789,80.75511169433594,2503000
2015-03-20,121.47000122070312,121.70999908447266,121.36000061035156,121.48999786376953,80.98173522949219,3669300
2015-03-23,121.56999969482422,121.83000183105469,121.55000305175781,121.7699966430664,81.16837310791016,2946600
2015-03-24,121.88999938964844,122.0,121.69999694824219,121.94999694824219,81.28839874267578,2782100
2015-03-25,122.0,122.30000305175781,121.44000244140625,121.55000305175781,81.02173614501953,3205900
2015-03-26,121.2699966430664,121.37999725341797,120.72000122070312,120.80000305175781,80.52180480957031,2681800
2015-03-27,121.18000030517578,121.54000091552734,121.02999877929688,121.27999877929688,80.8417739868164,1009700
2015-03-30,121.41999816894531,121.58999633789062,121.27999877929688,121.48999786376953,80.98173522949219,981100
2015-03-31,121.47000122070312,121.76000213623047,121.31999969482422,121.70999908447266,81.12838745117188,1688400
2015-04-01,121.69999694824219,122.16999816894531,121.61000061035156,121.7300033569336,81.36166381835938,7393500
2015-04-02,121.94000244140625,122.12000274658203,121.5,121.52999877929688,81.22797393798828,3013700
2015-04-06,122.01000213623047,122.16000366210938,121.4000015258789,121.69000244140625,81.33493041992188,3496000
2015-04-07,121.5999984741211,122.13999938964844,121.47000122070312,122.12999725341797,81.62898254394531,2613500
2015-04-08,122.12999725341797,122.12999725341797,121.69999694824219,122.08999633789062,81.60224914550781,3933500
2015-04-09,122.06999969482422,122.06999969482422,121.36000061035156,121.47000122070312,81.18787384033203,1780600
2015-04-10,121.80999755859375,121.9000015258789,121.55999755859375,121.63999938964844,81.3014907836914,1325000
2015-04-13,121.6500015258789,121.8499984741211,121.54000091552734,121.5999984741211,81.27479553222656,1710100
2015-04-14,122.05000305175781,122.30999755859375,121.8499984741211,121.87999725341797,81.46188354492188,2245000
2015-04-15,122.1500015258789,122.29000091552734,121.95999908447266,121.95999908447266,81.51531982421875,1560900
2015-04-16,122.13999938964844,122.13999938964844,121.56999969482422,121.88999938964844,81.46861267089844,1820500
2015-04-17,121.81999969482422,122.3499984741211,121.6500015258789,122.22000122070312,81.68914794921875,1625800
2015-04-20,122.19000244140625,122.3499984741211,121.83999633789062,121.93000030517578,81.49532318115234,1527200
2015-04-21,122.05000305175781,122.0999984741211,121.77999877929688,121.9000015258789,81.47526550292969,2441600
2015-04-22,121.93000030517578,121.94000244140625,121.08999633789062,121.11000061035156,80.947265625,2106000
2015-04-23,121.13999938964844,121.58999633789062,121.04000091552734,121.41999816894531,81.15446472167969,1962900
2015-04-24,121.61000061035156,121.83000183105469,121.51000213623047,121.6500015258789,81.30821990966797,1690200
2015-04-27,121.6500015258789,121.76000213623047,121.31999969482422,121.55999755859375,81.24800109863281,1564700
2015-04-28,121.22000122070312,121.37999725341797,120.76000213623047,120.83999633789062,80.76681518554688,1972700
2015-04-29,120.01000213623047,120.1500015258789,119.5999984741211,119.83999633789062,80.09845733642578,3087100
2015-04-30,119.66000366210938,120.01000213623047,119.16999816894531,119.94000244140625,80.16522216796875,5716000
2015-05-01,119.22000122070312,119.47000122070312,118.80000305175781,118.94999694824219,79.72288513183594,3462200
2015-05-04,119.01000213623047,119.16000366210938,118.55999755859375,118.56999969482422,79.46820068359375,2689600
2015-05-05,118.63999938964844,118.69000244140625,118.05000305175781,118.37000274658203,79.3342056274414,3307400
2015-05-06,118.30000305175781,118.30000305175781,117.68000030517578,117.86000061035156,78.99235534667969,2105900
2015-05-07,118.01000213623047,118.41000366210938,117.86000061035156,118.33000183105469,79.30740356445312,3641200
2015-05-08,119.08999633789062,119.2300033569336,118.83000183105469,119.01000213623047,79.76309204101562,5393700
2015-05-11,118.61000061035156,118.6500015258789,117.69000244140625,117.80999755859375,78.95886993408203,3882800
2015-05-12,117.44999694824219,117.9800033569336,117.19999694824219,117.63999938964844,78.84496307373047,3737200
2015-05-13,118.20999908447266,118.27999877929688,117.48999786376953,117.52999877929688,78.7712173461914,3263600
2015-05-14,117.75,118.13999938964844,117.61000061035156,117.93000030517578,79.03929138183594,3094300
2015-05-15,118.20999908447266,118.81999969482422,118.0999984741211,118.75,79.5888671875,1856500
2015-05-18,118.30999755859375,118.4800033569336,117.75,117.83999633789062,78.97895050048828,2820500
2015-05-19,117.30000305175781,117.80000305175781,117.19999694824219,117.20999908447266,78.55671691894531,3562500
2015-05-20,117.37999725341797,117.68000030517578,117.11000061035156,117.3499984741211,78.65056610107422,2626800
2015-05-21,117.55000305175781,117.94999694824219,117.41999816894531,117.91000366210938,79.0259017944336,1606900
2015-05-22,117.81999969482422,117.8499984741211,117.51000213623047,117.83000183105469,78.97224426269531,2858500
2015-05-26,117.86000061035156,118.41000366210938,117.80999755859375,118.3499984741211,79.32079315185547,2232300
2015-05-27,118.36000061035156,118.55000305175781,118.08999633789062,118.47000122070312,79.40118408203125,2282700
2015-05-28,118.43000030517578,118.48999786376953,118.19000244140625,118.22000122070312,79.23365783691406,2901000
2015-05-29,118.5,118.56999969482422,118.12999725341797,118.2699966430664,79.26716613769531,2845800
2015-06-01,117.86000061035156,117.98999786376953,117.22000122070312,117.27999877929688,78.82290649414062,5315800
2015-06-02,116.87000274658203,116.98999786376953,116.58999633789062,116.68000030517578,78.41963195800781,7084900
2015-06-03,116.44000244140625,116.44000244140625,115.70999908447266,115.93000030517578,77.91559600830078,3307900
2015-06-04,116.12000274658203,116.66999816894531,116.12000274658203,116.52999877929688,78.31885528564453,2849100
2015-06-05,115.91000366210938,116.20999908447266,115.5,115.94000244140625,77.92229461669922,5548400
2015-06-08,116.08000183105469,116.19999694824219,115.86000061035156,115.86000061035156,77.8685302734375,2131100
2015-06-09,115.66999816894531,115.66999816894531,115.23999786376953,115.33999633789062,77.51902770996094,6152300
2015-06-10,115.18000030517578,115.27999877929688,114.93000030517578,115.02999877929688,77.3106689453125,1959600
2015-06-11,115.54000091552734,116.06999969482422,115.29000091552734,116.05000305175781,77.99622344970703,2562600
2015-06-12,115.76000213623047,116.33000183105469,115.7300033569336,115.8499984741211,77.86185455322266,2437900
2015-06-15,116.19999694824219,116.25,115.68000030517578,115.83000183105469,77.84835052490234,1827600
2015-06-16,115.95999908447266,116.12000274658203,115.66000366210938,116.12000274658203,78.04328155517578,2274100
2015-06-17,116.04000091552734,116.19999694824219,115.47000122070312,116.11000061035156,78.03653717041016,3824200
2015-06-18,115.8499984741211,116.0,115.52999877929688,115.9000015258789,77.89543914794922,1853100
2015-06-19,116.2300033569336,116.62000274658203,116.05999755859375,116.5199966430664,78.31209564208984,5114500
2015-06-22,116.08999633789062,116.25,115.54000091552734,115.5999984741211,77.69381713867188,2547700
2015-06-23,115.08999633789062,115.63999938964844,115.08999633789062,115.33999633789062,77.51902770996094,1238700
2015-06-24,115.44000244140625,115.72000122070312,115.30000305175781,115.66000366210938,77.73413848876953,2540000
2015-06-25,115.4800033569336,115.63999938964844,115.26000213623047,115.47000122070312,77.60643768310547,2567500
2015-06-26,115.0199966430664,115.12999725341797,114.7300033569336,114.94000244140625,77.250244140625,2285000
2015-06-29,115.22000122070312,116.08999633789062,115.1500015258789,115.94000244140625,77.92229461669922,5945700
2015-06-30,115.66999816894531,116.18000030517578,115.5999984741211,115.72000122070312,77.77446746826172,2668600
2015-07-01,115.02999877929688,115.29000091552734,115.0199966430664,115.0199966430664,77.5250473022461,4088700
2015-07-02,115.30000305175781,115.66000366210938,115.27999877929688,115.45999908447266,77.82159423828125,1971000
2015-07-06,115.87999725341797,116.06999969482422,115.58999633789062,115.91999816894531,78.13167572021484,4845100
2015-07-07,116.6500015258789,116.86000061035156,116.26000213623047,116.4000015258789,78.45519256591797,3627500
2015-07-08,116.51000213623047,116.70999908447266,116.2300033569336,116.55999755859375,78.56304931640625,3490600
2015-07-09,116.16000366210938,116.19999694824219,115.72000122070312,115.79000091552734,78.04402160644531,1427800
2015-07-10,115.1500015258789,115.36000061035156,114.80999755859375,115.05000305175781,77.54527282714844,2740000
2015-07-13,114.58000183105469,115.08000183105469,114.58000183105469,114.80000305175781,77.3767318725586,3146100
2015-07-14,114.87000274658203,115.0,114.66000366210938,114.9000015258789,77.44416046142578,4364200
2015-07-15,114.86000061035156,115.37000274658203,114.7699966430664,115.19999694824219,77.64640045166016,1923800
2015-07-16,115.02999877929688,115.45999908447266,114.91999816894531,115.37999725341797,77.76770782470703,2036600
2015-07-17,115.38999938964844,115.62000274658203,115.38999938964844,115.45999908447266,77.82159423828125,2268200
2015-07-20,115.25,115.44999694824219,115.1500015258789,115.19000244140625,77.6396484375,2805800
2015-07-21,115.01000213623047,115.4800033569336,115.0,115.43000030517578,77.80142974853516,2490900
2015-07-22,115.41000366210938,115.75,115.33999633789062,115.58000183105469,77.90249633789062,1292900
2015-07-23,115.52999877929688,116.0199966430664,115.4000015258789,115.91999816894531,78.13167572021484,2007600
2015-07-24,116.11000061035156,116.11000061035156,115.66999816894531,115.87000274658203,78.09796905517578,2704700
2015-07-27,115.93000030517578,116.18000030517578,115.80999755859375,115.87999725341797,78.10470581054688,4836700
2015-07-28,115.62999725341797,115.81999969482422,115.5,115.79000091552734,78.04402160644531,2755100
2015-07-29,115.7300033569336,115.80999755859375,115.5199966430664,115.69000244140625,77.97664642333984,1569200
2015-07-30,115.7699966430664,115.91999816894531,115.5999984741211,115.75,78.01709747314453,2157600
2015-07-31,116.11000061035156,116.41000366210938,116.0999984741211,116.3499984741211,78.4214859008789,3626900
2015-08-03,115.86000061035156,116.37999725341797,115.83000183105469,116.29000091552734,78.60395812988281,2942800
2015-08-04,115.98999786376953,116.05000305175781,115.63999938964844,115.69999694824219,78.20516967773438,3823200
2015-08-05,115.51000213623047,115.51000213623047,115.08999633789062,115.25,77.90104675292969,2991600
2015-08-06,115.37999725341797,115.58999633789062,115.33000183105469,115.47000122070312,78.04972839355469,1750800
2015-08-07,115.63999938964844,115.94000244140625,115.55000305175781,115.87000274658203,78.32010650634766,2907200
2015-08-10,115.58000183105469,115.68000030517578,115.3499984741211,115.41000366210938,78.00918579101562,1317600
2015-08-11,115.88999938964844,116.20999908447266,115.81999969482422,115.88999938964844,78.33364868164062,5011600
2015-08-12,115.88999938964844,116.26000213623047,115.6500015258789,115.70999908447266,78.21195220947266,5062200
2015-08-13,115.41000366210938,115.66000366210938,115.22000122070312,115.30999755859375,77.94164276123047,1647500
2015-08-14,115.27999877929688,115.52999877929688,115.16999816894531,115.41999816894531,78.01594543457031,1693600
2015-08-17,115.80000305175781,116.0999984741211,115.58999633789062,115.79000091552734,78.26602172851562,3313900
2015-08-18,115.5199966430664,115.63999938964844,115.27999877929688,115.3499984741211,77.9686508178711,2200900
2015-08-19,115.0999984741211,115.98999786376953,115.0,115.91000366210938,78.34715270996094,2600100
2015-08-20,115.94999694824219,116.11000061035156,115.80999755859375,115.9800033569336,78.39447021484375,1760100
2015-08-21,116.01000213623047,116.29000091552734,115.81999969482422,116.01000213623047,78.41475677490234,2971100
2015-08-24,116.5,116.58999633789062,115.62999725341797,115.69000244140625,78.19845581054688,3966000
2015-08-25,115.3499984741211,115.55999755859375,114.87000274658203,115.0999984741211,77.7996597290039,2625300
2015-08-26,114.87999725341797,115.2300033569336,114.68000030517578,115.02999877929688,77.75232696533203,3299400
2015-08-27,114.80999755859375,115.38999938964844,114.69999694824219,115.13999938964844,77.82669067382812,2957800
2015-08-28,115.70999908447266,115.76000213623047,115.2699966430664,115.3499984741211,77.9686508178711,1901200
2015-08-31,115.79000091552734,115.81999969482422,115.05999755859375,115.05999755859375,77.77259063720703,1250200
2015-09-01,115.05999755859375,115.48999786376953,114.83999633789062,115.41999816894531,78.24373626708984,3856800
2015-09-02,114.97000122070312,115.45999908447266,114.97000122070312,115.25,78.12852478027344,1824500
2015-09-03,115.56999969482422,115.94000244140625,115.41999816894531,115.80000305175781,78.50135803222656,11303000
2015-09-04,115.97000122070312,116.19999694824219,115.77999877929688,116.05999755859375,78.6776123046875,1648600
2015-09-08,115.76000213623047,115.81999969482422,115.5,115.5199966430664,78.31153869628906,1892300
2015-09-09,115.2300033569336,115.83999633789062,115.19999694824219,115.7699966430664,78.48101043701172,2079100
2015-09-10,115.56999969482422,115.6500015258789,115.36000061035156,115.54000091552734,78.32510375976562,2566500
2015-09-11,115.58000183105469,115.88999938964844,115.56999969482422,115.62000274658203,78.37933349609375,2333300
2015-09-14,115.77999877929688,115.81999969482422,115.4800033569336,115.61000061035156,78.37254333496094,1732500
2015-09-15,115.33999633789062,115.4800033569336,114.63999938964844,114.73999786376953,77.78278350830078,3090400
2015-09-16,114.80999755859375,115.05000305175781,114.76000213623047,114.94999694824219,77.92512512207031,2918300
2015-09-17,114.93000030517578,115.94000244140625,114.88999938964844,115.9000015258789,78.56918334960938,4106700
2015-09-18,116.08000183105469,116.37999725341797,116.0,116.25,78.80643463134766,4692400
2015-09-21,115.94000244140625,116.0999984741211,115.61000061035156,115.66000366210938,78.40646362304688,3209900
2015-09-22,116.05000305175781,116.3499984741211,115.94000244140625,116.16000366210938,78.74539947509766,4001000
2015-09-23,116.12000274658203,116.22000122070312,115.93000030517578,116.08999633789062,78.69794464111328,2435200
2015-09-24,116.45999908447266,116.5199966430664,116.08000183105469,116.11000061035156,78.71150970458984,2378100
2015-09-25,115.73999786376953,115.94999694824219,115.6500015258789,115.76000213623047,78.47422790527344,2858800
2015-09-28,115.83999633789062,116.16000366210938,115.69999694824219,115.95999908447266,78.60982513427734,3099400
2015-09-29,115.91000366210938,116.1500015258789,115.81999969482422,116.11000061035156,78.71150970458984,2267100
2015-09-30,115.87999725341797,116.12999725341797,115.83000183105469,116.08999633789062,78.69794464111328,4404200
2015-10-01,115.73999786376953,115.91999816894531,115.56999969482422,115.7300033569336,78.68028259277344,6459600
2015-10-02,116.3499984741211,116.48999786376953,116.0199966430664,116.23999786376953,79.02699279785156,3480100
2015-10-05,115.91999816894531,116.06999969482422,115.80000305175781,115.93000030517578,78.8162612915039,7567200
2015-10-06,115.93000030517578,116.22000122070312,115.6500015258789,116.16000366210938,78.97262573242188,3241200
2015-10-07,116.23999786376953,116.5999984741211,115.91999816894531,116.56999969482422,79.25133514404297,5884900
2015-10-08,116.56999969482422,116.56999969482422,115.9800033569336,116.11000061035156,78.93860626220703,2175000
2015-10-09,116.08999633789062,116.27999877929688,115.98999786376953,116.16000366210938,78.97262573242188,3798800
2015-10-12,116.31999969482422,116.69999694824219,116.31999969482422,116.62999725341797,79.29216003417969,860400
2015-10-13,116.61000061035156,116.63999938964844,116.23999786376953,116.54000091552734,79.23095703125,2147200
2015-10-14,116.83999633789062,117.01000213623047,116.56999969482422,117.0,79.5436782836914,1976500
2015-10-15,116.8499984741211,116.94999694824219,116.61000061035156,116.94999694824219,79.50967407226562,4233500
2015-10-16,116.91999816894531,117.02999877929688,116.83000183105469,116.98999786376953,79.53691101074219,3055300
2015-10-19,116.94000244140625,116.98999786376953,116.63999938964844,116.9800033569336,79.53011322021484,2510700
2015-10-20,116.63999938964844,116.8499984741211,116.55000305175781,116.76000213623047,79.38055419921875,4190100
2015-10-21,117.05000305175781,117.37000274658203,117.05000305175781,117.33999633789062,79.77481079101562,2497700
2015-10-22,117.30999755859375,117.77999877929688,117.22000122070312,117.58999633789062,79.9448013305664,2396900
2015-10-23,117.3499984741211,117.41000366210938,117.16000366210938,117.16000366210938,79.65243530273438,3682800
2015-10-26,117.37000274658203,117.43000030517578,117.12999725341797,117.37000274658203,79.79524230957031,3771900
2015-10-27,117.66000366210938,117.69000244140625,117.37000274658203,117.4000015258789,79.81561279296875,2809600
2015-10-28,117.29000091552734,117.36000061035156,116.81999969482422,116.94000244140625,79.50292205810547,4693300
2015-10-29,116.61000061035156,116.62999725341797,116.0,116.12000274658203,78.94538116455078,2942100
2015-10-30,116.19000244140625,116.44000244140625,116.08000183105469,116.41999816894531,79.14936065673828,2664100
2015-11-02,115.80000305175781,115.87999725341797,115.55999755859375,115.58999633789062,78.80915832519531,6241700
2015-11-03,115.5999984741211,115.70999908447266,115.43000030517578,115.5999984741211,78.81594848632812,2672700
2015-11-04,115.62999725341797,115.79000091552734,115.44999694824219,115.47000122070312,78.72732543945312,4176400
2015-11-05,115.55999755859375,115.72000122070312,115.2300033569336,115.5,78.747802734375,3743100
2015-11-06,114.83000183105469,114.87999725341797,114.63999938964844,114.75,78.23643493652344,4306200
2015-11-09,114.54000091552734,114.80999755859375,114.43000030517578,114.55999755859375,78.10688018798828,3253200
2015-11-10,114.69999694824219,115.05999755859375,114.56999969482422,114.8499984741211,78.30457305908203,2228800
2015-11-11,114.80000305175781,114.9000015258789,114.7300033569336,114.83999633789062,78.29779815673828,910900
2015-11-12,114.75,115.19999694824219,114.73999786376953,114.80000305175781,78.27052307128906,3102000
2015-11-13,115.08999633789062,115.19000244140625,114.9800033569336,115.13999938964844,78.5023422241211,2618900
2015-11-16,115.20999908447266,115.30000305175781,115.0199966430664,115.16000366210938,78.51595306396484,2558400
2015-11-17,114.94999694824219,115.5,114.86000061035156,115.27999877929688,78.59783172607422,3857700
2015-11-18,115.19999694824219,115.41000366210938,115.06999969482422,115.30999755859375,78.61827850341797,1713300
2015-11-19,115.47000122070312,115.7699966430664,115.44000244140625,115.6500015258789,78.8500747680664,2890500
2015-11-20,115.62999725341797,115.76000213623047,115.4800033569336,115.62999725341797,78.83644104003906,2344900
2015-11-23,115.54000091552734,115.75,115.47000122070312,115.66999816894531,78.86371612548828,1948100
2015-11-24,115.63999938964844,115.81999969482422,115.58000183105469,115.70999908447266,78.89095306396484,1659500
2015-11-25,115.75,115.91000366210938,115.68000030517578,115.81999969482422,78.96599578857422,609600
2015-11-27,115.91000366210938,116.0,115.86000061035156,115.86000061035156,78.99319458007812,409200
2015-11-30,115.8499984741211,115.94999694824219,115.80000305175781,115.91000366210938,79.0273666381836,4925000
2015-12-01,115.63999938964844,116.47000122070312,115.55999755859375,116.44999694824219,79.62151336669922,5961700
2015-12-02,116.20999908447266,116.33000183105469,116.05000305175781,116.16999816894531,79.43009185791016,6138300
2015-12-03,115.58000183105469,115.69000244140625,114.55999755859375,114.62999725341797,78.37708282470703,4515400
2015-12-04,114.79000091552734,115.27999877929688,114.79000091552734,115.25,78.8010482788086,3120500
2015-12-07,115.22000122070312,115.83000183105469,115.19000244140625,115.44999694824219,78.93778991699219,3094600
2015-12-08,115.5999984741211,115.61000061035156,115.22000122070312,115.30000305175781,78.8351821899414,3754100
2015-12-09,115.16999816894531,115.41999816894531,114.93000030517578,115.2699966430664,78.81468200683594,3394600
2015-12-10,115.29000091552734,115.47000122070312,115.0,115.0,78.63009643554688,4722600
2015-12-11,115.27999877929688,115.41000366210938,114.80999755859375,115.19999694824219,78.76679992675781,7949600
2015-12-14,114.8499984741211,115.0,114.18000030517578,114.3499984741211,78.1856460571289,6442800
2015-12-15,114.06999969482422,114.62999725341797,113.94000244140625,114.36000061035156,78.19245910644531,3822600
2015-12-16,114.30999755859375,114.62999725341797,113.69999694824219,114.33999633789062,78.17876434326172,2540900
2015-12-17,114.66000366210938,114.73999786376953,114.33999633789062,114.47000122070312,78.26770782470703,2327500
2015-12-18,114.5199966430664,114.76000213623047,114.43000030517578,114.47000122070312,78.26770782470703,2566200
2015-12-21,114.76000213623047,114.9000015258789,114.45999908447266,114.55000305175781,78.32238006591797,3026000
2015-12-22,114.43000030517578,114.58999633789062,114.29000091552734,114.4000015258789,78.2198257446289,2204900
2015-12-23,114.27999877929688,114.5199966430664,114.20999908447266,114.5,78.28820037841797,1923200
2015-12-24,114.33999633789062,114.55000305175781,114.19999694824219,114.55000305175781,78.54328918457031,920100
2015-12-28,114.36000061035156,114.55999755859375,114.20999908447266,114.41000366210938,78.44730377197266,2422500
2015-12-29,114.27999877929688,114.37999725341797,113.80999755859375,113.81999969482422,78.04273223876953,2965700
2015-12-30,113.7699966430664,114.05000305175781,113.7300033569336,113.81999969482422,78.04273223876953,1890600
2015-12-31,114.16999816894531,114.2699966430664,114.0,114.01000213623047,78.17298126220703,1228200
2016-01-04,114.1500015258789,114.41000366210938,113.88999938964844,113.94999694824219,78.1318359375,8333700
2016-01-05,114.08999633789062,114.2300033569336,113.91000366210938,114.01000213623047,78.17298126220703,4474300
2016-01-06,114.4800033569336,114.52999877929688,114.30000305175781,114.45999908447266,78.4815444946289,4522400
2016-01-07,114.56999969482422,114.68000030517578,114.25,114.55000305175781,78.54328918457031,4820000
2016-01-08,114.5199966430664,114.91999816894531,114.44000244140625,114.63999938964844,78.60501098632812,4363500
2016-01-11,114.48999786376953,114.61000061035156,114.2300033569336,114.2699966430664,78.35130310058594,4161500
2016-01-12,114.30000305175781,114.91000366210938,114.30000305175781,114.52999877929688,78.5295181274414,2616600
2016-01-13,114.72000122070312,115.0,114.54000091552734,114.87999725341797,78.76954650878906,5649800
2016-01-14,114.9000015258789,114.91999816894531,114.26000213623047,114.30999755859375,78.3786849975586,4735300
2016-01-15,114.33999633789062,114.48999786376953,113.9800033569336,114.13999938964844,78.26215362548828,5977900
2016-01-19,114.04000091552734,114.12000274658203,113.61000061035156,113.62999725341797,77.9124755859375,3374300
2016-01-20,113.83999633789062,113.94000244140625,113.51000213623047,113.80000305175781,78.02899169921875,6175300
2016-01-21,113.80999755859375,113.98999786376953,113.36000061035156,113.47000122070312,77.80277252197266,3928300
2016-01-22,113.43000030517578,113.76000213623047,113.3499984741211,113.54000091552734,77.8507308959961,2932000
2016-01-25,113.19000244140625,113.70999908447266,113.19000244140625,113.41999816894531,77.7684555053711,2485200
2016-01-26,113.51000213623047,113.77999877929688,113.44000244140625,113.73999786376953,77.98786926269531,4002200
2016-01-27,113.52999877929688,113.70999908447266,113.20999908447266,113.43000030517578,77.7753677368164,2535900
2016-01-28,113.2699966430664,113.75,113.2699966430664,113.55999755859375,77.86445617675781,4187100
2016-01-29,114.22000122070312,114.22000122070312,113.9000015258789,114.1500015258789,78.2690200805664,2022700
2016-02-01,113.48999786376953,113.58999633789062,113.11000061035156,113.44999694824219,78.01937866210938,8696800
2016-02-02,113.63999938964844,113.73999786376953,113.37000274658203,113.66000366210938,78.16381072998047,5881200
2016-02-03,113.5199966430664,113.94000244140625,113.23999786376953,113.37999725341797,77.97122192382812,3732100
2016-02-04,113.48999786376953,113.68000030517578,113.33000183105469,113.43000030517578,78.00566101074219,3367500
2016-02-05,113.27999877929688,113.5,113.12000274658203,113.41000366210938,77.99183654785156,4334400
2016-02-08,113.6500015258789,114.08000183105469,113.5,114.0,78.39759826660156,3265200
2016-02-09,113.66000366210938,114.08000183105469,113.58999633789062,113.61000061035156,78.12938690185547,3346900
2016-02-10,113.73999786376953,113.93000030517578,113.62000274658203,113.75,78.22567749023438,3738300
2016-02-11,114.0,114.48999786376953,113.9000015258789,114.12999725341797,78.4869613647461,5333600
2016-02-12,113.66999816894531,113.83000183105469,113.16999816894531,113.48999786376953,78.04690551757812,4180600
2016-02-16,113.52999877929688,113.52999877929688,112.87999725341797,112.94999694824219,77.675537109375,4972200
2016-02-17,112.9000015258789,113.13999938964844,112.66999816894531,112.91999816894531,77.6549072265625,5008100
2016-02-18,113.19000244140625,113.87999725341797,113.08000183105469,113.83999633789062,78.28755950927734,3810700
2016-02-19,113.80000305175781,113.97000122070312,113.56999969482422,113.76000213623047,78.23258209228516,3587300
2016-02-22,113.87000274658203,114.04000091552734,113.77999877929688,113.98999786376953,78.39070892333984,4556800
2016-02-23,113.75,114.30000305175781,113.55000305175781,114.22000122070312,78.54891204833984,2832100
2016-02-24,114.5,114.81999969482422,114.2699966430664,114.33000183105469,78.62455749511719,3402200
2016-02-25,114.58000183105469,115.11000061035156,114.58000183105469,114.97000122070312,79.06468200683594,4531800
2016-02-26,114.91000366210938,114.95999908447266,114.56999969482422,114.93000030517578,79.03719329833984,5422500
2016-02-29,114.8499984741211,115.06999969482422,114.77999877929688,115.01000213623047,79.0921859741211,5231900
2016-03-01,115.11000061035156,115.11000061035156,113.91999816894531,114.05000305175781,78.66111755371094,8301800
2016-03-02,113.94999694824219,114.30000305175781,113.81999969482422,114.27999877929688,78.81973266601562,3519600
2016-03-03,114.29000091552734,114.9000015258789,114.27999877929688,114.81999969482422,79.19215393066406,3614600
2016-03-04,114.73999786376953,114.81999969482422,114.44999694824219,114.80000305175781,79.1783676147461,2040600
2016-03-07,114.48999786376953,114.95999908447266,114.48999786376953,114.93000030517578,79.26808166503906,3616900
2016-03-08,115.7699966430664,115.86000061035156,115.44999694824219,115.54000091552734,79.68880462646484,3279800
2016-03-09,115.19999694824219,115.54000091552734,115.18000030517578,115.41000366210938,79.59915161132812,3205800
2016-03-10,115.91000366210938,116.08999633789062,115.4000015258789,115.88999938964844,79.93018341064453,4459000
2016-03-11,116.30000305175781,116.37999725341797,115.97000122070312,116.22000122070312,80.15776062011719,4603500
2016-03-14,116.43000030517578,116.5999984741211,116.20999908447266,116.55999755859375,80.39228057861328,2997400
2016-03-15,116.83000183105469,116.83000183105469,116.38999938964844,116.5199966430664,80.36469268798828,6599400
2016-03-16,116.3499984741211,117.12000274658203,116.26000213623047,117.08000183105469,80.75091552734375,3975400
2016-03-17,117.08000183105469,117.69000244140625,117.08000183105469,117.44000244140625,80.99922943115234,3341900
2016-03-18,117.86000061035156,117.91000366210938,117.5,117.70999908447266,81.18547821044922,3315200
2016-03-21,117.51000213623047,117.83999633789062,117.41999816894531,117.56999969482422,81.08890533447266,2948600
2016-03-22,117.80000305175781,117.80000305175781,117.27999877929688,117.3499984741211,80.93716430664062,3762900
2016-03-23,117.58999633789062,117.94000244140625,117.30999755859375,117.94000244140625,81.34405517578125,5338700
2016-03-24,118.26000213623047,118.26000213623047,117.80000305175781,117.88999938964844,81.30957794189453,2601500
2016-03-28,117.94000244140625,118.19000244140625,117.86000061035156,117.95999908447266,81.35787200927734,3274500
2016-03-29,118.27999877929688,118.5999984741211,118.11000061035156,118.48999786376953,81.72341918945312,3758500
2016-03-30,118.48999786376953,118.48999786376953,118.19000244140625,118.3499984741211,81.62684631347656,3877600
2016-03-31,118.37999725341797,118.86000061035156,118.29000091552734,118.81999969482422,81.9510269165039,7853500
2016-04-01,118.6500015258789,118.95999908447266,118.19000244140625,118.87000274658203,82.2152328491211,6809800
2016-04-04,118.9000015258789,118.91999816894531,118.66000366210938,118.87999725341797,82.22213745117188,4138700
2016-04-05,118.69000244140625,119.2699966430664,118.55999755859375,119.26000213623047,82.48499298095703,6944700
2016-04-06,119.06999969482422,119.18000030517578,118.91000366210938,119.16000366210938,82.41584777832031,4793600
2016-04-07,119.44000244140625,119.54000091552734,119.25,119.4800033569336,82.6371078491211,3591900
2016-04-08,119.37999725341797,119.38999938964844,119.13999938964844,119.20999908447266,82.4503402709961,2060900
2016-04-11,119.08999633789062,119.33999633789062,118.9800033569336,119.19999694824219,82.4434814453125,1998600
2016-04-12,118.87999725341797,119.04000091552734,118.61000061035156,118.7300033569336,82.1184310913086,3553400
2016-04-13,118.7699966430664,119.16000366210938,118.69999694824219,119.13999938964844,82.40193939208984,2502200
2016-04-14,119.18000030517578,119.2300033569336,118.91000366210938,119.05999755859375,82.34661865234375,1864000
2016-04-15,119.30000305175781,119.62000274658203,119.13999938964844,119.55999755859375,82.69245147705078,3789500
2016-04-18,119.33999633789062,119.69000244140625,119.33999633789062,119.69000244140625,82.7823486328125,2827400
2016-04-19,119.7300033569336,119.91999816894531,119.56999969482422,119.91000366210938,82.93450927734375,2577100
2016-04-20,120.05999755859375,120.38999938964844,119.55000305175781,119.58000183105469,82.706298828125,3040900
2016-04-21,119.66000366210938,119.69000244140625,119.33000183105469,119.52999877929688,82.67169189453125,3579500
2016-04-22,119.91000366210938,119.91000366210938,119.55000305175781,119.66000366210938,82.76164245605469,1651800
2016-04-25,119.68000030517578,119.69000244140625,119.30000305175781,119.37999725341797,82.56793212890625,2923600
2016-04-26,119.5,119.5,119.12000274658203,119.33000183105469,82.53337860107422,3286600
2016-04-27,119.58999633789062,120.08999633789062,119.41999816894531,120.08999633789062,83.05906677246094,3091100
2016-04-28,119.9000015258789,120.2699966430664,119.81999969482422,120.19999694824219,83.13510131835938,3503200
2016-04-29,120.08000183105469,120.41999816894531,119.8499984741211,120.33000183105469,83.2249984741211,2924600
2016-05-02,119.94999694824219,120.05000305175781,119.7699966430664,119.8499984741211,83.11750793457031,6771200
2016-05-03,120.04000091552734,120.23999786376953,119.9000015258789,120.05999755859375,83.2631607055664,3732700
2016-05-04,120.0,120.01000213623047,119.72000122070312,119.86000061035156,83.12446594238281,4228200
2016-05-05,119.95999908447266,120.12999725341797,119.62000274658203,120.0999984741211,83.2908935546875,4466000
2016-05-06,120.05000305175781,120.05000305175781,119.69000244140625,119.83999633789062,83.11056518554688,3045000
2016-05-09,119.94999694824219,119.94999694824219,119.61000061035156,119.72000122070312,83.02734375,6202800
2016-05-10,119.80999755859375,119.97000122070312,119.66999816894531,119.91999816894531,83.16606140136719,5469900
2016-05-11,119.83999633789062,120.23999786376953,119.75,120.05000305175781,83.25624084472656,3416600
2016-05-12,120.0999984741211,120.0999984741211,119.66999816894531,119.80000305175781,83.0828628540039,2681900
2016-05-13,119.91000366210938,120.05999755859375,119.77999877929688,120.0199966430664,83.23544311523438,4328100
2016-05-16,120.0199966430664,120.0199966430664,119.5999984741211,119.62000274658203,82.9579849243164,2968400
2016-05-17,119.61000061035156,119.80000305175781,119.51000213623047,119.58000183105469,82.93028259277344,3386000
2016-05-18,119.44999694824219,119.44999694824219,118.44000244140625,118.55999755859375,82.22289276123047,7022100
2016-05-19,118.62000274658203,118.91999816894531,118.62000274658203,118.83999633789062,82.41708374023438,5759900
2016-05-20,118.93000030517578,118.98999786376953,118.69000244140625,118.91999816894531,82.4725341796875,2977700
2016-05-23,118.91999816894531,118.9800033569336,118.70999908447266,118.91999816894531,82.4725341796875,2842000
2016-05-24,118.98999786376953,118.98999786376953,118.55999755859375,118.72000122070312,82.33386993408203,3498100
2016-05-25,118.7300033569336,118.95999908447266,118.69999694824219,118.93000030517578,82.4794692993164,4793800
2016-05-26,118.95999908447266,119.44999694824219,118.95999908447266,119.2699966430664,82.71530151367188,4858600
2016-05-27,119.27999877929688,119.41000366210938,119.02999877929688,119.18000030517578,82.6528549194336,2762800
2016-05-31,119.0,119.5,118.91000366210938,119.38999938964844,82.79852294921875,3170400
2016-06-01,119.27999877929688,119.41999816894531,119.04000091552734,119.13999938964844,82.85693359375,5528700
2016-06-02,119.27999877929688,119.5999984741211,119.2300033569336,119.37999725341797,83.02384185791016,2709400
2016-06-03,120.05000305175781,120.33999633789062,119.93000030517578,120.33999633789062,83.69149017333984,2998800
2016-06-06,120.30999755859375,120.30999755859375,120.0199966430664,120.05000305175781,83.48982238769531,6401500
2016-06-07,120.31999969482422,120.44999694824219,120.18000030517578,120.2300033569336,83.61495971679688,3663400
2016-06-08,120.37999725341797,120.63999938964844,120.33000183105469,120.62999725341797,83.89311981201172,2478800
2016-06-09,120.91000366210938,120.97000122070312,120.7300033569336,120.80000305175781,84.01139068603516,2885400
2016-06-10,120.9000015258789,121.1500015258789,120.87999725341797,120.94000244140625,84.10875701904297,4209200
2016-06-13,121.1500015258789,121.1500015258789,120.68000030517578,120.76000213623047,83.98357391357422,3979900
2016-06-14,120.91999816894531,121.0199966430664,120.44999694824219,120.48999786376953,83.79580688476562,6301100
2016-06-15,120.9000015258789,121.08999633789062,120.6500015258789,120.94000244140625,84.10875701904297,5589500
2016-06-16,120.91999816894531,121.26000213623047,120.86000061035156,121.12000274658203,84.23393249511719,4550700
2016-06-17,121.08000183105469,121.08000183105469,120.69000244140625,120.76000213623047,83.98357391357422,2673200
2016-06-20,120.68000030517578,120.69999694824219,120.4800033569336,120.61000061035156,83.87922668457031,4549700
2016-06-21,120.70999908447266,120.7699966430664,120.41000366210938,120.5,83.80274200439453,4396400
2016-06-22,120.52999877929688,120.7300033569336,120.5,120.72000122070312,83.95573425292969,4090400
2016-06-23,120.6500015258789,120.69999694824219,120.5,120.5999984741211,83.87232208251953,3942700
2016-06-24,120.87999725341797,121.5,120.87999725341797,121.16999816894531,84.26871490478516,5294900
2016-06-27,121.58999633789062,121.98999786376953,121.58999633789062,121.68000030517578,84.62339782714844,7323900
2016-06-28,121.83000183105469,122.38999938964844,121.81999969482422,122.3499984741211,85.08935546875,5555700
2016-06-29,122.5199966430664,122.69000244140625,122.22000122070312,122.30999755859375,85.06153869628906,5325800
2016-06-30,122.44000244140625,122.83999633789062,122.30000305175781,122.73999786376953,85.36055755615234,5398300
2016-07-01,122.98999786376953,123.16999816894531,122.76000213623047,123.05000305175781,85.80757904052734,4396300
2016-07-05,123.45999908447266,123.58000183105469,123.19999694824219,123.47000122070312,86.10043334960938,4415000
2016-07-06,123.63999938964844,123.75,123.4000015258789,123.69000244140625,86.25383758544922,6770300
2016-07-07,123.62999725341797,123.86000061035156,123.45999908447266,123.70999908447266,86.267822265625,2597100
2016-07-08,124.05000305175781,124.41999816894531,123.86000061035156,124.4000015258789,86.74898529052734,3835300
2016-07-11,124.27999877929688,124.4800033569336,124.05999755859375,124.08000183105469,86.52580261230469,3000200
2016-07-12,123.83000183105469,123.83999633789062,123.37000274658203,123.37999725341797,86.03768157958984,4363000
2016-07-13,123.88999938964844,124.05999755859375,123.7300033569336,123.86000061035156,86.37242889404297,3738500
2016-07-14,123.2300033569336,123.68000030517578,123.20999908447266,123.55999755859375,86.16322326660156,7254900
2016-07-15,123.2699966430664,123.5,123.0,123.08999633789062,85.83545684814453,4442600
2016-07-18,123.41000366210938,123.44999694824219,122.83000183105469,123.08999633789062,85.83545684814453,4737300
2016-07-19,123.41000366210938,123.41000366210938,123.0199966430664,123.30999755859375,85.9888687133789,7196300
2016-07-20,123.19000244140625,123.30999755859375,122.94000244140625,123.2699966430664,85.96097564697266,3676800
2016-07-21,122.87999725341797,123.44999694824219,122.80000305175781,123.41000366210938,86.05866241455078,3570100
2016-07-22,123.16999816894531,123.61000061035156,123.0999984741211,123.33999633789062,86.00978088378906,3748200
2016-07-25,123.5199966430664,123.5199966430664,123.19999694824219,123.2699966430664,85.96097564697266,3295600
2016-07-26,123.55999755859375,123.55999755859375,122.97000122070312,123.1500015258789,85.87733459472656,4929300
2016-07-27,123.38999938964844,123.73999786376953,123.19999694824219,123.66000366210938,86.23295593261719,5976800
2016-07-28,123.38999938964844,123.62000274658203,123.25,123.54000091552734,86.14926147460938,5276100
2016-07-29,123.5,124.04000091552734,123.5,123.98999786376953,86.46305084228516,4226100
2016-08-01,123.31999969482422,123.44000244140625,122.94999694824219,122.97000122070312,85.97574615478516,4827700
2016-08-02,122.43000030517578,122.66999816894531,122.11000061035156,122.27999877929688,85.49333190917969,4526700
2016-08-03,122.52999877929688,122.6500015258789,122.18000030517578,122.44000244140625,85.60518646240234,6037600
2016-08-04,122.8499984741211,123.2300033569336,122.7300033569336,122.95999908447266,85.9687728881836,3413100
2016-08-05,122.87000274658203,122.95999908447266,122.41000366210938,122.45999908447266,85.61922454833984,3888300
2016-08-08,122.33999633789062,122.7699966430664,122.2300033569336,122.54000091552734,85.67511749267578,4161300
2016-08-09,122.87999725341797,123.31999969482422,122.75,123.26000213623047,86.17852020263672,4259100
2016-08-10,123.5999984741211,123.72000122070312,123.27999877929688,123.61000061035156,86.4232406616211,6338800
2016-08-11,123.69999694824219,123.76000213623047,123.05999755859375,123.19999694824219,86.13653564453125,4227600
2016-08-12,123.76000213623047,124.05999755859375,123.68000030517578,123.76000213623047,86.5280990600586,6585200
2016-08-15,123.62000274658203,123.63999938964844,123.37999725341797,123.37999725341797,86.26241302490234,2980700
2016-08-16,123.5199966430664,123.52999877929688,123.11000061035156,123.16000366210938,86.10855865478516,4526300
2016-08-17,123.25,123.66000366210938,123.18000030517578,123.5,86.3463134765625,4566900
2016-08-18,123.73999786376953,123.94000244140625,123.5,123.80000305175781,86.5560531616211,4237900
2016-08-19,123.54000091552734,123.69999694824219,123.26000213623047,123.43000030517578,86.29737091064453,5272100
2016-08-22,123.83999633789062,123.97000122070312,123.63999938964844,123.8499984741211,86.5910415649414,5221000
2016-08-23,124.05000305175781,124.2300033569336,123.9000015258789,123.98999786376953,86.68890380859375,5398800
2016-08-24,124.16999816894531,124.25,123.9000015258789,123.91000366210938,86.63294219970703,3871200
2016-08-25,123.91999816894531,124.06999969482422,123.76000213623047,123.79000091552734,86.549072265625,3679300
2016-08-26,124.05000305175781,124.44999694824219,123.31999969482422,123.4000015258789,86.2763671875,3388100
2016-08-29,123.80000305175781,124.25,123.70999908447266,124.0999984741211,86.76581573486328,2668000
2016-08-30,124.08000183105469,124.0999984741211,123.80999755859375,123.94000244140625,86.65392303466797,10626500
2016-08-31,124.01000213623047,124.05000305175781,123.7699966430664,123.88999938964844,86.61898803710938,5300000
2016-09-01,123.19999694824219,123.62999725341797,123.08000183105469,123.56999969482422,86.61898803710938,10146300
2016-09-02,123.58000183105469,123.58999633789062,123.0999984741211,123.3499984741211,86.46475982666016,4155700
2016-09-06,123.47000122070312,123.9000015258789,123.18000030517578,123.77999877929688,86.76620483398438,6387400
2016-09-07,123.94999694824219,124.04000091552734,123.61000061035156,123.61000061035156,86.64704132080078,2983400
2016-09-08,123.25,123.4000015258789,122.66999816894531,122.73999786376953,86.03712463378906,4632300
2016-09-09,122.11000061035156,122.37999725341797,121.75,121.81999969482422,85.39229583740234,8136000
2016-09-12,121.72000122070312,122.05999755859375,121.55000305175781,121.83000183105469,85.39933013916016,5164100
2016-09-13,121.98999786376953,121.98999786376953,121.05000305175781,121.43000030517578,85.11891174316406,13637100
2016-09-14,121.48999786376953,121.72000122070312,121.3499984741211,121.51000213623047,85.17496490478516,4444000
2016-09-15,121.48999786376953,121.69999694824219,121.19999694824219,121.58999633789062,85.23104095458984,3441100
2016-09-16,121.75,121.81999969482422,121.5,121.7300033569336,85.3292007446289,6832400
2016-09-19,121.80999755859375,121.91000366210938,121.61000061035156,121.69000244140625,85.30117797851562,5997100
2016-09-20,121.9800033569336,122.20999908447266,121.80999755859375,121.8499984741211,85.41332244873047,5026100
2016-09-21,121.87999725341797,122.5,121.62000274658203,122.47000122070312,85.84791564941406,4651400
2016-09-22,122.72000122070312,123.11000061035156,122.69999694824219,122.97000122070312,86.19839477539062,8544300
2016-09-23,122.95999908447266,123.04000091552734,122.83999633789062,122.87999725341797,86.13533782958984,6284600
2016-09-26,122.94999694824219,123.20999908447266,122.9000015258789,123.06999969482422,86.26844024658203,5027000
2016-09-27,123.33999633789062,123.44000244140625,123.06999969482422,123.37000274658203,86.4787826538086,4571800
2016-09-28,123.48999786376953,123.51000213623047,123.25,123.44999694824219,86.53485107421875,8094600
2016-09-29,123.19000244140625,123.44000244140625,123.08000183105469,123.4000015258789,86.49979400634766,5409100
2016-09-30,123.44999694824219,123.44999694824219,122.83999633789062,123.18000030517578,86.34561920166016,5224600
2016-10-03,122.91999816894531,122.94999694824219,122.51000213623047,122.51000213623047,86.10104370117188,5555900
2016-10-04,122.43000030517578,122.56999969482422,121.94000244140625,121.94000244140625,85.70040893554688,6890100
2016-10-05,122.04000091552734,122.1500015258789,121.66999816894531,121.80999755859375,85.6090316772461,4168600
2016-10-06,121.80999755859375,122.12999725341797,121.6500015258789,121.81999969482422,85.61609649658203,5909300
2016-10-07,121.98999786376953,122.19999694824219,121.69000244140625,122.11000061035156,85.81987762451172,2545900
2016-10-10,122.11000061035156,122.12000274658203,121.7699966430664,122.11000061035156,85.81987762451172,2246100
2016-10-11,121.75,122.01000213623047,121.69000244140625,121.7300033569336,85.5528793334961,3416600
2016-10-12,121.80000305175781,121.93000030517578,121.58000183105469,121.88999938964844,85.66527557373047,2327800
2016-10-13,122.0999984741211,122.33000183105469,122.05999755859375,122.19000244140625,85.87610626220703,4204300
2016-10-14,121.86000061035156,122.0999984741211,121.61000061035156,121.62000274658203,85.47554016113281,2208900
2016-10-17,121.80000305175781,122.06999969482422,121.80000305175781,122.0199966430664,85.7566146850586,2698800
2016-10-18,121.91999816894531,122.31999969482422,121.91000366210938,122.31999969482422,85.96747589111328,2944100
2016-10-19,122.23999786376953,122.56999969482422,122.16000366210938,122.4800033569336,86.07991790771484,5010500
2016-10-20,122.7699966430664,122.7699966430664,122.41999816894531,122.44000244140625,86.05180358886719,2646800
2016-10-21,122.5199966430664,122.58000183105469,122.30000305175781,122.51000213623047,86.10104370117188,3502500
2016-10-24,122.55000305175781,122.55000305175781,122.0199966430664,122.16000366210938,85.85503387451172,3816500
2016-10-25,122.08999633789062,122.29000091552734,121.9800033569336,122.06999969482422,85.79180145263672,6611600
2016-10-26,121.87999725341797,121.91999816894531,121.55000305175781,121.55999755859375,85.43334197998047,10256000
2016-10-27,121.31999969482422,121.31999969482422,120.7300033569336,121.01000213623047,85.04679107666016,11643100
2016-10-28,120.94999694824219,121.13999938964844,120.83999633789062,120.87000274658203,84.94841003417969,5629800
2016-10-31,121.16000366210938,121.19999694824219,120.94000244140625,120.9800033569336,85.0257339477539,5377300
2016-11-01,120.43000030517578,120.66999816894531,120.18000030517578,120.51000213623047,84.91864776611328,9303000
2016-11-02,120.5999984741211,120.80999755859375,120.51000213623047,120.69000244140625,85.04546356201172,4798100
2016-11-03,120.51000213623047,120.61000061035156,120.36000061035156,120.44999694824219,84.87631225585938,6320500
2016-11-04,120.62999725341797,120.9000015258789,120.62999725341797,120.80999755859375,85.12999725341797,4242900
2016-11-07,120.68000030517578,120.7699966430664,120.55999755859375,120.7300033569336,85.07365417480469,4352400
2016-11-08,120.69000244140625,120.77999877929688,120.33000183105469,120.45999908447266,84.88339233398438,3632400
2016-11-09,119.47000122070312,119.69000244140625,118.51000213623047,118.69000244140625,83.6361312866211,9216200
2016-11-10,118.51000213623047,119.08000183105469,118.41000366210938,118.58999633789062,83.56568908691406,9063900
2016-11-11,118.54000091552734,118.6500015258789,118.0199966430664,118.08000183105469,83.20626831054688,6011900
2016-11-14,117.31999969482422,118.01000213623047,117.18000030517578,117.47000122070312,82.77642822265625,7148700
2016-11-15,117.66000366210938,118.05000305175781,117.56999969482422,117.83000183105469,83.03011322021484,4840300
2016-11-16,117.69000244140625,118.05999755859375,117.6500015258789,118.0,83.14991760253906,5417800
2016-11-17,117.70999908447266,117.77999877929688,117.12000274658203,117.25,82.62142181396484,6106200
2016-11-18,117.41000366210938,117.44999694824219,116.5199966430664,116.58999633789062,82.1563491821289,9801400
2016-11-21,116.79000091552734,116.94999694824219,116.58999633789062,116.70999908447266,82.24089050292969,5077200
2016-11-22,117.0999984741211,117.11000061035156,116.77999877929688,117.01000213623047,82.45228576660156,3693100
2016-11-23,116.30000305175781,116.76000213623047,116.04000091552734,116.58000183105469,82.14928436279297,6098300
2016-11-25,116.87000274658203,116.87000274658203,116.45999908447266,116.58999633789062,82.1563491821289,876100
2016-11-28,116.97000122070312,117.16999816894531,116.87000274658203,117.12000274658203,82.52985382080078,3125200
2016-11-29,117.04000091552734,117.31999969482422,116.94999694824219,117.27999877929688,82.64256286621094,3926200
2016-11-30,116.55999755859375,116.93000030517578,116.4800033569336,116.83999633789062,82.33251953125,11333400
2016-12-01,115.9800033569336,116.16000366210938,115.5999984741211,115.87000274658203,81.87110900878906,11597800
2016-12-02,116.16000366210938,116.69000244140625,116.16000366210938,116.4000015258789,82.24562072753906,7533500
2016-12-05,116.27999877929688,116.87000274658203,116.11000061035156,116.6500015258789,82.42223358154297,4107500
2016-12-06,116.69999694824219,116.77999877929688,116.61000061035156,116.63999938964844,82.41514587402344,9040100
2016-12-07,116.91000366210938,117.2699966430664,116.86000061035156,117.12999725341797,82.76140594482422,8069200
2016-12-08,116.81999969482422,116.8499984741211,116.56999969482422,116.6500015258789,82.42223358154297,5941700
2016-12-09,116.54000091552734,116.69999694824219,116.05000305175781,116.19999694824219,82.1042709350586,8875100
2016-12-12,116.05999755859375,116.22000122070312,115.87000274658203,116.08999633789062,82.02656555175781,7302800
2016-12-13,116.56999969482422,116.56999969482422,116.13999938964844,116.3499984741211,82.21025848388672,6232700
2016-12-14,116.87000274658203,116.87000274658203,115.58000183105469,115.61000061035156,81.6873550415039,6133700
2016-12-15,115.83999633789062,116.05000305175781,115.55999755859375,115.69000244140625,81.74393463134766,9352800
2016-12-16,115.87000274658203,116.0,115.55000305175781,115.5999984741211,81.68036651611328,7852000
2016-12-19,116.19999694824219,116.22000122070312,115.94999694824219,116.16000366210938,82.07604217529297,5777400
2016-12-20,115.93000030517578,116.12999725341797,115.81999969482422,116.08999633789062,82.02656555175781,3750000
2016-12-21,116.12000274658203,116.4800033569336,116.12000274658203,116.45999908447266,82.28799438476562,4199600
2016-12-22,115.98999786376953,116.20999908447266,115.88999938964844,116.1500015258789,82.29369354248047,3773400
2016-12-23,116.23999786376953,116.37999725341797,116.22000122070312,116.33000183105469,82.42122650146484,1291700
2016-12-27,116.0999984741211,116.16999816894531,116.0,116.12000274658203,82.27235412597656,2542800
2016-12-28,116.33000183105469,116.68000030517578,116.12999725341797,116.55000305175781,82.57707214355469,1731700
2016-12-29,116.79000091552734,117.13999938964844,116.66000366210938,117.0,82.8958969116211,3309500
2016-12-30,117.0,117.36000061035156,116.94999694824219,117.18000030517578,83.02346801757812,2388400
2017-01-03,116.94999694824219,117.4000015258789,116.5199966430664,117.27999877929688,83.09429931640625,5822600
2017-01-04,117.52999877929688,117.68000030517578,117.33000183105469,117.68000030517578,83.37764739990234,4999200
2017-01-05,117.80000305175781,118.33999633789062,117.70999908447266,118.30999755859375,83.82406616210938,7071100
2017-01-06,117.87000274658203,117.9800033569336,117.62000274658203,117.69000244140625,83.38475799560547,4496000
2017-01-09,118.01000213623047,118.06999969482422,117.87000274658203,117.91999816894531,83.54777526855469,3561400
2017-01-10,117.91999816894531,117.97000122070312,117.7699966430664,117.8499984741211,83.4980697631836,4259600
2017-01-11,117.9000015258789,118.38999938964844,117.69000244140625,118.02999877929688,83.62564849853516,7133600
2017-01-12,118.41999816894531,118.43000030517578,118.01000213623047,118.0199966430664,83.61856842041016,3922600
2017-01-13,117.81999969482422,117.97000122070312,117.38999938964844,117.77999877929688,83.44854736328125,4045300
2017-01-17,118.43000030517578,118.54000091552734,118.0999984741211,118.29000091552734,83.80989074707031,8443000
2017-01-18,117.94999694824219,118.01000213623047,117.41999816894531,117.51000213623047,83.25725555419922,6026200
2017-01-19,117.30000305175781,117.3499984741211,116.91999816894531,117.11000061035156,82.97382354736328,3371300
2017-01-20,117.12999725341797,117.36000061035156,116.9000015258789,117.31999969482422,83.12261199951172,4570600
2017-01-23,117.54000091552734,118.05000305175781,117.31999969482422,117.86000061035156,83.50520324707031,8747800
2017-01-24,117.66999816894531,117.76000213623047,117.33999633789062,117.51000213623047,83.25725555419922,5129700
2017-01-25,117.16999816894531,117.25,116.86000061035156,117.05999755859375,82.93843078613281,5886400
2017-01-26,117.05999755859375,117.25,116.81999969482422,117.19999694824219,83.03760528564453,4033200
2017-01-27,117.3499984741211,117.41999816894531,117.22000122070312,117.33999633789062,83.13679504394531,3816700
2017-01-30,117.29000091552734,117.33999633789062,117.0999984741211,117.13999938964844,82.9951171875,3651000
2017-01-31,117.18000030517578,117.55999755859375,117.08000183105469,117.3499984741211,83.14385986328125,4982500
2017-02-01,116.77999877929688,117.05000305175781,116.52999877929688,116.88999938964844,83.04159545898438,3626900
2017-02-02,117.13999938964844,117.29000091552734,116.87999725341797,116.91999816894531,83.06287384033203,7145600
2017-02-03,117.26000213623047,117.43000030517578,116.80000305175781,117.05000305175781,83.1552734375,5243200
2017-02-06,117.43000030517578,117.52999877929688,117.16999816894531,117.41999816894531,83.4181137084961,4494500
2017-02-07,117.41999816894531,117.83000183105469,117.29000091552734,117.62000274658203,83.5602035522461,3228900
2017-02-08,118.01000213623047,118.13999938964844,117.83999633789062,118.02999877929688,83.8514404296875,6287200
2017-02-09,118.02999877929688,118.02999877929688,117.4800033569336,117.55999755859375,83.51758575439453,4692700
2017-02-10,117.3499984741211,117.62000274658203,117.26000213623047,117.52999877929688,83.49624633789062,4881600
2017-02-13,117.41000366210938,117.4800033569336,117.26000213623047,117.4800033569336,83.46073913574219,3723500
2017-02-14,117.5199966430664,117.5199966430664,116.80999755859375,117.19999694824219,83.26185607910156,4404100
2017-02-15,116.94999694824219,117.11000061035156,116.87000274658203,117.11000061035156,83.19789123535156,3632700
2017-02-16,117.31999969482422,117.56999969482422,117.20999908447266,117.44000244140625,83.43229675292969,4037700
2017-02-17,117.86000061035156,117.87000274658203,117.62999725341797,117.73999786376953,83.64543151855469,3104800
2017-02-21,117.56999969482422,117.91999816894531,117.5,117.79000091552734,83.68097686767578,3656200
2017-02-22,118.05000305175781,118.16999816894531,117.54000091552734,117.87999725341797,83.74486541748047,4259100
2017-02-23,118.16000366210938,118.20999908447266,118.05000305175781,118.18000030517578,83.95800018310547,4247900
2017-02-24,118.62000274658203,118.87000274658203,118.44000244140625,118.77999877929688,84.38429260253906,5388800
2017-02-27,118.76000213623047,118.76000213623047,118.45999908447266,118.5,84.18537139892578,5083400
2017-02-28,118.62000274658203,118.77999877929688,118.5,118.58000183105469,84.2422103881836,4290600
2017-03-01,117.61000061035156,117.62000274658203,117.38999938964844,117.55999755859375,83.74427032470703,6524600
2017-03-02,117.44999694824219,117.4800033569336,117.25,117.37999725341797,83.61603546142578,4687900
2017-03-03,117.5199966430664,117.52999877929688,117.12999725341797,117.5,83.7015380859375,4926300
2017-03-06,117.4800033569336,117.5,117.20999908447266,117.29000091552734,83.55194091796875,3464400
2017-03-07,117.01000213623047,117.12999725341797,116.5999984741211,116.70999908447266,83.13873291015625,5999600
2017-03-08,116.4800033569336,116.4800033569336,116.16000366210938,116.3499984741211,82.88224792480469,7933300
2017-03-09,115.98999786376953,116.0199966430664,115.66000366210938,115.72000122070312,82.43352508544922,5497200
2017-03-10,116.06999969482422,116.06999969482422,115.76000213623047,116.01000213623047,82.6401596069336,4789100
2017-03-13,115.9000015258789,116.0,115.62000274658203,115.62000274658203,82.36231994628906,3171600
2017-03-14,115.70999908447266,115.80000305175781,115.62999725341797,115.72000122070312,82.43352508544922,3598500
2017-03-15,116.04000091552734,116.80999755859375,115.91000366210938,116.72000122070312,83.14588928222656,7841600
2017-03-16,116.7300033569336,116.73999786376953,116.5,116.55000305175781,83.02479553222656,3116900
2017-03-17,116.75,116.91999816894531,116.68000030517578,116.81999969482422,83.21709442138672,4440500
2017-03-20,116.86000061035156,117.12999725341797,116.81999969482422,117.08999633789062,83.40943145751953,2939600
2017-03-21,117.0999984741211,117.47000122070312,117.02999877929688,117.37999725341797,83.61603546142578,5032300
2017-03-22,117.70999908447266,117.80000305175781,117.47000122070312,117.68000030517578,83.82974243164062,3905800
2017-03-23,117.76000213623047,117.77999877929688,117.44999694824219,117.5999984741211,83.77274322509766,4504900
2017-03-24,117.5199966430664,117.81999969482422,117.5199966430664,117.72000122070312,83.85826110839844,3158300
2017-03-27,118.08999633789062,118.08999633789062,117.80000305175781,117.97000122070312,84.03630065917969,3492100
2017-03-28,117.93000030517578,118.08999633789062,117.69000244140625,117.72000122070312,83.85826110839844,4834900
2017-03-29,117.91999816894531,118.0999984741211,117.81999969482422,118.0999984741211,84.12895965576172,3457100
2017-03-30,117.93000030517578,118.04000091552734,117.73999786376953,117.79000091552734,83.9080810546875,2667700
2017-03-31,117.87000274658203,117.94000244140625,117.79000091552734,117.91000366210938,83.99359130859375,5772300
2017-04-03,117.63999938964844,118.12000274658203,117.61000061035156,118.12000274658203,84.37071228027344,3713700
2017-04-04,117.98999786376953,118.02999877929688,117.80999755859375,117.80999755859375,84.14928436279297,3016200
2017-04-05,117.87999725341797,118.06999969482422,117.69999694824219,117.95999908447266,84.25643157958984,6753900
2017-04-06,118.08000183105469,118.12000274658203,117.80999755859375,118.06999969482422,84.33500671386719,2012600
2017-04-07,118.33999633789062,118.44000244140625,117.75,117.77999877929688,84.12787628173828,2121700
2017-04-10,117.98999786376953,118.1500015258789,117.91000366210938,118.0,84.2850112915039,2766200
2017-04-11,118.26000213623047,118.62000274658203,118.26000213623047,118.55000305175781,84.67789459228516,3534200
2017-04-12,118.80999755859375,118.94000244140625,118.51000213623047,118.94000244140625,84.9564437866211,2886300
2017-04-13,119.05999755859375,119.20999908447266,118.88999938964844,119.13999938964844,85.09927368164062,3286700
2017-04-17,119.19000244140625,119.20999908447266,118.8499984741211,118.91000366210938,84.93498229980469,2933700
2017-04-18,119.27999877929688,119.66000366210938,119.1500015258789,119.61000061035156,85.43501281738281,3616800
2017-04-19,119.37000274658203,119.43000030517578,119.16000366210938,119.25,85.17784118652344,1839400
2017-04-20,119.0999984741211,119.19000244140625,118.9000015258789,119.08000183105469,85.05644989013672,3264000
2017-04-21,119.27999877929688,119.29000091552734,119.06999969482422,119.08000183105469,85.05644989013672,3892400
2017-04-24,118.93000030517578,119.02999877929688,118.73999786376953,118.91999816894531,84.94212341308594,3193400
2017-04-25,118.75,118.80999755859375,118.41000366210938,118.44999694824219,84.60641479492188,3541100
2017-04-26,118.47000122070312,118.77999877929688,118.44000244140625,118.73999786376953,84.8136215209961,3320400
2017-04-27,118.73999786376953,118.94000244140625,118.61000061035156,118.8499984741211,84.89212799072266,4391000
2017-04-28,118.70999908447266,119.01000213623047,118.5999984741211,118.98999786376953,84.9921646118164,4478000
2017-05-01,118.56999969482422,118.70999908447266,118.18000030517578,118.30000305175781,84.72858428955078,3479800
2017-05-02,118.36000061035156,118.68000030517578,118.29000091552734,118.6500015258789,84.979248046875,2858200
2017-05-03,118.87000274658203,118.9000015258789,118.5,118.58999633789062,84.93630981445312,2854900
2017-05-04,118.25,118.36000061035156,118.16999816894531,118.36000061035156,84.77153015136719,1540100
2017-05-05,118.37999725341797,118.4000015258789,118.12999725341797,118.4000015258789,84.80021667480469,2887300
2017-05-08,118.37000274658203,118.37000274658203,118.0999984741211,118.19000244140625,84.64982604980469,3886500
2017-05-09,118.12000274658203,118.20999908447266,118.05000305175781,118.20999908447266,84.66412353515625,3012400
2017-05-10,118.52999877929688,118.52999877929688,118.2300033569336,118.37000274658203,84.77867889404297,4282600
2017-05-11,118.19999694824219,118.47000122070312,118.1500015258789,118.43000030517578,84.82170104980469,2263500
2017-05-12,118.80000305175781,119.05999755859375,118.77999877929688,119.02999877929688,85.25142669677734,3165000
2017-05-15,118.95999908447266,119.08000183105469,118.87999725341797,119.0199966430664,85.2442398071289,3752700
2017-05-16,119.08999633789062,119.36000061035156,119.05000305175781,119.19000244140625,85.36602020263672,3996400
2017-05-17,119.58999633789062,119.9800033569336,119.58999633789062,119.91999816894531,85.88884735107422,7304300
2017-05-18,119.91000366210938,119.94999694824219,119.69999694824219,119.9000015258789,85.87457275390625,4825400
2017-05-19,119.83000183105469,119.97000122070312,119.69999694824219,119.97000122070312,85.92463684082031,2907800
2017-05-22,119.87999725341797,119.93000030517578,119.80000305175781,119.87000274658203,85.85301971435547,2852900
2017-05-23,120.01000213623047,120.01000213623047,119.45999908447266,119.5,85.58806610107422,5154200
2017-05-24,119.56999969482422,119.76000213623047,119.37999725341797,119.69000244140625,85.72415924072266,5274800
2017-05-25,119.7699966430664,119.7699966430664,119.55000305175781,119.73999786376953,85.75992584228516,2806200
2017-05-26,119.81999969482422,119.91000366210938,119.72000122070312,119.83000183105469,85.82439422607422,2054800
2017-05-30,120.0,120.12000274658203,119.95999908447266,120.11000061035156,86.02494049072266,3898300
2017-05-31,120.11000061035156,120.26000213623047,120.0199966430664,120.25,86.12517547607422,4428500
2017-06-01,119.69000244140625,119.97000122070312,119.66999816894531,119.95999908447266,86.14388275146484,9430000
2017-06-02,120.45999908447266,120.58000183105469,120.30000305175781,120.5199966430664,86.54598999023438,5130100
2017-06-05,120.26000213623047,120.37000274658203,120.16999816894531,120.18000030517578,86.30186462402344,3198500
2017-06-06,120.66000366210938,120.66000366210938,120.44999694824219,120.52999877929688,86.55323028564453,1806700
2017-06-07,120.47000122070312,120.5999984741211,120.31999969482422,120.37999725341797,86.44546508789062,5702400
2017-06-08,120.38999938964844,120.38999938964844,120.0,120.16999816894531,86.29468536376953,3895200
2017-06-09,119.94999694824219,120.13999938964844,119.8499984741211,120.05000305175781,86.2085189819336,6884700
2017-06-12,119.95999908447266,120.27999877929688,119.91999816894531,120.08000183105469,86.23002624511719,4075100
2017-06-13,119.95999908447266,120.20999908447266,119.95999908447266,120.20999908447266,86.32340240478516,4822000
2017-06-14,120.98999786376953,121.30999755859375,120.79000091552734,121.02999877929688,86.9122314453125,6852800
2017-06-15,120.87000274658203,120.87000274658203,120.58999633789062,120.73999786376953,86.70401763916016,6624700
2017-06-16,120.83999633789062,120.91000366210938,120.76000213623047,120.83999633789062,86.77578735351562,4314800
2017-06-19,120.8499984741211,120.8499984741211,120.62999725341797,120.69000244140625,86.66808319091797,7827700
2017-06-20,120.86000061035156,121.08000183105469,120.73999786376953,120.95999908447266,86.86196899414062,6906500
2017-06-21,120.94999694824219,121.08000183105469,120.83000183105469,121.0199966430664,86.90502166748047,5462700
2017-06-22,121.19000244140625,121.2300033569336,120.9800033569336,121.12000274658203,86.97687530517578,3520800
2017-06-23,121.11000061035156,121.19000244140625,121.05000305175781,121.18000030517578,87.01995849609375,5495700
2017-06-26,121.44999694824219,121.55999755859375,121.37000274658203,121.4000015258789,87.17794036865234,3808600
2017-06-27,121.12999725341797,121.1500015258789,120.81999969482422,120.8499984741211,86.782958984375,4736500
2017-06-28,120.91000366210938,120.9800033569336,120.62999725341797,120.9800033569336,86.8763427734375,3933900
2017-06-29,120.37000274658203,120.70999908447266,120.33999633789062,120.61000061035156,86.61064910888672,6954200
2017-06-30,120.66000366210938,120.69000244140625,120.47000122070312,120.51000213623047,86.53885650634766,4567700
2017-07-03,120.33999633789062,120.33999633789062,119.93000030517578,119.93000030517578,86.35164642333984,5759500
2017-07-05,120.02999877929688,120.1500015258789,119.9000015258789,120.12999725341797,86.49562072753906,5406900
2017-07-06,119.77999877929688,119.88999938964844,119.5,119.81999969482422,86.27239227294922,11548000
2017-07-07,119.69999694824219,119.7699966430664,119.5999984741211,119.72000122070312,86.2004165649414,9803900
2017-07-10,119.88999938964844,119.94999694824219,119.73999786376953,119.91999816894531,86.34445190429688,2234500
2017-07-11,119.9000015258789,119.98999786376953,119.7300033569336,119.97000122070312,86.38041687011719,4340900
2017-07-12,120.5,120.62000274658203,120.37999725341797,120.5,86.76204681396484,6779600
2017-07-13,120.37999725341797,120.43000030517578,120.12000274658203,120.29000091552734,86.61084747314453,3977400
2017-07-14,120.72000122070312,120.80000305175781,120.37999725341797,120.56999969482422,86.81241607666016,5302000
2017-07-17,120.56999969482422,120.75,120.44999694824219,120.68000030517578,86.89163970947266,5899000
2017-07-18,121.05000305175781,121.19999694824219,120.91999816894531,121.19999694824219,87.26605987548828,4775300
2017-07-19,121.19000244140625,121.30000305175781,121.08999633789062,121.16000366210938,87.23725891113281,4144200
2017-07-20,121.41999816894531,121.47000122070312,121.19000244140625,121.2699966430664,87.31643676757812,1925200
2017-07-21,121.44000244140625,121.61000061035156,121.43000030517578,121.55000305175781,87.51805114746094,3634000
2017-07-24,121.47000122070312,121.5,121.30999755859375,121.41000366210938,87.41729736328125,2647900
2017-07-25,120.94000244140625,120.9800033569336,120.66000366210938,120.69000244140625,86.89883422851562,7043100
2017-07-26,120.68000030517578,121.19000244140625,120.63999938964844,121.08999633789062,87.1868667602539,9355500
2017-07-27,120.83999633789062,120.93000030517578,120.69999694824219,120.79000091552734,86.9708480834961,2769100
2017-07-28,120.83999633789062,121.11000061035156,120.79000091552734,121.11000061035156,87.20125579833984,2312200
2017-07-31,120.91000366210938,121.12000274658203,120.91000366210938,121.11000061035156,87.20125579833984,3689900
2017-08-01,120.62999725341797,121.2300033569336,120.56999969482422,121.2300033569336,87.5174560546875,7390500
2017-08-02,121.16999816894531,121.29000091552734,121.0,121.04000091552734,87.38030242919922,6728600
2017-08-03,121.11000061035156,121.2699966430664,121.08999633789062,121.20999908447266,87.50299835205078,6520500
2017-08-04,120.9000015258789,120.91999816894531,120.58000183105469,120.73999786376953,87.1637191772461,5095700
2017-08-07,120.75,120.83000183105469,120.58999633789062,120.7699966430664,87.18534851074219,10816400
2017-08-08,120.6500015258789,120.66999816894531,120.16999816894531,120.19000244140625,86.76666259765625,9992700
2017-08-09,120.56999969482422,120.62000274658203,120.30000305175781,120.30999755859375,86.85330200195312,7465800
2017-08-10,120.33999633789062,120.44000244140625,120.05999755859375,120.2699966430664,86.82440185546875,8053400
2017-08-11,120.30000305175781,120.51000213623047,120.08999633789062,120.48999786376953,86.98323059082031,10910500
2017-08-14,120.41999816894531,120.6500015258789,120.36000061035156,120.41000366210938,86.92549133300781,3051500
2017-08-15,120.16999816894531,120.3499984741211,120.11000061035156,120.2699966430664,86.82440185546875,4710000
2017-08-16,120.30000305175781,120.80000305175781,120.29000091552734,120.61000061035156,87.06988525390625,5190200
2017-08-17,120.5999984741211,120.83999633789062,120.4800033569336,120.7300033569336,87.156494140625,8973800
2017-08-18,121.02999877929688,121.04000091552734,120.61000061035156,120.6500015258789,87.09876251220703,4350900
2017-08-21,120.83999633789062,120.87000274658203,120.72000122070312,120.81999969482422,87.22145080566406,3666200
2017-08-22,120.77999877929688,120.79000091552734,120.63999938964844,120.69999694824219,87.13482666015625,2390100
2017-08-23,120.94999694824219,121.16999816894531,120.87000274658203,121.16000366210938,87.46692657470703,4590000
2017-08-24,121.0,121.12999725341797,120.88999938964844,120.93000030517578,87.30086517333984,2929800
2017-08-25,121.01000213623047,121.29000091552734,120.94999694824219,121.20999908447266,87.50299835205078,5488000
2017-08-28,121.18000030517578,121.26000213623047,121.0,121.20999908447266,87.50299835205078,5200500
2017-08-29,121.6500015258789,121.69999694824219,121.2300033569336,121.30000305175781,87.56794738769531,3499700
2017-08-30,121.29000091552734,121.4000015258789,121.23999786376953,121.4000015258789,87.64015197753906,2573700
2017-08-31,121.45999908447266,121.66000366210938,121.44999694824219,121.61000061035156,87.79178619384766,4549400
2017-09-01,121.19000244140625,121.22000122070312,120.80000305175781,120.80999755859375,87.44434356689453,7946000
2017-09-05,121.22000122070312,121.66000366210938,121.16999816894531,121.55999755859375,87.98722076416016,7357000
2017-09-06,121.54000091552734,121.5999984741211,121.08000183105469,121.12999725341797,87.67597198486328,8863700
2017-09-07,121.37000274658203,121.80999755859375,121.3499984741211,121.5999984741211,88.01615905761719,7698800
2017-09-08,121.5199966430664,121.5199966430664,121.2300033569336,121.23999786376953,87.75555419921875,6776600
2017-09-11,120.98999786376953,121.19000244140625,120.8499984741211,120.87000274658203,87.48779296875,4220300
2017-09-12,120.81999969482422,120.81999969482422,120.55000305175781,120.73999786376953,87.39369201660156,4615800
2017-09-13,120.81999969482422,120.83999633789062,120.5999984741211,120.62000274658203,87.30684661865234,5671300
2017-09-14,120.55999755859375,120.91999816894531,120.55999755859375,120.91999816894531,87.52395629882812,4333500
2017-09-15,120.98999786376953,121.05000305175781,120.79000091552734,121.0199966430664,87.59635162353516,4631300
2017-09-18,120.95999908447266,120.9800033569336,120.76000213623047,120.9000015258789,87.50948333740234,4971700
2017-09-19,120.94999694824219,121.05999755859375,120.83999633789062,120.97000122070312,87.56011962890625,5296800
2017-09-20,121.06999969482422,121.08999633789062,120.54000091552734,120.81999969482422,87.45156860351562,6603300
2017-09-21,120.8499984741211,121.06999969482422,120.80999755859375,120.81999969482422,87.45156860351562,3410000
2017-09-22,121.05999755859375,121.12000274658203,120.9000015258789,120.9800033569336,87.56739807128906,2099200
2017-09-25,121.12000274658203,121.45999908447266,121.06999969482422,121.43000030517578,87.89310455322266,3489900
2017-09-26,121.30000305175781,121.45999908447266,121.20999908447266,121.41000366210938,87.87866973876953,10290700
2017-09-27,120.8499984741211,121.01000213623047,120.63999938964844,120.94000244140625,87.53843688964844,6695500
2017-09-28,120.79000091552734,121.13999938964844,120.75,121.12000274658203,87.66871643066406,6350800
2017-09-29,121.19999694824219,121.30000305175781,120.94999694824219,121.2300033569336,87.74836730957031,7627300
2017-10-02,120.95999908447266,121.11000061035156,120.7699966430664,121.0199966430664,87.8303451538086,7218100
2017-10-03,120.9800033569336,121.29000091552734,120.91999816894531,121.29000091552734,88.02632904052734,7569400
2017-10-04,121.30000305175781,121.30000305175781,120.9800033569336,121.22000122070312,87.97547912597656,5376300
2017-10-05,121.1500015258789,121.1500015258789,120.91999816894531,121.05000305175781,87.8521499633789,3932800
2017-10-06,120.68000030517578,120.98999786376953,120.56999969482422,120.94999694824219,87.77959442138672,5901300
2017-10-09,121.0199966430664,121.06999969482422,120.87000274658203,121.05000305175781,87.8521499633789,1312200
2017-10-10,121.08999633789062,121.4000015258789,121.05000305175781,121.12999725341797,87.91020965576172,3873400
2017-10-11,121.30999755859375,121.30999755859375,121.0,121.06999969482422,87.86666107177734,7170900
2017-10-12,121.11000061035156,121.19000244140625,120.94999694824219,121.0999984741211,87.88839721679688,10302500
2017-10-13,121.56999969482422,121.6500015258789,121.4000015258789,121.58000183105469,88.23677825927734,5755800
2017-10-16,121.54000091552734,121.55999755859375,121.29000091552734,121.41000366210938,88.11341857910156,4886100
2017-10-17,121.2699966430664,121.48999786376953,121.26000213623047,121.38999938964844,88.09886932373047,4476900
2017-10-18,121.0999984741211,121.29000091552734,121.04000091552734,121.20999908447266,87.96823120117188,3272500
2017-10-19,121.55000305175781,121.55000305175781,121.30000305175781,121.38999938964844,88.09886932373047,4143300
2017-10-20,120.9800033569336,121.16000366210938,120.9000015258789,121.05999755859375,87.85938262939453,7280400
2017-10-23,121.23999786376953,121.30999755859375,121.13999938964844,121.18000030517578,87.94647216796875,2675800
2017-10-24,120.87999725341797,121.05999755859375,120.8499984741211,120.87999725341797,87.72874450683594,4686200
2017-10-25,120.58000183105469,120.63999938964844,120.4000015258789,120.55999755859375,87.49653625488281,8866600
2017-10-26,120.80000305175781,120.80000305175781,120.54000091552734,120.55000305175781,87.4892807006836,9420100
2017-10-27,120.70999908447266,120.94999694824219,120.68000030517578,120.91000366210938,87.7505111694336,6915900
2017-10-30,120.70999908447266,121.3499984741211,120.70999908447266,121.30999755859375,88.04083251953125,5236600
2017-10-31,121.36000061035156,121.36000061035156,121.12000274658203,121.13999938964844,87.9174575805664,5932800
2017-11-01,121.05000305175781,121.1500015258789,120.8499984741211,121.01000213623047,88.056396484375,5967400
2017-11-02,121.1500015258789,121.1500015258789,120.9000015258789,120.98999786376953,88.04190063476562,13253900
2017-11-03,121.0999984741211,121.19000244140625,120.91000366210938,121.12999725341797,88.14373779296875,5307500
2017-11-06,121.19000244140625,121.25,121.05000305175781,121.16000366210938,88.16558074951172,9576900
2017-11-07,121.0199966430664,121.11000061035156,120.95999908447266,121.05999755859375,88.09281158447266,7643200
2017-11-08,121.08000183105469,121.11000061035156,120.87999725341797,120.9000015258789,87.97639465332031,7185500
2017-11-09,120.61000061035156,120.75,120.51000213623047,120.58000183105469,87.74349212646484,7232300
2017-11-10,120.08999633789062,120.1500015258789,119.77999877929688,119.88999938964844,87.24144744873047,5816600
2017-11-13,120.0999984741211,120.12000274658203,119.91000366210938,119.91000366210938,87.25599670410156,3646400
2017-11-14,119.9800033569336,120.0999984741211,119.87999725341797,119.94000244140625,87.27780151367188,6112500
2017-11-15,120.06999969482422,120.4800033569336,119.8499984741211,120.44999694824219,87.64892578125,7141900
2017-11-16,120.36000061035156,120.5199966430664,120.2699966430664,120.30999755859375,87.54706573486328,5051200
2017-11-17,120.51000213623047,120.58000183105469,120.37999725341797,120.45999908447266,87.65617370605469,5521500
2017-11-20,120.41999816894531,120.5999984741211,120.37999725341797,120.45999908447266,87.65617370605469,3190600
2017-11-21,120.9000015258789,120.94000244140625,120.66999816894531,120.86000061035156,87.94727325439453,4372100
2017-11-22,121.05000305175781,121.37000274658203,120.9800033569336,121.33000183105469,88.28925323486328,4111500
2017-11-24,121.25,121.37000274658203,121.16999816894531,121.19000244140625,88.18742370605469,1359700
2017-11-27,121.16000366210938,121.26000213623047,121.04000091552734,121.12000274658203,88.1364517211914,6049200
2017-11-28,121.23999786376953,121.38999938964844,121.16999816894531,121.29000091552734,88.26019287109375,5176400
2017-11-29,120.80999755859375,120.87000274658203,120.62000274658203,120.80999755859375,87.91088104248047,7606300
2017-11-30,120.93000030517578,120.94000244140625,120.47000122070312,120.66999816894531,87.80905151367188,6119600
2017-12-01,120.80999755859375,121.37999725341797,120.4000015258789,120.72000122070312,88.08047485351562,13958300
2017-12-04,120.77999877929688,120.91999816894531,120.58000183105469,120.91000366210938,88.21907806396484,5766700
2017-12-05,121.0,121.16999816894531,120.83000183105469,121.13999938964844,88.38687133789062,4541900
2017-12-06,121.4800033569336,121.54000091552734,121.33999633789062,121.37000274658203,88.55470275878906,4801500
2017-12-07,121.48999786376953,121.56999969482422,120.94000244140625,121.12999725341797,88.37957000732422,8295200
2017-12-08,121.0199966430664,121.11000061035156,120.91000366210938,120.9800033569336,88.27017974853516,5135100
2017-12-11,121.08999633789062,121.22000122070312,121.02999877929688,121.06999969482422,88.3358383178711,4521500
2017-12-12,120.94999694824219,120.98999786376953,120.77999877929688,120.9800033569336,88.27017974853516,10153000
2017-12-13,121.18000030517578,121.54000091552734,121.08999633789062,121.4000015258789,88.57657623291016,7205800
2017-12-14,121.29000091552734,121.66000366210938,121.22000122070312,121.62000274658203,88.73709869384766,8022200
2017-12-15,121.69999694824219,121.8499984741211,121.48999786376953,121.79000091552734,88.86114501953125,5846000
2017-12-18,121.72000122070312,121.7699966430664,121.41000366210938,121.43000030517578,88.5984878540039,6371100
2017-12-19,121.16999816894531,121.19000244140625,120.6500015258789,120.80999755859375,88.14608764648438,6029200
2017-12-20,120.55000305175781,120.69999694824219,120.4000015258789,120.48999786376953,87.91263580322266,9805700
2017-12-21,120.29000091552734,120.58999633789062,120.2699966430664,120.55999755859375,88.1495361328125,6210400
2017-12-22,120.56999969482422,120.66999816894531,120.48999786376953,120.6500015258789,88.21534729003906,2934900
2017-12-26,120.68000030517578,120.86000061035156,120.5999984741211,120.80999755859375,88.33234405517578,1873000
2017-12-27,121.08000183105469,121.48999786376953,120.94999694824219,121.4800033569336,88.82218933105469,3179300
2017-12-28,121.47000122070312,121.4800033569336,121.22000122070312,121.4000015258789,88.7636947631836,2493200
2017-12-29,121.26000213623047,121.62999725341797,121.26000213623047,121.55999755859375,88.88070678710938,3003300
2018-01-02,121.31999969482422,121.45999908447266,120.5,120.75,88.28846740722656,8480600
2018-01-03,120.94000244140625,121.05000305175781,120.69999694824219,120.97000122070312,88.44934844970703,5087600
2018-01-04,120.77999877929688,121.01000213623047,120.7300033569336,120.93000030517578,88.42005920410156,7710100
2018-01-05,121.08999633789062,121.08999633789062,120.76000213623047,120.88999938964844,88.39083099365234,5796500
2018-01-08,121.0199966430664,121.02999877929688,120.7699966430664,120.87999725341797,88.3835220336914,3897200
2018-01-09,120.7300033569336,120.7699966430664,120.41999816894531,120.44000244140625,88.06180572509766,7621600
2018-01-10,120.05000305175781,120.6500015258789,119.91000366210938,120.5199966430664,88.12025451660156,6050500
2018-01-11,120.48999786376953,120.94999694824219,120.48999786376953,120.80999755859375,88.33234405517578,5192600
2018-01-12,120.5999984741211,120.91000366210938,120.55000305175781,120.83000183105469,88.3469467163086,4463000
2018-01-16,121.18000030517578,121.18000030517578,120.81999969482422,120.94000244140625,88.4273910522461,7410200
2018-01-17,120.95999908447266,121.0199966430664,120.48999786376953,120.61000061035156,88.18608856201172,11240700
2018-01-18,120.16999816894531,120.41000366210938,120.01000213623047,120.13999938964844,87.84246826171875,6399400
2018-01-19,119.98999786376953,120.11000061035156,119.72000122070312,119.7699966430664,87.57188415527344,6797800
2018-01-22,119.7699966430664,120.0,119.62999725341797,119.66000366210938,87.4914779663086,5096700
2018-01-23,119.97000122070312,120.19000244140625,119.91000366210938,120.18000030517578,87.8717041015625,6144000
2018-01-24,119.94000244140625,120.12000274658203,119.83000183105469,120.0999984741211,87.81317138671875,5679000
2018-01-25,120.0199966430664,120.70999908447266,120.0,120.70999908447266,88.25921630859375,7042100
2018-01-26,120.62000274658203,120.62000274658203,120.33999633789062,120.55000305175781,88.14221954345703,6391300
2018-01-29,120.19999694824219,120.37999725341797,120.0,120.2300033569336,87.90825653076172,5732400
2018-01-30,120.0,120.08000183105469,119.69999694824219,119.81999969482422,87.60843658447266,6662600
2018-01-31,120.16999816894531,120.22000122070312,119.70999908447266,120.06999969482422,87.7912368774414,6751200
2018-02-01,119.91000366210938,119.95999908447266,119.13999938964844,119.22000122070312,87.40343475341797,12272400
2018-02-02,119.0,119.0,118.47000122070312,118.61000061035156,86.95623016357422,8681500
2018-02-05,118.23999786376953,119.33000183105469,118.22000122070312,118.68000030517578,87.00755310058594,14486000
2018-02-06,118.58999633789062,118.81999969482422,118.38999938964844,118.44000244140625,86.83162689208984,10467500
2018-02-07,118.80000305175781,118.8499984741211,118.08000183105469,118.11000061035156,86.58966827392578,8862300
2018-02-08,117.94000244140625,118.0999984741211,117.55999755859375,117.5999984741211,86.21578979492188,10957000
2018-02-09,117.44999694824219,117.47000122070312,117.19999694824219,117.22000122070312,85.93718719482422,8719000
2018-02-12,117.29000091552734,117.62000274658203,117.19999694824219,117.22000122070312,85.93718719482422,7814800
2018-02-13,117.08999633789062,117.20999908447266,116.79000091552734,117.18000030517578,85.90786743164062,8730500
2018-02-14,116.80999755859375,117.0,116.66000366210938,116.75,85.59259796142578,11013300
2018-02-15,117.18000030517578,117.45999908447266,117.05999755859375,117.30000305175781,85.9958267211914,4953400
2018-02-16,117.58000183105469,117.76000213623047,117.45999908447266,117.6500015258789,86.25241088867188,6319800
2018-02-20,117.3499984741211,117.41000366210938,117.12999725341797,117.1500015258789,85.88584899902344,8786200
2018-02-21,117.19999694824219,117.30999755859375,116.44000244140625,116.51000213623047,85.41665649414062,6387200
2018-02-22,116.83999633789062,117.06999969482422,116.63999938964844,116.66999816894531,85.533935546875,7227100
2018-02-23,117.05000305175781,117.23999786376953,116.87999725341797,117.20999908447266,85.9298324584961,8005600
2018-02-26,117.58999633789062,117.75,117.33000183105469,117.36000061035156,86.039794921875,5072000
2018-02-27,117.51000213623047,117.5199966430664,116.69999694824219,116.8499984741211,85.66588592529297,7279500
2018-02-28,117.01000213623047,117.16000366210938,116.94999694824219,117.06999969482422,85.82721710205078,7963400
2018-03-01,116.55999755859375,116.80999755859375,116.37000274658203,116.62000274658203,85.73897552490234,11679100
2018-03-02,116.36000061035156,116.48999786376953,116.19000244140625,116.25,85.46692657470703,5335000
2018-03-05,116.51000213623047,116.58000183105469,116.0999984741211,116.20999908447266,85.43757629394531,10168400
2018-03-06,116.63999938964844,116.68000030517578,116.29000091552734,116.30999755859375,85.51110076904297,8363400
2018-03-07,116.5,116.52999877929688,116.2300033569336,116.2699966430664,85.48164367675781,4070400
2018-03-08,116.48999786376953,116.69999694824219,116.33999633789062,116.5,85.65071868896484,6410000
2018-03-09,116.31999969482422,116.37000274658203,116.04000091552734,116.08999633789062,85.34931945800781,7773800
2018-03-12,116.19000244140625,116.27999877929688,116.0999984741211,116.23999786376953,85.45963287353516,8555600
2018-03-13,116.3499984741211,116.4000015258789,116.11000061035156,116.25,85.46692657470703,8625900
2018-03-14,116.2699966430664,116.69999694824219,116.26000213623047,116.51000213623047,85.6581039428711,5765700
2018-03-15,116.4800033569336,116.70999908447266,116.44000244140625,116.62999725341797,85.74633026123047,5268200
2018-03-16,116.41000366210938,116.83000183105469,116.36000061035156,116.76000213623047,85.84188842773438,10754700
2018-03-19,116.5,116.5999984741211,116.36000061035156,116.37000274658203,85.55516052246094,8095300
2018-03-20,116.02999877929688,116.19000244140625,115.91999816894531,115.95999908447266,85.25377655029297,6445000
2018-03-21,115.76000213623047,116.2300033569336,115.5199966430664,115.88999938964844,85.20227813720703,7312600
2018-03-22,116.19000244140625,116.29000091552734,115.98999786376953,116.08999633789062,85.34931945800781,10966600
2018-03-23,115.97000122070312,116.02999877929688,115.70999908447266,115.72000122070312,85.07732391357422,6120800
2018-03-26,116.05999755859375,116.19999694824219,116.0,116.12999725341797,85.37871551513672,5834800
2018-03-27,116.05999755859375,116.62000274658203,116.05999755859375,116.55000305175781,85.68753814697266,5000200
2018-03-28,116.77999877929688,116.9800033569336,116.66000366210938,116.86000061035156,85.91544342041016,4771600
2018-03-29,117.11000061035156,117.47000122070312,116.94999694824219,117.38999938964844,86.30509948730469,5930800
2018-04-02,116.9000015258789,117.06999969482422,116.72000122070312,116.98999786376953,86.25862884521484,4393500
2018-04-03,116.94000244140625,116.94000244140625,116.62999725341797,116.68000030517578,86.030029296875,3773500
2018-04-04,116.7300033569336,116.86000061035156,116.63999938964844,116.68000030517578,86.030029296875,5259600
2018-04-05,116.61000061035156,116.75,116.5,116.72000122070312,86.05953216552734,5171000
2018-04-06,116.93000030517578,117.06999969482422,116.80999755859375,117.06999969482422,86.31761932373047,4772500
2018-04-09,116.8499984741211,117.18000030517578,116.8499984741211,117.12999725341797,86.36186218261719,3611300
2018-04-10,117.20999908447266,117.44000244140625,117.01000213623047,117.16000366210938,86.38396453857422,5201300
2018-04-11,117.36000061035156,117.4000015258789,117.11000061035156,117.23999786376953,86.4429702758789,2483800
2018-04-12,117.12000274658203,117.19999694824219,116.9000015258789,116.91999816894531,86.2070083618164,2588100
2018-04-13,116.83999633789062,117.05999755859375,116.83999633789062,116.95999908447266,86.23652648925781,4427800
2018-04-16,116.75,116.98999786376953,116.70999908447266,116.97000122070312,86.24390411376953,2323600
2018-04-17,116.9800033569336,117.1500015258789,116.91000366210938,116.9800033569336,86.25125122070312,6702900
2018-04-18,116.94000244140625,116.94999694824219,116.36000061035156,116.37999725341797,85.8088607788086,6888000
2018-04-19,116.04000091552734,116.06999969482422,115.76000213623047,115.94000244140625,85.48445129394531,4058600
2018-04-20,115.79000091552734,115.83000183105469,115.45999908447266,115.47000122070312,85.13792419433594,4679700
2018-04-23,115.44000244140625,115.47000122070312,115.25,115.41999816894531,85.1010513305664,4380000
2018-04-24,115.30999755859375,115.44000244140625,114.98999786376953,115.08000183105469,84.85033416748047,5984700
2018-04-25,114.81999969482422,114.83999633789062,114.55000305175781,114.72000122070312,84.58496856689453,3756100
2018-04-26,115.0199966430664,115.18000030517578,114.91999816894531,115.05999755859375,84.8355941772461,6027200
2018-04-27,115.25,115.37000274658203,115.22000122070312,115.31999969482422,85.02733612060547,3369800
2018-04-30,115.37000274658203,115.45999908447266,115.16999816894531,115.22000122070312,84.95356750488281,6388500
2018-05-01,114.83000183105469,114.87000274658203,114.48999786376953,114.58000183105469,84.7236099243164,6051500
2018-05-02,114.7300033569336,114.75,114.48999786376953,114.48999786376953,84.6570816040039,3608100
2018-05-03,114.7699966430664,114.81999969482422,114.47000122070312,114.51000213623047,84.671875,4122600
2018-05-04,114.86000061035156,114.86000061035156,114.47000122070312,114.66999816894531,84.79014587402344,3733800
2018-05-07,114.70999908447266,114.75,114.5,114.54000091552734,84.69405364990234,3870900
2018-05-08,114.43000030517578,114.54000091552734,114.26000213623047,114.5,84.66448211669922,5069300
2018-05-09,114.31999969482422,114.62999725341797,114.27999877929688,114.4800033569336,84.6496810913086,3906600
2018-05-10,114.83999633789062,115.06999969482422,114.72000122070312,115.05999755859375,85.07853698730469,5103000
2018-05-11,115.2300033569336,115.27999877929688,115.08000183105469,115.26000213623047,85.22643280029297,4254000
2018-05-14,115.12999725341797,115.2699966430664,115.05000305175781,115.05000305175781,85.07113647460938,4808300
2018-05-15,114.51000213623047,114.76000213623047,114.0,114.18000030517578,84.42784881591797,5970000
2018-05-16,114.23999786376953,114.3499984741211,113.98999786376953,114.02999877929688,84.31692504882812,4210800
2018-05-17,114.0,114.05999755859375,113.72000122070312,113.80999755859375,84.15424346923828,3272300
2018-05-18,113.98999786376953,114.33000183105469,113.95999908447266,114.27999877929688,84.50179290771484,4154700
2018-05-21,114.1500015258789,114.3499984741211,114.0999984741211,114.3499984741211,84.55357360839844,2593300
2018-05-22,114.26000213623047,114.38999938964844,114.12999725341797,114.2300033569336,84.46484375,3230000
2018-05-23,114.41000366210938,114.80000305175781,114.33000183105469,114.72000122070312,84.8271713256836,5771100
2018-05-24,114.9800033569336,115.08000183105469,114.88999938964844,115.04000091552734,85.06376647949219,4436900
2018-05-25,115.37999725341797,115.41999816894531,115.2300033569336,115.37999725341797,85.31517028808594,3997600
2018-05-29,115.43000030517578,116.20999908447266,115.26000213623047,115.98999786376953,85.7662124633789,6831700
2018-05-30,115.61000061035156,115.81999969482422,115.2699966430664,115.54000091552734,85.43348693847656,5083900
2018-05-31,115.66000366210938,115.7699966430664,115.36000061035156,115.48999786376953,85.39651489257812,6303300
2018-06-01,114.87000274658203,115.13999938964844,114.80999755859375,114.91000366210938,85.23258209228516,4479700
2018-06-04,114.9000015258789,114.97000122070312,114.6500015258789,114.6500015258789,85.03973388671875,3714900
2018-06-05,114.93000030517578,114.94999694824219,114.69000244140625,114.7300033569336,85.09900665283203,3901500
2018-06-06,114.41000366210938,114.47000122070312,114.16000366210938,114.30999755859375,84.78752136230469,4754900
2018-06-07,114.25,115.05999755859375,114.25,114.69000244140625,85.06941223144531,7185200
2018-06-08,114.5999984741211,114.6500015258789,114.43000030517578,114.5,84.92845153808594,2935600
2018-06-11,114.30000305175781,114.4000015258789,114.2300033569336,114.38999938964844,84.84685516357422,2905100
2018-06-12,114.25,114.5,114.22000122070312,114.4000015258789,84.85430145263672,3396500
2018-06-13,114.44000244140625,114.58000183105469,113.9800033569336,114.29000091552734,84.77272033691406,4906500
2018-06-14,114.68000030517578,114.81999969482422,114.48999786376953,114.80999755859375,85.15840148925781,4915800
2018-06-15,114.9800033569336,115.05999755859375,114.58999633789062,114.6500015258789,85.03973388671875,5887100
2018-06-18,114.63999938964844,114.66000366210938,114.41999816894531,114.52999877929688,84.95072174072266,4723200
2018-06-19,114.55999755859375,114.66000366210938,114.47000122070312,114.58999633789062,84.99520874023438,4278700
2018-06-20,114.61000061035156,114.61000061035156,113.9000015258789,113.94999694824219,84.52047729492188,7731500
2018-06-21,113.9000015258789,114.08999633789062,113.86000061035156,113.86000061035156,84.45378112792969,15921600
2018-06-22,113.80000305175781,114.08999633789062,113.75,114.0,84.55760192871094,6728500
2018-06-25,114.04000091552734,114.11000061035156,113.87000274658203,113.88999938964844,84.47600555419922,3243900
2018-06-26,113.9800033569336,114.29000091552734,113.88999938964844,114.2699966430664,84.75785827636719,10345300
2018-06-27,114.58999633789062,114.66000366210938,114.4800033569336,114.66000366210938,85.04717254638672,9776300
2018-06-28,114.56999969482422,114.56999969482422,114.2699966430664,114.51000213623047,84.93588256835938,6241300
2018-06-29,114.63999938964844,114.83999633789062,114.51000213623047,114.56999969482422,84.98040008544922,7855600
2018-07-02,114.41000366210938,114.41000366210938,114.16000366210938,114.23999786376953,84.99150848388672,4806200
2018-07-03,114.30999755859375,114.7300033569336,114.30999755859375,114.66000366210938,85.30403900146484,2518100
2018-07-05,114.7699966430664,115.02999877929688,114.75,115.0199966430664,85.57188415527344,4730600
2018-07-06,115.23999786376953,115.27999877929688,115.08999633789062,115.18000030517578,85.69092559814453,2465600
2018-07-09,115.08999633789062,115.30000305175781,115.02999877929688,115.26000213623047,85.75044250488281,5161600
2018-07-10,115.23999786376953,115.37000274658203,115.11000061035156,115.12999725341797,85.6537094116211,6624000
2018-07-11,115.2699966430664,115.38999938964844,115.12000274658203,115.36000061035156,85.82478332519531,4071400
2018-07-12,115.4000015258789,115.61000061035156,115.31999969482422,115.61000061035156,86.01078796386719,3324800
2018-07-13,115.70999908447266,115.80999755859375,115.62999725341797,115.69999694824219,86.0777587890625,4273800
2018-07-16,115.5,115.62999725341797,115.29000091552734,115.51000213623047,85.93640899658203,2653700
2018-07-17,115.5199966430664,115.58000183105469,115.37999725341797,115.43000030517578,85.8768539428711,6157000
2018-07-18,115.54000091552734,115.54000091552734,115.3499984741211,115.41000366210938,85.86198425292969,3527600
2018-07-19,115.4000015258789,115.73999786376953,115.37000274658203,115.58999633789062,85.99591827392578,5098600
2018-07-20,115.33999633789062,115.38999938964844,115.12000274658203,115.25,85.74298095703125,5139900
2018-07-23,115.05000305175781,115.12000274658203,114.72000122070312,114.79000091552734,85.40074920654297,4716300
2018-07-24,114.80999755859375,115.16999816894531,114.80999755859375,115.1500015258789,85.66857147216797,4446700
2018-07-25,115.4000015258789,115.4000015258789,115.19999694824219,115.30000305175781,85.78014373779297,7376300
2018-07-26,115.41999816894531,115.55000305175781,115.27999877929688,115.41000366210938,85.86198425292969,5860900
2018-07-27,115.75,115.75,115.45999908447266,115.55999755859375,85.97360229492188,5497600
2018-07-30,115.31999969482422,115.48999786376953,115.30999755859375,115.4000015258789,85.8545913696289,6467600
2018-07-31,115.70999908447266,115.86000061035156,115.63999938964844,115.76000213623047,86.1224136352539,6081600
2018-08-01,114.9000015258789,115.1500015258789,114.8499984741211,115.01000213623047,85.81867218017578,7255900
2018-08-02,115.05000305175781,115.16999816894531,114.87999725341797,115.1500015258789,85.92317199707031,6751500
2018-08-03,115.29000091552734,115.55000305175781,115.16000366210938,115.51000213623047,86.1917953491211,2711200
2018-08-06,115.58999633789062,115.76000213623047,115.58999633789062,115.62000274658203,86.27387237548828,3059800
2018-08-07,115.58999633789062,115.58999633789062,115.19999694824219,115.26000213623047,86.00527954101562,5397700
2018-08-08,115.16999816894531,115.2300033569336,115.08000183105469,115.08000183105469,85.87093353271484,7433200
2018-08-09,115.25,115.36000061035156,115.08999633789062,115.16999816894531,85.93810272216797,7273500
2018-08-10,115.0999984741211,115.5,115.02999877929688,115.36000061035156,86.07982635498047,4765900
2018-08-13,115.26000213623047,115.37999725341797,115.22000122070312,115.33000183105469,86.05744934082031,3145700
2018-08-14,115.48999786376953,115.52999877929688,115.41000366210938,115.4800033569336,86.16940307617188,7052500
2018-08-15,115.6500015258789,115.76000213623047,115.55000305175781,115.72000122070312,86.34851837158203,5208100
2018-08-16,115.81999969482422,115.88999938964844,115.69999694824219,115.87000274658203,86.46041870117188,5997900
2018-08-17,115.95999908447266,116.06999969482422,115.88999938964844,115.97000122070312,86.53504180908203,3871900
2018-08-20,116.25,116.37000274658203,116.18000030517578,116.2699966430664,86.75891876220703,2686800
2018-08-21,116.22000122070312,116.22000122070312,115.95999908447266,115.9800033569336,86.54251098632812,5480400
2018-08-22,116.22000122070312,116.23999786376953,115.94999694824219,115.97000122070312,86.53504180908203,6877700
2018-08-23,116.13999938964844,116.18000030517578,115.94000244140625,116.01000213623047,86.56490325927734,5693800
2018-08-24,115.88999938964844,116.29000091552734,115.8499984741211,116.23999786376953,86.73651885986328,5152500
2018-08-27,116.0199966430664,116.16000366210938,116.01000213623047,116.05999755859375,86.60218048095703,3762200
2018-08-28,115.87000274658203,115.9800033569336,115.5999984741211,115.62000274658203,86.27387237548828,4026900
2018-08-29,115.7300033569336,115.75,115.41000366210938,115.5,86.18435668945312,10473500
2018-08-30,115.73999786376953,115.80999755859375,115.5199966430664,115.61000061035156,86.26640319824219,5682300
2018-08-31,115.80999755859375,115.83999633789062,115.43000030517578,115.44000244140625,86.1395263671875,4425800
2018-09-04,114.86000061035156,114.98999786376953,114.68000030517578,114.87999725341797,85.98090362548828,6468700
2018-09-05,114.83999633789062,114.87999725341797,114.77999877929688,114.80999755859375,85.9284896850586,6103200
2018-09-06,114.98999786376953,115.20999908447266,114.94999694824219,115.12999725341797,86.16801452636719,6918100
2018-09-07,114.76000213623047,114.76000213623047,114.62999725341797,114.6500015258789,85.80874633789062,4529100
2018-09-10,114.73999786376953,115.02999877929688,114.73999786376953,115.02999877929688,86.09312438964844,5512700
2018-09-11,114.80000305175781,114.88999938964844,114.72000122070312,114.7699966430664,85.89852905273438,5976900
2018-09-12,114.97000122070312,115.12000274658203,114.95999908447266,115.0,86.07071685791016,5543100
2018-09-13,115.25,115.33000183105469,115.12999725341797,115.23999786376953,86.25031280517578,5584100
2018-09-14,115.01000213623047,115.16000366210938,114.94999694824219,115.0999984741211,86.14551544189453,7003500
2018-09-17,114.91000366210938,115.11000061035156,114.88999938964844,115.02999877929688,86.09312438964844,2667100
2018-09-18,114.80999755859375,114.80999755859375,114.5199966430664,114.55999755859375,85.74136352539062,5160900
2018-09-19,114.52999877929688,114.54000091552734,114.2300033569336,114.38999938964844,85.6141357421875,5220700
2018-09-20,114.41000366210938,114.80999755859375,114.38999938964844,114.69000244140625,85.83869171142578,6152400
2018-09-21,114.5999984741211,114.79000091552734,114.5999984741211,114.70999908447266,85.85363006591797,9404300
2018-09-24,114.4800033569336,114.5999984741211,114.37000274658203,114.44999694824219,85.6590347290039,10749400
2018-09-25,114.33000183105469,114.47000122070312,114.2300033569336,114.44999694824219,85.6590347290039,4087100
2018-09-26,114.6500015258789,114.93000030517578,114.52999877929688,114.86000061035156,85.9659194946289,7433600
2018-09-27,114.8499984741211,115.04000091552734,114.7699966430664,115.01000213623047,86.07817077636719,6323400
2018-09-28,115.13999938964844,115.13999938964844,114.9000015258789,114.93000030517578,86.01834106445312,12578500
2018-10-01,114.5,114.63999938964844,114.41999816894531,114.41999816894531,85.89966583251953,7550600
2018-10-02,114.55999755859375,114.75,114.5199966430664,114.5199966430664,85.97471618652344,11207800
2018-10-03,114.41000366210938,114.52999877929688,113.66000366210938,113.8499984741211,85.47179412841797,8400500
2018-10-04,113.55999755859375,113.66000366210938,113.2300033569336,113.37999725341797,85.11888885498047,9843800
2018-10-05,113.1500015258789,113.26000213623047,112.76000213623047,112.94000244140625,84.78858947753906,8785800
2018-10-08,113.0,113.01000213623047,112.80000305175781,112.81999969482422,84.69853973388672,1355200
2018-10-09,113.0,113.16999816894531,112.91000366210938,113.13999938964844,84.9387435913086,8416200
2018-10-10,112.86000061035156,113.01000213623047,112.58999633789062,112.83000183105469,84.70602416992188,12316400
2018-10-11,113.08000183105469,113.48999786376953,113.05000305175781,113.30000305175781,85.05887603759766,18587600
2018-10-12,113.33999633789062,113.52999877929688,113.16000366210938,113.31999969482422,85.07386779785156,8956700
2018-10-15,113.26000213623047,113.36000061035156,113.0999984741211,113.11000061035156,84.91620635986328,6636500
2018-10-16,113.16000366210938,113.4800033569336,113.05999755859375,113.4000015258789,85.13394927978516,9017800
2018-10-17,113.30999755859375,113.4000015258789,112.83999633789062,112.83999633789062,84.7135238647461,6880600
2018-10-18,112.7300033569336,112.9800033569336,112.5999984741211,112.83999633789062,84.7135238647461,10418000
2018-10-19,112.75,112.86000061035156,112.5999984741211,112.69999694824219,84.60846710205078,6355700
2018-10-22,112.83000183105469,112.8499984741211,112.52999877929688,112.55999755859375,84.50332641601562,7282900
2018-10-23,112.80999755859375,112.95999908447266,112.66000366210938,112.72000122070312,84.6234359741211,10277900
2018-10-24,112.94999694824219,113.05000305175781,112.81999969482422,112.87999725341797,84.74356079101562,7262000
2018-10-25,112.7300033569336,112.8499984741211,112.72000122070312,112.73999786376953,84.63848876953125,5653100
2018-10-26,112.97000122070312,113.08000183105469,112.91999816894531,112.93000030517578,84.7811050415039,4955300
2018-10-29,112.86000061035156,112.91999816894531,112.72000122070312,112.80000305175781,84.6834945678711,6573300
2018-10-30,112.58999633789062,112.66999816894531,112.44000244140625,112.55000305175781,84.49578857421875,7669600
2018-10-31,112.38999938964844,112.61000061035156,112.2300033569336,112.2300033569336,84.25556945800781,13156300
2018-11-01,111.70999908447266,112.20999908447266,111.66999816894531,112.19999694824219,84.51091003417969,14262000
2018-11-02,112.06999969482422,112.18000030517578,111.7300033569336,111.75,84.17198181152344,7738400
2018-11-05,111.8499984741211,112.04000091552734,111.8499984741211,111.94999694824219,84.3226318359375,5064000
2018-11-06,112.02999877929688,112.18000030517578,112.01000213623047,112.13999938964844,84.46571350097656,5787100
2018-11-07,112.62999725341797,112.70999908447266,112.37999725341797,112.43000030517578,84.68417358398438,13257500
2018-11-08,112.41000366210938,112.45999908447266,112.0999984741211,112.0999984741211,84.43560028076172,10934400
2018-11-09,112.18000030517578,112.33000183105469,112.08999633789062,112.18000030517578,84.495849609375,8836800
2018-11-12,112.41000366210938,112.41000366210938,112.08000183105469,112.16999816894531,84.48833465576172,2876500
2018-11-13,112.05999755859375,112.12000274658203,111.95999908447266,112.0199966430664,84.37531280517578,7778400
2018-11-14,111.7300033569336,111.94000244140625,111.68000030517578,111.72000122070312,84.14935302734375,11595100
2018-11-15,111.58999633789062,111.66999816894531,111.31999969482422,111.51000213623047,83.99116516113281,15158300
2018-11-16,111.47000122070312,111.76000213623047,111.41000366210938,111.7300033569336,84.15691375732422,13503700
2018-11-19,111.47000122070312,111.6500015258789,111.41999816894531,111.62000274658203,84.07404327392578,9773700
2018-11-20,111.37999725341797,111.5999984741211,111.33000183105469,111.3499984741211,83.87068176269531,16168200
2018-11-21,111.62000274658203,111.72000122070312,111.44999694824219,111.58999633789062,84.05147552490234,10704600
2018-11-23,111.94000244140625,111.9800033569336,111.62999725341797,111.63999938964844,84.08909606933594,2924700
2018-11-26,111.7699966430664,111.81999969482422,111.63999938964844,111.69000244140625,84.12678527832031,5938900
2018-11-27,111.61000061035156,111.66000366210938,111.5199966430664,111.55000305175781,84.02134704589844,8581300
2018-11-28,111.51000213623047,111.94999694824219,111.29000091552734,111.8499984741211,84.24725341796875,13861300
2018-11-29,111.75,111.87000274658203,111.41999816894531,111.52999877929688,84.00625610351562,10939100
2018-11-30,111.55000305175781,111.58000183105469,111.25,111.45999908447266,83.95350646972656,14854800
2018-12-03,111.30999755859375,111.5999984741211,111.25,111.5199966430664,84.265625,12740500
2018-12-04,111.72000122070312,111.9800033569336,111.52999877929688,111.54000091552734,84.28072357177734,13521500
2018-12-06,111.61000061035156,111.98999786376953,111.5999984741211,111.87999725341797,84.53761291503906,12752200
2018-12-07,112.0,112.05999755859375,111.73999786376953,111.88999938964844,84.54515838623047,11791900
2018-12-10,112.19999694824219,112.23999786376953,111.91000366210938,112.2300033569336,84.80210876464844,6886500
2018-12-11,112.37999725341797,112.55999755859375,112.26000213623047,112.43000030517578,84.95320892333984,10241100
2018-12-12,112.44999694824219,112.68000030517578,111.58999633789062,112.55000305175781,85.0438461303711,10001600
2018-12-13,112.73999786376953,112.91000366210938,112.7300033569336,112.8499984741211,85.27056884765625,6911200
2018-12-14,112.91000366210938,113.01000213623047,112.70999908447266,112.7300033569336,85.17990112304688,6037900
2018-12-17,112.7699966430664,112.98999786376953,112.7699966430664,112.8499984741211,85.27056884765625,6480500
2018-12-18,112.69999694824219,112.94000244140625,112.61000061035156,112.9000015258789,85.57527160644531,5923200
2018-12-19,113.05000305175781,113.30999755859375,112.80999755859375,112.80999755859375,85.50704956054688,10049200
2018-12-20,113.08000183105469,113.1500015258789,112.2699966430664,112.44000244140625,85.22659301757812,20942200
2018-12-21,112.58000183105469,112.68000030517578,112.13999938964844,112.33000183105469,85.14324188232422,11850700
2018-12-24,112.31999969482422,112.41000366210938,111.98999786376953,112.06999969482422,84.9461441040039,4384800
2018-12-26,112.08000183105469,112.20999908447266,111.79000091552734,111.9800033569336,84.87793731689453,7659300
2018-12-27,112.16000366210938,112.29000091552734,111.9800033569336,111.9800033569336,84.87793731689453,7797300
2018-12-28,112.0999984741211,112.52999877929688,112.0999984741211,112.51000213623047,85.2796401977539,4334500
2018-12-31,112.5199966430664,112.91999816894531,112.43000030517578,112.81999969482422,85.5146255493164,7008400
2019-01-02,112.81999969482422,113.19000244140625,112.77999877929688,113.16999816894531,85.7798843383789,9506500
2019-01-03,113.0,113.30000305175781,112.94999694824219,113.22000122070312,85.81780242919922,11199100
2019-01-04,112.87999725341797,113.19999694824219,112.80999755859375,113.1500015258789,85.76473236083984,12080700
2019-01-07,113.38999938964844,113.45999908447266,113.1500015258789,113.16000366210938,85.7723159790039,16150100
2019-01-08,113.20999908447266,113.44000244140625,113.20999908447266,113.41000366210938,85.96179962158203,7961400
2019-01-09,113.5,113.88999938964844,113.5,113.83999633789062,86.2877426147461,10534900
2019-01-10,113.7300033569336,113.7699966430664,113.43000030517578,113.54000091552734,86.06034851074219,10337000
2019-01-11,113.79000091552734,113.79000091552734,113.58999633789062,113.75,86.21951293945312,6890800
2019-01-14,113.62000274658203,113.79000091552734,113.41999816894531,113.44999694824219,85.99214935302734,4511400
2019-01-15,113.54000091552734,113.68000030517578,113.44999694824219,113.5199966430664,86.04521942138672,10536500
2019-01-16,113.5199966430664,113.9000015258789,113.45999908447266,113.73999786376953,86.21196746826172,17911800
2019-01-17,113.66000366210938,113.9800033569336,113.66000366210938,113.97000122070312,86.38628387451172,8756200
2019-01-18,113.95999908447266,114.27999877929688,113.95999908447266,114.16999816894531,86.53789520263672,12589700
2019-01-22,114.31999969482422,114.58000183105469,114.31999969482422,114.36000061035156,86.68193054199219,9101600
2019-01-23,114.45999908447266,114.73999786376953,114.38999938964844,114.6500015258789,86.90172576904297,11707200
2019-01-24,115.05000305175781,115.11000061035156,114.86000061035156,114.94999694824219,87.12911224365234,8874700
2019-01-25,114.9000015258789,115.05000305175781,114.87999725341797,115.05000305175781,87.20492553710938,8529200
2019-01-28,114.94999694824219,115.12000274658203,114.88999938964844,115.02999877929688,87.18972778320312,7830600
2019-01-29,115.16999816894531,115.27999877929688,115.06999969482422,115.27999877929688,87.37922668457031,9111300
2019-01-30,115.31999969482422,115.80999755859375,115.16999816894531,115.80999755859375,87.78096771240234,17275500
2019-01-31,116.20999908447266,116.69999694824219,116.19000244140625,116.62000274658203,88.39494323730469,12004200
2019-02-01,116.12000274658203,116.30999755859375,115.91999816894531,115.98999786376953,88.184326171875,15158400
2019-02-04,115.87000274658203,115.88999938964844,115.61000061035156,115.83000183105469,88.06271362304688,7375500
2019-02-05,116.0999984741211,116.4800033569336,116.08999633789062,116.30000305175781,88.42000579833984,9298100
2019-02-06,116.37999725341797,116.4000015258789,116.04000091552734,116.08000183105469,88.25276947021484,7083600
2019-02-07,116.0,116.08000183105469,115.77999877929688,116.05999755859375,88.23753356933594,12973200
2019-02-08,116.1500015258789,116.37999725341797,116.11000061035156,116.3499984741211,88.45801544189453,5502500
2019-02-11,116.27999877929688,116.27999877929688,116.0,116.08999633789062,88.26036834716797,5353800
2019-02-12,116.08000183105469,116.25,116.02999877929688,116.25,88.38200378417969,10689100
2019-02-13,116.01000213623047,116.0999984741211,115.88999938964844,115.94999694824219,88.15391540527344,9595200
2019-02-14,116.23999786376953,116.23999786376953,115.94000244140625,116.08000183105469,88.25276947021484,14906100
2019-02-15,116.02999877929688,116.26000213623047,116.02999877929688,116.22000122070312,88.35920715332031,8298000
2019-02-19,116.44000244140625,116.44000244140625,116.16999816894531,116.29000091552734,88.41242980957031,6920300
2019-02-20,116.19000244140625,116.2300033569336,115.98999786376953,116.19000244140625,88.33638763427734,8577400
2019-02-21,115.76000213623047,115.9800033569336,115.73999786376953,115.86000061035156,88.08549499511719,6311000
2019-02-22,115.97000122070312,116.4800033569336,115.97000122070312,116.37999725341797,88.4808349609375,4110600
2019-02-25,116.26000213623047,116.44999694824219,116.25,116.33999633789062,88.45045471191406,6026200
2019-02-26,116.51000213623047,116.58999633789062,116.41000366210938,116.5199966430664,88.58724212646484,6360600
2019-02-27,116.37000274658203,116.37000274658203,116.11000061035156,116.19000244140625,88.33638763427734,7008500
2019-02-28,116.25,116.37000274658203,115.95999908447266,116.02999877929688,88.21475982666016,12468400
2019-03-01,115.73999786376953,115.87999725341797,115.41999816894531,115.47000122070312,88.06072998046875,12714100
2019-03-04,115.80999755859375,115.86000061035156,115.68000030517578,115.7300033569336,88.25896453857422,9453600
2019-03-05,115.69000244140625,115.79000091552734,115.56999969482422,115.7699966430664,88.28948974609375,9090400
2019-03-06,115.80999755859375,115.95999908447266,115.73999786376953,115.87999725341797,88.37336730957031,6278700
2019-03-07,116.0999984741211,116.30000305175781,116.02999877929688,116.26000213623047,88.6631851196289,7355500
2019-03-08,116.11000061035156,116.43000030517578,115.91000366210938,116.41000366210938,88.77757263183594,7386600
2019-03-11,116.38999938964844,116.54000091552734,116.30999755859375,116.54000091552734,88.87672424316406,7813600
2019-03-12,116.56999969482422,116.94000244140625,116.55999755859375,116.86000061035156,89.12073516845703,7994600
2019-03-13,116.54000091552734,116.70999908447266,116.54000091552734,116.66999816894531,88.975830078125,5834000
2019-03-14,116.62999725341797,116.63999938964844,116.33999633789062,116.44000244140625,88.80040740966797,5395300
2019-03-15,116.76000213623047,117.0199966430664,116.69999694824219,116.86000061035156,89.12073516845703,8537000
2019-03-18,116.77999877929688,116.88999938964844,116.75,116.80000305175781,89.07498931884766,4308300
2019-03-19,116.62999725341797,116.93000030517578,116.62999725341797,116.81999969482422,89.09027099609375,8074700
2019-03-20,116.88999938964844,117.66000366210938,116.77999877929688,117.61000061035156,89.69268798828125,16202600
2019-03-21,117.5199966430664,117.91000366210938,117.5199966430664,117.83000183105469,89.86048889160156,14163200
2019-03-22,118.20999908447266,118.63999938964844,118.20999908447266,118.55000305175781,90.4095687866211,10576900
2019-03-25,118.56999969482422,119.0,118.37000274658203,118.79000091552734,90.5926284790039,7096100
2019-03-26,118.73999786376953,118.93000030517578,118.58999633789062,118.83999633789062,90.6307601928711,7766500
2019-03-27,119.0,119.22000122070312,118.91999816894531,119.0,90.75276184082031,7484100
2019-03-28,119.02999877929688,119.1500015258789,118.91000366210938,119.1500015258789,90.8671646118164,4621200
2019-03-29,118.83000183105469,119.1500015258789,118.79000091552734,119.05999755859375,90.79852294921875,8415100
2019-04-01,118.44999694824219,118.62000274658203,118.19999694824219,118.26000213623047,90.46045684814453,9567400
2019-04-02,118.27999877929688,118.44999694824219,118.19000244140625,118.41999816894531,90.58277130126953,7733300
2019-04-03,118.1500015258789,118.29000091552734,118.11000061035156,118.16999816894531,90.39157104492188,6048400
2019-04-04,118.19999694824219,118.36000061035156,118.11000061035156,118.36000061035156,90.5368881225586,7510600
2019-04-05,118.33999633789062,118.69000244140625,118.26000213623047,118.55000305175781,90.68224334716797,9326200
2019-04-08,118.5199966430664,118.56999969482422,118.3499984741211,118.37999725341797,90.55219268798828,8564800
2019-04-09,118.69000244140625,118.83000183105469,118.58000183105469,118.62999725341797,90.74344635009766,7749000
2019-04-10,118.87000274658203,119.2699966430664,118.86000061035156,119.20999908447266,91.1871109008789,5765300
2019-04-11,119.05999755859375,119.20999908447266,119.01000213623047,119.08999633789062,91.09530639648438,7769500
2019-04-12,118.98999786376953,119.12000274658203,118.88999938964844,119.0199966430664,91.04174041748047,11083800
2019-04-15,119.01000213623047,119.08000183105469,118.83000183105469,118.83000183105469,90.89639282226562,12427300
2019-04-16,118.79000091552734,118.79000091552734,118.48999786376953,118.5,90.64404296875,10302700
2019-04-17,118.62000274658203,118.72000122070312,118.47000122070312,118.4800033569336,90.62870025634766,6062300
2019-04-18,118.75,118.80000305175781,118.55000305175781,118.58000183105469,90.7052001953125,8060000
2019-04-22,118.45999908447266,118.52999877929688,118.33999633789062,118.38999938964844,90.55985260009766,6581900
2019-04-23,118.55999755859375,118.87999725341797,118.54000091552734,118.87999725341797,90.93468475341797,7389700
2019-04-24,119.16000366210938,119.4000015258789,119.12999725341797,119.27999877929688,91.24064636230469,6463200
2019-04-25,119.16999816894531,119.2699966430664,119.02999877929688,119.22000122070312,91.19477081298828,4404000
2019-04-26,119.62000274658203,119.70999908447266,119.5,119.63999938964844,91.51599884033203,3406100
2019-04-29,119.37999725341797,119.43000030517578,119.11000061035156,119.16999816894531,91.15654754638672,5847500
2019-04-30,119.1500015258789,119.3499984741211,119.0999984741211,119.22000122070312,91.19477081298828,9753300
2019-05-01,119.0,119.56999969482422,118.83000183105469,118.83000183105469,91.16556549072266,12804300
2019-05-02,118.69999694824219,118.73999786376953,118.29000091552734,118.4000015258789,90.83573913574219,11748200
2019-05-03,118.6500015258789,118.97000122070312,118.6500015258789,118.93000030517578,91.24232482910156,7481000
2019-05-06,119.02999877929688,119.2300033569336,118.87999725341797,119.08999633789062,91.36506652832031,8077400
2019-05-07,119.27999877929688,119.29000091552734,119.0,119.08000183105469,91.35739135742188,11575500
2019-05-08,119.1500015258789,119.19999694824219,118.63999938964844,118.68000030517578,91.05052947998047,11843100
2019-05-09,118.93000030517578,118.94999694824219,118.61000061035156,118.79000091552734,91.13488006591797,11586200
2019-05-10,118.75,118.91999816894531,118.70999908447266,118.86000061035156,91.1886215209961,8155600
2019-05-13,118.86000061035156,119.12999725341797,118.77999877929688,118.93000030517578,91.24232482910156,16744900
2019-05-14,119.0,119.12000274658203,118.91999816894531,119.0999984741211,91.37271881103516,7993500
2019-05-15,119.41000366210938,119.44999694824219,119.18000030517578,119.43000030517578,91.62590026855469,10804400
2019-05-16,119.33999633789062,119.33999633789062,119.20999908447266,119.23999786376953,91.48014068603516,11716300
2019-05-17,119.37999725341797,119.44000244140625,119.2300033569336,119.25,91.48780822753906,7746100
2019-05-20,119.22000122070312,119.30999755859375,118.95999908447266,118.97000122070312,91.27298736572266,2890900
2019-05-21,119.08999633789062,119.11000061035156,118.93000030517578,119.06999969482422,91.34972381591797,3610100
2019-05-22,119.13999938964844,119.30999755859375,119.04000091552734,119.22000122070312,91.46479797363281,9526200
2019-05-23,119.2699966430664,119.61000061035156,119.19000244140625,119.4800033569336,91.66429901123047,9983400
2019-05-24,119.63999938964844,119.75,119.5199966430664,119.7300033569336,91.8560562133789,5981700
2019-05-28,119.93000030517578,120.0,119.7699966430664,119.80999755859375,91.91744232177734,9039100
2019-05-29,119.87999725341797,120.02999877929688,119.81999969482422,119.86000061035156,91.955810546875,8778000
2019-05-30,120.0999984741211,120.58999633789062,120.01000213623047,120.55000305175781,92.48519897460938,11946400
2019-05-31,120.62000274658203,120.83999633789062,120.38999938964844,120.83000183105469,92.70000457763672,11611700
2019-06-03,120.75,120.91000366210938,120.41000366210938,120.83000183105469,92.98551177978516,12525200
2019-06-04,120.52999877929688,120.93000030517578,120.52999877929688,120.87000274658203,93.01627349853516,20566100
2019-06-05,120.97000122070312,121.18000030517578,120.68000030517578,120.79000091552734,92.95472717285156,10423100
2019-06-06,120.95999908447266,121.12000274658203,120.81999969482422,121.0199966430664,93.13170623779297,14133600
2019-06-07,121.5,121.8499984741211,121.43000030517578,121.55999755859375,93.54727935791016,11912900
2019-06-10,121.33999633789062,121.47000122070312,121.11000061035156,121.12000274658203,93.2086410522461,13072400
2019-06-11,121.19999694824219,121.31999969482422,121.02999877929688,121.2300033569336,93.2933120727539,17076700
2019-06-12,121.23999786376953,121.43000030517578,121.1500015258789,121.41000366210938,93.43184661865234,11814400
2019-06-13,121.44999694824219,121.75,121.44999694824219,121.72000122070312,93.67041015625,6665700
2019-06-14,121.55000305175781,121.81999969482422,121.45999908447266,121.7699966430664,93.70887756347656,4652300
2019-06-17,121.69000244140625,121.93000030517578,121.62000274658203,121.83000183105469,93.75507354736328,6213200
2019-06-18,122.45999908447266,122.7699966430664,122.33999633789062,122.63999938964844,94.37836456298828,19575000
2019-06-19,122.3499984741211,123.44999694824219,122.2300033569336,123.41999816894531,94.97862243652344,17597800
2019-06-20,123.9000015258789,124.16000366210938,123.69999694824219,124.08999633789062,95.49427032470703,24937900
2019-06-21,123.68000030517578,123.88999938964844,123.4800033569336,123.63999938964844,95.14797973632812,18566400
2019-06-24,123.94999694824219,124.16999816894531,123.77999877929688,123.94999694824219,95.3864974975586,15241600
2019-06-25,123.94999694824219,123.98999786376953,123.47000122070312,123.58000183105469,95.10176849365234,17843700
2019-06-26,123.83999633789062,123.83999633789062,123.27999877929688,123.33000183105469,94.9094009399414,24436700
2019-06-27,123.63999938964844,124.13999938964844,123.54000091552734,124.05000305175781,95.46345520019531,10314500
2019-06-28,124.11000061035156,124.44000244140625,124.08999633789062,124.37000274658203,95.70973205566406,9512100
2019-07-01,124.20999908447266,124.54000091552734,123.94000244140625,124.25,95.89112091064453,19129900
2019-07-02,124.31999969482422,124.6500015258789,124.19999694824219,124.58999633789062,96.15347290039062,15843800
2019-07-03,124.6500015258789,124.95999908447266,124.58999633789062,124.93000030517578,96.4159164428711,6947300
2019-07-05,124.04000091552734,124.1500015258789,123.33999633789062,123.83000183105469,95.56697082519531,7889900
2019-07-08,124.0,124.05000305175781,123.66000366210938,123.66000366210938,95.43573760986328,9239200
2019-07-09,123.58999633789062,123.62000274658203,123.33999633789062,123.4000015258789,95.23509216308594,15877100
2019-07-10,123.55000305175781,123.83999633789062,123.4800033569336,123.68000030517578,95.45115661621094,9551800
2019-07-11,123.44999694824219,123.63999938964844,122.8499984741211,122.94999694824219,94.8877944946289,7101300
2019-07-12,122.9000015258789,123.13999938964844,122.83999633789062,123.06999969482422,94.98041534423828,6363600
2019-07-15,123.19999694824219,123.33999633789062,123.08999633789062,123.27999877929688,95.1424789428711,7705000
2019-07-16,122.8499984741211,123.04000091552734,122.70999908447266,123.0199966430664,94.94184875488281,9867500
2019-07-17,123.1500015258789,123.68000030517578,123.1500015258789,123.66999816894531,95.44342803955078,6620400
2019-07-18,123.61000061035156,124.08999633789062,123.36000061035156,123.95999908447266,95.66728973388672,10357300
2019-07-19,123.83000183105469,124.05999755859375,123.6500015258789,123.7699966430664,95.5206298828125,8789300
2019-07-22,124.25,124.2699966430664,124.08999633789062,124.1500015258789,95.81392669677734,4464800
2019-07-23,124.23999786376953,124.23999786376953,123.97000122070312,124.22000122070312,95.86793518066406,7013600
2019-07-24,124.38999938964844,124.58000183105469,124.22000122070312,124.56999969482422,96.13803100585938,11851200
2019-07-25,124.41000366210938,124.48999786376953,123.87000274658203,124.16999816894531,95.82937622070312,9943100
2019-07-26,124.43000030517578,124.48999786376953,124.16999816894531,124.33999633789062,95.96051025390625,7285100
2019-07-29,124.48999786376953,124.51000213623047,124.25,124.26000213623047,95.89885711669922,7379600
2019-07-30,124.22000122070312,124.30999755859375,123.91999816894531,124.22000122070312,95.86793518066406,12112000
2019-07-31,124.3499984741211,124.7300033569336,123.80999755859375,124.33000183105469,95.95281982421875,17422700
2019-08-01,124.30999755859375,125.30999755859375,124.22000122070312,124.98999786376953,96.7329330444336,16216800
2019-08-02,124.94999694824219,125.1500015258789,124.83999633789062,125.12000274658203,96.83355712890625,14629500
2019-08-05,125.51000213623047,125.51000213623047,125.12999725341797,125.20999908447266,96.9032211303711,12715500
2019-08-06,125.58000183105469,126.04000091552734,125.33000183105469,125.98999786376953,97.50685119628906,14920200
2019-08-07,126.47000122070312,126.66000366210938,125.86000061035156,125.97000122070312,97.4914321899414,24644100
2019-08-08,125.77999877929688,126.36000061035156,125.52999877929688,126.30999755859375,97.7545394897461,8353800
2019-08-09,126.30999755859375,126.3499984741211,125.88999938964844,125.94000244140625,97.46815490722656,6375900
2019-08-12,126.30000305175781,126.83000183105469,126.26000213623047,126.7300033569336,98.07960510253906,8075100
2019-08-13,126.81999969482422,126.94999694824219,126.44999694824219,126.62999725341797,98.00221252441406,10955000
2019-08-14,127.0999984741211,127.19999694824219,126.83000183105469,127.0,98.28852081298828,9070900
2019-08-15,127.1500015258789,128.0,127.05000305175781,127.62000274658203,98.76837921142578,11378300
2019-08-16,127.31999969482422,127.9000015258789,127.06999969482422,127.8499984741211,98.94635772705078,10842200
2019-08-19,127.16999816894531,127.62000274658203,127.0,127.43000030517578,98.62130737304688,7226200
2019-08-20,127.8499984741211,128.22000122070312,127.72000122070312,128.1699981689453,99.19404602050781,11402300
2019-08-21,127.87000274658203,128.72999572753906,127.87000274658203,128.39999389648438,99.37201690673828,9344000
2019-08-22,128.25,128.5,127.87999725341797,127.93000030517578,99.00830078125,7054000
2019-08-23,127.79000091552734,128.7100067138672,127.7699966430664,128.39999389648438,99.37201690673828,7998600
2019-08-26,128.47999572753906,128.72000122070312,128.2100067138672,128.41000366210938,99.37979125976562,6305900
2019-08-27,128.75,129.1999969482422,128.75,129.10000610351562,99.913818359375,12644100
2019-08-28,129.39999389648438,129.4600067138672,129.00999450683594,129.10000610351562,99.913818359375,8935800
2019-08-29,129.05999755859375,129.10000610351562,128.35000610351562,128.82000732421875,99.69706726074219,17900500
2019-08-30,128.6699981689453,128.83999633789062,128.4199981689453,128.8000030517578,99.68160247802734,8653700
2019-09-03,128.3699951171875,128.72000122070312,127.94000244140625,128.3300018310547,99.5876693725586,22683500
2019-09-04,128.07000732421875,128.7100067138672,128.07000732421875,128.57000732421875,99.77394104003906,8502600
2019-09-05,127.94999694824219,128.24000549316406,127.41999816894531,127.62999725341797,99.04449462890625,19042800
2019-09-06,127.83999633789062,128.19000244140625,127.77999877929688,128.08999633789062,99.4014663696289,8914800
2019-09-09,127.47000122070312,127.55999755859375,127.1500015258789,127.1500015258789,98.67198944091797,7219000
2019-09-10,126.97000122070312,126.98999786376953,126.06999969482422,126.08000183105469,97.84162139892578,9863400
2019-09-11,126.0,126.31999969482422,125.91000366210938,125.9800033569336,97.76403045654297,8165800
2019-09-12,126.66000366210938,126.76000213623047,125.7300033569336,125.80999755859375,97.63209533691406,11506000
2019-09-13,125.36000061035156,125.58999633789062,124.68000030517578,124.68000030517578,96.75518035888672,8984600
2019-09-16,125.12999725341797,125.43000030517578,124.93000030517578,125.30999755859375,97.24408721923828,11464700
2019-09-17,125.26000213623047,125.80999755859375,125.16000366210938,125.62999725341797,97.49243927001953,12480700
2019-09-18,126.06999969482422,126.45999908447266,125.52999877929688,125.94000244140625,97.73299407958984,9162300
2019-09-19,126.41000366210938,126.61000061035156,126.20999908447266,126.30000305175781,98.01236724853516,9042800
2019-09-20,126.69000244140625,127.2300033569336,126.55999755859375,127.16999816894531,98.6874771118164,10406200
2019-09-23,127.38999938964844,127.58000183105469,127.05000305175781,127.08000183105469,98.61767578125,9526600
2019-09-24,127.41000366210938,127.6500015258789,127.29000091552734,127.4800033569336,98.92808532714844,12638700
2019-09-25,127.27999877929688,127.36000061035156,126.62999725341797,126.76000213623047,98.36931610107422,13852300
2019-09-26,127.19000244140625,127.2699966430664,127.0,127.02999877929688,98.578857421875,8377600
2019-09-27,127.1500015258789,127.22000122070312,126.93000030517578,127.05999755859375,98.60210418701172,8627800
2019-09-30,126.95999908447266,127.51000213623047,126.86000061035156,127.4800033569336,98.92808532714844,10769500
2019-10-01,126.55999755859375,127.66000366210938,126.55999755859375,127.29000091552734,99.04166412353516,13233900
2019-10-02,127.25,127.3499984741211,126.97000122070312,127.23999786376953,99.0027847290039,11377000
2019-10-03,127.43000030517578,127.91999816894531,127.43000030517578,127.73999786376953,99.39181518554688,13985000
2019-10-04,128.02999877929688,128.27000427246094,127.94999694824219,128.27000427246094,99.80421447753906,9168500
2019-10-07,127.91000366210938,128.0,127.61000061035156,127.62000274658203,99.2984390258789,6989300
2019-10-08,127.91000366210938,127.98999786376953,127.4800033569336,127.51000213623047,99.21287536621094,8635500
2019-10-09,127.77999877929688,127.77999877929688,127.27999877929688,127.55999755859375,99.25177764892578,9929500
2019-10-10,127.13999938964844,127.19999694824219,126.66000366210938,126.80999755859375,98.66819763183594,7962200
2019-10-11,126.48999786376953,126.7699966430664,126.05000305175781,126.58000183105469,98.48921966552734,11061500
2019-10-14,126.9000015258789,127.05000305175781,126.69999694824219,127.0,98.81604766845703,2276500
2019-10-15,127.05000305175781,127.05000305175781,126.56999969482422,126.66000366210938,98.55147552490234,13199100
2019-10-16,126.73999786376953,126.91000366210938,126.51000213623047,126.80000305175781,98.66039276123047,7793500
2019-10-17,126.81999969482422,127.19000244140625,126.70999908447266,126.9800033569336,98.80045318603516,5795300
2019-10-18,127.13999938964844,127.33999633789062,127.05000305175781,127.13999938964844,98.9249496459961,5978200
2019-10-21,126.9000015258789,127.0,126.80000305175781,126.8499984741211,98.69933319091797,6457700
2019-10-22,127.23999786376953,127.26000213623047,126.87999725341797,127.06999969482422,98.8704833984375,5820000
2019-10-23,127.30999755859375,127.37000274658203,127.08999633789062,127.13999938964844,98.9249496459961,4986100
2019-10-24,127.2699966430664,127.55999755859375,127.2699966430664,127.41999816894531,99.142822265625,9154900
2019-10-25,127.4800033569336,127.4800033569336,127.02999877929688,127.19999694824219,98.97162628173828,6263000
2019-10-28,126.80000305175781,126.94000244140625,126.72000122070312,126.81999969482422,98.67597961425781,9081600
2019-10-29,126.7699966430664,126.87999725341797,126.4800033569336,126.48999786376953,98.41918182373047,9236700
2019-10-30,126.45999908447266,127.01000213623047,126.43000030517578,126.94000244140625,98.76933288574219,12250700
2019-10-31,127.41000366210938,127.79000091552734,127.26000213623047,127.70999908447266,99.36847686767578,18082800
2019-11-01,127.37999725341797,127.83000183105469,127.30000305175781,127.48999786376953,99.46601104736328,11238400
2019-11-04,127.1500015258789,127.18000030517578,126.8499984741211,126.88999938964844,98.99783325195312,10122100
2019-11-05,126.33999633789062,126.55999755859375,126.0199966430664,126.16000366210938,98.4283447265625,10409200
2019-11-06,126.51000213623047,126.9000015258789,126.5,126.87000274658203,98.9822998046875,8496500
2019-11-07,126.31999969482422,126.44000244140625,125.73999786376953,125.87999725341797,98.20986938476562,14799000
2019-11-08,125.86000061035156,126.16999816894531,125.70999908447266,125.70999908447266,98.07728576660156,6256300
2019-11-11,125.95999908447266,125.98999786376953,125.66000366210938,125.75,98.10851287841797,3231600
2019-11-12,125.86000061035156,125.97000122070312,125.61000061035156,125.87000274658203,98.20211029052734,9936600
2019-11-13,126.2300033569336,126.33999633789062,126.11000061035156,126.16999816894531,98.43618774414062,10280100
2019-11-14,126.63999938964844,126.91000366210938,126.63999938964844,126.83000183105469,98.95106506347656,10163800
2019-11-15,126.73999786376953,126.98999786376953,126.5999984741211,126.8499984741211,98.96669006347656,5411900
2019-11-18,127.04000091552734,127.16999816894531,126.91000366210938,126.98999786376953,99.0759048461914,9148900
2019-11-19,127.08000183105469,127.27999877929688,127.04000091552734,127.23999786376953,99.27093505859375,3818800
2019-11-20,127.41000366210938,127.55000305175781,127.30999755859375,127.41999816894531,99.41136932373047,5395800
2019-11-21,127.16999816894531,127.30000305175781,127.01000213623047,127.12000274658203,99.17731475830078,8425700
2019-11-22,127.41999816894531,127.51000213623047,127.2300033569336,127.47000122070312,99.45039367675781,5276600
2019-11-25,127.63999938964844,127.9800033569336,127.62999725341797,127.91000366210938,99.79366302490234,6808600
2019-11-26,128.0500030517578,128.3300018310547,128.02999877929688,128.24000549316406,100.05116271972656,8688800
2019-11-27,127.98999786376953,128.27999877929688,127.9800033569336,128.22999572753906,100.0433349609375,7264000
2019-11-29,128.17999267578125,128.25999450683594,127.83999633789062,127.97000122070312,99.84046173095703,5260900
2019-12-02,127.06999969482422,127.1500015258789,126.80000305175781,127.06999969482422,99.40709686279297,14911500
2019-12-03,127.63999938964844,128.1699981689453,127.51000213623047,128.0500030517578,100.17374420166016,9376800
2019-12-04,127.8499984741211,128.02000427246094,127.45999908447266,127.87999725341797,100.04074096679688,11177600
2019-12-05,127.68000030517578,127.8499984741211,127.47000122070312,127.73999786376953,99.93123626708984,5700600
2019-12-06,127.37000274658203,127.86000061035156,127.30000305175781,127.66999816894531,99.87645721435547,6149500
2019-12-09,127.9800033569336,127.98999786376953,127.62000274658203,127.6500015258789,99.86083984375,4545300
2019-12-10,127.81999969482422,127.93000030517578,127.52999877929688,127.6500015258789,99.86083984375,6425500
2019-12-11,127.87999725341797,128.2899932861328,127.83000183105469,128.14999389648438,100.25196838378906,4417100
2019-12-12,128.08999633789062,128.1300048828125,127.16999816894531,127.55999755859375,99.79044342041016,10375000
2019-12-13,128.0399932861328,128.4600067138672,127.69999694824219,128.38999938964844,100.43973541259766,12474100
2019-12-16,128.24000549316406,128.30999755859375,127.97000122070312,128.10000610351562,100.21286010742188,8062600
2019-12-17,128.22000122070312,128.35000610351562,127.97000122070312,128.0,100.13463592529297,10886800
2019-12-18,128.00999450683594,128.11000061035156,127.80999755859375,127.91000366210938,100.06422424316406,10205500
2019-12-19,127.56999969482422,127.83999633789062,127.5,127.69999694824219,100.16307067871094,9307000
2019-12-20,127.62999725341797,127.7300033569336,127.4800033569336,127.66000366210938,100.13167572021484,8336900
2019-12-23,127.80000305175781,127.86000061035156,127.47000122070312,127.72000122070312,100.1787338256836,3827500
2019-12-24,127.55999755859375,127.95999908447266,127.5,127.8499984741211,100.28073120117188,2638000
2019-12-26,128.0399932861328,128.10000610351562,127.80000305175781,128.0800018310547,100.46110534667969,3879900
2019-12-27,128.35000610351562,128.39999389648438,128.25999450683594,128.25999450683594,100.602294921875,8752100
2019-12-30,127.9000015258789,128.5,127.77999877929688,128.49000549316406,100.78269958496094,9993800
2019-12-31,128.00999450683594,128.25,127.88999938964844,127.95999908447266,100.36697387695312,5499400
2020-01-02,128.33999633789062,128.57000732421875,128.05999755859375,128.22999572753906,100.57879638671875,15348700
2020-01-03,128.39999389648438,128.7100067138672,128.27000427246094,128.6699981689453,100.92391204833984,10110900
2020-01-06,128.69000244140625,128.86000061035156,128.13999938964844,128.24000549316406,100.58663940429688,13894300
2020-01-07,128.1699981689453,128.17999267578125,127.83999633789062,127.91000366210938,100.32777404785156,8211700
2020-01-08,128.00999450683594,128.32000732421875,127.66999816894531,127.7300033569336,100.18658447265625,12268500
2020-01-09,127.69999694824219,128.38999938964844,127.66000366210938,128.33999633789062,100.66502380371094,14415100
2020-01-10,128.47000122070312,128.85000610351562,128.41000366210938,128.6999969482422,100.94739532470703,8263500
2020-01-13,128.52000427246094,128.5500030517578,128.3300018310547,128.38999938964844,100.70426177978516,4477400
2020-01-14,128.36000061035156,128.57000732421875,128.32000732421875,128.5500030517578,100.82976531982422,11066300
2020-01-15,128.8000030517578,128.8699951171875,128.63999938964844,128.8300018310547,101.04936981201172,8712400
2020-01-16,128.89999389648438,129.11000061035156,128.75,129.00999450683594,101.1905746459961,13926100
2020-01-17,128.92999267578125,129.08999633789062,128.60000610351562,128.99000549316406,101.17488098144531,13727800
2020-01-21,129.36000061035156,129.6699981689453,129.07000732421875,129.61000061035156,101.6612319946289,16807300
2020-01-22,129.83999633789062,129.8800048828125,129.6699981689453,129.67999267578125,101.71609497070312,9928600
2020-01-23,129.91000366210938,130.0,129.74000549316406,129.85000610351562,101.84941864013672,13623200
2020-01-24,130.1300048828125,130.22000122070312,129.9600067138672,130.07000732421875,102.02197265625,11604500
2020-01-27,130.19000244140625,130.4499969482422,130.13999938964844,130.32000732421875,102.21808624267578,10461200
2020-01-28,130.4499969482422,130.55999755859375,130.1199951171875,130.25,102.16319274902344,12055900
2020-01-29,130.60000610351562,130.8800048828125,130.58999633789062,130.6699981689453,102.49261474609375,11174700
2020-01-30,130.72000122070312,130.9499969482422,130.47000122070312,130.75,102.55535125732422,14619200
2020-01-31,130.9600067138672,131.16000366210938,130.77000427246094,131.08999633789062,102.8220443725586,20194800
2020-02-03,130.5800018310547,130.80999755859375,130.4199981689453,130.64999389648438,102.7410888671875,11216300
2020-02-04,130.4199981689453,130.5,130.1300048828125,130.3300018310547,102.48939514160156,16799300
2020-02-05,130.1699981689453,130.30999755859375,130.08999633789062,130.25,102.42649841308594,9587500
2020-02-06,130.2899932861328,130.44000244140625,130.17999267578125,130.19000244140625,102.37931060791016,11028900
2020-02-07,130.72000122070312,130.88999938964844,130.5800018310547,130.69000244140625,102.77252960205078,11517200
2020-02-10,130.89999389648438,131.05999755859375,130.8000030517578,131.0,103.01628875732422,10405800
2020-02-11,130.88999938964844,131.07000732421875,130.7899932861328,130.80999755859375,102.86682891845703,10052700
2020-02-12,130.6999969482422,130.80999755859375,130.60000610351562,130.75,102.81966400146484,7069100
2020-02-13,130.75,130.91000366210938,130.63999938964844,130.66000366210938,102.74890899658203,5437400
2020-02-14,131.05999755859375,131.13999938964844,130.85000610351562,130.97999572753906,103.00051879882812,8254500
2020-02-18,131.1300048828125,131.35000610351562,131.02999877929688,131.22999572753906,103.19712829589844,9650900
2020-02-19,131.1199951171875,131.2899932861328,131.00999450683594,131.0500030517578,103.05555725097656,10731500
2020-02-20,131.16000366210938,131.49000549316406,131.13999938964844,131.49000549316406,103.40159606933594,13706000
2020-02-21,131.77999877929688,132.0500030517578,131.6699981689453,131.75,103.6060791015625,12192700
2020-02-24,132.02000427246094,132.16000366210938,131.75999450683594,131.77000427246094,103.62173461914062,17894700
2020-02-25,131.89999389648438,132.1999969482422,131.75,131.89999389648438,103.72401428222656,19930500
2020-02-26,131.5,132.0399932861328,131.39999389648438,131.41000366210938,103.33868408203125,23073400
2020-02-27,131.6300048828125,131.89999389648438,130.69000244140625,130.7100067138672,102.7882308959961,29687900
2020-02-28,131.00999450683594,132.2899932861328,130.75999450683594,132.17999267578125,103.94417572021484,25073300
2020-03-02,131.8699951171875,132.50999450683594,131.60000610351562,131.6999969482422,103.8409423828125,15922600
2020-03-03,131.8300018310547,133.99000549316406,131.75,133.1999969482422,105.02364349365234,39141000
2020-03-04,133.61000061035156,134.05999755859375,133.25,133.38999938964844,105.17342376708984,23702000
2020-03-05,133.72000122070312,133.8699951171875,133.05999755859375,133.33999633789062,105.1340103149414,22089500
2020-03-06,134.1999969482422,134.52999877929688,133.49000549316406,134.27000427246094,105.8673324584961,30099900
2020-03-09,131.2899932861328,133.22000122070312,130.35000610351562,131.00999450683594,103.29688262939453,27166000
2020-03-10,130.91000366210938,131.36000061035156,128.05999755859375,128.05999755859375,100.97090911865234,30024700
2020-03-11,128.0800018310547,128.27000427246094,123.19999694824219,123.8499984741211,97.6514892578125,37310300
2020-03-12,121.43000030517578,125.80000305175781,115.72000122070312,117.94000244140625,92.99165344238281,41021400
2020-03-13,121.48999786376953,124.0,119.23999786376953,123.05000305175781,97.02069854736328,33470600
2020-03-16,116.31999969482422,122.05000305175781,115.20999908447266,121.30000305175781,95.64087677001953,19928900
2020-03-17,119.44999694824219,121.05000305175781,115.38999938964844,116.33000183105469,91.72222900390625,19074000
2020-03-18,112.72000122070312,114.70999908447266,108.31999969482422,110.51000213623047,87.13333129882812,23808700
2020-03-19,109.08000183105469,110.0,104.94999694824219,105.05000305175781,82.82833099365234,29077100
2020-03-20,108.87000274658203,110.63999938964844,105.80000305175781,106.73999786376953,84.16082763671875,29390100
2020-03-23,111.06999969482422,115.13999938964844,110.83000183105469,114.62999725341797,90.3818359375,36918800
2020-03-24,115.54000091552734,118.72000122070312,114.8499984741211,116.9800033569336,92.23469543457031,43049700
2020-03-25,117.88999938964844,123.5999984741211,117.19000244140625,122.58000183105469,96.65010070800781,45181000
2020-03-26,122.5,123.33000183105469,121.25,122.68000030517578,96.72898864746094,21893500
2020-03-27,121.58000183105469,122.62000274658203,120.55999755859375,122.43000030517578,96.53182983398438,27730300
2020-03-30,122.83999633789062,125.0,122.83999633789062,123.91999816894531,97.70665740966797,19272700
2020-03-31,124.08999633789062,124.91000366210938,122.98999786376953,123.51000213623047,97.38336181640625,23901400
2020-04-01,122.55000305175781,122.5999984741211,121.31999969482422,121.41000366210938,95.96849822998047,21859400
2020-04-02,121.66000366210938,123.5,121.51000213623047,121.7300033569336,96.22142791748047,22929500
2020-04-03,122.0199966430664,122.23999786376953,120.68000030517578,121.0999984741211,95.72343444824219,10754100
2020-04-06,122.62999725341797,123.5,122.2300033569336,123.48999786376953,97.61264038085938,15631800
2020-04-07,124.30000305175781,124.4800033569336,123.47000122070312,123.68000030517578,97.7628173828125,17457700
2020-04-08,124.33000183105469,126.01000213623047,123.87999725341797,125.91000366210938,99.52554321289062,15484100
2020-04-09,129.41000366210938,132.0,129.10000610351562,131.8300018310547,104.20498657226562,53580000
2020-04-13,131.19000244140625,131.4600067138672,129.80999755859375,130.5500030517578,103.19322967529297,20599800
2020-04-14,131.39999389648438,131.5,129.83999633789062,129.91000366210938,102.6872787475586,14791600
2020-04-15,129.39999389648438,130.8800048828125,129.39999389648438,130.77999877929688,103.37500762939453,13687800
2020-04-16,130.6199951171875,131.07000732421875,130.0399932861328,130.1300048828125,102.86122131347656,12582100
2020-04-17,131.3300018310547,131.47000122070312,129.94000244140625,130.55999755859375,103.20111083984375,11187900
2020-04-20,130.02999877929688,130.1300048828125,129.22999572753906,129.82000732421875,102.61616516113281,12057500
2020-04-21,129.6999969482422,130.1300048828125,128.69000244140625,129.36000061035156,102.25254821777344,16146000
2020-04-22,129.36000061035156,129.60000610351562,128.91000366210938,129.44000244140625,102.31578063964844,19956600
2020-04-23,129.9199981689453,130.24000549316406,129.6999969482422,129.99000549316406,102.7505111694336,5833400
2020-04-24,129.77999877929688,130.1999969482422,129.2100067138672,129.89999389648438,102.67940521240234,14985500
2020-04-27,129.97999572753906,130.10000610351562,128.82000732421875,128.85000610351562,101.84943389892578,11794700
2020-04-28,129.39999389648438,129.55999755859375,129.07000732421875,129.1999969482422,102.12608337402344,9232900
2020-04-29,129.83999633789062,130.22999572753906,129.6999969482422,130.0500030517578,102.79798889160156,7399100
2020-04-30,129.72999572753906,130.14999389648438,129.11000061035156,129.1699981689453,102.10242462158203,14583200
2020-05-01,128.6999969482422,128.94000244140625,127.83000183105469,128.33999633789062,101.69825744628906,15442300
2020-05-04,128.52999877929688,128.9499969482422,128.36000061035156,128.5399932861328,101.85667419433594,9466700
2020-05-05,128.38999938964844,128.72000122070312,128.16000366210938,128.3699951171875,101.72198486328125,7268800
2020-05-06,127.88999938964844,127.94999694824219,126.70999908447266,126.93000030517578,100.58094787597656,10662900
2020-05-07,127.29000091552734,127.5,126.88999938964844,127.2699966430664,100.8503646850586,11194300
2020-05-08,126.81999969482422,127.08000183105469,126.37000274658203,126.66000366210938,100.36698913574219,12286700
2020-05-11,126.37999725341797,126.52999877929688,125.5199966430664,125.55000305175781,99.48741149902344,12334800
2020-05-12,127.16999816894531,127.19999694824219,126.19000244140625,126.76000213623047,100.44623565673828,18760500
2020-05-13,127.29000091552734,127.55999755859375,126.94000244140625,127.05000305175781,100.6760482788086,13404100
2020-05-14,127.5,128.1199951171875,127.0,128.10000610351562,101.50807189941406,16978300
2020-05-15,128.10000610351562,128.61000061035156,127.97000122070312,128.5500030517578,101.86463165283203,17987400
2020-05-18,128.86000061035156,130.0,128.86000061035156,129.27999877929688,102.4430923461914,15299000
2020-05-19,129.3300018310547,129.66000366210938,128.89999389648438,129.3800048828125,102.5223617553711,13529000
2020-05-20,129.75999450683594,130.86000061035156,129.64999389648438,130.8000030517578,103.64759063720703,15068200
2020-05-21,130.99000549316406,131.0,130.5500030517578,130.6999969482422,103.56831359863281,11059200
2020-05-22,130.72000122070312,130.97999572753906,130.52000427246094,130.6999969482422,103.56831359863281,12546900
2020-05-26,130.9199981689453,131.14999389648438,130.47000122070312,130.52000427246094,103.42571258544922,12864900
2020-05-27,130.92999267578125,131.11000061035156,130.6999969482422,131.05999755859375,103.85358428955078,10204500
2020-05-28,130.92999267578125,131.3800048828125,130.60000610351562,131.1699981689453,103.94073486328125,12360900
2020-05-29,131.36000061035156,132.0399932861328,131.16000366210938,132.02000427246094,104.61430358886719,14092500
2020-06-01,131.39999389648438,131.64999389648438,131.25,131.63999938964844,104.56828308105469,15415500
2020-06-02,131.82000732421875,132.30999755859375,131.72999572753906,132.05999755859375,104.90190124511719,11585400
2020-06-03,132.07000732421875,132.27999877929688,131.60000610351562,131.97999572753906,104.83834075927734,15198200
2020-06-04,132.13999938964844,132.3000030517578,131.5,131.5800018310547,104.5206298828125,9777400
2020-06-05,132.08999633789062,132.4499969482422,131.5,132.25999450683594,105.06071472167969,22147400
2020-06-08,132.49000549316406,132.9199981689453,132.30999755859375,132.6999969482422,105.41023254394531,15872100
2020-06-09,132.77000427246094,132.85000610351562,132.35000610351562,132.4199981689453,105.18785095214844,17982200
2020-06-10,132.66000366210938,133.50999450683594,132.10000610351562,133.2899932861328,105.87893676757812,16866200
2020-06-11,132.58999633789062,132.80999755859375,131.1300048828125,131.6999969482422,104.61592102050781,28279600
2020-06-12,132.72999572753906,132.97000122070312,131.7899932861328,132.33999633789062,105.12427520751953,16202800
2020-06-15,131.88999938964844,134.8300018310547,131.82000732421875,134.22000122070312,106.61770629882812,24006200
2020-06-16,134.88999938964844,134.89999389648438,133.47999572753906,133.85000610351562,106.32373809814453,16299500
2020-06-17,134.0,134.11000061035156,132.80999755859375,133.58999633789062,106.11724853515625,20132900
2020-06-18,133.6199951171875,133.9199981689453,133.36000061035156,133.88999938964844,106.35551452636719,9306600
2020-06-19,133.9600067138672,134.1999969482422,133.6300048828125,133.99000549316406,106.43501281738281,13741400
2020-06-22,133.99000549316406,134.30999755859375,133.60000610351562,133.86000061035156,106.33171844482422,10134000
2020-06-23,133.6999969482422,134.07000732421875,133.55999755859375,133.61000061035156,106.13314819335938,9381300
2020-06-24,133.33999633789062,133.39999389648438,132.6999969482422,133.24000549316406,105.83920288085938,12357300
2020-06-25,133.3699951171875,133.49000549316406,133.0800018310547,133.3800048828125,105.9504623413086,19115300
2020-06-26,133.39999389648438,133.60000610351562,133.14999389648438,133.5,106.04573059082031,7304900
2020-06-29,133.50999450683594,134.1199951171875,133.17999267578125,134.1199951171875,106.53819274902344,10954600
2020-06-30,134.30999755859375,134.52999877929688,133.82000732421875,134.5,106.840087890625,11599000
2020-07-01,134.14999389648438,134.94000244140625,133.8800048828125,134.72000122070312,107.26209259033203,11872500
2020-07-02,134.9600067138672,135.11000061035156,134.7899932861328,135.0500030517578,107.5248031616211,9733200
2020-07-06,135.16000366210938,135.50999450683594,134.9600067138672,135.39999389648438,107.80345153808594,12706800
2020-07-07,135.39999389648438,135.67999267578125,135.22999572753906,135.5800018310547,107.94676971435547,11645100
2020-07-08,135.6699981689453,135.7100067138672,135.22999572753906,135.36000061035156,107.77164459228516,10033100
2020-07-09,135.63999938964844,136.25,135.4199981689453,136.1199951171875,108.3766860961914,9809000
2020-07-10,136.30999755859375,136.4199981689453,135.67999267578125,135.8699951171875,108.17768096923828,9043100
2020-07-13,135.88999938964844,136.0800018310547,135.42999267578125,135.50999450683594,107.89104461669922,22457200
2020-07-14,135.85000610351562,136.44000244140625,135.8000030517578,136.3000030517578,108.52005767822266,12505600
2020-07-15,136.47999572753906,136.5800018310547,136.24000549316406,136.57000732421875,108.73504638671875,8815600
2020-07-16,136.72000122070312,137.02999877929688,136.60000610351562,136.9499969482422,109.03759002685547,7761800
2020-07-17,137.32000732421875,137.41000366210938,136.94000244140625,137.32000732421875,109.33218383789062,6078400
2020-07-20,137.6199951171875,137.6999969482422,137.39999389648438,137.6999969482422,109.63471221923828,7244300
2020-07-21,137.9199981689453,138.10000610351562,137.77999877929688,137.8800048828125,109.7780532836914,7712300
2020-07-22,138.27999877929688,138.33999633789062,138.10000610351562,138.3300018310547,110.1363296508789,6229900
2020-07-23,138.47000122070312,138.52000427246094,138.1699981689453,138.42999267578125,110.21590423583984,9544200
2020-07-24,138.1699981689453,138.38999938964844,137.9499969482422,138.1199951171875,109.96908569335938,9106500
2020-07-27,138.19000244140625,138.2899932861328,137.61000061035156,137.6999969482422,109.63471221923828,6347600
2020-07-28,137.9199981689453,137.99000549316406,137.50999450683594,137.55999755859375,109.52320861816406,12922600
2020-07-29,137.69000244140625,138.30999755859375,137.57000732421875,138.30999755859375,110.1203842163086,7625100
2020-07-30,138.22999572753906,138.30999755859375,137.9600067138672,138.16000366210938,110.00091552734375,8939900
2020-07-31,138.13999938964844,138.4600067138672,137.92999267578125,138.35000610351562,110.15220642089844,11788700
2020-08-03,137.9499969482422,138.33999633789062,137.80999755859375,138.24000549316406,110.29983520507812,10915900
2020-08-04,138.49000549316406,138.75,138.41000366210938,138.75,110.7067642211914,10101900
2020-08-05,138.5399932861328,138.8000030517578,138.42999267578125,138.55999755859375,110.55516052246094,11602000
2020-08-06,138.99000549316406,139.25999450683594,138.92999267578125,139.14999389648438,111.02588653564453,8067800
2020-08-07,139.2899932861328,139.3800048828125,138.72000122070312,138.75999450683594,110.7147216796875,7405300
2020-08-10,138.97999572753906,138.99000549316406,138.41000366210938,138.4600067138672,110.47535705566406,6137100
2020-08-11,138.0,138.08999633789062,137.49000549316406,137.58999633789062,109.78118896484375,12870500
2020-08-12,137.5,137.72999572753906,137.10000610351562,137.25,109.50993347167969,11902600
2020-08-13,137.14999389648438,137.22999572753906,135.75,136.00999450683594,108.52053833007812,20754500
2020-08-14,135.85000610351562,136.1199951171875,135.27999877929688,135.41000366210938,108.04185485839844,12409100
2020-08-17,135.75,135.9199981689453,135.57000732421875,135.69000244140625,108.26519775390625,9522800
2020-08-18,135.86000061035156,136.24000549316406,135.74000549316406,136.0800018310547,108.57637023925781,12198000
2020-08-19,136.27999877929688,136.35000610351562,135.60000610351562,135.72000122070312,108.2891845703125,12168600
2020-08-20,136.24000549316406,136.35000610351562,136.02000427246094,136.1999969482422,108.67214965820312,12065300
2020-08-21,136.27999877929688,136.49000549316406,135.97999572753906,136.4499969482422,108.87161254882812,6353900
2020-08-24,136.4600067138672,136.6699981689453,136.1199951171875,136.2100067138672,108.68012237548828,13093400
2020-08-25,135.7100067138672,136.0,135.22999572753906,135.6199951171875,108.20938873291016,12191100
2020-08-26,135.39999389648438,135.67999267578125,135.1300048828125,135.6699981689453,108.24925231933594,6259000
2020-08-27,135.86000061035156,135.88999938964844,134.55999755859375,134.58999633789062,107.38755798339844,12251100
2020-08-28,134.8300018310547,135.07000732421875,134.6199951171875,135.0,107.71467590332031,7907500
2020-08-31,135.1199951171875,135.7899932861328,135.05999755859375,135.60000610351562,108.19340515136719,11874000
2020-09-01,135.25,136.1999969482422,135.10000610351562,136.16000366210938,108.8770751953125,13289900
2020-09-02,136.0500030517578,136.80999755859375,136.0,136.6999969482422,109.30886840820312,14236600
2020-09-03,136.8699951171875,136.89999389648438,136.3300018310547,136.39999389648438,109.0689926147461,16452600
2020-09-04,136.00999450683594,136.1199951171875,134.8699951171875,134.9499969482422,107.90956115722656,13177800
2020-09-08,135.13999938964844,135.42999267578125,134.99000549316406,135.0800018310547,108.01351928710938,13932300
2020-09-09,135.11000061035156,135.69000244140625,135.00999450683594,135.1699981689453,108.0854721069336,11640000
2020-09-10,135.0500030517578,135.4199981689453,134.8800048828125,135.27000427246094,108.1654281616211,12624700
2020-09-11,135.3300018310547,135.60000610351562,135.17999267578125,135.3699951171875,108.24537658691406,9773000
2020-09-14,135.60000610351562,135.97999572753906,135.5800018310547,135.7100067138672,108.51727294921875,13896200
2020-09-15,135.74000549316406,135.99000549316406,135.72999572753906,135.86000061035156,108.63725280761719,9388500
2020-09-16,136.1699981689453,136.27000427246094,135.75999450683594,135.9499969482422,108.70916748046875,8868200
2020-09-17,136.27000427246094,136.3000030517578,135.7899932861328,135.97999572753906,108.73319244384766,12190400
2020-09-18,136.05999755859375,136.1199951171875,135.69000244140625,135.72999572753906,108.53323364257812,9968000
2020-09-21,135.97000122070312,135.97000122070312,135.47000122070312,135.60000610351562,108.42930603027344,12081100
2020-09-22,135.7100067138672,135.8000030517578,135.52000427246094,135.67999267578125,108.49323272705078,8295900
2020-09-23,135.66000366210938,135.72999572753906,134.6199951171875,134.6999969482422,107.70965576171875,17759900
2020-09-24,134.67999267578125,134.80999755859375,134.22999572753906,134.36000061035156,107.43775177001953,20595000
2020-09-25,134.27999877929688,134.4499969482422,134.0399932861328,134.22000122070312,107.32582092285156,9793100
2020-09-28,134.52000427246094,134.9199981689453,134.38999938964844,134.89999389648438,107.86955261230469,8579500
2020-09-29,135.05999755859375,135.17999267578125,134.7100067138672,134.72999572753906,107.73357391357422,8428600
2020-09-30,134.64999389648438,134.7899932861328,134.4199981689453,134.7100067138672,107.71761322021484,11634700
2020-10-01,134.25999450683594,134.92999267578125,134.2100067138672,134.7899932861328,108.01734161376953,12642600
2020-10-02,134.66000366210938,134.88999938964844,134.39999389648438,134.80999755859375,108.0333480834961,10829600
2020-10-05,134.49000549316406,134.75999450683594,134.32000732421875,134.36000061035156,107.6727523803711,10078700
2020-10-06,134.4499969482422,134.9499969482422,133.9499969482422,134.25,107.58463287353516,22370600
2020-10-07,134.25999450683594,134.74000549316406,134.11000061035156,134.2899932861328,107.6166763305664,14745500
2020-10-08,134.66000366210938,134.85000610351562,134.50999450683594,134.6199951171875,107.88111114501953,12101600
2020-10-09,134.52000427246094,134.97999572753906,134.4499969482422,134.92999267578125,108.12953186035156,9979700
2020-10-12,135.11000061035156,135.75,135.10000610351562,135.7100067138672,108.754638671875,5465400
2020-10-13,135.6699981689453,135.7899932861328,135.38999938964844,135.5800018310547,108.65042114257812,9228200
2020-10-14,135.7899932861328,135.89999389648438,135.5,135.7100067138672,108.754638671875,12994600
2020-10-15,135.6999969482422,135.75999450683594,135.49000549316406,135.57000732421875,108.64244079589844,13255900
2020-10-16,135.50999450683594,135.8699951171875,135.32000732421875,135.33999633789062,108.45809173583984,8742400
2020-10-19,135.25,135.32000732421875,135.00999450683594,135.0800018310547,108.24977111816406,8634500
2020-10-20,134.97999572753906,135.00999450683594,134.77000427246094,134.8000030517578,108.0254135131836,13413100
2020-10-21,134.58999633789062,134.8800048828125,134.5399932861328,134.5800018310547,107.84906005859375,8890100
2020-10-22,134.5,134.5399932861328,134.16000366210938,134.27999877929688,107.608642578125,9661800
2020-10-23,134.30999755859375,134.72999572753906,134.2899932861328,134.6199951171875,107.88111114501953,12010800
2020-10-26,134.77999877929688,135.00999450683594,134.72000122070312,134.89999389648438,108.10549926757812,9776600
2020-10-27,135.07000732421875,135.4600067138672,135.00999450683594,135.4499969482422,108.54627227783203,7023800
2020-10-28,135.41000366210938,135.47999572753906,134.74000549316406,134.77999877929688,108.00933074951172,13578300
2020-10-29,134.8000030517578,134.8000030517578,134.0800018310547,134.42999267578125,107.7288589477539,14744600
2020-10-30,134.27000427246094,134.5399932861328,133.72000122070312,133.72999572753906,107.16793823242188,19875600
2020-11-02,133.9600067138672,134.25,133.8800048828125,133.97000122070312,107.58790588378906,18496400
2020-11-03,133.91000366210938,134.13999938964844,133.77999877929688,134.10000610351562,107.69230651855469,11661900
2020-11-04,135.61000061035156,136.22999572753906,135.55999755859375,136.11000061035156,109.30646514892578,20019500
2020-11-05,136.5399932861328,136.82000732421875,136.35000610351562,136.6199951171875,109.7160415649414,14349900
2020-11-06,136.27000427246094,136.3300018310547,135.94000244140625,136.19000244140625,109.37071228027344,12029700
2020-11-09,136.19000244140625,136.3000030517578,135.13999938964844,135.16000366210938,108.5435791015625,21273800
2020-11-10,134.82000732421875,135.3699951171875,134.77000427246094,134.80999755859375,108.26248168945312,18849800
2020-11-11,135.0,135.08999633789062,134.7100067138672,135.05999755859375,108.4632568359375,3763300
2020-11-12,135.17999267578125,135.60000610351562,135.07000732421875,135.60000610351562,108.89692687988281,16891500
2020-11-13,135.77000427246094,135.94000244140625,135.6199951171875,135.75999450683594,109.02543640136719,8256800
2020-11-16,135.8000030517578,136.25,135.72999572753906,136.1999969482422,109.37875366210938,12742500
2020-11-17,136.38999938964844,136.75999450683594,136.25999450683594,136.63999938964844,109.73213195800781,11832300
2020-11-18,136.83999633789062,137.0800018310547,136.77999877929688,136.92999267578125,109.96500396728516,11878400
2020-11-19,137.1999969482422,137.85000610351562,137.11000061035156,137.69000244140625,110.57534790039062,16107800
2020-11-20,137.39999389648438,137.75,137.1699981689453,137.57000732421875,110.4790267944336,18308400
2020-11-23,137.6699981689453,137.80999755859375,137.5500030517578,137.74000549316406,110.615478515625,8648500
2020-11-24,137.6999969482422,137.77999877929688,137.39999389648438,137.42999267578125,110.36658477783203,11204400
2020-11-25,137.60000610351562,137.6300048828125,137.3800048828125,137.50999450683594,110.4308090209961,6709800
2020-11-27,137.82000732421875,138.07000732421875,137.75,138.0,110.82430267333984,3404800
2020-11-30,138.10000610351562,138.52000427246094,137.9499969482422,138.47999572753906,111.20974731445312,11856200
2020-12-01,138.0500030517578,138.27000427246094,137.47999572753906,137.67999267578125,110.7881088256836,18933600
2020-12-02,137.4600067138672,137.5,136.97999572753906,137.22000122070312,110.41796112060547,15637700
2020-12-03,137.64999389648438,138.02999877929688,137.47999572753906,137.75999450683594,110.85249328613281,18888700
2020-12-04,137.13999938964844,137.33999633789062,136.83999633789062,137.0,110.24088287353516,12521200
2020-12-07,137.33999633789062,137.49000549316406,137.07000732421875,137.1199951171875,110.33747100830078,16697300
2020-12-08,137.3699951171875,137.4499969482422,136.89999389648438,136.9600067138672,110.20873260498047,12797700
2020-12-09,136.60000610351562,136.60000610351562,136.1199951171875,136.4600067138672,109.8064193725586,20824700
2020-12-10,136.57000732421875,137.16000366210938,136.55999755859375,137.13999938964844,110.35359191894531,13527600
2020-12-11,137.13999938964844,137.30999755859375,136.9199981689453,137.27999877929688,110.46627044677734,9023000
2020-12-14,136.97999572753906,137.32000732421875,136.8699951171875,137.17999267578125,110.38581085205078,8004000
2020-12-15,137.1699981689453,137.47999572753906,137.08999633789062,137.4499969482422,110.60305786132812,12254500
2020-12-16,137.1699981689453,137.61000061035156,136.8800048828125,137.33999633789062,110.5145263671875,12326000
2020-12-17,137.52000427246094,137.5800018310547,136.97000122070312,137.25999450683594,110.67579650878906,12338800
2020-12-18,137.47999572753906,137.52000427246094,137.00999450683594,137.16000366210938,110.59512329101562,8781900
2020-12-21,137.1300048828125,137.13999938964844,136.6699981689453,136.88999938964844,110.37750244140625,11925000
2020-12-22,137.19000244140625,137.2899932861328,136.99000549316406,137.27000427246094,110.68382263183594,10226800
2020-12-23,136.9199981689453,137.32000732421875,136.64999389648438,137.3000030517578,110.70803833007812,7553100
2020-12-24,137.47999572753906,137.8300018310547,137.47999572753906,137.77000427246094,111.08699798583984,3397000
2020-12-28,137.57000732421875,137.89999389648438,137.5,137.86000061035156,111.1595687866211,6279200
2020-12-29,137.61000061035156,137.92999267578125,137.60000610351562,137.9199981689453,111.2079849243164,6581800
2020-12-30,137.88999938964844,138.11000061035156,137.7899932861328,138.10000610351562,111.35308074951172,5343100
2020-12-31,138.0399932861328,138.22000122070312,137.9600067138672,138.1300048828125,111.37731170654297,6932300
2021-01-04,137.88999938964844,137.88999938964844,137.3800048828125,137.42999267578125,110.81291198730469,14891400
2021-01-05,137.05999755859375,137.05999755859375,136.5500030517578,136.99000549316406,110.4581069946289,16294400
2021-01-06,135.77999877929688,135.97999572753906,135.39999389648438,135.8800048828125,109.56306457519531,19136500
2021-01-07,135.55999755859375,135.9499969482422,135.5399932861328,135.86000061035156,109.54696655273438,11886100
2021-01-08,135.77999877929688,135.88999938964844,135.4499969482422,135.75999450683594,109.46633911132812,13341400
2021-01-11,135.49000549316406,135.49000549316406,135.1699981689453,135.17999267578125,108.9986572265625,7557700
2021-01-12,135.11000061035156,135.5399932861328,134.74000549316406,135.47000122070312,109.23246002197266,16766200
2021-01-13,135.75999450683594,136.63999938964844,135.72999572753906,136.52000427246094,110.07908630371094,16490700
2021-01-14,136.5500030517578,136.6300048828125,135.83999633789062,135.92999267578125,109.60334777832031,22050500
2021-01-15,136.24000549316406,136.50999450683594,136.0399932861328,136.13999938964844,109.77273559570312,13680700
2021-01-19,136.08999633789062,136.47999572753906,136.0500030517578,136.3800048828125,109.96626281738281,12807500
2021-01-20,136.35000610351562,136.50999450683594,136.27000427246094,136.33999633789062,109.93397521972656,12218400
2021-01-21,135.77000427246094,135.92999267578125,135.60000610351562,135.8000030517578,109.49858856201172,25084300
2021-01-22,135.75999450683594,135.91000366210938,135.60000610351562,135.6999969482422,109.41793823242188,15998800
2021-01-25,135.9499969482422,136.3699951171875,135.92999267578125,136.27999877929688,109.88556671142578,14603700
2021-01-26,136.02000427246094,136.4499969482422,135.9600067138672,136.27000427246094,109.87754821777344,11926900
2021-01-27,136.4199981689453,136.44000244140625,135.97999572753906,136.02999877929688,109.6839828491211,13822700
2021-01-28,136.0399932861328,136.17999267578125,135.75999450683594,135.80999755859375,109.50662994384766,16896900
2021-01-29,135.4199981689453,135.89999389648438,134.9600067138672,135.60000610351562,109.3373031616211,18131600
2021-02-01,135.3699951171875,135.6999969482422,135.30999755859375,135.60000610351562,109.55303192138672,10682300
2021-02-02,135.2100067138672,135.36000061035156,135.0399932861328,135.24000549316406,109.26216888427734,12710600
2021-02-03,135.0,135.0800018310547,134.8699951171875,134.9199981689453,109.00360107421875,13189600
2021-02-04,134.80999755859375,135.22000122070312,134.6300048828125,135.14999389648438,109.18946075439453,10689500
2021-02-05,135.24000549316406,135.3800048828125,134.72000122070312,134.7899932861328,108.89857482910156,12016300
2021-02-08,134.92999267578125,135.41000366210938,134.8699951171875,135.3699951171875,109.3671646118164,13460300
2021-02-09,135.47000122070312,135.49000549316406,134.8800048828125,135.16000366210938,109.19754791259766,11755100
2021-02-10,135.3800048828125,135.5500030517578,135.2899932861328,135.47999572753906,109.45606994628906,9414500
2021-02-11,135.5399932861328,135.55999755859375,135.0399932861328,135.1199951171875,109.16519165039062,9241100
2021-02-12,134.61000061035156,134.94000244140625,134.57000732421875,134.67999267578125,108.80970764160156,13717100
2021-02-16,134.02000427246094,134.2899932861328,133.7100067138672,133.72999572753906,108.04222869873047,21429200
2021-02-17,134.33999633789062,134.42999267578125,134.02999877929688,134.39999389648438,108.58352661132812,16195400
2021-02-18,134.1300048828125,134.35000610351562,133.83999633789062,134.13999938964844,108.37344360351562,15414100
2021-02-19,133.7899932861328,133.89999389648438,133.14999389648438,133.1699981689453,107.58976745605469,13678500
2021-02-22,132.94000244140625,133.22000122070312,132.25,132.33999633789062,106.91920471191406,17978100
2021-02-23,131.91000366210938,132.47000122070312,131.75999450683594,132.44000244140625,107.0,23482500
2021-02-24,131.63999938964844,132.6699981689453,131.35000610351562,132.63999938964844,107.16160583496094,18120000
2021-02-25,131.72999572753906,131.91000366210938,129.77999877929688,130.5399932861328,105.46497344970703,35471200
2021-02-26,131.44000244140625,132.32000732421875,130.99000549316406,132.27000427246094,106.86264038085938,23284400
2021-03-01,131.63999938964844,132.1699981689453,131.63999938964844,132.1300048828125,106.96704864501953,23890800
2021-03-02,132.10000610351562,132.11000061035156,131.77000427246094,131.97999572753906,106.8456802368164,13633400
2021-03-03,131.2899932861328,131.85000610351562,130.94000244140625,131.0,106.05227661132812,24043300
2021-03-04,131.0500030517578,131.16000366210938,129.80999755859375,129.92999267578125,105.1860580444336,21771800
2021-03-05,129.58999633789062,129.92999267578125,129.27000427246094,129.75999450683594,105.04842376708984,23789400
2021-03-08,129.52999877929688,129.6199951171875,128.52999877929688,128.5500030517578,104.06885528564453,15029200
2021-03-09,129.2100067138672,129.6199951171875,129.16000366210938,129.52000427246094,104.85414123535156,21900300
2021-03-10,129.7100067138672,130.2899932861328,129.7100067138672,130.1300048828125,105.34798431396484,19440400
2021-03-11,130.2899932861328,130.5500030517578,130.05999755859375,130.2100067138672,105.41273498535156,20622100
2021-03-12,129.1300048828125,129.2899932861328,128.66000366210938,128.7100067138672,104.1983871459961,14352000
2021-03-15,128.8300018310547,129.27999877929688,128.8300018310547,129.14999389648438,104.5545883178711,10111200
2021-03-16,129.2100067138672,129.38999938964844,128.8699951171875,129.05999755859375,104.48172760009766,11356900
2021-03-17,128.47999572753906,129.4600067138672,128.30999755859375,129.17999267578125,104.578857421875,19086100
2021-03-18,128.00999450683594,128.6199951171875,127.91000366210938,128.44000244140625,103.97982025146484,21368700
2021-03-19,128.42999267578125,128.72000122070312,128.24000549316406,128.6300048828125,104.13362884521484,19776100
2021-03-22,129.05999755859375,129.4600067138672,128.92999267578125,129.08999633789062,104.5059814453125,16677200
2021-03-23,129.08999633789062,129.58999633789062,129.08999633789062,129.47000122070312,104.81364440917969,32228000
2021-03-24,129.2100067138672,129.9199981689453,129.2100067138672,129.86000061035156,105.12940216064453,13435400
2021-03-25,129.92999267578125,130.02000427246094,129.4499969482422,129.7100067138672,105.0079345703125,12945900
2021-03-26,129.4499969482422,129.82000732421875,129.3300018310547,129.6199951171875,104.93506622314453,14315000
2021-03-29,129.6699981689453,129.7100067138672,129.11000061035156,129.30999755859375,104.6841049194336,11279900
2021-03-30,129.25999450683594,129.7899932861328,128.97999572753906,129.7100067138672,105.0079345703125,20219000
2021-03-31,129.91000366210938,130.3800048828125,129.8300018310547,130.0500030517578,105.283203125,23764600
2021-04-01,130.4600067138672,130.64999389648438,130.14999389648438,130.61000061035156,105.9434814453125,16390900
2021-04-05,130.19000244140625,130.3000030517578,129.9199981689453,129.97000122070312,105.42434692382812,17015500
2021-04-06,130.16000366210938,130.8800048828125,130.16000366210938,130.83999633789062,106.13002014160156,15762000
2021-04-07,130.7899932861328,130.9199981689453,130.41000366210938,130.5800018310547,105.91913604736328,10976500
2021-04-08,130.75,131.0800018310547,130.6699981689453,131.05999755859375,106.30850982666016,7452800
2021-04-09,130.63999938964844,131.10000610351562,130.5399932861328,130.7899932861328,106.08946990966797,7568300
2021-04-12,130.6999969482422,130.77000427246094,130.52000427246094,130.75999450683594,106.06513977050781,10579800
2021-04-13,130.61000061035156,131.35000610351562,130.55999755859375,131.33999633789062,106.53561401367188,9582100
2021-04-14,131.16000366210938,131.2899932861328,130.94000244140625,131.16000366210938,106.38958740234375,10219300
2021-04-15,131.66000366210938,132.32000732421875,131.64999389648438,131.97000122070312,107.04661560058594,17234400
2021-04-16,131.27999877929688,131.67999267578125,131.0500030517578,131.07000732421875,106.31660461425781,21100200
2021-04-19,130.77999877929688,130.89999389648438,130.6300048828125,130.72999572753906,106.04080200195312,10868200
2021-04-20,130.69000244140625,131.19000244140625,130.64999389648438,130.97999572753906,106.24359893798828,11996200
2021-04-21,131.05999755859375,131.42999267578125,130.89999389648438,131.42999267578125,106.60860443115234,10473600
2021-04-22,131.5500030517578,131.6699981689453,131.25999450683594,131.55999755859375,106.71408081054688,16487100
2021-04-23,131.72000122070312,131.88999938964844,131.49000549316406,131.6699981689453,106.80329132080078,15170600
2021-04-26,131.6999969482422,131.8800048828125,131.58999633789062,131.61000061035156,106.75460815429688,10915200
2021-04-27,131.60000610351562,131.63999938964844,131.02000427246094,131.02000427246094,106.27603912353516,10418200
2021-04-28,131.00999450683594,131.11000061035156,130.5800018310547,131.0399932861328,106.29227447509766,15731100
2021-04-29,130.6699981689453,130.92999267578125,130.36000061035156,130.8800048828125,106.1624755859375,11697300
2021-04-30,130.9600067138672,131.24000549316406,130.8699951171875,131.14999389648438,106.38146209716797,11860200
2021-05-03,131.1300048828125,131.42999267578125,130.8699951171875,131.2100067138672,106.63752746582031,9029900
2021-05-04,131.47999572753906,131.61000061035156,131.08999633789062,131.2899932861328,106.70246887207031,14006800
2021-05-05,131.1199951171875,131.5,131.1199951171875,131.4499969482422,106.83251953125,5722300
2021-05-06,131.5,131.75999450683594,131.3699951171875,131.6999969482422,107.03575897216797,9383600
2021-05-07,132.0800018310547,132.33999633789062,131.52999877929688,131.75,107.07638549804688,11267200
2021-05-10,131.52000427246094,131.77000427246094,131.02999877929688,131.0399932861328,106.49933624267578,9705000
2021-05-11,130.5399932861328,130.7899932861328,130.4199981689453,130.55999755859375,106.1092300415039,12179400
2021-05-12,130.1300048828125,130.30999755859375,129.77999877929688,129.85000610351562,105.53219604492188,12569900
2021-05-13,130.1300048828125,130.5399932861328,130.1300048828125,130.33999633789062,105.9303970336914,9508200
2021-05-14,130.82000732421875,131.0800018310547,130.6699981689453,131.0500030517578,106.5074234008789,8987200
2021-05-17,131.0500030517578,131.05999755859375,130.82000732421875,130.89999389648438,106.38555908203125,6001600
2021-05-18,130.6699981689453,130.72999572753906,130.4499969482422,130.47000122070312,106.0361099243164,8835300
2021-05-19,130.36000061035156,130.67999267578125,129.97999572753906,130.24000549316406,105.84915161132812,20069600
2021-05-20,130.63999938964844,131.1699981689453,130.63999938964844,131.1300048828125,106.57247161865234,10498100
2021-05-21,131.32000732421875,131.4199981689453,131.08999633789062,131.22000122070312,106.64559936523438,7826100
2021-05-24,131.5,131.64999389648438,131.36000061035156,131.5800018310547,106.9382095336914,5756400
2021-05-25,131.67999267578125,132.11000061035156,131.66000366210938,132.07000732421875,107.33646392822266,11428000
2021-05-26,131.8800048828125,132.1300048828125,131.74000549316406,132.0,107.27955627441406,28568500
2021-05-27,131.80999755859375,131.82000732421875,131.02000427246094,131.60000610351562,106.95448303222656,15033000
2021-05-28,131.69000244140625,132.05999755859375,131.66000366210938,131.7100067138672,107.04389953613281,10432400
2021-06-01,131.44000244140625,131.5,131.11000061035156,131.47000122070312,107.05769348144531,6390600
2021-06-02,131.55999755859375,131.75999450683594,131.5500030517578,131.67999267578125,107.22871398925781,8140400
2021-06-03,131.3000030517578,131.38999938964844,131.1300048828125,131.16000366210938,106.8052749633789,10028100
2021-06-04,131.58999633789062,132.10000610351562,131.5399932861328,132.08999633789062,107.56259155273438,11427200
2021-06-07,131.97000122070312,132.0500030517578,131.86000061035156,131.97999572753906,107.47295379638672,5000100
2021-06-08,132.32000732421875,132.52999877929688,132.32000732421875,132.47999572753906,107.88015747070312,10626800
2021-06-09,132.97999572753906,133.16000366210938,132.77999877929688,132.9600067138672,108.27105712890625,12152200
2021-06-10,132.74000549316406,133.57000732421875,132.63999938964844,133.55999755859375,108.75962829589844,16424100
2021-06-11,133.6699981689453,133.8000030517578,133.42999267578125,133.6699981689453,108.84920501708984,12707000
2021-06-14,133.49000549316406,133.50999450683594,133.0,133.17999267578125,108.45016479492188,8327200
2021-06-15,133.05999755859375,133.32000732421875,132.9600067138672,133.27999877929688,108.53157806396484,17848200
2021-06-16,133.44000244140625,133.7100067138672,132.52999877929688,132.89999389648438,108.22216796875,22698500
2021-06-17,133.22000122070312,134.25999450683594,133.22000122070312,133.63999938964844,108.8248062133789,22735800
2021-06-18,133.88999938964844,134.57000732421875,133.77000427246094,134.33999633789062,109.3947982788086,21169700
2021-06-21,133.75,133.9199981689453,133.47000122070312,133.55999755859375,108.75962829589844,22492000
2021-06-22,133.1300048828125,133.7899932861328,133.11000061035156,133.77999877929688,108.93876647949219,12098400
2021-06-23,133.58999633789062,133.8000030517578,133.4499969482422,133.57000732421875,108.76776123046875,12519100
2021-06-24,133.6999969482422,133.8800048828125,133.63999938964844,133.8300018310547,108.97949981689453,8241300
2021-06-25,133.83999633789062,133.92999267578125,133.13999938964844,133.47999572753906,108.69449615478516,10981600
2021-06-28,133.8000030517578,134.1199951171875,133.75999450683594,134.0500030517578,109.15863800048828,12359900
2021-06-29,133.80999755859375,134.22000122070312,133.77000427246094,134.2100067138672,109.28890991210938,11194400
2021-06-30,134.42999267578125,134.6199951171875,134.27000427246094,134.36000061035156,109.41109466552734,17381500
2021-07-01,134.0500030517578,134.16000366210938,133.74000549316406,133.99000549316406,109.31563568115234,11062700
2021-07-02,134.02999877929688,134.3800048828125,133.9499969482422,134.3699951171875,109.62564849853516,6896200
2021-07-06,134.52999877929688,135.17999267578125,134.52999877929688,134.86000061035156,110.02538299560547,11499900
2021-07-07,135.1300048828125,135.5,134.97999572753906,135.32000732421875,110.40072631835938,16902400
2021-07-08,135.27000427246094,135.60000610351562,135.16000366210938,135.38999938964844,110.45780944824219,17494900
2021-07-09,134.8000030517578,134.8800048828125,134.72000122070312,134.82000732421875,109.9927749633789,13192600
2021-07-12,134.9499969482422,135.00999450683594,134.64999389648438,134.75,109.9356689453125,12577200
2021-07-13,134.89999389648438,134.9600067138672,134.02999877929688,134.25,109.5277328491211,19922400
2021-07-14,134.6300048828125,134.89999389648438,134.6199951171875,134.8699951171875,110.0335693359375,14420100
2021-07-15,135.22000122070312,135.2899932861328,134.77000427246094,135.16000366210938,110.27018737792969,15859100
2021-07-16,134.8000030517578,135.1300048828125,134.8000030517578,134.97000122070312,110.11515808105469,9624600
2021-07-19,135.64999389648438,136.0800018310547,135.58999633789062,135.94000244140625,110.90653228759766,21808500
2021-07-20,136.3699951171875,136.5399932861328,135.57000732421875,135.75,110.75152587890625,24764800
2021-07-21,135.24000549316406,135.44000244140625,135.02999877929688,135.27000427246094,110.35991668701172,22385000
2021-07-22,135.3800048828125,135.89999389648438,135.27000427246094,135.8300018310547,110.81681060791016,6074900
2021-07-23,135.3000030517578,135.77999877929688,135.25,135.77000427246094,110.76785278320312,11455300
2021-07-26,135.88999938964844,135.88999938964844,135.3800048828125,135.47000122070312,110.5230941772461,8684600
2021-07-27,135.94000244140625,136.0500030517578,135.6699981689453,136.0500030517578,110.99626922607422,10506100
2021-07-28,135.75999450683594,136.3000030517578,135.6300048828125,136.2899932861328,111.19205474853516,12225700
2021-07-29,135.8800048828125,136.00999450683594,135.77000427246094,135.89999389648438,110.87389373779297,15828800
2021-07-30,135.9600067138672,136.17999267578125,135.92999267578125,136.00999450683594,110.96366119384766,11148100
2021-08-02,135.9199981689453,136.50999450683594,135.85000610351562,136.16000366210938,111.28487396240234,12042700
2021-08-03,136.19000244140625,136.39999389648438,136.13999938964844,136.3000030517578,111.39925384521484,13121700
2021-08-04,136.6199951171875,136.77999877929688,135.72000122070312,136.3300018310547,111.42377471923828,14426200
2021-08-05,136.11000061035156,136.13999938964844,135.74000549316406,135.77000427246094,110.96611022949219,13960900
2021-08-06,134.99000549316406,135.16000366210938,134.63999938964844,134.66000366210938,110.05888366699219,8641500
2021-08-09,134.69000244140625,134.80999755859375,134.0800018310547,134.0800018310547,109.5848388671875,14166600
2021-08-10,134.24000549316406,134.25,133.77999877929688,133.77999877929688,109.33967590332031,12103500
2021-08-11,133.77999877929688,134.3300018310547,133.57000732421875,133.99000549316406,109.51130676269531,15902200
2021-08-12,134.0,134.2100067138672,133.8699951171875,134.17999267578125,109.66658020019531,14593200
2021-08-13,134.50999450683594,135.1199951171875,134.39999389648438,135.0800018310547,110.40215301513672,17846600
2021-08-16,135.41000366210938,135.66000366210938,135.1300048828125,135.16000366210938,110.4675521850586,15203000
2021-08-17,134.94000244140625,135.1300048828125,134.82000732421875,134.9199981689453,110.27136993408203,15055900
2021-08-18,134.92999267578125,135.11000061035156,134.60000610351562,134.8300018310547,110.19779205322266,9134600
2021-08-19,135.0399932861328,135.25,134.83999633789062,135.13999938964844,110.45117950439453,15681600
2021-08-20,135.2899932861328,135.38999938964844,135.0500030517578,135.22999572753906,110.52473449707031,10782100
2021-08-23,135.3300018310547,135.4600067138672,135.1999969482422,135.3300018310547,110.60648345947266,12064300
2021-08-24,135.1999969482422,135.3000030517578,134.91000366210938,135.02000427246094,110.35308837890625,13782900
2021-08-25,135.02000427246094,135.1300048828125,134.50999450683594,134.6699981689453,110.06704711914062,15533600
2021-08-26,134.8300018310547,134.85000610351562,134.4499969482422,134.6300048828125,110.03435516357422,14673700
2021-08-27,134.77999877929688,135.42999267578125,134.57000732421875,135.3800048828125,110.64733123779297,11670000
2021-08-30,135.25,135.66000366210938,135.22000122070312,135.61000061035156,110.83528900146484,9119900
2021-08-31,135.57000732421875,135.77999877929688,135.1999969482422,135.3000030517578,110.58197784423828,15644700
2021-09-01,135.3300018310547,135.38999938964844,134.8800048828125,135.24000549316406,110.72444152832031,16028100
2021-09-02,135.3699951171875,135.47999572753906,135.1999969482422,135.47999572753906,110.92090606689453,11822200
2021-09-03,134.91000366210938,135.08999633789062,134.82000732421875,134.99000549316406,110.51976776123047,7681300
2021-09-07,134.5,134.5,134.1199951171875,134.35000610351562,109.99576568603516,14271400
2021-09-08,134.5800018310547,134.8800048828125,134.39999389648438,134.77999877929688,110.3477783203125,16045000
2021-09-09,134.9600067138672,135.72999572753906,134.83999633789062,135.66000366210938,111.06826782226562,18014200
2021-09-10,135.52000427246094,135.60000610351562,135.08999633789062,135.27000427246094,110.74899291992188,10776600
2021-09-13,135.57000732421875,135.77999877929688,135.5399932861328,135.60000610351562,111.0191879272461,13159800
2021-09-14,135.77000427246094,136.25999450683594,135.67999267578125,136.00999450683594,111.3548583984375,16550300
2021-09-15,135.9600067138672,136.0,135.63999938964844,135.85000610351562,111.22384643554688,14194400
2021-09-16,135.4499969482422,135.74000549316406,135.3699951171875,135.66000366210938,111.06826782226562,16282400
2021-09-17,135.2899932861328,135.39999389648438,135.10000610351562,135.36000061035156,110.8226547241211,15769600
2021-09-20,135.3800048828125,135.8300018310547,135.3800048828125,135.77999877929688,111.16655731201172,17519900
2021-09-21,135.8000030517578,135.88999938964844,135.6699981689453,135.77000427246094,111.1583480834961,15834600
2021-09-22,135.77999877929688,136.2100067138672,135.6300048828125,136.14999389648438,111.46940612792969,15898200
2021-09-23,135.7100067138672,135.7100067138672,135.0,135.2100067138672,110.69982147216797,14735500
2021-09-24,135.05999755859375,135.14999389648438,134.77999877929688,134.9199981689453,110.46240997314453,10797300
2021-09-27,134.6300048828125,134.9600067138672,134.5399932861328,134.85000610351562,110.40509033203125,13104100
2021-09-28,134.0500030517578,134.0500030517578,133.38999938964844,133.41000366210938,109.22611999511719,19987200
2021-09-29,133.77999877929688,134.07000732421875,133.25,133.3800048828125,109.20156860351562,14956300
2021-09-30,133.30999755859375,133.3800048828125,132.97000122070312,133.02999877929688,108.91504669189453,21397100
2021-10-01,133.22999572753906,133.94000244140625,133.17999267578125,133.74000549316406,109.70661163330078,21381400
2021-10-04,133.42999267578125,133.6699981689453,133.25,133.52000427246094,109.52616119384766,12931100
2021-10-05,133.39999389648438,133.50999450683594,132.97000122070312,132.97000122070312,109.07498168945312,14635200
2021-10-06,133.0,133.1300048828125,132.77999877929688,133.00999450683594,109.10779571533203,13855500
2021-10-07,132.72000122070312,132.82000732421875,132.3800048828125,132.4199981689453,108.62382507324219,15805500
2021-10-08,132.27999877929688,132.30999755859375,131.7100067138672,131.80999755859375,108.12342071533203,9079400
2021-10-11,131.5800018310547,131.83999633789062,131.5399932861328,131.55999755859375,107.91836547851562,4337000
2021-10-12,132.08999633789062,132.4499969482422,131.83999633789062,132.39999389648438,108.60737609863281,19870400
2021-10-13,132.61000061035156,133.11000061035156,132.55999755859375,133.07000732421875,109.1570053100586,18260300
2021-10-14,133.30999755859375,133.6999969482422,133.22000122070312,133.6999969482422,109.6738052368164,15870000
2021-10-15,133.2100067138672,133.27999877929688,133.0,133.22000122070312,109.28002166748047,13131700
2021-10-18,133.0,133.2899932861328,132.7100067138672,133.11000061035156,109.18985748291016,11530300
2021-10-19,132.77999877929688,132.8300018310547,132.3800048828125,132.3800048828125,108.5910415649414,12213200
2021-10-20,132.30999755859375,132.50999450683594,132.02999877929688,132.05999755859375,108.32850646972656,13810200
2021-10-21,132.0,132.05999755859375,131.66000366210938,131.77999877929688,108.09884643554688,13131000
2021-10-22,132.08999633789062,132.44000244140625,131.97999572753906,132.30999755859375,108.5335922241211,13735100
2021-10-25,132.3000030517578,132.63999938964844,132.25999450683594,132.3699951171875,108.58279418945312,8206800
2021-10-26,132.72000122070312,132.9600067138672,132.39999389648438,132.94000244140625,109.05036926269531,10100600
2021-10-27,133.52999877929688,134.05999755859375,133.24000549316406,133.75,109.71482849121094,15928300
2021-10-28,133.7100067138672,133.8800048828125,133.2899932861328,133.5500030517578,109.55074310302734,18514400
2021-10-29,133.00999450683594,133.72000122070312,132.9499969482422,133.47999572753906,109.49336242675781,17367800
2021-11-01,132.61000061035156,133.07000732421875,132.61000061035156,132.97999572753906,109.2977294921875,11894200
2021-11-02,132.97999572753906,133.57000732421875,132.97999572753906,133.49000549316406,109.71688079833984,18047600
2021-11-03,133.6300048828125,133.74000549316406,132.91000366210938,133.14999389648438,109.43743896484375,11847700
2021-11-04,133.3000030517578,134.02999877929688,133.3000030517578,133.85000610351562,110.01274108886719,20135500
2021-11-05,134.33999633789062,135.0,134.22000122070312,134.8300018310547,110.81822204589844,15840400
2021-11-08,134.69000244140625,134.7100067138672,134.33999633789062,134.52000427246094,110.56346893310547,8494200
2021-11-09,135.2100067138672,135.30999755859375,134.86000061035156,134.8800048828125,110.85938262939453,18075300
2021-11-10,134.6699981689453,134.69000244140625,133.25,133.5,109.72511291503906,23397300
2021-11-11,133.5399932861328,133.67999267578125,133.0500030517578,133.1199951171875,109.41280364990234,6168900
2021-11-12,133.3000030517578,133.4199981689453,132.7899932861328,132.97999572753906,109.2977294921875,11897100
2021-11-15,132.85000610351562,132.89999389648438,131.9600067138672,131.97000122070312,108.46759796142578,12353400
2021-11-16,131.88999938964844,132.35000610351562,131.67999267578125,131.75,108.2867431640625,18709500
2021-11-17,131.60000610351562,132.32000732421875,131.49000549316406,132.27999877929688,108.72239685058594,14541100
2021-11-18,132.19000244140625,132.69000244140625,132.19000244140625,132.5800018310547,108.96896362304688,14086100
2021-11-19,132.89999389648438,133.2100067138672,132.88999938964844,133.0800018310547,109.3799057006836,17682900
2021-11-22,132.5500030517578,132.75999450683594,131.8699951171875,131.9199981689453,108.426513671875,13745400
2021-11-23,131.61000061035156,131.6999969482422,130.97999572753906,130.97999572753906,107.65393829345703,10986900
2021-11-24,130.9600067138672,131.6300048828125,130.80999755859375,131.61000061035156,108.17167663574219,14019900
2021-11-26,132.02000427246094,132.74000549316406,131.80999755859375,132.67999267578125,109.05113220214844,14399300
2021-11-29,132.13999938964844,132.8699951171875,132.0500030517578,132.77000427246094,109.12513732910156,21231700
2021-11-30,133.22999572753906,133.72999572753906,132.77000427246094,133.05999755859375,109.36347198486328,28873400
2021-12-01,132.77000427246094,132.9600067138672,132.35000610351562,132.83999633789062,109.37915802001953,18070800
2021-12-02,132.8699951171875,133.22999572753906,132.60000610351562,133.14999389648438,109.63436126708984,17305900
2021-12-03,133.1199951171875,134.55999755859375,133.07000732421875,134.25999450683594,110.54838562011719,25739900
2021-12-06,134.2100067138672,134.24000549316406,133.50999450683594,133.5800018310547,109.98845672607422,25332000
2021-12-07,133.63999938964844,134.07000732421875,133.47999572753906,133.63999938964844,110.03783416748047,17338200
2021-12-08,133.3000030517578,133.36000061035156,132.5399932861328,132.75,109.30502319335938,17408000
2021-12-09,132.94000244140625,133.16000366210938,132.58999633789062,132.63999938964844,109.21443939208984,12348300
2021-12-10,133.2899932861328,133.3300018310547,132.72999572753906,132.7899932861328,109.33795166015625,12792300
2021-12-13,133.32000732421875,133.6999969482422,133.27999877929688,133.38999938964844,109.83198547363281,10264200
2021-12-14,133.02999877929688,133.1699981689453,132.61000061035156,132.7899932861328,109.33795166015625,17725400
2021-12-15,132.3699951171875,133.02999877929688,132.32000732421875,132.9600067138672,109.47795867919922,20585100
2021-12-16,132.77999877929688,133.10000610351562,132.52000427246094,132.6999969482422,109.47463989257812,9750200
2021-12-17,132.85000610351562,133.13999938964844,132.85000610351562,133.00999450683594,109.73037719726562,8753100
2021-12-20,132.77000427246094,132.91000366210938,132.35000610351562,132.42999267578125,109.25189208984375,12931400
2021-12-21,131.47999572753906,132.6999969482422,131.47999572753906,132.69000244140625,109.46638488769531,12933300
2021-12-22,132.8699951171875,132.91000366210938,132.55999755859375,132.89999389648438,109.63960266113281,7850800
2021-12-23,132.77000427246094,132.82000732421875,132.4199981689453,132.6999969482422,109.47463989257812,8401200
2021-12-27,132.74000549316406,133.1999969482422,132.67999267578125,133.08999633789062,109.79635620117188,8744200
2021-12-28,133.36000061035156,133.41000366210938,132.75,132.9199981689453,109.65609741210938,6864300
2021-12-29,132.3800048828125,132.50999450683594,132.0,132.19000244140625,109.05389404296875,7263000
2021-12-30,132.3800048828125,132.75,132.10000610351562,132.72000122070312,109.49110412597656,5566900
2021-12-31,132.72999572753906,133.02999877929688,132.4499969482422,132.52000427246094,109.32611846923828,8514500
2022-01-03,131.77999877929688,131.7899932861328,131.11000061035156,131.11000061035156,108.16291809082031,18199400
2022-01-04,130.94000244140625,131.24000549316406,130.69000244140625,131.22000122070312,108.25364685058594,18748000
2022-01-05,131.47999572753906,131.47999572753906,130.4199981689453,130.4499969482422,107.6184310913086,16107500
2022-01-06,130.17999267578125,130.47999572753906,130.0,130.27999877929688,107.47817993164062,19336300
2022-01-07,130.11000061035156,130.1999969482422,129.47000122070312,129.72000122070312,107.01620483398438,17750800
2022-01-10,129.39999389648438,129.67999267578125,129.02999877929688,129.60000610351562,106.91718292236328,14253400
2022-01-11,129.61000061035156,130.07000732421875,129.47999572753906,129.99000549316406,107.23895263671875,17231000
2022-01-12,130.22999572753906,130.3800048828125,129.88999938964844,129.89999389648438,107.16468048095703,12733100
2022-01-13,130.11000061035156,130.32000732421875,129.69000244140625,130.30999755859375,107.50294494628906,13468500
2022-01-14,129.7100067138672,129.72999572753906,129.10000610351562,129.16000366210938,106.55422973632812,14308300
2022-01-18,128.4199981689453,128.49000549316406,127.87000274658203,127.93000030517578,105.53948974609375,15266600
2022-01-19,128.27000427246094,128.69000244140625,128.10000610351562,128.1300048828125,105.7044906616211,16057900
2022-01-20,128.2899932861328,128.5,127.93000030517578,128.05999755859375,105.64676666259766,22915800
2022-01-21,128.67999267578125,129.11000061035156,128.6199951171875,128.89999389648438,106.33975219726562,21504700
2022-01-24,128.94000244140625,129.0,128.41000366210938,128.5,106.00975799560547,22567100
2022-01-25,128.47999572753906,128.7899932861328,128.08999633789062,128.13999938964844,105.71272277832031,17247300
2022-01-26,128.47999572753906,128.6199951171875,127.1500015258789,127.2699966430664,104.99500274658203,23220800
2022-01-27,127.70999908447266,128.05999755859375,127.31999969482422,127.55999755859375,105.23424530029297,22292800
2022-01-28,126.86000061035156,127.75,126.8499984741211,127.69999694824219,105.3497314453125,21294200
2022-01-31,127.54000091552734,127.87999725341797,127.26000213623047,127.76000213623047,105.39924621582031,20325100
2022-02-01,127.58999633789062,127.81999969482422,127.05000305175781,127.7300033569336,105.57447052001953,17587300
2022-02-02,127.94000244140625,128.3000030517578,127.61000061035156,127.73999786376953,105.58272552490234,22644800
2022-02-03,126.81999969482422,126.93000030517578,126.45999908447266,126.70999908447266,104.73136901855469,23396800
2022-02-04,125.68000030517578,125.80000305175781,125.11000061035156,125.44999694824219,103.6899642944336,26115800
2022-02-07,125.33000183105469,125.80999755859375,125.19999694824219,125.68000030517578,103.88004302978516,12756600
2022-02-08,125.54000091552734,125.68000030517578,125.20999908447266,125.20999908447266,103.49154663085938,22126100
2022-02-09,125.72000122070312,126.08000183105469,125.5999984741211,125.62999725341797,103.8387222290039,19616400
2022-02-10,124.95999908447266,125.19000244140625,123.9000015258789,123.91999816894531,102.42533111572266,39583900
2022-02-11,124.19000244140625,124.95999908447266,123.69999694824219,124.83999633789062,103.18575286865234,21553500
2022-02-14,124.1500015258789,124.30000305175781,123.66000366210938,123.7300033569336,102.26830291748047,22793600
2022-02-15,123.58999633789062,123.8499984741211,123.11000061035156,123.11000061035156,101.755859375,15673700
2022-02-16,123.47000122070312,123.48999786376953,122.62000274658203,123.29000091552734,101.90460205078125,27148800
2022-02-17,123.44000244140625,123.7699966430664,123.08999633789062,123.37999725341797,101.97900390625,24384600
2022-02-18,123.76000213623047,124.13999938964844,123.26000213623047,123.68000030517578,102.22696685791016,19233800
2022-02-22,123.25,123.52999877929688,123.12000274658203,123.5199966430664,102.0947265625,18011000
2022-02-23,123.2300033569336,123.3499984741211,122.37000274658203,122.4000015258789,101.16903686523438,16579900
2022-02-24,122.47000122070312,123.08000183105469,122.22000122070312,122.9800033569336,101.64839172363281,29245000
2022-02-25,123.31999969482422,124.08000183105469,123.0199966430664,123.4800033569336,102.06165313720703,19073700
2022-02-28,123.94000244140625,125.0,123.94000244140625,124.80000305175781,103.15270233154297,23474500
2022-03-01,124.83999633789062,125.83999633789062,124.80000305175781,124.97000122070312,103.50553131103516,28504600
2022-03-02,124.12999725341797,124.30000305175781,123.04000091552734,123.06999969482422,101.9318618774414,24849900
2022-03-03,123.52999877929688,123.86000061035156,123.23999786376953,123.5199966430664,102.30457305908203,14144600
2022-03-04,124.33000183105469,124.44999694824219,123.56999969482422,123.63999938964844,102.40399169921875,17402800
2022-03-07,122.88999938964844,123.29000091552734,122.0,122.13999938964844,101.16160583496094,16164900
2022-03-08,121.31999969482422,121.83000183105469,120.80999755859375,121.41000366210938,100.55699157714844,20045200
2022-03-09,121.55999755859375,122.0,121.41999816894531,121.62000274658203,100.73092651367188,27652200
2022-03-10,120.87999725341797,120.93000030517578,119.79000091552734,120.2300033569336,99.57962799072266,34185900
2022-03-11,120.30000305175781,120.41999816894531,120.06999969482422,120.18000030517578,99.53823852539062,20701300
2022-03-14,119.11000061035156,119.56999969482422,118.4000015258789,118.44000244140625,98.09710693359375,18624900
2022-03-15,119.01000213623047,119.47000122070312,118.81999969482422,119.37000274658203,98.86740112304688,24022000
2022-03-16,119.9000015258789,120.44999694824219,118.66999816894531,120.38999938964844,99.71217346191406,32561800
2022-03-17,121.01000213623047,121.87999725341797,120.83000183105469,121.56999969482422,100.68952178955078,23878300
2022-03-18,121.1500015258789,121.98999786376953,121.1500015258789,121.80999755859375,100.8882827758789,21675100
2022-03-21,120.88999938964844,121.16000366210938,119.95999908447266,120.12000274658203,99.48856353759766,17919300
2022-03-22,119.73999786376953,119.98999786376953,119.58999633789062,119.83000183105469,99.2483901977539,16780900
2022-03-23,120.05000305175781,120.33000183105469,119.6500015258789,120.16999816894531,99.52993774414062,16949300
2022-03-24,119.4000015258789,120.4000015258789,118.83999633789062,120.22000122070312,99.5713882446289,20466500
2022-03-25,119.77999877929688,119.80999755859375,118.83999633789062,119.2699966430664,98.78453826904297,23247400
2022-03-28,119.4800033569336,120.12000274658203,119.33000183105469,119.93000030517578,99.33118438720703,18691100
2022-03-29,120.55000305175781,121.01000213623047,120.29000091552734,120.94000244140625,100.16769409179688,23812400
2022-03-30,120.48999786376953,121.3499984741211,120.43000030517578,121.22000122070312,100.39962768554688,17696700
2022-03-31,121.2699966430664,121.55999755859375,120.72000122070312,120.94000244140625,100.16769409179688,19905200
2022-04-01,120.05999755859375,121.4000015258789,119.94999694824219,121.08999633789062,100.50385284423828,16506800
2022-04-04,121.16999816894531,121.55000305175781,120.77999877929688,121.51000213623047,100.8524169921875,19647900
2022-04-05,121.13999938964844,121.19000244140625,119.36000061035156,119.37999725341797,99.08455657958984,22750400
2022-04-06,118.11000061035156,119.23999786376953,117.80000305175781,118.68000030517578,98.50354766845703,25447400
2022-04-07,118.52999877929688,118.62000274658203,117.91000366210938,118.12999725341797,98.04708862304688,21292700
2022-04-08,117.25,117.55999755859375,116.8499984741211,117.19999694824219,97.27517700195312,16072800
2022-04-11,116.5,116.58999633789062,115.77999877929688,116.05999755859375,96.32901000976562,20685500
2022-04-12,116.83999633789062,117.16999816894531,116.12999725341797,116.13999938964844,96.39537811279297,25029100
2022-04-13,116.1500015258789,116.80999755859375,116.0999984741211,116.73999786376953,96.89335632324219,21276200
2022-04-14,116.66999816894531,116.69999694824219,115.2699966430664,115.37999725341797,95.76457977294922,19717700
2022-04-18,115.13999938964844,115.33000183105469,114.38999938964844,114.5,95.03421020507812,16576000
2022-04-19,113.93000030517578,114.16999816894531,113.5199966430664,113.58999633789062,94.27888488769531,19775400
2022-04-20,114.33000183105469,115.08999633789062,114.30999755859375,114.7699966430664,95.25829315185547,21119400
2022-04-21,114.5,114.58000183105469,113.22000122070312,113.55000305175781,94.24571228027344,25288700
2022-04-22,113.11000061035156,113.70999908447266,112.80999755859375,113.41999816894531,94.13780975341797,19927300
2022-04-25,114.02999877929688,114.86000061035156,114.0199966430664,114.68000030517578,95.18359375,22261500
2022-04-26,115.23999786376953,115.2699966430664,114.4800033569336,114.62000274658203,95.1337890625,22695300
2022-04-27,114.4000015258789,114.80999755859375,113.47000122070312,113.5199966430664,94.22080993652344,19426200
2022-04-28,113.2699966430664,113.87000274658203,113.0199966430664,113.86000061035156,94.50302124023438,19645500
2022-04-29,112.91000366210938,113.5199966430664,112.37999725341797,112.5999984741211,93.45721435546875,20257300
2022-05-02,111.69000244140625,111.91999816894531,111.30000305175781,111.68000030517578,92.90314483642578,17184100
2022-05-03,112.77999877929688,113.33999633789062,112.29000091552734,112.4000015258789,93.50214385986328,20914600
2022-05-04,112.38999938964844,113.86000061035156,111.77999877929688,113.5,94.41718292236328,34240700
2022-05-05,112.44000244140625,112.48999786376953,110.88999938964844,111.76000213623047,92.9697265625,34356900
2022-05-06,110.8499984741211,111.5199966430664,110.66000366210938,110.80999755859375,92.17945098876953,15550400
2022-05-09,110.41999816894531,111.31999969482422,110.19000244140625,111.19999694824219,92.50389862060547,17185900
2022-05-10,112.08000183105469,112.36000061035156,111.56999969482422,111.66999816894531,92.8948745727539,25650800
2022-05-11,111.19999694824219,112.45999908447266,111.04000091552734,112.19000244140625,93.32746124267578,25053500
2022-05-12,112.45999908447266,112.87999725341797,112.16000366210938,112.23999786376953,93.36902618408203,22156400
2022-05-13,112.06999969482422,112.16000366210938,111.41999816894531,111.6500015258789,92.87821197509766,16107900
2022-05-16,111.8499984741211,112.30999755859375,111.73999786376953,111.80000305175781,93.00299835205078,11980500
2022-05-17,111.16999816894531,111.4000015258789,110.94999694824219,111.16000366210938,92.47062683105469,16562600
2022-05-18,110.88999938964844,111.62000274658203,110.88999938964844,111.56999969482422,92.81167602539062,16146400
2022-05-19,112.2699966430664,112.62000274658203,111.70999908447266,111.87000274658203,93.0612564086914,21212500
2022-05-20,112.18000030517578,112.45999908447266,111.9800033569336,112.41999816894531,93.5187759399414,13906700
2022-05-23,112.06999969482422,112.51000213623047,111.77999877929688,112.0199966430664,93.18601989746094,14892400
2022-05-24,112.48999786376953,113.61000061035156,112.41000366210938,113.48999786376953,94.40884399414062,17210400
2022-05-25,114.0199966430664,114.68000030517578,113.91999816894531,114.66000366210938,95.38217163085938,25637000
2022-05-26,114.83000183105469,115.2699966430664,114.43000030517578,114.69000244140625,95.40714263916016,34022300
2022-05-27,115.16999816894531,115.66000366210938,114.87000274658203,115.29000091552734,95.9062728881836,9246100
2022-05-31,114.26000213623047,114.66000366210938,113.70999908447266,114.44000244140625,95.19915008544922,20336900
2022-06-01,114.66000366210938,114.9000015258789,113.08999633789062,113.5,94.64378356933594,22403900
2022-06-02,113.66000366210938,113.79000091552734,112.88999938964844,113.55000305175781,94.68550109863281,14823300
2022-06-03,112.73999786376953,113.19999694824219,112.73999786376953,113.19000244140625,94.38531494140625,11440900
2022-06-06,113.11000061035156,113.19000244140625,112.30999755859375,112.38999938964844,93.71819305419922,12213900
2022-06-07,112.69000244140625,113.29000091552734,112.61000061035156,112.98999786376953,94.21852111816406,11291400
2022-06-08,112.76000213623047,113.08999633789062,112.33000183105469,112.33999633789062,93.67648315429688,13730800
2022-06-09,112.05999755859375,112.33999633789062,111.54000091552734,111.5999984741211,93.0594482421875,24846700
2022-06-10,111.01000213623047,111.13999938964844,109.86000061035156,110.5199966430664,92.15887451171875,36297900
2022-06-13,108.37000274658203,108.8499984741211,107.0999984741211,107.97000122070312,90.03253936767578,34771900
2022-06-14,108.45999908447266,108.81999969482422,107.16000366210938,107.41000366210938,89.56555938720703,27320800
2022-06-15,108.66000366210938,109.19000244140625,107.73999786376953,109.08999633789062,90.96644592285156,31581500
2022-06-16,107.58999633789062,109.4800033569336,107.29000091552734,109.20999908447266,91.06649017333984,30588300
2022-06-17,109.5199966430664,109.70999908447266,108.7699966430664,109.43000030517578,91.24998474121094,17319600
2022-06-21,108.94000244140625,109.41999816894531,108.20999908447266,108.33000183105469,90.33271026611328,17031500
2022-06-22,109.45999908447266,109.66999816894531,109.05999755859375,109.12000274658203,90.991455078125,18943300
2022-06-23,109.63999938964844,110.81999969482422,109.58999633789062,109.95999908447266,91.69187927246094,30742100
2022-06-24,109.87999725341797,110.66999816894531,109.8499984741211,110.08999633789062,91.80030059814453,18668900
2022-06-27,109.4800033569336,109.70999908447266,109.0199966430664,109.08000183105469,90.95809936523438,20847000
2022-06-28,108.9000015258789,109.11000061035156,108.5199966430664,109.05000305175781,90.93306732177734,18998400
2022-06-29,109.0999984741211,109.70999908447266,109.0199966430664,109.69999694824219,91.47509002685547,10747100
2022-06-30,109.7699966430664,110.9000015258789,109.7699966430664,110.02999877929688,91.75030517578125,16570800
2022-07-01,110.66000366210938,111.45999908447266,110.47000122070312,111.12000274658203,92.90997314453125,20179400
2022-07-05,111.19999694824219,111.30000305175781,110.83999633789062,111.08999633789062,92.88489532470703,16728000
2022-07-06,111.41000366210938,111.58000183105469,110.43000030517578,110.54000091552734,92.42504119873047,17291300
2022-07-07,110.95999908447266,111.13999938964844,110.33000183105469,110.52999877929688,92.4166488647461,15165800
2022-07-08,110.12000274658203,110.41000366210938,109.94999694824219,110.3499984741211,92.26614379882812,14384500
2022-07-11,110.81999969482422,111.16000366210938,110.5,110.66000366210938,92.52536010742188,9456900
2022-07-12,111.11000061035156,111.58000183105469,110.77999877929688,110.81999969482422,92.65914916992188,18053600
2022-07-13,109.72000122070312,111.77999877929688,109.70999908447266,111.6500015258789,93.35314178466797,25657200
2022-07-14,110.44000244140625,111.22000122070312,110.08999633789062,110.94000244140625,92.75945281982422,22978600
2022-07-15,110.86000061035156,112.05000305175781,110.86000061035156,111.83000183105469,93.50365447998047,15192500
2022-07-18,111.66000366210938,111.66999816894531,110.97000122070312,111.05000305175781,92.8514633178711,15665500
2022-07-19,111.20999908447266,111.47000122070312,110.81999969482422,111.36000061035156,93.11064910888672,15414500
2022-07-20,111.8499984741211,111.94000244140625,111.16000366210938,111.23999786376953,93.01032257080078,9888100
2022-07-21,111.51000213623047,112.7699966430664,111.51000213623047,112.76000213623047,94.28123474121094,25141900
2022-07-22,113.70999908447266,114.23999786376953,113.13999938964844,113.62999725341797,95.00865936279297,16062400
2022-07-25,112.83999633789062,113.01000213623047,112.4000015258789,112.66999816894531,94.20597076416016,25656700
2022-07-26,113.01000213623047,113.12000274658203,112.5999984741211,112.6500015258789,94.18925476074219,18514600
2022-07-27,113.16000366210938,114.05000305175781,113.12999725341797,113.4000015258789,94.81632995605469,16995200
2022-07-28,114.2300033569336,114.51000213623047,113.98999786376953,114.33999633789062,95.60227966308594,17266700
2022-07-29,114.27999877929688,115.08000183105469,114.13999938964844,114.61000061035156,95.8280258178711,14914000
2022-08-01,114.37999725341797,114.91000366210938,114.26000213623047,114.55999755859375,96.01747131347656,18348900
2022-08-02,114.52999877929688,114.68000030517578,113.06999969482422,113.16000366210938,94.84407806396484,22706500
2022-08-03,113.2300033569336,114.41999816894531,112.87000274658203,114.38999938964844,95.87499237060547,19416500
2022-08-04,114.26000213623047,114.62999725341797,113.91000366210938,114.56999969482422,96.02584838867188,22451000
2022-08-05,112.94999694824219,113.0999984741211,112.30999755859375,113.0199966430664,94.72673797607422,15893400
2022-08-08,113.58000183105469,113.94000244140625,113.41000366210938,113.47000122070312,95.1039047241211,11889800
2022-08-09,113.0199966430664,113.20999908447266,112.83000183105469,112.95999908447266,94.67642974853516,17809000
2022-08-10,113.55999755859375,114.30999755859375,113.54000091552734,114.02999877929688,95.57324981689453,25548100
2022-08-11,114.47000122070312,114.9800033569336,112.87999725341797,112.93000030517578,94.65128326416016,24970100
2022-08-12,113.54000091552734,114.26000213623047,113.2699966430664,114.23999786376953,95.7492446899414,16542900
2022-08-15,114.44000244140625,114.61000061035156,114.13999938964844,114.16000366210938,95.68219757080078,10750200
2022-08-16,113.80999755859375,113.87000274658203,113.12999725341797,113.72000122070312,95.31343078613281,15328900
2022-08-17,112.95999908447266,113.18000030517578,112.4000015258789,112.6500015258789,94.41661071777344,20836800
2022-08-18,113.01000213623047,113.31999969482422,112.87999725341797,112.94000244140625,94.65967559814453,13914300
2022-08-19,111.94000244140625,111.94000244140625,111.3499984741211,111.5999984741211,93.53656768798828,17996700
2022-08-22,111.29000091552734,111.30000305175781,110.7300033569336,110.8499984741211,92.9079360961914,10208500
2022-08-23,110.72000122070312,111.48999786376953,110.61000061035156,110.97000122070312,93.00856018066406,14517700
2022-08-24,110.7300033569336,110.80000305175781,110.43000030517578,110.63999938964844,92.73194885253906,14441000
2022-08-25,111.2300033569336,112.04000091552734,110.75,111.77999877929688,93.68743896484375,33579200
2022-08-26,111.44999694824219,111.73999786376953,111.01000213623047,111.11000061035156,93.12589263916016,13942300
2022-08-29,110.62000274658203,110.62000274658203,110.1500015258789,110.29000091552734,92.43860626220703,18371900
2022-08-30,110.58000183105469,110.80000305175781,109.8499984741211,110.43000030517578,92.5559310913086,19251300
2022-08-31,110.19999694824219,110.37000274658203,109.20999908447266,109.2699966430664,91.58370208740234,19484300
2022-09-01,108.19000244140625,108.41999816894531,107.3499984741211,108.30999755859375,91.03235626220703,26706500
2022-09-02,108.8499984741211,109.25,108.37999725341797,108.38999938964844,91.09957885742188,14458700
2022-09-06,107.86000061035156,107.94000244140625,106.91999816894531,106.91999816894531,89.86408996582031,16455700
2022-09-07,107.41000366210938,108.48999786376953,107.38999938964844,108.37999725341797,91.09119415283203,21874300
2022-09-08,108.33999633789062,108.66999816894531,108.05000305175781,108.12999725341797,90.88107299804688,16871100
2022-09-09,108.55000305175781,108.98999786376953,108.3499984741211,108.37999725341797,91.09119415283203,11911700
2022-09-12,108.80000305175781,109.0199966430664,107.91999816894531,108.13999938964844,90.88946533203125,11084600
2022-09-13,107.05999755859375,107.5199966430664,106.91000366210938,107.36000061035156,90.23388671875,19563400
2022-09-14,107.33000183105469,108.05999755859375,107.30000305175781,107.87000274658203,90.66254425048828,19360500
2022-09-15,107.62000274658203,107.76000213623047,107.19999694824219,107.3499984741211,90.22549438476562,12947800
2022-09-16,106.75,108.16000366210938,106.7300033569336,107.0999984741211,90.0153579711914,13980900
2022-09-19,106.62000274658203,107.38999938964844,106.52999877929688,107.27999877929688,90.16666412353516,13679600
2022-09-20,106.33999633789062,106.6500015258789,106.05999755859375,106.20999908447266,89.2673568725586,30310500
2022-09-21,106.62999725341797,106.9000015258789,105.5999984741211,106.61000061035156,89.6035385131836,23883200
2022-09-22,105.62000274658203,105.62999725341797,104.80999755859375,105.11000061035156,88.3427734375,20982600
2022-09-23,104.87999725341797,105.06999969482422,104.33000183105469,104.80999755859375,88.09066009521484,18671200
2022-09-26,104.38999938964844,104.58999633789062,102.94000244140625,102.98999786376953,86.56098937988281,27606500
2022-09-27,103.05999755859375,103.2699966430664,101.4000015258789,101.44000244140625,85.25828552246094,34683500
2022-09-28,102.48999786376953,103.56999969482422,102.2699966430664,103.4800033569336,86.97283935546875,39921300
2022-09-29,102.5199966430664,102.77999877929688,101.73999786376953,102.70999908447266,86.32563781738281,30873000
2022-09-30,103.05999755859375,103.56999969482422,102.44000244140625,102.44999694824219,86.10713958740234,24058300
2022-10-03,103.61000061035156,104.83999633789062,103.38999938964844,104.0,87.70008087158203,27200900
2022-10-04,104.80999755859375,105.12000274658203,104.36000061035156,104.4800033569336,88.1048355102539,21918800
2022-10-05,103.66999816894531,103.88999938964844,102.94999694824219,103.69000244140625,87.43867492675781,24999500
2022-10-06,103.68000030517578,103.94000244140625,103.19999694824219,103.44999694824219,87.23628234863281,22017200
2022-10-07,102.83999633789062,102.91000366210938,102.37000274658203,102.41999816894531,86.3676986694336,20895500
2022-10-10,102.38999938964844,102.44999694824219,101.08999633789062,101.5,85.59190368652344,6179400
2022-10-11,101.7699966430664,102.16999816894531,101.04000091552734,101.29000091552734,85.41480255126953,30332900
2022-10-12,101.16999816894531,101.4800033569336,100.83000183105469,101.16999816894531,85.3136215209961,18941200
2022-10-13,99.19999694824219,101.63999938964844,99.18000030517578,101.3499984741211,85.46541595458984,20727700
2022-10-14,101.98999786376953,101.98999786376953,100.2699966430664,100.37999725341797,84.6474380493164,20681900
2022-10-17,101.26000213623047,101.66999816894531,100.79000091552734,100.86000061035156,85.05218505859375,16585700
2022-10-18,101.47000122070312,101.61000061035156,100.51000213623047,101.45999908447266,85.55816650390625,23532600
2022-10-19,100.54000091552734,100.83999633789062,99.94000244140625,100.06999969482422,84.38603973388672,16461800
2022-10-20,99.81999969482422,100.37000274658203,99.0999984741211,99.19999694824219,83.65237426757812,21437300
2022-10-21,98.7300033569336,99.63999938964844,98.41000366210938,99.4800033569336,83.88851928710938,18871700
2022-10-24,99.37999725341797,99.9800033569336,98.83000183105469,99.43000030517578,83.84635162353516,16517100
2022-10-25,100.29000091552734,101.19000244140625,100.29000091552734,100.76000213623047,84.9678726196289,23143100
2022-10-26,101.01000213623047,101.72000122070312,100.91000366210938,101.22000122070312,85.35576629638672,22201400
2022-10-27,101.56999969482422,102.08999633789062,101.19999694824219,101.69000244140625,85.75212097167969,21002900
2022-10-28,101.29000091552734,102.05000305175781,101.23999786376953,101.9000015258789,85.92921447753906,19532300
2022-10-31,101.54000091552734,101.68000030517578,100.97000122070312,101.3499984741211,85.46541595458984,21884100
2022-11-01,102.0999984741211,102.19000244140625,101.19000244140625,101.7699966430664,86.0803451538086,26415300
2022-11-02,101.91000366210938,102.91999816894531,101.0199966430664,101.27999877929688,85.66587829589844,23174200
2022-11-03,100.33000183105469,101.18000030517578,100.01000213623047,100.91999816894531,85.36137390136719,52723900
2022-11-04,101.20999908447266,101.55000305175781,100.66000366210938,101.12000274658203,85.53055572509766,16698200
2022-11-07,101.16999816894531,101.2300033569336,100.54000091552734,100.75,85.21757507324219,13428300
2022-11-08,101.0,101.48999786376953,100.8499984741211,101.16999816894531,85.57281494140625,19206000
2022-11-09,100.86000061035156,101.41999816894531,100.6500015258789,100.91000366210938,85.35291290283203,12204000
2022-11-10,103.0999984741211,104.38999938964844,103.06999969482422,104.29000091552734,88.2118148803711,28447600
2022-11-11,104.12000274658203,104.73999786376953,103.9800033569336,104.56999969482422,88.44866943359375,8578600
2022-11-14,104.20999908447266,104.44999694824219,104.01000213623047,104.04000091552734,88.00038146972656,22576600
2022-11-15,105.12000274658203,105.52999877929688,104.81999969482422,105.48999786376953,89.22679901123047,25504400
2022-11-16,105.80000305175781,106.5999984741211,105.58000183105469,106.38999938964844,89.9880599975586,24648800
2022-11-17,105.5199966430664,105.91000366210938,105.22000122070312,105.81999969482422,89.50596618652344,24106600
2022-11-18,106.12999725341797,106.29000091552734,105.61000061035156,105.80999755859375,89.49746704101562,14214100
2022-11-21,106.19999694824219,106.36000061035156,105.63999938964844,105.6500015258789,89.36217498779297,9664100
2022-11-22,106.19000244140625,106.7300033569336,106.05999755859375,106.58999633789062,90.15724182128906,15050400
2022-11-23,106.95999908447266,107.69999694824219,106.91999816894531,107.66000366210938,91.0622787475586,12511500
2022-11-25,107.72000122070312,107.79000091552734,107.5,107.7699966430664,91.15531158447266,4413900
2022-11-28,107.8499984741211,107.87999725341797,106.88999938964844,106.98999786376953,90.49555969238281,18815800
2022-11-29,106.51000213623047,106.80999755859375,106.23999786376953,106.45999908447266,90.04727935791016,23040000
2022-11-30,106.4000015258789,107.77999877929688,105.98999786376953,107.76000213623047,91.1468734741211,20930100
2022-12-01,107.91999816894531,108.80999755859375,107.61000061035156,108.76000213623047,92.28731536865234,30830200
2022-12-02,108.0,109.41999816894531,107.79000091552734,109.41999816894531,92.84734344482422,16908900
2022-12-05,108.70999908447266,108.70999908447266,108.0199966430664,108.48999786376953,92.05818939208984,19612000
2022-12-06,108.87000274658203,108.9800033569336,108.52999877929688,108.81999969482422,92.33820343017578,18220800
2022-12-07,109.38999938964844,110.08000183105469,109.27999877929688,110.02999877929688,93.36493682861328,22116700
2022-12-08,109.73999786376953,110.02999877929688,109.41000366210938,109.68000030517578,93.06795501708984,18285600
2022-12-09,109.30000305175781,109.4000015258789,108.81999969482422,108.86000061035156,92.37216186523438,15568800
2022-12-12,109.62000274658203,109.73999786376953,108.6500015258789,108.72000122070312,92.25335693359375,13988400
2022-12-13,110.76000213623047,110.88999938964844,109.4800033569336,109.66999816894531,93.0594482421875,19976000
2022-12-14,109.66000366210938,109.93000030517578,108.7699966430664,109.7699966430664,93.14434814453125,19894900
2022-12-15,109.52999877929688,109.72000122070312,109.16000366210938,109.52999877929688,93.22262573242188,16931200
2022-12-16,108.4800033569336,109.19999694824219,108.4800033569336,109.05999755859375,92.82259368896484,16643900
2022-12-19,108.43000030517578,108.44999694824219,107.69999694824219,107.95999908447266,91.88638305664062,14746200
2022-12-20,106.93000030517578,107.0199966430664,106.5199966430664,106.69000244140625,90.80546569824219,18678000
2022-12-21,107.37000274658203,107.5199966430664,107.01000213623047,107.41999816894531,91.42677307128906,15087800
2022-12-22,107.37000274658203,107.54000091552734,107.13999938964844,107.38999938964844,91.40126037597656,13957300
2022-12-23,106.95999908447266,107.30999755859375,106.83000183105469,107.05999755859375,91.12040710449219,5992400
2022-12-27,106.31999969482422,106.54000091552734,105.63999938964844,105.68000030517578,89.94583129882812,10456200
2022-12-28,106.06999969482422,106.2300033569336,105.3499984741211,105.3499984741211,89.66497039794922,10050900
2022-12-29,105.7300033569336,106.13999938964844,105.66000366210938,106.0999984741211,90.3033218383789,14253300
2022-12-30,105.80999755859375,105.94000244140625,105.16999816894531,105.43000030517578,89.73306274414062,8528200
2023-01-03,106.94999694824219,106.98999786376953,105.8499984741211,106.16000366210938,90.3543701171875,15589800
2023-01-04,107.02999877929688,107.0999984741211,106.5199966430664,106.93000030517578,91.00971221923828,13951700
2023-01-05,106.08999633789062,106.95999908447266,106.08999633789062,106.8499984741211,90.94163513183594,9848100
2023-01-06,107.02999877929688,108.7699966430664,106.88999938964844,108.5999984741211,92.43109893798828,20695600
2023-01-09,108.44000244140625,109.29000091552734,108.33999633789062,109.02999877929688,92.79708099365234,20449600
2023-01-10,108.51000213623047,108.83000183105469,108.25,108.66000366210938,92.48216247558594,19225200
2023-01-11,109.31999969482422,109.63999938964844,109.16999816894531,109.58999633789062,93.27368927001953,19541700
2023-01-12,109.87999725341797,110.8499984741211,109.23999786376953,110.83000183105469,94.32907104492188,18372500
2023-01-13,110.44999694824219,110.88999938964844,110.30999755859375,110.47000122070312,94.02268981933594,21077700
2023-01-17,110.01000213623047,110.41000366210938,109.91999816894531,110.06999969482422,93.68224334716797,20745100
2023-01-18,111.68000030517578,111.94999694824219,110.87000274658203,111.36000061035156,94.78018188476562,27794600
2023-01-19,110.87000274658203,111.2300033569336,110.76000213623047,111.12999725341797,94.58442687988281,18085800
2023-01-20,110.58000183105469,110.68000030517578,110.12000274658203,110.55000305175781,94.09075927734375,15440000
2023-01-23,110.1500015258789,110.5199966430664,110.08000183105469,110.2300033569336,93.81842803955078,18814700
2023-01-24,110.29000091552734,110.94000244140625,109.91999816894531,110.80999755859375,94.31206512451172,12419700
2023-01-25,110.70999908447266,110.95999908447266,110.33000183105469,110.86000061035156,94.3546371459961,15450000
2023-01-26,110.93000030517578,111.08000183105469,110.37000274658203,110.81999969482422,94.32057189941406,13250300
2023-01-27,110.37000274658203,110.66000366210938,110.27999877929688,110.5,94.0482406616211,8924900
2023-01-30,110.16000366210938,110.62000274658203,110.01000213623047,110.08000183105469,93.69075012207031,20019800
2023-01-31,110.66999816894531,110.97000122070312,110.08000183105469,110.87000274658203,94.36311340332031,27212200
2023-02-01,110.87000274658203,111.9000015258789,110.27999877929688,111.6500015258789,95.32100677490234,29127300
2023-02-02,112.36000061035156,112.51000213623047,111.69999694824219,111.80999755859375,95.45762634277344,18958900
2023-02-03,110.69999694824219,110.9000015258789,110.29000091552734,110.54000091552734,94.3733901977539,16053900
2023-02-06,109.9800033569336,110.01000213623047,109.62000274658203,109.69000244140625,93.647705078125,18455400
2023-02-07,109.5,110.12000274658203,109.19000244140625,109.33000183105469,93.34034729003906,25191300
2023-02-08,109.43000030517578,109.63999938964844,108.94999694824219,109.44000244140625,93.43425750732422,16484400
2023-02-09,109.95999908447266,109.97000122070312,108.45999908447266,108.5199966430664,92.6488265991211,21637500
2023-02-10,108.37999725341797,108.44999694824219,107.72000122070312,107.76000213623047,91.99996185302734,16092100
2023-02-13,107.86000061035156,108.16000366210938,107.7699966430664,108.16000366210938,92.34144592285156,32223500
2023-02-14,108.11000061035156,108.3499984741211,107.22000122070312,107.88999938964844,92.11093139648438,31922200
2023-02-15,107.72000122070312,107.79000091552734,107.20999908447266,107.4800033569336,91.76090240478516,24279600
2023-02-16,106.95999908447266,107.18000030517578,106.55999755859375,106.62000274658203,91.02669525146484,27909900
2023-02-17,106.2699966430664,107.04000091552734,106.22000122070312,107.04000091552734,91.38526153564453,18528900
2023-02-21,106.18000030517578,106.25,105.4800033569336,105.5199966430664,90.08757781982422,21136000
2023-02-22,105.94000244140625,106.2699966430664,105.7699966430664,105.81999969482422,90.34369659423828,20971700
2023-02-23,106.12999725341797,106.69000244140625,106.05000305175781,106.6500015258789,91.05230712890625,21144600
2023-02-24,105.8499984741211,106.05000305175781,105.58000183105469,105.8499984741211,90.36930084228516,26721100
2023-02-27,106.12999725341797,106.29000091552734,105.80000305175781,105.87999725341797,90.39488983154297,19660700
2023-02-28,105.44000244140625,106.0,105.2699966430664,105.91999816894531,90.42903137207031,18239100
2023-03-01,105.26000213623047,105.36000061035156,104.76000213623047,104.88999938964844,89.86530303955078,27249600
2023-03-02,104.43000030517578,104.9800033569336,104.33000183105469,104.9800033569336,89.94241333007812,23715100
2023-03-03,105.61000061035156,106.2300033569336,105.44000244140625,106.16999816894531,90.96195220947266,27316900
2023-03-06,106.5,106.54000091552734,105.81999969482422,105.87999725341797,90.71350860595703,14688600
2023-03-07,106.08999633789062,106.19999694824219,105.33999633789062,105.58000183105469,90.45645904541016,22431700
2023-03-08,105.9000015258789,106.16999816894531,105.1500015258789,105.41000366210938,90.31083679199219,29396500
2023-03-09,105.48999786376953,105.83000183105469,105.16000366210938,105.30999755859375,90.22515106201172,24552400
2023-03-10,106.5,107.13999938964844,106.25,106.81999969482422,91.51886749267578,36906000
2023-03-13,107.41000366210938,108.26000213623047,106.4800033569336,106.91000366210938,91.59595489501953,47445400
2023-03-14,106.83999633789062,107.56999969482422,106.43000030517578,106.58999633789062,91.32180786132812,49782100
2023-03-15,107.30000305175781,108.0999984741211,106.98999786376953,107.61000061035156,92.1956787109375,50591500
2023-03-16,108.05999755859375,108.30000305175781,107.12999725341797,107.44999694824219,92.05860900878906,37961900
2023-03-17,107.77999877929688,108.41999816894531,107.61000061035156,107.98999786376953,92.52125549316406,32011600
2023-03-20,108.08000183105469,108.27999877929688,107.55999755859375,107.66999816894531,92.2470932006836,24035100
2023-03-21,108.12000274658203,108.25,107.69999694824219,108.19000244140625,92.69258880615234,29109400
2023-03-22,108.11000061035156,109.58999633789062,107.80999755859375,108.81999969482422,93.23236083984375,31434700
2023-03-23,108.70999908447266,109.22000122070312,108.37999725341797,109.12999725341797,93.49796295166016,28703800
2023-03-24,109.43000030517578,109.69000244140625,109.18000030517578,109.47000122070312,93.78926849365234,26204100
2023-03-27,108.4800033569336,108.98999786376953,108.12999725341797,108.16000366210938,92.66691589355469,16527900
2023-03-28,108.04000091552734,108.20999908447266,107.73999786376953,107.9800033569336,92.5126724243164,14138000
2023-03-29,107.76000213623047,108.5199966430664,107.72000122070312,108.4800033569336,92.94108581542969,17506000
2023-03-30,108.4800033569336,108.8499984741211,108.45999908447266,108.62999725341797,93.06957244873047,18267200
2023-03-31,109.0999984741211,109.69000244140625,108.86000061035156,109.61000061035156,93.90921020507812,19187400
2023-04-03,109.16999816894531,110.0199966430664,109.0,109.93000030517578,94.47644805908203,20093500
2023-04-04,109.41999816894531,110.19999694824219,109.29000091552734,110.06999969482422,94.59675598144531,20317700
2023-04-05,110.22000122070312,110.58000183105469,110.05000305175781,110.43000030517578,94.90613555908203,14674800
2023-04-06,110.48999786376953,110.5999984741211,110.2300033569336,110.33000183105469,94.82017517089844,14191300
2023-04-10,109.77999877929688,109.88999938964844,109.3499984741211,109.81999969482422,94.38188934326172,10825500
2023-04-11,109.83999633789062,109.94999694824219,109.55000305175781,109.79000091552734,94.3561019897461,14510100
2023-04-12,110.26000213623047,110.30999755859375,109.38999938964844,109.55999755859375,94.15843200683594,20049200
2023-04-13,109.9000015258789,110.05000305175781,109.55000305175781,109.75,94.32172393798828,18589100
2023-04-14,109.44000244140625,109.56999969482422,109.02999877929688,109.38999938964844,94.01233673095703,16218900
2023-04-17,109.05999755859375,109.16999816894531,108.58000183105469,108.69999694824219,93.41934967041016,11891400
2023-04-18,108.91000366210938,109.2300033569336,108.9000015258789,109.05999755859375,93.72872161865234,10522400
2023-04-19,108.77999877929688,108.80000305175781,108.45999908447266,108.5199966430664,93.2646484375,14023700
2023-04-20,108.7699966430664,109.0999984741211,108.75,108.93000030517578,93.61700439453125,16076100
2023-04-21,109.3499984741211,109.4000015258789,108.6500015258789,109.0,93.67713928222656,18480700
2023-04-24,109.0999984741211,109.51000213623047,109.0999984741211,109.4800033569336,94.08968353271484,7974300
2023-04-25,109.94999694824219,110.2300033569336,109.91000366210938,109.95999908447266,94.50218963623047,17038800
2023-04-26,110.06999969482422,110.12999725341797,109.37999725341797,109.4800033569336,94.08968353271484,19635200
2023-04-27,109.30000305175781,109.38999938964844,109.02999877929688,109.08000183105469,93.74591827392578,14629500
2023-04-28,109.81999969482422,109.98999786376953,109.51000213623047,109.93000030517578,94.47644805908203,18882100
2023-05-01,108.94000244140625,108.9800033569336,107.61000061035156,107.79000091552734,92.9518051147461,20789900
2023-05-02,108.18000030517578,109.11000061035156,108.05999755859375,109.08999633789062,94.07284545898438,21547100
2023-05-03,109.30000305175781,109.55000305175781,108.83999633789062,109.2699966430664,94.22806549072266,15750800
2023-05-04,108.66000366210938,109.26000213623047,108.55000305175781,108.97000122070312,93.9693832397461,17811700
2023-05-05,108.68000030517578,108.81999969482422,108.33999633789062,108.54000091552734,93.59855651855469,12130800
2023-05-08,107.94000244140625,108.02999877929688,107.62000274658203,107.76000213623047,92.92594909667969,16424800
2023-05-09,107.77999877929688,107.98999786376953,107.69000244140625,107.72000122070312,92.89143371582031,15860300
2023-05-10,108.41999816894531,108.58999633789062,108.25,108.56999969482422,93.62442016601562,15815700
2023-05-11,109.23999786376953,109.25,108.86000061035156,108.98999786376953,93.98661804199219,12261800
2023-05-12,108.98999786376953,109.06999969482422,108.30000305175781,108.31999969482422,93.40884399414062,10797200
2023-05-15,107.7699966430664,107.8499984741211,107.5999984741211,107.73999786376953,92.90869140625,20334800
2023-05-16,107.27999877929688,107.38999938964844,107.08999633789062,107.19999694824219,92.4429931640625,25934500
2023-05-17,107.4000015258789,107.4800033569336,107.08000183105469,107.19000244140625,92.43441009521484,25387100
2023-05-18,106.93000030517578,106.93000030517578,106.58999633789062,106.73999786376953,92.04633331298828,21383500
2023-05-19,106.7300033569336,106.9000015258789,106.5,106.61000061035156,91.93423461914062,22194600
2023-05-22,106.68000030517578,106.93000030517578,106.5,106.56999969482422,91.89974212646484,15526700
2023-05-23,106.44999694824219,106.88999938964844,106.29000091552734,106.79000091552734,92.08946990966797,15529300
2023-05-24,106.8499984741211,106.88999938964844,106.30999755859375,106.37000274658203,91.72726440429688,16688900
2023-05-25,106.48999786376953,106.55999755859375,105.9800033569336,106.0199966430664,91.4254379272461,18743200
2023-05-26,106.04000091552734,106.51000213623047,105.95999908447266,106.47000122070312,91.8134994506836,15848500
2023-05-30,106.94000244140625,107.2699966430664,106.87999725341797,107.2699966430664,92.50340270996094,21581400
2023-05-31,107.23999786376953,107.73999786376953,107.06999969482422,107.62000274658203,92.80522155761719,24052300
2023-06-01,107.61000061035156,107.86000061035156,107.44000244140625,107.5999984741211,93.08984375,26084500
2023-06-02,107.69000244140625,107.76000213623047,107.22000122070312,107.30999755859375,92.83895874023438,17086600
2023-06-05,106.97000122070312,107.48999786376953,106.8499984741211,107.08000183105469,92.6399917602539,14211100
2023-06-06,107.11000061035156,107.31999969482422,106.81999969482422,107.29000091552734,92.82167053222656,25228400
2023-06-07,107.20999908447266,107.31999969482422,106.2699966430664,106.33000183105469,91.99110412597656,26526700
2023-06-08,106.44000244140625,107.0999984741211,106.41000366210938,107.04000091552734,92.6053695678711,16579800
2023-06-09,106.80999755859375,106.91999816894531,106.58000183105469,106.76000213623047,92.36312103271484,12060000
2023-06-12,106.98999786376953,107.11000061035156,106.41999816894531,107.0999984741211,92.65726470947266,14229300
2023-06-13,107.2699966430664,107.38999938964844,106.44999694824219,106.62000274658203,92.24198913574219,19385200
2023-06-14,106.93000030517578,107.22000122070312,106.43000030517578,106.94999694824219,92.5274887084961,30280100
2023-06-15,107.51000213623047,107.9000015258789,107.2699966430664,107.87999725341797,93.33207702636719,23426200
2023-06-16,107.54000091552734,107.79000091552734,107.30000305175781,107.69000244140625,93.167724609375,13184500
2023-06-20,107.8499984741211,108.19999694824219,107.8499984741211,108.08000183105469,93.505126953125,22272700
2023-06-21,107.62999725341797,108.08999633789062,107.30999755859375,107.95999908447266,93.40129089355469,17521700
2023-06-22,107.55999755859375,107.80000305175781,107.22000122070312,107.4000015258789,92.91682434082031,16007900
2023-06-23,108.12000274658203,108.12000274658203,107.5,107.69999694824219,93.17633056640625,13102800
2023-06-26,107.9800033569336,108.0199966430664,107.76000213623047,107.81999969482422,93.28015899658203,14642200
2023-06-27,107.93000030517578,108.12999725341797,107.45999908447266,107.69999694824219,93.17633056640625,15749300
2023-06-28,107.8499984741211,108.19000244140625,107.62999725341797,108.16999816894531,93.58296203613281,17806000
2023-06-29,107.37000274658203,107.45999908447266,107.01000213623047,107.3499984741211,92.87358093261719,25554500
2023-06-30,107.62999725341797,108.20999908447266,107.44000244140625,108.13999938964844,93.55701446533203,20938600
2023-07-03,107.87000274658203,108.16000366210938,107.48999786376953,107.48999786376953,93.29490661621094,11810800
2023-07-05,107.30999755859375,107.37999725341797,106.58999633789062,106.72000122070312,92.62659454345703,21463300
2023-07-06,105.87999725341797,105.94000244140625,105.3499984741211,105.63999938964844,91.68922424316406,35240800
2023-07-07,105.66999816894531,105.98999786376953,105.5199966430664,105.54000091552734,91.6024169921875,17148000
2023-07-10,105.68000030517578,106.19000244140625,105.58000183105469,106.08999633789062,92.07976531982422,16360600
2023-07-11,106.33999633789062,106.66000366210938,106.20999908447266,106.58999633789062,92.51374816894531,21693900
2023-07-12,107.12000274658203,107.68000030517578,107.12000274658203,107.52999877929688,93.32962799072266,23217300
2023-07-13,107.98999786376953,108.33000183105469,107.87000274658203,108.29000091552734,93.98926544189453,21637500
2023-07-14,108.12000274658203,108.23999786376953,107.41999816894531,107.44999694824219,93.26019287109375,23784000
2023-07-17,107.43000030517578,107.72000122070312,107.3499984741211,107.62999725341797,93.4164047241211,12260100
2023-07-18,108.06999969482422,108.18000030517578,107.86000061035156,107.9000015258789,93.6507568359375,17403600
2023-07-19,108.26000213623047,108.5199966430664,108.08000183105469,108.51000213623047,94.1801986694336,20871600
2023-07-20,108.06999969482422,108.0999984741211,107.48999786376953,107.77999877929688,93.54661560058594,37868000
2023-07-21,108.18000030517578,108.20999908447266,107.87999725341797,107.97000122070312,93.7115249633789,16517800
2023-07-24,108.16000366210938,108.30000305175781,107.80999755859375,107.83999633789062,93.59867858886719,17999400
2023-07-25,107.55999755859375,107.88999938964844,107.54000091552734,107.66999816894531,93.45111083984375,15029800
2023-07-26,108.05999755859375,108.26000213623047,107.69000244140625,108.16999816894531,93.88509368896484,17816800
2023-07-27,108.04000091552734,108.12999725341797,106.72000122070312,106.8499984741211,92.73941802978516,29142600
2023-07-28,107.33000183105469,107.5999984741211,107.13999938964844,107.55000305175781,93.34696960449219,18719300
2023-07-31,107.58000183105469,108.02999877929688,107.58000183105469,107.8499984741211,93.60736083984375,24906600
2023-08-01,106.80000305175781,106.97000122070312,106.31999969482422,106.41000366210938,92.67462158203125,22977700
2023-08-02,105.80000305175781,105.87999725341797,105.38999938964844,105.76000213623047,92.10852813720703,28516700
2023-08-03,104.91000366210938,104.94999694824219,104.55999755859375,104.80999755859375,91.28114318847656,27632700
2023-08-04,105.19000244140625,106.04000091552734,105.18000030517578,105.9000015258789,92.23043823242188,19998900
2023-08-07,105.80999755859375,105.86000061035156,105.5,105.63999938964844,92.00399780273438,10726300
2023-08-08,106.12999725341797,106.30000305175781,105.91999816894531,106.05999755859375,92.36978149414062,17616200
2023-08-09,106.19999694824219,106.30999755859375,106.05999755859375,106.16000366210938,92.45690155029297,11514100
2023-08-10,106.29000091552734,106.55999755859375,105.37999725341797,105.41000366210938,91.80368041992188,22056400
2023-08-11,105.04000091552734,105.41000366210938,104.9800033569336,105.05000305175781,91.49015045166016,12803100
2023-08-14,105.0199966430664,105.30000305175781,104.70999908447266,105.01000213623047,91.45529174804688,9829300
2023-08-15,104.7699966430664,104.94999694824219,104.45999908447266,104.45999908447266,90.9762954711914,17279900
2023-08-16,104.37000274658203,104.66000366210938,103.86000061035156,103.98999786376953,90.56697082519531,20773700
2023-08-17,103.86000061035156,103.94999694824219,103.4000015258789,103.70999908447266,90.3231201171875,29797400
2023-08-18,103.7300033569336,104.20999908447266,103.62000274658203,104.0999984741211,90.66278839111328,17884100
2023-08-21,103.63999938964844,103.70999908447266,103.26000213623047,103.4800033569336,90.12281036376953,19065100
2023-08-22,103.58000183105469,103.87000274658203,103.43000030517578,103.80000305175781,90.40152740478516,18361500
2023-08-23,104.4800033569336,105.27999877929688,104.4800033569336,105.26000213623047,91.67305755615234,22620400
2023-08-24,105.08000183105469,105.22000122070312,104.87999725341797,104.9000015258789,91.35953521728516,20129900
2023-08-25,104.86000061035156,105.29000091552734,104.51000213623047,104.95999908447266,91.41177368164062,18521400
2023-08-28,105.44000244140625,105.44999694824219,105.04000091552734,105.29000091552734,91.69918060302734,15271000
2023-08-29,105.2300033569336,106.16999816894531,105.1500015258789,106.12999725341797,92.43072509765625,21843300
2023-08-30,106.18000030517578,106.26000213623047,105.94000244140625,105.9800033569336,92.30010986328125,21533500
2023-08-31,106.16000366210938,106.4000015258789,106.06999969482422,106.16000366210938,92.45690155029297,20534800
2023-09-01,105.77999877929688,105.80999755859375,104.91000366210938,105.02999877929688,91.79875183105469,16514200
2023-09-05,104.70999908447266,104.75,104.25,104.27999877929688,91.14320373535156,16272800
2023-09-06,104.41999816894531,104.44999694824219,103.94999694824219,104.18000030517578,91.05579376220703,17733800
2023-09-07,104.30999755859375,104.6500015258789,104.20999908447266,104.63999938964844,91.45787811279297,17295600
2023-09-08,104.91000366210938,105.18000030517578,104.72000122070312,104.72000122070312,91.52777862548828,18608800
2023-09-11,104.58999633789062,104.63999938964844,104.38999938964844,104.5199966430664,91.35298156738281,13686300
2023-09-12,104.52999877929688,104.55000305175781,104.30999755859375,104.48999786376953,91.32677459716797,15839800
2023-09-13,104.37999725341797,104.81999969482422,104.31999969482422,104.72000122070312,91.52777862548828,19975200
2023-09-14,104.80000305175781,104.9000015258789,104.47000122070312,104.52999877929688,91.3617172241211,16821000
2023-09-15,104.43000030517578,104.4800033569336,104.1500015258789,104.37000274658203,91.22187042236328,21796400
2023-09-18,104.16999816894531,104.5999984741211,104.16999816894531,104.56999969482422,91.39667510986328,12182200
2023-09-19,104.31999969482422,104.43000030517578,104.18000030517578,104.22000122070312,91.09078979492188,14577800
2023-09-20,104.55999755859375,104.77999877929688,104.23999786376953,104.26000213623047,91.12574768066406,23735800
2023-09-21,103.41000366210938,103.43000030517578,103.12999725341797,103.20999908447266,90.20800018310547,30183800
2023-09-22,103.44999694824219,103.94000244140625,103.31999969482422,103.83999633789062,90.7586441040039,21849000
2023-09-25,103.05999755859375,103.36000061035156,102.80000305175781,102.83000183105469,89.87589263916016,25968600
2023-09-26,103.05000305175781,103.12000274658203,102.4000015258789,102.54000091552734,89.6224365234375,39047500
2023-09-27,103.0199966430664,103.11000061035156,101.69999694824219,102.05999755859375,89.202880859375,35741200
2023-09-28,101.62000274658203,102.26000213623047,101.30000305175781,102.23999786376953,89.3602066040039,34650100
2023-09-29,102.77999877929688,102.91999816894531,101.77999877929688,102.0199966430664,89.16793060302734,28143000
2023-10-02,101.12999725341797,101.30000305175781,100.5999984741211,100.69000244140625,88.35102844238281,18787800
2023-10-03,100.37000274658203,100.52999877929688,99.38999938964844,99.52999877929688,87.33316802978516,30830200
2023-10-04,100.08999633789062,100.44999694824219,99.66999816894531,100.4000015258789,88.0965347290039,25863600
2023-10-05,100.54000091552734,100.75,100.12000274658203,100.27999877929688,87.99127960205078,21155700
2023-10-06,99.31999969482422,100.19999694824219,99.16999816894531,99.9800033569336,87.72802734375,21667900
2023-10-09,100.4800033569336,101.25,100.30999755859375,101.22000122070312,88.81604766845703,6398600
2023-10-10,100.76000213623047,101.66000366210938,100.56999969482422,101.26000213623047,88.85114288330078,23168100
2023-10-11,101.86000061035156,101.94000244140625,101.43000030517578,101.87999725341797,89.39518737792969,22655800
2023-10-12,101.7300033569336,101.83999633789062,100.5999984741211,100.81999969482422,88.46508026123047,27899900
2023-10-13,101.6500015258789,101.7300033569336,101.18000030517578,101.37999725341797,88.95642852783203,20716300
2023-10-16,100.81999969482422,100.94999694824219,100.62999725341797,100.68000030517578,88.34222412109375,25991800
2023-10-17,99.80000305175781,100.22000122070312,99.55999755859375,99.87999725341797,87.64026641845703,24273500
2023-10-18,99.51000213623047,99.56999969482422,98.94999694824219,99.08000183105469,86.93832397460938,32144400
2023-10-19,98.91999816894531,99.2300033569336,98.2699966430664,98.27999877929688,86.2363510131836,41211800
2023-10-20,98.36000061035156,98.76000213623047,98.36000061035156,98.66999816894531,86.57854461669922,27130800
2023-10-23,98.37999725341797,99.70999908447266,98.23999786376953,99.44000244140625,87.25419616699219,21103000
2023-10-24,99.58999633789062,100.05999755859375,99.41999816894531,100.0,87.74556732177734,24517600
2023-10-25,99.44000244140625,99.5,98.86000061035156,99.08999633789062,86.94706726074219,20957000
2023-10-26,99.18000030517578,99.87000274658203,99.02999877929688,99.80999755859375,87.57884979248047,28046100
2023-10-27,99.69000244140625,99.81999969482422,99.30999755859375,99.61000061035156,87.40338897705078,21362800
2023-10-30,99.33000183105469,99.52999877929688,99.01000213623047,99.30999755859375,87.14012145996094,20961500
2023-10-31,99.44000244140625,99.9000015258789,99.13999938964844,99.16999816894531,87.01727294921875,28805700
2023-11-01,99.2699966430664,100.26000213623047,99.22000122070312,100.22000122070312,88.26256561279297,32111800
2023-11-02,101.19999694824219,101.48999786376953,101.02999877929688,101.41000366210938,89.31060791015625,31295500
2023-11-03,102.58000183105469,102.9000015258789,101.87999725341797,101.91000366210938,89.75096130371094,38496200
2023-11-06,101.7300033569336,101.7300033569336,101.25,101.37000274658203,89.27537536621094,17827700
2023-11-07,101.75,102.4000015258789,101.68000030517578,102.18000030517578,89.98871612548828,25518200
2023-11-08,102.33999633789062,102.79000091552734,102.33000183105469,102.69999694824219,90.44668579101562,26997000
2023-11-09,102.55999755859375,102.55999755859375,101.4800033569336,101.66000366210938,89.53075408935547,23864100
2023-11-10,102.30999755859375,102.33999633789062,101.97000122070312,102.16999816894531,89.97992706298828,18498900
2023-11-13,101.83000183105469,102.25,101.6500015258789,102.18000030517578,89.98871612548828,21439200
2023-11-14,103.80999755859375,104.05000305175781,103.66000366210938,103.77999877929688,91.39784240722656,28387800
2023-11-15,103.41999816894531,103.44999694824219,102.97000122070312,103.23999786376953,90.92225646972656,23895000
2023-11-16,103.7699966430664,104.13999938964844,103.69000244140625,104.08999633789062,91.67082214355469,21223000
2023-11-17,104.44999694824219,104.58000183105469,104.1500015258789,104.38999938964844,91.9350357055664,25810200
2023-11-20,104.26000213623047,104.87999725341797,104.23999786376953,104.80999755859375,92.3049545288086,18529400
2023-11-21,104.83000183105469,104.97000122070312,104.55000305175781,104.83999633789062,92.33135223388672,20273200
2023-11-22,105.23999786376953,105.37999725341797,104.8499984741211,105.26000213623047,92.70124816894531,18588000
2023-11-24,104.86000061035156,105.0199966430664,104.69999694824219,104.72000122070312,92.22565460205078,6391400
2023-11-27,105.05999755859375,105.58999633789062,104.87999725341797,105.56999969482422,92.9742431640625,17919500
2023-11-28,105.38999938964844,106.02999877929688,105.29000091552734,105.98999786376953,93.34414672851562,21320800
2023-11-29,106.54000091552734,106.91000366210938,106.4000015258789,106.8499984741211,94.10152435302734,20661800
2023-11-30,106.61000061035156,106.63999938964844,106.08000183105469,106.29000091552734,93.60835266113281,41950900
2023-12-01,106.04000091552734,107.22000122070312,105.9000015258789,107.16999816894531,94.73540496826172,27733500
2023-12-04,106.80999755859375,106.94999694824219,106.44999694824219,106.68000030517578,94.30227661132812,28914300
2023-12-05,107.16000366210938,107.66999816894531,107.02999877929688,107.52999877929688,95.05363464355469,33315200
2023-12-06,107.8499984741211,108.19000244140625,107.72000122070312,107.93000030517578,95.4072494506836,22544300
2023-12-07,107.79000091552734,108.2300033569336,107.68000030517578,107.94000244140625,95.41608428955078,20253300
2023-12-08,107.33999633789062,107.62999725341797,107.18000030517578,107.36000061035156,94.90337371826172,21624200
2023-12-11,107.22000122070312,107.36000061035156,106.77999877929688,107.33000183105469,94.87683868408203,17714600
2023-12-12,107.31999969482422,107.9800033569336,107.13999938964844,107.94000244140625,95.41608428955078,22111100
2023-12-13,108.3499984741211,109.94999694824219,108.12999725341797,109.75,97.01607513427734,33623500
2023-12-14,110.23999786376953,110.87000274658203,110.12000274658203,110.5199966430664,98.04783630371094,28202300
2023-12-15,110.41999816894531,110.56999969482422,110.13999938964844,110.36000061035156,97.9058837890625,17904100
2023-12-18,110.04000091552734,110.16000366210938,109.83999633789062,109.9000015258789,97.497802734375,19714500
2023-12-19,110.11000061035156,110.37000274658203,109.95999908447266,110.04000091552734,97.62200164794922,18086800
2023-12-20,110.25,110.41999816894531,109.91000366210938,110.33000183105469,97.8792724609375,23942000
2023-12-21,110.58999633789062,110.70999908447266,110.02999877929688,110.29000091552734,97.84378814697266,24168300
2023-12-22,110.44000244140625,110.5,109.94000244140625,110.0999984741211,97.67521667480469,11037100
2023-12-26,110.13999938964844,110.4000015258789,110.08999633789062,110.33000183105469,97.8792724609375,5816000
2023-12-27,110.88999938964844,111.4000015258789,110.72000122070312,111.36000061035156,98.79305267333984,13646400
2023-12-28,111.20999908447266,111.38999938964844,110.91999816894531,111.06999969482422,98.5357666015625,14288800
2023-12-29,110.69999694824219,111.01000213623047,110.55999755859375,110.66000366210938,98.17202758789062,17956700
2024-01-02,109.94000244140625,110.16999816894531,109.79000091552734,109.91000366210938,97.50668334960938,20622000
2024-01-03,109.0999984741211,109.7699966430664,108.91999816894531,109.66000366210938,97.28488159179688,35384900
2024-01-04,109.0,109.25,108.87000274658203,109.05000305175781,96.74372100830078,43111300
2024-01-05,108.72000122070312,109.56999969482422,108.58000183105469,108.66000366210938,96.397705078125,24385500
2024-01-08,108.76000213623047,109.55000305175781,108.73999786376953,109.48999786376953,97.13404846191406,29182300
2024-01-09,109.31999969482422,109.79000091552734,109.2699966430664,109.68000030517578,97.30261993408203,55126300
2024-01-10,110.05000305175781,110.16000366210938,109.47000122070312,109.54000091552734,97.17842102050781,32323500
2024-01-11,109.7300033569336,110.33999633789062,109.38999938964844,110.19999694824219,97.76394653320312,50960900
2024-01-12,110.55000305175781,110.8499984741211,110.12999725341797,110.44000244140625,97.97686767578125,30479000
2024-01-16,109.8499984741211,109.98999786376953,109.0999984741211,109.31999969482422,96.98323822021484,27124600
2024-01-17,109.06999969482422,109.25,108.69999694824219,109.08999633789062,96.7791976928711,34414000
2024-01-18,109.26000213623047,109.33000183105469,108.76000213623047,108.87999725341797,96.5928726196289,28325100
2024-01-19,108.83999633789062,109.0199966430664,108.44999694824219,108.98999786376953,96.69050598144531,25621500
2024-01-22,109.48999786376953,109.56999969482422,109.16000366210938,109.29000091552734,96.95662689208984,17679900
2024-01-23,109.04000091552734,109.04000091552734,108.66999816894531,108.88999938964844,96.60176086425781,25439500
2024-01-24,109.38999938964844,109.44999694824219,108.58999633789062,108.68000030517578,96.41546630859375,26828300
2024-01-25,109.26000213623047,109.44000244140625,109.05000305175781,109.4000015258789,97.05422973632812,39484000
2024-01-26,109.44000244140625,109.44999694824219,109.05999755859375,109.08999633789062,96.7791976928711,26642300
2024-01-29,109.52999877929688,109.77999877929688,109.31999969482422,109.54000091552734,97.17842102050781,27060700
2024-01-30,109.81999969482422,109.91000366210938,109.33999633789062,109.88999938964844,97.48889923095703,30459200
2024-01-31,110.36000061035156,110.63999938964844,109.87000274658203,110.16999816894531,97.7373275756836,44733000
2024-02-01,110.51000213623047,110.91000366210938,110.0999984741211,110.62999725341797,98.4931869506836,42478500
2024-02-02,109.47000122070312,109.70999908447266,109.22000122070312,109.62000274658203,97.593994140625,39604900
2024-02-05,108.8499984741211,108.86000061035156,108.31999969482422,108.56999969482422,96.6591796875,39266800
2024-02-06,108.75,109.36000061035156,108.72000122070312,109.18000030517578,97.20226287841797,26095200
2024-02-07,108.91999816894531,109.30999755859375,108.76000213623047,108.86000061035156,96.91734313964844,23574200
2024-02-08,108.54000091552734,108.58000183105469,108.19000244140625,108.30000305175781,96.41879272460938,26063900
2024-02-09,108.0199966430664,108.23999786376953,108.0,108.16000366210938,96.29413604736328,19029200
2024-02-12,108.22000122070312,108.2699966430664,107.86000061035156,108.16999816894531,96.30307006835938,30378900
2024-02-13,107.19999694824219,107.38999938964844,106.87000274658203,106.9800033569336,95.24359893798828,41494100
2024-02-14,107.0999984741211,107.5199966430664,107.08000183105469,107.4800033569336,95.68875885009766,41932200
2024-02-15,108.08000183105469,108.0999984741211,107.62000274658203,107.87000274658203,96.03596496582031,33255200
2024-02-16,107.36000061035156,107.58999633789062,107.23999786376953,107.4800033569336,95.68875885009766,26189800
2024-02-20,107.83999633789062,107.94999694824219,107.62000274658203,107.83999633789062,96.00926971435547,22386600
2024-02-21,107.91999816894531,107.91999816894531,107.41999816894531,107.56999969482422,95.7688980102539,23606200
2024-02-22,107.7300033569336,107.93000030517578,107.5999984741211,107.73999786376953,95.92024993896484,28705900
2024-02-23,107.79000091552734,108.22000122070312,107.7300033569336,108.05999755859375,96.20513916015625,29856300
2024-02-26,108.08999633789062,108.08999633789062,107.4800033569336,107.72000122070312,95.90242004394531,26696200
2024-02-27,107.6500015258789,107.83999633789062,107.51000213623047,107.56999969482422,95.7688980102539,33453800
2024-02-28,107.44000244140625,107.62999725341797,107.4000015258789,107.55999755859375,95.7599868774414,32713500
2024-02-29,107.72000122070312,108.1500015258789,107.5199966430664,107.66000366210938,95.84900665283203,45656400
2024-03-01,107.04000091552734,108.02999877929688,106.75,107.91999816894531,96.4324951171875,42971500
2024-03-04,107.62999725341797,107.87000274658203,107.55000305175781,107.72000122070312,96.2537841796875,31472000
2024-03-05,108.29000091552734,108.5999984741211,108.13999938964844,108.30999755859375,96.7809829711914,33394200
2024-03-06,108.55000305175781,108.95999908447266,108.5199966430664,108.5999984741211,97.0401382446289,33176900
2024-03-07,108.98999786376953,109.02999877929688,108.5999984741211,108.87000274658203,97.28137969970703,22875700
2024-03-08,109.08999633789062,109.30000305175781,108.91999816894531,109.0199966430664,97.4154281616211,29591100
2024-03-11,109.04000091552734,109.29000091552734,108.87000274658203,109.04000091552734,97.43328857421875,25360200
2024-03-12,108.87000274658203,108.95999908447266,108.58999633789062,108.69000244140625,97.12055206298828,30852100
2024-03-13,108.72000122070312,108.94000244140625,108.54000091552734,108.58000183105469,97.02227020263672,31089900
2024-03-14,108.25,108.25,107.69999694824219,107.77999877929688,96.30740356445312,48815400
2024-03-15,107.83000183105469,107.95999908447266,107.62999725341797,107.80999755859375,96.33419036865234,34525600
2024-03-18,107.87000274658203,107.91999816894531,107.61000061035156,107.62999725341797,96.1733627319336,18279900
2024-03-19,107.80999755859375,108.18000030517578,107.75,107.94000244140625,96.45037078857422,22721000
2024-03-20,107.9800033569336,108.33000183105469,107.52999877929688,108.13999938964844,96.62908935546875,41915400
2024-03-21,108.47000122070312,108.55000305175781,108.12999725341797,108.30000305175781,96.77204895019531,26546700
2024-03-22,108.88999938964844,108.91999816894531,108.62000274658203,108.66999816894531,97.10267639160156,20877600
2024-03-25,108.66000366210938,108.66000366210938,108.23999786376953,108.30000305175781,96.77204895019531,23291000
2024-03-26,108.48999786376953,108.48999786376953,108.12999725341797,108.2699966430664,96.74524688720703,27266700
2024-03-27,108.41999816894531,109.0199966430664,108.3499984741211,109.0199966430664,97.4154281616211,30600500
2024-03-28,108.88999938964844,109.19000244140625,108.80000305175781,108.91999816894531,97.32605743408203,23066200
2024-04-01,108.0199966430664,108.02999877929688,107.37999725341797,107.47000122070312,96.39412689208984,20817100
2024-04-02,106.93000030517578,107.36000061035156,106.68000030517578,107.30999755859375,96.25062561035156,32433900
2024-04-03,106.91999816894531,107.55999755859375,106.75,107.37999725341797,96.31341552734375,25198700
2024-04-04,107.77999877929688,107.77999877929688,107.29000091552734,107.5,96.42103576660156,31423800
2024-04-05,107.08000183105469,107.37999725341797,106.9800033569336,107.02999877929688,95.99946594238281,25134900
2024-04-08,106.93000030517578,107.22000122070312,106.86000061035156,107.0199966430664,95.9905014038086,37054400
2024-04-09,107.44999694824219,107.62999725341797,107.38999938964844,107.56999969482422,96.48383331298828,21967300
2024-04-10,106.73999786376953,106.73999786376953,105.87999725341797,106.04000091552734,95.11151123046875,45351600
2024-04-11,106.30999755859375,106.4000015258789,105.61000061035156,105.81999969482422,94.9141845703125,38047900
2024-04-12,106.29000091552734,106.33000183105469,106.0199966430664,106.05999755859375,95.12944793701172,35119700
2024-04-15,105.48999786376953,105.48999786376953,104.75,104.88999938964844,94.08003997802734,27018500
2024-04-16,104.45999908447266,104.66000366210938,104.18000030517578,104.54000091552734,93.76608276367188,34191600
2024-04-17,105.04000091552734,105.27999877929688,104.80999755859375,105.11000061035156,94.2773666381836,26726300
2024-04-18,105.18000030517578,105.20999908447266,104.7300033569336,104.9000015258789,94.08900451660156,25997900
2024-04-19,105.2699966430664,105.29000091552734,104.91000366210938,105.01000213623047,94.18768310546875,20265600
2024-04-22,104.97000122070312,105.30999755859375,104.91999816894531,105.2699966430664,94.42086791992188,26642400
2024-04-23,105.16999816894531,105.87000274658203,105.0199966430664,105.44999694824219,94.58231353759766,26338800
2024-04-24,105.22000122070312,105.27999877929688,104.73999786376953,105.04000091552734,94.21458435058594,24538400
2024-04-25,104.30000305175781,104.77999877929688,104.13999938964844,104.7300033569336,93.9365005493164,29826400
2024-04-26,105.12999725341797,105.31999969482422,105.05999755859375,105.12999725341797,94.29528045654297,11784100
2024-04-29,105.43000030517578,105.66999816894531,105.30000305175781,105.56999969482422,94.68993377685547,18052100
2024-04-30,105.13999938964844,105.4000015258789,104.9000015258789,104.98999786376953,94.1697006225586,26008100
2024-05-01,104.87999725341797,105.55000305175781,104.6500015258789,105.01000213623047,94.56143951416016,30342900
2024-05-02,105.08999633789062,105.72000122070312,104.93000030517578,105.66000366210938,95.14676666259766,28044200
2024-05-03,106.43000030517578,106.79000091552734,106.0,106.4000015258789,95.8131332397461,24166800
2024-05-06,106.5199966430664,106.70999908447266,106.44999694824219,106.69999694824219,96.08326721191406,18519800
2024-05-07,107.0,107.16000366210938,106.6500015258789,106.75,96.12830352783203,28680400
2024-05-08,106.5,106.6500015258789,106.41000366210938,106.4800033569336,95.88518524169922,19916700
2024-05-09,106.4000015258789,106.7699966430664,106.29000091552734,106.6500015258789,96.03826904296875,25583500
2024-05-10,106.44000244140625,106.5199966430664,106.19000244140625,106.30999755859375,95.7320785522461,16291500
2024-05-13,106.55999755859375,106.6500015258789,106.31999969482422,106.3499984741211,95.76810455322266,20464200
2024-05-14,106.62999725341797,106.77999877929688,106.5,106.66000366210938,96.0472640991211,25440400
2024-05-15,107.5,107.77999877929688,107.25,107.61000061035156,96.90275573730469,33780900
2024-05-16,107.76000213623047,107.77999877929688,107.38999938964844,107.44000244140625,96.74964141845703,23586600
2024-05-17,107.25,107.44999694824219,107.16000366210938,107.19000244140625,96.52455139160156,21862800
2024-05-20,107.11000061035156,107.2300033569336,107.05999755859375,107.13999938964844,96.47950744628906,17885200
2024-05-21,107.44000244140625,107.4800033569336,107.26000213623047,107.31999969482422,96.6416015625,17411900
2024-05-22,107.01000213623047,107.31999969482422,107.0,107.16000366210938,96.49752044677734,26735600
2024-05-23,107.30000305175781,107.33000183105469,106.56999969482422,106.69000244140625,96.07428741455078,24876100
2024-05-24,106.70999908447266,106.98999786376953,106.62000274658203,106.9800033569336,96.33541107177734,11189500
2024-05-28,107.12999725341797,107.12999725341797,106.2699966430664,106.33999633789062,95.75907897949219,15989600
2024-05-29,105.95999908447266,105.97000122070312,105.55000305175781,105.7699966430664,95.2458267211914,30015700
2024-05-30,106.19999694824219,106.44999694824219,106.12999725341797,106.41999816894531,95.83113098144531,21036300
2024-05-31,106.83999633789062,107.0199966430664,106.66999816894531,106.88999938964844,96.25437927246094,19901400
2024-06-03,106.80999755859375,107.23999786376953,106.76000213623047,107.22000122070312,96.91876983642578,20154900
2024-06-04,107.5199966430664,107.80000305175781,107.3499984741211,107.63999938964844,97.29843139648438,24545200
2024-06-05,107.81999969482422,108.02999877929688,107.43000030517578,108.0,97.62384796142578,26584700
2024-06-06,107.83000183105469,108.02999877929688,107.79000091552734,107.93000030517578,97.560546875,22687100
2024-06-07,107.02999877929688,107.19999694824219,106.87000274658203,106.95999908447266,96.68374633789062,26228700
2024-06-10,106.75,106.83999633789062,106.6500015258789,106.73999786376953,96.4848861694336,19415700
2024-06-11,106.80000305175781,107.2699966430664,106.7300033569336,107.19999694824219,96.90068054199219,19042600
2024-06-12,108.27999877929688,108.55999755859375,107.81999969482422,107.86000061035156,97.49726104736328,27209400
2024-06-13,108.3499984741211,108.55000305175781,108.05999755859375,108.37000274658203,97.9582748413086,26782700
2024-06-14,108.43000030517578,108.58000183105469,108.25,108.45999908447266,98.0396499633789,28561900
2024-06-17,107.81999969482422,108.01000213623047,107.7300033569336,107.94999694824219,97.57862091064453,24678700
2024-06-18,108.18000030517578,108.55000305175781,108.13999938964844,108.44999694824219,98.03058624267578,25576600
2024-06-20,107.83999633789062,108.11000061035156,107.77999877929688,108.08999633789062,97.7052001953125,21206300
2024-06-21,108.19000244140625,108.3499984741211,107.86000061035156,108.12000274658203,97.7323226928711,21091200
2024-06-24,108.2300033569336,108.41999816894531,108.16999816894531,108.2300033569336,97.83173370361328,18597600
2024-06-25,108.1500015258789,108.29000091552734,108.0199966430664,108.19000244140625,97.79557037353516,16251600
2024-06-26,107.5,107.69999694824219,107.38999938964844,107.5999984741211,97.26225280761719,26381300
2024-06-27,107.93000030517578,107.9800033569336,107.77999877929688,107.80999755859375,97.45204162597656,19939400
2024-06-28,108.08000183105469,108.11000061035156,107.08999633789062,107.12000274658203,96.82838439941406,27395800
2024-07-01,106.33999633789062,106.69999694824219,106.05000305175781,106.11000061035156,96.25325775146484,22429100
2024-07-02,106.6500015258789,106.81999969482422,106.41000366210938,106.79000091552734,96.87008666992188,19845700
2024-07-03,107.1500015258789,107.58000183105469,107.04000091552734,107.58000183105469,97.58671569824219,14318900
2024-07-05,107.98999786376953,108.19999694824219,107.69999694824219,108.13999938964844,98.09468078613281,18800300
2024-07-08,108.22000122070312,108.30999755859375,107.9800033569336,108.12999725341797,98.08561706542969,18136600
2024-07-09,107.94999694824219,108.12000274658203,107.69000244140625,107.93000030517578,97.90422058105469,20384700
2024-07-10,108.05999755859375,108.20999908447266,107.9000015258789,108.19000244140625,98.1400375366211,17263200
2024-07-11,108.86000061035156,109.0199966430664,108.68000030517578,108.7699966430664,98.66617584228516,31411700
2024-07-12,108.83000183105469,109.16999816894531,108.7300033569336,109.16999816894531,99.02901458740234,20301300
2024-07-15,108.80000305175781,108.95999908447266,108.55000305175781,108.56999969482422,98.48474884033203,18291500
2024-07-16,108.83000183105469,109.22000122070312,108.73999786376953,109.19999694824219,99.05620574951172,20090700
2024-07-17,108.9000015258789,109.30000305175781,108.83999633789062,109.25,99.10157012939453,21313500
2024-07-18,108.98999786376953,109.23999786376953,108.73999786376953,108.77999877929688,98.67523956298828,28091700
2024-07-19,108.56999969482422,108.58000183105469,108.30999755859375,108.37999725341797,98.31238555908203,16576600
2024-07-22,108.72000122070312,108.76000213623047,108.19999694824219,108.31999969482422,98.25797271728516,22556800
2024-07-23,108.45999908447266,108.56999969482422,108.23999786376953,108.23999786376953,98.1854019165039,24425700
2024-07-24,108.37000274658203,108.47000122070312,107.58000183105469,107.58000183105469,97.58671569824219,28026100
2024-07-25,107.79000091552734,108.27999877929688,107.7699966430664,108.01000213623047,97.97675323486328,29760400
2024-07-26,108.61000061035156,108.66000366210938,108.3499984741211,108.61000061035156,98.5210189819336,21119900
2024-07-29,108.93000030517578,108.97000122070312,108.62000274658203,108.83999633789062,98.72967529296875,24734600
2024-07-30,108.91999816894531,108.98999786376953,108.69000244140625,108.93000030517578,98.81131744384766,14952000
2024-07-31,109.38999938964844,109.58999633789062,109.08999633789062,109.55999755859375,99.3827896118164,29226900
2024-08-01,109.55999755859375,109.83999633789062,109.44999694824219,109.52999877929688,99.71232604980469,34564600
2024-08-02,110.11000061035156,110.69000244140625,110.11000061035156,110.5999984741211,100.68640899658203,46697900
2024-08-05,110.55999755859375,110.66000366210938,110.01000213623047,110.31999969482422,100.43155670166016,56991100
2024-08-06,110.19999694824219,110.23999786376953,109.58000183105469,109.5999984741211,99.77605438232422,47432500
2024-08-07,109.54000091552734,109.7699966430664,108.94000244140625,109.0999984741211,99.32089233398438,46819000
2024-08-08,109.04000091552734,109.22000122070312,108.83999633789062,109.1500015258789,99.36640930175781,23536800
2024-08-09,109.88999938964844,109.91999816894531,109.61000061035156,109.70999908447266,99.87621307373047,23199700
2024-08-12,109.66000366210938,110.05999755859375,109.55000305175781,109.94000244140625,100.08558654785156,24281800
2024-08-13,110.45999908447266,110.70999908447266,110.30000305175781,110.70999908447266,100.78656005859375,31245000
2024-08-14,110.83999633789062,111.33999633789062,110.83000183105469,111.19999694824219,101.2326431274414,28985600
2024-08-15,110.51000213623047,111.01000213623047,110.44000244140625,110.86000061035156,100.92312622070312,29546000
2024-08-16,110.9800033569336,111.26000213623047,110.41999816894531,111.19000244140625,101.22354125976562,21411500
2024-08-19,111.16999816894531,111.56999969482422,111.1500015258789,111.44999694824219,101.4602279663086,16004100
2024-08-20,111.63999938964844,111.80000305175781,111.44999694824219,111.73999786376953,101.72423553466797,27114000
2024-08-21,111.83000183105469,112.27999877929688,111.66999816894531,111.98999786376953,101.95185089111328,23819100
2024-08-22,111.73999786376953,111.81999969482422,111.29000091552734,111.52999877929688,101.53307342529297,17926300
2024-08-23,111.8499984741211,112.30000305175781,111.70999908447266,112.16999816894531,102.11569213867188,22650200
2024-08-26,112.4000015258789,112.4000015258789,111.98999786376953,112.02999877929688,101.98825073242188,15312500
2024-08-27,111.58000183105469,111.98999786376953,111.54000091552734,111.94000244140625,101.90631866455078,15922700
2024-08-28,111.87000274658203,111.95999908447266,111.63999938964844,111.70999908447266,101.69694519042969,22104600
2024-08-29,111.48999786376953,111.63999938964844,111.33999633789062,111.5199966430664,101.52397918701172,20079400
2024-08-30,111.66000366210938,111.80999755859375,111.16999816894531,111.20999908447266,101.24176025390625,25275500
2024-09-03,111.29000091552734,111.5199966430664,110.97000122070312,111.13999938964844,101.5478515625,27734500
2024-09-04,111.20999908447266,111.87000274658203,111.19000244140625,111.83000183105469,102.17830657958984,31915900
2024-09-05,112.16000366210938,112.41000366210938,111.73999786376953,112.37999725341797,102.68081665039062,35538500
2024-09-06,112.4000015258789,113.05999755859375,112.12999725341797,112.33000183105469,102.63513946533203,42004600
2024-09-09,112.30999755859375,112.69000244140625,112.18000030517578,112.58000183105469,102.86355590820312,35440300
2024-09-10,112.62999725341797,112.91000366210938,112.51000213623047,112.88999938964844,103.14680480957031,30489500
2024-09-11,112.66000366210938,113.11000061035156,112.56999969482422,112.94000244140625,103.1924819946289,36948000
2024-09-12,112.86000061035156,112.94999694824219,112.55999755859375,112.86000061035156,103.11940002441406,30255700
2024-09-13,113.22000122070312,113.37000274658203,113.0999984741211,113.20999908447266,103.43917846679688,25536600
2024-09-16,113.3499984741211,113.79000091552734,113.22000122070312,113.70999908447266,103.89604187011719,25722000
2024-09-17,113.9000015258789,113.91999816894531,113.54000091552734,113.72000122070312,103.9051742553711,31732800
2024-09-18,113.44000244140625,114.06999969482422,113.22000122070312,113.25,103.47573852539062,35015500
2024-09-19,113.30000305175781,113.55999755859375,113.13999938964844,113.3499984741211,103.56710815429688,31216900
2024-09-20,113.18000030517578,113.5,112.98999786376953,113.44999694824219,103.65848541259766,29958900
2024-09-23,113.0999984741211,113.5199966430664,112.95999908447266,113.29000091552734,103.51229095458984,22919400
2024-09-24,113.0,113.56999969482422,112.9000015258789,113.4800033569336,103.6858901977539,24719900
2024-09-25,113.16000366210938,113.19999694824219,112.77999877929688,112.80999755859375,103.0737075805664,32881300
2024-09-26,113.01000213623047,113.08999633789062,112.5199966430664,112.80999755859375,103.0737075805664,20877100
2024-09-27,113.12999725341797,113.3499984741211,113.05000305175781,113.26000213623047,103.48485565185547,25232000
2024-09-30,113.19999694824219,113.31999969482422,112.83000183105469,112.9800033569336,103.22904205322266,22728400
2024-10-01,113.0999984741211,113.29000091552734,112.87000274658203,113.11000061035156,103.72515106201172,36591300
2024-10-02,112.44000244140625,112.87999725341797,112.38999938964844,112.86000061035156,103.49589538574219,29446700
2024-10-03,112.58000183105469,112.62999725341797,112.12999725341797,112.12999725341797,102.82646942138672,24163200
2024-10-04,111.55000305175781,111.63999938964844,111.38999938964844,111.5199966430664,102.26708221435547,33618100
2024-10-07,111.12000274658203,111.33000183105469,110.87999725341797,110.94999694824219,101.7443618774414,27106300
2024-10-08,110.81999969482422,111.16999816894531,110.66999816894531,111.16999816894531,101.94611358642578,27316000
2024-10-09,110.93000030517578,111.06999969482422,110.75,110.94999694824219,101.7443618774414,29951900
2024-10-10,110.7300033569336,110.88999938964844,110.5,110.83000183105469,101.63432312011719,25932500
2024-10-11,110.66999816894531,111.0199966430664,110.56999969482422,110.80999755859375,101.61598205566406,20079000
2024-10-14,110.5,110.83999633789062,110.37000274658203,110.81999969482422,101.62515258789062,4335400
2024-10-15,111.05000305175781,111.47000122070312,111.05000305175781,111.36000061035156,102.1203384399414,28673200
2024-10-16,111.66999816894531,111.79000091552734,111.48999786376953,111.70999908447266,102.44131469726562,20474300
2024-10-17,111.27999877929688,111.31999969482422,110.83000183105469,110.87999725341797,101.68018341064453,31476700
2024-10-18,111.05999755859375,111.1500015258789,110.7300033569336,110.75,101.56095886230469,27372400
2024-10-21,110.20999908447266,110.27999877929688,109.58000183105469,109.62000274658203,100.52470397949219,28320400
2024-10-22,109.72000122070312,109.73999786376953,109.3499984741211,109.61000061035156,100.51554107666016,26001200
2024-10-23,109.23999786376953,109.45999908447266,109.08000183105469,109.23999786376953,100.17623138427734,25425800
2024-10-24,109.41000366210938,109.7699966430664,109.2699966430664,109.56999969482422,100.47885131835938,21021100
2024-10-25,109.87999725341797,109.94000244140625,109.25,109.30999755859375,100.24044799804688,16040900
2024-10-28,109.43000030517578,109.48999786376953,108.97000122070312,109.22000122070312,100.15789794921875,20935200
2024-10-29,108.73999786376953,109.37999725341797,108.66000366210938,109.3499984741211,100.2771224975586,24075800
2024-10-30,109.68000030517578,109.94999694824219,109.16000366210938,109.20999908447266,100.14875793457031,25259100
2024-10-31,109.02999877929688,109.31999969482422,108.72000122070312,108.98999786376953,99.9469985961914,29424400
2024-11-01,108.9000015258789,109.06999969482422,107.95999908447266,108.01000213623047,99.39942169189453,25142200
2024-11-04,108.9000015258789,109.08000183105469,108.5199966430664,108.80999755859375,100.13563537597656,24713500
2024-11-05,108.76000213623047,109.3499984741211,108.5,109.33000183105469,100.61419677734375,23732500
2024-11-06,108.06999969482422,108.6500015258789,107.91000366210938,108.19000244140625,99.5650634765625,38097900
2024-11-07,108.83000183105469,109.58999633789062,108.72000122070312,109.47000122070312,100.7430191040039,24596700
2024-11-08,109.70999908447266,110.08000183105469,109.58999633789062,109.8499984741211,101.09273529052734,21113600
2024-11-11,109.6500015258789,109.7300033569336,109.45999908447266,109.63999938964844,100.89947509765625,7971100
2024-11-12,109.16999816894531,109.4000015258789,108.55999755859375,108.6500015258789,99.98841094970703,36203300
2024-11-13,109.23999786376953,109.25,108.16999816894531,108.23999786376953,99.611083984375,22942500
2024-11-14,108.52999877929688,108.72000122070312,108.0999984741211,108.20999908447266,99.5834732055664,26889100
2024-11-15,107.91000366210938,108.5199966430664,107.5999984741211,108.26000213623047,99.62950134277344,27276300
2024-11-18,108.12999725341797,108.63999938964844,108.04000091552734,108.45999908447266,99.81355285644531,19399100
2024-11-19,108.72000122070312,108.91000366210938,108.61000061035156,108.69000244140625,100.02522277832031,21473200
2024-11-20,108.30999755859375,108.5999984741211,108.2699966430664,108.43000030517578,99.78594970703125,24792000
2024-11-21,108.47000122070312,108.75,108.20999908447266,108.30000305175781,99.66629028320312,22507400
2024-11-22,108.4800033569336,108.58999633789062,108.22000122070312,108.4000015258789,99.7583236694336,13813000
2024-11-25,109.55999755859375,109.80999755859375,109.41999816894531,109.75,101.00071716308594,21678000
2024-11-26,109.48999786376953,109.5199966430664,109.11000061035156,109.47000122070312,100.7430191040039,25005000
2024-11-27,109.79000091552734,109.9800033569336,109.55999755859375,109.87000274658203,101.11116027832031,23584000
2024-11-29,110.33999633789062,110.56999969482422,110.29000091552734,110.55000305175781,101.73692321777344,11838900
2024-12-02,110.3499984741211,110.43000030517578,109.80999755859375,110.33999633789062,101.89668273925781,33409400
2024-12-03,110.45999908447266,110.54000091552734,109.88999938964844,109.94999694824219,101.53652954101562,27394800
2024-12-04,109.75,110.58999633789062,109.69999694824219,110.4800033569336,102.02597045898438,22704100
2024-12-05,110.20999908447266,110.54000091552734,110.16999816894531,110.44999694824219,101.998291015625,16792500
2024-12-06,110.91999816894531,110.93000030517578,110.44000244140625,110.69999694824219,102.22914123535156,16668800
2024-12-09,110.54000091552734,110.5999984741211,110.33000183105469,110.41999816894531,101.9705581665039,21149300
2024-12-10,110.16999816894531,110.4000015258789,110.11000061035156,110.25,101.81358337402344,19497500
2024-12-11,110.44999694824219,110.58999633789062,109.93000030517578,109.94999694824219,101.53652954101562,24516500
2024-12-12,109.69000244140625,109.72000122070312,109.25,109.33000183105469,100.96398162841797,24747600
2024-12-13,109.18000030517578,109.19000244140625,108.6500015258789,108.72000122070312,100.40067291259766,13195000
2024-12-16,109.02999877929688,109.05999755859375,108.69999694824219,108.86000061035156,100.52995300292969,18893000
2024-12-17,108.83999633789062,109.0199966430664,108.75,108.87000274658203,100.53919219970703,29945700
2024-12-18,108.36000061035156,108.58999633789062,107.05000305175781,107.13999938964844,99.29270935058594,36753900
2024-12-19,106.86000061035156,107.0,106.33000183105469,106.55999755859375,98.75518035888672,40479900
2024-12-20,107.08999633789062,107.47000122070312,106.80999755859375,106.9800033569336,99.1444091796875,27608300
2024-12-23,107.01000213623047,107.08000183105469,106.55000305175781,106.66999816894531,98.85710906982422,13091800
2024-12-24,106.45999908447266,107.01000213623047,106.41999816894531,107.0,99.1629409790039,6215300
2024-12-26,106.5,107.13999938964844,106.5,107.0999984741211,99.25562286376953,12454800
2024-12-27,106.91000366210938,107.04000091552734,106.61000061035156,106.6500015258789,98.83858489990234,13908400
2024-12-30,107.02999877929688,107.18000030517578,106.97000122070312,107.11000061035156,99.264892578125,9141400
2024-12-31,107.29000091552734,107.38999938964844,106.66999816894531,106.83999633789062,99.0146484375,10768700
2025-01-02,107.12000274658203,107.30999755859375,106.62000274658203,106.8499984741211,99.02395629882812,19098100
2025-01-03,107.0,107.05999755859375,106.54000091552734,106.5999984741211,98.79226684570312,22610500
2025-01-06,106.5199966430664,106.58999633789062,106.2699966430664,106.33000183105469,98.54204559326172,24302200
2025-01-07,106.19000244140625,106.30999755859375,105.66999816894531,105.83999633789062,98.08789825439453,25115700
2025-01-08,105.70999908447266,106.11000061035156,105.62999725341797,106.01000213623047,98.24545288085938,30143800
2025-01-10,105.3499984741211,105.73999786376953,105.22000122070312,105.4000015258789,97.68014526367188,24613500
2025-01-13,105.3499984741211,105.37000274658203,105.02999877929688,105.0999984741211,97.40209197998047,18873300
2025-01-14,105.19999694824219,105.27999877929688,104.94000244140625,105.22000122070312,97.5133285522461,27585200
2025-01-15,106.41999816894531,106.63999938964844,106.22000122070312,106.4800033569336,98.68102264404297,32123600
2025-01-16,106.43000030517578,106.91000366210938,106.20999908447266,106.69000244140625,98.87564086914062,24583300
2025-01-17,106.9800033569336,107.01000213623047,106.70999908447266,106.77999877929688,98.95906066894531,18912000
2025-01-21,107.2300033569336,107.41999816894531,107.12000274658203,107.4000015258789,99.53363800048828,20670600
2025-01-22,107.4000015258789,107.51000213623047,107.05000305175781,107.05999755859375,99.21854400634766,18418900
2025-01-23,106.58999633789062,106.91999816894531,106.56999969482422,106.91000366210938,99.07955169677734,18118300
2025-01-24,106.87000274658203,107.23999786376953,106.76000213623047,107.12000274658203,99.27416229248047,13020200
2025-01-27,107.6500015258789,107.88999938964844,107.51000213623047,107.86000061035156,99.95996856689453,18954300
2025-01-28,107.58000183105469,107.7699966430664,107.4800033569336,107.70999908447266,99.82093811035156,22253100
2025-01-29,107.88999938964844,107.91999816894531,107.2300033569336,107.56999969482422,99.69120788574219,24969100
2025-01-30,107.86000061035156,108.01000213623047,107.66000366210938,107.80999755859375,99.91360473632812,22709300
2025-01-31,107.9000015258789,108.0199966430664,107.23999786376953,107.45999908447266,99.58924102783203,28454600
2025-02-03,107.36000061035156,107.68000030517578,107.0199966430664,107.23999786376953,99.7464599609375,21155000
2025-02-04,106.9800033569336,107.56999969482422,106.94000244140625,107.44999694824219,99.94176483154297,25086200
2025-02-05,108.04000091552734,108.43000030517578,107.7699966430664,108.19999694824219,100.63935852050781,30119200
2025-02-06,108.12999725341797,108.29000091552734,107.88999938964844,108.0,100.45333862304688,22557700
2025-02-07,107.63999938964844,107.72000122070312,107.4000015258789,107.52999877929688,100.01618957519531,23911000
2025-02-10,107.62999725341797,107.8499984741211,107.44999694824219,107.55999755859375,100.0440902709961,15302300
2025-02-11,107.2300033569336,107.4000015258789,107.19999694824219,107.31999969482422,99.82085418701172,19478800
2025-02-12,106.56999969482422,106.87000274658203,106.36000061035156,106.73999786376953,99.2813720703125,31480600
2025-02-13,107.31999969482422,107.76000213623047,107.27999877929688,107.56999969482422,100.05338287353516,20735100
2025-02-14,108.12999725341797,108.3499984741211,107.98999786376953,107.98999786376953,100.44402313232422,14409400
2025-02-18,107.8499984741211,107.95999908447266,107.47000122070312,107.55000305175781,100.03477478027344,17640000
2025-02-19,107.51000213623047,107.7699966430664,107.4000015258789,107.61000061035156,100.09060668945312,26007400
2025-02-20,107.77999877929688,107.94999694824219,107.70999908447266,107.87000274658203,100.33242797851562,23814800
2025-02-21,108.0199966430664,108.58000183105469,107.98999786376953,108.25,100.68586730957031,30130700
2025-02-24,108.30999755859375,108.68000030517578,108.18000030517578,108.52999877929688,100.94629669189453,23399500
2025-02-25,109.20999908447266,109.4000015258789,109.05999755859375,109.36000061035156,101.71829986572266,26835200
2025-02-26,109.4000015258789,109.63999938964844,109.19000244140625,109.58999633789062,101.93223571777344,22983100
2025-02-27,109.27999877929688,109.44999694824219,109.06999969482422,109.12999725341797,101.5043716430664,27258200
2025-02-28,109.51000213623047,109.66000366210938,109.1500015258789,109.61000061035156,101.95082092285156,29596100
2025-03-03,108.94000244140625,109.54000091552734,108.87000274658203,109.54000091552734,102.27294921875,42545300
2025-03-04,109.36000061035156,109.55000305175781,109.05000305175781,109.18000030517578,101.93682861328125,46053300
2025-03-05,109.33000183105469,109.44999694824219,108.7300033569336,108.83000183105469,101.61005401611328,45483500
2025-03-06,108.69000244140625,108.83999633789062,108.29000091552734,108.48999786376953,101.29261016845703,40519900
2025-03-07,109.02999877929688,109.02999877929688,108.19999694824219,108.31999969482422,101.13390350341797,30747100
2025-03-10,108.81999969482422,109.05999755859375,108.55000305175781,108.69000244140625,101.47933959960938,34294800
2025-03-11,108.61000061035156,108.68000030517578,107.94999694824219,107.9800033569336,100.81645965576172,42262600
2025-03-12,108.02999877929688,108.05999755859375,107.62000274658203,107.66000366210938,100.51766967773438,35875600
2025-03-13,107.29000091552734,108.02999877929688,107.18000030517578,108.0,100.83512115478516,43907900
2025-03-14,108.0,108.20999908447266,107.87000274658203,107.94999694824219,100.78841400146484,31358100
2025-03-17,108.3499984741211,108.55999755859375,108.12000274658203,108.16999816894531,100.99385070800781,17561400
2025-03-18,108.13999938964844,108.66000366210938,108.0199966430664,108.43000030517578,101.23658752441406,27948100
2025-03-19,108.44999694824219,109.18000030517578,108.27999877929688,109.06999969482422,101.83413696289062,27469800
2025-03-20,109.63999938964844,109.6500015258789,108.9000015258789,108.91000366210938,101.68475341796875,26937300
2025-03-21,108.9800033569336,109.0999984741211,108.69000244140625,108.76000213623047,101.54469299316406,26447400
2025-03-24,108.63999938964844,108.63999938964844,108.20999908447266,108.29000091552734,101.10587310791016,25243300
2025-03-25,108.29000091552734,108.62000274658203,108.19000244140625,108.4000015258789,101.20857238769531,22744000
2025-03-26,108.22000122070312,108.22000122070312,107.91000366210938,107.95999908447266,100.79776763916016,17115600
2025-03-27,107.7699966430664,107.87000274658203,107.63999938964844,107.83000183105469,100.67640686035156,22028900
2025-03-28,108.30000305175781,108.52999877929688,108.1500015258789,108.4800033569336,101.28327178955078,27257000
2025-03-31,108.75,108.81999969482422,108.30000305175781,108.69000244140625,101.47933959960938,29834300
2025-04-01,108.52999877929688,108.9000015258789,108.4800033569336,108.66000366210938,101.84207916259766,22059200
2025-04-02,109.01000213623047,109.01000213623047,108.3499984741211,108.91000366210938,102.07637786865234,24769000
2025-04-03,109.11000061035156,109.54000091552734,108.75,108.9000015258789,102.06700134277344,41675700
2025-04-04,109.12999725341797,109.47000122070312,108.5,108.77999877929688,101.95452117919922,60793800
2025-04-07,107.7699966430664,108.2699966430664,106.36000061035156,106.66000366210938,99.96755981445312,62583200
2025-04-08,106.83999633789062,106.91000366210938,104.97000122070312,105.30999755859375,98.70223999023438,56747700
2025-04-09,104.08999633789062,107.11000061035156,103.7699966430664,107.06999969482422,100.35181427001953,77380700
2025-04-10,105.95999908447266,106.3499984741211,105.05999755859375,105.25,98.6460189819336,55825000
2025-04-11,104.52999877929688,105.43000030517578,103.44999694824219,105.2300033569336,98.62727355957031,41686900
2025-04-14,105.98999786376953,106.08999633789062,105.4800033569336,105.87999725341797,99.23649597167969,28111900
2025-04-15,105.93000030517578,106.61000061035156,105.87999725341797,106.44999694824219,99.77072143554688,20502600
2025-04-16,106.55000305175781,106.91000366210938,106.27999877929688,106.9000015258789,100.19249725341797,24639800
2025-04-17,106.91000366210938,107.0,106.56999969482422,106.75,100.05191040039062,11483700
2025-04-21,106.20999908447266,106.37999725341797,105.51000213623047,105.5999984741211,98.97405242919922,23506700
2025-04-22,106.18000030517578,106.2300033569336,105.81999969482422,105.86000061035156,99.21775817871094,20939300
2025-04-23,107.55000305175781,107.66999816894531,106.30999755859375,106.33000183105469,99.65826416015625,31155900
2025-04-24,107.05999755859375,107.4800033569336,106.87000274658203,107.41999816894531,100.67985534667969,23838700
2025-04-25,107.83000183105469,108.04000091552734,107.6500015258789,107.98999786376953,101.21408081054688,14575300
2025-04-28,107.88999938964844,108.3499984741211,107.87999725341797,108.23999786376953,101.44840240478516,18297900
2025-04-29,108.05999755859375,108.5,108.05000305175781,108.48999786376953,101.68272399902344,19346200
2025-04-30,108.12999725341797,108.29000091552734,107.80999755859375,107.9800033569336,101.2047348022461,35129300
2025-05-01,107.76000213623047,107.76000213623047,107.08999633789062,107.16999816894531,100.84900665283203,28056300
2025-05-02,106.83999633789062,107.04000091552734,106.69999694824219,106.91000366210938,100.60435485839844,20302100
2025-05-05,106.63999938964844,106.80999755859375,106.30000305175781,106.76000213623047,100.46319580078125,20005800
2025-05-06,106.45999908447266,106.9800033569336,106.37000274658203,106.97000122070312,100.66080474853516,29906500
2025-05-07,107.19000244140625,107.30000305175781,107.0,107.19000244140625,100.86785125732422,19892000
2025-05-08,107.3499984741211,107.43000030517578,106.6500015258789,106.6500015258789,100.35968780517578,25149700
2025-05-09,106.93000030517578,107.02999877929688,106.58000183105469,106.61000061035156,100.32205200195312,18254700
2025-05-12,106.58999633789062,106.83000183105469,106.48999786376953,106.58999633789062,100.30322265625,28270900
2025-05-13,106.69000244140625,106.81999969482422,106.47000122070312,106.68000030517578,100.38790130615234,32005700
2025-05-14,106.58000183105469,106.70999908447266,106.0999984741211,106.13999938964844,99.87976837158203,25340600
2025-05-15,106.38999938964844,106.95999908447266,106.31999969482422,106.9000015258789,100.59494018554688,30008300
2025-05-16,107.38999938964844,107.4000015258789,106.94999694824219,107.0999984741211,100.78314971923828,21888400
2025-05-19,106.16000366210938,107.16999816894531,106.05999755859375,107.11000061035156,100.79256439208984,33615600
2025-05-20,106.80000305175781,106.9800033569336,106.61000061035156,106.8499984741211,100.54788970947266,23036200
2025-05-21,106.36000061035156,106.54000091552734,105.56999969482422,105.66000366210938,99.4280776977539,35452800
2025-05-22,105.54000091552734,106.25,105.38999938964844,106.19999694824219,99.93623352050781,34010700
2025-05-23,106.41000366210938,106.56999969482422,106.08999633789062,106.27999877929688,100.01152038574219,21447200
2025-05-27,106.91999816894531,107.33000183105469,106.5199966430664,107.23999786376953,100.91488647460938,29208400
2025-05-28,107.02999877929688,107.0999984741211,106.66999816894531,106.9800033569336,100.67022705078125,29079800
2025-05-29,107.33000183105469,107.55999755859375,107.19999694824219,107.45999908447266,101.12189483642578,31012800
2025-05-30,107.44999694824219,107.7699966430664,107.3499984741211,107.7699966430664,101.41363525390625,29890800
2025-06-02,106.98999786376953,107.08000183105469,106.69000244140625,107.06999969482422,101.12650299072266,24225900
2025-06-03,107.23999786376953,107.41000366210938,106.98999786376953,107.12000274658203,101.17373657226562,24080000
2025-06-04,107.62999725341797,108.05000305175781,107.5199966430664,107.9000015258789,101.91044616699219,28006400
2025-06-05,107.94000244140625,107.98999786376953,107.51000213623047,107.56999969482422,101.59874725341797,29760700
2025-06-06,107.22000122070312,107.3499984741211,106.91000366210938,106.91999816894531,100.98482513427734,31093100
2025-06-09,106.98999786376953,107.37999725341797,106.94000244140625,107.23999786376953,101.28705596923828,18850000
2025-06-10,107.6500015258789,107.69000244140625,107.26000213623047,107.5,101.53263854980469,20359000
2025-06-11,107.68000030517578,107.97000122070312,107.55999755859375,107.83999633789062,101.853759765625,20584700
2025-06-12,108.2300033569336,108.44000244140625,108.08000183105469,108.44000244140625,102.42046356201172,26497300
2025-06-13,108.12000274658203,108.19000244140625,107.5,107.79000091552734,101.80653381347656,34794500
2025-06-16,107.80000305175781,108.12000274658203,107.58000183105469,107.5999984741211,101.6270980834961,21286000
2025-06-17,107.87999725341797,108.04000091552734,107.6500015258789,107.97000122070312,101.97654724121094,27241300
2025-06-18,108.22000122070312,108.41999816894531,107.8499984741211,108.05000305175781,102.0521240234375,29762000
2025-06-20,107.86000061035156,108.30999755859375,107.72000122070312,108.13999938964844,102.13710021972656,20437500
2025-06-23,108.38999938964844,108.69999694824219,108.30999755859375,108.41000366210938,102.39212036132812,34072400
2025-06-24,108.27999877929688,109.0199966430664,108.2699966430664,108.91999816894531,102.87381744384766,38185300
2025-06-25,108.70999908447266,108.8499984741211,108.52999877929688,108.79000091552734,102.75102233886719,30675200
2025-06-26,108.91000366210938,109.19999694824219,108.69000244140625,109.19000244140625,103.12882232666016,31026000
2025-06-27,109.0,109.4000015258789,108.87999725341797,109.01000213623047,102.95881652832031,24704800
2025-06-30,109.37000274658203,109.72000122070312,109.23999786376953,109.61000061035156,103.5255126953125,40575000
2025-07-01,109.26000213623047,109.41000366210938,109.02999877929688,109.33999633789062,103.65064239501953,28691300
2025-07-02,108.9800033569336,109.31999969482422,108.9000015258789,109.31999969482422,103.63167572021484,24284500
2025-07-03,109.1500015258789,109.27999877929688,108.9800033569336,109.05999755859375,103.38520812988281,17340500
2025-07-07,108.86000061035156,108.86000061035156,108.29000091552734,108.41000366210938,102.76904296875,18303300
2025-07-08,108.16000366210938,108.19000244140625,108.01000213623047,108.0999984741211,102.47516632080078,29374900
2025-07-09,108.3499984741211,108.73999786376953,108.25,108.72000122070312,103.0628890991211,33182900
2025-07-10,108.68000030517578,108.83999633789062,108.47000122070312,108.73999786376953,103.08185577392578,29758900
2025-07-11,108.26000213623047,108.29000091552734,108.0,108.08000183105469,102.4561996459961,23776000
2025-07-14,108.0199966430664,108.19000244140625,107.86000061035156,108.05000305175781,102.42776489257812,18216500
2025-07-15,108.27999877929688,108.27999877929688,107.62000274658203,107.66000366210938,102.05805969238281,31329400
2025-07-16,107.91000366210938,108.0999984741211,107.33999633789062,107.83000183105469,102.2192153930664,41794100
2025-07-17,108.04000091552734,108.20999908447266,107.94999694824219,108.08999633789062,102.46568298339844,19396900
2025-07-18,108.38999938964844,108.43000030517578,108.16000366210938,108.29000091552734,102.6552734375,17446200
2025-07-21,108.86000061035156,108.98999786376953,108.68000030517578,108.70999908447266,103.05342102050781,17147100
2025-07-22,108.76000213623047,109.02999877929688,108.72000122070312,108.97000122070312,103.29988861083984,19568700
2025-07-23,108.76000213623047,108.87999725341797,108.6500015258789,108.80000305175781,103.13873291015625,20810400
2025-07-24,108.44000244140625,108.86000061035156,108.41999816894531,108.63999938964844,102.98706817626953,23064800
2025-07-25,108.69000244140625,109.04000091552734,108.5999984741211,108.98999786376953,103.31884765625,26008500
2025-07-28,108.86000061035156,108.94000244140625,108.7300033569336,108.7699966430664,103.11029815673828,21887900
2025-07-29,108.94999694824219,109.5,108.93000030517578,109.48999786376953,103.79283142089844,26131300
2025-07-30,109.08999633789062,109.44999694824219,108.9800033569336,109.08000183105469,103.40418243408203,23313300
2025-07-31,109.41000366210938,109.5,109.08999633789062,109.11000061035156,103.43260192871094,31745000
2025-08-01,109.31999969482422,109.69999694824219,109.12000274658203,109.62999725341797,104.35015869140625,46073800
2025-08-04,109.77999877929688,109.88999938964844,109.58000183105469,109.81999969482422,104.53102111816406,31779600
2025-08-05,109.62999725341797,109.93000030517578,109.61000061035156,109.9000015258789,104.60718536376953,25922900
2025-08-06,109.6500015258789,109.91999816894531,109.2300033569336,109.87000274658203,104.57861328125,31825300
2025-08-07,109.91000366210938,110.08000183105469,109.69000244140625,109.76000213623047,104.47391510009766,29018100
2025-08-08,109.63999938964844,109.63999938964844,109.38999938964844,109.41000366210938,104.1407699584961,16946300
2025-08-11,109.56999969482422,109.72000122070312,109.44999694824219,109.58000183105469,104.30259704589844,24444300
2025-08-12,109.38999938964844,109.69999694824219,109.2699966430664,109.68000030517578,104.39776611328125,26380500
2025-08-13,110.05999755859375,110.31999969482422,110.05000305175781,110.26000213623047,104.94983673095703,27701400
2025-08-14,110.0,110.05999755859375,109.75,109.87999725341797,104.58814239501953,18817700
2025-08-15,109.83999633789062,109.93000030517578,109.62999725341797,109.73999786376953,104.45487976074219,20932000
2025-08-18,109.81999969482422,109.83999633789062,109.44000244140625,109.54000091552734,104.26451110839844,19579900
2025-08-19,109.68000030517578,109.77999877929688,109.61000061035156,109.70999908447266,104.42633819580078,26744200
2025-08-20,109.66999816894531,109.87000274658203,109.58999633789062,109.76000213623047,104.47391510009766,25054700
2025-08-21,109.55999755859375,109.56999969482422,109.19000244140625,109.33999633789062,104.07414245605469,25157900
2025-08-22,109.6500015258789,110.30999755859375,109.55999755859375,110.19999694824219,104.8927230834961,34562900
2025-08-25,109.97000122070312,110.13999938964844,109.87999725341797,109.91000366210938,104.61669158935547,18983100
2025-08-26,109.88999938964844,110.01000213623047,109.66000366210938,109.98999786376953,104.69283294677734,23246400
2025-08-27,109.68000030517578,110.05999755859375,109.58999633789062,110.02999877929688,104.73091125488281,25171700
2025-08-28,110.08000183105469,110.30999755859375,110.0,110.19999694824219,104.8927230834961,26892700
2025-08-29,109.98999786376953,110.01000213623047,109.75,109.80000305175781,104.51197814941406,32201100
2025-09-02,108.87999725341797,109.08999633789062,108.80999755859375,109.05000305175781,104.16240692138672,31044800
2025-09-03,109.26000213623047,109.83000183105469,109.23999786376953,109.69999694824219,104.78324890136719,34520600
2025-09-04,110.08000183105469,110.45999908447266,109.97000122070312,110.44999694824219,105.49964141845703,43026600
2025-09-05,111.20999908447266,111.30999755859375,111.05999755859375,111.16999816894531,106.18737030029297,36249000
2025-09-08,111.51000213623047,111.62999725341797,111.41999816894531,111.55999755859375,106.55989074707031,28998000
2025-09-09,111.44000244140625,111.55000305175781,111.12000274658203,111.36000061035156,106.36886596679688,24412500
2025-09-10,111.58000183105469,111.98999786376953,111.55000305175781,111.69000244140625,106.6840591430664,30188100
2025-09-11,111.88999938964844,112.33000183105469,111.87000274658203,112.20999908447266,107.18075561523438,28405600
2025-09-12,111.97000122070312,112.04000091552734,111.70999908447266,112.01000213623047,106.98973083496094,26728500
2025-09-15,112.2300033569336,112.41999816894531,112.2300033569336,112.36000061035156,107.32405090332031,21863600
2025-09-16,112.29000091552734,112.4000015258789,112.16000366210938,112.26000213623047,107.22852325439453,28232600
2025-09-17,112.45999908447266,112.63999938964844,111.81999969482422,112.05999755859375,107.03749084472656,34969800
2025-09-18,111.72000122070312,111.87999725341797,111.5199966430664,111.83000183105469,106.81780242919922,37159300
2025-09-19,111.73999786376953,111.83999633789062,111.55999755859375,111.73999786376953,106.73181915283203,26845400
2025-09-22,111.63999938964844,111.69999694824219,111.43000030517578,111.48999786376953,106.4930191040039,25908600
2025-09-23,111.6500015258789,111.75,111.48999786376953,111.70999908447266,106.70317077636719,31575400
2025-09-24,111.48999786376953,111.5199966430664,111.16999816894531,111.26000213623047,106.27335357666016,34756700
2025-09-25,111.0,111.08000183105469,110.68000030517578,111.05999755859375,106.08231353759766,36991200
2025-09-26,111.1500015258789,111.38999938964844,110.98999786376953,111.20999908447266,106.22557830810547,31962100
2025-09-29,111.45999908447266,111.69999694824219,111.41999816894531,111.58000183105469,106.57899475097656,31961900
2025-09-30,111.6500015258789,111.86000061035156,111.37999725341797,111.47000122070312,106.47392272949219,34939700
2025-10-01,111.44000244140625,111.51000213623047,111.2300033569336,111.51000213623047,106.9015121459961,30262700
2025-10-02,111.48999786376953,111.7300033569336,111.41000366210938,111.69000244140625,107.07405853271484,18259400
2025-10-03,111.69000244140625,111.7699966430664,111.4800033569336,111.55000305175781,106.93984985351562,19971200
2025-10-06,111.23999786376953,111.47000122070312,111.16000366210938,111.19000244140625,106.59473419189453,19553600
2025-10-07,111.33999633789062,111.48999786376953,111.16999816894531,111.4000015258789,106.7960433959961,29459500
2025-10-08,111.61000061035156,111.62000274658203,111.25,111.26000213623047,106.66183471679688,22462100
2025-10-09,111.16999816894531,111.20999908447266,110.94999694824219,111.04000091552734,106.450927734375,29660700
2025-10-10,111.4800033569336,111.55000305175781,111.27999877929688,111.3499984741211,106.74810791015625,39146400
2025-10-13,111.4000015258789,111.80000305175781,111.33000183105469,111.7300033569336,107.11241149902344,11235900
2025-10-14,111.5199966430664,112.12999725341797,111.4800033569336,112.0999984741211,107.46711730957031,43975300
2025-10-15,112.26000213623047,112.5,111.91000366210938,112.0999984741211,107.46711730957031,45017200
2025-10-16,112.05000305175781,112.44000244140625,111.9800033569336,112.41999816894531,107.77388000488281,39858400
2025-10-17,112.29000091552734,112.31999969482422,112.11000061035156,112.19999694824219,107.56298065185547,35433500
2025-10-20,112.45999908447266,112.55999755859375,112.41999816894531,112.54000091552734,107.88893127441406,26361100
2025-10-21,112.81999969482422,112.88999938964844,112.55000305175781,112.55999755859375,107.9081039428711,27353800
2025-10-22,112.55000305175781,112.68000030517578,112.41000366210938,112.66999816894531,108.01355743408203,41003600
2025-10-23,112.5199966430664,112.69000244140625,112.45999908447266,112.52999877929688,107.87934112548828,27558500
2025-10-24,112.77999877929688,112.79000091552734,112.55000305175781,112.72000122070312,108.06148529052734,29474600
2025-10-27,112.70999908447266,112.93000030517578,112.55000305175781,112.91000366210938,108.24363708496094,23513400
2025-10-28,112.8499984741211,112.93000030517578,112.69999694824219,112.91999816894531,108.25323486328125,34236300
2025-10-29,112.86000061035156,112.88999938964844,112.19000244140625,112.27999877929688,107.6396713256836,36236000
2025-10-30,111.62000274658203,112.01000213623047,111.5199966430664,111.68000030517578,107.0644760131836,46045200
2025-10-31,111.77999877929688,111.77999877929688,111.19000244140625,111.2300033569336,106.6330795288086,57255300
2025-11-03,110.58999633789062,110.62000274658203,110.4000015258789,110.52999877929688,106.34634399414062,53372100
2025-11-04,110.45999908447266,110.95999908447266,110.44999694824219,110.68000030517578,106.49066162109375,62636700
2025-11-05,110.6500015258789,110.72000122070312,110.33000183105469,110.3499984741211,106.17316436767578,43258300
2025-11-06,110.80000305175781,110.93000030517578,110.7300033569336,110.93000030517578,106.73120880126953,37814800
2025-11-07,110.6500015258789,110.83999633789062,110.58999633789062,110.70999908447266,106.51953887939453,42671600
2025-11-10,110.7699966430664,110.9000015258789,110.70999908447266,110.7699966430664,106.57726287841797,45229000
2025-11-11,111.05000305175781,111.29000091552734,110.9800033569336,111.20999908447266,107.00062561035156,11282600
2025-11-12,111.13999938964844,111.19000244140625,111.0,111.0999984741211,106.89476776123047,39067900
2025-11-13,110.79000091552734,110.91000366210938,110.55000305175781,110.55000305175781,106.3656005859375,34125900
2025-11-14,110.63999938964844,110.7300033569336,110.23999786376953,110.25,106.07695007324219,31437600
2025-11-17,110.30999755859375,110.58000183105469,110.25,110.31999969482422,106.14427947998047,34343300
2025-11-18,110.51000213623047,110.58000183105469,110.26000213623047,110.37000274658203,106.1924057006836,30566000
2025-11-19,110.5999984741211,110.66999816894531,110.31999969482422,110.37999725341797,106.20203399658203,29144800
2025-11-20,110.66999816894531,110.80999755859375,110.43000030517578,110.52999877929688,106.34634399414062,49362200
2025-11-21,110.9000015258789,110.95999908447266,110.61000061035156,110.91999816894531,106.7215805053711,41000500
2025-11-24,111.18000030517578,111.36000061035156,111.08999633789062,111.36000061035156,107.14494323730469,28437900
2025-11-25,111.43000030517578,111.9000015258789,111.4000015258789,111.66999816894531,107.44319915771484,47560900
2025-11-26,111.66999816894531,112.05999755859375,111.54000091552734,112.05000305175781,107.80883026123047,24585400
2025-11-28,111.9800033569336,112.0199966430664,111.68000030517578,111.86000061035156,107.62600708007812,25471200
2025-12-01,110.7699966430664,110.88999938964844,110.66000366210938,110.8499984741211,107.04946899414062,24610100
2025-12-02,110.83999633789062,111.05000305175781,110.75,110.91999816894531,107.11707305908203,34955000
2025-12-03,111.0,111.2699966430664,110.94999694824219,111.16999816894531,107.35850524902344,20997800
2025-12-04,111.04000091552734,111.05999755859375,110.86000061035156,110.97000122070312,107.16536712646484,29846500
2025-12-05,111.0199966430664,111.02999877929688,110.69999694824219,110.86000061035156,107.05912780761719,25470000
2025-12-08,110.87999725341797,110.88999938964844,110.41000366210938,110.62999725341797,106.83702087402344,28815200
2025-12-09,110.86000061035156,110.87999725341797,110.4000015258789,110.48999786376953,106.70181274414062,29239900
2025-12-10,110.45999908447266,111.05999755859375,110.43000030517578,111.0,107.1943359375,34019300
2025-12-11,111.19000244140625,111.30999755859375,110.79000091552734,110.83999633789062,107.03980255126953,41927200
2025-12-12,110.30000305175781,110.41000366210938,110.0999984741211,110.16999816894531,106.3927993774414,39040100
2025-12-15,110.52999877929688,110.61000061035156,110.22000122070312,110.30000305175781,106.51832580566406,22151200
2025-12-16,110.18000030517578,110.58999633789062,110.12000274658203,110.55000305175781,106.759765625,31692600
2025-12-17,110.43000030517578,110.58000183105469,110.3499984741211,110.43000030517578,106.64385986328125,22248000
2025-12-18,110.8499984741211,110.94000244140625,110.63999938964844,110.8499984741211,107.04946899414062,31844300
2025-12-19,110.27999877929688,110.33999633789062,110.0999984741211,110.12999725341797,106.77413177490234,28594900
2025-12-22,110.18000030517578,110.20999908447266,110.01000213623047,110.11000061035156,106.75473022460938,17335000
2025-12-23,109.91000366210938,110.2699966430664,109.8499984741211,110.22000122070312,106.86137390136719,16137300
2025-12-24,110.43000030517578,110.6500015258789,110.33999633789062,110.6500015258789,107.27828979492188,6400600
2025-12-26,110.75,110.80000305175781,110.47000122070312,110.63999938964844,107.26859283447266,10589300
2025-12-29,110.69000244140625,110.79000091552734,110.58999633789062,110.79000091552734,107.41401672363281,18943900
2025-12-30,110.56999969482422,110.76000213623047,110.4800033569336,110.66000366210938,107.28797912597656,21486400
2025-12-31,110.52999877929688,110.62999725341797,110.19000244140625,110.19000244140625,106.8322982788086,19124600
2026-01-02,110.31999969482422,110.4000015258789,110.04000091552734,110.16000366210938,106.80320739746094,25676200
2026-01-05,110.30000305175781,110.51000213623047,110.16999816894531,110.47000122070312,107.103759765625,27771000
2026-01-06,110.30999755859375,110.4800033569336,110.12999725341797,110.47000122070312,107.103759765625,31037300
2026-01-07,110.75,110.80000305175781,110.52999877929688,110.55000305175781,107.18132781982422,28107400
2026-01-08,110.19999694824219,110.38999938964844,110.19000244140625,110.23999786376953,106.88076782226562,26395600
2026-01-09,110.31999969482422,110.68000030517578,110.22000122070312,110.63999938964844,107.26859283447266,29660300
2026-01-12,110.37000274658203,110.6500015258789,110.31999969482422,110.51000213623047,107.14254760742188,28990100
2026-01-13,110.70999908447266,110.79000091552734,110.52999877929688,110.75,107.37523651123047,31139200
2026-01-14,110.80000305175781,111.04000091552734,110.7699966430664,111.02999877929688,107.64669036865234,27251900
2026-01-15,111.18000030517578,111.19999694824219,110.83999633789062,110.88999938964844,107.5109634399414,34534800
2026-01-16,110.81999969482422,110.87000274658203,110.55000305175781,110.56999969482422,107.20071411132812,38762100
2026-01-20,109.8499984741211,110.1500015258789,109.80999755859375,109.9000015258789,106.55113983154297,43500200
2026-01-21,110.12999725341797,110.66000366210938,110.02999877929688,110.55999755859375,107.19102478027344,38616500
2026-01-22,110.58000183105469,110.87000274658203,110.4800033569336,110.7699966430664,107.39461517333984,36342900
2026-01-23,110.76000213623047,110.86000061035156,110.51000213623047,110.83999633789062,107.46247100830078,30615300
2026-01-26,111.05000305175781,111.12000274658203,110.88999938964844,110.93000030517578,107.54975128173828,23629800
2026-01-27,110.83999633789062,111.0,110.73999786376953,110.80999755859375,107.43340301513672,27166000
2026-01-28,110.70999908447266,110.73999786376953,110.45999908447266,110.6500015258789,107.27828979492188,31045900
2026-01-29,110.43000030517578,110.70999908447266,110.31999969482422,110.68000030517578,107.307373046875,45815500
2026-01-30,110.5999984741211,110.73999786376953,110.5199966430664,110.56999969482422,107.20071411132812,39631400
2026-02-02,110.1500015258789,110.31999969482422,110.02999877929688,110.05999755859375,107.1014633178711,35480300
2026-02-03,110.04000091552734,110.13999938964844,109.9000015258789,110.11000061035156,107.15010833740234,32761700
2026-02-04,109.97000122070312,110.05000305175781,109.83000183105469,109.97000122070312,107.01387786865234,31344400
2026-02-05,110.19000244140625,110.54000091552734,110.12000274658203,110.5,107.52962493896484,23929700
2026-02-06,110.47000122070312,110.5999984741211,110.30999755859375,110.55999755859375,107.58802032470703,29022200
2026-02-09,110.37000274658203,110.61000061035156,110.29000091552734,110.55999755859375,107.58802032470703,27356900
2026-02-10,110.9000015258789,111.04000091552734,110.7699966430664,110.81999969482422,107.84102630615234,34509800
2026-02-11,110.62999725341797,110.91000366210938,110.5999984741211,110.69999694824219,107.7242431640625,29955300
2026-02-12,110.98999786376953,111.29000091552734,110.97000122070312,111.22000122070312,108.23027801513672,39724200
2026-02-13,111.55000305175781,111.5999984741211,111.41999816894531,111.58999633789062,108.59032440185547,33609900
2026-02-17,111.56999969482422,111.73999786376953,111.48999786376953,111.69999694824219,108.69737243652344,33132600
2026-02-18,111.56999969482422,111.7300033569336,111.51000213623047,111.58999633789062,108.59032440185547,40087000
2026-02-19,111.41000366210938,111.68000030517578,111.4000015258789,111.68000030517578,108.67790985107422,30394400
2026-02-20,111.62000274658203,111.69000244140625,111.4000015258789,111.58999633789062,108.59032440185547,44837400
2026-02-23,111.62000274658203,111.83000183105469,111.58000183105469,111.70999908447266,108.70709991455078,33323600
2026-02-24,111.62999725341797,111.73999786376953,111.47000122070312,111.68000030517578,108.67790985107422,37797100
2026-02-25,111.5999984741211,111.7699966430664,111.56999969482422,111.6500015258789,108.64871215820312,33682200
2026-02-26,111.63999938964844,111.73999786376953,111.54000091552734,111.72000122070312,108.71683502197266,33031800
2026-02-27,111.69999694824219,111.93000030517578,111.66000366210938,111.68000030517578,108.67790985107422,48343700
2026-03-02,110.83999633789062,110.9800033569336,110.68000030517578,110.91999816894531,108.3097915649414,54854600
2026-03-03,110.16999816894531,111.12999725341797,110.16999816894531,110.87000274658203,108.2609634399414,78775000
2026-03-04,110.93000030517578,111.16999816894531,110.83000183105469,110.97000122070312,108.35860443115234,49023300
2026-03-05,110.41999816894531,110.5999984741211,110.29000091552734,110.52999877929688,107.92894744873047,47318400
2026-03-06,109.95999908447266,110.5199966430664,109.7699966430664,110.16000366210938,107.56767272949219,58242900
2026-03-09,109.83999633789062,110.87000274658203,109.83999633789062,110.81999969482422,108.2121353149414,44312100
2026-03-10,110.4000015258789,110.69999694824219,110.05000305175781,110.05999755859375,107.47001647949219,71501200
2026-03-11,109.63999938964844,109.76000213623047,109.01000213623047,109.16000366210938,106.59120178222656,66523500
2026-03-12,108.95999908447266,108.9800033569336,108.3499984741211,108.56999969482422,106.01507568359375,72750200
2026-03-13,108.79000091552734,108.98999786376953,108.0199966430664,108.16999816894531,105.6244888305664,54605100
2026-03-16,108.9000015258789,109.02999877929688,108.55999755859375,108.69000244140625,106.13227081298828,65430000
2026-03-17,109.01000213623047,109.33000183105469,108.98999786376953,109.30000305175781,106.72789764404297,53953900
2026-03-18,109.12999725341797,109.31999969482422,108.70999908447266,108.70999908447266,106.15178680419922,60360000
2026-03-19,108.30999755859375,109.3499984741211,108.30999755859375,109.19000244140625,106.62049865722656,60271200
2026-03-20,108.69000244140625,108.80000305175781,107.75,107.8499984741211,105.31202697753906,66608900
2026-03-23,108.19999694824219,108.91000366210938,108.05000305175781,108.55999755859375,106.00531005859375,54512800
2026-03-24,108.06999969482422,108.62999725341797,107.94999694824219,108.33999633789062,105.79048919677734,46515300
2026-03-25,109.0,109.05000305175781,108.69000244140625,108.7300033569336,106.17131805419922,48616300
2026-03-26,108.27999877929688,108.58000183105469,107.83999633789062,107.87999725341797,105.34131622314453,42072700
2026-03-27,107.47000122070312,107.87000274658203,107.36000061035156,107.62000274658203,105.08744812011719,42578500
2026-03-30,108.44000244140625,108.58999633789062,108.19999694824219,108.30999755859375,105.7612075805664,42677000
2026-03-31,108.72000122070312,109.19999694824219,108.5999984741211,108.98999786376953,106.42520141601562,57883800
2026-04-01,108.48999786376953,108.94999694824219,108.48999786376953,108.66000366210938,106.5389404296875,37445300
2026-04-02,108.41000366210938,109.25,108.37000274658203,109.12000274658203,106.98995971679688,27148600
2026-04-06,108.87000274658203,109.26000213623047,108.87000274658203,108.94999694824219,106.82327270507812,29080500
2026-04-07,108.86000061035156,109.1500015258789,108.2699966430664,109.06999969482422,106.94092559814453,41258900
2026-04-08,109.9800033569336,110.0,109.29000091552734,109.48999786376953,107.35272979736328,63694700
2026-04-09,109.30999755859375,109.79000091552734,109.16000366210938,109.48999786376953,107.35272979736328,39122000
2026-04-10,109.47000122070312,109.55000305175781,109.1500015258789,109.19999694824219,107.06838989257812,22857000
2026-04-13,109.13999938964844,109.68000030517578,109.11000061035156,109.62000274658203,107.4802017211914,19904200
2026-04-14,109.72000122070312,110.08000183105469,109.66999816894531,109.9800033569336,107.83316802978516,29507800
2026-04-15,109.8499984741211,109.95999908447266,109.76000213623047,109.94000244140625,107.79396057128906,30074300
2026-04-16,110.01000213623047,110.0199966430664,109.41000366210938,109.43000030517578,107.29389953613281,25833300
2026-04-17,110.12999725341797,110.29000091552734,109.97000122070312,110.04000091552734,107.89199829101562,44767700
2026-04-20,110.04000091552734,110.12000274658203,109.80000305175781,110.02999877929688,107.88218688964844,19935900
2026-04-21,109.94000244140625,110.02999877929688,109.58000183105469,109.61000061035156,107.47038269042969,26008100
2026-04-22,109.95999908447266,110.11000061035156,109.77999877929688,109.81999969482422,107.67628479003906,17815000
2026-04-23,109.80000305175781,109.94999694824219,109.26000213623047,109.5199966430664,107.38214111328125,25668600
2026-04-24,109.5,109.7300033569336,109.31999969482422,109.5999984741211,107.46058654785156,23212600
2026-04-27,109.5199966430664,109.58999633789062,109.19999694824219,109.29000091552734,107.1566390991211,21833200
2026-04-28,109.06999969482422,109.33999633789062,108.94999694824219,109.33999633789062,107.20565032958984,25603500
2026-04-29,109.04000091552734,109.04000091552734,108.56999969482422,108.7300033569336,106.6075668334961,21800900
2026-04-30,108.88999938964844,109.06999969482422,108.73999786376953,108.8499984741211,106.72522735595703,45530700
2026-05-01,108.55000305175781,109.01000213623047,108.45999908447266,108.5999984741211,106.8974838256836,34755500
2026-05-04,108.45999908447266,108.47000122070312,107.91999816894531,108.25,106.55296325683594,21983900
2026-05-05,108.47000122070312,108.79000091552734,108.41000366210938,108.6500015258789,106.94669342041016,33609700
2026-05-06,109.18000030517578,109.31999969482422,109.0999984741211,109.19000244140625,107.47824096679688,28417400
2026-05-07,109.37000274658203,109.38999938964844,108.68000030517578,108.73999786376953,107.03528594970703,24184900
2026-05-08,109.1500015258789,109.29000091552734,109.08999633789062,109.19999694824219,107.48807525634766,17503300
2026-05-11,109.04000091552734,109.18000030517578,108.88999938964844,108.93000030517578,107.2223129272461,23050600
2026-05-12,108.61000061035156,108.66000366210938,108.44999694824219,108.55999755859375,106.85810852050781,26579400
2026-05-13,108.52999877929688,108.62999725341797,108.30000305175781,108.62000274658203,106.91716766357422,19083000
2026-05-14,108.88999938964844,108.94000244140625,108.52999877929688,108.55000305175781,106.8482666015625,18038000
2026-05-15,107.87000274658203,107.94999694824219,107.69000244140625,107.86000061035156,106.16908264160156,49718000
2026-05-18,107.95999908447266,108.11000061035156,107.5,107.66000366210938,105.97222137451172,31145200
2026-05-19,107.22000122070312,107.4000015258789,106.93000030517578,107.12000274658203,105.44068908691406,36965500
2026-05-20,107.16999816894531,108.08000183105469,107.16999816894531,107.94999694824219,106.2576675415039,34281700
2026-05-21,107.6500015258789,108.18000030517578,107.45999908447266,108.16999816894531,106.47421264648438,25440400
2026-05-22,108.52999877929688,108.52999877929688,108.0999984741211,108.37000274658203,106.67108917236328,19668800
2026-05-26,108.97000122070312,109.0,108.68000030517578,108.77999877929688,107.07465362548828,23730300
2026-05-27,108.91000366210938,109.06999969482422,108.81999969482422,108.93000030517578,107.2223129272461,16208400
2026-05-28,108.98999786376953,109.41000366210938,108.87000274658203,109.26000213623047,107.54713439941406,24176800
2026-05-29,109.38999938964844,109.5999984741211,109.29000091552734,109.36000061035156,107.64556121826172,26551200
2026-06-01,108.55999755859375,108.95999908447266,108.43000030517578,108.93000030517578,107.62876892089844,19298000
2026-06-02,109.05999755859375,109.13999938964844,108.88999938964844,108.91999816894531,107.6188735961914,14394700
2026-06-03,108.58999633789062,108.69999694824219,108.47000122070312,108.62000274658203,107.32247161865234,24018700
2026-06-04,108.87999725341797,108.97000122070312,108.80000305175781,108.8499984741211,107.54972076416016,17881600
2026-06-05,108.41000366210938,108.47000122070312,108.13999938964844,108.16999816894531,106.87783813476562,30790300
2026-06-08,108.43000030517578,108.48999786376953,108.02999877929688,108.05999755859375,106.76915740966797,21944000
2026-06-09,108.31999969482422,108.44999694824219,108.05000305175781,108.41000366210938,107.11498260498047,37925400
2026-06-10,108.3499984741211,108.51000213623047,108.08000183105469,108.16000366210938,106.86796569824219,20870100
2026-06-11,108.43000030517578,109.1500015258789,108.25,109.08000183105469,107.7769775390625,34849400
2026-06-12,108.87999725341797,109.06999969482422,108.63999938964844,109.01000213623047,107.70780944824219,23423000
2026-06-15,109.27999877929688,109.33999633789062,108.9800033569336,108.98999786376953,107.68804931640625,27040500
2026-06-16,109.11000061035156,109.33000183105469,109.05000305175781,109.12000274658203,107.81649780273438,24297100
2026-06-17,109.08000183105469,109.30999755859375,108.70999908447266,108.7699966430664,107.4706802368164,31079300
2026-06-18,109.44000244140625,109.45999908447266,109.02999877929688,109.06999969482422,107.76708984375,41725500
2026-06-22,108.7300033569336,108.80999755859375,108.58999633789062,108.77999877929688,107.48055267333984,22557300
2026-06-23,108.77999877929688,109.12000274658203,108.72000122070312,108.91000366210938,107.6090087890625,27509300
2026-06-24,109.38999938964844,109.61000061035156,109.30999755859375,109.41000366210938,108.10303497314453,31462200
2026-06-25,109.58000183105469,109.70999908447266,109.41999816894531,109.5,108.19195556640625,33772500
2026-06-26,109.29000091552734,109.6500015258789,109.26000213623047,109.5,108.19195556640625,26033500
2026-06-29,109.62000274658203,109.73999786376953,109.54000091552734,109.69999694824219,108.38956451416016,43883300
2026-06-30,109.5,109.55999755859375,109.05000305175781,109.06999969482422,107.76708984375,32665400
2026-07-01,108.33999633789062,108.66000366210938,108.26000213623047,108.45999908447266,107.54102325439453,25563100
2026-07-02,108.56999969482422,108.72000122070312,108.41999816894531,108.63999938964844,107.71949768066406,18406000
2026-07-06,108.61000061035156,108.68000030517578,108.44000244140625,108.66999816894531,107.74923706054688,17471600
2026-07-07,108.29000091552734,108.33999633789062,107.7699966430664,107.87999725341797,106.96593475341797,32025000
2026-07-08,107.68000030517578,107.75,107.38999938964844,107.66999816894531,106.7577133178711,31080600
2026-07-09,107.70999908447266,108.01000213623047,107.63999938964844,107.70999908447266,106.79737091064453,24612700
2026-07-10,107.72000122070312,107.72000122070312,107.31999969482422,107.45999908447266,106.54949188232422,34114000
2026-07-13,107.3499984741211,107.43000030517578,106.94000244140625,106.95999908447266,106.05372619628906,29936100
2026-07-14,107.16000366210938,107.38999938964844,107.0199966430664,107.20999908447266,106.3016128540039,33688900
2026-07-15,107.2699966430664,107.66000366210938,107.2699966430664,107.58000183105469,106.6684799194336,27178700
2026-07-16,107.3499984741211,107.56999969482422,107.26000213623047,107.5,106.58915710449219,33413200
2026-07-17,107.66999816894531,107.79000091552734,107.52999877929688,107.55999755859375,106.64865112304688,25761500
2026-07-20,107.52999877929688,107.55999755859375,107.11000061035156,107.1500015258789,106.24211883544922,29445700
2026-07-21,107.01000213623047,107.05000305175781,106.7699966430664,106.8499984741211,105.94466400146484,26033300
2026-07-22,106.76000213623047,106.83000183105469,106.62000274658203,106.66999816894531,105.76618194580078,20115500
2026-07-23,106.12999725341797,106.31999969482422,106.06999969482422,106.26000213623047,105.35966491699219,35690700
2026-07-24,106.08000183105469,106.48999786376953,106.08000183105469,106.2300033569336,105.32991790771484,27980000
2026-07-27,106.55999755859375,106.62000274658203,106.43000030517578,106.51000213623047,105.6075439453125,33698100
2026-07-28,106.62000274658203,106.94000244140625,106.56999969482422,106.83000183105469,105.92483520507812,23347600
2026-07-29,106.72000122070312,106.80000305175781,106.1500015258789,106.22000122070312,105.32000732421875,44523200
2026-07-30,106.3499984741211,106.55000305175781,106.30000305175781,106.41000366210938,105.5083999633789,30975700
2026-07-31,106.23999786376953,106.3499984741211,106.0,106.25,105.34974670410156,40904000
2026-08-03,106.01000213623047,106.25,105.95999908447266,106.11000061035156,105.66641998291016,30003200
2026-08-04,106.52999877929688,106.77999877929688,106.4800033569336,106.76000213623047,106.31370544433594,30075900
2026-08-05,106.76000213623047,106.94000244140625,106.62000274658203,106.73999786376953,106.29378509521484,24602300
2026-08-06,106.41999816894531,106.51000213623047,106.25,106.36000061035156,105.91537475585938,32079900
2026-08-07,106.69999694824219,106.73999786376953,106.41000366210938,106.55000305175781,106.10458374023438,22803900
2026-08-10,106.2699966430664,106.33000183105469,105.93000030517578,105.95999908447266,105.51704406738281,26021600
2026-08-11,106.16999816894531,106.27999877929688,105.95999908447266,105.98999786376953,105.54692077636719,24716700
2026-08-12,106.3499984741211,106.38999938964844,106.08999633789062,106.12000274658203,105.67638397216797,23031500
2026-08-13,106.5999984741211,106.86000061035156,106.51000213623047,106.55000305175781,106.10458374023438,25741000
2026-08-14,106.38999938964844,106.44000244140625,106.0199966430664,106.12000274658203,105.67638397216797,29528400
2026-08-17,105.95999908447266,106.0199966430664,105.66999816894531,105.69999694824219,105.25813293457031,25578600
2026-08-18,105.48999786376953,105.91000366210938,105.41999816894531,105.83999633789062,105.39754486083984,33979400
2026-08-19,106.54000091552734,106.62999725341797,106.29000091552734,106.56999969482422,106.12449645996094,37259700
2026-08-20,106.02999877929688,106.30000305175781,105.95999908447266,106.05999755859375,105.61663055419922,26597500
2026-08-21,105.97000122070312,106.0199966430664,105.81999969482422,105.91999816894531,105.47721099853516,24263700
2026-08-24,106.12000274658203,106.33000183105469,106.0999984741211,106.18000030517578,105.73612976074219,23581900
2026-08-25,106.61000061035156,106.88999938964844,106.51000213623047,106.86000061035156,106.41328430175781,30966800
2026-08-26,106.69999694824219,106.80000305175781,106.58999633789062,106.77999877929688,106.3336181640625,19195700
2026-08-27,106.77999877929688,106.86000061035156,106.62999725341797,106.7300033569336,106.28382873535156,21807300
2026-08-28,106.75,106.94999694824219,106.30999755859375,106.3499984741211,105.9054183959961,27002300
2026-08-31,106.19999694824219,106.23999786376953,106.01000213623047,106.20999908447266,105.76599884033203,29345400
2026-09-01,105.5199966430664,105.72000122070312,105.20999908447266,105.22000122070312,105.22000122070312,34399700
2026-09-02,105.37999725341797,105.41999816894531,105.19999694824219,105.3499984741211,105.3499984741211,26691200
2026-09-03,105.69999694824219,105.7699966430664,105.47000122070312,105.5,105.5,16263200
2026-09-04,105.55999755859375,105.68000030517578,105.47000122070312,105.4800033569336,105.4800033569336,20428600
