date,idx,ticker
2019-12-31,rut,AIR
2019-12-31,sp600,AIR
2020-03-31,rut,AIR
2020-03-31,sp600,AIR
2020-06-30,rut,AIR
2020-06-30,sp600,AIR
2020-09-30,rut,AIR
2020-09-30,sp600,AIR
2020-12-31,rut,AIR
2020-12-31,sp600,AIR
2021-03-31,rut,AIR
2021-03-31,sp600,AIR
2021-06-30,rut,AIR
2021-06-30,sp600,AIR
2021-09-30,rut,AIR
2021-09-30,sp600,AIR
2021-12-31,rut,AIR
2021-12-31,sp600,AIR
2022-03-31,rut,AIR
2022-03-31,sp600,AIR
2022-06-30,rut,AIR
2022-06-30,sp600,AIR
2022-09-30,rut,AIR
2022-09-30,sp600,AIR
2022-12-31,rut,AIR
2022-12-31,sp600,AIR
2023-03-31,rut,AIR
2023-03-31,sp600,AIR
2023-06-30,rut,AIR
2023-06-30,sp600,AIR
2023-09-30,rut,AIR
2023-09-30,sp600,AIR
2023-12-31,rut,AIR
2023-12-31,sp600,AIR
2024-03-31,rut,AIR
2024-03-31,sp600,AIR
2024-06-30,rut,AIR
2024-06-30,sp600,AIR
2024-09-30,rut,AIR
2024-09-30,sp600,AIR
2024-12-31,rut,AIR
2024-12-31,sp600,AIR
2025-03-31,rut,AIR
2025-03-31,sp600,AIR
2025-06-30,rut,AIR
2025-06-30,sp600,AIR
2025-09-30,rut,AIR
2025-09-30,sp600,AIR
2025-12-31,rut,AIR
2025-12-31,sp600,AIR
2026-03-31,rut,AIR
2026-03-31,sp600,AIR
2026-06-30,rut,AIR
2026-06-30,sp600,AIR
2026-09-30,rut,AIR
2026-09-30,sp600,AIR
2019-12-31,rut,CECO
2020-03-31,rut,CECO
2020-06-30,rut,CECO
2020-09-30,rut,CECO
2020-12-31,rut,CECO
2021-03-31,rut,CECO
2021-06-30,rut,CECO
2021-09-30,rut,CECO
2021-12-31,rut,CECO
2022-03-31,rut,CECO
2023-06-30,rut,CECO
2023-09-30,rut,CECO
2023-12-31,rut,CECO
2024-03-31,rut,CECO
2024-06-30,rut,CECO
2024-09-30,rut,CECO
2024-12-31,rut,CECO
2025-03-31,rut,CECO
2025-06-30,rut,CECO
2025-09-30,rut,CECO
2025-12-31,rut,CECO
2026-03-31,rut,CECO
2026-06-30,rut,CECO
2026-09-30,rut,CECO
2019-12-31,rut,MATX
2019-12-31,sp600,MATX
2020-03-31,rut,MATX
2020-03-31,sp600,MATX
2020-06-30,rut,MATX
2020-06-30,sp600,MATX
2020-09-30,rut,MATX
2020-09-30,sp600,MATX
2020-12-31,rut,MATX
2020-12-31,sp600,MATX
2021-03-31,rut,MATX
2021-03-31,sp600,MATX
2021-06-30,rut,MATX
2021-06-30,sp600,MATX
2021-09-30,rut,MATX
2021-09-30,sp600,MATX
2021-12-31,rut,MATX
2021-12-31,sp600,MATX
2022-03-31,rut,MATX
2022-03-31,sp600,MATX
2022-06-30,rut,MATX
2022-06-30,sp600,MATX
2022-09-30,rut,MATX
2022-09-30,sp600,MATX
2022-12-31,rut,MATX
2022-12-31,sp600,MATX
2023-03-31,rut,MATX
2023-03-31,sp600,MATX
2023-06-30,rut,MATX
2023-06-30,sp600,MATX
2023-09-30,rut,MATX
2023-09-30,sp600,MATX
2023-12-31,rut,MATX
2023-12-31,sp600,MATX
2024-03-31,rut,MATX
2024-03-31,sp600,MATX
2024-06-30,rut,MATX
2024-06-30,sp600,MATX
2024-09-30,rut,MATX
2024-09-30,sp600,MATX
2024-12-31,rut,MATX
2024-12-31,sp600,MATX
2025-03-31,rut,MATX
2025-03-31,sp600,MATX
2025-06-30,rut,MATX
2025-06-30,sp600,MATX
2025-09-30,rut,MATX
2025-09-30,sp600,MATX
2025-12-31,rut,MATX
2025-12-31,sp600,MATX
2026-03-31,rut,MATX
2026-03-31,sp600,MATX
2026-06-30,rut,MATX
2026-06-30,sp600,MATX
2026-09-30,rut,MATX
2026-09-30,sp600,MATX
2021-09-30,sp400,UNM
2021-12-31,sp400,UNM
2022-03-31,sp400,UNM
2022-06-30,sp400,UNM
2022-09-30,sp400,UNM
2022-12-31,sp400,UNM
2023-03-31,sp400,UNM
2023-06-30,sp400,UNM
2023-09-30,sp400,UNM
2023-12-31,sp400,UNM
2024-03-31,sp400,UNM
2024-06-30,sp400,UNM
2024-09-30,sp400,UNM
2024-12-31,sp400,UNM
2025-03-31,sp400,UNM
2025-06-30,sp400,UNM
2025-09-30,sp400,UNM
2025-12-31,sp400,UNM
2026-03-31,sp400,UNM
2026-06-30,sp400,UNM
2026-09-30,sp400,UNM
2024-09-30,sp400,AAL
2024-12-31,sp400,AAL
2025-03-31,sp400,AAL
2025-06-30,sp400,AAL
2025-09-30,sp400,AAL
2025-12-31,sp400,AAL
2026-03-31,sp400,AAL
2026-06-30,sp400,AAL
2026-09-30,sp400,AAL
2019-12-31,rut,APOG
2019-12-31,sp600,APOG
2020-03-31,rut,APOG
2020-03-31,sp600,APOG
2020-06-30,rut,APOG
2020-06-30,sp600,APOG
2020-09-30,rut,APOG
2020-09-30,sp600,APOG
2020-12-31,rut,APOG
2020-12-31,sp600,APOG
2021-03-31,rut,APOG
2021-03-31,sp600,APOG
2021-06-30,rut,APOG
2021-06-30,sp600,APOG
2021-09-30,rut,APOG
2021-09-30,sp600,APOG
2021-12-31,rut,APOG
2021-12-31,sp600,APOG
2022-03-31,rut,APOG
2022-03-31,sp600,APOG
2022-06-30,rut,APOG
2022-06-30,sp600,APOG
2022-09-30,rut,APOG
2022-09-30,sp600,APOG
2022-12-31,rut,APOG
2022-12-31,sp600,APOG
2023-03-31,rut,APOG
2023-03-31,sp600,APOG
2023-06-30,rut,APOG
2023-06-30,sp600,APOG
2023-09-30,rut,APOG
2023-09-30,sp600,APOG
2023-12-31,rut,APOG
2023-12-31,sp600,APOG
2024-03-31,rut,APOG
2024-03-31,sp600,APOG
2024-06-30,rut,APOG
2024-06-30,sp600,APOG
2024-09-30,rut,APOG
2024-09-30,sp600,APOG
2024-12-31,rut,APOG
2024-12-31,sp600,APOG
2025-03-31,rut,APOG
2025-03-31,sp600,APOG
2025-06-30,rut,APOG
2025-06-30,sp600,APOG
2025-09-30,rut,APOG
2025-09-30,sp600,APOG
2025-12-31,rut,APOG
2025-12-31,sp600,APOG
2026-03-31,rut,APOG
2026-03-31,sp600,APOG
2026-06-30,rut,APOG
2026-06-30,sp600,APOG
2026-09-30,rut,APOG
2026-09-30,sp600,APOG
2020-03-31,rut,EPAC
2020-03-31,sp600,EPAC
2020-06-30,rut,EPAC
2020-06-30,sp600,EPAC
2020-09-30,rut,EPAC
2020-09-30,sp600,EPAC
2020-12-31,rut,EPAC
2020-12-31,sp600,EPAC
2021-03-31,rut,EPAC
2021-03-31,sp600,EPAC
2021-06-30,rut,EPAC
2021-06-30,sp600,EPAC
2021-09-30,rut,EPAC
2021-09-30,sp600,EPAC
2021-12-31,rut,EPAC
2021-12-31,sp600,EPAC
2022-03-31,rut,EPAC
2022-03-31,sp600,EPAC
2022-06-30,rut,EPAC
2022-06-30,sp600,EPAC
2022-09-30,rut,EPAC
2022-09-30,sp600,EPAC
2022-12-31,rut,EPAC
2022-12-31,sp600,EPAC
2023-03-31,rut,EPAC
2023-03-31,sp600,EPAC
2023-06-30,rut,EPAC
2023-06-30,sp600,EPAC
2023-09-30,rut,EPAC
2023-09-30,sp600,EPAC
2023-12-31,rut,EPAC
2023-12-31,sp600,EPAC
2024-03-31,rut,EPAC
2024-03-31,sp600,EPAC
2024-06-30,rut,EPAC
2024-06-30,sp600,EPAC
2024-09-30,rut,EPAC
2024-09-30,sp600,EPAC
2024-12-31,rut,EPAC
2024-12-31,sp600,EPAC
2025-03-31,rut,EPAC
2025-03-31,sp600,EPAC
2025-06-30,rut,EPAC
2025-06-30,sp600,EPAC
2025-09-30,rut,EPAC
2025-09-30,sp600,EPAC
2025-12-31,rut,EPAC
2025-12-31,sp600,EPAC
2026-03-31,rut,EPAC
2026-03-31,sp600,EPAC
2026-06-30,rut,EPAC
2026-06-30,sp600,EPAC
2026-09-30,rut,EPAC
2026-09-30,sp600,EPAC
2023-12-31,sp600,AWI
2024-03-31,sp600,AWI
2024-06-30,sp600,AWI
2024-09-30,sp600,AWI
2024-12-31,sp600,AWI
2025-03-31,sp600,AWI
2025-06-30,sp600,AWI
2025-09-30,sp600,AWI
2025-12-31,sp600,AWI
2026-03-31,sp600,AWI
2026-06-30,sp600,AWI
2026-09-30,sp600,AWI
2019-12-31,sp400,ARW
2020-03-31,sp400,ARW
2020-06-30,sp400,ARW
2020-09-30,sp400,ARW
2020-12-31,sp400,ARW
2021-03-31,sp400,ARW
2021-06-30,sp400,ARW
2021-09-30,sp400,ARW
2021-12-31,sp400,ARW
2022-03-31,sp400,ARW
2022-06-30,sp400,ARW
2022-09-30,sp400,ARW
2022-12-31,sp400,ARW
2023-03-31,sp400,ARW
2023-06-30,sp400,ARW
2023-09-30,sp400,ARW
2023-12-31,sp400,ARW
2024-03-31,sp400,ARW
2024-06-30,sp400,ARW
2024-09-30,sp400,ARW
2024-12-31,sp400,ARW
2025-03-31,sp400,ARW
2025-06-30,sp400,ARW
2025-09-30,sp400,ARW
2025-12-31,sp400,ARW
2026-03-31,sp400,ARW
2026-06-30,sp400,ARW
2026-09-30,sp400,ARW
2019-12-31,sp400,ASB
2020-03-31,sp400,ASB
2020-06-30,sp400,ASB
2020-09-30,sp400,ASB
2020-12-31,sp400,ASB
2021-03-31,sp400,ASB
2021-06-30,rut,ASB
2021-06-30,sp400,ASB
2021-09-30,rut,ASB
2021-09-30,sp400,ASB
2021-12-31,rut,ASB
2021-12-31,sp400,ASB
2022-03-31,rut,ASB
2022-03-31,sp400,ASB
2022-06-30,rut,ASB
2022-06-30,sp400,ASB
2022-09-30,rut,ASB
2022-09-30,sp400,ASB
2022-12-31,rut,ASB
2022-12-31,sp400,ASB
2023-03-31,rut,ASB
2023-03-31,sp400,ASB
2023-06-30,rut,ASB
2023-06-30,sp400,ASB
2023-09-30,rut,ASB
2023-09-30,sp400,ASB
2023-12-31,rut,ASB
2023-12-31,sp400,ASB
2024-03-31,rut,ASB
2024-03-31,sp400,ASB
2024-06-30,rut,ASB
2024-06-30,sp400,ASB
2024-09-30,rut,ASB
2024-09-30,sp400,ASB
2024-12-31,rut,ASB
2024-12-31,sp400,ASB
2025-03-31,rut,ASB
2025-03-31,sp400,ASB
2025-06-30,rut,ASB
2025-06-30,sp400,ASB
2025-09-30,rut,ASB
2025-09-30,sp400,ASB
2025-12-31,rut,ASB
2025-12-31,sp400,ASB
2026-03-31,rut,ASB
2026-03-31,sp400,ASB
2026-06-30,rut,ASB
2026-06-30,sp400,ASB
2026-09-30,rut,ASB
2026-09-30,sp400,ASB
2019-12-31,rut,ATRO
2020-03-31,rut,ATRO
2020-06-30,rut,ATRO
2020-09-30,rut,ATRO
2020-12-31,rut,ATRO
2021-03-31,rut,ATRO
2021-06-30,rut,ATRO
2021-09-30,rut,ATRO
2021-12-31,rut,ATRO
2022-03-31,rut,ATRO
2022-06-30,rut,ATRO
2022-09-30,rut,ATRO
2022-12-31,rut,ATRO
2023-03-31,rut,ATRO
2023-06-30,rut,ATRO
2023-09-30,rut,ATRO
2023-12-31,rut,ATRO
2024-03-31,rut,ATRO
2024-06-30,rut,ATRO
2024-09-30,rut,ATRO
2024-12-31,rut,ATRO
2025-03-31,rut,ATRO
2025-06-30,rut,ATRO
2025-09-30,rut,ATRO
2025-12-31,rut,ATRO
2026-03-31,rut,ATRO
2026-06-30,rut,ATRO
2026-09-30,rut,ATRO
2019-12-31,sp400,AVT
2020-03-31,sp400,AVT
2020-06-30,sp400,AVT
2020-09-30,sp400,AVT
2020-12-31,sp400,AVT
2021-03-31,sp400,AVT
2021-06-30,sp400,AVT
2021-09-30,sp400,AVT
2021-12-31,sp400,AVT
2022-03-31,sp400,AVT
2022-06-30,sp400,AVT
2022-09-30,sp400,AVT
2022-12-31,sp400,AVT
2023-03-31,sp400,AVT
2023-06-30,sp400,AVT
2023-09-30,sp400,AVT
2023-12-31,sp400,AVT
2024-03-31,sp400,AVT
2024-06-30,sp400,AVT
2024-09-30,sp400,AVT
2024-12-31,sp400,AVT
2025-03-31,sp400,AVT
2025-06-30,sp400,AVT
2025-09-30,sp400,AVT
2025-12-31,sp400,AVT
2026-03-31,sp400,AVT
2026-06-30,sp400,AVT
2026-09-30,sp400,AVT
2019-12-31,rut,AZZ
2019-12-31,sp600,AZZ
2020-03-31,rut,AZZ
2020-03-31,sp600,AZZ
2020-06-30,rut,AZZ
2020-06-30,sp600,AZZ
2020-09-30,rut,AZZ
2020-09-30,sp600,AZZ
2020-12-31,rut,AZZ
2020-12-31,sp600,AZZ
2021-03-31,rut,AZZ
2021-03-31,sp600,AZZ
2021-06-30,rut,AZZ
2021-06-30,sp600,AZZ
2021-09-30,rut,AZZ
2021-09-30,sp600,AZZ
2021-12-31,rut,AZZ
2021-12-31,sp600,AZZ
2022-03-31,rut,AZZ
2022-03-31,sp600,AZZ
2022-06-30,rut,AZZ
2022-06-30,sp600,AZZ
2022-09-30,rut,AZZ
2022-09-30,sp600,AZZ
2022-12-31,rut,AZZ
2022-12-31,sp600,AZZ
2023-03-31,rut,AZZ
2023-03-31,sp600,AZZ
2023-06-30,rut,AZZ
2023-06-30,sp600,AZZ
2023-09-30,rut,AZZ
2023-09-30,sp600,AZZ
2023-12-31,rut,AZZ
2023-12-31,sp600,AZZ
2024-03-31,rut,AZZ
2024-03-31,sp600,AZZ
2024-06-30,rut,AZZ
2024-06-30,sp600,AZZ
2024-09-30,rut,AZZ
2024-09-30,sp600,AZZ
2024-12-31,rut,AZZ
2024-12-31,sp600,AZZ
2025-03-31,rut,AZZ
2025-03-31,sp600,AZZ
2025-06-30,rut,AZZ
2025-06-30,sp600,AZZ
2025-09-30,rut,AZZ
2025-09-30,sp600,AZZ
2025-12-31,rut,AZZ
2025-12-31,sp600,AZZ
2026-03-31,rut,AZZ
2026-03-31,sp600,AZZ
2026-06-30,rut,AZZ
2026-06-30,sp600,AZZ
2026-09-30,rut,AZZ
2026-09-30,sp600,AZZ
2019-12-31,rut,BMI
2019-12-31,sp600,BMI
2020-03-31,rut,BMI
2020-03-31,sp600,BMI
2020-06-30,rut,BMI
2020-06-30,sp600,BMI
2020-09-30,rut,BMI
2020-09-30,sp600,BMI
2020-12-31,rut,BMI
2020-12-31,sp600,BMI
2021-03-31,rut,BMI
2021-03-31,sp600,BMI
2021-06-30,rut,BMI
2021-06-30,sp600,BMI
2021-09-30,rut,BMI
2021-09-30,sp600,BMI
2021-12-31,rut,BMI
2021-12-31,sp600,BMI
2022-03-31,rut,BMI
2022-03-31,sp600,BMI
2022-06-30,rut,BMI
2022-06-30,sp600,BMI
2022-09-30,rut,BMI
2022-09-30,sp600,BMI
2022-12-31,rut,BMI
2022-12-31,sp600,BMI
2023-03-31,rut,BMI
2023-03-31,sp600,BMI
2023-06-30,rut,BMI
2023-06-30,sp600,BMI
2023-09-30,rut,BMI
2023-09-30,sp600,BMI
2023-12-31,rut,BMI
2023-12-31,sp600,BMI
2024-03-31,rut,BMI
2024-03-31,sp600,BMI
2024-06-30,rut,BMI
2024-06-30,sp600,BMI
2024-09-30,rut,BMI
2024-09-30,sp600,BMI
2024-12-31,rut,BMI
2024-12-31,sp600,BMI
2025-03-31,rut,BMI
2025-03-31,sp600,BMI
2025-06-30,rut,BMI
2025-06-30,sp600,BMI
2025-09-30,rut,BMI
2025-09-30,sp600,BMI
2025-12-31,rut,BMI
2025-12-31,sp600,BMI
2026-03-31,rut,BMI
2026-03-31,sp600,BMI
2026-06-30,rut,BMI
2026-06-30,sp600,BMI
2026-09-30,rut,BMI
2026-09-30,sp600,BMI
2019-12-31,rut,BCPC
2019-12-31,sp600,BCPC
2020-03-31,rut,BCPC
2020-03-31,sp600,BCPC
2020-06-30,rut,BCPC
2020-06-30,sp600,BCPC
2020-09-30,rut,BCPC
2020-09-30,sp600,BCPC
2020-12-31,rut,BCPC
2020-12-31,sp600,BCPC
2021-03-31,rut,BCPC
2021-03-31,sp600,BCPC
2021-06-30,rut,BCPC
2021-06-30,sp600,BCPC
2021-09-30,rut,BCPC
2021-09-30,sp600,BCPC
2021-12-31,rut,BCPC
2021-12-31,sp600,BCPC
2022-03-31,rut,BCPC
2022-03-31,sp600,BCPC
2022-06-30,rut,BCPC
2022-06-30,sp600,BCPC
2022-09-30,rut,BCPC
2022-09-30,sp600,BCPC
2022-12-31,rut,BCPC
2022-12-31,sp600,BCPC
2023-03-31,rut,BCPC
2023-03-31,sp600,BCPC
2023-06-30,rut,BCPC
2023-06-30,sp600,BCPC
2023-09-30,rut,BCPC
2023-09-30,sp600,BCPC
2023-12-31,rut,BCPC
2023-12-31,sp600,BCPC
2024-03-31,rut,BCPC
2024-03-31,sp600,BCPC
2024-06-30,rut,BCPC
2024-06-30,sp600,BCPC
2024-09-30,rut,BCPC
2024-09-30,sp600,BCPC
2024-12-31,rut,BCPC
2024-12-31,sp600,BCPC
2025-03-31,rut,BCPC
2025-03-31,sp600,BCPC
2025-06-30,rut,BCPC
2025-06-30,sp600,BCPC
2025-09-30,rut,BCPC
2025-09-30,sp600,BCPC
2025-12-31,rut,BCPC
2025-12-31,sp600,BCPC
2026-03-31,rut,BCPC
2026-03-31,sp600,BCPC
2026-06-30,rut,BCPC
2026-06-30,sp600,BCPC
2026-09-30,rut,BCPC
2026-09-30,sp600,BCPC
2019-12-31,sp400,BIO
2020-03-31,sp400,BIO
2024-09-30,sp400,BIO
2024-12-31,sp400,BIO
2025-03-31,sp400,BIO
2025-06-30,sp400,BIO
2025-09-30,sp400,BIO
2025-12-31,sp400,BIO
2026-03-31,sp400,BIO
2026-06-30,sp400,BIO
2026-09-30,sp400,BIO
2026-09-30,sp400,HRB
2019-12-31,rut,CAL
2019-12-31,sp600,CAL
2020-03-31,rut,CAL
2020-03-31,sp600,CAL
2020-06-30,rut,CAL
2020-06-30,sp600,CAL
2020-09-30,rut,CAL
2020-09-30,sp600,CAL
2020-12-31,rut,CAL
2020-12-31,sp600,CAL
2021-03-31,rut,CAL
2021-03-31,sp600,CAL
2021-06-30,rut,CAL
2021-06-30,sp600,CAL
2021-09-30,rut,CAL
2021-09-30,sp600,CAL
2021-12-31,rut,CAL
2021-12-31,sp600,CAL
2022-03-31,rut,CAL
2022-03-31,sp600,CAL
2022-06-30,rut,CAL
2022-06-30,sp600,CAL
2022-09-30,rut,CAL
2022-09-30,sp600,CAL
2022-12-31,rut,CAL
2022-12-31,sp600,CAL
2023-03-31,rut,CAL
2023-03-31,sp600,CAL
2023-06-30,rut,CAL
2023-06-30,sp600,CAL
2023-09-30,rut,CAL
2023-09-30,sp600,CAL
2023-12-31,rut,CAL
2023-12-31,sp600,CAL
2024-03-31,rut,CAL
2024-03-31,sp600,CAL
2024-06-30,rut,CAL
2024-06-30,sp600,CAL
2024-09-30,rut,CAL
2024-09-30,sp600,CAL
2024-12-31,rut,CAL
2024-12-31,sp600,CAL
2025-03-31,rut,CAL
2025-03-31,sp600,CAL
2025-06-30,rut,CAL
2025-06-30,sp600,CAL
2025-09-30,rut,CAL
2025-09-30,sp600,CAL
2025-12-31,rut,CAL
2026-03-31,rut,CAL
2026-06-30,rut,CAL
2026-09-30,rut,CAL
2019-12-31,sp400,BC
2020-03-31,sp400,BC
2020-06-30,sp400,BC
2020-09-30,sp400,BC
2020-12-31,sp400,BC
2021-03-31,sp400,BC
2021-06-30,sp400,BC
2021-09-30,sp400,BC
2021-12-31,sp400,BC
2022-03-31,sp400,BC
2022-06-30,sp400,BC
2022-09-30,sp400,BC
2022-12-31,sp400,BC
2023-03-31,sp400,BC
2023-06-30,sp400,BC
2023-09-30,sp400,BC
2023-12-31,sp400,BC
2024-03-31,sp400,BC
2024-06-30,sp400,BC
2024-09-30,sp400,BC
2024-12-31,sp400,BC
2025-03-31,sp400,BC
2025-06-30,sp400,BC
2025-09-30,sp400,BC
2025-12-31,sp400,BC
2026-03-31,sp400,BC
2026-06-30,sp400,BC
2026-09-30,sp400,BC
2019-12-31,rut,MTZ
2019-12-31,sp400,MTZ
2020-03-31,rut,MTZ
2020-03-31,sp400,MTZ
2020-06-30,rut,MTZ
2020-06-30,sp400,MTZ
2020-09-30,rut,MTZ
2020-09-30,sp400,MTZ
2020-12-31,rut,MTZ
2020-12-31,sp400,MTZ
2021-03-31,rut,MTZ
2021-03-31,sp400,MTZ
2021-06-30,sp400,MTZ
2021-09-30,sp400,MTZ
2021-12-31,sp400,MTZ
2022-03-31,sp400,MTZ
2022-06-30,sp400,MTZ
2022-09-30,sp400,MTZ
2022-12-31,sp400,MTZ
2023-03-31,sp400,MTZ
2023-06-30,sp400,MTZ
2023-09-30,sp400,MTZ
2023-12-31,sp400,MTZ
2024-03-31,sp400,MTZ
2024-06-30,sp400,MTZ
2024-09-30,sp400,MTZ
2024-12-31,sp400,MTZ
2025-03-31,sp400,MTZ
2025-06-30,sp400,MTZ
2025-09-30,sp400,MTZ
2025-12-31,sp400,MTZ
2026-03-31,sp400,MTZ
2026-06-30,sp400,MTZ
2026-09-30,sp400,MTZ
2019-12-31,sp400,CBT
2020-03-31,sp400,CBT
2020-06-30,sp400,CBT
2020-09-30,sp400,CBT
2020-12-31,sp400,CBT
2021-03-31,sp400,CBT
2021-06-30,rut,CBT
2021-06-30,sp400,CBT
2021-09-30,rut,CBT
2021-09-30,sp400,CBT
2021-12-31,rut,CBT
2021-12-31,sp400,CBT
2022-03-31,rut,CBT
2022-03-31,sp400,CBT
2022-06-30,rut,CBT
2022-06-30,sp400,CBT
2022-09-30,rut,CBT
2022-09-30,sp400,CBT
2022-12-31,rut,CBT
2022-12-31,sp400,CBT
2023-03-31,rut,CBT
2023-03-31,sp400,CBT
2023-06-30,rut,CBT
2023-06-30,sp400,CBT
2023-09-30,rut,CBT
2023-09-30,sp400,CBT
2023-12-31,rut,CBT
2023-12-31,sp400,CBT
2024-03-31,rut,CBT
2024-03-31,sp400,CBT
2024-06-30,rut,CBT
2024-06-30,sp400,CBT
2024-09-30,rut,CBT
2024-09-30,sp400,CBT
2024-12-31,rut,CBT
2024-12-31,sp400,CBT
2025-03-31,rut,CBT
2025-03-31,sp400,CBT
2025-06-30,rut,CBT
2025-06-30,sp400,CBT
2025-09-30,rut,CBT
2025-09-30,sp400,CBT
2025-12-31,rut,CBT
2025-12-31,sp400,CBT
2026-03-31,rut,CBT
2026-03-31,sp400,CBT
2026-06-30,rut,CBT
2026-06-30,sp400,CBT
2026-09-30,rut,CBT
2026-09-30,sp400,CBT
2019-12-31,sp400,CACI
2020-03-31,sp400,CACI
2020-06-30,sp400,CACI
2020-09-30,sp400,CACI
2020-12-31,sp400,CACI
2021-03-31,sp400,CACI
2021-06-30,sp400,CACI
2021-09-30,sp400,CACI
2021-12-31,sp400,CACI
2022-03-31,sp400,CACI
2022-06-30,sp400,CACI
2022-09-30,sp400,CACI
2022-12-31,sp400,CACI
2023-03-31,sp400,CACI
2023-06-30,sp400,CACI
2023-09-30,sp400,CACI
2023-12-31,sp400,CACI
2024-03-31,sp400,CACI
2024-06-30,sp400,CACI
2024-09-30,sp400,CACI
2024-12-31,sp400,CACI
2025-03-31,sp400,CACI
2025-06-30,sp400,CACI
2025-09-30,sp400,CACI
2025-12-31,sp400,CACI
2026-03-31,sp400,CACI
2026-06-30,sp400,CACI
2026-09-30,sp400,CACI
2019-12-31,rut,CALM
2019-12-31,sp600,CALM
2020-03-31,rut,CALM
2020-03-31,sp600,CALM
2020-06-30,rut,CALM
2020-06-30,sp600,CALM
2020-09-30,rut,CALM
2020-09-30,sp600,CALM
2020-12-31,rut,CALM
2020-12-31,sp600,CALM
2021-03-31,rut,CALM
2021-03-31,sp600,CALM
2021-06-30,rut,CALM
2021-06-30,sp600,CALM
2021-09-30,rut,CALM
2021-09-30,sp600,CALM
2021-12-31,rut,CALM
2021-12-31,sp600,CALM
2022-03-31,rut,CALM
2022-03-31,sp600,CALM
2022-06-30,rut,CALM
2022-06-30,sp600,CALM
2022-09-30,rut,CALM
2022-09-30,sp600,CALM
2022-12-31,rut,CALM
2022-12-31,sp600,CALM
2023-03-31,rut,CALM
2023-03-31,sp600,CALM
2023-06-30,rut,CALM
2023-06-30,sp600,CALM
2023-09-30,rut,CALM
2023-09-30,sp600,CALM
2023-12-31,rut,CALM
2023-12-31,sp600,CALM
2024-03-31,rut,CALM
2024-03-31,sp600,CALM
2024-06-30,rut,CALM
2024-06-30,sp600,CALM
2024-09-30,rut,CALM
2024-09-30,sp600,CALM
2024-12-31,rut,CALM
2024-12-31,sp600,CALM
2025-03-31,rut,CALM
2025-03-31,sp600,CALM
2025-06-30,rut,CALM
2025-06-30,sp600,CALM
2025-09-30,rut,CALM
2025-09-30,sp600,CALM
2025-12-31,rut,CALM
2025-12-31,sp600,CALM
2026-03-31,rut,CALM
2026-03-31,sp600,CALM
2026-06-30,rut,CALM
2026-06-30,sp600,CALM
2026-09-30,rut,CALM
2026-09-30,sp600,CALM
2019-12-31,rut,CRS
2019-12-31,sp400,CRS
2020-03-31,rut,CRS
2020-03-31,sp400,CRS
2020-06-30,rut,CRS
2020-06-30,sp400,CRS
2020-09-30,rut,CRS
2020-09-30,sp600,CRS
2020-12-31,rut,CRS
2020-12-31,sp600,CRS
2021-03-31,rut,CRS
2021-03-31,sp600,CRS
2021-06-30,rut,CRS
2021-06-30,sp600,CRS
2021-09-30,rut,CRS
2021-09-30,sp600,CRS
2021-12-31,rut,CRS
2021-12-31,sp600,CRS
2022-03-31,rut,CRS
2022-03-31,sp600,CRS
2022-06-30,rut,CRS
2022-06-30,sp600,CRS
2022-09-30,rut,CRS
2022-09-30,sp600,CRS
2022-12-31,rut,CRS
2022-12-31,sp600,CRS
2023-03-31,rut,CRS
2023-03-31,sp600,CRS
2023-06-30,rut,CRS
2023-06-30,sp600,CRS
2023-09-30,rut,CRS
2023-09-30,sp600,CRS
2023-12-31,rut,CRS
2023-12-31,sp600,CRS
2024-03-31,rut,CRS
2024-03-31,sp600,CRS
2024-06-30,rut,CRS
2024-06-30,sp600,CRS
2024-09-30,rut,CRS
2024-09-30,sp600,CRS
2024-12-31,rut,CRS
2024-12-31,sp400,CRS
2025-03-31,rut,CRS
2025-03-31,sp400,CRS
2025-06-30,rut,CRS
2025-06-30,sp400,CRS
2025-09-30,sp400,CRS
2025-12-31,sp400,CRS
2026-03-31,sp400,CRS
2026-06-30,sp400,CRS
2026-09-30,sp400,CRS
2019-12-31,rut,GCO
2019-12-31,sp600,GCO
2020-03-31,rut,GCO
2020-03-31,sp600,GCO
2020-06-30,rut,GCO
2020-06-30,sp600,GCO
2020-09-30,rut,GCO
2020-09-30,sp600,GCO
2020-12-31,rut,GCO
2020-12-31,sp600,GCO
2021-03-31,rut,GCO
2021-03-31,sp600,GCO
2021-06-30,rut,GCO
2021-06-30,sp600,GCO
2021-09-30,rut,GCO
2021-09-30,sp600,GCO
2021-12-31,rut,GCO
2021-12-31,sp600,GCO
2022-03-31,rut,GCO
2022-03-31,sp600,GCO
2022-06-30,rut,GCO
2022-06-30,sp600,GCO
2022-09-30,rut,GCO
2022-09-30,sp600,GCO
2022-12-31,rut,GCO
2022-12-31,sp600,GCO
2023-03-31,rut,GCO
2023-03-31,sp600,GCO
2023-06-30,rut,GCO
2023-09-30,rut,GCO
2023-12-31,rut,GCO
2024-03-31,rut,GCO
2024-06-30,rut,GCO
2024-09-30,rut,GCO
2024-12-31,rut,GCO
2025-03-31,rut,GCO
2025-06-30,rut,GCO
2025-09-30,rut,GCO
2025-12-31,rut,GCO
2026-03-31,rut,GCO
2026-06-30,rut,GCO
2026-09-30,rut,GCO
2023-03-31,sp600,LUMN
2023-06-30,rut,LUMN
2023-06-30,sp600,LUMN
2023-09-30,rut,LUMN
2023-09-30,sp600,LUMN
2023-12-31,rut,LUMN
2023-12-31,sp600,LUMN
2024-03-31,rut,LUMN
2024-03-31,sp600,LUMN
2024-06-30,rut,LUMN
2024-06-30,sp600,LUMN
2024-09-30,rut,LUMN
2024-09-30,sp600,LUMN
2024-12-31,rut,LUMN
2024-12-31,sp600,LUMN
2025-03-31,rut,LUMN
2025-03-31,sp600,LUMN
2025-06-30,rut,LUMN
2025-06-30,sp600,LUMN
2025-09-30,rut,LUMN
2025-09-30,sp600,LUMN
2025-12-31,rut,LUMN
2025-12-31,sp600,LUMN
2026-03-31,rut,LUMN
2026-03-31,sp600,LUMN
2026-06-30,rut,LUMN
2026-06-30,sp600,LUMN
2026-09-30,rut,LUMN
2026-09-30,sp600,LUMN
2019-12-31,sp400,CHE
2020-03-31,sp400,CHE
2020-06-30,sp400,CHE
2020-09-30,sp400,CHE
2020-12-31,sp400,CHE
2021-03-31,sp400,CHE
2021-06-30,sp400,CHE
2021-09-30,sp400,CHE
2021-12-31,sp400,CHE
2022-03-31,sp400,CHE
2022-06-30,sp400,CHE
2022-09-30,sp400,CHE
2022-12-31,sp400,CHE
2023-03-31,sp400,CHE
2023-06-30,sp400,CHE
2023-09-30,sp400,CHE
2023-12-31,sp400,CHE
2024-03-31,sp400,CHE
2024-06-30,sp400,CHE
2024-09-30,sp400,CHE
2024-12-31,sp400,CHE
2025-03-31,sp400,CHE
2025-06-30,sp400,CHE
2025-09-30,sp400,CHE
2025-12-31,sp400,CHE
2026-03-31,sp400,CHE
2026-06-30,sp400,CHE
2026-09-30,sp400,CHE
2019-12-31,rut,CPK
2020-03-31,rut,CPK
2020-06-30,rut,CPK
2020-09-30,rut,CPK
2020-12-31,rut,CPK
2020-12-31,sp600,CPK
2021-03-31,rut,CPK
2021-03-31,sp600,CPK
2021-06-30,rut,CPK
2021-06-30,sp600,CPK
2021-09-30,rut,CPK
2021-09-30,sp600,CPK
2021-12-31,rut,CPK
2021-12-31,sp600,CPK
2022-03-31,rut,CPK
2022-03-31,sp600,CPK
2022-06-30,rut,CPK
2022-06-30,sp600,CPK
2022-09-30,rut,CPK
2022-09-30,sp600,CPK
2022-12-31,rut,CPK
2022-12-31,sp600,CPK
2023-03-31,rut,CPK
2023-03-31,sp600,CPK
2023-06-30,rut,CPK
2023-06-30,sp600,CPK
2023-09-30,rut,CPK
2023-09-30,sp600,CPK
2023-12-31,rut,CPK
2023-12-31,sp600,CPK
2024-03-31,rut,CPK
2024-03-31,sp600,CPK
2024-06-30,rut,CPK
2024-06-30,sp600,CPK
2024-09-30,rut,CPK
2024-09-30,sp600,CPK
2024-12-31,rut,CPK
2024-12-31,sp600,CPK
2025-03-31,rut,CPK
2025-03-31,sp600,CPK
2025-06-30,rut,CPK
2025-06-30,sp600,CPK
2025-09-30,rut,CPK
2025-09-30,sp600,CPK
2025-12-31,rut,CPK
2025-12-31,sp600,CPK
2026-03-31,rut,CPK
2026-03-31,sp600,CPK
2026-06-30,rut,CPK
2026-06-30,sp600,CPK
2026-09-30,rut,CPK
2026-09-30,sp600,CPK
2019-12-31,rut,CHDN
2019-12-31,sp400,CHDN
2020-03-31,rut,CHDN
2020-03-31,sp400,CHDN
2020-06-30,rut,CHDN
2020-06-30,sp400,CHDN
2020-09-30,rut,CHDN
2020-09-30,sp400,CHDN
2020-12-31,rut,CHDN
2020-12-31,sp400,CHDN
2021-03-31,rut,CHDN
2021-03-31,sp400,CHDN
2021-06-30,sp400,CHDN
2021-09-30,sp400,CHDN
2021-12-31,sp400,CHDN
2022-03-31,sp400,CHDN
2022-06-30,sp400,CHDN
2022-09-30,sp400,CHDN
2022-12-31,sp400,CHDN
2023-03-31,sp400,CHDN
2023-06-30,sp400,CHDN
2023-09-30,sp400,CHDN
2023-12-31,sp400,CHDN
2024-03-31,sp400,CHDN
2024-06-30,sp400,CHDN
2024-09-30,sp400,CHDN
2024-12-31,sp400,CHDN
2025-03-31,sp400,CHDN
2025-06-30,sp400,CHDN
2025-09-30,sp400,CHDN
2025-12-31,sp400,CHDN
2026-03-31,sp400,CHDN
2026-06-30,sp400,CHDN
2026-09-30,sp400,CHDN
2019-12-31,rut,COHU
2019-12-31,sp600,COHU
2020-03-31,rut,COHU
2020-03-31,sp600,COHU
2020-06-30,rut,COHU
2020-06-30,sp600,COHU
2020-09-30,rut,COHU
2020-09-30,sp600,COHU
2020-12-31,rut,COHU
2020-12-31,sp600,COHU
2021-03-31,rut,COHU
2021-03-31,sp600,COHU
2021-06-30,rut,COHU
2021-06-30,sp600,COHU
2021-09-30,rut,COHU
2021-09-30,sp600,COHU
2021-12-31,rut,COHU
2021-12-31,sp600,COHU
2022-03-31,rut,COHU
2022-03-31,sp600,COHU
2022-06-30,rut,COHU
2022-06-30,sp600,COHU
2022-09-30,rut,COHU
2022-09-30,sp600,COHU
2022-12-31,rut,COHU
2022-12-31,sp600,COHU
2023-03-31,rut,COHU
2023-03-31,sp600,COHU
2023-06-30,rut,COHU
2023-06-30,sp600,COHU
2023-09-30,rut,COHU
2023-09-30,sp600,COHU
2023-12-31,rut,COHU
2023-12-31,sp600,COHU
2024-03-31,rut,COHU
2024-03-31,sp600,COHU
2024-06-30,rut,COHU
2024-06-30,sp600,COHU
2024-09-30,rut,COHU
2024-09-30,sp600,COHU
2024-12-31,rut,COHU
2024-12-31,sp600,COHU
2025-03-31,rut,COHU
2025-03-31,sp600,COHU
2025-06-30,rut,COHU
2025-06-30,sp600,COHU
2025-09-30,rut,COHU
2025-09-30,sp600,COHU
2025-12-31,rut,COHU
2025-12-31,sp600,COHU
2026-03-31,rut,COHU
2026-03-31,sp600,COHU
2026-06-30,rut,COHU
2026-06-30,sp600,COHU
2026-09-30,rut,COHU
2026-09-30,sp600,COHU
2019-12-31,sp400,CBSH
2020-03-31,sp400,CBSH
2020-06-30,sp400,CBSH
2020-09-30,sp400,CBSH
2020-12-31,sp400,CBSH
2021-03-31,sp400,CBSH
2021-06-30,sp400,CBSH
2021-09-30,sp400,CBSH
2021-12-31,sp400,CBSH
2022-03-31,sp400,CBSH
2022-06-30,sp400,CBSH
2022-09-30,sp400,CBSH
2022-12-31,sp400,CBSH
2023-03-31,sp400,CBSH
2023-06-30,sp400,CBSH
2023-09-30,sp400,CBSH
2023-12-31,sp400,CBSH
2024-03-31,sp400,CBSH
2024-06-30,sp400,CBSH
2024-09-30,sp400,CBSH
2024-12-31,sp400,CBSH
2025-03-31,sp400,CBSH
2025-06-30,sp400,CBSH
2025-09-30,sp400,CBSH
2025-12-31,sp400,CBSH
2026-03-31,sp400,CBSH
2026-06-30,sp400,CBSH
2026-09-30,sp400,CBSH
2019-12-31,rut,CMC
2019-12-31,sp400,CMC
2020-03-31,rut,CMC
2020-03-31,sp400,CMC
2020-06-30,rut,CMC
2020-06-30,sp400,CMC
2020-09-30,rut,CMC
2020-09-30,sp400,CMC
2020-12-31,rut,CMC
2020-12-31,sp400,CMC
2021-03-31,rut,CMC
2021-03-31,sp400,CMC
2021-06-30,rut,CMC
2021-06-30,sp400,CMC
2021-09-30,rut,CMC
2021-09-30,sp400,CMC
2021-12-31,rut,CMC
2021-12-31,sp400,CMC
2022-03-31,rut,CMC
2022-03-31,sp400,CMC
2022-06-30,rut,CMC
2022-06-30,sp400,CMC
2022-09-30,rut,CMC
2022-09-30,sp400,CMC
2022-12-31,rut,CMC
2022-12-31,sp400,CMC
2023-03-31,rut,CMC
2023-03-31,sp400,CMC
2023-06-30,rut,CMC
2023-06-30,sp400,CMC
2023-09-30,rut,CMC
2023-09-30,sp400,CMC
2023-12-31,rut,CMC
2023-12-31,sp400,CMC
2024-03-31,rut,CMC
2024-03-31,sp400,CMC
2024-06-30,rut,CMC
2024-06-30,sp400,CMC
2024-09-30,rut,CMC
2024-09-30,sp400,CMC
2024-12-31,rut,CMC
2024-12-31,sp400,CMC
2025-03-31,rut,CMC
2025-03-31,sp400,CMC
2025-06-30,rut,CMC
2025-06-30,sp400,CMC
2025-09-30,rut,CMC
2025-09-30,sp400,CMC
2025-12-31,rut,CMC
2025-12-31,sp400,CMC
2026-03-31,rut,CMC
2026-03-31,sp400,CMC
2026-06-30,rut,CMC
2026-06-30,sp400,CMC
2026-09-30,rut,CMC
2026-09-30,sp400,CMC
2019-12-31,rut,CRK
2020-03-31,rut,CRK
2020-06-30,rut,CRK
2020-09-30,rut,CRK
2020-12-31,rut,CRK
2021-03-31,rut,CRK
2021-06-30,rut,CRK
2021-09-30,rut,CRK
2021-12-31,rut,CRK
2022-03-31,rut,CRK
2022-06-30,rut,CRK
2022-09-30,rut,CRK
2022-12-31,rut,CRK
2023-03-31,rut,CRK
2023-03-31,sp600,CRK
2023-06-30,rut,CRK
2023-06-30,sp600,CRK
2023-09-30,rut,CRK
2023-09-30,sp600,CRK
2023-12-31,rut,CRK
2023-12-31,sp600,CRK
2024-03-31,rut,CRK
2024-03-31,sp600,CRK
2024-06-30,rut,CRK
2024-06-30,sp600,CRK
2024-09-30,rut,CRK
2024-09-30,sp600,CRK
2024-12-31,rut,CRK
2024-12-31,sp600,CRK
2025-03-31,rut,CRK
2025-03-31,sp600,CRK
2025-06-30,rut,CRK
2025-06-30,sp600,CRK
2025-09-30,rut,CRK
2025-09-30,sp600,CRK
2025-12-31,rut,CRK
2025-12-31,sp600,CRK
2026-03-31,rut,CRK
2026-03-31,sp600,CRK
2026-06-30,rut,CRK
2026-06-30,sp600,CRK
2026-09-30,rut,CRK
2026-09-30,sp600,CRK
2019-12-31,sp400,CUZ
2020-03-31,sp400,CUZ
2020-06-30,sp400,CUZ
2020-09-30,sp400,CUZ
2020-12-31,sp400,CUZ
2021-03-31,sp400,CUZ
2021-06-30,sp400,CUZ
2021-09-30,sp400,CUZ
2021-12-31,sp400,CUZ
2022-03-31,sp400,CUZ
2022-06-30,sp400,CUZ
2022-09-30,sp400,CUZ
2022-12-31,sp400,CUZ
2023-03-31,sp400,CUZ
2023-06-30,sp400,CUZ
2023-09-30,sp400,CUZ
2023-12-31,sp400,CUZ
2024-03-31,sp400,CUZ
2024-06-30,sp400,CUZ
2024-09-30,sp400,CUZ
2024-12-31,sp400,CUZ
2025-03-31,sp400,CUZ
2025-06-30,sp400,CUZ
2025-09-30,sp400,CUZ
2025-12-31,sp400,CUZ
2026-03-31,sp400,CUZ
2026-06-30,sp400,CUZ
2026-09-30,sp400,CUZ
2023-06-30,sp400,CXT
2023-09-30,sp400,CXT
2023-12-31,sp400,CXT
2024-03-31,sp400,CXT
2024-06-30,sp400,CXT
2024-09-30,sp400,CXT
2024-12-31,sp400,CXT
2025-03-31,sp400,CXT
2025-06-30,sp400,CXT
2025-09-30,sp400,CXT
2025-12-31,sp400,CXT
2026-03-31,sp400,CXT
2026-06-30,rut,CXT
2026-06-30,sp400,CXT
2026-09-30,rut,CXT
2026-09-30,sp400,CXT
2026-09-30,rut,CRD-A
2019-12-31,rut,CTS
2019-12-31,sp600,CTS
2020-03-31,rut,CTS
2020-03-31,sp600,CTS
2020-06-30,rut,CTS
2020-06-30,sp600,CTS
2020-09-30,rut,CTS
2020-09-30,sp600,CTS
2020-12-31,rut,CTS
2020-12-31,sp600,CTS
2021-03-31,rut,CTS
2021-03-31,sp600,CTS
2021-06-30,rut,CTS
2021-06-30,sp600,CTS
2021-09-30,rut,CTS
2021-09-30,sp600,CTS
2021-12-31,rut,CTS
2021-12-31,sp600,CTS
2022-03-31,rut,CTS
2022-03-31,sp600,CTS
2022-06-30,rut,CTS
2022-06-30,sp600,CTS
2022-09-30,rut,CTS
2022-09-30,sp600,CTS
2022-12-31,rut,CTS
2022-12-31,sp600,CTS
2023-03-31,rut,CTS
2023-03-31,sp600,CTS
2023-06-30,rut,CTS
2023-06-30,sp600,CTS
2023-09-30,rut,CTS
2023-09-30,sp600,CTS
2023-12-31,rut,CTS
2023-12-31,sp600,CTS
2024-03-31,rut,CTS
2024-03-31,sp600,CTS
2024-06-30,rut,CTS
2024-06-30,sp600,CTS
2024-09-30,rut,CTS
2024-09-30,sp600,CTS
2024-12-31,rut,CTS
2024-12-31,sp600,CTS
2025-03-31,rut,CTS
2025-03-31,sp600,CTS
2025-06-30,rut,CTS
2025-06-30,sp600,CTS
2025-09-30,rut,CTS
2025-09-30,sp600,CTS
2025-12-31,rut,CTS
2025-12-31,sp600,CTS
2026-03-31,rut,CTS
2026-03-31,sp600,CTS
2026-06-30,rut,CTS
2026-06-30,sp600,CTS
2026-09-30,rut,CTS
2026-09-30,sp600,CTS
2019-12-31,sp400,CW
2020-03-31,sp400,CW
2020-06-30,sp400,CW
2020-09-30,sp400,CW
2020-12-31,sp400,CW
2021-03-31,sp400,CW
2021-06-30,sp400,CW
2021-09-30,sp400,CW
2021-12-31,sp400,CW
2022-03-31,sp400,CW
2022-06-30,sp400,CW
2022-09-30,sp400,CW
2022-12-31,sp400,CW
2023-03-31,sp400,CW
2023-06-30,sp400,CW
2023-09-30,sp400,CW
2023-12-31,sp400,CW
2024-03-31,sp400,CW
2024-06-30,sp400,CW
2024-09-30,sp400,CW
2024-12-31,sp400,CW
2025-03-31,sp400,CW
2025-06-30,sp400,CW
2025-09-30,sp400,CW
2025-12-31,sp400,CW
2026-03-31,sp400,CW
2026-06-30,sp400,CW
2026-09-30,sp400,CW
2019-12-31,rut,DAN
2019-12-31,sp400,DAN
2020-03-31,rut,DAN
2020-03-31,sp400,DAN
2020-06-30,rut,DAN
2020-06-30,sp400,DAN
2020-09-30,rut,DAN
2020-09-30,sp400,DAN
2020-12-31,rut,DAN
2020-12-31,sp400,DAN
2021-03-31,rut,DAN
2021-03-31,sp400,DAN
2021-06-30,rut,DAN
2021-06-30,sp400,DAN
2021-09-30,rut,DAN
2021-09-30,sp400,DAN
2021-12-31,rut,DAN
2021-12-31,sp400,DAN
2022-03-31,rut,DAN
2022-03-31,sp400,DAN
2022-06-30,rut,DAN
2022-06-30,sp400,DAN
2022-09-30,rut,DAN
2022-09-30,sp400,DAN
2022-12-31,rut,DAN
2022-12-31,sp400,DAN
2023-03-31,rut,DAN
2023-03-31,sp400,DAN
2023-06-30,rut,DAN
2023-06-30,sp600,DAN
2023-09-30,rut,DAN
2023-09-30,sp600,DAN
2023-12-31,rut,DAN
2023-12-31,sp600,DAN
2024-03-31,rut,DAN
2024-03-31,sp600,DAN
2024-06-30,rut,DAN
2024-06-30,sp600,DAN
2024-09-30,rut,DAN
2024-09-30,sp600,DAN
2024-12-31,rut,DAN
2024-12-31,sp600,DAN
2025-03-31,rut,DAN
2025-03-31,sp600,DAN
2025-06-30,rut,DAN
2025-06-30,sp600,DAN
2025-09-30,rut,DAN
2025-09-30,sp600,DAN
2025-12-31,rut,DAN
2025-12-31,sp600,DAN
2026-03-31,rut,DAN
2026-03-31,sp600,DAN
2026-06-30,rut,DAN
2026-06-30,sp600,DAN
2026-09-30,rut,DAN
2026-09-30,sp600,DAN
2019-12-31,rut,DLX
2019-12-31,sp400,DLX
2020-03-31,rut,DLX
2020-03-31,sp400,DLX
2020-06-30,rut,DLX
2020-06-30,sp400,DLX
2020-09-30,rut,DLX
2020-09-30,sp600,DLX
2020-12-31,rut,DLX
2020-12-31,sp600,DLX
2021-03-31,rut,DLX
2021-03-31,sp600,DLX
2021-06-30,rut,DLX
2021-06-30,sp600,DLX
2021-09-30,rut,DLX
2021-09-30,sp600,DLX
2021-12-31,rut,DLX
2021-12-31,sp600,DLX
2022-03-31,rut,DLX
2022-03-31,sp600,DLX
2022-06-30,rut,DLX
2022-06-30,sp600,DLX
2022-09-30,rut,DLX
2022-09-30,sp600,DLX
2022-12-31,rut,DLX
2022-12-31,sp600,DLX
2023-03-31,rut,DLX
2023-03-31,sp600,DLX
2023-06-30,rut,DLX
2023-06-30,sp600,DLX
2023-09-30,rut,DLX
2023-09-30,sp600,DLX
2023-12-31,rut,DLX
2023-12-31,sp600,DLX
2024-03-31,rut,DLX
2024-03-31,sp600,DLX
2024-06-30,rut,DLX
2024-06-30,sp600,DLX
2024-09-30,rut,DLX
2024-09-30,sp600,DLX
2024-12-31,rut,DLX
2024-12-31,sp600,DLX
2025-03-31,rut,DLX
2025-03-31,sp600,DLX
2025-06-30,rut,DLX
2025-06-30,sp600,DLX
2025-09-30,rut,DLX
2025-09-30,sp600,DLX
2025-12-31,rut,DLX
2025-12-31,sp600,DLX
2026-03-31,rut,DLX
2026-03-31,sp600,DLX
2026-06-30,rut,DLX
2026-06-30,sp600,DLX
2026-09-30,rut,DLX
2026-09-30,sp600,DLX
2019-12-31,rut,DBD
2019-12-31,sp600,DBD
2020-03-31,rut,DBD
2020-03-31,sp600,DBD
2020-06-30,rut,DBD
2020-06-30,sp600,DBD
2020-09-30,rut,DBD
2020-09-30,sp600,DBD
2020-12-31,rut,DBD
2020-12-31,sp600,DBD
2021-03-31,rut,DBD
2021-03-31,sp600,DBD
2021-06-30,rut,DBD
2021-06-30,sp600,DBD
2021-09-30,rut,DBD
2021-09-30,sp600,DBD
2021-12-31,rut,DBD
2021-12-31,sp600,DBD
2022-03-31,rut,DBD
2022-03-31,sp600,DBD
2022-06-30,rut,DBD
2022-06-30,sp600,DBD
2022-09-30,rut,DBD
2022-09-30,sp600,DBD
2022-12-31,rut,DBD
2023-03-31,rut,DBD
2023-06-30,rut,DBD
2024-09-30,rut,DBD
2024-12-31,rut,DBD
2025-03-31,rut,DBD
2025-06-30,rut,DBD
2025-09-30,rut,DBD
2025-12-31,rut,DBD
2026-03-31,rut,DBD
2026-06-30,rut,DBD
2026-06-30,sp600,DBD
2026-09-30,rut,DBD
2026-09-30,sp600,DBD
2019-12-31,rut,DDS
2019-12-31,sp400,DDS
2020-03-31,rut,DDS
2020-03-31,sp400,DDS
2020-06-30,rut,DDS
2020-09-30,rut,DDS
2020-12-31,rut,DDS
2021-03-31,rut,DDS
2021-06-30,rut,DDS
2021-09-30,rut,DDS
2021-12-31,rut,DDS
2022-03-31,rut,DDS
2022-06-30,rut,DDS
2022-09-30,rut,DDS
2022-12-31,rut,DDS
2023-03-31,rut,DDS
2023-06-30,rut,DDS
2023-09-30,rut,DDS
2023-12-31,rut,DDS
2024-03-31,rut,DDS
2024-06-30,rut,DDS
2026-09-30,rut,DIOD
2026-09-30,sp600,DIOD
2019-12-31,sp400,DCI
2020-03-31,sp400,DCI
2020-06-30,sp400,DCI
2020-09-30,sp400,DCI
2020-12-31,sp400,DCI
2021-03-31,sp400,DCI
2021-06-30,sp400,DCI
2021-09-30,sp400,DCI
2021-12-31,sp400,DCI
2022-03-31,sp400,DCI
2022-06-30,sp400,DCI
2022-09-30,sp400,DCI
2022-12-31,sp400,DCI
2023-03-31,sp400,DCI
2023-06-30,sp400,DCI
2023-09-30,sp400,DCI
2023-12-31,sp400,DCI
2024-03-31,sp400,DCI
2024-06-30,sp400,DCI
2024-09-30,sp400,DCI
2024-12-31,sp400,DCI
2025-03-31,sp400,DCI
2025-06-30,sp400,DCI
2025-09-30,sp400,DCI
2025-12-31,sp400,DCI
2026-03-31,sp400,DCI
2026-06-30,sp400,DCI
2026-09-30,sp400,DCI
2019-12-31,rut,DCO
2020-03-31,rut,DCO
2020-06-30,rut,DCO
2020-09-30,rut,DCO
2020-12-31,rut,DCO
2021-03-31,rut,DCO
2021-06-30,rut,DCO
2021-09-30,rut,DCO
2021-12-31,rut,DCO
2022-03-31,rut,DCO
2022-06-30,rut,DCO
2022-09-30,rut,DCO
2022-12-31,rut,DCO
2023-03-31,rut,DCO
2023-06-30,rut,DCO
2023-09-30,rut,DCO
2023-12-31,rut,DCO
2024-03-31,rut,DCO
2024-06-30,rut,DCO
2024-09-30,rut,DCO
2024-12-31,rut,DCO
2025-03-31,rut,DCO
2025-06-30,rut,DCO
2025-09-30,rut,DCO
2025-12-31,rut,DCO
2026-03-31,rut,DCO
2026-06-30,rut,DCO
2026-09-30,rut,DCO
2021-03-31,sp400,FLS
2021-06-30,sp400,FLS
2021-09-30,sp400,FLS
2021-12-31,sp400,FLS
2022-03-31,sp400,FLS
2022-06-30,sp400,FLS
2022-09-30,sp400,FLS
2022-12-31,sp400,FLS
2023-03-31,sp400,FLS
2023-06-30,sp400,FLS
2023-09-30,sp400,FLS
2023-12-31,sp400,FLS
2024-03-31,sp400,FLS
2024-06-30,sp400,FLS
2024-09-30,sp400,FLS
2024-12-31,sp400,FLS
2025-03-31,sp400,FLS
2025-06-30,sp400,FLS
2025-09-30,sp400,FLS
2025-12-31,sp400,FLS
2026-03-31,sp400,FLS
2026-06-30,sp400,FLS
2026-09-30,sp400,FLS
2019-12-31,sp400,WEN
2020-03-31,sp400,WEN
2020-06-30,sp400,WEN
2020-09-30,sp400,WEN
2020-12-31,sp400,WEN
2021-03-31,sp400,WEN
2021-06-30,sp400,WEN
2021-09-30,sp400,WEN
2021-12-31,sp400,WEN
2022-03-31,sp400,WEN
2022-06-30,sp400,WEN
2022-09-30,sp400,WEN
2022-12-31,sp400,WEN
2023-03-31,sp400,WEN
2023-06-30,sp400,WEN
2023-09-30,sp400,WEN
2023-12-31,sp400,WEN
2024-03-31,sp400,WEN
2024-06-30,sp400,WEN
2024-09-30,sp400,WEN
2024-12-31,sp400,WEN
2025-03-31,sp400,WEN
2025-06-30,sp400,WEN
2025-09-30,sp600,WEN
2025-12-31,sp600,WEN
2026-03-31,sp600,WEN
2026-06-30,rut,WEN
2026-06-30,sp600,WEN
2026-09-30,rut,WEN
2026-09-30,sp600,WEN
2020-06-30,rut,KODK
2020-09-30,rut,KODK
2020-12-31,rut,KODK
2021-03-31,rut,KODK
2021-06-30,rut,KODK
2021-09-30,rut,KODK
2021-12-31,rut,KODK
2022-03-31,rut,KODK
2022-06-30,rut,KODK
2022-09-30,rut,KODK
2022-12-31,rut,KODK
2023-03-31,rut,KODK
2023-06-30,rut,KODK
2023-09-30,rut,KODK
2023-12-31,rut,KODK
2024-03-31,rut,KODK
2024-06-30,rut,KODK
2024-09-30,rut,KODK
2024-12-31,rut,KODK
2025-03-31,rut,KODK
2025-06-30,rut,KODK
2025-09-30,rut,KODK
2025-12-31,rut,KODK
2026-03-31,rut,KODK
2026-06-30,rut,KODK
2026-09-30,rut,KODK
2019-12-31,rut,SRCE
2020-03-31,rut,SRCE
2020-06-30,rut,SRCE
2020-09-30,rut,SRCE
2020-12-31,rut,SRCE
2021-03-31,rut,SRCE
2021-06-30,rut,SRCE
2021-09-30,rut,SRCE
2021-12-31,rut,SRCE
2022-03-31,rut,SRCE
2022-06-30,rut,SRCE
2022-09-30,rut,SRCE
2022-12-31,rut,SRCE
2023-03-31,rut,SRCE
2023-06-30,rut,SRCE
2023-09-30,rut,SRCE
2023-12-31,rut,SRCE
2024-03-31,rut,SRCE
2024-06-30,rut,SRCE
2024-09-30,rut,SRCE
2024-12-31,rut,SRCE
2025-03-31,rut,SRCE
2025-06-30,rut,SRCE
2025-09-30,rut,SRCE
2025-12-31,rut,SRCE
2026-03-31,rut,SRCE
2026-06-30,rut,SRCE
2026-09-30,rut,SRCE
2019-12-31,rut,FFIN
2019-12-31,sp400,FFIN
2020-03-31,rut,FFIN
2020-03-31,sp400,FFIN
2020-06-30,rut,FFIN
2020-06-30,sp400,FFIN
2020-09-30,rut,FFIN
2020-09-30,sp400,FFIN
2020-12-31,rut,FFIN
2020-12-31,sp400,FFIN
2021-03-31,rut,FFIN
2021-03-31,sp400,FFIN
2021-06-30,rut,FFIN
2021-06-30,sp400,FFIN
2021-09-30,rut,FFIN
2021-09-30,sp400,FFIN
2021-12-31,rut,FFIN
2021-12-31,sp400,FFIN
2022-03-31,rut,FFIN
2022-03-31,sp400,FFIN
2022-06-30,rut,FFIN
2022-06-30,sp400,FFIN
2022-09-30,rut,FFIN
2022-09-30,sp400,FFIN
2022-12-31,rut,FFIN
2022-12-31,sp400,FFIN
2023-03-31,rut,FFIN
2023-03-31,sp400,FFIN
2023-06-30,rut,FFIN
2023-06-30,sp400,FFIN
2023-09-30,rut,FFIN
2023-09-30,sp400,FFIN
2023-12-31,rut,FFIN
2023-12-31,sp400,FFIN
2024-03-31,rut,FFIN
2024-03-31,sp400,FFIN
2024-06-30,rut,FFIN
2024-06-30,sp400,FFIN
2024-09-30,rut,FFIN
2024-09-30,sp400,FFIN
2024-12-31,rut,FFIN
2024-12-31,sp400,FFIN
2025-03-31,rut,FFIN
2025-03-31,sp400,FFIN
2025-06-30,rut,FFIN
2025-06-30,sp400,FFIN
2025-09-30,rut,FFIN
2025-09-30,sp400,FFIN
2025-12-31,rut,FFIN
2025-12-31,sp400,FFIN
2026-03-31,rut,FFIN
2026-03-31,sp400,FFIN
2026-06-30,rut,FFIN
2026-06-30,sp400,FFIN
2026-09-30,rut,FFIN
2026-09-30,sp400,FFIN
2019-12-31,rut,TRMK
2019-12-31,sp400,TRMK
2020-03-31,rut,TRMK
2020-03-31,sp400,TRMK
2020-06-30,rut,TRMK
2020-06-30,sp400,TRMK
2020-09-30,rut,TRMK
2020-09-30,sp400,TRMK
2020-12-31,rut,TRMK
2020-12-31,sp400,TRMK
2021-03-31,rut,TRMK
2021-03-31,sp400,TRMK
2021-06-30,rut,TRMK
2021-06-30,sp400,TRMK
2021-09-30,rut,TRMK
2021-09-30,sp600,TRMK
2021-12-31,rut,TRMK
2021-12-31,sp600,TRMK
2022-03-31,rut,TRMK
2022-03-31,sp600,TRMK
2022-06-30,rut,TRMK
2022-06-30,sp600,TRMK
2022-09-30,rut,TRMK
2022-09-30,sp600,TRMK
2022-12-31,rut,TRMK
2022-12-31,sp600,TRMK
2023-03-31,rut,TRMK
2023-03-31,sp600,TRMK
2023-06-30,rut,TRMK
2023-06-30,sp600,TRMK
2023-09-30,rut,TRMK
2023-09-30,sp600,TRMK
2023-12-31,rut,TRMK
2023-12-31,sp600,TRMK
2024-03-31,rut,TRMK
2024-03-31,sp600,TRMK
2024-06-30,rut,TRMK
2024-06-30,sp600,TRMK
2024-09-30,rut,TRMK
2024-09-30,sp600,TRMK
2024-12-31,rut,TRMK
2024-12-31,sp600,TRMK
2025-03-31,rut,TRMK
2025-03-31,sp600,TRMK
2025-06-30,rut,TRMK
2025-06-30,sp600,TRMK
2025-09-30,rut,TRMK
2025-09-30,sp600,TRMK
2025-12-31,rut,TRMK
2025-12-31,sp600,TRMK
2026-03-31,rut,TRMK
2026-03-31,sp600,TRMK
2026-06-30,rut,TRMK
2026-06-30,sp600,TRMK
2026-09-30,rut,TRMK
2026-09-30,sp600,TRMK
2020-09-30,sp600,FHB
2020-12-31,sp600,FHB
2021-03-31,sp600,FHB
2021-06-30,sp600,FHB
2021-09-30,sp600,FHB
2021-12-31,sp600,FHB
2022-03-31,sp600,FHB
2022-06-30,sp600,FHB
2022-09-30,sp600,FHB
2022-12-31,sp600,FHB
2023-03-31,sp600,FHB
2023-06-30,sp600,FHB
2023-09-30,sp600,FHB
2023-12-31,sp600,FHB
2024-03-31,sp600,FHB
2024-06-30,sp600,FHB
2024-09-30,sp600,FHB
2024-12-31,sp600,FHB
2025-03-31,sp600,FHB
2025-06-30,sp600,FHB
2025-09-30,sp600,FHB
2025-12-31,sp600,FHB
2026-03-31,sp600,FHB
2026-06-30,sp600,FHB
2026-09-30,sp600,FHB
2019-12-31,sp400,FHN
2020-03-31,sp400,FHN
2020-06-30,sp400,FHN
2020-09-30,sp400,FHN
2020-12-31,sp400,FHN
2021-03-31,sp400,FHN
2021-06-30,sp400,FHN
2021-09-30,sp400,FHN
2021-12-31,sp400,FHN
2022-03-31,sp400,FHN
2022-06-30,sp400,FHN
2022-09-30,sp400,FHN
2022-12-31,sp400,FHN
2023-03-31,sp400,FHN
2023-06-30,sp400,FHN
2023-09-30,sp400,FHN
2023-12-31,sp400,FHN
2024-03-31,sp400,FHN
2024-06-30,sp400,FHN
2024-09-30,sp400,FHN
2024-12-31,sp400,FHN
2025-03-31,sp400,FHN
2025-06-30,sp400,FHN
2025-09-30,sp400,FHN
2025-12-31,sp400,FHN
2026-03-31,sp400,FHN
2026-06-30,sp400,FHN
2026-09-30,sp400,FHN
2025-03-31,sp600,FMC
2025-06-30,sp600,FMC
2025-09-30,sp600,FMC
2025-12-31,sp600,FMC
2026-03-31,sp600,FMC
2026-06-30,rut,FMC
2026-06-30,sp600,FMC
2026-09-30,rut,FMC
2026-09-30,sp600,FMC
2019-12-31,sp400,FNB
2020-03-31,sp400,FNB
2020-06-30,sp400,FNB
2020-09-30,sp400,FNB
2020-12-31,sp400,FNB
2021-03-31,sp400,FNB
2021-06-30,sp400,FNB
2021-09-30,sp400,FNB
2021-12-31,sp400,FNB
2022-03-31,sp400,FNB
2022-06-30,sp400,FNB
2022-09-30,sp400,FNB
2022-12-31,sp400,FNB
2023-03-31,sp400,FNB
2023-06-30,sp400,FNB
2023-09-30,sp400,FNB
2023-12-31,sp400,FNB
2024-03-31,sp400,FNB
2024-06-30,sp400,FNB
2024-09-30,sp400,FNB
2024-12-31,sp400,FNB
2025-03-31,sp400,FNB
2025-06-30,sp400,FNB
2025-09-30,sp400,FNB
2025-12-31,sp400,FNB
2026-03-31,sp400,FNB
2026-06-30,sp400,FNB
2026-09-30,sp400,FNB
2019-12-31,rut,FELE
2019-12-31,sp600,FELE
2020-03-31,rut,FELE
2020-03-31,sp600,FELE
2020-06-30,rut,FELE
2020-06-30,sp600,FELE
2020-09-30,rut,FELE
2020-09-30,sp600,FELE
2020-12-31,rut,FELE
2020-12-31,sp600,FELE
2021-03-31,rut,FELE
2021-03-31,sp600,FELE
2021-06-30,rut,FELE
2021-06-30,sp600,FELE
2021-09-30,rut,FELE
2021-09-30,sp600,FELE
2021-12-31,rut,FELE
2021-12-31,sp600,FELE
2022-03-31,rut,FELE
2022-03-31,sp600,FELE
2022-06-30,rut,FELE
2022-06-30,sp600,FELE
2022-09-30,rut,FELE
2022-09-30,sp600,FELE
2022-12-31,rut,FELE
2022-12-31,sp600,FELE
2023-03-31,rut,FELE
2023-03-31,sp600,FELE
2023-06-30,rut,FELE
2023-06-30,sp600,FELE
2023-09-30,rut,FELE
2023-09-30,sp600,FELE
2023-12-31,rut,FELE
2023-12-31,sp600,FELE
2024-03-31,rut,FELE
2024-03-31,sp600,FELE
2024-06-30,rut,FELE
2024-06-30,sp600,FELE
2024-09-30,rut,FELE
2024-09-30,sp600,FELE
2024-12-31,rut,FELE
2024-12-31,sp600,FELE
2025-03-31,rut,FELE
2025-03-31,sp600,FELE
2025-06-30,rut,FELE
2025-06-30,sp600,FELE
2025-09-30,rut,FELE
2025-09-30,sp600,FELE
2025-12-31,rut,FELE
2025-12-31,sp600,FELE
2026-03-31,rut,FELE
2026-03-31,sp600,FELE
2026-06-30,rut,FELE
2026-06-30,sp600,FELE
2026-09-30,rut,FELE
2026-09-30,sp600,FELE
2019-12-31,sp400,CFR
2020-03-31,sp400,CFR
2020-06-30,sp400,CFR
2020-09-30,sp400,CFR
2020-12-31,sp400,CFR
2021-03-31,sp400,CFR
2021-06-30,sp400,CFR
2021-09-30,sp400,CFR
2021-12-31,sp400,CFR
2022-03-31,sp400,CFR
2022-06-30,sp400,CFR
2022-09-30,sp400,CFR
2022-12-31,sp400,CFR
2023-03-31,sp400,CFR
2023-06-30,sp400,CFR
2023-09-30,sp400,CFR
2023-12-31,sp400,CFR
2024-03-31,sp400,CFR
2024-06-30,sp400,CFR
2024-09-30,sp400,CFR
2024-12-31,sp400,CFR
2025-03-31,sp400,CFR
2025-06-30,sp400,CFR
2025-09-30,sp400,CFR
2025-12-31,sp400,CFR
2026-03-31,sp400,CFR
2026-06-30,sp400,CFR
2026-09-30,sp400,CFR
2026-09-30,rut,IBCP
2026-09-30,rut,FUL
2026-09-30,sp600,FUL
2022-03-31,sp400,GAP
2022-06-30,sp400,GAP
2022-09-30,sp400,GAP
2022-12-31,sp400,GAP
2023-03-31,sp400,GAP
2023-06-30,sp400,GAP
2023-09-30,sp400,GAP
2023-12-31,sp400,GAP
2024-03-31,sp400,GAP
2024-06-30,sp400,GAP
2024-09-30,sp400,GAP
2024-12-31,sp400,GAP
2025-03-31,sp400,GAP
2025-06-30,sp400,GAP
2025-09-30,sp400,GAP
2025-12-31,sp400,GAP
2026-03-31,sp400,GAP
2026-06-30,sp400,GAP
2026-09-30,sp400,GAP
2019-12-31,rut,GATX
2019-12-31,sp400,GATX
2020-03-31,rut,GATX
2020-03-31,sp400,GATX
2020-06-30,rut,GATX
2020-06-30,sp400,GATX
2020-09-30,rut,GATX
2020-09-30,sp400,GATX
2020-12-31,rut,GATX
2020-12-31,sp400,GATX
2021-03-31,rut,GATX
2021-03-31,sp400,GATX
2021-06-30,rut,GATX
2021-06-30,sp400,GATX
2021-09-30,rut,GATX
2021-09-30,sp400,GATX
2021-12-31,rut,GATX
2021-12-31,sp400,GATX
2022-03-31,rut,GATX
2022-03-31,sp400,GATX
2022-06-30,rut,GATX
2022-06-30,sp400,GATX
2022-09-30,rut,GATX
2022-09-30,sp400,GATX
2022-12-31,rut,GATX
2022-12-31,sp400,GATX
2023-03-31,rut,GATX
2023-03-31,sp400,GATX
2023-06-30,rut,GATX
2023-06-30,sp400,GATX
2023-09-30,rut,GATX
2023-09-30,sp400,GATX
2023-12-31,rut,GATX
2023-12-31,sp400,GATX
2024-03-31,rut,GATX
2024-03-31,sp400,GATX
2024-06-30,rut,GATX
2024-06-30,sp400,GATX
2024-09-30,rut,GATX
2024-09-30,sp400,GATX
2024-12-31,rut,GATX
2024-12-31,sp400,GATX
2025-03-31,rut,GATX
2025-03-31,sp400,GATX
2025-06-30,rut,GATX
2025-06-30,sp400,GATX
2025-09-30,rut,GATX
2025-09-30,sp400,GATX
2025-12-31,rut,GATX
2025-12-31,sp400,GATX
2026-03-31,rut,GATX
2026-03-31,sp400,GATX
2026-06-30,rut,GATX
2026-06-30,sp400,GATX
2026-09-30,rut,GATX
2026-09-30,sp400,GATX
2023-09-30,sp400,ALLY
2023-12-31,sp400,ALLY
2024-03-31,sp400,ALLY
2024-06-30,sp400,ALLY
2024-09-30,sp400,ALLY
2024-12-31,sp400,ALLY
2025-03-31,sp400,ALLY
2025-06-30,sp400,ALLY
2025-09-30,sp400,ALLY
2025-12-31,sp400,ALLY
2026-03-31,sp400,ALLY
2026-06-30,sp400,ALLY
2026-09-30,sp400,ALLY
2025-06-30,rut,MAGN
2025-09-30,rut,MAGN
2025-12-31,rut,MAGN
2026-03-31,rut,MAGN
2026-06-30,rut,MAGN
2026-09-30,rut,MAGN
2026-09-30,rut,GT
2026-09-30,sp600,GT
2019-12-31,sp400,GGG
2020-03-31,sp400,GGG
2020-06-30,sp400,GGG
2020-09-30,sp400,GGG
2020-12-31,sp400,GGG
2021-03-31,sp400,GGG
2021-06-30,sp400,GGG
2021-09-30,sp400,GGG
2021-12-31,sp400,GGG
2022-03-31,sp400,GGG
2022-06-30,sp400,GGG
2022-09-30,sp400,GGG
2022-12-31,sp400,GGG
2023-03-31,sp400,GGG
2023-06-30,sp400,GGG
2023-09-30,sp400,GGG
2023-12-31,sp400,GGG
2024-03-31,sp400,GGG
2024-06-30,sp400,GGG
2024-09-30,sp400,GGG
2024-12-31,sp400,GGG
2025-03-31,sp400,GGG
2025-06-30,sp400,GGG
2025-09-30,sp400,GGG
2025-12-31,sp400,GGG
2026-03-31,sp400,GGG
2026-06-30,sp400,GGG
2026-09-30,sp400,GGG
2019-12-31,rut,GTN
2020-03-31,rut,GTN
2020-06-30,rut,GTN
2020-09-30,rut,GTN
2020-12-31,rut,GTN
2021-03-31,rut,GTN
2021-06-30,rut,GTN
2021-09-30,rut,GTN
2021-12-31,rut,GTN
2022-03-31,rut,GTN
2022-06-30,rut,GTN
2022-09-30,rut,GTN
2022-12-31,rut,GTN
2023-03-31,rut,GTN
2023-06-30,rut,GTN
2023-09-30,rut,GTN
2023-12-31,rut,GTN
2024-03-31,rut,GTN
2024-06-30,rut,GTN
2024-09-30,rut,GTN
2024-12-31,rut,GTN
2025-03-31,rut,GTN
2025-06-30,rut,GTN
2025-09-30,rut,GTN
2025-12-31,rut,GTN
2026-03-31,rut,GTN
2026-06-30,rut,GTN
2026-09-30,rut,GTN
2019-12-31,rut,GEF
2019-12-31,sp400,GEF
2020-03-31,rut,GEF
2020-03-31,sp400,GEF
2020-06-30,rut,GEF
2020-06-30,sp400,GEF
2020-09-30,rut,GEF
2020-09-30,sp400,GEF
2020-12-31,rut,GEF
2020-12-31,sp400,GEF
2021-03-31,rut,GEF
2021-03-31,sp400,GEF
2021-06-30,rut,GEF
2021-06-30,sp400,GEF
2021-09-30,rut,GEF
2021-09-30,sp400,GEF
2021-12-31,rut,GEF
2021-12-31,sp400,GEF
2022-03-31,rut,GEF
2022-03-31,sp400,GEF
2022-06-30,rut,GEF
2022-06-30,sp400,GEF
2022-09-30,rut,GEF
2022-09-30,sp400,GEF
2022-12-31,rut,GEF
2022-12-31,sp400,GEF
2023-03-31,rut,GEF
2023-03-31,sp400,GEF
2023-06-30,rut,GEF
2023-06-30,sp400,GEF
2023-09-30,rut,GEF
2023-09-30,sp400,GEF
2023-12-31,rut,GEF
2023-12-31,sp400,GEF
2024-03-31,rut,GEF
2024-03-31,sp400,GEF
2024-06-30,rut,GEF
2024-06-30,sp400,GEF
2024-09-30,rut,GEF
2024-09-30,sp400,GEF
2024-12-31,rut,GEF
2024-12-31,sp400,GEF
2025-03-31,rut,GEF
2025-03-31,sp400,GEF
2025-06-30,rut,GEF
2025-06-30,sp400,GEF
2025-09-30,rut,GEF
2025-09-30,sp400,GEF
2025-12-31,rut,GEF
2025-12-31,sp400,GEF
2026-03-31,rut,GEF
2026-03-31,sp400,GEF
2026-06-30,rut,GEF
2026-06-30,sp400,GEF
2026-09-30,rut,GEF
2026-09-30,sp400,GEF
2019-12-31,sp400,BOH
2020-03-31,sp400,BOH
2020-06-30,sp400,BOH
2020-09-30,sp400,BOH
2020-12-31,sp400,BOH
2021-03-31,sp400,BOH
2021-06-30,sp400,BOH
2021-09-30,sp400,BOH
2021-12-31,sp400,BOH
2022-03-31,sp400,BOH
2022-06-30,sp400,BOH
2022-09-30,sp400,BOH
2022-12-31,sp400,BOH
2023-03-31,sp400,BOH
2023-06-30,rut,BOH
2023-06-30,sp600,BOH
2023-09-30,rut,BOH
2023-09-30,sp600,BOH
2023-12-31,rut,BOH
2023-12-31,sp600,BOH
2024-03-31,rut,BOH
2024-03-31,sp600,BOH
2024-06-30,rut,BOH
2024-06-30,sp600,BOH
2024-09-30,rut,BOH
2024-09-30,sp600,BOH
2024-12-31,rut,BOH
2024-12-31,sp600,BOH
2025-03-31,rut,BOH
2025-03-31,sp600,BOH
2025-06-30,rut,BOH
2025-06-30,sp600,BOH
2025-09-30,rut,BOH
2025-09-30,sp600,BOH
2025-12-31,rut,BOH
2025-12-31,sp600,BOH
2026-03-31,rut,BOH
2026-03-31,sp600,BOH
2026-06-30,rut,BOH
2026-06-30,sp600,BOH
2026-09-30,rut,BOH
2026-09-30,sp600,BOH
2019-12-31,rut,HWKN
2019-12-31,sp600,HWKN
2020-03-31,rut,HWKN
2020-03-31,sp600,HWKN
2020-06-30,rut,HWKN
2020-06-30,sp600,HWKN
2020-09-30,rut,HWKN
2020-09-30,sp600,HWKN
2020-12-31,rut,HWKN
2020-12-31,sp600,HWKN
2021-03-31,rut,HWKN
2021-03-31,sp600,HWKN
2021-06-30,rut,HWKN
2021-06-30,sp600,HWKN
2021-09-30,rut,HWKN
2021-09-30,sp600,HWKN
2021-12-31,rut,HWKN
2021-12-31,sp600,HWKN
2022-03-31,rut,HWKN
2022-03-31,sp600,HWKN
2022-06-30,rut,HWKN
2022-06-30,sp600,HWKN
2022-09-30,rut,HWKN
2022-09-30,sp600,HWKN
2022-12-31,rut,HWKN
2022-12-31,sp600,HWKN
2023-03-31,rut,HWKN
2023-03-31,sp600,HWKN
2023-06-30,rut,HWKN
2023-06-30,sp600,HWKN
2023-09-30,rut,HWKN
2023-09-30,sp600,HWKN
2023-12-31,rut,HWKN
2023-12-31,sp600,HWKN
2024-03-31,rut,HWKN
2024-03-31,sp600,HWKN
2024-06-30,rut,HWKN
2024-06-30,sp600,HWKN
2024-09-30,rut,HWKN
2024-09-30,sp600,HWKN
2024-12-31,rut,HWKN
2024-12-31,sp600,HWKN
2025-03-31,rut,HWKN
2025-03-31,sp600,HWKN
2025-06-30,rut,HWKN
2025-06-30,sp600,HWKN
2025-09-30,rut,HWKN
2025-09-30,sp600,HWKN
2025-12-31,rut,HWKN
2025-12-31,sp600,HWKN
2026-03-31,rut,HWKN
2026-03-31,sp600,HWKN
2026-06-30,rut,HWKN
2026-06-30,sp600,HWKN
2026-09-30,rut,HWKN
2026-09-30,sp600,HWKN
2026-09-30,rut,HP
2026-09-30,sp600,HP
2019-12-31,rut,HNI
2019-12-31,sp400,HNI
2020-03-31,rut,HNI
2020-03-31,sp400,HNI
2020-06-30,rut,HNI
2020-06-30,sp400,HNI
2020-09-30,rut,HNI
2020-09-30,sp400,HNI
2020-12-31,rut,HNI
2020-12-31,sp400,HNI
2021-03-31,rut,HNI
2021-03-31,sp600,HNI
2021-06-30,rut,HNI
2021-06-30,sp600,HNI
2021-09-30,rut,HNI
2021-09-30,sp600,HNI
2021-12-31,rut,HNI
2021-12-31,sp600,HNI
2022-03-31,rut,HNI
2022-03-31,sp600,HNI
2022-06-30,rut,HNI
2022-06-30,sp600,HNI
2022-09-30,rut,HNI
2022-09-30,sp600,HNI
2022-12-31,rut,HNI
2022-12-31,sp600,HNI
2023-03-31,rut,HNI
2023-03-31,sp600,HNI
2023-06-30,rut,HNI
2023-06-30,sp600,HNI
2023-09-30,rut,HNI
2023-09-30,sp600,HNI
2023-12-31,rut,HNI
2023-12-31,sp600,HNI
2024-03-31,rut,HNI
2024-03-31,sp600,HNI
2024-06-30,rut,HNI
2024-06-30,sp600,HNI
2024-09-30,rut,HNI
2024-09-30,sp600,HNI
2024-12-31,rut,HNI
2024-12-31,sp600,HNI
2025-03-31,rut,HNI
2025-03-31,sp600,HNI
2025-06-30,rut,HNI
2025-06-30,sp600,HNI
2025-09-30,rut,HNI
2025-09-30,sp600,HNI
2025-12-31,rut,HNI
2025-12-31,sp600,HNI
2026-03-31,rut,HNI
2026-03-31,sp600,HNI
2026-06-30,rut,HNI
2026-06-30,sp600,HNI
2026-09-30,rut,HNI
2026-09-30,sp600,HNI
2019-12-31,rut,EGP
2019-12-31,sp400,EGP
2020-03-31,rut,EGP
2020-03-31,sp400,EGP
2020-06-30,rut,EGP
2020-06-30,sp400,EGP
2020-09-30,rut,EGP
2020-09-30,sp400,EGP
2020-12-31,rut,EGP
2020-12-31,sp400,EGP
2021-03-31,rut,EGP
2021-03-31,sp400,EGP
2021-06-30,rut,EGP
2021-06-30,sp400,EGP
2021-09-30,rut,EGP
2021-09-30,sp400,EGP
2021-12-31,rut,EGP
2021-12-31,sp400,EGP
2022-03-31,rut,EGP
2022-03-31,sp400,EGP
2022-06-30,sp400,EGP
2022-09-30,sp400,EGP
2022-12-31,sp400,EGP
2023-03-31,sp400,EGP
2023-06-30,sp400,EGP
2023-09-30,sp400,EGP
2023-12-31,sp400,EGP
2024-03-31,sp400,EGP
2024-06-30,sp400,EGP
2024-09-30,sp400,EGP
2024-12-31,sp400,EGP
2025-03-31,sp400,EGP
2025-06-30,sp400,EGP
2025-09-30,sp400,EGP
2025-12-31,sp400,EGP
2026-03-31,sp400,EGP
2026-06-30,sp400,EGP
2026-09-30,sp400,EGP
2019-12-31,rut,IMKTA
2020-03-31,rut,IMKTA
2020-06-30,rut,IMKTA
2020-09-30,rut,IMKTA
2020-12-31,rut,IMKTA
2021-03-31,rut,IMKTA
2021-06-30,rut,IMKTA
2021-09-30,rut,IMKTA
2021-12-31,rut,IMKTA
2022-03-31,rut,IMKTA
2022-06-30,rut,IMKTA
2022-09-30,rut,IMKTA
2022-12-31,rut,IMKTA
2023-03-31,rut,IMKTA
2023-06-30,rut,IMKTA
2023-09-30,rut,IMKTA
2023-12-31,rut,IMKTA
2024-03-31,rut,IMKTA
2024-06-30,rut,IMKTA
2024-09-30,rut,IMKTA
2024-12-31,rut,IMKTA
2025-03-31,rut,IMKTA
2025-06-30,rut,IMKTA
2025-09-30,rut,IMKTA
2025-12-31,rut,IMKTA
2026-03-31,rut,IMKTA
2026-06-30,rut,IMKTA
2026-09-30,rut,IMKTA
2019-12-31,rut,GFF
2019-12-31,sp600,GFF
2020-03-31,rut,GFF
2020-03-31,sp600,GFF
2020-06-30,rut,GFF
2020-06-30,sp600,GFF
2020-09-30,rut,GFF
2020-09-30,sp600,GFF
2020-12-31,rut,GFF
2020-12-31,sp600,GFF
2021-03-31,rut,GFF
2021-03-31,sp600,GFF
2021-06-30,rut,GFF
2021-06-30,sp600,GFF
2021-09-30,rut,GFF
2021-09-30,sp600,GFF
2021-12-31,rut,GFF
2021-12-31,sp600,GFF
2022-03-31,rut,GFF
2022-03-31,sp600,GFF
2022-06-30,rut,GFF
2022-06-30,sp600,GFF
2022-09-30,rut,GFF
2022-09-30,sp600,GFF
2022-12-31,rut,GFF
2022-12-31,sp600,GFF
2023-03-31,rut,GFF
2023-03-31,sp600,GFF
2023-06-30,rut,GFF
2023-06-30,sp600,GFF
2023-09-30,rut,GFF
2023-09-30,sp600,GFF
2023-12-31,rut,GFF
2023-12-31,sp600,GFF
2024-03-31,rut,GFF
2024-03-31,sp600,GFF
2024-06-30,rut,GFF
2024-06-30,sp600,GFF
2024-09-30,rut,GFF
2024-09-30,sp600,GFF
2024-12-31,rut,GFF
2024-12-31,sp600,GFF
2025-03-31,rut,GFF
2025-03-31,sp600,GFF
2025-06-30,rut,GFF
2025-06-30,sp600,GFF
2025-09-30,rut,GFF
2025-09-30,sp600,GFF
2025-12-31,rut,GFF
2025-12-31,sp600,GFF
2026-03-31,rut,GFF
2026-03-31,sp600,GFF
2026-06-30,rut,GFF
2026-06-30,sp600,GFF
2026-09-30,rut,GFF
2026-09-30,sp600,GFF
2019-12-31,sp400,RYN
2020-03-31,sp400,RYN
2020-06-30,sp400,RYN
2020-09-30,sp400,RYN
2020-12-31,sp400,RYN
2021-03-31,sp400,RYN
2021-06-30,sp400,RYN
2021-09-30,sp400,RYN
2021-12-31,sp400,RYN
2022-03-31,sp400,RYN
2022-06-30,sp400,RYN
2022-09-30,sp400,RYN
2022-12-31,sp400,RYN
2023-03-31,sp400,RYN
2023-06-30,sp400,RYN
2023-09-30,sp400,RYN
2023-12-31,sp400,RYN
2024-03-31,sp400,RYN
2024-06-30,sp400,RYN
2024-09-30,sp400,RYN
2024-12-31,sp400,RYN
2025-03-31,sp400,RYN
2025-06-30,sp400,RYN
2025-09-30,sp400,RYN
2025-12-31,sp400,RYN
2026-03-31,sp400,RYN
2026-06-30,sp400,RYN
2026-09-30,sp400,RYN
2019-12-31,rut,KELYA
2019-12-31,sp600,KELYA
2020-03-31,rut,KELYA
2020-03-31,sp600,KELYA
2020-06-30,rut,KELYA
2020-06-30,sp600,KELYA
2020-09-30,rut,KELYA
2020-09-30,sp600,KELYA
2020-12-31,rut,KELYA
2020-12-31,sp600,KELYA
2021-03-31,rut,KELYA
2021-03-31,sp600,KELYA
2021-06-30,rut,KELYA
2021-06-30,sp600,KELYA
2021-09-30,rut,KELYA
2021-09-30,sp600,KELYA
2021-12-31,rut,KELYA
2021-12-31,sp600,KELYA
2022-03-31,rut,KELYA
2022-03-31,sp600,KELYA
2022-06-30,rut,KELYA
2022-06-30,sp600,KELYA
2022-09-30,rut,KELYA
2022-09-30,sp600,KELYA
2022-12-31,rut,KELYA
2022-12-31,sp600,KELYA
2023-03-31,rut,KELYA
2023-03-31,sp600,KELYA
2023-06-30,rut,KELYA
2023-06-30,sp600,KELYA
2023-09-30,rut,KELYA
2023-09-30,sp600,KELYA
2023-12-31,rut,KELYA
2023-12-31,sp600,KELYA
2024-03-31,rut,KELYA
2024-03-31,sp600,KELYA
2024-06-30,rut,KELYA
2024-06-30,sp600,KELYA
2024-09-30,rut,KELYA
2024-09-30,sp600,KELYA
2024-12-31,rut,KELYA
2025-03-31,rut,KELYA
2025-06-30,rut,KELYA
2025-09-30,rut,KELYA
2025-12-31,rut,KELYA
2026-03-31,rut,KELYA
2026-06-30,rut,KELYA
2026-09-30,rut,KELYA
2019-12-31,rut,KMT
2019-12-31,sp400,KMT
2020-03-31,rut,KMT
2020-03-31,sp400,KMT
2020-06-30,rut,KMT
2020-06-30,sp400,KMT
2020-09-30,rut,KMT
2020-09-30,sp400,KMT
2020-12-31,rut,KMT
2020-12-31,sp400,KMT
2021-03-31,rut,KMT
2021-03-31,sp400,KMT
2021-06-30,rut,KMT
2021-06-30,sp400,KMT
2021-09-30,rut,KMT
2021-09-30,sp400,KMT
2021-12-31,rut,KMT
2021-12-31,sp400,KMT
2022-03-31,rut,KMT
2022-03-31,sp400,KMT
2022-06-30,rut,KMT
2022-06-30,sp400,KMT
2022-09-30,rut,KMT
2022-09-30,sp400,KMT
2022-12-31,rut,KMT
2022-12-31,sp400,KMT
2023-03-31,rut,KMT
2023-03-31,sp600,KMT
2023-06-30,rut,KMT
2023-06-30,sp600,KMT
2023-09-30,rut,KMT
2023-09-30,sp600,KMT
2023-12-31,rut,KMT
2023-12-31,sp600,KMT
2024-03-31,rut,KMT
2024-03-31,sp600,KMT
2024-06-30,rut,KMT
2024-06-30,sp600,KMT
2024-09-30,rut,KMT
2024-09-30,sp600,KMT
2024-12-31,rut,KMT
2024-12-31,sp600,KMT
2025-03-31,rut,KMT
2025-03-31,sp600,KMT
2025-06-30,rut,KMT
2025-06-30,sp600,KMT
2025-09-30,rut,KMT
2025-09-30,sp600,KMT
2025-12-31,rut,KMT
2025-12-31,sp600,KMT
2026-03-31,rut,KMT
2026-03-31,sp600,KMT
2026-06-30,rut,KMT
2026-06-30,sp600,KMT
2026-09-30,rut,KMT
2026-09-30,sp600,KMT
2019-12-31,sp400,KEX
2020-03-31,sp400,KEX
2020-06-30,sp400,KEX
2020-09-30,sp400,KEX
2020-12-31,sp400,KEX
2021-03-31,sp400,KEX
2021-06-30,sp400,KEX
2021-09-30,sp400,KEX
2021-12-31,sp400,KEX
2022-03-31,sp400,KEX
2022-06-30,sp400,KEX
2022-09-30,sp400,KEX
2022-12-31,sp400,KEX
2023-03-31,sp400,KEX
2023-06-30,sp400,KEX
2023-09-30,sp400,KEX
2023-12-31,sp400,KEX
2024-03-31,sp400,KEX
2024-06-30,sp400,KEX
2024-09-30,sp400,KEX
2024-12-31,sp400,KEX
2025-03-31,sp400,KEX
2025-06-30,sp400,KEX
2025-09-30,sp400,KEX
2025-12-31,sp400,KEX
2026-03-31,sp400,KEX
2026-06-30,sp400,KEX
2026-09-30,sp400,KEX
2019-12-31,rut,KFY
2019-12-31,sp600,KFY
2020-03-31,rut,KFY
2020-03-31,sp600,KFY
2020-06-30,rut,KFY
2020-06-30,sp600,KFY
2020-09-30,rut,KFY
2020-09-30,sp600,KFY
2020-12-31,rut,KFY
2020-12-31,sp600,KFY
2021-03-31,rut,KFY
2021-03-31,sp600,KFY
2021-06-30,rut,KFY
2021-06-30,sp600,KFY
2021-09-30,rut,KFY
2021-09-30,sp600,KFY
2021-12-31,rut,KFY
2021-12-31,sp600,KFY
2022-03-31,rut,KFY
2022-03-31,sp600,KFY
2022-06-30,rut,KFY
2022-06-30,sp600,KFY
2022-09-30,rut,KFY
2022-09-30,sp600,KFY
2022-12-31,rut,KFY
2022-12-31,sp600,KFY
2023-03-31,rut,KFY
2023-03-31,sp600,KFY
2023-06-30,rut,KFY
2023-06-30,sp600,KFY
2023-09-30,rut,KFY
2023-09-30,sp600,KFY
2023-12-31,rut,KFY
2023-12-31,sp600,KFY
2024-03-31,rut,KFY
2024-03-31,sp600,KFY
2024-06-30,rut,KFY
2024-06-30,sp600,KFY
2024-09-30,rut,KFY
2024-09-30,sp600,KFY
2024-12-31,rut,KFY
2024-12-31,sp600,KFY
2025-03-31,rut,KFY
2025-03-31,sp600,KFY
2025-06-30,rut,KFY
2025-06-30,sp600,KFY
2025-09-30,rut,KFY
2025-09-30,sp600,KFY
2025-12-31,rut,KFY
2025-12-31,sp600,KFY
2026-03-31,rut,KFY
2026-03-31,sp600,KFY
2026-06-30,rut,KFY
2026-06-30,sp600,KFY
2026-09-30,rut,KFY
2026-09-30,sp600,KFY
2019-12-31,sp600,KLIC
2020-03-31,sp600,KLIC
2020-06-30,sp600,KLIC
2020-09-30,sp600,KLIC
2020-12-31,sp600,KLIC
2021-03-31,sp600,KLIC
2021-06-30,rut,KLIC
2021-06-30,sp600,KLIC
2021-09-30,rut,KLIC
2021-09-30,sp600,KLIC
2021-12-31,rut,KLIC
2021-12-31,sp600,KLIC
2022-03-31,rut,KLIC
2022-03-31,sp600,KLIC
2022-06-30,rut,KLIC
2022-06-30,sp600,KLIC
2022-09-30,rut,KLIC
2022-09-30,sp600,KLIC
2022-12-31,rut,KLIC
2022-12-31,sp600,KLIC
2023-03-31,rut,KLIC
2023-03-31,sp600,KLIC
2023-06-30,rut,KLIC
2023-06-30,sp600,KLIC
2023-09-30,rut,KLIC
2023-09-30,sp600,KLIC
2023-12-31,rut,KLIC
2023-12-31,sp600,KLIC
2024-03-31,rut,KLIC
2024-03-31,sp600,KLIC
2024-06-30,rut,KLIC
2024-06-30,sp600,KLIC
2024-09-30,rut,KLIC
2024-09-30,sp600,KLIC
2024-12-31,rut,KLIC
2024-12-31,sp600,KLIC
2025-03-31,rut,KLIC
2025-03-31,sp600,KLIC
2025-06-30,rut,KLIC
2025-06-30,sp600,KLIC
2025-09-30,rut,KLIC
2025-09-30,sp600,KLIC
2025-12-31,rut,KLIC
2025-12-31,sp600,KLIC
2026-03-31,rut,KLIC
2026-03-31,sp600,KLIC
2026-06-30,rut,KLIC
2026-06-30,sp600,KLIC
2026-09-30,rut,KLIC
2026-09-30,sp600,KLIC
2019-12-31,rut,LZB
2019-12-31,sp600,LZB
2020-03-31,rut,LZB
2020-03-31,sp600,LZB
2020-06-30,rut,LZB
2020-06-30,sp600,LZB
2020-09-30,rut,LZB
2020-09-30,sp600,LZB
2020-12-31,rut,LZB
2020-12-31,sp600,LZB
2021-03-31,rut,LZB
2021-03-31,sp600,LZB
2021-06-30,rut,LZB
2021-06-30,sp600,LZB
2021-09-30,rut,LZB
2021-09-30,sp600,LZB
2021-12-31,rut,LZB
2021-12-31,sp600,LZB
2022-03-31,rut,LZB
2022-03-31,sp600,LZB
2022-06-30,rut,LZB
2022-06-30,sp600,LZB
2022-09-30,rut,LZB
2022-09-30,sp600,LZB
2022-12-31,rut,LZB
2022-12-31,sp600,LZB
2023-03-31,rut,LZB
2023-03-31,sp600,LZB
2023-06-30,rut,LZB
2023-06-30,sp600,LZB
2023-09-30,rut,LZB
2023-09-30,sp600,LZB
2023-12-31,rut,LZB
2023-12-31,sp600,LZB
2024-03-31,rut,LZB
2024-03-31,sp600,LZB
2024-06-30,rut,LZB
2024-06-30,sp600,LZB
2024-09-30,rut,LZB
2024-09-30,sp600,LZB
2024-12-31,rut,LZB
2024-12-31,sp600,LZB
2025-03-31,rut,LZB
2025-03-31,sp600,LZB
2025-06-30,rut,LZB
2025-06-30,sp600,LZB
2025-09-30,rut,LZB
2025-09-30,sp600,LZB
2025-12-31,rut,LZB
2025-12-31,sp600,LZB
2026-03-31,rut,LZB
2026-03-31,sp600,LZB
2026-06-30,rut,LZB
2026-06-30,sp600,LZB
2026-09-30,rut,LZB
2026-09-30,sp600,LZB
2019-12-31,rut,MZTI
2019-12-31,sp400,MZTI
2020-03-31,rut,MZTI
2020-03-31,sp400,MZTI
2020-06-30,rut,MZTI
2020-06-30,sp400,MZTI
2020-09-30,rut,MZTI
2020-09-30,sp400,MZTI
2020-12-31,rut,MZTI
2020-12-31,sp400,MZTI
2021-03-31,rut,MZTI
2021-03-31,sp400,MZTI
2021-06-30,rut,MZTI
2021-06-30,sp400,MZTI
2021-09-30,rut,MZTI
2021-09-30,sp400,MZTI
2021-12-31,rut,MZTI
2021-12-31,sp400,MZTI
2022-03-31,rut,MZTI
2022-03-31,sp400,MZTI
2022-06-30,rut,MZTI
2022-06-30,sp400,MZTI
2022-09-30,rut,MZTI
2022-09-30,sp400,MZTI
2022-12-31,rut,MZTI
2022-12-31,sp400,MZTI
2023-03-31,rut,MZTI
2023-03-31,sp400,MZTI
2023-06-30,rut,MZTI
2023-06-30,sp400,MZTI
2023-09-30,rut,MZTI
2023-09-30,sp400,MZTI
2023-12-31,rut,MZTI
2023-12-31,sp400,MZTI
2024-03-31,rut,MZTI
2024-03-31,sp400,MZTI
2024-06-30,rut,MZTI
2024-06-30,sp400,MZTI
2024-09-30,rut,MZTI
2024-09-30,sp400,MZTI
2024-12-31,rut,MZTI
2024-12-31,sp400,MZTI
2025-03-31,rut,MZTI
2025-03-31,sp400,MZTI
2025-06-30,rut,MZTI
2025-06-30,sp400,MZTI
2025-09-30,rut,MZTI
2025-09-30,sp400,MZTI
2025-12-31,rut,MZTI
2025-12-31,sp400,MZTI
2026-03-31,rut,MZTI
2026-03-31,sp400,MZTI
2026-06-30,rut,MZTI
2026-06-30,sp400,MZTI
2026-09-30,rut,MZTI
2026-09-30,sp400,MZTI
2019-12-31,rut,VHI
2020-03-31,rut,VHI
2020-06-30,rut,VHI
2021-06-30,rut,VHI
2021-09-30,rut,VHI
2021-12-31,rut,VHI
2022-03-31,rut,VHI
2022-06-30,rut,VHI
2022-09-30,rut,VHI
2022-12-31,rut,VHI
2023-03-31,rut,VHI
2023-06-30,rut,VHI
2023-09-30,rut,VHI
2023-12-31,rut,VHI
2024-03-31,rut,VHI
2024-06-30,rut,VHI
2024-09-30,rut,VHI
2024-12-31,rut,VHI
2025-03-31,rut,VHI
2025-06-30,rut,VHI
2025-09-30,rut,VHI
2025-12-31,rut,VHI
2026-03-31,rut,VHI
2026-06-30,rut,VHI
2026-09-30,rut,VHI
2019-12-31,sp400,LECO
2020-03-31,sp400,LECO
2020-06-30,sp400,LECO
2020-09-30,sp400,LECO
2020-12-31,sp400,LECO
2021-03-31,sp400,LECO
2021-06-30,sp400,LECO
2021-09-30,sp400,LECO
2021-12-31,sp400,LECO
2022-03-31,sp400,LECO
2022-06-30,sp400,LECO
2022-09-30,sp400,LECO
2022-12-31,sp400,LECO
2023-03-31,sp400,LECO
2023-06-30,sp400,LECO
2023-09-30,sp400,LECO
2023-12-31,sp400,LECO
2024-03-31,sp400,LECO
2024-06-30,sp400,LECO
2024-09-30,sp400,LECO
2024-12-31,sp400,LECO
2025-03-31,sp400,LECO
2025-06-30,sp400,LECO
2025-09-30,sp400,LECO
2025-12-31,sp400,LECO
2026-03-31,sp400,LECO
2026-06-30,sp400,LECO
2026-09-30,sp400,LECO
2023-09-30,sp600,LNC
2023-12-31,sp600,LNC
2024-03-31,sp600,LNC
2024-06-30,sp600,LNC
2024-09-30,sp600,LNC
2024-12-31,sp600,LNC
2025-03-31,sp600,LNC
2025-06-30,sp600,LNC
2025-09-30,sp600,LNC
2025-12-31,sp600,LNC
2026-03-31,sp600,LNC
2026-06-30,sp600,LNC
2026-09-30,sp600,LNC
2019-12-31,rut,LPX
2019-12-31,sp400,LPX
2020-03-31,rut,LPX
2020-03-31,sp400,LPX
2020-06-30,rut,LPX
2020-06-30,sp400,LPX
2020-09-30,rut,LPX
2020-09-30,sp400,LPX
2020-12-31,rut,LPX
2020-12-31,sp400,LPX
2021-03-31,rut,LPX
2021-03-31,sp400,LPX
2021-06-30,sp400,LPX
2021-09-30,sp400,LPX
2021-12-31,sp400,LPX
2022-03-31,sp400,LPX
2022-06-30,sp400,LPX
2022-09-30,sp400,LPX
2022-12-31,sp400,LPX
2023-03-31,sp400,LPX
2023-06-30,sp400,LPX
2023-09-30,sp400,LPX
2023-12-31,sp400,LPX
2024-03-31,sp400,LPX
2024-06-30,sp400,LPX
2024-09-30,sp400,LPX
2024-12-31,sp400,LPX
2025-03-31,sp400,LPX
2025-06-30,sp400,LPX
2025-09-30,sp400,LPX
2025-12-31,sp400,LPX
2026-03-31,sp400,LPX
2026-06-30,sp400,LPX
2026-09-30,sp400,LPX
2019-12-31,rut,MTW
2020-03-31,rut,MTW
2020-06-30,rut,MTW
2020-09-30,rut,MTW
2020-12-31,rut,MTW
2021-03-31,rut,MTW
2021-06-30,rut,MTW
2021-09-30,rut,MTW
2021-12-31,rut,MTW
2022-03-31,rut,MTW
2022-06-30,rut,MTW
2022-09-30,rut,MTW
2022-12-31,rut,MTW
2023-03-31,rut,MTW
2023-06-30,rut,MTW
2023-09-30,rut,MTW
2023-12-31,rut,MTW
2024-03-31,rut,MTW
2024-06-30,rut,MTW
2024-09-30,rut,MTW
2024-12-31,rut,MTW
2025-03-31,rut,MTW
2025-06-30,rut,MTW
2025-09-30,rut,MTW
2025-12-31,rut,MTW
2026-03-31,rut,MTW
2026-06-30,rut,MTW
2026-09-30,rut,MTW
2019-12-31,sp400,MAT
2020-03-31,sp400,MAT
2020-06-30,sp400,MAT
2020-09-30,sp400,MAT
2020-12-31,sp400,MAT
2021-03-31,sp400,MAT
2021-06-30,sp400,MAT
2021-09-30,sp400,MAT
2021-12-31,sp400,MAT
2022-03-31,sp400,MAT
2022-06-30,sp400,MAT
2022-09-30,sp400,MAT
2022-12-31,sp400,MAT
2023-03-31,sp400,MAT
2023-06-30,sp400,MAT
2023-09-30,sp400,MAT
2023-12-31,sp400,MAT
2024-03-31,sp400,MAT
2024-06-30,sp400,MAT
2024-09-30,sp400,MAT
2024-12-31,sp400,MAT
2025-03-31,sp400,MAT
2025-06-30,sp400,MAT
2025-09-30,sp400,MAT
2025-12-31,sp400,MAT
2026-03-31,sp400,MAT
2026-06-30,sp400,MAT
2026-09-30,sp400,MAT
2019-12-31,rut,MATW
2019-12-31,sp600,MATW
2020-03-31,rut,MATW
2020-03-31,sp600,MATW
2020-06-30,rut,MATW
2020-06-30,sp600,MATW
2020-09-30,rut,MATW
2020-09-30,sp600,MATW
2020-12-31,rut,MATW
2020-12-31,sp600,MATW
2021-03-31,rut,MATW
2021-03-31,sp600,MATW
2021-06-30,rut,MATW
2021-06-30,sp600,MATW
2021-09-30,rut,MATW
2021-09-30,sp600,MATW
2021-12-31,rut,MATW
2021-12-31,sp600,MATW
2022-03-31,rut,MATW
2022-03-31,sp600,MATW
2022-06-30,rut,MATW
2022-06-30,sp600,MATW
2022-09-30,rut,MATW
2022-09-30,sp600,MATW
2022-12-31,rut,MATW
2022-12-31,sp600,MATW
2023-03-31,rut,MATW
2023-03-31,sp600,MATW
2023-06-30,rut,MATW
2023-06-30,sp600,MATW
2023-09-30,rut,MATW
2023-09-30,sp600,MATW
2023-12-31,rut,MATW
2023-12-31,sp600,MATW
2024-03-31,rut,MATW
2024-03-31,sp600,MATW
2024-06-30,rut,MATW
2024-06-30,sp600,MATW
2024-09-30,rut,MATW
2024-09-30,sp600,MATW
2024-12-31,rut,MATW
2024-12-31,sp600,MATW
2025-03-31,rut,MATW
2025-03-31,sp600,MATW
2025-06-30,rut,MATW
2025-06-30,sp600,MATW
2025-09-30,rut,MATW
2025-09-30,sp600,MATW
2025-12-31,rut,MATW
2025-12-31,sp600,MATW
2026-03-31,rut,MATW
2026-03-31,sp600,MATW
2026-06-30,rut,MATW
2026-06-30,sp600,MATW
2026-09-30,rut,MATW
2019-12-31,sp400,MCY
2020-03-31,sp400,MCY
2020-06-30,sp400,MCY
2020-09-30,sp400,MCY
2020-12-31,sp400,MCY
2021-03-31,sp400,MCY
2021-06-30,sp400,MCY
2021-09-30,sp400,MCY
2021-12-31,sp400,MCY
2022-03-31,sp400,MCY
2022-06-30,rut,MCY
2022-06-30,sp400,MCY
2022-09-30,rut,MCY
2022-09-30,sp600,MCY
2022-12-31,rut,MCY
2022-12-31,sp600,MCY
2023-03-31,rut,MCY
2023-03-31,sp600,MCY
2023-06-30,rut,MCY
2023-06-30,sp600,MCY
2023-09-30,rut,MCY
2023-09-30,sp600,MCY
2023-12-31,rut,MCY
2023-12-31,sp600,MCY
2024-03-31,rut,MCY
2024-03-31,sp600,MCY
2024-06-30,rut,MCY
2024-06-30,sp600,MCY
2024-09-30,rut,MCY
2024-09-30,sp600,MCY
2024-12-31,rut,MCY
2024-12-31,sp600,MCY
2025-03-31,rut,MCY
2025-03-31,sp600,MCY
2025-06-30,rut,MCY
2025-06-30,sp600,MCY
2025-09-30,rut,MCY
2025-09-30,sp600,MCY
2025-12-31,rut,MCY
2025-12-31,sp600,MCY
2026-03-31,rut,MCY
2026-03-31,sp600,MCY
2026-06-30,rut,MCY
2026-06-30,sp600,MCY
2026-09-30,rut,MCY
2026-09-30,sp600,MCY
2019-12-31,rut,MEI
2019-12-31,sp600,MEI
2020-03-31,rut,MEI
2020-03-31,sp600,MEI
2020-06-30,rut,MEI
2020-06-30,sp600,MEI
2020-09-30,rut,MEI
2020-09-30,sp600,MEI
2020-12-31,rut,MEI
2020-12-31,sp600,MEI
2021-03-31,rut,MEI
2021-03-31,sp600,MEI
2021-06-30,rut,MEI
2021-06-30,sp600,MEI
2021-09-30,rut,MEI
2021-09-30,sp600,MEI
2021-12-31,rut,MEI
2021-12-31,sp600,MEI
2022-03-31,rut,MEI
2022-03-31,sp600,MEI
2022-06-30,rut,MEI
2022-06-30,sp600,MEI
2022-09-30,rut,MEI
2022-09-30,sp600,MEI
2022-12-31,rut,MEI
2022-12-31,sp600,MEI
2023-03-31,rut,MEI
2023-03-31,sp600,MEI
2023-06-30,rut,MEI
2023-06-30,sp600,MEI
2023-09-30,rut,MEI
2023-09-30,sp600,MEI
2023-12-31,rut,MEI
2023-12-31,sp600,MEI
2024-03-31,rut,MEI
2024-03-31,sp600,MEI
2024-06-30,rut,MEI
2024-09-30,rut,MEI
2024-12-31,rut,MEI
2025-03-31,rut,MEI
2025-06-30,rut,MEI
2025-09-30,rut,MEI
2025-12-31,rut,MEI
2026-03-31,rut,MEI
2026-06-30,rut,MEI
2026-09-30,rut,MEI
2019-12-31,rut,MSEX
2020-03-31,rut,MSEX
2020-06-30,rut,MSEX
2020-09-30,rut,MSEX
2020-12-31,rut,MSEX
2021-03-31,rut,MSEX
2021-06-30,rut,MSEX
2021-09-30,rut,MSEX
2021-09-30,sp600,MSEX
2021-12-31,rut,MSEX
2021-12-31,sp600,MSEX
2022-03-31,rut,MSEX
2022-03-31,sp600,MSEX
2022-06-30,rut,MSEX
2022-06-30,sp600,MSEX
2022-09-30,rut,MSEX
2022-09-30,sp600,MSEX
2022-12-31,rut,MSEX
2022-12-31,sp600,MSEX
2023-03-31,rut,MSEX
2023-03-31,sp600,MSEX
2023-06-30,rut,MSEX
2023-06-30,sp600,MSEX
2023-09-30,rut,MSEX
2023-09-30,sp600,MSEX
2023-12-31,rut,MSEX
2023-12-31,sp600,MSEX
2024-03-31,rut,MSEX
2024-03-31,sp600,MSEX
2024-06-30,rut,MSEX
2024-06-30,sp600,MSEX
2024-09-30,rut,MSEX
2024-09-30,sp600,MSEX
2024-12-31,rut,MSEX
2024-12-31,sp600,MSEX
2025-03-31,rut,MSEX
2025-03-31,sp600,MSEX
2025-06-30,rut,MSEX
2025-06-30,sp600,MSEX
2025-09-30,rut,MSEX
2025-09-30,sp600,MSEX
2025-12-31,rut,MSEX
2025-12-31,sp600,MSEX
2026-03-31,rut,MSEX
2026-03-31,sp600,MSEX
2026-06-30,rut,MSEX
2026-06-30,sp600,MSEX
2026-09-30,rut,MSEX
2026-09-30,sp600,MSEX
2019-12-31,rut,MLKN
2019-12-31,sp400,MLKN
2020-03-31,rut,MLKN
2020-03-31,sp400,MLKN
2020-06-30,rut,MLKN
2020-06-30,sp400,MLKN
2020-09-30,rut,MLKN
2020-09-30,sp400,MLKN
2020-12-31,rut,MLKN
2020-12-31,sp400,MLKN
2021-03-31,rut,MLKN
2021-03-31,sp400,MLKN
2021-06-30,rut,MLKN
2021-06-30,sp400,MLKN
2021-09-30,rut,MLKN
2021-09-30,sp400,MLKN
2021-12-31,rut,MLKN
2021-12-31,sp400,MLKN
2022-03-31,rut,MLKN
2022-03-31,sp400,MLKN
2022-06-30,rut,MLKN
2022-06-30,sp400,MLKN
2022-09-30,rut,MLKN
2022-09-30,sp400,MLKN
2022-12-31,rut,MLKN
2022-12-31,sp600,MLKN
2023-03-31,rut,MLKN
2023-03-31,sp600,MLKN
2023-06-30,rut,MLKN
2023-06-30,sp600,MLKN
2023-09-30,rut,MLKN
2023-09-30,sp600,MLKN
2023-12-31,rut,MLKN
2023-12-31,sp600,MLKN
2024-03-31,rut,MLKN
2024-03-31,sp600,MLKN
2024-06-30,rut,MLKN
2024-06-30,sp600,MLKN
2024-09-30,rut,MLKN
2024-09-30,sp600,MLKN
2024-12-31,rut,MLKN
2024-12-31,sp600,MLKN
2025-03-31,rut,MLKN
2025-03-31,sp600,MLKN
2025-06-30,rut,MLKN
2025-06-30,sp600,MLKN
2025-09-30,rut,MLKN
2025-09-30,sp600,MLKN
2025-12-31,rut,MLKN
2025-12-31,sp600,MLKN
2026-03-31,rut,MLKN
2026-03-31,sp600,MLKN
2026-06-30,rut,MLKN
2026-06-30,sp600,MLKN
2026-09-30,rut,MLKN
2026-09-30,sp600,MLKN
2019-12-31,rut,MSA
2019-12-31,sp400,MSA
2020-03-31,rut,MSA
2020-03-31,sp400,MSA
2020-06-30,sp400,MSA
2020-09-30,sp400,MSA
2020-12-31,sp400,MSA
2021-03-31,sp400,MSA
2021-06-30,sp400,MSA
2021-09-30,sp400,MSA
2021-12-31,sp400,MSA
2022-03-31,sp400,MSA
2022-06-30,sp400,MSA
2022-09-30,sp400,MSA
2022-12-31,sp400,MSA
2023-03-31,sp400,MSA
2023-06-30,sp400,MSA
2023-09-30,sp400,MSA
2023-12-31,sp400,MSA
2024-03-31,sp400,MSA
2024-06-30,sp400,MSA
2024-09-30,sp400,MSA
2024-12-31,sp400,MSA
2025-03-31,sp400,MSA
2025-06-30,sp400,MSA
2025-09-30,sp400,MSA
2025-12-31,sp400,MSA
2026-03-31,sp400,MSA
2026-06-30,sp400,MSA
2026-09-30,sp400,MSA
2019-12-31,rut,DY
2019-12-31,sp400,DY
2020-03-31,rut,DY
2020-03-31,sp400,DY
2020-06-30,rut,DY
2020-06-30,sp400,DY
2020-09-30,rut,DY
2020-09-30,sp400,DY
2020-12-31,rut,DY
2020-12-31,sp400,DY
2021-03-31,rut,DY
2021-03-31,sp400,DY
2021-06-30,rut,DY
2021-06-30,sp400,DY
2021-09-30,rut,DY
2021-09-30,sp400,DY
2021-12-31,rut,DY
2021-12-31,sp400,DY
2022-03-31,rut,DY
2022-03-31,sp400,DY
2022-06-30,rut,DY
2022-06-30,sp400,DY
2022-09-30,rut,DY
2022-09-30,sp400,DY
2022-12-31,rut,DY
2022-12-31,sp400,DY
2023-03-31,rut,DY
2023-03-31,sp600,DY
2023-06-30,rut,DY
2023-06-30,sp600,DY
2023-09-30,rut,DY
2023-09-30,sp600,DY
2023-12-31,rut,DY
2023-12-31,sp600,DY
2024-03-31,rut,DY
2024-03-31,sp600,DY
2024-06-30,rut,DY
2024-06-30,sp600,DY
2024-09-30,rut,DY
2024-09-30,sp600,DY
2024-12-31,rut,DY
2024-12-31,sp600,DY
2025-03-31,rut,DY
2025-03-31,sp600,DY
2025-06-30,rut,DY
2025-06-30,sp600,DY
2025-09-30,rut,DY
2025-09-30,sp600,DY
2025-12-31,rut,DY
2025-12-31,sp400,DY
2026-03-31,rut,DY
2026-03-31,sp400,DY
2026-06-30,sp400,DY
2026-09-30,sp400,DY
2019-12-31,rut,MOD
2020-03-31,rut,MOD
2020-06-30,rut,MOD
2020-09-30,rut,MOD
2020-12-31,rut,MOD
2021-03-31,rut,MOD
2021-06-30,rut,MOD
2021-09-30,rut,MOD
2021-12-31,rut,MOD
2022-03-31,rut,MOD
2022-06-30,rut,MOD
2022-09-30,rut,MOD
2022-12-31,rut,MOD
2023-03-31,rut,MOD
2023-06-30,rut,MOD
2023-09-30,rut,MOD
2023-12-31,rut,MOD
2024-03-31,rut,MOD
2024-06-30,rut,MOD
2024-09-30,rut,MOD
2024-12-31,rut,MOD
2025-03-31,rut,MOD
2025-06-30,rut,MOD
2025-09-30,rut,MOD
2025-12-31,rut,MOD
2026-03-31,rut,MOD
2019-12-31,sp400,MDU
2020-03-31,sp400,MDU
2020-06-30,sp400,MDU
2020-09-30,sp400,MDU
2020-12-31,sp400,MDU
2021-03-31,sp400,MDU
2021-06-30,sp400,MDU
2021-09-30,sp400,MDU
2021-12-31,sp400,MDU
2022-03-31,sp400,MDU
2022-06-30,sp400,MDU
2022-09-30,sp400,MDU
2022-12-31,sp400,MDU
2023-03-31,sp400,MDU
2023-06-30,sp400,MDU
2023-09-30,sp400,MDU
2023-12-31,sp400,MDU
2024-03-31,sp400,MDU
2024-06-30,sp400,MDU
2024-09-30,sp400,MDU
2024-12-31,sp600,MDU
2025-03-31,sp600,MDU
2025-06-30,sp600,MDU
2025-09-30,sp600,MDU
2025-12-31,sp600,MDU
2026-03-31,sp600,MDU
2026-06-30,sp600,MDU
2026-09-30,sp600,MDU
2019-12-31,rut,MOG-A
2019-12-31,sp600,MOG-A
2020-03-31,rut,MOG-A
2020-03-31,sp600,MOG-A
2020-06-30,rut,MOG-A
2020-06-30,sp600,MOG-A
2020-09-30,rut,MOG-A
2020-09-30,sp600,MOG-A
2020-12-31,rut,MOG-A
2020-12-31,sp600,MOG-A
2021-03-31,rut,MOG-A
2021-03-31,sp600,MOG-A
2021-06-30,rut,MOG-A
2021-06-30,sp600,MOG-A
2021-09-30,rut,MOG-A
2021-09-30,sp600,MOG-A
2021-12-31,rut,MOG-A
2021-12-31,sp600,MOG-A
2022-03-31,rut,MOG-A
2022-03-31,sp600,MOG-A
2022-06-30,rut,MOG-A
2022-06-30,sp600,MOG-A
2022-09-30,rut,MOG-A
2022-09-30,sp600,MOG-A
2022-12-31,rut,MOG-A
2022-12-31,sp600,MOG-A
2023-03-31,rut,MOG-A
2023-03-31,sp600,MOG-A
2023-06-30,rut,MOG-A
2023-06-30,sp600,MOG-A
2023-09-30,rut,MOG-A
2023-09-30,sp600,MOG-A
2023-12-31,rut,MOG-A
2023-12-31,sp600,MOG-A
2024-03-31,rut,MOG-A
2024-03-31,sp600,MOG-A
2024-06-30,rut,MOG-A
2024-06-30,sp600,MOG-A
2024-09-30,rut,MOG-A
2024-09-30,sp600,MOG-A
2024-12-31,rut,MOG-A
2024-12-31,sp600,MOG-A
2025-03-31,rut,MOG-A
2025-03-31,sp600,MOG-A
2025-06-30,rut,MOG-A
2025-06-30,sp600,MOG-A
2025-09-30,rut,MOG-A
2025-09-30,sp600,MOG-A
2025-12-31,rut,MOG-A
2025-12-31,sp600,MOG-A
2026-03-31,rut,MOG-A
2026-03-31,sp400,MOG-A
2026-06-30,rut,MOG-A
2026-06-30,sp400,MOG-A
2026-09-30,rut,MOG-A
2026-09-30,sp400,MOG-A
2019-12-31,rut,NSSC
2020-03-31,rut,NSSC
2020-06-30,rut,NSSC
2020-09-30,rut,NSSC
2020-12-31,rut,NSSC
2021-03-31,rut,NSSC
2021-06-30,rut,NSSC
2021-09-30,rut,NSSC
2021-12-31,rut,NSSC
2022-03-31,rut,NSSC
2022-06-30,rut,NSSC
2022-09-30,rut,NSSC
2022-12-31,rut,NSSC
2023-03-31,rut,NSSC
2023-06-30,rut,NSSC
2023-09-30,rut,NSSC
2023-12-31,rut,NSSC
2024-03-31,rut,NSSC
2024-06-30,rut,NSSC
2024-09-30,rut,NSSC
2024-12-31,rut,NSSC
2025-03-31,rut,NSSC
2025-06-30,rut,NSSC
2025-09-30,rut,NSSC
2025-12-31,rut,NSSC
2026-03-31,rut,NSSC
2026-03-31,sp600,NSSC
2026-06-30,rut,NSSC
2026-06-30,sp600,NSSC
2026-09-30,rut,NSSC
2026-09-30,sp600,NSSC
2019-12-31,rut,FIZZ
2019-12-31,sp600,FIZZ
2020-03-31,rut,FIZZ
2020-03-31,sp600,FIZZ
2020-06-30,rut,FIZZ
2020-06-30,sp600,FIZZ
2020-09-30,rut,FIZZ
2020-09-30,sp600,FIZZ
2020-12-31,rut,FIZZ
2020-12-31,sp600,FIZZ
2021-03-31,rut,FIZZ
2021-03-31,sp600,FIZZ
2021-06-30,rut,FIZZ
2021-06-30,sp600,FIZZ
2021-09-30,rut,FIZZ
2021-09-30,sp600,FIZZ
2021-12-31,rut,FIZZ
2021-12-31,sp600,FIZZ
2022-03-31,rut,FIZZ
2022-03-31,sp600,FIZZ
2022-06-30,rut,FIZZ
2022-06-30,sp600,FIZZ
2022-09-30,rut,FIZZ
2022-09-30,sp600,FIZZ
2022-12-31,rut,FIZZ
2022-12-31,sp600,FIZZ
2023-03-31,rut,FIZZ
2023-03-31,sp600,FIZZ
2023-06-30,rut,FIZZ
2023-06-30,sp600,FIZZ
2023-09-30,rut,FIZZ
2023-09-30,sp600,FIZZ
2023-12-31,rut,FIZZ
2023-12-31,sp600,FIZZ
2024-03-31,rut,FIZZ
2024-03-31,sp600,FIZZ
2024-06-30,rut,FIZZ
2024-06-30,sp600,FIZZ
2024-09-30,rut,FIZZ
2024-09-30,sp600,FIZZ
2024-12-31,rut,FIZZ
2024-12-31,sp600,FIZZ
2025-03-31,rut,FIZZ
2025-03-31,sp600,FIZZ
2025-06-30,rut,FIZZ
2025-06-30,sp600,FIZZ
2025-09-30,rut,FIZZ
2025-09-30,sp600,FIZZ
2025-12-31,rut,FIZZ
2025-12-31,sp600,FIZZ
2026-03-31,rut,FIZZ
2026-03-31,sp600,FIZZ
2026-06-30,rut,FIZZ
2026-06-30,sp600,FIZZ
2026-09-30,rut,FIZZ
2026-09-30,sp600,FIZZ
2019-12-31,sp400,NFG
2020-03-31,sp400,NFG
2020-06-30,sp400,NFG
2020-09-30,sp400,NFG
2020-12-31,sp400,NFG
2021-03-31,sp400,NFG
2021-06-30,sp400,NFG
2021-09-30,sp400,NFG
2021-12-31,sp400,NFG
2022-03-31,sp400,NFG
2022-06-30,sp400,NFG
2022-09-30,sp400,NFG
2022-12-31,sp400,NFG
2023-03-31,sp400,NFG
2023-06-30,sp400,NFG
2023-09-30,sp400,NFG
2023-12-31,sp400,NFG
2024-03-31,sp400,NFG
2024-06-30,sp400,NFG
2024-09-30,sp400,NFG
2024-12-31,sp400,NFG
2025-03-31,sp400,NFG
2025-06-30,sp400,NFG
2025-09-30,sp400,NFG
2025-12-31,sp400,NFG
2026-03-31,sp400,NFG
2026-06-30,sp400,NFG
2026-09-30,sp400,NFG
2019-12-31,rut,THC
2019-12-31,sp400,THC
2020-03-31,rut,THC
2020-03-31,sp400,THC
2020-06-30,rut,THC
2020-06-30,sp400,THC
2020-09-30,rut,THC
2020-09-30,sp400,THC
2020-12-31,rut,THC
2020-12-31,sp400,THC
2021-03-31,rut,THC
2021-03-31,sp400,THC
2021-06-30,rut,THC
2021-06-30,sp400,THC
2021-09-30,rut,THC
2021-09-30,sp400,THC
2021-12-31,rut,THC
2021-12-31,sp400,THC
2022-03-31,rut,THC
2022-03-31,sp400,THC
2022-06-30,sp400,THC
2022-09-30,sp400,THC
2022-12-31,sp400,THC
2023-03-31,sp400,THC
2023-06-30,sp400,THC
2023-09-30,sp400,THC
2023-12-31,sp400,THC
2024-03-31,sp400,THC
2024-06-30,sp400,THC
2024-09-30,sp400,THC
2024-12-31,sp400,THC
2025-03-31,sp400,THC
2025-06-30,sp400,THC
2025-09-30,sp400,THC
2025-12-31,sp400,THC
2026-03-31,sp400,THC
2026-06-30,sp400,THC
2026-09-30,sp400,THC
2019-12-31,sp400,VYX
2020-03-31,sp400,VYX
2020-06-30,sp400,VYX
2020-09-30,sp400,VYX
2020-12-31,sp400,VYX
2021-03-31,sp400,VYX
2021-06-30,sp400,VYX
2021-09-30,sp400,VYX
2021-12-31,sp400,VYX
2022-03-31,sp400,VYX
2022-06-30,sp400,VYX
2022-09-30,sp400,VYX
2022-12-31,sp400,VYX
2023-03-31,sp400,VYX
2023-06-30,sp400,VYX
2023-09-30,sp400,VYX
2023-12-31,sp400,VYX
2024-03-31,sp600,VYX
2024-06-30,sp600,VYX
2024-09-30,rut,VYX
2024-09-30,sp600,VYX
2024-12-31,rut,VYX
2024-12-31,sp600,VYX
2025-03-31,rut,VYX
2025-03-31,sp600,VYX
2025-06-30,rut,VYX
2025-06-30,sp600,VYX
2025-09-30,rut,VYX
2025-09-30,sp600,VYX
2025-12-31,rut,VYX
2025-12-31,sp600,VYX
2026-03-31,rut,VYX
2026-03-31,sp600,VYX
2026-06-30,rut,VYX
2026-06-30,sp600,VYX
2026-09-30,rut,VYX
2026-09-30,sp600,VYX
2019-12-31,sp400,NYT
2020-03-31,sp400,NYT
2020-06-30,sp400,NYT
2020-09-30,sp400,NYT
2020-12-31,sp400,NYT
2021-03-31,sp400,NYT
2021-06-30,sp400,NYT
2021-09-30,sp400,NYT
2021-12-31,sp400,NYT
2022-03-31,sp400,NYT
2022-06-30,sp400,NYT
2022-09-30,sp400,NYT
2022-12-31,sp400,NYT
2023-03-31,sp400,NYT
2023-06-30,sp400,NYT
2023-09-30,sp400,NYT
2023-12-31,sp400,NYT
2024-03-31,sp400,NYT
2024-06-30,sp400,NYT
2024-09-30,sp400,NYT
2024-12-31,sp400,NYT
2025-03-31,sp400,NYT
2025-06-30,sp400,NYT
2025-09-30,sp400,NYT
2025-12-31,sp400,NYT
2026-03-31,sp400,NYT
2026-06-30,sp400,NYT
2026-09-30,sp400,NYT
2019-12-31,rut,OII
2019-12-31,sp600,OII
2020-03-31,rut,OII
2020-03-31,sp600,OII
2020-06-30,rut,OII
2020-06-30,sp600,OII
2020-09-30,rut,OII
2020-09-30,sp600,OII
2020-12-31,rut,OII
2020-12-31,sp600,OII
2021-03-31,rut,OII
2021-03-31,sp600,OII
2021-06-30,rut,OII
2021-06-30,sp600,OII
2021-09-30,rut,OII
2021-09-30,sp600,OII
2021-12-31,rut,OII
2021-12-31,sp600,OII
2022-03-31,rut,OII
2022-03-31,sp600,OII
2022-06-30,rut,OII
2022-06-30,sp600,OII
2022-09-30,rut,OII
2022-09-30,sp600,OII
2022-12-31,rut,OII
2022-12-31,sp600,OII
2023-03-31,rut,OII
2023-03-31,sp600,OII
2023-06-30,rut,OII
2023-06-30,sp600,OII
2023-09-30,rut,OII
2023-09-30,sp600,OII
2023-12-31,rut,OII
2023-12-31,sp600,OII
2024-03-31,rut,OII
2024-03-31,sp600,OII
2024-06-30,rut,OII
2024-06-30,sp600,OII
2024-09-30,rut,OII
2024-09-30,sp600,OII
2024-12-31,rut,OII
2024-12-31,sp600,OII
2025-03-31,rut,OII
2025-03-31,sp600,OII
2025-06-30,rut,OII
2025-06-30,sp600,OII
2025-09-30,rut,OII
2025-09-30,sp600,OII
2025-12-31,rut,OII
2025-12-31,sp600,OII
2026-03-31,rut,OII
2026-03-31,sp600,OII
2026-06-30,rut,OII
2026-06-30,sp600,OII
2026-09-30,rut,OII
2026-09-30,sp600,OII
2019-12-31,sp400,ORI
2020-03-31,sp400,ORI
2020-06-30,sp400,ORI
2020-09-30,sp400,ORI
2020-12-31,sp400,ORI
2021-03-31,sp400,ORI
2021-06-30,sp400,ORI
2021-09-30,sp400,ORI
2021-12-31,sp400,ORI
2022-03-31,sp400,ORI
2022-06-30,sp400,ORI
2022-09-30,sp400,ORI
2022-12-31,sp400,ORI
2023-03-31,sp400,ORI
2023-06-30,sp400,ORI
2023-09-30,sp400,ORI
2023-12-31,sp400,ORI
2024-03-31,sp400,ORI
2024-06-30,sp400,ORI
2024-09-30,sp400,ORI
2024-12-31,sp400,ORI
2025-03-31,sp400,ORI
2025-06-30,sp400,ORI
2025-09-30,sp400,ORI
2025-12-31,sp400,ORI
2026-03-31,sp400,ORI
2026-06-30,sp400,ORI
2026-09-30,sp400,ORI
2019-12-31,sp400,OLN
2020-03-31,sp400,OLN
2020-06-30,sp400,OLN
2020-09-30,sp400,OLN
2020-12-31,sp400,OLN
2021-03-31,sp400,OLN
2021-06-30,sp400,OLN
2021-09-30,sp400,OLN
2021-12-31,sp400,OLN
2022-03-31,sp400,OLN
2022-06-30,sp400,OLN
2022-09-30,sp400,OLN
2022-12-31,sp400,OLN
2023-03-31,sp400,OLN
2023-06-30,sp400,OLN
2023-09-30,sp400,OLN
2023-12-31,sp400,OLN
2024-03-31,sp400,OLN
2024-06-30,sp400,OLN
2024-09-30,sp400,OLN
2024-12-31,sp400,OLN
2025-03-31,sp400,OLN
2025-06-30,sp400,OLN
2025-09-30,sp400,OLN
2025-12-31,sp400,OLN
2026-03-31,sp400,OLN
2026-06-30,sp400,OLN
2026-09-30,sp400,OLN
2019-12-31,rut,ACH
2019-12-31,sp600,ACH
2020-03-31,rut,ACH
2020-03-31,sp600,ACH
2020-06-30,rut,ACH
2020-06-30,sp600,ACH
2020-09-30,rut,ACH
2020-09-30,sp600,ACH
2020-12-31,rut,ACH
2020-12-31,sp600,ACH
2021-03-31,rut,ACH
2021-03-31,sp600,ACH
2021-06-30,rut,ACH
2021-06-30,sp600,ACH
2021-09-30,rut,ACH
2021-09-30,sp600,ACH
2021-12-31,rut,ACH
2021-12-31,sp600,ACH
2022-03-31,rut,ACH
2022-03-31,sp600,ACH
2022-06-30,rut,ACH
2022-06-30,sp600,ACH
2022-09-30,rut,ACH
2022-09-30,sp600,ACH
2022-12-31,rut,ACH
2022-12-31,sp600,ACH
2023-03-31,rut,ACH
2023-03-31,sp600,ACH
2023-06-30,rut,ACH
2023-06-30,sp600,ACH
2023-09-30,rut,ACH
2023-09-30,sp600,ACH
2023-12-31,rut,ACH
2023-12-31,sp600,ACH
2024-03-31,rut,ACH
2024-03-31,sp600,ACH
2024-06-30,rut,ACH
2024-06-30,sp600,ACH
2024-09-30,rut,ACH
2024-09-30,sp600,ACH
2024-12-31,rut,ACH
2024-12-31,sp600,ACH
2025-03-31,rut,ACH
2025-03-31,sp600,ACH
2025-06-30,rut,ACH
2025-06-30,sp600,ACH
2025-09-30,rut,ACH
2025-12-31,rut,ACH
2026-03-31,rut,ACH
2026-06-30,rut,ACH
2026-09-30,rut,ACH
2019-12-31,rut,OXM
2019-12-31,sp600,OXM
2020-03-31,rut,OXM
2020-03-31,sp600,OXM
2020-06-30,rut,OXM
2020-06-30,sp600,OXM
2020-09-30,rut,OXM
2020-09-30,sp600,OXM
2020-12-31,rut,OXM
2020-12-31,sp600,OXM
2021-03-31,rut,OXM
2021-03-31,sp600,OXM
2021-06-30,rut,OXM
2021-06-30,sp600,OXM
2021-09-30,rut,OXM
2021-09-30,sp600,OXM
2021-12-31,rut,OXM
2021-12-31,sp600,OXM
2022-03-31,rut,OXM
2022-03-31,sp600,OXM
2022-06-30,rut,OXM
2022-06-30,sp600,OXM
2022-09-30,rut,OXM
2022-09-30,sp600,OXM
2022-12-31,rut,OXM
2022-12-31,sp600,OXM
2023-03-31,rut,OXM
2023-03-31,sp600,OXM
2023-06-30,rut,OXM
2023-06-30,sp600,OXM
2023-09-30,rut,OXM
2023-09-30,sp600,OXM
2023-12-31,rut,OXM
2023-12-31,sp600,OXM
2024-03-31,rut,OXM
2024-03-31,sp600,OXM
2024-06-30,rut,OXM
2024-06-30,sp600,OXM
2024-09-30,rut,OXM
2024-09-30,sp600,OXM
2024-12-31,rut,OXM
2024-12-31,sp600,OXM
2025-03-31,rut,OXM
2025-03-31,sp600,OXM
2025-06-30,rut,OXM
2025-06-30,sp600,OXM
2025-09-30,rut,OXM
2025-09-30,sp600,OXM
2025-12-31,rut,OXM
2025-12-31,sp600,OXM
2026-03-31,rut,OXM
2026-03-31,sp600,OXM
2026-06-30,rut,OXM
2026-09-30,rut,OXM
2019-12-31,rut,PKOH
2020-03-31,rut,PKOH
2020-06-30,rut,PKOH
2020-09-30,rut,PKOH
2020-12-31,rut,PKOH
2021-03-31,rut,PKOH
2021-06-30,rut,PKOH
2021-09-30,rut,PKOH
2021-12-31,rut,PKOH
2022-03-31,rut,PKOH
2023-06-30,rut,PKOH
2023-09-30,rut,PKOH
2023-12-31,rut,PKOH
2024-03-31,rut,PKOH
2024-06-30,rut,PKOH
2024-09-30,rut,PKOH
2024-12-31,rut,PKOH
2025-03-31,rut,PKOH
2025-06-30,rut,PKOH
2025-09-30,rut,PKOH
2025-12-31,rut,PKOH
2026-03-31,rut,PKOH
2026-06-30,rut,PKOH
2026-09-30,rut,PKOH
2019-12-31,rut,PATK
2019-12-31,sp600,PATK
2020-03-31,rut,PATK
2020-03-31,sp600,PATK
2020-06-30,rut,PATK
2020-06-30,sp600,PATK
2020-09-30,rut,PATK
2020-09-30,sp600,PATK
2020-12-31,rut,PATK
2020-12-31,sp600,PATK
2021-03-31,rut,PATK
2021-03-31,sp600,PATK
2021-06-30,rut,PATK
2021-06-30,sp600,PATK
2021-09-30,rut,PATK
2021-09-30,sp600,PATK
2021-12-31,rut,PATK
2021-12-31,sp600,PATK
2022-03-31,rut,PATK
2022-03-31,sp600,PATK
2022-06-30,rut,PATK
2022-06-30,sp600,PATK
2022-09-30,rut,PATK
2022-09-30,sp600,PATK
2022-12-31,rut,PATK
2022-12-31,sp600,PATK
2023-03-31,rut,PATK
2023-03-31,sp600,PATK
2023-06-30,rut,PATK
2023-06-30,sp600,PATK
2023-09-30,rut,PATK
2023-09-30,sp600,PATK
2023-12-31,rut,PATK
2023-12-31,sp600,PATK
2024-03-31,rut,PATK
2024-03-31,sp600,PATK
2024-06-30,rut,PATK
2024-06-30,sp600,PATK
2024-09-30,rut,PATK
2024-09-30,sp600,PATK
2024-12-31,rut,PATK
2024-12-31,sp600,PATK
2025-03-31,rut,PATK
2025-03-31,sp600,PATK
2025-06-30,rut,PATK
2025-06-30,sp600,PATK
2025-09-30,rut,PATK
2025-09-30,sp600,PATK
2025-12-31,rut,PATK
2025-12-31,sp600,PATK
2026-03-31,rut,PATK
2026-03-31,sp600,PATK
2026-06-30,rut,PATK
2026-06-30,sp600,PATK
2026-09-30,rut,PATK
2026-09-30,sp600,PATK
2019-12-31,rut,TPC
2020-03-31,rut,TPC
2020-06-30,rut,TPC
2020-09-30,rut,TPC
2020-12-31,rut,TPC
2021-03-31,rut,TPC
2021-06-30,rut,TPC
2021-09-30,rut,TPC
2021-12-31,rut,TPC
2022-03-31,rut,TPC
2022-06-30,rut,TPC
2022-09-30,rut,TPC
2022-12-31,rut,TPC
2023-03-31,rut,TPC
2023-06-30,rut,TPC
2023-09-30,rut,TPC
2023-12-31,rut,TPC
2024-03-31,rut,TPC
2024-06-30,rut,TPC
2024-09-30,rut,TPC
2024-12-31,rut,TPC
2025-03-31,rut,TPC
2025-06-30,rut,TPC
2025-09-30,rut,TPC
2025-12-31,rut,TPC
2026-03-31,rut,TPC
2026-06-30,rut,TPC
2026-09-30,rut,TPC
2026-09-30,sp600,TPC
2020-03-31,sp400,WTRG
2020-06-30,sp400,WTRG
2020-09-30,sp400,WTRG
2020-12-31,sp400,WTRG
2021-03-31,sp400,WTRG
2021-06-30,sp400,WTRG
2021-09-30,sp400,WTRG
2021-12-31,sp400,WTRG
2022-03-31,sp400,WTRG
2022-06-30,sp400,WTRG
2022-09-30,sp400,WTRG
2022-12-31,sp400,WTRG
2023-03-31,sp400,WTRG
2023-06-30,sp400,WTRG
2023-09-30,sp400,WTRG
2023-12-31,sp400,WTRG
2024-03-31,sp400,WTRG
2024-06-30,sp400,WTRG
2024-09-30,sp400,WTRG
2024-12-31,sp400,WTRG
2025-03-31,sp400,WTRG
2025-06-30,sp400,WTRG
2025-09-30,sp400,WTRG
2025-12-31,sp400,WTRG
2026-03-31,sp400,WTRG
2026-06-30,sp400,WTRG
2026-09-30,sp400,WTRG
2022-09-30,sp400,PVH
2022-12-31,sp400,PVH
2023-03-31,sp400,PVH
2023-06-30,sp400,PVH
2023-09-30,sp400,PVH
2023-12-31,sp400,PVH
2024-03-31,sp400,PVH
2024-06-30,sp400,PVH
2024-09-30,sp400,PVH
2024-12-31,sp400,PVH
2025-03-31,sp400,PVH
2025-06-30,sp400,PVH
2025-09-30,sp400,PVH
2025-12-31,sp400,PVH
2026-03-31,sp400,PVH
2026-06-30,sp400,PVH
2026-09-30,sp400,PVH
2019-12-31,rut,AGYS
2019-12-31,sp600,AGYS
2020-03-31,rut,AGYS
2020-03-31,sp600,AGYS
2020-06-30,rut,AGYS
2020-06-30,sp600,AGYS
2020-09-30,rut,AGYS
2020-09-30,sp600,AGYS
2020-12-31,rut,AGYS
2020-12-31,sp600,AGYS
2021-03-31,rut,AGYS
2021-03-31,sp600,AGYS
2021-06-30,rut,AGYS
2021-06-30,sp600,AGYS
2021-09-30,rut,AGYS
2021-09-30,sp600,AGYS
2021-12-31,rut,AGYS
2021-12-31,sp600,AGYS
2022-03-31,rut,AGYS
2022-03-31,sp600,AGYS
2022-06-30,rut,AGYS
2022-06-30,sp600,AGYS
2022-09-30,rut,AGYS
2022-09-30,sp600,AGYS
2022-12-31,rut,AGYS
2022-12-31,sp600,AGYS
2023-03-31,rut,AGYS
2023-03-31,sp600,AGYS
2023-06-30,rut,AGYS
2023-06-30,sp600,AGYS
2023-09-30,rut,AGYS
2023-09-30,sp600,AGYS
2023-12-31,rut,AGYS
2023-12-31,sp600,AGYS
2024-03-31,rut,AGYS
2024-03-31,sp600,AGYS
2024-06-30,rut,AGYS
2024-06-30,sp600,AGYS
2024-09-30,rut,AGYS
2024-09-30,sp600,AGYS
2024-12-31,rut,AGYS
2024-12-31,sp600,AGYS
2025-03-31,rut,AGYS
2025-03-31,sp600,AGYS
2025-06-30,rut,AGYS
2025-06-30,sp600,AGYS
2025-09-30,rut,AGYS
2025-09-30,sp600,AGYS
2025-12-31,rut,AGYS
2025-12-31,sp600,AGYS
2026-03-31,rut,AGYS
2026-03-31,sp600,AGYS
2026-06-30,rut,AGYS
2026-06-30,sp600,AGYS
2026-09-30,rut,AGYS
2026-09-30,sp600,AGYS
2019-12-31,rut,PBI
2019-12-31,sp600,PBI
2020-03-31,rut,PBI
2020-03-31,sp600,PBI
2020-06-30,rut,PBI
2020-06-30,sp600,PBI
2020-09-30,rut,PBI
2020-09-30,sp600,PBI
2020-12-31,rut,PBI
2020-12-31,sp600,PBI
2021-03-31,rut,PBI
2021-03-31,sp600,PBI
2021-06-30,rut,PBI
2021-06-30,sp600,PBI
2021-09-30,rut,PBI
2021-09-30,sp600,PBI
2021-12-31,rut,PBI
2021-12-31,sp600,PBI
2022-03-31,rut,PBI
2022-03-31,sp600,PBI
2022-06-30,rut,PBI
2022-06-30,sp600,PBI
2022-09-30,rut,PBI
2022-09-30,sp600,PBI
2022-12-31,rut,PBI
2022-12-31,sp600,PBI
2023-03-31,rut,PBI
2023-03-31,sp600,PBI
2023-06-30,rut,PBI
2023-06-30,sp600,PBI
2023-09-30,rut,PBI
2023-09-30,sp600,PBI
2023-12-31,rut,PBI
2023-12-31,sp600,PBI
2024-03-31,rut,PBI
2024-03-31,sp600,PBI
2024-06-30,rut,PBI
2024-06-30,sp600,PBI
2024-09-30,rut,PBI
2024-09-30,sp600,PBI
2024-12-31,rut,PBI
2024-12-31,sp600,PBI
2025-03-31,rut,PBI
2025-03-31,sp600,PBI
2025-06-30,rut,PBI
2025-06-30,sp600,PBI
2025-09-30,rut,PBI
2025-09-30,sp600,PBI
2025-12-31,rut,PBI
2025-12-31,sp600,PBI
2026-03-31,rut,PBI
2026-03-31,sp600,PBI
2026-06-30,rut,PBI
2026-06-30,sp600,PBI
2026-09-30,rut,PBI
2026-09-30,sp600,PBI
2019-12-31,rut,BCO
2019-12-31,sp400,BCO
2020-03-31,rut,BCO
2020-03-31,sp400,BCO
2020-06-30,rut,BCO
2020-06-30,sp400,BCO
2020-09-30,rut,BCO
2020-09-30,sp400,BCO
2020-12-31,rut,BCO
2020-12-31,sp400,BCO
2021-03-31,rut,BCO
2021-03-31,sp400,BCO
2021-06-30,rut,BCO
2021-06-30,sp400,BCO
2021-09-30,rut,BCO
2021-09-30,sp400,BCO
2021-12-31,rut,BCO
2021-12-31,sp400,BCO
2022-03-31,rut,BCO
2022-03-31,sp400,BCO
2022-06-30,rut,BCO
2022-06-30,sp400,BCO
2022-09-30,rut,BCO
2022-09-30,sp400,BCO
2022-12-31,rut,BCO
2022-12-31,sp400,BCO
2023-03-31,rut,BCO
2023-03-31,sp400,BCO
2023-06-30,rut,BCO
2023-06-30,sp400,BCO
2023-09-30,rut,BCO
2023-09-30,sp400,BCO
2023-12-31,rut,BCO
2023-12-31,sp400,BCO
2024-03-31,rut,BCO
2024-03-31,sp400,BCO
2024-06-30,rut,BCO
2024-06-30,sp400,BCO
2024-09-30,rut,BCO
2024-09-30,sp400,BCO
2024-12-31,rut,BCO
2024-12-31,sp400,BCO
2025-03-31,rut,BCO
2025-03-31,sp400,BCO
2025-06-30,rut,BCO
2025-06-30,sp400,BCO
2025-09-30,rut,BCO
2025-09-30,sp400,BCO
2025-12-31,rut,BCO
2025-12-31,sp400,BCO
2026-03-31,rut,BCO
2026-03-31,sp400,BCO
2026-06-30,rut,BCO
2026-06-30,sp400,BCO
2026-09-30,rut,BCO
2026-09-30,sp400,BCO
2019-12-31,rut,POWL
2019-12-31,sp600,POWL
2020-03-31,rut,POWL
2020-03-31,sp600,POWL
2020-06-30,rut,POWL
2020-06-30,sp600,POWL
2020-09-30,rut,POWL
2020-09-30,sp600,POWL
2020-12-31,rut,POWL
2020-12-31,sp600,POWL
2021-03-31,rut,POWL
2021-03-31,sp600,POWL
2021-06-30,rut,POWL
2021-06-30,sp600,POWL
2021-09-30,rut,POWL
2021-09-30,sp600,POWL
2021-12-31,rut,POWL
2021-12-31,sp600,POWL
2022-03-31,rut,POWL
2022-03-31,sp600,POWL
2022-06-30,rut,POWL
2022-06-30,sp600,POWL
2022-09-30,rut,POWL
2022-09-30,sp600,POWL
2022-12-31,rut,POWL
2022-12-31,sp600,POWL
2023-03-31,rut,POWL
2023-03-31,sp600,POWL
2023-06-30,rut,POWL
2023-06-30,sp600,POWL
2023-09-30,rut,POWL
2023-09-30,sp600,POWL
2023-12-31,rut,POWL
2023-12-31,sp600,POWL
2024-03-31,rut,POWL
2024-03-31,sp600,POWL
2024-06-30,rut,POWL
2024-06-30,sp600,POWL
2024-09-30,rut,POWL
2024-09-30,sp600,POWL
2024-12-31,rut,POWL
2024-12-31,sp600,POWL
2025-03-31,rut,POWL
2025-03-31,sp600,POWL
2025-06-30,rut,POWL
2025-06-30,sp600,POWL
2025-09-30,rut,POWL
2025-09-30,sp600,POWL
2025-12-31,rut,POWL
2025-12-31,sp600,POWL
2026-03-31,rut,POWL
2026-03-31,sp600,POWL
2026-06-30,sp600,POWL
2026-09-30,sp600,POWL
2019-12-31,rut,KWR
2019-12-31,sp600,KWR
2020-03-31,rut,KWR
2020-03-31,sp600,KWR
2020-06-30,rut,KWR
2020-06-30,sp600,KWR
2020-09-30,rut,KWR
2020-09-30,sp600,KWR
2020-12-31,rut,KWR
2020-12-31,sp600,KWR
2021-03-31,rut,KWR
2021-03-31,sp600,KWR
2021-06-30,rut,KWR
2021-06-30,sp600,KWR
2021-09-30,rut,KWR
2021-09-30,sp600,KWR
2021-12-31,rut,KWR
2021-12-31,sp600,KWR
2022-03-31,rut,KWR
2022-03-31,sp600,KWR
2022-06-30,rut,KWR
2022-06-30,sp600,KWR
2022-09-30,rut,KWR
2022-09-30,sp600,KWR
2022-12-31,rut,KWR
2022-12-31,sp600,KWR
2023-03-31,rut,KWR
2023-03-31,sp600,KWR
2023-06-30,rut,KWR
2023-06-30,sp600,KWR
2023-09-30,rut,KWR
2023-09-30,sp600,KWR
2023-12-31,rut,KWR
2023-12-31,sp600,KWR
2024-03-31,rut,KWR
2024-03-31,sp600,KWR
2024-06-30,rut,KWR
2024-06-30,sp600,KWR
2024-09-30,rut,KWR
2024-09-30,sp600,KWR
2024-12-31,rut,KWR
2024-12-31,sp600,KWR
2025-03-31,rut,KWR
2025-03-31,sp600,KWR
2025-06-30,rut,KWR
2025-06-30,sp600,KWR
2025-09-30,rut,KWR
2025-09-30,sp600,KWR
2025-12-31,rut,KWR
2025-12-31,sp600,KWR
2026-03-31,rut,KWR
2026-03-31,sp600,KWR
2026-06-30,rut,KWR
2026-06-30,sp600,KWR
2026-09-30,rut,KWR
2026-09-30,sp600,KWR
2026-09-30,rut,USLM
2026-09-30,sp600,USLM
2019-12-31,sp400,RRX
2020-03-31,sp400,RRX
2020-06-30,sp400,RRX
2020-09-30,sp400,RRX
2020-12-31,sp400,RRX
2021-03-31,sp400,RRX
2021-06-30,sp400,RRX
2021-09-30,sp400,RRX
2021-12-31,sp400,RRX
2022-03-31,sp400,RRX
2022-06-30,sp400,RRX
2022-09-30,sp400,RRX
2022-12-31,sp400,RRX
2023-03-31,sp400,RRX
2023-06-30,sp400,RRX
2023-09-30,sp400,RRX
2023-12-31,sp400,RRX
2024-03-31,sp400,RRX
2024-06-30,sp400,RRX
2024-09-30,sp400,RRX
2024-12-31,sp400,RRX
2025-03-31,sp400,RRX
2025-06-30,sp400,RRX
2025-09-30,sp400,RRX
2025-12-31,sp400,RRX
2026-03-31,sp400,RRX
2026-06-30,sp400,RRX
2026-09-30,sp400,RRX
2019-12-31,rut,RLI
2019-12-31,sp400,RLI
2020-03-31,rut,RLI
2020-03-31,sp400,RLI
2020-06-30,rut,RLI
2020-06-30,sp400,RLI
2020-09-30,rut,RLI
2020-09-30,sp400,RLI
2020-12-31,rut,RLI
2020-12-31,sp400,RLI
2021-03-31,rut,RLI
2021-03-31,sp400,RLI
2021-06-30,rut,RLI
2021-06-30,sp400,RLI
2021-09-30,rut,RLI
2021-09-30,sp400,RLI
2021-12-31,rut,RLI
2021-12-31,sp400,RLI
2022-03-31,rut,RLI
2022-03-31,sp400,RLI
2022-06-30,rut,RLI
2022-06-30,sp400,RLI
2022-09-30,rut,RLI
2022-09-30,sp400,RLI
2022-12-31,rut,RLI
2022-12-31,sp400,RLI
2023-03-31,rut,RLI
2023-03-31,sp400,RLI
2023-06-30,sp400,RLI
2023-09-30,sp400,RLI
2023-12-31,sp400,RLI
2024-03-31,sp400,RLI
2024-06-30,sp400,RLI
2024-09-30,sp400,RLI
2024-12-31,sp400,RLI
2025-03-31,sp400,RLI
2025-06-30,sp400,RLI
2025-09-30,sp400,RLI
2025-12-31,sp400,RLI
2026-03-31,sp400,RLI
2026-06-30,sp400,RLI
2026-09-30,sp400,RLI
2019-12-31,rut,ROG
2019-12-31,sp600,ROG
2020-03-31,rut,ROG
2020-03-31,sp600,ROG
2020-06-30,rut,ROG
2020-06-30,sp600,ROG
2020-09-30,rut,ROG
2020-09-30,sp600,ROG
2020-12-31,rut,ROG
2020-12-31,sp600,ROG
2021-03-31,rut,ROG
2021-03-31,sp600,ROG
2021-06-30,rut,ROG
2021-06-30,sp600,ROG
2021-09-30,rut,ROG
2021-09-30,sp600,ROG
2021-12-31,rut,ROG
2021-12-31,sp600,ROG
2022-03-31,rut,ROG
2022-03-31,sp600,ROG
2022-06-30,rut,ROG
2022-06-30,sp600,ROG
2022-09-30,rut,ROG
2022-09-30,sp600,ROG
2022-12-31,rut,ROG
2022-12-31,sp600,ROG
2023-03-31,rut,ROG
2023-03-31,sp600,ROG
2023-06-30,rut,ROG
2023-06-30,sp600,ROG
2023-09-30,rut,ROG
2023-09-30,sp600,ROG
2023-12-31,rut,ROG
2023-12-31,sp600,ROG
2024-03-31,rut,ROG
2024-03-31,sp600,ROG
2024-06-30,rut,ROG
2024-06-30,sp600,ROG
2024-09-30,rut,ROG
2024-09-30,sp600,ROG
2024-12-31,rut,ROG
2024-12-31,sp600,ROG
2025-03-31,rut,ROG
2025-03-31,sp600,ROG
2025-06-30,rut,ROG
2025-06-30,sp600,ROG
2025-09-30,rut,ROG
2025-09-30,sp600,ROG
2025-12-31,rut,ROG
2025-12-31,sp600,ROG
2026-03-31,rut,ROG
2026-03-31,sp600,ROG
2026-06-30,rut,ROG
2026-06-30,sp600,ROG
2026-09-30,rut,ROG
2026-09-30,sp600,ROG
2019-12-31,sp400,RGLD
2020-03-31,sp400,RGLD
2020-06-30,sp400,RGLD
2020-09-30,sp400,RGLD
2020-12-31,sp400,RGLD
2021-03-31,sp400,RGLD
2021-06-30,sp400,RGLD
2021-09-30,sp400,RGLD
2021-12-31,sp400,RGLD
2022-03-31,sp400,RGLD
2022-06-30,sp400,RGLD
2022-09-30,sp400,RGLD
2022-12-31,sp400,RGLD
2023-03-31,sp400,RGLD
2023-06-30,sp400,RGLD
2023-09-30,sp400,RGLD
2023-12-31,sp400,RGLD
2024-03-31,sp400,RGLD
2024-06-30,sp400,RGLD
2024-09-30,sp400,RGLD
2024-12-31,sp400,RGLD
2025-03-31,sp400,RGLD
2025-06-30,sp400,RGLD
2025-09-30,sp400,RGLD
2025-12-31,sp400,RGLD
2026-03-31,sp400,RGLD
2026-06-30,sp400,RGLD
2026-09-30,sp400,RGLD
2019-12-31,sp400,R
2020-03-31,sp400,R
2020-06-30,sp400,R
2020-09-30,sp400,R
2020-12-31,sp400,R
2021-03-31,sp400,R
2021-06-30,sp400,R
2021-09-30,sp400,R
2021-12-31,sp400,R
2022-03-31,sp400,R
2022-06-30,sp400,R
2022-09-30,sp400,R
2022-12-31,sp400,R
2023-03-31,sp400,R
2023-06-30,sp400,R
2023-09-30,sp400,R
2023-12-31,sp400,R
2024-03-31,sp400,R
2024-06-30,sp400,R
2024-09-30,sp400,R
2024-12-31,sp400,R
2025-03-31,sp400,R
2025-06-30,sp400,R
2025-09-30,sp400,R
2025-12-31,sp400,R
2026-03-31,sp400,R
2026-06-30,sp400,R
2026-09-30,sp400,R
2022-09-30,rut,SPXC
2022-09-30,sp600,SPXC
2022-12-31,rut,SPXC
2022-12-31,sp600,SPXC
2023-03-31,rut,SPXC
2023-03-31,sp600,SPXC
2023-06-30,rut,SPXC
2023-06-30,sp600,SPXC
2023-09-30,rut,SPXC
2023-09-30,sp600,SPXC
2023-12-31,rut,SPXC
2023-12-31,sp600,SPXC
2024-03-31,rut,SPXC
2024-03-31,sp600,SPXC
2024-06-30,rut,SPXC
2024-06-30,sp600,SPXC
2024-09-30,rut,SPXC
2024-09-30,sp600,SPXC
2024-12-31,rut,SPXC
2024-12-31,sp600,SPXC
2025-03-31,rut,SPXC
2025-03-31,sp600,SPXC
2025-06-30,rut,SPXC
2025-06-30,sp600,SPXC
2025-09-30,rut,SPXC
2025-09-30,sp600,SPXC
2025-12-31,rut,SPXC
2025-12-31,sp400,SPXC
2026-03-31,rut,SPXC
2026-03-31,sp400,SPXC
2026-06-30,sp400,SPXC
2026-09-30,sp400,SPXC
2019-12-31,rut,SMTC
2019-12-31,sp400,SMTC
2020-03-31,rut,SMTC
2020-03-31,sp400,SMTC
2020-06-30,rut,SMTC
2020-06-30,sp400,SMTC
2020-09-30,rut,SMTC
2020-09-30,sp400,SMTC
2020-12-31,rut,SMTC
2020-12-31,sp400,SMTC
2021-03-31,rut,SMTC
2021-03-31,sp400,SMTC
2021-06-30,rut,SMTC
2021-06-30,sp400,SMTC
2021-09-30,rut,SMTC
2021-09-30,sp400,SMTC
2021-12-31,rut,SMTC
2021-12-31,sp400,SMTC
2022-03-31,rut,SMTC
2022-03-31,sp400,SMTC
2022-06-30,rut,SMTC
2022-06-30,sp400,SMTC
2022-09-30,rut,SMTC
2022-09-30,sp400,SMTC
2022-12-31,rut,SMTC
2022-12-31,sp600,SMTC
2023-03-31,rut,SMTC
2023-03-31,sp600,SMTC
2023-06-30,rut,SMTC
2023-06-30,sp600,SMTC
2023-09-30,rut,SMTC
2023-09-30,sp600,SMTC
2023-12-31,rut,SMTC
2023-12-31,sp600,SMTC
2024-03-31,rut,SMTC
2024-03-31,sp600,SMTC
2024-06-30,rut,SMTC
2024-06-30,sp600,SMTC
2024-09-30,rut,SMTC
2024-09-30,sp600,SMTC
2024-12-31,rut,SMTC
2024-12-31,sp600,SMTC
2025-03-31,rut,SMTC
2025-03-31,sp600,SMTC
2025-06-30,rut,SMTC
2025-06-30,sp600,SMTC
2025-09-30,rut,SMTC
2025-09-30,sp600,SMTC
2025-12-31,rut,SMTC
2025-12-31,sp600,SMTC
2026-03-31,rut,SMTC
2026-03-31,sp600,SMTC
2026-06-30,sp400,SMTC
2026-09-30,sp400,SMTC
2019-12-31,rut,SENEA
2019-12-31,sp600,SENEA
2020-03-31,rut,SENEA
2020-03-31,sp600,SENEA
2020-06-30,rut,SENEA
2020-06-30,sp600,SENEA
2020-09-30,rut,SENEA
2020-09-30,sp600,SENEA
2020-12-31,rut,SENEA
2020-12-31,sp600,SENEA
2021-03-31,rut,SENEA
2021-03-31,sp600,SENEA
2021-06-30,rut,SENEA
2021-06-30,sp600,SENEA
2021-09-30,rut,SENEA
2021-09-30,sp600,SENEA
2021-12-31,rut,SENEA
2021-12-31,sp600,SENEA
2022-03-31,rut,SENEA
2022-03-31,sp600,SENEA
2022-06-30,rut,SENEA
2022-06-30,sp600,SENEA
2022-09-30,rut,SENEA
2022-09-30,sp600,SENEA
2022-12-31,rut,SENEA
2022-12-31,sp600,SENEA
2023-03-31,rut,SENEA
2023-03-31,sp600,SENEA
2023-06-30,rut,SENEA
2023-06-30,sp600,SENEA
2023-09-30,rut,SENEA
2023-12-31,rut,SENEA
2024-03-31,rut,SENEA
2024-06-30,rut,SENEA
2024-09-30,rut,SENEA
2024-12-31,rut,SENEA
2025-03-31,rut,SENEA
2025-06-30,rut,SENEA
2025-09-30,rut,SENEA
2025-12-31,rut,SENEA
2026-03-31,rut,SENEA
2026-06-30,rut,SENEA
2026-09-30,rut,SENEA
2019-12-31,sp400,SCI
2020-03-31,sp400,SCI
2020-06-30,sp400,SCI
2020-09-30,sp400,SCI
2020-12-31,sp400,SCI
2021-03-31,sp400,SCI
2021-06-30,sp400,SCI
2021-09-30,sp400,SCI
2021-12-31,sp400,SCI
2022-03-31,sp400,SCI
2022-06-30,sp400,SCI
2022-09-30,sp400,SCI
2022-12-31,sp400,SCI
2023-03-31,sp400,SCI
2023-06-30,sp400,SCI
2023-09-30,sp400,SCI
2023-12-31,sp400,SCI
2024-03-31,sp400,SCI
2024-06-30,sp400,SCI
2024-09-30,sp400,SCI
2024-12-31,sp400,SCI
2025-03-31,sp400,SCI
2025-06-30,sp400,SCI
2025-09-30,sp400,SCI
2025-12-31,sp400,SCI
2026-03-31,sp400,SCI
2026-06-30,sp400,SCI
2026-09-30,sp400,SCI
2019-12-31,rut,MLI
2019-12-31,sp600,MLI
2020-03-31,rut,MLI
2020-03-31,sp600,MLI
2020-06-30,rut,MLI
2020-06-30,sp600,MLI
2020-09-30,rut,MLI
2020-09-30,sp600,MLI
2020-12-31,rut,MLI
2020-12-31,sp600,MLI
2021-03-31,rut,MLI
2021-03-31,sp600,MLI
2021-06-30,rut,MLI
2021-06-30,sp600,MLI
2021-09-30,rut,MLI
2021-09-30,sp600,MLI
2021-12-31,rut,MLI
2021-12-31,sp600,MLI
2022-03-31,rut,MLI
2022-03-31,sp600,MLI
2022-06-30,rut,MLI
2022-06-30,sp600,MLI
2022-09-30,rut,MLI
2022-09-30,sp600,MLI
2022-12-31,rut,MLI
2022-12-31,sp600,MLI
2023-03-31,rut,MLI
2023-03-31,sp600,MLI
2023-06-30,rut,MLI
2023-06-30,sp600,MLI
2023-09-30,rut,MLI
2023-09-30,sp600,MLI
2023-12-31,rut,MLI
2023-12-31,sp600,MLI
2024-03-31,rut,MLI
2024-03-31,sp600,MLI
2024-06-30,rut,MLI
2024-06-30,sp600,MLI
2024-09-30,rut,MLI
2024-09-30,sp600,MLI
2024-12-31,rut,MLI
2024-12-31,sp400,MLI
2025-03-31,rut,MLI
2025-03-31,sp400,MLI
2025-06-30,sp400,MLI
2025-09-30,sp400,MLI
2025-12-31,sp400,MLI
2026-03-31,sp400,MLI
2026-06-30,sp400,MLI
2026-09-30,sp400,MLI
2019-12-31,rut,SFNC
2019-12-31,sp600,SFNC
2020-03-31,rut,SFNC
2020-03-31,sp600,SFNC
2020-06-30,rut,SFNC
2020-06-30,sp600,SFNC
2020-09-30,rut,SFNC
2020-09-30,sp600,SFNC
2020-12-31,rut,SFNC
2020-12-31,sp600,SFNC
2021-03-31,rut,SFNC
2021-03-31,sp600,SFNC
2021-06-30,rut,SFNC
2021-06-30,sp600,SFNC
2021-09-30,rut,SFNC
2021-09-30,sp600,SFNC
2021-12-31,rut,SFNC
2021-12-31,sp600,SFNC
2022-03-31,rut,SFNC
2022-03-31,sp600,SFNC
2022-06-30,rut,SFNC
2022-06-30,sp600,SFNC
2022-09-30,rut,SFNC
2022-09-30,sp600,SFNC
2022-12-31,rut,SFNC
2022-12-31,sp600,SFNC
2023-03-31,rut,SFNC
2023-03-31,sp600,SFNC
2023-06-30,rut,SFNC
2023-06-30,sp600,SFNC
2023-09-30,rut,SFNC
2023-09-30,sp600,SFNC
2023-12-31,rut,SFNC
2023-12-31,sp600,SFNC
2024-03-31,rut,SFNC
2024-03-31,sp600,SFNC
2024-06-30,rut,SFNC
2024-06-30,sp600,SFNC
2024-09-30,rut,SFNC
2024-09-30,sp600,SFNC
2024-12-31,rut,SFNC
2024-12-31,sp600,SFNC
2025-03-31,rut,SFNC
2025-03-31,sp600,SFNC
2025-06-30,rut,SFNC
2025-06-30,sp600,SFNC
2025-09-30,rut,SFNC
2025-09-30,sp600,SFNC
2025-12-31,rut,SFNC
2025-12-31,sp600,SFNC
2026-03-31,rut,SFNC
2026-03-31,sp600,SFNC
2026-06-30,rut,SFNC
2026-06-30,sp600,SFNC
2026-09-30,rut,SFNC
2026-09-30,sp600,SFNC
2019-12-31,rut,SKY
2020-03-31,rut,SKY
2020-06-30,rut,SKY
2020-09-30,rut,SKY
2020-12-31,rut,SKY
2021-03-31,rut,SKY
2021-06-30,rut,SKY
2021-09-30,rut,SKY
2021-12-31,rut,SKY
2022-03-31,rut,SKY
2022-06-30,rut,SKY
2022-09-30,rut,SKY
2022-12-31,rut,SKY
2023-03-31,rut,SKY
2023-06-30,rut,SKY
2023-09-30,rut,SKY
2023-12-31,rut,SKY
2024-03-31,rut,SKY
2024-06-30,rut,SKY
2024-09-30,rut,SKY
2024-12-31,rut,SKY
2024-12-31,sp600,SKY
2025-03-31,rut,SKY
2025-03-31,sp600,SKY
2025-06-30,rut,SKY
2025-06-30,sp600,SKY
2025-09-30,rut,SKY
2025-09-30,sp600,SKY
2025-12-31,rut,SKY
2025-12-31,sp600,SKY
2026-03-31,rut,SKY
2026-03-31,sp600,SKY
2026-06-30,rut,SKY
2026-06-30,sp600,SKY
2026-09-30,rut,SKY
2026-09-30,sp600,SKY
2019-12-31,sp400,SON
2020-03-31,sp400,SON
2020-06-30,sp400,SON
2020-09-30,sp400,SON
2020-12-31,sp400,SON
2021-03-31,sp400,SON
2021-06-30,sp400,SON
2021-09-30,sp400,SON
2021-12-31,sp400,SON
2022-03-31,sp400,SON
2022-06-30,sp400,SON
2022-09-30,sp400,SON
2022-12-31,sp400,SON
2023-03-31,sp400,SON
2023-06-30,sp400,SON
2023-09-30,sp400,SON
2023-12-31,sp400,SON
2024-03-31,sp400,SON
2024-06-30,sp400,SON
2024-09-30,sp400,SON
2024-12-31,sp400,SON
2025-03-31,sp400,SON
2025-06-30,sp400,SON
2025-09-30,sp400,SON
2025-12-31,sp400,SON
2026-03-31,sp400,SON
2026-06-30,sp400,SON
2026-09-30,sp400,SON
2019-12-31,rut,SMP
2019-12-31,sp600,SMP
2020-03-31,rut,SMP
2020-03-31,sp600,SMP
2020-06-30,rut,SMP
2020-06-30,sp600,SMP
2020-09-30,rut,SMP
2020-09-30,sp600,SMP
2020-12-31,rut,SMP
2020-12-31,sp600,SMP
2021-03-31,rut,SMP
2021-03-31,sp600,SMP
2021-06-30,rut,SMP
2021-06-30,sp600,SMP
2021-09-30,rut,SMP
2021-09-30,sp600,SMP
2021-12-31,rut,SMP
2021-12-31,sp600,SMP
2022-03-31,rut,SMP
2022-03-31,sp600,SMP
2022-06-30,rut,SMP
2022-06-30,sp600,SMP
2022-09-30,rut,SMP
2022-09-30,sp600,SMP
2022-12-31,rut,SMP
2022-12-31,sp600,SMP
2023-03-31,rut,SMP
2023-03-31,sp600,SMP
2023-06-30,rut,SMP
2023-06-30,sp600,SMP
2023-09-30,rut,SMP
2023-09-30,sp600,SMP
2023-12-31,rut,SMP
2023-12-31,sp600,SMP
2024-03-31,rut,SMP
2024-03-31,sp600,SMP
2024-06-30,rut,SMP
2024-06-30,sp600,SMP
2024-09-30,rut,SMP
2024-09-30,sp600,SMP
2024-12-31,rut,SMP
2024-12-31,sp600,SMP
2025-03-31,rut,SMP
2025-03-31,sp600,SMP
2025-06-30,rut,SMP
2025-06-30,sp600,SMP
2025-09-30,rut,SMP
2025-09-30,sp600,SMP
2025-12-31,rut,SMP
2025-12-31,sp600,SMP
2026-03-31,rut,SMP
2026-03-31,sp600,SMP
2026-06-30,rut,SMP
2026-06-30,sp600,SMP
2026-09-30,rut,SMP
2026-09-30,sp600,SMP
2019-12-31,rut,SCL
2019-12-31,sp600,SCL
2020-03-31,rut,SCL
2020-03-31,sp600,SCL
2020-06-30,rut,SCL
2020-06-30,sp600,SCL
2020-09-30,rut,SCL
2020-09-30,sp600,SCL
2020-12-31,rut,SCL
2020-12-31,sp600,SCL
2021-03-31,rut,SCL
2021-03-31,sp600,SCL
2021-06-30,rut,SCL
2021-06-30,sp600,SCL
2021-09-30,rut,SCL
2021-09-30,sp600,SCL
2021-12-31,rut,SCL
2021-12-31,sp600,SCL
2022-03-31,rut,SCL
2022-03-31,sp600,SCL
2022-06-30,rut,SCL
2022-06-30,sp600,SCL
2022-09-30,rut,SCL
2022-09-30,sp600,SCL
2022-12-31,rut,SCL
2022-12-31,sp600,SCL
2023-03-31,rut,SCL
2023-03-31,sp600,SCL
2023-06-30,rut,SCL
2023-06-30,sp600,SCL
2023-09-30,rut,SCL
2023-09-30,sp600,SCL
2023-12-31,rut,SCL
2023-12-31,sp600,SCL
2024-03-31,rut,SCL
2024-03-31,sp600,SCL
2024-06-30,rut,SCL
2024-06-30,sp600,SCL
2024-09-30,rut,SCL
2024-09-30,sp600,SCL
2024-12-31,rut,SCL
2024-12-31,sp600,SCL
2025-03-31,rut,SCL
2025-03-31,sp600,SCL
2025-06-30,rut,SCL
2025-06-30,sp600,SCL
2025-09-30,rut,SCL
2025-09-30,sp600,SCL
2025-12-31,rut,SCL
2025-12-31,sp600,SCL
2026-03-31,rut,SCL
2026-03-31,sp600,SCL
2026-06-30,rut,SCL
2026-06-30,sp600,SCL
2026-09-30,rut,SCL
2026-09-30,sp600,SCL
2019-12-31,rut,STC
2019-12-31,sp600,STC
2020-03-31,rut,STC
2020-03-31,sp600,STC
2020-06-30,rut,STC
2020-06-30,sp600,STC
2020-09-30,rut,STC
2020-09-30,sp600,STC
2020-12-31,rut,STC
2020-12-31,sp600,STC
2021-03-31,rut,STC
2021-03-31,sp600,STC
2021-06-30,rut,STC
2021-06-30,sp600,STC
2021-09-30,rut,STC
2021-09-30,sp600,STC
2021-12-31,rut,STC
2021-12-31,sp600,STC
2022-03-31,rut,STC
2022-03-31,sp600,STC
2022-06-30,rut,STC
2022-06-30,sp600,STC
2022-09-30,rut,STC
2022-09-30,sp600,STC
2022-12-31,rut,STC
2022-12-31,sp600,STC
2023-03-31,rut,STC
2023-03-31,sp600,STC
2023-06-30,rut,STC
2023-06-30,sp600,STC
2023-09-30,rut,STC
2023-09-30,sp600,STC
2023-12-31,rut,STC
2023-12-31,sp600,STC
2024-03-31,rut,STC
2024-03-31,sp600,STC
2024-06-30,rut,STC
2024-06-30,sp600,STC
2024-09-30,rut,STC
2024-09-30,sp600,STC
2024-12-31,rut,STC
2024-12-31,sp600,STC
2025-03-31,rut,STC
2025-03-31,sp600,STC
2025-06-30,rut,STC
2025-06-30,sp600,STC
2025-09-30,rut,STC
2025-09-30,sp600,STC
2025-12-31,rut,STC
2025-12-31,sp600,STC
2026-03-31,rut,STC
2026-03-31,sp600,STC
2026-06-30,rut,STC
2026-06-30,sp600,STC
2026-09-30,rut,STC
2026-09-30,sp600,STC
2019-12-31,sp400,JEF
2020-03-31,sp400,JEF
2020-06-30,sp400,JEF
2020-09-30,sp400,JEF
2020-12-31,sp400,JEF
2021-03-31,sp400,JEF
2021-06-30,sp400,JEF
2021-09-30,sp400,JEF
2021-12-31,sp400,JEF
2022-03-31,sp400,JEF
2022-06-30,sp400,JEF
2022-09-30,sp400,JEF
2022-12-31,sp400,JEF
2023-03-31,sp400,JEF
2023-06-30,sp400,JEF
2023-09-30,sp400,JEF
2023-12-31,sp400,JEF
2024-03-31,sp400,JEF
2024-06-30,sp400,JEF
2024-09-30,sp400,JEF
2024-12-31,sp400,JEF
2025-03-31,sp400,JEF
2025-06-30,sp400,JEF
2025-09-30,sp400,JEF
2025-12-31,sp400,JEF
2026-03-31,sp400,JEF
2026-06-30,sp400,JEF
2026-09-30,sp400,JEF
2025-03-31,sp600,TFX
2025-06-30,sp600,TFX
2025-09-30,sp600,TFX
2025-12-31,sp600,TFX
2026-03-31,sp600,TFX
2026-06-30,sp600,TFX
2026-09-30,sp600,TFX
2019-12-31,rut,TNC
2019-12-31,sp600,TNC
2020-03-31,rut,TNC
2020-03-31,sp600,TNC
2020-06-30,rut,TNC
2020-06-30,sp600,TNC
2020-09-30,rut,TNC
2020-09-30,sp600,TNC
2020-12-31,rut,TNC
2020-12-31,sp600,TNC
2021-03-31,rut,TNC
2021-03-31,sp600,TNC
2021-06-30,rut,TNC
2021-06-30,sp600,TNC
2021-09-30,rut,TNC
2021-09-30,sp600,TNC
2021-12-31,rut,TNC
2021-12-31,sp600,TNC
2022-03-31,rut,TNC
2022-03-31,sp600,TNC
2022-06-30,rut,TNC
2022-06-30,sp600,TNC
2022-09-30,rut,TNC
2022-09-30,sp600,TNC
2022-12-31,rut,TNC
2022-12-31,sp600,TNC
2023-03-31,rut,TNC
2023-03-31,sp600,TNC
2023-06-30,rut,TNC
2023-06-30,sp600,TNC
2023-09-30,rut,TNC
2023-09-30,sp600,TNC
2023-12-31,rut,TNC
2023-12-31,sp600,TNC
2024-03-31,rut,TNC
2024-03-31,sp600,TNC
2024-06-30,rut,TNC
2024-06-30,sp600,TNC
2024-09-30,rut,TNC
2024-09-30,sp600,TNC
2024-12-31,rut,TNC
2024-12-31,sp600,TNC
2025-03-31,rut,TNC
2025-03-31,sp600,TNC
2025-06-30,rut,TNC
2025-06-30,sp600,TNC
2025-09-30,rut,TNC
2025-09-30,sp600,TNC
2025-12-31,rut,TNC
2025-12-31,sp600,TNC
2026-03-31,rut,TNC
2026-03-31,sp600,TNC
2026-06-30,rut,TNC
2026-06-30,sp600,TNC
2026-09-30,rut,TNC
2026-09-30,sp600,TNC
2019-12-31,rut,TEX
2019-12-31,sp400,TEX
2020-03-31,rut,TEX
2020-03-31,sp400,TEX
2020-06-30,rut,TEX
2020-06-30,sp400,TEX
2020-09-30,rut,TEX
2020-09-30,sp400,TEX
2020-12-31,rut,TEX
2020-12-31,sp400,TEX
2021-03-31,rut,TEX
2021-03-31,sp400,TEX
2021-06-30,rut,TEX
2021-06-30,sp400,TEX
2021-09-30,rut,TEX
2021-09-30,sp400,TEX
2021-12-31,rut,TEX
2021-12-31,sp400,TEX
2022-03-31,rut,TEX
2022-03-31,sp400,TEX
2022-06-30,rut,TEX
2022-06-30,sp400,TEX
2022-09-30,rut,TEX
2022-09-30,sp400,TEX
2022-12-31,rut,TEX
2022-12-31,sp400,TEX
2023-03-31,rut,TEX
2023-03-31,sp400,TEX
2023-06-30,rut,TEX
2023-06-30,sp400,TEX
2023-09-30,rut,TEX
2023-09-30,sp400,TEX
2023-12-31,rut,TEX
2023-12-31,sp400,TEX
2024-03-31,rut,TEX
2024-03-31,sp400,TEX
2024-06-30,rut,TEX
2024-06-30,sp400,TEX
2024-09-30,rut,TEX
2024-09-30,sp400,TEX
2024-12-31,rut,TEX
2024-12-31,sp400,TEX
2025-03-31,rut,TEX
2025-03-31,sp400,TEX
2025-06-30,rut,TEX
2025-06-30,sp400,TEX
2025-09-30,rut,TEX
2025-09-30,sp400,TEX
2025-12-31,rut,TEX
2025-12-31,sp400,TEX
2026-03-31,rut,TEX
2026-03-31,sp400,TEX
2026-06-30,rut,TEX
2026-06-30,sp400,TEX
2026-09-30,rut,TEX
2026-09-30,sp400,TEX
2019-12-31,rut,TDW
2020-03-31,rut,TDW
2020-06-30,rut,TDW
2020-09-30,rut,TDW
2020-12-31,rut,TDW
2021-03-31,rut,TDW
2021-06-30,rut,TDW
2021-09-30,rut,TDW
2021-12-31,rut,TDW
2022-03-31,rut,TDW
2022-06-30,rut,TDW
2022-09-30,rut,TDW
2022-12-31,rut,TDW
2023-03-31,rut,TDW
2023-06-30,rut,TDW
2023-09-30,rut,TDW
2023-12-31,rut,TDW
2024-03-31,rut,TDW
2024-06-30,rut,TDW
2024-06-30,sp600,TDW
2024-09-30,rut,TDW
2024-09-30,sp600,TDW
2024-12-31,rut,TDW
2024-12-31,sp600,TDW
2025-03-31,rut,TDW
2025-03-31,sp600,TDW
2025-06-30,rut,TDW
2025-06-30,sp600,TDW
2025-09-30,rut,TDW
2025-09-30,sp600,TDW
2025-12-31,rut,TDW
2025-12-31,sp600,TDW
2026-03-31,rut,TDW
2026-03-31,sp600,TDW
2026-06-30,rut,TDW
2026-06-30,sp600,TDW
2026-09-30,rut,TDW
2026-09-30,sp600,TDW
2019-12-31,sp400,TKR
2020-03-31,sp400,TKR
2020-06-30,sp400,TKR
2020-09-30,sp400,TKR
2020-12-31,sp400,TKR
2021-03-31,sp400,TKR
2021-06-30,sp400,TKR
2021-09-30,sp400,TKR
2021-12-31,sp400,TKR
2022-03-31,sp400,TKR
2022-06-30,sp400,TKR
2022-09-30,sp400,TKR
2022-12-31,sp400,TKR
2023-03-31,sp400,TKR
2023-06-30,sp400,TKR
2023-09-30,sp400,TKR
2023-12-31,sp400,TKR
2024-03-31,sp400,TKR
2024-06-30,sp400,TKR
2024-09-30,sp400,TKR
2024-12-31,sp400,TKR
2025-03-31,sp400,TKR
2025-06-30,sp400,TKR
2025-09-30,sp400,TKR
2025-12-31,sp400,TKR
2026-03-31,sp400,TKR
2026-06-30,sp400,TKR
2026-09-30,sp400,TKR
2019-12-31,sp400,TRN
2020-03-31,sp400,TRN
2020-06-30,sp400,TRN
2020-09-30,sp400,TRN
2020-12-31,sp400,TRN
2021-03-31,sp400,TRN
2021-06-30,rut,TRN
2021-06-30,sp400,TRN
2021-09-30,rut,TRN
2021-09-30,sp400,TRN
2021-12-31,rut,TRN
2021-12-31,sp400,TRN
2022-03-31,rut,TRN
2022-03-31,sp400,TRN
2022-06-30,rut,TRN
2022-06-30,sp600,TRN
2022-09-30,rut,TRN
2022-09-30,sp600,TRN
2022-12-31,rut,TRN
2022-12-31,sp600,TRN
2023-03-31,rut,TRN
2023-03-31,sp600,TRN
2023-06-30,rut,TRN
2023-06-30,sp600,TRN
2023-09-30,rut,TRN
2023-09-30,sp600,TRN
2023-12-31,rut,TRN
2023-12-31,sp600,TRN
2024-03-31,rut,TRN
2024-03-31,sp600,TRN
2024-06-30,rut,TRN
2024-06-30,sp600,TRN
2024-09-30,rut,TRN
2024-09-30,sp600,TRN
2024-12-31,rut,TRN
2024-12-31,sp600,TRN
2025-03-31,rut,TRN
2025-03-31,sp600,TRN
2025-06-30,rut,TRN
2025-06-30,sp600,TRN
2025-09-30,rut,TRN
2025-09-30,sp600,TRN
2025-12-31,rut,TRN
2025-12-31,sp600,TRN
2026-03-31,rut,TRN
2026-03-31,sp600,TRN
2026-06-30,rut,TRN
2026-06-30,sp600,TRN
2026-09-30,rut,TRN
2026-09-30,sp600,TRN
2019-12-31,rut,AGX
2020-03-31,rut,AGX
2020-06-30,rut,AGX
2020-09-30,rut,AGX
2020-12-31,rut,AGX
2021-03-31,rut,AGX
2021-06-30,rut,AGX
2021-09-30,rut,AGX
2021-12-31,rut,AGX
2022-03-31,rut,AGX
2022-06-30,rut,AGX
2022-09-30,rut,AGX
2022-12-31,rut,AGX
2023-03-31,rut,AGX
2023-06-30,rut,AGX
2023-09-30,rut,AGX
2023-12-31,rut,AGX
2024-03-31,rut,AGX
2024-06-30,rut,AGX
2024-09-30,rut,AGX
2024-12-31,rut,AGX
2025-03-31,rut,AGX
2025-06-30,rut,AGX
2025-09-30,rut,AGX
2025-12-31,rut,AGX
2026-03-31,rut,AGX
2026-03-31,sp600,AGX
2026-06-30,rut,AGX
2026-06-30,sp600,AGX
2026-09-30,rut,AGX
2026-09-30,sp600,AGX
2019-12-31,rut,UFCS
2019-12-31,sp600,UFCS
2020-03-31,rut,UFCS
2020-03-31,sp600,UFCS
2020-06-30,rut,UFCS
2020-06-30,sp600,UFCS
2020-09-30,rut,UFCS
2020-09-30,sp600,UFCS
2020-12-31,rut,UFCS
2020-12-31,sp600,UFCS
2021-03-31,rut,UFCS
2021-03-31,sp600,UFCS
2021-06-30,rut,UFCS
2021-06-30,sp600,UFCS
2021-09-30,rut,UFCS
2021-09-30,sp600,UFCS
2021-12-31,rut,UFCS
2021-12-31,sp600,UFCS
2022-03-31,rut,UFCS
2022-03-31,sp600,UFCS
2022-06-30,rut,UFCS
2022-06-30,sp600,UFCS
2022-09-30,rut,UFCS
2022-09-30,sp600,UFCS
2022-12-31,rut,UFCS
2022-12-31,sp600,UFCS
2023-03-31,rut,UFCS
2023-03-31,sp600,UFCS
2023-06-30,rut,UFCS
2023-06-30,sp600,UFCS
2023-09-30,rut,UFCS
2023-09-30,sp600,UFCS
2023-12-31,rut,UFCS
2023-12-31,sp600,UFCS
2024-03-31,rut,UFCS
2024-03-31,sp600,UFCS
2024-06-30,rut,UFCS
2024-06-30,sp600,UFCS
2024-09-30,rut,UFCS
2024-09-30,sp600,UFCS
2024-12-31,rut,UFCS
2024-12-31,sp600,UFCS
2025-03-31,rut,UFCS
2025-03-31,sp600,UFCS
2025-06-30,rut,UFCS
2025-06-30,sp600,UFCS
2025-09-30,rut,UFCS
2025-09-30,sp600,UFCS
2025-12-31,rut,UFCS
2025-12-31,sp600,UFCS
2026-03-31,rut,UFCS
2026-03-31,sp600,UFCS
2026-06-30,rut,UFCS
2026-06-30,sp600,UFCS
2026-09-30,rut,UFCS
2026-09-30,sp600,UFCS
2019-12-31,rut,UMBF
2019-12-31,sp400,UMBF
2020-03-31,rut,UMBF
2020-03-31,sp400,UMBF
2020-06-30,rut,UMBF
2020-06-30,sp400,UMBF
2020-09-30,rut,UMBF
2020-09-30,sp400,UMBF
2020-12-31,rut,UMBF
2020-12-31,sp400,UMBF
2021-03-31,rut,UMBF
2021-03-31,sp400,UMBF
2021-06-30,rut,UMBF
2021-06-30,sp400,UMBF
2021-09-30,rut,UMBF
2021-09-30,sp400,UMBF
2021-12-31,rut,UMBF
2021-12-31,sp400,UMBF
2022-03-31,rut,UMBF
2022-03-31,sp400,UMBF
2022-06-30,rut,UMBF
2022-06-30,sp400,UMBF
2022-09-30,rut,UMBF
2022-09-30,sp400,UMBF
2022-12-31,rut,UMBF
2022-12-31,sp400,UMBF
2023-03-31,rut,UMBF
2023-03-31,sp400,UMBF
2023-06-30,rut,UMBF
2023-06-30,sp400,UMBF
2023-09-30,rut,UMBF
2023-09-30,sp400,UMBF
2023-12-31,rut,UMBF
2023-12-31,sp400,UMBF
2024-03-31,rut,UMBF
2024-03-31,sp400,UMBF
2024-06-30,rut,UMBF
2024-06-30,sp400,UMBF
2024-09-30,rut,UMBF
2024-09-30,sp400,UMBF
2024-12-31,rut,UMBF
2024-12-31,sp400,UMBF
2025-03-31,rut,UMBF
2025-03-31,sp400,UMBF
2025-06-30,rut,UMBF
2025-06-30,sp400,UMBF
2025-09-30,rut,UMBF
2025-09-30,sp400,UMBF
2025-12-31,rut,UMBF
2025-12-31,sp400,UMBF
2026-03-31,rut,UMBF
2026-03-31,sp400,UMBF
2026-06-30,rut,UMBF
2026-06-30,sp400,UMBF
2026-09-30,rut,UMBF
2026-09-30,sp400,UMBF
2019-12-31,rut,UVV
2019-12-31,sp600,UVV
2020-03-31,rut,UVV
2020-03-31,sp600,UVV
2020-06-30,rut,UVV
2020-06-30,sp600,UVV
2020-09-30,rut,UVV
2020-09-30,sp600,UVV
2020-12-31,rut,UVV
2020-12-31,sp600,UVV
2021-03-31,rut,UVV
2021-03-31,sp600,UVV
2021-06-30,rut,UVV
2021-06-30,sp600,UVV
2021-09-30,rut,UVV
2021-09-30,sp600,UVV
2021-12-31,rut,UVV
2021-12-31,sp600,UVV
2022-03-31,rut,UVV
2022-03-31,sp600,UVV
2022-06-30,rut,UVV
2022-06-30,sp600,UVV
2022-09-30,rut,UVV
2022-09-30,sp600,UVV
2022-12-31,rut,UVV
2022-12-31,sp600,UVV
2023-03-31,rut,UVV
2023-03-31,sp600,UVV
2023-06-30,rut,UVV
2023-06-30,sp600,UVV
2023-09-30,rut,UVV
2023-09-30,sp600,UVV
2023-12-31,rut,UVV
2023-12-31,sp600,UVV
2024-03-31,rut,UVV
2024-03-31,sp600,UVV
2024-06-30,rut,UVV
2024-06-30,sp600,UVV
2024-09-30,rut,UVV
2024-09-30,sp600,UVV
2024-12-31,rut,UVV
2024-12-31,sp600,UVV
2025-03-31,rut,UVV
2025-03-31,sp600,UVV
2025-06-30,rut,UVV
2025-06-30,sp600,UVV
2025-09-30,rut,UVV
2025-09-30,sp600,UVV
2025-12-31,rut,UVV
2025-12-31,sp600,UVV
2026-03-31,rut,UVV
2026-03-31,sp600,UVV
2026-06-30,rut,UVV
2026-06-30,sp600,UVV
2026-09-30,rut,UVV
2026-09-30,sp600,UVV
2019-12-31,rut,UVSP
2020-03-31,rut,UVSP
2020-06-30,rut,UVSP
2020-09-30,rut,UVSP
2020-12-31,rut,UVSP
2021-03-31,rut,UVSP
2021-06-30,rut,UVSP
2021-09-30,rut,UVSP
2021-12-31,rut,UVSP
2022-03-31,rut,UVSP
2022-06-30,rut,UVSP
2022-09-30,rut,UVSP
2022-12-31,rut,UVSP
2023-03-31,rut,UVSP
2023-06-30,rut,UVSP
2023-09-30,rut,UVSP
2023-12-31,rut,UVSP
2024-03-31,rut,UVSP
2024-06-30,rut,UVSP
2024-09-30,rut,UVSP
2024-12-31,rut,UVSP
2025-03-31,rut,UVSP
2025-06-30,rut,UVSP
2025-09-30,rut,UVSP
2025-12-31,rut,UVSP
2026-03-31,rut,UVSP
2026-06-30,rut,UVSP
2026-09-30,rut,UVSP
2019-12-31,sp400,VMI
2020-03-31,sp400,VMI
2020-06-30,sp400,VMI
2020-09-30,sp400,VMI
2020-12-31,sp400,VMI
2021-03-31,sp400,VMI
2021-06-30,sp400,VMI
2021-09-30,sp400,VMI
2021-12-31,sp400,VMI
2022-03-31,sp400,VMI
2022-06-30,sp400,VMI
2022-09-30,sp400,VMI
2022-12-31,sp400,VMI
2023-03-31,sp400,VMI
2023-06-30,sp400,VMI
2023-09-30,sp400,VMI
2023-12-31,sp400,VMI
2024-03-31,sp400,VMI
2024-06-30,sp400,VMI
2024-09-30,sp400,VMI
2024-12-31,sp400,VMI
2025-03-31,sp400,VMI
2025-06-30,sp400,VMI
2025-09-30,sp400,VMI
2025-12-31,sp400,VMI
2026-03-31,sp400,VMI
2026-06-30,sp400,VMI
2026-09-30,sp400,VMI
2019-12-31,rut,VSEC
2020-03-31,rut,VSEC
2020-06-30,rut,VSEC
2020-09-30,rut,VSEC
2020-12-31,rut,VSEC
2021-03-31,rut,VSEC
2021-06-30,rut,VSEC
2021-09-30,rut,VSEC
2021-12-31,rut,VSEC
2022-03-31,rut,VSEC
2022-06-30,rut,VSEC
2022-09-30,rut,VSEC
2022-12-31,rut,VSEC
2023-03-31,rut,VSEC
2023-06-30,rut,VSEC
2023-09-30,rut,VSEC
2023-12-31,rut,VSEC
2024-03-31,rut,VSEC
2024-06-30,rut,VSEC
2024-09-30,rut,VSEC
2024-12-31,rut,VSEC
2025-03-31,rut,VSEC
2025-06-30,rut,VSEC
2025-09-30,rut,VSEC
2025-12-31,rut,VSEC
2026-03-31,rut,VSEC
2026-03-31,sp600,VSEC
2026-06-30,rut,VSEC
2026-06-30,sp600,VSEC
2026-09-30,rut,VSEC
2026-09-30,sp600,VSEC
2019-12-31,rut,VECO
2019-12-31,sp600,VECO
2020-03-31,rut,VECO
2020-03-31,sp600,VECO
2020-06-30,rut,VECO
2020-06-30,sp600,VECO
2020-09-30,rut,VECO
2020-09-30,sp600,VECO
2020-12-31,rut,VECO
2020-12-31,sp600,VECO
2021-03-31,rut,VECO
2021-03-31,sp600,VECO
2021-06-30,rut,VECO
2021-06-30,sp600,VECO
2021-09-30,rut,VECO
2021-09-30,sp600,VECO
2021-12-31,rut,VECO
2021-12-31,sp600,VECO
2022-03-31,rut,VECO
2022-03-31,sp600,VECO
2022-06-30,rut,VECO
2022-06-30,sp600,VECO
2022-09-30,rut,VECO
2022-09-30,sp600,VECO
2022-12-31,rut,VECO
2022-12-31,sp600,VECO
2023-03-31,rut,VECO
2023-03-31,sp600,VECO
2023-06-30,rut,VECO
2023-06-30,sp600,VECO
2023-09-30,rut,VECO
2023-09-30,sp600,VECO
2023-12-31,rut,VECO
2023-12-31,sp600,VECO
2024-03-31,rut,VECO
2024-03-31,sp600,VECO
2024-06-30,rut,VECO
2024-06-30,sp600,VECO
2024-09-30,rut,VECO
2024-09-30,sp600,VECO
2024-12-31,rut,VECO
2024-12-31,sp600,VECO
2025-03-31,rut,VECO
2025-03-31,sp600,VECO
2025-06-30,rut,VECO
2025-06-30,sp600,VECO
2025-09-30,rut,VECO
2025-09-30,sp600,VECO
2025-12-31,rut,VECO
2025-12-31,sp600,VECO
2026-03-31,rut,VECO
2026-03-31,sp600,VECO
2026-06-30,rut,VECO
2026-06-30,sp600,VECO
2026-09-30,rut,VECO
2026-09-30,sp600,VECO
2024-06-30,sp600,VFC
2024-09-30,sp600,VFC
2024-12-31,sp600,VFC
2025-03-31,sp400,VFC
2025-06-30,sp400,VFC
2025-09-30,sp400,VFC
2025-12-31,sp400,VFC
2026-03-31,sp400,VFC
2026-06-30,sp400,VFC
2026-09-30,sp400,VFC
2019-12-31,rut,VLGEA
2020-03-31,rut,VLGEA
2020-06-30,rut,VLGEA
2020-09-30,rut,VLGEA
2020-12-31,rut,VLGEA
2021-03-31,rut,VLGEA
2021-06-30,rut,VLGEA
2021-09-30,rut,VLGEA
2021-12-31,rut,VLGEA
2022-03-31,rut,VLGEA
2022-06-30,rut,VLGEA
2022-09-30,rut,VLGEA
2022-12-31,rut,VLGEA
2023-03-31,rut,VLGEA
2023-06-30,rut,VLGEA
2023-09-30,rut,VLGEA
2023-12-31,rut,VLGEA
2024-03-31,rut,VLGEA
2024-06-30,rut,VLGEA
2024-09-30,rut,VLGEA
2024-12-31,rut,VLGEA
2025-03-31,rut,VLGEA
2025-06-30,rut,VLGEA
2025-09-30,rut,VLGEA
2025-12-31,rut,VLGEA
2026-03-31,rut,VLGEA
2026-06-30,rut,VLGEA
2026-09-30,rut,VLGEA
2019-12-31,rut,VSH
2019-12-31,sp400,VSH
2020-03-31,rut,VSH
2020-03-31,sp400,VSH
2020-06-30,rut,VSH
2020-06-30,sp400,VSH
2020-09-30,rut,VSH
2020-09-30,sp400,VSH
2020-12-31,rut,VSH
2020-12-31,sp400,VSH
2021-03-31,rut,VSH
2021-03-31,sp400,VSH
2021-06-30,rut,VSH
2021-06-30,sp400,VSH
2021-09-30,rut,VSH
2021-09-30,sp400,VSH
2021-12-31,rut,VSH
2021-12-31,sp400,VSH
2022-03-31,rut,VSH
2022-03-31,sp400,VSH
2022-06-30,rut,VSH
2022-06-30,sp400,VSH
2022-09-30,rut,VSH
2022-09-30,sp400,VSH
2022-12-31,rut,VSH
2022-12-31,sp400,VSH
2023-03-31,rut,VSH
2023-03-31,sp400,VSH
2023-06-30,rut,VSH
2023-06-30,sp400,VSH
2023-09-30,rut,VSH
2023-09-30,sp400,VSH
2023-12-31,rut,VSH
2023-12-31,sp400,VSH
2024-03-31,rut,VSH
2024-03-31,sp400,VSH
2024-06-30,rut,VSH
2024-06-30,sp400,VSH
2024-09-30,rut,VSH
2024-09-30,sp400,VSH
2024-12-31,rut,VSH
2024-12-31,sp600,VSH
2025-03-31,rut,VSH
2025-03-31,sp600,VSH
2025-06-30,rut,VSH
2025-06-30,sp600,VSH
2025-09-30,rut,VSH
2025-09-30,sp600,VSH
2025-12-31,rut,VSH
2025-12-31,sp600,VSH
2026-03-31,rut,VSH
2026-03-31,sp600,VSH
2026-06-30,rut,VSH
2026-06-30,sp600,VSH
2026-09-30,rut,VSH
2026-09-30,sp600,VSH
2026-09-30,rut,GHC
2026-09-30,sp400,GHC
2019-12-31,rut,ELME
2019-12-31,sp600,ELME
2020-03-31,rut,ELME
2020-03-31,sp600,ELME
2020-06-30,rut,ELME
2020-06-30,sp600,ELME
2020-09-30,rut,ELME
2020-09-30,sp600,ELME
2020-12-31,rut,ELME
2020-12-31,sp600,ELME
2021-03-31,rut,ELME
2021-03-31,sp600,ELME
2021-06-30,rut,ELME
2021-06-30,sp600,ELME
2021-09-30,rut,ELME
2021-09-30,sp600,ELME
2021-12-31,rut,ELME
2021-12-31,sp600,ELME
2022-03-31,rut,ELME
2022-03-31,sp600,ELME
2022-06-30,rut,ELME
2022-06-30,sp600,ELME
2022-09-30,sp600,ELME
2022-12-31,rut,ELME
2022-12-31,sp600,ELME
2023-03-31,rut,ELME
2023-03-31,sp600,ELME
2023-06-30,rut,ELME
2023-06-30,sp600,ELME
2023-09-30,rut,ELME
2023-09-30,sp600,ELME
2023-12-31,rut,ELME
2023-12-31,sp600,ELME
2024-03-31,rut,ELME
2024-03-31,sp600,ELME
2024-06-30,rut,ELME
2024-06-30,sp600,ELME
2024-09-30,rut,ELME
2024-09-30,sp600,ELME
2024-12-31,rut,ELME
2024-12-31,sp600,ELME
2025-03-31,rut,ELME
2025-03-31,sp600,ELME
2025-06-30,rut,ELME
2025-06-30,sp600,ELME
2025-09-30,rut,ELME
2025-09-30,sp600,ELME
2025-12-31,rut,ELME
2025-12-31,sp600,ELME
2019-12-31,rut,AVA
2019-12-31,sp600,AVA
2020-03-31,rut,AVA
2020-03-31,sp600,AVA
2020-06-30,rut,AVA
2020-06-30,sp600,AVA
2020-09-30,rut,AVA
2020-09-30,sp600,AVA
2020-12-31,rut,AVA
2020-12-31,sp600,AVA
2021-03-31,rut,AVA
2021-03-31,sp600,AVA
2021-06-30,rut,AVA
2021-06-30,sp600,AVA
2021-09-30,rut,AVA
2021-09-30,sp600,AVA
2021-12-31,rut,AVA
2021-12-31,sp600,AVA
2022-03-31,rut,AVA
2022-03-31,sp600,AVA
2022-06-30,rut,AVA
2022-06-30,sp600,AVA
2022-09-30,rut,AVA
2022-09-30,sp600,AVA
2022-12-31,rut,AVA
2022-12-31,sp600,AVA
2023-03-31,rut,AVA
2023-03-31,sp600,AVA
2023-06-30,rut,AVA
2023-06-30,sp600,AVA
2023-09-30,rut,AVA
2023-09-30,sp600,AVA
2023-12-31,rut,AVA
2023-12-31,sp600,AVA
2024-03-31,rut,AVA
2024-03-31,sp600,AVA
2024-06-30,rut,AVA
2024-06-30,sp600,AVA
2024-09-30,rut,AVA
2024-09-30,sp600,AVA
2024-12-31,rut,AVA
2024-12-31,sp600,AVA
2025-03-31,rut,AVA
2025-03-31,sp600,AVA
2025-06-30,rut,AVA
2025-06-30,sp600,AVA
2025-09-30,rut,AVA
2025-09-30,sp600,AVA
2025-12-31,rut,AVA
2025-12-31,sp600,AVA
2026-03-31,rut,AVA
2026-03-31,sp600,AVA
2026-06-30,rut,AVA
2026-06-30,sp600,AVA
2026-09-30,rut,AVA
2026-09-30,sp600,AVA
2019-12-31,sp400,WSO
2020-03-31,sp400,WSO
2020-06-30,sp400,WSO
2020-09-30,sp400,WSO
2020-12-31,sp400,WSO
2021-03-31,sp400,WSO
2021-06-30,sp400,WSO
2021-09-30,sp400,WSO
2021-12-31,sp400,WSO
2022-03-31,sp400,WSO
2022-06-30,sp400,WSO
2022-09-30,sp400,WSO
2022-12-31,sp400,WSO
2023-03-31,sp400,WSO
2023-06-30,sp400,WSO
2023-09-30,sp400,WSO
2023-12-31,sp400,WSO
2024-03-31,sp400,WSO
2024-06-30,sp400,WSO
2024-09-30,sp400,WSO
2024-12-31,sp400,WSO
2025-03-31,sp400,WSO
2025-06-30,sp400,WSO
2025-09-30,sp400,WSO
2025-12-31,sp400,WSO
2026-03-31,sp400,WSO
2026-06-30,sp400,WSO
2026-09-30,sp400,WSO
2019-12-31,rut,WDFC
2019-12-31,sp600,WDFC
2020-03-31,rut,WDFC
2020-03-31,sp600,WDFC
2020-06-30,rut,WDFC
2020-06-30,sp600,WDFC
2020-09-30,rut,WDFC
2020-09-30,sp600,WDFC
2020-12-31,rut,WDFC
2020-12-31,sp600,WDFC
2021-03-31,rut,WDFC
2021-03-31,sp600,WDFC
2021-06-30,rut,WDFC
2021-06-30,sp600,WDFC
2021-09-30,rut,WDFC
2021-09-30,sp600,WDFC
2021-12-31,rut,WDFC
2021-12-31,sp600,WDFC
2022-03-31,rut,WDFC
2022-03-31,sp600,WDFC
2022-06-30,rut,WDFC
2022-06-30,sp600,WDFC
2022-09-30,rut,WDFC
2022-09-30,sp600,WDFC
2022-12-31,rut,WDFC
2022-12-31,sp600,WDFC
2023-03-31,rut,WDFC
2023-03-31,sp600,WDFC
2023-06-30,rut,WDFC
2023-06-30,sp600,WDFC
2023-09-30,rut,WDFC
2023-09-30,sp600,WDFC
2023-12-31,rut,WDFC
2023-12-31,sp600,WDFC
2024-03-31,rut,WDFC
2024-03-31,sp600,WDFC
2024-06-30,rut,WDFC
2024-06-30,sp600,WDFC
2024-09-30,rut,WDFC
2024-09-30,sp600,WDFC
2024-12-31,rut,WDFC
2024-12-31,sp600,WDFC
2025-03-31,rut,WDFC
2025-03-31,sp600,WDFC
2025-06-30,rut,WDFC
2025-06-30,sp600,WDFC
2025-09-30,rut,WDFC
2025-09-30,sp600,WDFC
2025-12-31,rut,WDFC
2025-12-31,sp600,WDFC
2026-03-31,rut,WDFC
2026-03-31,sp600,WDFC
2026-06-30,rut,WDFC
2026-06-30,sp600,WDFC
2026-09-30,rut,WDFC
2026-09-30,sp600,WDFC
2019-12-31,rut,WMK
2020-03-31,rut,WMK
2020-06-30,rut,WMK
2020-09-30,rut,WMK
2020-12-31,rut,WMK
2021-03-31,rut,WMK
2021-06-30,rut,WMK
2021-09-30,rut,WMK
2021-12-31,rut,WMK
2022-03-31,rut,WMK
2022-06-30,rut,WMK
2022-09-30,rut,WMK
2022-12-31,rut,WMK
2023-03-31,rut,WMK
2023-06-30,rut,WMK
2023-09-30,rut,WMK
2023-12-31,rut,WMK
2024-03-31,rut,WMK
2024-06-30,rut,WMK
2024-09-30,rut,WMK
2024-12-31,rut,WMK
2025-03-31,rut,WMK
2025-06-30,rut,WMK
2025-09-30,rut,WMK
2025-12-31,rut,WMK
2026-03-31,rut,WMK
2026-06-30,rut,WMK
2026-09-30,rut,WMK
2019-12-31,rut,EME
2019-12-31,sp400,EME
2020-03-31,rut,EME
2020-03-31,sp400,EME
2020-06-30,rut,EME
2020-06-30,sp400,EME
2020-09-30,rut,EME
2020-09-30,sp400,EME
2020-12-31,rut,EME
2020-12-31,sp400,EME
2021-03-31,rut,EME
2021-03-31,sp400,EME
2021-06-30,rut,EME
2021-06-30,sp400,EME
2021-09-30,rut,EME
2021-09-30,sp400,EME
2021-12-31,rut,EME
2021-12-31,sp400,EME
2022-03-31,rut,EME
2022-03-31,sp400,EME
2022-06-30,rut,EME
2022-06-30,sp400,EME
2022-09-30,rut,EME
2022-09-30,sp400,EME
2022-12-31,rut,EME
2022-12-31,sp400,EME
2023-03-31,rut,EME
2023-03-31,sp400,EME
2023-06-30,sp400,EME
2023-09-30,sp400,EME
2023-12-31,sp400,EME
2024-03-31,sp400,EME
2024-06-30,sp400,EME
2024-09-30,sp400,EME
2024-12-31,sp400,EME
2025-03-31,sp400,EME
2025-06-30,sp400,EME
2024-03-31,sp400,WHR
2024-06-30,sp400,WHR
2024-09-30,sp400,WHR
2024-12-31,sp400,WHR
2025-03-31,sp400,WHR
2025-06-30,sp400,WHR
2025-09-30,sp400,WHR
2025-12-31,sp400,WHR
2026-03-31,sp400,WHR
2026-06-30,sp400,WHR
2026-09-30,sp400,WHR
2026-09-30,rut,WLY
2026-09-30,sp600,WLY
2019-12-31,rut,WGO
2019-12-31,sp600,WGO
2020-03-31,rut,WGO
2020-03-31,sp600,WGO
2020-06-30,rut,WGO
2020-06-30,sp600,WGO
2020-09-30,rut,WGO
2020-09-30,sp600,WGO
2020-12-31,rut,WGO
2020-12-31,sp600,WGO
2021-03-31,rut,WGO
2021-03-31,sp600,WGO
2021-06-30,rut,WGO
2021-06-30,sp600,WGO
2021-09-30,rut,WGO
2021-09-30,sp600,WGO
2021-12-31,rut,WGO
2021-12-31,sp600,WGO
2022-03-31,rut,WGO
2022-03-31,sp600,WGO
2022-06-30,rut,WGO
2022-06-30,sp600,WGO
2022-09-30,rut,WGO
2022-09-30,sp600,WGO
2022-12-31,rut,WGO
2022-12-31,sp600,WGO
2023-03-31,rut,WGO
2023-03-31,sp600,WGO
2023-06-30,rut,WGO
2023-06-30,sp600,WGO
2023-09-30,rut,WGO
2023-09-30,sp600,WGO
2023-12-31,rut,WGO
2023-12-31,sp600,WGO
2024-03-31,rut,WGO
2024-03-31,sp600,WGO
2024-06-30,rut,WGO
2024-06-30,sp600,WGO
2024-09-30,rut,WGO
2024-09-30,sp600,WGO
2024-12-31,rut,WGO
2024-12-31,sp600,WGO
2025-03-31,rut,WGO
2025-03-31,sp600,WGO
2025-06-30,rut,WGO
2025-06-30,sp600,WGO
2025-09-30,rut,WGO
2025-09-30,sp600,WGO
2025-12-31,rut,WGO
2025-12-31,sp600,WGO
2026-03-31,rut,WGO
2026-03-31,sp600,WGO
2026-06-30,rut,WGO
2026-06-30,sp600,WGO
2026-09-30,rut,WGO
2026-09-30,sp600,WGO
2019-12-31,sp400,WWD
2020-03-31,sp400,WWD
2020-06-30,sp400,WWD
2020-09-30,sp400,WWD
2020-12-31,sp400,WWD
2021-03-31,sp400,WWD
2021-06-30,sp400,WWD
2021-09-30,sp400,WWD
2021-12-31,sp400,WWD
2022-03-31,sp400,WWD
2022-06-30,sp400,WWD
2022-09-30,sp400,WWD
2022-12-31,sp400,WWD
2023-03-31,sp400,WWD
2023-06-30,sp400,WWD
2023-09-30,sp400,WWD
2023-12-31,sp400,WWD
2024-03-31,sp400,WWD
2024-06-30,sp400,WWD
2024-09-30,sp400,WWD
2024-12-31,sp400,WWD
2025-03-31,sp400,WWD
2025-06-30,sp400,WWD
2025-09-30,sp400,WWD
2025-12-31,sp400,WWD
2026-03-31,sp400,WWD
2026-06-30,sp400,WWD
2026-09-30,sp400,WWD
2019-12-31,rut,WOR
2019-12-31,sp400,WOR
2020-03-31,rut,WOR
2020-03-31,sp400,WOR
2020-06-30,rut,WOR
2020-06-30,sp400,WOR
2020-09-30,rut,WOR
2020-09-30,sp400,WOR
2020-12-31,rut,WOR
2020-12-31,sp400,WOR
2021-03-31,rut,WOR
2021-03-31,sp400,WOR
2021-06-30,rut,WOR
2021-06-30,sp400,WOR
2021-09-30,rut,WOR
2021-09-30,sp400,WOR
2021-12-31,rut,WOR
2021-12-31,sp400,WOR
2022-03-31,rut,WOR
2022-03-31,sp400,WOR
2022-06-30,rut,WOR
2022-06-30,sp400,WOR
2022-09-30,rut,WOR
2022-09-30,sp400,WOR
2022-12-31,rut,WOR
2022-12-31,sp400,WOR
2023-03-31,rut,WOR
2023-03-31,sp400,WOR
2023-06-30,rut,WOR
2023-06-30,sp400,WOR
2023-09-30,rut,WOR
2023-09-30,sp400,WOR
2023-12-31,rut,WOR
2023-12-31,sp600,WOR
2024-03-31,rut,WOR
2024-03-31,sp600,WOR
2024-06-30,rut,WOR
2024-06-30,sp600,WOR
2024-09-30,rut,WOR
2024-09-30,sp600,WOR
2024-12-31,rut,WOR
2024-12-31,sp600,WOR
2025-03-31,rut,WOR
2025-03-31,sp600,WOR
2025-06-30,rut,WOR
2025-06-30,sp600,WOR
2025-09-30,rut,WOR
2025-09-30,sp600,WOR
2025-12-31,rut,WOR
2025-12-31,sp600,WOR
2026-03-31,rut,WOR
2026-03-31,sp600,WOR
2026-06-30,rut,WOR
2026-06-30,sp600,WOR
2026-09-30,rut,WOR
2026-09-30,sp600,WOR
2025-06-30,rut,SPB
2025-09-30,rut,SPB
2025-12-31,rut,SPB
2026-03-31,rut,SPB
2026-06-30,rut,SPB
2026-09-30,rut,SPB
2026-09-30,sp400,ZION
2019-12-31,rut,AIT
2019-12-31,sp600,AIT
2020-03-31,rut,AIT
2020-03-31,sp600,AIT
2020-06-30,rut,AIT
2020-06-30,sp600,AIT
2020-09-30,rut,AIT
2020-09-30,sp600,AIT
2020-12-31,rut,AIT
2020-12-31,sp600,AIT
2021-03-31,rut,AIT
2021-03-31,sp600,AIT
2021-06-30,rut,AIT
2021-06-30,sp600,AIT
2021-09-30,rut,AIT
2021-09-30,sp600,AIT
2021-12-31,rut,AIT
2021-12-31,sp600,AIT
2022-03-31,rut,AIT
2022-03-31,sp600,AIT
2022-06-30,rut,AIT
2022-06-30,sp600,AIT
2022-09-30,rut,AIT
2022-09-30,sp600,AIT
2022-12-31,rut,AIT
2022-12-31,sp600,AIT
2023-03-31,rut,AIT
2023-03-31,sp600,AIT
2023-06-30,rut,AIT
2023-06-30,sp600,AIT
2023-09-30,rut,AIT
2023-09-30,sp600,AIT
2023-12-31,rut,AIT
2023-12-31,sp600,AIT
2024-03-31,rut,AIT
2024-03-31,sp400,AIT
2024-06-30,rut,AIT
2024-06-30,sp400,AIT
2024-09-30,rut,AIT
2024-09-30,sp400,AIT
2024-12-31,rut,AIT
2024-12-31,sp400,AIT
2025-03-31,rut,AIT
2025-03-31,sp400,AIT
2025-06-30,sp400,AIT
2025-09-30,sp400,AIT
2025-12-31,sp400,AIT
2026-03-31,sp400,AIT
2026-06-30,sp400,AIT
2026-09-30,sp400,AIT
2019-12-31,rut,WWW
2019-12-31,sp600,WWW
2020-03-31,rut,WWW
2020-03-31,sp600,WWW
2020-06-30,rut,WWW
2020-06-30,sp600,WWW
2020-09-30,rut,WWW
2020-09-30,sp600,WWW
2020-12-31,rut,WWW
2020-12-31,sp600,WWW
2021-03-31,rut,WWW
2021-03-31,sp600,WWW
2021-06-30,rut,WWW
2021-06-30,sp600,WWW
2021-09-30,rut,WWW
2021-09-30,sp600,WWW
2021-12-31,rut,WWW
2021-12-31,sp600,WWW
2022-03-31,rut,WWW
2022-03-31,sp600,WWW
2022-06-30,rut,WWW
2022-06-30,sp600,WWW
2022-09-30,rut,WWW
2022-09-30,sp600,WWW
2022-12-31,rut,WWW
2022-12-31,sp600,WWW
2023-03-31,rut,WWW
2023-03-31,sp600,WWW
2023-06-30,rut,WWW
2023-06-30,sp600,WWW
2023-09-30,rut,WWW
2023-09-30,sp600,WWW
2023-12-31,rut,WWW
2023-12-31,sp600,WWW
2024-03-31,rut,WWW
2024-03-31,sp600,WWW
2024-06-30,rut,WWW
2024-06-30,sp600,WWW
2024-09-30,rut,WWW
2024-09-30,sp600,WWW
2024-12-31,rut,WWW
2024-12-31,sp600,WWW
2025-03-31,rut,WWW
2025-03-31,sp600,WWW
2025-06-30,rut,WWW
2025-06-30,sp600,WWW
2025-09-30,rut,WWW
2025-09-30,sp600,WWW
2025-12-31,rut,WWW
2025-12-31,sp600,WWW
2026-03-31,rut,WWW
2026-03-31,sp600,WWW
2026-06-30,rut,WWW
2026-06-30,sp600,WWW
2026-09-30,rut,WWW
2026-09-30,sp600,WWW
2019-12-31,sp400,RPM
2020-03-31,sp400,RPM
2020-06-30,sp400,RPM
2020-09-30,sp400,RPM
2020-12-31,sp400,RPM
2021-03-31,sp400,RPM
2021-06-30,sp400,RPM
2021-09-30,sp400,RPM
2021-12-31,sp400,RPM
2022-03-31,sp400,RPM
2022-06-30,sp400,RPM
2022-09-30,sp400,RPM
2022-12-31,sp400,RPM
2023-03-31,sp400,RPM
2023-06-30,sp400,RPM
2023-09-30,sp400,RPM
2023-12-31,sp400,RPM
2024-03-31,sp400,RPM
2024-06-30,sp400,RPM
2024-09-30,sp400,RPM
2024-12-31,sp400,RPM
2025-03-31,sp400,RPM
2025-06-30,sp400,RPM
2025-09-30,sp400,RPM
2025-12-31,sp400,RPM
2026-03-31,sp400,RPM
2026-06-30,sp400,RPM
2026-09-30,sp400,RPM
2019-12-31,rut,WSBC
2020-03-31,rut,WSBC
2020-06-30,rut,WSBC
2020-09-30,rut,WSBC
2020-12-31,rut,WSBC
2021-03-31,rut,WSBC
2021-06-30,rut,WSBC
2021-09-30,rut,WSBC
2021-12-31,rut,WSBC
2022-03-31,rut,WSBC
2022-06-30,rut,WSBC
2022-09-30,rut,WSBC
2022-12-31,rut,WSBC
2023-03-31,rut,WSBC
2023-06-30,rut,WSBC
2023-09-30,rut,WSBC
2023-12-31,rut,WSBC
2024-03-31,rut,WSBC
2024-06-30,rut,WSBC
2024-09-30,rut,WSBC
2024-12-31,rut,WSBC
2025-03-31,rut,WSBC
2025-06-30,rut,WSBC
2025-09-30,rut,WSBC
2025-12-31,rut,WSBC
2026-03-31,rut,WSBC
2026-06-30,rut,WSBC
2026-06-30,sp600,WSBC
2026-09-30,rut,WSBC
2026-09-30,sp600,WSBC
2019-12-31,rut,CDE
2020-03-31,rut,CDE
2020-06-30,rut,CDE
2020-09-30,rut,CDE
2020-12-31,rut,CDE
2021-03-31,rut,CDE
2021-06-30,rut,CDE
2021-09-30,rut,CDE
2021-12-31,rut,CDE
2022-03-31,rut,CDE
2022-06-30,rut,CDE
2022-09-30,rut,CDE
2022-12-31,rut,CDE
2023-03-31,rut,CDE
2023-06-30,rut,CDE
2023-09-30,rut,CDE
2023-12-31,rut,CDE
2024-03-31,rut,CDE
2024-06-30,rut,CDE
2024-09-30,rut,CDE
2024-12-31,rut,CDE
2025-03-31,rut,CDE
2025-06-30,rut,CDE
2025-09-30,rut,CDE
2025-12-31,rut,CDE
2026-03-31,rut,CDE
2026-06-30,sp400,CDE
2026-09-30,sp400,CDE
2019-12-31,sp400,ITT
2020-03-31,sp400,ITT
2020-06-30,sp400,ITT
2020-09-30,sp400,ITT
2020-12-31,sp400,ITT
2021-03-31,sp400,ITT
2021-06-30,sp400,ITT
2021-09-30,sp400,ITT
2021-12-31,sp400,ITT
2022-03-31,sp400,ITT
2022-06-30,sp400,ITT
2022-09-30,sp400,ITT
2022-12-31,sp400,ITT
2023-03-31,sp400,ITT
2023-06-30,sp400,ITT
2023-09-30,sp400,ITT
2023-12-31,sp400,ITT
2024-03-31,sp400,ITT
2024-06-30,sp400,ITT
2024-09-30,sp400,ITT
2024-12-31,sp400,ITT
2025-03-31,sp400,ITT
2025-06-30,sp400,ITT
2025-09-30,sp400,ITT
2025-12-31,sp400,ITT
2026-03-31,sp400,ITT
2026-06-30,sp400,ITT
2026-09-30,sp400,ITT
2019-12-31,rut,SIGI
2019-12-31,sp400,SIGI
2020-03-31,rut,SIGI
2020-03-31,sp400,SIGI
2020-06-30,rut,SIGI
2020-06-30,sp400,SIGI
2020-09-30,rut,SIGI
2020-09-30,sp400,SIGI
2020-12-31,rut,SIGI
2020-12-31,sp400,SIGI
2021-03-31,rut,SIGI
2021-03-31,sp400,SIGI
2021-06-30,rut,SIGI
2021-06-30,sp400,SIGI
2021-09-30,rut,SIGI
2021-09-30,sp400,SIGI
2021-12-31,rut,SIGI
2021-12-31,sp400,SIGI
2022-03-31,rut,SIGI
2022-03-31,sp400,SIGI
2022-06-30,rut,SIGI
2022-06-30,sp400,SIGI
2022-09-30,rut,SIGI
2022-09-30,sp400,SIGI
2022-12-31,rut,SIGI
2022-12-31,sp400,SIGI
2023-03-31,rut,SIGI
2023-03-31,sp400,SIGI
2023-06-30,rut,SIGI
2023-06-30,sp400,SIGI
2023-09-30,rut,SIGI
2023-09-30,sp400,SIGI
2023-12-31,rut,SIGI
2023-12-31,sp400,SIGI
2024-03-31,rut,SIGI
2024-03-31,sp400,SIGI
2024-06-30,rut,SIGI
2024-06-30,sp400,SIGI
2024-09-30,rut,SIGI
2024-09-30,sp400,SIGI
2024-12-31,rut,SIGI
2024-12-31,sp400,SIGI
2025-03-31,rut,SIGI
2025-03-31,sp400,SIGI
2025-06-30,rut,SIGI
2025-06-30,sp400,SIGI
2025-09-30,rut,SIGI
2025-09-30,sp400,SIGI
2025-12-31,rut,SIGI
2025-12-31,sp400,SIGI
2026-03-31,rut,SIGI
2026-03-31,sp400,SIGI
2026-06-30,rut,SIGI
2026-06-30,sp400,SIGI
2026-09-30,rut,SIGI
2026-09-30,sp400,SIGI
2019-12-31,rut,PSN
2020-03-31,rut,PSN
2020-06-30,rut,PSN
2020-09-30,rut,PSN
2020-12-31,rut,PSN
2021-03-31,rut,PSN
2021-06-30,rut,PSN
2021-09-30,rut,PSN
2021-12-31,rut,PSN
2022-03-31,rut,PSN
2022-06-30,rut,PSN
2022-09-30,rut,PSN
2022-12-31,rut,PSN
2023-03-31,rut,PSN
2023-06-30,rut,PSN
2023-09-30,rut,PSN
2023-12-31,rut,PSN
2024-03-31,rut,PSN
2024-06-30,rut,PSN
2024-09-30,sp400,PSN
2024-12-31,sp400,PSN
2025-03-31,sp400,PSN
2025-06-30,sp400,PSN
2025-09-30,sp400,PSN
2025-12-31,sp400,PSN
2026-03-31,sp400,PSN
2026-06-30,sp400,PSN
2026-09-30,sp400,PSN
2019-12-31,rut,FSS
2019-12-31,sp600,FSS
2020-03-31,rut,FSS
2020-03-31,sp600,FSS
2020-06-30,rut,FSS
2020-06-30,sp600,FSS
2020-09-30,rut,FSS
2020-09-30,sp600,FSS
2020-12-31,rut,FSS
2020-12-31,sp600,FSS
2021-03-31,rut,FSS
2021-03-31,sp600,FSS
2021-06-30,rut,FSS
2021-06-30,sp600,FSS
2021-09-30,rut,FSS
2021-09-30,sp600,FSS
2021-12-31,rut,FSS
2021-12-31,sp600,FSS
2022-03-31,rut,FSS
2022-03-31,sp600,FSS
2022-06-30,rut,FSS
2022-06-30,sp600,FSS
2022-09-30,rut,FSS
2022-09-30,sp600,FSS
2022-12-31,rut,FSS
2022-12-31,sp600,FSS
2023-03-31,rut,FSS
2023-03-31,sp600,FSS
2023-06-30,rut,FSS
2023-06-30,sp600,FSS
2023-09-30,rut,FSS
2023-09-30,sp600,FSS
2023-12-31,rut,FSS
2023-12-31,sp600,FSS
2024-03-31,rut,FSS
2024-03-31,sp600,FSS
2024-06-30,rut,FSS
2024-06-30,sp600,FSS
2024-09-30,rut,FSS
2024-09-30,sp600,FSS
2024-12-31,rut,FSS
2024-12-31,sp600,FSS
2025-03-31,rut,FSS
2025-03-31,sp600,FSS
2025-06-30,rut,FSS
2025-06-30,sp600,FSS
2025-09-30,rut,FSS
2025-09-30,sp600,FSS
2025-12-31,rut,FSS
2025-12-31,sp600,FSS
2026-03-31,rut,FSS
2026-03-31,sp600,FSS
2026-06-30,rut,FSS
2026-06-30,sp600,FSS
2026-09-30,rut,FSS
2026-09-30,sp600,FSS
2019-12-31,rut,CVCO
2019-12-31,sp600,CVCO
2020-03-31,rut,CVCO
2020-03-31,sp600,CVCO
2020-06-30,rut,CVCO
2020-06-30,sp600,CVCO
2020-09-30,rut,CVCO
2020-09-30,sp600,CVCO
2020-12-31,rut,CVCO
2020-12-31,sp600,CVCO
2021-03-31,rut,CVCO
2021-03-31,sp600,CVCO
2021-06-30,rut,CVCO
2021-06-30,sp600,CVCO
2021-09-30,rut,CVCO
2021-09-30,sp600,CVCO
2021-12-31,rut,CVCO
2021-12-31,sp600,CVCO
2022-03-31,rut,CVCO
2022-03-31,sp600,CVCO
2022-06-30,rut,CVCO
2022-06-30,sp600,CVCO
2022-09-30,rut,CVCO
2022-09-30,sp600,CVCO
2022-12-31,rut,CVCO
2022-12-31,sp600,CVCO
2023-03-31,rut,CVCO
2023-03-31,sp600,CVCO
2023-06-30,rut,CVCO
2023-06-30,sp600,CVCO
2023-09-30,rut,CVCO
2023-09-30,sp600,CVCO
2023-12-31,rut,CVCO
2023-12-31,sp600,CVCO
2024-03-31,rut,CVCO
2024-03-31,sp600,CVCO
2024-06-30,rut,CVCO
2024-06-30,sp600,CVCO
2024-09-30,rut,CVCO
2024-09-30,sp600,CVCO
2024-12-31,rut,CVCO
2024-12-31,sp600,CVCO
2025-03-31,rut,CVCO
2025-03-31,sp600,CVCO
2025-06-30,rut,CVCO
2025-06-30,sp600,CVCO
2025-09-30,rut,CVCO
2025-09-30,sp600,CVCO
2025-12-31,rut,CVCO
2025-12-31,sp600,CVCO
2026-03-31,rut,CVCO
2026-03-31,sp600,CVCO
2026-06-30,rut,CVCO
2026-06-30,sp600,CVCO
2026-09-30,rut,CVCO
2026-09-30,sp600,CVCO
2019-12-31,rut,SXT
2019-12-31,sp400,SXT
2020-03-31,rut,SXT
2020-03-31,sp400,SXT
2020-06-30,rut,SXT
2020-06-30,sp400,SXT
2020-09-30,rut,SXT
2020-09-30,sp400,SXT
2020-12-31,rut,SXT
2020-12-31,sp400,SXT
2021-03-31,rut,SXT
2021-03-31,sp400,SXT
2021-06-30,rut,SXT
2021-06-30,sp400,SXT
2021-09-30,rut,SXT
2021-09-30,sp400,SXT
2021-12-31,rut,SXT
2021-12-31,sp400,SXT
2022-03-31,rut,SXT
2022-03-31,sp400,SXT
2022-06-30,rut,SXT
2022-06-30,sp400,SXT
2022-09-30,rut,SXT
2022-09-30,sp400,SXT
2022-12-31,rut,SXT
2022-12-31,sp400,SXT
2023-03-31,rut,SXT
2023-03-31,sp400,SXT
2023-06-30,rut,SXT
2023-06-30,sp400,SXT
2023-09-30,rut,SXT
2023-09-30,sp600,SXT
2023-12-31,rut,SXT
2023-12-31,sp600,SXT
2024-03-31,rut,SXT
2024-03-31,sp600,SXT
2024-06-30,rut,SXT
2024-06-30,sp600,SXT
2024-09-30,rut,SXT
2024-09-30,sp600,SXT
2024-12-31,rut,SXT
2024-12-31,sp600,SXT
2025-03-31,rut,SXT
2025-03-31,sp600,SXT
2025-06-30,rut,SXT
2025-06-30,sp600,SXT
2025-09-30,rut,SXT
2025-09-30,sp600,SXT
2025-12-31,rut,SXT
2025-12-31,sp600,SXT
2026-03-31,rut,SXT
2026-03-31,sp600,SXT
2026-06-30,rut,SXT
2026-06-30,sp600,SXT
2026-09-30,rut,SXT
2026-09-30,sp600,SXT
2019-12-31,rut,SXI
2019-12-31,sp600,SXI
2020-03-31,rut,SXI
2020-03-31,sp600,SXI
2020-06-30,rut,SXI
2020-06-30,sp600,SXI
2020-09-30,rut,SXI
2020-09-30,sp600,SXI
2020-12-31,rut,SXI
2020-12-31,sp600,SXI
2021-03-31,rut,SXI
2021-03-31,sp600,SXI
2021-06-30,rut,SXI
2021-06-30,sp600,SXI
2021-09-30,rut,SXI
2021-09-30,sp600,SXI
2021-12-31,rut,SXI
2021-12-31,sp600,SXI
2022-03-31,rut,SXI
2022-03-31,sp600,SXI
2022-06-30,rut,SXI
2022-06-30,sp600,SXI
2022-09-30,rut,SXI
2022-09-30,sp600,SXI
2022-12-31,rut,SXI
2022-12-31,sp600,SXI
2023-03-31,rut,SXI
2023-03-31,sp600,SXI
2023-06-30,rut,SXI
2023-06-30,sp600,SXI
2023-09-30,rut,SXI
2023-09-30,sp600,SXI
2023-12-31,rut,SXI
2023-12-31,sp600,SXI
2024-03-31,rut,SXI
2024-03-31,sp600,SXI
2024-06-30,rut,SXI
2024-06-30,sp600,SXI
2024-09-30,rut,SXI
2024-09-30,sp600,SXI
2024-12-31,rut,SXI
2024-12-31,sp600,SXI
2025-03-31,rut,SXI
2025-03-31,sp600,SXI
2025-06-30,rut,SXI
2025-06-30,sp600,SXI
2025-09-30,rut,SXI
2025-09-30,sp600,SXI
2025-12-31,rut,SXI
2025-12-31,sp600,SXI
2026-03-31,rut,SXI
2026-03-31,sp600,SXI
2026-06-30,rut,SXI
2026-06-30,sp600,SXI
2026-09-30,rut,SXI
2026-09-30,sp600,SXI
2019-12-31,rut,WABC
2019-12-31,sp600,WABC
2020-03-31,rut,WABC
2020-03-31,sp600,WABC
2020-06-30,rut,WABC
2020-06-30,sp600,WABC
2020-09-30,rut,WABC
2020-09-30,sp600,WABC
2020-12-31,rut,WABC
2020-12-31,sp600,WABC
2021-03-31,rut,WABC
2021-03-31,sp600,WABC
2021-06-30,rut,WABC
2021-06-30,sp600,WABC
2021-09-30,rut,WABC
2021-09-30,sp600,WABC
2021-12-31,rut,WABC
2021-12-31,sp600,WABC
2022-03-31,rut,WABC
2022-03-31,sp600,WABC
2022-06-30,rut,WABC
2022-06-30,sp600,WABC
2022-09-30,rut,WABC
2022-09-30,sp600,WABC
2022-12-31,rut,WABC
2022-12-31,sp600,WABC
2023-03-31,rut,WABC
2023-03-31,sp600,WABC
2023-06-30,rut,WABC
2023-06-30,sp600,WABC
2023-09-30,rut,WABC
2023-09-30,sp600,WABC
2023-12-31,rut,WABC
2023-12-31,sp600,WABC
2024-03-31,rut,WABC
2024-03-31,sp600,WABC
2024-06-30,rut,WABC
2024-06-30,sp600,WABC
2024-09-30,rut,WABC
2024-09-30,sp600,WABC
2024-12-31,rut,WABC
2024-12-31,sp600,WABC
2025-03-31,rut,WABC
2025-03-31,sp600,WABC
2025-06-30,rut,WABC
2025-06-30,sp600,WABC
2025-09-30,rut,WABC
2025-09-30,sp600,WABC
2025-12-31,rut,WABC
2025-12-31,sp600,WABC
2026-03-31,rut,WABC
2026-03-31,sp600,WABC
2026-06-30,rut,WABC
2026-06-30,sp600,WABC
2026-09-30,rut,WABC
2026-09-30,sp600,WABC
2019-12-31,rut,HAE
2019-12-31,sp400,HAE
2020-03-31,rut,HAE
2020-03-31,sp400,HAE
2020-06-30,sp400,HAE
2020-09-30,sp400,HAE
2020-12-31,sp400,HAE
2021-03-31,sp400,HAE
2021-06-30,rut,HAE
2021-06-30,sp400,HAE
2021-09-30,rut,HAE
2021-09-30,sp400,HAE
2021-12-31,rut,HAE
2021-12-31,sp400,HAE
2022-03-31,rut,HAE
2022-03-31,sp400,HAE
2022-06-30,rut,HAE
2022-06-30,sp400,HAE
2022-09-30,rut,HAE
2022-09-30,sp400,HAE
2022-12-31,rut,HAE
2022-12-31,sp400,HAE
2023-03-31,rut,HAE
2023-03-31,sp400,HAE
2023-06-30,rut,HAE
2023-06-30,sp400,HAE
2023-09-30,rut,HAE
2023-09-30,sp400,HAE
2023-12-31,rut,HAE
2023-12-31,sp400,HAE
2024-03-31,rut,HAE
2024-03-31,sp400,HAE
2024-06-30,rut,HAE
2024-06-30,sp400,HAE
2024-09-30,rut,HAE
2024-09-30,sp400,HAE
2024-12-31,rut,HAE
2024-12-31,sp400,HAE
2025-03-31,rut,HAE
2025-03-31,sp400,HAE
2025-06-30,rut,HAE
2025-06-30,sp400,HAE
2025-09-30,rut,HAE
2025-09-30,sp400,HAE
2025-12-31,rut,HAE
2025-12-31,sp400,HAE
2026-03-31,rut,HAE
2026-03-31,sp400,HAE
2026-06-30,rut,HAE
2026-06-30,sp400,HAE
2026-09-30,rut,HAE
2026-09-30,sp400,HAE
2019-12-31,rut,BUSE
2020-03-31,rut,BUSE
2020-06-30,rut,BUSE
2020-09-30,rut,BUSE
2020-12-31,rut,BUSE
2021-03-31,rut,BUSE
2021-06-30,rut,BUSE
2021-09-30,rut,BUSE
2021-12-31,rut,BUSE
2022-03-31,rut,BUSE
2022-06-30,rut,BUSE
2022-09-30,rut,BUSE
2022-12-31,rut,BUSE
2023-03-31,rut,BUSE
2023-06-30,rut,BUSE
2023-09-30,rut,BUSE
2023-12-31,rut,BUSE
2024-03-31,rut,BUSE
2024-06-30,rut,BUSE
2024-09-30,rut,BUSE
2024-12-31,rut,BUSE
2025-03-31,rut,BUSE
2025-06-30,rut,BUSE
2025-09-30,rut,BUSE
2025-12-31,rut,BUSE
2026-03-31,rut,BUSE
2026-06-30,rut,BUSE
2026-09-30,rut,BUSE
2026-09-30,rut,VAL
2026-09-30,sp400,VAL
2024-06-30,sp600,RHI
2024-09-30,sp600,RHI
2024-12-31,sp600,RHI
2025-03-31,sp600,RHI
2025-06-30,sp600,RHI
2025-09-30,sp600,RHI
2025-12-31,sp600,RHI
2026-03-31,sp600,RHI
2026-06-30,sp600,RHI
2026-09-30,sp600,RHI
2019-12-31,rut,IBOC
2019-12-31,sp400,IBOC
2020-03-31,rut,IBOC
2020-03-31,sp400,IBOC
2020-06-30,rut,IBOC
2020-06-30,sp400,IBOC
2020-09-30,rut,IBOC
2020-09-30,sp400,IBOC
2020-12-31,rut,IBOC
2020-12-31,sp400,IBOC
2021-03-31,rut,IBOC
2021-03-31,sp400,IBOC
2021-06-30,rut,IBOC
2021-06-30,sp400,IBOC
2021-09-30,rut,IBOC
2021-09-30,sp400,IBOC
2021-12-31,rut,IBOC
2021-12-31,sp400,IBOC
2022-03-31,rut,IBOC
2022-03-31,sp400,IBOC
2022-06-30,rut,IBOC
2022-06-30,sp400,IBOC
2022-09-30,rut,IBOC
2022-09-30,sp400,IBOC
2022-12-31,rut,IBOC
2022-12-31,sp400,IBOC
2023-03-31,rut,IBOC
2023-03-31,sp400,IBOC
2023-06-30,rut,IBOC
2023-06-30,sp400,IBOC
2023-09-30,rut,IBOC
2023-09-30,sp400,IBOC
2023-12-31,rut,IBOC
2023-12-31,sp400,IBOC
2024-03-31,rut,IBOC
2024-03-31,sp400,IBOC
2024-06-30,rut,IBOC
2024-06-30,sp400,IBOC
2024-09-30,rut,IBOC
2024-09-30,sp400,IBOC
2024-12-31,rut,IBOC
2024-12-31,sp400,IBOC
2025-03-31,rut,IBOC
2025-03-31,sp400,IBOC
2025-06-30,rut,IBOC
2025-06-30,sp400,IBOC
2025-09-30,rut,IBOC
2025-09-30,sp400,IBOC
2025-12-31,rut,IBOC
2025-12-31,sp400,IBOC
2026-03-31,rut,IBOC
2026-03-31,sp400,IBOC
2026-06-30,rut,IBOC
2026-06-30,sp400,IBOC
2026-09-30,rut,IBOC
2026-09-30,sp400,IBOC
2019-12-31,sp600,RRC
2020-03-31,sp600,RRC
2020-06-30,rut,RRC
2020-06-30,sp600,RRC
2020-09-30,rut,RRC
2020-09-30,sp600,RRC
2020-12-31,rut,RRC
2020-12-31,sp600,RRC
2021-03-31,rut,RRC
2021-03-31,sp600,RRC
2021-06-30,rut,RRC
2021-06-30,sp600,RRC
2021-09-30,rut,RRC
2021-09-30,sp600,RRC
2021-12-31,rut,RRC
2021-12-31,sp600,RRC
2022-03-31,rut,RRC
2022-03-31,sp400,RRC
2022-06-30,sp400,RRC
2022-09-30,sp400,RRC
2022-12-31,sp400,RRC
2023-03-31,sp400,RRC
2023-06-30,sp400,RRC
2023-09-30,sp400,RRC
2023-12-31,sp400,RRC
2024-03-31,sp400,RRC
2024-06-30,sp400,RRC
2024-09-30,sp400,RRC
2024-12-31,sp400,RRC
2025-03-31,sp400,RRC
2025-06-30,sp400,RRC
2025-09-30,sp400,RRC
2025-12-31,sp400,RRC
2026-03-31,sp400,RRC
2026-06-30,sp400,RRC
2026-09-30,sp400,RRC
2019-12-31,rut,COKE
2019-12-31,sp600,COKE
2020-03-31,rut,COKE
2020-03-31,sp600,COKE
2020-06-30,rut,COKE
2020-06-30,sp600,COKE
2020-09-30,rut,COKE
2020-09-30,sp600,COKE
2020-12-31,rut,COKE
2020-12-31,sp600,COKE
2021-03-31,rut,COKE
2021-03-31,sp600,COKE
2021-06-30,rut,COKE
2021-06-30,sp600,COKE
2021-09-30,rut,COKE
2021-09-30,sp600,COKE
2021-12-31,rut,COKE
2021-12-31,sp600,COKE
2022-03-31,rut,COKE
2022-03-31,sp600,COKE
2022-06-30,rut,COKE
2022-06-30,sp600,COKE
2022-09-30,rut,COKE
2022-09-30,sp400,COKE
2022-12-31,rut,COKE
2022-12-31,sp400,COKE
2023-03-31,rut,COKE
2023-03-31,sp400,COKE
2023-06-30,rut,COKE
2023-06-30,sp400,COKE
2023-09-30,rut,COKE
2023-09-30,sp400,COKE
2023-12-31,rut,COKE
2023-12-31,sp400,COKE
2024-03-31,rut,COKE
2024-03-31,sp400,COKE
2024-06-30,rut,COKE
2024-06-30,sp400,COKE
2024-09-30,sp400,COKE
2024-12-31,sp400,COKE
2025-03-31,sp400,COKE
2025-06-30,sp400,COKE
2025-09-30,sp400,COKE
2025-12-31,sp400,COKE
2026-03-31,sp400,COKE
2026-06-30,sp400,COKE
2026-09-30,sp400,COKE
2019-12-31,rut,PEBO
2020-03-31,rut,PEBO
2020-06-30,rut,PEBO
2020-09-30,rut,PEBO
2020-12-31,rut,PEBO
2021-03-31,rut,PEBO
2021-06-30,rut,PEBO
2021-09-30,rut,PEBO
2021-12-31,rut,PEBO
2022-03-31,rut,PEBO
2022-06-30,rut,PEBO
2022-09-30,rut,PEBO
2022-12-31,rut,PEBO
2023-03-31,rut,PEBO
2023-06-30,rut,PEBO
2023-09-30,rut,PEBO
2023-12-31,rut,PEBO
2024-03-31,rut,PEBO
2024-06-30,rut,PEBO
2024-09-30,rut,PEBO
2024-12-31,rut,PEBO
2025-03-31,rut,PEBO
2025-06-30,rut,PEBO
2025-09-30,rut,PEBO
2025-12-31,rut,PEBO
2026-03-31,rut,PEBO
2026-06-30,rut,PEBO
2026-09-30,rut,PEBO
2019-12-31,sp400,AN
2020-03-31,sp400,AN
2020-06-30,sp400,AN
2020-09-30,sp400,AN
2020-12-31,sp400,AN
2021-03-31,sp400,AN
2021-06-30,sp400,AN
2021-09-30,sp400,AN
2021-12-31,sp400,AN
2022-03-31,sp400,AN
2022-06-30,sp400,AN
2022-09-30,sp400,AN
2022-12-31,sp400,AN
2023-03-31,sp400,AN
2023-06-30,sp400,AN
2023-09-30,sp400,AN
2023-12-31,sp400,AN
2024-03-31,sp400,AN
2024-06-30,sp400,AN
2024-09-30,sp400,AN
2024-12-31,sp400,AN
2025-03-31,sp400,AN
2025-06-30,sp400,AN
2025-09-30,sp400,AN
2025-12-31,sp400,AN
2026-03-31,sp400,AN
2026-06-30,sp400,AN
2026-09-30,sp400,AN
2026-09-30,rut,CTBI
2019-12-31,sp400,SEIC
2020-03-31,sp400,SEIC
2020-06-30,sp400,SEIC
2020-09-30,sp400,SEIC
2020-12-31,sp400,SEIC
2021-03-31,sp400,SEIC
2021-06-30,sp400,SEIC
2021-09-30,sp400,SEIC
2021-12-31,sp400,SEIC
2022-03-31,sp400,SEIC
2022-06-30,sp400,SEIC
2022-09-30,sp400,SEIC
2022-12-31,sp400,SEIC
2023-03-31,sp400,SEIC
2023-06-30,sp400,SEIC
2023-09-30,sp400,SEIC
2023-12-31,sp400,SEIC
2024-03-31,sp400,SEIC
2024-06-30,sp400,SEIC
2024-09-30,sp400,SEIC
2024-12-31,sp400,SEIC
2025-03-31,sp400,SEIC
2025-06-30,sp400,SEIC
2025-09-30,sp400,SEIC
2025-12-31,sp400,SEIC
2026-03-31,sp400,SEIC
2026-06-30,sp400,SEIC
2026-09-30,sp400,SEIC
2019-12-31,rut,ABCB
2019-12-31,sp600,ABCB
2020-03-31,rut,ABCB
2020-03-31,sp600,ABCB
2020-06-30,rut,ABCB
2020-06-30,sp600,ABCB
2020-09-30,rut,ABCB
2020-09-30,sp600,ABCB
2020-12-31,rut,ABCB
2020-12-31,sp600,ABCB
2021-03-31,rut,ABCB
2021-03-31,sp600,ABCB
2021-06-30,rut,ABCB
2021-06-30,sp600,ABCB
2021-09-30,rut,ABCB
2021-09-30,sp600,ABCB
2021-12-31,rut,ABCB
2021-12-31,sp600,ABCB
2022-03-31,rut,ABCB
2022-03-31,sp600,ABCB
2022-06-30,rut,ABCB
2022-06-30,sp600,ABCB
2022-09-30,rut,ABCB
2022-09-30,sp600,ABCB
2022-12-31,rut,ABCB
2022-12-31,sp600,ABCB
2023-03-31,rut,ABCB
2023-03-31,sp600,ABCB
2023-06-30,rut,ABCB
2023-06-30,sp600,ABCB
2023-09-30,rut,ABCB
2023-09-30,sp600,ABCB
2023-12-31,rut,ABCB
2023-12-31,sp600,ABCB
2024-03-31,rut,ABCB
2024-03-31,sp600,ABCB
2024-06-30,rut,ABCB
2024-06-30,sp600,ABCB
2024-09-30,rut,ABCB
2024-09-30,sp600,ABCB
2024-12-31,rut,ABCB
2024-12-31,sp600,ABCB
2025-03-31,rut,ABCB
2025-03-31,sp600,ABCB
2025-06-30,rut,ABCB
2025-06-30,sp600,ABCB
2025-09-30,rut,ABCB
2025-09-30,sp600,ABCB
2025-12-31,rut,ABCB
2025-12-31,sp600,ABCB
2026-03-31,rut,ABCB
2026-03-31,sp600,ABCB
2026-06-30,rut,ABCB
2026-06-30,sp600,ABCB
2026-09-30,rut,ABCB
2026-09-30,sp600,ABCB
2019-12-31,rut,CVBF
2019-12-31,sp600,CVBF
2020-03-31,rut,CVBF
2020-03-31,sp600,CVBF
2020-06-30,rut,CVBF
2020-06-30,sp600,CVBF
2020-09-30,rut,CVBF
2020-09-30,sp600,CVBF
2020-12-31,rut,CVBF
2020-12-31,sp600,CVBF
2021-03-31,rut,CVBF
2021-03-31,sp600,CVBF
2021-06-30,rut,CVBF
2021-06-30,sp600,CVBF
2021-09-30,rut,CVBF
2021-09-30,sp600,CVBF
2021-12-31,rut,CVBF
2021-12-31,sp600,CVBF
2022-03-31,rut,CVBF
2022-03-31,sp600,CVBF
2022-06-30,rut,CVBF
2022-06-30,sp600,CVBF
2022-09-30,rut,CVBF
2022-09-30,sp600,CVBF
2022-12-31,rut,CVBF
2022-12-31,sp600,CVBF
2023-03-31,rut,CVBF
2023-03-31,sp600,CVBF
2023-06-30,rut,CVBF
2023-06-30,sp600,CVBF
2023-09-30,rut,CVBF
2023-09-30,sp600,CVBF
2023-12-31,rut,CVBF
2023-12-31,sp600,CVBF
2024-03-31,rut,CVBF
2024-03-31,sp600,CVBF
2024-06-30,rut,CVBF
2024-06-30,sp600,CVBF
2024-09-30,rut,CVBF
2024-09-30,sp600,CVBF
2024-12-31,rut,CVBF
2024-12-31,sp600,CVBF
2025-03-31,rut,CVBF
2025-03-31,sp600,CVBF
2025-06-30,rut,CVBF
2025-06-30,sp600,CVBF
2025-09-30,rut,CVBF
2025-09-30,sp600,CVBF
2025-12-31,rut,CVBF
2025-12-31,sp600,CVBF
2026-03-31,rut,CVBF
2026-03-31,sp600,CVBF
2026-06-30,rut,CVBF
2026-06-30,sp600,CVBF
2026-09-30,rut,CVBF
2026-09-30,sp600,CVBF
2019-12-31,sp400,HE
2020-03-31,sp400,HE
2020-06-30,sp400,HE
2020-09-30,sp400,HE
2020-12-31,sp400,HE
2021-03-31,sp400,HE
2021-06-30,sp400,HE
2021-09-30,sp400,HE
2021-12-31,sp400,HE
2022-03-31,sp400,HE
2022-06-30,sp400,HE
2022-09-30,sp400,HE
2022-12-31,sp400,HE
2023-03-31,sp400,HE
2023-06-30,sp400,HE
2024-09-30,rut,HE
2024-12-31,rut,HE
2025-03-31,rut,HE
2025-06-30,rut,HE
2025-09-30,rut,HE
2025-12-31,rut,HE
2025-12-31,sp600,HE
2026-03-31,rut,HE
2026-03-31,sp600,HE
2026-06-30,rut,HE
2026-06-30,sp600,HE
2026-09-30,rut,HE
2026-09-30,sp600,HE
2019-12-31,sp400,GNTX
2020-03-31,sp400,GNTX
2020-06-30,sp400,GNTX
2020-09-30,sp400,GNTX
2020-12-31,sp400,GNTX
2021-03-31,sp400,GNTX
2021-06-30,sp400,GNTX
2021-09-30,sp400,GNTX
2021-12-31,sp400,GNTX
2022-03-31,sp400,GNTX
2022-06-30,sp400,GNTX
2022-09-30,sp400,GNTX
2022-12-31,sp400,GNTX
2023-03-31,sp400,GNTX
2023-06-30,sp400,GNTX
2023-09-30,sp400,GNTX
2023-12-31,sp400,GNTX
2024-03-31,sp400,GNTX
2024-06-30,sp400,GNTX
2024-09-30,sp400,GNTX
2024-12-31,sp400,GNTX
2025-03-31,sp400,GNTX
2025-06-30,sp400,GNTX
2025-09-30,sp400,GNTX
2025-12-31,sp400,GNTX
2026-03-31,sp400,GNTX
2026-06-30,sp400,GNTX
2026-09-30,sp400,GNTX
2019-12-31,rut,TCBK
2020-03-31,rut,TCBK
2020-06-30,rut,TCBK
2020-09-30,rut,TCBK
2020-12-31,rut,TCBK
2021-03-31,rut,TCBK
2021-06-30,rut,TCBK
2021-09-30,rut,TCBK
2021-12-31,rut,TCBK
2022-03-31,rut,TCBK
2022-06-30,rut,TCBK
2022-09-30,rut,TCBK
2022-12-31,rut,TCBK
2023-03-31,rut,TCBK
2023-06-30,rut,TCBK
2023-09-30,rut,TCBK
2023-12-31,rut,TCBK
2024-03-31,rut,TCBK
2024-06-30,rut,TCBK
2024-09-30,rut,TCBK
2024-12-31,rut,TCBK
2025-03-31,rut,TCBK
2025-06-30,rut,TCBK
2025-09-30,rut,TCBK
2025-12-31,rut,TCBK
2026-03-31,rut,TCBK
2026-06-30,rut,TCBK
2026-09-30,rut,TCBK
2019-12-31,rut,NJR
2019-12-31,sp400,NJR
2020-03-31,rut,NJR
2020-03-31,sp400,NJR
2020-06-30,rut,NJR
2020-06-30,sp400,NJR
2020-09-30,rut,NJR
2020-09-30,sp400,NJR
2020-12-31,rut,NJR
2020-12-31,sp400,NJR
2021-03-31,rut,NJR
2021-03-31,sp400,NJR
2021-06-30,rut,NJR
2021-06-30,sp400,NJR
2021-09-30,rut,NJR
2021-09-30,sp400,NJR
2021-12-31,rut,NJR
2021-12-31,sp400,NJR
2022-03-31,rut,NJR
2022-03-31,sp400,NJR
2022-06-30,rut,NJR
2022-06-30,sp400,NJR
2022-09-30,rut,NJR
2022-09-30,sp400,NJR
2022-12-31,rut,NJR
2022-12-31,sp400,NJR
2023-03-31,rut,NJR
2023-03-31,sp400,NJR
2023-06-30,rut,NJR
2023-06-30,sp400,NJR
2023-09-30,rut,NJR
2023-09-30,sp400,NJR
2023-12-31,rut,NJR
2023-12-31,sp400,NJR
2024-03-31,rut,NJR
2024-03-31,sp400,NJR
2024-06-30,rut,NJR
2024-06-30,sp400,NJR
2024-09-30,rut,NJR
2024-09-30,sp400,NJR
2024-12-31,rut,NJR
2024-12-31,sp400,NJR
2025-03-31,rut,NJR
2025-03-31,sp400,NJR
2025-06-30,rut,NJR
2025-06-30,sp400,NJR
2025-09-30,rut,NJR
2025-09-30,sp400,NJR
2025-12-31,rut,NJR
2025-12-31,sp400,NJR
2026-03-31,rut,NJR
2026-03-31,sp400,NJR
2026-06-30,rut,NJR
2026-06-30,sp400,NJR
2026-09-30,rut,NJR
2026-09-30,sp400,NJR
2019-12-31,rut,OSBC
2020-03-31,rut,OSBC
2020-06-30,rut,OSBC
2020-09-30,rut,OSBC
2020-12-31,rut,OSBC
2021-03-31,rut,OSBC
2021-06-30,rut,OSBC
2021-09-30,rut,OSBC
2021-12-31,rut,OSBC
2022-03-31,rut,OSBC
2022-06-30,rut,OSBC
2022-09-30,rut,OSBC
2022-12-31,rut,OSBC
2023-03-31,rut,OSBC
2023-06-30,rut,OSBC
2023-09-30,rut,OSBC
2023-12-31,rut,OSBC
2024-03-31,rut,OSBC
2024-06-30,rut,OSBC
2024-09-30,rut,OSBC
2024-12-31,rut,OSBC
2025-03-31,rut,OSBC
2025-06-30,rut,OSBC
2025-09-30,rut,OSBC
2025-12-31,rut,OSBC
2026-03-31,rut,OSBC
2026-06-30,rut,OSBC
2026-09-30,rut,OSBC
2021-06-30,rut,HOV
2021-09-30,rut,HOV
2021-12-31,rut,HOV
2022-03-31,rut,HOV
2022-06-30,rut,HOV
2022-09-30,rut,HOV
2022-12-31,rut,HOV
2023-03-31,rut,HOV
2023-06-30,rut,HOV
2023-09-30,rut,HOV
2023-12-31,rut,HOV
2024-03-31,rut,HOV
2024-06-30,rut,HOV
2024-09-30,rut,HOV
2024-12-31,rut,HOV
2025-03-31,rut,HOV
2025-06-30,rut,HOV
2025-09-30,rut,HOV
2025-12-31,rut,HOV
2026-03-31,rut,HOV
2026-06-30,rut,HOV
2026-09-30,rut,HOV
2019-12-31,rut,TRST
2019-12-31,sp600,TRST
2020-03-31,rut,TRST
2020-03-31,sp600,TRST
2020-06-30,rut,TRST
2020-06-30,sp600,TRST
2020-09-30,rut,TRST
2020-09-30,sp600,TRST
2020-12-31,rut,TRST
2020-12-31,sp600,TRST
2021-03-31,rut,TRST
2021-03-31,sp600,TRST
2021-06-30,rut,TRST
2021-06-30,sp600,TRST
2021-09-30,rut,TRST
2021-09-30,sp600,TRST
2021-12-31,rut,TRST
2021-12-31,sp600,TRST
2022-03-31,rut,TRST
2022-03-31,sp600,TRST
2022-06-30,rut,TRST
2022-06-30,sp600,TRST
2022-09-30,rut,TRST
2022-09-30,sp600,TRST
2022-12-31,rut,TRST
2022-12-31,sp600,TRST
2023-03-31,rut,TRST
2023-03-31,sp600,TRST
2023-06-30,rut,TRST
2023-06-30,sp600,TRST
2023-09-30,rut,TRST
2023-09-30,sp600,TRST
2023-12-31,rut,TRST
2023-12-31,sp600,TRST
2024-03-31,rut,TRST
2024-03-31,sp600,TRST
2024-06-30,rut,TRST
2024-06-30,sp600,TRST
2024-09-30,rut,TRST
2024-09-30,sp600,TRST
2024-12-31,rut,TRST
2024-12-31,sp600,TRST
2025-03-31,rut,TRST
2025-03-31,sp600,TRST
2025-06-30,rut,TRST
2025-06-30,sp600,TRST
2025-09-30,rut,TRST
2025-09-30,sp600,TRST
2025-12-31,rut,TRST
2025-12-31,sp600,TRST
2026-03-31,rut,TRST
2026-03-31,sp600,TRST
2026-06-30,rut,TRST
2026-06-30,sp600,TRST
2026-09-30,rut,TRST
2026-09-30,sp600,TRST
2019-12-31,rut,FULT
2019-12-31,sp400,FULT
2020-03-31,rut,FULT
2020-03-31,sp400,FULT
2020-06-30,rut,FULT
2020-06-30,sp400,FULT
2020-09-30,rut,FULT
2020-09-30,sp400,FULT
2020-12-31,rut,FULT
2020-12-31,sp400,FULT
2021-03-31,rut,FULT
2021-03-31,sp400,FULT
2021-06-30,rut,FULT
2021-06-30,sp400,FULT
2021-09-30,rut,FULT
2021-09-30,sp400,FULT
2021-12-31,rut,FULT
2021-12-31,sp400,FULT
2022-03-31,rut,FULT
2022-03-31,sp400,FULT
2022-06-30,rut,FULT
2022-06-30,sp400,FULT
2022-09-30,rut,FULT
2022-09-30,sp400,FULT
2022-12-31,rut,FULT
2022-12-31,sp400,FULT
2023-03-31,rut,FULT
2023-03-31,sp400,FULT
2023-06-30,rut,FULT
2023-06-30,sp600,FULT
2023-09-30,rut,FULT
2023-09-30,sp600,FULT
2023-12-31,rut,FULT
2023-12-31,sp600,FULT
2024-03-31,rut,FULT
2024-03-31,sp600,FULT
2024-06-30,rut,FULT
2024-06-30,sp600,FULT
2024-09-30,rut,FULT
2024-09-30,sp600,FULT
2024-12-31,rut,FULT
2024-12-31,sp600,FULT
2025-03-31,rut,FULT
2025-03-31,sp600,FULT
2025-06-30,rut,FULT
2025-06-30,sp600,FULT
2025-09-30,rut,FULT
2025-09-30,sp600,FULT
2025-12-31,rut,FULT
2025-12-31,sp600,FULT
2026-03-31,rut,FULT
2026-03-31,sp600,FULT
2026-06-30,rut,FULT
2026-06-30,sp600,FULT
2026-09-30,rut,FULT
2026-09-30,sp600,FULT
2019-12-31,rut,FMBH
2020-03-31,rut,FMBH
2020-06-30,rut,FMBH
2020-09-30,rut,FMBH
2020-12-31,rut,FMBH
2021-03-31,rut,FMBH
2021-06-30,rut,FMBH
2021-09-30,rut,FMBH
2021-12-31,rut,FMBH
2022-03-31,rut,FMBH
2022-06-30,rut,FMBH
2022-09-30,rut,FMBH
2022-12-31,rut,FMBH
2023-03-31,rut,FMBH
2023-06-30,rut,FMBH
2023-09-30,rut,FMBH
2023-12-31,rut,FMBH
2024-03-31,rut,FMBH
2024-06-30,rut,FMBH
2024-09-30,rut,FMBH
2024-12-31,rut,FMBH
2025-03-31,rut,FMBH
2025-06-30,rut,FMBH
2025-09-30,rut,FMBH
2025-12-31,rut,FMBH
2026-03-31,rut,FMBH
2026-06-30,rut,FMBH
2026-09-30,rut,FMBH
2019-12-31,rut,MYRG
2019-12-31,sp600,MYRG
2020-03-31,rut,MYRG
2020-03-31,sp600,MYRG
2020-06-30,rut,MYRG
2020-06-30,sp600,MYRG
2020-09-30,rut,MYRG
2020-09-30,sp600,MYRG
2020-12-31,rut,MYRG
2020-12-31,sp600,MYRG
2021-03-31,rut,MYRG
2021-03-31,sp600,MYRG
2021-06-30,rut,MYRG
2021-06-30,sp600,MYRG
2021-09-30,rut,MYRG
2021-09-30,sp600,MYRG
2021-12-31,rut,MYRG
2021-12-31,sp600,MYRG
2022-03-31,rut,MYRG
2022-03-31,sp600,MYRG
2022-06-30,rut,MYRG
2022-06-30,sp600,MYRG
2022-09-30,rut,MYRG
2022-09-30,sp600,MYRG
2022-12-31,rut,MYRG
2022-12-31,sp600,MYRG
2023-03-31,rut,MYRG
2023-03-31,sp600,MYRG
2023-06-30,rut,MYRG
2023-06-30,sp600,MYRG
2023-09-30,rut,MYRG
2023-09-30,sp600,MYRG
2023-12-31,rut,MYRG
2023-12-31,sp600,MYRG
2024-03-31,rut,MYRG
2024-03-31,sp600,MYRG
2024-06-30,rut,MYRG
2024-06-30,sp600,MYRG
2024-09-30,rut,MYRG
2024-09-30,sp600,MYRG
2024-12-31,rut,MYRG
2024-12-31,sp600,MYRG
2025-03-31,rut,MYRG
2025-03-31,sp600,MYRG
2025-06-30,rut,MYRG
2025-06-30,sp600,MYRG
2025-09-30,rut,MYRG
2025-09-30,sp600,MYRG
2025-12-31,rut,MYRG
2025-12-31,sp600,MYRG
2026-03-31,rut,MYRG
2026-03-31,sp600,MYRG
2026-06-30,rut,MYRG
2026-06-30,sp600,MYRG
2026-09-30,rut,MYRG
2026-09-30,sp600,MYRG
2019-12-31,rut,CPF
2019-12-31,sp600,CPF
2020-03-31,rut,CPF
2020-03-31,sp600,CPF
2020-06-30,rut,CPF
2020-06-30,sp600,CPF
2020-09-30,rut,CPF
2020-09-30,sp600,CPF
2020-12-31,rut,CPF
2020-12-31,sp600,CPF
2021-03-31,rut,CPF
2021-03-31,sp600,CPF
2021-06-30,rut,CPF
2021-06-30,sp600,CPF
2021-09-30,rut,CPF
2021-09-30,sp600,CPF
2021-12-31,rut,CPF
2021-12-31,sp600,CPF
2022-03-31,rut,CPF
2022-03-31,sp600,CPF
2022-06-30,rut,CPF
2022-06-30,sp600,CPF
2022-09-30,rut,CPF
2022-09-30,sp600,CPF
2022-12-31,rut,CPF
2022-12-31,sp600,CPF
2023-03-31,rut,CPF
2023-03-31,sp600,CPF
2023-06-30,rut,CPF
2023-06-30,sp600,CPF
2023-09-30,rut,CPF
2023-09-30,sp600,CPF
2023-12-31,rut,CPF
2023-12-31,sp600,CPF
2024-03-31,rut,CPF
2024-03-31,sp600,CPF
2024-06-30,rut,CPF
2024-06-30,sp600,CPF
2024-09-30,rut,CPF
2024-09-30,sp600,CPF
2024-12-31,rut,CPF
2024-12-31,sp600,CPF
2025-03-31,rut,CPF
2025-03-31,sp600,CPF
2025-06-30,rut,CPF
2025-06-30,sp600,CPF
2025-09-30,rut,CPF
2025-09-30,sp600,CPF
2025-12-31,rut,CPF
2025-12-31,sp600,CPF
2026-03-31,rut,CPF
2026-03-31,sp600,CPF
2026-06-30,rut,CPF
2026-06-30,sp600,CPF
2026-09-30,rut,CPF
2026-09-30,sp600,CPF
2026-09-30,sp400,BBWI
2019-12-31,rut,EAT
2019-12-31,sp400,EAT
2020-03-31,rut,EAT
2020-03-31,sp400,EAT
2020-06-30,rut,EAT
2020-06-30,sp600,EAT
2020-09-30,rut,EAT
2020-09-30,sp600,EAT
2020-12-31,rut,EAT
2020-12-31,sp600,EAT
2021-03-31,rut,EAT
2021-03-31,sp600,EAT
2021-06-30,rut,EAT
2021-06-30,sp600,EAT
2021-09-30,rut,EAT
2021-09-30,sp600,EAT
2021-12-31,rut,EAT
2021-12-31,sp600,EAT
2022-03-31,rut,EAT
2022-03-31,sp600,EAT
2022-06-30,rut,EAT
2022-06-30,sp600,EAT
2022-09-30,rut,EAT
2022-09-30,sp600,EAT
2022-12-31,rut,EAT
2022-12-31,sp600,EAT
2023-03-31,rut,EAT
2023-03-31,sp600,EAT
2023-06-30,rut,EAT
2023-06-30,sp600,EAT
2023-09-30,rut,EAT
2023-09-30,sp600,EAT
2023-12-31,rut,EAT
2023-12-31,sp600,EAT
2024-03-31,rut,EAT
2024-03-31,sp600,EAT
2024-06-30,rut,EAT
2024-06-30,sp600,EAT
2024-09-30,rut,EAT
2024-09-30,sp600,EAT
2024-12-31,rut,EAT
2024-12-31,sp600,EAT
2025-03-31,rut,EAT
2025-03-31,sp600,EAT
2025-06-30,rut,EAT
2025-06-30,sp600,EAT
2025-09-30,rut,EAT
2025-09-30,sp600,EAT
2025-12-31,rut,EAT
2025-12-31,sp600,EAT
2026-03-31,rut,EAT
2026-03-31,sp600,EAT
2026-06-30,rut,EAT
2026-06-30,sp600,EAT
2026-09-30,rut,EAT
2026-09-30,sp400,EAT
2019-12-31,rut,DSGR
2020-03-31,rut,DSGR
2020-06-30,rut,DSGR
2020-09-30,rut,DSGR
2020-12-31,rut,DSGR
2021-03-31,rut,DSGR
2021-06-30,rut,DSGR
2021-09-30,rut,DSGR
2021-12-31,rut,DSGR
2022-03-31,rut,DSGR
2022-06-30,rut,DSGR
2022-09-30,rut,DSGR
2022-12-31,rut,DSGR
2023-03-31,rut,DSGR
2023-06-30,rut,DSGR
2023-09-30,rut,DSGR
2023-12-31,rut,DSGR
2024-03-31,rut,DSGR
2024-06-30,rut,DSGR
2024-09-30,rut,DSGR
2024-12-31,rut,DSGR
2025-03-31,rut,DSGR
2025-06-30,rut,DSGR
2025-09-30,rut,DSGR
2025-12-31,rut,DSGR
2026-03-31,rut,DSGR
2026-06-30,rut,DSGR
2026-09-30,rut,DSGR
2019-12-31,rut,ONTO
2019-12-31,sp600,ONTO
2020-03-31,rut,ONTO
2020-03-31,sp600,ONTO
2020-06-30,rut,ONTO
2020-06-30,sp600,ONTO
2020-09-30,rut,ONTO
2020-09-30,sp600,ONTO
2020-12-31,rut,ONTO
2020-12-31,sp600,ONTO
2021-03-31,rut,ONTO
2021-03-31,sp600,ONTO
2021-06-30,rut,ONTO
2021-06-30,sp600,ONTO
2021-09-30,rut,ONTO
2021-09-30,sp600,ONTO
2021-12-31,rut,ONTO
2021-12-31,sp600,ONTO
2022-03-31,rut,ONTO
2022-03-31,sp600,ONTO
2022-06-30,rut,ONTO
2022-06-30,sp600,ONTO
2022-09-30,rut,ONTO
2022-09-30,sp600,ONTO
2022-12-31,rut,ONTO
2022-12-31,sp600,ONTO
2023-03-31,rut,ONTO
2023-03-31,sp600,ONTO
2023-06-30,rut,ONTO
2023-06-30,sp600,ONTO
2023-09-30,rut,ONTO
2023-09-30,sp600,ONTO
2023-12-31,rut,ONTO
2023-12-31,sp400,ONTO
2024-03-31,rut,ONTO
2024-03-31,sp400,ONTO
2024-06-30,rut,ONTO
2024-06-30,sp400,ONTO
2024-09-30,sp400,ONTO
2024-12-31,sp400,ONTO
2025-03-31,sp400,ONTO
2025-06-30,sp400,ONTO
2025-09-30,sp400,ONTO
2025-12-31,sp400,ONTO
2026-03-31,sp400,ONTO
2026-06-30,sp400,ONTO
2026-09-30,sp400,ONTO
2019-12-31,rut,SBSI
2019-12-31,sp600,SBSI
2020-03-31,rut,SBSI
2020-03-31,sp600,SBSI
2020-06-30,rut,SBSI
2020-06-30,sp600,SBSI
2020-09-30,rut,SBSI
2020-09-30,sp600,SBSI
2020-12-31,rut,SBSI
2020-12-31,sp600,SBSI
2021-03-31,rut,SBSI
2021-03-31,sp600,SBSI
2021-06-30,rut,SBSI
2021-06-30,sp600,SBSI
2021-09-30,rut,SBSI
2021-09-30,sp600,SBSI
2021-12-31,rut,SBSI
2021-12-31,sp600,SBSI
2022-03-31,rut,SBSI
2022-03-31,sp600,SBSI
2022-06-30,rut,SBSI
2022-06-30,sp600,SBSI
2022-09-30,rut,SBSI
2022-09-30,sp600,SBSI
2022-12-31,rut,SBSI
2022-12-31,sp600,SBSI
2023-03-31,rut,SBSI
2023-03-31,sp600,SBSI
2023-06-30,rut,SBSI
2023-06-30,sp600,SBSI
2023-09-30,rut,SBSI
2023-09-30,sp600,SBSI
2023-12-31,rut,SBSI
2023-12-31,sp600,SBSI
2024-03-31,rut,SBSI
2024-03-31,sp600,SBSI
2024-06-30,rut,SBSI
2024-06-30,sp600,SBSI
2024-09-30,rut,SBSI
2024-09-30,sp600,SBSI
2024-12-31,rut,SBSI
2024-12-31,sp600,SBSI
2025-03-31,rut,SBSI
2025-03-31,sp600,SBSI
2025-06-30,rut,SBSI
2025-06-30,sp600,SBSI
2025-09-30,rut,SBSI
2025-09-30,sp600,SBSI
2025-12-31,rut,SBSI
2025-12-31,sp600,SBSI
2026-03-31,rut,SBSI
2026-03-31,sp600,SBSI
2026-06-30,rut,SBSI
2026-06-30,sp600,SBSI
2026-09-30,rut,SBSI
2026-09-30,sp600,SBSI
2019-12-31,rut,HBNC
2020-03-31,rut,HBNC
2020-06-30,rut,HBNC
2020-09-30,rut,HBNC
2020-12-31,rut,HBNC
2021-03-31,rut,HBNC
2021-06-30,rut,HBNC
2021-09-30,rut,HBNC
2021-12-31,rut,HBNC
2022-03-31,rut,HBNC
2022-06-30,rut,HBNC
2022-09-30,rut,HBNC
2022-12-31,rut,HBNC
2023-03-31,rut,HBNC
2023-06-30,rut,HBNC
2023-09-30,rut,HBNC
2023-12-31,rut,HBNC
2024-03-31,rut,HBNC
2024-06-30,rut,HBNC
2024-09-30,rut,HBNC
2024-12-31,rut,HBNC
2025-03-31,rut,HBNC
2025-06-30,rut,HBNC
2025-09-30,rut,HBNC
2025-12-31,rut,HBNC
2026-03-31,rut,HBNC
2026-06-30,rut,HBNC
2026-09-30,rut,HBNC
2019-12-31,rut,ONB
2019-12-31,sp600,ONB
2020-03-31,rut,ONB
2020-03-31,sp600,ONB
2020-06-30,rut,ONB
2020-06-30,sp600,ONB
2020-09-30,rut,ONB
2020-09-30,sp600,ONB
2020-12-31,rut,ONB
2020-12-31,sp600,ONB
2021-03-31,rut,ONB
2021-03-31,sp600,ONB
2021-06-30,rut,ONB
2021-06-30,sp600,ONB
2021-09-30,rut,ONB
2021-09-30,sp600,ONB
2021-12-31,rut,ONB
2021-12-31,sp600,ONB
2022-03-31,rut,ONB
2022-03-31,sp400,ONB
2022-06-30,rut,ONB
2022-06-30,sp400,ONB
2022-09-30,rut,ONB
2022-09-30,sp400,ONB
2022-12-31,rut,ONB
2022-12-31,sp400,ONB
2023-03-31,rut,ONB
2023-03-31,sp400,ONB
2023-06-30,rut,ONB
2023-06-30,sp400,ONB
2023-09-30,rut,ONB
2023-09-30,sp400,ONB
2023-12-31,rut,ONB
2023-12-31,sp400,ONB
2024-03-31,rut,ONB
2024-03-31,sp400,ONB
2024-06-30,rut,ONB
2024-06-30,sp400,ONB
2024-09-30,rut,ONB
2024-09-30,sp400,ONB
2024-12-31,rut,ONB
2024-12-31,sp400,ONB
2025-03-31,rut,ONB
2025-03-31,sp400,ONB
2025-06-30,rut,ONB
2025-06-30,sp400,ONB
2025-09-30,rut,ONB
2025-09-30,sp400,ONB
2025-12-31,rut,ONB
2025-12-31,sp400,ONB
2026-03-31,rut,ONB
2026-03-31,sp400,ONB
2026-06-30,rut,ONB
2026-06-30,sp400,ONB
2026-09-30,rut,ONB
2026-09-30,sp400,ONB
2019-12-31,rut,PAR
2020-03-31,rut,PAR
2020-06-30,rut,PAR
2020-09-30,rut,PAR
2020-12-31,rut,PAR
2021-03-31,rut,PAR
2021-06-30,rut,PAR
2021-09-30,rut,PAR
2021-12-31,rut,PAR
2022-03-31,rut,PAR
2022-06-30,rut,PAR
2022-09-30,rut,PAR
2022-12-31,rut,PAR
2023-03-31,rut,PAR
2023-06-30,rut,PAR
2023-09-30,rut,PAR
2023-12-31,rut,PAR
2024-03-31,rut,PAR
2024-06-30,rut,PAR
2024-09-30,rut,PAR
2024-12-31,rut,PAR
2025-03-31,rut,PAR
2025-06-30,rut,PAR
2025-09-30,rut,PAR
2025-12-31,rut,PAR
2026-03-31,rut,PAR
2026-06-30,rut,PAR
2026-09-30,rut,PAR
2026-09-30,rut,FFBC
2026-09-30,sp600,FFBC
2019-12-31,rut,FMNB
2020-03-31,rut,FMNB
2020-06-30,rut,FMNB
2020-09-30,rut,FMNB
2020-12-31,rut,FMNB
2021-03-31,rut,FMNB
2021-06-30,rut,FMNB
2021-09-30,rut,FMNB
2021-12-31,rut,FMNB
2022-03-31,rut,FMNB
2022-06-30,rut,FMNB
2022-09-30,rut,FMNB
2022-12-31,rut,FMNB
2023-03-31,rut,FMNB
2023-06-30,rut,FMNB
2023-09-30,rut,FMNB
2023-12-31,rut,FMNB
2024-03-31,rut,FMNB
2024-06-30,rut,FMNB
2024-09-30,rut,FMNB
2024-12-31,rut,FMNB
2025-03-31,rut,FMNB
2025-06-30,rut,FMNB
2025-09-30,rut,FMNB
2025-12-31,rut,FMNB
2026-03-31,rut,FMNB
2026-06-30,rut,FMNB
2026-09-30,rut,FMNB
2019-12-31,rut,NEOG
2019-12-31,sp600,NEOG
2020-03-31,rut,NEOG
2020-03-31,sp600,NEOG
2020-06-30,rut,NEOG
2020-06-30,sp600,NEOG
2020-09-30,rut,NEOG
2020-09-30,sp600,NEOG
2020-12-31,rut,NEOG
2020-12-31,sp400,NEOG
2021-03-31,rut,NEOG
2021-03-31,sp400,NEOG
2021-06-30,rut,NEOG
2021-06-30,sp400,NEOG
2021-09-30,rut,NEOG
2021-09-30,sp400,NEOG
2021-12-31,rut,NEOG
2021-12-31,sp400,NEOG
2022-03-31,rut,NEOG
2022-03-31,sp400,NEOG
2022-06-30,rut,NEOG
2022-06-30,sp400,NEOG
2022-09-30,rut,NEOG
2022-09-30,sp400,NEOG
2022-12-31,rut,NEOG
2022-12-31,sp400,NEOG
2023-03-31,rut,NEOG
2023-03-31,sp400,NEOG
2023-06-30,rut,NEOG
2023-06-30,sp400,NEOG
2023-09-30,rut,NEOG
2023-09-30,sp400,NEOG
2023-12-31,rut,NEOG
2023-12-31,sp400,NEOG
2024-03-31,rut,NEOG
2024-03-31,sp400,NEOG
2024-06-30,rut,NEOG
2024-06-30,sp400,NEOG
2024-09-30,rut,NEOG
2024-09-30,sp400,NEOG
2024-12-31,rut,NEOG
2024-12-31,sp400,NEOG
2025-03-31,rut,NEOG
2025-03-31,sp600,NEOG
2025-06-30,rut,NEOG
2025-06-30,sp600,NEOG
2025-09-30,rut,NEOG
2025-09-30,sp600,NEOG
2025-12-31,rut,NEOG
2025-12-31,sp600,NEOG
2026-03-31,rut,NEOG
2026-03-31,sp600,NEOG
2026-06-30,rut,NEOG
2026-06-30,sp600,NEOG
2026-09-30,rut,NEOG
2026-09-30,sp600,NEOG
2019-12-31,rut,ACCO
2020-03-31,rut,ACCO
2020-06-30,rut,ACCO
2020-09-30,rut,ACCO
2020-12-31,rut,ACCO
2021-03-31,rut,ACCO
2021-06-30,rut,ACCO
2021-09-30,rut,ACCO
2021-12-31,rut,ACCO
2022-03-31,rut,ACCO
2022-06-30,rut,ACCO
2022-09-30,rut,ACCO
2022-12-31,rut,ACCO
2023-03-31,rut,ACCO
2023-06-30,rut,ACCO
2023-09-30,rut,ACCO
2023-12-31,rut,ACCO
2024-03-31,rut,ACCO
2024-06-30,rut,ACCO
2024-09-30,rut,ACCO
2024-12-31,rut,ACCO
2025-03-31,rut,ACCO
2025-06-30,rut,ACCO
2025-09-30,rut,ACCO
2025-12-31,rut,ACCO
2026-03-31,rut,ACCO
2026-06-30,rut,ACCO
2026-09-30,rut,ACCO
2019-12-31,rut,FRME
2020-03-31,rut,FRME
2020-06-30,rut,FRME
2020-09-30,rut,FRME
2020-12-31,rut,FRME
2021-03-31,rut,FRME
2021-06-30,rut,FRME
2021-09-30,rut,FRME
2021-12-31,rut,FRME
2022-03-31,rut,FRME
2022-06-30,rut,FRME
2022-09-30,rut,FRME
2022-12-31,rut,FRME
2023-03-31,rut,FRME
2023-06-30,rut,FRME
2023-09-30,rut,FRME
2023-12-31,rut,FRME
2024-03-31,rut,FRME
2024-06-30,rut,FRME
2024-09-30,rut,FRME
2024-12-31,rut,FRME
2025-03-31,rut,FRME
2025-06-30,rut,FRME
2025-09-30,rut,FRME
2025-12-31,rut,FRME
2026-03-31,rut,FRME
2026-06-30,rut,FRME
2026-09-30,rut,FRME
2019-12-31,rut,FCF
2019-12-31,sp600,FCF
2020-03-31,rut,FCF
2020-03-31,sp600,FCF
2020-06-30,rut,FCF
2020-06-30,sp600,FCF
2020-09-30,rut,FCF
2020-09-30,sp600,FCF
2020-12-31,rut,FCF
2020-12-31,sp600,FCF
2021-03-31,rut,FCF
2021-03-31,sp600,FCF
2021-06-30,rut,FCF
2021-06-30,sp600,FCF
2021-09-30,rut,FCF
2021-09-30,sp600,FCF
2021-12-31,rut,FCF
2021-12-31,sp600,FCF
2022-03-31,rut,FCF
2022-03-31,sp600,FCF
2022-06-30,rut,FCF
2022-06-30,sp600,FCF
2022-09-30,rut,FCF
2022-09-30,sp600,FCF
2022-12-31,rut,FCF
2022-12-31,sp600,FCF
2023-03-31,rut,FCF
2023-03-31,sp600,FCF
2023-06-30,rut,FCF
2023-06-30,sp600,FCF
2023-09-30,rut,FCF
2023-09-30,sp600,FCF
2023-12-31,rut,FCF
2023-12-31,sp600,FCF
2024-03-31,rut,FCF
2024-03-31,sp600,FCF
2024-06-30,rut,FCF
2024-06-30,sp600,FCF
2024-09-30,rut,FCF
2024-09-30,sp600,FCF
2024-12-31,rut,FCF
2024-12-31,sp600,FCF
2025-03-31,rut,FCF
2025-03-31,sp600,FCF
2025-06-30,rut,FCF
2025-06-30,sp600,FCF
2025-09-30,rut,FCF
2025-09-30,sp600,FCF
2025-12-31,rut,FCF
2025-12-31,sp600,FCF
2026-03-31,rut,FCF
2026-03-31,sp600,FCF
2026-06-30,rut,FCF
2026-06-30,sp600,FCF
2026-09-30,rut,FCF
2026-09-30,sp600,FCF
2019-12-31,rut,CNOB
2020-03-31,rut,CNOB
2020-06-30,rut,CNOB
2020-09-30,rut,CNOB
2020-12-31,rut,CNOB
2021-03-31,rut,CNOB
2021-06-30,rut,CNOB
2021-09-30,rut,CNOB
2021-12-31,rut,CNOB
2022-03-31,rut,CNOB
2022-06-30,rut,CNOB
2022-09-30,rut,CNOB
2022-12-31,rut,CNOB
2023-03-31,rut,CNOB
2023-06-30,rut,CNOB
2023-09-30,rut,CNOB
2023-12-31,rut,CNOB
2024-03-31,rut,CNOB
2024-06-30,rut,CNOB
2024-09-30,rut,CNOB
2024-12-31,rut,CNOB
2025-03-31,rut,CNOB
2025-06-30,rut,CNOB
2025-09-30,rut,CNOB
2025-12-31,rut,CNOB
2026-03-31,rut,CNOB
2026-06-30,rut,CNOB
2026-09-30,rut,CNOB
2019-12-31,rut,VLY
2019-12-31,sp400,VLY
2020-03-31,rut,VLY
2020-03-31,sp400,VLY
2020-06-30,rut,VLY
2020-06-30,sp400,VLY
2020-09-30,rut,VLY
2020-09-30,sp400,VLY
2020-12-31,rut,VLY
2020-12-31,sp400,VLY
2021-03-31,rut,VLY
2021-03-31,sp400,VLY
2021-06-30,rut,VLY
2021-06-30,sp400,VLY
2021-09-30,rut,VLY
2021-09-30,sp400,VLY
2021-12-31,rut,VLY
2021-12-31,sp400,VLY
2022-03-31,rut,VLY
2022-03-31,sp400,VLY
2022-06-30,rut,VLY
2022-06-30,sp400,VLY
2022-09-30,rut,VLY
2022-09-30,sp400,VLY
2022-12-31,rut,VLY
2022-12-31,sp400,VLY
2023-03-31,rut,VLY
2023-03-31,sp400,VLY
2023-06-30,rut,VLY
2023-06-30,sp400,VLY
2023-09-30,rut,VLY
2023-09-30,sp400,VLY
2023-12-31,rut,VLY
2023-12-31,sp400,VLY
2024-03-31,rut,VLY
2024-03-31,sp400,VLY
2024-06-30,rut,VLY
2024-06-30,sp400,VLY
2024-09-30,rut,VLY
2024-09-30,sp400,VLY
2024-12-31,rut,VLY
2024-12-31,sp400,VLY
2025-03-31,rut,VLY
2025-03-31,sp400,VLY
2025-06-30,rut,VLY
2025-06-30,sp400,VLY
2025-09-30,rut,VLY
2025-09-30,sp400,VLY
2025-12-31,rut,VLY
2025-12-31,sp400,VLY
2026-03-31,rut,VLY
2026-03-31,sp400,VLY
2026-06-30,rut,VLY
2026-06-30,sp400,VLY
2026-09-30,rut,VLY
2026-09-30,sp400,VLY
2019-12-31,rut,GABC
2020-03-31,rut,GABC
2020-06-30,rut,GABC
2020-09-30,rut,GABC
2020-12-31,rut,GABC
2021-03-31,rut,GABC
2021-06-30,rut,GABC
2021-09-30,rut,GABC
2021-12-31,rut,GABC
2022-03-31,rut,GABC
2022-06-30,rut,GABC
2022-09-30,rut,GABC
2022-12-31,rut,GABC
2023-03-31,rut,GABC
2023-06-30,rut,GABC
2023-09-30,rut,GABC
2023-12-31,rut,GABC
2024-03-31,rut,GABC
2024-06-30,rut,GABC
2024-09-30,rut,GABC
2024-12-31,rut,GABC
2025-03-31,rut,GABC
2025-06-30,rut,GABC
2025-09-30,rut,GABC
2025-12-31,rut,GABC
2026-03-31,rut,GABC
2026-06-30,rut,GABC
2026-09-30,rut,GABC
2026-09-30,rut,THFF
2019-12-31,rut,RNST
2020-03-31,rut,RNST
2020-06-30,rut,RNST
2020-09-30,rut,RNST
2020-12-31,rut,RNST
2020-12-31,sp600,RNST
2021-03-31,rut,RNST
2021-03-31,sp600,RNST
2021-06-30,rut,RNST
2021-06-30,sp600,RNST
2021-09-30,rut,RNST
2021-09-30,sp600,RNST
2021-12-31,rut,RNST
2021-12-31,sp600,RNST
2022-03-31,rut,RNST
2022-03-31,sp600,RNST
2022-06-30,rut,RNST
2022-06-30,sp600,RNST
2022-09-30,rut,RNST
2022-09-30,sp600,RNST
2022-12-31,rut,RNST
2022-12-31,sp600,RNST
2023-03-31,rut,RNST
2023-03-31,sp600,RNST
2023-06-30,rut,RNST
2023-06-30,sp600,RNST
2023-09-30,rut,RNST
2023-09-30,sp600,RNST
2023-12-31,rut,RNST
2023-12-31,sp600,RNST
2024-03-31,rut,RNST
2024-03-31,sp600,RNST
2024-06-30,rut,RNST
2024-06-30,sp600,RNST
2024-09-30,rut,RNST
2024-09-30,sp600,RNST
2024-12-31,rut,RNST
2024-12-31,sp600,RNST
2025-03-31,rut,RNST
2025-03-31,sp600,RNST
2025-06-30,rut,RNST
2025-06-30,sp600,RNST
2025-09-30,rut,RNST
2025-09-30,sp600,RNST
2025-12-31,rut,RNST
2025-12-31,sp600,RNST
2026-03-31,rut,RNST
2026-03-31,sp600,RNST
2026-06-30,rut,RNST
2026-06-30,sp600,RNST
2026-09-30,rut,RNST
2026-09-30,sp600,RNST
2019-12-31,rut,TILE
2019-12-31,sp600,TILE
2020-03-31,rut,TILE
2020-03-31,sp600,TILE
2020-06-30,rut,TILE
2020-06-30,sp600,TILE
2020-09-30,rut,TILE
2020-09-30,sp600,TILE
2020-12-31,rut,TILE
2020-12-31,sp600,TILE
2021-03-31,rut,TILE
2021-03-31,sp600,TILE
2021-06-30,rut,TILE
2021-06-30,sp600,TILE
2021-09-30,rut,TILE
2021-09-30,sp600,TILE
2021-12-31,rut,TILE
2021-12-31,sp600,TILE
2022-03-31,rut,TILE
2022-03-31,sp600,TILE
2022-06-30,rut,TILE
2022-06-30,sp600,TILE
2022-09-30,rut,TILE
2022-09-30,sp600,TILE
2022-12-31,rut,TILE
2022-12-31,sp600,TILE
2023-03-31,rut,TILE
2023-03-31,sp600,TILE
2023-06-30,rut,TILE
2023-06-30,sp600,TILE
2023-09-30,rut,TILE
2023-09-30,sp600,TILE
2023-12-31,rut,TILE
2023-12-31,sp600,TILE
2024-03-31,rut,TILE
2024-03-31,sp600,TILE
2024-06-30,rut,TILE
2024-06-30,sp600,TILE
2024-09-30,rut,TILE
2024-09-30,sp600,TILE
2024-12-31,rut,TILE
2024-12-31,sp600,TILE
2025-03-31,rut,TILE
2025-03-31,sp600,TILE
2025-06-30,rut,TILE
2025-06-30,sp600,TILE
2025-09-30,rut,TILE
2025-09-30,sp600,TILE
2025-12-31,rut,TILE
2025-12-31,sp600,TILE
2026-03-31,rut,TILE
2026-03-31,sp600,TILE
2026-06-30,rut,TILE
2026-06-30,sp600,TILE
2026-09-30,rut,TILE
2026-09-30,sp600,TILE
2019-12-31,sp400,MUR
2020-03-31,sp400,MUR
2020-06-30,sp400,MUR
2020-09-30,sp400,MUR
2020-12-31,sp400,MUR
2021-03-31,sp400,MUR
2021-06-30,rut,MUR
2021-06-30,sp400,MUR
2021-09-30,rut,MUR
2021-09-30,sp400,MUR
2021-12-31,rut,MUR
2021-12-31,sp400,MUR
2022-03-31,rut,MUR
2022-03-31,sp400,MUR
2022-06-30,rut,MUR
2022-06-30,sp400,MUR
2022-09-30,rut,MUR
2022-09-30,sp400,MUR
2022-12-31,rut,MUR
2022-12-31,sp400,MUR
2023-03-31,rut,MUR
2023-03-31,sp400,MUR
2023-06-30,rut,MUR
2023-06-30,sp400,MUR
2023-09-30,rut,MUR
2023-09-30,sp400,MUR
2023-12-31,rut,MUR
2023-12-31,sp400,MUR
2024-03-31,rut,MUR
2024-03-31,sp400,MUR
2024-06-30,rut,MUR
2024-06-30,sp400,MUR
2024-09-30,rut,MUR
2024-09-30,sp400,MUR
2024-12-31,rut,MUR
2024-12-31,sp400,MUR
2025-03-31,rut,MUR
2025-03-31,sp400,MUR
2025-06-30,rut,MUR
2025-06-30,sp400,MUR
2025-09-30,rut,MUR
2025-09-30,sp400,MUR
2025-12-31,rut,MUR
2025-12-31,sp400,MUR
2026-03-31,rut,MUR
2026-03-31,sp400,MUR
2026-06-30,rut,MUR
2026-06-30,sp400,MUR
2026-09-30,rut,MUR
2026-09-30,sp400,MUR
2020-06-30,sp400,HXL
2020-09-30,sp400,HXL
2020-12-31,sp400,HXL
2021-03-31,sp400,HXL
2021-06-30,sp400,HXL
2021-09-30,sp400,HXL
2021-12-31,sp400,HXL
2022-03-31,sp400,HXL
2022-06-30,sp400,HXL
2022-09-30,sp400,HXL
2022-12-31,sp400,HXL
2023-03-31,sp400,HXL
2023-06-30,sp400,HXL
2023-09-30,sp400,HXL
2023-12-31,sp400,HXL
2024-03-31,sp400,HXL
2024-06-30,sp400,HXL
2024-09-30,sp400,HXL
2024-12-31,sp400,HXL
2025-03-31,sp400,HXL
2025-06-30,sp400,HXL
2025-09-30,sp400,HXL
2025-12-31,sp400,HXL
2026-03-31,sp400,HXL
2026-06-30,sp400,HXL
2026-09-30,sp400,HXL
2019-12-31,rut,UNF
2019-12-31,sp600,UNF
2020-03-31,rut,UNF
2020-03-31,sp600,UNF
2020-06-30,rut,UNF
2020-06-30,sp600,UNF
2020-09-30,rut,UNF
2020-09-30,sp600,UNF
2020-12-31,rut,UNF
2020-12-31,sp600,UNF
2021-03-31,rut,UNF
2021-03-31,sp600,UNF
2021-06-30,rut,UNF
2021-06-30,sp600,UNF
2021-09-30,rut,UNF
2021-09-30,sp600,UNF
2021-12-31,rut,UNF
2021-12-31,sp600,UNF
2022-03-31,rut,UNF
2022-03-31,sp600,UNF
2022-06-30,rut,UNF
2022-06-30,sp600,UNF
2022-09-30,rut,UNF
2022-09-30,sp600,UNF
2022-12-31,rut,UNF
2022-12-31,sp600,UNF
2023-03-31,rut,UNF
2023-03-31,sp600,UNF
2023-06-30,rut,UNF
2023-06-30,sp600,UNF
2023-09-30,rut,UNF
2023-09-30,sp600,UNF
2023-12-31,rut,UNF
2023-12-31,sp600,UNF
2024-03-31,rut,UNF
2024-03-31,sp600,UNF
2024-06-30,rut,UNF
2024-06-30,sp600,UNF
2024-09-30,rut,UNF
2024-09-30,sp600,UNF
2024-12-31,rut,UNF
2024-12-31,sp600,UNF
2025-03-31,rut,UNF
2025-03-31,sp600,UNF
2025-06-30,rut,UNF
2025-06-30,sp600,UNF
2025-09-30,rut,UNF
2025-09-30,sp600,UNF
2025-12-31,rut,UNF
2025-12-31,sp600,UNF
2026-03-31,rut,UNF
2026-03-31,sp600,UNF
2026-06-30,rut,UNF
2026-06-30,sp600,UNF
2026-09-30,rut,UNF
2026-09-30,sp600,UNF
2019-12-31,rut,STAA
2020-03-31,rut,STAA
2020-06-30,rut,STAA
2020-09-30,rut,STAA
2020-12-31,rut,STAA
2021-03-31,rut,STAA
2021-03-31,sp400,STAA
2021-06-30,rut,STAA
2021-06-30,sp400,STAA
2021-09-30,rut,STAA
2021-09-30,sp400,STAA
2021-12-31,rut,STAA
2021-12-31,sp400,STAA
2022-03-31,rut,STAA
2022-03-31,sp400,STAA
2022-06-30,rut,STAA
2022-06-30,sp400,STAA
2022-09-30,rut,STAA
2022-09-30,sp400,STAA
2022-12-31,rut,STAA
2022-12-31,sp400,STAA
2023-03-31,rut,STAA
2023-03-31,sp400,STAA
2023-06-30,rut,STAA
2023-06-30,sp400,STAA
2023-09-30,rut,STAA
2023-09-30,sp600,STAA
2023-12-31,rut,STAA
2023-12-31,sp600,STAA
2024-03-31,rut,STAA
2024-03-31,sp600,STAA
2024-06-30,rut,STAA
2024-06-30,sp600,STAA
2024-09-30,rut,STAA
2024-09-30,sp600,STAA
2024-12-31,rut,STAA
2024-12-31,sp600,STAA
2025-03-31,rut,STAA
2025-03-31,sp600,STAA
2025-06-30,rut,STAA
2025-06-30,sp600,STAA
2025-09-30,rut,STAA
2025-09-30,sp600,STAA
2025-12-31,rut,STAA
2025-12-31,sp600,STAA
2026-03-31,rut,STAA
2026-03-31,sp600,STAA
2026-06-30,rut,STAA
2026-06-30,sp600,STAA
2026-09-30,rut,STAA
2026-09-30,sp600,STAA
2026-09-30,rut,STBA
2026-09-30,sp600,STBA
2019-12-31,rut,HL
2020-03-31,rut,HL
2020-06-30,rut,HL
2020-09-30,rut,HL
2020-12-31,rut,HL
2021-03-31,rut,HL
2021-06-30,rut,HL
2021-09-30,rut,HL
2021-12-31,rut,HL
2022-03-31,rut,HL
2022-06-30,rut,HL
2022-09-30,rut,HL
2022-12-31,rut,HL
2023-03-31,rut,HL
2023-06-30,rut,HL
2023-09-30,rut,HL
2023-12-31,rut,HL
2024-03-31,rut,HL
2024-06-30,rut,HL
2024-09-30,rut,HL
2024-12-31,rut,HL
2025-03-31,rut,HL
2025-06-30,rut,HL
2025-09-30,rut,HL
2025-09-30,sp600,HL
2025-12-31,rut,HL
2025-12-31,sp400,HL
2026-03-31,rut,HL
2026-03-31,sp400,HL
2026-06-30,sp400,HL
2026-09-30,sp400,HL
2019-12-31,rut,SF
2019-12-31,sp400,SF
2020-03-31,rut,SF
2020-03-31,sp400,SF
2020-06-30,rut,SF
2020-06-30,sp400,SF
2020-09-30,rut,SF
2020-09-30,sp400,SF
2020-12-31,rut,SF
2020-12-31,sp400,SF
2021-03-31,rut,SF
2021-03-31,sp400,SF
2021-06-30,sp400,SF
2021-09-30,sp400,SF
2021-12-31,sp400,SF
2022-03-31,sp400,SF
2022-06-30,sp400,SF
2022-09-30,sp400,SF
2022-12-31,sp400,SF
2023-03-31,sp400,SF
2023-06-30,sp400,SF
2023-09-30,sp400,SF
2023-12-31,sp400,SF
2024-03-31,sp400,SF
2024-06-30,sp400,SF
2024-09-30,sp400,SF
2024-12-31,sp400,SF
2025-03-31,sp400,SF
2025-06-30,sp400,SF
2025-09-30,sp400,SF
2025-12-31,sp400,SF
2026-03-31,sp400,SF
2026-06-30,sp400,SF
2026-09-30,sp400,SF
2019-12-31,rut,LKFN
2020-03-31,rut,LKFN
2020-06-30,rut,LKFN
2020-09-30,rut,LKFN
2020-12-31,rut,LKFN
2021-03-31,rut,LKFN
2021-06-30,rut,LKFN
2021-09-30,rut,LKFN
2021-09-30,sp600,LKFN
2021-12-31,rut,LKFN
2021-12-31,sp600,LKFN
2022-03-31,rut,LKFN
2022-03-31,sp600,LKFN
2022-06-30,rut,LKFN
2022-06-30,sp600,LKFN
2022-09-30,rut,LKFN
2022-09-30,sp600,LKFN
2022-12-31,rut,LKFN
2022-12-31,sp600,LKFN
2023-03-31,rut,LKFN
2023-03-31,sp600,LKFN
2023-06-30,rut,LKFN
2023-06-30,sp600,LKFN
2023-09-30,rut,LKFN
2023-09-30,sp600,LKFN
2023-12-31,rut,LKFN
2023-12-31,sp600,LKFN
2024-03-31,rut,LKFN
2024-03-31,sp600,LKFN
2024-06-30,rut,LKFN
2024-06-30,sp600,LKFN
2024-09-30,rut,LKFN
2024-09-30,sp600,LKFN
2024-12-31,rut,LKFN
2024-12-31,sp600,LKFN
2025-03-31,rut,LKFN
2025-03-31,sp600,LKFN
2025-06-30,rut,LKFN
2025-06-30,sp600,LKFN
2025-09-30,rut,LKFN
2025-09-30,sp600,LKFN
2025-12-31,rut,LKFN
2025-12-31,sp600,LKFN
2026-03-31,rut,LKFN
2026-03-31,sp600,LKFN
2026-06-30,rut,LKFN
2026-06-30,sp600,LKFN
2026-09-30,rut,LKFN
2026-09-30,sp600,LKFN
2019-12-31,rut,CBU
2019-12-31,sp600,CBU
2020-03-31,rut,CBU
2020-03-31,sp600,CBU
2020-06-30,rut,CBU
2020-06-30,sp600,CBU
2020-09-30,rut,CBU
2020-09-30,sp600,CBU
2020-12-31,rut,CBU
2020-12-31,sp600,CBU
2021-03-31,rut,CBU
2021-03-31,sp600,CBU
2021-06-30,rut,CBU
2021-06-30,sp600,CBU
2021-09-30,rut,CBU
2021-09-30,sp600,CBU
2021-12-31,rut,CBU
2021-12-31,sp600,CBU
2022-03-31,rut,CBU
2022-03-31,sp600,CBU
2022-06-30,rut,CBU
2022-06-30,sp600,CBU
2022-09-30,rut,CBU
2022-09-30,sp600,CBU
2022-12-31,rut,CBU
2022-12-31,sp600,CBU
2023-03-31,rut,CBU
2023-03-31,sp600,CBU
2023-06-30,rut,CBU
2023-06-30,sp600,CBU
2023-09-30,rut,CBU
2023-09-30,sp600,CBU
2023-12-31,rut,CBU
2023-12-31,sp600,CBU
2024-03-31,rut,CBU
2024-03-31,sp600,CBU
2024-06-30,rut,CBU
2024-06-30,sp600,CBU
2024-09-30,rut,CBU
2024-09-30,sp600,CBU
2024-12-31,rut,CBU
2024-12-31,sp600,CBU
2025-03-31,rut,CBU
2025-03-31,sp600,CBU
2025-06-30,rut,CBU
2025-06-30,sp600,CBU
2025-09-30,rut,CBU
2025-09-30,sp600,CBU
2025-12-31,rut,CBU
2025-12-31,sp600,CBU
2026-03-31,rut,CBU
2026-03-31,sp600,CBU
2026-06-30,rut,CBU
2026-06-30,sp600,CBU
2026-09-30,rut,CBU
2026-09-30,sp600,CBU
2019-12-31,rut,CAR
2019-12-31,sp400,CAR
2020-03-31,rut,CAR
2020-03-31,sp400,CAR
2020-06-30,rut,CAR
2020-06-30,sp400,CAR
2020-09-30,rut,CAR
2020-09-30,sp400,CAR
2020-12-31,rut,CAR
2020-12-31,sp400,CAR
2021-03-31,rut,CAR
2021-03-31,sp400,CAR
2021-06-30,rut,CAR
2021-06-30,sp400,CAR
2021-09-30,rut,CAR
2021-09-30,sp400,CAR
2021-12-31,rut,CAR
2021-12-31,sp400,CAR
2022-03-31,rut,CAR
2022-03-31,sp400,CAR
2022-06-30,sp400,CAR
2022-09-30,sp400,CAR
2022-12-31,sp400,CAR
2023-03-31,sp400,CAR
2023-06-30,sp400,CAR
2023-09-30,sp400,CAR
2023-12-31,sp400,CAR
2024-03-31,sp400,CAR
2024-06-30,sp400,CAR
2024-09-30,sp400,CAR
2024-12-31,sp400,CAR
2025-03-31,sp400,CAR
2025-06-30,sp400,CAR
2025-09-30,sp400,CAR
2025-12-31,sp400,CAR
2026-03-31,sp400,CAR
2026-06-30,sp400,CAR
2026-09-30,sp400,CAR
2019-12-31,rut,CHCO
2019-12-31,sp600,CHCO
2020-03-31,rut,CHCO
2020-03-31,sp600,CHCO
2020-06-30,rut,CHCO
2020-06-30,sp600,CHCO
2020-09-30,rut,CHCO
2020-09-30,sp600,CHCO
2020-12-31,rut,CHCO
2020-12-31,sp600,CHCO
2021-03-31,rut,CHCO
2021-03-31,sp600,CHCO
2021-06-30,rut,CHCO
2021-06-30,sp600,CHCO
2021-09-30,rut,CHCO
2021-09-30,sp600,CHCO
2021-12-31,rut,CHCO
2021-12-31,sp600,CHCO
2022-03-31,rut,CHCO
2022-03-31,sp600,CHCO
2022-06-30,rut,CHCO
2022-06-30,sp600,CHCO
2022-09-30,rut,CHCO
2022-09-30,sp600,CHCO
2022-12-31,rut,CHCO
2022-12-31,sp600,CHCO
2023-03-31,rut,CHCO
2023-03-31,sp600,CHCO
2023-06-30,rut,CHCO
2023-06-30,sp600,CHCO
2023-09-30,rut,CHCO
2023-09-30,sp600,CHCO
2023-12-31,rut,CHCO
2023-12-31,sp600,CHCO
2024-03-31,rut,CHCO
2024-03-31,sp600,CHCO
2024-06-30,rut,CHCO
2024-06-30,sp600,CHCO
2024-09-30,rut,CHCO
2024-09-30,sp600,CHCO
2024-12-31,rut,CHCO
2024-12-31,sp600,CHCO
2025-03-31,rut,CHCO
2025-03-31,sp600,CHCO
2025-06-30,rut,CHCO
2025-06-30,sp600,CHCO
2025-09-30,rut,CHCO
2025-09-30,sp600,CHCO
2025-12-31,rut,CHCO
2025-12-31,sp600,CHCO
2026-03-31,rut,CHCO
2026-03-31,sp600,CHCO
2026-06-30,rut,CHCO
2026-06-30,sp600,CHCO
2026-09-30,rut,CHCO
2026-09-30,sp600,CHCO
2019-12-31,sp400,CASY
2020-03-31,sp400,CASY
2020-06-30,sp400,CASY
2020-09-30,sp400,CASY
2020-12-31,sp400,CASY
2021-03-31,sp400,CASY
2021-06-30,sp400,CASY
2021-09-30,sp400,CASY
2021-12-31,sp400,CASY
2022-03-31,sp400,CASY
2022-06-30,sp400,CASY
2022-09-30,sp400,CASY
2022-12-31,sp400,CASY
2023-03-31,sp400,CASY
2023-06-30,sp400,CASY
2023-09-30,sp400,CASY
2023-12-31,sp400,CASY
2024-03-31,sp400,CASY
2024-06-30,sp400,CASY
2024-09-30,sp400,CASY
2024-12-31,sp400,CASY
2025-03-31,sp400,CASY
2025-06-30,sp400,CASY
2025-09-30,sp400,CASY
2025-12-31,sp400,CASY
2026-03-31,sp400,CASY
2019-12-31,rut,BELFA
2019-12-31,sp600,BELFA
2020-03-31,rut,BELFA
2020-03-31,sp600,BELFA
2020-06-30,rut,BELFA
2020-06-30,sp600,BELFA
2020-09-30,rut,BELFA
2020-09-30,sp600,BELFA
2020-12-31,rut,BELFA
2020-12-31,sp600,BELFA
2021-03-31,rut,BELFA
2021-03-31,sp600,BELFA
2021-06-30,sp600,BELFA
2023-06-30,rut,BELFA
2023-09-30,rut,BELFA
2023-12-31,rut,BELFA
2024-03-31,rut,BELFA
2024-06-30,rut,BELFA
2024-09-30,rut,BELFA
2024-12-31,rut,BELFA
2025-03-31,rut,BELFA
2025-06-30,rut,BELFA
2025-09-30,rut,BELFA
2025-12-31,rut,BELFA
2026-03-31,rut,BELFA
2026-06-30,rut,BELFA
2026-09-30,rut,BELFA
2019-12-31,rut,UBSI
2019-12-31,sp400,UBSI
2020-03-31,rut,UBSI
2020-03-31,sp400,UBSI
2020-06-30,rut,UBSI
2020-06-30,sp400,UBSI
2020-09-30,rut,UBSI
2020-09-30,sp400,UBSI
2020-12-31,rut,UBSI
2020-12-31,sp400,UBSI
2021-03-31,rut,UBSI
2021-03-31,sp400,UBSI
2021-06-30,rut,UBSI
2021-06-30,sp400,UBSI
2021-09-30,rut,UBSI
2021-09-30,sp400,UBSI
2021-12-31,rut,UBSI
2021-12-31,sp400,UBSI
2022-03-31,rut,UBSI
2022-03-31,sp400,UBSI
2022-06-30,rut,UBSI
2022-06-30,sp400,UBSI
2022-09-30,rut,UBSI
2022-09-30,sp400,UBSI
2022-12-31,rut,UBSI
2022-12-31,sp400,UBSI
2023-03-31,rut,UBSI
2023-03-31,sp400,UBSI
2023-06-30,rut,UBSI
2023-06-30,sp400,UBSI
2023-09-30,rut,UBSI
2023-09-30,sp400,UBSI
2023-12-31,rut,UBSI
2023-12-31,sp400,UBSI
2024-03-31,rut,UBSI
2024-03-31,sp400,UBSI
2024-06-30,rut,UBSI
2024-06-30,sp400,UBSI
2024-09-30,rut,UBSI
2024-09-30,sp400,UBSI
2024-12-31,rut,UBSI
2024-12-31,sp400,UBSI
2025-03-31,rut,UBSI
2025-03-31,sp400,UBSI
2025-06-30,rut,UBSI
2025-06-30,sp400,UBSI
2025-09-30,rut,UBSI
2025-09-30,sp400,UBSI
2025-12-31,rut,UBSI
2025-12-31,sp400,UBSI
2026-03-31,rut,UBSI
2026-03-31,sp400,UBSI
2026-06-30,rut,UBSI
2026-06-30,sp400,UBSI
2026-09-30,rut,UBSI
2026-09-30,sp400,UBSI
2019-12-31,sp400,THO
2020-03-31,sp400,THO
2020-06-30,sp400,THO
2020-09-30,sp400,THO
2020-12-31,sp400,THO
2021-03-31,sp400,THO
2021-06-30,sp400,THO
2021-09-30,sp400,THO
2021-12-31,sp400,THO
2022-03-31,sp400,THO
2022-06-30,sp400,THO
2022-09-30,sp400,THO
2022-12-31,sp400,THO
2023-03-31,sp400,THO
2023-06-30,sp400,THO
2023-09-30,sp400,THO
2023-12-31,sp400,THO
2024-03-31,sp400,THO
2024-06-30,sp400,THO
2024-09-30,sp400,THO
2024-12-31,sp400,THO
2025-03-31,sp400,THO
2025-06-30,sp400,THO
2025-09-30,sp400,THO
2025-12-31,sp400,THO
2026-03-31,sp400,THO
2026-06-30,sp400,THO
2026-09-30,sp400,THO
2019-12-31,rut,RGEN
2019-12-31,sp400,RGEN
2020-03-31,rut,RGEN
2020-03-31,sp400,RGEN
2020-06-30,sp400,RGEN
2020-09-30,sp400,RGEN
2020-12-31,sp400,RGEN
2021-03-31,sp400,RGEN
2021-06-30,sp400,RGEN
2021-09-30,sp400,RGEN
2021-12-31,sp400,RGEN
2022-03-31,sp400,RGEN
2022-06-30,sp400,RGEN
2022-09-30,sp400,RGEN
2022-12-31,sp400,RGEN
2023-03-31,sp400,RGEN
2023-06-30,sp400,RGEN
2023-09-30,sp400,RGEN
2023-12-31,sp400,RGEN
2024-03-31,sp400,RGEN
2024-06-30,sp400,RGEN
2024-09-30,sp400,RGEN
2024-12-31,sp400,RGEN
2025-03-31,sp400,RGEN
2025-06-30,sp400,RGEN
2025-09-30,sp400,RGEN
2025-12-31,sp400,RGEN
2026-03-31,sp400,RGEN
2026-06-30,sp400,RGEN
2026-09-30,sp400,RGEN
2019-12-31,rut,CVSA
2019-12-31,sp400,CVSA
2020-03-31,rut,CVSA
2020-03-31,sp400,CVSA
2020-06-30,rut,CVSA
2020-06-30,sp400,CVSA
2020-09-30,rut,CVSA
2020-09-30,sp400,CVSA
2020-12-31,rut,CVSA
2020-12-31,sp400,CVSA
2021-03-31,rut,CVSA
2021-03-31,sp400,CVSA
2021-06-30,rut,CVSA
2021-06-30,sp400,CVSA
2021-09-30,rut,CVSA
2021-09-30,sp600,CVSA
2021-12-31,rut,CVSA
2021-12-31,sp600,CVSA
2022-03-31,rut,CVSA
2022-03-31,sp600,CVSA
2022-06-30,rut,CVSA
2022-06-30,sp600,CVSA
2022-09-30,rut,CVSA
2022-09-30,sp600,CVSA
2022-12-31,rut,CVSA
2022-12-31,sp600,CVSA
2023-03-31,rut,CVSA
2023-03-31,sp600,CVSA
2023-06-30,rut,CVSA
2023-06-30,sp600,CVSA
2023-09-30,rut,CVSA
2023-09-30,sp600,CVSA
2023-12-31,rut,CVSA
2023-12-31,sp600,CVSA
2024-03-31,rut,CVSA
2024-03-31,sp600,CVSA
2024-06-30,rut,CVSA
2024-06-30,sp600,CVSA
2024-09-30,rut,CVSA
2024-09-30,sp600,CVSA
2024-12-31,rut,CVSA
2024-12-31,sp600,CVSA
2025-03-31,rut,CVSA
2025-03-31,sp600,CVSA
2025-06-30,rut,CVSA
2025-06-30,sp600,CVSA
2025-09-30,rut,CVSA
2025-09-30,sp600,CVSA
2025-12-31,rut,CVSA
2025-12-31,sp600,CVSA
2026-03-31,rut,CVSA
2026-03-31,sp600,CVSA
2026-06-30,rut,CVSA
2026-06-30,sp600,CVSA
2026-09-30,rut,CVSA
2026-09-30,sp600,CVSA
2019-12-31,rut,SBCF
2019-12-31,sp600,SBCF
2020-03-31,rut,SBCF
2020-03-31,sp600,SBCF
2020-06-30,rut,SBCF
2020-06-30,sp600,SBCF
2020-09-30,rut,SBCF
2020-09-30,sp600,SBCF
2020-12-31,rut,SBCF
2020-12-31,sp600,SBCF
2021-03-31,rut,SBCF
2021-03-31,sp600,SBCF
2021-06-30,rut,SBCF
2021-06-30,sp600,SBCF
2021-09-30,rut,SBCF
2021-09-30,sp600,SBCF
2021-12-31,rut,SBCF
2021-12-31,sp600,SBCF
2022-03-31,rut,SBCF
2022-03-31,sp600,SBCF
2022-06-30,rut,SBCF
2022-06-30,sp600,SBCF
2022-09-30,rut,SBCF
2022-09-30,sp600,SBCF
2022-12-31,rut,SBCF
2022-12-31,sp600,SBCF
2023-03-31,rut,SBCF
2023-03-31,sp600,SBCF
2023-06-30,rut,SBCF
2023-06-30,sp600,SBCF
2023-09-30,rut,SBCF
2023-09-30,sp600,SBCF
2023-12-31,rut,SBCF
2023-12-31,sp600,SBCF
2024-03-31,rut,SBCF
2024-03-31,sp600,SBCF
2024-06-30,rut,SBCF
2024-06-30,sp600,SBCF
2024-09-30,rut,SBCF
2024-09-30,sp600,SBCF
2024-12-31,rut,SBCF
2024-12-31,sp600,SBCF
2025-03-31,rut,SBCF
2025-03-31,sp600,SBCF
2025-06-30,rut,SBCF
2025-06-30,sp600,SBCF
2025-09-30,rut,SBCF
2025-09-30,sp600,SBCF
2025-12-31,rut,SBCF
2025-12-31,sp600,SBCF
2026-03-31,rut,SBCF
2026-03-31,sp600,SBCF
2026-06-30,rut,SBCF
2026-06-30,sp600,SBCF
2026-09-30,rut,SBCF
2026-09-30,sp600,SBCF
2019-12-31,rut,HCSG
2019-12-31,sp400,HCSG
2020-03-31,rut,HCSG
2020-03-31,sp400,HCSG
2020-06-30,rut,HCSG
2020-06-30,sp400,HCSG
2020-09-30,rut,HCSG
2020-09-30,sp400,HCSG
2020-12-31,rut,HCSG
2020-12-31,sp400,HCSG
2021-03-31,rut,HCSG
2021-03-31,sp400,HCSG
2021-06-30,rut,HCSG
2021-06-30,sp400,HCSG
2021-09-30,rut,HCSG
2021-09-30,sp600,HCSG
2021-12-31,rut,HCSG
2021-12-31,sp600,HCSG
2022-03-31,rut,HCSG
2022-03-31,sp600,HCSG
2022-06-30,rut,HCSG
2022-06-30,sp600,HCSG
2022-09-30,rut,HCSG
2022-09-30,sp600,HCSG
2022-12-31,rut,HCSG
2022-12-31,sp600,HCSG
2023-03-31,rut,HCSG
2023-03-31,sp600,HCSG
2023-06-30,rut,HCSG
2023-06-30,sp600,HCSG
2023-09-30,rut,HCSG
2023-09-30,sp600,HCSG
2023-12-31,rut,HCSG
2023-12-31,sp600,HCSG
2024-03-31,rut,HCSG
2024-03-31,sp600,HCSG
2024-06-30,rut,HCSG
2024-06-30,sp600,HCSG
2024-09-30,rut,HCSG
2024-09-30,sp600,HCSG
2024-12-31,rut,HCSG
2024-12-31,sp600,HCSG
2025-03-31,rut,HCSG
2025-03-31,sp600,HCSG
2025-06-30,rut,HCSG
2025-06-30,sp600,HCSG
2025-09-30,rut,HCSG
2025-09-30,sp600,HCSG
2025-12-31,rut,HCSG
2025-12-31,sp600,HCSG
2026-03-31,rut,HCSG
2026-03-31,sp600,HCSG
2026-06-30,rut,HCSG
2026-06-30,sp600,HCSG
2026-09-30,rut,HCSG
2026-09-30,sp600,HCSG
2019-12-31,rut,RAMP
2019-12-31,sp400,RAMP
2020-03-31,rut,RAMP
2020-03-31,sp400,RAMP
2020-06-30,rut,RAMP
2020-06-30,sp400,RAMP
2020-09-30,rut,RAMP
2020-09-30,sp400,RAMP
2020-12-31,rut,RAMP
2020-12-31,sp400,RAMP
2021-03-31,rut,RAMP
2021-03-31,sp400,RAMP
2021-06-30,rut,RAMP
2021-06-30,sp400,RAMP
2021-09-30,rut,RAMP
2021-09-30,sp400,RAMP
2021-12-31,rut,RAMP
2021-12-31,sp400,RAMP
2022-03-31,rut,RAMP
2022-03-31,sp400,RAMP
2022-06-30,rut,RAMP
2022-06-30,sp600,RAMP
2022-09-30,rut,RAMP
2022-09-30,sp600,RAMP
2022-12-31,rut,RAMP
2022-12-31,sp600,RAMP
2023-03-31,rut,RAMP
2023-03-31,sp600,RAMP
2023-06-30,rut,RAMP
2023-06-30,sp600,RAMP
2023-09-30,rut,RAMP
2023-09-30,sp600,RAMP
2023-12-31,rut,RAMP
2023-12-31,sp600,RAMP
2024-03-31,rut,RAMP
2024-03-31,sp600,RAMP
2024-06-30,rut,RAMP
2024-06-30,sp600,RAMP
2024-09-30,rut,RAMP
2024-09-30,sp600,RAMP
2024-12-31,rut,RAMP
2024-12-31,sp600,RAMP
2025-03-31,rut,RAMP
2025-03-31,sp600,RAMP
2025-06-30,rut,RAMP
2025-06-30,sp600,RAMP
2025-09-30,rut,RAMP
2025-09-30,sp600,RAMP
2025-12-31,rut,RAMP
2025-12-31,sp600,RAMP
2026-03-31,rut,RAMP
2026-03-31,sp600,RAMP
2026-06-30,rut,RAMP
2026-06-30,sp600,RAMP
2026-09-30,rut,RAMP
2026-09-30,sp600,RAMP
2019-12-31,rut,CCNE
2020-03-31,rut,CCNE
2020-06-30,rut,CCNE
2020-09-30,rut,CCNE
2020-12-31,rut,CCNE
2021-03-31,rut,CCNE
2021-06-30,rut,CCNE
2021-09-30,rut,CCNE
2021-12-31,rut,CCNE
2022-03-31,rut,CCNE
2022-06-30,rut,CCNE
2022-09-30,rut,CCNE
2022-12-31,rut,CCNE
2023-03-31,rut,CCNE
2023-06-30,rut,CCNE
2023-09-30,rut,CCNE
2023-12-31,rut,CCNE
2024-03-31,rut,CCNE
2024-06-30,rut,CCNE
2024-09-30,rut,CCNE
2024-12-31,rut,CCNE
2025-03-31,rut,CCNE
2025-06-30,rut,CCNE
2025-09-30,rut,CCNE
2025-12-31,rut,CCNE
2026-03-31,rut,CCNE
2026-06-30,rut,CCNE
2026-09-30,rut,CCNE
2019-12-31,rut,WASH
2020-03-31,rut,WASH
2020-06-30,rut,WASH
2020-09-30,rut,WASH
2020-12-31,rut,WASH
2021-03-31,rut,WASH
2021-06-30,rut,WASH
2021-09-30,rut,WASH
2021-12-31,rut,WASH
2022-03-31,rut,WASH
2022-06-30,rut,WASH
2022-09-30,rut,WASH
2022-12-31,rut,WASH
2023-03-31,rut,WASH
2023-06-30,rut,WASH
2023-09-30,rut,WASH
2023-12-31,rut,WASH
2024-03-31,rut,WASH
2024-06-30,rut,WASH
2024-09-30,rut,WASH
2024-12-31,rut,WASH
2025-03-31,rut,WASH
2025-06-30,rut,WASH
2025-09-30,rut,WASH
2025-12-31,rut,WASH
2026-03-31,rut,WASH
2026-06-30,rut,WASH
2026-09-30,rut,WASH
2026-09-30,sp400,TTC
2019-12-31,rut,RES
2019-12-31,sp600,RES
2020-03-31,rut,RES
2020-03-31,sp600,RES
2020-06-30,rut,RES
2020-06-30,sp600,RES
2020-09-30,rut,RES
2020-09-30,sp600,RES
2020-12-31,rut,RES
2020-12-31,sp600,RES
2021-03-31,rut,RES
2021-03-31,sp600,RES
2021-06-30,rut,RES
2021-06-30,sp600,RES
2021-09-30,rut,RES
2021-09-30,sp600,RES
2021-12-31,rut,RES
2021-12-31,sp600,RES
2022-03-31,rut,RES
2022-03-31,sp600,RES
2022-06-30,rut,RES
2022-06-30,sp600,RES
2022-09-30,rut,RES
2022-09-30,sp600,RES
2022-12-31,rut,RES
2022-12-31,sp600,RES
2023-03-31,rut,RES
2023-03-31,sp600,RES
2023-06-30,rut,RES
2023-06-30,sp600,RES
2023-09-30,rut,RES
2023-09-30,sp600,RES
2023-12-31,rut,RES
2023-12-31,sp600,RES
2024-03-31,rut,RES
2024-03-31,sp600,RES
2024-06-30,rut,RES
2024-06-30,sp600,RES
2024-09-30,rut,RES
2024-09-30,sp600,RES
2024-12-31,rut,RES
2024-12-31,sp600,RES
2025-03-31,rut,RES
2025-03-31,sp600,RES
2025-06-30,rut,RES
2025-06-30,sp600,RES
2025-09-30,rut,RES
2025-09-30,sp600,RES
2025-12-31,rut,RES
2025-12-31,sp600,RES
2026-03-31,rut,RES
2026-03-31,sp600,RES
2026-06-30,rut,RES
2026-06-30,sp600,RES
2026-09-30,rut,RES
2026-09-30,sp600,RES
2021-06-30,rut,CLDX
2021-09-30,rut,CLDX
2021-12-31,rut,CLDX
2022-03-31,rut,CLDX
2022-06-30,rut,CLDX
2022-09-30,rut,CLDX
2022-12-31,rut,CLDX
2023-03-31,rut,CLDX
2023-06-30,rut,CLDX
2023-09-30,rut,CLDX
2023-12-31,rut,CLDX
2024-03-31,rut,CLDX
2024-06-30,rut,CLDX
2024-09-30,rut,CLDX
2024-12-31,rut,CLDX
2025-03-31,rut,CLDX
2025-06-30,rut,CLDX
2025-09-30,rut,CLDX
2025-12-31,rut,CLDX
2026-03-31,rut,CLDX
2026-06-30,rut,CLDX
2026-09-30,rut,CLDX
2019-12-31,rut,JOE
2019-12-31,sp600,JOE
2020-03-31,rut,JOE
2020-03-31,sp600,JOE
2020-06-30,rut,JOE
2020-06-30,sp600,JOE
2020-09-30,rut,JOE
2020-09-30,sp600,JOE
2020-12-31,rut,JOE
2020-12-31,sp600,JOE
2021-03-31,rut,JOE
2021-03-31,sp600,JOE
2021-06-30,rut,JOE
2021-06-30,sp600,JOE
2021-09-30,rut,JOE
2021-09-30,sp600,JOE
2021-12-31,rut,JOE
2021-12-31,sp600,JOE
2022-03-31,rut,JOE
2022-03-31,sp600,JOE
2022-06-30,rut,JOE
2022-06-30,sp600,JOE
2022-09-30,rut,JOE
2022-09-30,sp600,JOE
2022-12-31,rut,JOE
2022-12-31,sp600,JOE
2023-03-31,rut,JOE
2023-03-31,sp600,JOE
2023-06-30,rut,JOE
2023-06-30,sp600,JOE
2023-09-30,rut,JOE
2023-09-30,sp600,JOE
2023-12-31,rut,JOE
2023-12-31,sp600,JOE
2024-03-31,rut,JOE
2024-03-31,sp600,JOE
2024-06-30,rut,JOE
2024-06-30,sp600,JOE
2024-09-30,rut,JOE
2024-09-30,sp600,JOE
2024-12-31,rut,JOE
2024-12-31,sp600,JOE
2025-03-31,rut,JOE
2025-03-31,sp600,JOE
2025-06-30,rut,JOE
2025-06-30,sp600,JOE
2025-09-30,rut,JOE
2025-09-30,sp600,JOE
2025-12-31,rut,JOE
2025-12-31,sp600,JOE
2026-03-31,rut,JOE
2026-03-31,sp600,JOE
2026-06-30,rut,JOE
2026-06-30,sp600,JOE
2026-09-30,rut,JOE
2026-09-30,sp600,JOE
2019-12-31,rut,BRC
2019-12-31,sp600,BRC
2020-03-31,rut,BRC
2020-03-31,sp600,BRC
2020-06-30,rut,BRC
2020-06-30,sp600,BRC
2020-09-30,rut,BRC
2020-09-30,sp600,BRC
2020-12-31,rut,BRC
2020-12-31,sp600,BRC
2021-03-31,rut,BRC
2021-03-31,sp600,BRC
2021-06-30,rut,BRC
2021-06-30,sp600,BRC
2021-09-30,rut,BRC
2021-09-30,sp600,BRC
2021-12-31,rut,BRC
2021-12-31,sp600,BRC
2022-03-31,rut,BRC
2022-03-31,sp600,BRC
2022-06-30,rut,BRC
2022-06-30,sp600,BRC
2022-09-30,rut,BRC
2022-09-30,sp600,BRC
2022-12-31,rut,BRC
2022-12-31,sp600,BRC
2023-03-31,rut,BRC
2023-03-31,sp600,BRC
2023-06-30,sp600,BRC
2023-09-30,sp600,BRC
2023-12-31,sp600,BRC
2024-03-31,sp600,BRC
2024-06-30,sp600,BRC
2024-09-30,sp600,BRC
2024-12-31,sp600,BRC
2025-03-31,sp600,BRC
2025-06-30,sp600,BRC
2025-09-30,sp600,BRC
2025-12-31,sp600,BRC
2026-03-31,sp600,BRC
2026-06-30,sp600,BRC
2026-09-30,sp600,BRC
2019-12-31,rut,UIS
2019-12-31,sp600,UIS
2020-03-31,rut,UIS
2020-03-31,sp600,UIS
2020-06-30,rut,UIS
2020-06-30,sp600,UIS
2020-09-30,rut,UIS
2020-09-30,sp600,UIS
2020-12-31,rut,UIS
2020-12-31,sp600,UIS
2021-03-31,rut,UIS
2021-03-31,sp600,UIS
2021-06-30,rut,UIS
2021-06-30,sp600,UIS
2021-09-30,rut,UIS
2021-09-30,sp600,UIS
2021-12-31,rut,UIS
2021-12-31,sp600,UIS
2022-03-31,rut,UIS
2022-03-31,sp600,UIS
2022-06-30,rut,UIS
2022-06-30,sp600,UIS
2022-09-30,rut,UIS
2022-09-30,sp600,UIS
2022-12-31,rut,UIS
2022-12-31,sp600,UIS
2023-03-31,rut,UIS
2023-06-30,rut,UIS
2023-09-30,rut,UIS
2023-12-31,rut,UIS
2024-03-31,rut,UIS
2024-06-30,rut,UIS
2024-09-30,rut,UIS
2024-12-31,rut,UIS
2025-03-31,rut,UIS
2025-06-30,rut,UIS
2025-09-30,rut,UIS
2025-12-31,rut,UIS
2026-03-31,rut,UIS
2026-06-30,rut,UIS
2026-09-30,rut,UIS
2019-12-31,rut,HWC
2019-12-31,sp400,HWC
2020-03-31,rut,HWC
2020-03-31,sp400,HWC
2020-06-30,rut,HWC
2020-06-30,sp400,HWC
2020-09-30,rut,HWC
2020-09-30,sp400,HWC
2020-12-31,rut,HWC
2020-12-31,sp400,HWC
2021-03-31,rut,HWC
2021-03-31,sp400,HWC
2021-06-30,rut,HWC
2021-06-30,sp400,HWC
2021-09-30,rut,HWC
2021-09-30,sp400,HWC
2021-12-31,rut,HWC
2021-12-31,sp400,HWC
2022-03-31,rut,HWC
2022-03-31,sp400,HWC
2022-06-30,rut,HWC
2022-06-30,sp400,HWC
2022-09-30,rut,HWC
2022-09-30,sp400,HWC
2022-12-31,rut,HWC
2022-12-31,sp400,HWC
2023-03-31,rut,HWC
2023-03-31,sp400,HWC
2023-06-30,rut,HWC
2023-06-30,sp400,HWC
2023-09-30,rut,HWC
2023-09-30,sp400,HWC
2023-12-31,rut,HWC
2023-12-31,sp400,HWC
2024-03-31,rut,HWC
2024-03-31,sp400,HWC
2024-06-30,rut,HWC
2024-06-30,sp400,HWC
2024-09-30,rut,HWC
2024-09-30,sp400,HWC
2024-12-31,rut,HWC
2024-12-31,sp400,HWC
2025-03-31,rut,HWC
2025-03-31,sp400,HWC
2025-06-30,rut,HWC
2025-06-30,sp400,HWC
2025-09-30,rut,HWC
2025-09-30,sp400,HWC
2025-12-31,rut,HWC
2025-12-31,sp400,HWC
2026-03-31,rut,HWC
2026-03-31,sp400,HWC
2026-06-30,rut,HWC
2026-06-30,sp400,HWC
2026-09-30,rut,HWC
2026-09-30,sp400,HWC
2019-12-31,rut,CAC
2020-03-31,rut,CAC
2020-06-30,rut,CAC
2020-09-30,rut,CAC
2020-12-31,rut,CAC
2021-03-31,rut,CAC
2021-06-30,rut,CAC
2021-09-30,rut,CAC
2021-12-31,rut,CAC
2022-03-31,rut,CAC
2022-06-30,rut,CAC
2022-09-30,rut,CAC
2022-12-31,rut,CAC
2023-03-31,rut,CAC
2023-06-30,rut,CAC
2023-09-30,rut,CAC
2023-12-31,rut,CAC
2024-03-31,rut,CAC
2024-06-30,rut,CAC
2024-09-30,rut,CAC
2024-12-31,rut,CAC
2025-03-31,rut,CAC
2025-06-30,rut,CAC
2025-09-30,rut,CAC
2025-12-31,rut,CAC
2026-03-31,rut,CAC
2026-06-30,rut,CAC
2026-09-30,rut,CAC
2019-12-31,sp400,NNN
2020-03-31,sp400,NNN
2020-06-30,sp400,NNN
2020-09-30,sp400,NNN
2020-12-31,sp400,NNN
2021-03-31,sp400,NNN
2021-06-30,sp400,NNN
2021-09-30,sp400,NNN
2021-12-31,sp400,NNN
2022-03-31,sp400,NNN
2022-06-30,sp400,NNN
2022-09-30,sp400,NNN
2022-12-31,sp400,NNN
2023-03-31,sp400,NNN
2023-06-30,sp400,NNN
2023-09-30,sp400,NNN
2023-12-31,sp400,NNN
2024-03-31,sp400,NNN
2024-06-30,sp400,NNN
2024-09-30,sp400,NNN
2024-12-31,sp400,NNN
2025-03-31,sp400,NNN
2025-06-30,sp400,NNN
2025-09-30,sp400,NNN
2025-12-31,sp400,NNN
2026-03-31,sp400,NNN
2026-06-30,sp400,NNN
2026-09-30,sp400,NNN
2019-12-31,rut,VICR
2019-12-31,sp600,VICR
2020-03-31,rut,VICR
2020-03-31,sp600,VICR
2020-06-30,rut,VICR
2020-06-30,sp600,VICR
2020-09-30,rut,VICR
2020-09-30,sp600,VICR
2020-12-31,rut,VICR
2020-12-31,sp600,VICR
2021-03-31,rut,VICR
2021-03-31,sp600,VICR
2021-06-30,rut,VICR
2021-06-30,sp600,VICR
2021-09-30,rut,VICR
2021-09-30,sp600,VICR
2021-12-31,rut,VICR
2021-12-31,sp400,VICR
2022-03-31,rut,VICR
2022-03-31,sp400,VICR
2022-06-30,rut,VICR
2022-06-30,sp400,VICR
2022-09-30,rut,VICR
2022-09-30,sp400,VICR
2022-12-31,rut,VICR
2022-12-31,sp400,VICR
2023-03-31,rut,VICR
2023-03-31,sp400,VICR
2023-06-30,rut,VICR
2023-06-30,sp400,VICR
2023-09-30,rut,VICR
2023-09-30,sp400,VICR
2023-12-31,rut,VICR
2023-12-31,sp600,VICR
2024-03-31,rut,VICR
2024-03-31,sp600,VICR
2024-06-30,rut,VICR
2024-06-30,sp600,VICR
2024-09-30,rut,VICR
2024-09-30,sp600,VICR
2024-12-31,rut,VICR
2024-12-31,sp600,VICR
2025-03-31,rut,VICR
2025-03-31,sp600,VICR
2025-06-30,rut,VICR
2025-06-30,sp600,VICR
2025-09-30,rut,VICR
2025-09-30,sp600,VICR
2025-12-31,rut,VICR
2025-12-31,sp600,VICR
2026-03-31,rut,VICR
2026-03-31,sp400,VICR
2026-06-30,sp400,VICR
2026-09-30,sp400,VICR
2019-12-31,rut,UMH
2020-03-31,rut,UMH
2020-06-30,rut,UMH
2020-09-30,rut,UMH
2020-12-31,rut,UMH
2021-03-31,rut,UMH
2021-06-30,rut,UMH
2021-09-30,rut,UMH
2021-12-31,rut,UMH
2022-03-31,rut,UMH
2022-06-30,rut,UMH
2022-09-30,rut,UMH
2022-12-31,rut,UMH
2023-03-31,rut,UMH
2023-06-30,rut,UMH
2023-09-30,rut,UMH
2023-12-31,rut,UMH
2024-03-31,rut,UMH
2024-06-30,rut,UMH
2024-09-30,rut,UMH
2024-12-31,rut,UMH
2025-03-31,rut,UMH
2025-06-30,rut,UMH
2025-09-30,rut,UMH
2025-12-31,rut,UMH
2026-03-31,rut,UMH
2026-06-30,rut,UMH
2026-09-30,rut,UMH
2019-12-31,rut,MGRC
2020-03-31,rut,MGRC
2020-06-30,rut,MGRC
2020-09-30,rut,MGRC
2020-12-31,rut,MGRC
2021-03-31,rut,MGRC
2021-06-30,rut,MGRC
2021-09-30,rut,MGRC
2021-12-31,rut,MGRC
2022-03-31,rut,MGRC
2022-06-30,rut,MGRC
2022-09-30,rut,MGRC
2022-12-31,rut,MGRC
2023-03-31,rut,MGRC
2023-06-30,rut,MGRC
2023-09-30,rut,MGRC
2023-12-31,rut,MGRC
2024-03-31,rut,MGRC
2024-06-30,rut,MGRC
2024-09-30,rut,MGRC
2024-12-31,rut,MGRC
2025-03-31,rut,MGRC
2025-06-30,rut,MGRC
2025-09-30,rut,MGRC
2025-12-31,rut,MGRC
2026-03-31,rut,MGRC
2026-06-30,rut,MGRC
2026-09-30,rut,MGRC
2019-12-31,rut,UTL
2020-03-31,rut,UTL
2020-06-30,rut,UTL
2020-09-30,rut,UTL
2020-12-31,rut,UTL
2021-03-31,rut,UTL
2021-06-30,rut,UTL
2021-06-30,sp600,UTL
2021-09-30,rut,UTL
2021-09-30,sp600,UTL
2021-12-31,rut,UTL
2021-12-31,sp600,UTL
2022-03-31,rut,UTL
2022-03-31,sp600,UTL
2022-06-30,rut,UTL
2022-06-30,sp600,UTL
2022-09-30,rut,UTL
2022-09-30,sp600,UTL
2022-12-31,rut,UTL
2022-12-31,sp600,UTL
2023-03-31,rut,UTL
2023-03-31,sp600,UTL
2023-06-30,rut,UTL
2023-06-30,sp600,UTL
2023-09-30,rut,UTL
2023-09-30,sp600,UTL
2023-12-31,rut,UTL
2023-12-31,sp600,UTL
2024-03-31,rut,UTL
2024-03-31,sp600,UTL
2024-06-30,rut,UTL
2024-06-30,sp600,UTL
2024-09-30,rut,UTL
2024-09-30,sp600,UTL
2024-12-31,rut,UTL
2024-12-31,sp600,UTL
2025-03-31,rut,UTL
2025-03-31,sp600,UTL
2025-06-30,rut,UTL
2025-06-30,sp600,UTL
2025-09-30,rut,UTL
2025-09-30,sp600,UTL
2025-12-31,rut,UTL
2025-12-31,sp600,UTL
2026-03-31,rut,UTL
2026-03-31,sp600,UTL
2026-06-30,rut,UTL
2026-06-30,sp600,UTL
2026-09-30,rut,UTL
2026-09-30,sp600,UTL
2019-12-31,rut,BANF
2020-03-31,rut,BANF
2020-06-30,rut,BANF
2020-09-30,rut,BANF
2020-09-30,sp600,BANF
2020-12-31,rut,BANF
2020-12-31,sp600,BANF
2021-03-31,rut,BANF
2021-03-31,sp600,BANF
2021-06-30,rut,BANF
2021-06-30,sp600,BANF
2021-09-30,rut,BANF
2021-09-30,sp600,BANF
2021-12-31,rut,BANF
2021-12-31,sp600,BANF
2022-03-31,rut,BANF
2022-03-31,sp600,BANF
2022-06-30,rut,BANF
2022-06-30,sp600,BANF
2022-09-30,rut,BANF
2022-09-30,sp600,BANF
2022-12-31,rut,BANF
2022-12-31,sp600,BANF
2023-03-31,rut,BANF
2023-03-31,sp600,BANF
2023-06-30,rut,BANF
2023-06-30,sp600,BANF
2023-09-30,rut,BANF
2023-09-30,sp600,BANF
2023-12-31,rut,BANF
2023-12-31,sp600,BANF
2024-03-31,rut,BANF
2024-03-31,sp600,BANF
2024-06-30,rut,BANF
2024-06-30,sp600,BANF
2024-09-30,rut,BANF
2024-09-30,sp600,BANF
2024-12-31,rut,BANF
2024-12-31,sp600,BANF
2025-03-31,rut,BANF
2025-03-31,sp600,BANF
2025-06-30,rut,BANF
2025-06-30,sp600,BANF
2025-09-30,rut,BANF
2025-09-30,sp600,BANF
2025-12-31,rut,BANF
2025-12-31,sp600,BANF
2026-03-31,rut,BANF
2026-03-31,sp600,BANF
2026-06-30,rut,BANF
2026-06-30,sp600,BANF
2026-09-30,rut,BANF
2026-09-30,sp600,BANF
2019-12-31,rut,LCII
2019-12-31,sp600,LCII
2020-03-31,rut,LCII
2020-03-31,sp600,LCII
2020-06-30,rut,LCII
2020-06-30,sp600,LCII
2020-09-30,rut,LCII
2020-09-30,sp600,LCII
2020-12-31,rut,LCII
2020-12-31,sp600,LCII
2021-03-31,rut,LCII
2021-03-31,sp600,LCII
2021-06-30,rut,LCII
2021-06-30,sp600,LCII
2021-09-30,rut,LCII
2021-09-30,sp600,LCII
2021-12-31,rut,LCII
2021-12-31,sp600,LCII
2022-03-31,rut,LCII
2022-03-31,sp600,LCII
2022-06-30,rut,LCII
2022-06-30,sp600,LCII
2022-09-30,rut,LCII
2022-09-30,sp600,LCII
2022-12-31,rut,LCII
2022-12-31,sp600,LCII
2023-03-31,rut,LCII
2023-03-31,sp600,LCII
2023-06-30,rut,LCII
2023-06-30,sp600,LCII
2023-09-30,rut,LCII
2023-09-30,sp600,LCII
2023-12-31,rut,LCII
2023-12-31,sp600,LCII
2024-03-31,rut,LCII
2024-03-31,sp600,LCII
2024-06-30,rut,LCII
2024-06-30,sp600,LCII
2024-09-30,rut,LCII
2024-09-30,sp600,LCII
2024-12-31,rut,LCII
2024-12-31,sp600,LCII
2025-03-31,rut,LCII
2025-03-31,sp600,LCII
2025-06-30,rut,LCII
2025-06-30,sp600,LCII
2025-09-30,rut,LCII
2025-09-30,sp600,LCII
2025-12-31,rut,LCII
2025-12-31,sp600,LCII
2026-03-31,rut,LCII
2026-03-31,sp600,LCII
2026-06-30,rut,LCII
2026-06-30,sp600,LCII
2026-09-30,rut,LCII
2026-09-30,sp600,LCII
2025-09-30,sp400,SSB
2025-12-31,sp400,SSB
2026-03-31,sp400,SSB
2026-06-30,sp400,SSB
2026-09-30,sp400,SSB
2019-12-31,rut,CLF
2019-12-31,sp600,CLF
2020-03-31,rut,CLF
2020-03-31,sp600,CLF
2020-06-30,rut,CLF
2020-06-30,sp600,CLF
2020-09-30,rut,CLF
2020-09-30,sp600,CLF
2020-12-31,rut,CLF
2020-12-31,sp600,CLF
2021-03-31,rut,CLF
2021-03-31,sp400,CLF
2021-06-30,sp400,CLF
2021-09-30,sp400,CLF
2021-12-31,sp400,CLF
2022-03-31,sp400,CLF
2022-06-30,sp400,CLF
2022-09-30,sp400,CLF
2022-12-31,sp400,CLF
2023-03-31,sp400,CLF
2023-06-30,sp400,CLF
2023-09-30,sp400,CLF
2023-12-31,sp400,CLF
2024-03-31,sp400,CLF
2024-06-30,sp400,CLF
2024-09-30,sp400,CLF
2024-12-31,sp400,CLF
2025-03-31,sp400,CLF
2025-06-30,sp400,CLF
2025-09-30,sp400,CLF
2025-12-31,sp400,CLF
2026-03-31,sp400,CLF
2026-06-30,sp400,CLF
2026-09-30,sp400,CLF
2023-12-31,sp600,ALK
2024-03-31,sp600,ALK
2024-06-30,sp600,ALK
2024-09-30,sp600,ALK
2024-12-31,sp600,ALK
2025-03-31,sp400,ALK
2025-06-30,sp400,ALK
2025-09-30,sp400,ALK
2025-12-31,sp400,ALK
2026-03-31,sp400,ALK
2026-06-30,sp400,ALK
2026-09-30,sp400,ALK
2019-12-31,rut,HTO
2020-03-31,rut,HTO
2020-06-30,rut,HTO
2020-09-30,rut,HTO
2020-12-31,rut,HTO
2021-03-31,rut,HTO
2021-06-30,rut,HTO
2021-09-30,rut,HTO
2021-12-31,rut,HTO
2022-03-31,rut,HTO
2022-06-30,rut,HTO
2022-09-30,rut,HTO
2022-12-31,rut,HTO
2022-12-31,sp600,HTO
2023-03-31,rut,HTO
2023-03-31,sp600,HTO
2023-06-30,rut,HTO
2023-06-30,sp600,HTO
2023-09-30,rut,HTO
2023-09-30,sp600,HTO
2023-12-31,rut,HTO
2023-12-31,sp600,HTO
2024-03-31,rut,HTO
2024-03-31,sp600,HTO
2024-06-30,rut,HTO
2024-06-30,sp600,HTO
2024-09-30,rut,HTO
2024-09-30,sp600,HTO
2024-12-31,rut,HTO
2024-12-31,sp600,HTO
2025-03-31,rut,HTO
2025-03-31,sp600,HTO
2025-06-30,rut,HTO
2025-06-30,sp600,HTO
2025-09-30,rut,HTO
2025-09-30,sp600,HTO
2025-12-31,rut,HTO
2025-12-31,sp600,HTO
2026-03-31,rut,HTO
2026-03-31,sp600,HTO
2026-06-30,rut,HTO
2026-06-30,sp600,HTO
2026-09-30,rut,HTO
2026-09-30,sp600,HTO
2019-12-31,rut,TBI
2019-12-31,sp600,TBI
2020-03-31,rut,TBI
2020-03-31,sp600,TBI
2020-06-30,rut,TBI
2020-06-30,sp600,TBI
2020-09-30,rut,TBI
2020-09-30,sp600,TBI
2020-12-31,rut,TBI
2020-12-31,sp600,TBI
2021-03-31,rut,TBI
2021-03-31,sp600,TBI
2021-06-30,rut,TBI
2021-06-30,sp600,TBI
2021-09-30,rut,TBI
2021-09-30,sp600,TBI
2021-12-31,rut,TBI
2021-12-31,sp600,TBI
2022-03-31,rut,TBI
2022-03-31,sp600,TBI
2022-06-30,rut,TBI
2022-06-30,sp600,TBI
2022-09-30,rut,TBI
2022-09-30,sp600,TBI
2022-12-31,rut,TBI
2022-12-31,sp600,TBI
2023-03-31,rut,TBI
2023-03-31,sp600,TBI
2023-06-30,rut,TBI
2023-06-30,sp600,TBI
2023-09-30,rut,TBI
2023-09-30,sp600,TBI
2023-12-31,rut,TBI
2023-12-31,sp600,TBI
2024-03-31,rut,TBI
2024-06-30,rut,TBI
2024-09-30,rut,TBI
2024-12-31,rut,TBI
2025-03-31,rut,TBI
2025-06-30,rut,TBI
2025-09-30,rut,TBI
2025-12-31,rut,TBI
2026-03-31,rut,TBI
2026-06-30,rut,TBI
2026-09-30,rut,TBI
2020-06-30,sp400,MIDD
2020-09-30,sp400,MIDD
2020-12-31,sp400,MIDD
2021-03-31,sp400,MIDD
2021-06-30,sp400,MIDD
2021-09-30,sp400,MIDD
2021-12-31,sp400,MIDD
2022-03-31,sp400,MIDD
2022-06-30,sp400,MIDD
2022-09-30,sp400,MIDD
2022-12-31,sp400,MIDD
2023-03-31,sp400,MIDD
2023-06-30,sp400,MIDD
2023-09-30,sp400,MIDD
2023-12-31,sp400,MIDD
2024-03-31,sp400,MIDD
2024-06-30,sp400,MIDD
2024-09-30,sp400,MIDD
2024-12-31,sp400,MIDD
2025-03-31,sp400,MIDD
2025-06-30,sp400,MIDD
2025-09-30,sp400,MIDD
2025-12-31,sp400,MIDD
2026-03-31,sp400,MIDD
2026-06-30,sp400,MIDD
2026-09-30,sp400,MIDD
2019-12-31,rut,ABM
2019-12-31,sp600,ABM
2020-03-31,rut,ABM
2020-03-31,sp600,ABM
2020-06-30,rut,ABM
2020-06-30,sp600,ABM
2020-09-30,rut,ABM
2020-09-30,sp600,ABM
2020-12-31,rut,ABM
2020-12-31,sp600,ABM
2021-03-31,rut,ABM
2021-03-31,sp600,ABM
2021-06-30,rut,ABM
2021-06-30,sp600,ABM
2021-09-30,rut,ABM
2021-09-30,sp600,ABM
2021-12-31,rut,ABM
2021-12-31,sp600,ABM
2022-03-31,rut,ABM
2022-03-31,sp600,ABM
2022-06-30,rut,ABM
2022-06-30,sp600,ABM
2022-09-30,rut,ABM
2022-09-30,sp600,ABM
2022-12-31,rut,ABM
2022-12-31,sp600,ABM
2023-03-31,rut,ABM
2023-03-31,sp600,ABM
2023-06-30,rut,ABM
2023-06-30,sp600,ABM
2023-09-30,rut,ABM
2023-09-30,sp600,ABM
2023-12-31,rut,ABM
2023-12-31,sp600,ABM
2024-03-31,rut,ABM
2024-03-31,sp600,ABM
2024-06-30,rut,ABM
2024-06-30,sp600,ABM
2024-09-30,rut,ABM
2024-09-30,sp600,ABM
2024-12-31,rut,ABM
2024-12-31,sp600,ABM
2025-03-31,rut,ABM
2025-03-31,sp600,ABM
2025-06-30,rut,ABM
2025-06-30,sp600,ABM
2025-09-30,rut,ABM
2025-09-30,sp600,ABM
2025-12-31,rut,ABM
2025-12-31,sp600,ABM
2026-03-31,rut,ABM
2026-03-31,sp600,ABM
2026-06-30,rut,ABM
2026-06-30,sp600,ABM
2026-09-30,rut,ABM
2026-09-30,sp600,ABM
2019-12-31,rut,CRUS
2019-12-31,sp400,CRUS
2020-03-31,rut,CRUS
2020-03-31,sp400,CRUS
2020-06-30,sp400,CRUS
2020-09-30,sp400,CRUS
2020-12-31,sp400,CRUS
2021-03-31,sp400,CRUS
2021-06-30,sp400,CRUS
2021-09-30,sp400,CRUS
2021-12-31,sp400,CRUS
2022-03-31,sp400,CRUS
2022-06-30,sp400,CRUS
2022-09-30,sp400,CRUS
2022-12-31,sp400,CRUS
2023-03-31,sp400,CRUS
2023-06-30,sp400,CRUS
2023-09-30,sp400,CRUS
2023-12-31,sp400,CRUS
2024-03-31,sp400,CRUS
2024-06-30,sp400,CRUS
2024-09-30,sp400,CRUS
2024-12-31,sp400,CRUS
2025-03-31,sp400,CRUS
2025-06-30,sp400,CRUS
2025-09-30,sp400,CRUS
2025-12-31,sp400,CRUS
2026-03-31,sp400,CRUS
2026-06-30,sp400,CRUS
2026-09-30,sp400,CRUS
2019-12-31,sp400,OSK
2020-03-31,sp400,OSK
2020-06-30,sp400,OSK
2020-09-30,sp400,OSK
2020-12-31,sp400,OSK
2021-03-31,sp400,OSK
2021-06-30,sp400,OSK
2021-09-30,sp400,OSK
2021-12-31,sp400,OSK
2022-03-31,sp400,OSK
2022-06-30,sp400,OSK
2022-09-30,sp400,OSK
2022-12-31,sp400,OSK
2023-03-31,sp400,OSK
2023-06-30,sp400,OSK
2023-09-30,sp400,OSK
2023-12-31,sp400,OSK
2024-03-31,sp400,OSK
2024-06-30,sp400,OSK
2024-09-30,sp400,OSK
2024-12-31,sp400,OSK
2025-03-31,sp400,OSK
2025-06-30,sp400,OSK
2025-09-30,sp400,OSK
2025-12-31,sp400,OSK
2026-03-31,sp400,OSK
2026-06-30,sp400,OSK
2026-09-30,sp400,OSK
2019-12-31,rut,HBT
2020-03-31,rut,HBT
2020-06-30,rut,HBT
2020-09-30,rut,HBT
2020-12-31,rut,HBT
2021-03-31,rut,HBT
2021-06-30,rut,HBT
2021-09-30,rut,HBT
2021-12-31,rut,HBT
2022-03-31,rut,HBT
2022-06-30,rut,HBT
2022-09-30,rut,HBT
2022-12-31,rut,HBT
2023-03-31,rut,HBT
2023-06-30,rut,HBT
2023-09-30,rut,HBT
2023-12-31,rut,HBT
2024-03-31,rut,HBT
2024-06-30,rut,HBT
2024-09-30,rut,HBT
2024-12-31,rut,HBT
2025-03-31,rut,HBT
2025-06-30,rut,HBT
2025-09-30,rut,HBT
2025-12-31,rut,HBT
2026-03-31,rut,HBT
2026-06-30,rut,HBT
2026-09-30,rut,HBT
2026-09-30,rut,INDB
2026-09-30,sp600,INDB
2019-12-31,rut,ITRI
2019-12-31,sp600,ITRI
2020-03-31,rut,ITRI
2020-03-31,sp600,ITRI
2020-06-30,rut,ITRI
2020-06-30,sp600,ITRI
2020-09-30,rut,ITRI
2020-09-30,sp600,ITRI
2020-12-31,rut,ITRI
2020-12-31,sp600,ITRI
2021-03-31,rut,ITRI
2021-03-31,sp600,ITRI
2021-06-30,rut,ITRI
2021-06-30,sp600,ITRI
2021-09-30,rut,ITRI
2021-09-30,sp600,ITRI
2021-12-31,rut,ITRI
2021-12-31,sp600,ITRI
2022-03-31,rut,ITRI
2022-03-31,sp600,ITRI
2022-06-30,rut,ITRI
2022-06-30,sp600,ITRI
2022-09-30,rut,ITRI
2022-09-30,sp600,ITRI
2022-12-31,rut,ITRI
2022-12-31,sp600,ITRI
2023-03-31,rut,ITRI
2023-03-31,sp600,ITRI
2023-06-30,rut,ITRI
2023-06-30,sp600,ITRI
2023-09-30,rut,ITRI
2023-09-30,sp600,ITRI
2023-12-31,rut,ITRI
2023-12-31,sp600,ITRI
2024-03-31,rut,ITRI
2024-03-31,sp600,ITRI
2024-06-30,rut,ITRI
2024-06-30,sp600,ITRI
2024-09-30,rut,ITRI
2024-09-30,sp600,ITRI
2024-12-31,rut,ITRI
2024-12-31,sp600,ITRI
2025-03-31,rut,ITRI
2025-03-31,sp600,ITRI
2025-06-30,rut,ITRI
2025-06-30,sp600,ITRI
2025-09-30,rut,ITRI
2025-09-30,sp600,ITRI
2025-12-31,rut,ITRI
2025-12-31,sp600,ITRI
2026-03-31,rut,ITRI
2026-03-31,sp600,ITRI
2026-06-30,rut,ITRI
2026-06-30,sp600,ITRI
2026-09-30,rut,ITRI
2026-09-30,sp600,ITRI
2019-12-31,rut,AORT
2019-12-31,sp600,AORT
2020-03-31,rut,AORT
2020-03-31,sp600,AORT
2020-06-30,rut,AORT
2020-06-30,sp600,AORT
2020-09-30,rut,AORT
2020-09-30,sp600,AORT
2020-12-31,rut,AORT
2020-12-31,sp600,AORT
2021-03-31,rut,AORT
2021-03-31,sp600,AORT
2021-06-30,rut,AORT
2021-06-30,sp600,AORT
2021-09-30,rut,AORT
2021-09-30,sp600,AORT
2021-12-31,rut,AORT
2021-12-31,sp600,AORT
2022-03-31,rut,AORT
2022-03-31,sp600,AORT
2022-06-30,rut,AORT
2022-06-30,sp600,AORT
2022-09-30,rut,AORT
2022-09-30,sp600,AORT
2022-12-31,rut,AORT
2022-12-31,sp600,AORT
2023-03-31,rut,AORT
2023-03-31,sp600,AORT
2023-06-30,rut,AORT
2023-06-30,sp600,AORT
2023-09-30,rut,AORT
2023-09-30,sp600,AORT
2023-12-31,rut,AORT
2023-12-31,sp600,AORT
2024-03-31,rut,AORT
2024-03-31,sp600,AORT
2024-06-30,rut,AORT
2024-06-30,sp600,AORT
2024-09-30,rut,AORT
2024-09-30,sp600,AORT
2024-12-31,rut,AORT
2024-12-31,sp600,AORT
2025-03-31,rut,AORT
2025-03-31,sp600,AORT
2025-06-30,rut,AORT
2025-06-30,sp600,AORT
2025-09-30,rut,AORT
2025-09-30,sp600,AORT
2025-12-31,rut,AORT
2025-12-31,sp600,AORT
2026-03-31,rut,AORT
2026-03-31,sp600,AORT
2026-06-30,rut,AORT
2026-06-30,sp600,AORT
2026-09-30,rut,AORT
2026-09-30,sp600,AORT
2019-12-31,rut,POR
2020-03-31,rut,POR
2020-06-30,rut,POR
2020-09-30,rut,POR
2020-12-31,rut,POR
2021-03-31,rut,POR
2021-06-30,rut,POR
2021-09-30,rut,POR
2021-12-31,rut,POR
2022-03-31,rut,POR
2022-06-30,rut,POR
2022-06-30,sp400,POR
2022-09-30,rut,POR
2022-09-30,sp400,POR
2022-12-31,rut,POR
2022-12-31,sp400,POR
2023-03-31,rut,POR
2023-03-31,sp400,POR
2023-06-30,rut,POR
2023-06-30,sp400,POR
2023-09-30,rut,POR
2023-09-30,sp400,POR
2023-12-31,rut,POR
2023-12-31,sp400,POR
2024-03-31,rut,POR
2024-03-31,sp400,POR
2024-06-30,rut,POR
2024-06-30,sp400,POR
2024-09-30,rut,POR
2024-09-30,sp400,POR
2024-12-31,rut,POR
2024-12-31,sp400,POR
2025-03-31,rut,POR
2025-03-31,sp400,POR
2025-06-30,rut,POR
2025-06-30,sp400,POR
2025-09-30,rut,POR
2025-09-30,sp400,POR
2025-12-31,rut,POR
2025-12-31,sp400,POR
2026-03-31,rut,POR
2026-03-31,sp400,POR
2026-06-30,rut,POR
2026-06-30,sp400,POR
2026-09-30,rut,POR
2026-09-30,sp400,POR
2019-12-31,sp400,EHC
2020-03-31,sp400,EHC
2020-06-30,sp400,EHC
2020-09-30,sp400,EHC
2020-12-31,sp400,EHC
2021-03-31,sp400,EHC
2021-06-30,sp400,EHC
2021-09-30,sp400,EHC
2021-12-31,sp400,EHC
2022-03-31,sp400,EHC
2022-06-30,sp400,EHC
2022-09-30,sp400,EHC
2022-12-31,sp400,EHC
2023-03-31,sp400,EHC
2023-06-30,sp400,EHC
2023-09-30,sp400,EHC
2023-12-31,sp400,EHC
2024-03-31,sp400,EHC
2024-06-30,sp400,EHC
2024-09-30,sp400,EHC
2024-12-31,sp400,EHC
2025-03-31,sp400,EHC
2025-06-30,sp400,EHC
2025-09-30,sp400,EHC
2025-12-31,sp400,EHC
2026-03-31,sp400,EHC
2026-06-30,sp400,EHC
2026-09-30,sp400,EHC
2019-12-31,rut,PLXS
2019-12-31,sp600,PLXS
2020-03-31,rut,PLXS
2020-03-31,sp600,PLXS
2020-06-30,rut,PLXS
2020-06-30,sp600,PLXS
2020-09-30,rut,PLXS
2020-09-30,sp600,PLXS
2020-12-31,rut,PLXS
2020-12-31,sp600,PLXS
2021-03-31,rut,PLXS
2021-03-31,sp600,PLXS
2021-06-30,rut,PLXS
2021-06-30,sp600,PLXS
2021-09-30,rut,PLXS
2021-09-30,sp600,PLXS
2021-12-31,rut,PLXS
2021-12-31,sp600,PLXS
2022-03-31,rut,PLXS
2022-03-31,sp600,PLXS
2022-06-30,rut,PLXS
2022-06-30,sp600,PLXS
2022-09-30,rut,PLXS
2022-09-30,sp600,PLXS
2022-12-31,rut,PLXS
2022-12-31,sp600,PLXS
2023-03-31,rut,PLXS
2023-03-31,sp600,PLXS
2023-06-30,rut,PLXS
2023-06-30,sp600,PLXS
2023-09-30,rut,PLXS
2023-09-30,sp600,PLXS
2023-12-31,rut,PLXS
2023-12-31,sp600,PLXS
2024-03-31,rut,PLXS
2024-03-31,sp600,PLXS
2024-06-30,rut,PLXS
2024-06-30,sp600,PLXS
2024-09-30,rut,PLXS
2024-09-30,sp600,PLXS
2024-12-31,rut,PLXS
2024-12-31,sp600,PLXS
2025-03-31,rut,PLXS
2025-03-31,sp600,PLXS
2025-06-30,rut,PLXS
2025-06-30,sp600,PLXS
2025-09-30,rut,PLXS
2025-09-30,sp600,PLXS
2025-12-31,rut,PLXS
2025-12-31,sp600,PLXS
2026-03-31,rut,PLXS
2026-03-31,sp600,PLXS
2026-06-30,rut,PLXS
2026-06-30,sp600,PLXS
2026-09-30,rut,PLXS
2026-09-30,sp600,PLXS
2026-09-30,rut,JJSF
2026-09-30,sp600,JJSF
2019-12-31,rut,WKC
2019-12-31,sp400,WKC
2020-03-31,rut,WKC
2020-03-31,sp400,WKC
2020-06-30,rut,WKC
2020-06-30,sp400,WKC
2020-09-30,rut,WKC
2020-09-30,sp400,WKC
2020-12-31,rut,WKC
2020-12-31,sp400,WKC
2021-03-31,rut,WKC
2021-03-31,sp400,WKC
2021-06-30,rut,WKC
2021-06-30,sp400,WKC
2021-09-30,rut,WKC
2021-09-30,sp600,WKC
2021-12-31,rut,WKC
2021-12-31,sp600,WKC
2022-03-31,rut,WKC
2022-03-31,sp600,WKC
2022-06-30,rut,WKC
2022-06-30,sp600,WKC
2022-09-30,rut,WKC
2022-09-30,sp600,WKC
2022-12-31,rut,WKC
2022-12-31,sp600,WKC
2023-03-31,rut,WKC
2023-03-31,sp600,WKC
2023-06-30,rut,WKC
2023-06-30,sp600,WKC
2023-09-30,rut,WKC
2023-09-30,sp600,WKC
2023-12-31,rut,WKC
2023-12-31,sp600,WKC
2024-03-31,rut,WKC
2024-03-31,sp600,WKC
2024-06-30,rut,WKC
2024-06-30,sp600,WKC
2024-09-30,rut,WKC
2024-09-30,sp600,WKC
2024-12-31,rut,WKC
2024-12-31,sp600,WKC
2025-03-31,rut,WKC
2025-03-31,sp600,WKC
2025-06-30,rut,WKC
2025-06-30,sp600,WKC
2025-09-30,rut,WKC
2025-09-30,sp600,WKC
2025-12-31,rut,WKC
2025-12-31,sp600,WKC
2026-03-31,rut,WKC
2026-03-31,sp600,WKC
2026-06-30,rut,WKC
2026-06-30,sp600,WKC
2026-09-30,rut,WKC
2026-09-30,sp600,WKC
2019-12-31,sp400,CSL
2020-03-31,sp400,CSL
2020-06-30,sp400,CSL
2020-09-30,sp400,CSL
2020-12-31,sp400,CSL
2021-03-31,sp400,CSL
2021-06-30,sp400,CSL
2021-09-30,sp400,CSL
2021-12-31,sp400,CSL
2022-03-31,sp400,CSL
2022-06-30,sp400,CSL
2022-09-30,sp400,CSL
2022-12-31,sp400,CSL
2023-03-31,sp400,CSL
2023-06-30,sp400,CSL
2023-09-30,sp400,CSL
2023-12-31,sp400,CSL
2024-03-31,sp400,CSL
2024-06-30,sp400,CSL
2024-09-30,sp400,CSL
2024-12-31,sp400,CSL
2025-03-31,sp400,CSL
2025-06-30,sp400,CSL
2025-09-30,sp400,CSL
2025-12-31,sp400,CSL
2026-03-31,sp400,CSL
2026-06-30,sp400,CSL
2026-09-30,sp400,CSL
2019-12-31,rut,NBTB
2019-12-31,sp600,NBTB
2020-03-31,rut,NBTB
2020-03-31,sp600,NBTB
2020-06-30,rut,NBTB
2020-06-30,sp600,NBTB
2020-09-30,rut,NBTB
2020-09-30,sp600,NBTB
2020-12-31,rut,NBTB
2020-12-31,sp600,NBTB
2021-03-31,rut,NBTB
2021-03-31,sp600,NBTB
2021-06-30,rut,NBTB
2021-06-30,sp600,NBTB
2021-09-30,rut,NBTB
2021-09-30,sp600,NBTB
2021-12-31,rut,NBTB
2021-12-31,sp600,NBTB
2022-03-31,rut,NBTB
2022-03-31,sp600,NBTB
2022-06-30,rut,NBTB
2022-06-30,sp600,NBTB
2022-09-30,rut,NBTB
2022-09-30,sp600,NBTB
2022-12-31,rut,NBTB
2022-12-31,sp600,NBTB
2023-03-31,rut,NBTB
2023-03-31,sp600,NBTB
2023-06-30,rut,NBTB
2023-06-30,sp600,NBTB
2023-09-30,rut,NBTB
2023-09-30,sp600,NBTB
2023-12-31,rut,NBTB
2023-12-31,sp600,NBTB
2024-03-31,rut,NBTB
2024-03-31,sp600,NBTB
2024-06-30,rut,NBTB
2024-06-30,sp600,NBTB
2024-09-30,rut,NBTB
2024-09-30,sp600,NBTB
2024-12-31,rut,NBTB
2024-12-31,sp600,NBTB
2025-03-31,rut,NBTB
2025-03-31,sp600,NBTB
2025-06-30,rut,NBTB
2025-06-30,sp600,NBTB
2025-09-30,rut,NBTB
2025-09-30,sp600,NBTB
2025-12-31,rut,NBTB
2025-12-31,sp600,NBTB
2026-03-31,rut,NBTB
2026-03-31,sp600,NBTB
2026-06-30,rut,NBTB
2026-06-30,sp600,NBTB
2026-09-30,rut,NBTB
2026-09-30,sp600,NBTB
2019-12-31,rut,RDNT
2019-12-31,sp600,RDNT
2020-03-31,rut,RDNT
2020-03-31,sp600,RDNT
2020-06-30,rut,RDNT
2020-06-30,sp600,RDNT
2020-09-30,rut,RDNT
2020-09-30,sp600,RDNT
2020-12-31,rut,RDNT
2020-12-31,sp600,RDNT
2021-03-31,rut,RDNT
2021-03-31,sp600,RDNT
2021-06-30,rut,RDNT
2021-06-30,sp600,RDNT
2021-09-30,rut,RDNT
2021-09-30,sp600,RDNT
2021-12-31,rut,RDNT
2021-12-31,sp600,RDNT
2022-03-31,rut,RDNT
2022-03-31,sp600,RDNT
2022-06-30,rut,RDNT
2022-06-30,sp600,RDNT
2022-09-30,rut,RDNT
2022-09-30,sp600,RDNT
2022-12-31,rut,RDNT
2022-12-31,sp600,RDNT
2023-03-31,rut,RDNT
2023-03-31,sp600,RDNT
2023-06-30,rut,RDNT
2023-06-30,sp600,RDNT
2023-09-30,rut,RDNT
2023-09-30,sp600,RDNT
2023-12-31,rut,RDNT
2023-12-31,sp600,RDNT
2024-03-31,rut,RDNT
2024-03-31,sp600,RDNT
2024-06-30,rut,RDNT
2024-06-30,sp600,RDNT
2024-09-30,rut,RDNT
2024-09-30,sp600,RDNT
2024-12-31,rut,RDNT
2024-12-31,sp600,RDNT
2025-03-31,rut,RDNT
2025-03-31,sp600,RDNT
2025-06-30,rut,RDNT
2025-06-30,sp600,RDNT
2025-09-30,rut,RDNT
2025-09-30,sp600,RDNT
2025-12-31,rut,RDNT
2025-12-31,sp600,RDNT
2026-03-31,rut,RDNT
2026-03-31,sp600,RDNT
2026-06-30,rut,RDNT
2026-06-30,sp600,RDNT
2026-09-30,rut,RDNT
2026-09-30,sp600,RDNT
2019-12-31,rut,OPY
2020-03-31,rut,OPY
2020-06-30,rut,OPY
2020-09-30,rut,OPY
2020-12-31,rut,OPY
2021-03-31,rut,OPY
2021-06-30,rut,OPY
2021-09-30,rut,OPY
2021-12-31,rut,OPY
2022-03-31,rut,OPY
2022-06-30,rut,OPY
2022-09-30,rut,OPY
2022-12-31,rut,OPY
2023-03-31,rut,OPY
2019-12-31,rut,ASTE
2019-12-31,sp600,ASTE
2020-03-31,rut,ASTE
2020-03-31,sp600,ASTE
2020-06-30,rut,ASTE
2020-06-30,sp600,ASTE
2020-09-30,rut,ASTE
2020-09-30,sp600,ASTE
2020-12-31,rut,ASTE
2020-12-31,sp600,ASTE
2021-03-31,rut,ASTE
2021-03-31,sp600,ASTE
2021-06-30,rut,ASTE
2021-06-30,sp600,ASTE
2021-09-30,rut,ASTE
2021-09-30,sp600,ASTE
2021-12-31,rut,ASTE
2021-12-31,sp600,ASTE
2022-03-31,rut,ASTE
2022-03-31,sp600,ASTE
2022-06-30,rut,ASTE
2022-06-30,sp600,ASTE
2022-09-30,rut,ASTE
2022-09-30,sp600,ASTE
2022-12-31,rut,ASTE
2022-12-31,sp600,ASTE
2023-03-31,rut,ASTE
2023-03-31,sp600,ASTE
2023-06-30,rut,ASTE
2023-06-30,sp600,ASTE
2023-09-30,rut,ASTE
2023-09-30,sp600,ASTE
2023-12-31,rut,ASTE
2023-12-31,sp600,ASTE
2024-03-31,rut,ASTE
2024-03-31,sp600,ASTE
2024-06-30,rut,ASTE
2024-06-30,sp600,ASTE
2024-09-30,rut,ASTE
2024-09-30,sp600,ASTE
2024-12-31,rut,ASTE
2024-12-31,sp600,ASTE
2025-03-31,rut,ASTE
2025-03-31,sp600,ASTE
2025-06-30,rut,ASTE
2025-06-30,sp600,ASTE
2025-09-30,rut,ASTE
2025-09-30,sp600,ASTE
2025-12-31,rut,ASTE
2025-12-31,sp600,ASTE
2026-03-31,rut,ASTE
2026-03-31,sp600,ASTE
2026-06-30,rut,ASTE
2026-06-30,sp600,ASTE
2026-09-30,rut,ASTE
2026-09-30,sp600,ASTE
2019-12-31,rut,WERN
2019-12-31,sp400,WERN
2020-03-31,rut,WERN
2020-03-31,sp400,WERN
2020-06-30,rut,WERN
2020-06-30,sp400,WERN
2020-09-30,rut,WERN
2020-09-30,sp400,WERN
2020-12-31,rut,WERN
2020-12-31,sp400,WERN
2021-03-31,rut,WERN
2021-03-31,sp400,WERN
2021-06-30,rut,WERN
2021-06-30,sp400,WERN
2021-09-30,rut,WERN
2021-09-30,sp400,WERN
2021-12-31,rut,WERN
2021-12-31,sp400,WERN
2022-03-31,rut,WERN
2022-03-31,sp400,WERN
2022-06-30,rut,WERN
2022-06-30,sp400,WERN
2022-09-30,rut,WERN
2022-09-30,sp400,WERN
2022-12-31,rut,WERN
2022-12-31,sp400,WERN
2023-03-31,rut,WERN
2023-03-31,sp400,WERN
2023-06-30,rut,WERN
2023-06-30,sp400,WERN
2023-09-30,rut,WERN
2023-09-30,sp400,WERN
2023-12-31,rut,WERN
2023-12-31,sp400,WERN
2024-03-31,rut,WERN
2024-03-31,sp400,WERN
2024-06-30,rut,WERN
2024-06-30,sp600,WERN
2024-09-30,rut,WERN
2024-09-30,sp600,WERN
2024-12-31,rut,WERN
2024-12-31,sp600,WERN
2025-03-31,rut,WERN
2025-03-31,sp600,WERN
2025-06-30,rut,WERN
2025-06-30,sp600,WERN
2025-09-30,rut,WERN
2025-09-30,sp600,WERN
2025-12-31,rut,WERN
2025-12-31,sp600,WERN
2026-03-31,rut,WERN
2026-03-31,sp600,WERN
2026-06-30,rut,WERN
2026-06-30,sp600,WERN
2026-09-30,rut,WERN
2026-09-30,sp600,WERN
2019-12-31,rut,SKYW
2019-12-31,sp600,SKYW
2020-03-31,rut,SKYW
2020-03-31,sp600,SKYW
2020-06-30,rut,SKYW
2020-06-30,sp600,SKYW
2020-09-30,rut,SKYW
2020-09-30,sp600,SKYW
2020-12-31,rut,SKYW
2020-12-31,sp600,SKYW
2021-03-31,rut,SKYW
2021-03-31,sp600,SKYW
2021-06-30,rut,SKYW
2021-06-30,sp600,SKYW
2021-09-30,rut,SKYW
2021-09-30,sp600,SKYW
2021-12-31,rut,SKYW
2021-12-31,sp600,SKYW
2022-03-31,rut,SKYW
2022-03-31,sp600,SKYW
2022-06-30,rut,SKYW
2022-06-30,sp600,SKYW
2022-09-30,rut,SKYW
2022-09-30,sp600,SKYW
2022-12-31,rut,SKYW
2022-12-31,sp600,SKYW
2023-03-31,rut,SKYW
2023-03-31,sp600,SKYW
2023-06-30,rut,SKYW
2023-06-30,sp600,SKYW
2023-09-30,rut,SKYW
2023-09-30,sp600,SKYW
2023-12-31,rut,SKYW
2023-12-31,sp600,SKYW
2024-03-31,rut,SKYW
2024-03-31,sp600,SKYW
2024-06-30,rut,SKYW
2024-06-30,sp600,SKYW
2024-09-30,rut,SKYW
2024-09-30,sp600,SKYW
2024-12-31,rut,SKYW
2024-12-31,sp600,SKYW
2025-03-31,rut,SKYW
2025-03-31,sp600,SKYW
2025-06-30,rut,SKYW
2025-06-30,sp600,SKYW
2025-09-30,rut,SKYW
2025-09-30,sp600,SKYW
2025-12-31,rut,SKYW
2025-12-31,sp600,SKYW
2026-03-31,rut,SKYW
2026-03-31,sp600,SKYW
2026-06-30,rut,SKYW
2026-06-30,sp600,SKYW
2026-09-30,rut,SKYW
2026-09-30,sp600,SKYW
2020-06-30,sp400,HOG
2020-09-30,sp400,HOG
2020-12-31,sp400,HOG
2021-03-31,sp400,HOG
2021-06-30,sp400,HOG
2021-09-30,sp400,HOG
2021-12-31,sp400,HOG
2022-03-31,sp400,HOG
2022-06-30,sp400,HOG
2022-09-30,sp400,HOG
2022-12-31,sp400,HOG
2023-03-31,sp400,HOG
2023-06-30,sp400,HOG
2023-09-30,sp400,HOG
2023-12-31,sp400,HOG
2024-03-31,sp400,HOG
2024-06-30,sp400,HOG
2024-09-30,sp400,HOG
2024-12-31,sp400,HOG
2025-03-31,sp400,HOG
2025-06-30,sp400,HOG
2025-09-30,sp400,HOG
2025-12-31,sp400,HOG
2026-03-31,sp400,HOG
2026-06-30,rut,HOG
2026-06-30,sp400,HOG
2026-09-30,rut,HOG
2026-09-30,sp400,HOG
2019-12-31,sp400,TOL
2020-03-31,sp400,TOL
2020-06-30,sp400,TOL
2020-09-30,sp400,TOL
2020-12-31,sp400,TOL
2021-03-31,sp400,TOL
2021-06-30,sp400,TOL
2021-09-30,sp400,TOL
2021-12-31,sp400,TOL
2022-03-31,sp400,TOL
2022-06-30,sp400,TOL
2022-09-30,sp400,TOL
2022-12-31,sp400,TOL
2023-03-31,sp400,TOL
2023-06-30,sp400,TOL
2023-09-30,sp400,TOL
2023-12-31,sp400,TOL
2024-03-31,sp400,TOL
2024-06-30,sp400,TOL
2024-09-30,sp400,TOL
2024-12-31,sp400,TOL
2025-03-31,sp400,TOL
2025-06-30,sp400,TOL
2025-09-30,sp400,TOL
2025-12-31,sp400,TOL
2026-03-31,sp400,TOL
2026-06-30,sp400,TOL
2026-09-30,sp400,TOL
2020-06-30,rut,M
2020-06-30,sp600,M
2020-09-30,rut,M
2020-09-30,sp600,M
2020-12-31,rut,M
2020-12-31,sp600,M
2021-03-31,rut,M
2021-03-31,sp600,M
2021-06-30,rut,M
2021-06-30,sp600,M
2021-09-30,rut,M
2021-09-30,sp600,M
2021-12-31,rut,M
2021-12-31,sp400,M
2022-03-31,rut,M
2022-03-31,sp400,M
2022-06-30,sp400,M
2022-09-30,sp400,M
2022-12-31,sp400,M
2023-03-31,sp400,M
2023-06-30,sp400,M
2023-09-30,sp400,M
2023-12-31,sp400,M
2024-03-31,sp400,M
2024-06-30,sp400,M
2024-09-30,sp400,M
2024-12-31,sp400,M
2025-03-31,sp400,M
2025-06-30,sp400,M
2025-09-30,sp400,M
2025-12-31,sp400,M
2026-03-31,sp400,M
2026-06-30,sp400,M
2026-09-30,sp400,M
2019-12-31,rut,KBH
2019-12-31,sp400,KBH
2020-03-31,rut,KBH
2020-03-31,sp400,KBH
2020-06-30,rut,KBH
2020-06-30,sp400,KBH
2020-09-30,rut,KBH
2020-09-30,sp400,KBH
2020-12-31,rut,KBH
2020-12-31,sp400,KBH
2021-03-31,rut,KBH
2021-03-31,sp400,KBH
2021-06-30,rut,KBH
2021-06-30,sp400,KBH
2021-09-30,rut,KBH
2021-09-30,sp400,KBH
2021-12-31,rut,KBH
2021-12-31,sp400,KBH
2022-03-31,rut,KBH
2022-03-31,sp400,KBH
2022-06-30,rut,KBH
2022-06-30,sp400,KBH
2022-09-30,rut,KBH
2022-09-30,sp400,KBH
2022-12-31,rut,KBH
2022-12-31,sp400,KBH
2023-03-31,rut,KBH
2023-03-31,sp400,KBH
2023-06-30,rut,KBH
2023-06-30,sp400,KBH
2023-09-30,rut,KBH
2023-09-30,sp400,KBH
2023-12-31,rut,KBH
2023-12-31,sp400,KBH
2024-03-31,rut,KBH
2024-03-31,sp400,KBH
2024-06-30,rut,KBH
2024-06-30,sp400,KBH
2024-09-30,rut,KBH
2024-09-30,sp400,KBH
2024-12-31,rut,KBH
2024-12-31,sp400,KBH
2025-03-31,rut,KBH
2025-03-31,sp400,KBH
2025-06-30,rut,KBH
2025-06-30,sp400,KBH
2025-09-30,rut,KBH
2025-09-30,sp400,KBH
2025-12-31,rut,KBH
2025-12-31,sp400,KBH
2026-03-31,rut,KBH
2026-03-31,sp400,KBH
2026-06-30,rut,KBH
2026-06-30,sp400,KBH
2026-09-30,rut,KBH
2026-09-30,sp400,KBH
2019-12-31,rut,WTS
2019-12-31,sp600,WTS
2020-03-31,rut,WTS
2020-03-31,sp600,WTS
2020-06-30,rut,WTS
2020-06-30,sp600,WTS
2020-09-30,rut,WTS
2020-09-30,sp600,WTS
2020-12-31,rut,WTS
2020-12-31,sp600,WTS
2021-03-31,rut,WTS
2021-03-31,sp600,WTS
2021-06-30,rut,WTS
2021-06-30,sp600,WTS
2021-09-30,rut,WTS
2021-09-30,sp600,WTS
2021-12-31,rut,WTS
2021-12-31,sp600,WTS
2022-03-31,rut,WTS
2022-03-31,sp400,WTS
2022-06-30,rut,WTS
2022-06-30,sp400,WTS
2022-09-30,rut,WTS
2022-09-30,sp400,WTS
2022-12-31,rut,WTS
2022-12-31,sp400,WTS
2023-03-31,rut,WTS
2023-03-31,sp400,WTS
2023-06-30,rut,WTS
2023-06-30,sp400,WTS
2023-09-30,rut,WTS
2023-09-30,sp400,WTS
2023-12-31,rut,WTS
2023-12-31,sp400,WTS
2024-03-31,rut,WTS
2024-03-31,sp400,WTS
2024-06-30,rut,WTS
2024-06-30,sp400,WTS
2024-09-30,rut,WTS
2024-09-30,sp400,WTS
2024-12-31,rut,WTS
2024-12-31,sp400,WTS
2025-03-31,rut,WTS
2025-03-31,sp400,WTS
2025-06-30,rut,WTS
2025-06-30,sp400,WTS
2025-09-30,rut,WTS
2025-09-30,sp400,WTS
2025-12-31,rut,WTS
2025-12-31,sp400,WTS
2026-03-31,rut,WTS
2026-03-31,sp400,WTS
2026-06-30,sp400,WTS
2026-09-30,sp400,WTS
2019-12-31,sp400,VSAT
2020-03-31,sp400,VSAT
2020-06-30,sp400,VSAT
2020-09-30,sp400,VSAT
2020-12-31,sp400,VSAT
2021-03-31,sp400,VSAT
2021-06-30,sp400,VSAT
2021-09-30,sp400,VSAT
2021-12-31,sp400,VSAT
2022-03-31,sp400,VSAT
2022-06-30,sp400,VSAT
2022-09-30,sp400,VSAT
2022-12-31,sp400,VSAT
2023-03-31,sp600,VSAT
2023-06-30,sp600,VSAT
2023-09-30,sp600,VSAT
2023-12-31,sp600,VSAT
2024-03-31,sp600,VSAT
2024-06-30,sp600,VSAT
2024-09-30,rut,VSAT
2024-09-30,sp600,VSAT
2024-12-31,rut,VSAT
2024-12-31,sp600,VSAT
2025-03-31,rut,VSAT
2025-03-31,sp600,VSAT
2025-06-30,rut,VSAT
2025-06-30,sp600,VSAT
2025-09-30,rut,VSAT
2025-09-30,sp600,VSAT
2025-12-31,rut,VSAT
2025-12-31,sp600,VSAT
2026-03-31,rut,VSAT
2026-03-31,sp600,VSAT
2026-06-30,rut,VSAT
2026-06-30,sp600,VSAT
2026-09-30,rut,VSAT
2026-09-30,sp600,VSAT
2020-12-31,rut,CSR
2020-12-31,sp600,CSR
2021-03-31,rut,CSR
2021-03-31,sp600,CSR
2021-06-30,rut,CSR
2021-06-30,sp600,CSR
2021-09-30,rut,CSR
2021-09-30,sp600,CSR
2021-12-31,rut,CSR
2021-12-31,sp600,CSR
2022-03-31,rut,CSR
2022-03-31,sp600,CSR
2022-06-30,rut,CSR
2022-06-30,sp600,CSR
2022-09-30,rut,CSR
2022-09-30,sp600,CSR
2022-12-31,rut,CSR
2022-12-31,sp600,CSR
2023-03-31,rut,CSR
2023-03-31,sp600,CSR
2023-06-30,rut,CSR
2023-06-30,sp600,CSR
2023-09-30,rut,CSR
2023-09-30,sp600,CSR
2023-12-31,rut,CSR
2023-12-31,sp600,CSR
2024-03-31,rut,CSR
2024-03-31,sp600,CSR
2024-06-30,rut,CSR
2024-06-30,sp600,CSR
2024-09-30,rut,CSR
2024-09-30,sp600,CSR
2024-12-31,rut,CSR
2024-12-31,sp600,CSR
2025-03-31,rut,CSR
2025-03-31,sp600,CSR
2025-06-30,rut,CSR
2025-06-30,sp600,CSR
2025-09-30,rut,CSR
2025-09-30,sp600,CSR
2025-12-31,rut,CSR
2025-12-31,sp600,CSR
2026-03-31,rut,CSR
2026-03-31,sp600,CSR
2026-06-30,rut,CSR
2026-06-30,sp600,CSR
2026-09-30,rut,CSR
2026-09-30,sp600,CSR
2019-12-31,rut,MRTN
2019-12-31,sp600,MRTN
2020-03-31,rut,MRTN
2020-03-31,sp600,MRTN
2020-06-30,rut,MRTN
2020-06-30,sp600,MRTN
2020-09-30,rut,MRTN
2020-09-30,sp600,MRTN
2020-12-31,rut,MRTN
2020-12-31,sp600,MRTN
2021-03-31,rut,MRTN
2021-03-31,sp600,MRTN
2021-06-30,rut,MRTN
2021-06-30,sp600,MRTN
2021-09-30,rut,MRTN
2021-09-30,sp600,MRTN
2021-12-31,rut,MRTN
2021-12-31,sp600,MRTN
2022-03-31,rut,MRTN
2022-03-31,sp600,MRTN
2022-06-30,rut,MRTN
2022-06-30,sp600,MRTN
2022-09-30,rut,MRTN
2022-09-30,sp600,MRTN
2022-12-31,rut,MRTN
2022-12-31,sp600,MRTN
2023-03-31,rut,MRTN
2023-03-31,sp600,MRTN
2023-06-30,rut,MRTN
2023-06-30,sp600,MRTN
2023-09-30,rut,MRTN
2023-09-30,sp600,MRTN
2023-12-31,rut,MRTN
2023-12-31,sp600,MRTN
2024-03-31,rut,MRTN
2024-03-31,sp600,MRTN
2024-06-30,rut,MRTN
2024-06-30,sp600,MRTN
2024-09-30,rut,MRTN
2024-09-30,sp600,MRTN
2024-12-31,rut,MRTN
2024-12-31,sp600,MRTN
2025-03-31,rut,MRTN
2025-03-31,sp600,MRTN
2025-06-30,rut,MRTN
2025-06-30,sp600,MRTN
2025-09-30,rut,MRTN
2025-09-30,sp600,MRTN
2025-12-31,rut,MRTN
2025-12-31,sp600,MRTN
2026-03-31,rut,MRTN
2026-03-31,sp600,MRTN
2026-06-30,rut,MRTN
2026-06-30,sp600,MRTN
2026-09-30,rut,MRTN
2026-09-30,sp600,MRTN
2019-12-31,rut,LE
2020-03-31,rut,LE
2020-06-30,rut,LE
2020-09-30,rut,LE
2020-12-31,rut,LE
2021-03-31,rut,LE
2021-06-30,rut,LE
2021-09-30,rut,LE
2021-12-31,rut,LE
2022-03-31,rut,LE
2022-06-30,rut,LE
2022-09-30,rut,LE
2022-12-31,rut,LE
2023-03-31,rut,LE
2023-06-30,rut,LE
2023-09-30,rut,LE
2023-12-31,rut,LE
2024-03-31,rut,LE
2024-06-30,rut,LE
2024-09-30,rut,LE
2024-12-31,rut,LE
2025-03-31,rut,LE
2025-06-30,rut,LE
2025-09-30,rut,LE
2025-12-31,rut,LE
2026-03-31,rut,LE
2026-06-30,rut,LE
2026-09-30,rut,LE
2019-12-31,rut,MHO
2019-12-31,sp600,MHO
2020-03-31,rut,MHO
2020-03-31,sp600,MHO
2020-06-30,rut,MHO
2020-06-30,sp600,MHO
2020-09-30,rut,MHO
2020-09-30,sp600,MHO
2020-12-31,rut,MHO
2020-12-31,sp600,MHO
2021-03-31,rut,MHO
2021-03-31,sp600,MHO
2021-06-30,rut,MHO
2021-06-30,sp600,MHO
2021-09-30,rut,MHO
2021-09-30,sp600,MHO
2021-12-31,rut,MHO
2021-12-31,sp600,MHO
2022-03-31,rut,MHO
2022-03-31,sp600,MHO
2022-06-30,rut,MHO
2022-06-30,sp600,MHO
2022-09-30,rut,MHO
2022-09-30,sp600,MHO
2022-12-31,rut,MHO
2022-12-31,sp600,MHO
2023-03-31,rut,MHO
2023-03-31,sp600,MHO
2023-06-30,rut,MHO
2023-06-30,sp600,MHO
2023-09-30,rut,MHO
2023-09-30,sp600,MHO
2023-12-31,rut,MHO
2023-12-31,sp600,MHO
2024-03-31,rut,MHO
2024-03-31,sp600,MHO
2024-06-30,rut,MHO
2024-06-30,sp600,MHO
2024-09-30,rut,MHO
2024-09-30,sp600,MHO
2024-12-31,rut,MHO
2024-12-31,sp600,MHO
2025-03-31,rut,MHO
2025-03-31,sp600,MHO
2025-06-30,rut,MHO
2025-06-30,sp600,MHO
2025-09-30,rut,MHO
2025-09-30,sp600,MHO
2025-12-31,rut,MHO
2025-12-31,sp600,MHO
2026-03-31,rut,MHO
2026-03-31,sp600,MHO
2026-06-30,rut,MHO
2026-06-30,sp600,MHO
2026-09-30,rut,MHO
2026-09-30,sp600,MHO
2019-12-31,rut,CRMT
2020-03-31,rut,CRMT
2020-03-31,sp600,CRMT
2020-06-30,rut,CRMT
2020-06-30,sp600,CRMT
2020-09-30,rut,CRMT
2020-09-30,sp600,CRMT
2020-12-31,rut,CRMT
2020-12-31,sp600,CRMT
2021-03-31,rut,CRMT
2021-03-31,sp600,CRMT
2021-06-30,rut,CRMT
2021-06-30,sp600,CRMT
2021-09-30,rut,CRMT
2021-09-30,sp600,CRMT
2021-12-31,rut,CRMT
2021-12-31,sp600,CRMT
2022-03-31,rut,CRMT
2022-03-31,sp600,CRMT
2022-06-30,rut,CRMT
2022-06-30,sp600,CRMT
2022-09-30,rut,CRMT
2022-09-30,sp600,CRMT
2022-12-31,rut,CRMT
2022-12-31,sp600,CRMT
2023-03-31,rut,CRMT
2023-03-31,sp600,CRMT
2023-06-30,rut,CRMT
2023-06-30,sp600,CRMT
2023-09-30,rut,CRMT
2023-09-30,sp600,CRMT
2023-12-31,rut,CRMT
2023-12-31,sp600,CRMT
2024-03-31,rut,CRMT
2024-06-30,rut,CRMT
2024-09-30,rut,CRMT
2024-12-31,rut,CRMT
2025-03-31,rut,CRMT
2025-06-30,rut,CRMT
2025-09-30,rut,CRMT
2025-12-31,rut,CRMT
2026-03-31,rut,CRMT
2019-12-31,sp400,CIK801337
2020-03-31,sp400,CIK801337
2020-06-30,sp400,CIK801337
2020-09-30,sp400,CIK801337
2020-12-31,sp400,CIK801337
2021-03-31,sp400,CIK801337
2021-06-30,sp400,CIK801337
2021-09-30,sp400,CIK801337
2021-12-31,sp400,CIK801337
2022-03-31,sp400,CIK801337
2022-06-30,sp400,CIK801337
2022-09-30,sp400,CIK801337
2022-12-31,sp400,CIK801337
2023-03-31,sp400,CIK801337
2023-06-30,sp400,CIK801337
2023-09-30,sp400,CIK801337
2023-12-31,sp400,CIK801337
2024-03-31,sp400,CIK801337
2024-06-30,sp400,CIK801337
2024-09-30,sp400,CIK801337
2024-12-31,sp400,CIK801337
2025-03-31,sp400,CIK801337
2025-06-30,sp400,CIK801337
2025-09-30,sp400,CIK801337
2025-12-31,sp400,CIK801337
2026-03-31,sp400,CIK801337
2026-06-30,sp400,CIK801337
2019-12-31,sp400,PPC
2020-03-31,sp400,PPC
2020-06-30,sp400,PPC
2020-09-30,sp400,PPC
2020-12-31,sp400,PPC
2021-03-31,sp400,PPC
2021-06-30,sp400,PPC
2021-09-30,sp400,PPC
2021-12-31,sp400,PPC
2022-03-31,sp400,PPC
2022-06-30,sp400,PPC
2022-09-30,sp400,PPC
2022-12-31,sp400,PPC
2023-03-31,sp400,PPC
2023-06-30,sp400,PPC
2023-09-30,sp400,PPC
2023-12-31,sp400,PPC
2024-03-31,sp400,PPC
2024-06-30,sp400,PPC
2024-09-30,sp400,PPC
2024-12-31,sp400,PPC
2025-03-31,sp400,PPC
2025-06-30,sp400,PPC
2025-09-30,sp400,PPC
2025-12-31,sp400,PPC
2026-03-31,sp400,PPC
2026-06-30,sp400,PPC
2026-09-30,sp400,PPC
2019-12-31,rut,PRK
2020-03-31,rut,PRK
2020-06-30,rut,PRK
2020-09-30,rut,PRK
2020-09-30,sp600,PRK
2020-12-31,rut,PRK
2020-12-31,sp600,PRK
2021-03-31,rut,PRK
2021-03-31,sp600,PRK
2021-06-30,rut,PRK
2021-06-30,sp600,PRK
2021-09-30,rut,PRK
2021-09-30,sp600,PRK
2021-12-31,rut,PRK
2021-12-31,sp600,PRK
2022-03-31,rut,PRK
2022-03-31,sp600,PRK
2022-06-30,rut,PRK
2022-06-30,sp600,PRK
2022-09-30,rut,PRK
2022-09-30,sp600,PRK
2022-12-31,rut,PRK
2022-12-31,sp600,PRK
2023-03-31,rut,PRK
2023-03-31,sp600,PRK
2023-06-30,rut,PRK
2023-06-30,sp600,PRK
2023-09-30,rut,PRK
2023-09-30,sp600,PRK
2023-12-31,rut,PRK
2023-12-31,sp600,PRK
2024-03-31,rut,PRK
2024-03-31,sp600,PRK
2024-06-30,rut,PRK
2024-06-30,sp600,PRK
2024-09-30,rut,PRK
2024-09-30,sp600,PRK
2024-12-31,rut,PRK
2024-12-31,sp600,PRK
2025-03-31,rut,PRK
2025-03-31,sp600,PRK
2025-06-30,rut,PRK
2025-06-30,sp600,PRK
2025-09-30,rut,PRK
2025-09-30,sp600,PRK
2025-12-31,rut,PRK
2025-12-31,sp600,PRK
2026-03-31,rut,PRK
2026-03-31,sp600,PRK
2026-06-30,rut,PRK
2026-06-30,sp600,PRK
2026-09-30,rut,PRK
2026-09-30,sp600,PRK
2019-12-31,rut,JACK
2019-12-31,sp400,JACK
2020-03-31,rut,JACK
2020-03-31,sp400,JACK
2020-06-30,rut,JACK
2020-06-30,sp400,JACK
2020-09-30,rut,JACK
2020-09-30,sp400,JACK
2020-12-31,rut,JACK
2020-12-31,sp400,JACK
2021-03-31,rut,JACK
2021-03-31,sp400,JACK
2021-06-30,rut,JACK
2021-06-30,sp400,JACK
2021-09-30,rut,JACK
2021-09-30,sp400,JACK
2021-12-31,rut,JACK
2021-12-31,sp400,JACK
2022-03-31,rut,JACK
2022-03-31,sp600,JACK
2022-06-30,rut,JACK
2022-06-30,sp600,JACK
2022-09-30,rut,JACK
2022-09-30,sp600,JACK
2022-12-31,rut,JACK
2022-12-31,sp600,JACK
2023-03-31,rut,JACK
2023-03-31,sp600,JACK
2023-06-30,rut,JACK
2023-06-30,sp600,JACK
2023-09-30,rut,JACK
2023-09-30,sp600,JACK
2023-12-31,rut,JACK
2023-12-31,sp600,JACK
2024-03-31,rut,JACK
2024-03-31,sp600,JACK
2024-06-30,rut,JACK
2024-06-30,sp600,JACK
2024-09-30,rut,JACK
2024-09-30,sp600,JACK
2024-12-31,rut,JACK
2024-12-31,sp600,JACK
2025-03-31,rut,JACK
2025-03-31,sp600,JACK
2025-06-30,rut,JACK
2025-06-30,sp600,JACK
2025-09-30,rut,JACK
2025-12-31,rut,JACK
2026-03-31,rut,JACK
2026-06-30,rut,JACK
2026-09-30,rut,JACK
2019-12-31,rut,PLAB
2019-12-31,sp600,PLAB
2020-03-31,rut,PLAB
2020-03-31,sp600,PLAB
2020-06-30,rut,PLAB
2020-06-30,sp600,PLAB
2020-09-30,rut,PLAB
2020-09-30,sp600,PLAB
2020-12-31,rut,PLAB
2020-12-31,sp600,PLAB
2021-03-31,rut,PLAB
2021-03-31,sp600,PLAB
2021-06-30,rut,PLAB
2021-06-30,sp600,PLAB
2021-09-30,rut,PLAB
2021-09-30,sp600,PLAB
2021-12-31,rut,PLAB
2021-12-31,sp600,PLAB
2022-03-31,rut,PLAB
2022-03-31,sp600,PLAB
2022-06-30,rut,PLAB
2022-06-30,sp600,PLAB
2022-09-30,rut,PLAB
2022-09-30,sp600,PLAB
2022-12-31,rut,PLAB
2022-12-31,sp600,PLAB
2023-03-31,rut,PLAB
2023-03-31,sp600,PLAB
2023-06-30,rut,PLAB
2023-06-30,sp600,PLAB
2023-09-30,rut,PLAB
2023-09-30,sp600,PLAB
2023-12-31,rut,PLAB
2023-12-31,sp600,PLAB
2024-03-31,rut,PLAB
2024-03-31,sp600,PLAB
2024-06-30,rut,PLAB
2024-06-30,sp600,PLAB
2024-09-30,rut,PLAB
2024-09-30,sp600,PLAB
2024-12-31,rut,PLAB
2024-12-31,sp600,PLAB
2025-03-31,rut,PLAB
2025-03-31,sp600,PLAB
2025-06-30,rut,PLAB
2025-06-30,sp600,PLAB
2025-09-30,rut,PLAB
2025-09-30,sp600,PLAB
2025-12-31,rut,PLAB
2025-12-31,sp600,PLAB
2026-03-31,rut,PLAB
2026-03-31,sp600,PLAB
2026-06-30,rut,PLAB
2026-06-30,sp600,PLAB
2026-09-30,rut,PLAB
2026-09-30,sp600,PLAB
2026-06-30,rut,RJET
2026-09-30,rut,RJET
2026-09-30,rut,FBNC
2026-09-30,sp600,FBNC
2019-12-31,rut,KALU
2019-12-31,sp600,KALU
2020-03-31,rut,KALU
2020-03-31,sp600,KALU
2020-06-30,rut,KALU
2020-06-30,sp600,KALU
2020-09-30,rut,KALU
2020-09-30,sp600,KALU
2020-12-31,rut,KALU
2020-12-31,sp600,KALU
2021-03-31,rut,KALU
2021-03-31,sp600,KALU
2021-06-30,rut,KALU
2021-06-30,sp600,KALU
2021-09-30,rut,KALU
2021-09-30,sp600,KALU
2021-12-31,rut,KALU
2021-12-31,sp600,KALU
2022-03-31,rut,KALU
2022-03-31,sp600,KALU
2022-06-30,rut,KALU
2022-06-30,sp600,KALU
2022-09-30,rut,KALU
2022-09-30,sp600,KALU
2022-12-31,rut,KALU
2022-12-31,sp600,KALU
2023-03-31,rut,KALU
2023-03-31,sp600,KALU
2023-06-30,rut,KALU
2023-06-30,sp600,KALU
2023-09-30,rut,KALU
2023-09-30,sp600,KALU
2023-12-31,rut,KALU
2023-12-31,sp600,KALU
2024-03-31,rut,KALU
2024-03-31,sp600,KALU
2024-06-30,rut,KALU
2024-06-30,sp600,KALU
2024-09-30,rut,KALU
2024-09-30,sp600,KALU
2024-12-31,rut,KALU
2024-12-31,sp600,KALU
2025-03-31,rut,KALU
2025-03-31,sp600,KALU
2025-06-30,rut,KALU
2025-06-30,sp600,KALU
2025-09-30,rut,KALU
2025-09-30,sp600,KALU
2025-12-31,rut,KALU
2025-12-31,sp600,KALU
2026-03-31,rut,KALU
2026-03-31,sp600,KALU
2026-06-30,rut,KALU
2026-06-30,sp600,KALU
2026-09-30,rut,KALU
2026-09-30,sp600,KALU
2023-09-30,sp400,MTN
2023-12-31,sp400,MTN
2024-03-31,sp400,MTN
2024-06-30,sp400,MTN
2024-09-30,sp400,MTN
2024-12-31,sp400,MTN
2025-03-31,sp400,MTN
2025-06-30,sp400,MTN
2025-09-30,sp400,MTN
2025-12-31,sp400,MTN
2026-03-31,sp400,MTN
2026-06-30,sp400,MTN
2026-09-30,sp400,MTN
2019-12-31,sp400,OI
2020-03-31,sp400,OI
2020-06-30,rut,OI
2020-06-30,sp400,OI
2020-09-30,rut,OI
2020-09-30,sp400,OI
2020-12-31,rut,OI
2020-12-31,sp400,OI
2021-03-31,rut,OI
2021-03-31,sp600,OI
2021-06-30,rut,OI
2021-06-30,sp600,OI
2021-09-30,rut,OI
2021-09-30,sp600,OI
2021-12-31,rut,OI
2021-12-31,sp600,OI
2022-03-31,rut,OI
2022-03-31,sp600,OI
2022-06-30,rut,OI
2022-06-30,sp600,OI
2022-09-30,rut,OI
2022-09-30,sp600,OI
2022-12-31,rut,OI
2022-12-31,sp600,OI
2023-03-31,rut,OI
2023-03-31,sp600,OI
2023-06-30,rut,OI
2023-06-30,sp600,OI
2023-09-30,rut,OI
2023-09-30,sp600,OI
2023-12-31,rut,OI
2023-12-31,sp600,OI
2024-03-31,rut,OI
2024-03-31,sp600,OI
2024-06-30,rut,OI
2024-06-30,sp600,OI
2024-09-30,rut,OI
2024-09-30,sp600,OI
2024-12-31,rut,OI
2024-12-31,sp600,OI
2025-03-31,rut,OI
2025-03-31,sp600,OI
2025-06-30,rut,OI
2025-06-30,sp600,OI
2025-09-30,rut,OI
2025-09-30,sp600,OI
2025-12-31,rut,OI
2025-12-31,sp600,OI
2026-03-31,rut,OI
2026-03-31,sp600,OI
2026-06-30,rut,OI
2026-06-30,sp600,OI
2026-09-30,rut,OI
2026-09-30,sp600,OI
2023-09-30,sp600,NWL
2023-12-31,sp600,NWL
2024-03-31,sp600,NWL
2024-06-30,sp600,NWL
2024-09-30,sp600,NWL
2024-12-31,sp600,NWL
2025-03-31,sp600,NWL
2025-06-30,sp600,NWL
2025-09-30,sp600,NWL
2025-12-31,sp600,NWL
2026-03-31,sp600,NWL
2026-06-30,rut,NWL
2026-06-30,sp600,NWL
2026-09-30,rut,NWL
2026-09-30,sp600,NWL
2019-12-31,sp400,TDC
2020-03-31,sp400,TDC
2020-06-30,sp400,TDC
2020-09-30,sp400,TDC
2020-12-31,sp400,TDC
2021-03-31,sp400,TDC
2021-06-30,sp400,TDC
2021-09-30,sp400,TDC
2021-12-31,sp400,TDC
2022-03-31,sp400,TDC
2022-06-30,sp400,TDC
2022-09-30,sp400,TDC
2022-12-31,sp400,TDC
2023-03-31,sp400,TDC
2023-06-30,sp400,TDC
2023-09-30,sp400,TDC
2023-12-31,sp400,TDC
2024-03-31,sp400,TDC
2024-06-30,sp400,TDC
2024-09-30,sp400,TDC
2024-12-31,sp400,TDC
2025-03-31,sp600,TDC
2025-06-30,sp600,TDC
2025-09-30,sp600,TDC
2025-12-31,sp600,TDC
2026-03-31,sp600,TDC
2026-06-30,rut,TDC
2026-06-30,sp600,TDC
2026-09-30,rut,TDC
2026-09-30,sp600,TDC
2019-12-31,rut,CNMD
2019-12-31,sp600,CNMD
2020-03-31,rut,CNMD
2020-03-31,sp600,CNMD
2020-06-30,rut,CNMD
2020-06-30,sp600,CNMD
2020-09-30,rut,CNMD
2020-09-30,sp600,CNMD
2020-12-31,rut,CNMD
2020-12-31,sp600,CNMD
2021-03-31,rut,CNMD
2021-03-31,sp600,CNMD
2021-06-30,rut,CNMD
2021-06-30,sp600,CNMD
2021-09-30,rut,CNMD
2021-09-30,sp600,CNMD
2021-12-31,rut,CNMD
2021-12-31,sp600,CNMD
2022-03-31,rut,CNMD
2022-03-31,sp600,CNMD
2022-06-30,rut,CNMD
2022-06-30,sp600,CNMD
2022-09-30,rut,CNMD
2022-09-30,sp600,CNMD
2022-12-31,rut,CNMD
2022-12-31,sp600,CNMD
2023-03-31,rut,CNMD
2023-03-31,sp600,CNMD
2023-06-30,rut,CNMD
2023-06-30,sp600,CNMD
2023-09-30,rut,CNMD
2023-09-30,sp600,CNMD
2023-12-31,rut,CNMD
2023-12-31,sp600,CNMD
2024-03-31,rut,CNMD
2024-03-31,sp600,CNMD
2024-06-30,rut,CNMD
2024-06-30,sp600,CNMD
2024-09-30,rut,CNMD
2024-09-30,sp600,CNMD
2024-12-31,rut,CNMD
2024-12-31,sp600,CNMD
2025-03-31,rut,CNMD
2025-03-31,sp600,CNMD
2025-06-30,rut,CNMD
2025-06-30,sp600,CNMD
2025-09-30,rut,CNMD
2025-09-30,sp600,CNMD
2025-12-31,rut,CNMD
2025-12-31,sp600,CNMD
2026-03-31,rut,CNMD
2026-03-31,sp600,CNMD
2026-06-30,rut,CNMD
2026-06-30,sp600,CNMD
2026-09-30,rut,CNMD
2026-09-30,sp600,CNMD
2019-12-31,rut,SYNA
2019-12-31,sp400,SYNA
2020-03-31,rut,SYNA
2020-03-31,sp400,SYNA
2020-06-30,rut,SYNA
2020-06-30,sp400,SYNA
2020-09-30,rut,SYNA
2020-09-30,sp400,SYNA
2020-12-31,rut,SYNA
2020-12-31,sp400,SYNA
2021-03-31,rut,SYNA
2021-03-31,sp400,SYNA
2021-06-30,rut,SYNA
2021-06-30,sp400,SYNA
2021-09-30,rut,SYNA
2021-09-30,sp400,SYNA
2021-12-31,rut,SYNA
2021-12-31,sp400,SYNA
2022-03-31,rut,SYNA
2022-03-31,sp400,SYNA
2022-06-30,rut,SYNA
2022-06-30,sp400,SYNA
2022-09-30,rut,SYNA
2022-09-30,sp400,SYNA
2022-12-31,rut,SYNA
2022-12-31,sp400,SYNA
2023-03-31,rut,SYNA
2023-03-31,sp400,SYNA
2023-06-30,rut,SYNA
2023-06-30,sp400,SYNA
2023-09-30,rut,SYNA
2023-09-30,sp400,SYNA
2023-12-31,rut,SYNA
2023-12-31,sp400,SYNA
2024-03-31,rut,SYNA
2024-03-31,sp400,SYNA
2024-06-30,rut,SYNA
2024-06-30,sp400,SYNA
2024-09-30,rut,SYNA
2024-09-30,sp400,SYNA
2024-12-31,rut,SYNA
2024-12-31,sp400,SYNA
2025-03-31,rut,SYNA
2025-03-31,sp400,SYNA
2025-06-30,rut,SYNA
2025-06-30,sp400,SYNA
2025-09-30,rut,SYNA
2025-09-30,sp400,SYNA
2025-12-31,rut,SYNA
2025-12-31,sp400,SYNA
2026-03-31,rut,SYNA
2026-03-31,sp400,SYNA
2026-06-30,rut,SYNA
2026-06-30,sp400,SYNA
2026-09-30,rut,SYNA
2026-09-30,sp400,SYNA
2024-06-30,sp400,XRAY
2024-09-30,sp400,XRAY
2024-12-31,sp400,XRAY
2025-03-31,sp400,XRAY
2025-06-30,sp400,XRAY
2025-09-30,sp400,XRAY
2025-12-31,sp400,XRAY
2026-03-31,sp400,XRAY
2026-06-30,rut,XRAY
2026-06-30,sp400,XRAY
2026-09-30,rut,XRAY
2026-09-30,sp400,XRAY
2019-12-31,rut,AIN
2019-12-31,sp600,AIN
2020-03-31,rut,AIN
2020-03-31,sp600,AIN
2020-06-30,rut,AIN
2020-06-30,sp600,AIN
2020-09-30,rut,AIN
2020-09-30,sp600,AIN
2020-12-31,rut,AIN
2020-12-31,sp600,AIN
2021-03-31,rut,AIN
2021-03-31,sp600,AIN
2021-06-30,rut,AIN
2021-06-30,sp600,AIN
2021-09-30,rut,AIN
2021-09-30,sp600,AIN
2021-12-31,rut,AIN
2021-12-31,sp600,AIN
2022-03-31,rut,AIN
2022-03-31,sp600,AIN
2022-06-30,rut,AIN
2022-06-30,sp600,AIN
2022-09-30,rut,AIN
2022-09-30,sp600,AIN
2022-12-31,rut,AIN
2022-12-31,sp600,AIN
2023-03-31,rut,AIN
2023-03-31,sp600,AIN
2023-06-30,rut,AIN
2023-06-30,sp600,AIN
2023-09-30,rut,AIN
2023-09-30,sp600,AIN
2023-12-31,rut,AIN
2023-12-31,sp600,AIN
2024-03-31,rut,AIN
2024-03-31,sp600,AIN
2024-06-30,rut,AIN
2024-06-30,sp600,AIN
2024-09-30,rut,AIN
2024-09-30,sp600,AIN
2024-12-31,rut,AIN
2024-12-31,sp600,AIN
2025-03-31,rut,AIN
2025-03-31,sp600,AIN
2025-06-30,rut,AIN
2025-06-30,sp600,AIN
2025-09-30,rut,AIN
2025-09-30,sp600,AIN
2025-12-31,rut,AIN
2025-12-31,sp600,AIN
2026-03-31,rut,AIN
2026-03-31,sp600,AIN
2026-06-30,rut,AIN
2026-06-30,sp600,AIN
2026-09-30,rut,AIN
2026-09-30,sp600,AIN
2019-12-31,sp400,COHR
2020-03-31,sp400,COHR
2020-06-30,sp400,COHR
2020-09-30,sp400,COHR
2020-12-31,sp400,COHR
2021-03-31,sp400,COHR
2021-06-30,sp400,COHR
2021-09-30,sp400,COHR
2021-12-31,sp400,COHR
2022-03-31,sp400,COHR
2022-06-30,sp400,COHR
2022-09-30,sp400,COHR
2022-12-31,sp400,COHR
2023-03-31,sp400,COHR
2023-06-30,sp400,COHR
2023-09-30,sp400,COHR
2023-12-31,sp400,COHR
2024-03-31,sp400,COHR
2024-06-30,sp400,COHR
2024-09-30,sp400,COHR
2024-12-31,sp400,COHR
2025-03-31,sp400,COHR
2025-06-30,sp400,COHR
2025-09-30,sp400,COHR
2025-12-31,sp400,COHR
2019-12-31,rut,GIII
2019-12-31,sp600,GIII
2020-03-31,rut,GIII
2020-03-31,sp600,GIII
2020-06-30,rut,GIII
2020-06-30,sp600,GIII
2020-09-30,rut,GIII
2020-09-30,sp600,GIII
2020-12-31,rut,GIII
2020-12-31,sp600,GIII
2021-03-31,rut,GIII
2021-03-31,sp600,GIII
2021-06-30,rut,GIII
2021-06-30,sp600,GIII
2021-09-30,rut,GIII
2021-09-30,sp600,GIII
2021-12-31,rut,GIII
2021-12-31,sp600,GIII
2022-03-31,rut,GIII
2022-03-31,sp600,GIII
2022-06-30,rut,GIII
2022-06-30,sp600,GIII
2022-09-30,rut,GIII
2022-09-30,sp600,GIII
2022-12-31,rut,GIII
2022-12-31,sp600,GIII
2023-03-31,rut,GIII
2023-03-31,sp600,GIII
2023-06-30,rut,GIII
2023-06-30,sp600,GIII
2023-09-30,rut,GIII
2023-09-30,sp600,GIII
2023-12-31,rut,GIII
2023-12-31,sp600,GIII
2024-03-31,rut,GIII
2024-03-31,sp600,GIII
2024-06-30,rut,GIII
2024-06-30,sp600,GIII
2024-09-30,rut,GIII
2024-09-30,sp600,GIII
2024-12-31,rut,GIII
2024-12-31,sp600,GIII
2025-03-31,rut,GIII
2025-03-31,sp600,GIII
2025-06-30,rut,GIII
2025-06-30,sp600,GIII
2025-09-30,rut,GIII
2025-09-30,sp600,GIII
2025-12-31,rut,GIII
2025-12-31,sp600,GIII
2026-03-31,rut,GIII
2026-03-31,sp600,GIII
2026-06-30,rut,GIII
2026-06-30,sp600,GIII
2026-09-30,rut,GIII
2026-09-30,sp600,GIII
2019-12-31,rut,ANDE
2019-12-31,sp600,ANDE
2020-03-31,rut,ANDE
2020-03-31,sp600,ANDE
2020-06-30,rut,ANDE
2020-06-30,sp600,ANDE
2020-09-30,rut,ANDE
2020-09-30,sp600,ANDE
2020-12-31,rut,ANDE
2020-12-31,sp600,ANDE
2021-03-31,rut,ANDE
2021-03-31,sp600,ANDE
2021-06-30,rut,ANDE
2021-06-30,sp600,ANDE
2021-09-30,rut,ANDE
2021-09-30,sp600,ANDE
2021-12-31,rut,ANDE
2021-12-31,sp600,ANDE
2022-03-31,rut,ANDE
2022-03-31,sp600,ANDE
2022-06-30,rut,ANDE
2022-06-30,sp600,ANDE
2022-09-30,rut,ANDE
2022-09-30,sp600,ANDE
2022-12-31,rut,ANDE
2022-12-31,sp600,ANDE
2023-03-31,rut,ANDE
2023-03-31,sp600,ANDE
2023-06-30,rut,ANDE
2023-06-30,sp600,ANDE
2023-09-30,rut,ANDE
2023-09-30,sp600,ANDE
2023-12-31,rut,ANDE
2023-12-31,sp600,ANDE
2024-03-31,rut,ANDE
2024-03-31,sp600,ANDE
2024-06-30,rut,ANDE
2024-06-30,sp600,ANDE
2024-09-30,rut,ANDE
2024-09-30,sp600,ANDE
2024-12-31,rut,ANDE
2024-12-31,sp600,ANDE
2025-03-31,rut,ANDE
2025-03-31,sp600,ANDE
2025-06-30,rut,ANDE
2025-06-30,sp600,ANDE
2025-09-30,rut,ANDE
2025-09-30,sp600,ANDE
2025-12-31,rut,ANDE
2025-12-31,sp600,ANDE
2026-03-31,rut,ANDE
2026-03-31,sp600,ANDE
2026-06-30,rut,ANDE
2026-06-30,sp600,ANDE
2026-09-30,rut,ANDE
2026-09-30,sp600,ANDE
2019-12-31,rut,PARR
2019-12-31,sp600,PARR
2020-03-31,rut,PARR
2020-03-31,sp600,PARR
2020-06-30,rut,PARR
2020-06-30,sp600,PARR
2020-09-30,rut,PARR
2020-09-30,sp600,PARR
2020-12-31,rut,PARR
2020-12-31,sp600,PARR
2021-03-31,rut,PARR
2021-03-31,sp600,PARR
2021-06-30,rut,PARR
2021-06-30,sp600,PARR
2021-09-30,rut,PARR
2021-09-30,sp600,PARR
2021-12-31,rut,PARR
2021-12-31,sp600,PARR
2022-03-31,rut,PARR
2022-03-31,sp600,PARR
2022-06-30,rut,PARR
2022-06-30,sp600,PARR
2022-09-30,rut,PARR
2022-09-30,sp600,PARR
2022-12-31,rut,PARR
2022-12-31,sp600,PARR
2023-03-31,rut,PARR
2023-03-31,sp600,PARR
2023-06-30,rut,PARR
2023-06-30,sp600,PARR
2023-09-30,rut,PARR
2023-09-30,sp600,PARR
2023-12-31,rut,PARR
2023-12-31,sp600,PARR
2024-03-31,rut,PARR
2024-03-31,sp600,PARR
2024-06-30,rut,PARR
2024-06-30,sp600,PARR
2024-09-30,rut,PARR
2024-09-30,sp600,PARR
2024-12-31,rut,PARR
2024-12-31,sp600,PARR
2025-03-31,rut,PARR
2025-03-31,sp600,PARR
2025-06-30,rut,PARR
2025-06-30,sp600,PARR
2025-09-30,rut,PARR
2025-09-30,sp600,PARR
2025-12-31,rut,PARR
2025-12-31,sp600,PARR
2026-03-31,rut,PARR
2026-03-31,sp600,PARR
2026-06-30,rut,PARR
2026-06-30,sp600,PARR
2026-09-30,rut,PARR
2026-09-30,sp600,PARR
2019-12-31,rut,IPAR
2019-12-31,sp600,IPAR
2020-03-31,rut,IPAR
2020-03-31,sp600,IPAR
2020-06-30,rut,IPAR
2020-06-30,sp600,IPAR
2020-09-30,rut,IPAR
2020-09-30,sp600,IPAR
2020-12-31,rut,IPAR
2020-12-31,sp600,IPAR
2021-03-31,rut,IPAR
2021-03-31,sp600,IPAR
2021-06-30,rut,IPAR
2021-06-30,sp600,IPAR
2021-09-30,rut,IPAR
2021-09-30,sp600,IPAR
2021-12-31,rut,IPAR
2021-12-31,sp600,IPAR
2022-03-31,rut,IPAR
2022-03-31,sp600,IPAR
2022-06-30,rut,IPAR
2022-06-30,sp600,IPAR
2022-09-30,rut,IPAR
2022-09-30,sp600,IPAR
2022-12-31,rut,IPAR
2022-12-31,sp600,IPAR
2023-03-31,rut,IPAR
2023-03-31,sp600,IPAR
2023-06-30,rut,IPAR
2023-06-30,sp600,IPAR
2023-09-30,rut,IPAR
2023-09-30,sp600,IPAR
2023-12-31,rut,IPAR
2023-12-31,sp600,IPAR
2024-03-31,rut,IPAR
2024-03-31,sp600,IPAR
2024-06-30,rut,IPAR
2024-06-30,sp600,IPAR
2024-09-30,rut,IPAR
2024-09-30,sp600,IPAR
2024-12-31,rut,IPAR
2024-12-31,sp600,IPAR
2025-03-31,rut,IPAR
2025-03-31,sp600,IPAR
2025-06-30,rut,IPAR
2025-06-30,sp600,IPAR
2025-09-30,rut,IPAR
2025-09-30,sp600,IPAR
2025-12-31,rut,IPAR
2025-12-31,sp600,IPAR
2026-03-31,rut,IPAR
2026-03-31,sp600,IPAR
2026-06-30,rut,IPAR
2026-06-30,sp600,IPAR
2026-09-30,rut,IPAR
2026-09-30,sp600,IPAR
2019-12-31,sp400,CLH
2020-03-31,sp400,CLH
2020-06-30,sp400,CLH
2020-09-30,sp400,CLH
2020-12-31,sp400,CLH
2021-03-31,sp400,CLH
2021-06-30,sp400,CLH
2021-09-30,sp400,CLH
2021-12-31,sp400,CLH
2022-03-31,sp400,CLH
2022-06-30,sp400,CLH
2022-09-30,sp400,CLH
2022-12-31,sp400,CLH
2023-03-31,sp400,CLH
2023-06-30,sp400,CLH
2023-09-30,sp400,CLH
2023-12-31,sp400,CLH
2024-03-31,sp400,CLH
2024-06-30,sp400,CLH
2024-09-30,sp400,CLH
2024-12-31,sp400,CLH
2025-03-31,sp400,CLH
2025-06-30,sp400,CLH
2025-09-30,sp400,CLH
2025-12-31,sp400,CLH
2026-03-31,sp400,CLH
2026-06-30,sp400,CLH
2026-09-30,sp400,CLH
2019-12-31,rut,AAON
2019-12-31,sp600,AAON
2020-03-31,rut,AAON
2020-03-31,sp600,AAON
2020-06-30,rut,AAON
2020-06-30,sp600,AAON
2020-09-30,rut,AAON
2020-09-30,sp600,AAON
2020-12-31,rut,AAON
2020-12-31,sp600,AAON
2021-03-31,rut,AAON
2021-03-31,sp600,AAON
2021-06-30,rut,AAON
2021-06-30,sp600,AAON
2021-09-30,rut,AAON
2021-09-30,sp600,AAON
2021-12-31,rut,AAON
2021-12-31,sp600,AAON
2022-03-31,rut,AAON
2022-03-31,sp600,AAON
2022-06-30,rut,AAON
2022-06-30,sp600,AAON
2022-09-30,rut,AAON
2022-09-30,sp600,AAON
2022-12-31,rut,AAON
2022-12-31,sp600,AAON
2023-03-31,rut,AAON
2023-03-31,sp600,AAON
2023-06-30,rut,AAON
2023-06-30,sp600,AAON
2023-09-30,rut,AAON
2023-09-30,sp600,AAON
2023-12-31,rut,AAON
2023-12-31,sp600,AAON
2024-03-31,rut,AAON
2024-03-31,sp600,AAON
2024-06-30,rut,AAON
2024-06-30,sp400,AAON
2024-09-30,sp400,AAON
2024-12-31,sp400,AAON
2025-03-31,sp400,AAON
2025-06-30,sp400,AAON
2025-09-30,sp400,AAON
2025-12-31,sp400,AAON
2026-03-31,sp400,AAON
2026-06-30,sp400,AAON
2026-09-30,sp400,AAON
2019-12-31,sp400,SMG
2020-03-31,sp400,SMG
2020-06-30,sp400,SMG
2020-09-30,sp400,SMG
2020-12-31,sp400,SMG
2021-03-31,sp400,SMG
2021-06-30,sp400,SMG
2021-09-30,sp400,SMG
2021-12-31,sp400,SMG
2022-03-31,sp400,SMG
2022-06-30,sp400,SMG
2022-09-30,sp400,SMG
2022-12-31,sp400,SMG
2023-03-31,sp400,SMG
2023-06-30,sp400,SMG
2023-09-30,sp400,SMG
2023-12-31,sp400,SMG
2024-03-31,sp400,SMG
2024-06-30,sp400,SMG
2024-09-30,sp400,SMG
2024-12-31,sp400,SMG
2025-03-31,sp400,SMG
2025-06-30,sp400,SMG
2025-09-30,sp400,SMG
2025-12-31,sp400,SMG
2026-03-31,sp400,SMG
2026-06-30,sp400,SMG
2026-09-30,sp400,SMG
2019-12-31,rut,ORRF
2020-03-31,rut,ORRF
2020-06-30,rut,ORRF
2020-09-30,rut,ORRF
2020-12-31,rut,ORRF
2021-03-31,rut,ORRF
2021-06-30,rut,ORRF
2021-09-30,rut,ORRF
2021-12-31,rut,ORRF
2022-03-31,rut,ORRF
2022-06-30,rut,ORRF
2022-09-30,rut,ORRF
2022-12-31,rut,ORRF
2023-03-31,rut,ORRF
2023-06-30,rut,ORRF
2023-09-30,rut,ORRF
2023-12-31,rut,ORRF
2024-03-31,rut,ORRF
2024-06-30,rut,ORRF
2024-09-30,rut,ORRF
2024-12-31,rut,ORRF
2025-03-31,rut,ORRF
2025-06-30,rut,ORRF
2025-09-30,rut,ORRF
2025-12-31,rut,ORRF
2026-03-31,rut,ORRF
2026-06-30,rut,ORRF
2026-09-30,rut,ORRF
2021-06-30,rut,CLSK
2021-09-30,rut,CLSK
2021-12-31,rut,CLSK
2022-03-31,rut,CLSK
2022-06-30,rut,CLSK
2022-09-30,rut,CLSK
2022-12-31,rut,CLSK
2023-03-31,rut,CLSK
2023-06-30,rut,CLSK
2023-09-30,rut,CLSK
2023-12-31,rut,CLSK
2024-03-31,rut,CLSK
2024-06-30,rut,CLSK
2024-09-30,rut,CLSK
2024-12-31,rut,CLSK
2025-03-31,rut,CLSK
2025-03-31,sp600,CLSK
2025-06-30,rut,CLSK
2025-06-30,sp600,CLSK
2025-09-30,rut,CLSK
2025-09-30,sp600,CLSK
2025-12-31,rut,CLSK
2025-12-31,sp600,CLSK
2026-03-31,rut,CLSK
2026-03-31,sp600,CLSK
2026-06-30,rut,CLSK
2026-06-30,sp600,CLSK
2026-09-30,rut,CLSK
2026-09-30,sp600,CLSK
2019-12-31,rut,WSFS
2020-03-31,rut,WSFS
2020-06-30,rut,WSFS
2020-09-30,rut,WSFS
2020-12-31,rut,WSFS
2021-03-31,rut,WSFS
2021-03-31,sp600,WSFS
2021-06-30,rut,WSFS
2021-06-30,sp600,WSFS
2021-09-30,rut,WSFS
2021-09-30,sp600,WSFS
2021-12-31,rut,WSFS
2021-12-31,sp600,WSFS
2022-03-31,rut,WSFS
2022-03-31,sp600,WSFS
2022-06-30,rut,WSFS
2022-06-30,sp600,WSFS
2022-09-30,rut,WSFS
2022-09-30,sp600,WSFS
2022-12-31,rut,WSFS
2022-12-31,sp600,WSFS
2023-03-31,rut,WSFS
2023-03-31,sp600,WSFS
2023-06-30,rut,WSFS
2023-06-30,sp600,WSFS
2023-09-30,rut,WSFS
2023-09-30,sp600,WSFS
2023-12-31,rut,WSFS
2023-12-31,sp600,WSFS
2024-03-31,rut,WSFS
2024-03-31,sp600,WSFS
2024-06-30,rut,WSFS
2024-06-30,sp600,WSFS
2024-09-30,rut,WSFS
2024-09-30,sp600,WSFS
2024-12-31,rut,WSFS
2024-12-31,sp600,WSFS
2025-03-31,rut,WSFS
2025-03-31,sp600,WSFS
2025-06-30,rut,WSFS
2025-06-30,sp600,WSFS
2025-09-30,rut,WSFS
2025-09-30,sp600,WSFS
2025-12-31,rut,WSFS
2025-12-31,sp600,WSFS
2026-03-31,rut,WSFS
2026-03-31,sp600,WSFS
2026-06-30,rut,WSFS
2026-06-30,sp600,WSFS
2026-09-30,rut,WSFS
2026-09-30,sp600,WSFS
2019-12-31,rut,TTEK
2019-12-31,sp400,TTEK
2020-03-31,rut,TTEK
2020-03-31,sp400,TTEK
2020-06-30,rut,TTEK
2020-06-30,sp400,TTEK
2020-09-30,rut,TTEK
2020-09-30,sp400,TTEK
2020-12-31,rut,TTEK
2020-12-31,sp400,TTEK
2021-03-31,rut,TTEK
2021-03-31,sp400,TTEK
2021-06-30,rut,TTEK
2021-06-30,sp400,TTEK
2021-09-30,rut,TTEK
2021-09-30,sp400,TTEK
2021-12-31,rut,TTEK
2021-12-31,sp400,TTEK
2022-03-31,rut,TTEK
2022-03-31,sp400,TTEK
2022-06-30,sp400,TTEK
2022-09-30,sp400,TTEK
2022-12-31,sp400,TTEK
2023-03-31,sp400,TTEK
2023-06-30,sp400,TTEK
2023-09-30,sp400,TTEK
2023-12-31,sp400,TTEK
2024-03-31,sp400,TTEK
2024-06-30,sp400,TTEK
2024-09-30,sp400,TTEK
2024-12-31,sp400,TTEK
2025-03-31,sp400,TTEK
2025-06-30,sp400,TTEK
2025-09-30,sp400,TTEK
2025-12-31,sp400,TTEK
2026-03-31,sp400,TTEK
2026-06-30,sp400,TTEK
2026-09-30,sp400,TTEK
2019-12-31,rut,SSP
2019-12-31,sp600,SSP
2020-03-31,rut,SSP
2020-03-31,sp600,SSP
2020-06-30,rut,SSP
2020-06-30,sp600,SSP
2020-09-30,rut,SSP
2020-09-30,sp600,SSP
2020-12-31,rut,SSP
2020-12-31,sp600,SSP
2021-03-31,rut,SSP
2021-03-31,sp600,SSP
2021-06-30,rut,SSP
2021-06-30,sp600,SSP
2021-09-30,rut,SSP
2021-09-30,sp600,SSP
2021-12-31,rut,SSP
2021-12-31,sp600,SSP
2022-03-31,rut,SSP
2022-03-31,sp600,SSP
2022-06-30,rut,SSP
2022-06-30,sp600,SSP
2022-09-30,rut,SSP
2022-09-30,sp600,SSP
2022-12-31,rut,SSP
2022-12-31,sp600,SSP
2023-03-31,rut,SSP
2023-03-31,sp600,SSP
2023-06-30,rut,SSP
2023-06-30,sp600,SSP
2023-09-30,rut,SSP
2023-09-30,sp600,SSP
2023-12-31,rut,SSP
2023-12-31,sp600,SSP
2024-03-31,rut,SSP
2024-03-31,sp600,SSP
2024-06-30,rut,SSP
2024-09-30,rut,SSP
2024-12-31,rut,SSP
2025-03-31,rut,SSP
2025-06-30,rut,SSP
2025-09-30,rut,SSP
2025-12-31,rut,SSP
2026-03-31,rut,SSP
2026-06-30,rut,SSP
2026-09-30,rut,SSP
2021-06-30,sp600,SIG
2021-09-30,sp600,SIG
2021-12-31,sp600,SIG
2026-09-30,rut,SIG
2026-09-30,sp600,SIG
2019-12-31,rut,MTH
2019-12-31,sp600,MTH
2020-03-31,rut,MTH
2020-03-31,sp600,MTH
2020-06-30,rut,MTH
2020-06-30,sp600,MTH
2020-09-30,rut,MTH
2020-09-30,sp600,MTH
2020-12-31,rut,MTH
2020-12-31,sp600,MTH
2021-03-31,rut,MTH
2021-03-31,sp600,MTH
2021-06-30,rut,MTH
2021-06-30,sp600,MTH
2021-09-30,rut,MTH
2021-09-30,sp600,MTH
2021-12-31,rut,MTH
2021-12-31,sp600,MTH
2022-03-31,rut,MTH
2022-03-31,sp600,MTH
2022-06-30,rut,MTH
2022-06-30,sp600,MTH
2022-09-30,rut,MTH
2022-09-30,sp600,MTH
2022-12-31,rut,MTH
2022-12-31,sp600,MTH
2023-03-31,rut,MTH
2023-03-31,sp600,MTH
2023-06-30,rut,MTH
2023-06-30,sp600,MTH
2023-09-30,rut,MTH
2023-09-30,sp600,MTH
2023-12-31,rut,MTH
2023-12-31,sp600,MTH
2024-03-31,rut,MTH
2024-03-31,sp600,MTH
2024-06-30,rut,MTH
2024-06-30,sp600,MTH
2024-09-30,rut,MTH
2024-09-30,sp600,MTH
2024-12-31,rut,MTH
2024-12-31,sp600,MTH
2025-03-31,rut,MTH
2025-03-31,sp600,MTH
2025-06-30,rut,MTH
2025-06-30,sp600,MTH
2025-09-30,rut,MTH
2025-09-30,sp600,MTH
2025-12-31,rut,MTH
2025-12-31,sp600,MTH
2026-03-31,rut,MTH
2026-03-31,sp600,MTH
2026-06-30,rut,MTH
2026-06-30,sp600,MTH
2026-09-30,rut,MTH
2026-09-30,sp600,MTH
2019-12-31,rut,POWI
2019-12-31,sp600,POWI
2020-03-31,rut,POWI
2020-03-31,sp600,POWI
2020-06-30,rut,POWI
2020-06-30,sp600,POWI
2020-09-30,rut,POWI
2020-09-30,sp600,POWI
2020-12-31,rut,POWI
2020-12-31,sp600,POWI
2021-03-31,rut,POWI
2021-03-31,sp600,POWI
2021-06-30,rut,POWI
2021-06-30,sp600,POWI
2021-09-30,rut,POWI
2021-09-30,sp600,POWI
2021-12-31,rut,POWI
2021-12-31,sp400,POWI
2022-03-31,rut,POWI
2022-03-31,sp400,POWI
2022-06-30,rut,POWI
2022-06-30,sp400,POWI
2022-09-30,rut,POWI
2022-09-30,sp400,POWI
2022-12-31,rut,POWI
2022-12-31,sp400,POWI
2023-03-31,rut,POWI
2023-03-31,sp400,POWI
2023-06-30,rut,POWI
2023-06-30,sp400,POWI
2023-09-30,rut,POWI
2023-09-30,sp400,POWI
2023-12-31,rut,POWI
2023-12-31,sp400,POWI
2024-03-31,rut,POWI
2024-03-31,sp400,POWI
2024-06-30,rut,POWI
2024-06-30,sp400,POWI
2024-09-30,rut,POWI
2024-09-30,sp400,POWI
2024-12-31,rut,POWI
2024-12-31,sp400,POWI
2025-03-31,rut,POWI
2025-03-31,sp400,POWI
2025-06-30,rut,POWI
2025-06-30,sp400,POWI
2025-09-30,rut,POWI
2025-09-30,sp400,POWI
2025-12-31,rut,POWI
2025-12-31,sp600,POWI
2026-03-31,rut,POWI
2026-03-31,sp600,POWI
2026-06-30,rut,POWI
2026-06-30,sp600,POWI
2026-09-30,rut,POWI
2026-09-30,sp600,POWI
2019-12-31,rut,BLFS
2020-03-31,rut,BLFS
2020-06-30,rut,BLFS
2020-09-30,rut,BLFS
2020-12-31,rut,BLFS
2021-03-31,rut,BLFS
2021-06-30,rut,BLFS
2021-09-30,rut,BLFS
2021-09-30,sp600,BLFS
2021-12-31,rut,BLFS
2021-12-31,sp600,BLFS
2022-03-31,rut,BLFS
2022-03-31,sp600,BLFS
2022-06-30,rut,BLFS
2022-06-30,sp600,BLFS
2022-09-30,rut,BLFS
2022-09-30,sp600,BLFS
2022-12-31,rut,BLFS
2022-12-31,sp600,BLFS
2023-03-31,rut,BLFS
2023-03-31,sp600,BLFS
2023-06-30,rut,BLFS
2023-06-30,sp600,BLFS
2023-09-30,rut,BLFS
2023-09-30,sp600,BLFS
2023-12-31,rut,BLFS
2023-12-31,sp600,BLFS
2024-03-31,rut,BLFS
2024-03-31,sp600,BLFS
2024-06-30,rut,BLFS
2024-06-30,sp600,BLFS
2024-09-30,rut,BLFS
2024-09-30,sp600,BLFS
2024-12-31,rut,BLFS
2024-12-31,sp600,BLFS
2025-03-31,rut,BLFS
2025-03-31,sp600,BLFS
2025-06-30,rut,BLFS
2025-06-30,sp600,BLFS
2025-09-30,rut,BLFS
2025-09-30,sp600,BLFS
2025-12-31,rut,BLFS
2025-12-31,sp600,BLFS
2026-03-31,rut,BLFS
2026-03-31,sp600,BLFS
2026-06-30,rut,BLFS
2026-06-30,sp600,BLFS
2026-09-30,rut,BLFS
2026-09-30,sp600,BLFS
2019-12-31,rut,SYBT
2020-03-31,rut,SYBT
2020-06-30,rut,SYBT
2020-09-30,rut,SYBT
2020-12-31,rut,SYBT
2021-03-31,rut,SYBT
2021-06-30,rut,SYBT
2021-09-30,rut,SYBT
2021-12-31,rut,SYBT
2022-03-31,rut,SYBT
2022-06-30,rut,SYBT
2022-09-30,rut,SYBT
2022-12-31,rut,SYBT
2023-03-31,rut,SYBT
2023-06-30,rut,SYBT
2023-09-30,rut,SYBT
2023-12-31,rut,SYBT
2024-03-31,rut,SYBT
2024-06-30,rut,SYBT
2024-09-30,rut,SYBT
2024-12-31,rut,SYBT
2025-03-31,rut,SYBT
2025-06-30,rut,SYBT
2025-09-30,rut,SYBT
2025-12-31,rut,SYBT
2026-03-31,rut,SYBT
2026-06-30,rut,SYBT
2026-09-30,rut,SYBT
2019-12-31,rut,LNN
2019-12-31,sp600,LNN
2020-03-31,rut,LNN
2020-03-31,sp600,LNN
2020-06-30,rut,LNN
2020-06-30,sp600,LNN
2020-09-30,rut,LNN
2020-09-30,sp600,LNN
2020-12-31,rut,LNN
2020-12-31,sp600,LNN
2021-03-31,rut,LNN
2021-03-31,sp600,LNN
2021-06-30,rut,LNN
2021-06-30,sp600,LNN
2021-09-30,rut,LNN
2021-09-30,sp600,LNN
2021-12-31,rut,LNN
2021-12-31,sp600,LNN
2022-03-31,rut,LNN
2022-03-31,sp600,LNN
2022-06-30,rut,LNN
2022-06-30,sp600,LNN
2022-09-30,rut,LNN
2022-09-30,sp600,LNN
2022-12-31,rut,LNN
2022-12-31,sp600,LNN
2023-03-31,rut,LNN
2023-03-31,sp600,LNN
2023-06-30,rut,LNN
2023-06-30,sp600,LNN
2023-09-30,rut,LNN
2023-09-30,sp600,LNN
2023-12-31,rut,LNN
2023-12-31,sp600,LNN
2024-03-31,rut,LNN
2024-03-31,sp600,LNN
2024-06-30,rut,LNN
2024-06-30,sp600,LNN
2024-09-30,rut,LNN
2024-09-30,sp600,LNN
2024-12-31,rut,LNN
2024-12-31,sp600,LNN
2025-03-31,rut,LNN
2025-03-31,sp600,LNN
2025-06-30,rut,LNN
2025-06-30,sp600,LNN
2025-09-30,rut,LNN
2025-09-30,sp600,LNN
2025-12-31,rut,LNN
2025-12-31,sp600,LNN
2026-03-31,rut,LNN
2026-03-31,sp600,LNN
2026-06-30,rut,LNN
2026-06-30,sp600,LNN
2026-09-30,rut,LNN
2026-09-30,sp600,LNN
2019-12-31,rut,CALY
2019-12-31,sp600,CALY
2020-03-31,rut,CALY
2020-03-31,sp600,CALY
2020-06-30,rut,CALY
2020-06-30,sp600,CALY
2020-09-30,rut,CALY
2020-09-30,sp600,CALY
2020-12-31,rut,CALY
2020-12-31,sp600,CALY
2021-03-31,rut,CALY
2021-03-31,sp600,CALY
2021-06-30,rut,CALY
2021-06-30,sp400,CALY
2021-09-30,rut,CALY
2021-09-30,sp400,CALY
2021-12-31,rut,CALY
2021-12-31,sp400,CALY
2022-03-31,rut,CALY
2022-03-31,sp400,CALY
2022-06-30,rut,CALY
2022-06-30,sp400,CALY
2022-09-30,rut,CALY
2022-09-30,sp400,CALY
2022-12-31,rut,CALY
2022-12-31,sp400,CALY
2023-03-31,rut,CALY
2023-03-31,sp400,CALY
2023-06-30,rut,CALY
2023-06-30,sp400,CALY
2023-09-30,rut,CALY
2023-09-30,sp400,CALY
2023-12-31,rut,CALY
2023-12-31,sp600,CALY
2024-03-31,rut,CALY
2024-03-31,sp600,CALY
2024-06-30,rut,CALY
2024-06-30,sp600,CALY
2024-09-30,rut,CALY
2024-09-30,sp600,CALY
2024-12-31,rut,CALY
2024-12-31,sp600,CALY
2025-03-31,rut,CALY
2025-03-31,sp600,CALY
2025-06-30,rut,CALY
2025-06-30,sp600,CALY
2025-09-30,rut,CALY
2025-09-30,sp600,CALY
2025-12-31,rut,CALY
2025-12-31,sp600,CALY
2026-03-31,rut,CALY
2026-03-31,sp600,CALY
2026-06-30,rut,CALY
2026-06-30,sp600,CALY
2026-09-30,rut,CALY
2026-09-30,sp600,CALY
2019-12-31,rut,FCFS
2019-12-31,sp400,FCFS
2020-03-31,rut,FCFS
2020-03-31,sp400,FCFS
2020-06-30,rut,FCFS
2020-06-30,sp400,FCFS
2020-09-30,rut,FCFS
2020-09-30,sp400,FCFS
2020-12-31,rut,FCFS
2020-12-31,sp400,FCFS
2021-03-31,rut,FCFS
2021-03-31,sp400,FCFS
2021-06-30,rut,FCFS
2021-06-30,sp400,FCFS
2021-09-30,rut,FCFS
2021-09-30,sp400,FCFS
2021-12-31,rut,FCFS
2021-12-31,sp400,FCFS
2022-03-31,rut,FCFS
2022-03-31,sp400,FCFS
2022-06-30,rut,FCFS
2022-06-30,sp400,FCFS
2022-09-30,rut,FCFS
2022-09-30,sp400,FCFS
2022-12-31,rut,FCFS
2022-12-31,sp400,FCFS
2023-03-31,rut,FCFS
2023-03-31,sp400,FCFS
2023-06-30,rut,FCFS
2023-06-30,sp400,FCFS
2023-09-30,rut,FCFS
2023-09-30,sp400,FCFS
2023-12-31,rut,FCFS
2023-12-31,sp400,FCFS
2024-03-31,rut,FCFS
2024-03-31,sp400,FCFS
2024-06-30,rut,FCFS
2024-06-30,sp400,FCFS
2024-09-30,rut,FCFS
2024-09-30,sp400,FCFS
2024-12-31,rut,FCFS
2024-12-31,sp400,FCFS
2025-03-31,rut,FCFS
2025-03-31,sp400,FCFS
2025-06-30,rut,FCFS
2025-06-30,sp400,FCFS
2025-09-30,rut,FCFS
2025-09-30,sp400,FCFS
2025-12-31,rut,FCFS
2025-12-31,sp400,FCFS
2026-03-31,rut,FCFS
2026-03-31,sp400,FCFS
2026-06-30,rut,FCFS
2026-06-30,sp400,FCFS
2026-09-30,rut,FCFS
2026-09-30,sp400,FCFS
2019-12-31,sp400,LEA
2020-03-31,sp400,LEA
2020-06-30,sp400,LEA
2020-09-30,sp400,LEA
2020-12-31,sp400,LEA
2021-03-31,sp400,LEA
2021-06-30,sp400,LEA
2021-09-30,sp400,LEA
2021-12-31,sp400,LEA
2022-03-31,sp400,LEA
2022-06-30,sp400,LEA
2022-09-30,sp400,LEA
2022-12-31,sp400,LEA
2023-03-31,sp400,LEA
2023-06-30,sp400,LEA
2023-09-30,sp400,LEA
2023-12-31,sp400,LEA
2024-03-31,sp400,LEA
2024-06-30,sp400,LEA
2024-09-30,sp400,LEA
2024-12-31,sp400,LEA
2025-03-31,sp400,LEA
2025-06-30,sp400,LEA
2025-09-30,sp400,LEA
2025-12-31,sp400,LEA
2026-03-31,sp400,LEA
2026-06-30,sp400,LEA
2026-09-30,sp400,LEA
2019-12-31,rut,TRS
2020-03-31,rut,TRS
2020-06-30,rut,TRS
2020-09-30,rut,TRS
2020-12-31,rut,TRS
2021-03-31,rut,TRS
2021-06-30,rut,TRS
2021-09-30,rut,TRS
2021-12-31,rut,TRS
2022-03-31,rut,TRS
2022-06-30,rut,TRS
2022-09-30,rut,TRS
2022-12-31,rut,TRS
2023-03-31,rut,TRS
2023-06-30,rut,TRS
2023-09-30,rut,TRS
2023-12-31,rut,TRS
2024-03-31,rut,TRS
2024-06-30,rut,TRS
2024-09-30,rut,TRS
2024-12-31,rut,TRS
2025-03-31,rut,TRS
2025-06-30,rut,TRS
2025-09-30,rut,TRS
2025-12-31,rut,TRS
2026-03-31,rut,TRS
2026-06-30,rut,TRS
2026-09-30,rut,TRS
2019-12-31,rut,AGM
2020-03-31,rut,AGM
2020-06-30,rut,AGM
2020-09-30,rut,AGM
2020-12-31,rut,AGM
2021-03-31,rut,AGM
2021-06-30,rut,AGM
2021-09-30,rut,AGM
2021-12-31,rut,AGM
2022-03-31,rut,AGM
2022-06-30,rut,AGM
2022-09-30,rut,AGM
2022-12-31,rut,AGM
2023-03-31,rut,AGM
2023-06-30,rut,AGM
2023-09-30,rut,AGM
2023-12-31,rut,AGM
2024-03-31,rut,AGM
2024-06-30,rut,AGM
2024-09-30,rut,AGM
2024-12-31,rut,AGM
2025-03-31,rut,AGM
2025-06-30,rut,AGM
2025-09-30,rut,AGM
2025-12-31,rut,AGM
2026-03-31,rut,AGM
2026-06-30,rut,AGM
2026-09-30,rut,AGM
2021-03-31,rut,DCOM
2021-03-31,sp600,DCOM
2021-06-30,rut,DCOM
2021-06-30,sp600,DCOM
2021-09-30,rut,DCOM
2021-09-30,sp600,DCOM
2021-12-31,rut,DCOM
2021-12-31,sp600,DCOM
2022-03-31,rut,DCOM
2022-03-31,sp600,DCOM
2022-06-30,rut,DCOM
2022-06-30,sp600,DCOM
2022-09-30,rut,DCOM
2022-09-30,sp600,DCOM
2022-12-31,rut,DCOM
2022-12-31,sp600,DCOM
2023-03-31,rut,DCOM
2023-03-31,sp600,DCOM
2023-06-30,rut,DCOM
2023-06-30,sp600,DCOM
2023-09-30,rut,DCOM
2023-09-30,sp600,DCOM
2023-12-31,rut,DCOM
2023-12-31,sp600,DCOM
2024-03-31,rut,DCOM
2024-03-31,sp600,DCOM
2024-06-30,rut,DCOM
2024-06-30,sp600,DCOM
2024-09-30,rut,DCOM
2024-09-30,sp600,DCOM
2024-12-31,rut,DCOM
2024-12-31,sp600,DCOM
2025-03-31,rut,DCOM
2025-03-31,sp600,DCOM
2025-06-30,rut,DCOM
2025-06-30,sp600,DCOM
2025-09-30,rut,DCOM
2025-09-30,sp600,DCOM
2025-12-31,rut,DCOM
2025-12-31,sp600,DCOM
2026-03-31,rut,DCOM
2026-03-31,sp600,DCOM
2026-06-30,rut,DCOM
2026-06-30,sp600,DCOM
2026-09-30,rut,DCOM
2026-09-30,sp600,DCOM
2019-12-31,sp400,SLGN
2020-03-31,sp400,SLGN
2020-06-30,sp400,SLGN
2020-09-30,sp400,SLGN
2020-12-31,sp400,SLGN
2021-03-31,sp400,SLGN
2021-06-30,sp400,SLGN
2021-09-30,sp400,SLGN
2021-12-31,sp400,SLGN
2022-03-31,sp400,SLGN
2022-06-30,sp400,SLGN
2022-09-30,sp400,SLGN
2022-12-31,sp400,SLGN
2023-03-31,sp400,SLGN
2023-06-30,sp400,SLGN
2023-09-30,sp400,SLGN
2023-12-31,sp400,SLGN
2024-03-31,sp400,SLGN
2024-06-30,sp400,SLGN
2024-09-30,sp400,SLGN
2024-12-31,sp400,SLGN
2025-03-31,sp400,SLGN
2025-06-30,sp400,SLGN
2025-09-30,sp400,SLGN
2025-12-31,sp400,SLGN
2026-03-31,sp400,SLGN
2026-06-30,sp400,SLGN
2026-09-30,sp400,SLGN
2019-12-31,rut,HMN
2019-12-31,sp600,HMN
2020-03-31,rut,HMN
2020-03-31,sp600,HMN
2020-06-30,rut,HMN
2020-06-30,sp600,HMN
2020-09-30,rut,HMN
2020-09-30,sp600,HMN
2020-12-31,rut,HMN
2020-12-31,sp600,HMN
2021-03-31,rut,HMN
2021-03-31,sp600,HMN
2021-06-30,rut,HMN
2021-06-30,sp600,HMN
2021-09-30,rut,HMN
2021-09-30,sp600,HMN
2021-12-31,rut,HMN
2021-12-31,sp600,HMN
2022-03-31,rut,HMN
2022-03-31,sp600,HMN
2022-06-30,rut,HMN
2022-06-30,sp600,HMN
2022-09-30,rut,HMN
2022-09-30,sp600,HMN
2022-12-31,rut,HMN
2022-12-31,sp600,HMN
2023-03-31,rut,HMN
2023-03-31,sp600,HMN
2023-06-30,rut,HMN
2023-06-30,sp600,HMN
2023-09-30,rut,HMN
2023-09-30,sp600,HMN
2023-12-31,rut,HMN
2023-12-31,sp600,HMN
2024-03-31,rut,HMN
2024-03-31,sp600,HMN
2024-06-30,rut,HMN
2024-06-30,sp600,HMN
2024-09-30,rut,HMN
2024-09-30,sp600,HMN
2024-12-31,rut,HMN
2024-12-31,sp600,HMN
2025-03-31,rut,HMN
2025-03-31,sp600,HMN
2025-06-30,rut,HMN
2025-06-30,sp600,HMN
2025-09-30,rut,HMN
2025-09-30,sp600,HMN
2025-12-31,rut,HMN
2025-12-31,sp600,HMN
2026-03-31,rut,HMN
2026-03-31,sp600,HMN
2026-06-30,rut,HMN
2026-06-30,sp600,HMN
2026-09-30,rut,HMN
2026-09-30,sp600,HMN
2019-12-31,sp400,CGNX
2020-03-31,sp400,CGNX
2020-06-30,sp400,CGNX
2020-09-30,sp400,CGNX
2020-12-31,sp400,CGNX
2021-03-31,sp400,CGNX
2021-06-30,sp400,CGNX
2021-09-30,sp400,CGNX
2021-12-31,sp400,CGNX
2022-03-31,sp400,CGNX
2022-06-30,sp400,CGNX
2022-09-30,sp400,CGNX
2022-12-31,sp400,CGNX
2023-03-31,sp400,CGNX
2023-06-30,sp400,CGNX
2023-09-30,sp400,CGNX
2023-12-31,sp400,CGNX
2024-03-31,sp400,CGNX
2024-06-30,sp400,CGNX
2024-09-30,sp400,CGNX
2024-12-31,sp400,CGNX
2025-03-31,sp400,CGNX
2025-06-30,sp400,CGNX
2025-09-30,sp400,CGNX
2025-12-31,sp400,CGNX
2026-03-31,sp400,CGNX
2026-06-30,sp400,CGNX
2026-09-30,sp400,CGNX
2019-12-31,rut,EXPO
2019-12-31,sp600,EXPO
2020-03-31,rut,EXPO
2020-03-31,sp600,EXPO
2020-06-30,rut,EXPO
2020-06-30,sp600,EXPO
2020-09-30,rut,EXPO
2020-09-30,sp600,EXPO
2020-12-31,rut,EXPO
2020-12-31,sp600,EXPO
2021-03-31,rut,EXPO
2021-03-31,sp600,EXPO
2021-06-30,rut,EXPO
2021-06-30,sp600,EXPO
2021-09-30,rut,EXPO
2021-09-30,sp600,EXPO
2021-12-31,rut,EXPO
2021-12-31,sp600,EXPO
2022-03-31,rut,EXPO
2022-03-31,sp600,EXPO
2022-06-30,rut,EXPO
2022-06-30,sp600,EXPO
2022-09-30,rut,EXPO
2022-09-30,sp600,EXPO
2022-12-31,rut,EXPO
2022-12-31,sp600,EXPO
2023-03-31,rut,EXPO
2023-03-31,sp400,EXPO
2023-06-30,rut,EXPO
2023-06-30,sp400,EXPO
2023-09-30,rut,EXPO
2023-09-30,sp400,EXPO
2023-12-31,rut,EXPO
2023-12-31,sp400,EXPO
2024-03-31,rut,EXPO
2024-03-31,sp400,EXPO
2024-06-30,rut,EXPO
2024-06-30,sp400,EXPO
2024-09-30,rut,EXPO
2024-09-30,sp400,EXPO
2024-12-31,rut,EXPO
2024-12-31,sp400,EXPO
2025-03-31,rut,EXPO
2025-03-31,sp400,EXPO
2025-06-30,rut,EXPO
2025-06-30,sp400,EXPO
2025-09-30,rut,EXPO
2025-09-30,sp400,EXPO
2025-12-31,rut,EXPO
2025-12-31,sp400,EXPO
2026-03-31,rut,EXPO
2026-03-31,sp400,EXPO
2026-06-30,rut,EXPO
2026-06-30,sp400,EXPO
2026-09-30,rut,EXPO
2026-09-30,sp400,EXPO
2019-12-31,sp400,LSTR
2020-03-31,sp400,LSTR
2020-06-30,sp400,LSTR
2020-09-30,sp400,LSTR
2020-12-31,sp400,LSTR
2021-03-31,sp400,LSTR
2021-06-30,sp400,LSTR
2021-09-30,sp400,LSTR
2021-12-31,sp400,LSTR
2022-03-31,sp400,LSTR
2022-06-30,sp400,LSTR
2022-09-30,sp400,LSTR
2022-12-31,sp400,LSTR
2023-03-31,sp400,LSTR
2023-06-30,sp400,LSTR
2023-09-30,sp400,LSTR
2023-12-31,sp400,LSTR
2024-03-31,sp400,LSTR
2024-06-30,sp400,LSTR
2024-09-30,sp400,LSTR
2024-12-31,sp400,LSTR
2025-03-31,sp400,LSTR
2025-06-30,sp400,LSTR
2025-09-30,sp400,LSTR
2025-12-31,sp400,LSTR
2026-03-31,sp400,LSTR
2026-06-30,sp400,LSTR
2026-09-30,sp400,LSTR
2019-12-31,rut,GSBC
2020-03-31,rut,GSBC
2020-06-30,rut,GSBC
2020-09-30,rut,GSBC
2020-12-31,rut,GSBC
2021-03-31,rut,GSBC
2021-06-30,rut,GSBC
2021-09-30,rut,GSBC
2021-12-31,rut,GSBC
2022-03-31,rut,GSBC
2022-06-30,rut,GSBC
2022-09-30,rut,GSBC
2022-12-31,rut,GSBC
2023-03-31,rut,GSBC
2023-06-30,rut,GSBC
2023-09-30,rut,GSBC
2023-12-31,rut,GSBC
2024-03-31,rut,GSBC
2024-06-30,rut,GSBC
2024-09-30,rut,GSBC
2024-12-31,rut,GSBC
2025-03-31,rut,GSBC
2025-06-30,rut,GSBC
2025-09-30,rut,GSBC
2025-12-31,rut,GSBC
2026-03-31,rut,GSBC
2026-06-30,rut,GSBC
2026-09-30,rut,GSBC
2019-12-31,rut,DGII
2019-12-31,sp600,DGII
2020-03-31,rut,DGII
2020-03-31,sp600,DGII
2020-06-30,rut,DGII
2020-06-30,sp600,DGII
2020-09-30,rut,DGII
2020-09-30,sp600,DGII
2020-12-31,rut,DGII
2020-12-31,sp600,DGII
2021-03-31,rut,DGII
2021-03-31,sp600,DGII
2021-06-30,rut,DGII
2021-06-30,sp600,DGII
2021-09-30,rut,DGII
2021-09-30,sp600,DGII
2021-12-31,rut,DGII
2021-12-31,sp600,DGII
2022-03-31,rut,DGII
2022-03-31,sp600,DGII
2022-06-30,rut,DGII
2022-06-30,sp600,DGII
2022-09-30,rut,DGII
2022-09-30,sp600,DGII
2022-12-31,rut,DGII
2022-12-31,sp600,DGII
2023-03-31,rut,DGII
2023-03-31,sp600,DGII
2023-06-30,rut,DGII
2023-06-30,sp600,DGII
2023-09-30,rut,DGII
2023-09-30,sp600,DGII
2023-12-31,rut,DGII
2023-12-31,sp600,DGII
2024-03-31,rut,DGII
2024-03-31,sp600,DGII
2024-06-30,rut,DGII
2024-06-30,sp600,DGII
2024-09-30,rut,DGII
2024-09-30,sp600,DGII
2024-12-31,rut,DGII
2024-12-31,sp600,DGII
2025-03-31,rut,DGII
2025-03-31,sp600,DGII
2025-06-30,rut,DGII
2025-06-30,sp600,DGII
2025-09-30,rut,DGII
2025-09-30,sp600,DGII
2025-12-31,rut,DGII
2025-12-31,sp600,DGII
2026-03-31,rut,DGII
2026-03-31,sp600,DGII
2026-06-30,rut,DGII
2026-06-30,sp600,DGII
2026-09-30,rut,DGII
2026-09-30,sp600,DGII
2019-12-31,rut,LSCC
2020-03-31,rut,LSCC
2020-06-30,rut,LSCC
2020-09-30,rut,LSCC
2020-12-31,rut,LSCC
2021-03-31,rut,LSCC
2021-06-30,rut,LSCC
2021-06-30,sp400,LSCC
2021-09-30,rut,LSCC
2021-09-30,sp400,LSCC
2021-12-31,rut,LSCC
2021-12-31,sp400,LSCC
2022-03-31,rut,LSCC
2022-03-31,sp400,LSCC
2022-06-30,sp400,LSCC
2022-09-30,sp400,LSCC
2022-12-31,sp400,LSCC
2023-03-31,sp400,LSCC
2023-06-30,sp400,LSCC
2023-09-30,sp400,LSCC
2023-12-31,sp400,LSCC
2024-03-31,sp400,LSCC
2024-06-30,sp400,LSCC
2024-09-30,sp400,LSCC
2024-12-31,sp400,LSCC
2025-03-31,sp400,LSCC
2025-06-30,sp400,LSCC
2025-09-30,sp400,LSCC
2025-12-31,sp400,LSCC
2026-03-31,sp400,LSCC
2026-06-30,sp400,LSCC
2026-09-30,sp400,LSCC
2019-12-31,rut,MMSI
2019-12-31,sp600,MMSI
2020-03-31,rut,MMSI
2020-03-31,sp600,MMSI
2020-06-30,rut,MMSI
2020-06-30,sp600,MMSI
2020-09-30,rut,MMSI
2020-09-30,sp600,MMSI
2020-12-31,rut,MMSI
2020-12-31,sp600,MMSI
2021-03-31,rut,MMSI
2021-03-31,sp600,MMSI
2021-06-30,rut,MMSI
2021-06-30,sp600,MMSI
2021-09-30,rut,MMSI
2021-09-30,sp600,MMSI
2021-12-31,rut,MMSI
2021-12-31,sp600,MMSI
2022-03-31,rut,MMSI
2022-03-31,sp600,MMSI
2022-06-30,rut,MMSI
2022-06-30,sp600,MMSI
2022-09-30,rut,MMSI
2022-09-30,sp600,MMSI
2022-12-31,rut,MMSI
2022-12-31,sp600,MMSI
2023-03-31,rut,MMSI
2023-03-31,sp600,MMSI
2023-06-30,rut,MMSI
2023-06-30,sp600,MMSI
2023-09-30,rut,MMSI
2023-09-30,sp600,MMSI
2023-12-31,rut,MMSI
2023-12-31,sp600,MMSI
2024-03-31,rut,MMSI
2024-03-31,sp600,MMSI
2024-06-30,rut,MMSI
2024-06-30,sp600,MMSI
2024-09-30,rut,MMSI
2024-09-30,sp600,MMSI
2024-12-31,rut,MMSI
2024-12-31,sp600,MMSI
2025-03-31,rut,MMSI
2025-03-31,sp600,MMSI
2025-06-30,rut,MMSI
2025-06-30,sp600,MMSI
2025-09-30,rut,MMSI
2025-09-30,sp600,MMSI
2025-12-31,rut,MMSI
2025-12-31,sp600,MMSI
2026-03-31,rut,MMSI
2026-03-31,sp600,MMSI
2026-06-30,rut,MMSI
2026-06-30,sp600,MMSI
2026-09-30,rut,MMSI
2026-09-30,sp600,MMSI
2019-12-31,rut,UCB
2019-12-31,sp600,UCB
2020-03-31,rut,UCB
2020-03-31,sp600,UCB
2020-06-30,rut,UCB
2020-06-30,sp600,UCB
2020-09-30,rut,UCB
2020-09-30,sp600,UCB
2020-12-31,rut,UCB
2020-12-31,sp600,UCB
2021-03-31,rut,UCB
2021-03-31,sp600,UCB
2021-06-30,rut,UCB
2021-06-30,sp600,UCB
2021-09-30,rut,UCB
2021-09-30,sp600,UCB
2021-12-31,rut,UCB
2021-12-31,sp600,UCB
2022-03-31,rut,UCB
2022-03-31,sp600,UCB
2022-06-30,rut,UCB
2022-06-30,sp600,UCB
2022-09-30,rut,UCB
2022-09-30,sp600,UCB
2022-12-31,rut,UCB
2022-12-31,sp600,UCB
2023-03-31,rut,UCB
2023-03-31,sp600,UCB
2023-06-30,rut,UCB
2023-06-30,sp600,UCB
2023-09-30,rut,UCB
2023-09-30,sp600,UCB
2023-12-31,rut,UCB
2023-12-31,sp600,UCB
2024-03-31,rut,UCB
2024-03-31,sp600,UCB
2024-06-30,rut,UCB
2024-06-30,sp600,UCB
2024-09-30,rut,UCB
2024-09-30,sp600,UCB
2024-12-31,rut,UCB
2024-12-31,sp600,UCB
2025-03-31,rut,UCB
2025-03-31,sp600,UCB
2025-06-30,rut,UCB
2025-06-30,sp600,UCB
2025-09-30,rut,UCB
2025-09-30,sp600,UCB
2025-12-31,rut,UCB
2025-12-31,sp600,UCB
2026-03-31,rut,UCB
2026-03-31,sp600,UCB
2026-06-30,rut,UCB
2026-06-30,sp600,UCB
2026-09-30,rut,UCB
2026-09-30,sp600,UCB
2019-12-31,rut,FIBK
2020-03-31,rut,FIBK
2020-06-30,rut,FIBK
2020-09-30,rut,FIBK
2020-12-31,rut,FIBK
2021-03-31,rut,FIBK
2021-06-30,rut,FIBK
2021-09-30,rut,FIBK
2021-12-31,rut,FIBK
2022-03-31,rut,FIBK
2022-06-30,rut,FIBK
2022-09-30,rut,FIBK
2022-12-31,rut,FIBK
2023-03-31,rut,FIBK
2023-06-30,rut,FIBK
2023-09-30,rut,FIBK
2023-12-31,rut,FIBK
2024-03-31,rut,FIBK
2024-06-30,rut,FIBK
2024-09-30,rut,FIBK
2024-12-31,rut,FIBK
2025-03-31,rut,FIBK
2025-06-30,rut,FIBK
2025-09-30,rut,FIBK
2025-12-31,rut,FIBK
2025-12-31,sp600,FIBK
2026-03-31,rut,FIBK
2026-03-31,sp600,FIBK
2026-06-30,rut,FIBK
2026-06-30,sp600,FIBK
2026-09-30,rut,FIBK
2026-09-30,sp600,FIBK
2019-12-31,sp400,CDP
2020-03-31,sp400,CDP
2020-06-30,sp400,CDP
2020-09-30,sp400,CDP
2020-12-31,sp400,CDP
2021-03-31,sp400,CDP
2021-06-30,rut,CDP
2021-06-30,sp400,CDP
2021-09-30,rut,CDP
2021-09-30,sp400,CDP
2021-12-31,rut,CDP
2021-12-31,sp400,CDP
2022-03-31,rut,CDP
2022-03-31,sp400,CDP
2022-06-30,rut,CDP
2022-06-30,sp400,CDP
2022-09-30,rut,CDP
2022-09-30,sp400,CDP
2022-12-31,rut,CDP
2022-12-31,sp400,CDP
2023-03-31,rut,CDP
2023-03-31,sp400,CDP
2023-06-30,rut,CDP
2023-06-30,sp400,CDP
2023-09-30,rut,CDP
2023-09-30,sp400,CDP
2023-12-31,rut,CDP
2023-12-31,sp400,CDP
2024-03-31,rut,CDP
2024-03-31,sp400,CDP
2024-06-30,rut,CDP
2024-06-30,sp400,CDP
2024-09-30,rut,CDP
2024-09-30,sp400,CDP
2024-12-31,rut,CDP
2024-12-31,sp400,CDP
2025-03-31,rut,CDP
2025-03-31,sp400,CDP
2025-06-30,rut,CDP
2025-06-30,sp400,CDP
2025-09-30,rut,CDP
2025-09-30,sp400,CDP
2025-12-31,rut,CDP
2025-12-31,sp400,CDP
2026-03-31,rut,CDP
2026-03-31,sp400,CDP
2026-06-30,rut,CDP
2026-06-30,sp400,CDP
2026-09-30,rut,CDP
2026-09-30,sp400,CDP
2019-12-31,sp400,KMPR
2020-03-31,sp400,KMPR
2020-06-30,sp400,KMPR
2020-09-30,sp400,KMPR
2020-12-31,sp400,KMPR
2021-03-31,sp400,KMPR
2021-06-30,sp400,KMPR
2021-09-30,sp400,KMPR
2021-12-31,sp400,KMPR
2022-03-31,sp400,KMPR
2022-06-30,sp400,KMPR
2022-09-30,sp400,KMPR
2022-12-31,sp400,KMPR
2023-03-31,sp400,KMPR
2023-06-30,sp400,KMPR
2023-09-30,sp400,KMPR
2023-12-31,sp400,KMPR
2024-03-31,sp400,KMPR
2024-06-30,sp400,KMPR
2024-09-30,sp400,KMPR
2024-12-31,sp400,KMPR
2025-03-31,sp400,KMPR
2025-06-30,sp400,KMPR
2025-09-30,sp400,KMPR
2025-12-31,sp400,KMPR
2026-03-31,sp600,KMPR
2026-06-30,rut,KMPR
2026-06-30,sp600,KMPR
2026-09-30,rut,KMPR
2026-09-30,sp600,KMPR
2019-12-31,rut,GVA
2019-12-31,sp600,GVA
2020-03-31,rut,GVA
2020-03-31,sp600,GVA
2020-06-30,rut,GVA
2020-06-30,sp600,GVA
2020-09-30,rut,GVA
2020-09-30,sp600,GVA
2020-12-31,rut,GVA
2020-12-31,sp600,GVA
2021-03-31,rut,GVA
2021-03-31,sp600,GVA
2021-06-30,rut,GVA
2021-06-30,sp600,GVA
2021-09-30,rut,GVA
2021-09-30,sp600,GVA
2021-12-31,rut,GVA
2021-12-31,sp600,GVA
2022-03-31,rut,GVA
2022-03-31,sp600,GVA
2022-06-30,rut,GVA
2022-06-30,sp600,GVA
2022-09-30,rut,GVA
2022-09-30,sp600,GVA
2022-12-31,rut,GVA
2022-12-31,sp600,GVA
2023-03-31,rut,GVA
2023-03-31,sp600,GVA
2023-06-30,rut,GVA
2023-06-30,sp600,GVA
2023-09-30,rut,GVA
2023-09-30,sp600,GVA
2023-12-31,rut,GVA
2023-12-31,sp600,GVA
2024-03-31,rut,GVA
2024-03-31,sp600,GVA
2024-06-30,rut,GVA
2024-06-30,sp600,GVA
2024-09-30,rut,GVA
2024-09-30,sp600,GVA
2024-12-31,rut,GVA
2024-12-31,sp600,GVA
2025-03-31,rut,GVA
2025-03-31,sp600,GVA
2025-06-30,rut,GVA
2025-06-30,sp600,GVA
2025-09-30,rut,GVA
2025-09-30,sp600,GVA
2025-12-31,rut,GVA
2025-12-31,sp600,GVA
2026-03-31,rut,GVA
2026-03-31,sp600,GVA
2026-06-30,rut,GVA
2026-06-30,sp600,GVA
2026-09-30,rut,GVA
2026-09-30,sp600,GVA
2019-12-31,rut,CATY
2019-12-31,sp400,CATY
2020-03-31,rut,CATY
2020-03-31,sp400,CATY
2020-06-30,rut,CATY
2020-06-30,sp400,CATY
2020-09-30,rut,CATY
2020-09-30,sp400,CATY
2020-12-31,rut,CATY
2020-12-31,sp400,CATY
2021-03-31,rut,CATY
2021-03-31,sp400,CATY
2021-06-30,rut,CATY
2021-06-30,sp400,CATY
2021-09-30,rut,CATY
2021-09-30,sp400,CATY
2021-12-31,rut,CATY
2021-12-31,sp400,CATY
2022-03-31,rut,CATY
2022-03-31,sp400,CATY
2022-06-30,rut,CATY
2022-06-30,sp400,CATY
2022-09-30,rut,CATY
2022-09-30,sp400,CATY
2022-12-31,rut,CATY
2022-12-31,sp400,CATY
2023-03-31,rut,CATY
2023-03-31,sp400,CATY
2023-06-30,rut,CATY
2023-06-30,sp400,CATY
2023-09-30,rut,CATY
2023-09-30,sp600,CATY
2023-12-31,rut,CATY
2023-12-31,sp600,CATY
2024-03-31,rut,CATY
2024-03-31,sp600,CATY
2024-06-30,rut,CATY
2024-06-30,sp600,CATY
2024-09-30,rut,CATY
2024-09-30,sp600,CATY
2024-12-31,rut,CATY
2024-12-31,sp600,CATY
2025-03-31,rut,CATY
2025-03-31,sp600,CATY
2025-06-30,rut,CATY
2025-06-30,sp600,CATY
2025-09-30,rut,CATY
2025-09-30,sp600,CATY
2025-12-31,rut,CATY
2025-12-31,sp600,CATY
2026-03-31,rut,CATY
2026-03-31,sp600,CATY
2026-06-30,rut,CATY
2026-06-30,sp600,CATY
2026-09-30,rut,CATY
2026-09-30,sp600,CATY
2019-12-31,sp400,RS
2020-03-31,sp400,RS
2020-06-30,sp400,RS
2020-09-30,sp400,RS
2020-12-31,sp400,RS
2021-03-31,sp400,RS
2021-06-30,sp400,RS
2021-09-30,sp400,RS
2021-12-31,sp400,RS
2022-03-31,sp400,RS
2022-06-30,sp400,RS
2022-09-30,sp400,RS
2022-12-31,sp400,RS
2023-03-31,sp400,RS
2023-06-30,sp400,RS
2023-09-30,sp400,RS
2023-12-31,sp400,RS
2024-03-31,sp400,RS
2024-06-30,sp400,RS
2024-09-30,sp400,RS
2024-12-31,sp400,RS
2025-03-31,sp400,RS
2025-06-30,sp400,RS
2025-09-30,sp400,RS
2025-12-31,sp400,RS
2026-03-31,sp400,RS
2026-06-30,sp400,RS
2026-09-30,sp400,RS
2019-12-31,rut,FISI
2020-03-31,rut,FISI
2020-06-30,rut,FISI
2020-09-30,rut,FISI
2020-12-31,rut,FISI
2021-03-31,rut,FISI
2021-06-30,rut,FISI
2021-09-30,rut,FISI
2021-12-31,rut,FISI
2022-03-31,rut,FISI
2022-06-30,rut,FISI
2022-09-30,rut,FISI
2022-12-31,rut,FISI
2023-03-31,rut,FISI
2023-06-30,rut,FISI
2023-09-30,rut,FISI
2023-12-31,rut,FISI
2024-03-31,rut,FISI
2024-06-30,rut,FISI
2024-09-30,rut,FISI
2024-12-31,rut,FISI
2025-03-31,rut,FISI
2025-06-30,rut,FISI
2025-09-30,rut,FISI
2025-12-31,rut,FISI
2026-03-31,rut,FISI
2026-06-30,rut,FISI
2026-09-30,rut,FISI
2019-12-31,rut,BHE
2019-12-31,sp600,BHE
2020-03-31,rut,BHE
2020-03-31,sp600,BHE
2020-06-30,rut,BHE
2020-06-30,sp600,BHE
2020-09-30,rut,BHE
2020-09-30,sp600,BHE
2020-12-31,rut,BHE
2020-12-31,sp600,BHE
2021-03-31,rut,BHE
2021-03-31,sp600,BHE
2021-06-30,rut,BHE
2021-06-30,sp600,BHE
2021-09-30,rut,BHE
2021-09-30,sp600,BHE
2021-12-31,rut,BHE
2021-12-31,sp600,BHE
2022-03-31,rut,BHE
2022-03-31,sp600,BHE
2022-06-30,rut,BHE
2022-06-30,sp600,BHE
2022-09-30,rut,BHE
2022-09-30,sp600,BHE
2022-12-31,rut,BHE
2022-12-31,sp600,BHE
2023-03-31,rut,BHE
2023-03-31,sp600,BHE
2023-06-30,rut,BHE
2023-06-30,sp600,BHE
2023-09-30,rut,BHE
2023-09-30,sp600,BHE
2023-12-31,rut,BHE
2023-12-31,sp600,BHE
2024-03-31,rut,BHE
2024-03-31,sp600,BHE
2024-06-30,rut,BHE
2024-06-30,sp600,BHE
2024-09-30,rut,BHE
2024-09-30,sp600,BHE
2024-12-31,rut,BHE
2024-12-31,sp600,BHE
2025-03-31,rut,BHE
2025-03-31,sp600,BHE
2025-06-30,rut,BHE
2025-06-30,sp600,BHE
2025-09-30,rut,BHE
2025-09-30,sp600,BHE
2025-12-31,rut,BHE
2025-12-31,sp600,BHE
2026-03-31,rut,BHE
2026-03-31,sp600,BHE
2026-06-30,rut,BHE
2026-06-30,sp600,BHE
2026-09-30,rut,BHE
2026-09-30,sp600,BHE
2022-12-31,sp400,ALGM
2023-03-31,sp400,ALGM
2023-06-30,sp400,ALGM
2023-09-30,sp400,ALGM
2023-12-31,sp400,ALGM
2024-03-31,sp400,ALGM
2024-06-30,sp400,ALGM
2024-09-30,sp400,ALGM
2024-12-31,sp400,ALGM
2025-03-31,sp400,ALGM
2025-06-30,sp400,ALGM
2025-09-30,sp400,ALGM
2025-12-31,sp400,ALGM
2026-03-31,sp400,ALGM
2026-06-30,sp400,ALGM
2026-09-30,sp400,ALGM
2024-12-31,sp400,FLEX
2025-03-31,sp400,FLEX
2025-06-30,sp400,FLEX
2025-09-30,sp400,FLEX
2025-12-31,sp400,FLEX
2019-12-31,rut,ESE
2019-12-31,sp600,ESE
2020-03-31,rut,ESE
2020-03-31,sp600,ESE
2020-06-30,rut,ESE
2020-06-30,sp600,ESE
2020-09-30,rut,ESE
2020-09-30,sp600,ESE
2020-12-31,rut,ESE
2020-12-31,sp600,ESE
2021-03-31,rut,ESE
2021-03-31,sp600,ESE
2021-06-30,rut,ESE
2021-06-30,sp600,ESE
2021-09-30,rut,ESE
2021-09-30,sp600,ESE
2021-12-31,rut,ESE
2021-12-31,sp600,ESE
2022-03-31,rut,ESE
2022-03-31,sp600,ESE
2022-06-30,rut,ESE
2022-06-30,sp600,ESE
2022-09-30,rut,ESE
2022-09-30,sp600,ESE
2022-12-31,rut,ESE
2022-12-31,sp600,ESE
2023-03-31,rut,ESE
2023-03-31,sp600,ESE
2023-06-30,rut,ESE
2023-06-30,sp600,ESE
2023-09-30,rut,ESE
2023-09-30,sp600,ESE
2023-12-31,rut,ESE
2023-12-31,sp600,ESE
2024-03-31,rut,ESE
2024-03-31,sp600,ESE
2024-06-30,rut,ESE
2024-06-30,sp600,ESE
2024-09-30,rut,ESE
2024-09-30,sp600,ESE
2024-12-31,rut,ESE
2024-12-31,sp600,ESE
2025-03-31,rut,ESE
2025-03-31,sp600,ESE
2025-06-30,rut,ESE
2025-06-30,sp600,ESE
2025-09-30,rut,ESE
2025-09-30,sp600,ESE
2025-12-31,rut,ESE
2025-12-31,sp600,ESE
2026-03-31,rut,ESE
2026-03-31,sp600,ESE
2026-06-30,rut,ESE
2026-06-30,sp600,ESE
2026-09-30,rut,ESE
2026-09-30,sp600,ESE
2019-12-31,rut,SCHL
2019-12-31,sp600,SCHL
2020-03-31,rut,SCHL
2020-03-31,sp600,SCHL
2020-06-30,rut,SCHL
2020-06-30,sp600,SCHL
2020-09-30,rut,SCHL
2020-09-30,sp600,SCHL
2020-12-31,rut,SCHL
2020-12-31,sp600,SCHL
2021-03-31,rut,SCHL
2021-03-31,sp600,SCHL
2021-06-30,rut,SCHL
2021-06-30,sp600,SCHL
2021-09-30,rut,SCHL
2021-09-30,sp600,SCHL
2021-12-31,rut,SCHL
2021-12-31,sp600,SCHL
2022-03-31,rut,SCHL
2022-03-31,sp600,SCHL
2022-06-30,rut,SCHL
2022-06-30,sp600,SCHL
2022-09-30,rut,SCHL
2022-09-30,sp600,SCHL
2022-12-31,rut,SCHL
2022-12-31,sp600,SCHL
2023-03-31,rut,SCHL
2023-03-31,sp600,SCHL
2023-06-30,rut,SCHL
2023-06-30,sp600,SCHL
2023-09-30,rut,SCHL
2023-09-30,sp600,SCHL
2023-12-31,rut,SCHL
2023-12-31,sp600,SCHL
2024-03-31,rut,SCHL
2024-03-31,sp600,SCHL
2024-06-30,rut,SCHL
2024-06-30,sp600,SCHL
2024-09-30,rut,SCHL
2024-09-30,sp600,SCHL
2024-12-31,rut,SCHL
2024-12-31,sp600,SCHL
2025-03-31,rut,SCHL
2025-03-31,sp600,SCHL
2025-06-30,rut,SCHL
2025-06-30,sp600,SCHL
2025-09-30,rut,SCHL
2025-09-30,sp600,SCHL
2025-12-31,rut,SCHL
2025-12-31,sp600,SCHL
2026-03-31,rut,SCHL
2026-03-31,sp600,SCHL
2026-06-30,rut,SCHL
2026-06-30,sp600,SCHL
2026-09-30,rut,SCHL
2026-09-30,sp600,SCHL
2026-09-30,rut,HOS
2026-09-30,sp600,HOS
2019-12-31,rut,GBCI
2019-12-31,sp600,GBCI
2020-03-31,rut,GBCI
2020-03-31,sp600,GBCI
2020-06-30,rut,GBCI
2020-06-30,sp400,GBCI
2020-09-30,rut,GBCI
2020-09-30,sp400,GBCI
2020-12-31,rut,GBCI
2020-12-31,sp400,GBCI
2021-03-31,rut,GBCI
2021-03-31,sp400,GBCI
2021-06-30,rut,GBCI
2021-06-30,sp400,GBCI
2021-09-30,rut,GBCI
2021-09-30,sp400,GBCI
2021-12-31,rut,GBCI
2021-12-31,sp400,GBCI
2022-03-31,rut,GBCI
2022-03-31,sp400,GBCI
2022-06-30,rut,GBCI
2022-06-30,sp400,GBCI
2022-09-30,rut,GBCI
2022-09-30,sp400,GBCI
2022-12-31,rut,GBCI
2022-12-31,sp400,GBCI
2023-03-31,rut,GBCI
2023-03-31,sp400,GBCI
2023-06-30,rut,GBCI
2023-06-30,sp400,GBCI
2023-09-30,rut,GBCI
2023-09-30,sp400,GBCI
2023-12-31,rut,GBCI
2023-12-31,sp400,GBCI
2024-03-31,rut,GBCI
2024-03-31,sp400,GBCI
2024-06-30,rut,GBCI
2024-06-30,sp400,GBCI
2024-09-30,rut,GBCI
2024-09-30,sp400,GBCI
2024-12-31,rut,GBCI
2024-12-31,sp400,GBCI
2025-03-31,rut,GBCI
2025-03-31,sp400,GBCI
2025-06-30,rut,GBCI
2025-06-30,sp400,GBCI
2025-09-30,rut,GBCI
2025-09-30,sp400,GBCI
2025-12-31,rut,GBCI
2025-12-31,sp400,GBCI
2026-03-31,rut,GBCI
2026-03-31,sp400,GBCI
2026-06-30,rut,GBCI
2026-06-30,sp400,GBCI
2026-09-30,rut,GBCI
2026-09-30,sp400,GBCI
2019-12-31,rut,DORM
2019-12-31,sp600,DORM
2020-03-31,rut,DORM
2020-03-31,sp600,DORM
2020-06-30,rut,DORM
2020-06-30,sp600,DORM
2020-09-30,rut,DORM
2020-09-30,sp600,DORM
2020-12-31,rut,DORM
2020-12-31,sp600,DORM
2021-03-31,rut,DORM
2021-03-31,sp600,DORM
2021-06-30,rut,DORM
2021-06-30,sp600,DORM
2021-09-30,rut,DORM
2021-09-30,sp600,DORM
2021-12-31,rut,DORM
2021-12-31,sp600,DORM
2022-03-31,rut,DORM
2022-03-31,sp600,DORM
2022-06-30,rut,DORM
2022-06-30,sp600,DORM
2022-09-30,rut,DORM
2022-09-30,sp600,DORM
2022-12-31,rut,DORM
2022-12-31,sp600,DORM
2023-03-31,rut,DORM
2023-03-31,sp600,DORM
2023-06-30,rut,DORM
2023-06-30,sp600,DORM
2023-09-30,rut,DORM
2023-09-30,sp600,DORM
2023-12-31,rut,DORM
2023-12-31,sp600,DORM
2024-03-31,rut,DORM
2024-03-31,sp600,DORM
2024-06-30,rut,DORM
2024-06-30,sp600,DORM
2024-09-30,rut,DORM
2024-09-30,sp600,DORM
2024-12-31,rut,DORM
2024-12-31,sp600,DORM
2025-03-31,rut,DORM
2025-03-31,sp600,DORM
2025-06-30,rut,DORM
2025-06-30,sp600,DORM
2025-09-30,rut,DORM
2025-09-30,sp600,DORM
2025-12-31,rut,DORM
2025-12-31,sp600,DORM
2026-03-31,rut,DORM
2026-03-31,sp600,DORM
2026-06-30,rut,DORM
2026-06-30,sp600,DORM
2026-09-30,rut,DORM
2026-09-30,sp600,DORM
2019-12-31,sp400,ACM
2020-03-31,sp400,ACM
2020-06-30,sp400,ACM
2020-09-30,sp400,ACM
2020-12-31,sp400,ACM
2021-03-31,sp400,ACM
2021-06-30,sp400,ACM
2021-09-30,sp400,ACM
2021-12-31,sp400,ACM
2022-03-31,sp400,ACM
2022-06-30,sp400,ACM
2022-09-30,sp400,ACM
2022-12-31,sp400,ACM
2023-03-31,sp400,ACM
2023-06-30,sp400,ACM
2023-09-30,sp400,ACM
2023-12-31,sp400,ACM
2024-03-31,sp400,ACM
2024-06-30,sp400,ACM
2024-09-30,sp400,ACM
2024-12-31,sp400,ACM
2025-03-31,sp400,ACM
2025-06-30,sp400,ACM
2025-09-30,sp400,ACM
2025-12-31,sp400,ACM
2026-03-31,sp400,ACM
2026-06-30,sp400,ACM
2026-09-30,sp400,ACM
2019-12-31,sp400,MAN
2020-03-31,sp400,MAN
2020-06-30,sp400,MAN
2020-09-30,sp400,MAN
2020-12-31,sp400,MAN
2021-03-31,sp400,MAN
2021-06-30,sp400,MAN
2021-09-30,sp400,MAN
2021-12-31,sp400,MAN
2022-03-31,sp400,MAN
2022-06-30,sp400,MAN
2022-09-30,sp400,MAN
2022-12-31,sp400,MAN
2023-03-31,sp400,MAN
2023-06-30,sp400,MAN
2023-09-30,sp400,MAN
2023-12-31,sp400,MAN
2024-03-31,sp400,MAN
2024-06-30,sp400,MAN
2024-09-30,sp400,MAN
2024-12-31,sp400,MAN
2025-03-31,sp400,MAN
2025-06-30,sp400,MAN
2025-09-30,sp600,MAN
2025-12-31,sp600,MAN
2026-03-31,sp600,MAN
2026-06-30,rut,MAN
2026-06-30,sp600,MAN
2026-09-30,rut,MAN
2026-09-30,sp600,MAN
2024-06-30,sp400,SRPT
2024-09-30,sp400,SRPT
2024-12-31,sp400,SRPT
2025-03-31,sp400,SRPT
2025-06-30,sp400,SRPT
2025-09-30,sp600,SRPT
2025-12-31,sp600,SRPT
2026-03-31,sp600,SRPT
2026-06-30,rut,SRPT
2026-06-30,sp600,SRPT
2026-09-30,rut,SRPT
2026-09-30,sp600,SRPT
2021-06-30,rut,ONIT
2021-09-30,rut,ONIT
2021-12-31,rut,ONIT
2022-03-31,rut,ONIT
2023-06-30,rut,ONIT
2023-09-30,rut,ONIT
2023-12-31,rut,ONIT
2024-03-31,rut,ONIT
2024-06-30,rut,ONIT
2024-09-30,rut,ONIT
2024-12-31,rut,ONIT
2025-03-31,rut,ONIT
2025-06-30,rut,ONIT
2025-09-30,rut,ONIT
2025-12-31,rut,ONIT
2026-03-31,rut,ONIT
2026-06-30,rut,ONIT
2026-09-30,rut,ONIT
2019-12-31,rut,STRL
2020-03-31,rut,STRL
2020-06-30,rut,STRL
2020-09-30,rut,STRL
2020-12-31,rut,STRL
2021-03-31,rut,STRL
2021-06-30,rut,STRL
2021-09-30,rut,STRL
2021-12-31,rut,STRL
2022-03-31,rut,STRL
2022-06-30,rut,STRL
2022-09-30,rut,STRL
2022-12-31,rut,STRL
2023-03-31,rut,STRL
2023-06-30,rut,STRL
2023-09-30,rut,STRL
2023-12-31,rut,STRL
2024-03-31,rut,STRL
2024-06-30,rut,STRL
2024-09-30,rut,STRL
2024-12-31,rut,STRL
2025-03-31,rut,STRL
2025-06-30,rut,STRL
2025-06-30,sp600,STRL
2025-09-30,rut,STRL
2025-09-30,sp600,STRL
2025-12-31,rut,STRL
2025-12-31,sp400,STRL
2026-03-31,rut,STRL
2026-03-31,sp400,STRL
2026-06-30,sp400,STRL
2026-09-30,sp400,STRL
2019-12-31,rut,GPOR
2019-12-31,sp600,GPOR
2020-03-31,rut,GPOR
2020-03-31,sp600,GPOR
2020-06-30,rut,GPOR
2020-06-30,sp600,GPOR
2020-09-30,rut,GPOR
2020-09-30,sp600,GPOR
2022-06-30,rut,GPOR
2022-09-30,rut,GPOR
2022-12-31,rut,GPOR
2023-03-31,rut,GPOR
2023-06-30,rut,GPOR
2023-09-30,rut,GPOR
2023-12-31,rut,GPOR
2024-03-31,rut,GPOR
2024-06-30,rut,GPOR
2024-09-30,rut,GPOR
2024-12-31,rut,GPOR
2025-03-31,rut,GPOR
2025-06-30,rut,GPOR
2025-09-30,rut,GPOR
2025-12-31,rut,GPOR
2026-03-31,rut,GPOR
2026-06-30,rut,GPOR
2026-09-30,rut,GPOR
2026-09-30,sp600,GPOR
2019-12-31,rut,CRVL
2019-12-31,sp600,CRVL
2020-03-31,rut,CRVL
2020-03-31,sp600,CRVL
2020-06-30,rut,CRVL
2020-06-30,sp600,CRVL
2020-09-30,rut,CRVL
2020-09-30,sp600,CRVL
2020-12-31,rut,CRVL
2020-12-31,sp600,CRVL
2021-03-31,rut,CRVL
2021-03-31,sp600,CRVL
2021-06-30,rut,CRVL
2021-06-30,sp600,CRVL
2021-09-30,rut,CRVL
2021-09-30,sp600,CRVL
2021-12-31,rut,CRVL
2021-12-31,sp600,CRVL
2022-03-31,rut,CRVL
2022-03-31,sp600,CRVL
2022-06-30,rut,CRVL
2022-06-30,sp600,CRVL
2022-09-30,rut,CRVL
2022-09-30,sp600,CRVL
2022-12-31,rut,CRVL
2022-12-31,sp600,CRVL
2023-03-31,rut,CRVL
2023-03-31,sp600,CRVL
2023-06-30,rut,CRVL
2023-06-30,sp600,CRVL
2023-09-30,rut,CRVL
2023-09-30,sp600,CRVL
2023-12-31,rut,CRVL
2023-12-31,sp600,CRVL
2024-03-31,rut,CRVL
2024-03-31,sp600,CRVL
2024-06-30,rut,CRVL
2024-06-30,sp600,CRVL
2024-09-30,rut,CRVL
2024-09-30,sp600,CRVL
2024-12-31,rut,CRVL
2024-12-31,sp600,CRVL
2025-03-31,rut,CRVL
2025-03-31,sp600,CRVL
2025-06-30,rut,CRVL
2025-06-30,sp600,CRVL
2025-09-30,rut,CRVL
2025-09-30,sp600,CRVL
2025-12-31,rut,CRVL
2025-12-31,sp600,CRVL
2026-03-31,rut,CRVL
2026-03-31,sp600,CRVL
2026-06-30,rut,CRVL
2026-06-30,sp600,CRVL
2026-09-30,rut,CRVL
2026-09-30,sp600,CRVL
2019-12-31,rut,PRGS
2019-12-31,sp600,PRGS
2020-03-31,rut,PRGS
2020-03-31,sp600,PRGS
2020-06-30,rut,PRGS
2020-06-30,sp600,PRGS
2020-09-30,rut,PRGS
2020-09-30,sp600,PRGS
2020-12-31,rut,PRGS
2020-12-31,sp600,PRGS
2021-03-31,rut,PRGS
2021-03-31,sp600,PRGS
2021-06-30,rut,PRGS
2021-06-30,sp600,PRGS
2021-09-30,rut,PRGS
2021-09-30,sp600,PRGS
2021-12-31,rut,PRGS
2021-12-31,sp600,PRGS
2022-03-31,rut,PRGS
2022-03-31,sp600,PRGS
2022-06-30,rut,PRGS
2022-06-30,sp600,PRGS
2022-09-30,rut,PRGS
2022-09-30,sp600,PRGS
2022-12-31,rut,PRGS
2022-12-31,sp600,PRGS
2023-03-31,rut,PRGS
2023-03-31,sp600,PRGS
2023-06-30,rut,PRGS
2023-06-30,sp600,PRGS
2023-09-30,rut,PRGS
2023-09-30,sp600,PRGS
2023-12-31,rut,PRGS
2023-12-31,sp600,PRGS
2024-03-31,rut,PRGS
2024-03-31,sp600,PRGS
2024-06-30,rut,PRGS
2024-06-30,sp600,PRGS
2024-09-30,rut,PRGS
2024-09-30,sp600,PRGS
2024-12-31,rut,PRGS
2024-12-31,sp600,PRGS
2025-03-31,rut,PRGS
2025-03-31,sp600,PRGS
2025-06-30,rut,PRGS
2025-06-30,sp600,PRGS
2025-09-30,rut,PRGS
2025-09-30,sp600,PRGS
2025-12-31,rut,PRGS
2025-12-31,sp600,PRGS
2026-03-31,rut,PRGS
2026-03-31,sp600,PRGS
2026-06-30,rut,PRGS
2026-06-30,sp600,PRGS
2026-09-30,rut,PRGS
2026-09-30,sp600,PRGS
2019-12-31,rut,MNRO
2019-12-31,sp600,MNRO
2020-03-31,rut,MNRO
2020-03-31,sp600,MNRO
2020-06-30,rut,MNRO
2020-06-30,sp600,MNRO
2020-09-30,rut,MNRO
2020-09-30,sp600,MNRO
2020-12-31,rut,MNRO
2020-12-31,sp600,MNRO
2021-03-31,rut,MNRO
2021-03-31,sp600,MNRO
2021-06-30,rut,MNRO
2021-06-30,sp600,MNRO
2021-09-30,rut,MNRO
2021-09-30,sp600,MNRO
2021-12-31,rut,MNRO
2021-12-31,sp600,MNRO
2022-03-31,rut,MNRO
2022-03-31,sp600,MNRO
2022-06-30,rut,MNRO
2022-06-30,sp600,MNRO
2022-09-30,rut,MNRO
2022-09-30,sp600,MNRO
2022-12-31,rut,MNRO
2022-12-31,sp600,MNRO
2023-03-31,rut,MNRO
2023-03-31,sp600,MNRO
2023-06-30,rut,MNRO
2023-06-30,sp600,MNRO
2023-09-30,rut,MNRO
2023-09-30,sp600,MNRO
2023-12-31,rut,MNRO
2023-12-31,sp600,MNRO
2024-03-31,rut,MNRO
2024-03-31,sp600,MNRO
2024-06-30,rut,MNRO
2024-06-30,sp600,MNRO
2024-09-30,rut,MNRO
2024-09-30,sp600,MNRO
2024-12-31,rut,MNRO
2024-12-31,sp600,MNRO
2025-03-31,rut,MNRO
2025-03-31,sp600,MNRO
2025-06-30,rut,MNRO
2025-06-30,sp600,MNRO
2025-09-30,rut,MNRO
2025-09-30,sp600,MNRO
2025-12-31,rut,MNRO
2025-12-31,sp600,MNRO
2026-03-31,rut,MNRO
2026-03-31,sp600,MNRO
2026-06-30,rut,MNRO
2026-09-30,rut,MNRO
2020-12-31,sp400,MTG
2021-03-31,sp400,MTG
2021-06-30,sp400,MTG
2021-09-30,sp400,MTG
2021-12-31,sp400,MTG
2022-03-31,sp400,MTG
2022-06-30,sp400,MTG
2022-09-30,sp400,MTG
2022-12-31,sp400,MTG
2023-03-31,sp400,MTG
2023-06-30,sp400,MTG
2023-09-30,sp400,MTG
2023-12-31,sp400,MTG
2024-03-31,sp400,MTG
2024-06-30,sp400,MTG
2024-09-30,sp400,MTG
2024-12-31,sp400,MTG
2025-03-31,sp400,MTG
2025-06-30,sp400,MTG
2025-09-30,sp400,MTG
2025-12-31,sp400,MTG
2026-03-31,sp400,MTG
2026-06-30,sp400,MTG
2026-09-30,sp400,MTG
2019-12-31,rut,EZPW
2019-12-31,sp600,EZPW
2020-03-31,rut,EZPW
2020-03-31,sp600,EZPW
2020-06-30,rut,EZPW
2020-06-30,sp600,EZPW
2020-09-30,rut,EZPW
2020-09-30,sp600,EZPW
2020-12-31,rut,EZPW
2020-12-31,sp600,EZPW
2021-03-31,rut,EZPW
2021-03-31,sp600,EZPW
2021-06-30,rut,EZPW
2021-06-30,sp600,EZPW
2021-09-30,rut,EZPW
2021-09-30,sp600,EZPW
2021-12-31,rut,EZPW
2021-12-31,sp600,EZPW
2022-03-31,rut,EZPW
2022-03-31,sp600,EZPW
2022-06-30,rut,EZPW
2022-06-30,sp600,EZPW
2022-09-30,rut,EZPW
2022-09-30,sp600,EZPW
2022-12-31,rut,EZPW
2022-12-31,sp600,EZPW
2023-03-31,rut,EZPW
2023-03-31,sp600,EZPW
2023-06-30,sp600,EZPW
2023-09-30,sp600,EZPW
2023-12-31,sp600,EZPW
2024-03-31,sp600,EZPW
2024-06-30,sp600,EZPW
2024-09-30,sp600,EZPW
2024-12-31,sp600,EZPW
2025-03-31,sp600,EZPW
2025-06-30,sp600,EZPW
2025-09-30,sp600,EZPW
2025-12-31,sp600,EZPW
2026-03-31,sp600,EZPW
2026-06-30,sp600,EZPW
2026-09-30,sp600,EZPW
2021-09-30,rut,STGW
2021-12-31,rut,STGW
2022-03-31,rut,STGW
2022-06-30,rut,STGW
2022-09-30,rut,STGW
2022-12-31,rut,STGW
2023-03-31,rut,STGW
2023-06-30,rut,STGW
2023-09-30,rut,STGW
2023-12-31,rut,STGW
2024-03-31,rut,STGW
2024-06-30,rut,STGW
2024-09-30,rut,STGW
2024-12-31,rut,STGW
2025-03-31,rut,STGW
2025-06-30,rut,STGW
2025-09-30,rut,STGW
2025-12-31,rut,STGW
2026-03-31,rut,STGW
2026-06-30,rut,STGW
2026-09-30,rut,STGW
2019-12-31,rut,NHI
2020-03-31,rut,NHI
2020-06-30,rut,NHI
2020-09-30,rut,NHI
2020-12-31,rut,NHI
2021-03-31,rut,NHI
2021-06-30,rut,NHI
2021-09-30,rut,NHI
2021-12-31,rut,NHI
2022-03-31,rut,NHI
2022-06-30,rut,NHI
2022-09-30,rut,NHI
2022-12-31,rut,NHI
2023-03-31,rut,NHI
2023-06-30,rut,NHI
2023-09-30,rut,NHI
2023-12-31,rut,NHI
2024-03-31,rut,NHI
2024-06-30,rut,NHI
2024-09-30,rut,NHI
2024-12-31,rut,NHI
2025-03-31,rut,NHI
2025-06-30,rut,NHI
2025-09-30,rut,NHI
2025-12-31,rut,NHI
2026-03-31,rut,NHI
2026-06-30,rut,NHI
2026-06-30,sp600,NHI
2026-09-30,rut,NHI
2026-09-30,sp600,NHI
2019-12-31,rut,ARWR
2019-12-31,sp400,ARWR
2020-03-31,rut,ARWR
2020-03-31,sp400,ARWR
2020-06-30,rut,ARWR
2020-06-30,sp400,ARWR
2020-09-30,rut,ARWR
2020-09-30,sp400,ARWR
2020-12-31,rut,ARWR
2020-12-31,sp400,ARWR
2021-03-31,rut,ARWR
2021-03-31,sp400,ARWR
2021-06-30,rut,ARWR
2021-06-30,sp400,ARWR
2021-09-30,rut,ARWR
2021-09-30,sp400,ARWR
2021-12-31,rut,ARWR
2021-12-31,sp400,ARWR
2022-03-31,rut,ARWR
2022-03-31,sp400,ARWR
2022-06-30,rut,ARWR
2022-06-30,sp400,ARWR
2022-09-30,rut,ARWR
2022-09-30,sp400,ARWR
2022-12-31,rut,ARWR
2022-12-31,sp400,ARWR
2023-03-31,rut,ARWR
2023-03-31,sp400,ARWR
2023-06-30,rut,ARWR
2023-06-30,sp400,ARWR
2023-09-30,rut,ARWR
2023-09-30,sp400,ARWR
2023-12-31,rut,ARWR
2023-12-31,sp400,ARWR
2024-03-31,rut,ARWR
2024-03-31,sp400,ARWR
2024-06-30,rut,ARWR
2024-06-30,sp400,ARWR
2024-09-30,rut,ARWR
2024-09-30,sp400,ARWR
2024-12-31,rut,ARWR
2024-12-31,sp400,ARWR
2025-03-31,rut,ARWR
2025-03-31,sp600,ARWR
2025-06-30,rut,ARWR
2025-06-30,sp600,ARWR
2025-09-30,rut,ARWR
2025-09-30,sp600,ARWR
2025-12-31,rut,ARWR
2025-12-31,sp600,ARWR
2026-03-31,rut,ARWR
2026-03-31,sp400,ARWR
2026-06-30,sp400,ARWR
2026-09-30,sp400,ARWR
2019-12-31,rut,WNC
2019-12-31,sp600,WNC
2020-03-31,rut,WNC
2020-03-31,sp600,WNC
2020-06-30,rut,WNC
2020-06-30,sp600,WNC
2020-09-30,rut,WNC
2020-09-30,sp600,WNC
2020-12-31,rut,WNC
2020-12-31,sp600,WNC
2021-03-31,rut,WNC
2021-03-31,sp600,WNC
2021-06-30,rut,WNC
2021-06-30,sp600,WNC
2021-09-30,rut,WNC
2021-09-30,sp600,WNC
2021-12-31,rut,WNC
2021-12-31,sp600,WNC
2022-03-31,rut,WNC
2022-03-31,sp600,WNC
2022-06-30,rut,WNC
2022-06-30,sp600,WNC
2022-09-30,rut,WNC
2022-09-30,sp600,WNC
2022-12-31,rut,WNC
2022-12-31,sp600,WNC
2023-03-31,rut,WNC
2023-03-31,sp600,WNC
2023-06-30,rut,WNC
2023-06-30,sp600,WNC
2023-09-30,rut,WNC
2023-09-30,sp600,WNC
2023-12-31,rut,WNC
2023-12-31,sp600,WNC
2024-03-31,rut,WNC
2024-03-31,sp600,WNC
2024-06-30,rut,WNC
2024-06-30,sp600,WNC
2024-09-30,rut,WNC
2024-09-30,sp600,WNC
2024-12-31,rut,WNC
2024-12-31,sp600,WNC
2025-03-31,rut,WNC
2025-06-30,rut,WNC
2025-09-30,rut,WNC
2025-12-31,rut,WNC
2026-03-31,rut,WNC
2026-06-30,rut,WNC
2026-09-30,rut,WNC
2019-12-31,rut,MPB
2020-03-31,rut,MPB
2020-06-30,rut,MPB
2020-09-30,rut,MPB
2020-12-31,rut,MPB
2021-03-31,rut,MPB
2021-06-30,rut,MPB
2021-09-30,rut,MPB
2021-12-31,rut,MPB
2022-03-31,rut,MPB
2022-06-30,rut,MPB
2022-09-30,rut,MPB
2022-12-31,rut,MPB
2023-03-31,rut,MPB
2023-06-30,rut,MPB
2023-09-30,rut,MPB
2023-12-31,rut,MPB
2024-03-31,rut,MPB
2024-06-30,rut,MPB
2024-09-30,rut,MPB
2024-12-31,rut,MPB
2025-03-31,rut,MPB
2025-06-30,rut,MPB
2025-09-30,rut,MPB
2025-12-31,rut,MPB
2026-03-31,rut,MPB
2026-06-30,rut,MPB
2026-09-30,rut,MPB
2026-09-30,rut,JBSS
2026-09-30,sp600,JBSS
2019-12-31,sp400,AGCO
2020-03-31,sp400,AGCO
2020-06-30,sp400,AGCO
2020-09-30,sp400,AGCO
2020-12-31,sp400,AGCO
2021-03-31,sp400,AGCO
2021-06-30,sp400,AGCO
2021-09-30,sp400,AGCO
2021-12-31,sp400,AGCO
2022-03-31,sp400,AGCO
2022-06-30,sp400,AGCO
2022-09-30,sp400,AGCO
2022-12-31,sp400,AGCO
2023-03-31,sp400,AGCO
2023-06-30,sp400,AGCO
2023-09-30,sp400,AGCO
2023-12-31,sp400,AGCO
2024-03-31,sp400,AGCO
2024-06-30,sp400,AGCO
2024-09-30,sp400,AGCO
2024-12-31,sp400,AGCO
2025-03-31,sp400,AGCO
2025-06-30,sp400,AGCO
2025-09-30,sp400,AGCO
2025-12-31,sp400,AGCO
2026-03-31,sp400,AGCO
2026-06-30,sp400,AGCO
2026-09-30,sp400,AGCO
2019-12-31,rut,WT
2019-12-31,sp600,WT
2020-03-31,rut,WT
2020-03-31,sp600,WT
2020-06-30,rut,WT
2020-06-30,sp600,WT
2020-09-30,rut,WT
2020-09-30,sp600,WT
2020-12-31,rut,WT
2020-12-31,sp600,WT
2021-03-31,rut,WT
2021-03-31,sp600,WT
2021-06-30,rut,WT
2021-06-30,sp600,WT
2021-09-30,rut,WT
2021-09-30,sp600,WT
2021-12-31,rut,WT
2021-12-31,sp600,WT
2022-03-31,rut,WT
2022-03-31,sp600,WT
2022-06-30,rut,WT
2022-06-30,sp600,WT
2022-09-30,rut,WT
2022-09-30,sp600,WT
2022-12-31,rut,WT
2022-12-31,sp600,WT
2023-03-31,rut,WT
2023-03-31,sp600,WT
2023-06-30,rut,WT
2023-06-30,sp600,WT
2023-09-30,rut,WT
2023-09-30,sp600,WT
2023-12-31,rut,WT
2023-12-31,sp600,WT
2024-03-31,rut,WT
2024-03-31,sp600,WT
2024-06-30,rut,WT
2024-06-30,sp600,WT
2024-09-30,rut,WT
2024-09-30,sp600,WT
2024-12-31,rut,WT
2024-12-31,sp600,WT
2025-03-31,rut,WT
2025-03-31,sp600,WT
2025-06-30,rut,WT
2025-06-30,sp600,WT
2025-09-30,rut,WT
2025-09-30,sp600,WT
2025-12-31,rut,WT
2025-12-31,sp600,WT
2026-03-31,rut,WT
2026-03-31,sp600,WT
2026-06-30,rut,WT
2026-06-30,sp600,WT
2026-09-30,rut,WT
2026-09-30,sp600,WT
2019-12-31,rut,AMSC
2020-03-31,rut,AMSC
2020-06-30,rut,AMSC
2020-09-30,rut,AMSC
2020-12-31,rut,AMSC
2021-03-31,rut,AMSC
2021-06-30,rut,AMSC
2021-09-30,rut,AMSC
2021-12-31,rut,AMSC
2022-03-31,rut,AMSC
2024-09-30,rut,AMSC
2024-12-31,rut,AMSC
2025-03-31,rut,AMSC
2025-06-30,rut,AMSC
2025-09-30,rut,AMSC
2025-12-31,rut,AMSC
2026-03-31,rut,AMSC
2026-06-30,rut,AMSC
2026-09-30,rut,AMSC
2019-12-31,rut,BCRX
2020-03-31,rut,BCRX
2020-06-30,rut,BCRX
2020-09-30,rut,BCRX
2020-12-31,rut,BCRX
2021-03-31,rut,BCRX
2021-06-30,rut,BCRX
2021-09-30,rut,BCRX
2021-12-31,rut,BCRX
2022-03-31,rut,BCRX
2022-06-30,rut,BCRX
2022-09-30,rut,BCRX
2022-12-31,rut,BCRX
2023-03-31,rut,BCRX
2023-06-30,rut,BCRX
2023-09-30,rut,BCRX
2023-12-31,rut,BCRX
2024-03-31,rut,BCRX
2024-06-30,rut,BCRX
2024-09-30,rut,BCRX
2024-12-31,rut,BCRX
2025-03-31,rut,BCRX
2025-06-30,rut,BCRX
2025-09-30,rut,BCRX
2025-12-31,rut,BCRX
2026-03-31,rut,BCRX
2026-06-30,rut,BCRX
2026-09-30,rut,BCRX
2019-12-31,rut,VRTS
2019-12-31,sp600,VRTS
2020-03-31,rut,VRTS
2020-03-31,sp600,VRTS
2020-06-30,rut,VRTS
2020-06-30,sp600,VRTS
2020-09-30,rut,VRTS
2020-09-30,sp600,VRTS
2020-12-31,rut,VRTS
2020-12-31,sp600,VRTS
2021-03-31,rut,VRTS
2021-03-31,sp600,VRTS
2021-06-30,rut,VRTS
2021-06-30,sp600,VRTS
2021-09-30,rut,VRTS
2021-09-30,sp600,VRTS
2021-12-31,rut,VRTS
2021-12-31,sp600,VRTS
2022-03-31,rut,VRTS
2022-03-31,sp600,VRTS
2022-06-30,rut,VRTS
2022-06-30,sp600,VRTS
2022-09-30,rut,VRTS
2022-09-30,sp600,VRTS
2022-12-31,rut,VRTS
2022-12-31,sp600,VRTS
2023-03-31,rut,VRTS
2023-03-31,sp600,VRTS
2023-06-30,rut,VRTS
2023-06-30,sp600,VRTS
2023-09-30,rut,VRTS
2023-09-30,sp600,VRTS
2023-12-31,rut,VRTS
2023-12-31,sp600,VRTS
2024-03-31,rut,VRTS
2024-03-31,sp600,VRTS
2024-06-30,rut,VRTS
2024-06-30,sp600,VRTS
2024-09-30,rut,VRTS
2024-09-30,sp600,VRTS
2024-12-31,rut,VRTS
2024-12-31,sp600,VRTS
2025-03-31,rut,VRTS
2025-03-31,sp600,VRTS
2025-06-30,rut,VRTS
2025-06-30,sp600,VRTS
2025-09-30,rut,VRTS
2025-09-30,sp600,VRTS
2025-12-31,rut,VRTS
2025-12-31,sp600,VRTS
2026-03-31,rut,VRTS
2026-03-31,sp600,VRTS
2026-06-30,rut,VRTS
2026-06-30,sp600,VRTS
2026-09-30,rut,VRTS
2026-09-30,sp600,VRTS
2019-12-31,rut,FOSL
2019-12-31,sp600,FOSL
2020-03-31,rut,FOSL
2020-03-31,sp600,FOSL
2020-06-30,rut,FOSL
2020-06-30,sp600,FOSL
2020-09-30,rut,FOSL
2020-09-30,sp600,FOSL
2020-12-31,rut,FOSL
2020-12-31,sp600,FOSL
2021-03-31,rut,FOSL
2021-03-31,sp600,FOSL
2021-06-30,rut,FOSL
2021-06-30,sp600,FOSL
2021-09-30,rut,FOSL
2021-09-30,sp600,FOSL
2021-12-31,rut,FOSL
2021-12-31,sp600,FOSL
2022-03-31,rut,FOSL
2022-03-31,sp600,FOSL
2022-06-30,rut,FOSL
2022-06-30,sp600,FOSL
2022-09-30,rut,FOSL
2022-12-31,rut,FOSL
2023-03-31,rut,FOSL
2023-06-30,rut,FOSL
2023-09-30,rut,FOSL
2023-12-31,rut,FOSL
2024-03-31,rut,FOSL
2024-06-30,rut,FOSL
2026-06-30,rut,FOSL
2026-09-30,rut,FOSL
2019-12-31,rut,AUB
2020-03-31,rut,AUB
2020-06-30,rut,AUB
2020-09-30,rut,AUB
2020-12-31,rut,AUB
2021-03-31,rut,AUB
2021-06-30,rut,AUB
2021-09-30,rut,AUB
2021-12-31,rut,AUB
2022-03-31,rut,AUB
2022-06-30,rut,AUB
2022-09-30,rut,AUB
2022-12-31,rut,AUB
2023-03-31,rut,AUB
2023-03-31,sp600,AUB
2023-06-30,rut,AUB
2023-06-30,sp600,AUB
2023-09-30,rut,AUB
2023-09-30,sp600,AUB
2023-12-31,rut,AUB
2023-12-31,sp600,AUB
2024-03-31,rut,AUB
2024-03-31,sp600,AUB
2024-06-30,rut,AUB
2024-06-30,sp600,AUB
2024-09-30,rut,AUB
2024-09-30,sp600,AUB
2024-12-31,rut,AUB
2024-12-31,sp600,AUB
2025-03-31,rut,AUB
2025-03-31,sp600,AUB
2025-06-30,rut,AUB
2025-06-30,sp600,AUB
2025-09-30,rut,AUB
2025-09-30,sp600,AUB
2025-12-31,rut,AUB
2025-12-31,sp600,AUB
2026-03-31,rut,AUB
2026-03-31,sp600,AUB
2026-06-30,rut,AUB
2026-06-30,sp600,AUB
2026-09-30,rut,AUB
2026-09-30,sp600,AUB
2019-12-31,sp400,ICUI
2020-03-31,sp400,ICUI
2020-06-30,sp400,ICUI
2020-09-30,sp400,ICUI
2020-12-31,sp400,ICUI
2021-03-31,sp400,ICUI
2021-06-30,sp400,ICUI
2021-09-30,sp400,ICUI
2021-12-31,sp400,ICUI
2022-03-31,sp400,ICUI
2022-06-30,sp400,ICUI
2022-09-30,sp400,ICUI
2022-12-31,sp400,ICUI
2023-03-31,sp400,ICUI
2023-06-30,sp400,ICUI
2023-09-30,sp400,ICUI
2023-12-31,sp600,ICUI
2024-03-31,sp600,ICUI
2024-06-30,sp600,ICUI
2024-09-30,rut,ICUI
2024-09-30,sp600,ICUI
2024-12-31,rut,ICUI
2024-12-31,sp600,ICUI
2025-03-31,rut,ICUI
2025-03-31,sp600,ICUI
2025-06-30,rut,ICUI
2025-06-30,sp600,ICUI
2025-09-30,rut,ICUI
2025-09-30,sp600,ICUI
2025-12-31,rut,ICUI
2025-12-31,sp600,ICUI
2026-03-31,rut,ICUI
2026-03-31,sp600,ICUI
2026-06-30,rut,ICUI
2026-06-30,sp600,ICUI
2026-09-30,rut,ICUI
2026-09-30,sp600,ICUI
2019-12-31,sp400,UGI
2020-03-31,sp400,UGI
2020-06-30,sp400,UGI
2020-09-30,sp400,UGI
2020-12-31,sp400,UGI
2021-03-31,sp400,UGI
2021-06-30,sp400,UGI
2021-09-30,sp400,UGI
2021-12-31,sp400,UGI
2022-03-31,sp400,UGI
2022-06-30,sp400,UGI
2022-09-30,sp400,UGI
2022-12-31,sp400,UGI
2023-03-31,sp400,UGI
2023-06-30,sp400,UGI
2023-09-30,sp400,UGI
2023-12-31,sp400,UGI
2024-03-31,sp400,UGI
2024-06-30,sp400,UGI
2024-09-30,sp400,UGI
2024-12-31,sp400,UGI
2025-03-31,sp400,UGI
2025-06-30,sp400,UGI
2025-09-30,sp400,UGI
2025-12-31,sp400,UGI
2026-03-31,sp400,UGI
2026-06-30,sp400,UGI
2026-09-30,sp400,UGI
2019-12-31,rut,BKE
2019-12-31,sp600,BKE
2020-03-31,rut,BKE
2020-03-31,sp600,BKE
2020-06-30,rut,BKE
2020-06-30,sp600,BKE
2020-09-30,rut,BKE
2020-09-30,sp600,BKE
2020-12-31,rut,BKE
2020-12-31,sp600,BKE
2021-03-31,rut,BKE
2021-03-31,sp600,BKE
2021-06-30,rut,BKE
2021-06-30,sp600,BKE
2021-09-30,rut,BKE
2021-09-30,sp600,BKE
2021-12-31,rut,BKE
2021-12-31,sp600,BKE
2022-03-31,rut,BKE
2022-03-31,sp600,BKE
2022-06-30,rut,BKE
2022-06-30,sp600,BKE
2022-09-30,rut,BKE
2022-09-30,sp600,BKE
2022-12-31,rut,BKE
2022-12-31,sp600,BKE
2023-03-31,rut,BKE
2023-03-31,sp600,BKE
2023-06-30,rut,BKE
2023-06-30,sp600,BKE
2023-09-30,rut,BKE
2023-09-30,sp600,BKE
2023-12-31,rut,BKE
2023-12-31,sp600,BKE
2024-03-31,rut,BKE
2024-03-31,sp600,BKE
2024-06-30,rut,BKE
2024-06-30,sp600,BKE
2024-09-30,rut,BKE
2024-09-30,sp600,BKE
2024-12-31,rut,BKE
2024-12-31,sp600,BKE
2025-03-31,rut,BKE
2025-03-31,sp600,BKE
2025-06-30,rut,BKE
2025-06-30,sp600,BKE
2025-09-30,rut,BKE
2025-09-30,sp600,BKE
2025-12-31,rut,BKE
2025-12-31,sp600,BKE
2026-03-31,rut,BKE
2026-03-31,sp600,BKE
2026-06-30,rut,BKE
2026-06-30,sp600,BKE
2026-09-30,rut,BKE
2026-09-30,sp600,BKE
2026-06-30,sp600,CACC
2026-09-30,sp600,CACC
2020-09-30,sp400,KSS
2020-12-31,sp400,KSS
2021-03-31,sp400,KSS
2021-06-30,sp400,KSS
2021-09-30,sp400,KSS
2021-12-31,sp400,KSS
2022-03-31,sp400,KSS
2022-06-30,sp400,KSS
2022-09-30,sp400,KSS
2022-12-31,sp400,KSS
2023-03-31,sp400,KSS
2023-06-30,sp400,KSS
2023-09-30,sp400,KSS
2023-12-31,sp600,KSS
2024-03-31,sp600,KSS
2024-06-30,sp600,KSS
2024-09-30,sp600,KSS
2024-12-31,sp600,KSS
2025-03-31,sp600,KSS
2025-06-30,rut,KSS
2025-06-30,sp600,KSS
2025-09-30,rut,KSS
2025-09-30,sp600,KSS
2025-12-31,rut,KSS
2025-12-31,sp600,KSS
2026-03-31,rut,KSS
2026-03-31,sp600,KSS
2026-06-30,rut,KSS
2026-06-30,sp600,KSS
2026-09-30,rut,KSS
2026-09-30,sp600,KSS
2019-12-31,rut,LGND
2019-12-31,sp400,LGND
2020-03-31,rut,LGND
2020-03-31,sp400,LGND
2020-06-30,rut,LGND
2020-06-30,sp400,LGND
2020-09-30,rut,LGND
2020-09-30,sp400,LGND
2020-12-31,rut,LGND
2020-12-31,sp400,LGND
2021-03-31,rut,LGND
2021-03-31,sp400,LGND
2021-06-30,rut,LGND
2021-06-30,sp400,LGND
2021-09-30,rut,LGND
2021-09-30,sp600,LGND
2021-12-31,rut,LGND
2021-12-31,sp600,LGND
2022-03-31,rut,LGND
2022-03-31,sp600,LGND
2022-06-30,rut,LGND
2022-06-30,sp600,LGND
2022-09-30,rut,LGND
2022-09-30,sp600,LGND
2022-12-31,rut,LGND
2022-12-31,sp600,LGND
2023-03-31,rut,LGND
2023-03-31,sp600,LGND
2023-06-30,rut,LGND
2023-06-30,sp600,LGND
2023-09-30,rut,LGND
2023-09-30,sp600,LGND
2023-12-31,rut,LGND
2023-12-31,sp600,LGND
2024-03-31,rut,LGND
2024-03-31,sp600,LGND
2024-06-30,rut,LGND
2024-06-30,sp600,LGND
2024-09-30,rut,LGND
2024-09-30,sp600,LGND
2024-12-31,rut,LGND
2024-12-31,sp600,LGND
2025-03-31,rut,LGND
2025-03-31,sp600,LGND
2025-06-30,rut,LGND
2025-06-30,sp600,LGND
2025-09-30,rut,LGND
2025-09-30,sp600,LGND
2025-12-31,rut,LGND
2025-12-31,sp600,LGND
2026-03-31,rut,LGND
2026-03-31,sp600,LGND
2026-06-30,rut,LGND
2026-06-30,sp600,LGND
2026-09-30,rut,LGND
2026-09-30,sp600,LGND
2019-12-31,rut,KAI
2020-03-31,rut,KAI
2020-06-30,rut,KAI
2020-09-30,rut,KAI
2020-12-31,rut,KAI
2021-03-31,rut,KAI
2021-06-30,rut,KAI
2021-09-30,rut,KAI
2021-12-31,rut,KAI
2022-03-31,rut,KAI
2022-06-30,rut,KAI
2022-09-30,rut,KAI
2022-12-31,rut,KAI
2023-03-31,rut,KAI
2023-06-30,rut,KAI
2023-09-30,rut,KAI
2023-12-31,rut,KAI
2024-03-31,rut,KAI
2024-06-30,rut,KAI
2024-09-30,rut,KAI
2024-12-31,rut,KAI
2025-03-31,rut,KAI
2025-03-31,sp600,KAI
2025-06-30,rut,KAI
2025-06-30,sp600,KAI
2025-09-30,rut,KAI
2025-09-30,sp600,KAI
2025-12-31,rut,KAI
2025-12-31,sp600,KAI
2026-03-31,rut,KAI
2026-03-31,sp600,KAI
2026-06-30,rut,KAI
2026-06-30,sp600,KAI
2026-09-30,rut,KAI
2026-09-30,sp600,KAI
2019-12-31,rut,GERN
2020-03-31,rut,GERN
2020-06-30,rut,GERN
2020-09-30,rut,GERN
2020-12-31,rut,GERN
2021-03-31,rut,GERN
2021-06-30,rut,GERN
2021-09-30,rut,GERN
2021-12-31,rut,GERN
2022-03-31,rut,GERN
2022-06-30,rut,GERN
2022-09-30,rut,GERN
2022-12-31,rut,GERN
2023-03-31,rut,GERN
2023-06-30,rut,GERN
2023-09-30,rut,GERN
2023-12-31,rut,GERN
2024-03-31,rut,GERN
2024-06-30,rut,GERN
2024-09-30,rut,GERN
2024-12-31,rut,GERN
2025-03-31,rut,GERN
2025-06-30,rut,GERN
2025-09-30,rut,GERN
2025-12-31,rut,GERN
2026-03-31,rut,GERN
2026-06-30,rut,GERN
2026-09-30,rut,GERN
2019-12-31,rut,COLB
2019-12-31,sp600,COLB
2020-03-31,rut,COLB
2020-03-31,sp600,COLB
2020-06-30,rut,COLB
2020-06-30,sp600,COLB
2020-09-30,rut,COLB
2020-09-30,sp600,COLB
2020-12-31,rut,COLB
2020-12-31,sp600,COLB
2021-03-31,rut,COLB
2021-03-31,sp600,COLB
2021-06-30,rut,COLB
2021-06-30,sp600,COLB
2021-09-30,rut,COLB
2021-09-30,sp600,COLB
2021-12-31,rut,COLB
2021-12-31,sp600,COLB
2022-03-31,rut,COLB
2022-03-31,sp600,COLB
2022-06-30,rut,COLB
2022-06-30,sp600,COLB
2022-09-30,rut,COLB
2022-09-30,sp600,COLB
2022-12-31,rut,COLB
2022-12-31,sp600,COLB
2023-03-31,sp400,COLB
2023-06-30,sp400,COLB
2023-09-30,sp400,COLB
2023-12-31,sp400,COLB
2024-03-31,sp400,COLB
2024-06-30,sp400,COLB
2024-09-30,sp400,COLB
2024-12-31,sp400,COLB
2025-03-31,sp400,COLB
2025-06-30,sp400,COLB
2025-09-30,sp400,COLB
2025-12-31,sp400,COLB
2026-03-31,sp400,COLB
2026-06-30,sp400,COLB
2026-09-30,sp400,COLB
2019-12-31,rut,VCEL
2020-03-31,rut,VCEL
2020-06-30,rut,VCEL
2020-09-30,rut,VCEL
2020-12-31,rut,VCEL
2021-03-31,rut,VCEL
2021-03-31,sp600,VCEL
2021-06-30,rut,VCEL
2021-06-30,sp600,VCEL
2021-09-30,rut,VCEL
2021-09-30,sp600,VCEL
2021-12-31,rut,VCEL
2021-12-31,sp600,VCEL
2022-03-31,rut,VCEL
2022-03-31,sp600,VCEL
2022-06-30,rut,VCEL
2022-06-30,sp600,VCEL
2022-09-30,rut,VCEL
2022-09-30,sp600,VCEL
2022-12-31,rut,VCEL
2022-12-31,sp600,VCEL
2023-03-31,rut,VCEL
2023-03-31,sp600,VCEL
2023-06-30,rut,VCEL
2023-06-30,sp600,VCEL
2023-09-30,rut,VCEL
2023-09-30,sp600,VCEL
2023-12-31,rut,VCEL
2023-12-31,sp600,VCEL
2024-03-31,rut,VCEL
2024-03-31,sp600,VCEL
2024-06-30,rut,VCEL
2024-06-30,sp600,VCEL
2024-09-30,rut,VCEL
2024-09-30,sp600,VCEL
2024-12-31,rut,VCEL
2024-12-31,sp600,VCEL
2025-03-31,rut,VCEL
2025-03-31,sp600,VCEL
2025-06-30,rut,VCEL
2025-06-30,sp600,VCEL
2025-09-30,rut,VCEL
2025-09-30,sp600,VCEL
2025-12-31,rut,VCEL
2025-12-31,sp600,VCEL
2026-03-31,rut,VCEL
2026-03-31,sp600,VCEL
2026-06-30,rut,VCEL
2026-06-30,sp600,VCEL
2026-09-30,rut,VCEL
2026-09-30,sp600,VCEL
2019-12-31,rut,CAKE
2019-12-31,sp400,CAKE
2020-03-31,rut,CAKE
2020-03-31,sp400,CAKE
2020-06-30,rut,CAKE
2020-06-30,sp600,CAKE
2020-09-30,rut,CAKE
2020-09-30,sp600,CAKE
2020-12-31,rut,CAKE
2020-12-31,sp600,CAKE
2021-03-31,rut,CAKE
2021-03-31,sp600,CAKE
2021-06-30,rut,CAKE
2021-06-30,sp600,CAKE
2021-09-30,rut,CAKE
2021-09-30,sp600,CAKE
2021-12-31,rut,CAKE
2021-12-31,sp600,CAKE
2022-03-31,rut,CAKE
2022-03-31,sp600,CAKE
2022-06-30,rut,CAKE
2022-06-30,sp600,CAKE
2022-09-30,rut,CAKE
2022-09-30,sp600,CAKE
2022-12-31,rut,CAKE
2022-12-31,sp600,CAKE
2023-03-31,rut,CAKE
2023-03-31,sp600,CAKE
2023-06-30,rut,CAKE
2023-06-30,sp600,CAKE
2023-09-30,rut,CAKE
2023-09-30,sp600,CAKE
2023-12-31,rut,CAKE
2023-12-31,sp600,CAKE
2024-03-31,rut,CAKE
2024-03-31,sp600,CAKE
2024-06-30,rut,CAKE
2024-06-30,sp600,CAKE
2024-09-30,rut,CAKE
2024-09-30,sp600,CAKE
2024-12-31,rut,CAKE
2024-12-31,sp600,CAKE
2025-03-31,rut,CAKE
2025-03-31,sp600,CAKE
2025-06-30,rut,CAKE
2025-06-30,sp600,CAKE
2025-09-30,rut,CAKE
2025-09-30,sp600,CAKE
2025-12-31,rut,CAKE
2025-12-31,sp600,CAKE
2026-03-31,rut,CAKE
2026-03-31,sp600,CAKE
2026-06-30,rut,CAKE
2026-06-30,sp600,CAKE
2026-09-30,rut,CAKE
2026-09-30,sp600,CAKE
2026-09-30,rut,CENT
2026-09-30,sp600,CENT
2019-12-31,rut,LTC
2019-12-31,sp600,LTC
2020-03-31,rut,LTC
2020-03-31,sp600,LTC
2020-06-30,rut,LTC
2020-06-30,sp600,LTC
2020-09-30,rut,LTC
2020-09-30,sp600,LTC
2020-12-31,rut,LTC
2020-12-31,sp600,LTC
2021-03-31,rut,LTC
2021-03-31,sp600,LTC
2021-06-30,rut,LTC
2021-06-30,sp600,LTC
2021-09-30,rut,LTC
2021-09-30,sp600,LTC
2021-12-31,rut,LTC
2021-12-31,sp600,LTC
2022-03-31,rut,LTC
2022-03-31,sp600,LTC
2022-06-30,rut,LTC
2022-06-30,sp600,LTC
2022-09-30,rut,LTC
2022-09-30,sp600,LTC
2022-12-31,rut,LTC
2022-12-31,sp600,LTC
2023-03-31,rut,LTC
2023-03-31,sp600,LTC
2023-06-30,rut,LTC
2023-06-30,sp600,LTC
2023-09-30,rut,LTC
2023-09-30,sp600,LTC
2023-12-31,rut,LTC
2023-12-31,sp600,LTC
2024-03-31,rut,LTC
2024-03-31,sp600,LTC
2024-06-30,rut,LTC
2024-06-30,sp600,LTC
2024-09-30,rut,LTC
2024-09-30,sp600,LTC
2024-12-31,rut,LTC
2024-12-31,sp600,LTC
2025-03-31,rut,LTC
2025-03-31,sp600,LTC
2025-06-30,rut,LTC
2025-06-30,sp600,LTC
2025-09-30,rut,LTC
2025-09-30,sp600,LTC
2025-12-31,rut,LTC
2025-12-31,sp600,LTC
2026-03-31,rut,LTC
2026-03-31,sp600,LTC
2026-06-30,rut,LTC
2026-06-30,sp600,LTC
2026-09-30,rut,LTC
2026-09-30,sp600,LTC
2019-12-31,rut,FCN
2019-12-31,sp400,FCN
2020-03-31,rut,FCN
2020-03-31,sp400,FCN
2020-06-30,sp400,FCN
2020-09-30,sp400,FCN
2020-12-31,sp400,FCN
2021-03-31,sp400,FCN
2021-06-30,sp400,FCN
2021-09-30,sp400,FCN
2021-12-31,sp400,FCN
2022-03-31,sp400,FCN
2022-06-30,sp400,FCN
2022-09-30,sp400,FCN
2022-12-31,sp400,FCN
2023-03-31,sp400,FCN
2023-06-30,sp400,FCN
2023-09-30,sp400,FCN
2023-12-31,sp400,FCN
2024-03-31,sp400,FCN
2024-06-30,sp400,FCN
2024-09-30,sp400,FCN
2024-12-31,sp400,FCN
2025-03-31,sp400,FCN
2025-06-30,sp400,FCN
2025-09-30,sp400,FCN
2025-12-31,sp400,FCN
2026-03-31,sp400,FCN
2026-06-30,sp400,FCN
2026-09-30,sp400,FCN
2019-12-31,sp400,OHI
2020-03-31,sp400,OHI
2020-06-30,sp400,OHI
2020-09-30,sp400,OHI
2020-12-31,sp400,OHI
2021-03-31,sp400,OHI
2021-06-30,sp400,OHI
2021-09-30,sp400,OHI
2021-12-31,sp400,OHI
2022-03-31,sp400,OHI
2022-06-30,sp400,OHI
2022-09-30,sp400,OHI
2022-12-31,sp400,OHI
2023-03-31,sp400,OHI
2023-06-30,sp400,OHI
2023-09-30,sp400,OHI
2023-12-31,sp400,OHI
2024-03-31,sp400,OHI
2024-06-30,sp400,OHI
2024-09-30,sp400,OHI
2024-12-31,sp400,OHI
2025-03-31,sp400,OHI
2025-06-30,sp400,OHI
2025-09-30,sp400,OHI
2025-12-31,sp400,OHI
2026-03-31,sp400,OHI
2026-06-30,sp400,OHI
2026-09-30,sp400,OHI
2019-12-31,sp400,LFUS
2020-03-31,sp400,LFUS
2020-06-30,sp400,LFUS
2020-09-30,sp400,LFUS
2020-12-31,sp400,LFUS
2021-03-31,sp400,LFUS
2021-06-30,sp400,LFUS
2021-09-30,sp400,LFUS
2021-12-31,sp400,LFUS
2022-03-31,sp400,LFUS
2022-06-30,sp400,LFUS
2022-09-30,sp400,LFUS
2022-12-31,sp400,LFUS
2023-03-31,sp400,LFUS
2023-06-30,sp400,LFUS
2023-09-30,sp400,LFUS
2023-12-31,sp400,LFUS
2024-03-31,sp400,LFUS
2024-06-30,sp400,LFUS
2024-09-30,sp400,LFUS
2024-12-31,sp400,LFUS
2025-03-31,sp400,LFUS
2025-06-30,sp400,LFUS
2025-09-30,sp400,LFUS
2025-12-31,sp400,LFUS
2026-03-31,sp400,LFUS
2026-06-30,sp400,LFUS
2026-09-30,sp400,LFUS
2019-12-31,sp400,PTEN
2020-03-31,sp400,PTEN
2020-06-30,rut,PTEN
2020-06-30,sp600,PTEN
2020-09-30,rut,PTEN
2020-09-30,sp600,PTEN
2020-12-31,rut,PTEN
2020-12-31,sp600,PTEN
2021-03-31,rut,PTEN
2021-03-31,sp600,PTEN
2021-06-30,rut,PTEN
2021-06-30,sp600,PTEN
2021-09-30,rut,PTEN
2021-09-30,sp600,PTEN
2021-12-31,rut,PTEN
2021-12-31,sp600,PTEN
2022-03-31,rut,PTEN
2022-03-31,sp600,PTEN
2022-06-30,rut,PTEN
2022-06-30,sp600,PTEN
2022-09-30,rut,PTEN
2022-09-30,sp600,PTEN
2022-12-31,rut,PTEN
2022-12-31,sp600,PTEN
2023-03-31,rut,PTEN
2023-03-31,sp600,PTEN
2023-06-30,rut,PTEN
2023-06-30,sp600,PTEN
2023-09-30,rut,PTEN
2023-09-30,sp600,PTEN
2023-12-31,rut,PTEN
2023-12-31,sp600,PTEN
2024-03-31,rut,PTEN
2024-03-31,sp600,PTEN
2024-06-30,rut,PTEN
2024-06-30,sp600,PTEN
2024-09-30,rut,PTEN
2024-09-30,sp600,PTEN
2024-12-31,rut,PTEN
2024-12-31,sp600,PTEN
2025-03-31,rut,PTEN
2025-03-31,sp600,PTEN
2025-06-30,rut,PTEN
2025-06-30,sp600,PTEN
2025-09-30,rut,PTEN
2025-09-30,sp600,PTEN
2025-12-31,rut,PTEN
2025-12-31,sp600,PTEN
2026-03-31,rut,PTEN
2026-03-31,sp600,PTEN
2026-06-30,rut,PTEN
2026-06-30,sp600,PTEN
2026-09-30,rut,PTEN
2026-09-30,sp600,PTEN
2019-12-31,rut,EFOR
2019-12-31,sp400,EFOR
2020-03-31,rut,EFOR
2020-03-31,sp400,EFOR
2020-06-30,rut,EFOR
2020-06-30,sp400,EFOR
2020-09-30,rut,EFOR
2020-09-30,sp400,EFOR
2020-12-31,rut,EFOR
2020-12-31,sp400,EFOR
2021-03-31,rut,EFOR
2021-03-31,sp400,EFOR
2021-06-30,rut,EFOR
2021-06-30,sp400,EFOR
2021-09-30,rut,EFOR
2021-09-30,sp400,EFOR
2021-12-31,rut,EFOR
2021-12-31,sp400,EFOR
2022-03-31,rut,EFOR
2022-03-31,sp400,EFOR
2022-06-30,rut,EFOR
2022-06-30,sp400,EFOR
2022-09-30,rut,EFOR
2022-09-30,sp400,EFOR
2022-12-31,rut,EFOR
2022-12-31,sp400,EFOR
2023-03-31,rut,EFOR
2023-03-31,sp400,EFOR
2023-06-30,rut,EFOR
2023-06-30,sp400,EFOR
2023-09-30,rut,EFOR
2023-09-30,sp400,EFOR
2023-12-31,rut,EFOR
2023-12-31,sp400,EFOR
2024-03-31,rut,EFOR
2024-03-31,sp400,EFOR
2024-06-30,rut,EFOR
2024-06-30,sp400,EFOR
2024-09-30,rut,EFOR
2024-09-30,sp400,EFOR
2024-12-31,rut,EFOR
2024-12-31,sp400,EFOR
2025-03-31,rut,EFOR
2025-03-31,sp400,EFOR
2025-06-30,rut,EFOR
2025-06-30,sp400,EFOR
2025-09-30,rut,EFOR
2025-09-30,sp400,EFOR
2025-12-31,rut,EFOR
2025-12-31,sp400,EFOR
2026-03-31,rut,EFOR
2026-03-31,sp600,EFOR
2026-06-30,rut,EFOR
2026-06-30,sp600,EFOR
2026-09-30,rut,EFOR
2026-09-30,sp600,EFOR
2019-12-31,rut,RDN
2020-03-31,rut,RDN
2020-06-30,rut,RDN
2020-09-30,rut,RDN
2020-12-31,rut,RDN
2021-03-31,rut,RDN
2021-06-30,rut,RDN
2021-09-30,rut,RDN
2021-12-31,rut,RDN
2022-03-31,rut,RDN
2022-06-30,rut,RDN
2022-09-30,rut,RDN
2022-12-31,rut,RDN
2023-03-31,rut,RDN
2023-03-31,sp600,RDN
2023-06-30,rut,RDN
2023-06-30,sp600,RDN
2023-09-30,rut,RDN
2023-09-30,sp600,RDN
2023-12-31,rut,RDN
2023-12-31,sp600,RDN
2024-03-31,rut,RDN
2024-03-31,sp600,RDN
2024-06-30,rut,RDN
2024-06-30,sp600,RDN
2024-09-30,rut,RDN
2024-09-30,sp600,RDN
2024-12-31,rut,RDN
2024-12-31,sp600,RDN
2025-03-31,rut,RDN
2025-03-31,sp600,RDN
2025-06-30,rut,RDN
2025-06-30,sp600,RDN
2025-09-30,rut,RDN
2025-09-30,sp600,RDN
2025-12-31,rut,RDN
2025-12-31,sp600,RDN
2026-03-31,rut,RDN
2026-03-31,sp600,RDN
2026-06-30,rut,RDN
2026-06-30,sp600,RDN
2026-09-30,rut,RDN
2026-09-30,sp600,RDN
2019-12-31,rut,MTX
2019-12-31,sp400,MTX
2020-03-31,rut,MTX
2020-03-31,sp400,MTX
2020-06-30,rut,MTX
2020-06-30,sp400,MTX
2020-09-30,rut,MTX
2020-09-30,sp400,MTX
2020-12-31,rut,MTX
2020-12-31,sp400,MTX
2021-03-31,rut,MTX
2021-03-31,sp400,MTX
2021-06-30,rut,MTX
2021-06-30,sp400,MTX
2021-09-30,rut,MTX
2021-09-30,sp400,MTX
2021-12-31,rut,MTX
2021-12-31,sp400,MTX
2022-03-31,rut,MTX
2022-03-31,sp400,MTX
2022-06-30,rut,MTX
2022-06-30,sp400,MTX
2022-09-30,rut,MTX
2022-09-30,sp600,MTX
2022-12-31,rut,MTX
2022-12-31,sp600,MTX
2023-03-31,rut,MTX
2023-03-31,sp600,MTX
2023-06-30,rut,MTX
2023-06-30,sp600,MTX
2023-09-30,rut,MTX
2023-09-30,sp600,MTX
2023-12-31,rut,MTX
2023-12-31,sp600,MTX
2024-03-31,rut,MTX
2024-03-31,sp600,MTX
2024-06-30,rut,MTX
2024-06-30,sp600,MTX
2024-09-30,rut,MTX
2024-09-30,sp600,MTX
2024-12-31,rut,MTX
2024-12-31,sp600,MTX
2025-03-31,rut,MTX
2025-03-31,sp600,MTX
2025-06-30,rut,MTX
2025-06-30,sp600,MTX
2025-09-30,rut,MTX
2025-09-30,sp600,MTX
2025-12-31,rut,MTX
2025-12-31,sp600,MTX
2026-03-31,rut,MTX
2026-03-31,sp600,MTX
2026-06-30,rut,MTX
2026-06-30,sp600,MTX
2026-09-30,rut,MTX
2026-09-30,sp600,MTX
2019-12-31,rut,UVE
2019-12-31,sp600,UVE
2020-03-31,rut,UVE
2020-03-31,sp600,UVE
2020-06-30,rut,UVE
2020-06-30,sp600,UVE
2020-09-30,rut,UVE
2020-09-30,sp600,UVE
2020-12-31,rut,UVE
2020-12-31,sp600,UVE
2021-03-31,rut,UVE
2021-03-31,sp600,UVE
2021-06-30,rut,UVE
2021-06-30,sp600,UVE
2021-09-30,rut,UVE
2021-09-30,sp600,UVE
2021-12-31,rut,UVE
2021-12-31,sp600,UVE
2022-03-31,rut,UVE
2022-03-31,sp600,UVE
2022-06-30,rut,UVE
2022-06-30,sp600,UVE
2022-09-30,rut,UVE
2022-09-30,sp600,UVE
2022-12-31,rut,UVE
2022-12-31,sp600,UVE
2023-03-31,rut,UVE
2023-03-31,sp600,UVE
2023-06-30,rut,UVE
2023-06-30,sp600,UVE
2023-09-30,rut,UVE
2023-12-31,rut,UVE
2024-03-31,rut,UVE
2024-06-30,rut,UVE
2024-09-30,rut,UVE
2024-12-31,rut,UVE
2025-03-31,rut,UVE
2025-06-30,rut,UVE
2025-09-30,rut,UVE
2025-12-31,rut,UVE
2026-03-31,rut,UVE
2026-06-30,rut,UVE
2026-09-30,rut,UVE
2019-12-31,rut,SM
2019-12-31,sp600,SM
2020-03-31,rut,SM
2020-03-31,sp600,SM
2020-06-30,rut,SM
2020-06-30,sp600,SM
2020-09-30,rut,SM
2020-09-30,sp600,SM
2020-12-31,rut,SM
2020-12-31,sp600,SM
2021-03-31,rut,SM
2021-03-31,sp600,SM
2021-06-30,rut,SM
2021-06-30,sp600,SM
2021-09-30,rut,SM
2021-09-30,sp600,SM
2021-12-31,rut,SM
2021-12-31,sp600,SM
2022-03-31,rut,SM
2022-03-31,sp600,SM
2022-06-30,rut,SM
2022-06-30,sp600,SM
2022-09-30,rut,SM
2022-09-30,sp600,SM
2022-12-31,rut,SM
2022-12-31,sp600,SM
2023-03-31,rut,SM
2023-03-31,sp600,SM
2023-06-30,rut,SM
2023-06-30,sp600,SM
2023-09-30,rut,SM
2023-09-30,sp600,SM
2023-12-31,rut,SM
2023-12-31,sp600,SM
2024-03-31,rut,SM
2024-03-31,sp600,SM
2024-06-30,rut,SM
2024-06-30,sp600,SM
2024-09-30,rut,SM
2024-09-30,sp600,SM
2024-12-31,rut,SM
2024-12-31,sp600,SM
2025-03-31,rut,SM
2025-03-31,sp600,SM
2025-06-30,rut,SM
2025-06-30,sp600,SM
2025-09-30,rut,SM
2025-09-30,sp600,SM
2025-12-31,rut,SM
2025-12-31,sp600,SM
2026-03-31,rut,SM
2026-03-31,sp600,SM
2026-06-30,rut,SM
2026-06-30,sp600,SM
2026-09-30,rut,SM
2026-09-30,sp600,SM
2019-12-31,sp400,MD
2020-03-31,sp400,MD
2020-06-30,rut,MD
2020-06-30,sp400,MD
2020-09-30,rut,MD
2020-09-30,sp400,MD
2020-12-31,rut,MD
2020-12-31,sp600,MD
2021-03-31,rut,MD
2021-03-31,sp600,MD
2021-06-30,rut,MD
2021-06-30,sp600,MD
2021-09-30,rut,MD
2021-09-30,sp600,MD
2021-12-31,rut,MD
2021-12-31,sp600,MD
2022-03-31,rut,MD
2022-03-31,sp600,MD
2022-06-30,rut,MD
2022-06-30,sp600,MD
2022-09-30,rut,MD
2022-09-30,sp600,MD
2022-12-31,rut,MD
2022-12-31,sp600,MD
2023-03-31,rut,MD
2023-03-31,sp600,MD
2023-06-30,rut,MD
2023-06-30,sp600,MD
2023-09-30,rut,MD
2023-09-30,sp600,MD
2023-12-31,rut,MD
2023-12-31,sp600,MD
2024-03-31,rut,MD
2024-03-31,sp600,MD
2024-06-30,rut,MD
2024-06-30,sp600,MD
2024-09-30,rut,MD
2024-09-30,sp600,MD
2024-12-31,rut,MD
2024-12-31,sp600,MD
2025-03-31,rut,MD
2025-03-31,sp600,MD
2025-06-30,rut,MD
2025-06-30,sp600,MD
2025-09-30,rut,MD
2025-09-30,sp600,MD
2025-12-31,rut,MD
2025-12-31,sp600,MD
2026-03-31,rut,MD
2026-03-31,sp600,MD
2026-06-30,rut,MD
2026-06-30,sp600,MD
2026-09-30,rut,MD
2026-09-30,sp600,MD
2019-12-31,rut,ARCB
2019-12-31,sp600,ARCB
2020-03-31,rut,ARCB
2020-03-31,sp600,ARCB
2020-06-30,rut,ARCB
2020-06-30,sp600,ARCB
2020-09-30,rut,ARCB
2020-09-30,sp600,ARCB
2020-12-31,rut,ARCB
2020-12-31,sp600,ARCB
2021-03-31,rut,ARCB
2021-03-31,sp600,ARCB
2021-06-30,rut,ARCB
2021-06-30,sp600,ARCB
2021-09-30,rut,ARCB
2021-09-30,sp600,ARCB
2021-12-31,rut,ARCB
2021-12-31,sp600,ARCB
2022-03-31,rut,ARCB
2022-03-31,sp600,ARCB
2022-06-30,rut,ARCB
2022-06-30,sp600,ARCB
2022-09-30,rut,ARCB
2022-09-30,sp600,ARCB
2022-12-31,rut,ARCB
2022-12-31,sp600,ARCB
2023-03-31,rut,ARCB
2023-03-31,sp600,ARCB
2023-06-30,rut,ARCB
2023-06-30,sp600,ARCB
2023-09-30,rut,ARCB
2023-09-30,sp600,ARCB
2023-12-31,rut,ARCB
2023-12-31,sp600,ARCB
2024-03-31,rut,ARCB
2024-03-31,sp600,ARCB
2024-06-30,rut,ARCB
2024-06-30,sp600,ARCB
2024-09-30,rut,ARCB
2024-09-30,sp600,ARCB
2024-12-31,rut,ARCB
2024-12-31,sp600,ARCB
2025-03-31,rut,ARCB
2025-03-31,sp600,ARCB
2025-06-30,rut,ARCB
2025-06-30,sp600,ARCB
2025-09-30,rut,ARCB
2025-09-30,sp600,ARCB
2025-12-31,rut,ARCB
2025-12-31,sp600,ARCB
2026-03-31,rut,ARCB
2026-03-31,sp600,ARCB
2026-06-30,rut,ARCB
2026-06-30,sp600,ARCB
2026-09-30,rut,ARCB
2026-09-30,sp600,ARCB
2023-09-30,sp400,ELS
2023-12-31,sp400,ELS
2024-03-31,sp400,ELS
2024-06-30,sp400,ELS
2024-09-30,sp400,ELS
2024-12-31,sp400,ELS
2025-03-31,sp400,ELS
2025-06-30,sp400,ELS
2025-09-30,sp400,ELS
2025-12-31,sp400,ELS
2026-03-31,sp400,ELS
2026-06-30,sp400,ELS
2026-09-30,sp400,ELS
2019-12-31,rut,SHOE
2019-12-31,sp600,SHOE
2020-03-31,rut,SHOE
2020-03-31,sp600,SHOE
2020-06-30,rut,SHOE
2020-06-30,sp600,SHOE
2020-09-30,rut,SHOE
2020-09-30,sp600,SHOE
2020-12-31,rut,SHOE
2020-12-31,sp600,SHOE
2021-03-31,rut,SHOE
2021-03-31,sp600,SHOE
2021-06-30,rut,SHOE
2021-06-30,sp600,SHOE
2021-09-30,rut,SHOE
2021-09-30,sp600,SHOE
2021-12-31,rut,SHOE
2021-12-31,sp600,SHOE
2022-03-31,rut,SHOE
2022-03-31,sp600,SHOE
2022-06-30,rut,SHOE
2022-06-30,sp600,SHOE
2022-09-30,rut,SHOE
2022-09-30,sp600,SHOE
2022-12-31,rut,SHOE
2022-12-31,sp600,SHOE
2023-03-31,rut,SHOE
2023-03-31,sp600,SHOE
2023-06-30,rut,SHOE
2023-06-30,sp600,SHOE
2023-09-30,rut,SHOE
2023-09-30,sp600,SHOE
2023-12-31,rut,SHOE
2023-12-31,sp600,SHOE
2024-03-31,rut,SHOE
2024-03-31,sp600,SHOE
2024-06-30,rut,SHOE
2024-06-30,sp600,SHOE
2024-09-30,rut,SHOE
2024-09-30,sp600,SHOE
2024-12-31,rut,SHOE
2024-12-31,sp600,SHOE
2025-03-31,rut,SHOE
2025-03-31,sp600,SHOE
2025-06-30,rut,SHOE
2025-06-30,sp600,SHOE
2025-09-30,rut,SHOE
2025-09-30,sp600,SHOE
2025-12-31,rut,SHOE
2026-03-31,rut,SHOE
2026-06-30,rut,SHOE
2026-09-30,rut,SHOE
2019-12-31,sp400,ATR
2020-03-31,sp400,ATR
2020-06-30,sp400,ATR
2020-09-30,sp400,ATR
2020-12-31,sp400,ATR
2021-03-31,sp400,ATR
2021-06-30,sp400,ATR
2021-09-30,sp400,ATR
2021-12-31,sp400,ATR
2022-03-31,sp400,ATR
2022-06-30,sp400,ATR
2022-09-30,sp400,ATR
2022-12-31,sp400,ATR
2023-03-31,sp400,ATR
2023-06-30,sp400,ATR
2023-09-30,sp400,ATR
2023-12-31,sp400,ATR
2024-03-31,sp400,ATR
2024-06-30,sp400,ATR
2024-09-30,sp400,ATR
2024-12-31,sp400,ATR
2025-03-31,sp400,ATR
2025-06-30,sp400,ATR
2025-09-30,sp400,ATR
2025-12-31,sp400,ATR
2026-03-31,sp400,ATR
2026-06-30,sp400,ATR
2026-09-30,sp400,ATR
2019-12-31,rut,ALG
2019-12-31,sp600,ALG
2020-03-31,rut,ALG
2020-03-31,sp600,ALG
2020-06-30,rut,ALG
2020-06-30,sp600,ALG
2020-09-30,rut,ALG
2020-09-30,sp600,ALG
2020-12-31,rut,ALG
2020-12-31,sp600,ALG
2021-03-31,rut,ALG
2021-03-31,sp600,ALG
2021-06-30,rut,ALG
2021-06-30,sp600,ALG
2021-09-30,rut,ALG
2021-09-30,sp600,ALG
2021-12-31,rut,ALG
2021-12-31,sp600,ALG
2022-03-31,rut,ALG
2022-03-31,sp600,ALG
2022-06-30,rut,ALG
2022-06-30,sp600,ALG
2022-09-30,rut,ALG
2022-09-30,sp600,ALG
2022-12-31,rut,ALG
2022-12-31,sp600,ALG
2023-03-31,rut,ALG
2023-03-31,sp600,ALG
2023-06-30,rut,ALG
2023-06-30,sp600,ALG
2023-09-30,rut,ALG
2023-09-30,sp600,ALG
2023-12-31,rut,ALG
2023-12-31,sp600,ALG
2024-03-31,rut,ALG
2024-03-31,sp600,ALG
2024-06-30,rut,ALG
2024-06-30,sp600,ALG
2024-09-30,rut,ALG
2024-09-30,sp600,ALG
2024-12-31,rut,ALG
2024-12-31,sp600,ALG
2025-03-31,rut,ALG
2025-03-31,sp600,ALG
2025-06-30,rut,ALG
2025-06-30,sp600,ALG
2025-09-30,rut,ALG
2025-09-30,sp600,ALG
2025-12-31,rut,ALG
2025-12-31,sp600,ALG
2026-03-31,rut,ALG
2026-03-31,sp600,ALG
2026-06-30,rut,ALG
2026-06-30,sp600,ALG
2026-09-30,rut,ALG
2026-09-30,sp600,ALG
2019-12-31,rut,SANM
2019-12-31,sp600,SANM
2020-03-31,rut,SANM
2020-03-31,sp600,SANM
2020-06-30,rut,SANM
2020-06-30,sp600,SANM
2020-09-30,rut,SANM
2020-09-30,sp600,SANM
2020-12-31,rut,SANM
2020-12-31,sp600,SANM
2021-03-31,rut,SANM
2021-03-31,sp600,SANM
2021-06-30,rut,SANM
2021-06-30,sp600,SANM
2021-09-30,rut,SANM
2021-09-30,sp600,SANM
2021-12-31,rut,SANM
2021-12-31,sp600,SANM
2022-03-31,rut,SANM
2022-03-31,sp600,SANM
2022-06-30,rut,SANM
2022-06-30,sp600,SANM
2022-09-30,rut,SANM
2022-09-30,sp600,SANM
2022-12-31,rut,SANM
2022-12-31,sp600,SANM
2023-03-31,rut,SANM
2023-03-31,sp600,SANM
2023-06-30,rut,SANM
2023-06-30,sp600,SANM
2023-09-30,rut,SANM
2023-09-30,sp600,SANM
2023-12-31,rut,SANM
2023-12-31,sp600,SANM
2024-03-31,rut,SANM
2024-03-31,sp600,SANM
2024-06-30,rut,SANM
2024-06-30,sp600,SANM
2024-09-30,rut,SANM
2024-09-30,sp600,SANM
2024-12-31,rut,SANM
2024-12-31,sp600,SANM
2025-03-31,rut,SANM
2025-03-31,sp600,SANM
2025-06-30,rut,SANM
2025-06-30,sp600,SANM
2025-09-30,rut,SANM
2025-09-30,sp600,SANM
2025-12-31,rut,SANM
2025-12-31,sp600,SANM
2026-03-31,rut,SANM
2026-03-31,sp600,SANM
2026-06-30,sp400,SANM
2026-09-30,sp400,SANM
2019-12-31,sp400,RGA
2020-03-31,sp400,RGA
2020-06-30,sp400,RGA
2020-09-30,sp400,RGA
2020-12-31,sp400,RGA
2021-03-31,sp400,RGA
2021-06-30,sp400,RGA
2021-09-30,sp400,RGA
2021-12-31,sp400,RGA
2022-03-31,sp400,RGA
2022-06-30,sp400,RGA
2022-09-30,sp400,RGA
2022-12-31,sp400,RGA
2023-03-31,sp400,RGA
2023-06-30,sp400,RGA
2023-09-30,sp400,RGA
2023-12-31,sp400,RGA
2024-03-31,sp400,RGA
2024-06-30,sp400,RGA
2024-09-30,sp400,RGA
2024-12-31,sp400,RGA
2025-03-31,sp400,RGA
2025-06-30,sp400,RGA
2025-09-30,sp400,RGA
2025-12-31,sp400,RGA
2026-03-31,sp400,RGA
2026-06-30,sp400,RGA
2026-09-30,sp400,RGA
2019-12-31,rut,MNKD
2020-03-31,rut,MNKD
2020-06-30,rut,MNKD
2020-09-30,rut,MNKD
2020-12-31,rut,MNKD
2021-03-31,rut,MNKD
2021-06-30,rut,MNKD
2021-09-30,rut,MNKD
2021-12-31,rut,MNKD
2022-03-31,rut,MNKD
2022-06-30,rut,MNKD
2022-09-30,rut,MNKD
2022-12-31,rut,MNKD
2023-03-31,rut,MNKD
2023-06-30,rut,MNKD
2023-09-30,rut,MNKD
2023-12-31,rut,MNKD
2024-03-31,rut,MNKD
2024-06-30,rut,MNKD
2024-09-30,rut,MNKD
2024-12-31,rut,MNKD
2025-03-31,rut,MNKD
2025-06-30,rut,MNKD
2025-09-30,rut,MNKD
2025-12-31,rut,MNKD
2026-03-31,rut,MNKD
2026-06-30,rut,MNKD
2026-09-30,rut,MNKD
2019-12-31,rut,AKR
2019-12-31,sp600,AKR
2020-03-31,rut,AKR
2020-03-31,sp600,AKR
2020-06-30,rut,AKR
2020-06-30,sp600,AKR
2020-09-30,rut,AKR
2020-09-30,sp600,AKR
2020-12-31,rut,AKR
2020-12-31,sp600,AKR
2021-03-31,rut,AKR
2021-03-31,sp600,AKR
2021-06-30,rut,AKR
2021-06-30,sp600,AKR
2021-09-30,rut,AKR
2021-09-30,sp600,AKR
2021-12-31,rut,AKR
2021-12-31,sp600,AKR
2022-03-31,rut,AKR
2022-03-31,sp600,AKR
2022-06-30,rut,AKR
2022-06-30,sp600,AKR
2022-09-30,rut,AKR
2022-09-30,sp600,AKR
2022-12-31,rut,AKR
2022-12-31,sp600,AKR
2023-03-31,rut,AKR
2023-03-31,sp600,AKR
2023-06-30,rut,AKR
2023-06-30,sp600,AKR
2023-09-30,rut,AKR
2023-09-30,sp600,AKR
2023-12-31,rut,AKR
2023-12-31,sp600,AKR
2024-03-31,rut,AKR
2024-03-31,sp600,AKR
2024-06-30,rut,AKR
2024-06-30,sp600,AKR
2024-09-30,rut,AKR
2024-09-30,sp600,AKR
2024-12-31,rut,AKR
2024-12-31,sp600,AKR
2025-03-31,rut,AKR
2025-03-31,sp600,AKR
2025-06-30,rut,AKR
2025-06-30,sp600,AKR
2025-09-30,rut,AKR
2025-09-30,sp600,AKR
2025-12-31,rut,AKR
2025-12-31,sp600,AKR
2026-03-31,rut,AKR
2026-03-31,sp600,AKR
2026-06-30,rut,AKR
2026-06-30,sp600,AKR
2026-09-30,rut,AKR
2026-09-30,sp600,AKR
2023-03-31,sp400,VNO
2023-06-30,sp400,VNO
2023-09-30,sp400,VNO
2023-12-31,sp400,VNO
2024-03-31,sp400,VNO
2024-06-30,sp400,VNO
2024-09-30,sp400,VNO
2024-12-31,sp400,VNO
2025-03-31,sp400,VNO
2025-06-30,sp400,VNO
2025-09-30,sp400,VNO
2025-12-31,sp400,VNO
2026-03-31,sp400,VNO
2026-06-30,sp400,VNO
2026-09-30,sp400,VNO
2019-12-31,rut,SKT
2019-12-31,sp400,SKT
2020-03-31,rut,SKT
2020-03-31,sp600,SKT
2020-06-30,rut,SKT
2020-06-30,sp600,SKT
2020-09-30,rut,SKT
2020-09-30,sp600,SKT
2020-12-31,rut,SKT
2020-12-31,sp600,SKT
2021-03-31,rut,SKT
2021-03-31,sp600,SKT
2021-06-30,rut,SKT
2021-06-30,sp600,SKT
2021-09-30,rut,SKT
2021-09-30,sp600,SKT
2021-12-31,rut,SKT
2021-12-31,sp600,SKT
2022-03-31,rut,SKT
2022-03-31,sp600,SKT
2022-06-30,rut,SKT
2022-06-30,sp600,SKT
2022-09-30,rut,SKT
2022-09-30,sp600,SKT
2022-12-31,rut,SKT
2022-12-31,sp600,SKT
2023-03-31,rut,SKT
2023-03-31,sp600,SKT
2023-06-30,rut,SKT
2023-06-30,sp600,SKT
2023-09-30,rut,SKT
2023-09-30,sp600,SKT
2023-12-31,rut,SKT
2023-12-31,sp600,SKT
2024-03-31,rut,SKT
2024-03-31,sp600,SKT
2024-06-30,rut,SKT
2024-06-30,sp600,SKT
2024-09-30,rut,SKT
2024-09-30,sp600,SKT
2024-12-31,rut,SKT
2024-12-31,sp600,SKT
2025-03-31,rut,SKT
2025-03-31,sp600,SKT
2025-06-30,rut,SKT
2025-06-30,sp600,SKT
2025-09-30,rut,SKT
2025-09-30,sp600,SKT
2025-12-31,rut,SKT
2025-12-31,sp600,SKT
2026-03-31,rut,SKT
2026-03-31,sp600,SKT
2026-06-30,rut,SKT
2026-06-30,sp600,SKT
2026-09-30,rut,SKT
2026-09-30,sp600,SKT
2019-12-31,rut,TWI
2019-12-31,sp600,TWI
2020-03-31,rut,TWI
2020-03-31,sp600,TWI
2020-06-30,sp600,TWI
2020-09-30,sp600,TWI
2020-12-31,sp600,TWI
2021-03-31,sp600,TWI
2021-06-30,rut,TWI
2021-06-30,sp600,TWI
2021-09-30,rut,TWI
2021-09-30,sp600,TWI
2021-12-31,rut,TWI
2021-12-31,sp600,TWI
2022-03-31,rut,TWI
2022-03-31,sp600,TWI
2022-06-30,rut,TWI
2022-06-30,sp600,TWI
2022-09-30,rut,TWI
2022-09-30,sp600,TWI
2022-12-31,rut,TWI
2022-12-31,sp600,TWI
2023-03-31,rut,TWI
2023-03-31,sp600,TWI
2023-06-30,rut,TWI
2023-06-30,sp600,TWI
2023-09-30,rut,TWI
2023-09-30,sp600,TWI
2023-12-31,rut,TWI
2023-12-31,sp600,TWI
2024-03-31,rut,TWI
2024-03-31,sp600,TWI
2024-06-30,rut,TWI
2024-06-30,sp600,TWI
2024-09-30,rut,TWI
2024-09-30,sp600,TWI
2024-12-31,rut,TWI
2024-12-31,sp600,TWI
2025-03-31,rut,TWI
2025-03-31,sp600,TWI
2025-06-30,rut,TWI
2025-06-30,sp600,TWI
2025-09-30,rut,TWI
2025-09-30,sp600,TWI
2025-12-31,rut,TWI
2025-12-31,sp600,TWI
2026-03-31,rut,TWI
2026-03-31,sp600,TWI
2026-06-30,rut,TWI
2026-09-30,rut,TWI
2019-12-31,rut,PZZA
2019-12-31,sp400,PZZA
2020-03-31,rut,PZZA
2020-03-31,sp400,PZZA
2020-06-30,rut,PZZA
2020-06-30,sp400,PZZA
2020-09-30,rut,PZZA
2020-09-30,sp400,PZZA
2020-12-31,rut,PZZA
2020-12-31,sp400,PZZA
2021-03-31,rut,PZZA
2021-03-31,sp400,PZZA
2021-06-30,rut,PZZA
2021-06-30,sp400,PZZA
2021-09-30,rut,PZZA
2021-09-30,sp400,PZZA
2021-12-31,rut,PZZA
2021-12-31,sp400,PZZA
2022-03-31,rut,PZZA
2022-03-31,sp400,PZZA
2022-06-30,rut,PZZA
2022-06-30,sp400,PZZA
2022-09-30,rut,PZZA
2022-09-30,sp400,PZZA
2022-12-31,rut,PZZA
2022-12-31,sp400,PZZA
2023-03-31,rut,PZZA
2023-03-31,sp400,PZZA
2023-06-30,rut,PZZA
2023-06-30,sp400,PZZA
2023-09-30,rut,PZZA
2023-09-30,sp600,PZZA
2023-12-31,rut,PZZA
2023-12-31,sp600,PZZA
2024-03-31,rut,PZZA
2024-03-31,sp600,PZZA
2024-06-30,rut,PZZA
2024-06-30,sp600,PZZA
2024-09-30,rut,PZZA
2024-09-30,sp600,PZZA
2024-12-31,rut,PZZA
2024-12-31,sp600,PZZA
2025-03-31,rut,PZZA
2025-03-31,sp600,PZZA
2025-06-30,rut,PZZA
2025-06-30,sp600,PZZA
2025-09-30,rut,PZZA
2025-09-30,sp600,PZZA
2025-12-31,rut,PZZA
2025-12-31,sp600,PZZA
2026-03-31,rut,PZZA
2026-03-31,sp600,PZZA
2026-06-30,rut,PZZA
2026-06-30,sp600,PZZA
2026-09-30,rut,PZZA
2026-09-30,sp600,PZZA
2019-12-31,rut,BBSI
2020-03-31,rut,BBSI
2020-06-30,rut,BBSI
2020-09-30,rut,BBSI
2020-12-31,rut,BBSI
2021-03-31,rut,BBSI
2021-06-30,rut,BBSI
2021-09-30,rut,BBSI
2021-12-31,rut,BBSI
2022-03-31,rut,BBSI
2022-06-30,rut,BBSI
2022-09-30,rut,BBSI
2022-12-31,rut,BBSI
2023-03-31,rut,BBSI
2023-06-30,rut,BBSI
2023-09-30,rut,BBSI
2023-12-31,rut,BBSI
2024-03-31,rut,BBSI
2024-06-30,rut,BBSI
2024-09-30,rut,BBSI
2024-12-31,rut,BBSI
2025-03-31,rut,BBSI
2025-06-30,rut,BBSI
2025-09-30,rut,BBSI
2025-12-31,rut,BBSI
2026-03-31,rut,BBSI
2026-06-30,rut,BBSI
2026-09-30,rut,BBSI
2019-12-31,rut,THRM
2019-12-31,sp600,THRM
2020-03-31,rut,THRM
2020-03-31,sp600,THRM
2020-06-30,rut,THRM
2020-06-30,sp600,THRM
2020-09-30,rut,THRM
2020-09-30,sp600,THRM
2020-12-31,rut,THRM
2020-12-31,sp600,THRM
2021-03-31,rut,THRM
2021-03-31,sp600,THRM
2021-06-30,rut,THRM
2021-06-30,sp600,THRM
2021-09-30,rut,THRM
2021-09-30,sp600,THRM
2021-12-31,rut,THRM
2021-12-31,sp600,THRM
2022-03-31,rut,THRM
2022-03-31,sp600,THRM
2022-06-30,rut,THRM
2022-06-30,sp600,THRM
2022-09-30,rut,THRM
2022-09-30,sp600,THRM
2022-12-31,rut,THRM
2022-12-31,sp600,THRM
2023-03-31,rut,THRM
2023-03-31,sp600,THRM
2023-06-30,rut,THRM
2023-06-30,sp600,THRM
2023-09-30,rut,THRM
2023-09-30,sp600,THRM
2023-12-31,rut,THRM
2023-12-31,sp600,THRM
2024-03-31,rut,THRM
2024-03-31,sp600,THRM
2024-06-30,rut,THRM
2024-06-30,sp600,THRM
2024-09-30,rut,THRM
2024-09-30,sp600,THRM
2024-12-31,rut,THRM
2024-12-31,sp600,THRM
2025-03-31,rut,THRM
2025-03-31,sp600,THRM
2025-06-30,rut,THRM
2025-06-30,sp600,THRM
2025-09-30,rut,THRM
2025-09-30,sp600,THRM
2025-12-31,rut,THRM
2025-12-31,sp600,THRM
2026-03-31,rut,THRM
2026-03-31,sp600,THRM
2026-06-30,rut,THRM
2026-06-30,sp600,THRM
2026-09-30,rut,THRM
2026-09-30,sp600,THRM
2019-12-31,rut,ALRS
2020-03-31,rut,ALRS
2020-06-30,rut,ALRS
2020-09-30,rut,ALRS
2020-12-31,rut,ALRS
2021-03-31,rut,ALRS
2021-06-30,rut,ALRS
2021-09-30,rut,ALRS
2021-12-31,rut,ALRS
2022-03-31,rut,ALRS
2022-06-30,rut,ALRS
2022-09-30,rut,ALRS
2022-12-31,rut,ALRS
2023-03-31,rut,ALRS
2023-06-30,rut,ALRS
2023-09-30,rut,ALRS
2023-12-31,rut,ALRS
2024-03-31,rut,ALRS
2024-06-30,rut,ALRS
2024-09-30,rut,ALRS
2024-12-31,rut,ALRS
2025-03-31,rut,ALRS
2025-06-30,rut,ALRS
2025-09-30,rut,ALRS
2025-12-31,rut,ALRS
2026-03-31,rut,ALRS
2026-06-30,rut,ALRS
2026-09-30,rut,ALRS
2023-06-30,rut,INOD
2023-09-30,rut,INOD
2023-12-31,rut,INOD
2024-03-31,rut,INOD
2024-06-30,rut,INOD
2024-09-30,rut,INOD
2024-12-31,rut,INOD
2025-03-31,rut,INOD
2025-06-30,rut,INOD
2025-09-30,rut,INOD
2025-12-31,rut,INOD
2026-03-31,rut,INOD
2026-06-30,rut,INOD
2026-09-30,rut,INOD
2019-12-31,rut,QCRH
2020-03-31,rut,QCRH
2020-06-30,rut,QCRH
2020-09-30,rut,QCRH
2020-12-31,rut,QCRH
2021-03-31,rut,QCRH
2021-06-30,rut,QCRH
2021-09-30,rut,QCRH
2021-12-31,rut,QCRH
2022-03-31,rut,QCRH
2022-06-30,rut,QCRH
2022-09-30,rut,QCRH
2022-12-31,rut,QCRH
2023-03-31,rut,QCRH
2023-06-30,rut,QCRH
2023-09-30,rut,QCRH
2023-12-31,rut,QCRH
2024-03-31,rut,QCRH
2024-06-30,rut,QCRH
2024-09-30,rut,QCRH
2024-12-31,rut,QCRH
2025-03-31,rut,QCRH
2025-06-30,rut,QCRH
2025-09-30,rut,QCRH
2025-12-31,rut,QCRH
2026-03-31,rut,QCRH
2026-06-30,rut,QCRH
2026-09-30,rut,QCRH
2019-12-31,rut,BYD
2019-12-31,sp400,BYD
2020-03-31,rut,BYD
2020-03-31,sp400,BYD
2020-06-30,rut,BYD
2020-06-30,sp400,BYD
2020-09-30,rut,BYD
2020-09-30,sp400,BYD
2020-12-31,rut,BYD
2020-12-31,sp400,BYD
2021-03-31,rut,BYD
2021-03-31,sp400,BYD
2021-06-30,sp400,BYD
2021-09-30,sp400,BYD
2021-12-31,sp400,BYD
2022-03-31,sp400,BYD
2022-06-30,sp400,BYD
2022-09-30,sp400,BYD
2022-12-31,sp400,BYD
2023-03-31,sp400,BYD
2023-06-30,sp400,BYD
2023-09-30,sp400,BYD
2023-12-31,sp400,BYD
2024-03-31,sp400,BYD
2024-06-30,sp400,BYD
2024-09-30,sp400,BYD
2024-12-31,sp400,BYD
2025-03-31,sp400,BYD
2025-06-30,sp400,BYD
2025-09-30,sp400,BYD
2025-12-31,sp400,BYD
2026-03-31,sp400,BYD
2026-06-30,sp400,BYD
2026-09-30,sp400,BYD
2019-12-31,rut,CASH
2019-12-31,sp600,CASH
2020-03-31,rut,CASH
2020-03-31,sp600,CASH
2020-06-30,rut,CASH
2020-06-30,sp600,CASH
2020-09-30,rut,CASH
2020-09-30,sp600,CASH
2020-12-31,rut,CASH
2020-12-31,sp600,CASH
2021-03-31,rut,CASH
2021-03-31,sp600,CASH
2021-06-30,rut,CASH
2021-06-30,sp600,CASH
2021-09-30,rut,CASH
2021-09-30,sp600,CASH
2021-12-31,rut,CASH
2021-12-31,sp600,CASH
2022-03-31,rut,CASH
2022-03-31,sp600,CASH
2022-06-30,rut,CASH
2022-06-30,sp600,CASH
2022-09-30,rut,CASH
2022-09-30,sp600,CASH
2022-12-31,rut,CASH
2022-12-31,sp600,CASH
2023-03-31,rut,CASH
2023-03-31,sp600,CASH
2023-06-30,rut,CASH
2023-06-30,sp600,CASH
2023-09-30,rut,CASH
2023-09-30,sp600,CASH
2023-12-31,rut,CASH
2023-12-31,sp600,CASH
2024-03-31,rut,CASH
2024-03-31,sp600,CASH
2024-06-30,rut,CASH
2024-06-30,sp600,CASH
2024-09-30,rut,CASH
2024-09-30,sp600,CASH
2024-12-31,rut,CASH
2024-12-31,sp600,CASH
2025-03-31,rut,CASH
2025-03-31,sp600,CASH
2025-06-30,rut,CASH
2025-06-30,sp600,CASH
2025-09-30,rut,CASH
2025-09-30,sp600,CASH
2025-12-31,rut,CASH
2025-12-31,sp600,CASH
2026-03-31,rut,CASH
2026-03-31,sp600,CASH
2026-06-30,rut,CASH
2026-06-30,sp600,CASH
2026-09-30,rut,CASH
2026-09-30,sp600,CASH
2025-03-31,sp600,BWA
2025-06-30,sp600,BWA
2025-09-30,sp600,BWA
2025-12-31,sp400,BWA
2026-03-31,sp400,BWA
2026-06-30,sp400,BWA
2026-09-30,sp400,BWA
2019-12-31,rut,WINA
2020-03-31,rut,WINA
2020-06-30,rut,WINA
2020-09-30,rut,WINA
2020-12-31,rut,WINA
2021-03-31,rut,WINA
2021-06-30,rut,WINA
2021-09-30,rut,WINA
2021-12-31,rut,WINA
2022-03-31,rut,WINA
2022-06-30,rut,WINA
2022-09-30,rut,WINA
2022-12-31,rut,WINA
2023-03-31,rut,WINA
2023-06-30,rut,WINA
2023-09-30,rut,WINA
2023-12-31,rut,WINA
2024-03-31,rut,WINA
2024-06-30,rut,WINA
2024-09-30,rut,WINA
2024-12-31,rut,WINA
2025-03-31,rut,WINA
2025-06-30,rut,WINA
2025-09-30,rut,WINA
2025-12-31,rut,WINA
2026-03-31,rut,WINA
2026-03-31,sp600,WINA
2026-06-30,rut,WINA
2026-06-30,sp600,WINA
2026-09-30,rut,WINA
2026-09-30,sp600,WINA
2026-06-30,sp400,SIRI
2026-09-30,sp400,SIRI
2024-09-30,rut,FLG
2024-09-30,sp400,FLG
2024-12-31,rut,FLG
2024-12-31,sp400,FLG
2025-03-31,rut,FLG
2025-03-31,sp400,FLG
2025-06-30,rut,FLG
2025-06-30,sp400,FLG
2025-09-30,rut,FLG
2025-09-30,sp400,FLG
2025-12-31,rut,FLG
2025-12-31,sp400,FLG
2026-03-31,rut,FLG
2026-03-31,sp400,FLG
2026-06-30,rut,FLG
2026-06-30,sp400,FLG
2026-09-30,rut,FLG
2026-09-30,sp400,FLG
2019-12-31,rut,LXP
2019-12-31,sp600,LXP
2020-03-31,rut,LXP
2020-03-31,sp600,LXP
2020-06-30,rut,LXP
2020-06-30,sp600,LXP
2020-09-30,rut,LXP
2020-09-30,sp600,LXP
2020-12-31,rut,LXP
2020-12-31,sp600,LXP
2021-03-31,rut,LXP
2021-03-31,sp600,LXP
2021-06-30,rut,LXP
2021-06-30,sp600,LXP
2021-09-30,rut,LXP
2021-09-30,sp600,LXP
2021-12-31,rut,LXP
2021-12-31,sp600,LXP
2022-03-31,rut,LXP
2022-03-31,sp600,LXP
2022-06-30,rut,LXP
2022-06-30,sp600,LXP
2022-09-30,rut,LXP
2022-09-30,sp600,LXP
2022-12-31,rut,LXP
2022-12-31,sp600,LXP
2023-03-31,rut,LXP
2023-03-31,sp600,LXP
2023-06-30,rut,LXP
2023-06-30,sp600,LXP
2023-09-30,rut,LXP
2023-09-30,sp600,LXP
2023-12-31,rut,LXP
2023-12-31,sp600,LXP
2024-03-31,rut,LXP
2024-03-31,sp600,LXP
2024-06-30,rut,LXP
2024-06-30,sp600,LXP
2024-09-30,rut,LXP
2024-09-30,sp600,LXP
2024-12-31,rut,LXP
2024-12-31,sp600,LXP
2025-03-31,rut,LXP
2025-03-31,sp600,LXP
2025-06-30,rut,LXP
2025-06-30,sp600,LXP
2025-09-30,rut,LXP
2025-09-30,sp600,LXP
2025-12-31,rut,LXP
2025-12-31,sp600,LXP
2026-03-31,rut,LXP
2026-03-31,sp600,LXP
2026-06-30,rut,LXP
2026-06-30,sp600,LXP
2026-09-30,rut,LXP
2026-09-30,sp600,LXP
2019-12-31,sp400,HAIN
2020-03-31,sp400,HAIN
2020-06-30,sp400,HAIN
2020-09-30,sp400,HAIN
2020-12-31,sp400,HAIN
2021-03-31,sp400,HAIN
2021-06-30,sp400,HAIN
2021-09-30,sp400,HAIN
2021-12-31,sp400,HAIN
2022-03-31,sp400,HAIN
2022-06-30,rut,HAIN
2022-06-30,sp400,HAIN
2022-09-30,rut,HAIN
2022-09-30,sp400,HAIN
2022-12-31,rut,HAIN
2022-12-31,sp600,HAIN
2023-03-31,rut,HAIN
2023-03-31,sp600,HAIN
2023-06-30,rut,HAIN
2023-06-30,sp600,HAIN
2023-09-30,rut,HAIN
2023-09-30,sp600,HAIN
2023-12-31,rut,HAIN
2023-12-31,sp600,HAIN
2024-03-31,rut,HAIN
2024-03-31,sp600,HAIN
2024-06-30,rut,HAIN
2024-06-30,sp600,HAIN
2024-09-30,rut,HAIN
2024-09-30,sp600,HAIN
2024-12-31,rut,HAIN
2024-12-31,sp600,HAIN
2025-03-31,rut,HAIN
2025-06-30,rut,HAIN
2025-09-30,rut,HAIN
2025-12-31,rut,HAIN
2026-03-31,rut,HAIN
2019-12-31,rut,CWST
2020-03-31,rut,CWST
2020-06-30,rut,CWST
2020-09-30,rut,CWST
2020-12-31,rut,CWST
2021-03-31,rut,CWST
2021-06-30,rut,CWST
2021-09-30,rut,CWST
2021-12-31,rut,CWST
2022-03-31,rut,CWST
2022-06-30,rut,CWST
2022-09-30,rut,CWST
2022-12-31,rut,CWST
2023-03-31,rut,CWST
2023-06-30,rut,CWST
2023-09-30,rut,CWST
2023-12-31,rut,CWST
2024-03-31,rut,CWST
2024-06-30,rut,CWST
2024-09-30,rut,CWST
2024-12-31,rut,CWST
2025-03-31,rut,CWST
2025-06-30,rut,CWST
2025-09-30,rut,CWST
2025-12-31,rut,CWST
2025-12-31,sp600,CWST
2026-03-31,rut,CWST
2026-03-31,sp600,CWST
2026-06-30,rut,CWST
2026-06-30,sp600,CWST
2026-09-30,rut,CWST
2026-09-30,sp600,CWST
2019-12-31,rut,VIAV
2019-12-31,sp600,VIAV
2020-03-31,rut,VIAV
2020-03-31,sp600,VIAV
2020-06-30,rut,VIAV
2020-06-30,sp600,VIAV
2020-09-30,rut,VIAV
2020-09-30,sp600,VIAV
2020-12-31,rut,VIAV
2020-12-31,sp600,VIAV
2021-03-31,rut,VIAV
2021-03-31,sp600,VIAV
2021-06-30,rut,VIAV
2021-06-30,sp600,VIAV
2021-09-30,rut,VIAV
2021-09-30,sp600,VIAV
2021-12-31,rut,VIAV
2021-12-31,sp600,VIAV
2022-03-31,rut,VIAV
2022-03-31,sp600,VIAV
2022-06-30,rut,VIAV
2022-06-30,sp600,VIAV
2022-09-30,rut,VIAV
2022-09-30,sp600,VIAV
2022-12-31,rut,VIAV
2022-12-31,sp600,VIAV
2023-03-31,rut,VIAV
2023-03-31,sp600,VIAV
2023-06-30,rut,VIAV
2023-06-30,sp600,VIAV
2023-09-30,rut,VIAV
2023-09-30,sp600,VIAV
2023-12-31,rut,VIAV
2023-12-31,sp600,VIAV
2024-03-31,rut,VIAV
2024-03-31,sp600,VIAV
2024-06-30,rut,VIAV
2024-06-30,sp600,VIAV
2024-09-30,rut,VIAV
2024-09-30,sp600,VIAV
2024-12-31,rut,VIAV
2024-12-31,sp600,VIAV
2025-03-31,rut,VIAV
2025-03-31,sp600,VIAV
2025-06-30,rut,VIAV
2025-06-30,sp600,VIAV
2025-09-30,rut,VIAV
2025-09-30,sp600,VIAV
2025-12-31,rut,VIAV
2025-12-31,sp600,VIAV
2026-03-31,rut,VIAV
2026-03-31,sp600,VIAV
2026-06-30,sp400,VIAV
2026-09-30,sp400,VIAV
2019-12-31,sp400,MAC
2020-03-31,sp400,MAC
2020-06-30,rut,MAC
2020-06-30,sp400,MAC
2020-09-30,rut,MAC
2020-09-30,sp400,MAC
2020-12-31,rut,MAC
2020-12-31,sp400,MAC
2021-03-31,rut,MAC
2021-03-31,sp400,MAC
2021-06-30,rut,MAC
2021-06-30,sp400,MAC
2021-09-30,rut,MAC
2021-09-30,sp400,MAC
2021-12-31,rut,MAC
2021-12-31,sp400,MAC
2022-03-31,rut,MAC
2022-03-31,sp400,MAC
2022-06-30,rut,MAC
2022-06-30,sp400,MAC
2022-09-30,rut,MAC
2022-09-30,sp400,MAC
2022-12-31,rut,MAC
2022-12-31,sp400,MAC
2023-03-31,rut,MAC
2023-03-31,sp400,MAC
2023-06-30,rut,MAC
2023-06-30,sp600,MAC
2023-09-30,rut,MAC
2023-09-30,sp600,MAC
2023-12-31,rut,MAC
2023-12-31,sp600,MAC
2024-03-31,rut,MAC
2024-03-31,sp600,MAC
2024-06-30,rut,MAC
2024-06-30,sp600,MAC
2024-09-30,rut,MAC
2024-09-30,sp600,MAC
2024-12-31,rut,MAC
2024-12-31,sp600,MAC
2025-03-31,rut,MAC
2025-03-31,sp600,MAC
2025-06-30,rut,MAC
2025-06-30,sp600,MAC
2025-09-30,rut,MAC
2025-09-30,sp600,MAC
2025-12-31,rut,MAC
2025-12-31,sp600,MAC
2026-03-31,rut,MAC
2026-03-31,sp600,MAC
2026-06-30,rut,MAC
2026-06-30,sp600,MAC
2026-09-30,rut,MAC
2026-09-30,sp600,MAC
2019-12-31,rut,ROCK
2019-12-31,sp600,ROCK
2020-03-31,rut,ROCK
2020-03-31,sp600,ROCK
2020-06-30,rut,ROCK
2020-06-30,sp600,ROCK
2020-09-30,rut,ROCK
2020-09-30,sp600,ROCK
2020-12-31,rut,ROCK
2020-12-31,sp600,ROCK
2021-03-31,rut,ROCK
2021-03-31,sp600,ROCK
2021-06-30,rut,ROCK
2021-06-30,sp600,ROCK
2021-09-30,rut,ROCK
2021-09-30,sp600,ROCK
2021-12-31,rut,ROCK
2021-12-31,sp600,ROCK
2022-03-31,rut,ROCK
2022-03-31,sp600,ROCK
2022-06-30,rut,ROCK
2022-06-30,sp600,ROCK
2022-09-30,rut,ROCK
2022-09-30,sp600,ROCK
2022-12-31,rut,ROCK
2022-12-31,sp600,ROCK
2023-03-31,rut,ROCK
2023-03-31,sp600,ROCK
2023-06-30,rut,ROCK
2023-06-30,sp600,ROCK
2023-09-30,rut,ROCK
2023-09-30,sp600,ROCK
2023-12-31,rut,ROCK
2023-12-31,sp600,ROCK
2024-03-31,rut,ROCK
2024-03-31,sp600,ROCK
2024-06-30,rut,ROCK
2024-06-30,sp600,ROCK
2024-09-30,rut,ROCK
2024-09-30,sp600,ROCK
2024-12-31,rut,ROCK
2024-12-31,sp600,ROCK
2025-03-31,rut,ROCK
2025-03-31,sp600,ROCK
2025-06-30,rut,ROCK
2025-06-30,sp600,ROCK
2025-09-30,rut,ROCK
2025-09-30,sp600,ROCK
2025-12-31,rut,ROCK
2025-12-31,sp600,ROCK
2026-03-31,rut,ROCK
2026-03-31,sp600,ROCK
2026-06-30,rut,ROCK
2026-06-30,sp600,ROCK
2026-09-30,rut,ROCK
2026-09-30,sp600,ROCK
2026-09-30,sp400,SUI
2019-12-31,sp400,URBN
2020-03-31,sp400,URBN
2020-06-30,rut,URBN
2020-06-30,sp400,URBN
2020-09-30,rut,URBN
2020-09-30,sp400,URBN
2020-12-31,rut,URBN
2020-12-31,sp400,URBN
2021-03-31,rut,URBN
2021-03-31,sp400,URBN
2021-06-30,rut,URBN
2021-06-30,sp400,URBN
2021-09-30,rut,URBN
2021-09-30,sp400,URBN
2021-12-31,rut,URBN
2021-12-31,sp400,URBN
2022-03-31,rut,URBN
2022-03-31,sp400,URBN
2022-06-30,rut,URBN
2022-06-30,sp600,URBN
2022-09-30,rut,URBN
2022-09-30,sp600,URBN
2022-12-31,rut,URBN
2022-12-31,sp600,URBN
2023-03-31,rut,URBN
2023-03-31,sp600,URBN
2023-06-30,rut,URBN
2023-06-30,sp600,URBN
2023-09-30,rut,URBN
2023-09-30,sp600,URBN
2023-12-31,rut,URBN
2023-12-31,sp600,URBN
2024-03-31,rut,URBN
2024-03-31,sp600,URBN
2024-06-30,rut,URBN
2024-06-30,sp600,URBN
2024-09-30,rut,URBN
2024-09-30,sp600,URBN
2024-12-31,rut,URBN
2024-12-31,sp600,URBN
2025-03-31,rut,URBN
2025-03-31,sp600,URBN
2025-06-30,rut,URBN
2025-06-30,sp600,URBN
2025-09-30,rut,URBN
2025-09-30,sp600,URBN
2025-12-31,rut,URBN
2025-12-31,sp600,URBN
2026-03-31,rut,URBN
2026-03-31,sp600,URBN
2026-06-30,rut,URBN
2026-06-30,sp600,URBN
2026-09-30,rut,URBN
2026-09-30,sp600,URBN
2019-12-31,rut,FWRD
2019-12-31,sp600,FWRD
2020-03-31,rut,FWRD
2020-03-31,sp600,FWRD
2020-06-30,rut,FWRD
2020-06-30,sp600,FWRD
2020-09-30,rut,FWRD
2020-09-30,sp600,FWRD
2020-12-31,rut,FWRD
2020-12-31,sp600,FWRD
2021-03-31,rut,FWRD
2021-03-31,sp600,FWRD
2021-06-30,rut,FWRD
2021-06-30,sp600,FWRD
2021-09-30,rut,FWRD
2021-09-30,sp600,FWRD
2021-12-31,rut,FWRD
2021-12-31,sp600,FWRD
2022-03-31,rut,FWRD
2022-03-31,sp600,FWRD
2022-06-30,rut,FWRD
2022-06-30,sp600,FWRD
2022-09-30,rut,FWRD
2022-09-30,sp600,FWRD
2022-12-31,rut,FWRD
2022-12-31,sp600,FWRD
2023-03-31,rut,FWRD
2023-03-31,sp600,FWRD
2023-06-30,rut,FWRD
2023-06-30,sp600,FWRD
2023-09-30,rut,FWRD
2023-09-30,sp600,FWRD
2023-12-31,rut,FWRD
2023-12-31,sp600,FWRD
2024-03-31,rut,FWRD
2024-03-31,sp600,FWRD
2024-06-30,rut,FWRD
2024-06-30,sp600,FWRD
2024-09-30,rut,FWRD
2024-09-30,sp600,FWRD
2024-12-31,rut,FWRD
2024-12-31,sp600,FWRD
2025-03-31,rut,FWRD
2025-03-31,sp600,FWRD
2025-06-30,rut,FWRD
2025-06-30,sp600,FWRD
2025-09-30,rut,FWRD
2025-09-30,sp600,FWRD
2025-12-31,rut,FWRD
2025-12-31,sp600,FWRD
2026-03-31,rut,FWRD
2026-03-31,sp600,FWRD
2026-06-30,rut,FWRD
2026-09-30,rut,FWRD
2019-12-31,rut,LAUR
2020-03-31,rut,LAUR
2020-06-30,rut,LAUR
2020-09-30,rut,LAUR
2020-12-31,rut,LAUR
2021-03-31,rut,LAUR
2021-06-30,rut,LAUR
2021-09-30,rut,LAUR
2021-12-31,rut,LAUR
2022-03-31,rut,LAUR
2022-06-30,rut,LAUR
2022-09-30,rut,LAUR
2022-12-31,rut,LAUR
2023-03-31,rut,LAUR
2023-06-30,rut,LAUR
2023-09-30,rut,LAUR
2023-12-31,rut,LAUR
2024-03-31,rut,LAUR
2024-06-30,rut,LAUR
2024-09-30,rut,LAUR
2024-12-31,rut,LAUR
2025-03-31,rut,LAUR
2025-06-30,rut,LAUR
2025-09-30,rut,LAUR
2025-12-31,rut,LAUR
2026-03-31,rut,LAUR
2026-03-31,sp600,LAUR
2026-06-30,rut,LAUR
2026-06-30,sp600,LAUR
2026-09-30,rut,LAUR
2026-09-30,sp600,LAUR
2020-06-30,rut,UFPI
2020-06-30,sp600,UFPI
2020-09-30,rut,UFPI
2020-09-30,sp600,UFPI
2020-12-31,rut,UFPI
2020-12-31,sp600,UFPI
2021-03-31,rut,UFPI
2021-03-31,sp600,UFPI
2021-06-30,rut,UFPI
2021-06-30,sp600,UFPI
2021-09-30,rut,UFPI
2021-09-30,sp600,UFPI
2021-12-31,rut,UFPI
2021-12-31,sp600,UFPI
2022-03-31,rut,UFPI
2022-03-31,sp600,UFPI
2022-06-30,rut,UFPI
2022-06-30,sp600,UFPI
2022-09-30,rut,UFPI
2022-09-30,sp600,UFPI
2022-12-31,rut,UFPI
2022-12-31,sp600,UFPI
2023-03-31,rut,UFPI
2023-03-31,sp400,UFPI
2023-06-30,rut,UFPI
2023-06-30,sp400,UFPI
2023-09-30,rut,UFPI
2023-09-30,sp400,UFPI
2023-12-31,rut,UFPI
2023-12-31,sp400,UFPI
2024-03-31,rut,UFPI
2024-03-31,sp400,UFPI
2024-06-30,rut,UFPI
2024-06-30,sp400,UFPI
2024-09-30,rut,UFPI
2024-09-30,sp400,UFPI
2024-12-31,rut,UFPI
2024-12-31,sp400,UFPI
2025-03-31,rut,UFPI
2025-03-31,sp400,UFPI
2025-06-30,rut,UFPI
2025-06-30,sp400,UFPI
2025-09-30,rut,UFPI
2025-09-30,sp400,UFPI
2025-12-31,rut,UFPI
2025-12-31,sp400,UFPI
2026-03-31,rut,UFPI
2026-03-31,sp400,UFPI
2026-06-30,rut,UFPI
2026-06-30,sp400,UFPI
2026-09-30,rut,UFPI
2026-09-30,sp400,UFPI
2019-12-31,rut,BDC
2019-12-31,sp400,BDC
2020-03-31,rut,BDC
2020-03-31,sp400,BDC
2020-06-30,rut,BDC
2020-06-30,sp400,BDC
2020-09-30,rut,BDC
2020-09-30,sp400,BDC
2020-12-31,rut,BDC
2020-12-31,sp400,BDC
2021-03-31,rut,BDC
2021-03-31,sp400,BDC
2021-06-30,rut,BDC
2021-06-30,sp400,BDC
2021-09-30,rut,BDC
2021-09-30,sp400,BDC
2021-12-31,rut,BDC
2021-12-31,sp400,BDC
2022-03-31,rut,BDC
2022-03-31,sp400,BDC
2022-06-30,rut,BDC
2022-06-30,sp400,BDC
2022-09-30,rut,BDC
2022-09-30,sp400,BDC
2022-12-31,rut,BDC
2022-12-31,sp400,BDC
2023-03-31,rut,BDC
2023-03-31,sp400,BDC
2023-06-30,rut,BDC
2023-06-30,sp400,BDC
2023-09-30,rut,BDC
2023-09-30,sp400,BDC
2023-12-31,rut,BDC
2023-12-31,sp400,BDC
2024-03-31,rut,BDC
2024-03-31,sp400,BDC
2024-06-30,rut,BDC
2024-06-30,sp400,BDC
2024-09-30,rut,BDC
2024-09-30,sp400,BDC
2024-12-31,rut,BDC
2024-12-31,sp400,BDC
2025-03-31,rut,BDC
2025-03-31,sp400,BDC
2025-06-30,rut,BDC
2025-06-30,sp400,BDC
2025-09-30,rut,BDC
2025-09-30,sp400,BDC
2025-12-31,rut,BDC
2025-12-31,sp400,BDC
2026-03-31,rut,BDC
2026-03-31,sp400,BDC
2026-06-30,rut,BDC
2026-06-30,sp400,BDC
2026-09-30,rut,BDC
2026-09-30,sp400,BDC
2019-12-31,sp400,RNR
2020-03-31,sp400,RNR
2020-06-30,sp400,RNR
2020-09-30,sp400,RNR
2023-06-30,sp400,RNR
2023-09-30,sp400,RNR
2023-12-31,sp400,RNR
2024-09-30,sp400,RNR
2026-09-30,sp400,RNR
2019-12-31,rut,SHOO
2019-12-31,sp600,SHOO
2020-03-31,rut,SHOO
2020-03-31,sp600,SHOO
2020-06-30,rut,SHOO
2020-06-30,sp600,SHOO
2020-09-30,rut,SHOO
2020-09-30,sp600,SHOO
2020-12-31,rut,SHOO
2020-12-31,sp600,SHOO
2021-03-31,rut,SHOO
2021-03-31,sp600,SHOO
2021-06-30,rut,SHOO
2021-06-30,sp600,SHOO
2021-09-30,rut,SHOO
2021-09-30,sp600,SHOO
2021-12-31,rut,SHOO
2021-12-31,sp600,SHOO
2022-03-31,rut,SHOO
2022-03-31,sp600,SHOO
2022-06-30,rut,SHOO
2022-06-30,sp600,SHOO
2022-09-30,rut,SHOO
2022-09-30,sp600,SHOO
2022-12-31,rut,SHOO
2022-12-31,sp600,SHOO
2023-03-31,rut,SHOO
2023-03-31,sp600,SHOO
2023-06-30,rut,SHOO
2023-06-30,sp600,SHOO
2023-09-30,rut,SHOO
2023-09-30,sp600,SHOO
2023-12-31,rut,SHOO
2023-12-31,sp600,SHOO
2024-03-31,rut,SHOO
2024-03-31,sp600,SHOO
2024-06-30,rut,SHOO
2024-06-30,sp600,SHOO
2024-09-30,rut,SHOO
2024-09-30,sp600,SHOO
2024-12-31,rut,SHOO
2024-12-31,sp600,SHOO
2025-03-31,rut,SHOO
2025-03-31,sp600,SHOO
2025-06-30,rut,SHOO
2025-06-30,sp600,SHOO
2025-09-30,rut,SHOO
2025-09-30,sp600,SHOO
2025-12-31,rut,SHOO
2025-12-31,sp600,SHOO
2026-03-31,rut,SHOO
2026-03-31,sp600,SHOO
2026-06-30,rut,SHOO
2026-06-30,sp600,SHOO
2026-09-30,rut,SHOO
2026-09-30,sp600,SHOO
2020-09-30,rut,SNEX
2020-09-30,sp600,SNEX
2020-12-31,rut,SNEX
2020-12-31,sp600,SNEX
2021-03-31,rut,SNEX
2021-03-31,sp600,SNEX
2021-06-30,rut,SNEX
2021-06-30,sp600,SNEX
2021-09-30,rut,SNEX
2021-09-30,sp600,SNEX
2021-12-31,rut,SNEX
2021-12-31,sp600,SNEX
2022-03-31,rut,SNEX
2022-03-31,sp600,SNEX
2022-06-30,rut,SNEX
2022-06-30,sp600,SNEX
2022-09-30,rut,SNEX
2022-09-30,sp600,SNEX
2022-12-31,rut,SNEX
2022-12-31,sp600,SNEX
2023-03-31,rut,SNEX
2023-03-31,sp600,SNEX
2023-06-30,rut,SNEX
2023-06-30,sp600,SNEX
2023-09-30,rut,SNEX
2023-09-30,sp600,SNEX
2023-12-31,rut,SNEX
2023-12-31,sp600,SNEX
2024-03-31,rut,SNEX
2024-03-31,sp600,SNEX
2024-06-30,rut,SNEX
2024-06-30,sp600,SNEX
2024-09-30,rut,SNEX
2024-09-30,sp600,SNEX
2024-12-31,rut,SNEX
2024-12-31,sp600,SNEX
2025-03-31,rut,SNEX
2025-03-31,sp600,SNEX
2025-06-30,rut,SNEX
2025-06-30,sp600,SNEX
2025-09-30,rut,SNEX
2025-09-30,sp600,SNEX
2025-12-31,rut,SNEX
2025-12-31,sp600,SNEX
2026-03-31,rut,SNEX
2026-03-31,sp600,SNEX
2026-06-30,rut,SNEX
2026-06-30,sp600,SNEX
2026-09-30,rut,SNEX
2026-09-30,sp600,SNEX
2019-12-31,rut,UFPT
2020-03-31,rut,UFPT
2020-06-30,rut,UFPT
2020-09-30,rut,UFPT
2020-12-31,rut,UFPT
2021-03-31,rut,UFPT
2021-06-30,rut,UFPT
2021-09-30,rut,UFPT
2021-12-31,rut,UFPT
2022-03-31,rut,UFPT
2022-06-30,rut,UFPT
2022-09-30,rut,UFPT
2022-12-31,rut,UFPT
2023-03-31,rut,UFPT
2023-06-30,rut,UFPT
2023-06-30,sp600,UFPT
2023-09-30,rut,UFPT
2023-09-30,sp600,UFPT
2023-12-31,rut,UFPT
2023-12-31,sp600,UFPT
2024-03-31,rut,UFPT
2024-03-31,sp600,UFPT
2024-06-30,rut,UFPT
2024-06-30,sp600,UFPT
2024-09-30,rut,UFPT
2024-09-30,sp600,UFPT
2024-12-31,rut,UFPT
2024-12-31,sp600,UFPT
2025-03-31,rut,UFPT
2025-03-31,sp600,UFPT
2025-06-30,rut,UFPT
2025-06-30,sp600,UFPT
2025-09-30,rut,UFPT
2025-09-30,sp600,UFPT
2025-12-31,rut,UFPT
2025-12-31,sp600,UFPT
2026-03-31,rut,UFPT
2026-03-31,sp600,UFPT
2026-06-30,rut,UFPT
2026-06-30,sp600,UFPT
2026-09-30,rut,UFPT
2026-09-30,sp600,UFPT
2021-03-31,sp400,NBIX
2021-06-30,sp400,NBIX
2021-09-30,sp400,NBIX
2021-12-31,sp400,NBIX
2022-03-31,sp400,NBIX
2022-06-30,sp400,NBIX
2022-09-30,sp400,NBIX
2022-12-31,sp400,NBIX
2023-03-31,sp400,NBIX
2023-06-30,sp400,NBIX
2023-09-30,sp400,NBIX
2023-12-31,sp400,NBIX
2024-03-31,sp400,NBIX
2024-06-30,sp400,NBIX
2024-09-30,sp400,NBIX
2024-12-31,sp400,NBIX
2025-03-31,sp400,NBIX
2025-06-30,sp400,NBIX
2025-09-30,sp400,NBIX
2025-12-31,sp400,NBIX
2026-03-31,sp400,NBIX
2026-06-30,sp400,NBIX
2026-09-30,sp400,NBIX
2019-12-31,rut,DAKT
2019-12-31,sp600,DAKT
2020-03-31,rut,DAKT
2020-03-31,sp600,DAKT
2020-06-30,rut,DAKT
2020-06-30,sp600,DAKT
2020-09-30,rut,DAKT
2020-09-30,sp600,DAKT
2020-12-31,rut,DAKT
2020-12-31,sp600,DAKT
2021-03-31,rut,DAKT
2021-03-31,sp600,DAKT
2021-06-30,rut,DAKT
2021-06-30,sp600,DAKT
2021-09-30,rut,DAKT
2021-09-30,sp600,DAKT
2021-12-31,rut,DAKT
2022-03-31,rut,DAKT
2023-06-30,rut,DAKT
2023-09-30,rut,DAKT
2023-12-31,rut,DAKT
2024-03-31,rut,DAKT
2024-06-30,rut,DAKT
2024-09-30,rut,DAKT
2024-12-31,rut,DAKT
2025-03-31,rut,DAKT
2025-06-30,rut,DAKT
2025-09-30,rut,DAKT
2025-12-31,rut,DAKT
2026-03-31,rut,DAKT
2026-06-30,rut,DAKT
2026-09-30,rut,DAKT
2019-12-31,rut,BZH
2020-03-31,rut,BZH
2020-06-30,rut,BZH
2020-09-30,rut,BZH
2020-12-31,rut,BZH
2021-03-31,rut,BZH
2021-06-30,rut,BZH
2021-09-30,rut,BZH
2021-12-31,rut,BZH
2022-03-31,rut,BZH
2022-06-30,rut,BZH
2022-09-30,rut,BZH
2022-12-31,rut,BZH
2023-03-31,rut,BZH
2023-06-30,rut,BZH
2023-09-30,rut,BZH
2023-12-31,rut,BZH
2024-03-31,rut,BZH
2024-06-30,rut,BZH
2024-09-30,rut,BZH
2024-12-31,rut,BZH
2025-03-31,rut,BZH
2025-06-30,rut,BZH
2025-09-30,rut,BZH
2025-12-31,rut,BZH
2026-03-31,rut,BZH
2026-06-30,rut,BZH
2026-09-30,rut,BZH
2019-12-31,rut,DAR
2019-12-31,sp600,DAR
2020-03-31,rut,DAR
2020-03-31,sp400,DAR
2020-06-30,rut,DAR
2020-06-30,sp400,DAR
2020-09-30,rut,DAR
2020-09-30,sp400,DAR
2020-12-31,rut,DAR
2020-12-31,sp400,DAR
2021-03-31,rut,DAR
2021-03-31,sp400,DAR
2021-06-30,sp400,DAR
2021-09-30,sp400,DAR
2021-12-31,sp400,DAR
2022-03-31,sp400,DAR
2022-06-30,sp400,DAR
2022-09-30,sp400,DAR
2022-12-31,sp400,DAR
2023-03-31,sp400,DAR
2023-06-30,sp400,DAR
2023-09-30,sp400,DAR
2023-12-31,sp400,DAR
2024-03-31,sp400,DAR
2024-06-30,sp400,DAR
2024-09-30,sp400,DAR
2024-12-31,sp400,DAR
2025-03-31,sp400,DAR
2025-06-30,sp400,DAR
2025-09-30,sp400,DAR
2025-12-31,sp400,DAR
2026-03-31,sp400,DAR
2026-06-30,sp400,DAR
2026-09-30,sp400,DAR
2020-06-30,rut,HELE
2020-09-30,rut,HELE
2020-12-31,rut,HELE
2021-06-30,rut,HELE
2026-09-30,rut,HELE
2019-12-31,rut,SMBC
2020-03-31,rut,SMBC
2020-06-30,rut,SMBC
2020-09-30,rut,SMBC
2020-12-31,rut,SMBC
2021-03-31,rut,SMBC
2021-06-30,rut,SMBC
2021-09-30,rut,SMBC
2021-12-31,rut,SMBC
2022-03-31,rut,SMBC
2022-06-30,rut,SMBC
2022-09-30,rut,SMBC
2022-12-31,rut,SMBC
2023-03-31,rut,SMBC
2023-06-30,rut,SMBC
2023-09-30,rut,SMBC
2023-12-31,rut,SMBC
2024-03-31,rut,SMBC
2024-06-30,rut,SMBC
2024-09-30,rut,SMBC
2024-12-31,rut,SMBC
2025-03-31,rut,SMBC
2025-06-30,rut,SMBC
2025-09-30,rut,SMBC
2025-12-31,rut,SMBC
2026-03-31,rut,SMBC
2026-06-30,rut,SMBC
2026-09-30,rut,SMBC
2019-12-31,rut,ADC
2019-12-31,sp600,ADC
2020-03-31,rut,ADC
2020-03-31,sp600,ADC
2020-06-30,rut,ADC
2020-06-30,sp600,ADC
2020-09-30,rut,ADC
2020-09-30,sp600,ADC
2020-12-31,rut,ADC
2020-12-31,sp600,ADC
2021-03-31,rut,ADC
2021-03-31,sp600,ADC
2021-06-30,rut,ADC
2021-06-30,sp600,ADC
2021-09-30,rut,ADC
2021-09-30,sp600,ADC
2021-12-31,rut,ADC
2021-12-31,sp600,ADC
2022-03-31,rut,ADC
2022-03-31,sp600,ADC
2022-06-30,rut,ADC
2022-06-30,sp600,ADC
2022-09-30,rut,ADC
2022-09-30,sp600,ADC
2022-12-31,rut,ADC
2022-12-31,sp600,ADC
2023-03-31,rut,ADC
2023-03-31,sp400,ADC
2023-06-30,sp400,ADC
2023-09-30,sp400,ADC
2023-12-31,sp400,ADC
2024-03-31,sp400,ADC
2024-06-30,sp400,ADC
2024-09-30,sp400,ADC
2024-12-31,sp400,ADC
2025-03-31,sp400,ADC
2025-06-30,sp400,ADC
2025-09-30,sp400,ADC
2025-12-31,sp400,ADC
2026-03-31,sp400,ADC
2026-06-30,sp400,ADC
2026-09-30,sp400,ADC
2019-12-31,rut,RMBS
2019-12-31,sp600,RMBS
2020-03-31,rut,RMBS
2020-03-31,sp600,RMBS
2020-06-30,rut,RMBS
2020-06-30,sp600,RMBS
2020-09-30,rut,RMBS
2020-09-30,sp600,RMBS
2020-12-31,rut,RMBS
2020-12-31,sp600,RMBS
2021-03-31,rut,RMBS
2021-03-31,sp600,RMBS
2021-06-30,rut,RMBS
2021-06-30,sp600,RMBS
2021-09-30,rut,RMBS
2021-09-30,sp600,RMBS
2021-12-31,rut,RMBS
2021-12-31,sp600,RMBS
2022-03-31,rut,RMBS
2022-03-31,sp600,RMBS
2022-06-30,rut,RMBS
2022-06-30,sp600,RMBS
2022-09-30,rut,RMBS
2022-09-30,sp600,RMBS
2022-12-31,rut,RMBS
2022-12-31,sp600,RMBS
2023-03-31,rut,RMBS
2023-03-31,sp600,RMBS
2023-06-30,rut,RMBS
2023-06-30,sp600,RMBS
2023-09-30,rut,RMBS
2023-09-30,sp600,RMBS
2023-12-31,rut,RMBS
2023-12-31,sp400,RMBS
2024-03-31,rut,RMBS
2024-03-31,sp400,RMBS
2024-06-30,rut,RMBS
2024-06-30,sp400,RMBS
2024-09-30,rut,RMBS
2024-09-30,sp400,RMBS
2024-12-31,rut,RMBS
2024-12-31,sp400,RMBS
2025-03-31,rut,RMBS
2025-03-31,sp400,RMBS
2025-06-30,rut,RMBS
2025-06-30,sp400,RMBS
2025-09-30,rut,RMBS
2025-09-30,sp400,RMBS
2025-12-31,rut,RMBS
2025-12-31,sp400,RMBS
2026-03-31,rut,RMBS
2026-03-31,sp400,RMBS
2026-06-30,sp400,RMBS
2026-09-30,sp400,RMBS
2019-12-31,sp400,IART
2020-03-31,sp400,IART
2020-06-30,sp400,IART
2020-09-30,sp400,IART
2020-12-31,sp400,IART
2021-03-31,sp400,IART
2021-06-30,sp400,IART
2021-09-30,sp400,IART
2021-12-31,sp400,IART
2022-03-31,sp400,IART
2022-06-30,sp400,IART
2022-09-30,sp400,IART
2022-12-31,sp400,IART
2023-03-31,sp400,IART
2023-06-30,sp400,IART
2023-09-30,sp400,IART
2023-12-31,sp400,IART
2024-03-31,sp400,IART
2024-06-30,sp600,IART
2024-09-30,rut,IART
2024-09-30,sp600,IART
2024-12-31,rut,IART
2024-12-31,sp600,IART
2025-03-31,rut,IART
2025-03-31,sp600,IART
2025-06-30,rut,IART
2025-06-30,sp600,IART
2025-09-30,rut,IART
2025-09-30,sp600,IART
2025-12-31,rut,IART
2025-12-31,sp600,IART
2026-03-31,rut,IART
2026-03-31,sp600,IART
2026-06-30,rut,IART
2026-06-30,sp600,IART
2026-09-30,rut,IART
2026-09-30,sp600,IART
2019-12-31,sp400,EXP
2020-03-31,sp400,EXP
2020-06-30,sp400,EXP
2020-09-30,sp400,EXP
2020-12-31,sp400,EXP
2021-03-31,sp400,EXP
2021-06-30,sp400,EXP
2021-09-30,sp400,EXP
2021-12-31,sp400,EXP
2022-03-31,sp400,EXP
2022-06-30,sp400,EXP
2022-09-30,sp400,EXP
2022-12-31,sp400,EXP
2023-03-31,sp400,EXP
2023-06-30,sp400,EXP
2023-09-30,sp400,EXP
2023-12-31,sp400,EXP
2024-03-31,sp400,EXP
2024-06-30,sp400,EXP
2024-09-30,sp400,EXP
2024-12-31,sp400,EXP
2025-03-31,sp400,EXP
2025-06-30,sp400,EXP
2025-09-30,sp400,EXP
2025-12-31,sp400,EXP
2026-03-31,sp400,EXP
2026-06-30,sp400,EXP
2026-09-30,sp400,EXP
2019-12-31,rut,SCSC
2019-12-31,sp600,SCSC
2020-03-31,rut,SCSC
2020-03-31,sp600,SCSC
2020-06-30,rut,SCSC
2020-06-30,sp600,SCSC
2020-09-30,rut,SCSC
2020-09-30,sp600,SCSC
2020-12-31,rut,SCSC
2020-12-31,sp600,SCSC
2021-03-31,rut,SCSC
2021-03-31,sp600,SCSC
2021-06-30,rut,SCSC
2021-06-30,sp600,SCSC
2021-09-30,rut,SCSC
2021-09-30,sp600,SCSC
2021-12-31,rut,SCSC
2021-12-31,sp600,SCSC
2022-03-31,rut,SCSC
2022-03-31,sp600,SCSC
2022-06-30,rut,SCSC
2022-06-30,sp600,SCSC
2022-09-30,rut,SCSC
2022-09-30,sp600,SCSC
2022-12-31,rut,SCSC
2022-12-31,sp600,SCSC
2023-03-31,rut,SCSC
2023-03-31,sp600,SCSC
2023-06-30,rut,SCSC
2023-06-30,sp600,SCSC
2023-09-30,rut,SCSC
2023-09-30,sp600,SCSC
2023-12-31,rut,SCSC
2023-12-31,sp600,SCSC
2024-03-31,rut,SCSC
2024-03-31,sp600,SCSC
2024-06-30,rut,SCSC
2024-06-30,sp600,SCSC
2024-09-30,rut,SCSC
2024-09-30,sp600,SCSC
2024-12-31,rut,SCSC
2024-12-31,sp600,SCSC
2025-03-31,rut,SCSC
2025-03-31,sp600,SCSC
2025-06-30,rut,SCSC
2025-06-30,sp600,SCSC
2025-09-30,rut,SCSC
2025-09-30,sp600,SCSC
2025-12-31,rut,SCSC
2025-12-31,sp600,SCSC
2026-03-31,rut,SCSC
2026-03-31,sp600,SCSC
2026-06-30,rut,SCSC
2026-06-30,sp600,SCSC
2026-09-30,rut,SCSC
2026-09-30,sp600,SCSC
2019-12-31,rut,AEO
2019-12-31,sp400,AEO
2020-03-31,rut,AEO
2020-03-31,sp400,AEO
2020-06-30,rut,AEO
2020-06-30,sp400,AEO
2020-09-30,rut,AEO
2020-09-30,sp400,AEO
2020-12-31,rut,AEO
2020-12-31,sp400,AEO
2021-03-31,rut,AEO
2021-03-31,sp400,AEO
2021-06-30,rut,AEO
2021-06-30,sp400,AEO
2021-09-30,rut,AEO
2021-09-30,sp400,AEO
2021-12-31,rut,AEO
2021-12-31,sp400,AEO
2022-03-31,rut,AEO
2022-03-31,sp400,AEO
2022-06-30,rut,AEO
2022-06-30,sp400,AEO
2022-09-30,rut,AEO
2022-09-30,sp600,AEO
2022-12-31,rut,AEO
2022-12-31,sp600,AEO
2023-03-31,rut,AEO
2023-03-31,sp600,AEO
2023-06-30,rut,AEO
2023-06-30,sp600,AEO
2023-09-30,rut,AEO
2023-09-30,sp600,AEO
2023-12-31,rut,AEO
2023-12-31,sp600,AEO
2024-03-31,rut,AEO
2024-03-31,sp600,AEO
2024-06-30,rut,AEO
2024-06-30,sp600,AEO
2024-09-30,rut,AEO
2024-09-30,sp600,AEO
2024-12-31,rut,AEO
2024-12-31,sp600,AEO
2025-03-31,rut,AEO
2025-03-31,sp600,AEO
2025-06-30,rut,AEO
2025-06-30,sp600,AEO
2025-09-30,rut,AEO
2025-09-30,sp600,AEO
2025-12-31,rut,AEO
2025-12-31,sp600,AEO
2026-03-31,rut,AEO
2026-03-31,sp600,AEO
2026-06-30,rut,AEO
2026-06-30,sp600,AEO
2026-09-30,rut,AEO
2026-09-30,sp600,AEO
2019-12-31,rut,SSD
2019-12-31,sp600,SSD
2020-03-31,rut,SSD
2020-03-31,sp600,SSD
2020-06-30,rut,SSD
2020-06-30,sp600,SSD
2020-09-30,rut,SSD
2020-09-30,sp600,SSD
2020-12-31,rut,SSD
2020-12-31,sp400,SSD
2021-03-31,rut,SSD
2021-03-31,sp400,SSD
2021-06-30,rut,SSD
2021-06-30,sp400,SSD
2021-09-30,rut,SSD
2021-09-30,sp400,SSD
2021-12-31,rut,SSD
2021-12-31,sp400,SSD
2022-03-31,rut,SSD
2022-03-31,sp400,SSD
2022-06-30,rut,SSD
2022-06-30,sp400,SSD
2022-09-30,rut,SSD
2022-09-30,sp400,SSD
2022-12-31,rut,SSD
2022-12-31,sp400,SSD
2023-03-31,rut,SSD
2023-03-31,sp400,SSD
2023-06-30,rut,SSD
2023-06-30,sp400,SSD
2023-09-30,rut,SSD
2023-09-30,sp400,SSD
2023-12-31,rut,SSD
2023-12-31,sp400,SSD
2024-03-31,rut,SSD
2024-03-31,sp400,SSD
2024-06-30,rut,SSD
2024-06-30,sp400,SSD
2024-09-30,sp400,SSD
2024-12-31,sp400,SSD
2025-03-31,sp400,SSD
2025-06-30,sp400,SSD
2025-09-30,sp400,SSD
2025-12-31,sp400,SSD
2026-03-31,sp400,SSD
2026-06-30,sp400,SSD
2026-09-30,sp400,SSD
2019-12-31,sp400,HIW
2020-03-31,sp400,HIW
2020-06-30,sp400,HIW
2020-09-30,sp400,HIW
2020-12-31,sp400,HIW
2021-03-31,sp400,HIW
2021-06-30,sp400,HIW
2021-09-30,sp400,HIW
2021-12-31,sp400,HIW
2022-03-31,sp400,HIW
2022-06-30,sp400,HIW
2022-09-30,sp400,HIW
2022-12-31,sp400,HIW
2023-03-31,sp400,HIW
2023-06-30,sp400,HIW
2023-09-30,sp600,HIW
2023-12-31,sp600,HIW
2024-03-31,sp600,HIW
2024-06-30,sp600,HIW
2024-09-30,sp600,HIW
2024-12-31,sp600,HIW
2025-03-31,sp600,HIW
2025-06-30,sp600,HIW
2025-09-30,sp600,HIW
2025-12-31,sp600,HIW
2026-03-31,sp600,HIW
2026-06-30,rut,HIW
2026-06-30,sp600,HIW
2026-09-30,rut,HIW
2026-09-30,sp600,HIW
2019-12-31,rut,RBCAA
2020-03-31,rut,RBCAA
2020-06-30,rut,RBCAA
2020-09-30,rut,RBCAA
2020-12-31,rut,RBCAA
2021-03-31,rut,RBCAA
2021-06-30,rut,RBCAA
2021-09-30,rut,RBCAA
2021-12-31,rut,RBCAA
2022-03-31,rut,RBCAA
2022-06-30,rut,RBCAA
2022-09-30,rut,RBCAA
2022-12-31,rut,RBCAA
2023-03-31,rut,RBCAA
2023-06-30,rut,RBCAA
2023-09-30,rut,RBCAA
2023-12-31,rut,RBCAA
2024-03-31,rut,RBCAA
2024-06-30,rut,RBCAA
2024-09-30,rut,RBCAA
2024-12-31,rut,RBCAA
2025-03-31,rut,RBCAA
2025-06-30,rut,RBCAA
2025-09-30,rut,RBCAA
2025-12-31,rut,RBCAA
2026-03-31,rut,RBCAA
2026-06-30,rut,RBCAA
2026-09-30,rut,RBCAA
2019-12-31,rut,IMAX
2020-03-31,rut,IMAX
2020-06-30,rut,IMAX
2020-09-30,rut,IMAX
2020-12-31,rut,IMAX
2021-03-31,rut,IMAX
2021-06-30,rut,IMAX
2021-09-30,rut,IMAX
2021-12-31,rut,IMAX
2022-03-31,rut,IMAX
2022-06-30,rut,IMAX
2022-09-30,rut,IMAX
2022-12-31,rut,IMAX
2023-03-31,rut,IMAX
2023-06-30,rut,IMAX
2023-09-30,rut,IMAX
2023-12-31,rut,IMAX
2024-03-31,rut,IMAX
2024-06-30,rut,IMAX
2024-09-30,rut,IMAX
2024-12-31,rut,IMAX
2025-03-31,rut,IMAX
2025-06-30,rut,IMAX
2025-09-30,rut,IMAX
2025-12-31,rut,IMAX
2026-03-31,rut,IMAX
2026-06-30,rut,IMAX
2026-09-30,rut,IMAX
2024-09-30,rut,SSRM
2024-12-31,rut,SSRM
2025-03-31,rut,SSRM
2025-06-30,rut,SSRM
2025-09-30,rut,SSRM
2025-12-31,rut,SSRM
2026-03-31,rut,SSRM
2026-06-30,rut,SSRM
2026-09-30,rut,SSRM
2019-12-31,rut,PENN
2019-12-31,sp400,PENN
2020-03-31,rut,PENN
2020-03-31,sp400,PENN
2020-06-30,rut,PENN
2020-06-30,sp400,PENN
2020-09-30,rut,PENN
2020-09-30,sp400,PENN
2020-12-31,rut,PENN
2020-12-31,sp400,PENN
2021-03-31,rut,PENN
2022-09-30,sp400,PENN
2022-12-31,sp400,PENN
2023-03-31,sp400,PENN
2023-06-30,sp400,PENN
2023-09-30,sp400,PENN
2023-12-31,sp400,PENN
2024-03-31,sp400,PENN
2024-06-30,sp600,PENN
2024-09-30,sp600,PENN
2024-12-31,sp600,PENN
2025-03-31,sp600,PENN
2025-06-30,sp600,PENN
2025-09-30,sp600,PENN
2025-12-31,sp600,PENN
2026-03-31,sp600,PENN
2026-06-30,rut,PENN
2026-06-30,sp600,PENN
2026-09-30,rut,PENN
2026-09-30,sp600,PENN
2019-12-31,rut,FR
2019-12-31,sp400,FR
2020-03-31,rut,FR
2020-03-31,sp400,FR
2020-06-30,sp400,FR
2020-09-30,sp400,FR
2020-12-31,sp400,FR
2021-03-31,sp400,FR
2021-06-30,sp400,FR
2021-09-30,sp400,FR
2021-12-31,sp400,FR
2022-03-31,sp400,FR
2022-06-30,sp400,FR
2022-09-30,sp400,FR
2022-12-31,sp400,FR
2023-03-31,sp400,FR
2023-06-30,sp400,FR
2023-09-30,sp400,FR
2023-12-31,sp400,FR
2024-03-31,sp400,FR
2024-06-30,sp400,FR
2024-09-30,sp400,FR
2024-12-31,sp400,FR
2025-03-31,sp400,FR
2025-06-30,sp400,FR
2025-09-30,sp400,FR
2025-12-31,sp400,FR
2026-03-31,sp400,FR
2026-06-30,sp400,FR
2026-09-30,sp400,FR
2021-06-30,rut,AIV
2021-09-30,rut,AIV
2021-12-31,rut,AIV
2022-03-31,rut,AIV
2022-06-30,rut,AIV
2022-09-30,rut,AIV
2022-12-31,rut,AIV
2023-03-31,rut,AIV
2023-06-30,rut,AIV
2023-09-30,rut,AIV
2023-12-31,rut,AIV
2024-03-31,rut,AIV
2024-06-30,rut,AIV
2024-09-30,rut,AIV
2024-12-31,rut,AIV
2025-03-31,rut,AIV
2025-06-30,rut,AIV
2025-09-30,rut,AIV
2025-12-31,rut,AIV
2019-12-31,rut,GBX
2019-12-31,sp600,GBX
2020-03-31,rut,GBX
2020-03-31,sp600,GBX
2020-06-30,rut,GBX
2020-06-30,sp600,GBX
2020-09-30,rut,GBX
2020-09-30,sp600,GBX
2020-12-31,rut,GBX
2020-12-31,sp600,GBX
2021-03-31,rut,GBX
2021-03-31,sp600,GBX
2021-06-30,rut,GBX
2021-06-30,sp600,GBX
2021-09-30,rut,GBX
2021-09-30,sp600,GBX
2021-12-31,rut,GBX
2021-12-31,sp600,GBX
2022-03-31,rut,GBX
2022-03-31,sp600,GBX
2022-06-30,rut,GBX
2022-06-30,sp600,GBX
2022-09-30,rut,GBX
2022-09-30,sp600,GBX
2022-12-31,rut,GBX
2022-12-31,sp600,GBX
2023-03-31,rut,GBX
2023-03-31,sp600,GBX
2023-06-30,rut,GBX
2023-06-30,sp600,GBX
2023-09-30,rut,GBX
2023-09-30,sp600,GBX
2023-12-31,rut,GBX
2023-12-31,sp600,GBX
2024-03-31,rut,GBX
2024-03-31,sp600,GBX
2024-06-30,rut,GBX
2024-06-30,sp600,GBX
2024-09-30,rut,GBX
2024-09-30,sp600,GBX
2024-12-31,rut,GBX
2024-12-31,sp600,GBX
2025-03-31,rut,GBX
2025-03-31,sp600,GBX
2025-06-30,rut,GBX
2025-06-30,sp600,GBX
2025-09-30,rut,GBX
2025-09-30,sp600,GBX
2025-12-31,rut,GBX
2025-12-31,sp600,GBX
2026-03-31,rut,GBX
2026-03-31,sp600,GBX
2026-06-30,rut,GBX
2026-06-30,sp600,GBX
2026-09-30,rut,GBX
2026-09-30,sp600,GBX
2019-12-31,rut,GEO
2019-12-31,sp400,GEO
2020-03-31,rut,GEO
2020-03-31,sp400,GEO
2020-06-30,rut,GEO
2020-06-30,sp400,GEO
2020-09-30,rut,GEO
2020-09-30,sp400,GEO
2020-12-31,rut,GEO
2020-12-31,sp600,GEO
2021-03-31,rut,GEO
2021-03-31,sp600,GEO
2021-06-30,rut,GEO
2021-06-30,sp600,GEO
2021-09-30,rut,GEO
2021-09-30,sp600,GEO
2021-12-31,rut,GEO
2021-12-31,sp600,GEO
2022-03-31,rut,GEO
2022-03-31,sp600,GEO
2022-06-30,rut,GEO
2022-06-30,sp600,GEO
2022-09-30,rut,GEO
2022-09-30,sp600,GEO
2022-12-31,rut,GEO
2022-12-31,sp600,GEO
2023-03-31,rut,GEO
2023-03-31,sp600,GEO
2023-06-30,rut,GEO
2023-06-30,sp600,GEO
2023-09-30,rut,GEO
2023-09-30,sp600,GEO
2023-12-31,rut,GEO
2023-12-31,sp600,GEO
2024-03-31,rut,GEO
2024-03-31,sp600,GEO
2024-06-30,rut,GEO
2024-06-30,sp600,GEO
2024-09-30,rut,GEO
2024-09-30,sp600,GEO
2024-12-31,rut,GEO
2024-12-31,sp600,GEO
2025-03-31,rut,GEO
2025-03-31,sp600,GEO
2025-06-30,rut,GEO
2025-06-30,sp600,GEO
2025-09-30,rut,GEO
2025-09-30,sp600,GEO
2025-12-31,rut,GEO
2025-12-31,sp600,GEO
2026-03-31,rut,GEO
2026-03-31,sp600,GEO
2026-06-30,rut,GEO
2026-06-30,sp600,GEO
2026-09-30,rut,GEO
2026-09-30,sp600,GEO
2019-12-31,rut,ADTN
2019-12-31,sp600,ADTN
2020-03-31,rut,ADTN
2020-03-31,sp600,ADTN
2020-06-30,rut,ADTN
2020-06-30,sp600,ADTN
2020-09-30,rut,ADTN
2020-09-30,sp600,ADTN
2020-12-31,rut,ADTN
2020-12-31,sp600,ADTN
2021-03-31,rut,ADTN
2021-03-31,sp600,ADTN
2021-06-30,rut,ADTN
2021-06-30,sp600,ADTN
2021-09-30,rut,ADTN
2021-09-30,sp600,ADTN
2021-12-31,rut,ADTN
2021-12-31,sp600,ADTN
2022-03-31,rut,ADTN
2022-03-31,sp600,ADTN
2022-06-30,rut,ADTN
2022-06-30,sp600,ADTN
2022-09-30,rut,ADTN
2022-09-30,sp600,ADTN
2022-12-31,rut,ADTN
2022-12-31,sp600,ADTN
2023-03-31,rut,ADTN
2023-03-31,sp600,ADTN
2023-06-30,rut,ADTN
2023-06-30,sp600,ADTN
2023-09-30,rut,ADTN
2023-09-30,sp600,ADTN
2023-12-31,rut,ADTN
2023-12-31,sp600,ADTN
2024-03-31,rut,ADTN
2024-03-31,sp600,ADTN
2024-06-30,rut,ADTN
2024-09-30,rut,ADTN
2024-12-31,rut,ADTN
2025-03-31,rut,ADTN
2025-06-30,rut,ADTN
2025-09-30,rut,ADTN
2025-12-31,rut,ADTN
2026-03-31,rut,ADTN
2026-06-30,rut,ADTN
2026-09-30,rut,ADTN
2019-12-31,rut,OMCL
2019-12-31,sp600,OMCL
2020-03-31,rut,OMCL
2020-03-31,sp600,OMCL
2020-06-30,rut,OMCL
2020-06-30,sp600,OMCL
2020-09-30,rut,OMCL
2020-09-30,sp600,OMCL
2020-12-31,rut,OMCL
2020-12-31,sp600,OMCL
2021-03-31,rut,OMCL
2021-03-31,sp600,OMCL
2021-06-30,rut,OMCL
2021-06-30,sp600,OMCL
2021-09-30,rut,OMCL
2021-09-30,sp600,OMCL
2021-12-31,rut,OMCL
2021-12-31,sp600,OMCL
2022-03-31,rut,OMCL
2022-03-31,sp600,OMCL
2022-06-30,rut,OMCL
2022-06-30,sp600,OMCL
2022-09-30,rut,OMCL
2022-09-30,sp400,OMCL
2022-12-31,rut,OMCL
2022-12-31,sp400,OMCL
2023-03-31,rut,OMCL
2023-03-31,sp400,OMCL
2023-06-30,rut,OMCL
2023-06-30,sp400,OMCL
2023-09-30,rut,OMCL
2023-09-30,sp600,OMCL
2023-12-31,rut,OMCL
2023-12-31,sp600,OMCL
2024-03-31,rut,OMCL
2024-03-31,sp600,OMCL
2024-06-30,rut,OMCL
2024-06-30,sp600,OMCL
2024-09-30,rut,OMCL
2024-09-30,sp600,OMCL
2024-12-31,rut,OMCL
2024-12-31,sp600,OMCL
2025-03-31,rut,OMCL
2025-03-31,sp600,OMCL
2025-06-30,rut,OMCL
2025-06-30,sp600,OMCL
2025-09-30,rut,OMCL
2025-09-30,sp600,OMCL
2025-12-31,rut,OMCL
2025-12-31,sp600,OMCL
2026-03-31,rut,OMCL
2026-03-31,sp600,OMCL
2026-06-30,rut,OMCL
2026-06-30,sp600,OMCL
2026-09-30,rut,OMCL
2026-09-30,sp600,OMCL
2019-12-31,rut,AEIS
2019-12-31,sp600,AEIS
2020-03-31,rut,AEIS
2020-03-31,sp600,AEIS
2020-06-30,rut,AEIS
2020-06-30,sp600,AEIS
2020-09-30,rut,AEIS
2020-09-30,sp600,AEIS
2020-12-31,rut,AEIS
2020-12-31,sp600,AEIS
2021-03-31,rut,AEIS
2021-03-31,sp600,AEIS
2021-06-30,rut,AEIS
2021-06-30,sp600,AEIS
2021-09-30,rut,AEIS
2021-09-30,sp600,AEIS
2021-12-31,rut,AEIS
2021-12-31,sp600,AEIS
2022-03-31,rut,AEIS
2022-03-31,sp600,AEIS
2022-06-30,rut,AEIS
2022-06-30,sp600,AEIS
2022-09-30,rut,AEIS
2022-09-30,sp600,AEIS
2022-12-31,rut,AEIS
2022-12-31,sp600,AEIS
2023-03-31,rut,AEIS
2023-03-31,sp600,AEIS
2023-06-30,rut,AEIS
2023-06-30,sp600,AEIS
2023-09-30,rut,AEIS
2023-09-30,sp600,AEIS
2023-12-31,rut,AEIS
2023-12-31,sp600,AEIS
2024-03-31,rut,AEIS
2024-03-31,sp600,AEIS
2024-06-30,rut,AEIS
2024-06-30,sp600,AEIS
2024-09-30,rut,AEIS
2024-09-30,sp600,AEIS
2024-12-31,rut,AEIS
2024-12-31,sp600,AEIS
2025-03-31,rut,AEIS
2025-03-31,sp600,AEIS
2025-06-30,rut,AEIS
2025-06-30,sp600,AEIS
2025-09-30,rut,AEIS
2025-09-30,sp600,AEIS
2025-12-31,rut,AEIS
2025-12-31,sp600,AEIS
2026-03-31,rut,AEIS
2026-03-31,sp400,AEIS
2026-06-30,sp400,AEIS
2026-09-30,sp400,AEIS
2019-12-31,rut,CVLG
2020-03-31,rut,CVLG
2020-06-30,rut,CVLG
2020-09-30,rut,CVLG
2020-12-31,rut,CVLG
2021-03-31,rut,CVLG
2021-06-30,rut,CVLG
2021-09-30,rut,CVLG
2021-12-31,rut,CVLG
2022-03-31,rut,CVLG
2022-06-30,rut,CVLG
2022-09-30,rut,CVLG
2022-12-31,rut,CVLG
2023-03-31,rut,CVLG
2023-06-30,rut,CVLG
2023-09-30,rut,CVLG
2023-12-31,rut,CVLG
2024-03-31,rut,CVLG
2024-06-30,rut,CVLG
2024-09-30,rut,CVLG
2024-12-31,rut,CVLG
2025-03-31,rut,CVLG
2025-06-30,rut,CVLG
2025-09-30,rut,CVLG
2025-12-31,rut,CVLG
2026-03-31,rut,CVLG
2026-06-30,rut,CVLG
2026-09-30,rut,CVLG
2020-06-30,rut,WCC
2020-09-30,rut,WCC
2020-12-31,rut,WCC
2021-03-31,rut,WCC
2021-06-30,rut,WCC
2021-09-30,rut,WCC
2021-12-31,rut,WCC
2022-03-31,rut,WCC
2023-06-30,sp400,WCC
2023-09-30,sp400,WCC
2023-12-31,sp400,WCC
2024-03-31,sp400,WCC
2024-06-30,sp400,WCC
2024-09-30,sp400,WCC
2024-12-31,sp400,WCC
2025-03-31,sp400,WCC
2025-06-30,sp400,WCC
2025-09-30,sp400,WCC
2025-12-31,sp400,WCC
2026-03-31,sp400,WCC
2026-06-30,sp400,WCC
2026-09-30,sp400,WCC
2025-06-30,rut,STRZ
2025-09-30,rut,STRZ
2025-12-31,rut,STRZ
2026-03-31,rut,STRZ
2026-06-30,rut,STRZ
2026-09-30,rut,STRZ
2019-12-31,rut,RWT
2019-12-31,sp600,RWT
2020-03-31,rut,RWT
2020-03-31,sp600,RWT
2020-06-30,rut,RWT
2020-06-30,sp600,RWT
2020-09-30,rut,RWT
2020-09-30,sp600,RWT
2020-12-31,rut,RWT
2020-12-31,sp600,RWT
2021-03-31,rut,RWT
2021-03-31,sp600,RWT
2021-06-30,rut,RWT
2021-06-30,sp600,RWT
2021-09-30,rut,RWT
2021-09-30,sp600,RWT
2021-12-31,rut,RWT
2021-12-31,sp600,RWT
2022-03-31,rut,RWT
2022-03-31,sp600,RWT
2022-06-30,rut,RWT
2022-06-30,sp600,RWT
2022-09-30,rut,RWT
2022-09-30,sp600,RWT
2022-12-31,rut,RWT
2022-12-31,sp600,RWT
2023-03-31,rut,RWT
2023-03-31,sp600,RWT
2023-06-30,rut,RWT
2023-06-30,sp600,RWT
2023-09-30,rut,RWT
2023-09-30,sp600,RWT
2023-12-31,rut,RWT
2023-12-31,sp600,RWT
2024-03-31,rut,RWT
2024-03-31,sp600,RWT
2024-06-30,rut,RWT
2024-06-30,sp600,RWT
2024-09-30,rut,RWT
2024-09-30,sp600,RWT
2024-12-31,rut,RWT
2024-12-31,sp600,RWT
2025-03-31,rut,RWT
2025-03-31,sp600,RWT
2025-06-30,rut,RWT
2025-06-30,sp600,RWT
2025-09-30,rut,RWT
2025-09-30,sp600,RWT
2025-12-31,rut,RWT
2025-12-31,sp600,RWT
2026-03-31,rut,RWT
2026-03-31,sp600,RWT
2026-06-30,rut,RWT
2026-06-30,sp600,RWT
2026-09-30,rut,RWT
2019-12-31,rut,KFRC
2020-03-31,rut,KFRC
2020-06-30,rut,KFRC
2020-09-30,rut,KFRC
2020-12-31,rut,KFRC
2021-03-31,rut,KFRC
2021-06-30,rut,KFRC
2021-09-30,rut,KFRC
2021-12-31,rut,KFRC
2022-03-31,rut,KFRC
2022-06-30,rut,KFRC
2022-09-30,rut,KFRC
2022-12-31,rut,KFRC
2023-03-31,rut,KFRC
2023-06-30,rut,KFRC
2023-09-30,rut,KFRC
2023-12-31,rut,KFRC
2024-03-31,rut,KFRC
2024-06-30,rut,KFRC
2024-09-30,rut,KFRC
2024-12-31,rut,KFRC
2025-03-31,rut,KFRC
2025-06-30,rut,KFRC
2025-09-30,rut,KFRC
2025-12-31,rut,KFRC
2026-03-31,rut,KFRC
2026-06-30,rut,KFRC
2026-09-30,rut,KFRC
2019-12-31,sp400,PII
2020-03-31,sp400,PII
2020-06-30,sp400,PII
2020-09-30,sp400,PII
2020-12-31,sp400,PII
2021-03-31,sp400,PII
2021-06-30,sp400,PII
2021-09-30,sp400,PII
2021-12-31,sp400,PII
2022-03-31,sp400,PII
2022-06-30,sp400,PII
2022-09-30,sp400,PII
2022-12-31,sp400,PII
2023-03-31,sp400,PII
2023-06-30,sp400,PII
2023-09-30,sp400,PII
2023-12-31,sp400,PII
2024-03-31,sp400,PII
2024-06-30,sp400,PII
2024-09-30,sp400,PII
2024-12-31,sp400,PII
2025-03-31,sp400,PII
2025-06-30,rut,PII
2025-06-30,sp400,PII
2025-09-30,rut,PII
2025-09-30,sp400,PII
2025-12-31,rut,PII
2025-12-31,sp400,PII
2026-03-31,rut,PII
2026-03-31,sp400,PII
2026-06-30,rut,PII
2026-06-30,sp400,PII
2026-09-30,rut,PII
2026-09-30,sp400,PII
2019-12-31,rut,NSIT
2019-12-31,sp600,NSIT
2020-03-31,rut,NSIT
2020-03-31,sp600,NSIT
2020-06-30,rut,NSIT
2020-06-30,sp600,NSIT
2020-09-30,rut,NSIT
2020-09-30,sp600,NSIT
2020-12-31,rut,NSIT
2020-12-31,sp600,NSIT
2021-03-31,rut,NSIT
2021-03-31,sp600,NSIT
2021-06-30,rut,NSIT
2021-06-30,sp600,NSIT
2021-09-30,rut,NSIT
2021-09-30,sp600,NSIT
2021-12-31,rut,NSIT
2021-12-31,sp600,NSIT
2022-03-31,rut,NSIT
2022-03-31,sp600,NSIT
2022-06-30,rut,NSIT
2022-06-30,sp600,NSIT
2022-09-30,rut,NSIT
2022-09-30,sp600,NSIT
2022-12-31,rut,NSIT
2022-12-31,sp600,NSIT
2023-03-31,rut,NSIT
2023-03-31,sp600,NSIT
2023-06-30,rut,NSIT
2023-06-30,sp600,NSIT
2023-09-30,rut,NSIT
2023-09-30,sp600,NSIT
2023-12-31,rut,NSIT
2023-12-31,sp600,NSIT
2024-03-31,rut,NSIT
2024-03-31,sp600,NSIT
2024-06-30,rut,NSIT
2024-06-30,sp600,NSIT
2024-09-30,rut,NSIT
2024-09-30,sp600,NSIT
2024-12-31,rut,NSIT
2024-12-31,sp600,NSIT
2025-03-31,rut,NSIT
2025-03-31,sp600,NSIT
2025-06-30,rut,NSIT
2025-06-30,sp600,NSIT
2025-09-30,rut,NSIT
2025-09-30,sp600,NSIT
2025-12-31,rut,NSIT
2025-12-31,sp600,NSIT
2026-03-31,rut,NSIT
2026-03-31,sp600,NSIT
2026-06-30,rut,NSIT
2026-06-30,sp600,NSIT
2026-09-30,rut,NSIT
2026-09-30,sp600,NSIT
2019-12-31,rut,UPBD
2019-12-31,sp600,UPBD
2020-03-31,rut,UPBD
2020-03-31,sp600,UPBD
2020-06-30,rut,UPBD
2020-06-30,sp600,UPBD
2020-09-30,rut,UPBD
2020-09-30,sp600,UPBD
2020-12-31,rut,UPBD
2020-12-31,sp600,UPBD
2021-03-31,rut,UPBD
2021-03-31,sp600,UPBD
2021-06-30,rut,UPBD
2021-06-30,sp600,UPBD
2021-09-30,rut,UPBD
2021-09-30,sp600,UPBD
2021-12-31,rut,UPBD
2021-12-31,sp600,UPBD
2022-03-31,rut,UPBD
2022-03-31,sp600,UPBD
2022-06-30,rut,UPBD
2022-06-30,sp600,UPBD
2022-09-30,rut,UPBD
2022-09-30,sp600,UPBD
2022-12-31,rut,UPBD
2022-12-31,sp600,UPBD
2023-03-31,rut,UPBD
2023-03-31,sp600,UPBD
2023-06-30,rut,UPBD
2023-06-30,sp600,UPBD
2023-09-30,rut,UPBD
2023-09-30,sp600,UPBD
2023-12-31,rut,UPBD
2023-12-31,sp600,UPBD
2024-03-31,rut,UPBD
2024-03-31,sp600,UPBD
2024-06-30,rut,UPBD
2024-06-30,sp600,UPBD
2024-09-30,rut,UPBD
2024-09-30,sp600,UPBD
2024-12-31,rut,UPBD
2024-12-31,sp600,UPBD
2025-03-31,rut,UPBD
2025-03-31,sp600,UPBD
2025-06-30,rut,UPBD
2025-06-30,sp600,UPBD
2025-09-30,rut,UPBD
2025-09-30,sp600,UPBD
2025-12-31,rut,UPBD
2025-12-31,sp600,UPBD
2026-03-31,rut,UPBD
2026-03-31,sp600,UPBD
2026-06-30,rut,UPBD
2026-06-30,sp600,UPBD
2026-09-30,rut,UPBD
2026-09-30,sp600,UPBD
2019-12-31,rut,AZTA
2019-12-31,sp600,AZTA
2020-03-31,rut,AZTA
2020-03-31,sp600,AZTA
2020-06-30,rut,AZTA
2020-06-30,sp600,AZTA
2020-09-30,rut,AZTA
2020-09-30,sp600,AZTA
2020-12-31,rut,AZTA
2020-12-31,sp600,AZTA
2021-03-31,rut,AZTA
2021-03-31,sp400,AZTA
2021-06-30,sp400,AZTA
2021-09-30,sp400,AZTA
2021-12-31,sp400,AZTA
2022-03-31,sp400,AZTA
2022-06-30,sp400,AZTA
2022-09-30,sp400,AZTA
2022-12-31,sp400,AZTA
2023-03-31,sp400,AZTA
2023-06-30,sp400,AZTA
2023-09-30,sp400,AZTA
2023-12-31,sp400,AZTA
2024-03-31,sp400,AZTA
2024-06-30,sp400,AZTA
2024-09-30,sp400,AZTA
2024-12-31,sp600,AZTA
2025-03-31,sp600,AZTA
2025-06-30,rut,AZTA
2025-06-30,sp600,AZTA
2025-09-30,rut,AZTA
2025-09-30,sp600,AZTA
2025-12-31,rut,AZTA
2025-12-31,sp600,AZTA
2026-03-31,rut,AZTA
2026-03-31,sp600,AZTA
2026-06-30,rut,AZTA
2026-06-30,sp600,AZTA
2026-09-30,rut,AZTA
2026-09-30,sp600,AZTA
2019-12-31,rut,ACIW
2019-12-31,sp400,ACIW
2020-03-31,rut,ACIW
2020-03-31,sp400,ACIW
2020-06-30,rut,ACIW
2020-06-30,sp400,ACIW
2020-09-30,rut,ACIW
2020-09-30,sp400,ACIW
2020-12-31,rut,ACIW
2020-12-31,sp400,ACIW
2021-03-31,rut,ACIW
2021-03-31,sp400,ACIW
2021-06-30,rut,ACIW
2021-06-30,sp400,ACIW
2021-09-30,rut,ACIW
2021-09-30,sp400,ACIW
2021-12-31,rut,ACIW
2021-12-31,sp400,ACIW
2022-03-31,rut,ACIW
2022-03-31,sp400,ACIW
2022-06-30,rut,ACIW
2022-06-30,sp400,ACIW
2022-09-30,rut,ACIW
2022-09-30,sp400,ACIW
2022-12-31,rut,ACIW
2022-12-31,sp400,ACIW
2023-03-31,rut,ACIW
2023-03-31,sp400,ACIW
2023-06-30,rut,ACIW
2023-06-30,sp400,ACIW
2023-09-30,rut,ACIW
2023-09-30,sp400,ACIW
2023-12-31,rut,ACIW
2023-12-31,sp600,ACIW
2024-03-31,rut,ACIW
2024-03-31,sp600,ACIW
2024-06-30,rut,ACIW
2024-06-30,sp600,ACIW
2024-09-30,rut,ACIW
2024-09-30,sp600,ACIW
2024-12-31,rut,ACIW
2024-12-31,sp600,ACIW
2025-03-31,rut,ACIW
2025-03-31,sp600,ACIW
2025-06-30,rut,ACIW
2025-06-30,sp600,ACIW
2025-09-30,rut,ACIW
2025-09-30,sp600,ACIW
2025-12-31,rut,ACIW
2025-12-31,sp600,ACIW
2026-03-31,rut,ACIW
2026-03-31,sp600,ACIW
2026-06-30,rut,ACIW
2026-06-30,sp600,ACIW
2026-09-30,rut,ACIW
2026-09-30,sp600,ACIW
2019-12-31,sp400,CIEN
2020-03-31,sp400,CIEN
2020-06-30,sp400,CIEN
2020-09-30,sp400,CIEN
2020-12-31,sp400,CIEN
2021-03-31,sp400,CIEN
2021-06-30,sp400,CIEN
2021-09-30,sp400,CIEN
2021-12-31,sp400,CIEN
2022-03-31,sp400,CIEN
2022-06-30,sp400,CIEN
2022-09-30,sp400,CIEN
2022-12-31,sp400,CIEN
2023-03-31,sp400,CIEN
2023-06-30,sp400,CIEN
2023-09-30,sp400,CIEN
2023-12-31,sp400,CIEN
2024-03-31,sp400,CIEN
2024-06-30,sp400,CIEN
2024-09-30,sp400,CIEN
2024-12-31,sp400,CIEN
2025-03-31,sp400,CIEN
2025-06-30,sp400,CIEN
2025-09-30,sp400,CIEN
2025-12-31,sp400,CIEN
2019-12-31,rut,WAFD
2019-12-31,sp400,WAFD
2020-03-31,rut,WAFD
2020-03-31,sp400,WAFD
2020-06-30,rut,WAFD
2020-06-30,sp400,WAFD
2020-09-30,rut,WAFD
2020-09-30,sp400,WAFD
2020-12-31,rut,WAFD
2020-12-31,sp400,WAFD
2021-03-31,rut,WAFD
2021-03-31,sp400,WAFD
2021-06-30,rut,WAFD
2021-06-30,sp400,WAFD
2021-09-30,rut,WAFD
2021-09-30,sp400,WAFD
2021-12-31,rut,WAFD
2021-12-31,sp400,WAFD
2022-03-31,rut,WAFD
2022-03-31,sp400,WAFD
2022-06-30,rut,WAFD
2022-06-30,sp400,WAFD
2022-09-30,rut,WAFD
2022-09-30,sp400,WAFD
2022-12-31,rut,WAFD
2022-12-31,sp400,WAFD
2023-03-31,rut,WAFD
2023-03-31,sp600,WAFD
2023-06-30,rut,WAFD
2023-06-30,sp600,WAFD
2023-09-30,rut,WAFD
2023-09-30,sp600,WAFD
2023-12-31,rut,WAFD
2023-12-31,sp600,WAFD
2024-03-31,rut,WAFD
2024-03-31,sp600,WAFD
2024-06-30,rut,WAFD
2024-06-30,sp600,WAFD
2024-09-30,rut,WAFD
2024-09-30,sp600,WAFD
2024-12-31,rut,WAFD
2024-12-31,sp600,WAFD
2025-03-31,rut,WAFD
2025-03-31,sp600,WAFD
2025-06-30,rut,WAFD
2025-06-30,sp600,WAFD
2025-09-30,rut,WAFD
2025-09-30,sp600,WAFD
2025-12-31,rut,WAFD
2025-12-31,sp600,WAFD
2026-03-31,rut,WAFD
2026-03-31,sp600,WAFD
2026-06-30,rut,WAFD
2026-06-30,sp600,WAFD
2026-09-30,rut,WAFD
2026-09-30,sp600,WAFD
2019-12-31,rut,TNET
2020-03-31,rut,TNET
2020-06-30,rut,TNET
2020-09-30,rut,TNET
2020-12-31,rut,TNET
2021-03-31,rut,TNET
2021-06-30,rut,TNET
2021-09-30,rut,TNET
2021-12-31,rut,TNET
2022-03-31,rut,TNET
2022-06-30,rut,TNET
2022-09-30,rut,TNET
2022-12-31,rut,TNET
2023-03-31,rut,TNET
2023-06-30,rut,TNET
2023-09-30,rut,TNET
2023-12-31,rut,TNET
2024-03-31,rut,TNET
2024-06-30,rut,TNET
2024-09-30,rut,TNET
2024-12-31,rut,TNET
2025-03-31,rut,TNET
2025-06-30,rut,TNET
2025-09-30,rut,TNET
2025-12-31,rut,TNET
2026-03-31,rut,TNET
2026-06-30,rut,TNET
2026-09-30,rut,TNET
2019-12-31,sp400,EXEL
2020-03-31,sp400,EXEL
2020-06-30,sp400,EXEL
2020-09-30,sp400,EXEL
2020-12-31,sp400,EXEL
2021-03-31,sp400,EXEL
2021-06-30,sp400,EXEL
2021-09-30,sp400,EXEL
2021-12-31,sp400,EXEL
2022-03-31,sp400,EXEL
2022-06-30,sp400,EXEL
2022-09-30,sp400,EXEL
2022-12-31,sp400,EXEL
2023-03-31,sp400,EXEL
2023-06-30,sp400,EXEL
2023-09-30,sp400,EXEL
2023-12-31,sp400,EXEL
2024-03-31,sp400,EXEL
2024-06-30,sp400,EXEL
2024-09-30,sp400,EXEL
2024-12-31,sp400,EXEL
2025-03-31,sp400,EXEL
2025-06-30,sp400,EXEL
2025-09-30,sp400,EXEL
2025-12-31,sp400,EXEL
2026-03-31,sp400,EXEL
2026-06-30,sp400,EXEL
2026-09-30,sp400,EXEL
2019-12-31,rut,HUBG
2019-12-31,sp600,HUBG
2020-03-31,rut,HUBG
2020-03-31,sp600,HUBG
2020-06-30,rut,HUBG
2020-06-30,sp600,HUBG
2020-09-30,rut,HUBG
2020-09-30,sp600,HUBG
2020-12-31,rut,HUBG
2020-12-31,sp600,HUBG
2021-03-31,rut,HUBG
2021-03-31,sp600,HUBG
2021-06-30,rut,HUBG
2021-06-30,sp600,HUBG
2021-09-30,rut,HUBG
2021-09-30,sp600,HUBG
2021-12-31,rut,HUBG
2021-12-31,sp600,HUBG
2022-03-31,rut,HUBG
2022-03-31,sp600,HUBG
2022-06-30,rut,HUBG
2022-06-30,sp600,HUBG
2022-09-30,rut,HUBG
2022-09-30,sp600,HUBG
2022-12-31,rut,HUBG
2022-12-31,sp600,HUBG
2023-03-31,rut,HUBG
2023-03-31,sp600,HUBG
2023-06-30,rut,HUBG
2023-06-30,sp600,HUBG
2023-09-30,rut,HUBG
2023-09-30,sp600,HUBG
2023-12-31,rut,HUBG
2023-12-31,sp600,HUBG
2024-03-31,rut,HUBG
2024-03-31,sp600,HUBG
2024-06-30,rut,HUBG
2024-06-30,sp600,HUBG
2024-09-30,rut,HUBG
2024-09-30,sp600,HUBG
2024-12-31,rut,HUBG
2024-12-31,sp600,HUBG
2025-03-31,rut,HUBG
2025-03-31,sp600,HUBG
2025-06-30,rut,HUBG
2025-06-30,sp600,HUBG
2025-09-30,rut,HUBG
2025-09-30,sp600,HUBG
2025-12-31,rut,HUBG
2025-12-31,sp600,HUBG
2026-03-31,rut,HUBG
2026-03-31,sp600,HUBG
2026-06-30,rut,HUBG
2026-06-30,sp600,HUBG
2026-09-30,rut,HUBG
2026-09-30,sp600,HUBG
2019-12-31,rut,CBZ
2020-03-31,rut,CBZ
2020-06-30,rut,CBZ
2020-09-30,rut,CBZ
2020-12-31,rut,CBZ
2021-03-31,rut,CBZ
2021-06-30,rut,CBZ
2021-09-30,rut,CBZ
2021-12-31,rut,CBZ
2022-03-31,rut,CBZ
2022-06-30,rut,CBZ
2022-09-30,rut,CBZ
2022-12-31,rut,CBZ
2023-03-31,rut,CBZ
2023-06-30,rut,CBZ
2023-09-30,rut,CBZ
2023-12-31,rut,CBZ
2024-03-31,rut,CBZ
2024-06-30,rut,CBZ
2024-09-30,rut,CBZ
2024-12-31,rut,CBZ
2025-03-31,rut,CBZ
2025-06-30,rut,CBZ
2025-09-30,rut,CBZ
2025-12-31,rut,CBZ
2026-03-31,rut,CBZ
2026-06-30,rut,CBZ
2026-09-30,rut,CBZ
2019-12-31,sp400,THG
2020-03-31,sp400,THG
2020-06-30,sp400,THG
2020-09-30,sp400,THG
2020-12-31,sp400,THG
2021-03-31,sp400,THG
2021-06-30,sp400,THG
2021-09-30,sp400,THG
2021-12-31,sp400,THG
2022-03-31,sp400,THG
2022-06-30,sp400,THG
2022-09-30,sp400,THG
2022-12-31,sp400,THG
2023-03-31,sp400,THG
2023-06-30,sp400,THG
2023-09-30,sp400,THG
2023-12-31,sp400,THG
2024-03-31,sp400,THG
2024-06-30,sp400,THG
2024-09-30,sp400,THG
2024-12-31,sp400,THG
2025-03-31,sp400,THG
2025-06-30,sp400,THG
2025-09-30,sp400,THG
2025-12-31,sp400,THG
2026-03-31,sp400,THG
2026-06-30,sp400,THG
2026-09-30,sp400,THG
2019-12-31,rut,CIVB
2020-03-31,rut,CIVB
2020-06-30,rut,CIVB
2020-09-30,rut,CIVB
2020-12-31,rut,CIVB
2021-03-31,rut,CIVB
2021-06-30,rut,CIVB
2021-09-30,rut,CIVB
2021-12-31,rut,CIVB
2022-03-31,rut,CIVB
2022-06-30,rut,CIVB
2022-09-30,rut,CIVB
2022-12-31,rut,CIVB
2023-03-31,rut,CIVB
2023-06-30,rut,CIVB
2023-09-30,rut,CIVB
2023-12-31,rut,CIVB
2024-03-31,rut,CIVB
2024-06-30,rut,CIVB
2024-09-30,rut,CIVB
2024-12-31,rut,CIVB
2025-03-31,rut,CIVB
2025-06-30,rut,CIVB
2025-09-30,rut,CIVB
2025-12-31,rut,CIVB
2026-03-31,rut,CIVB
2026-06-30,rut,CIVB
2026-09-30,rut,CIVB
2021-06-30,rut,GIC
2021-09-30,rut,GIC
2021-12-31,rut,GIC
2022-03-31,rut,GIC
2022-06-30,rut,GIC
2022-09-30,rut,GIC
2022-12-31,rut,GIC
2023-03-31,rut,GIC
2023-06-30,rut,GIC
2023-09-30,rut,GIC
2023-12-31,rut,GIC
2024-03-31,rut,GIC
2024-06-30,rut,GIC
2024-09-30,rut,GIC
2024-12-31,rut,GIC
2025-03-31,rut,GIC
2025-06-30,rut,GIC
2025-09-30,rut,GIC
2025-12-31,rut,GIC
2026-03-31,rut,GIC
2026-06-30,rut,GIC
2026-09-30,rut,GIC
2019-12-31,sp400,SVC
2020-03-31,sp400,SVC
2020-06-30,rut,SVC
2020-06-30,sp400,SVC
2020-09-30,rut,SVC
2020-09-30,sp400,SVC
2020-12-31,rut,SVC
2020-12-31,sp400,SVC
2021-03-31,rut,SVC
2021-03-31,sp400,SVC
2021-06-30,rut,SVC
2021-06-30,sp600,SVC
2021-09-30,rut,SVC
2021-09-30,sp600,SVC
2021-12-31,rut,SVC
2021-12-31,sp600,SVC
2022-03-31,rut,SVC
2022-03-31,sp600,SVC
2022-06-30,rut,SVC
2022-06-30,sp600,SVC
2022-09-30,rut,SVC
2022-09-30,sp600,SVC
2022-12-31,rut,SVC
2022-12-31,sp600,SVC
2023-03-31,rut,SVC
2023-03-31,sp600,SVC
2023-06-30,rut,SVC
2023-06-30,sp600,SVC
2023-09-30,rut,SVC
2023-09-30,sp600,SVC
2023-12-31,rut,SVC
2023-12-31,sp600,SVC
2024-03-31,rut,SVC
2024-03-31,sp600,SVC
2024-06-30,rut,SVC
2024-06-30,sp600,SVC
2024-09-30,rut,SVC
2024-09-30,sp600,SVC
2024-12-31,rut,SVC
2025-03-31,rut,SVC
2025-06-30,rut,SVC
2025-09-30,rut,SVC
2025-12-31,rut,SVC
2026-03-31,rut,SVC
2026-06-30,rut,SVC
2026-09-30,rut,SVC
2019-12-31,rut,CENX
2019-12-31,sp600,CENX
2020-03-31,rut,CENX
2020-03-31,sp600,CENX
2020-06-30,rut,CENX
2020-06-30,sp600,CENX
2020-09-30,rut,CENX
2020-09-30,sp600,CENX
2020-12-31,rut,CENX
2020-12-31,sp600,CENX
2021-03-31,rut,CENX
2021-03-31,sp600,CENX
2021-06-30,rut,CENX
2021-06-30,sp600,CENX
2021-09-30,rut,CENX
2021-09-30,sp600,CENX
2021-12-31,rut,CENX
2021-12-31,sp600,CENX
2022-03-31,rut,CENX
2022-03-31,sp600,CENX
2022-06-30,rut,CENX
2022-06-30,sp600,CENX
2022-09-30,rut,CENX
2022-09-30,sp600,CENX
2022-12-31,rut,CENX
2022-12-31,sp600,CENX
2023-03-31,rut,CENX
2023-03-31,sp600,CENX
2023-06-30,rut,CENX
2023-06-30,sp600,CENX
2023-09-30,rut,CENX
2023-09-30,sp600,CENX
2023-12-31,rut,CENX
2023-12-31,sp600,CENX
2024-03-31,rut,CENX
2024-03-31,sp600,CENX
2024-06-30,rut,CENX
2024-06-30,sp600,CENX
2024-09-30,rut,CENX
2024-09-30,sp600,CENX
2024-12-31,rut,CENX
2024-12-31,sp600,CENX
2025-03-31,rut,CENX
2025-03-31,sp600,CENX
2025-06-30,rut,CENX
2025-06-30,sp600,CENX
2025-09-30,rut,CENX
2025-09-30,sp600,CENX
2025-12-31,rut,CENX
2025-12-31,sp600,CENX
2026-03-31,rut,CENX
2026-03-31,sp600,CENX
2026-06-30,rut,CENX
2026-06-30,sp600,CENX
2026-09-30,rut,CENX
2026-09-30,sp600,CENX
2019-12-31,rut,SAM
2019-12-31,sp400,SAM
2020-03-31,rut,SAM
2020-03-31,sp400,SAM
2020-06-30,sp400,SAM
2020-09-30,sp400,SAM
2020-12-31,sp400,SAM
2021-03-31,sp400,SAM
2021-06-30,sp400,SAM
2021-09-30,sp400,SAM
2021-12-31,sp400,SAM
2022-03-31,sp400,SAM
2022-06-30,sp400,SAM
2022-09-30,sp400,SAM
2022-12-31,sp400,SAM
2023-03-31,sp400,SAM
2023-06-30,sp400,SAM
2023-09-30,sp400,SAM
2023-12-31,sp400,SAM
2024-03-31,sp400,SAM
2024-06-30,sp400,SAM
2024-09-30,sp400,SAM
2024-12-31,sp400,SAM
2025-03-31,sp400,SAM
2025-06-30,sp400,SAM
2025-09-30,sp400,SAM
2025-12-31,sp400,SAM
2026-03-31,sp400,SAM
2026-06-30,rut,SAM
2026-06-30,sp400,SAM
2026-09-30,rut,SAM
2026-09-30,sp600,SAM
2019-12-31,rut,MATV
2019-12-31,sp600,MATV
2020-03-31,rut,MATV
2020-03-31,sp600,MATV
2020-06-30,rut,MATV
2020-06-30,sp600,MATV
2020-09-30,rut,MATV
2020-09-30,sp600,MATV
2020-12-31,rut,MATV
2020-12-31,sp600,MATV
2021-03-31,rut,MATV
2021-03-31,sp600,MATV
2021-06-30,rut,MATV
2021-06-30,sp600,MATV
2021-09-30,rut,MATV
2021-09-30,sp600,MATV
2021-12-31,rut,MATV
2021-12-31,sp600,MATV
2022-03-31,rut,MATV
2022-03-31,sp600,MATV
2022-06-30,rut,MATV
2022-06-30,sp600,MATV
2022-09-30,rut,MATV
2022-09-30,sp600,MATV
2022-12-31,rut,MATV
2022-12-31,sp600,MATV
2023-03-31,rut,MATV
2023-03-31,sp600,MATV
2023-06-30,rut,MATV
2023-06-30,sp600,MATV
2023-09-30,rut,MATV
2023-09-30,sp600,MATV
2023-12-31,rut,MATV
2023-12-31,sp600,MATV
2024-03-31,rut,MATV
2024-03-31,sp600,MATV
2024-06-30,rut,MATV
2024-06-30,sp600,MATV
2024-09-30,rut,MATV
2024-09-30,sp600,MATV
2024-12-31,rut,MATV
2024-12-31,sp600,MATV
2025-03-31,rut,MATV
2025-06-30,rut,MATV
2025-09-30,rut,MATV
2025-12-31,rut,MATV
2026-03-31,rut,MATV
2026-06-30,rut,MATV
2026-09-30,rut,MATV
2019-12-31,rut,NVAX
2020-03-31,rut,NVAX
2020-06-30,rut,NVAX
2020-09-30,rut,NVAX
2020-12-31,rut,NVAX
2021-03-31,rut,NVAX
2023-06-30,rut,NVAX
2023-09-30,rut,NVAX
2023-12-31,rut,NVAX
2024-03-31,rut,NVAX
2024-06-30,rut,NVAX
2024-09-30,rut,NVAX
2024-12-31,rut,NVAX
2025-03-31,rut,NVAX
2025-06-30,rut,NVAX
2025-09-30,rut,NVAX
2025-12-31,rut,NVAX
2026-03-31,rut,NVAX
2026-06-30,rut,NVAX
2026-09-30,rut,NVAX
2019-12-31,rut,NSP
2019-12-31,sp400,NSP
2020-03-31,rut,NSP
2020-03-31,sp400,NSP
2020-06-30,rut,NSP
2020-06-30,sp400,NSP
2020-09-30,rut,NSP
2020-09-30,sp400,NSP
2020-12-31,rut,NSP
2020-12-31,sp400,NSP
2021-03-31,rut,NSP
2021-03-31,sp400,NSP
2021-06-30,rut,NSP
2021-06-30,sp400,NSP
2021-09-30,rut,NSP
2021-09-30,sp400,NSP
2021-12-31,rut,NSP
2021-12-31,sp400,NSP
2022-03-31,rut,NSP
2022-03-31,sp400,NSP
2022-06-30,rut,NSP
2022-06-30,sp400,NSP
2022-09-30,rut,NSP
2022-09-30,sp400,NSP
2022-12-31,rut,NSP
2022-12-31,sp400,NSP
2023-03-31,rut,NSP
2023-03-31,sp400,NSP
2023-06-30,rut,NSP
2023-06-30,sp400,NSP
2023-09-30,rut,NSP
2023-09-30,sp400,NSP
2023-12-31,rut,NSP
2023-12-31,sp400,NSP
2024-03-31,rut,NSP
2024-03-31,sp400,NSP
2024-06-30,rut,NSP
2024-06-30,sp400,NSP
2024-09-30,rut,NSP
2024-09-30,sp400,NSP
2024-12-31,rut,NSP
2024-12-31,sp400,NSP
2025-03-31,rut,NSP
2025-03-31,sp400,NSP
2025-06-30,rut,NSP
2025-06-30,sp400,NSP
2025-09-30,rut,NSP
2025-09-30,sp400,NSP
2025-12-31,rut,NSP
2025-12-31,sp600,NSP
2026-03-31,rut,NSP
2026-03-31,sp600,NSP
2026-06-30,rut,NSP
2026-06-30,sp600,NSP
2026-09-30,rut,NSP
2026-09-30,sp600,NSP
2019-12-31,rut,TGTX
2020-03-31,rut,TGTX
2020-06-30,rut,TGTX
2020-09-30,rut,TGTX
2020-12-31,rut,TGTX
2021-03-31,rut,TGTX
2021-06-30,rut,TGTX
2021-09-30,rut,TGTX
2021-12-31,rut,TGTX
2022-03-31,rut,TGTX
2022-06-30,rut,TGTX
2022-09-30,rut,TGTX
2022-12-31,rut,TGTX
2023-03-31,rut,TGTX
2023-06-30,rut,TGTX
2023-09-30,rut,TGTX
2023-12-31,rut,TGTX
2024-03-31,rut,TGTX
2024-06-30,rut,TGTX
2024-09-30,rut,TGTX
2024-09-30,sp600,TGTX
2024-12-31,rut,TGTX
2024-12-31,sp600,TGTX
2025-03-31,rut,TGTX
2025-03-31,sp600,TGTX
2025-06-30,rut,TGTX
2025-06-30,sp600,TGTX
2025-09-30,rut,TGTX
2025-09-30,sp600,TGTX
2025-12-31,rut,TGTX
2025-12-31,sp600,TGTX
2026-03-31,rut,TGTX
2026-03-31,sp600,TGTX
2026-06-30,rut,TGTX
2026-06-30,sp600,TGTX
2026-09-30,rut,TGTX
2026-09-30,sp600,TGTX
2019-12-31,sp400,MSM
2020-03-31,sp400,MSM
2020-06-30,sp400,MSM
2020-09-30,sp400,MSM
2020-12-31,sp400,MSM
2021-03-31,sp400,MSM
2021-06-30,sp400,MSM
2021-09-30,sp400,MSM
2021-12-31,sp400,MSM
2022-03-31,sp400,MSM
2022-06-30,sp400,MSM
2022-09-30,sp400,MSM
2022-12-31,sp400,MSM
2023-03-31,sp400,MSM
2023-06-30,sp400,MSM
2023-09-30,sp400,MSM
2023-12-31,sp400,MSM
2024-03-31,sp400,MSM
2024-06-30,sp400,MSM
2024-09-30,sp400,MSM
2024-12-31,sp400,MSM
2025-03-31,sp400,MSM
2025-06-30,sp400,MSM
2025-09-30,sp400,MSM
2025-12-31,sp400,MSM
2026-03-31,sp400,MSM
2026-06-30,sp400,MSM
2026-09-30,sp400,MSM
2019-12-31,sp400,AMG
2020-03-31,sp400,AMG
2020-06-30,sp400,AMG
2020-09-30,sp400,AMG
2020-12-31,sp400,AMG
2021-03-31,sp400,AMG
2021-06-30,sp400,AMG
2021-09-30,sp400,AMG
2021-12-31,sp400,AMG
2022-03-31,sp400,AMG
2022-06-30,sp400,AMG
2022-09-30,sp400,AMG
2022-12-31,sp400,AMG
2023-03-31,sp400,AMG
2023-06-30,sp400,AMG
2023-09-30,sp400,AMG
2023-12-31,sp400,AMG
2024-03-31,sp400,AMG
2024-06-30,sp400,AMG
2024-09-30,sp400,AMG
2024-12-31,sp400,AMG
2025-03-31,sp400,AMG
2025-06-30,sp400,AMG
2025-09-30,sp400,AMG
2025-12-31,sp400,AMG
2026-03-31,sp400,AMG
2026-06-30,sp400,AMG
2026-09-30,sp400,AMG
2019-12-31,rut,OCFC
2020-03-31,rut,OCFC
2020-06-30,rut,OCFC
2020-09-30,rut,OCFC
2020-12-31,rut,OCFC
2021-03-31,rut,OCFC
2021-06-30,rut,OCFC
2021-09-30,rut,OCFC
2021-12-31,rut,OCFC
2022-03-31,rut,OCFC
2022-06-30,rut,OCFC
2022-09-30,rut,OCFC
2022-12-31,rut,OCFC
2023-03-31,rut,OCFC
2023-06-30,rut,OCFC
2023-09-30,rut,OCFC
2023-12-31,rut,OCFC
2024-03-31,rut,OCFC
2024-06-30,rut,OCFC
2024-09-30,rut,OCFC
2024-12-31,rut,OCFC
2025-03-31,rut,OCFC
2025-06-30,rut,OCFC
2025-09-30,rut,OCFC
2025-12-31,rut,OCFC
2026-03-31,rut,OCFC
2026-06-30,rut,OCFC
2026-09-30,rut,OCFC
2019-12-31,rut,CMCO
2020-03-31,rut,CMCO
2020-06-30,rut,CMCO
2020-09-30,rut,CMCO
2020-12-31,rut,CMCO
2021-03-31,rut,CMCO
2021-06-30,rut,CMCO
2021-09-30,rut,CMCO
2021-12-31,rut,CMCO
2022-03-31,rut,CMCO
2022-06-30,rut,CMCO
2022-09-30,rut,CMCO
2022-12-31,rut,CMCO
2023-03-31,rut,CMCO
2023-06-30,rut,CMCO
2023-09-30,rut,CMCO
2023-12-31,rut,CMCO
2024-03-31,rut,CMCO
2024-06-30,rut,CMCO
2024-09-30,rut,CMCO
2024-12-31,rut,CMCO
2025-03-31,rut,CMCO
2025-06-30,rut,CMCO
2025-09-30,rut,CMCO
2025-12-31,rut,CMCO
2026-03-31,rut,CMCO
2026-06-30,rut,CMCO
2026-09-30,rut,CMCO
2019-12-31,sp400,OLED
2020-03-31,sp400,OLED
2020-06-30,sp400,OLED
2020-09-30,sp400,OLED
2020-12-31,sp400,OLED
2021-03-31,sp400,OLED
2021-06-30,sp400,OLED
2021-09-30,sp400,OLED
2021-12-31,sp400,OLED
2022-03-31,sp400,OLED
2022-06-30,sp400,OLED
2022-09-30,sp400,OLED
2022-12-31,sp400,OLED
2023-03-31,sp400,OLED
2023-06-30,sp400,OLED
2023-09-30,sp400,OLED
2023-12-31,sp400,OLED
2024-03-31,sp400,OLED
2024-06-30,sp400,OLED
2024-09-30,sp400,OLED
2024-12-31,sp400,OLED
2025-03-31,sp400,OLED
2025-06-30,sp400,OLED
2025-09-30,sp400,OLED
2025-12-31,sp400,OLED
2026-03-31,sp400,OLED
2026-06-30,sp400,OLED
2026-09-30,sp400,OLED
2019-12-31,rut,IDT
2020-03-31,rut,IDT
2020-06-30,rut,IDT
2020-09-30,rut,IDT
2020-12-31,rut,IDT
2021-03-31,rut,IDT
2021-06-30,rut,IDT
2021-09-30,rut,IDT
2021-12-31,rut,IDT
2022-03-31,rut,IDT
2022-06-30,rut,IDT
2022-09-30,rut,IDT
2022-12-31,rut,IDT
2023-03-31,rut,IDT
2023-06-30,rut,IDT
2023-09-30,rut,IDT
2023-12-31,rut,IDT
2024-03-31,rut,IDT
2024-06-30,rut,IDT
2024-09-30,rut,IDT
2024-12-31,rut,IDT
2025-03-31,rut,IDT
2025-06-30,rut,IDT
2025-09-30,rut,IDT
2025-12-31,rut,IDT
2026-03-31,rut,IDT
2026-06-30,rut,IDT
2026-09-30,rut,IDT
2019-12-31,rut,CIK1005757
2019-12-31,sp600,CIK1005757
2020-03-31,rut,CIK1005757
2020-03-31,sp600,CIK1005757
2020-06-30,rut,CIK1005757
2020-06-30,sp600,CIK1005757
2020-09-30,rut,CIK1005757
2020-09-30,sp600,CIK1005757
2020-12-31,rut,CIK1005757
2020-12-31,sp600,CIK1005757
2021-03-31,rut,CIK1005757
2021-03-31,sp600,CIK1005757
2021-06-30,rut,CIK1005757
2021-06-30,sp600,CIK1005757
2021-09-30,rut,CIK1005757
2021-09-30,sp600,CIK1005757
2021-12-31,rut,CIK1005757
2021-12-31,sp600,CIK1005757
2022-03-31,rut,CIK1005757
2022-03-31,sp600,CIK1005757
2022-06-30,rut,CIK1005757
2022-06-30,sp600,CIK1005757
2022-09-30,rut,CIK1005757
2022-09-30,sp600,CIK1005757
2022-12-31,rut,CIK1005757
2022-12-31,sp600,CIK1005757
2023-03-31,rut,CIK1005757
2023-03-31,sp600,CIK1005757
2023-06-30,rut,CIK1005757
2023-06-30,sp600,CIK1005757
2023-09-30,rut,CIK1005757
2023-09-30,sp600,CIK1005757
2023-12-31,rut,CIK1005757
2023-12-31,sp600,CIK1005757
2024-03-31,rut,CIK1005757
2024-03-31,sp600,CIK1005757
2024-06-30,rut,CIK1005757
2024-06-30,sp600,CIK1005757
2024-09-30,rut,CIK1005757
2024-09-30,sp600,CIK1005757
2024-12-31,rut,CIK1005757
2024-12-31,sp600,CIK1005757
2025-03-31,rut,CIK1005757
2025-03-31,sp600,CIK1005757
2025-06-30,rut,CIK1005757
2025-06-30,sp600,CIK1005757
2025-09-30,rut,CIK1005757
2025-09-30,sp600,CIK1005757
2025-12-31,rut,CIK1005757
2025-12-31,sp600,CIK1005757
2026-03-31,rut,CIK1005757
2026-03-31,sp600,CIK1005757
2019-12-31,rut,TMP
2019-12-31,sp600,TMP
2020-03-31,rut,TMP
2020-03-31,sp600,TMP
2020-06-30,rut,TMP
2020-06-30,sp600,TMP
2020-09-30,rut,TMP
2020-09-30,sp600,TMP
2020-12-31,rut,TMP
2020-12-31,sp600,TMP
2021-03-31,rut,TMP
2021-03-31,sp600,TMP
2021-06-30,rut,TMP
2021-06-30,sp600,TMP
2021-09-30,rut,TMP
2021-09-30,sp600,TMP
2021-12-31,rut,TMP
2021-12-31,sp600,TMP
2022-03-31,rut,TMP
2022-03-31,sp600,TMP
2022-06-30,rut,TMP
2022-06-30,sp600,TMP
2022-09-30,rut,TMP
2022-09-30,sp600,TMP
2022-12-31,rut,TMP
2022-12-31,sp600,TMP
2023-03-31,rut,TMP
2023-03-31,sp600,TMP
2023-06-30,rut,TMP
2023-06-30,sp600,TMP
2023-09-30,rut,TMP
2023-09-30,sp600,TMP
2023-12-31,rut,TMP
2023-12-31,sp600,TMP
2024-03-31,rut,TMP
2024-03-31,sp600,TMP
2024-06-30,rut,TMP
2024-06-30,sp600,TMP
2024-09-30,rut,TMP
2024-09-30,sp600,TMP
2024-12-31,rut,TMP
2024-12-31,sp600,TMP
2025-03-31,rut,TMP
2025-03-31,sp600,TMP
2025-06-30,rut,TMP
2025-06-30,sp600,TMP
2025-09-30,rut,TMP
2025-09-30,sp600,TMP
2025-12-31,rut,TMP
2025-12-31,sp600,TMP
2026-03-31,rut,TMP
2026-03-31,sp600,TMP
2026-06-30,rut,TMP
2026-06-30,sp600,TMP
2026-09-30,rut,TMP
2026-09-30,sp600,TMP
2021-09-30,rut,VATE
2021-12-31,rut,VATE
2022-03-31,rut,VATE
2023-06-30,rut,VATE
2023-09-30,rut,VATE
2023-12-31,rut,VATE
2024-03-31,rut,VATE
2024-06-30,rut,VATE
2026-06-30,rut,VATE
2026-09-30,rut,VATE
2019-12-31,rut,RUSHB
2020-03-31,rut,RUSHB
2020-06-30,rut,RUSHB
2020-09-30,rut,RUSHB
2020-12-31,rut,RUSHB
2021-03-31,rut,RUSHB
2021-06-30,rut,RUSHB
2021-09-30,rut,RUSHB
2021-12-31,rut,RUSHB
2022-03-31,rut,RUSHB
2022-06-30,rut,RUSHB
2022-09-30,rut,RUSHB
2022-12-31,rut,RUSHB
2023-03-31,rut,RUSHB
2023-06-30,rut,RUSHB
2023-09-30,rut,RUSHB
2023-12-31,rut,RUSHB
2024-03-31,rut,RUSHB
2024-03-31,sp600,RUSHB
2024-06-30,rut,RUSHB
2024-06-30,sp600,RUSHB
2024-09-30,rut,RUSHB
2024-09-30,sp600,RUSHB
2024-12-31,rut,RUSHB
2024-12-31,sp600,RUSHB
2025-03-31,rut,RUSHB
2025-03-31,sp600,RUSHB
2025-06-30,rut,RUSHB
2025-06-30,sp600,RUSHB
2025-09-30,rut,RUSHB
2025-09-30,sp600,RUSHB
2025-12-31,rut,RUSHB
2025-12-31,sp600,RUSHB
2026-03-31,rut,RUSHB
2026-03-31,sp600,RUSHB
2026-06-30,rut,RUSHB
2026-06-30,sp600,RUSHB
2026-09-30,rut,RUSHB
2026-09-30,sp600,RUSHB
2019-12-31,rut,BJRI
2019-12-31,sp600,BJRI
2020-03-31,rut,BJRI
2020-03-31,sp600,BJRI
2020-06-30,rut,BJRI
2020-06-30,sp600,BJRI
2020-09-30,rut,BJRI
2020-09-30,sp600,BJRI
2020-12-31,rut,BJRI
2020-12-31,sp600,BJRI
2021-03-31,rut,BJRI
2021-03-31,sp600,BJRI
2021-06-30,rut,BJRI
2021-06-30,sp600,BJRI
2021-09-30,rut,BJRI
2021-09-30,sp600,BJRI
2021-12-31,rut,BJRI
2021-12-31,sp600,BJRI
2022-03-31,rut,BJRI
2022-03-31,sp600,BJRI
2022-06-30,rut,BJRI
2022-06-30,sp600,BJRI
2022-09-30,rut,BJRI
2022-09-30,sp600,BJRI
2022-12-31,rut,BJRI
2022-12-31,sp600,BJRI
2023-03-31,rut,BJRI
2023-03-31,sp600,BJRI
2023-06-30,rut,BJRI
2023-06-30,sp600,BJRI
2023-09-30,rut,BJRI
2023-09-30,sp600,BJRI
2023-12-31,rut,BJRI
2023-12-31,sp600,BJRI
2024-03-31,rut,BJRI
2024-03-31,sp600,BJRI
2024-06-30,rut,BJRI
2024-06-30,sp600,BJRI
2024-09-30,rut,BJRI
2024-09-30,sp600,BJRI
2024-12-31,rut,BJRI
2024-12-31,sp600,BJRI
2025-03-31,rut,BJRI
2025-03-31,sp600,BJRI
2025-06-30,rut,BJRI
2025-06-30,sp600,BJRI
2025-09-30,rut,BJRI
2025-09-30,sp600,BJRI
2025-12-31,rut,BJRI
2025-12-31,sp600,BJRI
2026-03-31,rut,BJRI
2026-03-31,sp600,BJRI
2026-06-30,rut,BJRI
2026-06-30,sp600,BJRI
2026-09-30,rut,BJRI
2026-09-30,sp600,BJRI
2025-06-30,sp400,PEGA
2025-09-30,sp400,PEGA
2025-12-31,sp400,PEGA
2026-03-31,sp400,PEGA
2026-06-30,sp400,PEGA
2026-09-30,sp400,PEGA
2019-12-31,rut,TTEC
2019-12-31,sp600,TTEC
2020-03-31,rut,TTEC
2020-03-31,sp600,TTEC
2020-06-30,rut,TTEC
2020-06-30,sp600,TTEC
2020-09-30,rut,TTEC
2020-09-30,sp600,TTEC
2020-12-31,rut,TTEC
2020-12-31,sp600,TTEC
2021-03-31,rut,TTEC
2021-03-31,sp600,TTEC
2021-06-30,rut,TTEC
2021-06-30,sp600,TTEC
2021-09-30,rut,TTEC
2021-09-30,sp600,TTEC
2021-12-31,rut,TTEC
2021-12-31,sp600,TTEC
2022-03-31,rut,TTEC
2022-03-31,sp600,TTEC
2022-06-30,rut,TTEC
2022-06-30,sp600,TTEC
2022-09-30,rut,TTEC
2022-09-30,sp600,TTEC
2022-12-31,rut,TTEC
2022-12-31,sp600,TTEC
2023-03-31,rut,TTEC
2023-03-31,sp600,TTEC
2023-06-30,rut,TTEC
2023-06-30,sp600,TTEC
2023-09-30,rut,TTEC
2023-09-30,sp600,TTEC
2023-12-31,rut,TTEC
2023-12-31,sp600,TTEC
2024-03-31,rut,TTEC
2024-03-31,sp600,TTEC
2024-06-30,rut,TTEC
2024-06-30,sp600,TTEC
2024-09-30,rut,TTEC
2024-12-31,rut,TTEC
2025-03-31,rut,TTEC
2025-06-30,rut,TTEC
2025-09-30,rut,TTEC
2025-12-31,rut,TTEC
2026-03-31,rut,TTEC
2019-12-31,rut,STRA
2019-12-31,sp600,STRA
2020-03-31,rut,STRA
2020-03-31,sp600,STRA
2020-06-30,rut,STRA
2020-06-30,sp400,STRA
2020-09-30,rut,STRA
2020-09-30,sp400,STRA
2020-12-31,rut,STRA
2020-12-31,sp400,STRA
2021-03-31,rut,STRA
2021-03-31,sp400,STRA
2021-06-30,rut,STRA
2021-06-30,sp400,STRA
2021-09-30,rut,STRA
2021-09-30,sp600,STRA
2021-12-31,rut,STRA
2021-12-31,sp600,STRA
2022-03-31,rut,STRA
2022-03-31,sp600,STRA
2022-06-30,rut,STRA
2022-06-30,sp600,STRA
2022-09-30,rut,STRA
2022-09-30,sp600,STRA
2022-12-31,rut,STRA
2022-12-31,sp600,STRA
2023-03-31,rut,STRA
2023-03-31,sp600,STRA
2023-06-30,rut,STRA
2023-06-30,sp600,STRA
2023-09-30,rut,STRA
2023-09-30,sp600,STRA
2023-12-31,rut,STRA
2023-12-31,sp600,STRA
2024-03-31,rut,STRA
2024-03-31,sp600,STRA
2024-06-30,rut,STRA
2024-06-30,sp600,STRA
2024-09-30,rut,STRA
2024-09-30,sp600,STRA
2024-12-31,rut,STRA
2024-12-31,sp600,STRA
2025-03-31,rut,STRA
2025-03-31,sp600,STRA
2025-06-30,rut,STRA
2025-06-30,sp600,STRA
2025-09-30,rut,STRA
2025-09-30,sp600,STRA
2025-12-31,rut,STRA
2025-12-31,sp600,STRA
2026-03-31,rut,STRA
2026-03-31,sp600,STRA
2026-06-30,rut,STRA
2026-06-30,sp600,STRA
2026-09-30,rut,STRA
2026-09-30,sp600,STRA
2019-12-31,rut,OPCH
2020-03-31,rut,OPCH
2020-06-30,rut,OPCH
2020-09-30,rut,OPCH
2020-12-31,rut,OPCH
2021-03-31,rut,OPCH
2021-06-30,rut,OPCH
2021-09-30,rut,OPCH
2021-09-30,sp400,OPCH
2021-12-31,rut,OPCH
2021-12-31,sp400,OPCH
2022-03-31,rut,OPCH
2022-03-31,sp400,OPCH
2022-06-30,rut,OPCH
2022-06-30,sp400,OPCH
2022-09-30,rut,OPCH
2022-09-30,sp400,OPCH
2022-12-31,rut,OPCH
2022-12-31,sp400,OPCH
2023-03-31,rut,OPCH
2023-03-31,sp400,OPCH
2023-06-30,rut,OPCH
2023-06-30,sp400,OPCH
2023-09-30,rut,OPCH
2023-09-30,sp400,OPCH
2023-12-31,rut,OPCH
2023-12-31,sp400,OPCH
2024-03-31,rut,OPCH
2024-03-31,sp400,OPCH
2024-06-30,rut,OPCH
2024-06-30,sp400,OPCH
2024-09-30,rut,OPCH
2024-09-30,sp400,OPCH
2024-12-31,rut,OPCH
2024-12-31,sp400,OPCH
2025-03-31,rut,OPCH
2025-03-31,sp400,OPCH
2025-06-30,rut,OPCH
2025-06-30,sp400,OPCH
2025-09-30,rut,OPCH
2025-09-30,sp400,OPCH
2025-12-31,rut,OPCH
2025-12-31,sp400,OPCH
2026-03-31,rut,OPCH
2026-03-31,sp400,OPCH
2026-06-30,rut,OPCH
2026-06-30,sp400,OPCH
2026-09-30,rut,OPCH
2026-09-30,sp400,OPCH
2019-12-31,sp400,WTFC
2020-03-31,sp400,WTFC
2020-06-30,sp400,WTFC
2020-09-30,sp400,WTFC
2020-12-31,sp400,WTFC
2021-03-31,sp400,WTFC
2021-06-30,sp400,WTFC
2021-09-30,sp400,WTFC
2021-12-31,sp400,WTFC
2022-03-31,sp400,WTFC
2022-06-30,sp400,WTFC
2022-09-30,sp400,WTFC
2022-12-31,sp400,WTFC
2023-03-31,sp400,WTFC
2023-06-30,sp400,WTFC
2023-09-30,sp400,WTFC
2023-12-31,sp400,WTFC
2024-03-31,sp400,WTFC
2024-06-30,sp400,WTFC
2024-09-30,sp400,WTFC
2024-12-31,sp400,WTFC
2025-03-31,sp400,WTFC
2025-06-30,sp400,WTFC
2025-09-30,sp400,WTFC
2025-12-31,sp400,WTFC
2026-03-31,sp400,WTFC
2026-06-30,sp400,WTFC
2026-09-30,sp400,WTFC
2026-09-30,rut,ANF
2026-09-30,sp400,ANF
2019-12-31,rut,ATI
2019-12-31,sp400,ATI
2020-03-31,rut,ATI
2020-03-31,sp400,ATI
2020-06-30,rut,ATI
2020-06-30,sp400,ATI
2020-09-30,rut,ATI
2020-09-30,sp600,ATI
2020-12-31,rut,ATI
2020-12-31,sp600,ATI
2021-03-31,rut,ATI
2021-03-31,sp600,ATI
2021-06-30,rut,ATI
2021-06-30,sp600,ATI
2021-09-30,rut,ATI
2021-09-30,sp600,ATI
2021-12-31,rut,ATI
2021-12-31,sp600,ATI
2022-03-31,rut,ATI
2022-03-31,sp600,ATI
2022-06-30,rut,ATI
2022-06-30,sp600,ATI
2022-09-30,rut,ATI
2022-09-30,sp600,ATI
2022-12-31,rut,ATI
2022-12-31,sp600,ATI
2023-03-31,rut,ATI
2023-03-31,sp600,ATI
2023-06-30,rut,ATI
2023-06-30,sp600,ATI
2023-09-30,rut,ATI
2023-09-30,sp600,ATI
2023-12-31,rut,ATI
2023-12-31,sp600,ATI
2024-03-31,rut,ATI
2024-03-31,sp600,ATI
2024-06-30,rut,ATI
2024-06-30,sp600,ATI
2024-09-30,sp600,ATI
2024-12-31,sp600,ATI
2025-03-31,sp400,ATI
2025-06-30,sp400,ATI
2025-09-30,sp400,ATI
2025-12-31,sp400,ATI
2026-03-31,sp400,ATI
2026-06-30,sp400,ATI
2026-09-30,sp400,ATI
2019-12-31,rut,AMSF
2019-12-31,sp600,AMSF
2020-03-31,rut,AMSF
2020-03-31,sp600,AMSF
2020-06-30,rut,AMSF
2020-06-30,sp600,AMSF
2020-09-30,rut,AMSF
2020-09-30,sp600,AMSF
2020-12-31,rut,AMSF
2020-12-31,sp600,AMSF
2021-03-31,rut,AMSF
2021-03-31,sp600,AMSF
2021-06-30,rut,AMSF
2021-06-30,sp600,AMSF
2021-09-30,rut,AMSF
2021-09-30,sp600,AMSF
2021-12-31,rut,AMSF
2021-12-31,sp600,AMSF
2022-03-31,rut,AMSF
2022-03-31,sp600,AMSF
2022-06-30,rut,AMSF
2022-06-30,sp600,AMSF
2022-09-30,rut,AMSF
2022-09-30,sp600,AMSF
2022-12-31,rut,AMSF
2022-12-31,sp600,AMSF
2023-03-31,rut,AMSF
2023-03-31,sp600,AMSF
2023-06-30,rut,AMSF
2023-06-30,sp600,AMSF
2023-09-30,rut,AMSF
2023-09-30,sp600,AMSF
2023-12-31,rut,AMSF
2023-12-31,sp600,AMSF
2024-03-31,rut,AMSF
2024-03-31,sp600,AMSF
2024-06-30,rut,AMSF
2024-06-30,sp600,AMSF
2024-09-30,rut,AMSF
2024-09-30,sp600,AMSF
2024-12-31,rut,AMSF
2024-12-31,sp600,AMSF
2025-03-31,rut,AMSF
2025-03-31,sp600,AMSF
2025-06-30,rut,AMSF
2025-06-30,sp600,AMSF
2025-09-30,rut,AMSF
2025-09-30,sp600,AMSF
2025-12-31,rut,AMSF
2025-12-31,sp600,AMSF
2026-03-31,rut,AMSF
2026-03-31,sp600,AMSF
2026-06-30,rut,AMSF
2026-06-30,sp600,AMSF
2026-09-30,rut,AMSF
2023-09-30,sp400,PAG
2023-12-31,sp400,PAG
2024-03-31,sp400,PAG
2024-06-30,sp400,PAG
2024-09-30,sp400,PAG
2024-12-31,sp400,PAG
2025-03-31,sp400,PAG
2025-06-30,sp400,PAG
2025-09-30,sp400,PAG
2025-12-31,sp400,PAG
2026-03-31,sp400,PAG
2026-06-30,sp400,PAG
2026-09-30,sp400,PAG
2019-12-31,rut,DXPE
2019-12-31,sp600,DXPE
2020-03-31,rut,DXPE
2020-03-31,sp600,DXPE
2020-06-30,rut,DXPE
2020-06-30,sp600,DXPE
2020-09-30,rut,DXPE
2020-09-30,sp600,DXPE
2020-12-31,rut,DXPE
2020-12-31,sp600,DXPE
2021-03-31,rut,DXPE
2021-03-31,sp600,DXPE
2021-06-30,rut,DXPE
2021-06-30,sp600,DXPE
2021-09-30,rut,DXPE
2021-09-30,sp600,DXPE
2021-12-31,rut,DXPE
2021-12-31,sp600,DXPE
2022-03-31,rut,DXPE
2022-03-31,sp600,DXPE
2022-06-30,rut,DXPE
2022-06-30,sp600,DXPE
2022-09-30,rut,DXPE
2022-09-30,sp600,DXPE
2022-12-31,rut,DXPE
2022-12-31,sp600,DXPE
2023-03-31,rut,DXPE
2023-03-31,sp600,DXPE
2023-06-30,rut,DXPE
2023-06-30,sp600,DXPE
2023-09-30,rut,DXPE
2023-09-30,sp600,DXPE
2023-12-31,rut,DXPE
2023-12-31,sp600,DXPE
2024-03-31,rut,DXPE
2024-03-31,sp600,DXPE
2024-06-30,rut,DXPE
2024-06-30,sp600,DXPE
2024-09-30,rut,DXPE
2024-09-30,sp600,DXPE
2024-12-31,rut,DXPE
2024-12-31,sp600,DXPE
2025-03-31,rut,DXPE
2025-03-31,sp600,DXPE
2025-06-30,rut,DXPE
2025-06-30,sp600,DXPE
2025-09-30,rut,DXPE
2025-09-30,sp600,DXPE
2025-12-31,rut,DXPE
2025-12-31,sp600,DXPE
2026-03-31,rut,DXPE
2026-03-31,sp600,DXPE
2026-06-30,rut,DXPE
2026-06-30,sp600,DXPE
2026-09-30,rut,DXPE
2026-09-30,sp600,DXPE
2019-12-31,rut,UNFI
2019-12-31,sp600,UNFI
2020-03-31,rut,UNFI
2020-03-31,sp600,UNFI
2020-06-30,rut,UNFI
2020-06-30,sp600,UNFI
2020-09-30,rut,UNFI
2020-09-30,sp600,UNFI
2020-12-31,rut,UNFI
2020-12-31,sp600,UNFI
2021-03-31,rut,UNFI
2021-03-31,sp600,UNFI
2021-06-30,rut,UNFI
2021-06-30,sp600,UNFI
2021-09-30,rut,UNFI
2021-09-30,sp600,UNFI
2021-12-31,rut,UNFI
2021-12-31,sp600,UNFI
2022-03-31,rut,UNFI
2022-03-31,sp600,UNFI
2022-06-30,rut,UNFI
2022-06-30,sp600,UNFI
2022-09-30,rut,UNFI
2022-09-30,sp600,UNFI
2022-12-31,rut,UNFI
2022-12-31,sp600,UNFI
2023-03-31,rut,UNFI
2023-03-31,sp600,UNFI
2023-06-30,rut,UNFI
2023-06-30,sp600,UNFI
2023-09-30,rut,UNFI
2023-09-30,sp600,UNFI
2023-12-31,rut,UNFI
2023-12-31,sp600,UNFI
2024-03-31,rut,UNFI
2024-03-31,sp600,UNFI
2024-06-30,rut,UNFI
2024-06-30,sp600,UNFI
2024-09-30,rut,UNFI
2024-09-30,sp600,UNFI
2024-12-31,rut,UNFI
2024-12-31,sp600,UNFI
2025-03-31,rut,UNFI
2025-03-31,sp600,UNFI
2025-06-30,rut,UNFI
2025-06-30,sp600,UNFI
2025-09-30,rut,UNFI
2025-09-30,sp600,UNFI
2025-12-31,rut,UNFI
2025-12-31,sp600,UNFI
2026-03-31,rut,UNFI
2026-03-31,sp600,UNFI
2026-06-30,rut,UNFI
2026-06-30,sp600,UNFI
2026-09-30,rut,UNFI
2026-09-30,sp600,UNFI
2019-12-31,sp400,NUS
2020-03-31,sp400,NUS
2020-06-30,sp400,NUS
2020-09-30,sp400,NUS
2020-12-31,sp400,NUS
2021-03-31,sp400,NUS
2021-06-30,rut,NUS
2021-06-30,sp400,NUS
2021-09-30,rut,NUS
2021-09-30,sp400,NUS
2021-12-31,rut,NUS
2021-12-31,sp400,NUS
2022-03-31,rut,NUS
2022-03-31,sp400,NUS
2022-06-30,rut,NUS
2022-06-30,sp400,NUS
2022-09-30,rut,NUS
2022-09-30,sp400,NUS
2022-12-31,rut,NUS
2022-12-31,sp600,NUS
2023-03-31,rut,NUS
2023-03-31,sp600,NUS
2023-06-30,rut,NUS
2023-06-30,sp600,NUS
2023-09-30,rut,NUS
2023-09-30,sp600,NUS
2023-12-31,rut,NUS
2023-12-31,sp600,NUS
2024-03-31,rut,NUS
2024-03-31,sp600,NUS
2024-06-30,rut,NUS
2024-06-30,sp600,NUS
2024-09-30,rut,NUS
2024-09-30,sp600,NUS
2024-12-31,rut,NUS
2025-03-31,rut,NUS
2025-06-30,rut,NUS
2025-09-30,rut,NUS
2025-12-31,rut,NUS
2026-03-31,rut,NUS
2026-06-30,rut,NUS
2026-09-30,rut,NUS
2019-12-31,sp400,OGE
2020-03-31,sp400,OGE
2020-06-30,sp400,OGE
2020-09-30,sp400,OGE
2020-12-31,sp400,OGE
2021-03-31,sp400,OGE
2021-06-30,sp400,OGE
2021-09-30,sp400,OGE
2021-12-31,sp400,OGE
2022-03-31,sp400,OGE
2022-06-30,sp400,OGE
2022-09-30,sp400,OGE
2022-12-31,sp400,OGE
2023-03-31,sp400,OGE
2023-06-30,sp400,OGE
2023-09-30,sp400,OGE
2023-12-31,sp400,OGE
2024-03-31,sp400,OGE
2024-06-30,sp400,OGE
2024-09-30,sp400,OGE
2024-12-31,sp400,OGE
2025-03-31,sp400,OGE
2025-06-30,sp400,OGE
2025-09-30,sp400,OGE
2025-12-31,sp400,OGE
2026-03-31,sp400,OGE
2026-06-30,sp400,OGE
2026-09-30,sp400,OGE
2021-09-30,sp400,NOV
2021-12-31,sp400,NOV
2022-03-31,sp400,NOV
2022-06-30,sp400,NOV
2022-09-30,sp400,NOV
2022-12-31,sp400,NOV
2023-03-31,sp400,NOV
2023-06-30,sp400,NOV
2023-09-30,sp400,NOV
2023-12-31,sp400,NOV
2024-03-31,sp400,NOV
2024-06-30,sp400,NOV
2024-09-30,sp400,NOV
2024-12-31,sp400,NOV
2025-03-31,sp400,NOV
2025-06-30,sp400,NOV
2025-09-30,sp400,NOV
2025-12-31,sp400,NOV
2026-03-31,sp400,NOV
2026-06-30,sp400,NOV
2026-09-30,sp400,NOV
2019-12-31,rut,PLUS
2019-12-31,sp600,PLUS
2020-03-31,rut,PLUS
2020-03-31,sp600,PLUS
2020-06-30,rut,PLUS
2020-06-30,sp600,PLUS
2020-09-30,rut,PLUS
2020-09-30,sp600,PLUS
2020-12-31,rut,PLUS
2020-12-31,sp600,PLUS
2021-03-31,rut,PLUS
2021-03-31,sp600,PLUS
2021-06-30,rut,PLUS
2021-06-30,sp600,PLUS
2021-09-30,rut,PLUS
2021-09-30,sp600,PLUS
2021-12-31,rut,PLUS
2021-12-31,sp600,PLUS
2022-03-31,rut,PLUS
2022-03-31,sp600,PLUS
2022-06-30,rut,PLUS
2022-06-30,sp600,PLUS
2022-09-30,rut,PLUS
2022-09-30,sp600,PLUS
2022-12-31,rut,PLUS
2022-12-31,sp600,PLUS
2023-03-31,rut,PLUS
2023-03-31,sp600,PLUS
2023-06-30,rut,PLUS
2023-06-30,sp600,PLUS
2023-09-30,rut,PLUS
2023-09-30,sp600,PLUS
2023-12-31,rut,PLUS
2023-12-31,sp600,PLUS
2024-03-31,rut,PLUS
2024-03-31,sp600,PLUS
2024-06-30,rut,PLUS
2024-06-30,sp600,PLUS
2024-09-30,rut,PLUS
2024-09-30,sp600,PLUS
2024-12-31,rut,PLUS
2024-12-31,sp600,PLUS
2025-03-31,rut,PLUS
2025-03-31,sp600,PLUS
2025-06-30,rut,PLUS
2025-06-30,sp600,PLUS
2025-09-30,rut,PLUS
2025-09-30,sp600,PLUS
2025-12-31,rut,PLUS
2025-12-31,sp600,PLUS
2026-03-31,rut,PLUS
2026-03-31,sp600,PLUS
2026-06-30,rut,PLUS
2026-06-30,sp600,PLUS
2026-09-30,rut,PLUS
2026-09-30,sp600,PLUS
2019-12-31,rut,ANIP
2019-12-31,sp600,ANIP
2020-03-31,rut,ANIP
2020-03-31,sp600,ANIP
2020-06-30,rut,ANIP
2020-06-30,sp600,ANIP
2020-09-30,rut,ANIP
2020-09-30,sp600,ANIP
2020-12-31,rut,ANIP
2020-12-31,sp600,ANIP
2021-03-31,rut,ANIP
2021-03-31,sp600,ANIP
2021-06-30,rut,ANIP
2021-06-30,sp600,ANIP
2021-09-30,rut,ANIP
2021-09-30,sp600,ANIP
2021-12-31,rut,ANIP
2021-12-31,sp600,ANIP
2022-03-31,rut,ANIP
2022-03-31,sp600,ANIP
2022-06-30,rut,ANIP
2022-06-30,sp600,ANIP
2022-09-30,rut,ANIP
2022-09-30,sp600,ANIP
2022-12-31,rut,ANIP
2022-12-31,sp600,ANIP
2023-03-31,rut,ANIP
2023-03-31,sp600,ANIP
2023-06-30,rut,ANIP
2023-06-30,sp600,ANIP
2023-09-30,rut,ANIP
2023-09-30,sp600,ANIP
2023-12-31,rut,ANIP
2023-12-31,sp600,ANIP
2024-03-31,rut,ANIP
2024-03-31,sp600,ANIP
2024-06-30,rut,ANIP
2024-06-30,sp600,ANIP
2024-09-30,rut,ANIP
2024-09-30,sp600,ANIP
2024-12-31,rut,ANIP
2024-12-31,sp600,ANIP
2025-03-31,rut,ANIP
2025-03-31,sp600,ANIP
2025-06-30,rut,ANIP
2025-06-30,sp600,ANIP
2025-09-30,rut,ANIP
2025-09-30,sp600,ANIP
2025-12-31,rut,ANIP
2025-12-31,sp600,ANIP
2026-03-31,rut,ANIP
2026-03-31,sp600,ANIP
2026-06-30,rut,ANIP
2026-06-30,sp600,ANIP
2026-09-30,rut,ANIP
2026-09-30,sp600,ANIP
2019-12-31,rut,LAD
2019-12-31,sp600,LAD
2020-03-31,rut,LAD
2020-03-31,sp600,LAD
2020-06-30,rut,LAD
2020-06-30,sp600,LAD
2020-09-30,rut,LAD
2020-09-30,sp400,LAD
2020-12-31,rut,LAD
2020-12-31,sp400,LAD
2021-03-31,rut,LAD
2021-03-31,sp400,LAD
2021-06-30,sp400,LAD
2021-09-30,sp400,LAD
2021-12-31,sp400,LAD
2022-03-31,sp400,LAD
2022-06-30,sp400,LAD
2022-09-30,sp400,LAD
2022-12-31,sp400,LAD
2023-03-31,sp400,LAD
2023-06-30,sp400,LAD
2023-09-30,sp400,LAD
2023-12-31,sp400,LAD
2024-03-31,sp400,LAD
2024-06-30,sp400,LAD
2024-09-30,sp400,LAD
2024-12-31,sp400,LAD
2025-03-31,sp400,LAD
2025-06-30,sp400,LAD
2025-09-30,sp400,LAD
2025-12-31,sp400,LAD
2026-03-31,sp400,LAD
2026-06-30,sp400,LAD
2026-09-30,sp400,LAD
2019-12-31,rut,FORR
2019-12-31,sp600,FORR
2020-03-31,rut,FORR
2020-03-31,sp600,FORR
2020-06-30,rut,FORR
2020-06-30,sp600,FORR
2020-09-30,rut,FORR
2020-09-30,sp600,FORR
2020-12-31,rut,FORR
2020-12-31,sp600,FORR
2021-03-31,rut,FORR
2021-03-31,sp600,FORR
2021-06-30,rut,FORR
2021-06-30,sp600,FORR
2021-09-30,rut,FORR
2021-09-30,sp600,FORR
2021-12-31,rut,FORR
2021-12-31,sp600,FORR
2022-03-31,rut,FORR
2022-03-31,sp600,FORR
2022-06-30,rut,FORR
2022-06-30,sp600,FORR
2022-09-30,rut,FORR
2022-09-30,sp600,FORR
2022-12-31,rut,FORR
2022-12-31,sp600,FORR
2023-03-31,rut,FORR
2023-03-31,sp600,FORR
2023-06-30,rut,FORR
2023-06-30,sp600,FORR
2023-09-30,rut,FORR
2023-09-30,sp600,FORR
2023-12-31,rut,FORR
2023-12-31,sp600,FORR
2024-03-31,rut,FORR
2024-06-30,rut,FORR
2024-09-30,rut,FORR
2024-12-31,rut,FORR
2025-03-31,rut,FORR
2025-06-30,rut,FORR
2025-09-30,rut,FORR
2025-12-31,rut,FORR
2026-03-31,rut,FORR
2020-09-30,sp400,COTY
2020-12-31,sp400,COTY
2021-03-31,sp400,COTY
2021-06-30,sp400,COTY
2021-09-30,sp400,COTY
2021-12-31,sp400,COTY
2022-03-31,sp400,COTY
2022-06-30,sp400,COTY
2022-09-30,sp400,COTY
2022-12-31,sp400,COTY
2023-03-31,sp400,COTY
2023-06-30,sp400,COTY
2023-09-30,sp400,COTY
2023-12-31,sp400,COTY
2024-03-31,sp400,COTY
2024-06-30,sp400,COTY
2024-09-30,sp400,COTY
2024-12-31,sp400,COTY
2025-03-31,sp400,COTY
2025-06-30,sp400,COTY
2025-09-30,sp400,COTY
2025-12-31,sp400,COTY
2026-03-31,sp400,COTY
2026-06-30,rut,COTY
2026-06-30,sp600,COTY
2026-09-30,rut,COTY
2026-09-30,sp600,COTY
2019-12-31,rut,HLIO
2020-03-31,rut,HLIO
2020-06-30,rut,HLIO
2020-09-30,rut,HLIO
2020-12-31,rut,HLIO
2021-03-31,rut,HLIO
2021-06-30,rut,HLIO
2021-09-30,rut,HLIO
2021-12-31,rut,HLIO
2022-03-31,rut,HLIO
2022-06-30,rut,HLIO
2022-09-30,rut,HLIO
2022-12-31,rut,HLIO
2023-03-31,rut,HLIO
2023-06-30,rut,HLIO
2023-09-30,rut,HLIO
2023-12-31,rut,HLIO
2024-03-31,rut,HLIO
2024-06-30,rut,HLIO
2024-09-30,rut,HLIO
2024-12-31,rut,HLIO
2025-03-31,rut,HLIO
2025-06-30,rut,HLIO
2025-09-30,rut,HLIO
2025-12-31,rut,HLIO
2026-03-31,rut,HLIO
2026-06-30,rut,HLIO
2026-09-30,rut,HLIO
2023-12-31,sp400,WPC
2024-03-31,sp400,WPC
2024-06-30,sp400,WPC
2024-09-30,sp400,WPC
2024-12-31,sp400,WPC
2025-03-31,sp400,WPC
2025-06-30,sp400,WPC
2025-09-30,sp400,WPC
2025-12-31,sp400,WPC
2026-03-31,sp400,WPC
2026-06-30,sp400,WPC
2026-09-30,sp400,WPC
2019-12-31,rut,EFSC
2020-03-31,rut,EFSC
2020-06-30,rut,EFSC
2020-09-30,rut,EFSC
2020-12-31,rut,EFSC
2021-03-31,rut,EFSC
2021-06-30,rut,EFSC
2021-09-30,rut,EFSC
2021-12-31,rut,EFSC
2022-03-31,rut,EFSC
2022-06-30,rut,EFSC
2022-09-30,rut,EFSC
2022-12-31,rut,EFSC
2023-03-31,rut,EFSC
2023-06-30,rut,EFSC
2023-09-30,rut,EFSC
2023-12-31,rut,EFSC
2024-03-31,rut,EFSC
2024-06-30,rut,EFSC
2024-09-30,rut,EFSC
2024-12-31,rut,EFSC
2025-03-31,rut,EFSC
2025-06-30,rut,EFSC
2025-09-30,rut,EFSC
2025-12-31,rut,EFSC
2026-03-31,rut,EFSC
2026-06-30,rut,EFSC
2026-09-30,rut,EFSC
2019-12-31,sp400,KRC
2020-03-31,sp400,KRC
2020-06-30,sp400,KRC
2020-09-30,sp400,KRC
2020-12-31,sp400,KRC
2021-03-31,sp400,KRC
2021-06-30,sp400,KRC
2021-09-30,sp400,KRC
2021-12-31,sp400,KRC
2022-03-31,sp400,KRC
2022-06-30,sp400,KRC
2022-09-30,sp400,KRC
2022-12-31,sp400,KRC
2023-03-31,sp400,KRC
2023-06-30,sp400,KRC
2023-09-30,sp400,KRC
2023-12-31,sp400,KRC
2024-03-31,sp400,KRC
2024-06-30,sp400,KRC
2024-09-30,sp400,KRC
2024-12-31,sp400,KRC
2025-03-31,sp400,KRC
2025-06-30,sp400,KRC
2025-09-30,sp400,KRC
2025-12-31,sp400,KRC
2026-03-31,sp400,KRC
2026-06-30,sp400,KRC
2026-09-30,sp400,KRC
2022-03-31,sp400,EEFT
2022-06-30,sp400,EEFT
2022-09-30,sp400,EEFT
2022-12-31,sp400,EEFT
2023-03-31,sp400,EEFT
2023-06-30,sp400,EEFT
2023-09-30,sp400,EEFT
2023-12-31,sp400,EEFT
2024-03-31,sp400,EEFT
2024-06-30,sp400,EEFT
2024-09-30,sp400,EEFT
2024-12-31,sp400,EEFT
2025-03-31,sp400,EEFT
2025-06-30,sp400,EEFT
2025-09-30,sp400,EEFT
2025-12-31,sp400,EEFT
2026-03-31,sp400,EEFT
2026-06-30,sp400,EEFT
2026-09-30,sp400,EEFT
2022-03-31,rut,OFG
2022-03-31,sp600,OFG
2022-06-30,rut,OFG
2022-06-30,sp600,OFG
2022-09-30,rut,OFG
2022-09-30,sp600,OFG
2022-12-31,rut,OFG
2022-12-31,sp600,OFG
2023-03-31,rut,OFG
2023-03-31,sp600,OFG
2023-06-30,rut,OFG
2023-06-30,sp600,OFG
2023-09-30,rut,OFG
2023-09-30,sp600,OFG
2023-12-31,rut,OFG
2023-12-31,sp600,OFG
2024-03-31,rut,OFG
2024-03-31,sp600,OFG
2024-06-30,rut,OFG
2024-06-30,sp600,OFG
2024-09-30,rut,OFG
2024-09-30,sp600,OFG
2024-12-31,rut,OFG
2024-12-31,sp600,OFG
2025-03-31,rut,OFG
2025-03-31,sp600,OFG
2025-06-30,rut,OFG
2025-06-30,sp600,OFG
2025-09-30,rut,OFG
2025-09-30,sp600,OFG
2025-12-31,rut,OFG
2025-12-31,sp600,OFG
2026-03-31,rut,OFG
2026-03-31,sp600,OFG
2026-06-30,rut,OFG
2026-06-30,sp600,OFG
2026-09-30,rut,OFG
2026-09-30,sp600,OFG
2019-12-31,rut,GPI
2019-12-31,sp600,GPI
2020-03-31,rut,GPI
2020-03-31,sp600,GPI
2020-06-30,rut,GPI
2020-06-30,sp600,GPI
2020-09-30,rut,GPI
2020-09-30,sp600,GPI
2020-12-31,rut,GPI
2020-12-31,sp600,GPI
2021-03-31,rut,GPI
2021-03-31,sp600,GPI
2021-06-30,rut,GPI
2021-06-30,sp600,GPI
2021-09-30,rut,GPI
2021-09-30,sp600,GPI
2021-12-31,rut,GPI
2021-12-31,sp600,GPI
2022-03-31,rut,GPI
2022-03-31,sp600,GPI
2022-06-30,rut,GPI
2022-06-30,sp600,GPI
2022-09-30,rut,GPI
2022-09-30,sp600,GPI
2022-12-31,rut,GPI
2022-12-31,sp600,GPI
2023-03-31,rut,GPI
2023-03-31,sp600,GPI
2023-06-30,rut,GPI
2023-06-30,sp600,GPI
2023-09-30,rut,GPI
2023-09-30,sp600,GPI
2023-12-31,rut,GPI
2023-12-31,sp600,GPI
2024-03-31,rut,GPI
2024-03-31,sp600,GPI
2024-06-30,rut,GPI
2024-06-30,sp600,GPI
2024-09-30,rut,GPI
2024-09-30,sp600,GPI
2024-12-31,rut,GPI
2024-12-31,sp600,GPI
2025-03-31,rut,GPI
2025-03-31,sp600,GPI
2025-06-30,rut,GPI
2025-06-30,sp600,GPI
2025-09-30,rut,GPI
2025-09-30,sp600,GPI
2025-12-31,rut,GPI
2025-12-31,sp600,GPI
2026-03-31,rut,GPI
2026-03-31,sp600,GPI
2026-06-30,rut,GPI
2026-06-30,sp600,GPI
2026-09-30,rut,GPI
2026-09-30,sp600,GPI
2025-12-31,sp400,BSY
2026-03-31,sp400,BSY
2026-06-30,sp400,BSY
2026-09-30,sp400,BSY
2019-12-31,sp400,SLM
2020-03-31,sp400,SLM
2020-06-30,sp400,SLM
2020-09-30,sp400,SLM
2020-12-31,sp400,SLM
2021-03-31,sp400,SLM
2021-06-30,sp400,SLM
2021-09-30,sp400,SLM
2021-12-31,sp400,SLM
2022-03-31,sp400,SLM
2022-06-30,sp400,SLM
2022-09-30,sp400,SLM
2022-12-31,sp400,SLM
2023-03-31,sp400,SLM
2023-06-30,sp400,SLM
2023-09-30,sp400,SLM
2023-12-31,sp400,SLM
2024-03-31,sp400,SLM
2024-06-30,sp400,SLM
2024-09-30,sp400,SLM
2024-12-31,sp400,SLM
2025-03-31,sp400,SLM
2025-06-30,sp400,SLM
2025-09-30,sp400,SLM
2025-12-31,sp400,SLM
2026-03-31,sp400,SLM
2026-06-30,sp400,SLM
2026-09-30,sp400,SLM
2019-12-31,rut,MMS
2019-12-31,sp400,MMS
2020-03-31,rut,MMS
2020-03-31,sp400,MMS
2020-06-30,rut,MMS
2020-06-30,sp400,MMS
2020-09-30,rut,MMS
2020-09-30,sp400,MMS
2020-12-31,rut,MMS
2020-12-31,sp400,MMS
2021-03-31,rut,MMS
2021-03-31,sp400,MMS
2021-06-30,rut,MMS
2021-06-30,sp400,MMS
2021-09-30,rut,MMS
2021-09-30,sp400,MMS
2021-12-31,rut,MMS
2021-12-31,sp400,MMS
2022-03-31,rut,MMS
2022-03-31,sp400,MMS
2022-06-30,rut,MMS
2022-06-30,sp400,MMS
2022-09-30,rut,MMS
2022-09-30,sp400,MMS
2022-12-31,rut,MMS
2022-12-31,sp400,MMS
2023-03-31,rut,MMS
2023-03-31,sp400,MMS
2023-06-30,rut,MMS
2023-06-30,sp400,MMS
2023-09-30,rut,MMS
2023-09-30,sp400,MMS
2023-12-31,rut,MMS
2023-12-31,sp400,MMS
2024-03-31,rut,MMS
2024-03-31,sp400,MMS
2024-06-30,rut,MMS
2024-06-30,sp400,MMS
2024-09-30,rut,MMS
2024-09-30,sp400,MMS
2024-12-31,rut,MMS
2024-12-31,sp400,MMS
2025-03-31,rut,MMS
2025-03-31,sp400,MMS
2025-06-30,rut,MMS
2025-06-30,sp400,MMS
2025-09-30,rut,MMS
2025-09-30,sp400,MMS
2025-12-31,rut,MMS
2025-12-31,sp400,MMS
2026-03-31,rut,MMS
2026-03-31,sp400,MMS
2026-06-30,rut,MMS
2026-06-30,sp400,MMS
2026-09-30,rut,MMS
2026-09-30,sp400,MMS
2023-03-31,sp400,ALV
2023-06-30,sp400,ALV
2023-09-30,sp400,ALV
2023-12-31,sp400,ALV
2024-03-31,sp400,ALV
2024-06-30,sp400,ALV
2024-09-30,sp400,ALV
2024-12-31,sp400,ALV
2025-03-31,sp400,ALV
2025-06-30,sp400,ALV
2025-09-30,sp400,ALV
2025-12-31,sp400,ALV
2026-03-31,sp400,ALV
2026-06-30,sp400,ALV
2026-09-30,sp400,ALV
2019-12-31,rut,SHBI
2020-03-31,rut,SHBI
2020-06-30,rut,SHBI
2020-09-30,rut,SHBI
2020-12-31,rut,SHBI
2021-03-31,rut,SHBI
2022-06-30,rut,SHBI
2022-09-30,rut,SHBI
2022-12-31,rut,SHBI
2023-03-31,rut,SHBI
2023-06-30,rut,SHBI
2023-09-30,rut,SHBI
2023-12-31,rut,SHBI
2024-03-31,rut,SHBI
2024-06-30,rut,SHBI
2024-09-30,rut,SHBI
2024-12-31,rut,SHBI
2025-03-31,rut,SHBI
2025-06-30,rut,SHBI
2025-09-30,rut,SHBI
2025-12-31,rut,SHBI
2026-03-31,rut,SHBI
2026-06-30,rut,SHBI
2026-09-30,rut,SHBI
2019-12-31,rut,CWT
2019-12-31,sp600,CWT
2020-03-31,rut,CWT
2020-03-31,sp600,CWT
2020-06-30,rut,CWT
2020-06-30,sp600,CWT
2020-09-30,rut,CWT
2020-09-30,sp600,CWT
2020-12-31,rut,CWT
2020-12-31,sp600,CWT
2021-03-31,rut,CWT
2021-03-31,sp600,CWT
2021-06-30,rut,CWT
2021-06-30,sp600,CWT
2021-09-30,rut,CWT
2021-09-30,sp600,CWT
2021-12-31,rut,CWT
2021-12-31,sp600,CWT
2022-03-31,rut,CWT
2022-03-31,sp600,CWT
2022-06-30,rut,CWT
2022-06-30,sp600,CWT
2022-09-30,rut,CWT
2022-09-30,sp600,CWT
2022-12-31,rut,CWT
2022-12-31,sp600,CWT
2023-03-31,rut,CWT
2023-03-31,sp600,CWT
2023-06-30,rut,CWT
2023-06-30,sp600,CWT
2023-09-30,rut,CWT
2023-09-30,sp600,CWT
2023-12-31,rut,CWT
2023-12-31,sp600,CWT
2024-03-31,rut,CWT
2024-03-31,sp600,CWT
2024-06-30,rut,CWT
2024-06-30,sp600,CWT
2024-09-30,rut,CWT
2024-09-30,sp600,CWT
2024-12-31,rut,CWT
2024-12-31,sp600,CWT
2025-03-31,rut,CWT
2025-03-31,sp600,CWT
2025-06-30,rut,CWT
2025-06-30,sp600,CWT
2025-09-30,rut,CWT
2025-09-30,sp600,CWT
2025-12-31,rut,CWT
2025-12-31,sp600,CWT
2026-03-31,rut,CWT
2026-03-31,sp600,CWT
2026-06-30,rut,CWT
2026-06-30,sp600,CWT
2026-09-30,rut,CWT
2026-09-30,sp600,CWT
2019-12-31,rut,FIX
2019-12-31,sp600,FIX
2020-03-31,rut,FIX
2020-03-31,sp600,FIX
2020-06-30,rut,FIX
2020-06-30,sp600,FIX
2020-09-30,rut,FIX
2020-09-30,sp600,FIX
2020-12-31,rut,FIX
2020-12-31,sp600,FIX
2021-03-31,rut,FIX
2021-03-31,sp600,FIX
2021-06-30,rut,FIX
2021-06-30,sp600,FIX
2021-09-30,rut,FIX
2021-09-30,sp600,FIX
2021-12-31,rut,FIX
2021-12-31,sp600,FIX
2022-03-31,rut,FIX
2022-03-31,sp600,FIX
2022-06-30,rut,FIX
2022-06-30,sp600,FIX
2022-09-30,rut,FIX
2022-09-30,sp600,FIX
2022-12-31,rut,FIX
2022-12-31,sp600,FIX
2023-03-31,rut,FIX
2023-03-31,sp600,FIX
2023-06-30,rut,FIX
2023-06-30,sp600,FIX
2023-09-30,rut,FIX
2023-09-30,sp600,FIX
2023-12-31,rut,FIX
2023-12-31,sp400,FIX
2024-03-31,rut,FIX
2024-03-31,sp400,FIX
2024-06-30,rut,FIX
2024-06-30,sp400,FIX
2024-09-30,sp400,FIX
2024-12-31,sp400,FIX
2025-03-31,sp400,FIX
2025-06-30,sp400,FIX
2025-09-30,sp400,FIX
2019-12-31,sp400,JLL
2020-03-31,sp400,JLL
2020-06-30,sp400,JLL
2020-09-30,sp400,JLL
2020-12-31,sp400,JLL
2021-03-31,sp400,JLL
2021-06-30,sp400,JLL
2021-09-30,sp400,JLL
2021-12-31,sp400,JLL
2022-03-31,sp400,JLL
2022-06-30,sp400,JLL
2022-09-30,sp400,JLL
2022-12-31,sp400,JLL
2023-03-31,sp400,JLL
2023-06-30,sp400,JLL
2023-09-30,sp400,JLL
2023-12-31,sp400,JLL
2024-03-31,sp400,JLL
2024-06-30,sp400,JLL
2024-09-30,sp400,JLL
2024-12-31,sp400,JLL
2025-03-31,sp400,JLL
2025-06-30,sp400,JLL
2025-09-30,sp400,JLL
2025-12-31,sp400,JLL
2026-03-31,sp400,JLL
2026-06-30,sp400,JLL
2026-09-30,sp400,JLL
2019-12-31,rut,SLAB
2019-12-31,sp400,SLAB
2020-03-31,rut,SLAB
2020-03-31,sp400,SLAB
2020-06-30,rut,SLAB
2020-06-30,sp400,SLAB
2020-09-30,rut,SLAB
2020-09-30,sp400,SLAB
2020-12-31,rut,SLAB
2020-12-31,sp400,SLAB
2021-03-31,rut,SLAB
2021-03-31,sp400,SLAB
2021-06-30,rut,SLAB
2021-06-30,sp400,SLAB
2021-09-30,rut,SLAB
2021-09-30,sp400,SLAB
2021-12-31,rut,SLAB
2021-12-31,sp400,SLAB
2022-03-31,rut,SLAB
2022-03-31,sp400,SLAB
2022-06-30,rut,SLAB
2022-06-30,sp400,SLAB
2022-09-30,rut,SLAB
2022-09-30,sp400,SLAB
2022-12-31,rut,SLAB
2022-12-31,sp400,SLAB
2023-03-31,rut,SLAB
2023-03-31,sp400,SLAB
2023-06-30,rut,SLAB
2023-06-30,sp400,SLAB
2023-09-30,rut,SLAB
2023-09-30,sp400,SLAB
2023-12-31,rut,SLAB
2023-12-31,sp400,SLAB
2024-03-31,rut,SLAB
2024-03-31,sp400,SLAB
2024-06-30,rut,SLAB
2024-06-30,sp400,SLAB
2024-09-30,rut,SLAB
2024-09-30,sp400,SLAB
2024-12-31,rut,SLAB
2024-12-31,sp400,SLAB
2025-03-31,rut,SLAB
2025-03-31,sp400,SLAB
2025-06-30,rut,SLAB
2025-06-30,sp400,SLAB
2025-09-30,rut,SLAB
2025-09-30,sp400,SLAB
2025-12-31,rut,SLAB
2025-12-31,sp400,SLAB
2026-03-31,rut,SLAB
2026-03-31,sp400,SLAB
2026-06-30,rut,SLAB
2026-06-30,sp400,SLAB
2026-09-30,rut,SLAB
2026-09-30,sp400,SLAB
2019-12-31,rut,SMBK
2020-03-31,rut,SMBK
2020-06-30,rut,SMBK
2020-09-30,rut,SMBK
2020-12-31,rut,SMBK
2021-03-31,rut,SMBK
2021-06-30,rut,SMBK
2021-09-30,rut,SMBK
2021-12-31,rut,SMBK
2022-03-31,rut,SMBK
2022-06-30,rut,SMBK
2022-09-30,rut,SMBK
2022-12-31,rut,SMBK
2023-03-31,rut,SMBK
2023-06-30,rut,SMBK
2023-09-30,rut,SMBK
2023-12-31,rut,SMBK
2024-03-31,rut,SMBK
2024-06-30,rut,SMBK
2024-09-30,rut,SMBK
2024-12-31,rut,SMBK
2025-03-31,rut,SMBK
2025-06-30,rut,SMBK
2025-09-30,rut,SMBK
2025-12-31,rut,SMBK
2026-03-31,rut,SMBK
2026-06-30,rut,SMBK
2026-09-30,rut,SMBK
2019-12-31,rut,OSIS
2019-12-31,sp600,OSIS
2020-03-31,rut,OSIS
2020-03-31,sp600,OSIS
2020-06-30,rut,OSIS
2020-06-30,sp600,OSIS
2020-09-30,rut,OSIS
2020-09-30,sp600,OSIS
2020-12-31,rut,OSIS
2020-12-31,sp600,OSIS
2021-03-31,rut,OSIS
2021-03-31,sp600,OSIS
2021-06-30,rut,OSIS
2021-06-30,sp600,OSIS
2021-09-30,rut,OSIS
2021-09-30,sp600,OSIS
2021-12-31,rut,OSIS
2021-12-31,sp600,OSIS
2022-03-31,rut,OSIS
2022-03-31,sp600,OSIS
2022-06-30,rut,OSIS
2022-06-30,sp600,OSIS
2022-09-30,rut,OSIS
2022-09-30,sp600,OSIS
2022-12-31,rut,OSIS
2022-12-31,sp600,OSIS
2023-03-31,rut,OSIS
2023-03-31,sp600,OSIS
2023-06-30,rut,OSIS
2023-06-30,sp600,OSIS
2023-09-30,rut,OSIS
2023-09-30,sp600,OSIS
2023-12-31,rut,OSIS
2023-12-31,sp600,OSIS
2024-03-31,rut,OSIS
2024-03-31,sp600,OSIS
2024-06-30,rut,OSIS
2024-06-30,sp600,OSIS
2024-09-30,rut,OSIS
2024-09-30,sp600,OSIS
2024-12-31,rut,OSIS
2024-12-31,sp600,OSIS
2025-03-31,rut,OSIS
2025-03-31,sp600,OSIS
2025-06-30,rut,OSIS
2025-06-30,sp600,OSIS
2025-09-30,rut,OSIS
2025-09-30,sp600,OSIS
2025-12-31,rut,OSIS
2025-12-31,sp600,OSIS
2026-03-31,rut,OSIS
2026-03-31,sp600,OSIS
2026-06-30,rut,OSIS
2026-06-30,sp600,OSIS
2026-09-30,rut,OSIS
2026-09-30,sp600,OSIS
2019-12-31,rut,FORM
2019-12-31,sp600,FORM
2020-03-31,rut,FORM
2020-03-31,sp600,FORM
2020-06-30,rut,FORM
2020-06-30,sp600,FORM
2020-09-30,rut,FORM
2020-09-30,sp600,FORM
2020-12-31,rut,FORM
2020-12-31,sp600,FORM
2021-03-31,rut,FORM
2021-03-31,sp600,FORM
2021-06-30,rut,FORM
2021-06-30,sp600,FORM
2021-09-30,rut,FORM
2021-09-30,sp600,FORM
2021-12-31,rut,FORM
2021-12-31,sp600,FORM
2022-03-31,rut,FORM
2022-03-31,sp600,FORM
2022-06-30,rut,FORM
2022-06-30,sp600,FORM
2022-09-30,rut,FORM
2022-09-30,sp600,FORM
2022-12-31,rut,FORM
2022-12-31,sp600,FORM
2023-03-31,rut,FORM
2023-03-31,sp600,FORM
2023-06-30,rut,FORM
2023-06-30,sp600,FORM
2023-09-30,rut,FORM
2023-09-30,sp600,FORM
2023-12-31,rut,FORM
2023-12-31,sp600,FORM
2024-03-31,rut,FORM
2024-03-31,sp600,FORM
2024-06-30,rut,FORM
2024-06-30,sp600,FORM
2024-09-30,rut,FORM
2024-09-30,sp600,FORM
2024-12-31,rut,FORM
2024-12-31,sp600,FORM
2025-03-31,rut,FORM
2025-03-31,sp600,FORM
2025-06-30,rut,FORM
2025-06-30,sp600,FORM
2025-09-30,rut,FORM
2025-09-30,sp600,FORM
2025-12-31,rut,FORM
2025-12-31,sp600,FORM
2026-03-31,rut,FORM
2026-03-31,sp600,FORM
2026-06-30,sp600,FORM
2026-09-30,sp600,FORM
2019-12-31,rut,RHP
2020-03-31,rut,RHP
2020-06-30,rut,RHP
2020-09-30,rut,RHP
2020-12-31,rut,RHP
2021-03-31,rut,RHP
2021-06-30,rut,RHP
2021-09-30,rut,RHP
2021-12-31,rut,RHP
2022-03-31,rut,RHP
2022-06-30,rut,RHP
2022-09-30,rut,RHP
2022-12-31,rut,RHP
2023-03-31,rut,RHP
2023-06-30,rut,RHP
2023-09-30,rut,RHP
2023-12-31,rut,RHP
2024-03-31,rut,RHP
2024-06-30,rut,RHP
2024-09-30,rut,RHP
2024-12-31,rut,RHP
2025-03-31,rut,RHP
2025-03-31,sp600,RHP
2025-06-30,rut,RHP
2025-06-30,sp600,RHP
2025-09-30,rut,RHP
2025-09-30,sp600,RHP
2025-12-31,rut,RHP
2025-12-31,sp600,RHP
2026-03-31,rut,RHP
2026-03-31,sp600,RHP
2026-06-30,rut,RHP
2026-06-30,sp600,RHP
2026-09-30,rut,RHP
2026-09-30,sp600,RHP
2021-03-31,sp400,SLG
2021-06-30,sp400,SLG
2021-09-30,sp400,SLG
2021-12-31,sp400,SLG
2022-03-31,sp400,SLG
2022-06-30,sp400,SLG
2022-09-30,sp400,SLG
2022-12-31,sp400,SLG
2023-03-31,sp600,SLG
2023-06-30,rut,SLG
2023-06-30,sp600,SLG
2023-09-30,rut,SLG
2023-09-30,sp600,SLG
2023-12-31,rut,SLG
2023-12-31,sp600,SLG
2024-03-31,rut,SLG
2024-03-31,sp600,SLG
2024-06-30,rut,SLG
2024-06-30,sp600,SLG
2024-09-30,rut,SLG
2024-09-30,sp600,SLG
2024-12-31,rut,SLG
2024-12-31,sp600,SLG
2025-03-31,rut,SLG
2025-03-31,sp600,SLG
2025-06-30,rut,SLG
2025-06-30,sp600,SLG
2025-09-30,rut,SLG
2025-09-30,sp600,SLG
2025-12-31,rut,SLG
2025-12-31,sp600,SLG
2026-03-31,rut,SLG
2026-03-31,sp600,SLG
2026-06-30,rut,SLG
2026-06-30,sp600,SLG
2026-09-30,rut,SLG
2026-09-30,sp600,SLG
2019-12-31,rut,PSMT
2019-12-31,sp600,PSMT
2020-03-31,rut,PSMT
2020-03-31,sp600,PSMT
2020-06-30,rut,PSMT
2020-06-30,sp600,PSMT
2020-09-30,rut,PSMT
2020-09-30,sp600,PSMT
2020-12-31,rut,PSMT
2020-12-31,sp600,PSMT
2021-03-31,rut,PSMT
2021-03-31,sp600,PSMT
2021-06-30,rut,PSMT
2021-06-30,sp600,PSMT
2021-09-30,rut,PSMT
2021-09-30,sp600,PSMT
2021-12-31,rut,PSMT
2021-12-31,sp600,PSMT
2022-03-31,rut,PSMT
2022-03-31,sp600,PSMT
2022-06-30,rut,PSMT
2022-06-30,sp600,PSMT
2022-09-30,rut,PSMT
2022-09-30,sp600,PSMT
2022-12-31,rut,PSMT
2022-12-31,sp600,PSMT
2023-03-31,rut,PSMT
2023-03-31,sp600,PSMT
2023-06-30,rut,PSMT
2023-06-30,sp600,PSMT
2023-09-30,rut,PSMT
2023-09-30,sp600,PSMT
2023-12-31,rut,PSMT
2023-12-31,sp600,PSMT
2024-03-31,rut,PSMT
2024-03-31,sp600,PSMT
2024-06-30,rut,PSMT
2024-06-30,sp600,PSMT
2024-09-30,rut,PSMT
2024-09-30,sp600,PSMT
2024-12-31,rut,PSMT
2024-12-31,sp600,PSMT
2025-03-31,rut,PSMT
2025-03-31,sp600,PSMT
2025-06-30,rut,PSMT
2025-06-30,sp600,PSMT
2025-09-30,rut,PSMT
2025-09-30,sp600,PSMT
2025-12-31,rut,PSMT
2025-12-31,sp600,PSMT
2026-03-31,rut,PSMT
2026-03-31,sp600,PSMT
2026-06-30,rut,PSMT
2026-06-30,sp600,PSMT
2026-09-30,rut,PSMT
2026-09-30,sp600,PSMT
2019-12-31,rut,PLCE
2019-12-31,sp600,PLCE
2020-03-31,rut,PLCE
2020-03-31,sp600,PLCE
2020-06-30,rut,PLCE
2020-06-30,sp600,PLCE
2020-09-30,rut,PLCE
2020-09-30,sp600,PLCE
2020-12-31,rut,PLCE
2020-12-31,sp600,PLCE
2021-03-31,rut,PLCE
2021-03-31,sp600,PLCE
2021-06-30,rut,PLCE
2021-06-30,sp600,PLCE
2021-09-30,rut,PLCE
2021-09-30,sp600,PLCE
2021-12-31,rut,PLCE
2021-12-31,sp600,PLCE
2022-03-31,rut,PLCE
2022-03-31,sp600,PLCE
2022-06-30,rut,PLCE
2022-06-30,sp600,PLCE
2022-09-30,rut,PLCE
2022-09-30,sp600,PLCE
2022-12-31,rut,PLCE
2022-12-31,sp600,PLCE
2023-03-31,rut,PLCE
2023-03-31,sp600,PLCE
2023-06-30,rut,PLCE
2023-09-30,rut,PLCE
2023-12-31,rut,PLCE
2024-03-31,rut,PLCE
2024-06-30,rut,PLCE
2019-12-31,sp400,AFG
2020-03-31,sp400,AFG
2020-06-30,sp400,AFG
2020-09-30,sp400,AFG
2020-12-31,sp400,AFG
2021-03-31,sp400,AFG
2021-06-30,sp400,AFG
2021-09-30,sp400,AFG
2021-12-31,sp400,AFG
2022-03-31,sp400,AFG
2022-06-30,sp400,AFG
2022-09-30,sp400,AFG
2022-12-31,sp400,AFG
2023-03-31,sp400,AFG
2023-06-30,sp400,AFG
2023-09-30,sp400,AFG
2023-12-31,sp400,AFG
2024-03-31,sp400,AFG
2024-06-30,sp400,AFG
2024-09-30,sp400,AFG
2024-12-31,sp400,AFG
2025-03-31,sp400,AFG
2025-06-30,sp400,AFG
2025-09-30,sp400,AFG
2025-12-31,sp400,AFG
2026-03-31,sp400,AFG
2026-06-30,sp400,AFG
2026-09-30,sp400,AFG
2019-12-31,rut,MBWM
2020-03-31,rut,MBWM
2020-06-30,rut,MBWM
2020-09-30,rut,MBWM
2020-12-31,rut,MBWM
2021-03-31,rut,MBWM
2021-06-30,rut,MBWM
2021-09-30,rut,MBWM
2021-12-31,rut,MBWM
2022-03-31,rut,MBWM
2022-06-30,rut,MBWM
2022-09-30,rut,MBWM
2022-12-31,rut,MBWM
2023-03-31,rut,MBWM
2023-06-30,rut,MBWM
2023-09-30,rut,MBWM
2023-12-31,rut,MBWM
2024-03-31,rut,MBWM
2024-06-30,rut,MBWM
2024-09-30,rut,MBWM
2024-12-31,rut,MBWM
2025-03-31,rut,MBWM
2025-06-30,rut,MBWM
2025-09-30,rut,MBWM
2025-12-31,rut,MBWM
2026-03-31,rut,MBWM
2026-06-30,rut,MBWM
2026-09-30,rut,MBWM
2019-12-31,rut,PDM
2020-03-31,rut,PDM
2020-06-30,rut,PDM
2020-09-30,rut,PDM
2020-12-31,rut,PDM
2021-03-31,rut,PDM
2021-06-30,rut,PDM
2021-09-30,rut,PDM
2021-12-31,rut,PDM
2022-03-31,rut,PDM
2022-06-30,rut,PDM
2022-09-30,rut,PDM
2022-12-31,rut,PDM
2023-03-31,rut,PDM
2023-06-30,rut,PDM
2023-09-30,rut,PDM
2023-12-31,rut,PDM
2024-03-31,rut,PDM
2024-06-30,rut,PDM
2024-09-30,rut,PDM
2024-12-31,rut,PDM
2025-03-31,rut,PDM
2025-06-30,rut,PDM
2025-09-30,rut,PDM
2025-12-31,rut,PDM
2026-03-31,rut,PDM
2026-06-30,rut,PDM
2026-09-30,rut,PDM
2019-12-31,rut,SAH
2019-12-31,sp600,SAH
2020-03-31,rut,SAH
2020-03-31,sp600,SAH
2020-06-30,rut,SAH
2020-06-30,sp600,SAH
2020-09-30,rut,SAH
2020-09-30,sp600,SAH
2020-12-31,rut,SAH
2020-12-31,sp600,SAH
2021-03-31,rut,SAH
2021-03-31,sp600,SAH
2021-06-30,rut,SAH
2021-06-30,sp600,SAH
2021-09-30,rut,SAH
2021-09-30,sp600,SAH
2021-12-31,rut,SAH
2021-12-31,sp600,SAH
2022-03-31,rut,SAH
2022-03-31,sp600,SAH
2022-06-30,rut,SAH
2022-06-30,sp600,SAH
2022-09-30,rut,SAH
2022-09-30,sp600,SAH
2022-12-31,rut,SAH
2022-12-31,sp600,SAH
2023-03-31,rut,SAH
2023-03-31,sp600,SAH
2023-06-30,rut,SAH
2023-06-30,sp600,SAH
2023-09-30,rut,SAH
2023-09-30,sp600,SAH
2023-12-31,rut,SAH
2023-12-31,sp600,SAH
2024-03-31,rut,SAH
2024-03-31,sp600,SAH
2024-06-30,rut,SAH
2024-06-30,sp600,SAH
2024-09-30,rut,SAH
2024-09-30,sp600,SAH
2024-12-31,rut,SAH
2024-12-31,sp600,SAH
2025-03-31,rut,SAH
2025-03-31,sp600,SAH
2025-06-30,rut,SAH
2025-06-30,sp600,SAH
2025-09-30,rut,SAH
2025-09-30,sp600,SAH
2025-12-31,rut,SAH
2025-12-31,sp600,SAH
2026-03-31,rut,SAH
2026-03-31,sp600,SAH
2026-06-30,rut,SAH
2026-06-30,sp600,SAH
2026-09-30,rut,SAH
2026-09-30,sp600,SAH
2019-12-31,sp400,EPR
2020-03-31,sp400,EPR
2020-06-30,sp400,EPR
2020-09-30,sp400,EPR
2020-12-31,sp400,EPR
2021-03-31,sp400,EPR
2021-06-30,sp400,EPR
2021-09-30,sp400,EPR
2021-12-31,sp400,EPR
2022-03-31,sp400,EPR
2022-06-30,sp400,EPR
2022-09-30,sp400,EPR
2022-12-31,sp400,EPR
2023-03-31,sp400,EPR
2023-06-30,sp400,EPR
2023-09-30,sp400,EPR
2023-12-31,sp400,EPR
2024-03-31,sp400,EPR
2024-06-30,sp400,EPR
2024-09-30,sp400,EPR
2024-12-31,sp400,EPR
2025-03-31,sp400,EPR
2025-06-30,sp400,EPR
2025-09-30,sp400,EPR
2025-12-31,sp400,EPR
2026-03-31,sp400,EPR
2026-06-30,sp400,EPR
2026-09-30,sp400,EPR
2019-12-31,rut,HFWA
2019-12-31,sp600,HFWA
2020-03-31,rut,HFWA
2020-03-31,sp600,HFWA
2020-06-30,rut,HFWA
2020-06-30,sp600,HFWA
2020-09-30,rut,HFWA
2020-09-30,sp600,HFWA
2020-12-31,rut,HFWA
2020-12-31,sp600,HFWA
2021-03-31,rut,HFWA
2021-03-31,sp600,HFWA
2021-06-30,rut,HFWA
2021-06-30,sp600,HFWA
2021-09-30,rut,HFWA
2021-09-30,sp600,HFWA
2021-12-31,rut,HFWA
2021-12-31,sp600,HFWA
2022-03-31,rut,HFWA
2022-03-31,sp600,HFWA
2022-06-30,rut,HFWA
2022-06-30,sp600,HFWA
2022-09-30,rut,HFWA
2022-09-30,sp600,HFWA
2022-12-31,rut,HFWA
2022-12-31,sp600,HFWA
2023-03-31,rut,HFWA
2023-03-31,sp600,HFWA
2023-06-30,rut,HFWA
2023-06-30,sp600,HFWA
2023-09-30,rut,HFWA
2023-09-30,sp600,HFWA
2023-12-31,rut,HFWA
2023-12-31,sp600,HFWA
2024-03-31,rut,HFWA
2024-03-31,sp600,HFWA
2024-06-30,rut,HFWA
2024-06-30,sp600,HFWA
2024-09-30,rut,HFWA
2024-09-30,sp600,HFWA
2024-12-31,rut,HFWA
2024-12-31,sp600,HFWA
2025-03-31,rut,HFWA
2025-03-31,sp600,HFWA
2025-06-30,rut,HFWA
2025-06-30,sp600,HFWA
2025-09-30,rut,HFWA
2025-09-30,sp600,HFWA
2025-12-31,rut,HFWA
2025-12-31,sp600,HFWA
2026-03-31,rut,HFWA
2026-03-31,sp600,HFWA
2026-06-30,rut,HFWA
2026-06-30,sp600,HFWA
2026-09-30,rut,HFWA
2026-09-30,sp600,HFWA
2024-06-30,sp400,RBA
2024-09-30,sp400,RBA
2024-12-31,sp400,RBA
2025-03-31,sp400,RBA
2025-06-30,sp400,RBA
2025-09-30,sp400,RBA
2025-12-31,sp400,RBA
2026-03-31,sp400,RBA
2026-06-30,sp400,RBA
2026-09-30,sp400,RBA
2019-12-31,sp400,INGR
2020-03-31,sp400,INGR
2020-06-30,sp400,INGR
2020-09-30,sp400,INGR
2020-12-31,sp400,INGR
2021-03-31,sp400,INGR
2021-06-30,sp400,INGR
2021-09-30,sp400,INGR
2021-12-31,sp400,INGR
2022-03-31,sp400,INGR
2022-06-30,sp400,INGR
2022-09-30,sp400,INGR
2022-12-31,sp400,INGR
2023-03-31,sp400,INGR
2023-06-30,sp400,INGR
2023-09-30,sp400,INGR
2023-12-31,sp400,INGR
2024-03-31,sp400,INGR
2024-06-30,sp400,INGR
2024-09-30,sp400,INGR
2024-12-31,sp400,INGR
2025-03-31,sp400,INGR
2025-06-30,sp400,INGR
2025-09-30,sp400,INGR
2025-12-31,sp400,INGR
2026-03-31,sp400,INGR
2026-06-30,sp400,INGR
2026-09-30,sp400,INGR
2019-12-31,sp400,CHH
2020-03-31,sp400,CHH
2020-06-30,sp400,CHH
2020-09-30,sp400,CHH
2020-12-31,sp400,CHH
2021-03-31,sp400,CHH
2021-06-30,sp400,CHH
2021-09-30,sp400,CHH
2021-12-31,sp400,CHH
2022-03-31,sp400,CHH
2022-06-30,sp400,CHH
2022-09-30,sp400,CHH
2022-12-31,sp400,CHH
2023-03-31,sp400,CHH
2023-06-30,sp400,CHH
2023-09-30,sp400,CHH
2023-12-31,sp400,CHH
2024-03-31,sp400,CHH
2024-06-30,sp400,CHH
2024-09-30,sp400,CHH
2024-12-31,sp400,CHH
2025-03-31,sp400,CHH
2025-06-30,sp400,CHH
2025-09-30,sp400,CHH
2025-12-31,sp400,CHH
2026-03-31,sp400,CHH
2026-06-30,sp400,CHH
2026-09-30,sp400,CHH
2020-03-31,rut,PRDO
2020-03-31,sp600,PRDO
2020-06-30,rut,PRDO
2020-06-30,sp600,PRDO
2020-09-30,rut,PRDO
2020-09-30,sp600,PRDO
2020-12-31,rut,PRDO
2020-12-31,sp600,PRDO
2021-03-31,rut,PRDO
2021-03-31,sp600,PRDO
2021-06-30,rut,PRDO
2021-06-30,sp600,PRDO
2021-09-30,rut,PRDO
2021-09-30,sp600,PRDO
2021-12-31,rut,PRDO
2021-12-31,sp600,PRDO
2022-03-31,rut,PRDO
2022-03-31,sp600,PRDO
2022-06-30,rut,PRDO
2022-06-30,sp600,PRDO
2022-09-30,rut,PRDO
2022-09-30,sp600,PRDO
2022-12-31,rut,PRDO
2022-12-31,sp600,PRDO
2023-03-31,rut,PRDO
2023-03-31,sp600,PRDO
2023-06-30,rut,PRDO
2023-06-30,sp600,PRDO
2023-09-30,rut,PRDO
2023-09-30,sp600,PRDO
2023-12-31,rut,PRDO
2023-12-31,sp600,PRDO
2024-03-31,rut,PRDO
2024-03-31,sp600,PRDO
2024-06-30,rut,PRDO
2024-06-30,sp600,PRDO
2024-09-30,rut,PRDO
2024-09-30,sp600,PRDO
2024-12-31,rut,PRDO
2024-12-31,sp600,PRDO
2025-03-31,rut,PRDO
2025-03-31,sp600,PRDO
2025-06-30,rut,PRDO
2025-06-30,sp600,PRDO
2025-09-30,rut,PRDO
2025-09-30,sp600,PRDO
2025-12-31,rut,PRDO
2025-12-31,sp600,PRDO
2026-03-31,rut,PRDO
2026-03-31,sp600,PRDO
2026-06-30,rut,PRDO
2026-06-30,sp600,PRDO
2026-09-30,rut,PRDO
2026-09-30,sp600,PRDO
2019-12-31,rut,AMKR
2020-03-31,rut,AMKR
2020-06-30,rut,AMKR
2020-09-30,rut,AMKR
2020-12-31,rut,AMKR
2021-03-31,rut,AMKR
2021-03-31,sp400,AMKR
2021-06-30,rut,AMKR
2021-06-30,sp400,AMKR
2021-09-30,rut,AMKR
2021-09-30,sp400,AMKR
2021-12-31,rut,AMKR
2021-12-31,sp400,AMKR
2022-03-31,rut,AMKR
2022-03-31,sp400,AMKR
2022-06-30,rut,AMKR
2022-06-30,sp400,AMKR
2022-09-30,rut,AMKR
2022-09-30,sp400,AMKR
2022-12-31,rut,AMKR
2022-12-31,sp400,AMKR
2023-03-31,rut,AMKR
2023-03-31,sp400,AMKR
2023-06-30,rut,AMKR
2023-06-30,sp400,AMKR
2023-09-30,rut,AMKR
2023-09-30,sp400,AMKR
2023-12-31,rut,AMKR
2023-12-31,sp400,AMKR
2024-03-31,rut,AMKR
2024-03-31,sp400,AMKR
2024-06-30,rut,AMKR
2024-06-30,sp400,AMKR
2024-09-30,sp400,AMKR
2024-12-31,sp400,AMKR
2025-03-31,sp400,AMKR
2025-06-30,sp400,AMKR
2025-09-30,sp400,AMKR
2025-12-31,sp400,AMKR
2026-03-31,sp400,AMKR
2026-06-30,sp400,AMKR
2026-09-30,sp400,AMKR
2019-12-31,rut,NHC
2020-03-31,rut,NHC
2020-06-30,rut,NHC
2020-09-30,rut,NHC
2020-12-31,rut,NHC
2021-03-31,rut,NHC
2021-06-30,rut,NHC
2021-09-30,rut,NHC
2021-12-31,rut,NHC
2022-03-31,rut,NHC
2022-06-30,rut,NHC
2022-09-30,rut,NHC
2022-12-31,rut,NHC
2023-03-31,rut,NHC
2023-06-30,rut,NHC
2023-09-30,rut,NHC
2023-12-31,rut,NHC
2023-12-31,sp600,NHC
2024-03-31,rut,NHC
2024-03-31,sp600,NHC
2024-06-30,rut,NHC
2024-06-30,sp600,NHC
2024-09-30,rut,NHC
2024-09-30,sp600,NHC
2024-12-31,rut,NHC
2024-12-31,sp600,NHC
2025-03-31,rut,NHC
2025-03-31,sp600,NHC
2025-06-30,rut,NHC
2025-06-30,sp600,NHC
2025-09-30,rut,NHC
2025-09-30,sp600,NHC
2025-12-31,rut,NHC
2025-12-31,sp600,NHC
2026-03-31,rut,NHC
2026-03-31,sp600,NHC
2026-06-30,rut,NHC
2026-06-30,sp600,NHC
2026-09-30,rut,NHC
2026-09-30,sp600,NHC
2026-09-30,rut,DMC
2026-09-30,sp600,DMC
2019-12-31,rut,IESC
2020-03-31,rut,IESC
2020-06-30,rut,IESC
2020-09-30,rut,IESC
2020-12-31,rut,IESC
2021-03-31,rut,IESC
2021-06-30,rut,IESC
2021-09-30,rut,IESC
2021-12-31,rut,IESC
2022-03-31,rut,IESC
2022-06-30,rut,IESC
2022-09-30,rut,IESC
2022-12-31,rut,IESC
2023-03-31,rut,IESC
2023-06-30,rut,IESC
2023-09-30,rut,IESC
2023-12-31,rut,IESC
2024-03-31,rut,IESC
2024-06-30,rut,IESC
2024-09-30,rut,IESC
2024-12-31,rut,IESC
2025-03-31,rut,IESC
2025-06-30,rut,IESC
2025-09-30,rut,IESC
2025-12-31,rut,IESC
2026-03-31,rut,IESC
2026-09-30,sp400,IESC
2024-06-30,sp400,BMRN
2024-09-30,sp400,BMRN
2024-12-31,sp400,BMRN
2025-03-31,sp400,BMRN
2025-06-30,sp400,BMRN
2025-09-30,sp400,BMRN
2025-12-31,sp400,BMRN
2026-03-31,sp400,BMRN
2026-06-30,sp400,BMRN
2026-09-30,sp400,BMRN
2019-12-31,sp400,MKSI
2020-03-31,sp400,MKSI
2020-06-30,sp400,MKSI
2020-09-30,sp400,MKSI
2020-12-31,sp400,MKSI
2021-03-31,sp400,MKSI
2021-06-30,sp400,MKSI
2021-09-30,sp400,MKSI
2021-12-31,sp400,MKSI
2022-03-31,sp400,MKSI
2022-06-30,sp400,MKSI
2022-09-30,sp400,MKSI
2022-12-31,sp400,MKSI
2023-03-31,sp400,MKSI
2023-06-30,sp400,MKSI
2023-09-30,sp400,MKSI
2023-12-31,sp400,MKSI
2024-03-31,sp400,MKSI
2024-06-30,sp400,MKSI
2024-09-30,sp400,MKSI
2024-12-31,sp400,MKSI
2025-03-31,sp400,MKSI
2025-06-30,sp400,MKSI
2025-09-30,sp400,MKSI
2025-12-31,sp400,MKSI
2026-03-31,sp400,MKSI
2026-06-30,sp400,MKSI
2026-09-30,sp400,MKSI
2019-12-31,rut,MRCY
2019-12-31,sp400,MRCY
2020-03-31,rut,MRCY
2020-03-31,sp400,MRCY
2020-06-30,sp400,MRCY
2020-09-30,sp400,MRCY
2020-12-31,sp400,MRCY
2021-03-31,sp400,MRCY
2021-06-30,sp400,MRCY
2021-09-30,sp400,MRCY
2021-12-31,sp400,MRCY
2022-03-31,sp400,MRCY
2022-06-30,sp400,MRCY
2022-09-30,sp400,MRCY
2022-12-31,sp400,MRCY
2023-03-31,sp400,MRCY
2023-06-30,sp400,MRCY
2023-09-30,sp600,MRCY
2023-12-31,sp600,MRCY
2024-03-31,sp600,MRCY
2024-06-30,sp600,MRCY
2024-09-30,rut,MRCY
2024-09-30,sp600,MRCY
2024-12-31,rut,MRCY
2024-12-31,sp600,MRCY
2025-03-31,rut,MRCY
2025-03-31,sp600,MRCY
2025-06-30,rut,MRCY
2025-06-30,sp600,MRCY
2025-09-30,rut,MRCY
2025-09-30,sp600,MRCY
2025-12-31,rut,MRCY
2025-12-31,sp600,MRCY
2026-03-31,rut,MRCY
2026-03-31,sp600,MRCY
2026-06-30,rut,MRCY
2026-06-30,sp600,MRCY
2026-09-30,rut,MRCY
2026-09-30,sp600,MRCY
2019-12-31,rut,CNXN
2020-03-31,rut,CNXN
2020-03-31,sp600,CNXN
2020-06-30,rut,CNXN
2020-06-30,sp600,CNXN
2020-09-30,rut,CNXN
2020-09-30,sp600,CNXN
2020-12-31,rut,CNXN
2020-12-31,sp600,CNXN
2021-03-31,rut,CNXN
2021-03-31,sp600,CNXN
2021-06-30,rut,CNXN
2021-06-30,sp600,CNXN
2021-09-30,rut,CNXN
2021-09-30,sp600,CNXN
2021-12-31,rut,CNXN
2021-12-31,sp600,CNXN
2022-03-31,rut,CNXN
2022-03-31,sp600,CNXN
2022-06-30,rut,CNXN
2022-06-30,sp600,CNXN
2022-09-30,rut,CNXN
2022-09-30,sp600,CNXN
2022-12-31,rut,CNXN
2022-12-31,sp600,CNXN
2023-03-31,rut,CNXN
2023-03-31,sp600,CNXN
2023-06-30,rut,CNXN
2023-06-30,sp600,CNXN
2023-09-30,rut,CNXN
2023-09-30,sp600,CNXN
2023-12-31,rut,CNXN
2023-12-31,sp600,CNXN
2024-03-31,rut,CNXN
2024-03-31,sp600,CNXN
2024-06-30,rut,CNXN
2024-06-30,sp600,CNXN
2024-09-30,rut,CNXN
2024-09-30,sp600,CNXN
2024-12-31,rut,CNXN
2024-12-31,sp600,CNXN
2025-03-31,rut,CNXN
2025-03-31,sp600,CNXN
2025-06-30,rut,CNXN
2025-06-30,sp600,CNXN
2025-09-30,rut,CNXN
2025-09-30,sp600,CNXN
2025-12-31,rut,CNXN
2025-12-31,sp600,CNXN
2026-03-31,rut,CNXN
2026-03-31,sp600,CNXN
2026-06-30,rut,CNXN
2026-06-30,sp600,CNXN
2026-09-30,rut,CNXN
2026-09-30,sp600,CNXN
2019-12-31,rut,EGBN
2019-12-31,sp600,EGBN
2020-03-31,rut,EGBN
2020-03-31,sp600,EGBN
2020-06-30,rut,EGBN
2020-06-30,sp600,EGBN
2020-09-30,rut,EGBN
2020-09-30,sp600,EGBN
2020-12-31,rut,EGBN
2020-12-31,sp600,EGBN
2021-03-31,rut,EGBN
2021-03-31,sp600,EGBN
2021-06-30,rut,EGBN
2021-06-30,sp600,EGBN
2021-09-30,rut,EGBN
2021-09-30,sp600,EGBN
2021-12-31,rut,EGBN
2021-12-31,sp600,EGBN
2022-03-31,rut,EGBN
2022-03-31,sp600,EGBN
2022-06-30,rut,EGBN
2022-06-30,sp600,EGBN
2022-09-30,rut,EGBN
2022-09-30,sp600,EGBN
2022-12-31,rut,EGBN
2022-12-31,sp600,EGBN
2023-03-31,rut,EGBN
2023-03-31,sp600,EGBN
2023-06-30,rut,EGBN
2023-06-30,sp600,EGBN
2023-09-30,rut,EGBN
2023-09-30,sp600,EGBN
2023-12-31,rut,EGBN
2023-12-31,sp600,EGBN
2024-03-31,rut,EGBN
2024-03-31,sp600,EGBN
2024-06-30,rut,EGBN
2024-06-30,sp600,EGBN
2024-09-30,rut,EGBN
2024-09-30,sp600,EGBN
2024-12-31,rut,EGBN
2024-12-31,sp600,EGBN
2025-03-31,rut,EGBN
2025-03-31,sp600,EGBN
2025-06-30,rut,EGBN
2025-06-30,sp600,EGBN
2025-09-30,rut,EGBN
2025-09-30,sp600,EGBN
2025-12-31,rut,EGBN
2025-12-31,sp600,EGBN
2026-03-31,rut,EGBN
2026-03-31,sp600,EGBN
2026-06-30,rut,EGBN
2026-06-30,sp600,EGBN
2026-09-30,rut,EGBN
2026-09-30,sp600,EGBN
2019-12-31,rut,PGC
2020-03-31,rut,PGC
2020-06-30,rut,PGC
2020-09-30,rut,PGC
2020-12-31,rut,PGC
2021-03-31,rut,PGC
2021-06-30,rut,PGC
2021-09-30,rut,PGC
2021-12-31,rut,PGC
2022-03-31,rut,PGC
2022-06-30,rut,PGC
2022-09-30,rut,PGC
2022-12-31,rut,PGC
2023-03-31,rut,PGC
2023-06-30,rut,PGC
2023-09-30,rut,PGC
2023-12-31,rut,PGC
2024-03-31,rut,PGC
2024-06-30,rut,PGC
2024-09-30,rut,PGC
2024-12-31,rut,PGC
2025-03-31,rut,PGC
2025-06-30,rut,PGC
2025-09-30,rut,PGC
2025-12-31,rut,PGC
2026-03-31,rut,PGC
2026-06-30,rut,PGC
2026-09-30,rut,PGC
2019-12-31,sp400,COLM
2020-03-31,sp400,COLM
2020-06-30,sp400,COLM
2020-09-30,sp400,COLM
2020-12-31,sp400,COLM
2021-03-31,sp400,COLM
2021-06-30,sp400,COLM
2021-09-30,sp400,COLM
2021-12-31,sp400,COLM
2022-03-31,sp400,COLM
2022-06-30,sp400,COLM
2022-09-30,sp400,COLM
2022-12-31,sp400,COLM
2023-03-31,sp400,COLM
2023-06-30,sp400,COLM
2023-09-30,sp400,COLM
2023-12-31,sp400,COLM
2024-03-31,sp400,COLM
2024-06-30,sp400,COLM
2024-09-30,sp400,COLM
2024-12-31,sp400,COLM
2025-03-31,sp400,COLM
2025-06-30,sp400,COLM
2025-09-30,sp400,COLM
2025-12-31,sp400,COLM
2026-03-31,sp400,COLM
2026-06-30,sp400,COLM
2026-09-30,sp400,COLM
2019-12-31,sp400,TDS
2020-03-31,sp400,TDS
2020-06-30,sp400,TDS
2020-09-30,sp400,TDS
2020-12-31,sp400,TDS
2021-03-31,sp400,TDS
2021-06-30,rut,TDS
2021-06-30,sp400,TDS
2021-09-30,rut,TDS
2021-09-30,sp400,TDS
2021-12-31,rut,TDS
2021-12-31,sp600,TDS
2022-03-31,rut,TDS
2022-03-31,sp600,TDS
2022-06-30,rut,TDS
2022-06-30,sp600,TDS
2022-09-30,rut,TDS
2022-09-30,sp600,TDS
2022-12-31,rut,TDS
2022-12-31,sp600,TDS
2023-03-31,rut,TDS
2023-03-31,sp600,TDS
2023-06-30,rut,TDS
2023-06-30,sp600,TDS
2023-09-30,rut,TDS
2023-09-30,sp600,TDS
2023-12-31,rut,TDS
2023-12-31,sp600,TDS
2024-03-31,rut,TDS
2024-03-31,sp600,TDS
2024-06-30,rut,TDS
2024-06-30,sp600,TDS
2024-09-30,rut,TDS
2024-09-30,sp600,TDS
2024-12-31,rut,TDS
2024-12-31,sp600,TDS
2025-03-31,rut,TDS
2025-03-31,sp600,TDS
2025-06-30,rut,TDS
2025-06-30,sp600,TDS
2025-09-30,rut,TDS
2025-09-30,sp600,TDS
2025-12-31,rut,TDS
2025-12-31,sp600,TDS
2026-03-31,rut,TDS
2026-03-31,sp600,TDS
2026-06-30,rut,TDS
2026-06-30,sp600,TDS
2026-09-30,rut,TDS
2026-09-30,sp600,TDS
2019-12-31,rut,GTY
2019-12-31,sp600,GTY
2020-03-31,rut,GTY
2020-03-31,sp600,GTY
2020-06-30,rut,GTY
2020-06-30,sp600,GTY
2020-09-30,rut,GTY
2020-09-30,sp600,GTY
2020-12-31,rut,GTY
2020-12-31,sp600,GTY
2021-03-31,rut,GTY
2021-03-31,sp600,GTY
2021-06-30,rut,GTY
2021-06-30,sp600,GTY
2021-09-30,rut,GTY
2021-09-30,sp600,GTY
2021-12-31,rut,GTY
2021-12-31,sp600,GTY
2022-03-31,rut,GTY
2022-03-31,sp600,GTY
2022-06-30,rut,GTY
2022-06-30,sp600,GTY
2022-09-30,rut,GTY
2022-09-30,sp600,GTY
2022-12-31,rut,GTY
2022-12-31,sp600,GTY
2023-03-31,rut,GTY
2023-03-31,sp600,GTY
2023-06-30,rut,GTY
2023-06-30,sp600,GTY
2023-09-30,rut,GTY
2023-09-30,sp600,GTY
2023-12-31,rut,GTY
2023-12-31,sp600,GTY
2024-03-31,rut,GTY
2024-03-31,sp600,GTY
2024-06-30,rut,GTY
2024-06-30,sp600,GTY
2024-09-30,rut,GTY
2024-09-30,sp600,GTY
2024-12-31,rut,GTY
2024-12-31,sp600,GTY
2025-03-31,rut,GTY
2025-03-31,sp600,GTY
2025-06-30,rut,GTY
2025-06-30,sp600,GTY
2025-09-30,rut,GTY
2025-09-30,sp600,GTY
2025-12-31,rut,GTY
2025-12-31,sp600,GTY
2026-03-31,rut,GTY
2026-03-31,sp600,GTY
2026-06-30,rut,GTY
2026-06-30,sp600,GTY
2026-09-30,rut,GTY
2026-09-30,sp600,GTY
2019-12-31,rut,CRAI
2020-03-31,rut,CRAI
2020-06-30,rut,CRAI
2020-09-30,rut,CRAI
2020-12-31,rut,CRAI
2021-03-31,rut,CRAI
2021-06-30,rut,CRAI
2021-09-30,rut,CRAI
2021-12-31,rut,CRAI
2022-03-31,rut,CRAI
2022-06-30,rut,CRAI
2022-09-30,rut,CRAI
2022-12-31,rut,CRAI
2023-03-31,rut,CRAI
2023-06-30,rut,CRAI
2023-09-30,rut,CRAI
2023-12-31,rut,CRAI
2024-03-31,rut,CRAI
2024-06-30,rut,CRAI
2024-09-30,rut,CRAI
2024-12-31,rut,CRAI
2025-03-31,rut,CRAI
2025-06-30,rut,CRAI
2025-09-30,rut,CRAI
2025-12-31,rut,CRAI
2026-03-31,rut,CRAI
2026-06-30,rut,CRAI
2026-09-30,rut,CRAI
2019-12-31,rut,IOSP
2019-12-31,sp600,IOSP
2020-03-31,rut,IOSP
2020-03-31,sp600,IOSP
2020-06-30,rut,IOSP
2020-06-30,sp600,IOSP
2020-09-30,rut,IOSP
2020-09-30,sp600,IOSP
2020-12-31,rut,IOSP
2020-12-31,sp600,IOSP
2021-03-31,rut,IOSP
2021-03-31,sp600,IOSP
2021-06-30,rut,IOSP
2021-06-30,sp600,IOSP
2021-09-30,rut,IOSP
2021-09-30,sp600,IOSP
2021-12-31,rut,IOSP
2021-12-31,sp600,IOSP
2022-03-31,rut,IOSP
2022-03-31,sp600,IOSP
2022-06-30,rut,IOSP
2022-06-30,sp600,IOSP
2022-09-30,rut,IOSP
2022-09-30,sp600,IOSP
2022-12-31,rut,IOSP
2022-12-31,sp600,IOSP
2023-03-31,rut,IOSP
2023-03-31,sp600,IOSP
2023-06-30,rut,IOSP
2023-06-30,sp600,IOSP
2023-09-30,rut,IOSP
2023-09-30,sp600,IOSP
2023-12-31,rut,IOSP
2023-12-31,sp600,IOSP
2024-03-31,rut,IOSP
2024-03-31,sp600,IOSP
2024-06-30,rut,IOSP
2024-06-30,sp600,IOSP
2024-09-30,rut,IOSP
2024-09-30,sp600,IOSP
2024-12-31,rut,IOSP
2024-12-31,sp600,IOSP
2025-03-31,rut,IOSP
2025-03-31,sp600,IOSP
2025-06-30,rut,IOSP
2025-06-30,sp600,IOSP
2025-09-30,rut,IOSP
2025-09-30,sp600,IOSP
2025-12-31,rut,IOSP
2025-12-31,sp600,IOSP
2026-03-31,rut,IOSP
2026-03-31,sp600,IOSP
2026-06-30,rut,IOSP
2026-06-30,sp600,IOSP
2026-09-30,rut,IOSP
2026-09-30,sp600,IOSP
2020-06-30,rut,MFA
2020-09-30,rut,MFA
2020-12-31,rut,MFA
2021-03-31,rut,MFA
2021-06-30,rut,MFA
2021-09-30,rut,MFA
2021-12-31,rut,MFA
2022-03-31,rut,MFA
2022-06-30,rut,MFA
2022-09-30,rut,MFA
2022-12-31,rut,MFA
2023-03-31,rut,MFA
2023-06-30,rut,MFA
2023-09-30,rut,MFA
2023-12-31,rut,MFA
2024-03-31,rut,MFA
2024-06-30,rut,MFA
2024-09-30,rut,MFA
2024-12-31,rut,MFA
2025-03-31,rut,MFA
2025-06-30,rut,MFA
2025-09-30,rut,MFA
2025-12-31,rut,MFA
2026-03-31,rut,MFA
2026-06-30,rut,MFA
2026-09-30,rut,MFA
2019-12-31,rut,FHI
2019-12-31,sp400,FHI
2020-03-31,rut,FHI
2020-03-31,sp400,FHI
2020-06-30,rut,FHI
2020-06-30,sp400,FHI
2020-09-30,rut,FHI
2020-09-30,sp400,FHI
2020-12-31,rut,FHI
2020-12-31,sp400,FHI
2021-03-31,rut,FHI
2021-03-31,sp400,FHI
2021-06-30,rut,FHI
2021-06-30,sp400,FHI
2021-09-30,rut,FHI
2021-09-30,sp400,FHI
2021-12-31,rut,FHI
2021-12-31,sp400,FHI
2022-03-31,rut,FHI
2022-03-31,sp400,FHI
2022-06-30,rut,FHI
2022-06-30,sp400,FHI
2022-09-30,rut,FHI
2022-09-30,sp400,FHI
2022-12-31,rut,FHI
2022-12-31,sp400,FHI
2023-03-31,rut,FHI
2023-03-31,sp400,FHI
2023-06-30,sp400,FHI
2023-09-30,sp400,FHI
2023-12-31,sp400,FHI
2024-03-31,sp400,FHI
2024-06-30,sp400,FHI
2024-09-30,sp400,FHI
2024-12-31,sp400,FHI
2025-03-31,sp400,FHI
2025-06-30,sp400,FHI
2025-09-30,sp400,FHI
2025-12-31,sp400,FHI
2026-03-31,sp400,FHI
2026-06-30,sp400,FHI
2026-09-30,sp400,FHI
2019-12-31,sp400,MANH
2020-03-31,sp400,MANH
2020-06-30,sp400,MANH
2020-09-30,sp400,MANH
2020-12-31,sp400,MANH
2021-03-31,sp400,MANH
2021-06-30,sp400,MANH
2021-09-30,sp400,MANH
2021-12-31,sp400,MANH
2022-03-31,sp400,MANH
2022-06-30,sp400,MANH
2022-09-30,sp400,MANH
2022-12-31,sp400,MANH
2023-03-31,sp400,MANH
2023-06-30,sp400,MANH
2023-09-30,sp400,MANH
2023-12-31,sp400,MANH
2024-03-31,sp400,MANH
2024-06-30,sp400,MANH
2024-09-30,sp400,MANH
2024-12-31,sp400,MANH
2025-03-31,sp400,MANH
2025-06-30,sp400,MANH
2025-09-30,sp400,MANH
2025-12-31,sp400,MANH
2026-03-31,sp400,MANH
2026-06-30,sp400,MANH
2026-09-30,sp400,MANH
2019-12-31,rut,AWR
2019-12-31,sp600,AWR
2020-03-31,rut,AWR
2020-03-31,sp600,AWR
2020-06-30,rut,AWR
2020-06-30,sp600,AWR
2020-09-30,rut,AWR
2020-09-30,sp600,AWR
2020-12-31,rut,AWR
2020-12-31,sp600,AWR
2021-03-31,rut,AWR
2021-03-31,sp600,AWR
2021-06-30,rut,AWR
2021-06-30,sp600,AWR
2021-09-30,rut,AWR
2021-09-30,sp600,AWR
2021-12-31,rut,AWR
2021-12-31,sp600,AWR
2022-03-31,rut,AWR
2022-03-31,sp600,AWR
2022-06-30,rut,AWR
2022-06-30,sp600,AWR
2022-09-30,rut,AWR
2022-09-30,sp600,AWR
2022-12-31,rut,AWR
2022-12-31,sp600,AWR
2023-03-31,rut,AWR
2023-03-31,sp600,AWR
2023-06-30,rut,AWR
2023-06-30,sp600,AWR
2023-09-30,rut,AWR
2023-09-30,sp600,AWR
2023-12-31,rut,AWR
2023-12-31,sp600,AWR
2024-03-31,rut,AWR
2024-03-31,sp600,AWR
2024-06-30,rut,AWR
2024-06-30,sp600,AWR
2024-09-30,rut,AWR
2024-09-30,sp600,AWR
2024-12-31,rut,AWR
2024-12-31,sp600,AWR
2025-03-31,rut,AWR
2025-03-31,sp600,AWR
2025-06-30,rut,AWR
2025-06-30,sp600,AWR
2025-09-30,rut,AWR
2025-09-30,sp600,AWR
2025-12-31,rut,AWR
2025-12-31,sp600,AWR
2026-03-31,rut,AWR
2026-03-31,sp600,AWR
2026-06-30,rut,AWR
2026-06-30,sp600,AWR
2026-09-30,rut,AWR
2026-09-30,sp600,AWR
2019-12-31,rut,PFIS
2020-03-31,rut,PFIS
2020-06-30,rut,PFIS
2020-09-30,rut,PFIS
2020-12-31,rut,PFIS
2021-03-31,rut,PFIS
2021-06-30,rut,PFIS
2021-09-30,rut,PFIS
2021-12-31,rut,PFIS
2022-03-31,rut,PFIS
2022-06-30,rut,PFIS
2022-09-30,rut,PFIS
2022-12-31,rut,PFIS
2023-03-31,rut,PFIS
2023-06-30,rut,PFIS
2023-09-30,rut,PFIS
2023-12-31,rut,PFIS
2024-03-31,rut,PFIS
2024-06-30,rut,PFIS
2024-09-30,rut,PFIS
2024-12-31,rut,PFIS
2025-03-31,rut,PFIS
2025-06-30,rut,PFIS
2025-09-30,rut,PFIS
2025-12-31,rut,PFIS
2026-03-31,rut,PFIS
2026-06-30,rut,PFIS
2026-09-30,rut,PFIS
2019-12-31,rut,HZO
2019-12-31,sp600,HZO
2020-03-31,rut,HZO
2020-03-31,sp600,HZO
2020-06-30,rut,HZO
2020-06-30,sp600,HZO
2020-09-30,rut,HZO
2020-09-30,sp600,HZO
2020-12-31,rut,HZO
2020-12-31,sp600,HZO
2021-03-31,rut,HZO
2021-03-31,sp600,HZO
2021-06-30,rut,HZO
2021-06-30,sp600,HZO
2021-09-30,rut,HZO
2021-09-30,sp600,HZO
2021-12-31,rut,HZO
2021-12-31,sp600,HZO
2022-03-31,rut,HZO
2022-03-31,sp600,HZO
2022-06-30,rut,HZO
2022-06-30,sp600,HZO
2022-09-30,rut,HZO
2022-09-30,sp600,HZO
2022-12-31,rut,HZO
2022-12-31,sp600,HZO
2023-03-31,rut,HZO
2023-03-31,sp600,HZO
2023-06-30,rut,HZO
2023-06-30,sp600,HZO
2023-09-30,rut,HZO
2023-09-30,sp600,HZO
2023-12-31,rut,HZO
2023-12-31,sp600,HZO
2024-03-31,rut,HZO
2024-03-31,sp600,HZO
2024-06-30,rut,HZO
2024-06-30,sp600,HZO
2024-09-30,rut,HZO
2024-09-30,sp600,HZO
2024-12-31,rut,HZO
2024-12-31,sp600,HZO
2025-03-31,rut,HZO
2025-03-31,sp600,HZO
2025-06-30,rut,HZO
2025-06-30,sp600,HZO
2025-09-30,rut,HZO
2025-09-30,sp600,HZO
2025-12-31,rut,HZO
2025-12-31,sp600,HZO
2026-03-31,rut,HZO
2026-03-31,sp600,HZO
2026-06-30,rut,HZO
2026-06-30,sp600,HZO
2026-09-30,rut,HZO
2026-09-30,sp600,HZO
2026-09-30,rut,FBP
2026-09-30,sp600,FBP
2019-12-31,sp400,IDA
2020-03-31,sp400,IDA
2020-06-30,sp400,IDA
2020-09-30,sp400,IDA
2020-12-31,sp400,IDA
2021-03-31,sp400,IDA
2021-06-30,sp400,IDA
2021-09-30,sp400,IDA
2021-12-31,sp400,IDA
2022-03-31,sp400,IDA
2022-06-30,sp400,IDA
2022-09-30,sp400,IDA
2022-12-31,sp400,IDA
2023-03-31,sp400,IDA
2023-06-30,sp400,IDA
2023-09-30,sp400,IDA
2023-12-31,sp400,IDA
2024-03-31,sp400,IDA
2024-06-30,sp400,IDA
2024-09-30,sp400,IDA
2024-12-31,sp400,IDA
2025-03-31,sp400,IDA
2025-06-30,sp400,IDA
2025-09-30,sp400,IDA
2025-12-31,sp400,IDA
2026-03-31,sp400,IDA
2026-06-30,sp400,IDA
2026-09-30,sp400,IDA
2019-12-31,rut,IMMR
2020-03-31,rut,IMMR
2020-06-30,rut,IMMR
2020-09-30,rut,IMMR
2020-12-31,rut,IMMR
2021-03-31,rut,IMMR
2023-06-30,rut,IMMR
2023-09-30,rut,IMMR
2023-12-31,rut,IMMR
2024-03-31,rut,IMMR
2024-06-30,rut,IMMR
2024-09-30,rut,IMMR
2024-12-31,rut,IMMR
2025-03-31,rut,IMMR
2025-06-30,rut,IMMR
2025-09-30,rut,IMMR
2025-12-31,rut,IMMR
2026-03-31,rut,IMMR
2026-06-30,rut,IMMR
2026-09-30,rut,IMMR
2019-12-31,sp400,CRI
2020-03-31,sp400,CRI
2020-06-30,sp400,CRI
2020-09-30,sp400,CRI
2020-12-31,sp400,CRI
2021-03-31,sp400,CRI
2021-06-30,sp400,CRI
2021-09-30,sp400,CRI
2021-12-31,sp400,CRI
2022-03-31,sp400,CRI
2022-06-30,sp400,CRI
2022-09-30,sp400,CRI
2022-12-31,sp400,CRI
2023-03-31,sp400,CRI
2023-06-30,sp400,CRI
2023-09-30,sp400,CRI
2023-12-31,sp400,CRI
2024-03-31,sp400,CRI
2024-06-30,sp400,CRI
2024-09-30,sp400,CRI
2024-12-31,sp600,CRI
2025-03-31,sp600,CRI
2025-06-30,rut,CRI
2025-06-30,sp600,CRI
2025-09-30,rut,CRI
2025-09-30,sp600,CRI
2025-12-31,rut,CRI
2025-12-31,sp600,CRI
2026-03-31,rut,CRI
2026-03-31,sp600,CRI
2026-06-30,rut,CRI
2026-06-30,sp600,CRI
2026-09-30,rut,CRI
2026-09-30,sp600,CRI
2019-12-31,rut,BXMT
2020-03-31,rut,BXMT
2020-06-30,rut,BXMT
2020-09-30,rut,BXMT
2020-12-31,rut,BXMT
2021-03-31,rut,BXMT
2021-06-30,rut,BXMT
2021-09-30,rut,BXMT
2021-12-31,rut,BXMT
2022-03-31,rut,BXMT
2022-06-30,rut,BXMT
2022-09-30,rut,BXMT
2022-12-31,rut,BXMT
2023-03-31,rut,BXMT
2023-06-30,rut,BXMT
2023-09-30,rut,BXMT
2023-09-30,sp600,BXMT
2023-12-31,rut,BXMT
2023-12-31,sp600,BXMT
2024-03-31,rut,BXMT
2024-03-31,sp600,BXMT
2024-06-30,rut,BXMT
2024-06-30,sp600,BXMT
2024-09-30,rut,BXMT
2024-09-30,sp600,BXMT
2024-12-31,rut,BXMT
2024-12-31,sp600,BXMT
2025-03-31,rut,BXMT
2025-03-31,sp600,BXMT
2025-06-30,rut,BXMT
2025-06-30,sp600,BXMT
2025-09-30,rut,BXMT
2025-09-30,sp600,BXMT
2025-12-31,rut,BXMT
2025-12-31,sp600,BXMT
2026-03-31,rut,BXMT
2026-03-31,sp600,BXMT
2026-06-30,rut,BXMT
2026-06-30,sp600,BXMT
2026-09-30,rut,BXMT
2026-09-30,sp600,BXMT
2019-12-31,rut,CYTK
2019-12-31,sp600,CYTK
2020-03-31,rut,CYTK
2020-03-31,sp600,CYTK
2020-06-30,rut,CYTK
2020-06-30,sp600,CYTK
2020-09-30,rut,CYTK
2020-09-30,sp600,CYTK
2020-12-31,rut,CYTK
2020-12-31,sp600,CYTK
2021-03-31,rut,CYTK
2021-03-31,sp600,CYTK
2021-06-30,rut,CYTK
2021-06-30,sp600,CYTK
2021-09-30,rut,CYTK
2021-09-30,sp600,CYTK
2021-12-31,rut,CYTK
2021-12-31,sp600,CYTK
2022-03-31,rut,CYTK
2022-03-31,sp600,CYTK
2022-06-30,rut,CYTK
2022-06-30,sp600,CYTK
2022-09-30,rut,CYTK
2022-09-30,sp600,CYTK
2022-12-31,rut,CYTK
2022-12-31,sp600,CYTK
2023-03-31,rut,CYTK
2023-03-31,sp600,CYTK
2023-06-30,rut,CYTK
2023-06-30,sp600,CYTK
2023-09-30,rut,CYTK
2023-09-30,sp600,CYTK
2023-12-31,rut,CYTK
2023-12-31,sp600,CYTK
2024-03-31,rut,CYTK
2024-03-31,sp400,CYTK
2024-06-30,rut,CYTK
2024-06-30,sp400,CYTK
2024-09-30,rut,CYTK
2024-09-30,sp400,CYTK
2024-12-31,rut,CYTK
2024-12-31,sp400,CYTK
2025-03-31,rut,CYTK
2025-03-31,sp400,CYTK
2025-06-30,rut,CYTK
2025-06-30,sp400,CYTK
2025-09-30,rut,CYTK
2025-09-30,sp400,CYTK
2025-12-31,rut,CYTK
2025-12-31,sp400,CYTK
2026-03-31,rut,CYTK
2026-03-31,sp400,CYTK
2026-06-30,rut,CYTK
2026-06-30,sp400,CYTK
2026-09-30,rut,CYTK
2026-09-30,sp400,CYTK
2019-12-31,rut,DCH
2019-12-31,sp600,DCH
2020-03-31,rut,DCH
2020-03-31,sp600,DCH
2020-06-30,rut,DCH
2020-06-30,sp600,DCH
2020-09-30,rut,DCH
2020-09-30,sp600,DCH
2020-12-31,rut,DCH
2020-12-31,sp600,DCH
2021-03-31,rut,DCH
2021-03-31,sp600,DCH
2021-06-30,rut,DCH
2021-06-30,sp600,DCH
2021-09-30,rut,DCH
2021-09-30,sp600,DCH
2021-12-31,rut,DCH
2021-12-31,sp600,DCH
2022-03-31,rut,DCH
2022-03-31,sp600,DCH
2022-06-30,rut,DCH
2022-06-30,sp600,DCH
2022-09-30,rut,DCH
2022-09-30,sp600,DCH
2022-12-31,rut,DCH
2022-12-31,sp600,DCH
2023-03-31,rut,DCH
2023-03-31,sp600,DCH
2023-06-30,rut,DCH
2023-06-30,sp600,DCH
2023-09-30,rut,DCH
2023-09-30,sp600,DCH
2023-12-31,rut,DCH
2023-12-31,sp600,DCH
2024-03-31,rut,DCH
2024-03-31,sp600,DCH
2024-06-30,rut,DCH
2024-06-30,sp600,DCH
2024-09-30,rut,DCH
2024-09-30,sp600,DCH
2024-12-31,rut,DCH
2024-12-31,sp600,DCH
2025-03-31,rut,DCH
2025-03-31,sp600,DCH
2025-06-30,rut,DCH
2025-06-30,sp600,DCH
2025-09-30,rut,DCH
2025-09-30,sp600,DCH
2025-12-31,rut,DCH
2025-12-31,sp600,DCH
2026-03-31,rut,DCH
2026-03-31,sp600,DCH
2026-06-30,rut,DCH
2026-06-30,sp600,DCH
2026-09-30,rut,DCH
2026-09-30,sp600,DCH
2019-12-31,rut,BTU
2020-03-31,rut,BTU
2020-06-30,rut,BTU
2020-09-30,rut,BTU
2020-12-31,rut,BTU
2021-03-31,rut,BTU
2021-06-30,rut,BTU
2021-09-30,rut,BTU
2021-12-31,rut,BTU
2022-03-31,rut,BTU
2022-06-30,rut,BTU
2022-09-30,rut,BTU
2022-12-31,rut,BTU
2023-03-31,rut,BTU
2023-06-30,rut,BTU
2023-09-30,rut,BTU
2023-12-31,rut,BTU
2024-03-31,rut,BTU
2024-03-31,sp600,BTU
2024-06-30,rut,BTU
2024-06-30,sp600,BTU
2024-09-30,rut,BTU
2024-09-30,sp600,BTU
2024-12-31,rut,BTU
2024-12-31,sp600,BTU
2025-03-31,rut,BTU
2025-03-31,sp600,BTU
2025-06-30,rut,BTU
2025-06-30,sp600,BTU
2025-09-30,rut,BTU
2025-09-30,sp600,BTU
2025-12-31,rut,BTU
2025-12-31,sp600,BTU
2026-03-31,rut,BTU
2026-03-31,sp600,BTU
2026-06-30,rut,BTU
2026-06-30,sp600,BTU
2026-09-30,rut,BTU
2026-09-30,sp600,BTU
2021-06-30,rut,LEU
2021-09-30,rut,LEU
2021-12-31,rut,LEU
2022-03-31,rut,LEU
2022-06-30,rut,LEU
2022-09-30,rut,LEU
2022-12-31,rut,LEU
2023-03-31,rut,LEU
2023-06-30,rut,LEU
2023-09-30,rut,LEU
2023-12-31,rut,LEU
2024-03-31,rut,LEU
2024-06-30,rut,LEU
2024-09-30,rut,LEU
2024-12-31,rut,LEU
2025-03-31,rut,LEU
2025-06-30,rut,LEU
2025-09-30,rut,LEU
2025-12-31,rut,LEU
2026-03-31,rut,LEU
2026-06-30,rut,LEU
2026-09-30,rut,LEU
2026-09-30,sp600,LEU
2019-12-31,rut,CBRL
2019-12-31,sp400,CBRL
2020-03-31,rut,CBRL
2020-03-31,sp400,CBRL
2020-06-30,rut,CBRL
2020-06-30,sp400,CBRL
2020-09-30,rut,CBRL
2020-09-30,sp400,CBRL
2020-12-31,rut,CBRL
2020-12-31,sp400,CBRL
2021-03-31,rut,CBRL
2021-03-31,sp400,CBRL
2021-06-30,rut,CBRL
2021-06-30,sp400,CBRL
2021-09-30,rut,CBRL
2021-09-30,sp400,CBRL
2021-12-31,rut,CBRL
2021-12-31,sp400,CBRL
2022-03-31,rut,CBRL
2022-03-31,sp400,CBRL
2022-06-30,rut,CBRL
2022-06-30,sp400,CBRL
2022-09-30,rut,CBRL
2022-09-30,sp400,CBRL
2022-12-31,rut,CBRL
2022-12-31,sp400,CBRL
2023-03-31,rut,CBRL
2023-03-31,sp600,CBRL
2023-06-30,rut,CBRL
2023-06-30,sp600,CBRL
2023-09-30,rut,CBRL
2023-09-30,sp600,CBRL
2023-12-31,rut,CBRL
2023-12-31,sp600,CBRL
2024-03-31,rut,CBRL
2024-03-31,sp600,CBRL
2024-06-30,rut,CBRL
2024-06-30,sp600,CBRL
2024-09-30,rut,CBRL
2024-09-30,sp600,CBRL
2024-12-31,rut,CBRL
2024-12-31,sp600,CBRL
2025-03-31,rut,CBRL
2025-03-31,sp600,CBRL
2025-06-30,rut,CBRL
2025-06-30,sp600,CBRL
2025-09-30,rut,CBRL
2025-09-30,sp600,CBRL
2025-12-31,rut,CBRL
2025-12-31,sp600,CBRL
2026-03-31,rut,CBRL
2026-03-31,sp600,CBRL
2026-06-30,rut,CBRL
2026-06-30,sp600,CBRL
2026-09-30,rut,CBRL
2026-09-30,sp600,CBRL
2019-12-31,sp400,PB
2020-03-31,sp400,PB
2020-06-30,sp400,PB
2020-09-30,sp400,PB
2020-12-31,sp400,PB
2021-03-31,sp400,PB
2021-06-30,sp400,PB
2021-09-30,sp400,PB
2021-12-31,sp400,PB
2022-03-31,sp400,PB
2022-06-30,sp400,PB
2022-09-30,sp400,PB
2022-12-31,sp400,PB
2023-03-31,sp400,PB
2023-06-30,sp400,PB
2023-09-30,sp400,PB
2023-12-31,sp400,PB
2024-03-31,sp400,PB
2024-06-30,sp400,PB
2024-09-30,sp400,PB
2024-12-31,sp400,PB
2025-03-31,sp400,PB
2025-06-30,sp400,PB
2025-09-30,sp400,PB
2025-12-31,sp400,PB
2026-03-31,sp400,PB
2026-06-30,sp400,PB
2026-09-30,sp400,PB
2019-12-31,sp400,EWBC
2020-03-31,sp400,EWBC
2020-06-30,sp400,EWBC
2020-09-30,sp400,EWBC
2020-12-31,sp400,EWBC
2021-03-31,sp400,EWBC
2021-06-30,sp400,EWBC
2021-09-30,sp400,EWBC
2021-12-31,sp400,EWBC
2022-03-31,sp400,EWBC
2022-06-30,sp400,EWBC
2022-09-30,sp400,EWBC
2022-12-31,sp400,EWBC
2023-03-31,sp400,EWBC
2023-06-30,sp400,EWBC
2023-09-30,sp400,EWBC
2023-12-31,sp400,EWBC
2024-03-31,sp400,EWBC
2024-06-30,sp400,EWBC
2024-09-30,sp400,EWBC
2024-12-31,sp400,EWBC
2025-03-31,sp400,EWBC
2025-06-30,sp400,EWBC
2025-09-30,sp400,EWBC
2025-12-31,sp400,EWBC
2026-03-31,sp400,EWBC
2026-06-30,sp400,EWBC
2026-09-30,sp400,EWBC
2026-09-30,sp400,KTOS
2019-12-31,rut,TREX
2019-12-31,sp400,TREX
2020-03-31,rut,TREX
2020-03-31,sp400,TREX
2020-06-30,sp400,TREX
2020-09-30,sp400,TREX
2020-12-31,sp400,TREX
2021-03-31,sp400,TREX
2021-06-30,sp400,TREX
2021-09-30,sp400,TREX
2021-12-31,sp400,TREX
2022-03-31,sp400,TREX
2022-06-30,sp400,TREX
2022-09-30,sp400,TREX
2022-12-31,sp400,TREX
2023-03-31,sp400,TREX
2023-06-30,sp400,TREX
2023-09-30,sp400,TREX
2023-12-31,sp400,TREX
2024-03-31,sp400,TREX
2024-06-30,sp400,TREX
2024-09-30,sp400,TREX
2024-12-31,sp400,TREX
2025-03-31,sp400,TREX
2025-06-30,sp400,TREX
2025-09-30,sp400,TREX
2025-12-31,sp400,TREX
2026-03-31,sp400,TREX
2026-06-30,sp400,TREX
2026-09-30,sp400,TREX
2019-12-31,rut,PAHC
2019-12-31,sp600,PAHC
2020-03-31,rut,PAHC
2020-03-31,sp600,PAHC
2020-06-30,rut,PAHC
2020-06-30,sp600,PAHC
2020-09-30,rut,PAHC
2020-09-30,sp600,PAHC
2020-12-31,rut,PAHC
2020-12-31,sp600,PAHC
2021-03-31,rut,PAHC
2021-03-31,sp600,PAHC
2021-06-30,rut,PAHC
2021-06-30,sp600,PAHC
2021-09-30,rut,PAHC
2021-09-30,sp600,PAHC
2021-12-31,rut,PAHC
2021-12-31,sp600,PAHC
2022-03-31,rut,PAHC
2022-03-31,sp600,PAHC
2022-06-30,rut,PAHC
2022-06-30,sp600,PAHC
2022-09-30,rut,PAHC
2022-09-30,sp600,PAHC
2022-12-31,rut,PAHC
2022-12-31,sp600,PAHC
2023-03-31,rut,PAHC
2023-03-31,sp600,PAHC
2023-06-30,rut,PAHC
2023-06-30,sp600,PAHC
2023-09-30,rut,PAHC
2023-09-30,sp600,PAHC
2023-12-31,rut,PAHC
2023-12-31,sp600,PAHC
2024-03-31,rut,PAHC
2024-03-31,sp600,PAHC
2024-06-30,rut,PAHC
2024-06-30,sp600,PAHC
2024-09-30,rut,PAHC
2024-09-30,sp600,PAHC
2024-12-31,rut,PAHC
2024-12-31,sp600,PAHC
2025-03-31,rut,PAHC
2025-03-31,sp600,PAHC
2025-06-30,rut,PAHC
2025-06-30,sp600,PAHC
2025-09-30,rut,PAHC
2025-09-30,sp600,PAHC
2025-12-31,rut,PAHC
2025-12-31,sp600,PAHC
2026-03-31,rut,PAHC
2026-03-31,sp600,PAHC
2026-06-30,rut,PAHC
2026-06-30,sp600,PAHC
2026-09-30,rut,PAHC
2026-09-30,sp600,PAHC
2019-12-31,rut,PTCT
2020-03-31,rut,PTCT
2020-06-30,rut,PTCT
2020-09-30,rut,PTCT
2020-12-31,rut,PTCT
2021-03-31,rut,PTCT
2021-06-30,rut,PTCT
2021-09-30,rut,PTCT
2021-12-31,rut,PTCT
2022-03-31,rut,PTCT
2022-06-30,rut,PTCT
2022-09-30,rut,PTCT
2022-12-31,rut,PTCT
2023-03-31,rut,PTCT
2023-06-30,rut,PTCT
2023-09-30,rut,PTCT
2023-12-31,rut,PTCT
2024-03-31,rut,PTCT
2024-06-30,rut,PTCT
2024-09-30,rut,PTCT
2024-12-31,rut,PTCT
2025-03-31,rut,PTCT
2025-06-30,rut,PTCT
2025-09-30,rut,PTCT
2025-12-31,rut,PTCT
2025-12-31,sp600,PTCT
2026-03-31,rut,PTCT
2026-03-31,sp600,PTCT
2026-06-30,rut,PTCT
2026-06-30,sp600,PTCT
2026-09-30,rut,PTCT
2026-09-30,sp600,PTCT
2019-12-31,rut,CNX
2019-12-31,sp400,CNX
2020-03-31,rut,CNX
2020-03-31,sp400,CNX
2020-06-30,rut,CNX
2020-06-30,sp400,CNX
2020-09-30,rut,CNX
2020-09-30,sp400,CNX
2020-12-31,rut,CNX
2020-12-31,sp400,CNX
2021-03-31,rut,CNX
2021-03-31,sp400,CNX
2021-06-30,rut,CNX
2021-06-30,sp400,CNX
2021-09-30,rut,CNX
2021-09-30,sp400,CNX
2021-12-31,rut,CNX
2021-12-31,sp400,CNX
2022-03-31,rut,CNX
2022-03-31,sp400,CNX
2022-06-30,rut,CNX
2022-06-30,sp400,CNX
2022-09-30,rut,CNX
2022-09-30,sp400,CNX
2022-12-31,rut,CNX
2022-12-31,sp400,CNX
2023-03-31,rut,CNX
2023-03-31,sp400,CNX
2023-06-30,rut,CNX
2023-06-30,sp400,CNX
2023-09-30,rut,CNX
2023-09-30,sp400,CNX
2023-12-31,rut,CNX
2023-12-31,sp400,CNX
2024-03-31,rut,CNX
2024-03-31,sp400,CNX
2024-06-30,rut,CNX
2024-06-30,sp400,CNX
2024-09-30,rut,CNX
2024-09-30,sp400,CNX
2024-12-31,rut,CNX
2024-12-31,sp400,CNX
2025-03-31,rut,CNX
2025-03-31,sp400,CNX
2025-06-30,rut,CNX
2025-06-30,sp400,CNX
2025-09-30,rut,CNX
2025-09-30,sp400,CNX
2025-12-31,rut,CNX
2025-12-31,sp400,CNX
2026-03-31,rut,CNX
2026-03-31,sp400,CNX
2026-06-30,rut,CNX
2026-06-30,sp400,CNX
2026-09-30,rut,CNX
2026-09-30,sp400,CNX
2019-12-31,rut,ACAD
2020-03-31,rut,ACAD
2021-06-30,rut,ACAD
2021-09-30,rut,ACAD
2021-12-31,rut,ACAD
2022-03-31,rut,ACAD
2022-06-30,rut,ACAD
2022-09-30,rut,ACAD
2022-12-31,rut,ACAD
2023-03-31,rut,ACAD
2023-06-30,rut,ACAD
2023-09-30,rut,ACAD
2023-12-31,rut,ACAD
2024-03-31,rut,ACAD
2024-06-30,rut,ACAD
2024-09-30,rut,ACAD
2024-12-31,rut,ACAD
2025-03-31,rut,ACAD
2025-03-31,sp600,ACAD
2025-06-30,rut,ACAD
2025-06-30,sp600,ACAD
2025-09-30,rut,ACAD
2025-09-30,sp600,ACAD
2025-12-31,rut,ACAD
2025-12-31,sp600,ACAD
2026-03-31,rut,ACAD
2026-03-31,sp600,ACAD
2026-06-30,rut,ACAD
2026-06-30,sp600,ACAD
2026-09-30,rut,ACAD
2026-09-30,sp600,ACAD
2019-12-31,rut,CXW
2019-12-31,sp400,CXW
2020-03-31,rut,CXW
2020-03-31,sp400,CXW
2020-06-30,rut,CXW
2020-06-30,sp400,CXW
2020-09-30,rut,CXW
2020-09-30,sp600,CXW
2020-12-31,rut,CXW
2020-12-31,sp600,CXW
2021-03-31,rut,CXW
2021-03-31,sp600,CXW
2021-06-30,rut,CXW
2021-06-30,sp600,CXW
2021-09-30,rut,CXW
2021-09-30,sp600,CXW
2021-12-31,rut,CXW
2021-12-31,sp600,CXW
2022-03-31,rut,CXW
2022-03-31,sp600,CXW
2022-06-30,rut,CXW
2022-06-30,sp600,CXW
2022-09-30,rut,CXW
2022-09-30,sp600,CXW
2022-12-31,rut,CXW
2022-12-31,sp600,CXW
2023-03-31,rut,CXW
2023-03-31,sp600,CXW
2023-06-30,rut,CXW
2023-06-30,sp600,CXW
2023-09-30,rut,CXW
2023-09-30,sp600,CXW
2023-12-31,rut,CXW
2023-12-31,sp600,CXW
2024-03-31,rut,CXW
2024-03-31,sp600,CXW
2024-06-30,rut,CXW
2024-06-30,sp600,CXW
2024-09-30,rut,CXW
2024-09-30,sp600,CXW
2024-12-31,rut,CXW
2024-12-31,sp600,CXW
2025-03-31,rut,CXW
2025-03-31,sp600,CXW
2025-06-30,rut,CXW
2025-06-30,sp600,CXW
2025-09-30,rut,CXW
2025-09-30,sp600,CXW
2025-12-31,rut,CXW
2025-12-31,sp600,CXW
2026-03-31,rut,CXW
2026-03-31,sp600,CXW
2026-06-30,rut,CXW
2026-06-30,sp600,CXW
2026-09-30,rut,CXW
2026-09-30,sp600,CXW
2020-03-31,rut,DHC
2020-03-31,sp400,DHC
2020-06-30,rut,DHC
2020-06-30,sp600,DHC
2020-09-30,rut,DHC
2020-09-30,sp600,DHC
2020-12-31,rut,DHC
2020-12-31,sp600,DHC
2021-03-31,rut,DHC
2021-03-31,sp600,DHC
2021-06-30,rut,DHC
2021-06-30,sp600,DHC
2021-09-30,rut,DHC
2021-09-30,sp600,DHC
2021-12-31,rut,DHC
2021-12-31,sp600,DHC
2022-03-31,rut,DHC
2022-03-31,sp600,DHC
2022-06-30,rut,DHC
2022-06-30,sp600,DHC
2022-09-30,rut,DHC
2022-09-30,sp600,DHC
2022-12-31,rut,DHC
2023-03-31,rut,DHC
2023-06-30,rut,DHC
2023-09-30,rut,DHC
2023-12-31,rut,DHC
2024-03-31,rut,DHC
2024-06-30,rut,DHC
2024-09-30,rut,DHC
2024-12-31,rut,DHC
2025-03-31,rut,DHC
2025-06-30,rut,DHC
2025-09-30,rut,DHC
2025-12-31,rut,DHC
2026-03-31,rut,DHC
2026-06-30,rut,DHC
2026-09-30,rut,DHC
2019-12-31,rut,NOVT
2020-03-31,rut,NOVT
2020-06-30,rut,NOVT
2020-09-30,rut,NOVT
2020-12-31,rut,NOVT
2021-03-31,rut,NOVT
2021-06-30,rut,NOVT
2021-09-30,rut,NOVT
2021-12-31,rut,NOVT
2022-03-31,rut,NOVT
2022-06-30,rut,NOVT
2022-09-30,rut,NOVT
2022-09-30,sp400,NOVT
2022-12-31,rut,NOVT
2022-12-31,sp400,NOVT
2023-03-31,rut,NOVT
2023-03-31,sp400,NOVT
2023-06-30,rut,NOVT
2023-06-30,sp400,NOVT
2023-09-30,rut,NOVT
2023-09-30,sp400,NOVT
2023-12-31,rut,NOVT
2023-12-31,sp400,NOVT
2024-03-31,rut,NOVT
2024-03-31,sp400,NOVT
2024-06-30,rut,NOVT
2024-06-30,sp400,NOVT
2024-09-30,rut,NOVT
2024-09-30,sp400,NOVT
2024-12-31,rut,NOVT
2024-12-31,sp400,NOVT
2025-03-31,rut,NOVT
2025-03-31,sp400,NOVT
2025-06-30,rut,NOVT
2025-06-30,sp400,NOVT
2025-09-30,rut,NOVT
2025-09-30,sp400,NOVT
2025-12-31,rut,NOVT
2025-12-31,sp400,NOVT
2026-03-31,rut,NOVT
2026-03-31,sp400,NOVT
2026-06-30,rut,NOVT
2026-06-30,sp400,NOVT
2026-09-30,rut,NOVT
2026-09-30,sp400,NOVT
2019-12-31,sp400,TCBI
2020-03-31,sp400,TCBI
2020-06-30,rut,TCBI
2020-06-30,sp400,TCBI
2020-09-30,rut,TCBI
2020-09-30,sp400,TCBI
2020-12-31,rut,TCBI
2020-12-31,sp400,TCBI
2021-03-31,rut,TCBI
2021-03-31,sp400,TCBI
2021-06-30,rut,TCBI
2021-06-30,sp400,TCBI
2021-09-30,rut,TCBI
2021-09-30,sp400,TCBI
2021-12-31,rut,TCBI
2021-12-31,sp400,TCBI
2022-03-31,rut,TCBI
2022-03-31,sp400,TCBI
2022-06-30,rut,TCBI
2022-06-30,sp400,TCBI
2022-09-30,rut,TCBI
2022-09-30,sp400,TCBI
2022-12-31,rut,TCBI
2022-12-31,sp400,TCBI
2023-03-31,rut,TCBI
2023-03-31,sp400,TCBI
2023-06-30,rut,TCBI
2023-06-30,sp400,TCBI
2023-09-30,rut,TCBI
2023-09-30,sp400,TCBI
2023-12-31,rut,TCBI
2023-12-31,sp400,TCBI
2024-03-31,rut,TCBI
2024-03-31,sp400,TCBI
2024-06-30,rut,TCBI
2024-06-30,sp400,TCBI
2024-09-30,rut,TCBI
2024-09-30,sp400,TCBI
2024-12-31,rut,TCBI
2024-12-31,sp400,TCBI
2025-03-31,rut,TCBI
2025-03-31,sp400,TCBI
2025-06-30,rut,TCBI
2025-06-30,sp400,TCBI
2025-09-30,rut,TCBI
2025-09-30,sp400,TCBI
2025-12-31,rut,TCBI
2025-12-31,sp400,TCBI
2026-03-31,rut,TCBI
2026-03-31,sp400,TCBI
2026-06-30,rut,TCBI
2026-06-30,sp400,TCBI
2026-09-30,rut,TCBI
2026-09-30,sp400,TCBI
2019-12-31,rut,NTCT
2019-12-31,sp400,NTCT
2020-03-31,rut,NTCT
2020-03-31,sp400,NTCT
2020-06-30,rut,NTCT
2020-06-30,sp400,NTCT
2020-09-30,rut,NTCT
2020-09-30,sp400,NTCT
2020-12-31,rut,NTCT
2020-12-31,sp400,NTCT
2021-03-31,rut,NTCT
2021-03-31,sp400,NTCT
2021-06-30,rut,NTCT
2021-06-30,sp400,NTCT
2021-09-30,rut,NTCT
2021-09-30,sp400,NTCT
2021-12-31,rut,NTCT
2021-12-31,sp600,NTCT
2022-03-31,rut,NTCT
2022-03-31,sp600,NTCT
2022-06-30,rut,NTCT
2022-06-30,sp600,NTCT
2022-09-30,rut,NTCT
2022-09-30,sp600,NTCT
2022-12-31,rut,NTCT
2022-12-31,sp600,NTCT
2023-03-31,rut,NTCT
2023-03-31,sp600,NTCT
2023-06-30,rut,NTCT
2023-06-30,sp600,NTCT
2023-09-30,rut,NTCT
2023-09-30,sp600,NTCT
2023-12-31,rut,NTCT
2023-12-31,sp600,NTCT
2024-03-31,rut,NTCT
2024-03-31,sp600,NTCT
2024-06-30,rut,NTCT
2024-06-30,sp600,NTCT
2024-09-30,rut,NTCT
2024-09-30,sp600,NTCT
2024-12-31,rut,NTCT
2024-12-31,sp600,NTCT
2025-03-31,rut,NTCT
2025-03-31,sp600,NTCT
2025-06-30,rut,NTCT
2025-06-30,sp600,NTCT
2025-09-30,rut,NTCT
2025-09-30,sp600,NTCT
2025-12-31,rut,NTCT
2025-12-31,sp600,NTCT
2026-03-31,rut,NTCT
2026-03-31,sp600,NTCT
2026-06-30,rut,NTCT
2026-06-30,sp600,NTCT
2026-09-30,rut,NTCT
2026-09-30,sp600,NTCT
2019-12-31,rut,EXTR
2019-12-31,sp600,EXTR
2020-03-31,rut,EXTR
2020-03-31,sp600,EXTR
2020-06-30,rut,EXTR
2020-06-30,sp600,EXTR
2020-09-30,rut,EXTR
2020-09-30,sp600,EXTR
2020-12-31,rut,EXTR
2020-12-31,sp600,EXTR
2021-03-31,rut,EXTR
2021-03-31,sp600,EXTR
2021-06-30,rut,EXTR
2021-06-30,sp600,EXTR
2021-09-30,rut,EXTR
2021-09-30,sp600,EXTR
2021-12-31,rut,EXTR
2021-12-31,sp600,EXTR
2022-03-31,rut,EXTR
2022-03-31,sp600,EXTR
2022-06-30,rut,EXTR
2022-06-30,sp600,EXTR
2022-09-30,rut,EXTR
2022-09-30,sp600,EXTR
2022-12-31,rut,EXTR
2022-12-31,sp600,EXTR
2023-03-31,rut,EXTR
2023-03-31,sp600,EXTR
2023-06-30,rut,EXTR
2023-06-30,sp600,EXTR
2023-09-30,rut,EXTR
2023-09-30,sp600,EXTR
2023-12-31,rut,EXTR
2023-12-31,sp600,EXTR
2024-03-31,rut,EXTR
2024-03-31,sp600,EXTR
2024-06-30,rut,EXTR
2024-06-30,sp600,EXTR
2024-09-30,rut,EXTR
2024-09-30,sp600,EXTR
2024-12-31,rut,EXTR
2024-12-31,sp600,EXTR
2025-03-31,rut,EXTR
2025-03-31,sp600,EXTR
2025-06-30,rut,EXTR
2025-06-30,sp600,EXTR
2025-09-30,rut,EXTR
2025-09-30,sp600,EXTR
2025-12-31,rut,EXTR
2025-12-31,sp600,EXTR
2026-03-31,rut,EXTR
2026-03-31,sp600,EXTR
2026-06-30,rut,EXTR
2026-06-30,sp600,EXTR
2026-09-30,rut,EXTR
2026-09-30,sp600,EXTR
2019-12-31,rut,INVA
2019-12-31,sp600,INVA
2020-03-31,rut,INVA
2020-03-31,sp600,INVA
2020-06-30,rut,INVA
2020-06-30,sp600,INVA
2020-09-30,rut,INVA
2020-09-30,sp600,INVA
2020-12-31,rut,INVA
2020-12-31,sp600,INVA
2021-03-31,rut,INVA
2021-03-31,sp600,INVA
2021-06-30,rut,INVA
2021-06-30,sp600,INVA
2021-09-30,rut,INVA
2021-09-30,sp600,INVA
2021-12-31,rut,INVA
2021-12-31,sp600,INVA
2022-03-31,rut,INVA
2022-03-31,sp600,INVA
2022-06-30,rut,INVA
2022-06-30,sp600,INVA
2022-09-30,rut,INVA
2022-09-30,sp600,INVA
2022-12-31,rut,INVA
2022-12-31,sp600,INVA
2023-03-31,rut,INVA
2023-03-31,sp600,INVA
2023-06-30,rut,INVA
2023-06-30,sp600,INVA
2023-09-30,rut,INVA
2023-09-30,sp600,INVA
2023-12-31,rut,INVA
2023-12-31,sp600,INVA
2024-03-31,rut,INVA
2024-03-31,sp600,INVA
2024-06-30,rut,INVA
2024-06-30,sp600,INVA
2024-09-30,rut,INVA
2024-09-30,sp600,INVA
2024-12-31,rut,INVA
2024-12-31,sp600,INVA
2025-03-31,rut,INVA
2025-03-31,sp600,INVA
2025-06-30,rut,INVA
2025-06-30,sp600,INVA
2025-09-30,rut,INVA
2025-09-30,sp600,INVA
2025-12-31,rut,INVA
2025-12-31,sp600,INVA
2026-03-31,rut,INVA
2026-03-31,sp600,INVA
2026-06-30,rut,INVA
2026-06-30,sp600,INVA
2026-09-30,rut,INVA
2026-09-30,sp600,INVA
2019-12-31,sp400,UTHR
2020-03-31,sp400,UTHR
2020-06-30,sp400,UTHR
2020-09-30,sp400,UTHR
2020-12-31,sp400,UTHR
2021-03-31,sp400,UTHR
2021-06-30,sp400,UTHR
2021-09-30,sp400,UTHR
2021-12-31,sp400,UTHR
2022-03-31,sp400,UTHR
2022-06-30,sp400,UTHR
2022-09-30,sp400,UTHR
2022-12-31,sp400,UTHR
2023-03-31,sp400,UTHR
2023-06-30,sp400,UTHR
2023-09-30,sp400,UTHR
2023-12-31,sp400,UTHR
2024-03-31,sp400,UTHR
2024-06-30,sp400,UTHR
2024-09-30,sp400,UTHR
2024-12-31,sp400,UTHR
2025-03-31,sp400,UTHR
2025-06-30,sp400,UTHR
2025-09-30,sp400,UTHR
2025-12-31,sp400,UTHR
2026-03-31,sp400,UTHR
2026-06-30,sp400,UTHR
2026-09-30,sp400,UTHR
2022-06-30,rut,WULF
2022-09-30,rut,WULF
2022-12-31,rut,WULF
2023-03-31,rut,WULF
2023-06-30,rut,WULF
2023-09-30,rut,WULF
2023-12-31,rut,WULF
2024-03-31,rut,WULF
2024-06-30,rut,WULF
2024-09-30,rut,WULF
2024-12-31,rut,WULF
2025-03-31,rut,WULF
2025-06-30,rut,WULF
2025-09-30,rut,WULF
2025-12-31,rut,WULF
2026-03-31,rut,WULF
2019-12-31,rut,ASTH
2020-03-31,rut,ASTH
2020-06-30,rut,ASTH
2020-09-30,rut,ASTH
2020-12-31,rut,ASTH
2021-03-31,rut,ASTH
2021-06-30,rut,ASTH
2021-06-30,sp600,ASTH
2021-09-30,rut,ASTH
2021-09-30,sp600,ASTH
2021-12-31,rut,ASTH
2021-12-31,sp600,ASTH
2022-03-31,rut,ASTH
2022-03-31,sp600,ASTH
2022-06-30,rut,ASTH
2022-06-30,sp600,ASTH
2022-09-30,rut,ASTH
2022-09-30,sp600,ASTH
2022-12-31,rut,ASTH
2022-12-31,sp600,ASTH
2023-03-31,rut,ASTH
2023-03-31,sp600,ASTH
2023-06-30,rut,ASTH
2023-06-30,sp600,ASTH
2023-09-30,rut,ASTH
2023-09-30,sp600,ASTH
2023-12-31,rut,ASTH
2023-12-31,sp600,ASTH
2024-03-31,rut,ASTH
2024-03-31,sp600,ASTH
2024-06-30,rut,ASTH
2024-06-30,sp600,ASTH
2024-09-30,rut,ASTH
2024-09-30,sp600,ASTH
2024-12-31,rut,ASTH
2024-12-31,sp600,ASTH
2025-03-31,rut,ASTH
2025-03-31,sp600,ASTH
2025-06-30,rut,ASTH
2025-06-30,sp600,ASTH
2025-09-30,rut,ASTH
2025-09-30,sp600,ASTH
2025-12-31,rut,ASTH
2025-12-31,sp600,ASTH
2026-03-31,rut,ASTH
2026-03-31,sp600,ASTH
2026-06-30,rut,ASTH
2026-06-30,sp600,ASTH
2026-09-30,rut,ASTH
2026-09-30,sp600,ASTH
2019-12-31,rut,ZD
2019-12-31,sp400,ZD
2020-03-31,rut,ZD
2020-03-31,sp400,ZD
2020-06-30,rut,ZD
2020-06-30,sp400,ZD
2020-09-30,rut,ZD
2020-09-30,sp400,ZD
2020-12-31,rut,ZD
2020-12-31,sp400,ZD
2021-03-31,rut,ZD
2021-03-31,sp400,ZD
2021-06-30,rut,ZD
2021-06-30,sp400,ZD
2021-09-30,rut,ZD
2021-09-30,sp400,ZD
2021-12-31,rut,ZD
2021-12-31,sp400,ZD
2022-03-31,rut,ZD
2022-03-31,sp400,ZD
2022-06-30,rut,ZD
2022-06-30,sp400,ZD
2022-09-30,rut,ZD
2022-09-30,sp400,ZD
2022-12-31,rut,ZD
2022-12-31,sp400,ZD
2023-03-31,rut,ZD
2023-03-31,sp400,ZD
2023-06-30,rut,ZD
2023-06-30,sp400,ZD
2023-09-30,rut,ZD
2023-09-30,sp400,ZD
2023-12-31,rut,ZD
2023-12-31,sp400,ZD
2024-03-31,rut,ZD
2024-03-31,sp400,ZD
2024-06-30,rut,ZD
2024-06-30,sp400,ZD
2024-09-30,rut,ZD
2024-09-30,sp600,ZD
2024-12-31,rut,ZD
2024-12-31,sp600,ZD
2025-03-31,rut,ZD
2025-03-31,sp600,ZD
2025-06-30,rut,ZD
2025-06-30,sp600,ZD
2025-09-30,rut,ZD
2025-09-30,sp600,ZD
2025-12-31,rut,ZD
2025-12-31,sp600,ZD
2026-03-31,rut,ZD
2026-03-31,sp600,ZD
2026-06-30,rut,ZD
2026-06-30,sp600,ZD
2026-09-30,rut,ZD
2026-09-30,sp600,ZD
2019-12-31,rut,FLWS
2020-03-31,rut,FLWS
2020-06-30,rut,FLWS
2020-09-30,rut,FLWS
2020-12-31,rut,FLWS
2021-03-31,rut,FLWS
2021-06-30,rut,FLWS
2021-09-30,rut,FLWS
2021-12-31,rut,FLWS
2022-03-31,rut,FLWS
2022-06-30,rut,FLWS
2022-09-30,rut,FLWS
2022-12-31,rut,FLWS
2023-03-31,rut,FLWS
2023-06-30,rut,FLWS
2023-09-30,rut,FLWS
2023-12-31,rut,FLWS
2024-03-31,rut,FLWS
2024-06-30,rut,FLWS
2024-09-30,rut,FLWS
2024-12-31,rut,FLWS
2025-03-31,rut,FLWS
2025-06-30,rut,FLWS
2025-09-30,rut,FLWS
2025-12-31,rut,FLWS
2026-03-31,rut,FLWS
2026-06-30,rut,FLWS
2026-09-30,rut,FLWS
2019-12-31,rut,ECPG
2019-12-31,sp600,ECPG
2020-03-31,rut,ECPG
2020-03-31,sp600,ECPG
2020-06-30,rut,ECPG
2020-06-30,sp600,ECPG
2020-09-30,rut,ECPG
2020-09-30,sp600,ECPG
2020-12-31,rut,ECPG
2020-12-31,sp600,ECPG
2021-03-31,rut,ECPG
2021-03-31,sp600,ECPG
2021-06-30,rut,ECPG
2021-06-30,sp600,ECPG
2021-09-30,rut,ECPG
2021-09-30,sp600,ECPG
2021-12-31,rut,ECPG
2021-12-31,sp600,ECPG
2022-03-31,rut,ECPG
2022-03-31,sp600,ECPG
2022-06-30,rut,ECPG
2022-06-30,sp600,ECPG
2022-09-30,rut,ECPG
2022-09-30,sp600,ECPG
2022-12-31,rut,ECPG
2022-12-31,sp600,ECPG
2023-03-31,rut,ECPG
2023-03-31,sp600,ECPG
2023-06-30,rut,ECPG
2023-06-30,sp600,ECPG
2023-09-30,rut,ECPG
2023-09-30,sp600,ECPG
2023-12-31,rut,ECPG
2023-12-31,sp600,ECPG
2024-03-31,rut,ECPG
2024-03-31,sp600,ECPG
2024-06-30,rut,ECPG
2024-06-30,sp600,ECPG
2024-09-30,rut,ECPG
2024-09-30,sp600,ECPG
2024-12-31,rut,ECPG
2024-12-31,sp600,ECPG
2025-03-31,rut,ECPG
2025-03-31,sp600,ECPG
2025-06-30,rut,ECPG
2025-06-30,sp600,ECPG
2025-09-30,rut,ECPG
2025-09-30,sp600,ECPG
2025-12-31,rut,ECPG
2025-12-31,sp600,ECPG
2026-03-31,rut,ECPG
2026-03-31,sp600,ECPG
2026-06-30,rut,ECPG
2026-06-30,sp600,ECPG
2026-09-30,rut,ECPG
2026-09-30,sp600,ECPG
2019-12-31,rut,CORT
2019-12-31,sp600,CORT
2020-03-31,rut,CORT
2020-03-31,sp600,CORT
2020-06-30,rut,CORT
2020-06-30,sp600,CORT
2020-09-30,rut,CORT
2020-09-30,sp600,CORT
2020-12-31,rut,CORT
2020-12-31,sp600,CORT
2021-03-31,rut,CORT
2021-03-31,sp600,CORT
2021-06-30,rut,CORT
2021-06-30,sp600,CORT
2021-09-30,rut,CORT
2021-09-30,sp600,CORT
2021-12-31,rut,CORT
2021-12-31,sp600,CORT
2022-03-31,rut,CORT
2022-03-31,sp600,CORT
2022-06-30,rut,CORT
2022-06-30,sp600,CORT
2022-09-30,rut,CORT
2022-09-30,sp600,CORT
2022-12-31,rut,CORT
2022-12-31,sp600,CORT
2023-03-31,rut,CORT
2023-03-31,sp600,CORT
2023-06-30,rut,CORT
2023-06-30,sp600,CORT
2023-09-30,rut,CORT
2023-09-30,sp600,CORT
2023-12-31,rut,CORT
2023-12-31,sp600,CORT
2024-03-31,rut,CORT
2024-03-31,sp600,CORT
2024-06-30,rut,CORT
2024-06-30,sp600,CORT
2024-09-30,rut,CORT
2024-09-30,sp600,CORT
2024-12-31,rut,CORT
2024-12-31,sp600,CORT
2025-03-31,rut,CORT
2025-03-31,sp600,CORT
2025-06-30,rut,CORT
2025-06-30,sp600,CORT
2025-09-30,sp600,CORT
2025-12-31,sp600,CORT
2026-03-31,sp600,CORT
2026-06-30,sp600,CORT
2026-09-30,sp400,CORT
2019-12-31,sp400,DKS
2020-03-31,sp400,DKS
2020-06-30,sp400,DKS
2020-09-30,sp400,DKS
2020-12-31,sp400,DKS
2021-03-31,sp400,DKS
2021-06-30,sp400,DKS
2021-09-30,sp400,DKS
2021-12-31,sp400,DKS
2022-03-31,sp400,DKS
2022-06-30,sp400,DKS
2022-09-30,sp400,DKS
2022-12-31,sp400,DKS
2023-03-31,sp400,DKS
2023-06-30,sp400,DKS
2023-09-30,sp400,DKS
2023-12-31,sp400,DKS
2024-03-31,sp400,DKS
2024-06-30,sp400,DKS
2024-09-30,sp400,DKS
2024-12-31,sp400,DKS
2025-03-31,sp400,DKS
2025-06-30,sp400,DKS
2025-09-30,sp400,DKS
2025-12-31,sp400,DKS
2026-03-31,sp400,DKS
2026-06-30,sp400,DKS
2026-09-30,sp400,DKS
2026-09-30,sp400,LAMR
2019-12-31,rut,SPSC
2019-12-31,sp600,SPSC
2020-03-31,rut,SPSC
2020-03-31,sp600,SPSC
2020-06-30,rut,SPSC
2020-06-30,sp600,SPSC
2020-09-30,rut,SPSC
2020-09-30,sp600,SPSC
2020-12-31,rut,SPSC
2020-12-31,sp600,SPSC
2021-03-31,rut,SPSC
2021-03-31,sp600,SPSC
2021-06-30,rut,SPSC
2021-06-30,sp600,SPSC
2021-09-30,rut,SPSC
2021-09-30,sp600,SPSC
2021-12-31,rut,SPSC
2021-12-31,sp600,SPSC
2022-03-31,rut,SPSC
2022-03-31,sp600,SPSC
2022-06-30,rut,SPSC
2022-06-30,sp600,SPSC
2022-09-30,rut,SPSC
2022-09-30,sp600,SPSC
2022-12-31,rut,SPSC
2022-12-31,sp600,SPSC
2023-03-31,rut,SPSC
2023-03-31,sp600,SPSC
2023-06-30,rut,SPSC
2023-06-30,sp600,SPSC
2023-09-30,rut,SPSC
2023-09-30,sp600,SPSC
2023-12-31,rut,SPSC
2023-12-31,sp600,SPSC
2024-03-31,rut,SPSC
2024-03-31,sp600,SPSC
2024-06-30,rut,SPSC
2024-06-30,sp600,SPSC
2024-09-30,rut,SPSC
2024-09-30,sp600,SPSC
2024-12-31,rut,SPSC
2024-12-31,sp600,SPSC
2025-03-31,rut,SPSC
2025-03-31,sp600,SPSC
2025-06-30,rut,SPSC
2025-06-30,sp600,SPSC
2025-09-30,rut,SPSC
2025-09-30,sp600,SPSC
2025-12-31,rut,SPSC
2025-12-31,sp600,SPSC
2026-03-31,rut,SPSC
2026-03-31,sp600,SPSC
2026-06-30,rut,SPSC
2026-06-30,sp600,SPSC
2026-09-30,rut,SPSC
2026-09-30,sp600,SPSC
2019-12-31,rut,PLUG
2020-03-31,rut,PLUG
2020-06-30,rut,PLUG
2020-09-30,rut,PLUG
2020-12-31,rut,PLUG
2021-03-31,rut,PLUG
2024-09-30,rut,PLUG
2024-12-31,rut,PLUG
2025-03-31,rut,PLUG
2025-06-30,rut,PLUG
2025-09-30,rut,PLUG
2025-12-31,rut,PLUG
2026-03-31,rut,PLUG
2026-06-30,rut,PLUG
2026-09-30,rut,PLUG
2023-09-30,rut,BGC
2023-12-31,rut,BGC
2024-03-31,rut,BGC
2024-03-31,sp600,BGC
2024-06-30,rut,BGC
2024-06-30,sp600,BGC
2024-09-30,rut,BGC
2024-09-30,sp600,BGC
2024-12-31,rut,BGC
2024-12-31,sp600,BGC
2025-03-31,rut,BGC
2025-03-31,sp600,BGC
2025-06-30,rut,BGC
2025-06-30,sp600,BGC
2025-09-30,rut,BGC
2025-09-30,sp600,BGC
2025-12-31,rut,BGC
2025-12-31,sp600,BGC
2026-03-31,rut,BGC
2026-03-31,sp600,BGC
2026-06-30,rut,BGC
2026-06-30,sp600,BGC
2026-09-30,rut,BGC
2026-09-30,sp600,BGC
2019-12-31,rut,SAFE
2019-12-31,sp600,SAFE
2020-03-31,rut,SAFE
2020-03-31,sp600,SAFE
2020-06-30,rut,SAFE
2020-06-30,sp600,SAFE
2020-09-30,rut,SAFE
2020-09-30,sp600,SAFE
2020-12-31,rut,SAFE
2020-12-31,sp600,SAFE
2021-03-31,rut,SAFE
2021-03-31,sp600,SAFE
2021-06-30,rut,SAFE
2021-06-30,sp600,SAFE
2021-09-30,rut,SAFE
2021-09-30,sp600,SAFE
2021-12-31,rut,SAFE
2021-12-31,sp600,SAFE
2022-03-31,rut,SAFE
2022-03-31,sp600,SAFE
2022-06-30,rut,SAFE
2022-06-30,sp600,SAFE
2022-09-30,rut,SAFE
2022-09-30,sp600,SAFE
2022-12-31,rut,SAFE
2022-12-31,sp600,SAFE
2023-03-31,rut,SAFE
2023-03-31,sp600,SAFE
2023-06-30,rut,SAFE
2023-06-30,sp600,SAFE
2023-09-30,rut,SAFE
2023-09-30,sp600,SAFE
2023-12-31,rut,SAFE
2023-12-31,sp600,SAFE
2024-03-31,rut,SAFE
2024-03-31,sp600,SAFE
2024-06-30,rut,SAFE
2024-06-30,sp600,SAFE
2024-09-30,rut,SAFE
2024-09-30,sp600,SAFE
2024-12-31,rut,SAFE
2024-12-31,sp600,SAFE
2025-03-31,rut,SAFE
2025-03-31,sp600,SAFE
2025-06-30,rut,SAFE
2025-06-30,sp600,SAFE
2025-09-30,rut,SAFE
2025-09-30,sp600,SAFE
2025-12-31,rut,SAFE
2025-12-31,sp600,SAFE
2026-03-31,rut,SAFE
2026-03-31,sp600,SAFE
2026-06-30,rut,SAFE
2026-06-30,sp600,SAFE
2026-09-30,rut,SAFE
2026-09-30,sp600,SAFE
2019-12-31,rut,EPC
2019-12-31,sp400,EPC
2020-03-31,rut,EPC
2020-03-31,sp400,EPC
2020-06-30,rut,EPC
2020-06-30,sp400,EPC
2020-09-30,rut,EPC
2020-09-30,sp400,EPC
2020-12-31,rut,EPC
2020-12-31,sp400,EPC
2021-03-31,rut,EPC
2021-03-31,sp600,EPC
2021-06-30,rut,EPC
2021-06-30,sp600,EPC
2021-09-30,rut,EPC
2021-09-30,sp600,EPC
2021-12-31,rut,EPC
2021-12-31,sp600,EPC
2022-03-31,rut,EPC
2022-03-31,sp600,EPC
2022-06-30,rut,EPC
2022-06-30,sp600,EPC
2022-09-30,rut,EPC
2022-09-30,sp600,EPC
2022-12-31,rut,EPC
2022-12-31,sp600,EPC
2023-03-31,rut,EPC
2023-03-31,sp600,EPC
2023-06-30,rut,EPC
2023-06-30,sp600,EPC
2023-09-30,rut,EPC
2023-09-30,sp600,EPC
2023-12-31,rut,EPC
2023-12-31,sp600,EPC
2024-03-31,rut,EPC
2024-03-31,sp600,EPC
2024-06-30,rut,EPC
2024-06-30,sp600,EPC
2024-09-30,rut,EPC
2024-09-30,sp600,EPC
2024-12-31,rut,EPC
2024-12-31,sp600,EPC
2025-03-31,rut,EPC
2025-03-31,sp600,EPC
2025-06-30,rut,EPC
2025-06-30,sp600,EPC
2025-09-30,rut,EPC
2025-09-30,sp600,EPC
2025-12-31,rut,EPC
2025-12-31,sp600,EPC
2026-03-31,rut,EPC
2026-03-31,sp600,EPC
2026-06-30,rut,EPC
2026-06-30,sp600,EPC
2026-09-30,rut,EPC
2026-09-30,sp600,EPC
2020-06-30,sp400,BFH
2020-09-30,sp400,BFH
2020-12-31,sp400,BFH
2021-03-31,sp400,BFH
2021-06-30,sp400,BFH
2021-09-30,sp400,BFH
2021-12-31,sp400,BFH
2022-03-31,sp400,BFH
2022-06-30,rut,BFH
2022-06-30,sp400,BFH
2022-09-30,rut,BFH
2022-09-30,sp400,BFH
2022-12-31,rut,BFH
2022-12-31,sp600,BFH
2023-03-31,rut,BFH
2023-03-31,sp600,BFH
2023-06-30,rut,BFH
2023-06-30,sp600,BFH
2023-09-30,rut,BFH
2023-09-30,sp600,BFH
2023-12-31,rut,BFH
2023-12-31,sp600,BFH
2024-03-31,rut,BFH
2024-03-31,sp600,BFH
2024-06-30,rut,BFH
2024-06-30,sp600,BFH
2024-09-30,rut,BFH
2024-09-30,sp600,BFH
2024-12-31,rut,BFH
2024-12-31,sp600,BFH
2025-03-31,rut,BFH
2025-03-31,sp600,BFH
2025-06-30,rut,BFH
2025-06-30,sp600,BFH
2025-09-30,rut,BFH
2025-09-30,sp600,BFH
2025-12-31,rut,BFH
2025-12-31,sp600,BFH
2026-03-31,rut,BFH
2026-03-31,sp600,BFH
2026-06-30,rut,BFH
2026-06-30,sp600,BFH
2026-09-30,rut,BFH
2026-09-30,sp600,BFH
2025-03-31,sp400,ENTG
2025-06-30,sp400,ENTG
2025-09-30,sp400,ENTG
2025-12-31,sp400,ENTG
2026-03-31,sp400,ENTG
2026-06-30,sp400,ENTG
2026-09-30,sp400,ENTG
2019-12-31,rut,NOG
2020-03-31,rut,NOG
2021-06-30,rut,NOG
2021-09-30,rut,NOG
2021-12-31,rut,NOG
2022-03-31,rut,NOG
2022-06-30,rut,NOG
2022-09-30,rut,NOG
2022-12-31,rut,NOG
2023-03-31,rut,NOG
2023-03-31,sp600,NOG
2023-06-30,rut,NOG
2023-06-30,sp600,NOG
2023-09-30,rut,NOG
2023-09-30,sp600,NOG
2023-12-31,rut,NOG
2023-12-31,sp600,NOG
2024-03-31,rut,NOG
2024-03-31,sp600,NOG
2024-06-30,rut,NOG
2024-06-30,sp600,NOG
2024-09-30,rut,NOG
2024-09-30,sp600,NOG
2024-12-31,rut,NOG
2024-12-31,sp600,NOG
2025-03-31,rut,NOG
2025-03-31,sp600,NOG
2025-06-30,rut,NOG
2025-06-30,sp600,NOG
2025-09-30,rut,NOG
2025-09-30,sp600,NOG
2025-12-31,rut,NOG
2025-12-31,sp600,NOG
2026-03-31,rut,NOG
2026-03-31,sp600,NOG
2026-06-30,rut,NOG
2026-06-30,sp600,NOG
2026-09-30,rut,NOG
2026-09-30,sp600,NOG
2019-12-31,rut,INSM
2020-03-31,rut,INSM
2020-06-30,rut,INSM
2020-09-30,rut,INSM
2020-12-31,rut,INSM
2021-03-31,rut,INSM
2021-06-30,rut,INSM
2021-09-30,rut,INSM
2021-12-31,rut,INSM
2022-03-31,rut,INSM
2022-06-30,rut,INSM
2022-09-30,rut,INSM
2022-12-31,rut,INSM
2023-03-31,rut,INSM
2023-06-30,rut,INSM
2023-09-30,rut,INSM
2023-12-31,rut,INSM
2024-03-31,rut,INSM
2024-06-30,rut,INSM
2024-09-30,rut,INSM
2024-12-31,rut,INSM
2025-03-31,rut,INSM
2019-12-31,rut,MTRN
2019-12-31,sp600,MTRN
2020-03-31,rut,MTRN
2020-03-31,sp600,MTRN
2020-06-30,rut,MTRN
2020-06-30,sp600,MTRN
2020-09-30,rut,MTRN
2020-09-30,sp600,MTRN
2020-12-31,rut,MTRN
2020-12-31,sp600,MTRN
2021-03-31,rut,MTRN
2021-03-31,sp600,MTRN
2021-06-30,rut,MTRN
2021-06-30,sp600,MTRN
2021-09-30,rut,MTRN
2021-09-30,sp600,MTRN
2021-12-31,rut,MTRN
2021-12-31,sp600,MTRN
2022-03-31,rut,MTRN
2022-03-31,sp600,MTRN
2022-06-30,rut,MTRN
2022-06-30,sp600,MTRN
2022-09-30,rut,MTRN
2022-09-30,sp600,MTRN
2022-12-31,rut,MTRN
2022-12-31,sp600,MTRN
2023-03-31,rut,MTRN
2023-03-31,sp600,MTRN
2023-06-30,rut,MTRN
2023-06-30,sp600,MTRN
2023-09-30,rut,MTRN
2023-09-30,sp600,MTRN
2023-12-31,rut,MTRN
2023-12-31,sp600,MTRN
2024-03-31,rut,MTRN
2024-03-31,sp600,MTRN
2024-06-30,rut,MTRN
2024-06-30,sp600,MTRN
2024-09-30,rut,MTRN
2024-09-30,sp600,MTRN
2024-12-31,rut,MTRN
2024-12-31,sp600,MTRN
2025-03-31,rut,MTRN
2025-03-31,sp600,MTRN
2025-06-30,rut,MTRN
2025-06-30,sp600,MTRN
2025-09-30,rut,MTRN
2025-09-30,sp600,MTRN
2025-12-31,rut,MTRN
2025-12-31,sp600,MTRN
2026-03-31,rut,MTRN
2026-03-31,sp600,MTRN
2026-06-30,rut,MTRN
2026-06-30,sp600,MTRN
2026-09-30,rut,MTRN
2026-09-30,sp600,MTRN
2019-12-31,rut,QLYS
2019-12-31,sp600,QLYS
2020-03-31,rut,QLYS
2020-03-31,sp600,QLYS
2020-06-30,rut,QLYS
2020-06-30,sp400,QLYS
2020-09-30,rut,QLYS
2020-09-30,sp400,QLYS
2020-12-31,rut,QLYS
2020-12-31,sp400,QLYS
2021-03-31,rut,QLYS
2021-03-31,sp400,QLYS
2021-06-30,rut,QLYS
2021-06-30,sp400,QLYS
2021-09-30,rut,QLYS
2021-09-30,sp400,QLYS
2021-12-31,rut,QLYS
2021-12-31,sp400,QLYS
2022-03-31,rut,QLYS
2022-03-31,sp400,QLYS
2022-06-30,rut,QLYS
2022-06-30,sp400,QLYS
2022-09-30,rut,QLYS
2022-09-30,sp400,QLYS
2022-12-31,rut,QLYS
2022-12-31,sp400,QLYS
2023-03-31,rut,QLYS
2023-03-31,sp400,QLYS
2023-06-30,rut,QLYS
2023-06-30,sp400,QLYS
2023-09-30,rut,QLYS
2023-09-30,sp400,QLYS
2023-12-31,rut,QLYS
2023-12-31,sp400,QLYS
2024-03-31,rut,QLYS
2024-03-31,sp400,QLYS
2024-06-30,rut,QLYS
2024-06-30,sp400,QLYS
2024-09-30,rut,QLYS
2024-09-30,sp400,QLYS
2024-12-31,rut,QLYS
2024-12-31,sp400,QLYS
2025-03-31,rut,QLYS
2025-03-31,sp400,QLYS
2025-06-30,rut,QLYS
2025-06-30,sp400,QLYS
2025-09-30,rut,QLYS
2025-09-30,sp400,QLYS
2025-12-31,rut,QLYS
2025-12-31,sp400,QLYS
2026-03-31,rut,QLYS
2026-03-31,sp400,QLYS
2026-06-30,rut,QLYS
2026-06-30,sp400,QLYS
2026-09-30,rut,QLYS
2026-09-30,sp400,QLYS
2019-12-31,rut,CYH
2019-12-31,sp600,CYH
2020-03-31,rut,CYH
2020-03-31,sp600,CYH
2020-06-30,rut,CYH
2020-06-30,sp600,CYH
2020-09-30,rut,CYH
2020-09-30,sp600,CYH
2020-12-31,rut,CYH
2020-12-31,sp600,CYH
2021-03-31,rut,CYH
2021-03-31,sp600,CYH
2021-06-30,rut,CYH
2021-06-30,sp600,CYH
2021-09-30,rut,CYH
2021-09-30,sp600,CYH
2021-12-31,rut,CYH
2021-12-31,sp600,CYH
2022-03-31,rut,CYH
2022-03-31,sp600,CYH
2022-06-30,rut,CYH
2022-06-30,sp600,CYH
2022-09-30,rut,CYH
2022-09-30,sp600,CYH
2022-12-31,rut,CYH
2022-12-31,sp600,CYH
2023-03-31,rut,CYH
2023-03-31,sp600,CYH
2023-06-30,rut,CYH
2023-06-30,sp600,CYH
2023-09-30,rut,CYH
2023-09-30,sp600,CYH
2023-12-31,rut,CYH
2024-03-31,rut,CYH
2024-06-30,rut,CYH
2024-09-30,rut,CYH
2024-12-31,rut,CYH
2025-03-31,rut,CYH
2025-06-30,rut,CYH
2025-09-30,rut,CYH
2025-12-31,rut,CYH
2026-03-31,rut,CYH
2026-06-30,rut,CYH
2026-09-30,rut,CYH
2019-12-31,rut,BBT
2019-12-31,sp600,BBT
2020-03-31,rut,BBT
2020-03-31,sp600,BBT
2020-06-30,rut,BBT
2020-06-30,sp600,BBT
2020-09-30,rut,BBT
2020-09-30,sp600,BBT
2020-12-31,rut,BBT
2020-12-31,sp600,BBT
2021-03-31,rut,BBT
2021-03-31,sp600,BBT
2021-06-30,rut,BBT
2021-06-30,sp600,BBT
2021-09-30,rut,BBT
2021-09-30,sp600,BBT
2021-12-31,rut,BBT
2021-12-31,sp600,BBT
2022-03-31,rut,BBT
2022-03-31,sp600,BBT
2022-06-30,rut,BBT
2022-06-30,sp600,BBT
2022-09-30,rut,BBT
2022-09-30,sp600,BBT
2022-12-31,rut,BBT
2022-12-31,sp600,BBT
2023-03-31,rut,BBT
2023-03-31,sp600,BBT
2023-06-30,rut,BBT
2023-06-30,sp600,BBT
2023-09-30,rut,BBT
2023-09-30,sp600,BBT
2023-12-31,rut,BBT
2023-12-31,sp600,BBT
2024-03-31,rut,BBT
2024-03-31,sp600,BBT
2024-06-30,rut,BBT
2024-06-30,sp600,BBT
2024-09-30,rut,BBT
2024-09-30,sp600,BBT
2024-12-31,rut,BBT
2024-12-31,sp600,BBT
2025-03-31,rut,BBT
2025-03-31,sp600,BBT
2025-06-30,rut,BBT
2025-06-30,sp600,BBT
2025-09-30,rut,BBT
2025-09-30,sp600,BBT
2025-12-31,rut,BBT
2025-12-31,sp600,BBT
2026-03-31,rut,BBT
2026-03-31,sp600,BBT
2026-06-30,rut,BBT
2026-06-30,sp600,BBT
2026-09-30,rut,BBT
2026-09-30,sp600,BBT
2019-12-31,rut,TXNM
2019-12-31,sp400,TXNM
2020-03-31,rut,TXNM
2020-03-31,sp400,TXNM
2020-06-30,rut,TXNM
2020-06-30,sp400,TXNM
2020-09-30,rut,TXNM
2020-09-30,sp400,TXNM
2020-12-31,rut,TXNM
2020-12-31,sp400,TXNM
2021-03-31,rut,TXNM
2021-03-31,sp400,TXNM
2021-06-30,rut,TXNM
2021-06-30,sp400,TXNM
2021-09-30,rut,TXNM
2021-09-30,sp400,TXNM
2021-12-31,rut,TXNM
2021-12-31,sp400,TXNM
2022-03-31,rut,TXNM
2022-03-31,sp400,TXNM
2022-06-30,rut,TXNM
2022-06-30,sp400,TXNM
2022-09-30,rut,TXNM
2022-09-30,sp400,TXNM
2022-12-31,rut,TXNM
2022-12-31,sp400,TXNM
2023-03-31,rut,TXNM
2023-03-31,sp400,TXNM
2023-06-30,rut,TXNM
2023-06-30,sp400,TXNM
2023-09-30,rut,TXNM
2023-09-30,sp400,TXNM
2023-12-31,rut,TXNM
2023-12-31,sp400,TXNM
2024-03-31,rut,TXNM
2024-03-31,sp400,TXNM
2024-06-30,rut,TXNM
2024-06-30,sp400,TXNM
2024-09-30,rut,TXNM
2024-09-30,sp400,TXNM
2024-12-31,rut,TXNM
2024-12-31,sp400,TXNM
2025-03-31,rut,TXNM
2025-03-31,sp400,TXNM
2025-06-30,rut,TXNM
2025-06-30,sp400,TXNM
2025-09-30,rut,TXNM
2025-09-30,sp400,TXNM
2025-12-31,rut,TXNM
2025-12-31,sp400,TXNM
2026-03-31,rut,TXNM
2026-03-31,sp400,TXNM
2026-06-30,rut,TXNM
2026-06-30,sp400,TXNM
2026-09-30,rut,TXNM
2026-09-30,sp400,TXNM
2019-12-31,rut,HAFC
2019-12-31,sp600,HAFC
2020-03-31,rut,HAFC
2020-03-31,sp600,HAFC
2020-06-30,rut,HAFC
2020-06-30,sp600,HAFC
2020-09-30,rut,HAFC
2020-09-30,sp600,HAFC
2020-12-31,rut,HAFC
2020-12-31,sp600,HAFC
2021-03-31,rut,HAFC
2021-03-31,sp600,HAFC
2021-06-30,rut,HAFC
2021-06-30,sp600,HAFC
2021-09-30,rut,HAFC
2021-09-30,sp600,HAFC
2021-12-31,rut,HAFC
2021-12-31,sp600,HAFC
2022-03-31,rut,HAFC
2022-03-31,sp600,HAFC
2022-06-30,rut,HAFC
2022-06-30,sp600,HAFC
2022-09-30,rut,HAFC
2022-09-30,sp600,HAFC
2022-12-31,rut,HAFC
2022-12-31,sp600,HAFC
2023-03-31,rut,HAFC
2023-03-31,sp600,HAFC
2023-06-30,rut,HAFC
2023-06-30,sp600,HAFC
2023-09-30,rut,HAFC
2023-09-30,sp600,HAFC
2023-12-31,rut,HAFC
2023-12-31,sp600,HAFC
2024-03-31,rut,HAFC
2024-03-31,sp600,HAFC
2024-06-30,rut,HAFC
2024-06-30,sp600,HAFC
2024-09-30,rut,HAFC
2024-09-30,sp600,HAFC
2024-12-31,rut,HAFC
2024-12-31,sp600,HAFC
2025-03-31,rut,HAFC
2025-03-31,sp600,HAFC
2025-06-30,rut,HAFC
2025-06-30,sp600,HAFC
2025-09-30,rut,HAFC
2025-09-30,sp600,HAFC
2025-12-31,rut,HAFC
2025-12-31,sp600,HAFC
2026-03-31,rut,HAFC
2026-03-31,sp600,HAFC
2026-06-30,rut,HAFC
2026-06-30,sp600,HAFC
2026-09-30,rut,HAFC
2026-09-30,sp600,HAFC
2021-12-31,sp400,BRKR
2022-03-31,sp400,BRKR
2022-06-30,sp400,BRKR
2022-09-30,sp400,BRKR
2022-12-31,sp400,BRKR
2023-03-31,sp400,BRKR
2023-06-30,sp400,BRKR
2023-09-30,sp400,BRKR
2023-12-31,sp400,BRKR
2024-03-31,sp400,BRKR
2024-06-30,sp400,BRKR
2024-09-30,sp400,BRKR
2024-12-31,sp400,BRKR
2025-03-31,sp400,BRKR
2025-06-30,sp400,BRKR
2025-09-30,sp400,BRKR
2025-12-31,sp400,BRKR
2026-03-31,sp400,BRKR
2026-06-30,sp400,BRKR
2026-09-30,sp400,BRKR
2024-06-30,sp400,ILMN
2024-09-30,sp400,ILMN
2024-12-31,sp400,ILMN
2025-03-31,sp400,ILMN
2025-06-30,sp400,ILMN
2025-09-30,sp400,ILMN
2025-12-31,sp400,ILMN
2026-03-31,sp400,ILMN
2026-06-30,sp400,ILMN
2019-12-31,rut,VC
2019-12-31,sp400,VC
2020-03-31,rut,VC
2020-03-31,sp400,VC
2020-06-30,rut,VC
2020-06-30,sp400,VC
2020-09-30,rut,VC
2020-09-30,sp400,VC
2020-12-31,rut,VC
2020-12-31,sp400,VC
2021-03-31,rut,VC
2021-03-31,sp400,VC
2021-06-30,rut,VC
2021-06-30,sp400,VC
2021-09-30,rut,VC
2021-09-30,sp400,VC
2021-12-31,rut,VC
2021-12-31,sp400,VC
2022-03-31,rut,VC
2022-03-31,sp400,VC
2022-06-30,rut,VC
2022-06-30,sp400,VC
2022-09-30,rut,VC
2022-09-30,sp400,VC
2022-12-31,rut,VC
2022-12-31,sp400,VC
2023-03-31,rut,VC
2023-03-31,sp400,VC
2023-06-30,rut,VC
2023-06-30,sp400,VC
2023-09-30,rut,VC
2023-09-30,sp400,VC
2023-12-31,rut,VC
2023-12-31,sp400,VC
2024-03-31,rut,VC
2024-03-31,sp400,VC
2024-06-30,rut,VC
2024-06-30,sp400,VC
2024-09-30,rut,VC
2024-09-30,sp400,VC
2024-12-31,rut,VC
2024-12-31,sp400,VC
2025-03-31,rut,VC
2025-03-31,sp400,VC
2025-06-30,rut,VC
2025-06-30,sp400,VC
2025-09-30,rut,VC
2025-09-30,sp400,VC
2025-12-31,rut,VC
2025-12-31,sp400,VC
2026-03-31,rut,VC
2026-03-31,sp400,VC
2026-06-30,rut,VC
2026-06-30,sp400,VC
2026-09-30,rut,VC
2026-09-30,sp400,VC
2022-06-30,sp400,IPGP
2022-09-30,sp400,IPGP
2022-12-31,sp400,IPGP
2023-03-31,sp400,IPGP
2023-06-30,sp400,IPGP
2023-09-30,sp400,IPGP
2023-12-31,sp400,IPGP
2024-03-31,sp400,IPGP
2024-06-30,sp400,IPGP
2024-09-30,sp400,IPGP
2024-12-31,sp400,IPGP
2025-03-31,sp400,IPGP
2025-06-30,sp400,IPGP
2025-09-30,sp400,IPGP
2025-12-31,sp400,IPGP
2026-03-31,sp400,IPGP
2026-06-30,sp400,IPGP
2026-09-30,sp400,IPGP
2019-12-31,rut,ACLS
2019-12-31,sp600,ACLS
2020-03-31,rut,ACLS
2020-03-31,sp600,ACLS
2020-06-30,rut,ACLS
2020-06-30,sp600,ACLS
2020-09-30,rut,ACLS
2020-09-30,sp600,ACLS
2020-12-31,rut,ACLS
2020-12-31,sp600,ACLS
2021-03-31,rut,ACLS
2021-03-31,sp600,ACLS
2021-06-30,rut,ACLS
2021-06-30,sp600,ACLS
2021-09-30,rut,ACLS
2021-09-30,sp600,ACLS
2021-12-31,rut,ACLS
2021-12-31,sp600,ACLS
2022-03-31,rut,ACLS
2022-03-31,sp600,ACLS
2022-06-30,rut,ACLS
2022-06-30,sp600,ACLS
2022-09-30,rut,ACLS
2022-09-30,sp600,ACLS
2022-12-31,rut,ACLS
2022-12-31,sp600,ACLS
2023-03-31,rut,ACLS
2023-03-31,sp600,ACLS
2023-06-30,rut,ACLS
2023-06-30,sp600,ACLS
2023-09-30,rut,ACLS
2023-09-30,sp600,ACLS
2023-12-31,rut,ACLS
2023-12-31,sp600,ACLS
2024-03-31,rut,ACLS
2024-03-31,sp600,ACLS
2024-06-30,rut,ACLS
2024-06-30,sp600,ACLS
2024-09-30,rut,ACLS
2024-09-30,sp600,ACLS
2024-12-31,rut,ACLS
2024-12-31,sp600,ACLS
2025-03-31,rut,ACLS
2025-03-31,sp600,ACLS
2025-06-30,rut,ACLS
2025-06-30,sp600,ACLS
2025-09-30,rut,ACLS
2025-09-30,sp600,ACLS
2025-12-31,rut,ACLS
2025-12-31,sp600,ACLS
2026-03-31,rut,ACLS
2026-03-31,sp600,ACLS
2026-06-30,rut,ACLS
2026-06-30,sp600,ACLS
2026-09-30,rut,ACLS
2026-09-30,sp600,ACLS
2019-12-31,rut,ITGR
2019-12-31,sp600,ITGR
2020-03-31,rut,ITGR
2020-03-31,sp600,ITGR
2020-06-30,rut,ITGR
2020-06-30,sp600,ITGR
2020-09-30,rut,ITGR
2020-09-30,sp600,ITGR
2020-12-31,rut,ITGR
2020-12-31,sp600,ITGR
2021-03-31,rut,ITGR
2021-03-31,sp600,ITGR
2021-06-30,rut,ITGR
2021-06-30,sp600,ITGR
2021-09-30,rut,ITGR
2021-09-30,sp600,ITGR
2021-12-31,rut,ITGR
2021-12-31,sp600,ITGR
2022-03-31,rut,ITGR
2022-03-31,sp600,ITGR
2022-06-30,rut,ITGR
2022-06-30,sp600,ITGR
2022-09-30,rut,ITGR
2022-09-30,sp600,ITGR
2022-12-31,rut,ITGR
2022-12-31,sp600,ITGR
2023-03-31,rut,ITGR
2023-03-31,sp600,ITGR
2023-06-30,rut,ITGR
2023-06-30,sp600,ITGR
2023-09-30,rut,ITGR
2023-09-30,sp600,ITGR
2023-12-31,rut,ITGR
2023-12-31,sp600,ITGR
2024-03-31,rut,ITGR
2024-03-31,sp600,ITGR
2024-06-30,rut,ITGR
2024-06-30,sp600,ITGR
2024-09-30,rut,ITGR
2024-09-30,sp600,ITGR
2024-12-31,rut,ITGR
2024-12-31,sp600,ITGR
2025-03-31,rut,ITGR
2025-03-31,sp600,ITGR
2025-06-30,rut,ITGR
2025-06-30,sp600,ITGR
2025-09-30,rut,ITGR
2025-09-30,sp600,ITGR
2025-12-31,rut,ITGR
2025-12-31,sp600,ITGR
2026-03-31,rut,ITGR
2026-03-31,sp600,ITGR
2026-06-30,rut,ITGR
2026-06-30,sp600,ITGR
2026-09-30,rut,ITGR
2026-09-30,sp600,ITGR
2019-12-31,rut,PI
2020-03-31,rut,PI
2020-06-30,rut,PI
2020-09-30,rut,PI
2020-12-31,rut,PI
2021-03-31,rut,PI
2021-06-30,rut,PI
2021-09-30,rut,PI
2021-12-31,rut,PI
2022-03-31,rut,PI
2022-06-30,rut,PI
2022-09-30,rut,PI
2022-12-31,rut,PI
2023-03-31,rut,PI
2023-06-30,rut,PI
2023-09-30,rut,PI
2023-12-31,rut,PI
2024-03-31,rut,PI
2024-06-30,rut,PI
2024-09-30,rut,PI
2024-09-30,sp600,PI
2024-12-31,rut,PI
2024-12-31,sp600,PI
2025-03-31,rut,PI
2025-03-31,sp600,PI
2025-06-30,rut,PI
2025-06-30,sp600,PI
2025-09-30,rut,PI
2025-09-30,sp600,PI
2025-12-31,rut,PI
2025-12-31,sp600,PI
2026-03-31,rut,PI
2026-03-31,sp600,PI
2026-06-30,rut,PI
2026-06-30,sp600,PI
2026-09-30,rut,PI
2026-09-30,sp600,PI
2019-12-31,rut,TTMI
2019-12-31,sp600,TTMI
2020-03-31,rut,TTMI
2020-03-31,sp600,TTMI
2020-06-30,rut,TTMI
2020-06-30,sp600,TTMI
2020-09-30,rut,TTMI
2020-09-30,sp600,TTMI
2020-12-31,rut,TTMI
2020-12-31,sp600,TTMI
2021-03-31,rut,TTMI
2021-03-31,sp600,TTMI
2021-06-30,rut,TTMI
2021-06-30,sp600,TTMI
2021-09-30,rut,TTMI
2021-09-30,sp600,TTMI
2021-12-31,rut,TTMI
2021-12-31,sp600,TTMI
2022-03-31,rut,TTMI
2022-03-31,sp600,TTMI
2022-06-30,rut,TTMI
2022-06-30,sp600,TTMI
2022-09-30,rut,TTMI
2022-09-30,sp600,TTMI
2022-12-31,rut,TTMI
2022-12-31,sp600,TTMI
2023-03-31,rut,TTMI
2023-03-31,sp600,TTMI
2023-06-30,rut,TTMI
2023-06-30,sp600,TTMI
2023-09-30,rut,TTMI
2023-09-30,sp600,TTMI
2023-12-31,rut,TTMI
2023-12-31,sp600,TTMI
2024-03-31,rut,TTMI
2024-03-31,sp600,TTMI
2024-06-30,rut,TTMI
2024-06-30,sp600,TTMI
2024-09-30,rut,TTMI
2024-09-30,sp600,TTMI
2024-12-31,rut,TTMI
2024-12-31,sp600,TTMI
2025-03-31,rut,TTMI
2025-03-31,sp600,TTMI
2025-06-30,rut,TTMI
2025-06-30,sp600,TTMI
2025-09-30,rut,TTMI
2025-09-30,sp600,TTMI
2025-12-31,rut,TTMI
2025-12-31,sp600,TTMI
2026-03-31,rut,TTMI
2026-03-31,sp400,TTMI
2026-06-30,sp400,TTMI
2026-09-30,sp400,TTMI
2019-12-31,rut,QNST
2019-12-31,sp600,QNST
2020-03-31,rut,QNST
2020-03-31,sp600,QNST
2020-06-30,rut,QNST
2020-06-30,sp600,QNST
2020-09-30,rut,QNST
2020-09-30,sp600,QNST
2020-12-31,rut,QNST
2020-12-31,sp600,QNST
2021-03-31,rut,QNST
2021-03-31,sp600,QNST
2021-06-30,rut,QNST
2021-06-30,sp600,QNST
2021-09-30,rut,QNST
2021-09-30,sp600,QNST
2021-12-31,rut,QNST
2021-12-31,sp600,QNST
2022-03-31,rut,QNST
2022-03-31,sp600,QNST
2022-06-30,rut,QNST
2022-06-30,sp600,QNST
2022-09-30,rut,QNST
2022-09-30,sp600,QNST
2022-12-31,rut,QNST
2022-12-31,sp600,QNST
2023-03-31,rut,QNST
2023-03-31,sp600,QNST
2023-06-30,rut,QNST
2023-06-30,sp600,QNST
2023-09-30,rut,QNST
2023-09-30,sp600,QNST
2023-12-31,rut,QNST
2023-12-31,sp600,QNST
2024-03-31,rut,QNST
2024-03-31,sp600,QNST
2024-06-30,rut,QNST
2024-06-30,sp600,QNST
2024-09-30,rut,QNST
2024-09-30,sp600,QNST
2024-12-31,rut,QNST
2024-12-31,sp600,QNST
2025-03-31,rut,QNST
2025-03-31,sp600,QNST
2025-06-30,rut,QNST
2025-06-30,sp600,QNST
2025-09-30,rut,QNST
2025-09-30,sp600,QNST
2025-12-31,rut,QNST
2025-12-31,sp600,QNST
2026-03-31,rut,QNST
2026-03-31,sp600,QNST
2026-06-30,rut,QNST
2026-06-30,sp600,QNST
2026-09-30,rut,QNST
2026-09-30,sp600,QNST
2019-12-31,rut,NTGR
2019-12-31,sp600,NTGR
2020-03-31,rut,NTGR
2020-03-31,sp600,NTGR
2020-06-30,rut,NTGR
2020-06-30,sp600,NTGR
2020-09-30,rut,NTGR
2020-09-30,sp600,NTGR
2020-12-31,rut,NTGR
2020-12-31,sp600,NTGR
2021-03-31,rut,NTGR
2021-03-31,sp600,NTGR
2021-06-30,rut,NTGR
2021-06-30,sp600,NTGR
2021-09-30,rut,NTGR
2021-09-30,sp600,NTGR
2021-12-31,rut,NTGR
2021-12-31,sp600,NTGR
2022-03-31,rut,NTGR
2022-03-31,sp600,NTGR
2022-06-30,rut,NTGR
2022-06-30,sp600,NTGR
2022-09-30,rut,NTGR
2022-09-30,sp600,NTGR
2022-12-31,rut,NTGR
2022-12-31,sp600,NTGR
2023-03-31,rut,NTGR
2023-03-31,sp600,NTGR
2023-06-30,rut,NTGR
2023-06-30,sp600,NTGR
2023-09-30,rut,NTGR
2023-12-31,rut,NTGR
2024-03-31,rut,NTGR
2024-06-30,rut,NTGR
2024-09-30,rut,NTGR
2024-12-31,rut,NTGR
2025-03-31,rut,NTGR
2025-06-30,rut,NTGR
2025-09-30,rut,NTGR
2025-12-31,rut,NTGR
2026-03-31,rut,NTGR
2026-06-30,rut,NTGR
2026-09-30,rut,NTGR
2020-09-30,rut,AVNT
2020-09-30,sp400,AVNT
2020-12-31,rut,AVNT
2020-12-31,sp400,AVNT
2021-03-31,rut,AVNT
2021-03-31,sp400,AVNT
2021-06-30,rut,AVNT
2021-06-30,sp400,AVNT
2021-09-30,rut,AVNT
2021-09-30,sp400,AVNT
2021-12-31,rut,AVNT
2021-12-31,sp400,AVNT
2022-03-31,rut,AVNT
2022-03-31,sp400,AVNT
2022-06-30,rut,AVNT
2022-06-30,sp400,AVNT
2022-09-30,rut,AVNT
2022-09-30,sp400,AVNT
2022-12-31,rut,AVNT
2022-12-31,sp400,AVNT
2023-03-31,rut,AVNT
2023-03-31,sp400,AVNT
2023-06-30,rut,AVNT
2023-06-30,sp400,AVNT
2023-09-30,rut,AVNT
2023-09-30,sp400,AVNT
2023-12-31,rut,AVNT
2023-12-31,sp400,AVNT
2024-03-31,rut,AVNT
2024-03-31,sp400,AVNT
2024-06-30,rut,AVNT
2024-06-30,sp400,AVNT
2024-09-30,rut,AVNT
2024-09-30,sp400,AVNT
2024-12-31,rut,AVNT
2024-12-31,sp400,AVNT
2025-03-31,rut,AVNT
2025-03-31,sp400,AVNT
2025-06-30,rut,AVNT
2025-06-30,sp400,AVNT
2025-09-30,rut,AVNT
2025-09-30,sp400,AVNT
2025-12-31,rut,AVNT
2025-12-31,sp400,AVNT
2026-03-31,rut,AVNT
2026-03-31,sp400,AVNT
2026-06-30,rut,AVNT
2026-06-30,sp400,AVNT
2026-09-30,rut,AVNT
2026-09-30,sp400,AVNT
2019-12-31,sp400,FLR
2020-03-31,sp400,FLR
2020-06-30,rut,FLR
2020-06-30,sp400,FLR
2020-09-30,rut,FLR
2020-09-30,sp400,FLR
2020-12-31,rut,FLR
2020-12-31,sp400,FLR
2021-03-31,rut,FLR
2021-03-31,sp400,FLR
2021-06-30,rut,FLR
2021-06-30,sp400,FLR
2021-09-30,rut,FLR
2021-09-30,sp400,FLR
2021-12-31,rut,FLR
2021-12-31,sp400,FLR
2022-03-31,rut,FLR
2022-03-31,sp400,FLR
2022-06-30,rut,FLR
2022-06-30,sp400,FLR
2022-09-30,rut,FLR
2022-09-30,sp400,FLR
2022-12-31,rut,FLR
2022-12-31,sp400,FLR
2023-03-31,rut,FLR
2023-03-31,sp400,FLR
2023-06-30,rut,FLR
2023-06-30,sp400,FLR
2023-09-30,rut,FLR
2023-09-30,sp400,FLR
2023-12-31,rut,FLR
2023-12-31,sp400,FLR
2024-03-31,rut,FLR
2024-03-31,sp400,FLR
2024-06-30,rut,FLR
2024-06-30,sp400,FLR
2024-09-30,rut,FLR
2024-09-30,sp400,FLR
2024-12-31,rut,FLR
2024-12-31,sp400,FLR
2025-03-31,rut,FLR
2025-03-31,sp400,FLR
2025-06-30,rut,FLR
2025-06-30,sp400,FLR
2025-09-30,rut,FLR
2025-09-30,sp400,FLR
2025-12-31,rut,FLR
2025-12-31,sp400,FLR
2026-03-31,rut,FLR
2026-03-31,sp400,FLR
2026-06-30,rut,FLR
2026-06-30,sp400,FLR
2026-09-30,rut,FLR
2026-09-30,sp400,FLR
2019-12-31,rut,LASR
2020-03-31,rut,LASR
2020-06-30,rut,LASR
2020-09-30,rut,LASR
2020-12-31,rut,LASR
2021-03-31,rut,LASR
2021-06-30,rut,LASR
2021-09-30,rut,LASR
2021-12-31,rut,LASR
2022-03-31,rut,LASR
2022-06-30,rut,LASR
2022-09-30,rut,LASR
2022-12-31,rut,LASR
2023-03-31,rut,LASR
2023-06-30,rut,LASR
2023-09-30,rut,LASR
2023-12-31,rut,LASR
2024-03-31,rut,LASR
2024-06-30,rut,LASR
2024-09-30,rut,LASR
2024-12-31,rut,LASR
2025-03-31,rut,LASR
2025-06-30,rut,LASR
2025-09-30,rut,LASR
2025-12-31,rut,LASR
2026-03-31,rut,LASR
2026-06-30,rut,LASR
2026-09-30,rut,LASR
2019-12-31,rut,ENSG
2019-12-31,sp600,ENSG
2020-03-31,rut,ENSG
2020-03-31,sp600,ENSG
2020-06-30,rut,ENSG
2020-06-30,sp600,ENSG
2020-09-30,rut,ENSG
2020-09-30,sp600,ENSG
2020-12-31,rut,ENSG
2020-12-31,sp600,ENSG
2021-03-31,rut,ENSG
2021-03-31,sp600,ENSG
2021-06-30,rut,ENSG
2021-06-30,sp600,ENSG
2021-09-30,rut,ENSG
2021-09-30,sp600,ENSG
2021-12-31,rut,ENSG
2021-12-31,sp600,ENSG
2022-03-31,rut,ENSG
2022-03-31,sp600,ENSG
2022-06-30,rut,ENSG
2022-06-30,sp600,ENSG
2022-09-30,rut,ENSG
2022-09-30,sp600,ENSG
2022-12-31,rut,ENSG
2022-12-31,sp600,ENSG
2023-03-31,rut,ENSG
2023-03-31,sp600,ENSG
2023-06-30,rut,ENSG
2023-06-30,sp600,ENSG
2023-09-30,rut,ENSG
2023-09-30,sp600,ENSG
2023-12-31,rut,ENSG
2023-12-31,sp600,ENSG
2024-03-31,rut,ENSG
2024-03-31,sp600,ENSG
2024-06-30,rut,ENSG
2024-06-30,sp600,ENSG
2024-09-30,rut,ENSG
2024-09-30,sp600,ENSG
2024-12-31,rut,ENSG
2024-12-31,sp400,ENSG
2025-03-31,rut,ENSG
2025-03-31,sp400,ENSG
2025-06-30,rut,ENSG
2025-06-30,sp400,ENSG
2025-09-30,rut,ENSG
2025-09-30,sp400,ENSG
2025-12-31,rut,ENSG
2025-12-31,sp400,ENSG
2026-03-31,rut,ENSG
2026-03-31,sp400,ENSG
2026-06-30,sp400,ENSG
2026-09-30,sp400,ENSG
2019-12-31,rut,SR
2019-12-31,sp400,SR
2020-03-31,rut,SR
2020-03-31,sp400,SR
2020-06-30,rut,SR
2020-06-30,sp400,SR
2020-09-30,rut,SR
2020-09-30,sp400,SR
2020-12-31,rut,SR
2020-12-31,sp400,SR
2021-03-31,rut,SR
2021-03-31,sp400,SR
2021-06-30,rut,SR
2021-06-30,sp400,SR
2021-09-30,rut,SR
2021-09-30,sp400,SR
2021-12-31,rut,SR
2021-12-31,sp400,SR
2022-03-31,rut,SR
2022-03-31,sp400,SR
2022-06-30,rut,SR
2022-06-30,sp400,SR
2022-09-30,rut,SR
2022-09-30,sp400,SR
2022-12-31,rut,SR
2022-12-31,sp400,SR
2023-03-31,rut,SR
2023-03-31,sp400,SR
2023-06-30,rut,SR
2023-06-30,sp400,SR
2023-09-30,rut,SR
2023-09-30,sp400,SR
2023-12-31,rut,SR
2023-12-31,sp400,SR
2024-03-31,rut,SR
2024-03-31,sp400,SR
2024-06-30,rut,SR
2024-06-30,sp400,SR
2024-09-30,rut,SR
2024-09-30,sp400,SR
2024-12-31,rut,SR
2024-12-31,sp400,SR
2025-03-31,rut,SR
2025-03-31,sp400,SR
2025-06-30,rut,SR
2025-06-30,sp400,SR
2025-09-30,rut,SR
2025-09-30,sp400,SR
2025-12-31,rut,SR
2025-12-31,sp400,SR
2026-03-31,rut,SR
2026-03-31,sp400,SR
2026-06-30,rut,SR
2026-06-30,sp400,SR
2026-09-30,rut,SR
2026-09-30,sp400,SR
2024-06-30,rut,CWBC
2024-09-30,rut,CWBC
2024-12-31,rut,CWBC
2025-03-31,rut,CWBC
2025-06-30,rut,CWBC
2025-09-30,rut,CWBC
2025-12-31,rut,CWBC
2026-03-31,rut,CWBC
2026-06-30,rut,CWBC
2026-09-30,rut,CWBC
2019-12-31,rut,HOPE
2019-12-31,sp600,HOPE
2020-03-31,rut,HOPE
2020-03-31,sp600,HOPE
2020-06-30,rut,HOPE
2020-06-30,sp600,HOPE
2020-09-30,rut,HOPE
2020-09-30,sp600,HOPE
2020-12-31,rut,HOPE
2020-12-31,sp600,HOPE
2021-03-31,rut,HOPE
2021-03-31,sp600,HOPE
2021-06-30,rut,HOPE
2021-06-30,sp600,HOPE
2021-09-30,rut,HOPE
2021-09-30,sp600,HOPE
2021-12-31,rut,HOPE
2021-12-31,sp600,HOPE
2022-03-31,rut,HOPE
2022-03-31,sp600,HOPE
2022-06-30,rut,HOPE
2022-06-30,sp600,HOPE
2022-09-30,rut,HOPE
2022-09-30,sp600,HOPE
2022-12-31,rut,HOPE
2022-12-31,sp600,HOPE
2023-03-31,rut,HOPE
2023-03-31,sp600,HOPE
2023-06-30,rut,HOPE
2023-06-30,sp600,HOPE
2023-09-30,rut,HOPE
2023-09-30,sp600,HOPE
2023-12-31,rut,HOPE
2023-12-31,sp600,HOPE
2024-03-31,rut,HOPE
2024-03-31,sp600,HOPE
2024-06-30,rut,HOPE
2024-06-30,sp600,HOPE
2024-09-30,rut,HOPE
2024-09-30,sp600,HOPE
2024-12-31,rut,HOPE
2024-12-31,sp600,HOPE
2025-03-31,rut,HOPE
2025-03-31,sp600,HOPE
2025-06-30,rut,HOPE
2025-06-30,sp600,HOPE
2025-09-30,rut,HOPE
2025-09-30,sp600,HOPE
2025-12-31,rut,HOPE
2025-12-31,sp600,HOPE
2026-03-31,rut,HOPE
2026-03-31,sp600,HOPE
2026-06-30,rut,HOPE
2026-06-30,sp600,HOPE
2026-09-30,rut,HOPE
2026-09-30,sp600,HOPE
2019-12-31,sp400,FLO
2020-03-31,sp400,FLO
2020-06-30,sp400,FLO
2020-09-30,sp400,FLO
2020-12-31,sp400,FLO
2021-03-31,sp400,FLO
2021-06-30,sp400,FLO
2021-09-30,sp400,FLO
2021-12-31,sp400,FLO
2022-03-31,sp400,FLO
2022-06-30,sp400,FLO
2022-09-30,sp400,FLO
2022-12-31,sp400,FLO
2023-03-31,sp400,FLO
2023-06-30,sp400,FLO
2023-09-30,sp400,FLO
2023-12-31,sp400,FLO
2024-03-31,sp400,FLO
2024-06-30,sp400,FLO
2024-09-30,sp400,FLO
2024-12-31,sp400,FLO
2025-03-31,sp400,FLO
2025-06-30,sp400,FLO
2025-09-30,sp400,FLO
2025-12-31,sp400,FLO
2026-03-31,sp400,FLO
2026-06-30,rut,FLO
2026-06-30,sp600,FLO
2026-09-30,rut,FLO
2026-09-30,sp600,FLO
2019-12-31,rut,BKH
2019-12-31,sp400,BKH
2020-03-31,rut,BKH
2020-03-31,sp400,BKH
2020-06-30,rut,BKH
2020-06-30,sp400,BKH
2020-09-30,rut,BKH
2020-09-30,sp400,BKH
2020-12-31,rut,BKH
2020-12-31,sp400,BKH
2021-03-31,rut,BKH
2021-03-31,sp400,BKH
2021-06-30,rut,BKH
2021-06-30,sp400,BKH
2021-09-30,rut,BKH
2021-09-30,sp400,BKH
2021-12-31,rut,BKH
2021-12-31,sp400,BKH
2022-03-31,rut,BKH
2022-03-31,sp400,BKH
2022-06-30,rut,BKH
2022-06-30,sp400,BKH
2022-09-30,rut,BKH
2022-09-30,sp400,BKH
2022-12-31,rut,BKH
2022-12-31,sp400,BKH
2023-03-31,rut,BKH
2023-03-31,sp400,BKH
2023-06-30,rut,BKH
2023-06-30,sp400,BKH
2023-09-30,rut,BKH
2023-09-30,sp400,BKH
2023-12-31,rut,BKH
2023-12-31,sp400,BKH
2024-03-31,rut,BKH
2024-03-31,sp400,BKH
2024-06-30,rut,BKH
2024-06-30,sp400,BKH
2024-09-30,rut,BKH
2024-09-30,sp400,BKH
2024-12-31,rut,BKH
2024-12-31,sp400,BKH
2025-03-31,rut,BKH
2025-03-31,sp400,BKH
2025-06-30,rut,BKH
2025-06-30,sp400,BKH
2025-09-30,rut,BKH
2025-09-30,sp400,BKH
2025-12-31,rut,BKH
2025-12-31,sp400,BKH
2026-03-31,rut,BKH
2026-03-31,sp400,BKH
2026-06-30,rut,BKH
2026-06-30,sp400,BKH
2026-09-30,rut,BKH
2026-09-30,sp400,BKH
2026-09-30,rut,NXH
2019-12-31,rut,SPWH
2020-03-31,rut,SPWH
2020-06-30,rut,SPWH
2020-09-30,rut,SPWH
2020-12-31,rut,SPWH
2021-03-31,rut,SPWH
2021-06-30,rut,SPWH
2021-09-30,rut,SPWH
2021-12-31,rut,SPWH
2022-03-31,rut,SPWH
2022-06-30,rut,SPWH
2022-09-30,rut,SPWH
2022-12-31,rut,SPWH
2023-03-31,rut,SPWH
2023-06-30,rut,SPWH
2023-09-30,rut,SPWH
2023-12-31,rut,SPWH
2024-03-31,rut,SPWH
2024-06-30,rut,SPWH
2019-12-31,rut,CIK1141103
2019-12-31,sp600,CIK1141103
2020-03-31,rut,CIK1141103
2020-03-31,sp600,CIK1141103
2020-06-30,rut,CIK1141103
2020-06-30,sp600,CIK1141103
2020-09-30,rut,CIK1141103
2020-09-30,sp600,CIK1141103
2020-12-31,rut,CIK1141103
2020-12-31,sp600,CIK1141103
2021-03-31,rut,CIK1141103
2021-03-31,sp600,CIK1141103
2021-06-30,rut,CIK1141103
2021-06-30,sp600,CIK1141103
2021-09-30,rut,CIK1141103
2021-09-30,sp600,CIK1141103
2021-12-31,rut,CIK1141103
2021-12-31,sp600,CIK1141103
2022-03-31,rut,CIK1141103
2022-03-31,sp600,CIK1141103
2022-06-30,rut,CIK1141103
2022-06-30,sp600,CIK1141103
2022-09-30,rut,CIK1141103
2022-09-30,sp600,CIK1141103
2022-12-31,rut,CIK1141103
2022-12-31,sp600,CIK1141103
2023-03-31,rut,CIK1141103
2023-03-31,sp600,CIK1141103
2023-06-30,rut,CIK1141103
2023-06-30,sp600,CIK1141103
2023-09-30,rut,CIK1141103
2023-09-30,sp600,CIK1141103
2023-12-31,rut,CIK1141103
2023-12-31,sp600,CIK1141103
2024-03-31,rut,CIK1141103
2024-03-31,sp600,CIK1141103
2024-06-30,rut,CIK1141103
2024-06-30,sp600,CIK1141103
2024-09-30,rut,CIK1141103
2024-09-30,sp600,CIK1141103
2024-12-31,rut,CIK1141103
2025-03-31,rut,CIK1141103
2025-06-30,rut,CIK1141103
2025-09-30,rut,CIK1141103
2025-12-31,rut,CIK1141103
2026-03-31,rut,CIK1141103
2026-06-30,rut,CIK1141103
2022-12-31,sp400,NXST
2023-03-31,sp400,NXST
2023-06-30,sp400,NXST
2023-09-30,sp400,NXST
2023-12-31,sp400,NXST
2024-03-31,sp400,NXST
2024-06-30,sp400,NXST
2024-09-30,sp400,NXST
2024-12-31,sp400,NXST
2025-03-31,sp400,NXST
2025-06-30,sp400,NXST
2025-09-30,sp400,NXST
2025-12-31,sp400,NXST
2026-03-31,sp400,NXST
2026-06-30,sp400,NXST
2026-09-30,sp400,NXST
2019-12-31,rut,AMN
2019-12-31,sp600,AMN
2020-03-31,rut,AMN
2020-03-31,sp600,AMN
2020-06-30,rut,AMN
2020-06-30,sp600,AMN
2020-09-30,rut,AMN
2020-09-30,sp600,AMN
2020-12-31,rut,AMN
2020-12-31,sp600,AMN
2021-03-31,rut,AMN
2021-03-31,sp600,AMN
2021-06-30,rut,AMN
2021-06-30,sp600,AMN
2021-09-30,rut,AMN
2021-09-30,sp600,AMN
2021-12-31,rut,AMN
2021-12-31,sp600,AMN
2022-03-31,rut,AMN
2022-03-31,sp600,AMN
2022-06-30,rut,AMN
2022-06-30,sp600,AMN
2022-09-30,rut,AMN
2022-09-30,sp600,AMN
2022-12-31,rut,AMN
2022-12-31,sp600,AMN
2023-03-31,rut,AMN
2023-03-31,sp600,AMN
2023-06-30,rut,AMN
2023-06-30,sp600,AMN
2023-09-30,rut,AMN
2023-09-30,sp600,AMN
2023-12-31,rut,AMN
2023-12-31,sp600,AMN
2024-03-31,rut,AMN
2024-03-31,sp600,AMN
2024-06-30,rut,AMN
2024-06-30,sp600,AMN
2024-09-30,rut,AMN
2024-09-30,sp600,AMN
2024-12-31,rut,AMN
2024-12-31,sp600,AMN
2025-03-31,rut,AMN
2025-03-31,sp600,AMN
2025-06-30,rut,AMN
2025-06-30,sp600,AMN
2025-09-30,rut,AMN
2025-09-30,sp600,AMN
2025-12-31,rut,AMN
2025-12-31,sp600,AMN
2026-03-31,rut,AMN
2026-03-31,sp600,AMN
2026-06-30,rut,AMN
2026-06-30,sp600,AMN
2026-09-30,rut,AMN
2026-09-30,sp600,AMN
2026-09-30,sp400,AYI
2022-09-30,rut,APLD
2022-12-31,rut,APLD
2023-03-31,rut,APLD
2023-06-30,rut,APLD
2023-09-30,rut,APLD
2023-12-31,rut,APLD
2024-03-31,rut,APLD
2024-06-30,rut,APLD
2024-09-30,rut,APLD
2024-12-31,rut,APLD
2025-03-31,rut,APLD
2025-06-30,rut,APLD
2025-09-30,rut,APLD
2025-12-31,rut,APLD
2026-03-31,rut,APLD
2019-12-31,rut,ABG
2019-12-31,sp600,ABG
2020-03-31,rut,ABG
2020-03-31,sp600,ABG
2020-06-30,rut,ABG
2020-06-30,sp600,ABG
2020-09-30,rut,ABG
2020-09-30,sp600,ABG
2020-12-31,rut,ABG
2020-12-31,sp600,ABG
2021-03-31,rut,ABG
2021-03-31,sp600,ABG
2021-06-30,rut,ABG
2021-06-30,sp600,ABG
2021-09-30,rut,ABG
2021-09-30,sp600,ABG
2021-12-31,rut,ABG
2021-12-31,sp600,ABG
2022-03-31,rut,ABG
2022-03-31,sp600,ABG
2022-06-30,rut,ABG
2022-06-30,sp600,ABG
2022-09-30,rut,ABG
2022-09-30,sp600,ABG
2022-12-31,rut,ABG
2022-12-31,sp600,ABG
2023-03-31,rut,ABG
2023-03-31,sp600,ABG
2023-06-30,rut,ABG
2023-06-30,sp600,ABG
2023-09-30,rut,ABG
2023-09-30,sp600,ABG
2023-12-31,rut,ABG
2023-12-31,sp600,ABG
2024-03-31,rut,ABG
2024-03-31,sp600,ABG
2024-06-30,rut,ABG
2024-06-30,sp600,ABG
2024-09-30,rut,ABG
2024-09-30,sp600,ABG
2024-12-31,rut,ABG
2024-12-31,sp600,ABG
2025-03-31,rut,ABG
2025-03-31,sp600,ABG
2025-06-30,rut,ABG
2025-06-30,sp600,ABG
2025-09-30,rut,ABG
2025-09-30,sp600,ABG
2025-12-31,rut,ABG
2025-12-31,sp600,ABG
2026-03-31,rut,ABG
2026-03-31,sp600,ABG
2026-06-30,rut,ABG
2026-06-30,sp600,ABG
2026-09-30,rut,ABG
2026-09-30,sp600,ABG
2020-12-31,rut,LRN
2021-03-31,rut,LRN
2021-06-30,rut,LRN
2021-09-30,rut,LRN
2021-12-31,rut,LRN
2022-03-31,rut,LRN
2022-06-30,rut,LRN
2022-09-30,rut,LRN
2022-09-30,sp600,LRN
2022-12-31,rut,LRN
2022-12-31,sp600,LRN
2023-03-31,rut,LRN
2023-03-31,sp600,LRN
2023-06-30,rut,LRN
2023-06-30,sp600,LRN
2023-09-30,rut,LRN
2023-09-30,sp600,LRN
2023-12-31,rut,LRN
2023-12-31,sp600,LRN
2024-03-31,rut,LRN
2024-03-31,sp600,LRN
2024-06-30,rut,LRN
2024-06-30,sp600,LRN
2024-09-30,rut,LRN
2024-09-30,sp600,LRN
2024-12-31,rut,LRN
2024-12-31,sp600,LRN
2025-03-31,rut,LRN
2025-03-31,sp600,LRN
2025-06-30,rut,LRN
2025-06-30,sp600,LRN
2025-09-30,rut,LRN
2025-09-30,sp600,LRN
2025-12-31,rut,LRN
2025-12-31,sp600,LRN
2026-03-31,rut,LRN
2026-03-31,sp600,LRN
2026-06-30,rut,LRN
2026-06-30,sp600,LRN
2026-09-30,rut,LRN
2026-09-30,sp600,LRN
2019-12-31,rut,AAOI
2019-12-31,sp600,AAOI
2020-03-31,rut,AAOI
2020-03-31,sp600,AAOI
2020-06-30,rut,AAOI
2020-06-30,sp600,AAOI
2020-09-30,rut,AAOI
2020-09-30,sp600,AAOI
2020-12-31,rut,AAOI
2020-12-31,sp600,AAOI
2021-03-31,rut,AAOI
2021-03-31,sp600,AAOI
2021-06-30,sp600,AAOI
2021-09-30,sp600,AAOI
2024-09-30,rut,AAOI
2024-12-31,rut,AAOI
2025-03-31,rut,AAOI
2025-06-30,rut,AAOI
2025-09-30,rut,AAOI
2025-12-31,rut,AAOI
2026-03-31,rut,AAOI
2019-12-31,rut,CCOI
2019-12-31,sp600,CCOI
2020-03-31,rut,CCOI
2020-03-31,sp600,CCOI
2020-06-30,rut,CCOI
2020-06-30,sp600,CCOI
2020-09-30,rut,CCOI
2020-09-30,sp600,CCOI
2020-12-31,rut,CCOI
2020-12-31,sp600,CCOI
2021-03-31,rut,CCOI
2021-03-31,sp600,CCOI
2021-06-30,rut,CCOI
2021-06-30,sp600,CCOI
2021-09-30,rut,CCOI
2021-09-30,sp600,CCOI
2021-12-31,rut,CCOI
2021-12-31,sp600,CCOI
2022-03-31,rut,CCOI
2022-03-31,sp600,CCOI
2022-06-30,rut,CCOI
2022-06-30,sp600,CCOI
2022-09-30,rut,CCOI
2022-09-30,sp600,CCOI
2022-12-31,rut,CCOI
2022-12-31,sp600,CCOI
2023-03-31,rut,CCOI
2023-03-31,sp600,CCOI
2023-06-30,rut,CCOI
2023-06-30,sp600,CCOI
2023-09-30,rut,CCOI
2023-09-30,sp600,CCOI
2023-12-31,rut,CCOI
2023-12-31,sp600,CCOI
2024-03-31,rut,CCOI
2024-03-31,sp600,CCOI
2024-06-30,rut,CCOI
2024-06-30,sp600,CCOI
2024-09-30,rut,CCOI
2024-09-30,sp600,CCOI
2024-12-31,rut,CCOI
2024-12-31,sp600,CCOI
2025-03-31,rut,CCOI
2025-03-31,sp600,CCOI
2025-06-30,rut,CCOI
2025-06-30,sp600,CCOI
2025-09-30,rut,CCOI
2025-09-30,sp600,CCOI
2025-12-31,rut,CCOI
2025-12-31,sp600,CCOI
2026-03-31,rut,CCOI
2026-03-31,sp600,CCOI
2026-06-30,rut,CCOI
2026-06-30,sp600,CCOI
2026-09-30,rut,CCOI
2023-09-30,sp600,AAP
2023-12-31,sp600,AAP
2024-03-31,sp600,AAP
2024-06-30,sp600,AAP
2024-09-30,sp600,AAP
2024-12-31,sp600,AAP
2025-03-31,sp600,AAP
2025-06-30,rut,AAP
2025-06-30,sp600,AAP
2025-09-30,rut,AAP
2025-09-30,sp600,AAP
2025-12-31,rut,AAP
2025-12-31,sp600,AAP
2026-03-31,rut,AAP
2026-03-31,sp600,AAP
2026-06-30,rut,AAP
2026-06-30,sp600,AAP
2026-09-30,rut,AAP
2026-09-30,sp600,AAP
2019-12-31,sp400,JBLU
2020-03-31,sp400,JBLU
2020-06-30,sp400,JBLU
2020-09-30,sp400,JBLU
2020-12-31,sp400,JBLU
2021-03-31,sp400,JBLU
2021-06-30,sp400,JBLU
2021-09-30,sp400,JBLU
2021-12-31,sp400,JBLU
2022-03-31,sp400,JBLU
2022-06-30,sp400,JBLU
2022-09-30,sp400,JBLU
2022-12-31,sp400,JBLU
2023-03-31,sp400,JBLU
2023-06-30,rut,JBLU
2023-06-30,sp400,JBLU
2023-09-30,rut,JBLU
2023-09-30,sp600,JBLU
2023-12-31,rut,JBLU
2023-12-31,sp600,JBLU
2024-03-31,rut,JBLU
2024-03-31,sp600,JBLU
2024-06-30,rut,JBLU
2024-06-30,sp600,JBLU
2024-09-30,rut,JBLU
2024-09-30,sp600,JBLU
2024-12-31,rut,JBLU
2024-12-31,sp600,JBLU
2025-03-31,rut,JBLU
2025-03-31,sp600,JBLU
2025-06-30,rut,JBLU
2025-06-30,sp600,JBLU
2025-09-30,rut,JBLU
2025-09-30,sp600,JBLU
2025-12-31,rut,JBLU
2025-12-31,sp600,JBLU
2026-03-31,rut,JBLU
2026-03-31,sp600,JBLU
2026-06-30,rut,JBLU
2026-06-30,sp600,JBLU
2026-09-30,rut,JBLU
2026-09-30,sp600,JBLU
2019-12-31,rut,LMAT
2019-12-31,sp600,LMAT
2020-03-31,rut,LMAT
2020-03-31,sp600,LMAT
2020-06-30,rut,LMAT
2020-06-30,sp600,LMAT
2020-09-30,rut,LMAT
2020-09-30,sp600,LMAT
2020-12-31,rut,LMAT
2020-12-31,sp600,LMAT
2021-03-31,rut,LMAT
2021-03-31,sp600,LMAT
2021-06-30,rut,LMAT
2021-06-30,sp600,LMAT
2021-09-30,rut,LMAT
2021-09-30,sp600,LMAT
2021-12-31,rut,LMAT
2021-12-31,sp600,LMAT
2022-03-31,rut,LMAT
2022-03-31,sp600,LMAT
2022-06-30,rut,LMAT
2022-06-30,sp600,LMAT
2022-09-30,rut,LMAT
2022-09-30,sp600,LMAT
2022-12-31,rut,LMAT
2022-12-31,sp600,LMAT
2023-03-31,rut,LMAT
2023-03-31,sp600,LMAT
2023-06-30,rut,LMAT
2023-06-30,sp600,LMAT
2023-09-30,rut,LMAT
2023-09-30,sp600,LMAT
2023-12-31,rut,LMAT
2023-12-31,sp600,LMAT
2024-03-31,rut,LMAT
2024-03-31,sp600,LMAT
2024-06-30,rut,LMAT
2024-06-30,sp600,LMAT
2024-09-30,rut,LMAT
2024-09-30,sp600,LMAT
2024-12-31,rut,LMAT
2024-12-31,sp600,LMAT
2025-03-31,rut,LMAT
2025-03-31,sp600,LMAT
2025-06-30,rut,LMAT
2025-06-30,sp600,LMAT
2025-09-30,rut,LMAT
2025-09-30,sp600,LMAT
2025-12-31,rut,LMAT
2025-12-31,sp600,LMAT
2026-03-31,rut,LMAT
2026-03-31,sp600,LMAT
2026-06-30,rut,LMAT
2026-06-30,sp600,LMAT
2026-09-30,rut,LMAT
2026-09-30,sp600,LMAT
2019-12-31,rut,HALO
2020-03-31,rut,HALO
2020-06-30,rut,HALO
2020-09-30,rut,HALO
2020-12-31,rut,HALO
2020-12-31,sp400,HALO
2021-03-31,rut,HALO
2021-03-31,sp400,HALO
2021-06-30,rut,HALO
2021-06-30,sp400,HALO
2021-09-30,rut,HALO
2021-09-30,sp400,HALO
2021-12-31,rut,HALO
2021-12-31,sp400,HALO
2022-03-31,rut,HALO
2022-03-31,sp400,HALO
2022-06-30,rut,HALO
2022-06-30,sp400,HALO
2022-09-30,rut,HALO
2022-09-30,sp400,HALO
2022-12-31,rut,HALO
2022-12-31,sp400,HALO
2023-03-31,rut,HALO
2023-03-31,sp400,HALO
2023-06-30,rut,HALO
2023-06-30,sp400,HALO
2023-09-30,rut,HALO
2023-09-30,sp400,HALO
2023-12-31,rut,HALO
2023-12-31,sp400,HALO
2024-03-31,rut,HALO
2024-03-31,sp400,HALO
2024-06-30,rut,HALO
2024-06-30,sp400,HALO
2024-09-30,rut,HALO
2024-09-30,sp400,HALO
2024-12-31,rut,HALO
2024-12-31,sp400,HALO
2025-03-31,rut,HALO
2025-03-31,sp400,HALO
2025-06-30,sp400,HALO
2025-09-30,sp400,HALO
2025-12-31,sp400,HALO
2026-03-31,sp400,HALO
2026-06-30,sp400,HALO
2026-09-30,sp400,HALO
2019-12-31,rut,MGEE
2020-03-31,rut,MGEE
2020-06-30,rut,MGEE
2020-09-30,rut,MGEE
2020-12-31,rut,MGEE
2021-03-31,rut,MGEE
2021-06-30,rut,MGEE
2021-09-30,rut,MGEE
2021-12-31,rut,MGEE
2022-03-31,rut,MGEE
2022-06-30,rut,MGEE
2022-09-30,rut,MGEE
2022-12-31,rut,MGEE
2023-03-31,rut,MGEE
2023-06-30,rut,MGEE
2023-09-30,rut,MGEE
2023-12-31,rut,MGEE
2024-03-31,rut,MGEE
2024-03-31,sp600,MGEE
2024-06-30,rut,MGEE
2024-06-30,sp600,MGEE
2024-09-30,rut,MGEE
2024-09-30,sp600,MGEE
2024-12-31,rut,MGEE
2024-12-31,sp600,MGEE
2025-03-31,rut,MGEE
2025-03-31,sp600,MGEE
2025-06-30,rut,MGEE
2025-06-30,sp600,MGEE
2025-09-30,rut,MGEE
2025-09-30,sp600,MGEE
2025-12-31,rut,MGEE
2025-12-31,sp600,MGEE
2026-03-31,rut,MGEE
2026-03-31,sp600,MGEE
2026-06-30,rut,MGEE
2026-06-30,sp600,MGEE
2026-09-30,rut,MGEE
2026-09-30,sp600,MGEE
2019-12-31,rut,SPFI
2020-03-31,rut,SPFI
2020-06-30,rut,SPFI
2020-09-30,rut,SPFI
2020-12-31,rut,SPFI
2021-03-31,rut,SPFI
2021-06-30,rut,SPFI
2021-09-30,rut,SPFI
2021-12-31,rut,SPFI
2022-03-31,rut,SPFI
2022-06-30,rut,SPFI
2022-09-30,rut,SPFI
2022-12-31,rut,SPFI
2023-03-31,rut,SPFI
2023-06-30,rut,SPFI
2023-09-30,rut,SPFI
2023-12-31,rut,SPFI
2024-03-31,rut,SPFI
2024-06-30,rut,SPFI
2024-09-30,rut,SPFI
2024-12-31,rut,SPFI
2025-03-31,rut,SPFI
2025-06-30,rut,SPFI
2025-09-30,rut,SPFI
2025-12-31,rut,SPFI
2026-03-31,rut,SPFI
2026-06-30,rut,SPFI
2026-09-30,rut,SPFI
2026-09-30,rut,NBR
2019-12-31,rut,NPO
2019-12-31,sp600,NPO
2020-03-31,rut,NPO
2020-03-31,sp600,NPO
2020-06-30,rut,NPO
2020-06-30,sp600,NPO
2020-09-30,rut,NPO
2020-09-30,sp600,NPO
2020-12-31,rut,NPO
2020-12-31,sp600,NPO
2021-03-31,rut,NPO
2021-03-31,sp600,NPO
2021-06-30,rut,NPO
2021-06-30,sp600,NPO
2021-09-30,rut,NPO
2021-09-30,sp600,NPO
2021-12-31,rut,NPO
2021-12-31,sp600,NPO
2022-03-31,rut,NPO
2022-03-31,sp600,NPO
2022-06-30,rut,NPO
2022-06-30,sp600,NPO
2022-09-30,rut,NPO
2022-09-30,sp600,NPO
2022-12-31,rut,NPO
2022-12-31,sp600,NPO
2023-03-31,rut,NPO
2023-03-31,sp600,NPO
2023-06-30,rut,NPO
2023-06-30,sp600,NPO
2023-09-30,rut,NPO
2023-09-30,sp600,NPO
2023-12-31,rut,NPO
2023-12-31,sp600,NPO
2024-03-31,rut,NPO
2024-03-31,sp600,NPO
2024-06-30,rut,NPO
2024-06-30,sp600,NPO
2024-09-30,rut,NPO
2024-09-30,sp600,NPO
2024-12-31,rut,NPO
2024-12-31,sp600,NPO
2025-03-31,rut,NPO
2025-03-31,sp600,NPO
2025-06-30,rut,NPO
2025-06-30,sp600,NPO
2025-09-30,rut,NPO
2025-09-30,sp600,NPO
2025-12-31,rut,NPO
2025-12-31,sp600,NPO
2026-03-31,rut,NPO
2026-03-31,sp600,NPO
2026-06-30,rut,NPO
2026-06-30,sp600,NPO
2026-09-30,rut,NPO
2026-09-30,sp600,NPO
2019-12-31,sp400,XPO
2020-03-31,sp400,XPO
2020-06-30,sp400,XPO
2020-09-30,sp400,XPO
2020-12-31,sp400,XPO
2021-03-31,sp400,XPO
2021-06-30,sp400,XPO
2021-09-30,sp400,XPO
2021-12-31,sp400,XPO
2022-03-31,sp400,XPO
2022-06-30,sp400,XPO
2022-09-30,sp400,XPO
2022-12-31,sp400,XPO
2023-03-31,sp400,XPO
2023-06-30,sp400,XPO
2023-09-30,sp400,XPO
2023-12-31,sp400,XPO
2024-03-31,sp400,XPO
2024-06-30,sp400,XPO
2024-09-30,sp400,XPO
2024-12-31,sp400,XPO
2025-03-31,sp400,XPO
2025-06-30,sp400,XPO
2025-09-30,sp400,XPO
2025-12-31,sp400,XPO
2026-03-31,sp400,XPO
2026-06-30,sp400,XPO
2026-09-30,sp400,XPO
2021-06-30,rut,RIOT
2021-09-30,rut,RIOT
2021-12-31,rut,RIOT
2022-03-31,rut,RIOT
2022-06-30,rut,RIOT
2022-09-30,rut,RIOT
2022-12-31,rut,RIOT
2023-03-31,rut,RIOT
2023-06-30,rut,RIOT
2023-09-30,rut,RIOT
2023-12-31,rut,RIOT
2024-03-31,rut,RIOT
2024-06-30,rut,RIOT
2024-09-30,rut,RIOT
2024-12-31,rut,RIOT
2025-03-31,rut,RIOT
2025-06-30,rut,RIOT
2025-09-30,rut,RIOT
2025-12-31,rut,RIOT
2026-03-31,rut,RIOT
2026-06-30,rut,RIOT
2026-09-30,rut,RIOT
2019-12-31,rut,CVLT
2019-12-31,sp400,CVLT
2020-03-31,rut,CVLT
2020-03-31,sp400,CVLT
2020-06-30,rut,CVLT
2020-06-30,sp400,CVLT
2020-09-30,rut,CVLT
2020-09-30,sp400,CVLT
2020-12-31,rut,CVLT
2020-12-31,sp400,CVLT
2021-03-31,rut,CVLT
2021-03-31,sp400,CVLT
2021-06-30,rut,CVLT
2021-06-30,sp400,CVLT
2021-09-30,rut,CVLT
2021-09-30,sp400,CVLT
2021-12-31,rut,CVLT
2021-12-31,sp400,CVLT
2022-03-31,rut,CVLT
2022-03-31,sp400,CVLT
2022-06-30,rut,CVLT
2022-06-30,sp400,CVLT
2022-09-30,rut,CVLT
2022-09-30,sp400,CVLT
2022-12-31,rut,CVLT
2022-12-31,sp400,CVLT
2023-03-31,rut,CVLT
2023-03-31,sp400,CVLT
2023-06-30,rut,CVLT
2023-06-30,sp400,CVLT
2023-09-30,rut,CVLT
2023-09-30,sp400,CVLT
2023-12-31,rut,CVLT
2023-12-31,sp400,CVLT
2024-03-31,rut,CVLT
2024-03-31,sp400,CVLT
2024-06-30,rut,CVLT
2024-06-30,sp400,CVLT
2024-09-30,rut,CVLT
2024-09-30,sp400,CVLT
2024-12-31,rut,CVLT
2024-12-31,sp400,CVLT
2025-03-31,rut,CVLT
2025-03-31,sp400,CVLT
2025-06-30,rut,CVLT
2025-06-30,sp400,CVLT
2025-09-30,rut,CVLT
2025-09-30,sp400,CVLT
2025-12-31,rut,CVLT
2025-12-31,sp400,CVLT
2026-03-31,rut,CVLT
2026-03-31,sp400,CVLT
2026-06-30,rut,CVLT
2026-06-30,sp400,CVLT
2026-09-30,rut,CVLT
2026-09-30,sp400,CVLT
2019-12-31,rut,BANC
2019-12-31,sp600,BANC
2020-03-31,rut,BANC
2020-03-31,sp600,BANC
2020-06-30,rut,BANC
2020-06-30,sp600,BANC
2020-09-30,rut,BANC
2020-09-30,sp600,BANC
2020-12-31,rut,BANC
2020-12-31,sp600,BANC
2021-03-31,rut,BANC
2021-03-31,sp600,BANC
2021-06-30,rut,BANC
2021-06-30,sp600,BANC
2021-09-30,rut,BANC
2021-09-30,sp600,BANC
2021-12-31,rut,BANC
2021-12-31,sp600,BANC
2022-03-31,rut,BANC
2022-03-31,sp600,BANC
2022-06-30,rut,BANC
2022-06-30,sp600,BANC
2022-09-30,rut,BANC
2022-09-30,sp600,BANC
2022-12-31,rut,BANC
2022-12-31,sp600,BANC
2023-03-31,rut,BANC
2023-03-31,sp600,BANC
2023-06-30,rut,BANC
2023-06-30,sp600,BANC
2023-09-30,rut,BANC
2023-09-30,sp600,BANC
2023-12-31,rut,BANC
2023-12-31,sp600,BANC
2024-03-31,rut,BANC
2024-03-31,sp600,BANC
2024-06-30,rut,BANC
2024-06-30,sp600,BANC
2024-09-30,rut,BANC
2024-09-30,sp600,BANC
2024-12-31,rut,BANC
2024-12-31,sp600,BANC
2025-03-31,rut,BANC
2025-03-31,sp600,BANC
2025-06-30,rut,BANC
2025-06-30,sp600,BANC
2025-09-30,rut,BANC
2025-09-30,sp600,BANC
2025-12-31,rut,BANC
2025-12-31,sp600,BANC
2026-03-31,rut,BANC
2026-03-31,sp600,BANC
2026-06-30,rut,BANC
2026-06-30,sp600,BANC
2026-09-30,rut,BANC
2026-09-30,sp600,BANC
2019-12-31,rut,RRGB
2019-12-31,sp600,RRGB
2020-03-31,rut,RRGB
2020-03-31,sp600,RRGB
2020-06-30,rut,RRGB
2020-06-30,sp600,RRGB
2020-09-30,rut,RRGB
2020-09-30,sp600,RRGB
2020-12-31,rut,RRGB
2020-12-31,sp600,RRGB
2021-03-31,rut,RRGB
2021-03-31,sp600,RRGB
2021-06-30,rut,RRGB
2021-06-30,sp600,RRGB
2021-09-30,rut,RRGB
2021-09-30,sp600,RRGB
2021-12-31,rut,RRGB
2021-12-31,sp600,RRGB
2022-03-31,rut,RRGB
2022-03-31,sp600,RRGB
2023-06-30,rut,RRGB
2023-09-30,rut,RRGB
2023-12-31,rut,RRGB
2024-03-31,rut,RRGB
2024-06-30,rut,RRGB
2019-12-31,rut,SAFT
2019-12-31,sp600,SAFT
2020-03-31,rut,SAFT
2020-03-31,sp600,SAFT
2020-06-30,rut,SAFT
2020-06-30,sp600,SAFT
2020-09-30,rut,SAFT
2020-09-30,sp600,SAFT
2020-12-31,rut,SAFT
2020-12-31,sp600,SAFT
2021-03-31,rut,SAFT
2021-03-31,sp600,SAFT
2021-06-30,rut,SAFT
2021-06-30,sp600,SAFT
2021-09-30,rut,SAFT
2021-09-30,sp600,SAFT
2021-12-31,rut,SAFT
2021-12-31,sp600,SAFT
2022-03-31,rut,SAFT
2022-03-31,sp600,SAFT
2022-06-30,rut,SAFT
2022-06-30,sp600,SAFT
2022-09-30,rut,SAFT
2022-09-30,sp600,SAFT
2022-12-31,rut,SAFT
2022-12-31,sp600,SAFT
2023-03-31,rut,SAFT
2023-03-31,sp600,SAFT
2023-06-30,rut,SAFT
2023-06-30,sp600,SAFT
2023-09-30,rut,SAFT
2023-09-30,sp600,SAFT
2023-12-31,rut,SAFT
2023-12-31,sp600,SAFT
2024-03-31,rut,SAFT
2024-03-31,sp600,SAFT
2024-06-30,rut,SAFT
2024-06-30,sp600,SAFT
2024-09-30,rut,SAFT
2024-09-30,sp600,SAFT
2024-12-31,rut,SAFT
2024-12-31,sp600,SAFT
2025-03-31,rut,SAFT
2025-03-31,sp600,SAFT
2025-06-30,rut,SAFT
2025-06-30,sp600,SAFT
2025-09-30,rut,SAFT
2025-09-30,sp600,SAFT
2025-12-31,rut,SAFT
2025-12-31,sp600,SAFT
2026-03-31,rut,SAFT
2026-03-31,sp600,SAFT
2026-06-30,rut,SAFT
2026-06-30,sp600,SAFT
2026-09-30,rut,SAFT
2026-09-30,sp600,SAFT
2019-12-31,rut,HY
2020-03-31,rut,HY
2020-06-30,rut,HY
2020-09-30,rut,HY
2020-12-31,rut,HY
2021-03-31,rut,HY
2021-06-30,rut,HY
2021-09-30,rut,HY
2021-12-31,rut,HY
2022-03-31,rut,HY
2022-06-30,rut,HY
2022-09-30,rut,HY
2022-12-31,rut,HY
2023-03-31,rut,HY
2023-06-30,rut,HY
2023-09-30,rut,HY
2023-12-31,rut,HY
2024-03-31,rut,HY
2024-06-30,rut,HY
2024-09-30,rut,HY
2024-12-31,rut,HY
2025-03-31,rut,HY
2025-06-30,rut,HY
2025-09-30,rut,HY
2025-12-31,rut,HY
2026-03-31,rut,HY
2026-06-30,rut,HY
2026-09-30,rut,HY
2019-12-31,rut,NIC
2020-03-31,rut,NIC
2020-06-30,rut,NIC
2020-09-30,rut,NIC
2020-12-31,rut,NIC
2021-03-31,rut,NIC
2021-06-30,rut,NIC
2021-09-30,rut,NIC
2021-12-31,rut,NIC
2022-03-31,rut,NIC
2022-06-30,rut,NIC
2022-09-30,rut,NIC
2022-12-31,rut,NIC
2023-03-31,rut,NIC
2023-06-30,rut,NIC
2023-09-30,rut,NIC
2023-12-31,rut,NIC
2024-03-31,rut,NIC
2024-06-30,rut,NIC
2024-09-30,rut,NIC
2024-12-31,rut,NIC
2025-03-31,rut,NIC
2025-06-30,rut,NIC
2025-09-30,rut,NIC
2025-12-31,rut,NIC
2026-03-31,rut,NIC
2026-06-30,rut,NIC
2026-06-30,sp600,NIC
2026-09-30,rut,NIC
2026-09-30,sp600,NIC
2019-12-31,rut,ARES
2020-03-31,rut,ARES
2019-12-31,sp400,SNX
2020-03-31,sp400,SNX
2020-06-30,sp400,SNX
2020-09-30,sp400,SNX
2020-12-31,sp400,SNX
2021-03-31,sp400,SNX
2021-06-30,sp400,SNX
2021-09-30,sp400,SNX
2021-12-31,sp400,SNX
2022-03-31,sp400,SNX
2022-06-30,sp400,SNX
2022-09-30,sp400,SNX
2022-12-31,sp400,SNX
2023-03-31,sp400,SNX
2023-06-30,sp400,SNX
2023-09-30,sp400,SNX
2023-12-31,sp400,SNX
2024-03-31,sp400,SNX
2024-06-30,sp400,SNX
2024-09-30,sp400,SNX
2024-12-31,sp400,SNX
2025-03-31,sp400,SNX
2025-06-30,sp400,SNX
2025-09-30,sp400,SNX
2025-12-31,sp400,SNX
2026-03-31,sp400,SNX
2026-06-30,sp400,SNX
2026-09-30,sp400,SNX
2019-12-31,sp400,FIVE
2020-03-31,sp400,FIVE
2020-06-30,sp400,FIVE
2020-09-30,sp400,FIVE
2020-12-31,sp400,FIVE
2021-03-31,sp400,FIVE
2021-06-30,sp400,FIVE
2021-09-30,sp400,FIVE
2021-12-31,sp400,FIVE
2022-03-31,sp400,FIVE
2022-06-30,sp400,FIVE
2022-09-30,sp400,FIVE
2022-12-31,sp400,FIVE
2023-03-31,sp400,FIVE
2023-06-30,sp400,FIVE
2023-09-30,sp400,FIVE
2023-12-31,sp400,FIVE
2024-03-31,sp400,FIVE
2024-06-30,sp400,FIVE
2024-09-30,sp400,FIVE
2024-12-31,sp400,FIVE
2025-03-31,sp400,FIVE
2025-06-30,sp400,FIVE
2025-09-30,sp400,FIVE
2025-12-31,sp400,FIVE
2026-03-31,sp400,FIVE
2026-06-30,sp400,FIVE
2026-09-30,sp400,FIVE
2019-12-31,rut,SAIA
2019-12-31,sp600,SAIA
2020-03-31,rut,SAIA
2020-03-31,sp600,SAIA
2020-06-30,rut,SAIA
2020-06-30,sp600,SAIA
2020-09-30,rut,SAIA
2020-09-30,sp600,SAIA
2020-12-31,rut,SAIA
2020-12-31,sp600,SAIA
2021-03-31,rut,SAIA
2021-03-31,sp600,SAIA
2021-06-30,rut,SAIA
2021-06-30,sp600,SAIA
2021-09-30,rut,SAIA
2021-09-30,sp400,SAIA
2021-12-31,rut,SAIA
2021-12-31,sp400,SAIA
2022-03-31,rut,SAIA
2022-03-31,sp400,SAIA
2022-06-30,rut,SAIA
2022-06-30,sp400,SAIA
2022-09-30,rut,SAIA
2022-09-30,sp400,SAIA
2022-12-31,rut,SAIA
2022-12-31,sp400,SAIA
2023-03-31,rut,SAIA
2023-03-31,sp400,SAIA
2023-06-30,sp400,SAIA
2023-09-30,sp400,SAIA
2023-12-31,sp400,SAIA
2024-03-31,sp400,SAIA
2024-06-30,sp400,SAIA
2024-09-30,sp400,SAIA
2024-12-31,sp400,SAIA
2025-03-31,sp400,SAIA
2025-06-30,sp400,SAIA
2025-09-30,sp400,SAIA
2025-12-31,sp400,SAIA
2026-03-31,sp400,SAIA
2026-06-30,sp400,SAIA
2026-09-30,sp400,SAIA
2019-12-31,rut,PFS
2019-12-31,sp600,PFS
2020-03-31,rut,PFS
2020-03-31,sp600,PFS
2020-06-30,rut,PFS
2020-06-30,sp600,PFS
2020-09-30,rut,PFS
2020-09-30,sp600,PFS
2020-12-31,rut,PFS
2020-12-31,sp600,PFS
2021-03-31,rut,PFS
2021-03-31,sp600,PFS
2021-06-30,rut,PFS
2021-06-30,sp600,PFS
2021-09-30,rut,PFS
2021-09-30,sp600,PFS
2021-12-31,rut,PFS
2021-12-31,sp600,PFS
2022-03-31,rut,PFS
2022-03-31,sp600,PFS
2022-06-30,rut,PFS
2022-06-30,sp600,PFS
2022-09-30,rut,PFS
2022-09-30,sp600,PFS
2022-12-31,rut,PFS
2022-12-31,sp600,PFS
2023-03-31,rut,PFS
2023-03-31,sp600,PFS
2023-06-30,rut,PFS
2023-06-30,sp600,PFS
2023-09-30,rut,PFS
2023-09-30,sp600,PFS
2023-12-31,rut,PFS
2023-12-31,sp600,PFS
2024-03-31,rut,PFS
2024-03-31,sp600,PFS
2024-06-30,rut,PFS
2024-06-30,sp600,PFS
2024-09-30,rut,PFS
2024-09-30,sp600,PFS
2024-12-31,rut,PFS
2024-12-31,sp600,PFS
2025-03-31,rut,PFS
2025-03-31,sp600,PFS
2025-06-30,rut,PFS
2025-06-30,sp600,PFS
2025-09-30,rut,PFS
2025-09-30,sp600,PFS
2025-12-31,rut,PFS
2025-12-31,sp600,PFS
2026-03-31,rut,PFS
2026-03-31,sp600,PFS
2026-06-30,rut,PFS
2026-06-30,sp600,PFS
2026-09-30,rut,PFS
2026-09-30,sp600,PFS
2026-09-30,rut,HLF
2019-12-31,rut,PRAA
2019-12-31,sp600,PRAA
2020-03-31,rut,PRAA
2020-03-31,sp600,PRAA
2020-06-30,rut,PRAA
2020-06-30,sp600,PRAA
2020-09-30,rut,PRAA
2020-09-30,sp600,PRAA
2020-12-31,rut,PRAA
2020-12-31,sp600,PRAA
2021-03-31,rut,PRAA
2021-03-31,sp600,PRAA
2021-06-30,rut,PRAA
2021-06-30,sp600,PRAA
2021-09-30,rut,PRAA
2021-09-30,sp600,PRAA
2021-12-31,rut,PRAA
2021-12-31,sp600,PRAA
2022-03-31,rut,PRAA
2022-03-31,sp600,PRAA
2022-06-30,rut,PRAA
2022-06-30,sp600,PRAA
2022-09-30,rut,PRAA
2022-09-30,sp600,PRAA
2022-12-31,rut,PRAA
2022-12-31,sp600,PRAA
2023-03-31,rut,PRAA
2023-03-31,sp600,PRAA
2023-06-30,rut,PRAA
2023-06-30,sp600,PRAA
2023-09-30,rut,PRAA
2023-09-30,sp600,PRAA
2023-12-31,rut,PRAA
2023-12-31,sp600,PRAA
2024-03-31,rut,PRAA
2024-03-31,sp600,PRAA
2024-06-30,rut,PRAA
2024-06-30,sp600,PRAA
2024-09-30,rut,PRAA
2024-09-30,sp600,PRAA
2024-12-31,rut,PRAA
2024-12-31,sp600,PRAA
2025-03-31,rut,PRAA
2025-03-31,sp600,PRAA
2025-06-30,rut,PRAA
2025-06-30,sp600,PRAA
2025-09-30,rut,PRAA
2025-09-30,sp600,PRAA
2025-12-31,rut,PRAA
2025-12-31,sp600,PRAA
2026-03-31,rut,PRAA
2026-03-31,sp600,PRAA
2026-06-30,rut,PRAA
2026-09-30,rut,PRAA
2019-12-31,rut,GKOS
2020-03-31,rut,GKOS
2020-03-31,sp600,GKOS
2020-06-30,rut,GKOS
2020-06-30,sp600,GKOS
2020-09-30,rut,GKOS
2020-09-30,sp600,GKOS
2020-12-31,rut,GKOS
2020-12-31,sp600,GKOS
2021-03-31,rut,GKOS
2021-03-31,sp600,GKOS
2021-06-30,rut,GKOS
2021-06-30,sp600,GKOS
2021-09-30,rut,GKOS
2021-09-30,sp600,GKOS
2021-12-31,rut,GKOS
2021-12-31,sp600,GKOS
2022-03-31,rut,GKOS
2022-03-31,sp600,GKOS
2022-06-30,rut,GKOS
2022-06-30,sp600,GKOS
2022-09-30,rut,GKOS
2022-09-30,sp600,GKOS
2022-12-31,rut,GKOS
2022-12-31,sp600,GKOS
2023-03-31,rut,GKOS
2023-03-31,sp600,GKOS
2023-06-30,rut,GKOS
2023-06-30,sp600,GKOS
2023-09-30,rut,GKOS
2023-09-30,sp600,GKOS
2023-12-31,rut,GKOS
2023-12-31,sp600,GKOS
2024-03-31,rut,GKOS
2024-03-31,sp600,GKOS
2024-06-30,rut,GKOS
2024-06-30,sp600,GKOS
2024-09-30,rut,GKOS
2024-09-30,sp600,GKOS
2024-12-31,rut,GKOS
2024-12-31,sp600,GKOS
2025-03-31,rut,GKOS
2025-03-31,sp600,GKOS
2025-06-30,rut,GKOS
2025-06-30,sp600,GKOS
2025-09-30,rut,GKOS
2025-09-30,sp600,GKOS
2025-12-31,rut,GKOS
2025-12-31,sp600,GKOS
2026-03-31,rut,GKOS
2026-03-31,sp600,GKOS
2026-06-30,rut,GKOS
2026-06-30,sp600,GKOS
2026-09-30,rut,GKOS
2026-09-30,sp600,GKOS
2019-12-31,sp400,SGI
2020-03-31,sp400,SGI
2020-06-30,sp400,SGI
2020-09-30,sp400,SGI
2020-12-31,sp400,SGI
2021-03-31,sp400,SGI
2021-06-30,sp400,SGI
2021-09-30,sp400,SGI
2021-12-31,sp400,SGI
2022-03-31,sp400,SGI
2022-06-30,sp400,SGI
2022-09-30,sp400,SGI
2022-12-31,sp400,SGI
2023-03-31,sp400,SGI
2023-06-30,sp400,SGI
2023-09-30,sp400,SGI
2023-12-31,sp400,SGI
2024-03-31,sp400,SGI
2024-06-30,sp400,SGI
2024-09-30,sp400,SGI
2024-12-31,sp400,SGI
2025-03-31,sp400,SGI
2025-06-30,sp400,SGI
2025-09-30,sp400,SGI
2025-12-31,sp400,SGI
2026-03-31,sp400,SGI
2026-06-30,sp400,SGI
2026-09-30,sp400,SGI
2021-09-30,rut,FA
2021-12-31,rut,FA
2022-03-31,rut,FA
2022-06-30,rut,FA
2022-09-30,rut,FA
2022-12-31,rut,FA
2023-03-31,rut,FA
2023-06-30,rut,FA
2023-09-30,rut,FA
2023-12-31,rut,FA
2024-03-31,rut,FA
2024-06-30,rut,FA
2024-09-30,rut,FA
2024-12-31,rut,FA
2025-03-31,rut,FA
2025-06-30,rut,FA
2025-09-30,rut,FA
2025-12-31,rut,FA
2026-03-31,rut,FA
2026-06-30,rut,FA
2026-06-30,sp600,FA
2026-09-30,rut,FA
2026-09-30,sp600,FA
2026-09-30,sp400,WAL
2019-12-31,rut,CDNA
2020-03-31,rut,CDNA
2020-06-30,rut,CDNA
2020-09-30,rut,CDNA
2020-12-31,rut,CDNA
2021-03-31,rut,CDNA
2021-06-30,rut,CDNA
2021-09-30,rut,CDNA
2021-12-31,rut,CDNA
2022-03-31,rut,CDNA
2022-06-30,rut,CDNA
2022-09-30,rut,CDNA
2022-12-31,rut,CDNA
2023-03-31,rut,CDNA
2023-06-30,rut,CDNA
2023-09-30,rut,CDNA
2023-12-31,rut,CDNA
2024-03-31,rut,CDNA
2024-06-30,rut,CDNA
2024-09-30,rut,CDNA
2024-12-31,rut,CDNA
2025-03-31,rut,CDNA
2025-06-30,rut,CDNA
2025-09-30,rut,CDNA
2025-12-31,rut,CDNA
2026-03-31,rut,CDNA
2026-06-30,rut,CDNA
2026-09-30,rut,CDNA
2023-06-30,sp400,CCK
2023-09-30,sp400,CCK
2023-12-31,sp400,CCK
2024-03-31,sp400,CCK
2024-06-30,sp400,CCK
2024-09-30,sp400,CCK
2024-12-31,sp400,CCK
2025-03-31,sp400,CCK
2025-06-30,sp400,CCK
2025-09-30,sp400,CCK
2025-12-31,sp400,CCK
2026-03-31,sp400,CCK
2026-06-30,sp400,CCK
2026-09-30,sp400,CCK
2019-12-31,rut,CNO
2019-12-31,sp400,CNO
2020-03-31,rut,CNO
2020-03-31,sp400,CNO
2020-06-30,rut,CNO
2020-06-30,sp400,CNO
2020-09-30,rut,CNO
2020-09-30,sp400,CNO
2020-12-31,rut,CNO
2020-12-31,sp400,CNO
2021-03-31,rut,CNO
2021-03-31,sp400,CNO
2021-06-30,rut,CNO
2021-06-30,sp400,CNO
2021-09-30,rut,CNO
2021-09-30,sp400,CNO
2021-12-31,rut,CNO
2021-12-31,sp400,CNO
2022-03-31,rut,CNO
2022-03-31,sp400,CNO
2022-06-30,rut,CNO
2022-06-30,sp400,CNO
2022-09-30,rut,CNO
2022-09-30,sp400,CNO
2022-12-31,rut,CNO
2022-12-31,sp400,CNO
2023-03-31,rut,CNO
2023-03-31,sp400,CNO
2023-06-30,rut,CNO
2023-06-30,sp400,CNO
2023-09-30,rut,CNO
2023-09-30,sp400,CNO
2023-12-31,rut,CNO
2023-12-31,sp400,CNO
2024-03-31,rut,CNO
2024-03-31,sp400,CNO
2024-06-30,rut,CNO
2024-06-30,sp400,CNO
2024-09-30,rut,CNO
2024-09-30,sp400,CNO
2024-12-31,rut,CNO
2024-12-31,sp400,CNO
2025-03-31,rut,CNO
2025-03-31,sp400,CNO
2025-06-30,rut,CNO
2025-06-30,sp400,CNO
2025-09-30,rut,CNO
2025-09-30,sp400,CNO
2025-12-31,rut,CNO
2025-12-31,sp400,CNO
2026-03-31,rut,CNO
2026-03-31,sp400,CNO
2026-06-30,rut,CNO
2026-06-30,sp400,CNO
2026-09-30,rut,CNO
2026-09-30,sp400,CNO
2019-12-31,rut,EQBK
2020-03-31,rut,EQBK
2020-06-30,rut,EQBK
2020-09-30,rut,EQBK
2020-12-31,rut,EQBK
2021-03-31,rut,EQBK
2021-06-30,rut,EQBK
2021-09-30,rut,EQBK
2021-12-31,rut,EQBK
2022-03-31,rut,EQBK
2022-06-30,rut,EQBK
2022-09-30,rut,EQBK
2022-12-31,rut,EQBK
2023-03-31,rut,EQBK
2023-06-30,rut,EQBK
2023-09-30,rut,EQBK
2023-12-31,rut,EQBK
2024-03-31,rut,EQBK
2024-06-30,rut,EQBK
2024-09-30,rut,EQBK
2024-12-31,rut,EQBK
2025-03-31,rut,EQBK
2025-06-30,rut,EQBK
2025-09-30,rut,EQBK
2025-12-31,rut,EQBK
2026-03-31,rut,EQBK
2026-06-30,rut,EQBK
2026-09-30,rut,EQBK
2019-12-31,rut,CMP
2019-12-31,sp400,CMP
2020-03-31,rut,CMP
2020-03-31,sp400,CMP
2020-06-30,rut,CMP
2020-06-30,sp400,CMP
2020-09-30,rut,CMP
2020-09-30,sp400,CMP
2020-12-31,rut,CMP
2020-12-31,sp400,CMP
2021-03-31,rut,CMP
2021-03-31,sp400,CMP
2021-06-30,rut,CMP
2021-06-30,sp400,CMP
2021-09-30,rut,CMP
2021-09-30,sp400,CMP
2021-12-31,rut,CMP
2021-12-31,sp400,CMP
2022-03-31,rut,CMP
2022-03-31,sp600,CMP
2022-06-30,rut,CMP
2022-06-30,sp600,CMP
2022-09-30,rut,CMP
2022-09-30,sp600,CMP
2022-12-31,rut,CMP
2022-12-31,sp600,CMP
2023-03-31,rut,CMP
2023-03-31,sp600,CMP
2023-06-30,rut,CMP
2023-06-30,sp600,CMP
2023-09-30,rut,CMP
2023-09-30,sp600,CMP
2023-12-31,rut,CMP
2023-12-31,sp600,CMP
2024-03-31,rut,CMP
2024-03-31,sp600,CMP
2024-06-30,rut,CMP
2024-06-30,sp600,CMP
2024-09-30,rut,CMP
2024-12-31,rut,CMP
2025-03-31,rut,CMP
2025-06-30,rut,CMP
2025-09-30,rut,CMP
2025-12-31,rut,CMP
2026-03-31,rut,CMP
2026-06-30,rut,CMP
2026-09-30,rut,CMP
2026-03-31,rut,PIPR
2026-03-31,sp600,PIPR
2026-06-30,rut,PIPR
2026-06-30,sp600,PIPR
2026-09-30,rut,PIPR
2026-09-30,sp600,PIPR
2020-12-31,sp400,JAZZ
2021-03-31,sp400,JAZZ
2021-06-30,sp400,JAZZ
2022-03-31,sp400,JAZZ
2022-06-30,sp400,JAZZ
2022-09-30,sp400,JAZZ
2022-12-31,sp400,JAZZ
2023-03-31,sp400,JAZZ
2026-09-30,sp400,JAZZ
2019-12-31,rut,AHT
2020-03-31,rut,AHT
2021-06-30,rut,AHT
2021-09-30,rut,AHT
2021-12-31,rut,AHT
2022-03-31,rut,AHT
2022-06-30,rut,AHT
2022-09-30,rut,AHT
2022-12-31,rut,AHT
2023-03-31,rut,AHT
2019-12-31,rut,GMED
2019-12-31,sp400,GMED
2020-03-31,rut,GMED
2020-03-31,sp400,GMED
2020-06-30,sp400,GMED
2020-09-30,sp400,GMED
2020-12-31,sp400,GMED
2021-03-31,sp400,GMED
2021-06-30,sp400,GMED
2021-09-30,sp400,GMED
2021-12-31,sp400,GMED
2022-03-31,sp400,GMED
2022-06-30,sp400,GMED
2022-09-30,sp400,GMED
2022-12-31,sp400,GMED
2023-03-31,sp400,GMED
2023-06-30,sp400,GMED
2023-09-30,sp400,GMED
2023-12-31,sp400,GMED
2024-03-31,sp400,GMED
2024-06-30,sp400,GMED
2024-09-30,sp400,GMED
2024-12-31,sp400,GMED
2025-03-31,sp400,GMED
2025-06-30,sp400,GMED
2025-09-30,sp400,GMED
2025-12-31,sp400,GMED
2026-03-31,sp400,GMED
2026-06-30,sp400,GMED
2026-09-30,sp400,GMED
2020-06-30,rut,ABR
2020-09-30,rut,ABR
2020-12-31,rut,ABR
2021-03-31,rut,ABR
2021-06-30,rut,ABR
2021-09-30,rut,ABR
2021-12-31,rut,ABR
2022-03-31,rut,ABR
2022-06-30,rut,ABR
2022-09-30,rut,ABR
2022-12-31,rut,ABR
2023-03-31,rut,ABR
2023-06-30,rut,ABR
2023-06-30,sp600,ABR
2023-09-30,rut,ABR
2023-09-30,sp600,ABR
2023-12-31,rut,ABR
2023-12-31,sp600,ABR
2024-03-31,rut,ABR
2024-03-31,sp600,ABR
2024-06-30,rut,ABR
2024-06-30,sp600,ABR
2024-09-30,rut,ABR
2024-09-30,sp600,ABR
2024-12-31,rut,ABR
2024-12-31,sp600,ABR
2025-03-31,rut,ABR
2025-03-31,sp600,ABR
2025-06-30,rut,ABR
2025-06-30,sp600,ABR
2025-09-30,rut,ABR
2025-09-30,sp600,ABR
2025-12-31,rut,ABR
2025-12-31,sp600,ABR
2026-03-31,rut,ABR
2026-03-31,sp600,ABR
2026-06-30,rut,ABR
2026-06-30,sp600,ABR
2026-09-30,rut,ABR
2026-09-30,sp600,ABR
2019-12-31,rut,KRO
2020-03-31,rut,KRO
2020-06-30,rut,KRO
2020-09-30,rut,KRO
2020-12-31,rut,KRO
2021-03-31,rut,KRO
2021-06-30,rut,KRO
2021-09-30,rut,KRO
2021-12-31,rut,KRO
2022-03-31,rut,KRO
2022-06-30,rut,KRO
2022-09-30,rut,KRO
2022-12-31,rut,KRO
2023-03-31,rut,KRO
2023-06-30,rut,KRO
2023-09-30,rut,KRO
2023-12-31,rut,KRO
2024-03-31,rut,KRO
2024-06-30,rut,KRO
2024-09-30,rut,KRO
2024-12-31,rut,KRO
2025-03-31,rut,KRO
2025-06-30,rut,KRO
2025-09-30,rut,KRO
2025-12-31,rut,KRO
2026-03-31,rut,KRO
2026-06-30,rut,KRO
2026-09-30,rut,KRO
2019-12-31,rut,NNI
2020-03-31,rut,NNI
2020-06-30,rut,NNI
2020-09-30,rut,NNI
2020-12-31,rut,NNI
2021-03-31,rut,NNI
2021-06-30,rut,NNI
2021-09-30,rut,NNI
2021-12-31,rut,NNI
2022-03-31,rut,NNI
2022-06-30,rut,NNI
2022-09-30,rut,NNI
2022-12-31,rut,NNI
2023-03-31,rut,NNI
2023-06-30,rut,NNI
2023-09-30,rut,NNI
2023-12-31,rut,NNI
2024-03-31,rut,NNI
2024-06-30,rut,NNI
2024-09-30,rut,NNI
2024-12-31,rut,NNI
2025-03-31,rut,NNI
2025-06-30,rut,NNI
2025-09-30,rut,NNI
2025-12-31,rut,NNI
2026-03-31,rut,NNI
2026-06-30,rut,NNI
2026-09-30,rut,NNI
2024-12-31,sp400,DOCU
2025-03-31,sp400,DOCU
2025-06-30,sp400,DOCU
2025-09-30,sp400,DOCU
2025-12-31,sp400,DOCU
2026-03-31,sp400,DOCU
2026-06-30,sp400,DOCU
2026-09-30,sp400,DOCU
2020-06-30,rut,UTI
2020-09-30,rut,UTI
2020-12-31,rut,UTI
2021-03-31,rut,UTI
2022-06-30,rut,UTI
2022-09-30,rut,UTI
2022-12-31,rut,UTI
2023-03-31,rut,UTI
2023-06-30,rut,UTI
2023-09-30,rut,UTI
2023-12-31,rut,UTI
2024-03-31,rut,UTI
2024-06-30,rut,UTI
2024-09-30,rut,UTI
2024-12-31,rut,UTI
2025-03-31,rut,UTI
2025-06-30,rut,UTI
2025-09-30,rut,UTI
2025-12-31,rut,UTI
2026-03-31,rut,UTI
2026-06-30,rut,UTI
2026-06-30,sp600,UTI
2026-09-30,rut,UTI
2026-09-30,sp600,UTI
2022-12-31,sp400,WLK
2023-03-31,sp400,WLK
2023-06-30,sp400,WLK
2023-09-30,sp400,WLK
2023-12-31,sp400,WLK
2024-03-31,sp400,WLK
2024-06-30,sp400,WLK
2024-09-30,sp400,WLK
2024-12-31,sp400,WLK
2025-03-31,sp400,WLK
2025-06-30,sp400,WLK
2025-09-30,sp400,WLK
2025-12-31,sp400,WLK
2026-03-31,sp400,WLK
2026-06-30,sp400,WLK
2026-09-30,sp400,WLK
2026-09-30,rut,CMPR
2019-12-31,rut,HTH
2020-03-31,rut,HTH
2020-06-30,rut,HTH
2020-09-30,rut,HTH
2020-12-31,rut,HTH
2021-03-31,rut,HTH
2021-03-31,sp600,HTH
2021-06-30,rut,HTH
2021-06-30,sp600,HTH
2021-09-30,rut,HTH
2021-09-30,sp600,HTH
2021-12-31,rut,HTH
2021-12-31,sp600,HTH
2022-03-31,rut,HTH
2022-03-31,sp600,HTH
2022-06-30,rut,HTH
2022-06-30,sp600,HTH
2022-09-30,rut,HTH
2022-09-30,sp600,HTH
2022-12-31,rut,HTH
2022-12-31,sp600,HTH
2023-03-31,rut,HTH
2023-03-31,sp600,HTH
2023-06-30,rut,HTH
2023-06-30,sp600,HTH
2023-09-30,rut,HTH
2023-09-30,sp600,HTH
2023-12-31,rut,HTH
2023-12-31,sp600,HTH
2024-03-31,rut,HTH
2024-03-31,sp600,HTH
2024-06-30,rut,HTH
2024-06-30,sp600,HTH
2024-09-30,rut,HTH
2024-09-30,sp600,HTH
2024-12-31,rut,HTH
2024-12-31,sp600,HTH
2025-03-31,rut,HTH
2025-03-31,sp600,HTH
2025-06-30,rut,HTH
2025-06-30,sp600,HTH
2025-09-30,rut,HTH
2025-09-30,sp600,HTH
2025-12-31,rut,HTH
2025-12-31,sp600,HTH
2026-03-31,rut,HTH
2026-03-31,sp600,HTH
2026-06-30,rut,HTH
2026-06-30,sp600,HTH
2026-09-30,rut,HTH
2026-09-30,sp600,HTH
2019-12-31,rut,COLL
2020-03-31,rut,COLL
2020-06-30,rut,COLL
2020-09-30,rut,COLL
2020-12-31,rut,COLL
2021-03-31,rut,COLL
2021-03-31,sp600,COLL
2021-06-30,rut,COLL
2021-06-30,sp600,COLL
2021-09-30,rut,COLL
2021-09-30,sp600,COLL
2021-12-31,rut,COLL
2021-12-31,sp600,COLL
2022-03-31,rut,COLL
2022-03-31,sp600,COLL
2022-06-30,rut,COLL
2022-06-30,sp600,COLL
2022-09-30,rut,COLL
2022-09-30,sp600,COLL
2022-12-31,rut,COLL
2022-12-31,sp600,COLL
2023-03-31,rut,COLL
2023-03-31,sp600,COLL
2023-06-30,rut,COLL
2023-06-30,sp600,COLL
2023-09-30,rut,COLL
2023-09-30,sp600,COLL
2023-12-31,rut,COLL
2023-12-31,sp600,COLL
2024-03-31,rut,COLL
2024-03-31,sp600,COLL
2024-06-30,rut,COLL
2024-06-30,sp600,COLL
2024-09-30,rut,COLL
2024-09-30,sp600,COLL
2024-12-31,rut,COLL
2024-12-31,sp600,COLL
2025-03-31,rut,COLL
2025-03-31,sp600,COLL
2025-06-30,rut,COLL
2025-06-30,sp600,COLL
2025-09-30,rut,COLL
2025-09-30,sp600,COLL
2025-12-31,rut,COLL
2025-12-31,sp600,COLL
2026-03-31,rut,COLL
2026-03-31,sp600,COLL
2026-06-30,rut,COLL
2026-06-30,sp600,COLL
2026-09-30,rut,COLL
2026-09-30,sp600,COLL
2022-03-31,sp600,AGO
2022-06-30,sp600,AGO
2026-09-30,sp600,AGO
2019-12-31,rut,UCTT
2019-12-31,sp600,UCTT
2020-03-31,rut,UCTT
2020-03-31,sp600,UCTT
2020-06-30,rut,UCTT
2020-06-30,sp600,UCTT
2020-09-30,rut,UCTT
2020-09-30,sp600,UCTT
2020-12-31,rut,UCTT
2020-12-31,sp600,UCTT
2021-03-31,rut,UCTT
2021-03-31,sp600,UCTT
2021-06-30,rut,UCTT
2021-06-30,sp600,UCTT
2021-09-30,rut,UCTT
2021-09-30,sp600,UCTT
2021-12-31,rut,UCTT
2021-12-31,sp600,UCTT
2022-03-31,rut,UCTT
2022-03-31,sp600,UCTT
2022-06-30,rut,UCTT
2022-06-30,sp600,UCTT
2022-09-30,rut,UCTT
2022-09-30,sp600,UCTT
2022-12-31,rut,UCTT
2022-12-31,sp600,UCTT
2023-03-31,rut,UCTT
2023-03-31,sp600,UCTT
2023-06-30,rut,UCTT
2023-06-30,sp600,UCTT
2023-09-30,rut,UCTT
2023-09-30,sp600,UCTT
2023-12-31,rut,UCTT
2023-12-31,sp600,UCTT
2024-03-31,rut,UCTT
2024-03-31,sp600,UCTT
2024-06-30,rut,UCTT
2024-06-30,sp600,UCTT
2024-09-30,rut,UCTT
2024-09-30,sp600,UCTT
2024-12-31,rut,UCTT
2024-12-31,sp600,UCTT
2025-03-31,rut,UCTT
2025-03-31,sp600,UCTT
2025-06-30,rut,UCTT
2025-06-30,sp600,UCTT
2025-09-30,rut,UCTT
2025-09-30,sp600,UCTT
2025-12-31,rut,UCTT
2025-12-31,sp600,UCTT
2026-03-31,rut,UCTT
2026-03-31,sp600,UCTT
2026-06-30,rut,UCTT
2026-06-30,sp600,UCTT
2026-09-30,rut,UCTT
2026-09-30,sp600,UCTT
2021-06-30,rut,FSBC
2021-09-30,rut,FSBC
2021-12-31,rut,FSBC
2022-03-31,rut,FSBC
2022-06-30,rut,FSBC
2022-09-30,rut,FSBC
2022-12-31,rut,FSBC
2023-03-31,rut,FSBC
2023-06-30,rut,FSBC
2023-09-30,rut,FSBC
2023-12-31,rut,FSBC
2024-03-31,rut,FSBC
2024-06-30,rut,FSBC
2024-09-30,rut,FSBC
2024-12-31,rut,FSBC
2025-03-31,rut,FSBC
2025-06-30,rut,FSBC
2025-09-30,rut,FSBC
2025-12-31,rut,FSBC
2026-03-31,rut,FSBC
2026-06-30,rut,FSBC
2026-09-30,rut,FSBC
2019-12-31,rut,GNW
2019-12-31,sp400,GNW
2020-03-31,rut,GNW
2020-03-31,sp400,GNW
2020-06-30,rut,GNW
2020-06-30,sp400,GNW
2020-09-30,rut,GNW
2020-09-30,sp400,GNW
2020-12-31,rut,GNW
2020-12-31,sp400,GNW
2021-03-31,rut,GNW
2021-03-31,sp400,GNW
2021-06-30,rut,GNW
2021-06-30,sp600,GNW
2021-09-30,rut,GNW
2021-09-30,sp600,GNW
2021-12-31,rut,GNW
2021-12-31,sp600,GNW
2022-03-31,rut,GNW
2022-03-31,sp600,GNW
2022-06-30,rut,GNW
2022-06-30,sp600,GNW
2022-09-30,rut,GNW
2022-09-30,sp600,GNW
2022-12-31,rut,GNW
2022-12-31,sp600,GNW
2023-03-31,rut,GNW
2023-03-31,sp600,GNW
2023-06-30,rut,GNW
2023-06-30,sp600,GNW
2023-09-30,rut,GNW
2023-09-30,sp600,GNW
2023-12-31,rut,GNW
2023-12-31,sp600,GNW
2024-03-31,rut,GNW
2024-03-31,sp600,GNW
2024-06-30,rut,GNW
2024-06-30,sp600,GNW
2024-09-30,rut,GNW
2024-09-30,sp600,GNW
2024-12-31,rut,GNW
2024-12-31,sp600,GNW
2025-03-31,rut,GNW
2025-03-31,sp600,GNW
2025-06-30,rut,GNW
2025-06-30,sp600,GNW
2025-09-30,rut,GNW
2025-09-30,sp600,GNW
2025-12-31,rut,GNW
2025-12-31,sp600,GNW
2026-03-31,rut,GNW
2026-03-31,sp600,GNW
2026-06-30,rut,GNW
2026-06-30,sp600,GNW
2026-09-30,rut,GNW
2026-09-30,sp600,GNW
2026-09-30,rut,BGS
2019-12-31,rut,BLKB
2019-12-31,sp400,BLKB
2020-03-31,rut,BLKB
2020-03-31,sp400,BLKB
2020-06-30,rut,BLKB
2020-06-30,sp400,BLKB
2020-09-30,rut,BLKB
2020-09-30,sp400,BLKB
2020-12-31,rut,BLKB
2020-12-31,sp400,BLKB
2021-03-31,rut,BLKB
2021-03-31,sp400,BLKB
2021-06-30,rut,BLKB
2021-06-30,sp400,BLKB
2021-09-30,rut,BLKB
2021-09-30,sp400,BLKB
2021-12-31,rut,BLKB
2021-12-31,sp400,BLKB
2022-03-31,rut,BLKB
2022-03-31,sp400,BLKB
2022-06-30,rut,BLKB
2022-06-30,sp400,BLKB
2022-09-30,rut,BLKB
2022-09-30,sp400,BLKB
2022-12-31,rut,BLKB
2022-12-31,sp400,BLKB
2023-03-31,rut,BLKB
2023-03-31,sp400,BLKB
2023-06-30,rut,BLKB
2023-06-30,sp400,BLKB
2023-09-30,rut,BLKB
2023-09-30,sp400,BLKB
2023-12-31,rut,BLKB
2023-12-31,sp400,BLKB
2024-03-31,rut,BLKB
2024-03-31,sp400,BLKB
2024-06-30,rut,BLKB
2024-06-30,sp400,BLKB
2024-09-30,rut,BLKB
2024-09-30,sp400,BLKB
2024-12-31,rut,BLKB
2024-12-31,sp400,BLKB
2025-03-31,rut,BLKB
2025-03-31,sp400,BLKB
2025-06-30,rut,BLKB
2025-06-30,sp400,BLKB
2025-09-30,rut,BLKB
2025-09-30,sp400,BLKB
2025-12-31,rut,BLKB
2025-12-31,sp400,BLKB
2026-03-31,rut,BLKB
2026-03-31,sp400,BLKB
2026-06-30,rut,BLKB
2026-06-30,sp600,BLKB
2026-09-30,rut,BLKB
2026-09-30,sp600,BLKB
2026-09-30,rut,AMBA
2019-12-31,sp400,NEU
2020-03-31,sp400,NEU
2020-06-30,sp400,NEU
2020-09-30,sp400,NEU
2020-12-31,sp400,NEU
2021-03-31,sp400,NEU
2021-06-30,sp400,NEU
2021-09-30,sp400,NEU
2021-12-31,sp400,NEU
2022-03-31,sp400,NEU
2022-06-30,sp400,NEU
2022-09-30,sp400,NEU
2022-12-31,sp400,NEU
2023-03-31,sp400,NEU
2023-06-30,sp400,NEU
2023-09-30,sp400,NEU
2023-12-31,sp400,NEU
2024-03-31,sp400,NEU
2024-06-30,sp400,NEU
2024-09-30,sp400,NEU
2024-12-31,sp400,NEU
2025-03-31,sp400,NEU
2025-06-30,sp400,NEU
2025-09-30,sp400,NEU
2025-12-31,sp400,NEU
2026-03-31,sp400,NEU
2026-06-30,sp400,NEU
2026-09-30,sp400,NEU
2019-12-31,rut,CNS
2020-03-31,rut,CNS
2020-06-30,rut,CNS
2020-09-30,rut,CNS
2020-12-31,rut,CNS
2021-03-31,rut,CNS
2021-06-30,rut,CNS
2021-09-30,rut,CNS
2021-12-31,rut,CNS
2022-03-31,rut,CNS
2022-06-30,rut,CNS
2022-09-30,rut,CNS
2022-12-31,rut,CNS
2023-03-31,rut,CNS
2023-06-30,rut,CNS
2023-09-30,rut,CNS
2023-12-31,rut,CNS
2024-03-31,rut,CNS
2024-06-30,rut,CNS
2024-06-30,sp600,CNS
2024-09-30,rut,CNS
2024-09-30,sp600,CNS
2024-12-31,rut,CNS
2024-12-31,sp600,CNS
2025-03-31,rut,CNS
2025-03-31,sp600,CNS
2025-06-30,rut,CNS
2025-06-30,sp600,CNS
2025-09-30,rut,CNS
2025-09-30,sp600,CNS
2025-12-31,rut,CNS
2025-12-31,sp600,CNS
2026-03-31,rut,CNS
2026-03-31,sp600,CNS
2026-06-30,rut,CNS
2026-06-30,sp600,CNS
2026-09-30,rut,CNS
2026-09-30,sp600,CNS
2019-12-31,rut,KRG
2019-12-31,sp600,KRG
2020-03-31,rut,KRG
2020-03-31,sp600,KRG
2020-06-30,rut,KRG
2020-06-30,sp600,KRG
2020-09-30,rut,KRG
2020-09-30,sp600,KRG
2020-12-31,rut,KRG
2020-12-31,sp600,KRG
2021-03-31,rut,KRG
2021-03-31,sp600,KRG
2021-06-30,rut,KRG
2021-06-30,sp600,KRG
2021-09-30,rut,KRG
2021-09-30,sp600,KRG
2021-12-31,rut,KRG
2021-12-31,sp400,KRG
2022-03-31,rut,KRG
2022-03-31,sp400,KRG
2022-06-30,rut,KRG
2022-06-30,sp400,KRG
2022-09-30,rut,KRG
2022-09-30,sp400,KRG
2022-12-31,rut,KRG
2022-12-31,sp400,KRG
2023-03-31,rut,KRG
2023-03-31,sp400,KRG
2023-06-30,rut,KRG
2023-06-30,sp400,KRG
2023-09-30,rut,KRG
2023-09-30,sp400,KRG
2023-12-31,rut,KRG
2023-12-31,sp400,KRG
2024-03-31,rut,KRG
2024-03-31,sp400,KRG
2024-06-30,rut,KRG
2024-06-30,sp400,KRG
2024-09-30,rut,KRG
2024-09-30,sp400,KRG
2024-12-31,rut,KRG
2024-12-31,sp400,KRG
2025-03-31,rut,KRG
2025-03-31,sp400,KRG
2025-06-30,rut,KRG
2025-06-30,sp400,KRG
2025-09-30,rut,KRG
2025-09-30,sp400,KRG
2025-12-31,rut,KRG
2025-12-31,sp400,KRG
2026-03-31,rut,KRG
2026-03-31,sp400,KRG
2026-06-30,rut,KRG
2026-06-30,sp400,KRG
2026-09-30,rut,KRG
2026-09-30,sp400,KRG
2022-06-30,rut,LZ
2022-09-30,rut,LZ
2022-12-31,rut,LZ
2023-03-31,rut,LZ
2023-06-30,rut,LZ
2023-09-30,rut,LZ
2023-12-31,rut,LZ
2024-03-31,rut,LZ
2024-06-30,rut,LZ
2024-09-30,rut,LZ
2024-12-31,rut,LZ
2025-03-31,rut,LZ
2025-06-30,rut,LZ
2025-09-30,rut,LZ
2025-12-31,rut,LZ
2026-03-31,rut,LZ
2026-03-31,sp600,LZ
2026-06-30,rut,LZ
2026-06-30,sp600,LZ
2026-09-30,rut,LZ
2026-09-30,sp600,LZ
2019-12-31,sp400,MPT
2020-03-31,sp400,MPT
2020-06-30,sp400,MPT
2020-09-30,sp400,MPT
2020-12-31,sp400,MPT
2021-03-31,sp400,MPT
2021-06-30,sp400,MPT
2021-09-30,sp400,MPT
2021-12-31,sp400,MPT
2022-03-31,sp400,MPT
2022-06-30,sp400,MPT
2022-09-30,sp400,MPT
2022-12-31,sp400,MPT
2023-03-31,sp400,MPT
2023-06-30,sp400,MPT
2023-09-30,sp400,MPT
2023-12-31,sp400,MPT
2024-03-31,sp600,MPT
2024-06-30,sp600,MPT
2024-09-30,sp600,MPT
2024-12-31,sp600,MPT
2025-03-31,sp600,MPT
2025-06-30,sp600,MPT
2025-09-30,sp600,MPT
2025-12-31,sp600,MPT
2026-03-31,sp600,MPT
2026-06-30,sp600,MPT
2026-09-30,sp600,MPT
2019-12-31,rut,MXL
2019-12-31,sp600,MXL
2020-03-31,rut,MXL
2020-03-31,sp600,MXL
2020-06-30,rut,MXL
2020-06-30,sp600,MXL
2020-09-30,rut,MXL
2020-09-30,sp600,MXL
2020-12-31,rut,MXL
2020-12-31,sp600,MXL
2021-03-31,rut,MXL
2021-03-31,sp600,MXL
2021-06-30,rut,MXL
2021-06-30,sp600,MXL
2021-09-30,rut,MXL
2021-09-30,sp600,MXL
2021-12-31,rut,MXL
2021-12-31,sp600,MXL
2022-03-31,rut,MXL
2022-03-31,sp600,MXL
2022-06-30,rut,MXL
2022-06-30,sp600,MXL
2022-09-30,rut,MXL
2022-09-30,sp600,MXL
2022-12-31,rut,MXL
2022-12-31,sp600,MXL
2023-03-31,rut,MXL
2023-03-31,sp600,MXL
2023-06-30,rut,MXL
2023-06-30,sp600,MXL
2023-09-30,rut,MXL
2023-09-30,sp600,MXL
2023-12-31,rut,MXL
2023-12-31,sp600,MXL
2024-03-31,rut,MXL
2024-03-31,sp600,MXL
2024-06-30,rut,MXL
2024-06-30,sp600,MXL
2024-09-30,rut,MXL
2024-09-30,sp600,MXL
2024-12-31,rut,MXL
2024-12-31,sp600,MXL
2025-03-31,rut,MXL
2025-03-31,sp600,MXL
2025-06-30,rut,MXL
2025-06-30,sp600,MXL
2025-09-30,rut,MXL
2025-09-30,sp600,MXL
2025-12-31,rut,MXL
2025-12-31,sp600,MXL
2026-03-31,rut,MXL
2026-03-31,sp600,MXL
2026-06-30,rut,MXL
2026-06-30,sp600,MXL
2026-09-30,rut,MXL
2026-09-30,sp600,MXL
2019-12-31,rut,FIVN
2020-03-31,rut,FIVN
2025-06-30,rut,FIVN
2025-09-30,rut,FIVN
2025-12-31,rut,FIVN
2026-03-31,rut,FIVN
2026-06-30,rut,FIVN
2026-09-30,rut,FIVN
2026-09-30,sp600,FIVN
2019-12-31,rut,ENS
2019-12-31,sp400,ENS
2020-03-31,rut,ENS
2020-03-31,sp400,ENS
2020-06-30,rut,ENS
2020-06-30,sp400,ENS
2020-09-30,rut,ENS
2020-09-30,sp400,ENS
2020-12-31,rut,ENS
2020-12-31,sp400,ENS
2021-03-31,rut,ENS
2021-03-31,sp400,ENS
2021-06-30,rut,ENS
2021-06-30,sp400,ENS
2021-09-30,rut,ENS
2021-09-30,sp400,ENS
2021-12-31,rut,ENS
2021-12-31,sp400,ENS
2022-03-31,rut,ENS
2022-03-31,sp400,ENS
2022-06-30,rut,ENS
2022-06-30,sp400,ENS
2022-09-30,rut,ENS
2022-09-30,sp400,ENS
2022-12-31,rut,ENS
2022-12-31,sp400,ENS
2023-03-31,rut,ENS
2023-03-31,sp400,ENS
2023-06-30,rut,ENS
2023-06-30,sp400,ENS
2023-09-30,rut,ENS
2023-09-30,sp400,ENS
2023-12-31,rut,ENS
2023-12-31,sp400,ENS
2024-03-31,rut,ENS
2024-03-31,sp400,ENS
2024-06-30,rut,ENS
2024-06-30,sp400,ENS
2024-09-30,rut,ENS
2024-09-30,sp400,ENS
2024-12-31,rut,ENS
2024-12-31,sp400,ENS
2025-03-31,rut,ENS
2025-03-31,sp400,ENS
2025-06-30,rut,ENS
2025-06-30,sp400,ENS
2025-09-30,rut,ENS
2025-09-30,sp400,ENS
2025-12-31,rut,ENS
2025-12-31,sp400,ENS
2026-03-31,rut,ENS
2026-03-31,sp400,ENS
2026-06-30,rut,ENS
2026-06-30,sp400,ENS
2026-09-30,rut,ENS
2026-09-30,sp400,ENS
2023-09-30,sp400,MORN
2023-12-31,sp400,MORN
2024-03-31,sp400,MORN
2024-06-30,sp400,MORN
2024-09-30,sp400,MORN
2024-12-31,sp400,MORN
2025-03-31,sp400,MORN
2025-06-30,sp400,MORN
2025-09-30,sp400,MORN
2025-12-31,sp400,MORN
2026-03-31,sp400,MORN
2026-06-30,sp400,MORN
2026-09-30,sp400,MORN
2019-12-31,rut,TXRH
2019-12-31,sp400,TXRH
2020-03-31,rut,TXRH
2020-03-31,sp400,TXRH
2020-06-30,rut,TXRH
2020-06-30,sp400,TXRH
2020-09-30,rut,TXRH
2020-09-30,sp400,TXRH
2020-12-31,rut,TXRH
2020-12-31,sp400,TXRH
2021-03-31,rut,TXRH
2021-03-31,sp400,TXRH
2021-06-30,rut,TXRH
2021-06-30,sp400,TXRH
2021-09-30,rut,TXRH
2021-09-30,sp400,TXRH
2021-12-31,rut,TXRH
2021-12-31,sp400,TXRH
2022-03-31,rut,TXRH
2022-03-31,sp400,TXRH
2022-06-30,rut,TXRH
2022-06-30,sp400,TXRH
2022-09-30,rut,TXRH
2022-09-30,sp400,TXRH
2022-12-31,rut,TXRH
2022-12-31,sp400,TXRH
2023-03-31,rut,TXRH
2023-03-31,sp400,TXRH
2023-06-30,sp400,TXRH
2023-09-30,sp400,TXRH
2023-12-31,sp400,TXRH
2024-03-31,sp400,TXRH
2024-06-30,sp400,TXRH
2024-09-30,sp400,TXRH
2024-12-31,sp400,TXRH
2025-03-31,sp400,TXRH
2025-06-30,sp400,TXRH
2025-09-30,sp400,TXRH
2025-12-31,sp400,TXRH
2026-03-31,sp400,TXRH
2026-06-30,sp400,TXRH
2026-09-30,sp400,TXRH
2019-12-31,rut,HURN
2020-03-31,rut,HURN
2020-06-30,rut,HURN
2020-09-30,rut,HURN
2020-12-31,rut,HURN
2021-03-31,rut,HURN
2021-06-30,rut,HURN
2021-09-30,rut,HURN
2021-12-31,rut,HURN
2022-03-31,rut,HURN
2022-06-30,rut,HURN
2022-09-30,rut,HURN
2022-12-31,rut,HURN
2023-03-31,rut,HURN
2023-06-30,rut,HURN
2023-09-30,rut,HURN
2023-12-31,rut,HURN
2024-03-31,rut,HURN
2024-06-30,rut,HURN
2024-09-30,rut,HURN
2024-12-31,rut,HURN
2025-03-31,rut,HURN
2025-06-30,rut,HURN
2025-09-30,rut,HURN
2025-12-31,rut,HURN
2026-03-31,rut,HURN
2026-06-30,rut,HURN
2026-09-30,rut,HURN
2019-12-31,rut,TPB
2020-03-31,rut,TPB
2020-06-30,rut,TPB
2020-09-30,rut,TPB
2020-12-31,rut,TPB
2021-03-31,rut,TPB
2021-06-30,rut,TPB
2021-09-30,rut,TPB
2021-12-31,rut,TPB
2022-03-31,rut,TPB
2022-06-30,rut,TPB
2022-09-30,rut,TPB
2022-12-31,rut,TPB
2023-03-31,rut,TPB
2023-06-30,rut,TPB
2023-09-30,rut,TPB
2023-12-31,rut,TPB
2024-03-31,rut,TPB
2024-06-30,rut,TPB
2024-09-30,rut,TPB
2024-12-31,rut,TPB
2025-03-31,rut,TPB
2025-06-30,rut,TPB
2025-09-30,rut,TPB
2025-12-31,rut,TPB
2026-03-31,rut,TPB
2026-06-30,rut,TPB
2026-09-30,rut,TPB
2019-12-31,rut,TBBK
2019-12-31,sp600,TBBK
2020-03-31,rut,TBBK
2020-03-31,sp600,TBBK
2020-06-30,rut,TBBK
2020-06-30,sp600,TBBK
2020-09-30,rut,TBBK
2020-09-30,sp600,TBBK
2020-12-31,rut,TBBK
2020-12-31,sp600,TBBK
2021-03-31,rut,TBBK
2021-03-31,sp600,TBBK
2021-06-30,rut,TBBK
2021-06-30,sp600,TBBK
2021-09-30,rut,TBBK
2021-09-30,sp400,TBBK
2021-09-30,sp600,TBBK
2021-12-31,rut,TBBK
2021-12-31,sp400,TBBK
2021-12-31,sp600,TBBK
2022-03-31,rut,TBBK
2022-03-31,sp400,TBBK
2022-03-31,sp600,TBBK
2022-06-30,rut,TBBK
2022-06-30,sp400,TBBK
2022-06-30,sp600,TBBK
2022-09-30,rut,TBBK
2022-09-30,sp400,TBBK
2022-09-30,sp600,TBBK
2022-12-31,rut,TBBK
2022-12-31,sp400,TBBK
2022-12-31,sp600,TBBK
2023-03-31,rut,TBBK
2023-03-31,sp400,TBBK
2023-03-31,sp600,TBBK
2023-06-30,rut,TBBK
2023-06-30,sp600,TBBK
2023-09-30,rut,TBBK
2023-09-30,sp600,TBBK
2023-12-31,rut,TBBK
2023-12-31,sp600,TBBK
2024-03-31,rut,TBBK
2024-03-31,sp600,TBBK
2024-06-30,rut,TBBK
2024-06-30,sp600,TBBK
2024-09-30,rut,TBBK
2024-09-30,sp600,TBBK
2024-12-31,rut,TBBK
2024-12-31,sp600,TBBK
2025-03-31,rut,TBBK
2025-03-31,sp600,TBBK
2025-06-30,rut,TBBK
2025-06-30,sp600,TBBK
2025-09-30,rut,TBBK
2025-09-30,sp600,TBBK
2025-12-31,rut,TBBK
2025-12-31,sp600,TBBK
2026-03-31,rut,TBBK
2026-03-31,sp600,TBBK
2026-06-30,rut,TBBK
2026-06-30,sp600,TBBK
2026-09-30,rut,TBBK
2026-09-30,sp600,TBBK
2019-12-31,rut,SHO
2020-03-31,rut,SHO
2020-06-30,rut,SHO
2020-09-30,rut,SHO
2020-12-31,rut,SHO
2021-03-31,rut,SHO
2021-06-30,rut,SHO
2021-09-30,rut,SHO
2021-12-31,rut,SHO
2022-03-31,rut,SHO
2022-06-30,rut,SHO
2022-09-30,rut,SHO
2022-09-30,sp600,SHO
2022-12-31,rut,SHO
2022-12-31,sp600,SHO
2023-03-31,rut,SHO
2023-03-31,sp600,SHO
2023-06-30,rut,SHO
2023-06-30,sp600,SHO
2023-09-30,rut,SHO
2023-09-30,sp600,SHO
2023-12-31,rut,SHO
2023-12-31,sp600,SHO
2024-03-31,rut,SHO
2024-03-31,sp600,SHO
2024-06-30,rut,SHO
2024-06-30,sp600,SHO
2024-09-30,rut,SHO
2024-09-30,sp600,SHO
2024-12-31,rut,SHO
2024-12-31,sp600,SHO
2025-03-31,rut,SHO
2025-03-31,sp600,SHO
2025-06-30,rut,SHO
2025-06-30,sp600,SHO
2025-09-30,rut,SHO
2025-09-30,sp600,SHO
2025-12-31,rut,SHO
2025-12-31,sp600,SHO
2026-03-31,rut,SHO
2026-03-31,sp600,SHO
2026-06-30,rut,SHO
2026-06-30,sp600,SHO
2026-09-30,rut,SHO
2026-09-30,sp600,SHO
2019-12-31,rut,PBH
2019-12-31,sp400,PBH
2020-03-31,rut,PBH
2020-03-31,sp400,PBH
2020-06-30,rut,PBH
2020-06-30,sp400,PBH
2020-09-30,rut,PBH
2020-09-30,sp400,PBH
2020-12-31,rut,PBH
2020-12-31,sp400,PBH
2021-03-31,rut,PBH
2021-03-31,sp600,PBH
2021-06-30,rut,PBH
2021-06-30,sp600,PBH
2021-09-30,rut,PBH
2021-09-30,sp600,PBH
2021-12-31,rut,PBH
2021-12-31,sp600,PBH
2022-03-31,rut,PBH
2022-03-31,sp600,PBH
2022-06-30,rut,PBH
2022-06-30,sp600,PBH
2022-09-30,rut,PBH
2022-09-30,sp600,PBH
2022-12-31,rut,PBH
2022-12-31,sp600,PBH
2023-03-31,rut,PBH
2023-03-31,sp600,PBH
2023-06-30,rut,PBH
2023-06-30,sp600,PBH
2023-09-30,rut,PBH
2023-09-30,sp600,PBH
2023-12-31,rut,PBH
2023-12-31,sp600,PBH
2024-03-31,rut,PBH
2024-03-31,sp600,PBH
2024-06-30,rut,PBH
2024-06-30,sp600,PBH
2024-09-30,rut,PBH
2024-09-30,sp600,PBH
2024-12-31,rut,PBH
2024-12-31,sp600,PBH
2025-03-31,rut,PBH
2025-03-31,sp600,PBH
2025-06-30,rut,PBH
2025-06-30,sp600,PBH
2025-09-30,rut,PBH
2025-09-30,sp600,PBH
2025-12-31,rut,PBH
2025-12-31,sp600,PBH
2026-03-31,rut,PBH
2026-03-31,sp600,PBH
2026-06-30,rut,PBH
2026-06-30,sp600,PBH
2026-09-30,rut,PBH
2026-09-30,sp600,PBH
2019-12-31,rut,ORA
2020-03-31,rut,ORA
2020-06-30,rut,ORA
2020-09-30,rut,ORA
2020-12-31,rut,ORA
2021-03-31,rut,ORA
2021-06-30,rut,ORA
2021-09-30,rut,ORA
2021-12-31,rut,ORA
2022-03-31,rut,ORA
2022-06-30,rut,ORA
2022-09-30,rut,ORA
2022-09-30,sp400,ORA
2022-12-31,rut,ORA
2022-12-31,sp400,ORA
2023-03-31,rut,ORA
2023-03-31,sp400,ORA
2023-06-30,rut,ORA
2023-06-30,sp400,ORA
2023-09-30,rut,ORA
2023-09-30,sp400,ORA
2023-12-31,rut,ORA
2023-12-31,sp400,ORA
2024-03-31,rut,ORA
2024-03-31,sp400,ORA
2024-06-30,rut,ORA
2024-06-30,sp400,ORA
2024-09-30,rut,ORA
2024-09-30,sp400,ORA
2024-12-31,rut,ORA
2024-12-31,sp400,ORA
2025-03-31,rut,ORA
2025-03-31,sp400,ORA
2025-06-30,rut,ORA
2025-06-30,sp400,ORA
2025-09-30,rut,ORA
2025-09-30,sp400,ORA
2025-12-31,rut,ORA
2025-12-31,sp400,ORA
2026-03-31,rut,ORA
2026-03-31,sp400,ORA
2026-06-30,rut,ORA
2026-06-30,sp400,ORA
2026-09-30,rut,ORA
2026-09-30,sp400,ORA
2019-12-31,rut,EXLS
2019-12-31,sp600,EXLS
2020-03-31,rut,EXLS
2020-03-31,sp600,EXLS
2020-06-30,rut,EXLS
2020-06-30,sp600,EXLS
2020-09-30,rut,EXLS
2020-09-30,sp600,EXLS
2020-12-31,rut,EXLS
2020-12-31,sp600,EXLS
2021-03-31,rut,EXLS
2021-03-31,sp600,EXLS
2021-06-30,rut,EXLS
2021-06-30,sp600,EXLS
2021-09-30,rut,EXLS
2021-09-30,sp600,EXLS
2021-12-31,rut,EXLS
2021-12-31,sp600,EXLS
2022-03-31,rut,EXLS
2022-03-31,sp600,EXLS
2022-06-30,rut,EXLS
2022-06-30,sp600,EXLS
2022-09-30,rut,EXLS
2022-09-30,sp600,EXLS
2022-12-31,rut,EXLS
2022-12-31,sp400,EXLS
2023-03-31,rut,EXLS
2023-03-31,sp400,EXLS
2023-06-30,rut,EXLS
2023-06-30,sp400,EXLS
2023-09-30,rut,EXLS
2023-09-30,sp400,EXLS
2023-12-31,rut,EXLS
2023-12-31,sp400,EXLS
2024-03-31,rut,EXLS
2024-03-31,sp400,EXLS
2024-06-30,rut,EXLS
2024-06-30,sp400,EXLS
2024-09-30,rut,EXLS
2024-09-30,sp400,EXLS
2024-12-31,rut,EXLS
2024-12-31,sp400,EXLS
2025-03-31,rut,EXLS
2025-03-31,sp400,EXLS
2025-06-30,rut,EXLS
2025-06-30,sp400,EXLS
2025-09-30,sp400,EXLS
2025-12-31,sp400,EXLS
2026-03-31,sp400,EXLS
2026-06-30,sp400,EXLS
2026-09-30,sp400,EXLS
2022-12-31,sp400,CUBE
2023-03-31,sp400,CUBE
2023-06-30,sp400,CUBE
2023-09-30,sp400,CUBE
2023-12-31,sp400,CUBE
2024-03-31,sp400,CUBE
2024-06-30,sp400,CUBE
2024-09-30,sp400,CUBE
2024-12-31,sp400,CUBE
2025-03-31,sp400,CUBE
2025-06-30,sp400,CUBE
2025-09-30,sp400,CUBE
2025-12-31,sp400,CUBE
2026-03-31,sp400,CUBE
2026-06-30,sp400,CUBE
2026-09-30,sp400,CUBE
2019-12-31,rut,DRH
2019-12-31,sp600,DRH
2020-03-31,rut,DRH
2020-03-31,sp600,DRH
2020-06-30,rut,DRH
2020-06-30,sp600,DRH
2020-09-30,rut,DRH
2020-09-30,sp600,DRH
2020-12-31,rut,DRH
2020-12-31,sp600,DRH
2021-03-31,rut,DRH
2021-03-31,sp600,DRH
2021-06-30,rut,DRH
2021-06-30,sp600,DRH
2021-09-30,rut,DRH
2021-09-30,sp600,DRH
2021-12-31,rut,DRH
2021-12-31,sp600,DRH
2022-03-31,rut,DRH
2022-03-31,sp600,DRH
2022-06-30,rut,DRH
2022-06-30,sp600,DRH
2022-09-30,rut,DRH
2022-09-30,sp600,DRH
2022-12-31,rut,DRH
2022-12-31,sp600,DRH
2023-03-31,rut,DRH
2023-03-31,sp600,DRH
2023-06-30,rut,DRH
2023-06-30,sp600,DRH
2023-09-30,rut,DRH
2023-09-30,sp600,DRH
2023-12-31,rut,DRH
2023-12-31,sp600,DRH
2024-03-31,rut,DRH
2024-03-31,sp600,DRH
2024-06-30,rut,DRH
2024-06-30,sp600,DRH
2024-09-30,rut,DRH
2024-09-30,sp600,DRH
2024-12-31,rut,DRH
2024-12-31,sp600,DRH
2025-03-31,rut,DRH
2025-03-31,sp600,DRH
2025-06-30,rut,DRH
2025-06-30,sp600,DRH
2025-09-30,rut,DRH
2025-09-30,sp600,DRH
2025-12-31,rut,DRH
2025-12-31,sp600,DRH
2026-03-31,rut,DRH
2026-03-31,sp600,DRH
2026-06-30,rut,DRH
2026-06-30,sp600,DRH
2026-09-30,rut,DRH
2026-09-30,sp600,DRH
2019-12-31,rut,AX
2019-12-31,sp600,AX
2020-03-31,rut,AX
2020-03-31,sp600,AX
2020-06-30,rut,AX
2020-06-30,sp600,AX
2020-09-30,rut,AX
2020-09-30,sp600,AX
2020-12-31,rut,AX
2020-12-31,sp600,AX
2021-03-31,rut,AX
2021-03-31,sp600,AX
2021-06-30,rut,AX
2021-06-30,sp600,AX
2021-09-30,rut,AX
2021-09-30,sp600,AX
2021-12-31,rut,AX
2021-12-31,sp600,AX
2022-03-31,rut,AX
2022-03-31,sp600,AX
2022-06-30,rut,AX
2022-06-30,sp600,AX
2022-09-30,rut,AX
2022-09-30,sp600,AX
2022-12-31,rut,AX
2022-12-31,sp600,AX
2023-03-31,rut,AX
2023-03-31,sp600,AX
2023-06-30,rut,AX
2023-06-30,sp600,AX
2023-09-30,rut,AX
2023-09-30,sp600,AX
2023-12-31,rut,AX
2023-12-31,sp600,AX
2024-03-31,rut,AX
2024-03-31,sp600,AX
2024-06-30,rut,AX
2024-06-30,sp600,AX
2024-09-30,rut,AX
2024-09-30,sp600,AX
2024-12-31,rut,AX
2024-12-31,sp600,AX
2025-03-31,rut,AX
2025-03-31,sp600,AX
2025-06-30,rut,AX
2025-06-30,sp600,AX
2025-09-30,rut,AX
2025-09-30,sp600,AX
2025-12-31,rut,AX
2025-12-31,sp600,AX
2026-03-31,rut,AX
2026-03-31,sp600,AX
2026-06-30,rut,AX
2026-06-30,sp600,AX
2026-09-30,rut,AX
2026-09-30,sp600,AX
2019-12-31,rut,BXC
2020-03-31,rut,BXC
2021-06-30,rut,BXC
2021-09-30,rut,BXC
2021-12-31,rut,BXC
2022-03-31,rut,BXC
2022-06-30,rut,BXC
2022-09-30,rut,BXC
2022-12-31,rut,BXC
2023-03-31,rut,BXC
2023-06-30,rut,BXC
2023-09-30,rut,BXC
2023-12-31,rut,BXC
2024-03-31,rut,BXC
2024-06-30,rut,BXC
2024-09-30,rut,BXC
2024-12-31,rut,BXC
2025-03-31,rut,BXC
2025-06-30,rut,BXC
2025-09-30,rut,BXC
2025-12-31,rut,BXC
2026-03-31,rut,BXC
2026-06-30,rut,BXC
2026-09-30,rut,BXC
2019-12-31,rut,HLI
2020-03-31,rut,HLI
2020-06-30,rut,HLI
2020-09-30,rut,HLI
2020-12-31,rut,HLI
2021-03-31,rut,HLI
2021-06-30,rut,HLI
2021-09-30,rut,HLI
2021-12-31,rut,HLI
2022-03-31,rut,HLI
2022-06-30,rut,HLI
2022-09-30,rut,HLI
2022-12-31,rut,HLI
2023-03-31,rut,HLI
2023-12-31,sp400,HLI
2024-03-31,sp400,HLI
2024-06-30,sp400,HLI
2024-09-30,sp400,HLI
2024-12-31,sp400,HLI
2025-03-31,sp400,HLI
2025-06-30,sp400,HLI
2025-09-30,sp400,HLI
2025-12-31,sp400,HLI
2026-03-31,sp400,HLI
2026-06-30,sp400,HLI
2026-09-30,sp400,HLI
2025-03-31,sp600,CE
2025-06-30,sp600,CE
2025-09-30,sp600,CE
2025-12-31,sp600,CE
2026-03-31,sp600,CE
2026-06-30,sp600,CE
2026-09-30,sp600,CE
2022-06-30,rut,IVT
2022-09-30,rut,IVT
2022-12-31,rut,IVT
2023-03-31,rut,IVT
2023-06-30,rut,IVT
2023-09-30,rut,IVT
2023-12-31,rut,IVT
2024-03-31,rut,IVT
2024-06-30,rut,IVT
2024-09-30,rut,IVT
2024-12-31,rut,IVT
2025-03-31,rut,IVT
2025-06-30,rut,IVT
2025-09-30,rut,IVT
2025-12-31,rut,IVT
2026-03-31,rut,IVT
2026-06-30,rut,IVT
2026-06-30,sp600,IVT
2026-09-30,rut,IVT
2026-09-30,sp600,IVT
2026-06-30,rut,HUN
2026-09-30,rut,HUN
2019-12-31,rut,ULH
2020-03-31,rut,ULH
2020-06-30,rut,ULH
2020-09-30,rut,ULH
2020-12-31,rut,ULH
2021-03-31,rut,ULH
2021-06-30,rut,ULH
2021-09-30,rut,ULH
2021-12-31,rut,ULH
2022-03-31,rut,ULH
2022-06-30,rut,ULH
2022-09-30,rut,ULH
2022-12-31,rut,ULH
2023-03-31,rut,ULH
2023-06-30,rut,ULH
2023-09-30,rut,ULH
2023-12-31,rut,ULH
2024-03-31,rut,ULH
2024-06-30,rut,ULH
2024-09-30,rut,ULH
2024-12-31,rut,ULH
2025-03-31,rut,ULH
2025-06-30,rut,ULH
2025-09-30,rut,ULH
2025-12-31,rut,ULH
2026-03-31,rut,ULH
2026-06-30,rut,ULH
2026-09-30,rut,ULH
2023-09-30,sp400,DLB
2023-12-31,sp400,DLB
2024-03-31,sp400,DLB
2024-06-30,sp400,DLB
2024-09-30,sp400,DLB
2024-12-31,sp400,DLB
2025-03-31,sp400,DLB
2025-06-30,sp400,DLB
2025-09-30,sp400,DLB
2025-12-31,sp400,DLB
2026-03-31,sp400,DLB
2026-06-30,sp400,DLB
2026-09-30,sp400,DLB
2019-12-31,sp400,WEX
2020-03-31,sp400,WEX
2020-06-30,sp400,WEX
2020-09-30,sp400,WEX
2020-12-31,sp400,WEX
2021-03-31,sp400,WEX
2021-06-30,sp400,WEX
2021-09-30,sp400,WEX
2021-12-31,sp400,WEX
2022-03-31,sp400,WEX
2022-06-30,sp400,WEX
2022-09-30,sp400,WEX
2022-12-31,sp400,WEX
2023-03-31,sp400,WEX
2023-06-30,sp400,WEX
2023-09-30,sp400,WEX
2023-12-31,sp400,WEX
2024-03-31,sp400,WEX
2024-06-30,sp400,WEX
2024-09-30,sp400,WEX
2024-12-31,sp400,WEX
2025-03-31,sp400,WEX
2025-06-30,sp400,WEX
2025-09-30,sp400,WEX
2025-12-31,sp400,WEX
2026-03-31,sp400,WEX
2026-06-30,sp400,WEX
2026-09-30,sp400,WEX
2019-12-31,rut,GPRE
2019-12-31,sp600,GPRE
2020-03-31,rut,GPRE
2020-03-31,sp600,GPRE
2020-06-30,rut,GPRE
2020-06-30,sp600,GPRE
2020-09-30,rut,GPRE
2020-09-30,sp600,GPRE
2020-12-31,rut,GPRE
2020-12-31,sp600,GPRE
2021-03-31,rut,GPRE
2021-03-31,sp600,GPRE
2021-06-30,rut,GPRE
2021-06-30,sp600,GPRE
2021-09-30,rut,GPRE
2021-09-30,sp600,GPRE
2021-12-31,rut,GPRE
2021-12-31,sp600,GPRE
2022-03-31,rut,GPRE
2022-03-31,sp600,GPRE
2022-06-30,rut,GPRE
2022-06-30,sp600,GPRE
2022-09-30,rut,GPRE
2022-09-30,sp600,GPRE
2022-12-31,rut,GPRE
2022-12-31,sp600,GPRE
2023-03-31,rut,GPRE
2023-03-31,sp600,GPRE
2023-06-30,rut,GPRE
2023-06-30,sp600,GPRE
2023-09-30,rut,GPRE
2023-09-30,sp600,GPRE
2023-12-31,rut,GPRE
2023-12-31,sp600,GPRE
2024-03-31,rut,GPRE
2024-03-31,sp600,GPRE
2024-06-30,rut,GPRE
2024-06-30,sp600,GPRE
2024-09-30,rut,GPRE
2024-09-30,sp600,GPRE
2024-12-31,rut,GPRE
2024-12-31,sp600,GPRE
2025-03-31,rut,GPRE
2025-06-30,rut,GPRE
2025-09-30,rut,GPRE
2025-12-31,rut,GPRE
2026-03-31,rut,GPRE
2026-06-30,rut,GPRE
2026-09-30,rut,GPRE
2026-06-30,sp600,LAZ
2026-09-30,sp600,LAZ
2019-12-31,rut,SONO
2020-03-31,rut,SONO
2020-06-30,rut,SONO
2020-09-30,rut,SONO
2020-12-31,rut,SONO
2021-03-31,rut,SONO
2021-06-30,rut,SONO
2021-09-30,rut,SONO
2021-12-31,rut,SONO
2022-03-31,rut,SONO
2022-03-31,sp600,SONO
2022-06-30,rut,SONO
2022-06-30,sp600,SONO
2022-09-30,rut,SONO
2022-09-30,sp600,SONO
2022-12-31,rut,SONO
2022-12-31,sp600,SONO
2023-03-31,rut,SONO
2023-03-31,sp600,SONO
2023-06-30,rut,SONO
2023-06-30,sp600,SONO
2023-09-30,rut,SONO
2023-09-30,sp600,SONO
2023-12-31,rut,SONO
2023-12-31,sp600,SONO
2024-03-31,rut,SONO
2024-03-31,sp600,SONO
2024-06-30,rut,SONO
2024-06-30,sp600,SONO
2024-09-30,rut,SONO
2024-09-30,sp600,SONO
2024-12-31,rut,SONO
2024-12-31,sp600,SONO
2025-03-31,rut,SONO
2025-03-31,sp600,SONO
2025-06-30,rut,SONO
2025-06-30,sp600,SONO
2025-09-30,rut,SONO
2025-09-30,sp600,SONO
2025-12-31,rut,SONO
2025-12-31,sp600,SONO
2026-03-31,rut,SONO
2026-03-31,sp600,SONO
2026-06-30,rut,SONO
2026-06-30,sp600,SONO
2026-09-30,rut,SONO
2026-09-30,sp600,SONO
2019-12-31,rut,KOP
2019-12-31,sp600,KOP
2020-03-31,rut,KOP
2020-03-31,sp600,KOP
2020-06-30,rut,KOP
2020-06-30,sp600,KOP
2020-09-30,rut,KOP
2020-09-30,sp600,KOP
2020-12-31,rut,KOP
2020-12-31,sp600,KOP
2021-03-31,rut,KOP
2021-03-31,sp600,KOP
2021-06-30,rut,KOP
2021-06-30,sp600,KOP
2021-09-30,rut,KOP
2021-09-30,sp600,KOP
2021-12-31,rut,KOP
2021-12-31,sp600,KOP
2022-03-31,rut,KOP
2022-03-31,sp600,KOP
2022-06-30,rut,KOP
2022-06-30,sp600,KOP
2022-09-30,rut,KOP
2022-09-30,sp600,KOP
2022-12-31,rut,KOP
2022-12-31,sp600,KOP
2023-03-31,rut,KOP
2023-03-31,sp600,KOP
2023-06-30,rut,KOP
2023-06-30,sp600,KOP
2023-09-30,rut,KOP
2023-09-30,sp600,KOP
2023-12-31,rut,KOP
2023-12-31,sp600,KOP
2024-03-31,rut,KOP
2024-03-31,sp600,KOP
2024-06-30,rut,KOP
2024-06-30,sp600,KOP
2024-09-30,rut,KOP
2024-09-30,sp600,KOP
2024-12-31,rut,KOP
2024-12-31,sp600,KOP
2025-03-31,rut,KOP
2025-03-31,sp600,KOP
2025-06-30,rut,KOP
2025-06-30,sp600,KOP
2025-09-30,rut,KOP
2025-09-30,sp600,KOP
2025-12-31,rut,KOP
2025-12-31,sp600,KOP
2026-03-31,rut,KOP
2026-03-31,sp600,KOP
2026-06-30,rut,KOP
2026-06-30,sp600,KOP
2026-09-30,rut,KOP
2026-09-30,sp600,KOP
2024-06-30,sp400,WMG
2024-09-30,sp400,WMG
2024-12-31,sp400,WMG
2025-03-31,sp400,WMG
2025-06-30,sp400,WMG
2025-09-30,sp400,WMG
2025-12-31,sp400,WMG
2026-03-31,sp400,WMG
2026-06-30,sp400,WMG
2026-09-30,sp400,WMG
2019-12-31,rut,DBI
2019-12-31,sp600,DBI
2020-03-31,rut,DBI
2020-03-31,sp600,DBI
2020-06-30,rut,DBI
2020-06-30,sp600,DBI
2020-09-30,rut,DBI
2020-09-30,sp600,DBI
2020-12-31,rut,DBI
2020-12-31,sp600,DBI
2021-03-31,rut,DBI
2021-03-31,sp600,DBI
2021-06-30,rut,DBI
2021-06-30,sp600,DBI
2021-09-30,rut,DBI
2021-09-30,sp600,DBI
2021-12-31,rut,DBI
2021-12-31,sp600,DBI
2022-03-31,rut,DBI
2022-03-31,sp600,DBI
2022-06-30,rut,DBI
2022-06-30,sp600,DBI
2022-09-30,rut,DBI
2022-09-30,sp600,DBI
2022-12-31,rut,DBI
2022-12-31,sp600,DBI
2023-03-31,rut,DBI
2023-03-31,sp600,DBI
2023-06-30,rut,DBI
2023-06-30,sp600,DBI
2023-09-30,rut,DBI
2023-09-30,sp600,DBI
2023-12-31,rut,DBI
2023-12-31,sp600,DBI
2024-03-31,rut,DBI
2024-03-31,sp600,DBI
2024-06-30,rut,DBI
2024-06-30,sp600,DBI
2024-09-30,rut,DBI
2024-12-31,rut,DBI
2025-03-31,rut,DBI
2025-06-30,rut,DBI
2025-09-30,rut,DBI
2025-12-31,rut,DBI
2026-03-31,rut,DBI
2026-06-30,rut,DBI
2026-09-30,rut,DBI
2019-12-31,rut,CPS
2019-12-31,sp600,CPS
2020-03-31,rut,CPS
2020-03-31,sp600,CPS
2020-06-30,rut,CPS
2020-06-30,sp600,CPS
2020-09-30,rut,CPS
2020-09-30,sp600,CPS
2020-12-31,rut,CPS
2020-12-31,sp600,CPS
2021-03-31,rut,CPS
2021-03-31,sp600,CPS
2021-06-30,rut,CPS
2021-06-30,sp600,CPS
2021-09-30,rut,CPS
2021-09-30,sp600,CPS
2021-12-31,rut,CPS
2021-12-31,sp600,CPS
2022-03-31,rut,CPS
2023-06-30,rut,CPS
2023-09-30,rut,CPS
2023-12-31,rut,CPS
2024-03-31,rut,CPS
2024-06-30,rut,CPS
2024-09-30,rut,CPS
2024-12-31,rut,CPS
2025-03-31,rut,CPS
2025-06-30,rut,CPS
2025-09-30,rut,CPS
2025-12-31,rut,CPS
2026-03-31,rut,CPS
2026-06-30,rut,CPS
2026-09-30,rut,CPS
2019-12-31,sp400,PEN
2020-03-31,sp400,PEN
2020-06-30,sp400,PEN
2020-09-30,sp400,PEN
2020-12-31,sp400,PEN
2021-03-31,sp400,PEN
2021-06-30,sp400,PEN
2021-09-30,sp400,PEN
2021-12-31,sp400,PEN
2022-03-31,sp400,PEN
2022-06-30,sp400,PEN
2022-09-30,sp400,PEN
2022-12-31,sp400,PEN
2023-03-31,sp400,PEN
2023-06-30,sp400,PEN
2023-09-30,sp400,PEN
2023-12-31,sp400,PEN
2024-03-31,sp400,PEN
2024-06-30,sp400,PEN
2024-09-30,sp400,PEN
2024-12-31,sp400,PEN
2025-03-31,sp400,PEN
2025-06-30,sp400,PEN
2025-09-30,sp400,PEN
2025-12-31,sp400,PEN
2026-03-31,sp400,PEN
2026-06-30,sp400,PEN
2026-09-30,sp400,PEN
2019-12-31,rut,ATRC
2020-03-31,rut,ATRC
2020-06-30,rut,ATRC
2020-09-30,rut,ATRC
2020-12-31,rut,ATRC
2021-03-31,rut,ATRC
2021-06-30,rut,ATRC
2021-09-30,rut,ATRC
2021-12-31,rut,ATRC
2022-03-31,rut,ATRC
2022-06-30,rut,ATRC
2022-09-30,rut,ATRC
2022-12-31,rut,ATRC
2023-03-31,rut,ATRC
2023-06-30,rut,ATRC
2023-09-30,rut,ATRC
2023-12-31,rut,ATRC
2024-03-31,rut,ATRC
2024-06-30,rut,ATRC
2024-09-30,rut,ATRC
2024-12-31,rut,ATRC
2025-03-31,rut,ATRC
2025-06-30,rut,ATRC
2025-09-30,rut,ATRC
2025-12-31,rut,ATRC
2026-03-31,rut,ATRC
2026-06-30,rut,ATRC
2026-09-30,rut,ATRC
2026-09-30,sp600,ATRC
2019-12-31,rut,RBC
2020-03-31,rut,RBC
2020-06-30,rut,RBC
2020-09-30,rut,RBC
2020-12-31,rut,RBC
2021-03-31,rut,RBC
2021-06-30,rut,RBC
2021-09-30,rut,RBC
2021-12-31,rut,RBC
2022-03-31,rut,RBC
2022-06-30,rut,RBC
2022-09-30,rut,RBC
2022-12-31,rut,RBC
2023-03-31,rut,RBC
2023-09-30,sp400,RBC
2023-12-31,sp400,RBC
2024-03-31,sp400,RBC
2024-06-30,sp400,RBC
2024-09-30,sp400,RBC
2024-12-31,sp400,RBC
2025-03-31,sp400,RBC
2025-06-30,sp400,RBC
2025-09-30,sp400,RBC
2025-12-31,sp400,RBC
2026-03-31,sp400,RBC
2026-06-30,sp400,RBC
2026-09-30,sp400,RBC
2019-12-31,rut,GME
2019-12-31,sp600,GME
2020-03-31,rut,GME
2020-03-31,sp600,GME
2020-06-30,rut,GME
2020-06-30,sp600,GME
2020-09-30,rut,GME
2020-09-30,sp600,GME
2020-12-31,rut,GME
2020-12-31,sp600,GME
2021-03-31,rut,GME
2021-03-31,sp600,GME
2021-06-30,sp600,GME
2021-09-30,sp400,GME
2021-12-31,sp400,GME
2022-03-31,sp400,GME
2022-06-30,sp400,GME
2022-09-30,sp400,GME
2022-12-31,sp400,GME
2023-03-31,sp400,GME
2023-06-30,sp400,GME
2023-09-30,sp400,GME
2023-12-31,sp400,GME
2024-03-31,sp400,GME
2024-06-30,sp400,GME
2024-09-30,sp400,GME
2024-12-31,sp400,GME
2025-03-31,sp400,GME
2025-06-30,sp400,GME
2025-09-30,sp400,GME
2025-12-31,sp400,GME
2026-03-31,sp400,GME
2026-06-30,sp400,GME
2026-09-30,sp400,GME
2019-12-31,rut,BCC
2019-12-31,sp600,BCC
2020-03-31,rut,BCC
2020-03-31,sp600,BCC
2020-06-30,rut,BCC
2020-06-30,sp600,BCC
2020-09-30,rut,BCC
2020-09-30,sp600,BCC
2020-12-31,rut,BCC
2020-12-31,sp600,BCC
2021-03-31,rut,BCC
2021-03-31,sp600,BCC
2021-06-30,rut,BCC
2021-06-30,sp600,BCC
2021-09-30,rut,BCC
2021-09-30,sp600,BCC
2021-12-31,rut,BCC
2021-12-31,sp600,BCC
2022-03-31,rut,BCC
2022-03-31,sp600,BCC
2022-06-30,rut,BCC
2022-06-30,sp600,BCC
2022-09-30,rut,BCC
2022-09-30,sp600,BCC
2022-12-31,rut,BCC
2022-12-31,sp600,BCC
2023-03-31,rut,BCC
2023-03-31,sp600,BCC
2023-06-30,rut,BCC
2023-06-30,sp600,BCC
2023-09-30,rut,BCC
2023-09-30,sp600,BCC
2023-12-31,rut,BCC
2023-12-31,sp600,BCC
2024-03-31,rut,BCC
2024-03-31,sp600,BCC
2024-06-30,rut,BCC
2024-06-30,sp600,BCC
2024-09-30,rut,BCC
2024-09-30,sp600,BCC
2024-12-31,rut,BCC
2024-12-31,sp600,BCC
2025-03-31,rut,BCC
2025-03-31,sp600,BCC
2025-06-30,rut,BCC
2025-06-30,sp600,BCC
2025-09-30,rut,BCC
2025-09-30,sp600,BCC
2025-12-31,rut,BCC
2025-12-31,sp600,BCC
2026-03-31,rut,BCC
2026-03-31,sp600,BCC
2026-06-30,rut,BCC
2026-06-30,sp600,BCC
2026-09-30,rut,BCC
2026-09-30,sp600,BCC
2026-09-30,rut,HOMB
2026-09-30,sp400,HOMB
2023-09-30,sp400,FNF
2023-12-31,sp400,FNF
2024-03-31,sp400,FNF
2024-06-30,sp400,FNF
2024-09-30,sp400,FNF
2024-12-31,sp400,FNF
2025-03-31,sp400,FNF
2025-06-30,sp400,FNF
2025-09-30,sp400,FNF
2025-12-31,sp400,FNF
2026-03-31,sp400,FNF
2026-06-30,sp400,FNF
2026-09-30,sp400,FNF
2019-12-31,rut,BKD
2020-03-31,rut,BKD
2020-06-30,rut,BKD
2020-09-30,rut,BKD
2020-12-31,rut,BKD
2021-03-31,rut,BKD
2021-06-30,rut,BKD
2021-09-30,rut,BKD
2021-12-31,rut,BKD
2022-03-31,rut,BKD
2022-06-30,rut,BKD
2022-09-30,rut,BKD
2022-12-31,rut,BKD
2023-03-31,rut,BKD
2023-06-30,rut,BKD
2023-09-30,rut,BKD
2023-12-31,rut,BKD
2024-03-31,rut,BKD
2024-06-30,rut,BKD
2024-09-30,rut,BKD
2024-12-31,rut,BKD
2025-03-31,rut,BKD
2025-06-30,rut,BKD
2025-09-30,rut,BKD
2025-12-31,rut,BKD
2026-03-31,rut,BKD
2026-06-30,rut,BKD
2026-09-30,rut,BKD
2019-12-31,sp600,MERC
2020-03-31,sp600,MERC
2020-06-30,sp600,MERC
2020-09-30,sp600,MERC
2020-12-31,sp600,MERC
2021-03-31,sp600,MERC
2021-06-30,sp600,MERC
2021-09-30,sp600,MERC
2021-12-31,sp600,MERC
2022-03-31,sp600,MERC
2022-06-30,sp600,MERC
2022-09-30,sp600,MERC
2022-12-31,sp600,MERC
2023-03-31,sp600,MERC
2023-06-30,sp600,MERC
2023-09-30,sp600,MERC
2023-12-31,sp600,MERC
2024-03-31,sp600,MERC
2024-06-30,sp600,MERC
2024-09-30,sp600,MERC
2023-12-31,sp400,EQH
2024-03-31,sp400,EQH
2024-06-30,sp400,EQH
2024-09-30,sp400,EQH
2024-12-31,sp400,EQH
2025-03-31,sp400,EQH
2025-06-30,sp400,EQH
2025-09-30,sp400,EQH
2025-12-31,sp400,EQH
2026-03-31,sp400,EQH
2026-06-30,sp400,EQH
2026-09-30,sp400,EQH
2019-12-31,rut,CROX
2019-12-31,sp600,CROX
2020-03-31,rut,CROX
2020-03-31,sp600,CROX
2020-06-30,rut,CROX
2020-06-30,sp600,CROX
2020-09-30,rut,CROX
2020-09-30,sp600,CROX
2020-12-31,rut,CROX
2020-12-31,sp600,CROX
2021-03-31,rut,CROX
2021-03-31,sp600,CROX
2021-06-30,rut,CROX
2021-06-30,sp400,CROX
2021-09-30,rut,CROX
2021-09-30,sp400,CROX
2021-12-31,rut,CROX
2021-12-31,sp400,CROX
2022-03-31,rut,CROX
2022-03-31,sp400,CROX
2022-06-30,rut,CROX
2022-06-30,sp400,CROX
2022-09-30,rut,CROX
2022-09-30,sp400,CROX
2022-12-31,rut,CROX
2022-12-31,sp400,CROX
2023-03-31,rut,CROX
2023-03-31,sp400,CROX
2023-06-30,sp400,CROX
2023-09-30,sp400,CROX
2023-12-31,sp400,CROX
2024-03-31,sp400,CROX
2024-06-30,sp400,CROX
2024-09-30,sp400,CROX
2024-12-31,sp400,CROX
2025-03-31,sp400,CROX
2025-06-30,sp400,CROX
2025-09-30,sp400,CROX
2025-12-31,sp400,CROX
2026-03-31,sp400,CROX
2026-06-30,sp400,CROX
2026-09-30,sp400,CROX
2019-12-31,rut,UEC
2020-03-31,rut,UEC
2020-06-30,rut,UEC
2020-09-30,rut,UEC
2020-12-31,rut,UEC
2021-03-31,rut,UEC
2021-06-30,rut,UEC
2021-09-30,rut,UEC
2021-12-31,rut,UEC
2022-03-31,rut,UEC
2022-06-30,rut,UEC
2022-09-30,rut,UEC
2022-12-31,rut,UEC
2023-03-31,rut,UEC
2023-06-30,rut,UEC
2023-09-30,rut,UEC
2023-12-31,rut,UEC
2024-03-31,rut,UEC
2024-06-30,rut,UEC
2024-09-30,rut,UEC
2024-12-31,rut,UEC
2025-03-31,rut,UEC
2025-06-30,rut,UEC
2025-09-30,rut,UEC
2025-12-31,rut,UEC
2026-03-31,rut,UEC
2026-06-30,rut,UEC
2026-09-30,rut,UEC
2019-12-31,rut,CCO
2020-03-31,rut,CCO
2021-06-30,rut,CCO
2021-09-30,rut,CCO
2021-12-31,rut,CCO
2022-03-31,rut,CCO
2022-06-30,rut,CCO
2022-09-30,rut,CCO
2022-12-31,rut,CCO
2023-03-31,rut,CCO
2023-06-30,rut,CCO
2023-09-30,rut,CCO
2023-12-31,rut,CCO
2024-03-31,rut,CCO
2024-06-30,rut,CCO
2024-09-30,rut,CCO
2024-12-31,rut,CCO
2025-03-31,rut,CCO
2026-06-30,rut,CCO
2026-09-30,rut,CCO
2022-06-30,sp400,UA
2022-09-30,sp400,UA
2022-12-31,sp400,UA
2023-03-31,sp400,UA
2023-06-30,sp400,UA
2023-09-30,sp400,UA
2023-12-31,sp400,UA
2024-03-31,sp400,UA
2024-06-30,sp400,UA
2024-09-30,sp400,UA
2024-12-31,sp400,UA
2025-03-31,sp400,UA
2025-06-30,sp400,UA
2025-09-30,sp400,UA
2025-12-31,sp600,UA
2026-03-31,sp600,UA
2026-06-30,rut,UA
2026-06-30,sp600,UA
2026-09-30,rut,UA
2026-09-30,sp600,UA
2019-12-31,rut,BWB
2020-03-31,rut,BWB
2020-06-30,rut,BWB
2020-09-30,rut,BWB
2020-12-31,rut,BWB
2021-03-31,rut,BWB
2021-06-30,rut,BWB
2021-09-30,rut,BWB
2021-12-31,rut,BWB
2022-03-31,rut,BWB
2022-06-30,rut,BWB
2022-09-30,rut,BWB
2022-12-31,rut,BWB
2023-03-31,rut,BWB
2023-06-30,rut,BWB
2023-09-30,rut,BWB
2023-12-31,rut,BWB
2024-03-31,rut,BWB
2024-06-30,rut,BWB
2024-09-30,rut,BWB
2024-12-31,rut,BWB
2025-03-31,rut,BWB
2025-06-30,rut,BWB
2025-09-30,rut,BWB
2025-12-31,rut,BWB
2026-03-31,rut,BWB
2026-06-30,rut,BWB
2026-09-30,rut,BWB
2019-12-31,rut,CELH
2020-03-31,rut,CELH
2020-06-30,rut,CELH
2020-09-30,rut,CELH
2020-12-31,rut,CELH
2021-03-31,rut,CELH
2021-03-31,sp600,CELH
2021-06-30,rut,CELH
2021-06-30,sp600,CELH
2021-09-30,rut,CELH
2021-09-30,sp600,CELH
2021-12-31,rut,CELH
2021-12-31,sp600,CELH
2022-03-31,rut,CELH
2022-03-31,sp600,CELH
2022-06-30,rut,CELH
2022-06-30,sp600,CELH
2022-09-30,rut,CELH
2022-09-30,sp400,CELH
2022-12-31,rut,CELH
2022-12-31,sp400,CELH
2023-03-31,rut,CELH
2023-03-31,sp400,CELH
2023-06-30,sp400,CELH
2023-09-30,sp400,CELH
2023-12-31,sp400,CELH
2024-03-31,sp400,CELH
2024-06-30,sp400,CELH
2024-09-30,sp400,CELH
2024-12-31,sp400,CELH
2025-03-31,sp400,CELH
2025-06-30,sp400,CELH
2025-09-30,sp400,CELH
2025-12-31,sp400,CELH
2026-03-31,sp400,CELH
2026-06-30,sp400,CELH
2026-09-30,sp400,CELH
2019-12-31,rut,YELP
2019-12-31,sp400,YELP
2020-03-31,rut,YELP
2020-03-31,sp400,YELP
2020-06-30,rut,YELP
2020-06-30,sp400,YELP
2020-09-30,rut,YELP
2020-09-30,sp400,YELP
2020-12-31,rut,YELP
2020-12-31,sp400,YELP
2021-03-31,rut,YELP
2021-03-31,sp400,YELP
2021-06-30,rut,YELP
2021-06-30,sp400,YELP
2021-09-30,rut,YELP
2021-09-30,sp400,YELP
2021-12-31,rut,YELP
2021-12-31,sp400,YELP
2022-03-31,rut,YELP
2022-03-31,sp400,YELP
2022-06-30,rut,YELP
2022-06-30,sp600,YELP
2022-09-30,rut,YELP
2022-09-30,sp600,YELP
2022-12-31,rut,YELP
2022-12-31,sp600,YELP
2023-03-31,rut,YELP
2023-03-31,sp600,YELP
2023-06-30,rut,YELP
2023-06-30,sp600,YELP
2023-09-30,rut,YELP
2023-09-30,sp600,YELP
2023-12-31,rut,YELP
2023-12-31,sp600,YELP
2024-03-31,rut,YELP
2024-03-31,sp600,YELP
2024-06-30,rut,YELP
2024-06-30,sp600,YELP
2024-09-30,rut,YELP
2024-09-30,sp600,YELP
2024-12-31,rut,YELP
2024-12-31,sp600,YELP
2025-03-31,rut,YELP
2025-03-31,sp600,YELP
2025-06-30,rut,YELP
2025-06-30,sp600,YELP
2025-09-30,rut,YELP
2025-09-30,sp600,YELP
2025-12-31,rut,YELP
2025-12-31,sp600,YELP
2026-03-31,rut,YELP
2026-03-31,sp600,YELP
2026-06-30,rut,YELP
2026-06-30,sp600,YELP
2026-09-30,rut,YELP
2026-09-30,sp600,YELP
2022-06-30,rut,CODI
2022-09-30,rut,CODI
2022-12-31,rut,CODI
2023-03-31,rut,CODI
2023-06-30,rut,CODI
2023-09-30,rut,CODI
2023-12-31,rut,CODI
2024-03-31,rut,CODI
2024-06-30,rut,CODI
2024-09-30,rut,CODI
2024-12-31,rut,CODI
2025-03-31,rut,CODI
2025-06-30,rut,CODI
2025-09-30,rut,CODI
2025-12-31,rut,CODI
2026-03-31,rut,CODI
2026-06-30,rut,CODI
2026-09-30,rut,CODI
2019-12-31,rut,MWA
2020-03-31,rut,MWA
2020-06-30,rut,MWA
2020-09-30,rut,MWA
2020-12-31,rut,MWA
2021-03-31,rut,MWA
2021-06-30,rut,MWA
2021-09-30,rut,MWA
2021-12-31,rut,MWA
2022-03-31,rut,MWA
2022-06-30,rut,MWA
2022-09-30,rut,MWA
2022-12-31,rut,MWA
2023-03-31,rut,MWA
2023-06-30,rut,MWA
2023-09-30,rut,MWA
2023-12-31,rut,MWA
2024-03-31,rut,MWA
2024-06-30,rut,MWA
2024-09-30,rut,MWA
2024-12-31,rut,MWA
2025-03-31,rut,MWA
2025-03-31,sp600,MWA
2025-06-30,rut,MWA
2025-06-30,sp600,MWA
2025-09-30,rut,MWA
2025-09-30,sp600,MWA
2025-12-31,rut,MWA
2025-12-31,sp600,MWA
2026-03-31,rut,MWA
2026-03-31,sp600,MWA
2026-06-30,rut,MWA
2026-06-30,sp600,MWA
2026-09-30,rut,MWA
2026-09-30,sp600,MWA
2019-12-31,rut,ATEC
2020-03-31,rut,ATEC
2020-06-30,rut,ATEC
2020-09-30,rut,ATEC
2020-12-31,rut,ATEC
2021-03-31,rut,ATEC
2021-06-30,rut,ATEC
2021-09-30,rut,ATEC
2021-12-31,rut,ATEC
2022-03-31,rut,ATEC
2022-06-30,rut,ATEC
2022-09-30,rut,ATEC
2022-12-31,rut,ATEC
2023-03-31,rut,ATEC
2023-06-30,rut,ATEC
2023-09-30,rut,ATEC
2023-12-31,rut,ATEC
2024-03-31,rut,ATEC
2024-06-30,rut,ATEC
2024-09-30,rut,ATEC
2024-12-31,rut,ATEC
2025-03-31,rut,ATEC
2025-06-30,rut,ATEC
2025-09-30,rut,ATEC
2025-12-31,rut,ATEC
2026-03-31,rut,ATEC
2026-06-30,rut,ATEC
2026-09-30,rut,ATEC
2019-12-31,rut,SUPN
2019-12-31,sp600,SUPN
2020-03-31,rut,SUPN
2020-03-31,sp600,SUPN
2020-06-30,rut,SUPN
2020-06-30,sp600,SUPN
2020-09-30,rut,SUPN
2020-09-30,sp600,SUPN
2020-12-31,rut,SUPN
2020-12-31,sp600,SUPN
2021-03-31,rut,SUPN
2021-03-31,sp600,SUPN
2021-06-30,rut,SUPN
2021-06-30,sp600,SUPN
2021-09-30,rut,SUPN
2021-09-30,sp600,SUPN
2021-12-31,rut,SUPN
2021-12-31,sp600,SUPN
2022-03-31,rut,SUPN
2022-03-31,sp600,SUPN
2022-06-30,rut,SUPN
2022-06-30,sp600,SUPN
2022-09-30,rut,SUPN
2022-09-30,sp600,SUPN
2022-12-31,rut,SUPN
2022-12-31,sp600,SUPN
2023-03-31,rut,SUPN
2023-03-31,sp600,SUPN
2023-06-30,rut,SUPN
2023-06-30,sp600,SUPN
2023-09-30,rut,SUPN
2023-09-30,sp600,SUPN
2023-12-31,rut,SUPN
2023-12-31,sp600,SUPN
2024-03-31,rut,SUPN
2024-03-31,sp600,SUPN
2024-06-30,rut,SUPN
2024-06-30,sp600,SUPN
2024-09-30,rut,SUPN
2024-09-30,sp600,SUPN
2024-12-31,rut,SUPN
2024-12-31,sp600,SUPN
2025-03-31,rut,SUPN
2025-03-31,sp600,SUPN
2025-06-30,rut,SUPN
2025-06-30,sp600,SUPN
2025-09-30,rut,SUPN
2025-09-30,sp600,SUPN
2025-12-31,rut,SUPN
2025-12-31,sp600,SUPN
2026-03-31,rut,SUPN
2026-03-31,sp600,SUPN
2026-06-30,rut,SUPN
2026-06-30,sp600,SUPN
2026-09-30,rut,SUPN
2026-09-30,sp600,SUPN
2019-12-31,rut,KBR
2019-12-31,sp400,KBR
2020-03-31,rut,KBR
2020-03-31,sp400,KBR
2020-06-30,rut,KBR
2020-06-30,sp400,KBR
2020-09-30,rut,KBR
2020-09-30,sp400,KBR
2020-12-31,rut,KBR
2020-12-31,sp400,KBR
2021-03-31,rut,KBR
2021-03-31,sp400,KBR
2021-06-30,rut,KBR
2021-06-30,sp400,KBR
2021-09-30,rut,KBR
2021-09-30,sp400,KBR
2021-12-31,rut,KBR
2021-12-31,sp400,KBR
2022-03-31,rut,KBR
2022-03-31,sp400,KBR
2022-06-30,sp400,KBR
2022-09-30,sp400,KBR
2022-12-31,sp400,KBR
2023-03-31,sp400,KBR
2023-06-30,sp400,KBR
2023-09-30,sp400,KBR
2023-12-31,sp400,KBR
2024-03-31,sp400,KBR
2024-06-30,sp400,KBR
2024-09-30,sp400,KBR
2024-12-31,sp400,KBR
2025-03-31,sp400,KBR
2025-06-30,sp400,KBR
2025-09-30,sp400,KBR
2025-12-31,sp400,KBR
2026-03-31,sp400,KBR
2026-06-30,sp400,KBR
2026-09-30,sp400,KBR
2020-06-30,rut,HROW
2020-09-30,rut,HROW
2020-12-31,rut,HROW
2021-03-31,rut,HROW
2023-06-30,rut,HROW
2023-09-30,rut,HROW
2023-12-31,rut,HROW
2024-03-31,rut,HROW
2024-06-30,rut,HROW
2024-09-30,rut,HROW
2024-12-31,rut,HROW
2025-03-31,rut,HROW
2025-06-30,rut,HROW
2025-09-30,rut,HROW
2025-12-31,rut,HROW
2026-03-31,rut,HROW
2026-06-30,rut,HROW
2026-09-30,rut,HROW
2019-12-31,rut,HR
2019-12-31,sp400,HR
2020-03-31,rut,HR
2020-03-31,sp400,HR
2020-06-30,rut,HR
2020-06-30,sp400,HR
2020-09-30,rut,HR
2020-09-30,sp400,HR
2020-12-31,rut,HR
2020-12-31,sp400,HR
2021-03-31,rut,HR
2021-03-31,sp400,HR
2021-06-30,rut,HR
2021-06-30,sp400,HR
2021-09-30,rut,HR
2021-09-30,sp400,HR
2021-12-31,rut,HR
2021-12-31,sp400,HR
2022-03-31,rut,HR
2022-03-31,sp400,HR
2022-06-30,rut,HR
2022-06-30,sp400,HR
2022-09-30,sp400,HR
2022-12-31,sp400,HR
2023-03-31,sp400,HR
2023-06-30,sp400,HR
2023-09-30,sp400,HR
2023-12-31,sp400,HR
2024-03-31,sp400,HR
2024-06-30,sp400,HR
2024-09-30,sp400,HR
2024-12-31,sp400,HR
2025-03-31,sp400,HR
2025-06-30,sp400,HR
2025-09-30,sp400,HR
2025-12-31,sp400,HR
2026-03-31,sp400,HR
2026-06-30,sp400,HR
2026-09-30,sp400,HR
2019-12-31,sp400,EVR
2020-03-31,sp400,EVR
2020-06-30,sp400,EVR
2020-09-30,sp400,EVR
2020-12-31,sp400,EVR
2021-03-31,sp400,EVR
2021-06-30,sp400,EVR
2021-09-30,sp400,EVR
2021-12-31,sp400,EVR
2022-03-31,sp400,EVR
2022-06-30,sp400,EVR
2022-09-30,sp400,EVR
2022-12-31,sp400,EVR
2023-03-31,sp400,EVR
2023-06-30,sp400,EVR
2023-09-30,sp400,EVR
2023-12-31,sp400,EVR
2024-03-31,sp400,EVR
2024-06-30,sp400,EVR
2024-09-30,sp400,EVR
2024-12-31,sp400,EVR
2025-03-31,sp400,EVR
2025-06-30,sp400,EVR
2025-09-30,sp400,EVR
2025-12-31,sp400,EVR
2026-03-31,sp400,EVR
2026-06-30,sp400,EVR
2026-09-30,sp400,EVR
2019-12-31,rut,VRNS
2020-03-31,rut,VRNS
2020-06-30,rut,VRNS
2020-09-30,rut,VRNS
2020-12-31,rut,VRNS
2021-03-31,rut,VRNS
2021-06-30,rut,VRNS
2021-09-30,rut,VRNS
2021-12-31,rut,VRNS
2022-03-31,rut,VRNS
2022-06-30,rut,VRNS
2022-09-30,rut,VRNS
2022-12-31,rut,VRNS
2023-03-31,rut,VRNS
2023-06-30,rut,VRNS
2023-09-30,rut,VRNS
2023-12-31,rut,VRNS
2024-03-31,rut,VRNS
2024-06-30,rut,VRNS
2024-09-30,rut,VRNS
2024-12-31,rut,VRNS
2025-03-31,rut,VRNS
2025-06-30,rut,VRNS
2025-09-30,rut,VRNS
2025-12-31,rut,VRNS
2026-03-31,rut,VRNS
2026-06-30,rut,VRNS
2026-09-30,rut,VRNS
2019-12-31,rut,PRIM
2020-03-31,rut,PRIM
2020-06-30,rut,PRIM
2020-09-30,rut,PRIM
2020-12-31,rut,PRIM
2021-03-31,rut,PRIM
2021-06-30,rut,PRIM
2021-09-30,rut,PRIM
2021-12-31,rut,PRIM
2022-03-31,rut,PRIM
2022-06-30,rut,PRIM
2022-09-30,rut,PRIM
2022-12-31,rut,PRIM
2023-03-31,rut,PRIM
2023-06-30,rut,PRIM
2023-09-30,rut,PRIM
2023-12-31,rut,PRIM
2024-03-31,rut,PRIM
2024-06-30,rut,PRIM
2024-09-30,rut,PRIM
2024-12-31,rut,PRIM
2025-03-31,rut,PRIM
2025-06-30,rut,PRIM
2025-09-30,rut,PRIM
2025-12-31,rut,PRIM
2025-12-31,sp600,PRIM
2026-03-31,rut,PRIM
2026-03-31,sp600,PRIM
2026-06-30,sp600,PRIM
2026-09-30,sp600,PRIM
2026-09-30,sp400,TNL
2019-12-31,rut,ICFI
2020-03-31,rut,ICFI
2020-06-30,rut,ICFI
2020-09-30,rut,ICFI
2020-12-31,rut,ICFI
2021-03-31,rut,ICFI
2021-06-30,rut,ICFI
2021-09-30,rut,ICFI
2021-12-31,rut,ICFI
2022-03-31,rut,ICFI
2022-06-30,rut,ICFI
2022-09-30,rut,ICFI
2022-12-31,rut,ICFI
2023-03-31,rut,ICFI
2023-06-30,rut,ICFI
2023-09-30,rut,ICFI
2023-12-31,rut,ICFI
2024-03-31,rut,ICFI
2024-06-30,rut,ICFI
2024-09-30,rut,ICFI
2024-12-31,rut,ICFI
2025-03-31,rut,ICFI
2025-06-30,rut,ICFI
2025-09-30,rut,ICFI
2025-12-31,rut,ICFI
2026-03-31,rut,ICFI
2026-06-30,rut,ICFI
2026-09-30,rut,ICFI
2019-12-31,rut,ALGT
2019-12-31,sp600,ALGT
2020-03-31,rut,ALGT
2020-03-31,sp600,ALGT
2020-06-30,rut,ALGT
2020-06-30,sp600,ALGT
2020-09-30,rut,ALGT
2020-09-30,sp600,ALGT
2020-12-31,rut,ALGT
2020-12-31,sp600,ALGT
2021-03-31,rut,ALGT
2021-03-31,sp600,ALGT
2021-06-30,rut,ALGT
2021-06-30,sp600,ALGT
2021-09-30,rut,ALGT
2021-09-30,sp600,ALGT
2021-12-31,rut,ALGT
2021-12-31,sp600,ALGT
2022-03-31,rut,ALGT
2022-03-31,sp600,ALGT
2022-06-30,rut,ALGT
2022-06-30,sp600,ALGT
2022-09-30,rut,ALGT
2022-09-30,sp600,ALGT
2022-12-31,rut,ALGT
2022-12-31,sp600,ALGT
2023-03-31,rut,ALGT
2023-03-31,sp600,ALGT
2023-06-30,rut,ALGT
2023-06-30,sp600,ALGT
2023-09-30,rut,ALGT
2023-09-30,sp600,ALGT
2023-12-31,rut,ALGT
2023-12-31,sp600,ALGT
2024-03-31,rut,ALGT
2024-03-31,sp600,ALGT
2024-06-30,rut,ALGT
2024-06-30,sp600,ALGT
2024-09-30,rut,ALGT
2024-09-30,sp600,ALGT
2024-12-31,rut,ALGT
2024-12-31,sp600,ALGT
2025-03-31,rut,ALGT
2025-03-31,sp600,ALGT
2025-06-30,rut,ALGT
2025-06-30,sp600,ALGT
2025-09-30,rut,ALGT
2025-09-30,sp600,ALGT
2025-12-31,rut,ALGT
2025-12-31,sp600,ALGT
2026-03-31,rut,ALGT
2026-03-31,sp600,ALGT
2026-06-30,rut,ALGT
2026-06-30,sp600,ALGT
2026-09-30,rut,ALGT
2026-09-30,sp600,ALGT
2019-12-31,sp400,DEI
2020-03-31,sp400,DEI
2020-06-30,sp400,DEI
2020-09-30,sp400,DEI
2020-12-31,sp400,DEI
2021-03-31,sp400,DEI
2021-06-30,sp400,DEI
2021-09-30,sp400,DEI
2021-12-31,sp400,DEI
2022-03-31,sp400,DEI
2022-06-30,sp400,DEI
2022-09-30,sp400,DEI
2022-12-31,sp400,DEI
2023-03-31,sp400,DEI
2023-06-30,rut,DEI
2023-06-30,sp600,DEI
2023-09-30,rut,DEI
2023-09-30,sp600,DEI
2023-12-31,rut,DEI
2023-12-31,sp600,DEI
2024-03-31,rut,DEI
2024-03-31,sp600,DEI
2024-06-30,rut,DEI
2024-06-30,sp600,DEI
2024-09-30,rut,DEI
2024-09-30,sp600,DEI
2024-12-31,rut,DEI
2024-12-31,sp600,DEI
2025-03-31,rut,DEI
2025-03-31,sp600,DEI
2025-06-30,rut,DEI
2025-06-30,sp600,DEI
2025-09-30,rut,DEI
2025-09-30,sp600,DEI
2025-12-31,rut,DEI
2025-12-31,sp600,DEI
2026-03-31,rut,DEI
2026-03-31,sp600,DEI
2026-06-30,rut,DEI
2026-06-30,sp600,DEI
2026-09-30,rut,DEI
2026-09-30,sp600,DEI
2019-12-31,rut,HRI
2020-03-31,rut,HRI
2020-06-30,rut,HRI
2020-09-30,rut,HRI
2020-12-31,rut,HRI
2021-03-31,rut,HRI
2021-06-30,rut,HRI
2021-09-30,rut,HRI
2021-12-31,rut,HRI
2022-03-31,rut,HRI
2022-06-30,rut,HRI
2022-09-30,rut,HRI
2022-12-31,rut,HRI
2023-03-31,rut,HRI
2023-06-30,rut,HRI
2023-09-30,rut,HRI
2023-12-31,rut,HRI
2024-03-31,rut,HRI
2024-06-30,rut,HRI
2024-09-30,rut,HRI
2024-12-31,rut,HRI
2025-03-31,rut,HRI
2025-06-30,rut,HRI
2025-09-30,rut,HRI
2025-12-31,rut,HRI
2026-03-31,rut,HRI
2026-06-30,rut,HRI
2026-09-30,rut,HRI
2026-09-30,sp600,HRI
2021-12-31,sp400,WU
2022-03-31,sp400,WU
2022-06-30,sp400,WU
2022-09-30,sp400,WU
2022-12-31,sp400,WU
2023-03-31,sp400,WU
2023-06-30,sp400,WU
2023-09-30,sp400,WU
2023-12-31,sp400,WU
2024-03-31,sp400,WU
2024-06-30,sp400,WU
2024-09-30,sp400,WU
2024-12-31,sp400,WU
2025-03-31,sp400,WU
2025-06-30,sp400,WU
2025-09-30,sp400,WU
2025-12-31,sp600,WU
2026-03-31,sp600,WU
2026-06-30,sp600,WU
2026-09-30,sp600,WU
2021-06-30,rut,GSAT
2021-09-30,rut,GSAT
2021-12-31,rut,GSAT
2022-03-31,rut,GSAT
2022-06-30,rut,GSAT
2022-09-30,rut,GSAT
2022-12-31,rut,GSAT
2023-03-31,rut,GSAT
2023-06-30,rut,GSAT
2023-09-30,rut,GSAT
2023-12-31,rut,GSAT
2024-03-31,rut,GSAT
2024-06-30,rut,GSAT
2024-09-30,rut,GSAT
2024-12-31,rut,GSAT
2025-03-31,rut,GSAT
2025-06-30,rut,GSAT
2025-09-30,rut,GSAT
2025-12-31,rut,GSAT
2026-03-31,rut,GSAT
2019-12-31,rut,SBH
2019-12-31,sp400,SBH
2020-03-31,rut,SBH
2020-03-31,sp400,SBH
2020-06-30,rut,SBH
2020-06-30,sp400,SBH
2020-09-30,rut,SBH
2020-09-30,sp400,SBH
2020-12-31,rut,SBH
2020-12-31,sp600,SBH
2021-03-31,rut,SBH
2021-03-31,sp600,SBH
2021-06-30,rut,SBH
2021-06-30,sp600,SBH
2021-09-30,rut,SBH
2021-09-30,sp600,SBH
2021-12-31,rut,SBH
2021-12-31,sp600,SBH
2022-03-31,rut,SBH
2022-03-31,sp600,SBH
2022-06-30,rut,SBH
2022-06-30,sp600,SBH
2022-09-30,rut,SBH
2022-09-30,sp600,SBH
2022-12-31,rut,SBH
2022-12-31,sp600,SBH
2023-03-31,rut,SBH
2023-03-31,sp600,SBH
2023-06-30,rut,SBH
2023-06-30,sp600,SBH
2023-09-30,rut,SBH
2023-09-30,sp600,SBH
2023-12-31,rut,SBH
2023-12-31,sp600,SBH
2024-03-31,rut,SBH
2024-03-31,sp600,SBH
2024-06-30,rut,SBH
2024-06-30,sp600,SBH
2024-09-30,rut,SBH
2024-09-30,sp600,SBH
2024-12-31,rut,SBH
2024-12-31,sp600,SBH
2025-03-31,rut,SBH
2025-03-31,sp600,SBH
2025-06-30,rut,SBH
2025-06-30,sp600,SBH
2025-09-30,rut,SBH
2025-09-30,sp600,SBH
2025-12-31,rut,SBH
2025-12-31,sp600,SBH
2026-03-31,rut,SBH
2026-03-31,sp600,SBH
2026-06-30,rut,SBH
2026-06-30,sp600,SBH
2026-09-30,rut,SBH
2026-09-30,sp600,SBH
2019-12-31,rut,ADMA
2020-03-31,rut,ADMA
2020-06-30,rut,ADMA
2020-09-30,rut,ADMA
2020-12-31,rut,ADMA
2021-03-31,rut,ADMA
2022-06-30,rut,ADMA
2022-09-30,rut,ADMA
2022-12-31,rut,ADMA
2023-03-31,rut,ADMA
2023-06-30,rut,ADMA
2023-09-30,rut,ADMA
2023-12-31,rut,ADMA
2024-03-31,rut,ADMA
2024-06-30,rut,ADMA
2024-09-30,rut,ADMA
2024-09-30,sp600,ADMA
2024-12-31,rut,ADMA
2024-12-31,sp600,ADMA
2025-03-31,rut,ADMA
2025-03-31,sp600,ADMA
2025-06-30,rut,ADMA
2025-06-30,sp600,ADMA
2025-09-30,rut,ADMA
2025-09-30,sp600,ADMA
2025-12-31,rut,ADMA
2025-12-31,sp600,ADMA
2026-03-31,rut,ADMA
2026-03-31,sp600,ADMA
2026-06-30,rut,ADMA
2026-06-30,sp600,ADMA
2026-09-30,rut,ADMA
2026-09-30,sp600,ADMA
2019-12-31,rut,AVAV
2019-12-31,sp600,AVAV
2020-03-31,rut,AVAV
2020-03-31,sp600,AVAV
2020-06-30,rut,AVAV
2020-06-30,sp600,AVAV
2020-09-30,rut,AVAV
2020-09-30,sp600,AVAV
2020-12-31,rut,AVAV
2020-12-31,sp600,AVAV
2021-03-31,rut,AVAV
2021-03-31,sp600,AVAV
2021-06-30,rut,AVAV
2021-06-30,sp600,AVAV
2021-09-30,rut,AVAV
2021-09-30,sp600,AVAV
2021-12-31,rut,AVAV
2021-12-31,sp600,AVAV
2022-03-31,rut,AVAV
2022-03-31,sp600,AVAV
2022-06-30,rut,AVAV
2022-06-30,sp600,AVAV
2022-09-30,rut,AVAV
2022-09-30,sp600,AVAV
2022-12-31,rut,AVAV
2022-12-31,sp600,AVAV
2023-03-31,rut,AVAV
2023-03-31,sp600,AVAV
2023-06-30,rut,AVAV
2023-06-30,sp600,AVAV
2023-09-30,rut,AVAV
2023-09-30,sp600,AVAV
2023-12-31,rut,AVAV
2023-12-31,sp600,AVAV
2024-03-31,rut,AVAV
2024-03-31,sp600,AVAV
2024-06-30,rut,AVAV
2024-06-30,sp600,AVAV
2024-09-30,rut,AVAV
2024-09-30,sp600,AVAV
2024-12-31,rut,AVAV
2024-12-31,sp600,AVAV
2025-03-31,rut,AVAV
2025-03-31,sp600,AVAV
2025-06-30,rut,AVAV
2025-06-30,sp600,AVAV
2025-09-30,rut,AVAV
2025-09-30,sp400,AVAV
2025-12-31,rut,AVAV
2025-12-31,sp400,AVAV
2026-03-31,rut,AVAV
2026-03-31,sp400,AVAV
2026-06-30,sp400,AVAV
2026-09-30,sp400,AVAV
2019-12-31,rut,CIK1369568
2020-03-31,rut,CIK1369568
2020-06-30,rut,CIK1369568
2020-09-30,rut,CIK1369568
2020-12-31,rut,CIK1369568
2021-03-31,rut,CIK1369568
2021-06-30,rut,CIK1369568
2021-09-30,rut,CIK1369568
2021-12-31,rut,CIK1369568
2022-03-31,rut,CIK1369568
2022-06-30,rut,CIK1369568
2022-09-30,rut,CIK1369568
2022-09-30,sp600,CIK1369568
2022-12-31,rut,CIK1369568
2022-12-31,sp600,CIK1369568
2023-03-31,rut,CIK1369568
2023-03-31,sp600,CIK1369568
2023-06-30,rut,CIK1369568
2023-06-30,sp600,CIK1369568
2023-09-30,rut,CIK1369568
2023-09-30,sp600,CIK1369568
2023-12-31,rut,CIK1369568
2023-12-31,sp600,CIK1369568
2024-03-31,rut,CIK1369568
2024-03-31,sp600,CIK1369568
2024-06-30,rut,CIK1369568
2024-06-30,sp600,CIK1369568
2024-09-30,rut,CIK1369568
2024-09-30,sp600,CIK1369568
2024-12-31,rut,CIK1369568
2024-12-31,sp600,CIK1369568
2025-03-31,rut,CIK1369568
2025-03-31,sp600,CIK1369568
2025-06-30,rut,CIK1369568
2025-06-30,sp600,CIK1369568
2025-09-30,rut,CIK1369568
2025-09-30,sp600,CIK1369568
2025-12-31,rut,CIK1369568
2025-12-31,sp600,CIK1369568
2026-03-31,rut,CIK1369568
2026-03-31,sp600,CIK1369568
2026-06-30,rut,CIK1369568
2026-06-30,sp600,CIK1369568
2019-12-31,rut,WLDN
2020-03-31,rut,WLDN
2020-06-30,rut,WLDN
2020-09-30,rut,WLDN
2020-12-31,rut,WLDN
2021-03-31,rut,WLDN
2021-06-30,rut,WLDN
2021-09-30,rut,WLDN
2021-12-31,rut,WLDN
2022-03-31,rut,WLDN
2022-06-30,rut,WLDN
2022-09-30,rut,WLDN
2022-12-31,rut,WLDN
2023-03-31,rut,WLDN
2023-06-30,rut,WLDN
2023-09-30,rut,WLDN
2023-12-31,rut,WLDN
2024-03-31,rut,WLDN
2024-06-30,rut,WLDN
2024-09-30,rut,WLDN
2024-12-31,rut,WLDN
2025-03-31,rut,WLDN
2025-06-30,rut,WLDN
2025-09-30,rut,WLDN
2025-12-31,rut,WLDN
2026-03-31,rut,WLDN
2026-06-30,rut,WLDN
2026-09-30,rut,WLDN
2019-12-31,sp400,ETSY
2020-03-31,sp400,ETSY
2020-06-30,sp400,ETSY
2024-09-30,sp600,ETSY
2024-12-31,sp600,ETSY
2025-03-31,sp600,ETSY
2025-06-30,sp600,ETSY
2025-09-30,sp600,ETSY
2025-12-31,sp600,ETSY
2026-03-31,sp600,ETSY
2026-06-30,sp600,ETSY
2026-09-30,sp600,ETSY
2019-12-31,sp400,OC
2020-03-31,sp400,OC
2020-06-30,sp400,OC
2020-09-30,sp400,OC
2020-12-31,sp400,OC
2021-03-31,sp400,OC
2021-06-30,sp400,OC
2021-09-30,sp400,OC
2021-12-31,sp400,OC
2022-03-31,sp400,OC
2022-06-30,sp400,OC
2022-09-30,sp400,OC
2022-12-31,sp400,OC
2023-03-31,sp400,OC
2023-06-30,sp400,OC
2023-09-30,sp400,OC
2023-12-31,sp400,OC
2024-03-31,sp400,OC
2024-06-30,sp400,OC
2024-09-30,sp400,OC
2024-12-31,sp400,OC
2025-03-31,sp400,OC
2025-06-30,sp400,OC
2025-09-30,sp400,OC
2025-12-31,sp400,OC
2026-03-31,sp400,OC
2026-06-30,sp400,OC
2026-09-30,sp400,OC
2019-12-31,rut,TRUP
2020-03-31,rut,TRUP
2020-06-30,rut,TRUP
2020-09-30,rut,TRUP
2020-09-30,sp600,TRUP
2020-12-31,rut,TRUP
2020-12-31,sp600,TRUP
2021-03-31,rut,TRUP
2021-03-31,sp600,TRUP
2021-06-30,rut,TRUP
2021-06-30,sp600,TRUP
2021-09-30,rut,TRUP
2021-09-30,sp600,TRUP
2021-12-31,rut,TRUP
2021-12-31,sp600,TRUP
2022-03-31,rut,TRUP
2022-03-31,sp600,TRUP
2022-06-30,rut,TRUP
2022-06-30,sp600,TRUP
2022-09-30,rut,TRUP
2022-09-30,sp600,TRUP
2022-12-31,rut,TRUP
2022-12-31,sp600,TRUP
2023-03-31,rut,TRUP
2023-03-31,sp600,TRUP
2023-06-30,rut,TRUP
2023-06-30,sp600,TRUP
2023-09-30,rut,TRUP
2023-09-30,sp600,TRUP
2023-12-31,rut,TRUP
2023-12-31,sp600,TRUP
2024-03-31,rut,TRUP
2024-03-31,sp600,TRUP
2024-06-30,rut,TRUP
2024-06-30,sp600,TRUP
2024-09-30,rut,TRUP
2024-09-30,sp600,TRUP
2024-12-31,rut,TRUP
2024-12-31,sp600,TRUP
2025-03-31,rut,TRUP
2025-03-31,sp600,TRUP
2025-06-30,rut,TRUP
2025-06-30,sp600,TRUP
2025-09-30,rut,TRUP
2025-09-30,sp600,TRUP
2025-12-31,rut,TRUP
2025-12-31,sp600,TRUP
2026-03-31,rut,TRUP
2026-03-31,sp600,TRUP
2026-06-30,rut,TRUP
2026-06-30,sp600,TRUP
2026-09-30,rut,TRUP
2026-09-30,sp600,TRUP
2019-12-31,rut,BOX
2020-03-31,rut,BOX
2020-06-30,rut,BOX
2020-09-30,rut,BOX
2020-12-31,rut,BOX
2021-03-31,rut,BOX
2021-06-30,rut,BOX
2021-09-30,rut,BOX
2021-12-31,rut,BOX
2022-03-31,rut,BOX
2022-06-30,rut,BOX
2022-09-30,rut,BOX
2022-12-31,rut,BOX
2023-03-31,rut,BOX
2023-06-30,rut,BOX
2023-09-30,rut,BOX
2023-12-31,rut,BOX
2024-03-31,rut,BOX
2024-03-31,sp600,BOX
2024-06-30,rut,BOX
2024-06-30,sp600,BOX
2024-09-30,rut,BOX
2024-09-30,sp600,BOX
2024-12-31,rut,BOX
2024-12-31,sp600,BOX
2025-03-31,rut,BOX
2025-03-31,sp600,BOX
2025-06-30,rut,BOX
2025-06-30,sp600,BOX
2025-09-30,rut,BOX
2025-09-30,sp600,BOX
2025-12-31,rut,BOX
2025-12-31,sp600,BOX
2026-03-31,rut,BOX
2026-03-31,sp600,BOX
2026-06-30,rut,BOX
2026-06-30,sp600,BOX
2026-09-30,rut,BOX
2026-09-30,sp600,BOX
2019-12-31,rut,GRBK
2020-03-31,rut,GRBK
2020-06-30,rut,GRBK
2020-09-30,rut,GRBK
2020-12-31,rut,GRBK
2021-03-31,rut,GRBK
2021-06-30,rut,GRBK
2021-09-30,rut,GRBK
2021-12-31,rut,GRBK
2022-03-31,rut,GRBK
2022-06-30,rut,GRBK
2022-09-30,rut,GRBK
2022-09-30,sp600,GRBK
2022-12-31,rut,GRBK
2022-12-31,sp600,GRBK
2023-03-31,rut,GRBK
2023-03-31,sp600,GRBK
2023-06-30,rut,GRBK
2023-06-30,sp600,GRBK
2023-09-30,rut,GRBK
2023-09-30,sp600,GRBK
2023-12-31,rut,GRBK
2023-12-31,sp600,GRBK
2024-03-31,rut,GRBK
2024-03-31,sp600,GRBK
2024-06-30,rut,GRBK
2024-06-30,sp600,GRBK
2024-09-30,rut,GRBK
2024-09-30,sp600,GRBK
2024-12-31,rut,GRBK
2024-12-31,sp600,GRBK
2025-03-31,rut,GRBK
2025-03-31,sp600,GRBK
2025-06-30,rut,GRBK
2025-06-30,sp600,GRBK
2025-09-30,rut,GRBK
2025-09-30,sp600,GRBK
2025-12-31,rut,GRBK
2025-12-31,sp600,GRBK
2026-03-31,rut,GRBK
2026-03-31,sp600,GRBK
2026-06-30,rut,GRBK
2026-06-30,sp600,GRBK
2026-09-30,rut,GRBK
2026-09-30,sp600,GRBK
2019-12-31,rut,CVI
2020-03-31,rut,CVI
2020-06-30,rut,CVI
2020-09-30,rut,CVI
2020-12-31,rut,CVI
2021-03-31,rut,CVI
2021-06-30,rut,CVI
2021-09-30,rut,CVI
2021-12-31,rut,CVI
2022-03-31,rut,CVI
2022-06-30,rut,CVI
2022-09-30,rut,CVI
2022-12-31,rut,CVI
2023-03-31,rut,CVI
2023-03-31,sp600,CVI
2023-06-30,rut,CVI
2023-06-30,sp600,CVI
2023-09-30,rut,CVI
2023-09-30,sp600,CVI
2023-12-31,rut,CVI
2023-12-31,sp600,CVI
2024-03-31,rut,CVI
2024-03-31,sp600,CVI
2024-06-30,rut,CVI
2024-06-30,sp600,CVI
2024-09-30,rut,CVI
2024-09-30,sp600,CVI
2024-12-31,rut,CVI
2024-12-31,sp600,CVI
2025-03-31,rut,CVI
2025-03-31,sp600,CVI
2025-06-30,rut,CVI
2025-06-30,sp600,CVI
2025-09-30,rut,CVI
2025-09-30,sp600,CVI
2025-12-31,rut,CVI
2025-12-31,sp600,CVI
2026-03-31,rut,CVI
2026-03-31,sp600,CVI
2026-06-30,rut,CVI
2026-06-30,sp600,CVI
2026-09-30,rut,CVI
2026-09-30,sp600,CVI
2019-12-31,rut,PTGX
2020-03-31,rut,PTGX
2020-06-30,rut,PTGX
2020-09-30,rut,PTGX
2020-12-31,rut,PTGX
2021-03-31,rut,PTGX
2021-06-30,rut,PTGX
2021-09-30,rut,PTGX
2021-12-31,rut,PTGX
2022-03-31,rut,PTGX
2022-06-30,rut,PTGX
2022-09-30,rut,PTGX
2022-12-31,rut,PTGX
2023-03-31,rut,PTGX
2023-06-30,rut,PTGX
2023-09-30,rut,PTGX
2023-12-31,rut,PTGX
2024-03-31,rut,PTGX
2024-06-30,rut,PTGX
2024-09-30,rut,PTGX
2024-09-30,sp600,PTGX
2024-12-31,rut,PTGX
2024-12-31,sp600,PTGX
2025-03-31,rut,PTGX
2025-03-31,sp600,PTGX
2025-06-30,rut,PTGX
2025-06-30,sp600,PTGX
2025-09-30,rut,PTGX
2025-09-30,sp600,PTGX
2025-12-31,rut,PTGX
2025-12-31,sp600,PTGX
2026-03-31,rut,PTGX
2026-03-31,sp600,PTGX
2026-06-30,rut,PTGX
2026-06-30,sp600,PTGX
2026-09-30,rut,PTGX
2026-09-30,sp600,PTGX
2019-12-31,rut,EIG
2019-12-31,sp600,EIG
2020-03-31,rut,EIG
2020-03-31,sp600,EIG
2020-06-30,rut,EIG
2020-06-30,sp600,EIG
2020-09-30,rut,EIG
2020-09-30,sp600,EIG
2020-12-31,rut,EIG
2020-12-31,sp600,EIG
2021-03-31,rut,EIG
2021-03-31,sp600,EIG
2021-06-30,rut,EIG
2021-06-30,sp600,EIG
2021-09-30,rut,EIG
2021-09-30,sp600,EIG
2021-12-31,rut,EIG
2021-12-31,sp600,EIG
2022-03-31,rut,EIG
2022-03-31,sp600,EIG
2022-06-30,rut,EIG
2022-06-30,sp600,EIG
2022-09-30,rut,EIG
2022-09-30,sp600,EIG
2022-12-31,rut,EIG
2022-12-31,sp600,EIG
2023-03-31,rut,EIG
2023-03-31,sp600,EIG
2023-06-30,rut,EIG
2023-06-30,sp600,EIG
2023-09-30,rut,EIG
2023-09-30,sp600,EIG
2023-12-31,rut,EIG
2023-12-31,sp600,EIG
2024-03-31,rut,EIG
2024-03-31,sp600,EIG
2024-06-30,rut,EIG
2024-06-30,sp600,EIG
2024-09-30,rut,EIG
2024-09-30,sp600,EIG
2024-12-31,rut,EIG
2024-12-31,sp600,EIG
2025-03-31,rut,EIG
2025-03-31,sp600,EIG
2025-06-30,rut,EIG
2025-06-30,sp600,EIG
2025-09-30,rut,EIG
2025-09-30,sp600,EIG
2025-12-31,rut,EIG
2025-12-31,sp600,EIG
2026-03-31,rut,EIG
2026-03-31,sp600,EIG
2026-06-30,rut,EIG
2026-06-30,sp600,EIG
2026-09-30,rut,EIG
2026-09-30,sp600,EIG
2019-12-31,rut,VCYT
2020-03-31,rut,VCYT
2020-06-30,rut,VCYT
2020-09-30,rut,VCYT
2020-12-31,rut,VCYT
2021-03-31,rut,VCYT
2021-06-30,rut,VCYT
2021-09-30,rut,VCYT
2021-12-31,rut,VCYT
2022-03-31,rut,VCYT
2022-06-30,rut,VCYT
2022-09-30,rut,VCYT
2022-12-31,rut,VCYT
2023-03-31,rut,VCYT
2023-06-30,rut,VCYT
2023-09-30,rut,VCYT
2023-12-31,rut,VCYT
2024-03-31,rut,VCYT
2024-06-30,rut,VCYT
2024-09-30,rut,VCYT
2024-12-31,rut,VCYT
2025-03-31,rut,VCYT
2025-06-30,rut,VCYT
2025-09-30,rut,VCYT
2025-09-30,sp600,VCYT
2025-12-31,rut,VCYT
2025-12-31,sp600,VCYT
2026-03-31,rut,VCYT
2026-03-31,sp600,VCYT
2026-06-30,rut,VCYT
2026-06-30,sp600,VCYT
2026-09-30,rut,VCYT
2026-09-30,sp600,VCYT
2026-03-31,sp600,RNG
2026-06-30,sp600,RNG
2026-09-30,sp600,RNG
2019-12-31,sp400,CNK
2020-03-31,sp400,CNK
2020-06-30,rut,CNK
2020-06-30,sp400,CNK
2020-09-30,rut,CNK
2020-09-30,sp400,CNK
2020-12-31,rut,CNK
2020-12-31,sp400,CNK
2021-03-31,rut,CNK
2021-03-31,sp400,CNK
2021-06-30,rut,CNK
2021-06-30,sp400,CNK
2021-09-30,rut,CNK
2021-09-30,sp600,CNK
2021-12-31,rut,CNK
2021-12-31,sp600,CNK
2022-03-31,rut,CNK
2022-03-31,sp600,CNK
2022-06-30,rut,CNK
2022-06-30,sp600,CNK
2022-09-30,rut,CNK
2022-09-30,sp600,CNK
2022-12-31,rut,CNK
2022-12-31,sp600,CNK
2023-03-31,rut,CNK
2023-03-31,sp600,CNK
2023-06-30,rut,CNK
2023-06-30,sp600,CNK
2023-09-30,rut,CNK
2023-09-30,sp600,CNK
2023-12-31,rut,CNK
2023-12-31,sp600,CNK
2024-03-31,rut,CNK
2024-03-31,sp600,CNK
2024-06-30,rut,CNK
2024-06-30,sp600,CNK
2024-09-30,rut,CNK
2024-09-30,sp600,CNK
2024-12-31,rut,CNK
2024-12-31,sp600,CNK
2025-03-31,rut,CNK
2025-03-31,sp600,CNK
2025-06-30,rut,CNK
2025-06-30,sp600,CNK
2025-09-30,rut,CNK
2025-09-30,sp600,CNK
2025-12-31,rut,CNK
2025-12-31,sp600,CNK
2026-03-31,rut,CNK
2026-03-31,sp600,CNK
2026-06-30,rut,CNK
2026-06-30,sp600,CNK
2026-09-30,rut,CNK
2026-09-30,sp600,CNK
2019-12-31,rut,UUUU
2020-03-31,rut,UUUU
2020-06-30,rut,UUUU
2020-09-30,rut,UUUU
2020-12-31,rut,UUUU
2021-03-31,rut,UUUU
2021-06-30,rut,UUUU
2021-09-30,rut,UUUU
2021-12-31,rut,UUUU
2022-03-31,rut,UUUU
2022-06-30,rut,UUUU
2022-09-30,rut,UUUU
2022-12-31,rut,UUUU
2023-03-31,rut,UUUU
2023-06-30,rut,UUUU
2023-09-30,rut,UUUU
2023-12-31,rut,UUUU
2024-03-31,rut,UUUU
2024-06-30,rut,UUUU
2024-09-30,rut,UUUU
2024-12-31,rut,UUUU
2025-03-31,rut,UUUU
2025-06-30,rut,UUUU
2025-09-30,rut,UUUU
2025-12-31,rut,UUUU
2026-03-31,rut,UUUU
2026-06-30,rut,UUUU
2026-09-30,rut,UUUU
2019-12-31,rut,GDOT
2019-12-31,sp400,GDOT
2020-03-31,rut,GDOT
2020-03-31,sp600,GDOT
2020-06-30,rut,GDOT
2020-06-30,sp600,GDOT
2020-09-30,rut,GDOT
2020-09-30,sp600,GDOT
2020-12-31,rut,GDOT
2020-12-31,sp600,GDOT
2021-03-31,rut,GDOT
2021-03-31,sp600,GDOT
2021-06-30,rut,GDOT
2021-06-30,sp600,GDOT
2021-09-30,rut,GDOT
2021-09-30,sp600,GDOT
2021-12-31,rut,GDOT
2021-12-31,sp600,GDOT
2022-03-31,rut,GDOT
2022-03-31,sp600,GDOT
2022-06-30,rut,GDOT
2022-06-30,sp600,GDOT
2022-09-30,rut,GDOT
2022-09-30,sp600,GDOT
2022-12-31,rut,GDOT
2022-12-31,sp600,GDOT
2023-03-31,rut,GDOT
2023-03-31,sp600,GDOT
2023-06-30,rut,GDOT
2023-06-30,sp600,GDOT
2023-09-30,rut,GDOT
2023-09-30,sp600,GDOT
2023-12-31,rut,GDOT
2023-12-31,sp600,GDOT
2024-03-31,rut,GDOT
2024-03-31,sp600,GDOT
2024-06-30,rut,GDOT
2024-06-30,sp600,GDOT
2024-09-30,rut,GDOT
2024-09-30,sp600,GDOT
2024-12-31,rut,GDOT
2024-12-31,sp600,GDOT
2025-03-31,rut,GDOT
2025-06-30,rut,GDOT
2025-09-30,rut,GDOT
2025-12-31,rut,GDOT
2026-03-31,rut,GDOT
2026-06-30,rut,GDOT
2026-09-30,rut,GDOT
2019-12-31,rut,NAGE
2020-03-31,rut,NAGE
2020-06-30,rut,NAGE
2020-09-30,rut,NAGE
2020-12-31,rut,NAGE
2021-03-31,rut,NAGE
2021-06-30,rut,NAGE
2021-09-30,rut,NAGE
2021-12-31,rut,NAGE
2022-03-31,rut,NAGE
2024-09-30,rut,NAGE
2024-12-31,rut,NAGE
2025-03-31,rut,NAGE
2025-06-30,rut,NAGE
2025-09-30,rut,NAGE
2025-12-31,rut,NAGE
2026-03-31,rut,NAGE
2026-06-30,rut,NAGE
2026-09-30,rut,NAGE
2019-12-31,rut,IRTC
2020-03-31,rut,IRTC
2020-06-30,rut,IRTC
2020-09-30,rut,IRTC
2020-12-31,rut,IRTC
2021-03-31,rut,IRTC
2021-06-30,rut,IRTC
2021-09-30,rut,IRTC
2021-12-31,rut,IRTC
2022-03-31,rut,IRTC
2022-06-30,rut,IRTC
2022-09-30,rut,IRTC
2022-12-31,rut,IRTC
2023-03-31,rut,IRTC
2023-06-30,rut,IRTC
2023-09-30,rut,IRTC
2023-12-31,rut,IRTC
2024-03-31,rut,IRTC
2024-06-30,rut,IRTC
2024-09-30,rut,IRTC
2024-12-31,rut,IRTC
2025-03-31,rut,IRTC
2025-06-30,rut,IRTC
2025-09-30,rut,IRTC
2025-12-31,rut,IRTC
2026-03-31,rut,IRTC
2026-06-30,rut,IRTC
2026-09-30,rut,IRTC
2019-12-31,rut,AROC
2019-12-31,sp600,AROC
2020-03-31,rut,AROC
2020-03-31,sp600,AROC
2020-06-30,rut,AROC
2020-06-30,sp600,AROC
2020-09-30,rut,AROC
2020-09-30,sp600,AROC
2020-12-31,rut,AROC
2020-12-31,sp600,AROC
2021-03-31,rut,AROC
2021-03-31,sp600,AROC
2021-06-30,rut,AROC
2021-06-30,sp600,AROC
2021-09-30,rut,AROC
2021-09-30,sp600,AROC
2021-12-31,rut,AROC
2021-12-31,sp600,AROC
2022-03-31,rut,AROC
2022-03-31,sp600,AROC
2022-06-30,rut,AROC
2022-06-30,sp600,AROC
2022-09-30,rut,AROC
2022-09-30,sp600,AROC
2022-12-31,rut,AROC
2022-12-31,sp600,AROC
2023-03-31,rut,AROC
2023-03-31,sp600,AROC
2023-06-30,rut,AROC
2023-06-30,sp600,AROC
2023-09-30,rut,AROC
2023-09-30,sp600,AROC
2023-12-31,rut,AROC
2023-12-31,sp600,AROC
2024-03-31,rut,AROC
2024-03-31,sp600,AROC
2024-06-30,rut,AROC
2024-06-30,sp600,AROC
2024-09-30,rut,AROC
2024-09-30,sp600,AROC
2024-12-31,rut,AROC
2024-12-31,sp600,AROC
2025-03-31,rut,AROC
2025-03-31,sp600,AROC
2025-06-30,rut,AROC
2025-06-30,sp600,AROC
2025-09-30,rut,AROC
2025-09-30,sp600,AROC
2025-12-31,rut,AROC
2025-12-31,sp600,AROC
2026-03-31,rut,AROC
2026-03-31,sp600,AROC
2026-06-30,rut,AROC
2026-06-30,sp600,AROC
2026-09-30,rut,AROC
2026-09-30,sp600,AROC
2019-12-31,rut,OCUL
2020-03-31,rut,OCUL
2020-06-30,rut,OCUL
2020-09-30,rut,OCUL
2020-12-31,rut,OCUL
2021-03-31,rut,OCUL
2021-06-30,rut,OCUL
2021-09-30,rut,OCUL
2021-12-31,rut,OCUL
2022-03-31,rut,OCUL
2022-06-30,rut,OCUL
2022-09-30,rut,OCUL
2022-12-31,rut,OCUL
2023-03-31,rut,OCUL
2023-06-30,rut,OCUL
2023-09-30,rut,OCUL
2023-12-31,rut,OCUL
2024-03-31,rut,OCUL
2024-06-30,rut,OCUL
2024-09-30,rut,OCUL
2024-12-31,rut,OCUL
2025-03-31,rut,OCUL
2025-06-30,rut,OCUL
2025-09-30,rut,OCUL
2025-12-31,rut,OCUL
2026-03-31,rut,OCUL
2026-06-30,rut,OCUL
2026-09-30,rut,OCUL
2019-12-31,rut,TIPT
2020-03-31,rut,TIPT
2020-06-30,rut,TIPT
2020-09-30,rut,TIPT
2020-12-31,rut,TIPT
2021-03-31,rut,TIPT
2021-06-30,rut,TIPT
2021-09-30,rut,TIPT
2021-12-31,rut,TIPT
2022-03-31,rut,TIPT
2022-06-30,rut,TIPT
2022-09-30,rut,TIPT
2022-12-31,rut,TIPT
2023-03-31,rut,TIPT
2023-06-30,rut,TIPT
2023-09-30,rut,TIPT
2023-12-31,rut,TIPT
2024-03-31,rut,TIPT
2024-06-30,rut,TIPT
2024-09-30,rut,TIPT
2024-12-31,rut,TIPT
2025-03-31,rut,TIPT
2025-06-30,rut,TIPT
2025-09-30,rut,TIPT
2025-12-31,rut,TIPT
2026-03-31,rut,TIPT
2026-06-30,rut,TIPT
2026-09-30,rut,TIPT
2019-12-31,rut,SNDX
2020-03-31,rut,SNDX
2020-06-30,rut,SNDX
2020-09-30,rut,SNDX
2020-12-31,rut,SNDX
2021-03-31,rut,SNDX
2021-06-30,rut,SNDX
2021-09-30,rut,SNDX
2021-12-31,rut,SNDX
2022-03-31,rut,SNDX
2022-06-30,rut,SNDX
2022-09-30,rut,SNDX
2022-12-31,rut,SNDX
2023-03-31,rut,SNDX
2023-06-30,rut,SNDX
2023-09-30,rut,SNDX
2023-12-31,rut,SNDX
2024-03-31,rut,SNDX
2024-06-30,rut,SNDX
2024-09-30,rut,SNDX
2024-12-31,rut,SNDX
2025-03-31,rut,SNDX
2025-06-30,rut,SNDX
2025-09-30,rut,SNDX
2025-12-31,rut,SNDX
2026-03-31,rut,SNDX
2026-06-30,rut,SNDX
2026-09-30,rut,SNDX
2019-12-31,sp400,OPLN
2020-03-31,sp400,OPLN
2020-06-30,rut,OPLN
2020-06-30,sp400,OPLN
2020-09-30,rut,OPLN
2020-09-30,sp400,OPLN
2020-12-31,rut,OPLN
2020-12-31,sp400,OPLN
2021-03-31,rut,OPLN
2021-03-31,sp400,OPLN
2021-06-30,rut,OPLN
2021-06-30,sp400,OPLN
2021-09-30,rut,OPLN
2021-09-30,sp400,OPLN
2021-12-31,rut,OPLN
2021-12-31,sp600,OPLN
2022-03-31,rut,OPLN
2022-03-31,sp600,OPLN
2022-06-30,rut,OPLN
2022-06-30,sp600,OPLN
2022-09-30,rut,OPLN
2022-09-30,sp600,OPLN
2022-12-31,rut,OPLN
2022-12-31,sp600,OPLN
2023-03-31,rut,OPLN
2023-03-31,sp600,OPLN
2023-06-30,rut,OPLN
2023-06-30,sp600,OPLN
2023-09-30,rut,OPLN
2023-09-30,sp600,OPLN
2023-12-31,rut,OPLN
2023-12-31,sp600,OPLN
2024-03-31,rut,OPLN
2024-03-31,sp600,OPLN
2024-06-30,rut,OPLN
2024-06-30,sp600,OPLN
2024-09-30,rut,OPLN
2024-09-30,sp600,OPLN
2024-12-31,rut,OPLN
2024-12-31,sp600,OPLN
2025-03-31,rut,OPLN
2025-03-31,sp600,OPLN
2025-06-30,rut,OPLN
2025-06-30,sp600,OPLN
2025-09-30,rut,OPLN
2025-09-30,sp600,OPLN
2025-12-31,rut,OPLN
2025-12-31,sp600,OPLN
2026-03-31,rut,OPLN
2026-03-31,sp600,OPLN
2026-06-30,rut,OPLN
2026-06-30,sp600,OPLN
2026-09-30,rut,OPLN
2026-09-30,sp600,OPLN
2019-12-31,rut,PCRX
2019-12-31,sp600,PCRX
2020-03-31,rut,PCRX
2020-03-31,sp600,PCRX
2020-06-30,rut,PCRX
2020-06-30,sp600,PCRX
2020-09-30,rut,PCRX
2020-09-30,sp600,PCRX
2020-12-31,rut,PCRX
2020-12-31,sp600,PCRX
2021-03-31,rut,PCRX
2021-03-31,sp600,PCRX
2021-06-30,rut,PCRX
2021-06-30,sp600,PCRX
2021-09-30,rut,PCRX
2021-09-30,sp600,PCRX
2021-12-31,rut,PCRX
2021-12-31,sp600,PCRX
2022-03-31,rut,PCRX
2022-03-31,sp600,PCRX
2022-06-30,rut,PCRX
2022-06-30,sp600,PCRX
2022-09-30,rut,PCRX
2022-09-30,sp600,PCRX
2022-12-31,rut,PCRX
2022-12-31,sp600,PCRX
2023-03-31,rut,PCRX
2023-03-31,sp600,PCRX
2023-06-30,rut,PCRX
2023-06-30,sp600,PCRX
2023-09-30,rut,PCRX
2023-09-30,sp600,PCRX
2023-12-31,rut,PCRX
2023-12-31,sp600,PCRX
2024-03-31,rut,PCRX
2024-03-31,sp600,PCRX
2024-06-30,rut,PCRX
2024-06-30,sp600,PCRX
2024-09-30,rut,PCRX
2024-09-30,sp600,PCRX
2024-12-31,rut,PCRX
2024-12-31,sp600,PCRX
2025-03-31,rut,PCRX
2025-03-31,sp600,PCRX
2025-06-30,rut,PCRX
2025-06-30,sp600,PCRX
2025-09-30,rut,PCRX
2025-09-30,sp600,PCRX
2025-12-31,rut,PCRX
2025-12-31,sp600,PCRX
2026-03-31,rut,PCRX
2026-03-31,sp600,PCRX
2026-06-30,rut,PCRX
2026-06-30,sp600,PCRX
2026-09-30,rut,PCRX
2026-09-30,sp600,PCRX
2021-09-30,sp400,G
2026-09-30,sp400,G
2019-12-31,rut,HCI
2019-12-31,sp600,HCI
2020-03-31,rut,HCI
2020-03-31,sp600,HCI
2020-06-30,rut,HCI
2020-06-30,sp600,HCI
2020-09-30,rut,HCI
2020-09-30,sp600,HCI
2020-12-31,rut,HCI
2020-12-31,sp600,HCI
2021-03-31,rut,HCI
2021-03-31,sp600,HCI
2021-06-30,rut,HCI
2021-06-30,sp600,HCI
2021-09-30,rut,HCI
2021-09-30,sp600,HCI
2021-12-31,rut,HCI
2021-12-31,sp600,HCI
2022-03-31,rut,HCI
2022-03-31,sp600,HCI
2022-06-30,rut,HCI
2022-06-30,sp600,HCI
2022-09-30,rut,HCI
2022-09-30,sp600,HCI
2022-12-31,rut,HCI
2022-12-31,sp600,HCI
2023-03-31,rut,HCI
2023-03-31,sp600,HCI
2023-06-30,rut,HCI
2023-06-30,sp600,HCI
2023-09-30,rut,HCI
2023-09-30,sp600,HCI
2023-12-31,rut,HCI
2023-12-31,sp600,HCI
2024-03-31,rut,HCI
2024-03-31,sp600,HCI
2024-06-30,rut,HCI
2024-06-30,sp600,HCI
2024-09-30,rut,HCI
2024-09-30,sp600,HCI
2024-12-31,rut,HCI
2024-12-31,sp600,HCI
2025-03-31,rut,HCI
2025-03-31,sp600,HCI
2025-06-30,rut,HCI
2025-06-30,sp600,HCI
2025-09-30,rut,HCI
2025-09-30,sp600,HCI
2025-12-31,rut,HCI
2025-12-31,sp600,HCI
2026-03-31,rut,HCI
2026-03-31,sp600,HCI
2026-06-30,rut,HCI
2026-06-30,sp600,HCI
2026-09-30,rut,HCI
2026-09-30,sp600,HCI
2020-06-30,rut,IHRT
2020-09-30,rut,IHRT
2020-12-31,rut,IHRT
2021-03-31,rut,IHRT
2021-06-30,rut,IHRT
2021-09-30,rut,IHRT
2021-12-31,rut,IHRT
2022-03-31,rut,IHRT
2022-06-30,rut,IHRT
2022-09-30,rut,IHRT
2022-12-31,rut,IHRT
2023-03-31,rut,IHRT
2023-06-30,rut,IHRT
2023-09-30,rut,IHRT
2023-12-31,rut,IHRT
2024-03-31,rut,IHRT
2024-06-30,rut,IHRT
2024-09-30,rut,IHRT
2024-12-31,rut,IHRT
2025-03-31,rut,IHRT
2025-06-30,rut,IHRT
2025-09-30,rut,IHRT
2025-12-31,rut,IHRT
2026-03-31,rut,IHRT
2026-06-30,rut,IHRT
2026-09-30,rut,IHRT
2026-09-30,sp400,HUBS
2019-12-31,rut,IDCC
2019-12-31,sp400,IDCC
2020-03-31,rut,IDCC
2020-03-31,sp400,IDCC
2020-06-30,rut,IDCC
2020-06-30,sp400,IDCC
2020-09-30,rut,IDCC
2020-09-30,sp400,IDCC
2020-12-31,rut,IDCC
2020-12-31,sp400,IDCC
2021-03-31,rut,IDCC
2021-03-31,sp400,IDCC
2021-06-30,rut,IDCC
2021-06-30,sp600,IDCC
2021-09-30,rut,IDCC
2021-09-30,sp600,IDCC
2021-12-31,rut,IDCC
2021-12-31,sp600,IDCC
2022-03-31,rut,IDCC
2022-03-31,sp600,IDCC
2022-06-30,rut,IDCC
2022-06-30,sp600,IDCC
2022-09-30,rut,IDCC
2022-09-30,sp600,IDCC
2022-12-31,rut,IDCC
2022-12-31,sp600,IDCC
2023-03-31,rut,IDCC
2023-03-31,sp600,IDCC
2023-06-30,rut,IDCC
2023-06-30,sp600,IDCC
2023-09-30,rut,IDCC
2023-09-30,sp600,IDCC
2023-12-31,rut,IDCC
2023-12-31,sp600,IDCC
2024-03-31,rut,IDCC
2024-03-31,sp600,IDCC
2024-06-30,rut,IDCC
2024-06-30,sp600,IDCC
2024-09-30,rut,IDCC
2024-09-30,sp600,IDCC
2024-12-31,rut,IDCC
2024-12-31,sp600,IDCC
2025-03-31,rut,IDCC
2025-03-31,sp600,IDCC
2025-06-30,rut,IDCC
2025-06-30,sp600,IDCC
2025-09-30,rut,IDCC
2025-09-30,sp600,IDCC
2025-12-31,rut,IDCC
2025-12-31,sp600,IDCC
2026-03-31,rut,IDCC
2026-03-31,sp400,IDCC
2026-06-30,rut,IDCC
2026-06-30,sp400,IDCC
2026-09-30,rut,IDCC
2026-09-30,sp400,IDCC
2019-12-31,rut,FOR
2020-03-31,rut,FOR
2020-06-30,rut,FOR
2020-09-30,rut,FOR
2020-12-31,rut,FOR
2021-03-31,rut,FOR
2021-06-30,rut,FOR
2021-09-30,rut,FOR
2021-12-31,rut,FOR
2022-03-31,rut,FOR
2022-06-30,rut,FOR
2022-09-30,rut,FOR
2022-12-31,rut,FOR
2023-03-31,rut,FOR
2023-06-30,rut,FOR
2023-09-30,rut,FOR
2023-12-31,rut,FOR
2024-03-31,rut,FOR
2024-06-30,rut,FOR
2024-09-30,rut,FOR
2024-12-31,rut,FOR
2025-03-31,rut,FOR
2025-06-30,rut,FOR
2025-09-30,rut,FOR
2025-12-31,rut,FOR
2026-03-31,rut,FOR
2026-06-30,rut,FOR
2026-09-30,rut,FOR
2019-12-31,rut,CALX
2020-03-31,rut,CALX
2020-06-30,rut,CALX
2020-09-30,rut,CALX
2020-12-31,rut,CALX
2021-03-31,rut,CALX
2021-06-30,rut,CALX
2021-09-30,rut,CALX
2021-12-31,rut,CALX
2022-03-31,rut,CALX
2022-03-31,sp400,CALX
2022-06-30,rut,CALX
2022-06-30,sp400,CALX
2022-09-30,rut,CALX
2022-09-30,sp400,CALX
2022-12-31,rut,CALX
2022-12-31,sp400,CALX
2023-03-31,rut,CALX
2023-03-31,sp400,CALX
2023-06-30,rut,CALX
2023-06-30,sp400,CALX
2023-09-30,rut,CALX
2023-09-30,sp400,CALX
2023-12-31,rut,CALX
2023-12-31,sp400,CALX
2024-03-31,rut,CALX
2024-03-31,sp600,CALX
2024-06-30,rut,CALX
2024-06-30,sp600,CALX
2024-09-30,rut,CALX
2024-09-30,sp600,CALX
2024-12-31,rut,CALX
2024-12-31,sp600,CALX
2025-03-31,rut,CALX
2025-03-31,sp600,CALX
2025-06-30,rut,CALX
2025-06-30,sp600,CALX
2025-09-30,rut,CALX
2025-09-30,sp600,CALX
2025-12-31,rut,CALX
2025-12-31,sp600,CALX
2026-03-31,rut,CALX
2026-03-31,sp600,CALX
2026-06-30,rut,CALX
2026-06-30,sp600,CALX
2026-09-30,rut,CALX
2026-09-30,sp600,CALX
2023-06-30,sp400,GPK
2023-09-30,sp400,GPK
2023-12-31,sp400,GPK
2024-03-31,sp400,GPK
2024-06-30,sp400,GPK
2024-09-30,sp400,GPK
2024-12-31,sp400,GPK
2025-03-31,sp400,GPK
2025-06-30,sp400,GPK
2025-09-30,sp400,GPK
2025-12-31,sp400,GPK
2026-03-31,sp400,GPK
2026-06-30,sp400,GPK
2026-09-30,sp400,GPK
2019-12-31,rut,CIK1408100
2020-03-31,rut,CIK1408100
2020-06-30,rut,CIK1408100
2020-09-30,rut,CIK1408100
2020-12-31,rut,CIK1408100
2021-03-31,rut,CIK1408100
2021-06-30,rut,CIK1408100
2021-09-30,rut,CIK1408100
2021-12-31,rut,CIK1408100
2022-03-31,rut,CIK1408100
2022-06-30,rut,CIK1408100
2022-09-30,rut,CIK1408100
2022-12-31,rut,CIK1408100
2023-03-31,rut,CIK1408100
2023-03-31,sp600,CIK1408100
2023-06-30,rut,CIK1408100
2023-06-30,sp600,CIK1408100
2023-09-30,rut,CIK1408100
2023-09-30,sp600,CIK1408100
2023-12-31,rut,CIK1408100
2023-12-31,sp600,CIK1408100
2024-03-31,rut,CIK1408100
2024-03-31,sp600,CIK1408100
2024-06-30,rut,CIK1408100
2024-06-30,sp600,CIK1408100
2024-09-30,rut,CIK1408100
2024-09-30,sp600,CIK1408100
2024-12-31,rut,CIK1408100
2024-12-31,sp600,CIK1408100
2025-03-31,rut,CIK1408100
2025-03-31,sp600,CIK1408100
2025-06-30,rut,CIK1408100
2025-06-30,sp600,CIK1408100
2025-09-30,rut,CIK1408100
2025-09-30,sp600,CIK1408100
2025-12-31,rut,CIK1408100
2025-12-31,sp600,CIK1408100
2026-03-31,rut,CIK1408100
2026-03-31,sp600,CIK1408100
2019-12-31,sp600,FN
2020-03-31,sp600,FN
2021-03-31,sp600,FN
2021-09-30,rut,FN
2021-12-31,rut,FN
2022-03-31,rut,FN
2022-06-30,rut,FN
2022-09-30,sp600,FN
2022-12-31,rut,FN
2022-12-31,sp600,FN
2023-03-31,sp600,FN
2023-06-30,sp600,FN
2023-09-30,sp600,FN
2023-12-31,rut,FN
2023-12-31,sp600,FN
2024-03-31,sp600,FN
2024-06-30,sp600,FN
2026-03-31,rut,FN
2026-09-30,sp400,FN
2019-12-31,rut,TITN
2020-03-31,rut,TITN
2020-06-30,rut,TITN
2020-09-30,rut,TITN
2020-12-31,rut,TITN
2021-03-31,rut,TITN
2021-06-30,rut,TITN
2021-09-30,rut,TITN
2021-12-31,rut,TITN
2022-03-31,rut,TITN
2022-06-30,rut,TITN
2022-09-30,rut,TITN
2022-12-31,rut,TITN
2023-03-31,rut,TITN
2023-06-30,rut,TITN
2023-09-30,rut,TITN
2023-12-31,rut,TITN
2024-03-31,rut,TITN
2024-06-30,rut,TITN
2024-09-30,rut,TITN
2024-12-31,rut,TITN
2025-03-31,rut,TITN
2025-06-30,rut,TITN
2025-09-30,rut,TITN
2025-12-31,rut,TITN
2026-03-31,rut,TITN
2026-06-30,rut,TITN
2026-09-30,rut,TITN
2019-12-31,rut,HAPN
2020-03-31,rut,HAPN
2020-06-30,rut,HAPN
2020-09-30,rut,HAPN
2020-12-31,rut,HAPN
2021-03-31,rut,HAPN
2021-06-30,rut,HAPN
2021-09-30,rut,HAPN
2021-12-31,rut,HAPN
2022-03-31,rut,HAPN
2022-06-30,rut,HAPN
2022-09-30,rut,HAPN
2022-12-31,rut,HAPN
2023-03-31,rut,HAPN
2023-06-30,rut,HAPN
2023-09-30,rut,HAPN
2023-12-31,rut,HAPN
2024-03-31,rut,HAPN
2024-06-30,rut,HAPN
2024-09-30,rut,HAPN
2024-12-31,rut,HAPN
2025-03-31,rut,HAPN
2025-06-30,rut,HAPN
2025-09-30,rut,HAPN
2025-12-31,rut,HAPN
2026-03-31,rut,HAPN
2026-06-30,rut,HAPN
2026-09-30,rut,HAPN
2019-12-31,rut,CRMD
2020-03-31,rut,CRMD
2020-06-30,rut,CRMD
2020-09-30,rut,CRMD
2020-12-31,rut,CRMD
2021-03-31,rut,CRMD
2021-06-30,rut,CRMD
2021-09-30,rut,CRMD
2021-12-31,rut,CRMD
2022-03-31,rut,CRMD
2023-06-30,rut,CRMD
2023-09-30,rut,CRMD
2023-12-31,rut,CRMD
2024-03-31,rut,CRMD
2024-06-30,rut,CRMD
2024-09-30,rut,CRMD
2024-12-31,rut,CRMD
2025-03-31,rut,CRMD
2025-06-30,rut,CRMD
2025-09-30,rut,CRMD
2025-12-31,rut,CRMD
2026-03-31,rut,CRMD
2026-06-30,rut,CRMD
2026-09-30,rut,CRMD
2019-12-31,rut,QTWO
2020-03-31,rut,QTWO
2020-06-30,rut,QTWO
2020-09-30,rut,QTWO
2020-12-31,rut,QTWO
2021-03-31,rut,QTWO
2021-06-30,rut,QTWO
2021-09-30,rut,QTWO
2021-12-31,rut,QTWO
2022-03-31,rut,QTWO
2022-06-30,rut,QTWO
2022-09-30,rut,QTWO
2022-12-31,rut,QTWO
2023-03-31,rut,QTWO
2023-06-30,rut,QTWO
2023-09-30,rut,QTWO
2023-12-31,rut,QTWO
2024-03-31,rut,QTWO
2024-06-30,rut,QTWO
2024-09-30,rut,QTWO
2024-12-31,rut,QTWO
2025-03-31,rut,QTWO
2025-06-30,rut,QTWO
2025-09-30,rut,QTWO
2025-09-30,sp600,QTWO
2025-12-31,rut,QTWO
2025-12-31,sp600,QTWO
2026-03-31,rut,QTWO
2026-03-31,sp600,QTWO
2026-06-30,rut,QTWO
2026-06-30,sp600,QTWO
2026-09-30,rut,QTWO
2026-09-30,sp600,QTWO
2026-09-30,sp400,ALSN
2019-12-31,rut,EFC
2020-03-31,rut,EFC
2020-06-30,rut,EFC
2020-09-30,rut,EFC
2020-12-31,rut,EFC
2021-03-31,rut,EFC
2021-06-30,rut,EFC
2021-06-30,sp600,EFC
2021-09-30,rut,EFC
2021-09-30,sp600,EFC
2021-12-31,rut,EFC
2021-12-31,sp600,EFC
2022-03-31,rut,EFC
2022-03-31,sp600,EFC
2022-06-30,rut,EFC
2022-06-30,sp600,EFC
2022-09-30,rut,EFC
2022-09-30,sp600,EFC
2022-12-31,rut,EFC
2022-12-31,sp600,EFC
2023-03-31,rut,EFC
2023-03-31,sp600,EFC
2023-06-30,rut,EFC
2023-06-30,sp600,EFC
2023-09-30,rut,EFC
2023-09-30,sp600,EFC
2023-12-31,rut,EFC
2023-12-31,sp600,EFC
2024-03-31,rut,EFC
2024-03-31,sp600,EFC
2024-06-30,rut,EFC
2024-06-30,sp600,EFC
2024-09-30,rut,EFC
2024-09-30,sp600,EFC
2024-12-31,rut,EFC
2024-12-31,sp600,EFC
2025-03-31,rut,EFC
2025-03-31,sp600,EFC
2025-06-30,rut,EFC
2025-06-30,sp600,EFC
2025-09-30,rut,EFC
2025-09-30,sp600,EFC
2025-12-31,rut,EFC
2025-12-31,sp600,EFC
2026-03-31,rut,EFC
2026-03-31,sp600,EFC
2026-06-30,rut,EFC
2026-06-30,sp600,EFC
2026-09-30,rut,EFC
2026-09-30,sp600,EFC
2019-12-31,rut,AMC
2020-03-31,rut,AMC
2020-06-30,rut,AMC
2020-09-30,rut,AMC
2020-12-31,rut,AMC
2021-03-31,rut,AMC
2021-06-30,rut,AMC
2021-09-30,rut,AMC
2021-12-31,rut,AMC
2022-03-31,rut,AMC
2024-09-30,rut,AMC
2024-12-31,rut,AMC
2025-03-31,rut,AMC
2025-06-30,rut,AMC
2025-09-30,rut,AMC
2025-12-31,rut,AMC
2026-03-31,rut,AMC
2026-06-30,rut,AMC
2026-09-30,rut,AMC
2019-12-31,rut,PHR
2020-03-31,rut,PHR
2020-06-30,rut,PHR
2020-09-30,rut,PHR
2020-12-31,rut,PHR
2021-03-31,rut,PHR
2021-06-30,rut,PHR
2021-09-30,rut,PHR
2021-12-31,rut,PHR
2022-03-31,rut,PHR
2022-06-30,rut,PHR
2022-09-30,rut,PHR
2022-12-31,rut,PHR
2023-03-31,rut,PHR
2023-06-30,rut,PHR
2023-09-30,rut,PHR
2023-12-31,rut,PHR
2024-03-31,rut,PHR
2024-06-30,rut,PHR
2024-09-30,rut,PHR
2024-12-31,rut,PHR
2025-03-31,rut,PHR
2025-06-30,rut,PHR
2025-09-30,rut,PHR
2025-12-31,rut,PHR
2026-03-31,rut,PHR
2026-06-30,rut,PHR
2026-09-30,rut,PHR
2021-06-30,rut,ECHO
2021-09-30,rut,ECHO
2021-12-31,rut,ECHO
2022-03-31,rut,ECHO
2022-06-30,rut,ECHO
2022-09-30,rut,ECHO
2022-12-31,rut,ECHO
2023-03-31,rut,ECHO
2023-06-30,rut,ECHO
2023-09-30,rut,ECHO
2023-12-31,rut,ECHO
2024-03-31,rut,ECHO
2024-03-31,sp600,ECHO
2024-06-30,rut,ECHO
2024-06-30,sp600,ECHO
2024-09-30,rut,ECHO
2024-09-30,sp600,ECHO
2024-12-31,rut,ECHO
2024-12-31,sp600,ECHO
2025-03-31,rut,ECHO
2025-03-31,sp400,ECHO
2025-06-30,rut,ECHO
2025-06-30,sp400,ECHO
2025-09-30,rut,ECHO
2025-09-30,sp400,ECHO
2025-12-31,rut,ECHO
2025-12-31,sp400,ECHO
2026-03-31,rut,ECHO
2021-06-30,rut,APLE
2021-09-30,rut,APLE
2021-12-31,rut,APLE
2022-03-31,rut,APLE
2022-06-30,rut,APLE
2022-09-30,rut,APLE
2022-12-31,rut,APLE
2023-03-31,rut,APLE
2023-06-30,rut,APLE
2023-09-30,rut,APLE
2023-09-30,sp600,APLE
2023-12-31,rut,APLE
2023-12-31,sp600,APLE
2024-03-31,rut,APLE
2024-03-31,sp600,APLE
2024-06-30,rut,APLE
2024-06-30,sp600,APLE
2024-09-30,rut,APLE
2024-09-30,sp600,APLE
2024-12-31,rut,APLE
2024-12-31,sp600,APLE
2025-03-31,rut,APLE
2025-03-31,sp600,APLE
2025-06-30,rut,APLE
2025-06-30,sp600,APLE
2025-09-30,rut,APLE
2025-09-30,sp600,APLE
2025-12-31,rut,APLE
2025-12-31,sp600,APLE
2026-03-31,rut,APLE
2026-03-31,sp600,APLE
2026-06-30,rut,APLE
2026-06-30,sp600,APLE
2026-09-30,rut,APLE
2026-09-30,sp600,APLE
2019-12-31,rut,IRDM
2019-12-31,sp600,IRDM
2020-03-31,rut,IRDM
2020-03-31,sp600,IRDM
2020-06-30,rut,IRDM
2020-06-30,sp600,IRDM
2020-09-30,rut,IRDM
2020-09-30,sp600,IRDM
2020-12-31,rut,IRDM
2020-12-31,sp600,IRDM
2021-03-31,rut,IRDM
2021-03-31,sp400,IRDM
2021-06-30,rut,IRDM
2021-06-30,sp400,IRDM
2021-09-30,rut,IRDM
2021-09-30,sp400,IRDM
2021-12-31,rut,IRDM
2021-12-31,sp400,IRDM
2022-03-31,rut,IRDM
2022-03-31,sp400,IRDM
2022-06-30,rut,IRDM
2022-06-30,sp400,IRDM
2022-09-30,rut,IRDM
2022-09-30,sp400,IRDM
2022-12-31,rut,IRDM
2022-12-31,sp400,IRDM
2023-03-31,rut,IRDM
2023-03-31,sp400,IRDM
2023-06-30,sp400,IRDM
2023-09-30,sp400,IRDM
2023-12-31,sp400,IRDM
2024-03-31,sp400,IRDM
2024-06-30,sp400,IRDM
2024-09-30,sp400,IRDM
2024-12-31,sp400,IRDM
2025-03-31,sp400,IRDM
2025-06-30,sp400,IRDM
2025-09-30,sp400,IRDM
2025-12-31,sp600,IRDM
2026-03-31,sp600,IRDM
2026-06-30,sp600,IRDM
2026-09-30,sp600,IRDM
2019-12-31,sp400,SEDG
2020-03-31,sp400,SEDG
2020-06-30,sp400,SEDG
2020-09-30,sp400,SEDG
2020-12-31,sp400,SEDG
2021-03-31,sp400,SEDG
2021-06-30,sp400,SEDG
2021-09-30,sp400,SEDG
2023-12-31,sp600,SEDG
2024-03-31,sp600,SEDG
2024-06-30,sp600,SEDG
2024-09-30,sp600,SEDG
2024-12-31,sp600,SEDG
2025-03-31,sp600,SEDG
2025-06-30,sp600,SEDG
2025-09-30,sp600,SEDG
2025-12-31,sp600,SEDG
2026-03-31,sp600,SEDG
2026-06-30,sp600,SEDG
2026-09-30,sp600,SEDG
2022-06-30,sp400,ENOV
2022-09-30,sp400,ENOV
2022-12-31,sp400,ENOV
2023-03-31,sp400,ENOV
2023-06-30,sp400,ENOV
2023-09-30,sp400,ENOV
2023-12-31,sp400,ENOV
2024-03-31,sp400,ENOV
2024-06-30,sp400,ENOV
2024-09-30,sp400,ENOV
2024-12-31,sp400,ENOV
2025-03-31,sp600,ENOV
2025-06-30,rut,ENOV
2025-06-30,sp600,ENOV
2025-09-30,rut,ENOV
2025-09-30,sp600,ENOV
2025-12-31,rut,ENOV
2025-12-31,sp600,ENOV
2026-03-31,rut,ENOV
2026-03-31,sp600,ENOV
2026-06-30,rut,ENOV
2026-06-30,sp600,ENOV
2026-09-30,rut,ENOV
2026-09-30,sp600,ENOV
2019-12-31,rut,NX
2019-12-31,sp600,NX
2020-03-31,rut,NX
2020-03-31,sp600,NX
2020-06-30,rut,NX
2020-06-30,sp600,NX
2020-09-30,rut,NX
2020-09-30,sp600,NX
2020-12-31,rut,NX
2020-12-31,sp600,NX
2021-03-31,rut,NX
2021-03-31,sp600,NX
2021-06-30,rut,NX
2021-06-30,sp600,NX
2021-09-30,rut,NX
2021-09-30,sp600,NX
2021-12-31,rut,NX
2021-12-31,sp600,NX
2022-03-31,rut,NX
2022-03-31,sp600,NX
2022-06-30,rut,NX
2022-06-30,sp600,NX
2022-09-30,rut,NX
2022-09-30,sp600,NX
2022-12-31,rut,NX
2022-12-31,sp600,NX
2023-03-31,rut,NX
2023-03-31,sp600,NX
2023-06-30,rut,NX
2023-06-30,sp600,NX
2023-09-30,rut,NX
2023-09-30,sp600,NX
2023-12-31,rut,NX
2023-12-31,sp600,NX
2024-03-31,rut,NX
2024-03-31,sp600,NX
2024-06-30,rut,NX
2024-06-30,sp600,NX
2024-09-30,rut,NX
2024-09-30,sp600,NX
2024-12-31,rut,NX
2024-12-31,sp600,NX
2025-03-31,rut,NX
2025-03-31,sp600,NX
2025-06-30,rut,NX
2025-06-30,sp600,NX
2025-09-30,rut,NX
2025-09-30,sp600,NX
2025-12-31,rut,NX
2025-12-31,sp600,NX
2026-03-31,rut,NX
2026-03-31,sp600,NX
2026-06-30,rut,NX
2026-06-30,sp600,NX
2026-09-30,rut,NX
2026-09-30,sp600,NX
2026-09-30,sp400,AGNC
2020-12-31,rut,BNL
2021-03-31,rut,BNL
2021-06-30,rut,BNL
2021-09-30,rut,BNL
2021-12-31,rut,BNL
2022-03-31,rut,BNL
2022-06-30,rut,BNL
2022-09-30,rut,BNL
2022-12-31,rut,BNL
2023-03-31,rut,BNL
2023-06-30,rut,BNL
2023-09-30,rut,BNL
2023-12-31,rut,BNL
2024-03-31,rut,BNL
2024-06-30,rut,BNL
2024-09-30,rut,BNL
2024-12-31,rut,BNL
2025-03-31,rut,BNL
2025-06-30,rut,BNL
2025-09-30,rut,BNL
2025-12-31,rut,BNL
2026-03-31,rut,BNL
2026-06-30,rut,BNL
2026-06-30,sp600,BNL
2026-09-30,rut,BNL
2026-09-30,sp600,BNL
2019-12-31,rut,FOXF
2019-12-31,sp600,FOXF
2020-03-31,rut,FOXF
2020-03-31,sp600,FOXF
2020-06-30,rut,FOXF
2020-06-30,sp600,FOXF
2020-09-30,rut,FOXF
2020-09-30,sp400,FOXF
2020-12-31,rut,FOXF
2020-12-31,sp400,FOXF
2021-03-31,rut,FOXF
2021-03-31,sp400,FOXF
2021-06-30,rut,FOXF
2021-06-30,sp400,FOXF
2021-09-30,rut,FOXF
2021-09-30,sp400,FOXF
2021-12-31,rut,FOXF
2021-12-31,sp400,FOXF
2022-03-31,rut,FOXF
2022-03-31,sp400,FOXF
2022-06-30,rut,FOXF
2022-06-30,sp400,FOXF
2022-09-30,rut,FOXF
2022-09-30,sp400,FOXF
2022-12-31,rut,FOXF
2022-12-31,sp400,FOXF
2023-03-31,rut,FOXF
2023-03-31,sp400,FOXF
2023-06-30,rut,FOXF
2023-06-30,sp400,FOXF
2023-09-30,rut,FOXF
2023-09-30,sp400,FOXF
2023-12-31,rut,FOXF
2023-12-31,sp400,FOXF
2024-03-31,rut,FOXF
2024-03-31,sp400,FOXF
2024-06-30,rut,FOXF
2024-06-30,sp600,FOXF
2024-09-30,rut,FOXF
2024-09-30,sp600,FOXF
2024-12-31,rut,FOXF
2024-12-31,sp600,FOXF
2025-03-31,rut,FOXF
2025-03-31,sp600,FOXF
2025-06-30,rut,FOXF
2025-06-30,sp600,FOXF
2025-09-30,rut,FOXF
2025-09-30,sp600,FOXF
2025-12-31,rut,FOXF
2025-12-31,sp600,FOXF
2026-03-31,rut,FOXF
2026-03-31,sp600,FOXF
2026-06-30,rut,FOXF
2026-06-30,sp600,FOXF
2026-09-30,rut,FOXF
2026-09-30,sp600,FOXF
2019-12-31,rut,HQY
2019-12-31,sp400,HQY
2020-03-31,rut,HQY
2020-03-31,sp400,HQY
2020-06-30,rut,HQY
2020-06-30,sp400,HQY
2020-09-30,rut,HQY
2020-09-30,sp400,HQY
2020-12-31,rut,HQY
2020-12-31,sp400,HQY
2021-03-31,rut,HQY
2021-03-31,sp400,HQY
2021-06-30,rut,HQY
2021-06-30,sp400,HQY
2021-09-30,rut,HQY
2021-09-30,sp400,HQY
2021-12-31,rut,HQY
2021-12-31,sp400,HQY
2022-03-31,rut,HQY
2022-03-31,sp400,HQY
2022-06-30,rut,HQY
2022-06-30,sp400,HQY
2022-09-30,rut,HQY
2022-09-30,sp400,HQY
2022-12-31,rut,HQY
2022-12-31,sp400,HQY
2023-03-31,rut,HQY
2023-03-31,sp400,HQY
2023-06-30,rut,HQY
2023-06-30,sp400,HQY
2023-09-30,rut,HQY
2023-09-30,sp400,HQY
2023-12-31,rut,HQY
2023-12-31,sp400,HQY
2024-03-31,rut,HQY
2024-03-31,sp400,HQY
2024-06-30,rut,HQY
2024-06-30,sp400,HQY
2024-09-30,rut,HQY
2024-09-30,sp400,HQY
2024-12-31,rut,HQY
2024-12-31,sp400,HQY
2025-03-31,rut,HQY
2025-03-31,sp400,HQY
2025-06-30,rut,HQY
2025-06-30,sp400,HQY
2025-09-30,rut,HQY
2025-09-30,sp400,HQY
2025-12-31,rut,HQY
2025-12-31,sp400,HQY
2026-03-31,rut,HQY
2026-03-31,sp400,HQY
2026-06-30,rut,HQY
2026-06-30,sp400,HQY
2026-09-30,rut,HQY
2026-09-30,sp400,HQY
2026-06-30,sp400,ROKU
2026-09-30,sp400,ROKU
2019-12-31,rut,SFBS
2019-12-31,sp600,SFBS
2020-03-31,rut,SFBS
2020-03-31,sp600,SFBS
2020-06-30,rut,SFBS
2020-06-30,sp600,SFBS
2020-09-30,rut,SFBS
2020-09-30,sp600,SFBS
2020-12-31,rut,SFBS
2020-12-31,sp600,SFBS
2021-03-31,rut,SFBS
2021-03-31,sp600,SFBS
2021-06-30,rut,SFBS
2021-06-30,sp600,SFBS
2021-09-30,rut,SFBS
2021-09-30,sp600,SFBS
2021-12-31,rut,SFBS
2021-12-31,sp600,SFBS
2022-03-31,rut,SFBS
2022-03-31,sp600,SFBS
2022-06-30,rut,SFBS
2022-06-30,sp600,SFBS
2022-09-30,rut,SFBS
2022-09-30,sp600,SFBS
2022-12-31,rut,SFBS
2022-12-31,sp600,SFBS
2023-03-31,rut,SFBS
2023-03-31,sp600,SFBS
2023-06-30,rut,SFBS
2023-06-30,sp600,SFBS
2023-09-30,rut,SFBS
2023-09-30,sp600,SFBS
2023-12-31,rut,SFBS
2023-12-31,sp600,SFBS
2024-03-31,rut,SFBS
2024-03-31,sp600,SFBS
2024-06-30,rut,SFBS
2024-06-30,sp600,SFBS
2024-09-30,rut,SFBS
2024-09-30,sp600,SFBS
2024-12-31,rut,SFBS
2024-12-31,sp600,SFBS
2025-03-31,rut,SFBS
2025-03-31,sp600,SFBS
2025-06-30,rut,SFBS
2025-06-30,sp600,SFBS
2025-09-30,rut,SFBS
2025-09-30,sp600,SFBS
2025-12-31,rut,SFBS
2025-12-31,sp600,SFBS
2026-03-31,rut,SFBS
2026-03-31,sp600,SFBS
2026-06-30,rut,SFBS
2026-06-30,sp600,SFBS
2026-09-30,rut,SFBS
2026-09-30,sp600,SFBS
2019-12-31,rut,APPF
2020-03-31,rut,APPF
2020-06-30,rut,APPF
2020-09-30,rut,APPF
2020-12-31,rut,APPF
2021-03-31,rut,APPF
2021-06-30,rut,APPF
2021-09-30,rut,APPF
2021-12-31,rut,APPF
2022-03-31,rut,APPF
2022-06-30,rut,APPF
2022-09-30,rut,APPF
2022-12-31,rut,APPF
2023-03-31,rut,APPF
2023-06-30,rut,APPF
2023-09-30,rut,APPF
2023-12-31,rut,APPF
2024-03-31,rut,APPF
2024-06-30,rut,APPF
2024-06-30,sp400,APPF
2024-09-30,sp400,APPF
2024-12-31,sp400,APPF
2025-03-31,sp400,APPF
2025-06-30,sp400,APPF
2025-09-30,sp400,APPF
2025-12-31,sp400,APPF
2026-03-31,sp400,APPF
2026-06-30,sp400,APPF
2026-09-30,sp400,APPF
2020-06-30,rut,AR
2020-09-30,rut,AR
2020-12-31,rut,AR
2021-03-31,rut,AR
2021-06-30,rut,AR
2021-09-30,rut,AR
2021-12-31,rut,AR
2022-03-31,rut,AR
2022-12-31,sp400,AR
2023-03-31,sp400,AR
2023-06-30,sp400,AR
2023-09-30,sp400,AR
2023-12-31,sp400,AR
2024-03-31,sp400,AR
2024-06-30,sp400,AR
2024-09-30,sp400,AR
2024-12-31,sp400,AR
2025-03-31,sp400,AR
2025-06-30,sp400,AR
2025-09-30,sp400,AR
2025-12-31,sp400,AR
2026-03-31,sp400,AR
2026-06-30,sp400,AR
2026-09-30,sp400,AR
2019-12-31,rut,HLNE
2020-03-31,rut,HLNE
2020-06-30,rut,HLNE
2020-09-30,rut,HLNE
2020-12-31,rut,HLNE
2021-03-31,rut,HLNE
2021-06-30,rut,HLNE
2021-09-30,rut,HLNE
2021-12-31,rut,HLNE
2022-03-31,rut,HLNE
2022-06-30,rut,HLNE
2022-09-30,rut,HLNE
2022-12-31,rut,HLNE
2023-03-31,rut,HLNE
2023-06-30,rut,HLNE
2023-09-30,rut,HLNE
2023-12-31,rut,HLNE
2024-03-31,rut,HLNE
2024-06-30,rut,HLNE
2024-09-30,rut,HLNE
2024-09-30,sp400,HLNE
2024-12-31,rut,HLNE
2024-12-31,sp400,HLNE
2025-03-31,rut,HLNE
2025-03-31,sp400,HLNE
2025-06-30,rut,HLNE
2025-06-30,sp400,HLNE
2025-09-30,sp400,HLNE
2025-12-31,sp400,HLNE
2026-03-31,sp400,HLNE
2026-06-30,sp400,HLNE
2026-09-30,sp400,HLNE
2019-12-31,rut,JBTM
2019-12-31,sp600,JBTM
2020-03-31,rut,JBTM
2020-03-31,sp600,JBTM
2020-06-30,rut,JBTM
2020-06-30,sp600,JBTM
2020-09-30,rut,JBTM
2020-09-30,sp600,JBTM
2020-12-31,rut,JBTM
2020-12-31,sp600,JBTM
2021-03-31,rut,JBTM
2021-03-31,sp600,JBTM
2021-06-30,rut,JBTM
2021-06-30,sp600,JBTM
2021-09-30,rut,JBTM
2021-09-30,sp600,JBTM
2021-12-31,rut,JBTM
2021-12-31,sp600,JBTM
2022-03-31,rut,JBTM
2022-03-31,sp600,JBTM
2022-06-30,rut,JBTM
2022-06-30,sp600,JBTM
2022-09-30,rut,JBTM
2022-09-30,sp600,JBTM
2022-12-31,rut,JBTM
2022-12-31,sp600,JBTM
2023-03-31,rut,JBTM
2023-03-31,sp600,JBTM
2023-06-30,rut,JBTM
2023-06-30,sp600,JBTM
2023-09-30,rut,JBTM
2023-09-30,sp600,JBTM
2023-12-31,rut,JBTM
2023-12-31,sp600,JBTM
2024-03-31,rut,JBTM
2024-03-31,sp600,JBTM
2024-06-30,rut,JBTM
2024-06-30,sp600,JBTM
2024-09-30,rut,JBTM
2024-09-30,sp600,JBTM
2024-12-31,rut,JBTM
2024-12-31,sp600,JBTM
2025-03-31,rut,JBTM
2025-03-31,sp600,JBTM
2025-06-30,rut,JBTM
2025-06-30,sp600,JBTM
2025-09-30,rut,JBTM
2025-09-30,sp600,JBTM
2025-12-31,rut,JBTM
2025-12-31,sp600,JBTM
2026-03-31,rut,JBTM
2026-03-31,sp600,JBTM
2026-06-30,rut,JBTM
2026-06-30,sp600,JBTM
2026-09-30,rut,JBTM
2026-09-30,sp600,JBTM
2019-12-31,sp400,LOPE
2020-03-31,sp400,LOPE
2020-06-30,sp400,LOPE
2020-09-30,sp400,LOPE
2020-12-31,sp400,LOPE
2021-03-31,sp400,LOPE
2021-06-30,sp400,LOPE
2021-09-30,sp400,LOPE
2021-12-31,sp400,LOPE
2022-03-31,sp400,LOPE
2022-06-30,sp400,LOPE
2022-09-30,sp400,LOPE
2022-12-31,sp400,LOPE
2023-03-31,sp400,LOPE
2023-06-30,sp400,LOPE
2023-09-30,sp400,LOPE
2023-12-31,sp400,LOPE
2024-03-31,sp400,LOPE
2024-06-30,sp400,LOPE
2024-09-30,sp400,LOPE
2024-12-31,sp400,LOPE
2025-03-31,sp400,LOPE
2025-06-30,sp400,LOPE
2025-09-30,sp400,LOPE
2025-12-31,sp400,LOPE
2026-03-31,sp400,LOPE
2026-06-30,sp400,LOPE
2026-09-30,sp400,LOPE
2019-12-31,sp400,TREE
2020-03-31,sp400,TREE
2020-06-30,sp400,TREE
2020-09-30,sp400,TREE
2020-12-31,sp400,TREE
2021-03-31,sp400,TREE
2021-06-30,rut,TREE
2021-06-30,sp400,TREE
2021-09-30,rut,TREE
2021-09-30,sp400,TREE
2021-12-31,rut,TREE
2021-12-31,sp600,TREE
2022-03-31,rut,TREE
2022-03-31,sp600,TREE
2022-06-30,rut,TREE
2022-06-30,sp600,TREE
2022-09-30,rut,TREE
2022-09-30,sp600,TREE
2022-12-31,rut,TREE
2022-12-31,sp600,TREE
2023-03-31,rut,TREE
2023-03-31,sp600,TREE
2023-06-30,rut,TREE
2023-09-30,rut,TREE
2023-12-31,rut,TREE
2024-03-31,rut,TREE
2024-06-30,rut,TREE
2024-09-30,rut,TREE
2024-12-31,rut,TREE
2025-03-31,rut,TREE
2025-06-30,rut,TREE
2025-09-30,rut,TREE
2025-12-31,rut,TREE
2026-03-31,rut,TREE
2026-06-30,rut,TREE
2026-09-30,rut,TREE
2019-12-31,rut,ARDX
2020-03-31,rut,ARDX
2020-06-30,rut,ARDX
2020-09-30,rut,ARDX
2020-12-31,rut,ARDX
2021-03-31,rut,ARDX
2021-06-30,rut,ARDX
2021-09-30,rut,ARDX
2021-12-31,rut,ARDX
2022-03-31,rut,ARDX
2023-06-30,rut,ARDX
2023-09-30,rut,ARDX
2023-12-31,rut,ARDX
2024-03-31,rut,ARDX
2024-06-30,rut,ARDX
2024-09-30,rut,ARDX
2024-12-31,rut,ARDX
2025-03-31,rut,ARDX
2025-06-30,rut,ARDX
2025-09-30,rut,ARDX
2025-12-31,rut,ARDX
2026-03-31,rut,ARDX
2026-06-30,rut,ARDX
2026-09-30,rut,ARDX
2026-06-30,sp600,BFAM
2026-09-30,sp600,BFAM
2019-12-31,rut,CCB
2020-03-31,rut,CCB
2020-06-30,rut,CCB
2020-09-30,rut,CCB
2020-12-31,rut,CCB
2021-03-31,rut,CCB
2021-06-30,rut,CCB
2021-09-30,rut,CCB
2021-12-31,rut,CCB
2022-03-31,rut,CCB
2022-06-30,rut,CCB
2022-09-30,rut,CCB
2022-12-31,rut,CCB
2023-03-31,rut,CCB
2023-06-30,rut,CCB
2023-09-30,rut,CCB
2023-12-31,rut,CCB
2024-03-31,rut,CCB
2024-06-30,rut,CCB
2024-09-30,rut,CCB
2024-12-31,rut,CCB
2025-03-31,rut,CCB
2025-06-30,rut,CCB
2025-09-30,rut,CCB
2025-12-31,rut,CCB
2026-03-31,rut,CCB
2026-06-30,rut,CCB
2026-09-30,rut,CCB
2019-12-31,rut,TNDM
2020-03-31,rut,TNDM
2021-09-30,sp400,TNDM
2021-12-31,sp400,TNDM
2022-03-31,sp400,TNDM
2022-06-30,sp400,TNDM
2022-09-30,sp400,TNDM
2022-12-31,sp400,TNDM
2023-03-31,sp600,TNDM
2023-06-30,sp600,TNDM
2023-09-30,sp600,TNDM
2023-12-31,sp600,TNDM
2024-03-31,sp600,TNDM
2024-06-30,sp600,TNDM
2024-09-30,rut,TNDM
2024-09-30,sp600,TNDM
2024-12-31,rut,TNDM
2024-12-31,sp600,TNDM
2025-03-31,rut,TNDM
2025-03-31,sp600,TNDM
2025-06-30,rut,TNDM
2025-06-30,sp600,TNDM
2025-09-30,rut,TNDM
2025-09-30,sp600,TNDM
2025-12-31,rut,TNDM
2025-12-31,sp600,TNDM
2026-03-31,rut,TNDM
2026-03-31,sp600,TNDM
2026-06-30,rut,TNDM
2026-06-30,sp600,TNDM
2026-09-30,rut,TNDM
2026-09-30,sp600,TNDM
2020-12-31,rut,TVTX
2021-03-31,rut,TVTX
2021-06-30,rut,TVTX
2021-09-30,rut,TVTX
2021-12-31,rut,TVTX
2022-03-31,rut,TVTX
2022-06-30,rut,TVTX
2022-09-30,rut,TVTX
2022-12-31,rut,TVTX
2023-03-31,rut,TVTX
2023-06-30,rut,TVTX
2023-09-30,rut,TVTX
2023-12-31,rut,TVTX
2024-03-31,rut,TVTX
2024-06-30,rut,TVTX
2024-09-30,rut,TVTX
2024-12-31,rut,TVTX
2025-03-31,rut,TVTX
2025-06-30,rut,TVTX
2025-09-30,rut,TVTX
2025-12-31,rut,TVTX
2026-03-31,rut,TVTX
2026-06-30,rut,TVTX
2026-09-30,rut,TVTX
2021-06-30,rut,AGIO
2021-09-30,rut,AGIO
2021-12-31,rut,AGIO
2022-03-31,rut,AGIO
2022-06-30,rut,AGIO
2022-09-30,rut,AGIO
2022-12-31,rut,AGIO
2023-03-31,rut,AGIO
2023-06-30,rut,AGIO
2023-09-30,rut,AGIO
2023-12-31,rut,AGIO
2024-03-31,rut,AGIO
2024-06-30,rut,AGIO
2024-09-30,rut,AGIO
2024-12-31,rut,AGIO
2025-03-31,rut,AGIO
2025-06-30,rut,AGIO
2025-09-30,rut,AGIO
2025-12-31,rut,AGIO
2026-03-31,rut,AGIO
2026-06-30,rut,AGIO
2026-09-30,rut,AGIO
2021-12-31,rut,ZWS
2022-03-31,rut,ZWS
2022-06-30,rut,ZWS
2022-09-30,rut,ZWS
2022-12-31,rut,ZWS
2023-03-31,rut,ZWS
2023-06-30,rut,ZWS
2023-09-30,rut,ZWS
2023-12-31,rut,ZWS
2024-03-31,rut,ZWS
2024-06-30,rut,ZWS
2024-09-30,rut,ZWS
2024-09-30,sp600,ZWS
2024-12-31,rut,ZWS
2024-12-31,sp600,ZWS
2025-03-31,rut,ZWS
2025-03-31,sp600,ZWS
2025-06-30,rut,ZWS
2025-06-30,sp600,ZWS
2025-09-30,rut,ZWS
2025-09-30,sp600,ZWS
2025-12-31,rut,ZWS
2025-12-31,sp600,ZWS
2026-03-31,rut,ZWS
2026-03-31,sp600,ZWS
2026-06-30,rut,ZWS
2026-06-30,sp600,ZWS
2026-09-30,rut,ZWS
2026-09-30,sp600,ZWS
2019-12-31,rut,CLW
2019-12-31,sp600,CLW
2020-03-31,rut,CLW
2020-03-31,sp600,CLW
2020-06-30,rut,CLW
2020-06-30,sp600,CLW
2020-09-30,rut,CLW
2020-09-30,sp600,CLW
2020-12-31,rut,CLW
2020-12-31,sp600,CLW
2021-03-31,rut,CLW
2021-03-31,sp600,CLW
2021-06-30,rut,CLW
2021-06-30,sp600,CLW
2021-09-30,rut,CLW
2021-09-30,sp600,CLW
2021-12-31,rut,CLW
2021-12-31,sp600,CLW
2022-03-31,rut,CLW
2022-03-31,sp600,CLW
2022-06-30,rut,CLW
2022-06-30,sp600,CLW
2022-09-30,rut,CLW
2022-09-30,sp600,CLW
2022-12-31,rut,CLW
2022-12-31,sp600,CLW
2023-03-31,rut,CLW
2023-03-31,sp600,CLW
2023-06-30,rut,CLW
2023-06-30,sp600,CLW
2023-09-30,rut,CLW
2023-09-30,sp600,CLW
2023-12-31,rut,CLW
2023-12-31,sp600,CLW
2024-03-31,rut,CLW
2024-03-31,sp600,CLW
2024-06-30,rut,CLW
2024-06-30,sp600,CLW
2024-09-30,rut,CLW
2024-09-30,sp600,CLW
2024-12-31,rut,CLW
2025-03-31,rut,CLW
2025-06-30,rut,CLW
2025-09-30,rut,CLW
2025-12-31,rut,CLW
2026-03-31,rut,CLW
2026-06-30,rut,CLW
2026-09-30,rut,CLW
2025-12-31,sp400,BAH
2026-03-31,sp400,BAH
2026-06-30,sp400,BAH
2026-09-30,sp400,BAH
2019-12-31,rut,PRLB
2019-12-31,sp600,PRLB
2020-03-31,rut,PRLB
2020-03-31,sp600,PRLB
2020-06-30,rut,PRLB
2020-06-30,sp600,PRLB
2020-09-30,rut,PRLB
2020-09-30,sp600,PRLB
2020-12-31,rut,PRLB
2020-12-31,sp600,PRLB
2021-03-31,rut,PRLB
2021-03-31,sp600,PRLB
2021-06-30,rut,PRLB
2021-06-30,sp600,PRLB
2021-09-30,rut,PRLB
2021-09-30,sp600,PRLB
2021-12-31,rut,PRLB
2021-12-31,sp600,PRLB
2022-03-31,rut,PRLB
2022-03-31,sp600,PRLB
2022-06-30,rut,PRLB
2022-06-30,sp600,PRLB
2022-09-30,rut,PRLB
2022-09-30,sp600,PRLB
2022-12-31,rut,PRLB
2022-12-31,sp600,PRLB
2023-03-31,rut,PRLB
2023-03-31,sp600,PRLB
2023-06-30,rut,PRLB
2023-06-30,sp600,PRLB
2023-09-30,rut,PRLB
2023-09-30,sp600,PRLB
2023-12-31,rut,PRLB
2023-12-31,sp600,PRLB
2024-03-31,rut,PRLB
2024-03-31,sp600,PRLB
2024-06-30,rut,PRLB
2024-06-30,sp600,PRLB
2024-09-30,rut,PRLB
2024-09-30,sp600,PRLB
2024-12-31,rut,PRLB
2024-12-31,sp600,PRLB
2025-03-31,rut,PRLB
2025-03-31,sp600,PRLB
2025-06-30,rut,PRLB
2025-06-30,sp600,PRLB
2025-09-30,rut,PRLB
2025-09-30,sp600,PRLB
2025-12-31,rut,PRLB
2025-12-31,sp600,PRLB
2026-03-31,rut,PRLB
2026-03-31,sp600,PRLB
2026-06-30,rut,PRLB
2026-06-30,sp600,PRLB
2026-09-30,rut,PRLB
2026-09-30,sp600,PRLB
2019-12-31,rut,WK
2020-03-31,rut,WK
2020-06-30,rut,WK
2020-09-30,rut,WK
2020-12-31,rut,WK
2021-03-31,rut,WK
2021-06-30,rut,WK
2021-09-30,rut,WK
2021-12-31,rut,WK
2022-03-31,rut,WK
2022-06-30,rut,WK
2022-09-30,rut,WK
2022-12-31,rut,WK
2023-03-31,rut,WK
2023-06-30,rut,WK
2023-09-30,rut,WK
2023-12-31,rut,WK
2024-03-31,rut,WK
2024-06-30,rut,WK
2024-09-30,rut,WK
2024-12-31,rut,WK
2025-03-31,rut,WK
2025-06-30,rut,WK
2025-09-30,rut,WK
2025-12-31,rut,WK
2026-03-31,rut,WK
2026-06-30,rut,WK
2026-09-30,rut,WK
2025-09-30,sp400,TWLO
2025-12-31,sp400,TWLO
2026-03-31,sp400,TWLO
2026-06-30,sp400,TWLO
2026-09-30,sp400,TWLO
2021-03-31,rut,ESNT
2026-09-30,rut,ESNT
2026-09-30,sp400,ESNT
2026-09-30,rut,RIG
2020-03-31,rut,SITM
2020-06-30,rut,SITM
2020-09-30,rut,SITM
2020-12-31,rut,SITM
2021-03-31,rut,SITM
2021-06-30,rut,SITM
2021-09-30,rut,SITM
2021-12-31,rut,SITM
2021-12-31,sp400,SITM
2022-03-31,rut,SITM
2022-03-31,sp400,SITM
2022-06-30,rut,SITM
2022-06-30,sp400,SITM
2022-09-30,rut,SITM
2022-09-30,sp400,SITM
2022-12-31,rut,SITM
2022-12-31,sp400,SITM
2023-03-31,rut,SITM
2023-03-31,sp400,SITM
2023-06-30,rut,SITM
2023-06-30,sp600,SITM
2023-09-30,rut,SITM
2023-09-30,sp600,SITM
2023-12-31,rut,SITM
2023-12-31,sp600,SITM
2024-03-31,rut,SITM
2024-03-31,sp600,SITM
2024-06-30,rut,SITM
2024-06-30,sp600,SITM
2024-09-30,rut,SITM
2024-09-30,sp600,SITM
2024-12-31,rut,SITM
2024-12-31,sp600,SITM
2025-03-31,rut,SITM
2025-03-31,sp600,SITM
2025-06-30,rut,SITM
2025-06-30,sp600,SITM
2025-09-30,rut,SITM
2025-09-30,sp600,SITM
2025-12-31,rut,SITM
2025-12-31,sp600,SITM
2026-03-31,rut,SITM
2026-03-31,sp400,SITM
2026-06-30,sp400,SITM
2026-09-30,sp400,SITM
2021-09-30,rut,TEAD
2021-12-31,rut,TEAD
2022-03-31,rut,TEAD
2022-06-30,rut,TEAD
2022-09-30,rut,TEAD
2022-12-31,rut,TEAD
2023-03-31,rut,TEAD
2023-06-30,rut,TEAD
2023-09-30,rut,TEAD
2023-12-31,rut,TEAD
2024-03-31,rut,TEAD
2024-06-30,rut,TEAD
2024-09-30,rut,TEAD
2024-12-31,rut,TEAD
2025-03-31,rut,TEAD
2025-06-30,rut,TEAD
2025-09-30,rut,TEAD
2025-12-31,rut,TEAD
2026-03-31,rut,TEAD
2026-06-30,rut,TEAD
2019-12-31,rut,ALRM
2019-12-31,sp600,ALRM
2020-03-31,rut,ALRM
2020-03-31,sp600,ALRM
2020-06-30,rut,ALRM
2020-06-30,sp600,ALRM
2020-09-30,rut,ALRM
2020-09-30,sp600,ALRM
2020-12-31,rut,ALRM
2020-12-31,sp600,ALRM
2021-03-31,rut,ALRM
2021-03-31,sp600,ALRM
2021-06-30,rut,ALRM
2021-06-30,sp600,ALRM
2021-09-30,rut,ALRM
2021-09-30,sp600,ALRM
2021-12-31,rut,ALRM
2021-12-31,sp600,ALRM
2022-03-31,rut,ALRM
2022-03-31,sp600,ALRM
2022-06-30,rut,ALRM
2022-06-30,sp600,ALRM
2022-09-30,rut,ALRM
2022-09-30,sp600,ALRM
2022-12-31,rut,ALRM
2022-12-31,sp600,ALRM
2023-03-31,rut,ALRM
2023-03-31,sp600,ALRM
2023-06-30,rut,ALRM
2023-06-30,sp600,ALRM
2023-09-30,rut,ALRM
2023-09-30,sp600,ALRM
2023-12-31,rut,ALRM
2023-12-31,sp600,ALRM
2024-03-31,rut,ALRM
2024-03-31,sp600,ALRM
2024-06-30,rut,ALRM
2024-06-30,sp600,ALRM
2024-09-30,rut,ALRM
2024-09-30,sp600,ALRM
2024-12-31,rut,ALRM
2024-12-31,sp600,ALRM
2025-03-31,rut,ALRM
2025-03-31,sp600,ALRM
2025-06-30,rut,ALRM
2025-06-30,sp600,ALRM
2025-09-30,rut,ALRM
2025-09-30,sp600,ALRM
2025-12-31,rut,ALRM
2025-12-31,sp600,ALRM
2026-03-31,rut,ALRM
2026-03-31,sp600,ALRM
2026-06-30,rut,ALRM
2026-06-30,sp600,ALRM
2026-09-30,rut,ALRM
2026-09-30,sp600,ALRM
2019-12-31,rut,SIBN
2020-03-31,rut,SIBN
2020-06-30,rut,SIBN
2020-09-30,rut,SIBN
2020-12-31,rut,SIBN
2021-03-31,rut,SIBN
2021-06-30,rut,SIBN
2021-09-30,rut,SIBN
2021-12-31,rut,SIBN
2022-03-31,rut,SIBN
2022-06-30,rut,SIBN
2022-09-30,rut,SIBN
2022-12-31,rut,SIBN
2023-03-31,rut,SIBN
2023-06-30,rut,SIBN
2023-09-30,rut,SIBN
2023-12-31,rut,SIBN
2024-03-31,rut,SIBN
2024-06-30,rut,SIBN
2024-09-30,rut,SIBN
2024-12-31,rut,SIBN
2025-03-31,rut,SIBN
2025-06-30,rut,SIBN
2025-09-30,rut,SIBN
2025-12-31,rut,SIBN
2026-03-31,rut,SIBN
2026-06-30,rut,SIBN
2026-09-30,rut,SIBN
2019-12-31,rut,LOB
2020-03-31,rut,LOB
2020-06-30,rut,LOB
2020-09-30,rut,LOB
2020-12-31,rut,LOB
2021-03-31,rut,LOB
2021-06-30,rut,LOB
2021-09-30,rut,LOB
2021-12-31,rut,LOB
2022-03-31,rut,LOB
2022-06-30,rut,LOB
2022-09-30,rut,LOB
2022-12-31,rut,LOB
2023-03-31,rut,LOB
2023-06-30,rut,LOB
2023-09-30,rut,LOB
2023-12-31,rut,LOB
2024-03-31,rut,LOB
2024-06-30,rut,LOB
2024-09-30,rut,LOB
2024-12-31,rut,LOB
2025-03-31,rut,LOB
2025-06-30,rut,LOB
2025-09-30,rut,LOB
2025-12-31,rut,LOB
2026-03-31,rut,LOB
2026-06-30,rut,LOB
2026-09-30,rut,LOB
2020-06-30,rut,ATLC
2020-09-30,rut,ATLC
2020-12-31,rut,ATLC
2021-03-31,rut,ATLC
2021-06-30,rut,ATLC
2021-09-30,rut,ATLC
2021-12-31,rut,ATLC
2022-03-31,rut,ATLC
2022-06-30,rut,ATLC
2022-09-30,rut,ATLC
2022-12-31,rut,ATLC
2023-03-31,rut,ATLC
2023-06-30,rut,ATLC
2023-09-30,rut,ATLC
2023-12-31,rut,ATLC
2024-03-31,rut,ATLC
2024-06-30,rut,ATLC
2024-09-30,rut,ATLC
2024-12-31,rut,ATLC
2025-03-31,rut,ATLC
2025-06-30,rut,ATLC
2025-09-30,rut,ATLC
2025-12-31,rut,ATLC
2026-03-31,rut,ATLC
2026-06-30,rut,ATLC
2026-09-30,rut,ATLC
2019-12-31,rut,PMT
2019-12-31,sp600,PMT
2020-03-31,rut,PMT
2020-03-31,sp600,PMT
2020-06-30,rut,PMT
2020-06-30,sp600,PMT
2020-09-30,rut,PMT
2020-09-30,sp600,PMT
2020-12-31,rut,PMT
2020-12-31,sp600,PMT
2021-03-31,rut,PMT
2021-03-31,sp600,PMT
2021-06-30,rut,PMT
2021-06-30,sp600,PMT
2021-09-30,rut,PMT
2021-09-30,sp600,PMT
2021-12-31,rut,PMT
2021-12-31,sp600,PMT
2022-03-31,rut,PMT
2022-03-31,sp600,PMT
2022-06-30,rut,PMT
2022-06-30,sp600,PMT
2022-09-30,rut,PMT
2022-09-30,sp600,PMT
2022-12-31,rut,PMT
2022-12-31,sp600,PMT
2023-03-31,rut,PMT
2023-03-31,sp600,PMT
2023-06-30,rut,PMT
2023-06-30,sp600,PMT
2023-09-30,rut,PMT
2023-09-30,sp600,PMT
2023-12-31,rut,PMT
2023-12-31,sp600,PMT
2024-03-31,rut,PMT
2024-03-31,sp600,PMT
2024-06-30,rut,PMT
2024-06-30,sp600,PMT
2024-09-30,rut,PMT
2024-09-30,sp600,PMT
2024-12-31,rut,PMT
2024-12-31,sp600,PMT
2025-03-31,rut,PMT
2025-03-31,sp600,PMT
2025-06-30,rut,PMT
2025-06-30,sp600,PMT
2025-09-30,rut,PMT
2025-09-30,sp600,PMT
2025-12-31,rut,PMT
2025-12-31,sp600,PMT
2026-03-31,rut,PMT
2026-03-31,sp600,PMT
2026-06-30,rut,PMT
2026-06-30,sp600,PMT
2026-09-30,rut,PMT
2026-09-30,sp600,PMT
2023-03-31,sp400,STWD
2023-06-30,sp400,STWD
2023-09-30,sp400,STWD
2023-12-31,sp400,STWD
2024-03-31,sp400,STWD
2024-06-30,sp400,STWD
2024-09-30,sp400,STWD
2024-12-31,sp400,STWD
2025-03-31,sp400,STWD
2025-06-30,sp400,STWD
2025-09-30,sp400,STWD
2025-12-31,sp400,STWD
2026-03-31,sp400,STWD
2026-06-30,sp400,STWD
2026-09-30,sp400,STWD
2019-12-31,rut,MSBI
2020-03-31,rut,MSBI
2020-06-30,rut,MSBI
2020-09-30,rut,MSBI
2020-12-31,rut,MSBI
2021-03-31,rut,MSBI
2021-06-30,rut,MSBI
2021-09-30,rut,MSBI
2021-12-31,rut,MSBI
2022-03-31,rut,MSBI
2022-06-30,rut,MSBI
2022-09-30,rut,MSBI
2022-12-31,rut,MSBI
2023-03-31,rut,MSBI
2023-06-30,rut,MSBI
2023-09-30,rut,MSBI
2023-12-31,rut,MSBI
2024-03-31,rut,MSBI
2024-06-30,rut,MSBI
2024-09-30,rut,MSBI
2024-12-31,rut,MSBI
2025-03-31,rut,MSBI
2025-06-30,rut,MSBI
2025-09-30,rut,MSBI
2025-12-31,rut,MSBI
2026-03-31,rut,MSBI
2026-06-30,rut,MSBI
2026-09-30,rut,MSBI
2019-12-31,rut,IRT
2019-12-31,sp600,IRT
2020-03-31,rut,IRT
2020-03-31,sp600,IRT
2020-06-30,rut,IRT
2020-06-30,sp600,IRT
2020-09-30,rut,IRT
2020-09-30,sp600,IRT
2020-12-31,rut,IRT
2020-12-31,sp600,IRT
2021-03-31,rut,IRT
2021-03-31,sp600,IRT
2021-06-30,rut,IRT
2021-06-30,sp600,IRT
2021-09-30,rut,IRT
2021-09-30,sp600,IRT
2021-12-31,rut,IRT
2021-12-31,sp600,IRT
2022-03-31,rut,IRT
2022-03-31,sp600,IRT
2022-06-30,rut,IRT
2022-06-30,sp400,IRT
2022-09-30,rut,IRT
2022-09-30,sp400,IRT
2022-12-31,rut,IRT
2022-12-31,sp400,IRT
2023-03-31,rut,IRT
2023-03-31,sp400,IRT
2023-06-30,rut,IRT
2023-06-30,sp400,IRT
2023-09-30,rut,IRT
2023-09-30,sp400,IRT
2023-12-31,rut,IRT
2023-12-31,sp400,IRT
2024-03-31,rut,IRT
2024-03-31,sp400,IRT
2024-06-30,rut,IRT
2024-06-30,sp400,IRT
2024-09-30,rut,IRT
2024-09-30,sp400,IRT
2024-12-31,rut,IRT
2024-12-31,sp400,IRT
2025-03-31,rut,IRT
2025-03-31,sp400,IRT
2025-06-30,rut,IRT
2025-06-30,sp400,IRT
2025-09-30,rut,IRT
2025-09-30,sp400,IRT
2025-12-31,rut,IRT
2025-12-31,sp400,IRT
2026-03-31,rut,IRT
2026-03-31,sp400,IRT
2026-06-30,rut,IRT
2026-06-30,sp400,IRT
2026-09-30,rut,IRT
2026-09-30,sp400,IRT
2019-12-31,rut,OTTR
2020-03-31,rut,OTTR
2020-06-30,rut,OTTR
2020-09-30,rut,OTTR
2020-12-31,rut,OTTR
2021-03-31,rut,OTTR
2021-06-30,rut,OTTR
2021-09-30,rut,OTTR
2021-12-31,rut,OTTR
2022-03-31,rut,OTTR
2022-06-30,rut,OTTR
2022-09-30,rut,OTTR
2022-12-31,rut,OTTR
2023-03-31,rut,OTTR
2023-03-31,sp600,OTTR
2023-06-30,rut,OTTR
2023-06-30,sp600,OTTR
2023-09-30,rut,OTTR
2023-09-30,sp600,OTTR
2023-12-31,rut,OTTR
2023-12-31,sp600,OTTR
2024-03-31,rut,OTTR
2024-03-31,sp600,OTTR
2024-06-30,rut,OTTR
2024-06-30,sp600,OTTR
2024-09-30,rut,OTTR
2024-09-30,sp600,OTTR
2024-12-31,rut,OTTR
2024-12-31,sp600,OTTR
2025-03-31,rut,OTTR
2025-03-31,sp600,OTTR
2025-06-30,rut,OTTR
2025-06-30,sp600,OTTR
2025-09-30,rut,OTTR
2025-09-30,sp600,OTTR
2025-12-31,rut,OTTR
2025-12-31,sp600,OTTR
2026-03-31,rut,OTTR
2026-03-31,sp600,OTTR
2026-06-30,rut,OTTR
2026-06-30,sp600,OTTR
2026-09-30,rut,OTTR
2026-09-30,sp600,OTTR
2023-06-30,sp400,DBX
2023-09-30,sp400,DBX
2023-12-31,sp400,DBX
2024-03-31,sp400,DBX
2024-06-30,sp400,DBX
2024-09-30,sp400,DBX
2024-12-31,sp400,DBX
2025-03-31,sp400,DBX
2025-06-30,sp400,DBX
2025-09-30,sp400,DBX
2025-12-31,sp400,DBX
2026-03-31,sp400,DBX
2026-06-30,sp400,DBX
2026-09-30,sp400,DBX
2019-12-31,rut,ARI
2019-12-31,sp600,ARI
2020-03-31,rut,ARI
2020-03-31,sp600,ARI
2020-06-30,rut,ARI
2020-06-30,sp600,ARI
2020-09-30,rut,ARI
2020-09-30,sp600,ARI
2020-12-31,rut,ARI
2020-12-31,sp600,ARI
2021-03-31,rut,ARI
2021-03-31,sp600,ARI
2021-06-30,rut,ARI
2021-06-30,sp600,ARI
2021-09-30,rut,ARI
2021-09-30,sp600,ARI
2021-12-31,rut,ARI
2021-12-31,sp600,ARI
2022-03-31,rut,ARI
2022-03-31,sp600,ARI
2022-06-30,rut,ARI
2022-06-30,sp600,ARI
2022-09-30,rut,ARI
2022-09-30,sp600,ARI
2022-12-31,rut,ARI
2022-12-31,sp600,ARI
2023-03-31,rut,ARI
2023-03-31,sp600,ARI
2023-06-30,rut,ARI
2023-06-30,sp600,ARI
2023-09-30,rut,ARI
2023-09-30,sp600,ARI
2023-12-31,rut,ARI
2023-12-31,sp600,ARI
2024-03-31,rut,ARI
2024-03-31,sp600,ARI
2024-06-30,rut,ARI
2024-06-30,sp600,ARI
2024-09-30,rut,ARI
2024-09-30,sp600,ARI
2024-12-31,rut,ARI
2024-12-31,sp600,ARI
2025-03-31,rut,ARI
2025-03-31,sp600,ARI
2025-06-30,rut,ARI
2025-06-30,sp600,ARI
2025-09-30,rut,ARI
2025-09-30,sp600,ARI
2025-12-31,rut,ARI
2025-12-31,sp600,ARI
2026-03-31,rut,ARI
2026-03-31,sp600,ARI
2026-06-30,rut,ARI
2023-12-31,sp400,H
2024-03-31,sp400,H
2024-06-30,sp400,H
2024-09-30,sp400,H
2024-12-31,sp400,H
2025-03-31,sp400,H
2025-06-30,sp400,H
2025-09-30,sp400,H
2025-12-31,sp400,H
2026-03-31,sp400,H
2026-06-30,sp400,H
2026-09-30,sp400,H
2019-12-31,rut,ADUS
2019-12-31,sp600,ADUS
2020-03-31,rut,ADUS
2020-03-31,sp600,ADUS
2020-06-30,rut,ADUS
2020-06-30,sp600,ADUS
2020-09-30,rut,ADUS
2020-09-30,sp600,ADUS
2020-12-31,rut,ADUS
2020-12-31,sp600,ADUS
2021-03-31,rut,ADUS
2021-03-31,sp600,ADUS
2021-06-30,rut,ADUS
2021-06-30,sp600,ADUS
2021-09-30,rut,ADUS
2021-09-30,sp600,ADUS
2021-12-31,rut,ADUS
2021-12-31,sp600,ADUS
2022-03-31,rut,ADUS
2022-03-31,sp600,ADUS
2022-06-30,rut,ADUS
2022-06-30,sp600,ADUS
2022-09-30,rut,ADUS
2022-09-30,sp600,ADUS
2022-12-31,rut,ADUS
2022-12-31,sp600,ADUS
2023-03-31,rut,ADUS
2023-03-31,sp600,ADUS
2023-06-30,rut,ADUS
2023-06-30,sp600,ADUS
2023-09-30,rut,ADUS
2023-09-30,sp600,ADUS
2023-12-31,rut,ADUS
2023-12-31,sp600,ADUS
2024-03-31,rut,ADUS
2024-03-31,sp600,ADUS
2024-06-30,rut,ADUS
2024-06-30,sp600,ADUS
2024-09-30,rut,ADUS
2024-09-30,sp600,ADUS
2024-12-31,rut,ADUS
2024-12-31,sp600,ADUS
2025-03-31,rut,ADUS
2025-03-31,sp600,ADUS
2025-06-30,rut,ADUS
2025-06-30,sp600,ADUS
2025-09-30,rut,ADUS
2025-09-30,sp600,ADUS
2025-12-31,rut,ADUS
2025-12-31,sp600,ADUS
2026-03-31,rut,ADUS
2026-03-31,sp600,ADUS
2026-06-30,rut,ADUS
2026-06-30,sp600,ADUS
2026-09-30,rut,ADUS
2026-09-30,sp600,ADUS
2019-12-31,rut,RUN
2020-03-31,rut,RUN
2020-03-31,sp600,RUN
2020-06-30,rut,RUN
2020-06-30,sp600,RUN
2020-09-30,rut,RUN
2020-09-30,sp400,RUN
2020-12-31,rut,RUN
2020-12-31,sp400,RUN
2021-03-31,rut,RUN
2021-03-31,sp400,RUN
2021-06-30,sp400,RUN
2021-09-30,sp400,RUN
2021-12-31,sp400,RUN
2022-03-31,sp400,RUN
2022-06-30,sp400,RUN
2022-09-30,sp400,RUN
2022-12-31,sp400,RUN
2023-03-31,sp400,RUN
2023-06-30,sp400,RUN
2023-09-30,sp400,RUN
2023-12-31,sp400,RUN
2024-03-31,sp400,RUN
2024-06-30,sp600,RUN
2024-09-30,rut,RUN
2024-09-30,sp600,RUN
2024-12-31,rut,RUN
2024-12-31,sp600,RUN
2025-03-31,rut,RUN
2025-03-31,sp600,RUN
2025-06-30,rut,RUN
2025-06-30,sp600,RUN
2025-09-30,rut,RUN
2025-09-30,sp600,RUN
2025-12-31,rut,RUN
2025-12-31,sp600,RUN
2026-03-31,rut,RUN
2026-03-31,sp600,RUN
2026-06-30,rut,RUN
2026-06-30,sp600,RUN
2026-09-30,rut,RUN
2026-09-30,sp600,RUN
2019-12-31,rut,NWBI
2019-12-31,sp600,NWBI
2020-03-31,rut,NWBI
2020-03-31,sp600,NWBI
2020-06-30,rut,NWBI
2020-06-30,sp600,NWBI
2020-09-30,rut,NWBI
2020-09-30,sp600,NWBI
2020-12-31,rut,NWBI
2020-12-31,sp600,NWBI
2021-03-31,rut,NWBI
2021-03-31,sp600,NWBI
2021-06-30,rut,NWBI
2021-06-30,sp600,NWBI
2021-09-30,rut,NWBI
2021-09-30,sp600,NWBI
2021-12-31,rut,NWBI
2021-12-31,sp600,NWBI
2022-03-31,rut,NWBI
2022-03-31,sp600,NWBI
2022-06-30,rut,NWBI
2022-06-30,sp600,NWBI
2022-09-30,rut,NWBI
2022-09-30,sp600,NWBI
2022-12-31,rut,NWBI
2022-12-31,sp600,NWBI
2023-03-31,rut,NWBI
2023-03-31,sp600,NWBI
2023-06-30,rut,NWBI
2023-06-30,sp600,NWBI
2023-09-30,rut,NWBI
2023-09-30,sp600,NWBI
2023-12-31,rut,NWBI
2023-12-31,sp600,NWBI
2024-03-31,rut,NWBI
2024-03-31,sp600,NWBI
2024-06-30,rut,NWBI
2024-06-30,sp600,NWBI
2024-09-30,rut,NWBI
2024-09-30,sp600,NWBI
2024-12-31,rut,NWBI
2024-12-31,sp600,NWBI
2025-03-31,rut,NWBI
2025-03-31,sp600,NWBI
2025-06-30,rut,NWBI
2025-06-30,sp600,NWBI
2025-09-30,rut,NWBI
2025-09-30,sp600,NWBI
2025-12-31,rut,NWBI
2025-12-31,sp600,NWBI
2026-03-31,rut,NWBI
2026-03-31,sp600,NWBI
2026-06-30,rut,NWBI
2026-06-30,sp600,NWBI
2026-09-30,rut,NWBI
2026-09-30,sp600,NWBI
2019-12-31,sp400,FAF
2020-03-31,sp400,FAF
2020-06-30,sp400,FAF
2020-09-30,sp400,FAF
2020-12-31,sp400,FAF
2021-03-31,sp400,FAF
2021-06-30,sp400,FAF
2021-09-30,sp400,FAF
2021-12-31,sp400,FAF
2022-03-31,sp400,FAF
2022-06-30,sp400,FAF
2022-09-30,sp400,FAF
2022-12-31,sp400,FAF
2023-03-31,sp400,FAF
2023-06-30,sp400,FAF
2023-09-30,sp400,FAF
2023-12-31,sp400,FAF
2024-03-31,sp400,FAF
2024-06-30,sp400,FAF
2024-09-30,sp400,FAF
2024-12-31,sp400,FAF
2025-03-31,sp400,FAF
2025-06-30,sp400,FAF
2025-09-30,sp400,FAF
2025-12-31,sp400,FAF
2026-03-31,sp400,FAF
2026-06-30,sp400,FAF
2026-09-30,sp400,FAF
2019-12-31,rut,PEB
2019-12-31,sp400,PEB
2020-03-31,rut,PEB
2020-03-31,sp400,PEB
2020-06-30,rut,PEB
2020-06-30,sp400,PEB
2020-09-30,rut,PEB
2020-09-30,sp400,PEB
2020-12-31,rut,PEB
2020-12-31,sp400,PEB
2021-03-31,rut,PEB
2021-03-31,sp400,PEB
2021-06-30,rut,PEB
2021-06-30,sp400,PEB
2021-09-30,rut,PEB
2021-09-30,sp400,PEB
2021-12-31,rut,PEB
2021-12-31,sp400,PEB
2022-03-31,rut,PEB
2022-03-31,sp400,PEB
2022-06-30,rut,PEB
2022-06-30,sp400,PEB
2022-09-30,rut,PEB
2022-09-30,sp400,PEB
2022-12-31,rut,PEB
2022-12-31,sp400,PEB
2023-03-31,rut,PEB
2023-03-31,sp600,PEB
2023-06-30,rut,PEB
2023-06-30,sp600,PEB
2023-09-30,rut,PEB
2023-09-30,sp600,PEB
2023-12-31,rut,PEB
2023-12-31,sp600,PEB
2024-03-31,rut,PEB
2024-03-31,sp600,PEB
2024-06-30,rut,PEB
2024-06-30,sp600,PEB
2024-09-30,rut,PEB
2024-09-30,sp600,PEB
2024-12-31,rut,PEB
2024-12-31,sp600,PEB
2025-03-31,rut,PEB
2025-03-31,sp600,PEB
2025-06-30,rut,PEB
2025-06-30,sp600,PEB
2025-09-30,rut,PEB
2025-09-30,sp600,PEB
2025-12-31,rut,PEB
2025-12-31,sp600,PEB
2026-03-31,rut,PEB
2026-03-31,sp600,PEB
2026-06-30,rut,PEB
2026-06-30,sp600,PEB
2026-09-30,rut,PEB
2026-09-30,sp600,PEB
2024-03-31,sp400,P
2024-06-30,sp400,P
2024-09-30,sp400,P
2024-12-31,sp400,P
2025-03-31,sp400,P
2025-06-30,sp400,P
2025-09-30,sp400,P
2025-12-31,sp400,P
2026-03-31,sp400,P
2026-06-30,sp400,P
2019-12-31,rut,NBHC
2019-12-31,sp600,NBHC
2020-03-31,rut,NBHC
2020-03-31,sp600,NBHC
2020-06-30,rut,NBHC
2020-06-30,sp600,NBHC
2020-09-30,rut,NBHC
2020-09-30,sp600,NBHC
2020-12-31,rut,NBHC
2020-12-31,sp600,NBHC
2021-03-31,rut,NBHC
2021-03-31,sp600,NBHC
2021-06-30,rut,NBHC
2021-06-30,sp600,NBHC
2021-09-30,rut,NBHC
2021-09-30,sp600,NBHC
2021-12-31,rut,NBHC
2021-12-31,sp600,NBHC
2022-03-31,rut,NBHC
2022-03-31,sp600,NBHC
2022-06-30,rut,NBHC
2022-06-30,sp600,NBHC
2022-09-30,rut,NBHC
2022-09-30,sp600,NBHC
2022-12-31,rut,NBHC
2022-12-31,sp600,NBHC
2023-03-31,rut,NBHC
2023-03-31,sp600,NBHC
2023-06-30,rut,NBHC
2023-06-30,sp600,NBHC
2023-09-30,rut,NBHC
2023-09-30,sp600,NBHC
2023-12-31,rut,NBHC
2023-12-31,sp600,NBHC
2024-03-31,rut,NBHC
2024-03-31,sp600,NBHC
2024-06-30,rut,NBHC
2024-06-30,sp600,NBHC
2024-09-30,rut,NBHC
2024-09-30,sp600,NBHC
2024-12-31,rut,NBHC
2024-12-31,sp600,NBHC
2025-03-31,rut,NBHC
2025-03-31,sp600,NBHC
2025-06-30,rut,NBHC
2025-06-30,sp600,NBHC
2025-09-30,rut,NBHC
2025-09-30,sp600,NBHC
2025-12-31,rut,NBHC
2025-12-31,sp600,NBHC
2026-03-31,rut,NBHC
2026-03-31,sp600,NBHC
2026-06-30,rut,NBHC
2026-06-30,sp600,NBHC
2026-09-30,rut,NBHC
2026-09-30,sp600,NBHC
2019-12-31,sp400,PRI
2020-03-31,sp400,PRI
2020-06-30,sp400,PRI
2020-09-30,sp400,PRI
2020-12-31,sp400,PRI
2021-03-31,sp400,PRI
2021-06-30,sp400,PRI
2021-09-30,sp400,PRI
2021-12-31,sp400,PRI
2022-03-31,sp400,PRI
2022-06-30,sp400,PRI
2022-09-30,sp400,PRI
2022-12-31,sp400,PRI
2023-03-31,sp400,PRI
2023-06-30,sp400,PRI
2023-09-30,sp400,PRI
2023-12-31,sp400,PRI
2024-03-31,sp400,PRI
2024-06-30,sp400,PRI
2024-09-30,sp400,PRI
2024-12-31,sp400,PRI
2025-03-31,sp400,PRI
2025-06-30,sp400,PRI
2025-09-30,sp400,PRI
2025-12-31,sp400,PRI
2026-03-31,sp400,PRI
2026-06-30,sp400,PRI
2026-09-30,sp400,PRI
2019-12-31,rut,MCB
2020-03-31,rut,MCB
2020-06-30,rut,MCB
2020-09-30,rut,MCB
2020-12-31,rut,MCB
2021-03-31,rut,MCB
2021-06-30,rut,MCB
2021-09-30,rut,MCB
2021-12-31,rut,MCB
2022-03-31,rut,MCB
2022-06-30,rut,MCB
2022-09-30,rut,MCB
2022-12-31,rut,MCB
2023-03-31,rut,MCB
2023-06-30,rut,MCB
2023-09-30,rut,MCB
2023-12-31,rut,MCB
2024-03-31,rut,MCB
2024-06-30,rut,MCB
2024-09-30,rut,MCB
2024-12-31,rut,MCB
2025-03-31,rut,MCB
2025-06-30,rut,MCB
2025-09-30,rut,MCB
2025-12-31,rut,MCB
2026-03-31,rut,MCB
2026-06-30,rut,MCB
2026-09-30,rut,MCB
2019-12-31,rut,TRNO
2020-03-31,rut,TRNO
2020-06-30,rut,TRNO
2020-09-30,rut,TRNO
2020-12-31,rut,TRNO
2021-03-31,rut,TRNO
2021-06-30,rut,TRNO
2021-09-30,rut,TRNO
2021-12-31,rut,TRNO
2022-03-31,rut,TRNO
2022-06-30,rut,TRNO
2022-09-30,rut,TRNO
2022-12-31,rut,TRNO
2023-03-31,rut,TRNO
2023-06-30,rut,TRNO
2023-09-30,rut,TRNO
2023-12-31,rut,TRNO
2024-03-31,rut,TRNO
2024-06-30,rut,TRNO
2024-09-30,rut,TRNO
2024-12-31,rut,TRNO
2024-12-31,sp600,TRNO
2025-03-31,rut,TRNO
2025-03-31,sp600,TRNO
2025-06-30,rut,TRNO
2025-06-30,sp600,TRNO
2025-09-30,rut,TRNO
2025-09-30,sp600,TRNO
2025-12-31,rut,TRNO
2025-12-31,sp600,TRNO
2026-03-31,rut,TRNO
2026-03-31,sp600,TRNO
2026-06-30,rut,TRNO
2026-06-30,sp600,TRNO
2026-09-30,rut,TRNO
2026-09-30,sp600,TRNO
2026-09-30,rut,PECO
2026-09-30,sp600,PECO
2026-09-30,sp400,ST
2019-12-31,rut,TDOC
2020-03-31,rut,TDOC
2024-09-30,rut,TDOC
2024-12-31,rut,TDOC
2025-03-31,rut,TDOC
2025-06-30,rut,TDOC
2025-09-30,rut,TDOC
2025-12-31,rut,TDOC
2026-03-31,rut,TDOC
2026-06-30,rut,TDOC
2026-09-30,rut,TDOC
2021-06-30,rut,ASAN
2021-09-30,rut,ASAN
2021-12-31,rut,ASAN
2022-03-31,rut,ASAN
2022-06-30,rut,ASAN
2022-09-30,rut,ASAN
2022-12-31,rut,ASAN
2023-03-31,rut,ASAN
2023-06-30,rut,ASAN
2023-09-30,rut,ASAN
2023-12-31,rut,ASAN
2024-03-31,rut,ASAN
2024-06-30,rut,ASAN
2024-09-30,rut,ASAN
2024-12-31,rut,ASAN
2025-03-31,rut,ASAN
2025-06-30,rut,ASAN
2025-09-30,rut,ASAN
2025-12-31,rut,ASAN
2026-03-31,rut,ASAN
2026-06-30,rut,ASAN
2026-09-30,rut,ASAN
2022-03-31,rut,SG
2022-06-30,rut,SG
2022-09-30,rut,SG
2022-12-31,rut,SG
2023-03-31,rut,SG
2023-06-30,rut,SG
2023-09-30,rut,SG
2023-12-31,rut,SG
2024-03-31,rut,SG
2024-06-30,rut,SG
2024-09-30,rut,SG
2024-12-31,rut,SG
2025-03-31,rut,SG
2025-06-30,rut,SG
2025-09-30,rut,SG
2025-12-31,rut,SG
2026-03-31,rut,SG
2026-06-30,rut,SG
2026-09-30,rut,SG
2022-06-30,rut,ADPT
2022-09-30,rut,ADPT
2022-12-31,rut,ADPT
2023-03-31,rut,ADPT
2023-06-30,rut,ADPT
2023-09-30,rut,ADPT
2023-12-31,rut,ADPT
2024-03-31,rut,ADPT
2024-06-30,rut,ADPT
2024-09-30,rut,ADPT
2024-12-31,rut,ADPT
2025-03-31,rut,ADPT
2025-06-30,rut,ADPT
2025-09-30,rut,ADPT
2025-12-31,rut,ADPT
2026-03-31,rut,ADPT
2026-06-30,rut,ADPT
2026-09-30,rut,ADPT
2019-12-31,rut,STAG
2020-03-31,rut,STAG
2020-06-30,rut,STAG
2020-09-30,rut,STAG
2020-12-31,rut,STAG
2021-03-31,rut,STAG
2021-06-30,rut,STAG
2021-09-30,rut,STAG
2021-12-31,rut,STAG
2022-03-31,rut,STAG
2022-06-30,rut,STAG
2022-09-30,rut,STAG
2022-12-31,rut,STAG
2023-03-31,rut,STAG
2023-06-30,sp400,STAG
2023-09-30,sp400,STAG
2023-12-31,sp400,STAG
2024-03-31,sp400,STAG
2024-06-30,sp400,STAG
2024-09-30,sp400,STAG
2024-12-31,sp400,STAG
2025-03-31,sp400,STAG
2025-06-30,sp400,STAG
2025-09-30,sp400,STAG
2025-12-31,sp400,STAG
2026-03-31,sp400,STAG
2026-06-30,sp400,STAG
2026-09-30,sp400,STAG
2019-12-31,rut,RYZ
2020-03-31,rut,RYZ
2020-06-30,rut,RYZ
2020-09-30,rut,RYZ
2020-12-31,rut,RYZ
2021-03-31,rut,RYZ
2021-06-30,rut,RYZ
2021-09-30,rut,RYZ
2021-12-31,rut,RYZ
2022-03-31,rut,RYZ
2022-06-30,rut,RYZ
2022-09-30,rut,RYZ
2022-12-31,rut,RYZ
2023-03-31,rut,RYZ
2023-06-30,rut,RYZ
2023-09-30,rut,RYZ
2023-12-31,rut,RYZ
2024-03-31,rut,RYZ
2024-06-30,rut,RYZ
2024-09-30,rut,RYZ
2024-12-31,rut,RYZ
2025-03-31,rut,RYZ
2025-06-30,rut,RYZ
2025-09-30,rut,RYZ
2025-12-31,rut,RYZ
2026-03-31,rut,RYZ
2026-06-30,rut,RYZ
2026-09-30,rut,RYZ
2019-12-31,rut,QUAD
2020-03-31,rut,QUAD
2020-06-30,rut,QUAD
2020-09-30,rut,QUAD
2020-12-31,rut,QUAD
2021-03-31,rut,QUAD
2022-06-30,rut,QUAD
2022-09-30,rut,QUAD
2022-12-31,rut,QUAD
2023-03-31,rut,QUAD
2023-06-30,rut,QUAD
2023-09-30,rut,QUAD
2023-12-31,rut,QUAD
2024-03-31,rut,QUAD
2024-06-30,rut,QUAD
2024-09-30,rut,QUAD
2024-12-31,rut,QUAD
2025-03-31,rut,QUAD
2025-06-30,rut,QUAD
2025-09-30,rut,QUAD
2025-12-31,rut,QUAD
2026-03-31,rut,QUAD
2026-06-30,rut,QUAD
2026-09-30,rut,QUAD
2020-06-30,sp400,HPP
2020-09-30,sp400,HPP
2020-12-31,sp400,HPP
2021-03-31,sp400,HPP
2021-06-30,sp400,HPP
2021-09-30,sp400,HPP
2021-12-31,sp400,HPP
2022-03-31,sp400,HPP
2022-06-30,sp400,HPP
2022-09-30,sp600,HPP
2022-12-31,sp600,HPP
2023-03-31,sp600,HPP
2023-06-30,rut,HPP
2023-06-30,sp600,HPP
2023-09-30,rut,HPP
2023-09-30,sp600,HPP
2023-12-31,rut,HPP
2023-12-31,sp600,HPP
2024-03-31,rut,HPP
2024-03-31,sp600,HPP
2024-06-30,rut,HPP
2024-06-30,sp600,HPP
2024-09-30,rut,HPP
2024-09-30,sp600,HPP
2024-12-31,rut,HPP
2025-03-31,rut,HPP
2025-06-30,rut,HPP
2025-09-30,rut,HPP
2025-12-31,rut,HPP
2026-03-31,rut,HPP
2026-06-30,rut,HPP
2026-09-30,rut,HPP
2021-12-31,rut,COCO
2022-03-31,rut,COCO
2022-06-30,rut,COCO
2022-09-30,rut,COCO
2022-12-31,rut,COCO
2023-03-31,rut,COCO
2023-06-30,rut,COCO
2023-09-30,rut,COCO
2023-12-31,rut,COCO
2024-03-31,rut,COCO
2024-06-30,rut,COCO
2024-09-30,rut,COCO
2024-12-31,rut,COCO
2025-03-31,rut,COCO
2025-06-30,rut,COCO
2025-09-30,rut,COCO
2025-12-31,rut,COCO
2026-03-31,rut,COCO
2026-03-31,sp600,COCO
2026-06-30,rut,COCO
2026-06-30,sp600,COCO
2026-09-30,rut,COCO
2026-09-30,sp600,COCO
2021-06-30,rut,CHRD
2021-09-30,rut,CHRD
2021-12-31,rut,CHRD
2022-03-31,rut,CHRD
2022-06-30,rut,CHRD
2022-09-30,rut,CHRD
2022-12-31,rut,CHRD
2023-03-31,rut,CHRD
2023-03-31,sp400,CHRD
2023-06-30,rut,CHRD
2023-06-30,sp400,CHRD
2023-09-30,rut,CHRD
2023-09-30,sp400,CHRD
2023-12-31,rut,CHRD
2023-12-31,sp400,CHRD
2024-03-31,rut,CHRD
2024-03-31,sp400,CHRD
2024-06-30,rut,CHRD
2024-06-30,sp400,CHRD
2024-09-30,sp400,CHRD
2024-12-31,sp400,CHRD
2025-03-31,sp400,CHRD
2025-06-30,sp400,CHRD
2025-09-30,sp400,CHRD
2025-12-31,sp400,CHRD
2026-03-31,sp400,CHRD
2026-06-30,sp400,CHRD
2026-09-30,sp400,CHRD
2023-06-30,sp400,BWXT
2023-09-30,sp400,BWXT
2023-12-31,sp400,BWXT
2024-03-31,sp400,BWXT
2024-06-30,sp400,BWXT
2024-09-30,sp400,BWXT
2024-12-31,sp400,BWXT
2025-03-31,sp400,BWXT
2025-06-30,sp400,BWXT
2025-09-30,sp400,BWXT
2025-12-31,sp400,BWXT
2026-03-31,sp400,BWXT
2026-06-30,sp400,BWXT
2026-09-30,sp400,BWXT
2019-12-31,rut,AMRC
2020-03-31,rut,AMRC
2020-06-30,rut,AMRC
2020-09-30,rut,AMRC
2020-12-31,rut,AMRC
2021-03-31,rut,AMRC
2021-06-30,rut,AMRC
2021-09-30,rut,AMRC
2021-12-31,rut,AMRC
2022-03-31,rut,AMRC
2022-06-30,rut,AMRC
2022-09-30,rut,AMRC
2022-12-31,rut,AMRC
2023-03-31,rut,AMRC
2023-06-30,rut,AMRC
2023-09-30,rut,AMRC
2023-12-31,rut,AMRC
2024-03-31,rut,AMRC
2024-06-30,rut,AMRC
2024-09-30,rut,AMRC
2024-12-31,rut,AMRC
2025-03-31,rut,AMRC
2025-06-30,rut,AMRC
2025-09-30,rut,AMRC
2025-12-31,rut,AMRC
2026-03-31,rut,AMRC
2026-06-30,rut,AMRC
2026-09-30,rut,AMRC
2019-12-31,rut,CUBI
2019-12-31,sp600,CUBI
2020-03-31,rut,CUBI
2020-03-31,sp600,CUBI
2020-06-30,rut,CUBI
2020-06-30,sp600,CUBI
2020-09-30,rut,CUBI
2020-09-30,sp600,CUBI
2020-12-31,rut,CUBI
2020-12-31,sp600,CUBI
2021-03-31,rut,CUBI
2021-03-31,sp600,CUBI
2021-06-30,rut,CUBI
2021-06-30,sp600,CUBI
2021-09-30,rut,CUBI
2021-09-30,sp600,CUBI
2021-12-31,rut,CUBI
2021-12-31,sp600,CUBI
2022-03-31,rut,CUBI
2022-03-31,sp600,CUBI
2022-06-30,rut,CUBI
2022-06-30,sp600,CUBI
2022-09-30,rut,CUBI
2022-09-30,sp600,CUBI
2022-12-31,rut,CUBI
2022-12-31,sp600,CUBI
2023-03-31,rut,CUBI
2023-03-31,sp600,CUBI
2023-06-30,rut,CUBI
2023-06-30,sp600,CUBI
2023-09-30,rut,CUBI
2023-09-30,sp600,CUBI
2023-12-31,rut,CUBI
2023-12-31,sp600,CUBI
2024-03-31,rut,CUBI
2024-03-31,sp600,CUBI
2024-06-30,rut,CUBI
2024-06-30,sp600,CUBI
2024-09-30,rut,CUBI
2024-09-30,sp600,CUBI
2024-12-31,rut,CUBI
2024-12-31,sp600,CUBI
2025-03-31,rut,CUBI
2025-03-31,sp600,CUBI
2025-06-30,rut,CUBI
2025-06-30,sp600,CUBI
2025-09-30,rut,CUBI
2025-09-30,sp600,CUBI
2025-12-31,rut,CUBI
2025-12-31,sp600,CUBI
2026-03-31,rut,CUBI
2026-03-31,sp600,CUBI
2026-06-30,rut,CUBI
2026-06-30,sp600,CUBI
2026-09-30,rut,CUBI
2026-09-30,sp600,CUBI
2019-12-31,rut,CFFN
2020-03-31,rut,CFFN
2020-06-30,rut,CFFN
2020-09-30,rut,CFFN
2020-12-31,rut,CFFN
2020-12-31,sp600,CFFN
2021-03-31,rut,CFFN
2021-03-31,sp600,CFFN
2021-06-30,rut,CFFN
2021-06-30,sp600,CFFN
2021-09-30,rut,CFFN
2021-09-30,sp600,CFFN
2021-12-31,rut,CFFN
2021-12-31,sp600,CFFN
2022-03-31,rut,CFFN
2022-03-31,sp600,CFFN
2022-06-30,rut,CFFN
2022-06-30,sp600,CFFN
2022-09-30,rut,CFFN
2022-09-30,sp600,CFFN
2022-12-31,rut,CFFN
2022-12-31,sp600,CFFN
2023-03-31,rut,CFFN
2023-03-31,sp600,CFFN
2023-06-30,rut,CFFN
2023-06-30,sp600,CFFN
2023-09-30,rut,CFFN
2023-09-30,sp600,CFFN
2023-12-31,rut,CFFN
2023-12-31,sp600,CFFN
2024-03-31,rut,CFFN
2024-03-31,sp600,CFFN
2024-06-30,rut,CFFN
2024-06-30,sp600,CFFN
2024-09-30,rut,CFFN
2024-09-30,sp600,CFFN
2024-12-31,rut,CFFN
2024-12-31,sp600,CFFN
2025-03-31,rut,CFFN
2025-03-31,sp600,CFFN
2025-06-30,rut,CFFN
2025-06-30,sp600,CFFN
2025-09-30,rut,CFFN
2025-09-30,sp600,CFFN
2025-12-31,rut,CFFN
2025-12-31,sp600,CFFN
2026-03-31,rut,CFFN
2026-03-31,sp600,CFFN
2026-06-30,rut,CFFN
2026-06-30,sp600,CFFN
2026-09-30,rut,CFFN
2026-09-30,sp600,CFFN
2020-03-31,rut,SDGR
2020-06-30,rut,SDGR
2020-09-30,rut,SDGR
2020-12-31,rut,SDGR
2021-03-31,rut,SDGR
2021-06-30,rut,SDGR
2021-09-30,rut,SDGR
2021-12-31,rut,SDGR
2022-03-31,rut,SDGR
2022-06-30,rut,SDGR
2022-09-30,rut,SDGR
2022-12-31,rut,SDGR
2023-03-31,rut,SDGR
2023-06-30,rut,SDGR
2023-06-30,sp600,SDGR
2023-09-30,rut,SDGR
2023-09-30,sp600,SDGR
2023-12-31,rut,SDGR
2023-12-31,sp600,SDGR
2024-03-31,rut,SDGR
2024-03-31,sp600,SDGR
2024-06-30,rut,SDGR
2024-06-30,sp600,SDGR
2024-09-30,rut,SDGR
2024-09-30,sp600,SDGR
2024-12-31,rut,SDGR
2024-12-31,sp600,SDGR
2025-03-31,rut,SDGR
2025-03-31,sp600,SDGR
2025-06-30,rut,SDGR
2025-06-30,sp600,SDGR
2025-09-30,rut,SDGR
2025-09-30,sp600,SDGR
2025-12-31,rut,SDGR
2025-12-31,sp600,SDGR
2026-03-31,rut,SDGR
2026-03-31,sp600,SDGR
2026-06-30,rut,SDGR
2026-06-30,sp600,SDGR
2026-09-30,rut,SDGR
2026-09-30,sp600,SDGR
2019-12-31,rut,SBRA
2019-12-31,sp400,SBRA
2020-03-31,rut,SBRA
2020-03-31,sp400,SBRA
2020-06-30,rut,SBRA
2020-06-30,sp400,SBRA
2020-09-30,rut,SBRA
2020-09-30,sp400,SBRA
2020-12-31,rut,SBRA
2020-12-31,sp400,SBRA
2021-03-31,rut,SBRA
2021-03-31,sp400,SBRA
2021-06-30,rut,SBRA
2021-06-30,sp400,SBRA
2021-09-30,rut,SBRA
2021-09-30,sp400,SBRA
2021-12-31,rut,SBRA
2021-12-31,sp400,SBRA
2022-03-31,rut,SBRA
2022-03-31,sp400,SBRA
2022-06-30,rut,SBRA
2022-06-30,sp400,SBRA
2022-09-30,rut,SBRA
2022-09-30,sp400,SBRA
2022-12-31,rut,SBRA
2022-12-31,sp400,SBRA
2023-03-31,rut,SBRA
2023-03-31,sp400,SBRA
2023-06-30,rut,SBRA
2023-06-30,sp400,SBRA
2023-09-30,rut,SBRA
2023-09-30,sp400,SBRA
2023-12-31,rut,SBRA
2023-12-31,sp400,SBRA
2024-03-31,rut,SBRA
2024-03-31,sp400,SBRA
2024-06-30,rut,SBRA
2024-06-30,sp400,SBRA
2024-09-30,rut,SBRA
2024-09-30,sp400,SBRA
2024-12-31,rut,SBRA
2024-12-31,sp400,SBRA
2025-03-31,rut,SBRA
2025-03-31,sp400,SBRA
2025-06-30,rut,SBRA
2025-06-30,sp400,SBRA
2025-09-30,rut,SBRA
2025-09-30,sp400,SBRA
2025-12-31,rut,SBRA
2025-12-31,sp400,SBRA
2026-03-31,rut,SBRA
2026-03-31,sp400,SBRA
2026-06-30,rut,SBRA
2026-06-30,sp400,SBRA
2026-09-30,rut,SBRA
2026-09-30,sp400,SBRA
2019-12-31,sp400,KNX
2020-03-31,sp400,KNX
2020-06-30,sp400,KNX
2020-09-30,sp400,KNX
2020-12-31,sp400,KNX
2021-03-31,sp400,KNX
2021-06-30,sp400,KNX
2021-09-30,sp400,KNX
2021-12-31,sp400,KNX
2022-03-31,sp400,KNX
2022-06-30,sp400,KNX
2022-09-30,sp400,KNX
2022-12-31,sp400,KNX
2023-03-31,sp400,KNX
2023-06-30,sp400,KNX
2023-09-30,sp400,KNX
2023-12-31,sp400,KNX
2024-03-31,sp400,KNX
2024-06-30,sp400,KNX
2024-09-30,sp400,KNX
2024-12-31,sp400,KNX
2025-03-31,sp400,KNX
2025-06-30,sp400,KNX
2025-09-30,sp400,KNX
2025-12-31,sp400,KNX
2026-03-31,sp400,KNX
2026-06-30,sp400,KNX
2026-09-30,sp400,KNX
2019-12-31,rut,CIK1493225
2019-12-31,sp600,CIK1493225
2020-03-31,rut,CIK1493225
2020-03-31,sp600,CIK1493225
2020-06-30,rut,CIK1493225
2020-06-30,sp600,CIK1493225
2020-09-30,rut,CIK1493225
2020-09-30,sp600,CIK1493225
2020-12-31,rut,CIK1493225
2020-12-31,sp600,CIK1493225
2021-03-31,rut,CIK1493225
2021-03-31,sp600,CIK1493225
2021-06-30,rut,CIK1493225
2021-06-30,sp600,CIK1493225
2021-09-30,rut,CIK1493225
2021-09-30,sp600,CIK1493225
2021-12-31,rut,CIK1493225
2021-12-31,sp600,CIK1493225
2022-03-31,rut,CIK1493225
2022-03-31,sp600,CIK1493225
2022-06-30,rut,CIK1493225
2022-06-30,sp600,CIK1493225
2022-09-30,rut,CIK1493225
2022-09-30,sp600,CIK1493225
2022-12-31,rut,CIK1493225
2022-12-31,sp600,CIK1493225
2023-03-31,rut,CIK1493225
2023-03-31,sp600,CIK1493225
2023-06-30,rut,CIK1493225
2023-06-30,sp600,CIK1493225
2023-09-30,rut,CIK1493225
2023-09-30,sp600,CIK1493225
2023-12-31,rut,CIK1493225
2023-12-31,sp600,CIK1493225
2024-03-31,rut,CIK1493225
2024-03-31,sp600,CIK1493225
2024-06-30,rut,CIK1493225
2024-06-30,sp600,CIK1493225
2024-09-30,rut,CIK1493225
2024-12-31,rut,CIK1493225
2025-03-31,rut,CIK1493225
2025-06-30,rut,CIK1493225
2025-09-30,rut,CIK1493225
2025-12-31,rut,CIK1493225
2026-03-31,rut,CIK1493225
2026-06-30,rut,CIK1493225
2019-12-31,rut,MTSI
2020-03-31,rut,MTSI
2020-06-30,rut,MTSI
2020-09-30,rut,MTSI
2020-12-31,rut,MTSI
2021-03-31,rut,MTSI
2021-06-30,rut,MTSI
2021-09-30,rut,MTSI
2021-12-31,rut,MTSI
2022-03-31,rut,MTSI
2022-06-30,rut,MTSI
2022-09-30,rut,MTSI
2022-09-30,sp400,MTSI
2022-12-31,rut,MTSI
2022-12-31,sp400,MTSI
2023-03-31,rut,MTSI
2023-03-31,sp400,MTSI
2023-06-30,rut,MTSI
2023-06-30,sp400,MTSI
2023-09-30,rut,MTSI
2023-09-30,sp400,MTSI
2023-12-31,rut,MTSI
2023-12-31,sp400,MTSI
2024-03-31,rut,MTSI
2024-03-31,sp400,MTSI
2024-06-30,rut,MTSI
2024-06-30,sp400,MTSI
2024-09-30,sp400,MTSI
2024-12-31,sp400,MTSI
2025-03-31,sp400,MTSI
2025-06-30,sp400,MTSI
2025-09-30,sp400,MTSI
2025-12-31,sp400,MTSI
2026-03-31,sp400,MTSI
2026-06-30,sp400,MTSI
2026-09-30,sp400,MTSI
2019-12-31,rut,CARG
2020-03-31,rut,CARG
2020-06-30,rut,CARG
2020-09-30,rut,CARG
2020-12-31,rut,CARG
2021-03-31,rut,CARG
2021-06-30,rut,CARG
2021-09-30,rut,CARG
2021-12-31,rut,CARG
2022-03-31,rut,CARG
2022-06-30,rut,CARG
2022-09-30,rut,CARG
2022-12-31,rut,CARG
2023-03-31,rut,CARG
2023-06-30,rut,CARG
2023-06-30,sp600,CARG
2023-09-30,rut,CARG
2023-09-30,sp600,CARG
2023-12-31,rut,CARG
2023-12-31,sp600,CARG
2024-03-31,rut,CARG
2024-03-31,sp600,CARG
2024-06-30,rut,CARG
2024-06-30,sp600,CARG
2024-09-30,rut,CARG
2024-09-30,sp600,CARG
2024-12-31,rut,CARG
2024-12-31,sp600,CARG
2025-03-31,rut,CARG
2025-03-31,sp600,CARG
2025-06-30,rut,CARG
2025-06-30,sp600,CARG
2025-09-30,rut,CARG
2025-09-30,sp600,CARG
2025-12-31,rut,CARG
2025-12-31,sp600,CARG
2026-03-31,rut,CARG
2026-03-31,sp600,CARG
2026-06-30,rut,CARG
2026-06-30,sp600,CARG
2026-09-30,rut,CARG
2026-09-30,sp600,CARG
2019-12-31,rut,AGNT
2020-03-31,rut,AGNT
2020-06-30,rut,AGNT
2020-09-30,rut,AGNT
2020-12-31,rut,AGNT
2021-03-31,rut,AGNT
2021-06-30,rut,AGNT
2021-09-30,rut,AGNT
2021-12-31,rut,AGNT
2022-03-31,rut,AGNT
2022-06-30,rut,AGNT
2022-09-30,rut,AGNT
2022-12-31,rut,AGNT
2023-03-31,rut,AGNT
2023-06-30,rut,AGNT
2023-06-30,sp600,AGNT
2023-09-30,rut,AGNT
2023-09-30,sp600,AGNT
2023-12-31,rut,AGNT
2023-12-31,sp600,AGNT
2024-03-31,rut,AGNT
2024-03-31,sp600,AGNT
2024-06-30,rut,AGNT
2024-06-30,sp600,AGNT
2024-09-30,rut,AGNT
2024-09-30,sp600,AGNT
2024-12-31,rut,AGNT
2024-12-31,sp600,AGNT
2025-03-31,rut,AGNT
2025-03-31,sp600,AGNT
2025-06-30,rut,AGNT
2025-06-30,sp600,AGNT
2025-09-30,rut,AGNT
2025-09-30,sp600,AGNT
2025-12-31,rut,AGNT
2025-12-31,sp600,AGNT
2026-03-31,rut,AGNT
2026-03-31,sp600,AGNT
2026-06-30,rut,AGNT
2026-06-30,sp600,AGNT
2026-09-30,rut,AGNT
2026-09-30,sp600,AGNT
2026-09-30,rut,WD
2026-09-30,sp600,WD
2019-12-31,rut,AAT
2019-12-31,sp600,AAT
2020-03-31,rut,AAT
2020-03-31,sp600,AAT
2020-06-30,rut,AAT
2020-06-30,sp600,AAT
2020-09-30,rut,AAT
2020-09-30,sp600,AAT
2020-12-31,rut,AAT
2020-12-31,sp600,AAT
2021-03-31,rut,AAT
2021-03-31,sp600,AAT
2021-06-30,rut,AAT
2021-06-30,sp600,AAT
2021-09-30,rut,AAT
2021-09-30,sp600,AAT
2021-12-31,rut,AAT
2021-12-31,sp600,AAT
2022-03-31,rut,AAT
2022-03-31,sp600,AAT
2022-06-30,rut,AAT
2022-06-30,sp600,AAT
2022-09-30,rut,AAT
2022-09-30,sp600,AAT
2022-12-31,rut,AAT
2022-12-31,sp600,AAT
2023-03-31,rut,AAT
2023-03-31,sp600,AAT
2023-06-30,rut,AAT
2023-06-30,sp600,AAT
2023-09-30,rut,AAT
2023-09-30,sp600,AAT
2023-12-31,rut,AAT
2023-12-31,sp600,AAT
2024-03-31,rut,AAT
2024-03-31,sp600,AAT
2024-06-30,rut,AAT
2024-06-30,sp600,AAT
2024-09-30,rut,AAT
2024-09-30,sp600,AAT
2024-12-31,rut,AAT
2024-12-31,sp600,AAT
2025-03-31,rut,AAT
2025-03-31,sp600,AAT
2025-06-30,rut,AAT
2025-06-30,sp600,AAT
2025-09-30,rut,AAT
2025-09-30,sp600,AAT
2025-12-31,rut,AAT
2025-12-31,sp600,AAT
2026-03-31,rut,AAT
2026-03-31,sp600,AAT
2026-06-30,rut,AAT
2026-06-30,sp600,AAT
2026-09-30,rut,AAT
2026-09-30,sp600,AAT
2020-06-30,rut,BKU
2020-09-30,rut,BKU
2020-09-30,sp600,BKU
2020-12-31,rut,BKU
2020-12-31,sp600,BKU
2021-03-31,rut,BKU
2021-03-31,sp600,BKU
2021-06-30,rut,BKU
2021-06-30,sp600,BKU
2021-09-30,rut,BKU
2021-09-30,sp600,BKU
2021-12-31,rut,BKU
2021-12-31,sp600,BKU
2022-03-31,rut,BKU
2022-03-31,sp600,BKU
2022-06-30,rut,BKU
2022-06-30,sp600,BKU
2022-09-30,rut,BKU
2022-09-30,sp600,BKU
2022-12-31,rut,BKU
2022-12-31,sp600,BKU
2023-03-31,rut,BKU
2023-03-31,sp600,BKU
2023-06-30,rut,BKU
2023-06-30,sp600,BKU
2023-09-30,rut,BKU
2023-09-30,sp600,BKU
2023-12-31,rut,BKU
2023-12-31,sp600,BKU
2024-03-31,rut,BKU
2024-03-31,sp600,BKU
2024-06-30,rut,BKU
2024-06-30,sp600,BKU
2024-09-30,rut,BKU
2024-09-30,sp600,BKU
2024-12-31,rut,BKU
2024-12-31,sp600,BKU
2025-03-31,rut,BKU
2025-03-31,sp600,BKU
2025-06-30,rut,BKU
2025-06-30,sp600,BKU
2025-09-30,rut,BKU
2025-09-30,sp600,BKU
2025-12-31,rut,BKU
2025-12-31,sp600,BKU
2026-03-31,rut,BKU
2026-03-31,sp600,BKU
2026-06-30,rut,BKU
2026-06-30,sp600,BKU
2026-09-30,rut,BKU
2026-09-30,sp600,BKU
2022-06-30,rut,WRBY
2022-09-30,rut,WRBY
2022-12-31,rut,WRBY
2023-03-31,rut,WRBY
2023-06-30,rut,WRBY
2023-09-30,rut,WRBY
2023-12-31,rut,WRBY
2024-03-31,rut,WRBY
2024-06-30,rut,WRBY
2024-09-30,rut,WRBY
2024-12-31,rut,WRBY
2025-03-31,rut,WRBY
2025-06-30,rut,WRBY
2025-09-30,rut,WRBY
2025-12-31,rut,WRBY
2026-03-31,rut,WRBY
2026-06-30,rut,WRBY
2026-06-30,sp600,WRBY
2026-09-30,rut,WRBY
2026-09-30,sp600,WRBY
2025-12-31,sp400,PINS
2026-03-31,sp400,PINS
2026-06-30,sp400,PINS
2026-09-30,sp400,PINS
2023-12-31,sp400,FND
2024-03-31,sp400,FND
2024-06-30,sp400,FND
2024-09-30,sp400,FND
2024-12-31,sp400,FND
2025-03-31,sp400,FND
2025-06-30,sp400,FND
2025-09-30,sp400,FND
2025-12-31,sp400,FND
2026-03-31,sp400,FND
2026-06-30,sp400,FND
2026-09-30,sp400,FND
2021-06-30,rut,MARA
2021-09-30,rut,MARA
2021-12-31,rut,MARA
2022-03-31,rut,MARA
2022-06-30,rut,MARA
2022-09-30,rut,MARA
2022-12-31,rut,MARA
2023-03-31,rut,MARA
2023-06-30,rut,MARA
2023-09-30,rut,MARA
2023-12-31,rut,MARA
2024-03-31,rut,MARA
2024-06-30,rut,MARA
2024-06-30,sp600,MARA
2024-09-30,rut,MARA
2024-09-30,sp600,MARA
2024-12-31,rut,MARA
2024-12-31,sp600,MARA
2025-03-31,rut,MARA
2025-03-31,sp600,MARA
2025-06-30,rut,MARA
2025-06-30,sp600,MARA
2025-09-30,rut,MARA
2025-09-30,sp600,MARA
2025-12-31,rut,MARA
2025-12-31,sp600,MARA
2026-03-31,rut,MARA
2026-03-31,sp600,MARA
2026-06-30,rut,MARA
2026-06-30,sp600,MARA
2026-09-30,rut,MARA
2026-09-30,sp600,MARA
2020-06-30,rut,KOS
2020-09-30,rut,KOS
2020-12-31,rut,KOS
2021-03-31,rut,KOS
2021-06-30,rut,KOS
2021-09-30,rut,KOS
2021-12-31,rut,KOS
2022-03-31,rut,KOS
2022-06-30,rut,KOS
2022-09-30,rut,KOS
2022-12-31,rut,KOS
2023-03-31,rut,KOS
2023-06-30,rut,KOS
2023-09-30,rut,KOS
2023-12-31,rut,KOS
2024-03-31,rut,KOS
2024-06-30,rut,KOS
2024-09-30,rut,KOS
2024-12-31,rut,KOS
2025-03-31,rut,KOS
2025-06-30,rut,KOS
2025-09-30,rut,KOS
2025-12-31,rut,KOS
2026-03-31,rut,KOS
2026-06-30,rut,KOS
2026-09-30,rut,KOS
2019-12-31,rut,RLJ
2020-03-31,rut,RLJ
2020-06-30,rut,RLJ
2020-09-30,rut,RLJ
2020-12-31,rut,RLJ
2021-03-31,rut,RLJ
2021-06-30,rut,RLJ
2021-09-30,rut,RLJ
2021-12-31,rut,RLJ
2022-03-31,rut,RLJ
2022-06-30,rut,RLJ
2022-09-30,rut,RLJ
2022-12-31,rut,RLJ
2023-03-31,rut,RLJ
2023-06-30,rut,RLJ
2023-09-30,rut,RLJ
2023-12-31,rut,RLJ
2024-03-31,rut,RLJ
2024-06-30,rut,RLJ
2024-09-30,rut,RLJ
2024-12-31,rut,RLJ
2025-03-31,rut,RLJ
2025-06-30,rut,RLJ
2025-09-30,rut,RLJ
2025-12-31,rut,RLJ
2026-03-31,rut,RLJ
2026-06-30,rut,RLJ
2026-09-30,rut,RLJ
2024-09-30,rut,MITT
2024-12-31,rut,MITT
2025-03-31,rut,MITT
2025-06-30,rut,MITT
2025-09-30,rut,MITT
2025-12-31,rut,MITT
2026-03-31,rut,MITT
2026-06-30,rut,MITT
2026-09-30,rut,MITT
2019-12-31,rut,SXC
2019-12-31,sp600,SXC
2020-03-31,rut,SXC
2020-03-31,sp600,SXC
2020-06-30,rut,SXC
2020-06-30,sp600,SXC
2020-09-30,rut,SXC
2020-09-30,sp600,SXC
2020-12-31,rut,SXC
2020-12-31,sp600,SXC
2021-03-31,rut,SXC
2021-03-31,sp600,SXC
2021-06-30,rut,SXC
2021-06-30,sp600,SXC
2021-09-30,rut,SXC
2021-09-30,sp600,SXC
2021-12-31,rut,SXC
2021-12-31,sp600,SXC
2022-03-31,rut,SXC
2022-03-31,sp600,SXC
2022-06-30,rut,SXC
2022-06-30,sp600,SXC
2022-09-30,rut,SXC
2022-09-30,sp600,SXC
2022-12-31,rut,SXC
2022-12-31,sp600,SXC
2023-03-31,rut,SXC
2023-03-31,sp600,SXC
2023-06-30,rut,SXC
2023-06-30,sp600,SXC
2023-09-30,rut,SXC
2023-09-30,sp600,SXC
2023-12-31,rut,SXC
2023-12-31,sp600,SXC
2024-03-31,rut,SXC
2024-03-31,sp600,SXC
2024-06-30,rut,SXC
2024-06-30,sp600,SXC
2024-09-30,rut,SXC
2024-09-30,sp600,SXC
2024-12-31,rut,SXC
2024-12-31,sp600,SXC
2025-03-31,rut,SXC
2025-03-31,sp600,SXC
2025-06-30,rut,SXC
2025-06-30,sp600,SXC
2025-09-30,rut,SXC
2025-09-30,sp600,SXC
2025-12-31,rut,SXC
2025-12-31,sp600,SXC
2026-03-31,rut,SXC
2026-06-30,rut,SXC
2026-09-30,rut,SXC
2019-12-31,sp400,AMCX
2020-03-31,sp400,AMCX
2020-06-30,rut,AMCX
2020-06-30,sp400,AMCX
2020-09-30,rut,AMCX
2020-09-30,sp400,AMCX
2020-12-31,rut,AMCX
2020-12-31,sp600,AMCX
2021-03-31,rut,AMCX
2021-03-31,sp600,AMCX
2021-06-30,rut,AMCX
2021-06-30,sp600,AMCX
2021-09-30,rut,AMCX
2021-09-30,sp600,AMCX
2021-12-31,rut,AMCX
2021-12-31,sp600,AMCX
2022-03-31,rut,AMCX
2022-03-31,sp600,AMCX
2022-06-30,rut,AMCX
2022-06-30,sp600,AMCX
2022-09-30,rut,AMCX
2022-09-30,sp600,AMCX
2022-12-31,rut,AMCX
2022-12-31,sp600,AMCX
2023-03-31,rut,AMCX
2023-03-31,sp600,AMCX
2023-06-30,rut,AMCX
2023-06-30,sp600,AMCX
2023-09-30,rut,AMCX
2023-09-30,sp600,AMCX
2023-12-31,rut,AMCX
2023-12-31,sp600,AMCX
2024-03-31,rut,AMCX
2024-03-31,sp600,AMCX
2024-06-30,rut,AMCX
2024-06-30,sp600,AMCX
2024-09-30,rut,AMCX
2024-12-31,rut,AMCX
2025-03-31,rut,AMCX
2025-06-30,rut,AMCX
2025-09-30,rut,AMCX
2025-12-31,rut,AMCX
2026-03-31,rut,AMCX
2026-06-30,rut,AMCX
2026-09-30,rut,AMCX
2019-12-31,rut,RARE
2020-03-31,rut,RARE
2020-06-30,rut,RARE
2020-09-30,rut,RARE
2020-12-31,rut,RARE
2021-03-31,rut,RARE
2026-06-30,rut,RARE
2026-09-30,rut,RARE
2023-06-30,sp400,DOCS
2023-09-30,sp400,DOCS
2023-12-31,sp400,DOCS
2024-03-31,sp400,DOCS
2024-06-30,sp400,DOCS
2024-09-30,sp400,DOCS
2024-12-31,sp400,DOCS
2025-03-31,sp400,DOCS
2025-06-30,sp400,DOCS
2025-09-30,sp400,DOCS
2025-12-31,sp400,DOCS
2026-03-31,sp400,DOCS
2026-06-30,sp400,DOCS
2026-09-30,sp400,DOCS
2019-12-31,rut,OBK
2020-03-31,rut,OBK
2020-06-30,rut,OBK
2020-09-30,rut,OBK
2020-12-31,rut,OBK
2021-03-31,rut,OBK
2021-06-30,rut,OBK
2021-09-30,rut,OBK
2021-12-31,rut,OBK
2022-03-31,rut,OBK
2022-06-30,rut,OBK
2022-09-30,rut,OBK
2022-12-31,rut,OBK
2023-03-31,rut,OBK
2023-06-30,rut,OBK
2023-09-30,rut,OBK
2023-12-31,rut,OBK
2024-03-31,rut,OBK
2024-06-30,rut,OBK
2024-09-30,rut,OBK
2024-12-31,rut,OBK
2025-03-31,rut,OBK
2025-06-30,rut,OBK
2025-09-30,rut,OBK
2025-12-31,rut,OBK
2026-03-31,rut,OBK
2026-06-30,rut,OBK
2026-09-30,rut,OBK
2019-12-31,rut,AKBA
2020-03-31,rut,AKBA
2020-06-30,rut,AKBA
2020-09-30,rut,AKBA
2020-12-31,rut,AKBA
2021-03-31,rut,AKBA
2021-06-30,rut,AKBA
2021-09-30,rut,AKBA
2021-12-31,rut,AKBA
2022-03-31,rut,AKBA
2024-09-30,rut,AKBA
2024-12-31,rut,AKBA
2025-03-31,rut,AKBA
2025-06-30,rut,AKBA
2025-09-30,rut,AKBA
2025-12-31,rut,AKBA
2026-03-31,rut,AKBA
2026-06-30,rut,AKBA
2026-09-30,rut,AKBA
2019-12-31,rut,CHEF
2019-12-31,sp600,CHEF
2020-03-31,rut,CHEF
2020-03-31,sp600,CHEF
2020-06-30,rut,CHEF
2020-06-30,sp600,CHEF
2020-09-30,rut,CHEF
2020-09-30,sp600,CHEF
2020-12-31,rut,CHEF
2020-12-31,sp600,CHEF
2021-03-31,rut,CHEF
2021-03-31,sp600,CHEF
2021-06-30,rut,CHEF
2021-06-30,sp600,CHEF
2021-09-30,rut,CHEF
2021-09-30,sp600,CHEF
2021-12-31,rut,CHEF
2021-12-31,sp600,CHEF
2022-03-31,rut,CHEF
2022-03-31,sp600,CHEF
2022-06-30,rut,CHEF
2022-06-30,sp600,CHEF
2022-09-30,rut,CHEF
2022-09-30,sp600,CHEF
2022-12-31,rut,CHEF
2022-12-31,sp600,CHEF
2023-03-31,rut,CHEF
2023-03-31,sp600,CHEF
2023-06-30,rut,CHEF
2023-06-30,sp600,CHEF
2023-09-30,rut,CHEF
2023-09-30,sp600,CHEF
2023-12-31,rut,CHEF
2023-12-31,sp600,CHEF
2024-03-31,rut,CHEF
2024-03-31,sp600,CHEF
2024-06-30,rut,CHEF
2024-06-30,sp600,CHEF
2024-09-30,rut,CHEF
2024-09-30,sp600,CHEF
2024-12-31,rut,CHEF
2024-12-31,sp600,CHEF
2025-03-31,rut,CHEF
2025-03-31,sp600,CHEF
2025-06-30,rut,CHEF
2025-06-30,sp600,CHEF
2025-09-30,rut,CHEF
2025-09-30,sp600,CHEF
2025-12-31,rut,CHEF
2025-12-31,sp600,CHEF
2026-03-31,rut,CHEF
2026-03-31,sp600,CHEF
2026-06-30,rut,CHEF
2026-06-30,sp600,CHEF
2026-09-30,rut,CHEF
2026-09-30,sp600,CHEF
2022-06-30,rut,VISN
2022-09-30,rut,VISN
2022-12-31,rut,VISN
2023-03-31,rut,VISN
2023-06-30,rut,VISN
2023-09-30,rut,VISN
2023-12-31,rut,VISN
2024-03-31,rut,VISN
2024-06-30,rut,VISN
2024-09-30,rut,VISN
2024-12-31,rut,VISN
2025-03-31,rut,VISN
2025-06-30,rut,VISN
2025-09-30,rut,VISN
2025-12-31,rut,VISN
2026-03-31,rut,VISN
2026-06-30,rut,VISN
2026-09-30,rut,VISN
2019-12-31,rut,APAM
2020-03-31,rut,APAM
2020-06-30,rut,APAM
2020-09-30,rut,APAM
2020-12-31,rut,APAM
2021-03-31,rut,APAM
2021-06-30,rut,APAM
2021-09-30,rut,APAM
2021-12-31,rut,APAM
2022-03-31,rut,APAM
2022-06-30,rut,APAM
2022-09-30,rut,APAM
2022-12-31,rut,APAM
2023-03-31,rut,APAM
2023-06-30,rut,APAM
2023-06-30,sp600,APAM
2023-09-30,rut,APAM
2023-09-30,sp600,APAM
2023-12-31,rut,APAM
2023-12-31,sp600,APAM
2024-03-31,rut,APAM
2024-03-31,sp600,APAM
2024-06-30,rut,APAM
2024-06-30,sp600,APAM
2024-09-30,rut,APAM
2024-09-30,sp600,APAM
2024-12-31,rut,APAM
2024-12-31,sp600,APAM
2025-03-31,rut,APAM
2025-03-31,sp600,APAM
2025-06-30,rut,APAM
2025-06-30,sp600,APAM
2025-09-30,rut,APAM
2025-09-30,sp600,APAM
2025-12-31,rut,APAM
2025-12-31,sp600,APAM
2026-03-31,rut,APAM
2026-03-31,sp600,APAM
2026-06-30,rut,APAM
2026-06-30,sp600,APAM
2026-09-30,rut,APAM
2026-09-30,sp600,APAM
2020-03-31,rut,SPT
2020-06-30,rut,SPT
2020-09-30,rut,SPT
2020-12-31,rut,SPT
2021-03-31,rut,SPT
2021-06-30,rut,SPT
2021-09-30,rut,SPT
2021-12-31,rut,SPT
2022-03-31,rut,SPT
2022-06-30,rut,SPT
2022-09-30,rut,SPT
2022-12-31,rut,SPT
2023-03-31,rut,SPT
2023-06-30,rut,SPT
2023-09-30,rut,SPT
2023-12-31,rut,SPT
2024-03-31,rut,SPT
2024-06-30,rut,SPT
2024-09-30,rut,SPT
2024-12-31,rut,SPT
2025-03-31,rut,SPT
2025-06-30,rut,SPT
2025-09-30,rut,SPT
2025-12-31,rut,SPT
2026-03-31,rut,SPT
2026-06-30,rut,SPT
2026-09-30,rut,SPT
2022-06-30,rut,FSLY
2022-09-30,rut,FSLY
2022-12-31,rut,FSLY
2023-03-31,rut,FSLY
2023-06-30,rut,FSLY
2023-09-30,rut,FSLY
2023-12-31,rut,FSLY
2024-03-31,rut,FSLY
2024-06-30,rut,FSLY
2024-09-30,rut,FSLY
2024-12-31,rut,FSLY
2025-03-31,rut,FSLY
2025-06-30,rut,FSLY
2025-09-30,rut,FSLY
2025-12-31,rut,FSLY
2026-03-31,rut,FSLY
2026-06-30,rut,FSLY
2026-09-30,rut,FSLY
2019-12-31,rut,MCHB
2019-12-31,sp600,MCHB
2020-03-31,rut,MCHB
2020-03-31,sp600,MCHB
2020-06-30,rut,MCHB
2020-06-30,sp600,MCHB
2020-09-30,rut,MCHB
2020-09-30,sp600,MCHB
2020-12-31,rut,MCHB
2020-12-31,sp600,MCHB
2021-03-31,rut,MCHB
2021-03-31,sp600,MCHB
2021-06-30,rut,MCHB
2021-06-30,sp600,MCHB
2021-09-30,rut,MCHB
2021-09-30,sp600,MCHB
2021-12-31,rut,MCHB
2021-12-31,sp600,MCHB
2022-03-31,rut,MCHB
2022-03-31,sp600,MCHB
2022-06-30,rut,MCHB
2022-06-30,sp600,MCHB
2022-09-30,rut,MCHB
2022-09-30,sp600,MCHB
2022-12-31,rut,MCHB
2022-12-31,sp600,MCHB
2023-03-31,rut,MCHB
2023-03-31,sp600,MCHB
2023-06-30,rut,MCHB
2023-09-30,rut,MCHB
2023-12-31,rut,MCHB
2024-03-31,rut,MCHB
2024-06-30,rut,MCHB
2024-09-30,rut,MCHB
2024-12-31,rut,MCHB
2025-03-31,rut,MCHB
2025-06-30,rut,MCHB
2025-09-30,rut,MCHB
2025-12-31,rut,MCHB
2026-03-31,rut,MCHB
2026-06-30,rut,MCHB
2026-09-30,rut,MCHB
2023-03-31,rut,SKWD
2023-06-30,rut,SKWD
2023-09-30,rut,SKWD
2023-12-31,rut,SKWD
2024-03-31,rut,SKWD
2024-06-30,rut,SKWD
2024-09-30,rut,SKWD
2024-12-31,rut,SKWD
2025-03-31,rut,SKWD
2025-06-30,rut,SKWD
2025-09-30,rut,SKWD
2025-12-31,rut,SKWD
2026-03-31,rut,SKWD
2026-06-30,rut,SKWD
2026-09-30,rut,SKWD
2022-12-31,sp400,FBIN
2023-03-31,sp400,FBIN
2023-06-30,sp400,FBIN
2023-09-30,sp400,FBIN
2023-12-31,sp400,FBIN
2024-03-31,sp400,FBIN
2024-06-30,sp400,FBIN
2024-09-30,sp400,FBIN
2024-12-31,sp400,FBIN
2025-03-31,sp400,FBIN
2025-06-30,sp400,FBIN
2025-09-30,sp400,FBIN
2025-12-31,sp400,FBIN
2026-03-31,sp400,FBIN
2026-06-30,sp400,FBIN
2026-09-30,sp400,FBIN
2019-12-31,rut,MTDR
2019-12-31,sp400,MTDR
2020-03-31,rut,MTDR
2020-03-31,sp400,MTDR
2020-06-30,rut,MTDR
2020-06-30,sp600,MTDR
2020-09-30,rut,MTDR
2020-09-30,sp600,MTDR
2020-12-31,rut,MTDR
2020-12-31,sp600,MTDR
2021-03-31,rut,MTDR
2021-03-31,sp600,MTDR
2021-06-30,rut,MTDR
2021-06-30,sp600,MTDR
2021-09-30,rut,MTDR
2021-09-30,sp600,MTDR
2021-12-31,rut,MTDR
2021-12-31,sp600,MTDR
2022-03-31,rut,MTDR
2022-03-31,sp600,MTDR
2022-06-30,rut,MTDR
2022-06-30,sp400,MTDR
2022-09-30,rut,MTDR
2022-09-30,sp400,MTDR
2022-12-31,rut,MTDR
2022-12-31,sp400,MTDR
2023-03-31,rut,MTDR
2023-03-31,sp400,MTDR
2023-06-30,rut,MTDR
2023-06-30,sp400,MTDR
2023-09-30,rut,MTDR
2023-09-30,sp400,MTDR
2023-12-31,rut,MTDR
2023-12-31,sp400,MTDR
2024-03-31,rut,MTDR
2024-03-31,sp400,MTDR
2024-06-30,rut,MTDR
2024-06-30,sp400,MTDR
2024-09-30,sp400,MTDR
2024-12-31,sp400,MTDR
2025-03-31,sp400,MTDR
2025-06-30,sp400,MTDR
2025-09-30,sp400,MTDR
2025-12-31,sp400,MTDR
2026-03-31,sp400,MTDR
2026-06-30,sp400,MTDR
2026-09-30,sp400,MTDR
2023-03-31,rut,ALKS
2023-06-30,rut,ALKS
2024-09-30,sp600,ALKS
2024-12-31,sp600,ALKS
2025-03-31,sp600,ALKS
2026-06-30,sp600,ALKS
2026-09-30,rut,ALKS
2026-09-30,sp600,ALKS
2019-12-31,sp400,ACHC
2020-03-31,sp400,ACHC
2020-06-30,sp400,ACHC
2020-09-30,sp400,ACHC
2020-12-31,sp400,ACHC
2021-03-31,sp400,ACHC
2021-06-30,sp400,ACHC
2021-09-30,sp400,ACHC
2021-12-31,sp400,ACHC
2022-03-31,sp400,ACHC
2022-06-30,sp400,ACHC
2022-09-30,sp400,ACHC
2022-12-31,sp400,ACHC
2023-03-31,sp400,ACHC
2023-06-30,sp400,ACHC
2023-09-30,sp400,ACHC
2023-12-31,sp400,ACHC
2024-03-31,sp400,ACHC
2024-06-30,sp400,ACHC
2024-09-30,sp400,ACHC
2024-12-31,sp400,ACHC
2025-03-31,sp400,ACHC
2025-06-30,sp400,ACHC
2025-09-30,sp600,ACHC
2025-12-31,sp600,ACHC
2026-03-31,sp600,ACHC
2026-06-30,rut,ACHC
2026-06-30,sp600,ACHC
2026-09-30,rut,ACHC
2026-09-30,sp600,ACHC
2019-12-31,rut,LNTH
2019-12-31,sp600,LNTH
2020-03-31,rut,LNTH
2020-03-31,sp600,LNTH
2020-06-30,rut,LNTH
2020-06-30,sp600,LNTH
2020-09-30,rut,LNTH
2020-09-30,sp600,LNTH
2020-12-31,rut,LNTH
2020-12-31,sp600,LNTH
2021-03-31,rut,LNTH
2021-03-31,sp600,LNTH
2021-06-30,rut,LNTH
2021-06-30,sp600,LNTH
2021-09-30,rut,LNTH
2021-09-30,sp600,LNTH
2021-12-31,rut,LNTH
2021-12-31,sp600,LNTH
2022-03-31,rut,LNTH
2022-03-31,sp600,LNTH
2022-06-30,rut,LNTH
2022-06-30,sp600,LNTH
2022-09-30,rut,LNTH
2022-09-30,sp600,LNTH
2022-12-31,rut,LNTH
2022-12-31,sp400,LNTH
2023-03-31,rut,LNTH
2023-03-31,sp400,LNTH
2023-06-30,rut,LNTH
2023-06-30,sp400,LNTH
2023-09-30,rut,LNTH
2023-09-30,sp400,LNTH
2023-12-31,rut,LNTH
2023-12-31,sp400,LNTH
2024-03-31,rut,LNTH
2024-03-31,sp400,LNTH
2024-06-30,rut,LNTH
2024-06-30,sp400,LNTH
2024-09-30,rut,LNTH
2024-09-30,sp400,LNTH
2024-12-31,rut,LNTH
2024-12-31,sp400,LNTH
2025-03-31,rut,LNTH
2025-03-31,sp400,LNTH
2025-06-30,rut,LNTH
2025-06-30,sp400,LNTH
2025-09-30,rut,LNTH
2025-09-30,sp400,LNTH
2025-12-31,rut,LNTH
2025-12-31,sp400,LNTH
2026-03-31,rut,LNTH
2026-03-31,sp400,LNTH
2026-06-30,rut,LNTH
2026-06-30,sp400,LNTH
2026-09-30,rut,LNTH
2026-09-30,sp400,LNTH
2022-06-30,rut,MQ
2022-09-30,rut,MQ
2022-12-31,rut,MQ
2023-03-31,rut,MQ
2023-06-30,rut,MQ
2023-09-30,rut,MQ
2023-12-31,rut,MQ
2024-03-31,rut,MQ
2024-06-30,rut,MQ
2024-09-30,rut,MQ
2024-12-31,rut,MQ
2025-03-31,rut,MQ
2025-06-30,rut,MQ
2025-09-30,rut,MQ
2025-12-31,rut,MQ
2026-03-31,rut,MQ
2026-06-30,rut,MQ
2026-09-30,rut,MQ
2019-12-31,rut,VAC
2019-12-31,sp400,VAC
2020-03-31,rut,VAC
2020-03-31,sp400,VAC
2020-06-30,rut,VAC
2020-06-30,sp400,VAC
2020-09-30,rut,VAC
2020-09-30,sp400,VAC
2020-12-31,rut,VAC
2020-12-31,sp400,VAC
2021-03-31,rut,VAC
2021-03-31,sp400,VAC
2021-06-30,sp400,VAC
2021-09-30,sp400,VAC
2021-12-31,sp400,VAC
2022-03-31,sp400,VAC
2022-06-30,sp400,VAC
2022-09-30,sp400,VAC
2022-12-31,sp400,VAC
2023-03-31,sp400,VAC
2023-06-30,sp400,VAC
2023-09-30,sp400,VAC
2023-12-31,sp400,VAC
2024-03-31,sp400,VAC
2024-06-30,sp400,VAC
2024-09-30,sp400,VAC
2024-12-31,sp400,VAC
2025-03-31,sp400,VAC
2025-06-30,rut,VAC
2025-06-30,sp400,VAC
2025-09-30,rut,VAC
2025-09-30,sp400,VAC
2025-12-31,rut,VAC
2025-12-31,sp600,VAC
2026-03-31,rut,VAC
2026-03-31,sp600,VAC
2026-06-30,rut,VAC
2026-06-30,sp600,VAC
2026-09-30,rut,VAC
2026-09-30,sp600,VAC
2020-06-30,rut,VTOL
2020-06-30,sp600,VTOL
2020-09-30,rut,VTOL
2020-09-30,sp600,VTOL
2020-12-31,rut,VTOL
2020-12-31,sp600,VTOL
2021-03-31,rut,VTOL
2021-03-31,sp600,VTOL
2021-06-30,rut,VTOL
2021-06-30,sp600,VTOL
2021-09-30,rut,VTOL
2021-09-30,sp600,VTOL
2021-12-31,rut,VTOL
2021-12-31,sp600,VTOL
2022-03-31,rut,VTOL
2022-03-31,sp600,VTOL
2022-06-30,rut,VTOL
2022-06-30,sp600,VTOL
2022-09-30,rut,VTOL
2022-09-30,sp600,VTOL
2022-12-31,rut,VTOL
2022-12-31,sp600,VTOL
2023-03-31,rut,VTOL
2023-03-31,sp600,VTOL
2023-06-30,rut,VTOL
2023-06-30,sp600,VTOL
2023-09-30,rut,VTOL
2023-09-30,sp600,VTOL
2023-12-31,rut,VTOL
2023-12-31,sp600,VTOL
2024-03-31,rut,VTOL
2024-03-31,sp600,VTOL
2024-06-30,rut,VTOL
2024-06-30,sp600,VTOL
2024-09-30,rut,VTOL
2024-09-30,sp600,VTOL
2024-12-31,rut,VTOL
2024-12-31,sp600,VTOL
2025-03-31,rut,VTOL
2025-03-31,sp600,VTOL
2025-06-30,rut,VTOL
2025-06-30,sp600,VTOL
2025-09-30,rut,VTOL
2025-09-30,sp600,VTOL
2025-12-31,rut,VTOL
2025-12-31,sp600,VTOL
2026-03-31,rut,VTOL
2026-03-31,sp600,VTOL
2026-06-30,rut,VTOL
2026-06-30,sp600,VTOL
2026-09-30,rut,VTOL
2026-09-30,sp600,VTOL
2026-09-30,rut,PLAY
2019-12-31,rut,GNL
2019-12-31,sp600,GNL
2020-03-31,rut,GNL
2020-03-31,sp600,GNL
2020-06-30,rut,GNL
2020-06-30,sp600,GNL
2020-09-30,rut,GNL
2020-09-30,sp600,GNL
2020-12-31,rut,GNL
2020-12-31,sp600,GNL
2021-03-31,rut,GNL
2021-03-31,sp600,GNL
2021-06-30,rut,GNL
2021-06-30,sp600,GNL
2021-09-30,rut,GNL
2021-09-30,sp600,GNL
2021-12-31,rut,GNL
2021-12-31,sp600,GNL
2022-03-31,rut,GNL
2022-03-31,sp600,GNL
2022-06-30,rut,GNL
2022-06-30,sp600,GNL
2022-09-30,rut,GNL
2022-09-30,sp600,GNL
2022-12-31,rut,GNL
2022-12-31,sp600,GNL
2023-03-31,rut,GNL
2023-03-31,sp600,GNL
2023-06-30,rut,GNL
2023-06-30,sp600,GNL
2023-09-30,rut,GNL
2023-09-30,sp600,GNL
2023-12-31,rut,GNL
2023-12-31,sp600,GNL
2024-03-31,rut,GNL
2024-03-31,sp600,GNL
2024-06-30,rut,GNL
2024-06-30,sp600,GNL
2024-09-30,rut,GNL
2024-09-30,sp600,GNL
2024-12-31,rut,GNL
2024-12-31,sp600,GNL
2025-03-31,rut,GNL
2025-03-31,sp600,GNL
2025-06-30,rut,GNL
2025-06-30,sp600,GNL
2025-09-30,rut,GNL
2025-09-30,sp600,GNL
2025-12-31,rut,GNL
2025-12-31,sp600,GNL
2026-03-31,rut,GNL
2026-03-31,sp600,GNL
2026-06-30,rut,GNL
2026-06-30,sp600,GNL
2026-09-30,rut,GNL
2026-09-30,sp600,GNL
2019-12-31,sp400,TRIP
2020-03-31,sp400,TRIP
2020-06-30,sp400,TRIP
2020-09-30,sp400,TRIP
2020-12-31,sp400,TRIP
2021-03-31,sp400,TRIP
2021-06-30,sp400,TRIP
2021-09-30,sp400,TRIP
2021-12-31,sp400,TRIP
2022-03-31,sp400,TRIP
2022-06-30,sp400,TRIP
2022-09-30,sp400,TRIP
2022-12-31,sp400,TRIP
2023-03-31,sp400,TRIP
2023-06-30,sp400,TRIP
2023-09-30,sp600,TRIP
2023-12-31,sp600,TRIP
2024-03-31,sp600,TRIP
2024-06-30,sp600,TRIP
2024-09-30,sp600,TRIP
2024-12-31,sp600,TRIP
2025-03-31,sp600,TRIP
2025-06-30,rut,TRIP
2025-06-30,sp600,TRIP
2025-09-30,rut,TRIP
2025-09-30,sp600,TRIP
2025-12-31,rut,TRIP
2025-12-31,sp600,TRIP
2026-03-31,rut,TRIP
2026-03-31,sp600,TRIP
2026-06-30,rut,TRIP
2026-06-30,sp600,TRIP
2026-09-30,rut,TRIP
2026-09-30,sp600,TRIP
2023-12-31,sp400,CG
2024-03-31,sp400,CG
2024-06-30,sp400,CG
2024-09-30,sp400,CG
2024-12-31,sp400,CG
2025-03-31,sp400,CG
2025-06-30,sp400,CG
2025-09-30,sp400,CG
2025-12-31,sp400,CG
2026-03-31,sp400,CG
2026-06-30,sp400,CG
2026-09-30,sp400,CG
2019-12-31,rut,RC
2019-12-31,sp600,RC
2020-03-31,rut,RC
2020-03-31,sp600,RC
2020-06-30,rut,RC
2020-06-30,sp600,RC
2020-09-30,rut,RC
2020-09-30,sp600,RC
2020-12-31,rut,RC
2020-12-31,sp600,RC
2021-03-31,rut,RC
2021-03-31,sp600,RC
2021-06-30,rut,RC
2021-06-30,sp600,RC
2021-09-30,rut,RC
2021-09-30,sp600,RC
2021-12-31,rut,RC
2021-12-31,sp600,RC
2022-03-31,rut,RC
2022-03-31,sp600,RC
2022-06-30,rut,RC
2022-06-30,sp600,RC
2022-09-30,rut,RC
2022-09-30,sp600,RC
2022-12-31,rut,RC
2022-12-31,sp600,RC
2023-03-31,rut,RC
2023-03-31,sp600,RC
2023-06-30,rut,RC
2023-06-30,sp600,RC
2023-09-30,rut,RC
2023-09-30,sp600,RC
2023-12-31,rut,RC
2023-12-31,sp600,RC
2024-03-31,rut,RC
2024-03-31,sp600,RC
2024-06-30,rut,RC
2024-06-30,sp600,RC
2024-09-30,rut,RC
2024-09-30,sp600,RC
2024-12-31,rut,RC
2024-12-31,sp600,RC
2025-03-31,rut,RC
2025-03-31,sp600,RC
2025-06-30,rut,RC
2025-06-30,sp600,RC
2025-09-30,rut,RC
2025-09-30,sp600,RC
2025-12-31,rut,RC
2026-03-31,rut,RC
2026-06-30,rut,RC
2026-09-30,rut,RC
2025-03-31,sp400,GWRE
2025-06-30,sp400,GWRE
2025-09-30,sp400,GWRE
2025-12-31,sp400,GWRE
2026-03-31,sp400,GWRE
2026-06-30,sp400,GWRE
2026-09-30,sp400,GWRE
2019-12-31,rut,RH
2019-12-31,sp600,RH
2020-03-31,rut,RH
2020-03-31,sp400,RH
2020-06-30,rut,RH
2020-06-30,sp400,RH
2020-09-30,rut,RH
2020-09-30,sp400,RH
2020-12-31,rut,RH
2020-12-31,sp400,RH
2021-03-31,rut,RH
2021-03-31,sp400,RH
2021-06-30,sp400,RH
2021-09-30,sp400,RH
2021-12-31,sp400,RH
2022-03-31,sp400,RH
2022-06-30,sp400,RH
2022-09-30,sp400,RH
2022-12-31,sp400,RH
2023-03-31,sp400,RH
2023-06-30,sp400,RH
2023-09-30,sp400,RH
2023-12-31,sp400,RH
2024-03-31,sp400,RH
2024-06-30,sp400,RH
2024-09-30,sp400,RH
2024-12-31,sp400,RH
2025-03-31,sp400,RH
2025-06-30,sp400,RH
2025-09-30,sp400,RH
2025-12-31,sp400,RH
2026-03-31,sp400,RH
2026-06-30,rut,RH
2026-06-30,sp400,RH
2026-09-30,rut,RH
2026-09-30,sp400,RH
2021-06-30,rut,ALKT
2021-09-30,rut,ALKT
2021-12-31,rut,ALKT
2022-03-31,rut,ALKT
2022-06-30,rut,ALKT
2022-09-30,rut,ALKT
2022-12-31,rut,ALKT
2023-03-31,rut,ALKT
2023-06-30,rut,ALKT
2023-09-30,rut,ALKT
2023-12-31,rut,ALKT
2024-03-31,rut,ALKT
2024-06-30,rut,ALKT
2024-09-30,rut,ALKT
2024-12-31,rut,ALKT
2025-03-31,rut,ALKT
2025-06-30,rut,ALKT
2025-09-30,rut,ALKT
2025-12-31,rut,ALKT
2026-03-31,rut,ALKT
2026-06-30,rut,ALKT
2026-09-30,rut,ALKT
2019-12-31,rut,ENVA
2019-12-31,sp600,ENVA
2020-03-31,rut,ENVA
2020-03-31,sp600,ENVA
2020-06-30,rut,ENVA
2020-06-30,sp600,ENVA
2020-09-30,rut,ENVA
2020-09-30,sp600,ENVA
2020-12-31,rut,ENVA
2020-12-31,sp600,ENVA
2021-03-31,rut,ENVA
2021-03-31,sp600,ENVA
2021-06-30,rut,ENVA
2021-06-30,sp600,ENVA
2021-09-30,rut,ENVA
2021-09-30,sp600,ENVA
2021-12-31,rut,ENVA
2021-12-31,sp600,ENVA
2022-03-31,rut,ENVA
2022-03-31,sp600,ENVA
2022-06-30,rut,ENVA
2022-06-30,sp600,ENVA
2022-09-30,rut,ENVA
2022-09-30,sp600,ENVA
2022-12-31,rut,ENVA
2022-12-31,sp600,ENVA
2023-03-31,rut,ENVA
2023-03-31,sp600,ENVA
2023-06-30,rut,ENVA
2023-06-30,sp600,ENVA
2023-09-30,rut,ENVA
2023-09-30,sp600,ENVA
2023-12-31,rut,ENVA
2023-12-31,sp600,ENVA
2024-03-31,rut,ENVA
2024-03-31,sp600,ENVA
2024-06-30,rut,ENVA
2024-06-30,sp600,ENVA
2024-09-30,rut,ENVA
2024-09-30,sp600,ENVA
2024-12-31,rut,ENVA
2024-12-31,sp600,ENVA
2025-03-31,rut,ENVA
2025-03-31,sp600,ENVA
2025-06-30,rut,ENVA
2025-06-30,sp600,ENVA
2025-09-30,rut,ENVA
2025-09-30,sp600,ENVA
2025-12-31,rut,ENVA
2025-12-31,sp600,ENVA
2026-03-31,rut,ENVA
2026-03-31,sp600,ENVA
2026-06-30,rut,ENVA
2026-06-30,sp600,ENVA
2026-09-30,rut,ENVA
2026-09-30,sp600,ENVA
2020-06-30,sp600,CPRI
2020-09-30,sp600,CPRI
2020-12-31,sp600,CPRI
2021-12-31,sp400,CPRI
2026-09-30,rut,CPRI
2026-09-30,sp600,CPRI
2026-09-30,rut,TROX
2019-12-31,sp400,POST
2020-03-31,sp400,POST
2020-06-30,sp400,POST
2020-09-30,sp400,POST
2020-12-31,sp400,POST
2021-03-31,sp400,POST
2021-06-30,sp400,POST
2021-09-30,sp400,POST
2021-12-31,sp400,POST
2022-03-31,sp400,POST
2022-06-30,sp400,POST
2022-09-30,sp400,POST
2022-12-31,sp400,POST
2023-03-31,sp400,POST
2023-06-30,sp400,POST
2023-09-30,sp400,POST
2023-12-31,sp400,POST
2024-03-31,sp400,POST
2024-06-30,sp400,POST
2024-09-30,sp400,POST
2024-12-31,sp400,POST
2025-03-31,sp400,POST
2025-06-30,sp400,POST
2025-09-30,sp400,POST
2025-12-31,sp400,POST
2026-03-31,sp400,POST
2026-06-30,sp400,POST
2026-09-30,sp400,POST
2019-12-31,rut,BJ
2019-12-31,sp400,BJ
2020-03-31,rut,BJ
2020-03-31,sp400,BJ
2020-06-30,rut,BJ
2020-06-30,sp400,BJ
2020-09-30,rut,BJ
2020-09-30,sp400,BJ
2020-12-31,rut,BJ
2020-12-31,sp400,BJ
2021-03-31,rut,BJ
2021-03-31,sp400,BJ
2021-06-30,rut,BJ
2021-06-30,sp400,BJ
2021-09-30,rut,BJ
2021-09-30,sp400,BJ
2021-12-31,rut,BJ
2021-12-31,sp400,BJ
2022-03-31,rut,BJ
2022-03-31,sp400,BJ
2022-06-30,sp400,BJ
2022-09-30,sp400,BJ
2022-12-31,sp400,BJ
2023-03-31,sp400,BJ
2023-06-30,sp400,BJ
2023-09-30,sp400,BJ
2023-12-31,sp400,BJ
2024-03-31,sp400,BJ
2024-06-30,sp400,BJ
2024-09-30,sp400,BJ
2024-12-31,sp400,BJ
2025-03-31,sp400,BJ
2025-06-30,sp400,BJ
2025-09-30,sp400,BJ
2025-12-31,sp400,BJ
2026-03-31,sp400,BJ
2026-06-30,sp400,BJ
2026-09-30,sp400,BJ
2019-12-31,sp400,PBF
2020-03-31,sp400,PBF
2020-06-30,rut,PBF
2020-06-30,sp400,PBF
2020-09-30,rut,PBF
2020-09-30,sp600,PBF
2020-12-31,rut,PBF
2020-12-31,sp600,PBF
2021-03-31,rut,PBF
2021-03-31,sp600,PBF
2021-06-30,rut,PBF
2021-06-30,sp600,PBF
2021-09-30,rut,PBF
2021-09-30,sp600,PBF
2021-12-31,rut,PBF
2021-12-31,sp600,PBF
2022-03-31,rut,PBF
2022-03-31,sp600,PBF
2022-06-30,rut,PBF
2022-06-30,sp600,PBF
2022-09-30,rut,PBF
2022-09-30,sp600,PBF
2022-12-31,rut,PBF
2022-12-31,sp400,PBF
2023-03-31,rut,PBF
2023-03-31,sp400,PBF
2023-06-30,rut,PBF
2023-06-30,sp400,PBF
2023-09-30,rut,PBF
2023-09-30,sp400,PBF
2023-12-31,rut,PBF
2023-12-31,sp400,PBF
2024-03-31,rut,PBF
2024-03-31,sp400,PBF
2024-06-30,rut,PBF
2024-06-30,sp400,PBF
2024-09-30,rut,PBF
2024-09-30,sp400,PBF
2024-12-31,rut,PBF
2024-12-31,sp400,PBF
2025-03-31,rut,PBF
2025-03-31,sp400,PBF
2025-06-30,rut,PBF
2025-06-30,sp400,PBF
2025-09-30,rut,PBF
2025-09-30,sp400,PBF
2025-12-31,rut,PBF
2025-12-31,sp400,PBF
2026-03-31,rut,PBF
2026-03-31,sp400,PBF
2026-06-30,rut,PBF
2026-06-30,sp400,PBF
2026-09-30,rut,PBF
2026-09-30,sp400,PBF
2026-09-30,rut,TGLS
2021-12-31,sp400,VOYA
2022-03-31,sp400,VOYA
2022-06-30,sp400,VOYA
2022-09-30,sp400,VOYA
2022-12-31,sp400,VOYA
2023-03-31,sp400,VOYA
2023-06-30,sp400,VOYA
2023-09-30,sp400,VOYA
2023-12-31,sp400,VOYA
2024-03-31,sp400,VOYA
2024-06-30,sp400,VOYA
2024-09-30,sp400,VOYA
2024-12-31,sp400,VOYA
2025-03-31,sp400,VOYA
2025-06-30,sp400,VOYA
2025-09-30,sp400,VOYA
2025-12-31,sp400,VOYA
2026-03-31,sp400,VOYA
2026-06-30,sp400,VOYA
2026-09-30,sp400,VOYA
2019-12-31,rut,GOGO
2020-03-31,rut,GOGO
2020-06-30,rut,GOGO
2020-09-30,rut,GOGO
2020-12-31,rut,GOGO
2021-03-31,rut,GOGO
2021-06-30,rut,GOGO
2021-09-30,rut,GOGO
2021-12-31,rut,GOGO
2022-03-31,rut,GOGO
2022-06-30,rut,GOGO
2022-06-30,sp600,GOGO
2022-09-30,rut,GOGO
2022-09-30,sp600,GOGO
2022-12-31,rut,GOGO
2022-12-31,sp600,GOGO
2023-03-31,rut,GOGO
2023-03-31,sp600,GOGO
2023-06-30,rut,GOGO
2023-06-30,sp600,GOGO
2023-09-30,rut,GOGO
2023-09-30,sp600,GOGO
2023-12-31,rut,GOGO
2023-12-31,sp600,GOGO
2024-03-31,rut,GOGO
2024-03-31,sp600,GOGO
2024-06-30,rut,GOGO
2024-06-30,sp600,GOGO
2024-09-30,rut,GOGO
2024-09-30,sp600,GOGO
2024-12-31,rut,GOGO
2024-12-31,sp600,GOGO
2025-03-31,rut,GOGO
2025-03-31,sp600,GOGO
2025-06-30,rut,GOGO
2025-06-30,sp600,GOGO
2025-09-30,rut,GOGO
2025-09-30,sp600,GOGO
2025-12-31,rut,GOGO
2025-12-31,sp600,GOGO
2026-03-31,rut,GOGO
2026-03-31,sp600,GOGO
2026-06-30,rut,GOGO
2026-09-30,rut,GOGO
2024-09-30,rut,IBTA
2024-12-31,rut,IBTA
2025-03-31,rut,IBTA
2025-06-30,rut,IBTA
2025-09-30,rut,IBTA
2025-12-31,rut,IBTA
2026-03-31,rut,IBTA
2026-06-30,rut,IBTA
2026-09-30,rut,IBTA
2019-12-31,rut,TFIN
2019-12-31,sp600,TFIN
2020-03-31,rut,TFIN
2020-03-31,sp600,TFIN
2020-06-30,rut,TFIN
2020-06-30,sp600,TFIN
2020-09-30,rut,TFIN
2020-09-30,sp600,TFIN
2020-12-31,rut,TFIN
2020-12-31,sp600,TFIN
2021-03-31,rut,TFIN
2021-03-31,sp600,TFIN
2021-06-30,rut,TFIN
2021-06-30,sp600,TFIN
2021-09-30,rut,TFIN
2021-09-30,sp600,TFIN
2021-12-31,rut,TFIN
2021-12-31,sp600,TFIN
2022-03-31,rut,TFIN
2022-03-31,sp600,TFIN
2022-06-30,rut,TFIN
2022-06-30,sp600,TFIN
2022-09-30,rut,TFIN
2022-09-30,sp600,TFIN
2022-12-31,rut,TFIN
2022-12-31,sp600,TFIN
2023-03-31,rut,TFIN
2023-03-31,sp600,TFIN
2023-06-30,rut,TFIN
2023-06-30,sp600,TFIN
2023-09-30,rut,TFIN
2023-09-30,sp600,TFIN
2023-12-31,rut,TFIN
2023-12-31,sp600,TFIN
2024-03-31,rut,TFIN
2024-03-31,sp600,TFIN
2024-06-30,rut,TFIN
2024-06-30,sp600,TFIN
2024-09-30,rut,TFIN
2024-09-30,sp600,TFIN
2024-12-31,rut,TFIN
2024-12-31,sp600,TFIN
2025-03-31,rut,TFIN
2025-03-31,sp600,TFIN
2025-06-30,rut,TFIN
2025-06-30,sp600,TFIN
2025-09-30,rut,TFIN
2025-09-30,sp600,TFIN
2025-12-31,rut,TFIN
2025-12-31,sp600,TFIN
2026-03-31,rut,TFIN
2026-03-31,sp600,TFIN
2026-06-30,rut,TFIN
2026-06-30,sp600,TFIN
2026-09-30,rut,TFIN
2026-09-30,sp600,TFIN
2021-06-30,rut,ESRT
2021-09-30,rut,ESRT
2021-12-31,rut,ESRT
2022-03-31,rut,ESRT
2022-06-30,rut,ESRT
2022-09-30,rut,ESRT
2022-12-31,rut,ESRT
2023-03-31,rut,ESRT
2023-06-30,rut,ESRT
2023-09-30,rut,ESRT
2023-12-31,rut,ESRT
2024-03-31,rut,ESRT
2024-06-30,rut,ESRT
2024-09-30,rut,ESRT
2024-12-31,rut,ESRT
2025-03-31,rut,ESRT
2025-06-30,rut,ESRT
2025-09-30,rut,ESRT
2025-12-31,rut,ESRT
2026-03-31,rut,ESRT
2026-06-30,rut,ESRT
2026-09-30,rut,ESRT
2023-06-30,rut,FRSH
2023-09-30,rut,FRSH
2023-12-31,rut,FRSH
2024-03-31,rut,FRSH
2024-06-30,rut,FRSH
2024-09-30,rut,FRSH
2024-12-31,rut,FRSH
2025-03-31,rut,FRSH
2025-06-30,rut,FRSH
2025-09-30,rut,FRSH
2025-12-31,rut,FRSH
2026-03-31,rut,FRSH
2026-06-30,rut,FRSH
2026-09-30,rut,FRSH
2019-12-31,rut,BLMN
2019-12-31,sp600,BLMN
2020-03-31,rut,BLMN
2020-03-31,sp600,BLMN
2020-06-30,rut,BLMN
2020-06-30,sp600,BLMN
2020-09-30,rut,BLMN
2020-09-30,sp600,BLMN
2020-12-31,rut,BLMN
2020-12-31,sp600,BLMN
2021-03-31,rut,BLMN
2021-03-31,sp600,BLMN
2021-06-30,rut,BLMN
2021-06-30,sp600,BLMN
2021-09-30,rut,BLMN
2021-09-30,sp600,BLMN
2021-12-31,rut,BLMN
2021-12-31,sp600,BLMN
2022-03-31,rut,BLMN
2022-03-31,sp600,BLMN
2022-06-30,rut,BLMN
2022-06-30,sp600,BLMN
2022-09-30,rut,BLMN
2022-09-30,sp600,BLMN
2022-12-31,rut,BLMN
2022-12-31,sp600,BLMN
2023-03-31,rut,BLMN
2023-03-31,sp600,BLMN
2023-06-30,rut,BLMN
2023-06-30,sp600,BLMN
2023-09-30,rut,BLMN
2023-09-30,sp600,BLMN
2023-12-31,rut,BLMN
2023-12-31,sp600,BLMN
2024-03-31,rut,BLMN
2024-03-31,sp600,BLMN
2024-06-30,rut,BLMN
2024-06-30,sp600,BLMN
2024-09-30,rut,BLMN
2024-09-30,sp600,BLMN
2024-12-31,rut,BLMN
2024-12-31,sp600,BLMN
2025-03-31,rut,BLMN
2025-03-31,sp600,BLMN
2025-06-30,rut,BLMN
2025-06-30,sp600,BLMN
2025-09-30,rut,BLMN
2025-09-30,sp600,BLMN
2025-12-31,rut,BLMN
2025-12-31,sp600,BLMN
2026-03-31,rut,BLMN
2026-06-30,rut,BLMN
2026-09-30,rut,BLMN
2019-12-31,rut,NGVC
2020-03-31,rut,NGVC
2020-06-30,rut,NGVC
2020-09-30,rut,NGVC
2020-12-31,rut,NGVC
2021-03-31,rut,NGVC
2021-06-30,rut,NGVC
2021-09-30,rut,NGVC
2021-12-31,rut,NGVC
2022-03-31,rut,NGVC
2022-06-30,rut,NGVC
2022-09-30,rut,NGVC
2022-12-31,rut,NGVC
2023-03-31,rut,NGVC
2023-06-30,rut,NGVC
2023-09-30,rut,NGVC
2023-12-31,rut,NGVC
2024-03-31,rut,NGVC
2024-06-30,rut,NGVC
2024-09-30,rut,NGVC
2024-12-31,rut,NGVC
2025-03-31,rut,NGVC
2025-06-30,rut,NGVC
2025-09-30,rut,NGVC
2025-12-31,rut,NGVC
2026-03-31,rut,NGVC
2026-06-30,rut,NGVC
2026-09-30,rut,NGVC
2019-12-31,rut,NMIH
2019-12-31,sp600,NMIH
2020-03-31,rut,NMIH
2020-03-31,sp600,NMIH
2020-06-30,rut,NMIH
2020-06-30,sp600,NMIH
2020-09-30,rut,NMIH
2020-09-30,sp600,NMIH
2020-12-31,rut,NMIH
2020-12-31,sp600,NMIH
2021-03-31,rut,NMIH
2021-03-31,sp600,NMIH
2021-06-30,rut,NMIH
2021-06-30,sp600,NMIH
2021-09-30,rut,NMIH
2021-09-30,sp600,NMIH
2021-12-31,rut,NMIH
2021-12-31,sp600,NMIH
2022-03-31,rut,NMIH
2022-03-31,sp600,NMIH
2022-06-30,rut,NMIH
2022-06-30,sp600,NMIH
2022-09-30,rut,NMIH
2022-09-30,sp600,NMIH
2022-12-31,rut,NMIH
2022-12-31,sp600,NMIH
2023-03-31,rut,NMIH
2023-03-31,sp600,NMIH
2023-06-30,rut,NMIH
2023-06-30,sp600,NMIH
2023-09-30,rut,NMIH
2023-09-30,sp600,NMIH
2023-12-31,rut,NMIH
2023-12-31,sp600,NMIH
2024-03-31,rut,NMIH
2024-03-31,sp600,NMIH
2024-06-30,rut,NMIH
2024-06-30,sp600,NMIH
2024-09-30,rut,NMIH
2024-09-30,sp600,NMIH
2024-12-31,rut,NMIH
2024-12-31,sp600,NMIH
2025-03-31,rut,NMIH
2025-03-31,sp600,NMIH
2025-06-30,rut,NMIH
2025-06-30,sp600,NMIH
2025-09-30,rut,NMIH
2025-09-30,sp600,NMIH
2025-12-31,rut,NMIH
2025-12-31,sp600,NMIH
2026-03-31,rut,NMIH
2026-03-31,sp600,NMIH
2026-06-30,rut,NMIH
2026-06-30,sp600,NMIH
2026-09-30,rut,NMIH
2026-09-30,sp600,NMIH
2020-09-30,rut,NRIX
2020-12-31,rut,NRIX
2021-03-31,rut,NRIX
2021-06-30,rut,NRIX
2021-09-30,rut,NRIX
2021-12-31,rut,NRIX
2022-03-31,rut,NRIX
2022-06-30,rut,NRIX
2022-09-30,rut,NRIX
2022-12-31,rut,NRIX
2023-03-31,rut,NRIX
2023-06-30,rut,NRIX
2023-09-30,rut,NRIX
2023-12-31,rut,NRIX
2024-03-31,rut,NRIX
2024-06-30,rut,NRIX
2024-09-30,rut,NRIX
2024-12-31,rut,NRIX
2025-03-31,rut,NRIX
2025-06-30,rut,NRIX
2025-09-30,rut,NRIX
2025-12-31,rut,NRIX
2026-03-31,rut,NRIX
2026-06-30,rut,NRIX
2026-09-30,rut,NRIX
2019-12-31,rut,PGNY
2020-03-31,rut,PGNY
2020-06-30,rut,PGNY
2020-09-30,rut,PGNY
2020-12-31,rut,PGNY
2021-03-31,rut,PGNY
2021-06-30,rut,PGNY
2021-06-30,sp400,PGNY
2021-09-30,rut,PGNY
2021-09-30,sp400,PGNY
2021-12-31,rut,PGNY
2021-12-31,sp400,PGNY
2022-03-31,rut,PGNY
2022-03-31,sp400,PGNY
2022-06-30,rut,PGNY
2022-06-30,sp400,PGNY
2022-09-30,rut,PGNY
2022-09-30,sp400,PGNY
2022-12-31,rut,PGNY
2022-12-31,sp400,PGNY
2023-03-31,rut,PGNY
2023-03-31,sp400,PGNY
2023-06-30,rut,PGNY
2023-06-30,sp400,PGNY
2023-09-30,rut,PGNY
2023-09-30,sp400,PGNY
2023-12-31,rut,PGNY
2023-12-31,sp400,PGNY
2024-03-31,rut,PGNY
2024-03-31,sp400,PGNY
2024-06-30,rut,PGNY
2024-06-30,sp400,PGNY
2024-09-30,rut,PGNY
2024-09-30,sp600,PGNY
2024-12-31,rut,PGNY
2024-12-31,sp600,PGNY
2025-03-31,rut,PGNY
2025-03-31,sp600,PGNY
2025-06-30,rut,PGNY
2025-06-30,sp600,PGNY
2025-09-30,rut,PGNY
2025-09-30,sp600,PGNY
2025-12-31,rut,PGNY
2025-12-31,sp600,PGNY
2026-03-31,rut,PGNY
2026-03-31,sp600,PGNY
2026-06-30,rut,PGNY
2026-06-30,sp600,PGNY
2026-09-30,rut,PGNY
2026-09-30,sp600,PGNY
2025-09-30,sp400,TRU
2025-12-31,sp400,TRU
2026-03-31,sp400,TRU
2026-06-30,sp400,TRU
2026-09-30,sp400,TRU
2026-03-31,sp600,RITM
2026-06-30,sp600,RITM
2026-09-30,sp600,RITM
2022-03-31,rut,EVTC
2022-03-31,sp600,EVTC
2022-06-30,rut,EVTC
2022-06-30,sp600,EVTC
2022-09-30,rut,EVTC
2022-09-30,sp600,EVTC
2022-12-31,rut,EVTC
2022-12-31,sp600,EVTC
2023-03-31,rut,EVTC
2023-03-31,sp600,EVTC
2023-06-30,rut,EVTC
2023-06-30,sp600,EVTC
2023-09-30,rut,EVTC
2023-09-30,sp600,EVTC
2023-12-31,rut,EVTC
2023-12-31,sp600,EVTC
2024-03-31,rut,EVTC
2024-03-31,sp600,EVTC
2024-06-30,rut,EVTC
2024-06-30,sp600,EVTC
2024-09-30,rut,EVTC
2024-09-30,sp600,EVTC
2024-12-31,rut,EVTC
2024-12-31,sp600,EVTC
2025-03-31,rut,EVTC
2025-03-31,sp600,EVTC
2025-06-30,rut,EVTC
2025-06-30,sp600,EVTC
2025-09-30,rut,EVTC
2025-09-30,sp600,EVTC
2025-12-31,rut,EVTC
2025-12-31,sp600,EVTC
2026-03-31,rut,EVTC
2026-03-31,sp600,EVTC
2026-06-30,rut,EVTC
2026-06-30,sp600,EVTC
2026-09-30,rut,EVTC
2026-09-30,sp600,EVTC
2019-12-31,rut,RPD
2020-03-31,rut,RPD
2020-06-30,rut,RPD
2020-09-30,rut,RPD
2020-12-31,rut,RPD
2021-03-31,rut,RPD
2021-06-30,rut,RPD
2021-09-30,rut,RPD
2021-12-31,rut,RPD
2022-03-31,rut,RPD
2022-06-30,rut,RPD
2022-09-30,rut,RPD
2022-12-31,rut,RPD
2023-03-31,rut,RPD
2023-06-30,rut,RPD
2023-09-30,rut,RPD
2023-12-31,rut,RPD
2024-03-31,rut,RPD
2024-06-30,rut,RPD
2024-09-30,rut,RPD
2024-12-31,rut,RPD
2025-03-31,rut,RPD
2025-06-30,rut,RPD
2025-09-30,rut,RPD
2025-12-31,rut,RPD
2026-03-31,rut,RPD
2026-06-30,rut,RPD
2026-09-30,rut,RPD
2019-12-31,rut,HASI
2020-03-31,rut,HASI
2020-06-30,rut,HASI
2020-09-30,rut,HASI
2020-12-31,rut,HASI
2021-03-31,rut,HASI
2021-06-30,rut,HASI
2021-09-30,rut,HASI
2021-12-31,rut,HASI
2022-03-31,rut,HASI
2022-06-30,rut,HASI
2022-09-30,rut,HASI
2022-12-31,rut,HASI
2023-03-31,rut,HASI
2023-06-30,rut,HASI
2023-09-30,rut,HASI
2023-09-30,sp600,HASI
2023-12-31,rut,HASI
2023-12-31,sp600,HASI
2024-03-31,rut,HASI
2024-03-31,sp600,HASI
2024-06-30,rut,HASI
2024-06-30,sp600,HASI
2024-09-30,rut,HASI
2024-09-30,sp600,HASI
2024-12-31,rut,HASI
2024-12-31,sp600,HASI
2025-03-31,rut,HASI
2025-03-31,sp600,HASI
2025-06-30,rut,HASI
2025-06-30,sp600,HASI
2025-09-30,rut,HASI
2025-09-30,sp600,HASI
2025-12-31,rut,HASI
2025-12-31,sp600,HASI
2026-03-31,rut,HASI
2026-03-31,sp600,HASI
2026-06-30,rut,HASI
2026-06-30,sp600,HASI
2026-09-30,rut,HASI
2026-09-30,sp600,HASI
2022-06-30,rut,DUOL
2022-09-30,rut,DUOL
2022-12-31,rut,DUOL
2023-03-31,rut,DUOL
2023-06-30,rut,DUOL
2023-09-30,rut,DUOL
2023-12-31,rut,DUOL
2024-03-31,rut,DUOL
2024-06-30,rut,DUOL
2024-06-30,sp400,DUOL
2024-09-30,sp400,DUOL
2024-12-31,sp400,DUOL
2025-03-31,sp400,DUOL
2025-06-30,sp400,DUOL
2025-09-30,sp400,DUOL
2025-12-31,sp400,DUOL
2026-03-31,sp400,DUOL
2026-06-30,sp400,DUOL
2026-09-30,sp400,DUOL
2024-03-31,sp400,AMH
2024-06-30,sp400,AMH
2024-09-30,sp400,AMH
2024-12-31,sp400,AMH
2025-03-31,sp400,AMH
2025-06-30,sp400,AMH
2025-09-30,sp400,AMH
2025-12-31,sp400,AMH
2026-03-31,sp400,AMH
2026-06-30,sp400,AMH
2026-09-30,sp400,AMH
2019-12-31,rut,INBK
2020-03-31,rut,INBK
2020-06-30,rut,INBK
2020-09-30,rut,INBK
2020-12-31,rut,INBK
2021-03-31,rut,INBK
2021-06-30,rut,INBK
2021-09-30,rut,INBK
2021-12-31,rut,INBK
2022-03-31,rut,INBK
2022-06-30,rut,INBK
2022-09-30,rut,INBK
2022-12-31,rut,INBK
2023-03-31,rut,INBK
2024-09-30,rut,INBK
2024-12-31,rut,INBK
2025-03-31,rut,INBK
2025-06-30,rut,INBK
2025-09-30,rut,INBK
2025-12-31,rut,INBK
2026-03-31,rut,INBK
2026-06-30,rut,INBK
2026-09-30,rut,INBK
2019-12-31,rut,CIK1562476
2020-03-31,rut,CIK1562476
2020-03-31,sp400,CIK1562476
2020-06-30,rut,CIK1562476
2020-06-30,sp400,CIK1562476
2020-09-30,rut,CIK1562476
2020-09-30,sp400,CIK1562476
2020-12-31,rut,CIK1562476
2020-12-31,sp400,CIK1562476
2021-03-31,rut,CIK1562476
2021-03-31,sp400,CIK1562476
2021-06-30,rut,CIK1562476
2021-06-30,sp400,CIK1562476
2021-09-30,rut,CIK1562476
2021-09-30,sp400,CIK1562476
2021-12-31,rut,CIK1562476
2021-12-31,sp400,CIK1562476
2022-03-31,rut,CIK1562476
2022-03-31,sp400,CIK1562476
2022-06-30,rut,CIK1562476
2022-06-30,sp400,CIK1562476
2022-09-30,rut,CIK1562476
2022-09-30,sp400,CIK1562476
2022-12-31,rut,CIK1562476
2022-12-31,sp400,CIK1562476
2023-03-31,rut,CIK1562476
2023-03-31,sp400,CIK1562476
2023-06-30,rut,CIK1562476
2023-06-30,sp400,CIK1562476
2023-09-30,rut,CIK1562476
2023-09-30,sp400,CIK1562476
2023-12-31,rut,CIK1562476
2023-12-31,sp400,CIK1562476
2024-03-31,rut,CIK1562476
2024-03-31,sp400,CIK1562476
2024-06-30,rut,CIK1562476
2024-06-30,sp400,CIK1562476
2024-09-30,rut,CIK1562476
2024-09-30,sp400,CIK1562476
2024-12-31,rut,CIK1562476
2024-12-31,sp400,CIK1562476
2025-03-31,rut,CIK1562476
2025-03-31,sp400,CIK1562476
2025-06-30,rut,CIK1562476
2025-06-30,sp400,CIK1562476
2025-09-30,rut,CIK1562476
2025-09-30,sp400,CIK1562476
2025-12-31,rut,CIK1562476
2025-12-31,sp400,CIK1562476
2026-03-31,rut,CIK1562476
2026-03-31,sp400,CIK1562476
2026-06-30,rut,CIK1562476
2026-06-30,sp400,CIK1562476
2021-12-31,rut,FBRT
2021-12-31,sp600,FBRT
2022-03-31,rut,FBRT
2022-03-31,sp600,FBRT
2022-06-30,rut,FBRT
2022-06-30,sp600,FBRT
2022-09-30,rut,FBRT
2022-09-30,sp600,FBRT
2022-12-31,rut,FBRT
2022-12-31,sp600,FBRT
2023-03-31,rut,FBRT
2023-03-31,sp600,FBRT
2023-06-30,rut,FBRT
2023-06-30,sp600,FBRT
2023-09-30,rut,FBRT
2023-09-30,sp600,FBRT
2023-12-31,rut,FBRT
2023-12-31,sp600,FBRT
2024-03-31,rut,FBRT
2024-03-31,sp600,FBRT
2024-06-30,rut,FBRT
2024-06-30,sp600,FBRT
2024-09-30,rut,FBRT
2024-09-30,sp600,FBRT
2024-12-31,rut,FBRT
2024-12-31,sp600,FBRT
2025-03-31,rut,FBRT
2025-03-31,sp600,FBRT
2025-06-30,rut,FBRT
2025-06-30,sp600,FBRT
2025-09-30,rut,FBRT
2025-09-30,sp600,FBRT
2025-12-31,rut,FBRT
2025-12-31,sp600,FBRT
2026-03-31,rut,FBRT
2026-03-31,sp600,FBRT
2026-06-30,rut,FBRT
2026-06-30,sp600,FBRT
2026-09-30,rut,FBRT
2022-06-30,rut,COMP
2022-09-30,rut,COMP
2022-12-31,rut,COMP
2023-03-31,rut,COMP
2023-06-30,rut,COMP
2023-09-30,rut,COMP
2023-12-31,rut,COMP
2024-03-31,rut,COMP
2024-06-30,rut,COMP
2024-09-30,rut,COMP
2024-12-31,rut,COMP
2025-03-31,rut,COMP
2025-06-30,rut,COMP
2025-09-30,rut,COMP
2025-12-31,rut,COMP
2026-03-31,rut,COMP
2026-06-30,rut,COMP
2026-09-30,rut,COMP
2026-09-30,rut,PRKS
2026-09-30,sp600,PRKS
2021-09-30,rut,INTA
2021-12-31,rut,INTA
2022-03-31,rut,INTA
2022-06-30,rut,INTA
2022-09-30,rut,INTA
2022-12-31,rut,INTA
2023-03-31,rut,INTA
2023-06-30,rut,INTA
2023-09-30,rut,INTA
2023-12-31,rut,INTA
2024-03-31,rut,INTA
2024-06-30,rut,INTA
2024-09-30,rut,INTA
2024-12-31,rut,INTA
2025-03-31,rut,INTA
2025-06-30,rut,INTA
2025-09-30,rut,INTA
2025-12-31,rut,INTA
2026-03-31,rut,INTA
2026-06-30,rut,INTA
2026-09-30,rut,INTA
2026-09-30,sp400,CNH
2019-12-31,rut,CWEN
2020-03-31,rut,CWEN
2020-06-30,rut,CWEN
2020-09-30,rut,CWEN
2020-12-31,rut,CWEN
2021-03-31,rut,CWEN
2021-06-30,rut,CWEN
2021-09-30,rut,CWEN
2021-12-31,rut,CWEN
2022-03-31,rut,CWEN
2022-06-30,rut,CWEN
2022-09-30,rut,CWEN
2022-12-31,rut,CWEN
2023-03-31,rut,CWEN
2023-12-31,sp600,CWEN
2024-03-31,sp600,CWEN
2024-06-30,sp600,CWEN
2024-09-30,sp600,CWEN
2024-12-31,sp600,CWEN
2025-03-31,sp600,CWEN
2025-06-30,sp600,CWEN
2025-09-30,sp600,CWEN
2025-12-31,sp600,CWEN
2026-03-31,sp600,CWEN
2026-06-30,sp600,CWEN
2026-09-30,sp600,CWEN
2021-06-30,rut,PD
2021-09-30,rut,PD
2021-12-31,rut,PD
2022-03-31,rut,PD
2022-06-30,rut,PD
2022-09-30,rut,PD
2022-12-31,rut,PD
2023-03-31,rut,PD
2023-06-30,rut,PD
2023-09-30,rut,PD
2023-12-31,rut,PD
2024-03-31,rut,PD
2024-06-30,rut,PD
2024-09-30,rut,PD
2024-12-31,rut,PD
2025-03-31,rut,PD
2025-06-30,rut,PD
2025-09-30,rut,PD
2025-12-31,rut,PD
2026-03-31,rut,PD
2026-06-30,rut,PD
2026-09-30,rut,PD
2022-06-30,rut,OSCR
2022-09-30,rut,OSCR
2022-12-31,rut,OSCR
2023-03-31,rut,OSCR
2023-06-30,rut,OSCR
2023-09-30,rut,OSCR
2023-12-31,rut,OSCR
2024-03-31,rut,OSCR
2024-06-30,rut,OSCR
2024-09-30,rut,OSCR
2024-12-31,rut,OSCR
2025-03-31,rut,OSCR
2025-06-30,rut,OSCR
2025-09-30,rut,OSCR
2025-12-31,rut,OSCR
2026-03-31,rut,OSCR
2026-06-30,rut,OSCR
2026-09-30,rut,OSCR
2023-06-30,rut,CXM
2023-09-30,rut,CXM
2023-12-31,rut,CXM
2024-03-31,rut,CXM
2024-03-31,sp600,CXM
2024-06-30,rut,CXM
2024-06-30,sp600,CXM
2024-09-30,rut,CXM
2024-09-30,sp600,CXM
2024-12-31,rut,CXM
2024-12-31,sp600,CXM
2025-03-31,rut,CXM
2025-03-31,sp600,CXM
2025-06-30,rut,CXM
2025-06-30,sp600,CXM
2025-09-30,rut,CXM
2025-09-30,sp600,CXM
2025-12-31,rut,CXM
2025-12-31,sp600,CXM
2026-03-31,rut,CXM
2026-03-31,sp600,CXM
2026-06-30,rut,CXM
2026-06-30,sp600,CXM
2026-09-30,rut,CXM
2026-09-30,sp600,CXM
2022-06-30,rut,VCTR
2022-09-30,rut,VCTR
2022-12-31,rut,VCTR
2023-03-31,rut,VCTR
2023-06-30,rut,VCTR
2023-09-30,rut,VCTR
2023-12-31,rut,VCTR
2024-03-31,rut,VCTR
2024-06-30,rut,VCTR
2024-09-30,rut,VCTR
2024-12-31,rut,VCTR
2025-03-31,rut,VCTR
2025-06-30,rut,VCTR
2025-09-30,rut,VCTR
2025-09-30,sp600,VCTR
2025-12-31,rut,VCTR
2025-12-31,sp600,VCTR
2026-03-31,rut,VCTR
2026-03-31,sp600,VCTR
2026-06-30,rut,VCTR
2026-06-30,sp600,VCTR
2026-09-30,rut,VCTR
2026-09-30,sp600,VCTR
2019-12-31,rut,SAIC
2019-12-31,sp400,SAIC
2020-03-31,rut,SAIC
2020-03-31,sp400,SAIC
2020-06-30,sp400,SAIC
2020-09-30,sp400,SAIC
2020-12-31,sp400,SAIC
2021-03-31,sp400,SAIC
2021-06-30,sp400,SAIC
2021-09-30,sp400,SAIC
2021-12-31,sp400,SAIC
2022-03-31,sp400,SAIC
2022-06-30,sp400,SAIC
2022-09-30,sp400,SAIC
2022-12-31,sp400,SAIC
2023-03-31,sp400,SAIC
2023-06-30,sp400,SAIC
2023-09-30,sp400,SAIC
2023-12-31,sp400,SAIC
2024-03-31,sp400,SAIC
2024-06-30,sp400,SAIC
2024-09-30,sp400,SAIC
2024-12-31,sp400,SAIC
2025-03-31,sp400,SAIC
2025-06-30,sp400,SAIC
2025-09-30,sp400,SAIC
2025-12-31,sp400,SAIC
2026-03-31,sp400,SAIC
2026-06-30,sp400,SAIC
2026-09-30,sp400,SAIC
2019-12-31,rut,REXR
2020-03-31,rut,REXR
2020-09-30,sp400,REXR
2020-12-31,sp400,REXR
2021-03-31,sp400,REXR
2021-06-30,sp400,REXR
2021-09-30,sp400,REXR
2021-12-31,sp400,REXR
2022-03-31,sp400,REXR
2022-06-30,sp400,REXR
2022-09-30,sp400,REXR
2022-12-31,sp400,REXR
2023-03-31,sp400,REXR
2023-06-30,sp400,REXR
2023-09-30,sp400,REXR
2023-12-31,sp400,REXR
2024-03-31,sp400,REXR
2024-06-30,sp400,REXR
2024-09-30,sp400,REXR
2024-12-31,sp400,REXR
2025-03-31,sp400,REXR
2025-06-30,sp400,REXR
2025-09-30,sp400,REXR
2025-12-31,sp400,REXR
2026-03-31,sp400,REXR
2026-06-30,sp400,REXR
2026-09-30,sp400,REXR
2019-12-31,rut,MUSA
2019-12-31,sp400,MUSA
2020-03-31,rut,MUSA
2020-03-31,sp400,MUSA
2020-06-30,rut,MUSA
2020-06-30,sp400,MUSA
2020-09-30,rut,MUSA
2020-09-30,sp400,MUSA
2020-12-31,rut,MUSA
2020-12-31,sp400,MUSA
2021-03-31,rut,MUSA
2021-03-31,sp400,MUSA
2021-06-30,rut,MUSA
2021-06-30,sp400,MUSA
2021-09-30,rut,MUSA
2021-09-30,sp400,MUSA
2021-12-31,rut,MUSA
2021-12-31,sp400,MUSA
2022-03-31,rut,MUSA
2022-03-31,sp400,MUSA
2022-06-30,rut,MUSA
2022-06-30,sp400,MUSA
2022-09-30,rut,MUSA
2022-09-30,sp400,MUSA
2022-12-31,rut,MUSA
2022-12-31,sp400,MUSA
2023-03-31,rut,MUSA
2023-03-31,sp400,MUSA
2023-06-30,sp400,MUSA
2023-09-30,sp400,MUSA
2023-12-31,sp400,MUSA
2024-03-31,sp400,MUSA
2024-06-30,sp400,MUSA
2024-09-30,sp400,MUSA
2024-12-31,sp400,MUSA
2025-03-31,sp400,MUSA
2025-06-30,sp400,MUSA
2025-09-30,sp400,MUSA
2025-12-31,sp400,MUSA
2026-03-31,sp400,MUSA
2026-06-30,sp400,MUSA
2026-09-30,sp400,MUSA
2019-12-31,sp400,SFM
2020-03-31,sp400,SFM
2020-06-30,sp400,SFM
2020-09-30,sp400,SFM
2020-12-31,sp400,SFM
2021-03-31,sp400,SFM
2021-06-30,rut,SFM
2021-06-30,sp400,SFM
2021-09-30,rut,SFM
2021-09-30,sp400,SFM
2021-12-31,rut,SFM
2021-12-31,sp400,SFM
2022-03-31,rut,SFM
2022-03-31,sp400,SFM
2022-06-30,rut,SFM
2022-06-30,sp400,SFM
2022-09-30,rut,SFM
2022-09-30,sp400,SFM
2022-12-31,rut,SFM
2022-12-31,sp400,SFM
2023-03-31,rut,SFM
2023-03-31,sp400,SFM
2023-06-30,rut,SFM
2023-06-30,sp400,SFM
2023-09-30,rut,SFM
2023-09-30,sp400,SFM
2023-12-31,rut,SFM
2023-12-31,sp400,SFM
2024-03-31,rut,SFM
2024-03-31,sp400,SFM
2024-06-30,rut,SFM
2024-06-30,sp400,SFM
2024-09-30,rut,SFM
2024-09-30,sp400,SFM
2024-12-31,rut,SFM
2024-12-31,sp400,SFM
2025-03-31,rut,SFM
2025-03-31,sp400,SFM
2025-06-30,rut,SFM
2025-06-30,sp400,SFM
2025-09-30,sp400,SFM
2025-12-31,sp400,SFM
2026-03-31,sp400,SFM
2026-06-30,sp400,SFM
2026-09-30,sp400,SFM
2023-09-30,sp400,GLPI
2023-12-31,sp400,GLPI
2024-03-31,sp400,GLPI
2024-06-30,sp400,GLPI
2024-09-30,sp400,GLPI
2024-12-31,sp400,GLPI
2025-03-31,sp400,GLPI
2025-06-30,sp400,GLPI
2025-09-30,sp400,GLPI
2025-12-31,sp400,GLPI
2026-03-31,sp400,GLPI
2026-06-30,sp400,GLPI
2026-09-30,sp400,GLPI
2026-09-30,rut,SPNT
2026-09-30,sp600,SPNT
2023-06-30,rut,GH
2023-09-30,rut,GH
2023-12-31,rut,GH
2024-03-31,rut,GH
2024-06-30,rut,GH
2024-09-30,rut,GH
2024-12-31,rut,GH
2025-03-31,rut,GH
2025-06-30,rut,GH
2025-09-30,rut,GH
2025-12-31,rut,GH
2026-03-31,rut,GH
2019-12-31,rut,CCS
2019-12-31,sp600,CCS
2020-03-31,rut,CCS
2020-03-31,sp600,CCS
2020-06-30,rut,CCS
2020-06-30,sp600,CCS
2020-09-30,rut,CCS
2020-09-30,sp600,CCS
2020-12-31,rut,CCS
2020-12-31,sp600,CCS
2021-03-31,rut,CCS
2021-03-31,sp600,CCS
2021-06-30,rut,CCS
2021-06-30,sp600,CCS
2021-09-30,rut,CCS
2021-09-30,sp600,CCS
2021-12-31,rut,CCS
2021-12-31,sp600,CCS
2022-03-31,rut,CCS
2022-03-31,sp600,CCS
2022-06-30,rut,CCS
2022-06-30,sp600,CCS
2022-09-30,rut,CCS
2022-09-30,sp600,CCS
2022-12-31,rut,CCS
2022-12-31,sp600,CCS
2023-03-31,rut,CCS
2023-03-31,sp600,CCS
2023-06-30,rut,CCS
2023-06-30,sp600,CCS
2023-09-30,rut,CCS
2023-09-30,sp600,CCS
2023-12-31,rut,CCS
2023-12-31,sp600,CCS
2024-03-31,rut,CCS
2024-03-31,sp600,CCS
2024-06-30,rut,CCS
2024-06-30,sp600,CCS
2024-09-30,rut,CCS
2024-09-30,sp600,CCS
2024-12-31,rut,CCS
2024-12-31,sp600,CCS
2025-03-31,rut,CCS
2025-03-31,sp600,CCS
2025-06-30,rut,CCS
2025-06-30,sp600,CCS
2025-09-30,rut,CCS
2025-09-30,sp600,CCS
2025-12-31,rut,CCS
2025-12-31,sp600,CCS
2026-03-31,rut,CCS
2026-03-31,sp600,CCS
2026-06-30,rut,CCS
2026-06-30,sp600,CCS
2026-09-30,rut,CCS
2026-09-30,sp600,CCS
2019-12-31,rut,SFIX
2020-03-31,rut,SFIX
2020-06-30,rut,SFIX
2020-09-30,rut,SFIX
2020-12-31,rut,SFIX
2021-03-31,rut,SFIX
2021-06-30,rut,SFIX
2021-09-30,rut,SFIX
2021-12-31,rut,SFIX
2022-03-31,rut,SFIX
2022-06-30,rut,SFIX
2022-09-30,rut,SFIX
2022-12-31,rut,SFIX
2023-03-31,rut,SFIX
2023-06-30,rut,SFIX
2023-09-30,rut,SFIX
2023-12-31,rut,SFIX
2024-03-31,rut,SFIX
2024-06-30,rut,SFIX
2024-09-30,rut,SFIX
2024-12-31,rut,SFIX
2025-03-31,rut,SFIX
2025-06-30,rut,SFIX
2025-09-30,rut,SFIX
2025-12-31,rut,SFIX
2026-03-31,rut,SFIX
2026-06-30,rut,SFIX
2026-09-30,rut,SFIX
2022-06-30,rut,AI
2022-09-30,rut,AI
2022-12-31,rut,AI
2023-03-31,rut,AI
2023-06-30,rut,AI
2023-09-30,rut,AI
2023-12-31,rut,AI
2024-03-31,rut,AI
2024-06-30,rut,AI
2024-09-30,rut,AI
2024-12-31,rut,AI
2025-03-31,rut,AI
2025-06-30,rut,AI
2025-09-30,rut,AI
2025-12-31,rut,AI
2026-03-31,rut,AI
2026-06-30,rut,AI
2026-09-30,rut,AI
2019-12-31,rut,LADR
2020-03-31,rut,LADR
2020-06-30,rut,LADR
2020-09-30,rut,LADR
2020-12-31,rut,LADR
2021-03-31,rut,LADR
2021-06-30,rut,LADR
2021-09-30,rut,LADR
2021-12-31,rut,LADR
2022-03-31,rut,LADR
2022-06-30,rut,LADR
2022-09-30,rut,LADR
2022-12-31,rut,LADR
2023-03-31,rut,LADR
2023-06-30,rut,LADR
2023-09-30,rut,LADR
2023-12-31,rut,LADR
2024-03-31,rut,LADR
2024-06-30,rut,LADR
2024-09-30,rut,LADR
2024-12-31,rut,LADR
2025-03-31,rut,LADR
2025-06-30,rut,LADR
2025-09-30,rut,LADR
2025-12-31,rut,LADR
2026-03-31,rut,LADR
2026-06-30,rut,LADR
2026-09-30,rut,LADR
2025-03-31,sp400,CART
2025-06-30,sp400,CART
2025-09-30,sp400,CART
2025-12-31,sp400,CART
2026-03-31,sp400,CART
2026-06-30,sp400,CART
2026-09-30,sp400,CART
2023-12-31,sp400,BURL
2024-03-31,sp400,BURL
2024-06-30,sp400,BURL
2024-09-30,sp400,BURL
2024-12-31,sp400,BURL
2025-03-31,sp400,BURL
2025-06-30,sp400,BURL
2025-09-30,sp400,BURL
2025-12-31,sp400,BURL
2026-03-31,sp400,BURL
2026-06-30,sp400,BURL
2026-09-30,sp400,BURL
2019-12-31,rut,AXSM
2020-03-31,rut,AXSM
2020-06-30,rut,AXSM
2020-09-30,rut,AXSM
2020-12-31,rut,AXSM
2021-03-31,rut,AXSM
2021-06-30,rut,AXSM
2021-09-30,rut,AXSM
2021-12-31,rut,AXSM
2022-03-31,rut,AXSM
2022-06-30,rut,AXSM
2022-09-30,rut,AXSM
2022-12-31,rut,AXSM
2023-03-31,rut,AXSM
2023-06-30,rut,AXSM
2023-09-30,rut,AXSM
2023-12-31,rut,AXSM
2024-03-31,rut,AXSM
2024-06-30,rut,AXSM
2024-09-30,rut,AXSM
2024-12-31,rut,AXSM
2025-03-31,rut,AXSM
2025-06-30,rut,AXSM
2025-09-30,rut,AXSM
2025-12-31,rut,AXSM
2026-03-31,rut,AXSM
2019-12-31,rut,TDAY
2019-12-31,sp600,TDAY
2020-03-31,rut,TDAY
2020-03-31,sp600,TDAY
2020-06-30,rut,TDAY
2020-06-30,sp600,TDAY
2020-09-30,rut,TDAY
2020-09-30,sp600,TDAY
2020-12-31,rut,TDAY
2020-12-31,sp600,TDAY
2021-03-31,rut,TDAY
2021-03-31,sp600,TDAY
2021-06-30,rut,TDAY
2021-06-30,sp600,TDAY
2021-09-30,rut,TDAY
2021-09-30,sp600,TDAY
2021-12-31,rut,TDAY
2021-12-31,sp600,TDAY
2022-03-31,rut,TDAY
2022-03-31,sp600,TDAY
2022-06-30,rut,TDAY
2022-06-30,sp600,TDAY
2022-09-30,rut,TDAY
2022-09-30,sp600,TDAY
2022-12-31,rut,TDAY
2022-12-31,sp600,TDAY
2023-03-31,rut,TDAY
2023-03-31,sp600,TDAY
2023-06-30,rut,TDAY
2023-09-30,rut,TDAY
2023-12-31,rut,TDAY
2024-03-31,rut,TDAY
2024-06-30,rut,TDAY
2024-09-30,rut,TDAY
2024-12-31,rut,TDAY
2025-03-31,rut,TDAY
2025-06-30,rut,TDAY
2025-09-30,rut,TDAY
2025-12-31,rut,TDAY
2026-03-31,rut,TDAY
2026-06-30,rut,TDAY
2026-09-30,rut,TDAY
2020-09-30,rut,VITL
2020-12-31,rut,VITL
2021-03-31,rut,VITL
2021-06-30,rut,VITL
2021-09-30,rut,VITL
2021-12-31,rut,VITL
2022-03-31,rut,VITL
2022-06-30,rut,VITL
2022-09-30,rut,VITL
2022-12-31,rut,VITL
2023-03-31,rut,VITL
2023-06-30,rut,VITL
2023-09-30,rut,VITL
2023-12-31,rut,VITL
2024-03-31,rut,VITL
2024-06-30,rut,VITL
2024-09-30,rut,VITL
2024-12-31,rut,VITL
2025-03-31,rut,VITL
2025-06-30,rut,VITL
2025-09-30,rut,VITL
2025-12-31,rut,VITL
2025-12-31,sp600,VITL
2026-03-31,rut,VITL
2026-03-31,sp600,VITL
2026-06-30,rut,VITL
2026-09-30,rut,VITL
2021-06-30,rut,OUT
2021-09-30,rut,OUT
2021-12-31,rut,OUT
2022-03-31,rut,OUT
2022-06-30,rut,OUT
2022-09-30,rut,OUT
2022-09-30,sp600,OUT
2022-12-31,rut,OUT
2022-12-31,sp600,OUT
2023-03-31,rut,OUT
2023-03-31,sp600,OUT
2023-06-30,rut,OUT
2023-06-30,sp600,OUT
2023-09-30,rut,OUT
2023-09-30,sp600,OUT
2023-12-31,rut,OUT
2023-12-31,sp600,OUT
2024-03-31,rut,OUT
2024-03-31,sp600,OUT
2024-06-30,rut,OUT
2024-06-30,sp600,OUT
2024-09-30,rut,OUT
2024-09-30,sp600,OUT
2024-12-31,rut,OUT
2024-12-31,sp600,OUT
2025-03-31,rut,OUT
2025-03-31,sp600,OUT
2025-06-30,rut,OUT
2025-06-30,sp600,OUT
2025-09-30,rut,OUT
2025-09-30,sp600,OUT
2025-12-31,rut,OUT
2025-12-31,sp600,OUT
2026-03-31,rut,OUT
2026-03-31,sp600,OUT
2026-06-30,rut,OUT
2026-06-30,sp600,OUT
2026-09-30,rut,OUT
2026-09-30,sp600,OUT
2021-09-30,rut,FLYW
2021-12-31,rut,FLYW
2022-03-31,rut,FLYW
2022-06-30,rut,FLYW
2022-09-30,rut,FLYW
2022-12-31,rut,FLYW
2023-03-31,rut,FLYW
2023-06-30,rut,FLYW
2023-09-30,rut,FLYW
2023-12-31,rut,FLYW
2024-03-31,rut,FLYW
2024-06-30,rut,FLYW
2024-09-30,rut,FLYW
2024-12-31,rut,FLYW
2025-03-31,rut,FLYW
2025-06-30,rut,FLYW
2025-09-30,rut,FLYW
2025-12-31,rut,FLYW
2026-03-31,rut,FLYW
2026-06-30,rut,FLYW
2026-09-30,rut,FLYW
2019-12-31,rut,LGIH
2019-12-31,sp600,LGIH
2020-03-31,rut,LGIH
2020-03-31,sp600,LGIH
2020-06-30,rut,LGIH
2020-06-30,sp600,LGIH
2020-09-30,rut,LGIH
2020-09-30,sp600,LGIH
2020-12-31,rut,LGIH
2020-12-31,sp600,LGIH
2021-03-31,rut,LGIH
2021-03-31,sp600,LGIH
2021-06-30,rut,LGIH
2021-06-30,sp600,LGIH
2021-09-30,rut,LGIH
2021-09-30,sp600,LGIH
2021-12-31,rut,LGIH
2021-12-31,sp600,LGIH
2022-03-31,rut,LGIH
2022-03-31,sp600,LGIH
2022-06-30,rut,LGIH
2022-06-30,sp600,LGIH
2022-09-30,rut,LGIH
2022-09-30,sp600,LGIH
2022-12-31,rut,LGIH
2022-12-31,sp600,LGIH
2023-03-31,rut,LGIH
2023-03-31,sp600,LGIH
2023-06-30,rut,LGIH
2023-06-30,sp600,LGIH
2023-09-30,rut,LGIH
2023-09-30,sp600,LGIH
2023-12-31,rut,LGIH
2023-12-31,sp600,LGIH
2024-03-31,rut,LGIH
2024-03-31,sp600,LGIH
2024-06-30,rut,LGIH
2024-06-30,sp600,LGIH
2024-09-30,rut,LGIH
2024-09-30,sp600,LGIH
2024-12-31,rut,LGIH
2024-12-31,sp600,LGIH
2025-03-31,rut,LGIH
2025-03-31,sp600,LGIH
2025-06-30,rut,LGIH
2025-06-30,sp600,LGIH
2025-09-30,rut,LGIH
2025-09-30,sp600,LGIH
2025-12-31,rut,LGIH
2025-12-31,sp600,LGIH
2026-03-31,rut,LGIH
2026-03-31,sp600,LGIH
2026-06-30,rut,LGIH
2026-06-30,sp600,LGIH
2026-09-30,rut,LGIH
2026-09-30,sp600,LGIH
2019-12-31,rut,ATEN
2020-03-31,rut,ATEN
2020-06-30,rut,ATEN
2020-09-30,rut,ATEN
2020-12-31,rut,ATEN
2021-03-31,rut,ATEN
2021-06-30,rut,ATEN
2021-09-30,rut,ATEN
2021-12-31,rut,ATEN
2022-03-31,rut,ATEN
2022-06-30,rut,ATEN
2022-06-30,sp600,ATEN
2022-09-30,rut,ATEN
2022-09-30,sp600,ATEN
2022-12-31,rut,ATEN
2022-12-31,sp600,ATEN
2023-03-31,rut,ATEN
2023-03-31,sp600,ATEN
2023-06-30,rut,ATEN
2023-06-30,sp600,ATEN
2023-09-30,rut,ATEN
2023-09-30,sp600,ATEN
2023-12-31,rut,ATEN
2023-12-31,sp600,ATEN
2024-03-31,rut,ATEN
2024-03-31,sp600,ATEN
2024-06-30,rut,ATEN
2024-06-30,sp600,ATEN
2024-09-30,rut,ATEN
2024-09-30,sp600,ATEN
2024-12-31,rut,ATEN
2024-12-31,sp600,ATEN
2025-03-31,rut,ATEN
2025-03-31,sp600,ATEN
2025-06-30,rut,ATEN
2025-06-30,sp600,ATEN
2025-09-30,rut,ATEN
2025-09-30,sp600,ATEN
2025-12-31,rut,ATEN
2025-12-31,sp600,ATEN
2026-03-31,rut,ATEN
2026-03-31,sp600,ATEN
2026-06-30,rut,ATEN
2026-06-30,sp600,ATEN
2026-09-30,rut,ATEN
2026-09-30,sp600,ATEN
2019-12-31,rut,IBP
2019-12-31,sp600,IBP
2020-03-31,rut,IBP
2020-03-31,sp600,IBP
2020-06-30,rut,IBP
2020-06-30,sp600,IBP
2020-09-30,rut,IBP
2020-09-30,sp600,IBP
2020-12-31,rut,IBP
2020-12-31,sp600,IBP
2021-03-31,rut,IBP
2021-03-31,sp600,IBP
2021-06-30,rut,IBP
2021-06-30,sp600,IBP
2021-09-30,rut,IBP
2021-09-30,sp600,IBP
2021-12-31,rut,IBP
2021-12-31,sp600,IBP
2022-03-31,rut,IBP
2022-03-31,sp600,IBP
2022-06-30,rut,IBP
2022-06-30,sp600,IBP
2022-09-30,rut,IBP
2022-09-30,sp600,IBP
2022-12-31,rut,IBP
2022-12-31,sp600,IBP
2023-03-31,rut,IBP
2023-03-31,sp600,IBP
2023-06-30,rut,IBP
2023-06-30,sp600,IBP
2023-09-30,rut,IBP
2023-09-30,sp600,IBP
2023-12-31,rut,IBP
2023-12-31,sp600,IBP
2024-03-31,rut,IBP
2024-03-31,sp600,IBP
2024-06-30,rut,IBP
2024-06-30,sp600,IBP
2024-09-30,rut,IBP
2024-09-30,sp600,IBP
2024-12-31,rut,IBP
2024-12-31,sp600,IBP
2025-03-31,rut,IBP
2025-03-31,sp600,IBP
2025-06-30,rut,IBP
2025-06-30,sp600,IBP
2025-09-30,rut,IBP
2025-09-30,sp600,IBP
2025-12-31,rut,IBP
2025-12-31,sp600,IBP
2026-03-31,rut,IBP
2026-03-31,sp600,IBP
2026-06-30,rut,IBP
2026-06-30,sp600,IBP
2026-09-30,rut,IBP
2026-09-30,sp600,IBP
2019-12-31,sp400,BRX
2020-03-31,sp400,BRX
2020-06-30,sp400,BRX
2020-09-30,sp400,BRX
2020-12-31,sp400,BRX
2021-03-31,sp400,BRX
2021-06-30,sp400,BRX
2021-09-30,sp400,BRX
2021-12-31,sp400,BRX
2022-03-31,sp400,BRX
2022-06-30,sp400,BRX
2022-09-30,sp400,BRX
2022-12-31,sp400,BRX
2023-03-31,sp400,BRX
2023-06-30,sp400,BRX
2023-09-30,sp400,BRX
2023-12-31,sp400,BRX
2024-03-31,sp400,BRX
2024-06-30,sp400,BRX
2024-09-30,sp400,BRX
2024-12-31,sp400,BRX
2025-03-31,sp400,BRX
2025-06-30,sp400,BRX
2025-09-30,sp400,BRX
2025-12-31,sp400,BRX
2026-03-31,sp400,BRX
2026-06-30,sp400,BRX
2026-09-30,sp400,BRX
2019-12-31,rut,TWST
2020-03-31,rut,TWST
2020-06-30,rut,TWST
2020-09-30,rut,TWST
2020-12-31,rut,TWST
2021-03-31,rut,TWST
2021-06-30,rut,TWST
2021-09-30,rut,TWST
2021-12-31,rut,TWST
2022-03-31,rut,TWST
2022-06-30,rut,TWST
2022-09-30,rut,TWST
2022-12-31,rut,TWST
2023-03-31,rut,TWST
2023-06-30,rut,TWST
2023-09-30,rut,TWST
2023-12-31,rut,TWST
2024-03-31,rut,TWST
2024-06-30,rut,TWST
2024-09-30,rut,TWST
2024-12-31,rut,TWST
2025-03-31,rut,TWST
2025-06-30,rut,TWST
2025-09-30,rut,TWST
2025-12-31,rut,TWST
2026-03-31,rut,TWST
2026-06-30,rut,TWST
2026-09-30,rut,TWST
2024-09-30,rut,LIF
2024-12-31,rut,LIF
2025-03-31,rut,LIF
2025-06-30,rut,LIF
2025-09-30,rut,LIF
2025-12-31,rut,LIF
2026-03-31,rut,LIF
2026-03-31,sp600,LIF
2026-06-30,rut,LIF
2026-06-30,sp600,LIF
2026-09-30,rut,LIF
2026-09-30,sp600,LIF
2025-06-30,rut,XENE
2025-09-30,rut,XENE
2025-12-31,rut,XENE
2026-03-31,rut,XENE
2026-06-30,rut,XENE
2026-09-30,rut,XENE
2021-06-30,rut,DOCN
2021-09-30,rut,DOCN
2021-12-31,rut,DOCN
2022-03-31,rut,DOCN
2022-06-30,rut,DOCN
2022-09-30,rut,DOCN
2022-12-31,rut,DOCN
2023-03-31,rut,DOCN
2023-06-30,rut,DOCN
2023-09-30,rut,DOCN
2023-12-31,rut,DOCN
2024-03-31,rut,DOCN
2024-06-30,rut,DOCN
2024-06-30,sp600,DOCN
2024-09-30,rut,DOCN
2024-09-30,sp600,DOCN
2024-12-31,rut,DOCN
2024-12-31,sp600,DOCN
2025-03-31,rut,DOCN
2025-03-31,sp600,DOCN
2025-06-30,rut,DOCN
2025-06-30,sp600,DOCN
2025-09-30,rut,DOCN
2025-09-30,sp600,DOCN
2025-12-31,rut,DOCN
2025-12-31,sp600,DOCN
2026-03-31,rut,DOCN
2026-03-31,sp600,DOCN
2026-06-30,sp400,DOCN
2026-09-30,sp400,DOCN
2023-03-31,sp400,ARMK
2023-06-30,sp400,ARMK
2023-09-30,sp400,ARMK
2023-12-31,sp400,ARMK
2024-03-31,sp400,ARMK
2024-06-30,sp400,ARMK
2024-09-30,sp400,ARMK
2024-12-31,sp400,ARMK
2025-03-31,sp400,ARMK
2025-06-30,sp400,ARMK
2025-09-30,sp400,ARMK
2025-12-31,sp400,ARMK
2026-03-31,sp400,ARMK
2026-06-30,sp400,ARMK
2026-09-30,sp400,ARMK
2026-09-30,rut,PRGO
2026-09-30,sp600,PRGO
2025-06-30,rut,SMA
2025-09-30,rut,SMA
2025-12-31,rut,SMA
2026-03-31,rut,SMA
2026-06-30,rut,SMA
2026-09-30,rut,SMA
2019-12-31,rut,KN
2019-12-31,sp600,KN
2020-03-31,rut,KN
2020-03-31,sp600,KN
2020-06-30,rut,KN
2020-06-30,sp600,KN
2020-09-30,rut,KN
2020-09-30,sp600,KN
2020-12-31,rut,KN
2020-12-31,sp600,KN
2021-03-31,rut,KN
2021-03-31,sp600,KN
2021-06-30,rut,KN
2021-06-30,sp600,KN
2021-09-30,rut,KN
2021-09-30,sp600,KN
2021-12-31,rut,KN
2021-12-31,sp600,KN
2022-03-31,rut,KN
2022-03-31,sp600,KN
2022-06-30,rut,KN
2022-06-30,sp600,KN
2022-09-30,rut,KN
2022-09-30,sp600,KN
2022-12-31,rut,KN
2022-12-31,sp600,KN
2023-03-31,rut,KN
2023-03-31,sp600,KN
2023-06-30,rut,KN
2023-06-30,sp600,KN
2023-09-30,rut,KN
2023-09-30,sp600,KN
2023-12-31,rut,KN
2023-12-31,sp600,KN
2024-03-31,rut,KN
2024-03-31,sp600,KN
2024-06-30,rut,KN
2024-06-30,sp600,KN
2024-09-30,rut,KN
2024-09-30,sp600,KN
2024-12-31,rut,KN
2024-12-31,sp600,KN
2025-03-31,rut,KN
2025-03-31,sp600,KN
2025-06-30,rut,KN
2025-06-30,sp600,KN
2025-09-30,rut,KN
2025-09-30,sp600,KN
2025-12-31,rut,KN
2025-12-31,sp600,KN
2026-03-31,rut,KN
2026-03-31,sp600,KN
2026-06-30,rut,KN
2026-06-30,sp600,KN
2026-09-30,rut,KN
2026-09-30,sp600,KN
2019-12-31,rut,OGS
2019-12-31,sp400,OGS
2020-03-31,rut,OGS
2020-03-31,sp400,OGS
2020-06-30,rut,OGS
2020-06-30,sp400,OGS
2020-09-30,rut,OGS
2020-09-30,sp400,OGS
2020-12-31,rut,OGS
2020-12-31,sp400,OGS
2021-03-31,rut,OGS
2021-03-31,sp400,OGS
2021-06-30,rut,OGS
2021-06-30,sp400,OGS
2021-09-30,rut,OGS
2021-09-30,sp400,OGS
2021-12-31,rut,OGS
2021-12-31,sp400,OGS
2022-03-31,rut,OGS
2022-03-31,sp400,OGS
2022-06-30,rut,OGS
2022-06-30,sp400,OGS
2022-09-30,rut,OGS
2022-09-30,sp400,OGS
2022-12-31,rut,OGS
2022-12-31,sp400,OGS
2023-03-31,rut,OGS
2023-03-31,sp400,OGS
2023-06-30,rut,OGS
2023-06-30,sp400,OGS
2023-09-30,rut,OGS
2023-09-30,sp400,OGS
2023-12-31,rut,OGS
2023-12-31,sp400,OGS
2024-03-31,rut,OGS
2024-03-31,sp400,OGS
2024-06-30,rut,OGS
2024-06-30,sp400,OGS
2024-09-30,rut,OGS
2024-09-30,sp400,OGS
2024-12-31,rut,OGS
2024-12-31,sp400,OGS
2025-03-31,rut,OGS
2025-03-31,sp400,OGS
2025-06-30,rut,OGS
2025-06-30,sp400,OGS
2025-09-30,rut,OGS
2025-09-30,sp400,OGS
2025-12-31,rut,OGS
2025-12-31,sp400,OGS
2026-03-31,rut,OGS
2026-03-31,sp400,OGS
2026-06-30,rut,OGS
2026-06-30,sp400,OGS
2026-09-30,rut,OGS
2026-09-30,sp400,OGS
2021-12-31,rut,PRCT
2022-03-31,rut,PRCT
2022-06-30,rut,PRCT
2022-09-30,rut,PRCT
2022-12-31,rut,PRCT
2023-03-31,rut,PRCT
2023-06-30,rut,PRCT
2023-09-30,rut,PRCT
2023-12-31,rut,PRCT
2024-03-31,rut,PRCT
2024-06-30,rut,PRCT
2024-09-30,rut,PRCT
2024-12-31,rut,PRCT
2025-03-31,rut,PRCT
2025-06-30,rut,PRCT
2025-09-30,rut,PRCT
2025-12-31,rut,PRCT
2026-03-31,rut,PRCT
2026-06-30,rut,PRCT
2026-09-30,rut,PRCT
2019-12-31,rut,BLBD
2020-03-31,rut,BLBD
2020-06-30,rut,BLBD
2020-09-30,rut,BLBD
2020-12-31,rut,BLBD
2021-03-31,rut,BLBD
2021-06-30,rut,BLBD
2021-09-30,rut,BLBD
2021-12-31,rut,BLBD
2022-03-31,rut,BLBD
2022-06-30,rut,BLBD
2022-09-30,rut,BLBD
2022-12-31,rut,BLBD
2023-03-31,rut,BLBD
2023-06-30,rut,BLBD
2023-09-30,rut,BLBD
2023-12-31,rut,BLBD
2024-03-31,rut,BLBD
2024-06-30,rut,BLBD
2024-09-30,rut,BLBD
2024-12-31,rut,BLBD
2025-03-31,rut,BLBD
2025-06-30,rut,BLBD
2025-09-30,rut,BLBD
2025-12-31,rut,BLBD
2026-03-31,rut,BLBD
2026-06-30,rut,BLBD
2026-09-30,rut,BLBD
2022-09-30,rut,FTAI
2024-06-30,rut,FTAI
2024-09-30,rut,FTAI
2024-12-31,rut,FTAI
2025-03-31,rut,FTAI
2025-03-31,sp600,ESI
2025-06-30,sp600,ESI
2025-09-30,sp600,ESI
2025-12-31,sp600,ESI
2026-03-31,sp600,ESI
2026-06-30,sp600,ESI
2026-09-30,sp600,ESI
2019-12-31,rut,CTRE
2019-12-31,sp600,CTRE
2020-03-31,rut,CTRE
2020-03-31,sp600,CTRE
2020-06-30,rut,CTRE
2020-06-30,sp600,CTRE
2020-09-30,rut,CTRE
2020-09-30,sp600,CTRE
2020-12-31,rut,CTRE
2020-12-31,sp600,CTRE
2021-03-31,rut,CTRE
2021-03-31,sp600,CTRE
2021-06-30,rut,CTRE
2021-06-30,sp600,CTRE
2021-09-30,rut,CTRE
2021-09-30,sp600,CTRE
2021-12-31,rut,CTRE
2021-12-31,sp600,CTRE
2022-03-31,rut,CTRE
2022-03-31,sp600,CTRE
2022-06-30,rut,CTRE
2022-06-30,sp600,CTRE
2022-09-30,rut,CTRE
2022-09-30,sp600,CTRE
2022-12-31,rut,CTRE
2022-12-31,sp600,CTRE
2023-03-31,rut,CTRE
2023-03-31,sp600,CTRE
2023-06-30,rut,CTRE
2023-06-30,sp600,CTRE
2023-09-30,rut,CTRE
2023-09-30,sp600,CTRE
2023-12-31,rut,CTRE
2023-12-31,sp600,CTRE
2024-03-31,rut,CTRE
2024-03-31,sp600,CTRE
2024-06-30,rut,CTRE
2024-06-30,sp600,CTRE
2024-09-30,rut,CTRE
2024-09-30,sp600,CTRE
2024-12-31,rut,CTRE
2024-12-31,sp600,CTRE
2025-03-31,rut,CTRE
2025-03-31,sp600,CTRE
2025-06-30,rut,CTRE
2025-06-30,sp600,CTRE
2025-09-30,rut,CTRE
2025-09-30,sp600,CTRE
2025-12-31,rut,CTRE
2025-12-31,sp600,CTRE
2026-03-31,rut,CTRE
2026-03-31,sp400,CTRE
2026-06-30,rut,CTRE
2026-06-30,sp400,CTRE
2026-09-30,rut,CTRE
2026-09-30,sp400,CTRE
2022-06-30,rut,VRDN
2022-09-30,rut,VRDN
2022-12-31,rut,VRDN
2023-03-31,rut,VRDN
2023-06-30,rut,VRDN
2023-09-30,rut,VRDN
2023-12-31,rut,VRDN
2024-03-31,rut,VRDN
2024-06-30,rut,VRDN
2024-09-30,rut,VRDN
2024-12-31,rut,VRDN
2025-03-31,rut,VRDN
2025-06-30,rut,VRDN
2025-09-30,rut,VRDN
2025-12-31,rut,VRDN
2026-03-31,rut,VRDN
2026-06-30,rut,VRDN
2026-09-30,rut,VRDN
2020-06-30,rut,GOLD
2020-09-30,rut,GOLD
2020-12-31,rut,GOLD
2021-03-31,rut,GOLD
2021-06-30,rut,GOLD
2021-09-30,rut,GOLD
2021-12-31,rut,GOLD
2022-03-31,rut,GOLD
2022-06-30,rut,GOLD
2022-09-30,rut,GOLD
2022-12-31,rut,GOLD
2023-03-31,rut,GOLD
2023-06-30,rut,GOLD
2023-09-30,rut,GOLD
2023-12-31,rut,GOLD
2024-03-31,rut,GOLD
2024-06-30,rut,GOLD
2024-09-30,rut,GOLD
2024-12-31,rut,GOLD
2025-03-31,rut,GOLD
2025-06-30,rut,GOLD
2025-09-30,rut,GOLD
2025-12-31,rut,GOLD
2026-03-31,rut,GOLD
2026-06-30,rut,GOLD
2026-09-30,rut,GOLD
2020-06-30,sp400,PCTY
2020-09-30,sp400,PCTY
2020-12-31,sp400,PCTY
2021-03-31,sp400,PCTY
2021-06-30,sp400,PCTY
2021-09-30,sp400,PCTY
2021-12-31,sp400,PCTY
2022-03-31,sp400,PCTY
2022-06-30,sp400,PCTY
2022-09-30,sp400,PCTY
2022-12-31,sp400,PCTY
2023-03-31,sp400,PCTY
2023-06-30,sp400,PCTY
2023-09-30,sp400,PCTY
2023-12-31,sp400,PCTY
2024-03-31,sp400,PCTY
2024-06-30,sp400,PCTY
2024-09-30,sp400,PCTY
2024-12-31,sp400,PCTY
2025-03-31,sp400,PCTY
2025-06-30,sp400,PCTY
2025-09-30,sp400,PCTY
2025-12-31,sp400,PCTY
2026-03-31,sp400,PCTY
2026-06-30,sp400,PCTY
2026-09-30,sp400,PCTY
2024-06-30,sp600,VIRT
2024-09-30,sp600,VIRT
2024-12-31,sp600,VIRT
2025-03-31,sp600,VIRT
2025-06-30,sp600,VIRT
2025-09-30,sp600,VIRT
2025-12-31,sp600,VIRT
2026-03-31,sp600,VIRT
2026-06-30,sp600,VIRT
2026-09-30,sp600,VIRT
2026-09-30,rut,HG
2019-12-31,sp400,NAVI
2020-03-31,sp400,NAVI
2020-06-30,rut,NAVI
2020-06-30,sp400,NAVI
2020-09-30,rut,NAVI
2020-09-30,sp400,NAVI
2020-12-31,rut,NAVI
2020-12-31,sp400,NAVI
2021-03-31,rut,NAVI
2021-03-31,sp400,NAVI
2021-06-30,rut,NAVI
2021-06-30,sp400,NAVI
2021-09-30,rut,NAVI
2021-09-30,sp400,NAVI
2021-12-31,rut,NAVI
2021-12-31,sp400,NAVI
2022-03-31,rut,NAVI
2022-03-31,sp400,NAVI
2022-06-30,rut,NAVI
2022-06-30,sp400,NAVI
2022-09-30,rut,NAVI
2022-09-30,sp400,NAVI
2022-12-31,rut,NAVI
2022-12-31,sp400,NAVI
2023-03-31,rut,NAVI
2023-03-31,sp400,NAVI
2023-06-30,rut,NAVI
2023-06-30,sp600,NAVI
2023-09-30,rut,NAVI
2023-09-30,sp600,NAVI
2023-12-31,rut,NAVI
2023-12-31,sp600,NAVI
2024-03-31,rut,NAVI
2024-03-31,sp600,NAVI
2024-06-30,rut,NAVI
2024-06-30,sp600,NAVI
2024-09-30,rut,NAVI
2024-09-30,sp600,NAVI
2024-12-31,rut,NAVI
2024-12-31,sp600,NAVI
2025-03-31,rut,NAVI
2025-03-31,sp600,NAVI
2025-06-30,rut,NAVI
2025-06-30,sp600,NAVI
2025-09-30,rut,NAVI
2025-09-30,sp600,NAVI
2025-12-31,rut,NAVI
2025-12-31,sp600,NAVI
2026-03-31,rut,NAVI
2026-03-31,sp600,NAVI
2026-06-30,rut,NAVI
2026-06-30,sp600,NAVI
2026-09-30,rut,NAVI
2026-09-30,sp600,NAVI
2020-09-30,rut,MGNI
2020-12-31,rut,MGNI
2021-03-31,rut,MGNI
2021-06-30,rut,MGNI
2021-09-30,rut,MGNI
2021-12-31,rut,MGNI
2022-03-31,rut,MGNI
2022-06-30,rut,MGNI
2022-09-30,rut,MGNI
2022-12-31,rut,MGNI
2023-03-31,rut,MGNI
2023-06-30,rut,MGNI
2023-09-30,rut,MGNI
2023-12-31,rut,MGNI
2024-03-31,rut,MGNI
2024-06-30,rut,MGNI
2024-09-30,rut,MGNI
2024-12-31,rut,MGNI
2025-03-31,rut,MGNI
2025-06-30,rut,MGNI
2025-09-30,rut,MGNI
2025-12-31,rut,MGNI
2026-03-31,rut,MGNI
2026-06-30,rut,MGNI
2026-09-30,rut,MGNI
2022-06-30,rut,RDNW
2022-09-30,rut,RDNW
2022-12-31,rut,RDNW
2023-03-31,rut,RDNW
2024-09-30,rut,RDNW
2024-12-31,rut,RDNW
2025-03-31,rut,RDNW
2026-06-30,rut,RDNW
2026-09-30,rut,RDNW
2026-09-30,rut,LPG
2026-09-30,sp600,LPG
2019-12-31,sp400,SABR
2020-03-31,sp400,SABR
2020-06-30,sp400,SABR
2020-09-30,sp400,SABR
2020-12-31,sp400,SABR
2021-03-31,sp400,SABR
2021-06-30,sp400,SABR
2021-09-30,sp400,SABR
2021-12-31,sp400,SABR
2022-03-31,sp400,SABR
2022-06-30,rut,SABR
2022-06-30,sp400,SABR
2022-09-30,rut,SABR
2022-09-30,sp400,SABR
2022-12-31,rut,SABR
2022-12-31,sp600,SABR
2023-03-31,rut,SABR
2023-03-31,sp600,SABR
2023-06-30,rut,SABR
2023-06-30,sp600,SABR
2023-09-30,rut,SABR
2023-09-30,sp600,SABR
2023-12-31,rut,SABR
2023-12-31,sp600,SABR
2024-03-31,rut,SABR
2024-03-31,sp600,SABR
2024-06-30,rut,SABR
2024-06-30,sp600,SABR
2024-09-30,rut,SABR
2024-09-30,sp600,SABR
2024-12-31,rut,SABR
2024-12-31,sp600,SABR
2025-03-31,rut,SABR
2025-03-31,sp600,SABR
2025-06-30,rut,SABR
2025-06-30,sp600,SABR
2025-09-30,rut,SABR
2025-09-30,sp600,SABR
2025-12-31,rut,SABR
2025-12-31,sp600,SABR
2026-03-31,rut,SABR
2026-03-31,sp600,SABR
2026-06-30,rut,SABR
2026-06-30,sp600,SABR
2026-09-30,rut,SABR
2026-09-30,sp600,SABR
2019-12-31,rut,RYAM
2019-12-31,sp600,RYAM
2020-03-31,rut,RYAM
2020-03-31,sp600,RYAM
2020-06-30,rut,RYAM
2020-06-30,sp600,RYAM
2020-09-30,rut,RYAM
2020-09-30,sp600,RYAM
2020-12-31,rut,RYAM
2020-12-31,sp600,RYAM
2021-03-31,rut,RYAM
2021-03-31,sp600,RYAM
2021-06-30,rut,RYAM
2021-06-30,sp600,RYAM
2021-09-30,rut,RYAM
2021-09-30,sp600,RYAM
2021-12-31,rut,RYAM
2021-12-31,sp600,RYAM
2022-03-31,rut,RYAM
2022-03-31,sp600,RYAM
2022-06-30,rut,RYAM
2022-06-30,sp600,RYAM
2022-09-30,rut,RYAM
2022-09-30,sp600,RYAM
2022-12-31,rut,RYAM
2022-12-31,sp600,RYAM
2023-03-31,rut,RYAM
2023-03-31,sp600,RYAM
2023-06-30,rut,RYAM
2023-09-30,rut,RYAM
2023-12-31,rut,RYAM
2024-03-31,rut,RYAM
2024-06-30,rut,RYAM
2024-09-30,rut,RYAM
2024-12-31,rut,RYAM
2025-03-31,rut,RYAM
2025-06-30,rut,RYAM
2025-09-30,rut,RYAM
2025-12-31,rut,RYAM
2026-03-31,rut,RYAM
2026-06-30,rut,RYAM
2026-09-30,rut,RYAM
2019-12-31,rut,MTUS
2019-12-31,sp600,MTUS
2020-03-31,rut,MTUS
2020-03-31,sp600,MTUS
2020-06-30,rut,MTUS
2020-06-30,sp600,MTUS
2020-09-30,rut,MTUS
2020-09-30,sp600,MTUS
2020-12-31,rut,MTUS
2020-12-31,sp600,MTUS
2021-03-31,rut,MTUS
2021-03-31,sp600,MTUS
2021-06-30,rut,MTUS
2021-06-30,sp600,MTUS
2021-09-30,rut,MTUS
2021-09-30,sp600,MTUS
2021-12-31,rut,MTUS
2021-12-31,sp600,MTUS
2022-03-31,rut,MTUS
2022-03-31,sp600,MTUS
2022-06-30,rut,MTUS
2022-06-30,sp600,MTUS
2022-09-30,rut,MTUS
2022-09-30,sp600,MTUS
2022-12-31,rut,MTUS
2022-12-31,sp600,MTUS
2023-03-31,rut,MTUS
2023-03-31,sp600,MTUS
2023-06-30,rut,MTUS
2023-06-30,sp600,MTUS
2023-09-30,rut,MTUS
2023-09-30,sp600,MTUS
2023-12-31,rut,MTUS
2023-12-31,sp600,MTUS
2024-03-31,rut,MTUS
2024-03-31,sp600,MTUS
2024-06-30,rut,MTUS
2024-06-30,sp600,MTUS
2024-09-30,rut,MTUS
2024-09-30,sp600,MTUS
2024-12-31,rut,MTUS
2024-12-31,sp600,MTUS
2025-03-31,rut,MTUS
2025-03-31,sp600,MTUS
2025-06-30,rut,MTUS
2025-06-30,sp600,MTUS
2025-09-30,rut,MTUS
2025-09-30,sp600,MTUS
2025-12-31,rut,MTUS
2025-12-31,sp600,MTUS
2026-03-31,rut,MTUS
2026-03-31,sp600,MTUS
2026-06-30,rut,MTUS
2026-06-30,sp600,MTUS
2026-09-30,rut,MTUS
2026-09-30,sp600,MTUS
2021-06-30,rut,SMMT
2021-09-30,rut,SMMT
2021-12-31,rut,SMMT
2022-03-31,rut,SMMT
2022-06-30,rut,SMMT
2023-06-30,rut,SMMT
2023-09-30,rut,SMMT
2023-12-31,rut,SMMT
2024-03-31,rut,SMMT
2024-06-30,rut,SMMT
2024-09-30,rut,SMMT
2024-12-31,rut,SMMT
2025-03-31,rut,SMMT
2019-12-31,rut,DNOW
2019-12-31,sp400,DNOW
2020-03-31,rut,DNOW
2020-03-31,sp400,DNOW
2020-06-30,rut,DNOW
2020-06-30,sp600,DNOW
2020-09-30,rut,DNOW
2020-09-30,sp600,DNOW
2020-12-31,rut,DNOW
2020-12-31,sp600,DNOW
2021-03-31,rut,DNOW
2021-03-31,sp600,DNOW
2021-06-30,rut,DNOW
2021-06-30,sp600,DNOW
2021-09-30,rut,DNOW
2021-09-30,sp600,DNOW
2021-12-31,rut,DNOW
2021-12-31,sp600,DNOW
2022-03-31,rut,DNOW
2022-03-31,sp600,DNOW
2022-06-30,rut,DNOW
2022-06-30,sp600,DNOW
2022-09-30,rut,DNOW
2022-09-30,sp600,DNOW
2022-12-31,rut,DNOW
2022-12-31,sp600,DNOW
2023-03-31,rut,DNOW
2023-03-31,sp600,DNOW
2023-06-30,rut,DNOW
2023-06-30,sp600,DNOW
2023-09-30,rut,DNOW
2023-09-30,sp600,DNOW
2023-12-31,rut,DNOW
2023-12-31,sp600,DNOW
2024-03-31,rut,DNOW
2024-03-31,sp600,DNOW
2024-06-30,rut,DNOW
2024-06-30,sp600,DNOW
2024-09-30,rut,DNOW
2024-09-30,sp600,DNOW
2024-12-31,rut,DNOW
2024-12-31,sp600,DNOW
2025-03-31,rut,DNOW
2025-03-31,sp600,DNOW
2025-06-30,rut,DNOW
2025-06-30,sp600,DNOW
2025-09-30,rut,DNOW
2025-09-30,sp600,DNOW
2025-12-31,rut,DNOW
2025-12-31,sp600,DNOW
2026-03-31,rut,DNOW
2026-03-31,sp600,DNOW
2026-06-30,rut,DNOW
2026-06-30,sp600,DNOW
2026-09-30,rut,DNOW
2026-09-30,sp600,DNOW
2019-12-31,rut,ELF
2020-03-31,rut,ELF
2020-06-30,rut,ELF
2020-09-30,rut,ELF
2020-12-31,rut,ELF
2021-03-31,rut,ELF
2021-03-31,sp600,ELF
2021-06-30,rut,ELF
2021-06-30,sp600,ELF
2021-09-30,rut,ELF
2021-09-30,sp600,ELF
2021-12-31,rut,ELF
2021-12-31,sp600,ELF
2022-03-31,rut,ELF
2022-03-31,sp600,ELF
2022-06-30,rut,ELF
2022-06-30,sp600,ELF
2022-09-30,rut,ELF
2022-09-30,sp600,ELF
2022-12-31,rut,ELF
2022-12-31,sp600,ELF
2023-03-31,rut,ELF
2023-03-31,sp600,ELF
2023-06-30,rut,ELF
2023-06-30,sp600,ELF
2023-09-30,rut,ELF
2023-09-30,sp600,ELF
2023-12-31,rut,ELF
2023-12-31,sp600,ELF
2024-03-31,rut,ELF
2024-03-31,sp400,ELF
2024-06-30,rut,ELF
2024-06-30,sp400,ELF
2024-09-30,sp400,ELF
2024-12-31,sp400,ELF
2025-03-31,sp400,ELF
2025-06-30,sp400,ELF
2025-09-30,sp400,ELF
2025-12-31,sp400,ELF
2026-03-31,sp400,ELF
2026-06-30,sp400,ELF
2026-09-30,sp400,ELF
2022-06-30,rut,AUPH
2022-09-30,rut,AUPH
2022-12-31,rut,AUPH
2023-03-31,rut,AUPH
2023-06-30,rut,AUPH
2023-09-30,rut,AUPH
2023-12-31,rut,AUPH
2024-03-31,rut,AUPH
2024-06-30,rut,AUPH
2024-09-30,rut,AUPH
2024-12-31,rut,AUPH
2025-03-31,rut,AUPH
2025-06-30,rut,AUPH
2025-09-30,rut,AUPH
2025-12-31,rut,AUPH
2026-03-31,rut,AUPH
2026-06-30,rut,AUPH
2026-09-30,rut,AUPH
2019-12-31,rut,VVX
2020-03-31,rut,VVX
2020-06-30,rut,VVX
2020-09-30,rut,VVX
2020-12-31,rut,VVX
2021-03-31,rut,VVX
2021-06-30,rut,VVX
2021-09-30,rut,VVX
2021-12-31,rut,VVX
2022-03-31,rut,VVX
2022-06-30,rut,VVX
2022-09-30,rut,VVX
2022-12-31,rut,VVX
2023-03-31,rut,VVX
2023-06-30,rut,VVX
2023-09-30,rut,VVX
2023-12-31,rut,VVX
2024-03-31,rut,VVX
2024-06-30,rut,VVX
2024-09-30,rut,VVX
2024-12-31,rut,VVX
2025-03-31,rut,VVX
2025-06-30,rut,VVX
2025-09-30,rut,VVX
2025-12-31,rut,VVX
2026-03-31,rut,VVX
2026-06-30,rut,VVX
2026-09-30,rut,VVX
2026-09-30,sp600,VVX
2021-06-30,rut,RXRX
2021-09-30,rut,RXRX
2021-12-31,rut,RXRX
2022-03-31,rut,RXRX
2022-06-30,rut,RXRX
2022-09-30,rut,RXRX
2022-12-31,rut,RXRX
2023-03-31,rut,RXRX
2023-06-30,rut,RXRX
2023-09-30,rut,RXRX
2023-12-31,rut,RXRX
2024-03-31,rut,RXRX
2024-06-30,rut,RXRX
2024-09-30,rut,RXRX
2024-12-31,rut,RXRX
2025-03-31,rut,RXRX
2025-06-30,rut,RXRX
2025-09-30,rut,RXRX
2025-12-31,rut,RXRX
2026-03-31,rut,RXRX
2026-06-30,rut,RXRX
2026-09-30,rut,RXRX
2023-09-30,rut,WFRD
2024-03-31,rut,WFRD
2026-09-30,sp400,WFRD
2019-12-31,rut,WMS
2020-03-31,rut,WMS
2020-06-30,rut,WMS
2020-09-30,rut,WMS
2020-12-31,rut,WMS
2021-03-31,rut,WMS
2023-03-31,sp400,WMS
2023-06-30,sp400,WMS
2023-09-30,sp400,WMS
2023-12-31,sp400,WMS
2024-03-31,sp400,WMS
2024-06-30,sp400,WMS
2024-09-30,sp400,WMS
2024-12-31,sp400,WMS
2025-03-31,sp400,WMS
2025-06-30,sp400,WMS
2025-09-30,sp400,WMS
2025-12-31,sp400,WMS
2026-03-31,sp400,WMS
2026-06-30,sp400,WMS
2026-09-30,sp400,WMS
2024-12-31,sp600,QRVO
2025-03-31,sp600,QRVO
2025-06-30,sp600,QRVO
2025-09-30,sp600,QRVO
2025-12-31,sp600,QRVO
2026-03-31,sp600,QRVO
2026-06-30,sp600,QRVO
2026-09-30,sp600,QRVO
2019-12-31,rut,NTRA
2020-03-31,rut,NTRA
2020-06-30,rut,NTRA
2020-09-30,rut,NTRA
2020-12-31,rut,NTRA
2021-03-31,rut,NTRA
2023-06-30,rut,LMB
2023-09-30,rut,LMB
2023-12-31,rut,LMB
2024-03-31,rut,LMB
2024-06-30,rut,LMB
2024-09-30,rut,LMB
2024-12-31,rut,LMB
2025-03-31,rut,LMB
2025-06-30,rut,LMB
2025-09-30,rut,LMB
2025-12-31,rut,LMB
2026-03-31,rut,LMB
2026-06-30,rut,LMB
2026-09-30,rut,LMB
2019-12-31,rut,KE
2020-03-31,rut,KE
2020-06-30,rut,KE
2020-09-30,rut,KE
2020-12-31,rut,KE
2021-03-31,rut,KE
2021-06-30,rut,KE
2021-09-30,rut,KE
2021-12-31,rut,KE
2022-03-31,rut,KE
2022-06-30,rut,KE
2022-09-30,rut,KE
2022-12-31,rut,KE
2023-03-31,rut,KE
2023-06-30,rut,KE
2023-09-30,rut,KE
2023-12-31,rut,KE
2024-03-31,rut,KE
2024-06-30,rut,KE
2024-09-30,rut,KE
2024-12-31,rut,KE
2025-03-31,rut,KE
2025-06-30,rut,KE
2025-09-30,rut,KE
2025-12-31,rut,KE
2026-03-31,rut,KE
2026-06-30,rut,KE
2026-09-30,rut,KE
2019-12-31,rut,CRC
2020-03-31,rut,CRC
2020-06-30,rut,CRC
2021-06-30,rut,CRC
2021-09-30,rut,CRC
2021-12-31,rut,CRC
2022-03-31,rut,CRC
2022-06-30,rut,CRC
2022-09-30,rut,CRC
2022-12-31,rut,CRC
2023-03-31,rut,CRC
2023-06-30,rut,CRC
2023-06-30,sp600,CRC
2023-09-30,rut,CRC
2023-09-30,sp600,CRC
2023-12-31,rut,CRC
2023-12-31,sp600,CRC
2024-03-31,rut,CRC
2024-03-31,sp600,CRC
2024-06-30,rut,CRC
2024-06-30,sp600,CRC
2024-09-30,rut,CRC
2024-09-30,sp600,CRC
2024-12-31,rut,CRC
2024-12-31,sp600,CRC
2025-03-31,rut,CRC
2025-03-31,sp600,CRC
2025-06-30,rut,CRC
2025-06-30,sp600,CRC
2025-09-30,rut,CRC
2025-09-30,sp600,CRC
2025-12-31,rut,CRC
2025-12-31,sp600,CRC
2026-03-31,rut,CRC
2026-03-31,sp600,CRC
2026-06-30,rut,CRC
2026-06-30,sp600,CRC
2026-09-30,rut,CRC
2026-09-30,sp600,CRC
2019-12-31,rut,INSP
2020-03-31,rut,INSP
2020-06-30,rut,INSP
2020-09-30,rut,INSP
2020-12-31,rut,INSP
2021-03-31,rut,INSP
2021-06-30,rut,INSP
2021-09-30,rut,INSP
2021-12-31,rut,INSP
2022-03-31,rut,INSP
2022-06-30,rut,INSP
2022-09-30,rut,INSP
2022-12-31,rut,INSP
2023-03-31,rut,INSP
2024-09-30,sp600,INSP
2024-12-31,sp600,INSP
2025-03-31,sp600,INSP
2025-06-30,sp600,INSP
2025-09-30,sp600,INSP
2025-12-31,sp600,INSP
2026-03-31,sp600,INSP
2026-06-30,rut,INSP
2026-06-30,sp600,INSP
2026-09-30,rut,INSP
2026-09-30,sp600,INSP
2026-09-30,rut,OEC
2019-12-31,rut,BOOT
2019-12-31,sp600,BOOT
2020-03-31,rut,BOOT
2020-03-31,sp600,BOOT
2020-06-30,rut,BOOT
2020-06-30,sp600,BOOT
2020-09-30,rut,BOOT
2020-09-30,sp600,BOOT
2020-12-31,rut,BOOT
2020-12-31,sp600,BOOT
2021-03-31,rut,BOOT
2021-03-31,sp600,BOOT
2021-06-30,rut,BOOT
2021-06-30,sp600,BOOT
2021-09-30,rut,BOOT
2021-09-30,sp600,BOOT
2021-12-31,rut,BOOT
2021-12-31,sp600,BOOT
2022-03-31,rut,BOOT
2022-03-31,sp600,BOOT
2022-06-30,rut,BOOT
2022-06-30,sp600,BOOT
2022-09-30,rut,BOOT
2022-09-30,sp600,BOOT
2022-12-31,rut,BOOT
2022-12-31,sp600,BOOT
2023-03-31,rut,BOOT
2023-03-31,sp600,BOOT
2023-06-30,rut,BOOT
2023-06-30,sp600,BOOT
2023-09-30,rut,BOOT
2023-09-30,sp600,BOOT
2023-12-31,rut,BOOT
2023-12-31,sp600,BOOT
2024-03-31,rut,BOOT
2024-03-31,sp600,BOOT
2024-06-30,rut,BOOT
2024-06-30,sp600,BOOT
2024-09-30,rut,BOOT
2024-09-30,sp600,BOOT
2024-12-31,rut,BOOT
2024-12-31,sp600,BOOT
2025-03-31,rut,BOOT
2025-03-31,sp600,BOOT
2025-06-30,rut,BOOT
2025-06-30,sp600,BOOT
2025-09-30,rut,BOOT
2025-09-30,sp600,BOOT
2025-12-31,rut,BOOT
2025-12-31,sp600,BOOT
2026-03-31,rut,BOOT
2026-03-31,sp600,BOOT
2026-06-30,rut,BOOT
2026-06-30,sp600,BOOT
2026-09-30,rut,BOOT
2026-09-30,sp600,BOOT
2019-12-31,rut,UE
2019-12-31,sp400,UE
2020-03-31,rut,UE
2020-03-31,sp400,UE
2020-06-30,rut,UE
2020-06-30,sp400,UE
2020-09-30,rut,UE
2020-09-30,sp400,UE
2020-12-31,rut,UE
2020-12-31,sp400,UE
2021-03-31,rut,UE
2021-03-31,sp400,UE
2021-06-30,rut,UE
2021-06-30,sp400,UE
2021-09-30,rut,UE
2021-09-30,sp400,UE
2021-12-31,rut,UE
2021-12-31,sp400,UE
2022-03-31,rut,UE
2022-03-31,sp600,UE
2022-06-30,rut,UE
2022-06-30,sp600,UE
2022-09-30,rut,UE
2022-09-30,sp600,UE
2022-12-31,rut,UE
2022-12-31,sp600,UE
2023-03-31,rut,UE
2023-03-31,sp600,UE
2023-06-30,rut,UE
2023-06-30,sp600,UE
2023-09-30,rut,UE
2023-09-30,sp600,UE
2023-12-31,rut,UE
2023-12-31,sp600,UE
2024-03-31,rut,UE
2024-03-31,sp600,UE
2024-06-30,rut,UE
2024-06-30,sp600,UE
2024-09-30,rut,UE
2024-09-30,sp600,UE
2024-12-31,rut,UE
2024-12-31,sp600,UE
2025-03-31,rut,UE
2025-03-31,sp600,UE
2025-06-30,rut,UE
2025-06-30,sp600,UE
2025-09-30,rut,UE
2025-09-30,sp600,UE
2025-12-31,rut,UE
2025-12-31,sp600,UE
2026-03-31,rut,UE
2026-03-31,sp600,UE
2026-06-30,rut,UE
2026-06-30,sp600,UE
2026-09-30,rut,UE
2026-09-30,sp600,UE
2019-12-31,rut,FRPT
2020-03-31,rut,FRPT
2020-06-30,rut,FRPT
2020-09-30,rut,FRPT
2020-12-31,rut,FRPT
2021-03-31,rut,FRPT
2025-03-31,sp600,FRPT
2025-06-30,sp600,FRPT
2025-09-30,sp600,FRPT
2025-12-31,sp600,FRPT
2026-03-31,sp600,FRPT
2026-06-30,sp600,FRPT
2026-09-30,sp600,FRPT
2026-09-30,rut,XHR
2026-09-30,sp600,XHR
2025-09-30,rut,PENG
2025-09-30,sp600,PENG
2025-12-31,rut,PENG
2025-12-31,sp600,PENG
2026-03-31,rut,PENG
2026-03-31,sp600,PENG
2026-06-30,rut,PENG
2026-06-30,sp600,PENG
2026-09-30,rut,PENG
2026-09-30,sp600,PENG
2026-09-30,sp400,AXTA
2019-12-31,rut,KRNY
2020-03-31,rut,KRNY
2020-06-30,rut,KRNY
2020-09-30,rut,KRNY
2020-12-31,rut,KRNY
2021-03-31,rut,KRNY
2021-06-30,rut,KRNY
2021-09-30,rut,KRNY
2021-12-31,rut,KRNY
2022-03-31,rut,KRNY
2022-06-30,rut,KRNY
2022-09-30,rut,KRNY
2022-12-31,rut,KRNY
2023-03-31,rut,KRNY
2023-06-30,rut,KRNY
2023-09-30,rut,KRNY
2023-12-31,rut,KRNY
2024-03-31,rut,KRNY
2024-06-30,rut,KRNY
2024-09-30,rut,KRNY
2024-12-31,rut,KRNY
2025-03-31,rut,KRNY
2025-06-30,rut,KRNY
2025-09-30,rut,KRNY
2025-12-31,rut,KRNY
2026-03-31,rut,KRNY
2026-06-30,rut,KRNY
2026-09-30,rut,KRNY
2026-09-30,rut,PK
2026-09-30,sp400,PK
2019-12-31,rut,PFGC
2020-03-31,rut,PFGC
2020-06-30,rut,PFGC
2020-09-30,rut,PFGC
2020-12-31,rut,PFGC
2021-03-31,rut,PFGC
2021-06-30,rut,PFGC
2021-09-30,rut,PFGC
2021-09-30,sp400,PFGC
2021-12-31,rut,PFGC
2021-12-31,sp400,PFGC
2022-03-31,rut,PFGC
2022-03-31,sp400,PFGC
2022-06-30,sp400,PFGC
2022-09-30,sp400,PFGC
2022-12-31,sp400,PFGC
2023-03-31,sp400,PFGC
2023-06-30,sp400,PFGC
2023-09-30,sp400,PFGC
2023-12-31,sp400,PFGC
2024-03-31,sp400,PFGC
2024-06-30,sp400,PFGC
2024-09-30,sp400,PFGC
2024-12-31,sp400,PFGC
2025-03-31,sp400,PFGC
2025-06-30,sp400,PFGC
2025-09-30,sp400,PFGC
2025-12-31,sp400,PFGC
2026-03-31,sp400,PFGC
2026-06-30,sp400,PFGC
2026-09-30,sp400,PFGC
2025-09-30,sp400,NTNX
2025-12-31,sp400,NTNX
2026-03-31,sp400,NTNX
2026-06-30,sp400,NTNX
2026-09-30,sp400,NTNX
2019-12-31,rut,SHAK
2019-12-31,sp600,SHAK
2020-03-31,rut,SHAK
2020-03-31,sp600,SHAK
2020-06-30,rut,SHAK
2020-06-30,sp600,SHAK
2020-09-30,rut,SHAK
2020-09-30,sp600,SHAK
2020-12-31,rut,SHAK
2020-12-31,sp600,SHAK
2021-03-31,rut,SHAK
2021-03-31,sp600,SHAK
2021-06-30,rut,SHAK
2021-06-30,sp600,SHAK
2021-09-30,rut,SHAK
2021-09-30,sp600,SHAK
2021-12-31,rut,SHAK
2021-12-31,sp600,SHAK
2022-03-31,rut,SHAK
2022-03-31,sp600,SHAK
2022-06-30,rut,SHAK
2022-06-30,sp600,SHAK
2022-09-30,rut,SHAK
2022-09-30,sp600,SHAK
2022-12-31,rut,SHAK
2022-12-31,sp600,SHAK
2023-03-31,rut,SHAK
2023-03-31,sp600,SHAK
2023-06-30,rut,SHAK
2023-06-30,sp600,SHAK
2023-09-30,rut,SHAK
2023-09-30,sp600,SHAK
2023-12-31,rut,SHAK
2023-12-31,sp600,SHAK
2024-03-31,rut,SHAK
2024-03-31,sp600,SHAK
2024-06-30,rut,SHAK
2024-06-30,sp600,SHAK
2024-09-30,rut,SHAK
2024-09-30,sp600,SHAK
2024-12-31,rut,SHAK
2024-12-31,sp600,SHAK
2025-03-31,rut,SHAK
2025-03-31,sp600,SHAK
2025-06-30,rut,SHAK
2025-06-30,sp600,SHAK
2025-09-30,rut,SHAK
2025-09-30,sp600,SHAK
2025-12-31,rut,SHAK
2025-12-31,sp600,SHAK
2026-03-31,rut,SHAK
2026-03-31,sp600,SHAK
2026-06-30,rut,SHAK
2026-06-30,sp600,SHAK
2026-09-30,rut,SHAK
2026-09-30,sp600,SHAK
2019-12-31,rut,DEA
2019-12-31,sp600,DEA
2020-03-31,rut,DEA
2020-03-31,sp600,DEA
2020-06-30,rut,DEA
2020-06-30,sp600,DEA
2020-09-30,rut,DEA
2020-09-30,sp600,DEA
2020-12-31,rut,DEA
2020-12-31,sp600,DEA
2021-03-31,rut,DEA
2021-03-31,sp600,DEA
2021-06-30,rut,DEA
2021-06-30,sp600,DEA
2021-09-30,rut,DEA
2021-09-30,sp600,DEA
2021-12-31,rut,DEA
2021-12-31,sp600,DEA
2022-03-31,rut,DEA
2022-03-31,sp600,DEA
2022-06-30,rut,DEA
2022-06-30,sp600,DEA
2022-09-30,rut,DEA
2022-09-30,sp600,DEA
2022-12-31,rut,DEA
2022-12-31,sp600,DEA
2023-03-31,rut,DEA
2023-03-31,sp600,DEA
2023-06-30,rut,DEA
2023-06-30,sp600,DEA
2023-09-30,rut,DEA
2023-09-30,sp600,DEA
2023-12-31,rut,DEA
2023-12-31,sp600,DEA
2024-03-31,rut,DEA
2024-03-31,sp600,DEA
2024-06-30,rut,DEA
2024-06-30,sp600,DEA
2024-09-30,rut,DEA
2024-09-30,sp600,DEA
2024-12-31,rut,DEA
2024-12-31,sp600,DEA
2025-03-31,rut,DEA
2025-03-31,sp600,DEA
2025-06-30,rut,DEA
2025-06-30,sp600,DEA
2025-09-30,rut,DEA
2025-09-30,sp600,DEA
2025-12-31,rut,DEA
2025-12-31,sp600,DEA
2026-03-31,rut,DEA
2026-03-31,sp600,DEA
2026-06-30,rut,DEA
2026-06-30,sp600,DEA
2026-09-30,rut,DEA
2026-09-30,sp600,DEA
2021-06-30,rut,COGT
2021-09-30,rut,COGT
2021-12-31,rut,COGT
2022-03-31,rut,COGT
2022-06-30,rut,COGT
2022-09-30,rut,COGT
2022-12-31,rut,COGT
2023-03-31,rut,COGT
2023-06-30,rut,COGT
2023-09-30,rut,COGT
2023-12-31,rut,COGT
2024-03-31,rut,COGT
2024-06-30,rut,COGT
2024-09-30,rut,COGT
2024-12-31,rut,COGT
2025-03-31,rut,COGT
2025-06-30,rut,COGT
2025-09-30,rut,COGT
2025-12-31,rut,COGT
2026-03-31,rut,COGT
2026-06-30,rut,COGT
2026-09-30,rut,COGT
2025-09-30,sp400,TLN
2025-12-31,sp400,TLN
2026-03-31,sp400,TLN
2026-06-30,sp400,TLN
2026-09-30,sp400,TLN
2019-12-31,sp400,AM
2020-03-31,sp400,AM
2020-06-30,sp400,AM
2020-09-30,sp400,AM
2020-12-31,sp400,AM
2021-03-31,sp400,AM
2021-06-30,sp400,AM
2021-09-30,sp400,AM
2021-12-31,sp400,AM
2022-03-31,sp400,AM
2022-06-30,sp400,AM
2022-09-30,sp400,AM
2022-12-31,sp400,AM
2023-03-31,sp400,AM
2023-06-30,sp400,AM
2023-09-30,sp400,AM
2023-12-31,sp400,AM
2024-03-31,sp400,AM
2024-06-30,sp400,AM
2024-09-30,sp400,AM
2024-12-31,sp400,AM
2025-03-31,sp400,AM
2025-06-30,sp400,AM
2025-09-30,sp400,AM
2025-12-31,sp400,AM
2026-03-31,sp400,AM
2026-06-30,sp400,AM
2026-09-30,sp400,AM
2019-12-31,rut,BFST
2020-03-31,rut,BFST
2020-06-30,rut,BFST
2020-09-30,rut,BFST
2020-12-31,rut,BFST
2021-03-31,rut,BFST
2021-06-30,rut,BFST
2021-09-30,rut,BFST
2021-12-31,rut,BFST
2022-03-31,rut,BFST
2022-06-30,rut,BFST
2022-09-30,rut,BFST
2022-12-31,rut,BFST
2023-03-31,rut,BFST
2023-06-30,rut,BFST
2023-09-30,rut,BFST
2023-12-31,rut,BFST
2024-03-31,rut,BFST
2024-06-30,rut,BFST
2024-09-30,rut,BFST
2024-12-31,rut,BFST
2025-03-31,rut,BFST
2025-06-30,rut,BFST
2025-09-30,rut,BFST
2025-12-31,rut,BFST
2026-03-31,rut,BFST
2026-06-30,rut,BFST
2026-09-30,rut,BFST
2019-12-31,rut,CSW
2020-03-31,rut,CSW
2020-06-30,rut,CSW
2020-09-30,rut,CSW
2020-12-31,rut,CSW
2021-03-31,rut,CSW
2021-06-30,rut,CSW
2021-09-30,rut,CSW
2021-12-31,rut,CSW
2022-03-31,rut,CSW
2022-06-30,rut,CSW
2022-09-30,rut,CSW
2022-12-31,rut,CSW
2023-03-31,rut,CSW
2023-06-30,rut,CSW
2023-09-30,rut,CSW
2023-12-31,rut,CSW
2024-03-31,rut,CSW
2024-06-30,rut,CSW
2024-09-30,rut,CSW
2024-09-30,sp600,CSW
2024-12-31,rut,CSW
2024-12-31,sp600,CSW
2025-03-31,rut,CSW
2025-03-31,sp600,CSW
2025-06-30,rut,CSW
2025-06-30,sp600,CSW
2025-09-30,rut,CSW
2025-09-30,sp600,CSW
2025-12-31,rut,CSW
2025-12-31,sp600,CSW
2026-03-31,rut,CSW
2026-03-31,sp600,CSW
2026-06-30,rut,CSW
2026-06-30,sp600,CSW
2026-09-30,rut,CSW
2026-09-30,sp600,CSW
2019-12-31,rut,PJT
2020-03-31,rut,PJT
2020-06-30,rut,PJT
2020-09-30,rut,PJT
2020-12-31,rut,PJT
2021-03-31,rut,PJT
2021-06-30,rut,PJT
2021-09-30,rut,PJT
2021-12-31,rut,PJT
2022-03-31,rut,PJT
2022-06-30,rut,PJT
2022-09-30,rut,PJT
2022-12-31,rut,PJT
2023-03-31,rut,PJT
2023-06-30,rut,PJT
2023-09-30,rut,PJT
2023-12-31,rut,PJT
2023-12-31,sp600,PJT
2024-03-31,rut,PJT
2024-03-31,sp600,PJT
2024-06-30,rut,PJT
2024-06-30,sp600,PJT
2024-09-30,rut,PJT
2024-09-30,sp600,PJT
2024-12-31,rut,PJT
2024-12-31,sp600,PJT
2025-03-31,rut,PJT
2025-03-31,sp600,PJT
2025-06-30,rut,PJT
2025-06-30,sp600,PJT
2025-09-30,rut,PJT
2025-09-30,sp600,PJT
2025-12-31,rut,PJT
2025-12-31,sp600,PJT
2026-03-31,rut,PJT
2026-03-31,sp600,PJT
2026-06-30,rut,PJT
2026-06-30,sp600,PJT
2026-09-30,rut,PJT
2026-09-30,sp600,PJT
2019-12-31,sp400,CC
2020-03-31,sp400,CC
2020-06-30,sp400,CC
2020-09-30,sp400,CC
2020-12-31,sp400,CC
2021-03-31,sp400,CC
2021-06-30,sp400,CC
2021-09-30,sp400,CC
2021-12-31,sp400,CC
2022-03-31,sp400,CC
2022-06-30,sp400,CC
2022-09-30,sp400,CC
2022-12-31,sp400,CC
2023-03-31,sp400,CC
2023-06-30,sp400,CC
2023-09-30,sp400,CC
2023-12-31,sp400,CC
2024-03-31,sp400,CC
2024-06-30,sp400,CC
2024-09-30,sp400,CC
2024-12-31,sp400,CC
2025-03-31,sp600,CC
2025-06-30,rut,CC
2025-06-30,sp600,CC
2025-09-30,rut,CC
2025-09-30,sp600,CC
2025-12-31,rut,CC
2025-12-31,sp600,CC
2026-03-31,rut,CC
2026-03-31,sp600,CC
2026-06-30,rut,CC
2026-06-30,sp600,CC
2026-09-30,rut,CC
2026-09-30,sp600,CC
2019-12-31,rut,UPWK
2020-03-31,rut,UPWK
2020-06-30,rut,UPWK
2020-09-30,rut,UPWK
2020-12-31,rut,UPWK
2021-03-31,rut,UPWK
2021-06-30,rut,UPWK
2021-09-30,rut,UPWK
2021-12-31,rut,UPWK
2022-03-31,rut,UPWK
2022-06-30,rut,UPWK
2022-09-30,rut,UPWK
2022-12-31,rut,UPWK
2023-03-31,rut,UPWK
2023-06-30,rut,UPWK
2023-09-30,rut,UPWK
2023-12-31,rut,UPWK
2024-03-31,rut,UPWK
2024-06-30,rut,UPWK
2024-09-30,rut,UPWK
2024-12-31,rut,UPWK
2025-03-31,rut,UPWK
2025-06-30,rut,UPWK
2025-09-30,rut,UPWK
2025-12-31,rut,UPWK
2025-12-31,sp600,UPWK
2026-03-31,rut,UPWK
2026-03-31,sp600,UPWK
2026-06-30,rut,UPWK
2026-06-30,sp600,UPWK
2026-09-30,rut,UPWK
2026-09-30,sp600,UPWK
2020-03-31,rut,RVMD
2020-06-30,rut,RVMD
2020-09-30,rut,RVMD
2020-12-31,rut,RVMD
2021-03-31,rut,RVMD
2021-06-30,rut,RVMD
2021-09-30,rut,RVMD
2021-12-31,rut,RVMD
2022-03-31,rut,RVMD
2022-06-30,rut,RVMD
2022-09-30,rut,RVMD
2022-12-31,rut,RVMD
2023-03-31,rut,RVMD
2023-06-30,rut,RVMD
2023-09-30,rut,RVMD
2023-12-31,rut,RVMD
2024-03-31,rut,RVMD
2024-06-30,rut,RVMD
2024-09-30,rut,RVMD
2024-12-31,rut,RVMD
2025-03-31,rut,RVMD
2025-06-30,rut,RVMD
2026-09-30,rut,CWK
2026-09-30,sp600,CWK
2019-12-31,rut,EVH
2020-03-31,rut,EVH
2020-06-30,rut,EVH
2020-09-30,rut,EVH
2020-12-31,rut,EVH
2021-03-31,rut,EVH
2021-06-30,rut,EVH
2021-09-30,rut,EVH
2021-12-31,rut,EVH
2022-03-31,rut,EVH
2022-06-30,rut,EVH
2022-09-30,rut,EVH
2022-12-31,rut,EVH
2023-03-31,rut,EVH
2023-06-30,rut,EVH
2023-09-30,rut,EVH
2023-12-31,rut,EVH
2024-03-31,rut,EVH
2024-06-30,rut,EVH
2024-09-30,rut,EVH
2024-12-31,rut,EVH
2025-03-31,rut,EVH
2025-06-30,rut,EVH
2025-09-30,rut,EVH
2025-12-31,rut,EVH
2026-03-31,rut,EVH
2026-06-30,rut,EVH
2026-09-30,rut,EVH
2019-12-31,rut,MBIN
2020-03-31,rut,MBIN
2020-06-30,rut,MBIN
2020-09-30,rut,MBIN
2020-12-31,rut,MBIN
2021-03-31,rut,MBIN
2021-06-30,rut,MBIN
2021-09-30,rut,MBIN
2021-12-31,rut,MBIN
2022-03-31,rut,MBIN
2022-06-30,rut,MBIN
2022-09-30,rut,MBIN
2022-12-31,rut,MBIN
2023-03-31,rut,MBIN
2023-06-30,rut,MBIN
2023-09-30,rut,MBIN
2023-12-31,rut,MBIN
2024-03-31,rut,MBIN
2024-06-30,rut,MBIN
2024-09-30,rut,MBIN
2024-12-31,rut,MBIN
2025-03-31,rut,MBIN
2025-06-30,rut,MBIN
2025-09-30,rut,MBIN
2025-12-31,rut,MBIN
2026-03-31,rut,MBIN
2026-03-31,sp600,MBIN
2026-06-30,rut,MBIN
2026-06-30,sp600,MBIN
2026-09-30,rut,MBIN
2026-09-30,sp600,MBIN
2026-09-30,rut,WVE
2019-12-31,rut,KREF
2019-12-31,sp600,KREF
2020-03-31,rut,KREF
2020-03-31,sp600,KREF
2020-06-30,rut,KREF
2020-06-30,sp600,KREF
2020-09-30,rut,KREF
2020-09-30,sp600,KREF
2020-12-31,rut,KREF
2020-12-31,sp600,KREF
2021-03-31,rut,KREF
2021-03-31,sp600,KREF
2021-06-30,rut,KREF
2021-06-30,sp600,KREF
2021-09-30,rut,KREF
2021-09-30,sp600,KREF
2021-12-31,rut,KREF
2021-12-31,sp600,KREF
2022-03-31,rut,KREF
2022-03-31,sp600,KREF
2022-06-30,rut,KREF
2022-06-30,sp600,KREF
2022-09-30,rut,KREF
2022-09-30,sp600,KREF
2022-12-31,rut,KREF
2022-12-31,sp600,KREF
2023-03-31,rut,KREF
2023-03-31,sp600,KREF
2023-06-30,rut,KREF
2023-06-30,sp600,KREF
2023-09-30,rut,KREF
2023-09-30,sp600,KREF
2023-12-31,rut,KREF
2023-12-31,sp600,KREF
2024-03-31,rut,KREF
2024-03-31,sp600,KREF
2024-06-30,rut,KREF
2024-06-30,sp600,KREF
2024-09-30,rut,KREF
2024-09-30,sp600,KREF
2024-12-31,rut,KREF
2024-12-31,sp600,KREF
2025-03-31,rut,KREF
2025-03-31,sp600,KREF
2025-06-30,rut,KREF
2025-06-30,sp600,KREF
2025-09-30,rut,KREF
2025-09-30,sp600,KREF
2025-12-31,rut,KREF
2025-12-31,sp600,KREF
2026-03-31,rut,KREF
2026-06-30,rut,KREF
2026-09-30,rut,KREF
2019-12-31,sp400,CABO
2020-03-31,sp400,CABO
2020-06-30,sp400,CABO
2020-09-30,sp400,CABO
2020-12-31,sp400,CABO
2021-03-31,sp400,CABO
2021-06-30,sp400,CABO
2021-09-30,sp400,CABO
2021-12-31,sp400,CABO
2022-03-31,sp400,CABO
2022-06-30,sp400,CABO
2022-09-30,sp400,CABO
2022-12-31,sp400,CABO
2023-03-31,sp400,CABO
2023-06-30,sp400,CABO
2023-09-30,sp400,CABO
2023-12-31,sp400,CABO
2024-03-31,sp400,CABO
2024-06-30,sp600,CABO
2024-09-30,rut,CABO
2024-09-30,sp600,CABO
2024-12-31,rut,CABO
2024-12-31,sp600,CABO
2025-03-31,rut,CABO
2025-03-31,sp600,CABO
2025-06-30,rut,CABO
2025-06-30,sp600,CABO
2025-09-30,rut,CABO
2025-09-30,sp600,CABO
2025-12-31,rut,CABO
2025-12-31,sp600,CABO
2026-03-31,rut,CABO
2026-03-31,sp600,CABO
2026-06-30,rut,CABO
2026-09-30,rut,CABO
2019-12-31,sp400,ENR
2020-03-31,sp400,ENR
2020-06-30,sp400,ENR
2020-09-30,sp400,ENR
2020-12-31,sp400,ENR
2021-03-31,sp400,ENR
2021-06-30,rut,ENR
2021-06-30,sp400,ENR
2021-09-30,rut,ENR
2021-09-30,sp400,ENR
2021-12-31,rut,ENR
2021-12-31,sp400,ENR
2022-03-31,rut,ENR
2022-03-31,sp400,ENR
2022-06-30,rut,ENR
2022-06-30,sp400,ENR
2022-09-30,rut,ENR
2022-09-30,sp400,ENR
2022-12-31,rut,ENR
2022-12-31,sp400,ENR
2023-03-31,rut,ENR
2023-03-31,sp400,ENR
2023-06-30,rut,ENR
2023-06-30,sp400,ENR
2023-09-30,rut,ENR
2023-09-30,sp600,ENR
2023-12-31,rut,ENR
2023-12-31,sp600,ENR
2024-03-31,rut,ENR
2024-03-31,sp600,ENR
2024-06-30,rut,ENR
2024-06-30,sp600,ENR
2024-09-30,rut,ENR
2024-09-30,sp600,ENR
2024-12-31,rut,ENR
2024-12-31,sp600,ENR
2025-03-31,rut,ENR
2025-03-31,sp600,ENR
2025-06-30,rut,ENR
2025-06-30,sp600,ENR
2025-09-30,rut,ENR
2025-09-30,sp600,ENR
2025-12-31,rut,ENR
2025-12-31,sp600,ENR
2026-03-31,rut,ENR
2026-03-31,sp600,ENR
2026-06-30,rut,ENR
2026-06-30,sp600,ENR
2026-09-30,rut,ENR
2026-09-30,sp600,ENR
2024-09-30,rut,AHR
2024-12-31,rut,AHR
2025-03-31,rut,AHR
2025-06-30,rut,AHR
2025-09-30,rut,AHR
2025-12-31,rut,AHR
2026-03-31,rut,AHR
2026-03-31,sp400,AHR
2026-06-30,sp400,AHR
2026-09-30,sp400,AHR
2019-12-31,rut,LITE
2019-12-31,sp400,LITE
2020-03-31,rut,LITE
2020-03-31,sp400,LITE
2020-06-30,sp400,LITE
2020-09-30,sp400,LITE
2020-12-31,sp400,LITE
2021-03-31,sp400,LITE
2021-06-30,sp400,LITE
2021-09-30,sp400,LITE
2021-12-31,sp400,LITE
2022-03-31,sp400,LITE
2022-06-30,sp400,LITE
2022-09-30,sp400,LITE
2022-12-31,sp400,LITE
2023-03-31,sp400,LITE
2023-06-30,sp400,LITE
2023-09-30,sp400,LITE
2023-12-31,sp400,LITE
2024-03-31,sp400,LITE
2024-06-30,sp400,LITE
2024-09-30,sp400,LITE
2024-12-31,sp400,LITE
2025-03-31,sp400,LITE
2025-06-30,sp400,LITE
2025-09-30,sp400,LITE
2025-12-31,sp400,LITE
2026-09-30,rut,BNED
2026-09-30,sp400,ROIV
2019-12-31,rut,WING
2019-12-31,sp600,WING
2020-03-31,rut,WING
2020-03-31,sp600,WING
2020-06-30,rut,WING
2020-06-30,sp600,WING
2020-09-30,rut,WING
2020-09-30,sp400,WING
2020-12-31,rut,WING
2020-12-31,sp400,WING
2021-03-31,rut,WING
2021-03-31,sp400,WING
2021-06-30,rut,WING
2021-06-30,sp400,WING
2021-09-30,rut,WING
2021-09-30,sp400,WING
2021-12-31,rut,WING
2021-12-31,sp400,WING
2022-03-31,rut,WING
2022-03-31,sp400,WING
2022-06-30,rut,WING
2022-06-30,sp400,WING
2022-09-30,rut,WING
2022-09-30,sp400,WING
2022-12-31,rut,WING
2022-12-31,sp400,WING
2023-03-31,rut,WING
2023-03-31,sp400,WING
2023-06-30,sp400,WING
2023-09-30,sp400,WING
2023-12-31,sp400,WING
2024-03-31,sp400,WING
2024-06-30,sp400,WING
2024-09-30,sp400,WING
2024-12-31,sp400,WING
2025-03-31,sp400,WING
2025-06-30,sp400,WING
2025-09-30,sp400,WING
2025-12-31,sp400,WING
2026-03-31,sp400,WING
2026-06-30,sp400,WING
2026-09-30,sp400,WING
2024-09-30,rut,SYRE
2024-12-31,rut,SYRE
2025-03-31,rut,SYRE
2025-06-30,rut,SYRE
2025-09-30,rut,SYRE
2025-12-31,rut,SYRE
2026-03-31,rut,SYRE
2026-06-30,rut,SYRE
2026-09-30,rut,SYRE
2023-09-30,sp600,MSGS
2023-12-31,sp600,MSGS
2024-03-31,sp600,MSGS
2024-06-30,sp600,MSGS
2024-09-30,sp600,MSGS
2024-12-31,sp600,MSGS
2025-03-31,sp600,MSGS
2025-06-30,sp600,MSGS
2025-09-30,sp600,MSGS
2025-12-31,sp600,MSGS
2026-03-31,sp600,MSGS
2026-06-30,sp600,MSGS
2026-09-30,sp600,MSGS
2023-06-30,sp400,PLNT
2023-09-30,sp400,PLNT
2023-12-31,sp400,PLNT
2024-03-31,sp400,PLNT
2024-06-30,sp400,PLNT
2024-09-30,sp400,PLNT
2024-12-31,sp400,PLNT
2025-03-31,sp400,PLNT
2025-06-30,sp400,PLNT
2025-09-30,sp400,PLNT
2025-12-31,sp400,PLNT
2026-03-31,sp400,PLNT
2026-06-30,sp400,PLNT
2026-09-30,sp400,PLNT
2022-06-30,rut,ACVA
2022-09-30,rut,ACVA
2022-12-31,rut,ACVA
2023-03-31,rut,ACVA
2023-06-30,rut,ACVA
2023-09-30,rut,ACVA
2023-12-31,rut,ACVA
2024-03-31,rut,ACVA
2024-06-30,rut,ACVA
2024-09-30,rut,ACVA
2024-12-31,rut,ACVA
2025-03-31,rut,ACVA
2025-06-30,rut,ACVA
2025-09-30,rut,ACVA
2025-12-31,rut,ACVA
2026-03-31,rut,ACVA
2026-06-30,rut,ACVA
2026-09-30,rut,ACVA
2019-12-31,rut,MCFT
2020-03-31,rut,MCFT
2020-06-30,rut,MCFT
2020-09-30,rut,MCFT
2020-12-31,rut,MCFT
2021-03-31,rut,MCFT
2021-06-30,rut,MCFT
2021-09-30,rut,MCFT
2021-12-31,rut,MCFT
2022-03-31,rut,MCFT
2022-06-30,rut,MCFT
2022-09-30,rut,MCFT
2022-12-31,rut,MCFT
2023-03-31,rut,MCFT
2023-06-30,rut,MCFT
2023-09-30,rut,MCFT
2023-12-31,rut,MCFT
2024-03-31,rut,MCFT
2024-06-30,rut,MCFT
2024-09-30,rut,MCFT
2024-12-31,rut,MCFT
2025-03-31,rut,MCFT
2025-06-30,rut,MCFT
2025-09-30,rut,MCFT
2025-12-31,rut,MCFT
2026-03-31,rut,MCFT
2026-06-30,rut,MCFT
2026-09-30,rut,MCFT
2026-06-30,rut,TTAN
2026-09-30,rut,TTAN
2019-12-31,rut,SGRY
2020-03-31,rut,SGRY
2020-06-30,rut,SGRY
2020-09-30,rut,SGRY
2020-12-31,rut,SGRY
2021-03-31,rut,SGRY
2021-06-30,rut,SGRY
2021-09-30,rut,SGRY
2021-12-31,rut,SGRY
2022-03-31,rut,SGRY
2022-06-30,rut,SGRY
2022-09-30,rut,SGRY
2022-12-31,rut,SGRY
2023-03-31,rut,SGRY
2023-06-30,rut,SGRY
2023-09-30,rut,SGRY
2023-12-31,rut,SGRY
2024-03-31,rut,SGRY
2024-06-30,rut,SGRY
2024-09-30,rut,SGRY
2024-12-31,rut,SGRY
2025-03-31,rut,SGRY
2025-06-30,rut,SGRY
2025-09-30,rut,SGRY
2025-12-31,rut,SGRY
2026-03-31,rut,SGRY
2026-06-30,rut,SGRY
2026-09-30,rut,SGRY
2019-12-31,sp400,OLLI
2020-03-31,sp400,OLLI
2020-06-30,sp400,OLLI
2020-09-30,sp400,OLLI
2020-12-31,sp400,OLLI
2021-03-31,sp400,OLLI
2021-06-30,sp400,OLLI
2021-09-30,sp400,OLLI
2021-12-31,sp400,OLLI
2022-03-31,sp400,OLLI
2022-06-30,sp400,OLLI
2022-09-30,sp400,OLLI
2022-12-31,sp400,OLLI
2023-03-31,sp400,OLLI
2023-06-30,sp400,OLLI
2023-09-30,sp400,OLLI
2023-12-31,sp400,OLLI
2024-03-31,sp400,OLLI
2024-06-30,sp400,OLLI
2024-09-30,sp400,OLLI
2024-12-31,sp400,OLLI
2025-03-31,sp400,OLLI
2025-06-30,sp400,OLLI
2025-09-30,sp400,OLLI
2025-12-31,sp400,OLLI
2026-03-31,sp400,OLLI
2026-06-30,sp400,OLLI
2026-09-30,sp400,OLLI
2025-03-31,sp400,CAVA
2025-06-30,sp400,CAVA
2025-09-30,sp400,CAVA
2025-12-31,sp400,CAVA
2026-03-31,sp400,CAVA
2026-06-30,sp400,CAVA
2026-09-30,sp400,CAVA
2026-09-30,rut,LIVN
2026-09-30,sp400,LIVN
2024-09-30,rut,PTON
2024-12-31,rut,PTON
2025-03-31,rut,PTON
2025-06-30,rut,PTON
2025-09-30,rut,PTON
2025-12-31,rut,PTON
2026-03-31,rut,PTON
2026-06-30,rut,PTON
2026-06-30,sp600,PTON
2026-09-30,rut,PTON
2026-09-30,sp600,PTON
2020-09-30,rut,ONT
2020-12-31,rut,ONT
2021-03-31,rut,ONT
2021-06-30,rut,ONT
2021-09-30,rut,ONT
2021-12-31,rut,ONT
2022-03-31,rut,ONT
2022-06-30,rut,ONT
2022-09-30,rut,ONT
2022-12-31,rut,ONT
2023-03-31,rut,ONT
2023-06-30,rut,ONT
2023-09-30,rut,ONT
2023-12-31,rut,ONT
2024-03-31,rut,ONT
2024-06-30,rut,ONT
2024-09-30,rut,ONT
2024-12-31,rut,ONT
2025-03-31,rut,ONT
2025-06-30,rut,ONT
2025-09-30,rut,ONT
2025-12-31,rut,ONT
2026-03-31,rut,ONT
2026-06-30,rut,ONT
2026-09-30,rut,ONT
2019-12-31,rut,NVCR
2020-03-31,rut,NVCR
2026-09-30,rut,NVCR
2025-03-31,sp400,ACI
2025-06-30,sp400,ACI
2025-09-30,sp400,ACI
2025-12-31,sp400,ACI
2026-03-31,sp400,ACI
2026-06-30,sp400,ACI
2026-09-30,sp400,ACI
2019-12-31,rut,WSC
2020-03-31,rut,WSC
2020-06-30,rut,WSC
2020-09-30,rut,WSC
2020-12-31,rut,WSC
2021-03-31,rut,WSC
2021-06-30,rut,WSC
2021-09-30,rut,WSC
2021-12-31,rut,WSC
2022-03-31,rut,WSC
2025-03-31,sp600,WSC
2025-06-30,sp600,WSC
2025-09-30,sp600,WSC
2025-12-31,sp600,WSC
2026-03-31,sp600,WSC
2026-06-30,sp600,WSC
2026-09-30,sp600,WSC
2023-06-30,rut,UPST
2023-09-30,rut,UPST
2023-12-31,rut,UPST
2024-03-31,rut,UPST
2024-06-30,rut,UPST
2024-09-30,rut,UPST
2024-12-31,rut,UPST
2025-03-31,rut,UPST
2025-06-30,rut,UPST
2025-09-30,rut,UPST
2025-12-31,rut,UPST
2026-03-31,rut,UPST
2026-06-30,rut,UPST
2026-09-30,rut,UPST
2019-12-31,rut,FBK
2020-03-31,rut,FBK
2020-06-30,rut,FBK
2020-09-30,rut,FBK
2020-09-30,sp600,FBK
2020-12-31,rut,FBK
2020-12-31,sp600,FBK
2021-03-31,rut,FBK
2021-03-31,sp600,FBK
2021-06-30,rut,FBK
2021-06-30,sp600,FBK
2021-09-30,rut,FBK
2021-09-30,sp600,FBK
2021-12-31,rut,FBK
2021-12-31,sp600,FBK
2022-03-31,rut,FBK
2022-03-31,sp600,FBK
2022-06-30,rut,FBK
2022-06-30,sp600,FBK
2022-09-30,rut,FBK
2022-09-30,sp600,FBK
2022-12-31,rut,FBK
2022-12-31,sp600,FBK
2023-03-31,rut,FBK
2023-03-31,sp600,FBK
2023-06-30,rut,FBK
2023-06-30,sp600,FBK
2023-09-30,rut,FBK
2023-09-30,sp600,FBK
2023-12-31,rut,FBK
2023-12-31,sp600,FBK
2024-03-31,rut,FBK
2024-03-31,sp600,FBK
2024-06-30,rut,FBK
2024-06-30,sp600,FBK
2024-09-30,rut,FBK
2024-09-30,sp600,FBK
2024-12-31,rut,FBK
2024-12-31,sp600,FBK
2025-03-31,rut,FBK
2025-03-31,sp600,FBK
2025-06-30,rut,FBK
2025-06-30,sp600,FBK
2025-09-30,rut,FBK
2025-09-30,sp600,FBK
2025-12-31,rut,FBK
2025-12-31,sp600,FBK
2026-03-31,rut,FBK
2026-03-31,sp600,FBK
2026-06-30,rut,FBK
2026-06-30,sp600,FBK
2026-09-30,rut,FBK
2026-09-30,sp600,FBK
2019-12-31,rut,RYTM
2020-03-31,rut,RYTM
2020-06-30,rut,RYTM
2020-09-30,rut,RYTM
2020-12-31,rut,RYTM
2021-03-31,rut,RYTM
2021-06-30,rut,RYTM
2021-09-30,rut,RYTM
2021-12-31,rut,RYTM
2022-03-31,rut,RYTM
2023-06-30,rut,RYTM
2023-09-30,rut,RYTM
2023-12-31,rut,RYTM
2024-03-31,rut,RYTM
2024-06-30,rut,RYTM
2024-09-30,rut,RYTM
2024-12-31,rut,RYTM
2025-03-31,rut,RYTM
2025-06-30,rut,RYTM
2025-09-30,rut,RYTM
2025-12-31,rut,RYTM
2026-03-31,rut,RYTM
2026-06-30,rut,RYTM
2026-09-30,rut,RYTM
2019-12-31,rut,FCPT
2019-12-31,sp600,FCPT
2020-03-31,rut,FCPT
2020-03-31,sp600,FCPT
2020-06-30,rut,FCPT
2020-06-30,sp600,FCPT
2020-09-30,rut,FCPT
2020-09-30,sp600,FCPT
2020-12-31,rut,FCPT
2020-12-31,sp600,FCPT
2021-03-31,rut,FCPT
2021-03-31,sp600,FCPT
2021-06-30,rut,FCPT
2021-06-30,sp600,FCPT
2021-09-30,rut,FCPT
2021-09-30,sp600,FCPT
2021-12-31,rut,FCPT
2021-12-31,sp600,FCPT
2022-03-31,rut,FCPT
2022-03-31,sp600,FCPT
2022-06-30,rut,FCPT
2022-06-30,sp600,FCPT
2022-09-30,rut,FCPT
2022-09-30,sp600,FCPT
2022-12-31,rut,FCPT
2022-12-31,sp600,FCPT
2023-03-31,rut,FCPT
2023-03-31,sp600,FCPT
2023-06-30,rut,FCPT
2023-06-30,sp600,FCPT
2023-09-30,rut,FCPT
2023-09-30,sp600,FCPT
2023-12-31,rut,FCPT
2023-12-31,sp600,FCPT
2024-03-31,rut,FCPT
2024-03-31,sp600,FCPT
2024-06-30,rut,FCPT
2024-06-30,sp600,FCPT
2024-09-30,rut,FCPT
2024-09-30,sp600,FCPT
2024-12-31,rut,FCPT
2024-12-31,sp600,FCPT
2025-03-31,rut,FCPT
2025-03-31,sp600,FCPT
2025-06-30,rut,FCPT
2025-06-30,sp600,FCPT
2025-09-30,rut,FCPT
2025-09-30,sp600,FCPT
2025-12-31,rut,FCPT
2025-12-31,sp600,FCPT
2026-03-31,rut,FCPT
2026-03-31,sp600,FCPT
2026-06-30,rut,FCPT
2026-06-30,sp600,FCPT
2026-09-30,rut,FCPT
2026-09-30,sp600,FCPT
2026-09-30,sp400,TOST
2019-12-31,rut,SITE
2020-03-31,rut,SITE
2020-06-30,rut,SITE
2020-09-30,rut,SITE
2020-12-31,rut,SITE
2021-03-31,rut,SITE
2021-06-30,rut,COUR
2021-09-30,rut,COUR
2021-12-31,rut,COUR
2022-03-31,rut,COUR
2022-06-30,rut,COUR
2022-09-30,rut,COUR
2022-12-31,rut,COUR
2023-03-31,rut,COUR
2023-06-30,rut,COUR
2023-09-30,rut,COUR
2023-12-31,rut,COUR
2024-03-31,rut,COUR
2024-06-30,rut,COUR
2024-09-30,rut,COUR
2024-12-31,rut,COUR
2025-03-31,rut,COUR
2025-06-30,rut,COUR
2025-09-30,rut,COUR
2025-12-31,rut,COUR
2026-03-31,rut,COUR
2026-06-30,rut,COUR
2026-09-30,rut,COUR
2019-12-31,rut,NTLA
2020-03-31,rut,NTLA
2020-06-30,rut,NTLA
2020-09-30,rut,NTLA
2020-12-31,rut,NTLA
2021-03-31,rut,NTLA
2021-06-30,rut,NTLA
2021-09-30,rut,NTLA
2021-12-31,rut,NTLA
2022-03-31,rut,NTLA
2022-06-30,rut,NTLA
2022-09-30,rut,NTLA
2022-12-31,rut,NTLA
2023-03-31,rut,NTLA
2023-06-30,rut,NTLA
2023-09-30,rut,NTLA
2023-12-31,rut,NTLA
2024-03-31,rut,NTLA
2024-06-30,rut,NTLA
2024-09-30,rut,NTLA
2024-12-31,rut,NTLA
2025-03-31,rut,NTLA
2025-06-30,rut,NTLA
2025-09-30,rut,NTLA
2025-12-31,rut,NTLA
2026-03-31,rut,NTLA
2026-06-30,rut,NTLA
2026-09-30,rut,NTLA
2019-12-31,rut,NGVT
2019-12-31,sp400,NGVT
2020-03-31,rut,NGVT
2020-03-31,sp400,NGVT
2020-06-30,rut,NGVT
2020-06-30,sp400,NGVT
2020-09-30,rut,NGVT
2020-09-30,sp400,NGVT
2020-12-31,rut,NGVT
2020-12-31,sp400,NGVT
2021-03-31,rut,NGVT
2021-03-31,sp400,NGVT
2021-06-30,rut,NGVT
2021-06-30,sp400,NGVT
2021-09-30,rut,NGVT
2021-09-30,sp400,NGVT
2021-12-31,rut,NGVT
2021-12-31,sp400,NGVT
2022-03-31,rut,NGVT
2022-03-31,sp400,NGVT
2022-06-30,rut,NGVT
2022-06-30,sp400,NGVT
2022-09-30,rut,NGVT
2022-09-30,sp400,NGVT
2022-12-31,rut,NGVT
2022-12-31,sp400,NGVT
2023-03-31,rut,NGVT
2023-03-31,sp400,NGVT
2023-06-30,rut,NGVT
2023-06-30,sp600,NGVT
2023-09-30,rut,NGVT
2023-09-30,sp600,NGVT
2023-12-31,rut,NGVT
2023-12-31,sp600,NGVT
2024-03-31,rut,NGVT
2024-03-31,sp600,NGVT
2024-06-30,rut,NGVT
2024-06-30,sp600,NGVT
2024-09-30,rut,NGVT
2024-09-30,sp600,NGVT
2024-12-31,rut,NGVT
2024-12-31,sp600,NGVT
2025-03-31,rut,NGVT
2025-03-31,sp600,NGVT
2025-06-30,rut,NGVT
2025-06-30,sp600,NGVT
2025-09-30,rut,NGVT
2025-09-30,sp600,NGVT
2025-12-31,rut,NGVT
2025-12-31,sp600,NGVT
2026-03-31,rut,NGVT
2026-03-31,sp600,NGVT
2026-06-30,rut,NGVT
2026-06-30,sp600,NGVT
2026-09-30,rut,NGVT
2026-09-30,sp600,NGVT
2019-12-31,rut,RRR
2020-03-31,rut,RRR
2020-06-30,rut,RRR
2020-09-30,rut,RRR
2020-12-31,rut,RRR
2021-03-31,rut,RRR
2021-06-30,rut,RRR
2021-09-30,rut,RRR
2021-12-31,rut,RRR
2022-03-31,rut,RRR
2022-06-30,rut,RRR
2022-09-30,rut,RRR
2022-12-31,rut,RRR
2023-03-31,rut,RRR
2023-06-30,rut,RRR
2023-09-30,rut,RRR
2023-12-31,rut,RRR
2024-03-31,rut,RRR
2024-06-30,rut,RRR
2024-09-30,rut,RRR
2024-12-31,rut,RRR
2025-03-31,rut,RRR
2025-06-30,rut,RRR
2025-09-30,rut,RRR
2025-12-31,rut,RRR
2025-12-31,sp600,RRR
2026-03-31,rut,RRR
2026-03-31,sp600,RRR
2026-06-30,rut,RRR
2026-06-30,sp600,RRR
2026-09-30,rut,RRR
2026-09-30,sp600,RRR
2021-09-30,rut,XMTR
2021-12-31,rut,XMTR
2022-03-31,rut,XMTR
2022-06-30,rut,XMTR
2022-09-30,rut,XMTR
2022-12-31,rut,XMTR
2023-03-31,rut,XMTR
2023-06-30,rut,XMTR
2023-09-30,rut,XMTR
2023-12-31,rut,XMTR
2024-03-31,rut,XMTR
2024-06-30,rut,XMTR
2024-09-30,rut,XMTR
2024-12-31,rut,XMTR
2025-03-31,rut,XMTR
2025-06-30,rut,XMTR
2025-09-30,rut,XMTR
2025-12-31,rut,XMTR
2026-03-31,rut,XMTR
2026-06-30,rut,XMTR
2026-09-30,rut,XMTR
2019-12-31,rut,HTZ
2020-03-31,rut,HTZ
2020-06-30,rut,HTZ
2020-09-30,rut,HTZ
2023-03-31,sp400,HTZ
2023-06-30,sp400,HTZ
2023-09-30,sp400,HTZ
2023-12-31,sp400,HTZ
2024-03-31,sp400,HTZ
2024-06-30,sp600,HTZ
2024-09-30,rut,HTZ
2024-09-30,sp600,HTZ
2024-12-31,rut,HTZ
2024-12-31,sp600,HTZ
2025-03-31,rut,HTZ
2025-03-31,sp600,HTZ
2025-06-30,rut,HTZ
2025-06-30,sp600,HTZ
2025-09-30,rut,HTZ
2025-09-30,sp600,HTZ
2025-12-31,rut,HTZ
2025-12-31,sp600,HTZ
2026-03-31,rut,HTZ
2026-03-31,sp600,HTZ
2026-06-30,rut,HTZ
2026-06-30,sp600,HTZ
2026-09-30,rut,HTZ
2019-12-31,rut,CIK1658247
2020-03-31,rut,CIK1658247
2020-06-30,rut,CIK1658247
2020-09-30,rut,CIK1658247
2020-12-31,rut,CIK1658247
2021-03-31,rut,CIK1658247
2021-06-30,rut,CIK1658247
2021-09-30,rut,CIK1658247
2021-12-31,rut,CIK1658247
2022-03-31,rut,CIK1658247
2022-06-30,rut,CIK1658247
2022-09-30,rut,CIK1658247
2022-12-31,rut,CIK1658247
2023-03-31,rut,CIK1658247
2023-06-30,rut,CIK1658247
2023-09-30,rut,CIK1658247
2023-12-31,rut,CIK1658247
2024-03-31,rut,CIK1658247
2024-06-30,rut,CIK1658247
2024-09-30,rut,CIK1658247
2024-12-31,rut,CIK1658247
2025-03-31,rut,CIK1658247
2025-06-30,rut,CIK1658247
2025-09-30,rut,CIK1658247
2025-12-31,rut,CIK1658247
2026-03-31,rut,CIK1658247
2026-06-30,rut,CIK1658247
2022-09-30,rut,PR
2022-12-31,rut,PR
2023-03-31,rut,PR
2023-06-30,rut,PR
2023-09-30,rut,PR
2023-09-30,sp400,PR
2023-12-31,rut,PR
2023-12-31,sp400,PR
2024-03-31,rut,PR
2024-03-31,sp400,PR
2024-06-30,rut,PR
2024-06-30,sp400,PR
2024-09-30,sp400,PR
2024-12-31,sp400,PR
2025-03-31,sp400,PR
2025-06-30,sp400,PR
2025-09-30,sp400,PR
2025-12-31,sp400,PR
2026-03-31,sp400,PR
2026-06-30,sp400,PR
2026-09-30,sp400,PR
2025-06-30,sp400,OKTA
2025-09-30,sp400,OKTA
2025-12-31,sp400,OKTA
2026-03-31,sp400,OKTA
2026-06-30,sp400,OKTA
2026-09-30,sp400,OKTA
2019-12-31,rut,TENB
2020-03-31,rut,TENB
2020-06-30,rut,TENB
2020-09-30,rut,TENB
2020-12-31,rut,TENB
2021-03-31,rut,TENB
2021-06-30,rut,TENB
2021-09-30,rut,TENB
2021-12-31,rut,TENB
2022-03-31,rut,TENB
2022-06-30,rut,TENB
2022-09-30,rut,TENB
2022-12-31,rut,TENB
2023-03-31,rut,TENB
2023-06-30,rut,TENB
2023-09-30,rut,TENB
2023-12-31,rut,TENB
2024-03-31,rut,TENB
2024-06-30,rut,TENB
2024-09-30,rut,TENB
2024-12-31,rut,TENB
2025-03-31,rut,TENB
2025-06-30,rut,TENB
2025-09-30,rut,TENB
2025-12-31,rut,TENB
2026-03-31,rut,TENB
2026-06-30,rut,TENB
2026-09-30,rut,TENB
2026-09-30,sp600,TENB
2024-09-30,rut,SEZL
2024-12-31,rut,SEZL
2025-03-31,rut,SEZL
2025-06-30,rut,SEZL
2025-09-30,rut,SEZL
2025-12-31,rut,SEZL
2025-12-31,sp600,SEZL
2026-03-31,rut,SEZL
2026-03-31,sp600,SEZL
2026-06-30,rut,SEZL
2026-06-30,sp600,SEZL
2026-09-30,rut,SEZL
2026-09-30,sp600,SEZL
2019-12-31,rut,BE
2020-03-31,rut,BE
2020-06-30,rut,BE
2020-09-30,rut,BE
2020-12-31,rut,BE
2021-03-31,rut,BE
2021-06-30,rut,BE
2021-09-30,rut,BE
2021-12-31,rut,BE
2022-03-31,rut,BE
2022-06-30,rut,BE
2022-09-30,rut,BE
2022-12-31,rut,BE
2023-03-31,rut,BE
2023-06-30,rut,BE
2023-09-30,rut,BE
2023-12-31,rut,BE
2024-03-31,rut,BE
2024-06-30,rut,BE
2024-09-30,rut,BE
2024-12-31,rut,BE
2025-03-31,rut,BE
2025-06-30,rut,BE
2025-09-30,rut,BE
2025-12-31,rut,BE
2026-03-31,rut,BE
2023-03-31,sp400,USFD
2023-06-30,sp400,USFD
2023-09-30,sp400,USFD
2023-12-31,sp400,USFD
2024-03-31,sp400,USFD
2024-06-30,sp400,USFD
2024-09-30,sp400,USFD
2024-12-31,sp400,USFD
2025-03-31,sp400,USFD
2025-06-30,sp400,USFD
2025-09-30,sp400,USFD
2025-12-31,sp400,USFD
2026-03-31,sp400,USFD
2026-06-30,sp400,USFD
2026-09-30,sp400,USFD
2019-12-31,rut,BL
2020-03-31,rut,BL
2020-06-30,rut,BL
2020-09-30,rut,BL
2020-12-31,rut,BL
2021-03-31,rut,BL
2021-06-30,rut,BL
2021-09-30,rut,BL
2021-12-31,rut,BL
2022-03-31,rut,BL
2022-06-30,rut,BL
2022-09-30,rut,BL
2022-12-31,rut,BL
2023-03-31,rut,BL
2023-06-30,rut,BL
2023-09-30,rut,BL
2023-12-31,rut,BL
2024-03-31,rut,BL
2024-03-31,sp600,BL
2024-06-30,rut,BL
2024-06-30,sp600,BL
2024-09-30,rut,BL
2024-09-30,sp600,BL
2024-12-31,rut,BL
2024-12-31,sp600,BL
2025-03-31,rut,BL
2025-03-31,sp600,BL
2025-06-30,rut,BL
2025-06-30,sp600,BL
2025-09-30,rut,BL
2025-09-30,sp600,BL
2025-12-31,rut,BL
2025-12-31,sp600,BL
2026-03-31,rut,BL
2026-03-31,sp600,BL
2026-06-30,rut,BL
2026-06-30,sp600,BL
2026-09-30,rut,BL
2026-09-30,sp600,BL
2019-12-31,rut,ATKR
2020-03-31,rut,ATKR
2020-06-30,rut,ATKR
2020-09-30,rut,ATKR
2020-12-31,rut,ATKR
2021-03-31,rut,ATKR
2021-06-30,rut,ATKR
2021-09-30,rut,ATKR
2021-12-31,rut,ATKR
2022-03-31,rut,ATKR
2022-06-30,rut,ATKR
2022-09-30,rut,ATKR
2022-12-31,rut,ATKR
2023-03-31,rut,ATKR
2023-06-30,rut,ATKR
2023-09-30,rut,ATKR
2023-12-31,rut,ATKR
2024-03-31,rut,ATKR
2024-06-30,rut,ATKR
2024-09-30,rut,ATKR
2024-12-31,rut,ATKR
2025-03-31,rut,ATKR
2025-06-30,rut,ATKR
2025-09-30,rut,ATKR
2025-12-31,rut,ATKR
2026-03-31,rut,ATKR
2026-06-30,rut,ATKR
2026-09-30,rut,ATKR
2019-12-31,rut,MEDP
2019-12-31,sp600,MEDP
2020-03-31,rut,MEDP
2020-03-31,sp600,MEDP
2020-06-30,rut,MEDP
2020-06-30,sp600,MEDP
2020-09-30,rut,MEDP
2020-09-30,sp400,MEDP
2020-12-31,rut,MEDP
2020-12-31,sp400,MEDP
2021-03-31,rut,MEDP
2021-03-31,sp400,MEDP
2021-06-30,rut,MEDP
2021-06-30,sp400,MEDP
2021-09-30,rut,MEDP
2021-09-30,sp400,MEDP
2021-12-31,rut,MEDP
2021-12-31,sp400,MEDP
2022-03-31,rut,MEDP
2022-03-31,sp400,MEDP
2022-06-30,rut,MEDP
2022-06-30,sp400,MEDP
2022-09-30,rut,MEDP
2022-09-30,sp400,MEDP
2022-12-31,rut,MEDP
2022-12-31,sp400,MEDP
2023-03-31,rut,MEDP
2023-03-31,sp400,MEDP
2023-06-30,sp400,MEDP
2023-09-30,sp400,MEDP
2023-12-31,sp400,MEDP
2024-03-31,sp400,MEDP
2024-06-30,sp400,MEDP
2024-09-30,sp400,MEDP
2024-12-31,sp400,MEDP
2025-03-31,sp400,MEDP
2025-06-30,sp400,MEDP
2025-09-30,sp400,MEDP
2025-12-31,sp400,MEDP
2026-03-31,sp400,MEDP
2026-06-30,sp400,MEDP
2026-09-30,sp400,MEDP
2019-12-31,rut,KNSL
2019-12-31,sp600,KNSL
2020-03-31,rut,KNSL
2020-03-31,sp600,KNSL
2020-06-30,rut,KNSL
2020-06-30,sp600,KNSL
2020-09-30,rut,KNSL
2020-09-30,sp600,KNSL
2020-12-31,rut,KNSL
2020-12-31,sp400,KNSL
2021-03-31,rut,KNSL
2021-03-31,sp400,KNSL
2021-06-30,rut,KNSL
2021-06-30,sp400,KNSL
2021-09-30,rut,KNSL
2021-09-30,sp400,KNSL
2021-12-31,rut,KNSL
2021-12-31,sp400,KNSL
2022-03-31,rut,KNSL
2022-03-31,sp400,KNSL
2022-06-30,rut,KNSL
2022-06-30,sp400,KNSL
2022-09-30,rut,KNSL
2022-09-30,sp400,KNSL
2022-12-31,rut,KNSL
2022-12-31,sp400,KNSL
2023-03-31,rut,KNSL
2023-03-31,sp400,KNSL
2023-06-30,sp400,KNSL
2023-09-30,sp400,KNSL
2023-12-31,sp400,KNSL
2024-03-31,sp400,KNSL
2024-06-30,sp400,KNSL
2024-09-30,sp400,KNSL
2024-12-31,sp400,KNSL
2025-03-31,sp400,KNSL
2025-06-30,sp400,KNSL
2025-09-30,sp400,KNSL
2025-12-31,sp400,KNSL
2026-03-31,sp400,KNSL
2026-06-30,sp400,KNSL
2026-09-30,sp400,KNSL
2019-12-31,rut,CWH
2020-03-31,rut,CWH
2020-06-30,rut,CWH
2020-09-30,rut,CWH
2020-12-31,rut,CWH
2021-03-31,rut,CWH
2021-06-30,rut,CWH
2021-09-30,rut,CWH
2021-12-31,rut,CWH
2022-03-31,rut,CWH
2022-06-30,rut,CWH
2022-09-30,rut,CWH
2022-12-31,rut,CWH
2023-03-31,rut,CWH
2023-06-30,rut,CWH
2023-09-30,rut,CWH
2023-12-31,rut,CWH
2024-03-31,rut,CWH
2024-06-30,rut,CWH
2024-09-30,rut,CWH
2024-12-31,rut,CWH
2025-03-31,rut,CWH
2025-06-30,rut,CWH
2025-09-30,rut,CWH
2025-12-31,rut,CWH
2026-03-31,rut,CWH
2026-06-30,rut,CWH
2026-09-30,rut,CWH
2019-12-31,rut,DFIN
2019-12-31,sp600,DFIN
2020-03-31,rut,DFIN
2020-03-31,sp600,DFIN
2020-06-30,rut,DFIN
2020-06-30,sp600,DFIN
2020-09-30,rut,DFIN
2020-09-30,sp600,DFIN
2020-12-31,rut,DFIN
2020-12-31,sp600,DFIN
2021-03-31,rut,DFIN
2021-03-31,sp600,DFIN
2021-06-30,rut,DFIN
2021-06-30,sp600,DFIN
2021-09-30,rut,DFIN
2021-09-30,sp600,DFIN
2021-12-31,rut,DFIN
2021-12-31,sp600,DFIN
2022-03-31,rut,DFIN
2022-03-31,sp600,DFIN
2022-06-30,rut,DFIN
2022-06-30,sp600,DFIN
2022-09-30,rut,DFIN
2022-09-30,sp600,DFIN
2022-12-31,rut,DFIN
2022-12-31,sp600,DFIN
2023-03-31,rut,DFIN
2023-03-31,sp600,DFIN
2023-06-30,rut,DFIN
2023-06-30,sp600,DFIN
2023-09-30,rut,DFIN
2023-09-30,sp600,DFIN
2023-12-31,rut,DFIN
2023-12-31,sp600,DFIN
2024-03-31,rut,DFIN
2024-03-31,sp600,DFIN
2024-06-30,rut,DFIN
2024-06-30,sp600,DFIN
2024-09-30,rut,DFIN
2024-09-30,sp600,DFIN
2024-12-31,rut,DFIN
2024-12-31,sp600,DFIN
2025-03-31,rut,DFIN
2025-03-31,sp600,DFIN
2025-06-30,rut,DFIN
2025-06-30,sp600,DFIN
2025-09-30,rut,DFIN
2025-09-30,sp600,DFIN
2025-12-31,rut,DFIN
2025-12-31,sp600,DFIN
2026-03-31,rut,DFIN
2026-03-31,sp600,DFIN
2026-06-30,rut,DFIN
2026-06-30,sp600,DFIN
2026-09-30,rut,DFIN
2026-09-30,sp600,DFIN
2021-06-30,rut,ULCC
2021-09-30,rut,ULCC
2021-12-31,rut,ULCC
2022-03-31,rut,ULCC
2022-06-30,rut,ULCC
2022-09-30,rut,ULCC
2022-12-31,rut,ULCC
2023-03-31,rut,ULCC
2023-06-30,rut,ULCC
2023-09-30,rut,ULCC
2023-12-31,rut,ULCC
2024-03-31,rut,ULCC
2024-06-30,rut,ULCC
2024-09-30,rut,ULCC
2024-12-31,rut,ULCC
2025-03-31,rut,ULCC
2025-06-30,rut,ULCC
2025-09-30,rut,ULCC
2025-12-31,rut,ULCC
2026-03-31,rut,ULCC
2026-06-30,rut,ULCC
2026-09-30,rut,ULCC
2026-09-30,rut,ADNT
2026-09-30,sp600,ADNT
2019-12-31,rut,YETI
2020-03-31,rut,YETI
2020-06-30,rut,YETI
2020-06-30,sp600,YETI
2020-09-30,rut,YETI
2020-09-30,sp600,YETI
2020-12-31,rut,YETI
2020-12-31,sp600,YETI
2021-03-31,rut,YETI
2021-03-31,sp400,YETI
2021-06-30,sp400,YETI
2021-09-30,sp400,YETI
2021-12-31,sp400,YETI
2022-03-31,sp400,YETI
2022-06-30,sp400,YETI
2022-09-30,sp400,YETI
2022-12-31,sp400,YETI
2023-03-31,sp400,YETI
2023-06-30,sp400,YETI
2023-09-30,sp400,YETI
2023-12-31,sp400,YETI
2024-03-31,sp400,YETI
2024-06-30,sp400,YETI
2024-09-30,sp400,YETI
2024-12-31,sp400,YETI
2025-03-31,sp400,YETI
2025-06-30,sp400,YETI
2025-09-30,sp400,YETI
2025-12-31,sp400,YETI
2026-03-31,sp400,YETI
2026-06-30,sp400,YETI
2026-09-30,sp400,YETI
2021-03-31,rut,SPRY
2021-06-30,rut,SPRY
2021-09-30,rut,SPRY
2021-12-31,rut,SPRY
2022-03-31,rut,SPRY
2023-06-30,rut,SPRY
2023-09-30,rut,SPRY
2023-12-31,rut,SPRY
2024-03-31,rut,SPRY
2024-06-30,rut,SPRY
2024-09-30,rut,SPRY
2024-12-31,rut,SPRY
2025-03-31,rut,SPRY
2025-06-30,rut,SPRY
2025-09-30,rut,SPRY
2025-12-31,rut,SPRY
2026-03-31,rut,SPRY
2026-06-30,rut,SPRY
2026-09-30,rut,SPRY
2019-12-31,rut,GOLF
2020-03-31,rut,GOLF
2020-06-30,rut,GOLF
2020-09-30,rut,GOLF
2020-12-31,rut,GOLF
2021-03-31,rut,GOLF
2021-06-30,rut,GOLF
2021-09-30,rut,GOLF
2021-12-31,rut,GOLF
2022-03-31,rut,GOLF
2022-06-30,rut,GOLF
2022-09-30,rut,GOLF
2022-12-31,rut,GOLF
2023-03-31,rut,GOLF
2023-06-30,rut,GOLF
2023-09-30,rut,GOLF
2023-12-31,rut,GOLF
2024-03-31,rut,GOLF
2024-06-30,rut,GOLF
2024-09-30,rut,GOLF
2024-12-31,rut,GOLF
2025-03-31,rut,GOLF
2025-03-31,sp600,GOLF
2025-06-30,rut,GOLF
2025-06-30,sp600,GOLF
2025-09-30,rut,GOLF
2025-09-30,sp600,GOLF
2025-12-31,rut,GOLF
2025-12-31,sp600,GOLF
2026-03-31,rut,GOLF
2026-03-31,sp600,GOLF
2026-06-30,rut,GOLF
2026-06-30,sp600,GOLF
2026-09-30,rut,GOLF
2026-09-30,sp600,GOLF
2019-12-31,rut,ASIX
2019-12-31,sp600,ASIX
2020-03-31,rut,ASIX
2020-03-31,sp600,ASIX
2020-06-30,rut,ASIX
2020-06-30,sp600,ASIX
2020-09-30,rut,ASIX
2020-09-30,sp600,ASIX
2020-12-31,rut,ASIX
2020-12-31,sp600,ASIX
2021-03-31,rut,ASIX
2021-03-31,sp600,ASIX
2021-06-30,rut,ASIX
2021-06-30,sp600,ASIX
2021-09-30,rut,ASIX
2021-09-30,sp600,ASIX
2021-12-31,rut,ASIX
2021-12-31,sp600,ASIX
2022-03-31,rut,ASIX
2022-03-31,sp600,ASIX
2022-06-30,rut,ASIX
2022-06-30,sp600,ASIX
2022-09-30,rut,ASIX
2022-09-30,sp600,ASIX
2022-12-31,rut,ASIX
2022-12-31,sp600,ASIX
2023-03-31,rut,ASIX
2023-03-31,sp600,ASIX
2023-06-30,rut,ASIX
2023-06-30,sp600,ASIX
2023-09-30,rut,ASIX
2023-09-30,sp600,ASIX
2023-12-31,rut,ASIX
2023-12-31,sp600,ASIX
2024-03-31,rut,ASIX
2024-03-31,sp600,ASIX
2024-06-30,rut,ASIX
2024-06-30,sp600,ASIX
2024-09-30,rut,ASIX
2024-09-30,sp600,ASIX
2024-12-31,rut,ASIX
2024-12-31,sp600,ASIX
2025-03-31,rut,ASIX
2025-03-31,sp600,ASIX
2025-06-30,rut,ASIX
2025-06-30,sp600,ASIX
2025-09-30,rut,ASIX
2025-09-30,sp600,ASIX
2025-12-31,rut,ASIX
2026-03-31,rut,ASIX
2026-06-30,rut,ASIX
2026-09-30,rut,ASIX
2020-06-30,rut,HGV
2020-09-30,rut,HGV
2020-12-31,rut,HGV
2021-03-31,rut,HGV
2021-06-30,rut,HGV
2021-09-30,rut,HGV
2021-12-31,rut,HGV
2022-03-31,rut,HGV
2022-06-30,rut,HGV
2022-09-30,rut,HGV
2022-12-31,rut,HGV
2023-03-31,rut,HGV
2023-03-31,sp400,HGV
2023-06-30,rut,HGV
2023-06-30,sp400,HGV
2023-09-30,rut,HGV
2023-09-30,sp400,HGV
2023-12-31,rut,HGV
2023-12-31,sp400,HGV
2024-03-31,rut,HGV
2024-03-31,sp400,HGV
2024-06-30,rut,HGV
2024-06-30,sp400,HGV
2024-09-30,rut,HGV
2024-09-30,sp400,HGV
2024-12-31,rut,HGV
2024-12-31,sp400,HGV
2025-03-31,rut,HGV
2025-03-31,sp400,HGV
2025-06-30,rut,HGV
2025-06-30,sp400,HGV
2025-09-30,rut,HGV
2025-09-30,sp400,HGV
2025-12-31,rut,HGV
2025-12-31,sp400,HGV
2026-03-31,rut,HGV
2026-03-31,sp400,HGV
2026-06-30,rut,HGV
2026-06-30,sp400,HGV
2026-09-30,rut,HGV
2026-09-30,sp400,HGV
2019-12-31,rut,JELD
2020-03-31,rut,JELD
2020-06-30,rut,JELD
2020-09-30,rut,JELD
2020-12-31,rut,JELD
2021-03-31,rut,JELD
2021-06-30,rut,JELD
2021-09-30,rut,JELD
2021-12-31,rut,JELD
2022-03-31,rut,JELD
2022-06-30,rut,JELD
2022-09-30,rut,JELD
2022-12-31,rut,JELD
2023-03-31,rut,JELD
2023-06-30,rut,JELD
2023-09-30,rut,JELD
2023-12-31,rut,JELD
2024-03-31,rut,JELD
2024-06-30,rut,JELD
2024-09-30,rut,JELD
2024-12-31,rut,JELD
2025-03-31,rut,JELD
2025-06-30,rut,JELD
2025-09-30,rut,JELD
2025-12-31,rut,JELD
2026-03-31,rut,JELD
2026-09-30,rut,CRSP
2019-12-31,sp400,ASH
2020-03-31,sp400,ASH
2020-06-30,sp400,ASH
2020-09-30,sp400,ASH
2020-12-31,sp400,ASH
2021-03-31,sp400,ASH
2021-06-30,sp400,ASH
2021-09-30,sp400,ASH
2021-12-31,sp400,ASH
2022-03-31,sp400,ASH
2022-06-30,sp400,ASH
2022-09-30,sp400,ASH
2022-12-31,sp400,ASH
2023-03-31,sp400,ASH
2023-06-30,sp400,ASH
2023-09-30,sp400,ASH
2023-12-31,sp400,ASH
2024-03-31,sp400,ASH
2024-06-30,sp400,ASH
2024-09-30,sp400,ASH
2024-12-31,sp400,ASH
2025-03-31,sp400,ASH
2025-06-30,sp400,ASH
2025-09-30,sp400,ASH
2025-12-31,sp400,ASH
2026-03-31,sp400,ASH
2026-06-30,rut,ASH
2026-06-30,sp400,ASH
2026-09-30,rut,ASH
2026-09-30,sp400,ASH
2019-12-31,sp400,VVV
2020-03-31,sp400,VVV
2020-06-30,sp400,VVV
2020-09-30,sp400,VVV
2020-12-31,sp400,VVV
2021-03-31,sp400,VVV
2021-06-30,sp400,VVV
2021-09-30,sp400,VVV
2021-12-31,sp400,VVV
2022-03-31,sp400,VVV
2022-06-30,sp400,VVV
2022-09-30,sp400,VVV
2022-12-31,sp400,VVV
2023-03-31,sp400,VVV
2023-06-30,sp400,VVV
2023-09-30,sp400,VVV
2023-12-31,sp400,VVV
2024-03-31,sp400,VVV
2024-06-30,sp400,VVV
2024-09-30,sp400,VVV
2024-12-31,sp400,VVV
2025-03-31,sp400,VVV
2025-06-30,sp400,VVV
2025-09-30,sp400,VVV
2025-12-31,sp400,VVV
2026-03-31,sp400,VVV
2026-06-30,sp400,VVV
2026-09-30,sp400,VVV
2020-06-30,rut,AA
2020-09-30,rut,AA
2020-12-31,rut,AA
2021-03-31,rut,AA
2021-12-31,sp400,AA
2022-03-31,sp400,AA
2022-06-30,sp400,AA
2022-09-30,sp400,AA
2022-12-31,sp400,AA
2023-03-31,sp400,AA
2023-06-30,sp400,AA
2023-09-30,sp400,AA
2023-12-31,sp400,AA
2024-03-31,sp400,AA
2024-06-30,sp400,AA
2024-09-30,sp400,AA
2024-12-31,sp400,AA
2025-03-31,sp400,AA
2025-06-30,sp400,AA
2025-09-30,sp400,AA
2025-12-31,sp400,AA
2026-03-31,sp400,AA
2026-06-30,sp400,AA
2026-09-30,sp400,AA
2023-06-30,rut,BRZE
2023-09-30,rut,BRZE
2023-12-31,rut,BRZE
2024-03-31,rut,BRZE
2024-06-30,rut,BRZE
2024-09-30,rut,BRZE
2024-12-31,rut,BRZE
2025-03-31,rut,BRZE
2025-06-30,rut,BRZE
2025-09-30,rut,BRZE
2025-12-31,rut,BRZE
2026-03-31,rut,BRZE
2026-06-30,rut,BRZE
2026-09-30,rut,BRZE
2020-06-30,rut,IDYA
2020-09-30,rut,IDYA
2020-12-31,rut,IDYA
2021-03-31,rut,IDYA
2021-06-30,rut,IDYA
2021-09-30,rut,IDYA
2021-12-31,rut,IDYA
2022-03-31,rut,IDYA
2022-06-30,rut,IDYA
2022-09-30,rut,IDYA
2022-12-31,rut,IDYA
2023-03-31,rut,IDYA
2023-06-30,rut,IDYA
2023-09-30,rut,IDYA
2023-12-31,rut,IDYA
2024-03-31,rut,IDYA
2024-06-30,rut,IDYA
2024-09-30,rut,IDYA
2024-12-31,rut,IDYA
2025-03-31,rut,IDYA
2025-06-30,rut,IDYA
2025-09-30,rut,IDYA
2025-12-31,rut,IDYA
2026-03-31,rut,IDYA
2026-06-30,rut,IDYA
2026-09-30,rut,IDYA
2019-12-31,rut,IIPR
2019-12-31,sp600,IIPR
2020-03-31,rut,IIPR
2020-03-31,sp600,IIPR
2020-06-30,rut,IIPR
2020-06-30,sp600,IIPR
2020-09-30,rut,IIPR
2020-09-30,sp600,IIPR
2020-12-31,rut,IIPR
2020-12-31,sp600,IIPR
2021-03-31,rut,IIPR
2021-03-31,sp600,IIPR
2021-06-30,rut,IIPR
2021-06-30,sp600,IIPR
2021-09-30,rut,IIPR
2021-09-30,sp600,IIPR
2021-12-31,rut,IIPR
2021-12-31,sp600,IIPR
2022-03-31,rut,IIPR
2022-03-31,sp600,IIPR
2022-06-30,rut,IIPR
2022-06-30,sp600,IIPR
2022-09-30,rut,IIPR
2022-09-30,sp600,IIPR
2022-12-31,rut,IIPR
2022-12-31,sp600,IIPR
2023-03-31,rut,IIPR
2023-03-31,sp600,IIPR
2023-06-30,rut,IIPR
2023-06-30,sp600,IIPR
2023-09-30,rut,IIPR
2023-09-30,sp600,IIPR
2023-12-31,rut,IIPR
2023-12-31,sp600,IIPR
2024-03-31,rut,IIPR
2024-03-31,sp600,IIPR
2024-06-30,rut,IIPR
2024-06-30,sp600,IIPR
2024-09-30,rut,IIPR
2024-09-30,sp600,IIPR
2024-12-31,rut,IIPR
2024-12-31,sp600,IIPR
2025-03-31,rut,IIPR
2025-03-31,sp600,IIPR
2025-06-30,rut,IIPR
2025-06-30,sp600,IIPR
2025-09-30,rut,IIPR
2025-09-30,sp600,IIPR
2025-12-31,rut,IIPR
2025-12-31,sp600,IIPR
2026-03-31,rut,IIPR
2026-03-31,sp600,IIPR
2026-06-30,rut,IIPR
2026-06-30,sp600,IIPR
2026-09-30,rut,IIPR
2026-09-30,sp600,IIPR
2019-12-31,rut,CNDT
2020-03-31,rut,CNDT
2020-06-30,rut,CNDT
2020-09-30,rut,CNDT
2020-12-31,rut,CNDT
2021-03-31,rut,CNDT
2021-06-30,rut,CNDT
2021-09-30,rut,CNDT
2021-12-31,rut,CNDT
2022-03-31,rut,CNDT
2022-06-30,rut,CNDT
2022-09-30,rut,CNDT
2022-12-31,rut,CNDT
2023-03-31,rut,CNDT
2023-06-30,rut,CNDT
2023-09-30,rut,CNDT
2023-12-31,rut,CNDT
2024-03-31,rut,CNDT
2024-06-30,rut,CNDT
2024-09-30,rut,CNDT
2024-12-31,rut,CNDT
2025-03-31,rut,CNDT
2025-06-30,rut,CNDT
2025-09-30,rut,CNDT
2025-12-31,rut,CNDT
2026-03-31,rut,CNDT
2026-06-30,rut,CNDT
2026-09-30,rut,CNDT
2026-09-30,rut,INSW
2026-09-30,sp600,INSW
2021-06-30,rut,DBRG
2021-09-30,rut,DBRG
2021-12-31,rut,DBRG
2022-03-31,rut,DBRG
2022-06-30,rut,DBRG
2022-09-30,rut,DBRG
2022-12-31,rut,DBRG
2023-03-31,rut,DBRG
2023-06-30,rut,DBRG
2023-09-30,rut,DBRG
2023-12-31,rut,DBRG
2024-03-31,rut,DBRG
2024-06-30,rut,DBRG
2024-09-30,rut,DBRG
2024-12-31,rut,DBRG
2025-03-31,rut,DBRG
2025-06-30,rut,DBRG
2025-09-30,rut,DBRG
2025-12-31,rut,DBRG
2026-03-31,rut,DBRG
2026-06-30,rut,DBRG
2026-09-30,rut,DBRG
2022-06-30,rut,ACMR
2022-09-30,rut,ACMR
2022-12-31,rut,ACMR
2023-03-31,rut,ACMR
2023-06-30,rut,ACMR
2023-09-30,rut,ACMR
2023-12-31,rut,ACMR
2024-03-31,rut,ACMR
2024-06-30,rut,ACMR
2024-09-30,rut,ACMR
2024-12-31,rut,ACMR
2025-03-31,rut,ACMR
2025-06-30,rut,ACMR
2025-09-30,rut,ACMR
2025-09-30,sp600,ACMR
2025-12-31,rut,ACMR
2025-12-31,sp600,ACMR
2026-03-31,rut,ACMR
2026-03-31,sp600,ACMR
2026-06-30,rut,ACMR
2026-06-30,sp600,ACMR
2026-09-30,rut,ACMR
2026-09-30,sp600,ACMR
2019-12-31,rut,PUMP
2019-12-31,sp600,PUMP
2020-03-31,rut,PUMP
2020-03-31,sp600,PUMP
2020-06-30,rut,PUMP
2020-06-30,sp600,PUMP
2020-09-30,rut,PUMP
2020-09-30,sp600,PUMP
2020-12-31,rut,PUMP
2020-12-31,sp600,PUMP
2021-03-31,rut,PUMP
2021-03-31,sp600,PUMP
2021-06-30,rut,PUMP
2021-06-30,sp600,PUMP
2021-09-30,rut,PUMP
2021-09-30,sp600,PUMP
2021-12-31,rut,PUMP
2021-12-31,sp600,PUMP
2022-03-31,rut,PUMP
2022-03-31,sp600,PUMP
2022-06-30,rut,PUMP
2022-06-30,sp600,PUMP
2022-09-30,rut,PUMP
2022-09-30,sp600,PUMP
2022-12-31,rut,PUMP
2022-12-31,sp600,PUMP
2023-03-31,rut,PUMP
2023-03-31,sp600,PUMP
2023-06-30,rut,PUMP
2023-06-30,sp600,PUMP
2023-09-30,rut,PUMP
2023-09-30,sp600,PUMP
2023-12-31,rut,PUMP
2023-12-31,sp600,PUMP
2024-03-31,rut,PUMP
2024-03-31,sp600,PUMP
2024-06-30,rut,PUMP
2024-06-30,sp600,PUMP
2024-09-30,rut,PUMP
2024-09-30,sp600,PUMP
2024-12-31,rut,PUMP
2024-12-31,sp600,PUMP
2025-03-31,rut,PUMP
2025-03-31,sp600,PUMP
2025-06-30,rut,PUMP
2025-06-30,sp600,PUMP
2025-09-30,rut,PUMP
2025-12-31,rut,PUMP
2026-03-31,rut,PUMP
2026-06-30,rut,PUMP
2026-09-30,rut,PUMP
2019-12-31,rut,HFFG
2020-03-31,rut,HFFG
2020-06-30,rut,HFFG
2020-09-30,rut,HFFG
2020-12-31,rut,HFFG
2021-03-31,rut,HFFG
2021-06-30,rut,HFFG
2021-09-30,rut,HFFG
2021-12-31,rut,HFFG
2022-03-31,rut,HFFG
2022-06-30,rut,HFFG
2022-09-30,rut,HFFG
2022-12-31,rut,HFFG
2023-03-31,rut,HFFG
2023-06-30,rut,HFFG
2023-09-30,rut,HFFG
2023-12-31,rut,HFFG
2024-03-31,rut,HFFG
2024-06-30,rut,HFFG
2024-09-30,rut,HFFG
2024-12-31,rut,HFFG
2025-03-31,rut,HFFG
2025-06-30,rut,HFFG
2025-09-30,rut,HFFG
2025-12-31,rut,HFFG
2026-03-31,rut,HFFG
2026-06-30,rut,HFFG
2026-03-31,sp400,FTI
2026-09-30,sp400,FTI
2019-12-31,rut,VRRM
2020-03-31,rut,VRRM
2020-06-30,rut,VRRM
2020-09-30,rut,VRRM
2020-12-31,rut,VRRM
2021-03-31,rut,VRRM
2021-06-30,rut,VRRM
2021-09-30,rut,VRRM
2021-12-31,rut,VRRM
2022-03-31,rut,VRRM
2022-06-30,rut,VRRM
2022-09-30,rut,VRRM
2022-12-31,rut,VRRM
2023-03-31,rut,VRRM
2023-03-31,sp600,VRRM
2023-06-30,rut,VRRM
2023-06-30,sp600,VRRM
2023-09-30,rut,VRRM
2023-09-30,sp600,VRRM
2023-12-31,rut,VRRM
2023-12-31,sp600,VRRM
2024-03-31,rut,VRRM
2024-03-31,sp600,VRRM
2024-06-30,rut,VRRM
2024-06-30,sp600,VRRM
2024-09-30,rut,VRRM
2024-09-30,sp600,VRRM
2024-12-31,rut,VRRM
2024-12-31,sp600,VRRM
2025-03-31,rut,VRRM
2025-03-31,sp600,VRRM
2025-06-30,rut,VRRM
2025-06-30,sp600,VRRM
2025-09-30,rut,VRRM
2025-09-30,sp600,VRRM
2025-12-31,rut,VRRM
2025-12-31,sp600,VRRM
2026-03-31,rut,VRRM
2026-03-31,sp600,VRRM
2026-06-30,rut,VRRM
2026-06-30,sp600,VRRM
2026-09-30,rut,VRRM
2019-12-31,sp400,BHF
2020-03-31,sp400,BHF
2020-06-30,sp400,BHF
2020-09-30,sp400,BHF
2020-12-31,sp400,BHF
2021-03-31,sp400,BHF
2021-06-30,sp400,BHF
2021-09-30,sp400,BHF
2021-12-31,sp400,BHF
2022-03-31,sp400,BHF
2022-06-30,sp400,BHF
2022-09-30,sp400,BHF
2022-12-31,sp400,BHF
2023-03-31,sp400,BHF
2023-06-30,sp400,BHF
2023-09-30,sp400,BHF
2023-12-31,sp400,BHF
2024-03-31,sp400,BHF
2024-06-30,sp400,BHF
2024-09-30,sp400,BHF
2024-12-31,sp400,BHF
2025-03-31,sp400,BHF
2025-06-30,sp400,BHF
2025-09-30,sp400,BHF
2025-12-31,sp400,BHF
2026-03-31,sp400,BHF
2026-06-30,sp400,BHF
2026-09-30,sp400,BHF
2023-12-31,sp600,DXC
2024-03-31,sp600,DXC
2024-06-30,sp600,DXC
2024-09-30,sp600,DXC
2024-12-31,sp600,DXC
2025-03-31,sp600,DXC
2025-06-30,sp600,DXC
2025-09-30,sp600,DXC
2025-12-31,sp600,DXC
2026-03-31,sp600,DXC
2026-06-30,rut,DXC
2026-06-30,sp600,DXC
2026-09-30,rut,DXC
2026-09-30,sp600,DXC
2026-09-30,rut,ESTA
2019-12-31,sp400,JBGS
2020-03-31,sp400,JBGS
2020-06-30,sp400,JBGS
2020-09-30,sp400,JBGS
2020-12-31,sp400,JBGS
2021-03-31,sp400,JBGS
2021-06-30,sp400,JBGS
2021-09-30,sp400,JBGS
2021-12-31,sp400,JBGS
2022-03-31,sp400,JBGS
2022-06-30,sp400,JBGS
2022-09-30,sp400,JBGS
2022-12-31,sp400,JBGS
2023-03-31,sp600,JBGS
2023-06-30,rut,JBGS
2023-06-30,sp600,JBGS
2023-09-30,rut,JBGS
2023-09-30,sp600,JBGS
2023-12-31,rut,JBGS
2023-12-31,sp600,JBGS
2024-03-31,rut,JBGS
2024-03-31,sp600,JBGS
2024-06-30,rut,JBGS
2024-06-30,sp600,JBGS
2024-09-30,rut,JBGS
2024-09-30,sp600,JBGS
2024-12-31,rut,JBGS
2024-12-31,sp600,JBGS
2025-03-31,rut,JBGS
2025-03-31,sp600,JBGS
2025-06-30,rut,JBGS
2025-06-30,sp600,JBGS
2025-09-30,rut,JBGS
2025-09-30,sp600,JBGS
2025-12-31,rut,JBGS
2025-12-31,sp600,JBGS
2026-03-31,rut,JBGS
2026-03-31,sp600,JBGS
2026-06-30,rut,JBGS
2026-06-30,sp600,JBGS
2026-09-30,rut,JBGS
2026-09-30,sp600,JBGS
2019-12-31,rut,NMRK
2020-03-31,rut,NMRK
2020-06-30,rut,NMRK
2020-09-30,rut,NMRK
2020-12-31,rut,NMRK
2021-03-31,rut,NMRK
2021-06-30,rut,NMRK
2021-09-30,rut,NMRK
2021-12-31,rut,NMRK
2022-03-31,rut,NMRK
2022-06-30,rut,NMRK
2022-09-30,rut,NMRK
2022-12-31,rut,NMRK
2023-03-31,rut,NMRK
2023-06-30,rut,NMRK
2023-09-30,rut,NMRK
2023-12-31,rut,NMRK
2024-03-31,rut,NMRK
2024-06-30,rut,NMRK
2024-09-30,rut,NMRK
2024-12-31,rut,NMRK
2025-03-31,rut,NMRK
2025-06-30,rut,NMRK
2025-09-30,rut,NMRK
2025-12-31,rut,NMRK
2026-03-31,rut,NMRK
2026-06-30,rut,NMRK
2026-09-30,rut,NMRK
2023-06-30,rut,CVNA
2023-09-30,rut,CVNA
2023-12-31,rut,CVNA
2024-03-31,rut,CVNA
2024-06-30,rut,CVNA
2019-12-31,rut,HCC
2019-12-31,sp600,HCC
2020-03-31,rut,HCC
2020-03-31,sp600,HCC
2020-06-30,rut,HCC
2020-06-30,sp600,HCC
2020-09-30,rut,HCC
2020-09-30,sp600,HCC
2020-12-31,rut,HCC
2020-12-31,sp600,HCC
2021-03-31,rut,HCC
2021-03-31,sp600,HCC
2021-06-30,rut,HCC
2021-06-30,sp600,HCC
2021-09-30,rut,HCC
2021-09-30,sp600,HCC
2021-12-31,rut,HCC
2021-12-31,sp600,HCC
2022-03-31,rut,HCC
2022-03-31,sp600,HCC
2022-06-30,rut,HCC
2022-06-30,sp600,HCC
2022-09-30,rut,HCC
2022-09-30,sp600,HCC
2022-12-31,rut,HCC
2022-12-31,sp600,HCC
2023-03-31,rut,HCC
2023-03-31,sp600,HCC
2023-06-30,rut,HCC
2023-06-30,sp600,HCC
2023-09-30,rut,HCC
2023-09-30,sp600,HCC
2023-12-31,rut,HCC
2023-12-31,sp600,HCC
2024-03-31,rut,HCC
2024-03-31,sp600,HCC
2024-06-30,rut,HCC
2024-06-30,sp600,HCC
2024-09-30,rut,HCC
2024-09-30,sp600,HCC
2024-12-31,rut,HCC
2024-12-31,sp600,HCC
2025-03-31,rut,HCC
2025-03-31,sp600,HCC
2025-06-30,rut,HCC
2025-06-30,sp600,HCC
2025-09-30,rut,HCC
2025-09-30,sp600,HCC
2025-12-31,rut,HCC
2025-12-31,sp600,HCC
2026-03-31,rut,HCC
2026-03-31,sp600,HCC
2026-06-30,rut,HCC
2026-06-30,sp600,HCC
2026-09-30,rut,HCC
2026-09-30,sp600,HCC
2022-06-30,rut,LMND
2022-09-30,rut,LMND
2022-12-31,rut,LMND
2023-03-31,rut,LMND
2023-06-30,rut,LMND
2023-09-30,rut,LMND
2023-12-31,rut,LMND
2024-03-31,rut,LMND
2024-06-30,rut,LMND
2024-09-30,rut,LMND
2024-12-31,rut,LMND
2025-03-31,rut,LMND
2025-06-30,rut,LMND
2025-09-30,rut,LMND
2025-12-31,rut,LMND
2026-03-31,rut,LMND
2026-06-30,rut,LMND
2026-09-30,rut,LMND
2024-09-30,sp600,SNDR
2024-12-31,sp600,SNDR
2025-03-31,sp600,SNDR
2025-06-30,sp600,SNDR
2025-09-30,sp600,SNDR
2025-12-31,sp600,SNDR
2026-03-31,sp600,SNDR
2026-06-30,sp600,SNDR
2026-09-30,sp600,SNDR
2019-12-31,rut,SWX
2019-12-31,sp400,SWX
2020-03-31,rut,SWX
2020-03-31,sp400,SWX
2020-06-30,rut,SWX
2020-06-30,sp400,SWX
2020-09-30,rut,SWX
2020-09-30,sp400,SWX
2020-12-31,rut,SWX
2020-12-31,sp400,SWX
2021-03-31,rut,SWX
2021-03-31,sp400,SWX
2021-06-30,rut,SWX
2021-06-30,sp400,SWX
2021-09-30,rut,SWX
2021-09-30,sp400,SWX
2021-12-31,rut,SWX
2021-12-31,sp400,SWX
2022-03-31,rut,SWX
2022-03-31,sp400,SWX
2022-06-30,rut,SWX
2022-06-30,sp400,SWX
2022-09-30,rut,SWX
2022-09-30,sp400,SWX
2022-12-31,rut,SWX
2022-12-31,sp400,SWX
2023-03-31,rut,SWX
2023-03-31,sp400,SWX
2023-06-30,rut,SWX
2023-06-30,sp400,SWX
2023-09-30,rut,SWX
2023-09-30,sp400,SWX
2023-12-31,rut,SWX
2023-12-31,sp400,SWX
2024-03-31,rut,SWX
2024-03-31,sp400,SWX
2024-06-30,rut,SWX
2024-06-30,sp400,SWX
2024-09-30,rut,SWX
2024-09-30,sp400,SWX
2024-12-31,rut,SWX
2024-12-31,sp400,SWX
2025-03-31,rut,SWX
2025-03-31,sp400,SWX
2025-06-30,rut,SWX
2025-06-30,sp400,SWX
2025-09-30,rut,SWX
2025-09-30,sp400,SWX
2025-12-31,rut,SWX
2025-12-31,sp400,SWX
2026-03-31,rut,SWX
2026-03-31,sp400,SWX
2026-06-30,rut,SWX
2026-06-30,sp400,SWX
2026-09-30,rut,SWX
2026-09-30,sp400,SWX
2021-06-30,rut,KNTK
2021-09-30,rut,KNTK
2021-12-31,rut,KNTK
2022-03-31,rut,KNTK
2022-06-30,rut,KNTK
2022-09-30,rut,KNTK
2022-12-31,rut,KNTK
2023-03-31,rut,KNTK
2023-06-30,rut,KNTK
2023-09-30,rut,KNTK
2023-12-31,rut,KNTK
2024-03-31,rut,KNTK
2024-06-30,rut,KNTK
2024-09-30,rut,KNTK
2024-12-31,rut,KNTK
2025-03-31,rut,KNTK
2025-06-30,rut,KNTK
2025-09-30,rut,KNTK
2025-09-30,sp600,KNTK
2025-12-31,rut,KNTK
2025-12-31,sp600,KNTK
2026-03-31,rut,KNTK
2026-03-31,sp600,KNTK
2026-06-30,rut,KNTK
2026-06-30,sp600,KNTK
2026-09-30,rut,KNTK
2026-09-30,sp600,KNTK
2019-12-31,rut,WTTR
2020-03-31,rut,WTTR
2020-06-30,rut,WTTR
2020-09-30,rut,WTTR
2020-12-31,rut,WTTR
2021-03-31,rut,WTTR
2021-06-30,rut,WTTR
2021-09-30,rut,WTTR
2021-12-31,rut,WTTR
2022-03-31,rut,WTTR
2022-06-30,rut,WTTR
2022-09-30,rut,WTTR
2022-12-31,rut,WTTR
2023-03-31,rut,WTTR
2023-06-30,rut,WTTR
2023-09-30,rut,WTTR
2023-12-31,rut,WTTR
2024-03-31,rut,WTTR
2024-06-30,rut,WTTR
2024-09-30,rut,WTTR
2024-12-31,rut,WTTR
2025-03-31,rut,WTTR
2025-06-30,rut,WTTR
2025-09-30,rut,WTTR
2025-12-31,rut,WTTR
2026-03-31,rut,WTTR
2026-06-30,rut,WTTR
2026-09-30,rut,WTTR
2019-12-31,rut,LBRT
2020-03-31,rut,LBRT
2020-06-30,rut,LBRT
2020-09-30,rut,LBRT
2020-12-31,rut,LBRT
2021-03-31,rut,LBRT
2021-06-30,rut,LBRT
2021-09-30,rut,LBRT
2021-12-31,rut,LBRT
2022-03-31,rut,LBRT
2022-06-30,rut,LBRT
2022-09-30,rut,LBRT
2022-12-31,rut,LBRT
2023-03-31,rut,LBRT
2023-06-30,rut,LBRT
2023-09-30,rut,LBRT
2023-09-30,sp600,LBRT
2023-12-31,rut,LBRT
2023-12-31,sp600,LBRT
2024-03-31,rut,LBRT
2024-03-31,sp600,LBRT
2024-06-30,rut,LBRT
2024-06-30,sp600,LBRT
2024-09-30,rut,LBRT
2024-09-30,sp600,LBRT
2024-12-31,rut,LBRT
2024-12-31,sp600,LBRT
2025-03-31,rut,LBRT
2025-03-31,sp600,LBRT
2025-06-30,rut,LBRT
2025-06-30,sp600,LBRT
2025-09-30,rut,LBRT
2025-09-30,sp600,LBRT
2025-12-31,rut,LBRT
2025-12-31,sp600,LBRT
2026-03-31,rut,LBRT
2026-03-31,sp600,LBRT
2026-06-30,rut,LBRT
2026-06-30,sp600,LBRT
2026-09-30,rut,LBRT
2026-09-30,sp600,LBRT
2019-12-31,rut,DK
2020-03-31,rut,DK
2020-06-30,rut,DK
2020-09-30,rut,DK
2020-12-31,rut,DK
2021-03-31,rut,DK
2021-06-30,rut,DK
2021-09-30,rut,DK
2021-12-31,rut,DK
2022-03-31,rut,DK
2022-06-30,rut,DK
2022-09-30,rut,DK
2022-12-31,rut,DK
2023-03-31,rut,DK
2023-06-30,rut,DK
2023-09-30,rut,DK
2023-12-31,rut,DK
2024-03-31,rut,DK
2024-06-30,rut,DK
2024-09-30,rut,DK
2024-12-31,rut,DK
2025-03-31,rut,DK
2025-06-30,rut,DK
2025-09-30,rut,DK
2025-12-31,rut,DK
2026-03-31,rut,DK
2026-06-30,rut,DK
2026-09-30,rut,DK
2026-09-30,sp600,DK
2019-12-31,rut,SEI
2020-03-31,rut,SEI
2020-06-30,rut,SEI
2020-09-30,rut,SEI
2020-12-31,rut,SEI
2021-03-31,rut,SEI
2021-06-30,rut,SEI
2021-09-30,rut,SEI
2021-12-31,rut,SEI
2022-03-31,rut,SEI
2022-06-30,rut,SEI
2022-09-30,rut,SEI
2022-12-31,rut,SEI
2023-03-31,rut,SEI
2023-06-30,rut,SEI
2023-09-30,rut,SEI
2023-12-31,rut,SEI
2024-03-31,rut,SEI
2024-06-30,rut,SEI
2024-09-30,rut,SEI
2024-12-31,rut,SEI
2025-03-31,rut,SEI
2025-06-30,rut,SEI
2025-09-30,rut,SEI
2025-12-31,rut,SEI
2026-03-31,rut,SEI
2026-06-30,rut,SEI
2026-09-30,rut,SEI
2026-09-30,sp600,SEI
2026-09-30,rut,MGY
2026-09-30,sp600,MGY
2020-06-30,rut,ACEL
2020-09-30,rut,ACEL
2020-12-31,rut,ACEL
2021-03-31,rut,ACEL
2021-06-30,rut,ACEL
2021-09-30,rut,ACEL
2021-12-31,rut,ACEL
2022-03-31,rut,ACEL
2022-06-30,rut,ACEL
2022-09-30,rut,ACEL
2022-12-31,rut,ACEL
2023-03-31,rut,ACEL
2023-06-30,rut,ACEL
2023-09-30,rut,ACEL
2023-12-31,rut,ACEL
2024-03-31,rut,ACEL
2024-06-30,rut,ACEL
2024-09-30,rut,ACEL
2024-12-31,rut,ACEL
2025-03-31,rut,ACEL
2025-06-30,rut,ACEL
2025-09-30,rut,ACEL
2025-12-31,rut,ACEL
2026-03-31,rut,ACEL
2026-06-30,rut,ACEL
2026-09-30,rut,ACEL
2025-06-30,rut,GRAL
2025-09-30,rut,GRAL
2025-12-31,rut,GRAL
2026-03-31,rut,GRAL
2026-06-30,rut,GRAL
2026-09-30,rut,GRAL
2019-12-31,rut,WHD
2020-03-31,rut,WHD
2020-06-30,rut,WHD
2020-09-30,rut,WHD
2020-12-31,rut,WHD
2021-03-31,rut,WHD
2021-06-30,rut,WHD
2021-09-30,rut,WHD
2021-12-31,rut,WHD
2022-03-31,rut,WHD
2022-06-30,rut,WHD
2022-09-30,rut,WHD
2022-12-31,rut,WHD
2023-03-31,rut,WHD
2023-06-30,rut,WHD
2023-09-30,rut,WHD
2023-12-31,rut,WHD
2024-03-31,rut,WHD
2024-06-30,rut,WHD
2024-06-30,sp600,WHD
2024-09-30,rut,WHD
2024-09-30,sp600,WHD
2024-12-31,rut,WHD
2024-12-31,sp600,WHD
2025-03-31,rut,WHD
2025-03-31,sp600,WHD
2025-06-30,rut,WHD
2025-06-30,sp600,WHD
2025-09-30,rut,WHD
2025-09-30,sp600,WHD
2025-12-31,rut,WHD
2025-12-31,sp600,WHD
2026-03-31,rut,WHD
2026-03-31,sp600,WHD
2026-06-30,rut,WHD
2026-06-30,sp600,WHD
2026-09-30,rut,WHD
2026-09-30,sp600,WHD
2019-12-31,rut,SMPL
2020-03-31,rut,SMPL
2020-06-30,rut,SMPL
2020-09-30,rut,SMPL
2020-12-31,rut,SMPL
2020-12-31,sp600,SMPL
2021-03-31,rut,SMPL
2021-03-31,sp600,SMPL
2021-06-30,rut,SMPL
2021-06-30,sp600,SMPL
2021-09-30,rut,SMPL
2021-09-30,sp600,SMPL
2021-12-31,rut,SMPL
2021-12-31,sp600,SMPL
2022-03-31,rut,SMPL
2022-03-31,sp600,SMPL
2022-06-30,rut,SMPL
2022-06-30,sp600,SMPL
2022-09-30,rut,SMPL
2022-09-30,sp600,SMPL
2022-12-31,rut,SMPL
2022-12-31,sp600,SMPL
2023-03-31,rut,SMPL
2023-03-31,sp600,SMPL
2023-06-30,rut,SMPL
2023-06-30,sp600,SMPL
2023-09-30,rut,SMPL
2023-09-30,sp600,SMPL
2023-12-31,rut,SMPL
2023-12-31,sp600,SMPL
2024-03-31,rut,SMPL
2024-03-31,sp600,SMPL
2024-06-30,rut,SMPL
2024-06-30,sp600,SMPL
2024-09-30,rut,SMPL
2024-09-30,sp600,SMPL
2024-12-31,rut,SMPL
2024-12-31,sp600,SMPL
2025-03-31,rut,SMPL
2025-03-31,sp600,SMPL
2025-06-30,rut,SMPL
2025-06-30,sp600,SMPL
2025-09-30,rut,SMPL
2025-09-30,sp600,SMPL
2025-12-31,rut,SMPL
2025-12-31,sp600,SMPL
2026-03-31,rut,SMPL
2026-03-31,sp600,SMPL
2026-06-30,rut,SMPL
2026-06-30,sp600,SMPL
2026-09-30,rut,SMPL
2026-09-30,sp600,SMPL
2019-12-31,rut,BY
2020-03-31,rut,BY
2020-06-30,rut,BY
2020-09-30,rut,BY
2020-12-31,rut,BY
2021-03-31,rut,BY
2021-06-30,rut,BY
2021-09-30,rut,BY
2021-12-31,rut,BY
2022-03-31,rut,BY
2022-06-30,rut,BY
2022-09-30,rut,BY
2022-12-31,rut,BY
2023-03-31,rut,BY
2023-06-30,rut,BY
2023-09-30,rut,BY
2023-12-31,rut,BY
2024-03-31,rut,BY
2024-06-30,rut,BY
2024-09-30,rut,BY
2024-12-31,rut,BY
2025-03-31,rut,BY
2025-06-30,rut,BY
2025-09-30,rut,BY
2025-12-31,rut,BY
2026-03-31,rut,BY
2026-06-30,rut,BY
2026-09-30,rut,BY
2025-06-30,rut,OPTU
2025-09-30,rut,OPTU
2025-12-31,rut,OPTU
2026-03-31,rut,OPTU
2026-06-30,rut,OPTU
2026-09-30,rut,OPTU
2026-03-31,sp600,ADT
2026-06-30,sp600,ADT
2026-09-30,sp600,ADT
2022-06-30,rut,ABCL
2022-09-30,rut,ABCL
2022-12-31,rut,ABCL
2023-03-31,rut,ABCL
2022-06-30,rut,AMR
2022-09-30,rut,AMR
2022-12-31,rut,AMR
2023-03-31,rut,AMR
2023-06-30,rut,AMR
2023-09-30,rut,AMR
2023-12-31,rut,AMR
2023-12-31,sp600,AMR
2024-03-31,rut,AMR
2024-03-31,sp600,AMR
2024-06-30,rut,AMR
2024-06-30,sp600,AMR
2024-09-30,rut,AMR
2024-09-30,sp600,AMR
2024-12-31,rut,AMR
2024-12-31,sp600,AMR
2025-03-31,rut,AMR
2025-03-31,sp600,AMR
2025-06-30,rut,AMR
2025-06-30,sp600,AMR
2025-09-30,rut,AMR
2025-09-30,sp600,AMR
2025-12-31,rut,AMR
2025-12-31,sp600,AMR
2026-03-31,rut,AMR
2026-03-31,sp600,AMR
2026-06-30,rut,AMR
2026-06-30,sp600,AMR
2026-09-30,rut,AMR
2026-09-30,sp600,AMR
2019-12-31,rut,CNNE
2020-03-31,rut,CNNE
2020-06-30,rut,CNNE
2020-09-30,rut,CNNE
2020-12-31,rut,CNNE
2021-03-31,rut,CNNE
2021-06-30,rut,CNNE
2021-09-30,rut,CNNE
2021-12-31,rut,CNNE
2022-03-31,rut,CNNE
2022-06-30,rut,CNNE
2022-09-30,rut,CNNE
2022-12-31,rut,CNNE
2023-03-31,rut,CNNE
2023-06-30,rut,CNNE
2023-09-30,rut,CNNE
2023-12-31,rut,CNNE
2024-03-31,rut,CNNE
2024-06-30,rut,CNNE
2024-09-30,rut,CNNE
2024-12-31,rut,CNNE
2025-03-31,rut,CNNE
2025-06-30,rut,CNNE
2025-09-30,rut,CNNE
2025-12-31,rut,CNNE
2026-03-31,rut,CNNE
2026-06-30,rut,CNNE
2026-09-30,rut,CNNE
2025-06-30,rut,ANGI
2025-06-30,sp600,ANGI
2025-09-30,rut,ANGI
2025-09-30,sp600,ANGI
2025-12-31,rut,ANGI
2025-12-31,sp600,ANGI
2026-03-31,rut,ANGI
2026-06-30,rut,ANGI
2026-09-30,rut,ANGI
2021-09-30,rut,ECVT
2021-12-31,rut,ECVT
2022-03-31,rut,ECVT
2022-06-30,rut,ECVT
2022-09-30,rut,ECVT
2022-12-31,rut,ECVT
2023-03-31,rut,ECVT
2023-06-30,rut,ECVT
2023-09-30,rut,ECVT
2023-12-31,rut,ECVT
2024-03-31,rut,ECVT
2024-06-30,rut,ECVT
2024-09-30,rut,ECVT
2024-12-31,rut,ECVT
2025-03-31,rut,ECVT
2025-06-30,rut,ECVT
2025-09-30,rut,ECVT
2025-12-31,rut,ECVT
2026-03-31,rut,ECVT
2026-06-30,rut,ECVT
2026-09-30,rut,ECVT
2025-06-30,rut,FSUN
2025-09-30,rut,FSUN
2025-12-31,rut,FSUN
2026-03-31,rut,FSUN
2026-06-30,rut,FSUN
2026-09-30,rut,FSUN
2021-06-30,rut,CTOS
2021-09-30,rut,CTOS
2021-12-31,rut,CTOS
2022-03-31,rut,CTOS
2022-06-30,rut,CTOS
2022-09-30,rut,CTOS
2022-12-31,rut,CTOS
2023-03-31,rut,CTOS
2023-06-30,rut,CTOS
2023-09-30,rut,CTOS
2023-12-31,rut,CTOS
2024-03-31,rut,CTOS
2024-06-30,rut,CTOS
2024-09-30,rut,CTOS
2024-12-31,rut,CTOS
2025-03-31,rut,CTOS
2025-06-30,rut,CTOS
2025-09-30,rut,CTOS
2025-12-31,rut,CTOS
2026-03-31,rut,CTOS
2026-06-30,rut,CTOS
2026-09-30,rut,CTOS
2019-12-31,rut,EYE
2020-03-31,rut,EYE
2020-06-30,rut,EYE
2020-09-30,rut,EYE
2020-12-31,rut,EYE
2021-03-31,rut,EYE
2021-06-30,rut,EYE
2021-09-30,rut,EYE
2021-12-31,rut,EYE
2022-03-31,rut,EYE
2022-06-30,rut,EYE
2022-06-30,sp600,EYE
2022-09-30,rut,EYE
2022-09-30,sp600,EYE
2022-12-31,rut,EYE
2022-12-31,sp600,EYE
2023-03-31,rut,EYE
2023-03-31,sp600,EYE
2023-06-30,rut,EYE
2023-06-30,sp600,EYE
2023-09-30,rut,EYE
2023-09-30,sp600,EYE
2023-12-31,rut,EYE
2023-12-31,sp600,EYE
2024-03-31,rut,EYE
2024-03-31,sp600,EYE
2024-06-30,rut,EYE
2024-06-30,sp600,EYE
2024-09-30,rut,EYE
2024-09-30,sp600,EYE
2024-12-31,rut,EYE
2024-12-31,sp600,EYE
2025-03-31,rut,EYE
2025-03-31,sp600,EYE
2025-06-30,rut,EYE
2025-06-30,sp600,EYE
2025-09-30,rut,EYE
2025-09-30,sp600,EYE
2025-12-31,rut,EYE
2025-12-31,sp600,EYE
2026-03-31,rut,EYE
2026-03-31,sp600,EYE
2026-06-30,rut,EYE
2026-06-30,sp600,EYE
2026-09-30,rut,EYE
2026-09-30,sp600,EYE
2025-03-31,rut,CNR
2025-03-31,sp600,CNR
2025-06-30,rut,CNR
2025-06-30,sp600,CNR
2025-09-30,rut,CNR
2025-09-30,sp600,CNR
2025-12-31,rut,CNR
2025-12-31,sp600,CNR
2026-03-31,rut,CNR
2026-03-31,sp600,CNR
2026-06-30,rut,CNR
2026-06-30,sp600,CNR
2026-09-30,rut,CNR
2026-09-30,sp600,CNR
2019-12-31,rut,KRYS
2020-03-31,rut,KRYS
2020-06-30,rut,KRYS
2020-09-30,rut,KRYS
2020-12-31,rut,KRYS
2021-03-31,rut,KRYS
2021-06-30,rut,KRYS
2021-09-30,rut,KRYS
2021-12-31,rut,KRYS
2022-03-31,rut,KRYS
2022-06-30,rut,KRYS
2022-09-30,rut,KRYS
2022-12-31,rut,KRYS
2023-03-31,rut,KRYS
2023-06-30,rut,KRYS
2023-09-30,rut,KRYS
2023-12-31,rut,KRYS
2024-03-31,rut,KRYS
2024-06-30,rut,KRYS
2024-06-30,sp600,KRYS
2024-09-30,rut,KRYS
2024-09-30,sp600,KRYS
2024-12-31,rut,KRYS
2024-12-31,sp600,KRYS
2025-03-31,rut,KRYS
2025-03-31,sp600,KRYS
2025-06-30,rut,KRYS
2025-06-30,sp600,KRYS
2025-09-30,rut,KRYS
2025-09-30,sp600,KRYS
2025-12-31,rut,KRYS
2025-12-31,sp600,KRYS
2026-03-31,rut,KRYS
2026-03-31,sp600,KRYS
2026-06-30,rut,KRYS
2026-06-30,sp600,KRYS
2026-09-30,rut,KRYS
2026-09-30,sp400,KRYS
2026-09-30,rut,LILA
2019-12-31,rut,DNLI
2020-03-31,rut,DNLI
2020-06-30,rut,DNLI
2020-09-30,rut,DNLI
2020-12-31,rut,DNLI
2021-03-31,rut,DNLI
2021-06-30,rut,DNLI
2021-09-30,rut,DNLI
2021-12-31,rut,DNLI
2022-03-31,rut,DNLI
2022-06-30,rut,DNLI
2022-09-30,rut,DNLI
2022-12-31,rut,DNLI
2023-03-31,rut,DNLI
2023-06-30,rut,DNLI
2023-09-30,rut,DNLI
2023-12-31,rut,DNLI
2024-03-31,rut,DNLI
2024-06-30,rut,DNLI
2024-09-30,rut,DNLI
2024-12-31,rut,DNLI
2025-03-31,rut,DNLI
2025-06-30,rut,DNLI
2025-09-30,rut,DNLI
2025-12-31,rut,DNLI
2026-03-31,rut,DNLI
2026-06-30,rut,DNLI
2026-09-30,rut,DNLI
2019-12-31,rut,ILPT
2019-12-31,sp600,ILPT
2020-03-31,rut,ILPT
2020-03-31,sp600,ILPT
2020-06-30,rut,ILPT
2020-06-30,sp600,ILPT
2020-09-30,rut,ILPT
2020-09-30,sp600,ILPT
2020-12-31,rut,ILPT
2020-12-31,sp600,ILPT
2021-03-31,rut,ILPT
2021-03-31,sp600,ILPT
2021-06-30,rut,ILPT
2021-06-30,sp600,ILPT
2021-09-30,rut,ILPT
2021-09-30,sp600,ILPT
2021-12-31,rut,ILPT
2021-12-31,sp600,ILPT
2022-03-31,rut,ILPT
2022-03-31,sp600,ILPT
2022-06-30,rut,ILPT
2022-06-30,sp600,ILPT
2022-09-30,rut,ILPT
2022-09-30,sp600,ILPT
2022-12-31,rut,ILPT
2022-12-31,sp600,ILPT
2023-03-31,rut,ILPT
2024-09-30,rut,ILPT
2024-12-31,rut,ILPT
2025-03-31,rut,ILPT
2025-06-30,rut,ILPT
2025-09-30,rut,ILPT
2025-12-31,rut,ILPT
2026-03-31,rut,ILPT
2026-06-30,rut,ILPT
2026-09-30,rut,ILPT
2019-12-31,rut,ROAD
2020-03-31,rut,ROAD
2020-06-30,rut,ROAD
2020-09-30,rut,ROAD
2020-12-31,rut,ROAD
2021-03-31,rut,ROAD
2021-06-30,rut,ROAD
2021-09-30,rut,ROAD
2021-12-31,rut,ROAD
2022-03-31,rut,ROAD
2022-06-30,rut,ROAD
2022-09-30,rut,ROAD
2022-12-31,rut,ROAD
2023-03-31,rut,ROAD
2023-06-30,rut,ROAD
2023-09-30,rut,ROAD
2023-12-31,rut,ROAD
2024-03-31,rut,ROAD
2024-06-30,rut,ROAD
2024-09-30,rut,ROAD
2024-12-31,rut,ROAD
2025-03-31,rut,ROAD
2025-06-30,rut,ROAD
2025-09-30,rut,ROAD
2025-12-31,rut,ROAD
2026-03-31,rut,ROAD
2026-06-30,rut,ROAD
2026-09-30,rut,ROAD
2026-09-30,sp600,ROAD
2025-06-30,sp600,GTES
2025-09-30,sp600,GTES
2025-12-31,sp600,GTES
2026-09-30,sp600,GTES
2020-06-30,rut,RPAY
2020-09-30,rut,RPAY
2020-12-31,rut,RPAY
2021-03-31,rut,RPAY
2021-06-30,rut,RPAY
2021-09-30,rut,RPAY
2021-12-31,rut,RPAY
2022-03-31,rut,RPAY
2022-06-30,rut,RPAY
2022-09-30,rut,RPAY
2022-12-31,rut,RPAY
2023-03-31,rut,RPAY
2023-06-30,rut,RPAY
2023-09-30,rut,RPAY
2023-12-31,rut,RPAY
2024-03-31,rut,RPAY
2024-06-30,rut,RPAY
2024-09-30,rut,RPAY
2024-12-31,rut,RPAY
2025-03-31,rut,RPAY
2025-06-30,rut,RPAY
2025-09-30,rut,RPAY
2025-12-31,rut,RPAY
2026-03-31,rut,RPAY
2026-06-30,rut,RPAY
2026-09-30,rut,RPAY
2024-03-31,sp400,NVT
2024-06-30,sp400,NVT
2026-06-30,sp400,NVT
2026-09-30,sp400,NVT
2024-09-30,sp400,AVTR
2024-12-31,sp400,AVTR
2025-03-31,sp400,AVTR
2025-06-30,sp400,AVTR
2025-09-30,sp400,AVTR
2025-12-31,sp400,AVTR
2026-03-31,sp400,AVTR
2026-06-30,sp400,AVTR
2026-09-30,sp400,AVTR
2026-09-30,sp400,WH
2019-12-31,rut,AMRX
2020-03-31,rut,AMRX
2020-06-30,rut,AMRX
2020-09-30,rut,AMRX
2020-12-31,rut,AMRX
2021-03-31,rut,AMRX
2021-06-30,rut,AMRX
2021-09-30,rut,AMRX
2021-12-31,rut,AMRX
2022-03-31,rut,AMRX
2022-06-30,rut,AMRX
2022-09-30,rut,AMRX
2022-12-31,rut,AMRX
2023-03-31,rut,AMRX
2023-06-30,rut,AMRX
2023-09-30,rut,AMRX
2023-12-31,rut,AMRX
2024-03-31,rut,AMRX
2024-06-30,rut,AMRX
2024-09-30,rut,AMRX
2024-12-31,rut,AMRX
2025-03-31,rut,AMRX
2025-06-30,rut,AMRX
2025-09-30,rut,AMRX
2025-12-31,rut,AMRX
2026-03-31,rut,AMRX
2026-03-31,sp600,AMRX
2026-06-30,rut,AMRX
2026-06-30,sp600,AMRX
2026-09-30,rut,AMRX
2026-09-30,sp600,AMRX
2019-12-31,rut,TALO
2019-12-31,sp600,TALO
2020-03-31,rut,TALO
2020-03-31,sp600,TALO
2020-06-30,rut,TALO
2020-06-30,sp600,TALO
2020-09-30,rut,TALO
2020-09-30,sp600,TALO
2020-12-31,rut,TALO
2020-12-31,sp600,TALO
2021-03-31,rut,TALO
2021-03-31,sp600,TALO
2021-06-30,rut,TALO
2021-06-30,sp600,TALO
2021-09-30,rut,TALO
2021-09-30,sp600,TALO
2021-12-31,rut,TALO
2021-12-31,sp600,TALO
2022-03-31,rut,TALO
2022-03-31,sp600,TALO
2022-06-30,rut,TALO
2022-06-30,sp600,TALO
2022-09-30,rut,TALO
2022-09-30,sp600,TALO
2022-12-31,rut,TALO
2022-12-31,sp600,TALO
2023-03-31,rut,TALO
2023-03-31,sp600,TALO
2023-06-30,rut,TALO
2023-06-30,sp600,TALO
2023-09-30,rut,TALO
2023-09-30,sp600,TALO
2023-12-31,rut,TALO
2023-12-31,sp600,TALO
2024-03-31,rut,TALO
2024-03-31,sp600,TALO
2024-06-30,rut,TALO
2024-06-30,sp600,TALO
2024-09-30,rut,TALO
2024-09-30,sp600,TALO
2024-12-31,rut,TALO
2024-12-31,sp600,TALO
2025-03-31,rut,TALO
2025-03-31,sp600,TALO
2025-06-30,rut,TALO
2025-06-30,sp600,TALO
2025-09-30,rut,TALO
2025-09-30,sp600,TALO
2025-12-31,rut,TALO
2025-12-31,sp600,TALO
2026-03-31,rut,TALO
2026-03-31,sp600,TALO
2026-06-30,rut,TALO
2026-06-30,sp600,TALO
2026-09-30,rut,TALO
2026-09-30,sp600,TALO
2020-06-30,rut,AHCO
2020-09-30,rut,AHCO
2020-12-31,rut,AHCO
2021-03-31,rut,AHCO
2021-06-30,rut,AHCO
2021-09-30,rut,AHCO
2021-12-31,rut,AHCO
2022-03-31,rut,AHCO
2022-06-30,rut,AHCO
2022-09-30,rut,AHCO
2022-09-30,sp600,AHCO
2022-12-31,rut,AHCO
2022-12-31,sp600,AHCO
2023-03-31,rut,AHCO
2023-03-31,sp600,AHCO
2023-06-30,rut,AHCO
2023-06-30,sp600,AHCO
2023-09-30,rut,AHCO
2023-09-30,sp600,AHCO
2023-12-31,rut,AHCO
2023-12-31,sp600,AHCO
2024-03-31,rut,AHCO
2024-03-31,sp600,AHCO
2024-06-30,rut,AHCO
2024-06-30,sp600,AHCO
2024-09-30,rut,AHCO
2024-09-30,sp600,AHCO
2024-12-31,rut,AHCO
2024-12-31,sp600,AHCO
2025-03-31,rut,AHCO
2025-03-31,sp600,AHCO
2025-06-30,rut,AHCO
2025-06-30,sp600,AHCO
2025-09-30,rut,AHCO
2025-09-30,sp600,AHCO
2025-12-31,rut,AHCO
2025-12-31,sp600,AHCO
2026-03-31,rut,AHCO
2026-03-31,sp600,AHCO
2026-06-30,rut,AHCO
2026-06-30,sp600,AHCO
2026-09-30,rut,AHCO
2026-09-30,sp600,AHCO
2019-12-31,rut,GSHD
2020-03-31,rut,GSHD
2020-06-30,rut,GSHD
2020-09-30,rut,GSHD
2020-12-31,rut,GSHD
2021-03-31,rut,GSHD
2021-06-30,rut,GSHD
2021-09-30,rut,GSHD
2021-12-31,rut,GSHD
2022-03-31,rut,GSHD
2022-06-30,rut,GSHD
2022-09-30,rut,GSHD
2022-12-31,rut,GSHD
2023-03-31,rut,GSHD
2023-06-30,rut,GSHD
2023-09-30,rut,GSHD
2023-09-30,sp600,GSHD
2023-12-31,rut,GSHD
2023-12-31,sp600,GSHD
2024-03-31,rut,GSHD
2024-03-31,sp600,GSHD
2024-06-30,rut,GSHD
2024-06-30,sp600,GSHD
2024-09-30,rut,GSHD
2024-09-30,sp600,GSHD
2024-12-31,rut,GSHD
2024-12-31,sp600,GSHD
2025-03-31,rut,GSHD
2025-03-31,sp600,GSHD
2025-06-30,rut,GSHD
2025-06-30,sp600,GSHD
2025-09-30,rut,GSHD
2025-09-30,sp600,GSHD
2025-12-31,rut,GSHD
2025-12-31,sp600,GSHD
2026-03-31,rut,GSHD
2026-03-31,sp600,GSHD
2026-06-30,rut,GSHD
2026-06-30,sp600,GSHD
2026-09-30,rut,GSHD
2026-09-30,sp600,GSHD
2019-12-31,rut,SRRK
2020-03-31,rut,SRRK
2020-06-30,rut,SRRK
2020-09-30,rut,SRRK
2020-12-31,rut,SRRK
2021-03-31,rut,SRRK
2021-06-30,rut,SRRK
2021-09-30,rut,SRRK
2021-12-31,rut,SRRK
2022-03-31,rut,SRRK
2023-06-30,rut,SRRK
2023-09-30,rut,SRRK
2023-12-31,rut,SRRK
2024-03-31,rut,SRRK
2024-06-30,rut,SRRK
2024-09-30,rut,SRRK
2024-12-31,rut,SRRK
2025-03-31,rut,SRRK
2025-06-30,rut,SRRK
2025-09-30,rut,SRRK
2025-12-31,rut,SRRK
2026-03-31,rut,SRRK
2026-06-30,rut,SRRK
2026-09-30,rut,SRRK
2022-06-30,rut,FTDR
2022-09-30,rut,FTDR
2022-09-30,sp600,FTDR
2022-12-31,rut,FTDR
2022-12-31,sp600,FTDR
2023-03-31,rut,FTDR
2023-03-31,sp600,FTDR
2023-06-30,rut,FTDR
2023-06-30,sp600,FTDR
2023-09-30,rut,FTDR
2023-09-30,sp600,FTDR
2023-12-31,rut,FTDR
2023-12-31,sp600,FTDR
2024-03-31,rut,FTDR
2024-03-31,sp600,FTDR
2024-06-30,rut,FTDR
2024-06-30,sp600,FTDR
2024-09-30,rut,FTDR
2024-09-30,sp600,FTDR
2024-12-31,rut,FTDR
2024-12-31,sp600,FTDR
2025-03-31,rut,FTDR
2025-03-31,sp600,FTDR
2025-06-30,rut,FTDR
2025-06-30,sp600,FTDR
2025-09-30,rut,FTDR
2025-09-30,sp600,FTDR
2025-12-31,rut,FTDR
2025-12-31,sp600,FTDR
2026-03-31,rut,FTDR
2026-03-31,sp600,FTDR
2026-06-30,rut,FTDR
2026-06-30,sp600,FTDR
2026-09-30,rut,FTDR
2026-09-30,sp600,FTDR
2019-12-31,rut,EPRT
2019-12-31,sp600,EPRT
2020-03-31,rut,EPRT
2020-03-31,sp600,EPRT
2020-06-30,rut,EPRT
2020-06-30,sp600,EPRT
2020-09-30,rut,EPRT
2020-09-30,sp600,EPRT
2020-12-31,rut,EPRT
2020-12-31,sp600,EPRT
2021-03-31,rut,EPRT
2021-03-31,sp600,EPRT
2021-06-30,rut,EPRT
2021-06-30,sp600,EPRT
2021-09-30,rut,EPRT
2021-09-30,sp600,EPRT
2021-12-31,rut,EPRT
2021-12-31,sp600,EPRT
2022-03-31,rut,EPRT
2022-03-31,sp600,EPRT
2022-06-30,rut,EPRT
2022-06-30,sp600,EPRT
2022-09-30,rut,EPRT
2022-09-30,sp600,EPRT
2022-12-31,rut,EPRT
2022-12-31,sp600,EPRT
2023-03-31,rut,EPRT
2023-03-31,sp600,EPRT
2023-06-30,rut,EPRT
2023-06-30,sp600,EPRT
2023-09-30,rut,EPRT
2023-09-30,sp600,EPRT
2023-12-31,rut,EPRT
2023-12-31,sp600,EPRT
2024-03-31,rut,EPRT
2024-03-31,sp600,EPRT
2024-06-30,rut,EPRT
2024-06-30,sp600,EPRT
2024-09-30,rut,EPRT
2024-09-30,sp600,EPRT
2024-12-31,rut,EPRT
2024-12-31,sp600,EPRT
2025-03-31,rut,EPRT
2025-03-31,sp600,EPRT
2025-06-30,rut,EPRT
2025-06-30,sp600,EPRT
2025-09-30,rut,EPRT
2025-09-30,sp600,EPRT
2025-12-31,rut,EPRT
2025-12-31,sp600,EPRT
2026-03-31,rut,EPRT
2026-03-31,sp600,EPRT
2026-06-30,rut,EPRT
2026-06-30,sp600,EPRT
2026-09-30,rut,EPRT
2026-09-30,sp600,EPRT
2026-09-30,rut,KNSA
2019-12-31,rut,NWN
2019-12-31,sp600,NWN
2020-03-31,rut,NWN
2020-03-31,sp600,NWN
2020-06-30,rut,NWN
2020-06-30,sp600,NWN
2020-09-30,rut,NWN
2020-09-30,sp600,NWN
2020-12-31,rut,NWN
2020-12-31,sp600,NWN
2021-03-31,rut,NWN
2021-03-31,sp600,NWN
2021-06-30,rut,NWN
2021-06-30,sp600,NWN
2021-09-30,rut,NWN
2021-09-30,sp600,NWN
2021-12-31,rut,NWN
2021-12-31,sp600,NWN
2022-03-31,rut,NWN
2022-03-31,sp600,NWN
2022-06-30,rut,NWN
2022-06-30,sp600,NWN
2022-09-30,rut,NWN
2022-09-30,sp600,NWN
2022-12-31,rut,NWN
2022-12-31,sp600,NWN
2023-03-31,rut,NWN
2023-03-31,sp600,NWN
2023-06-30,rut,NWN
2023-06-30,sp600,NWN
2023-09-30,rut,NWN
2023-09-30,sp600,NWN
2023-12-31,rut,NWN
2023-12-31,sp600,NWN
2024-03-31,rut,NWN
2024-03-31,sp600,NWN
2024-06-30,rut,NWN
2024-06-30,sp600,NWN
2024-09-30,rut,NWN
2024-09-30,sp600,NWN
2024-12-31,rut,NWN
2024-12-31,sp600,NWN
2025-03-31,rut,NWN
2025-03-31,sp600,NWN
2025-06-30,rut,NWN
2025-06-30,sp600,NWN
2025-09-30,rut,NWN
2025-09-30,sp600,NWN
2025-12-31,rut,NWN
2025-12-31,sp600,NWN
2026-03-31,rut,NWN
2026-03-31,sp600,NWN
2026-06-30,rut,NWN
2026-06-30,sp600,NWN
2026-09-30,rut,NWN
2026-09-30,sp600,NWN
2019-12-31,rut,AMTB
2020-03-31,rut,AMTB
2020-06-30,rut,AMTB
2020-09-30,rut,AMTB
2020-12-31,rut,AMTB
2021-03-31,rut,AMTB
2021-06-30,rut,AMTB
2021-09-30,rut,AMTB
2021-12-31,rut,AMTB
2022-03-31,rut,AMTB
2022-06-30,rut,AMTB
2022-09-30,rut,AMTB
2022-12-31,rut,AMTB
2023-03-31,rut,AMTB
2023-06-30,rut,AMTB
2023-09-30,rut,AMTB
2023-12-31,rut,AMTB
2024-03-31,rut,AMTB
2024-06-30,rut,AMTB
2024-09-30,rut,AMTB
2024-12-31,rut,AMTB
2025-03-31,rut,AMTB
2025-06-30,rut,AMTB
2025-09-30,rut,AMTB
2025-12-31,rut,AMTB
2026-03-31,rut,AMTB
2026-06-30,rut,AMTB
2026-09-30,rut,AMTB
2019-12-31,rut,BV
2020-03-31,rut,BV
2020-06-30,rut,BV
2020-09-30,rut,BV
2020-12-31,rut,BV
2021-03-31,rut,BV
2021-06-30,rut,BV
2021-09-30,rut,BV
2021-12-31,rut,BV
2022-03-31,rut,BV
2022-06-30,rut,BV
2022-09-30,rut,BV
2022-12-31,rut,BV
2023-03-31,rut,BV
2023-06-30,rut,BV
2023-09-30,rut,BV
2023-12-31,rut,BV
2024-03-31,rut,BV
2024-06-30,rut,BV
2024-09-30,rut,BV
2024-12-31,rut,BV
2025-03-31,rut,BV
2025-06-30,rut,BV
2025-09-30,rut,BV
2025-12-31,rut,BV
2026-03-31,rut,BV
2026-06-30,rut,BV
2026-09-30,rut,BV
2026-03-31,sp400,PATH
2026-06-30,sp400,PATH
2026-09-30,sp400,PATH
2019-12-31,sp600,GTX
2020-03-31,sp600,GTX
2020-06-30,sp600,GTX
2025-06-30,rut,GTX
2025-09-30,rut,GTX
2025-12-31,rut,GTX
2026-03-31,rut,GTX
2026-06-30,rut,GTX
2026-09-30,rut,GTX
2019-12-31,rut,ARLO
2019-12-31,sp600,ARLO
2020-03-31,rut,ARLO
2020-03-31,sp600,ARLO
2020-06-30,rut,ARLO
2020-06-30,sp600,ARLO
2020-09-30,rut,ARLO
2020-09-30,sp600,ARLO
2020-12-31,rut,ARLO
2020-12-31,sp600,ARLO
2021-03-31,rut,ARLO
2021-03-31,sp600,ARLO
2021-06-30,rut,ARLO
2021-06-30,sp600,ARLO
2021-09-30,rut,ARLO
2021-09-30,sp600,ARLO
2021-12-31,rut,ARLO
2021-12-31,sp600,ARLO
2022-03-31,rut,ARLO
2022-03-31,sp600,ARLO
2022-06-30,rut,ARLO
2022-06-30,sp600,ARLO
2022-09-30,rut,ARLO
2022-09-30,sp600,ARLO
2022-12-31,rut,ARLO
2022-12-31,sp600,ARLO
2023-03-31,rut,ARLO
2023-03-31,sp600,ARLO
2023-06-30,rut,ARLO
2023-06-30,sp600,ARLO
2023-09-30,rut,ARLO
2023-09-30,sp600,ARLO
2023-12-31,rut,ARLO
2023-12-31,sp600,ARLO
2024-03-31,rut,ARLO
2024-03-31,sp600,ARLO
2024-06-30,rut,ARLO
2024-06-30,sp600,ARLO
2024-09-30,rut,ARLO
2024-09-30,sp600,ARLO
2024-12-31,rut,ARLO
2024-12-31,sp600,ARLO
2025-03-31,rut,ARLO
2025-03-31,sp600,ARLO
2025-06-30,rut,ARLO
2025-06-30,sp600,ARLO
2025-09-30,rut,ARLO
2025-09-30,sp600,ARLO
2025-12-31,rut,ARLO
2025-12-31,sp600,ARLO
2026-03-31,rut,ARLO
2026-03-31,sp600,ARLO
2026-06-30,rut,ARLO
2026-06-30,sp600,ARLO
2026-09-30,rut,ARLO
2026-09-30,sp600,ARLO
2025-09-30,sp400,ELAN
2025-12-31,sp400,ELAN
2026-03-31,sp400,ELAN
2026-06-30,sp400,ELAN
2026-09-30,sp400,ELAN
2019-12-31,rut,ACA
2019-12-31,sp600,ACA
2020-03-31,rut,ACA
2020-03-31,sp600,ACA
2020-06-30,rut,ACA
2020-06-30,sp600,ACA
2020-09-30,rut,ACA
2020-09-30,sp600,ACA
2020-12-31,rut,ACA
2020-12-31,sp600,ACA
2021-03-31,rut,ACA
2021-03-31,sp600,ACA
2021-06-30,rut,ACA
2021-06-30,sp600,ACA
2021-09-30,rut,ACA
2021-09-30,sp600,ACA
2021-12-31,rut,ACA
2021-12-31,sp600,ACA
2022-03-31,rut,ACA
2022-03-31,sp600,ACA
2022-06-30,rut,ACA
2022-06-30,sp600,ACA
2022-09-30,rut,ACA
2022-09-30,sp600,ACA
2022-12-31,rut,ACA
2022-12-31,sp600,ACA
2023-03-31,rut,ACA
2023-03-31,sp600,ACA
2023-06-30,rut,ACA
2023-06-30,sp600,ACA
2023-09-30,rut,ACA
2023-09-30,sp600,ACA
2023-12-31,rut,ACA
2023-12-31,sp600,ACA
2024-03-31,rut,ACA
2024-03-31,sp600,ACA
2024-06-30,rut,ACA
2024-06-30,sp600,ACA
2024-09-30,rut,ACA
2024-09-30,sp600,ACA
2024-12-31,rut,ACA
2024-12-31,sp600,ACA
2025-03-31,rut,ACA
2025-03-31,sp600,ACA
2025-06-30,rut,ACA
2025-06-30,sp600,ACA
2025-09-30,rut,ACA
2025-09-30,sp600,ACA
2025-12-31,rut,ACA
2025-12-31,sp600,ACA
2026-03-31,rut,ACA
2026-03-31,sp600,ACA
2026-06-30,rut,ACA
2026-06-30,sp600,ACA
2026-09-30,rut,ACA
2026-09-30,sp600,ACA
2021-06-30,rut,UTZ
2021-09-30,rut,UTZ
2021-12-31,rut,UTZ
2022-03-31,rut,UTZ
2022-06-30,rut,UTZ
2022-09-30,rut,UTZ
2022-12-31,rut,UTZ
2023-03-31,rut,UTZ
2023-06-30,rut,UTZ
2023-09-30,rut,UTZ
2023-12-31,rut,UTZ
2024-03-31,rut,UTZ
2024-06-30,rut,UTZ
2024-09-30,rut,UTZ
2024-12-31,rut,UTZ
2025-03-31,rut,UTZ
2025-06-30,rut,UTZ
2025-09-30,rut,UTZ
2025-12-31,rut,UTZ
2026-03-31,rut,UTZ
2026-06-30,rut,UTZ
2026-09-30,rut,UTZ
2019-12-31,sp400,REZI
2020-03-31,sp400,REZI
2020-06-30,rut,REZI
2020-06-30,sp600,REZI
2020-09-30,rut,REZI
2020-09-30,sp600,REZI
2020-12-31,rut,REZI
2020-12-31,sp600,REZI
2021-03-31,rut,REZI
2021-03-31,sp600,REZI
2021-06-30,rut,REZI
2021-06-30,sp600,REZI
2021-09-30,rut,REZI
2021-09-30,sp600,REZI
2021-12-31,rut,REZI
2021-12-31,sp600,REZI
2022-03-31,rut,REZI
2022-03-31,sp600,REZI
2022-06-30,rut,REZI
2022-06-30,sp600,REZI
2022-09-30,rut,REZI
2022-09-30,sp600,REZI
2022-12-31,rut,REZI
2022-12-31,sp600,REZI
2023-03-31,rut,REZI
2023-03-31,sp600,REZI
2023-06-30,rut,REZI
2023-06-30,sp600,REZI
2023-09-30,rut,REZI
2023-09-30,sp600,REZI
2023-12-31,rut,REZI
2023-12-31,sp600,REZI
2024-03-31,rut,REZI
2024-03-31,sp600,REZI
2024-06-30,rut,REZI
2024-06-30,sp600,REZI
2024-09-30,rut,REZI
2024-09-30,sp600,REZI
2024-12-31,rut,REZI
2024-12-31,sp600,REZI
2025-03-31,rut,REZI
2025-03-31,sp600,REZI
2025-06-30,rut,REZI
2025-06-30,sp600,REZI
2025-09-30,rut,REZI
2025-09-30,sp600,REZI
2025-12-31,rut,REZI
2025-12-31,sp600,REZI
2026-03-31,rut,REZI
2026-03-31,sp600,REZI
2026-06-30,rut,REZI
2026-06-30,sp600,REZI
2026-09-30,rut,REZI
2026-09-30,sp600,REZI
2020-12-31,rut,CRSR
2021-03-31,rut,CRSR
2021-06-30,rut,CRSR
2021-09-30,rut,CRSR
2021-12-31,rut,CRSR
2022-03-31,rut,CRSR
2022-03-31,sp600,CRSR
2022-06-30,rut,CRSR
2022-06-30,sp600,CRSR
2022-09-30,rut,CRSR
2022-09-30,sp600,CRSR
2022-12-31,rut,CRSR
2022-12-31,sp600,CRSR
2023-03-31,rut,CRSR
2023-03-31,sp600,CRSR
2023-06-30,rut,CRSR
2023-06-30,sp600,CRSR
2023-09-30,rut,CRSR
2023-09-30,sp600,CRSR
2023-12-31,rut,CRSR
2023-12-31,sp600,CRSR
2024-03-31,rut,CRSR
2024-03-31,sp600,CRSR
2024-06-30,rut,CRSR
2024-06-30,sp600,CRSR
2024-09-30,rut,CRSR
2024-09-30,sp600,CRSR
2024-12-31,rut,CRSR
2024-12-31,sp600,CRSR
2025-03-31,rut,CRSR
2025-03-31,sp600,CRSR
2025-06-30,rut,CRSR
2025-06-30,sp600,CRSR
2025-09-30,rut,CRSR
2025-09-30,sp600,CRSR
2025-12-31,rut,CRSR
2025-12-31,sp600,CRSR
2026-03-31,rut,CRSR
2026-03-31,sp600,CRSR
2026-06-30,rut,CRSR
2026-06-30,sp600,CRSR
2026-09-30,rut,CRSR
2026-09-30,sp600,CRSR
2019-12-31,rut,BBIO
2020-03-31,rut,BBIO
2020-06-30,rut,BBIO
2020-09-30,rut,BBIO
2020-12-31,rut,BBIO
2021-03-31,rut,BBIO
2021-06-30,rut,BBIO
2021-09-30,rut,BBIO
2021-12-31,rut,BBIO
2022-03-31,rut,BBIO
2022-06-30,rut,BBIO
2022-09-30,rut,BBIO
2022-12-31,rut,BBIO
2023-03-31,rut,BBIO
2023-06-30,rut,BBIO
2023-09-30,rut,BBIO
2023-12-31,rut,BBIO
2024-03-31,rut,BBIO
2024-06-30,rut,BBIO
2024-09-30,rut,BBIO
2024-12-31,rut,BBIO
2025-03-31,rut,BBIO
2025-06-30,rut,BBIO
2025-09-30,rut,BBIO
2025-12-31,rut,BBIO
2026-03-31,rut,BBIO
2019-12-31,rut,PFSI
2020-03-31,rut,PFSI
2020-06-30,rut,PFSI
2020-09-30,rut,PFSI
2020-12-31,rut,PFSI
2021-03-31,rut,PFSI
2021-06-30,rut,PFSI
2021-09-30,rut,PFSI
2021-12-31,rut,PFSI
2022-03-31,rut,PFSI
2022-06-30,rut,PFSI
2022-09-30,rut,PFSI
2022-12-31,rut,PFSI
2023-03-31,rut,PFSI
2023-06-30,rut,PFSI
2023-09-30,rut,PFSI
2023-12-31,rut,PFSI
2024-03-31,rut,PFSI
2024-06-30,rut,PFSI
2024-09-30,rut,PFSI
2024-12-31,rut,PFSI
2025-03-31,rut,PFSI
2025-06-30,rut,PFSI
2025-09-30,rut,PFSI
2025-12-31,rut,PFSI
2026-03-31,rut,PFSI
2026-06-30,rut,PFSI
2026-09-30,rut,PFSI
2020-03-31,rut,BEAM
2020-06-30,rut,BEAM
2020-09-30,rut,BEAM
2020-12-31,rut,BEAM
2021-03-31,rut,BEAM
2021-06-30,rut,BEAM
2021-09-30,rut,BEAM
2021-12-31,rut,BEAM
2022-03-31,rut,BEAM
2022-06-30,rut,BEAM
2022-09-30,rut,BEAM
2022-12-31,rut,BEAM
2023-03-31,rut,BEAM
2023-06-30,rut,BEAM
2023-09-30,rut,BEAM
2023-12-31,rut,BEAM
2024-03-31,rut,BEAM
2024-06-30,rut,BEAM
2024-09-30,rut,BEAM
2024-12-31,rut,BEAM
2025-03-31,rut,BEAM
2025-06-30,rut,BEAM
2025-09-30,rut,BEAM
2025-12-31,rut,BEAM
2026-03-31,rut,BEAM
2026-06-30,rut,BEAM
2026-09-30,rut,BEAM
2019-12-31,rut,BFC
2020-03-31,rut,BFC
2020-06-30,rut,BFC
2020-09-30,rut,BFC
2020-12-31,rut,BFC
2021-03-31,rut,BFC
2021-06-30,rut,BFC
2021-09-30,rut,BFC
2021-12-31,rut,BFC
2022-03-31,rut,BFC
2022-06-30,rut,BFC
2022-09-30,rut,BFC
2022-12-31,rut,BFC
2023-03-31,rut,BFC
2023-06-30,rut,BFC
2023-09-30,rut,BFC
2023-12-31,rut,BFC
2024-03-31,rut,BFC
2024-06-30,rut,BFC
2024-09-30,rut,BFC
2024-12-31,rut,BFC
2025-03-31,rut,BFC
2025-06-30,rut,BFC
2025-09-30,rut,BFC
2025-12-31,rut,BFC
2026-03-31,rut,BFC
2026-06-30,rut,BFC
2026-09-30,rut,BFC
2021-06-30,rut,RVLV
2021-09-30,rut,RVLV
2021-12-31,rut,RVLV
2022-03-31,rut,RVLV
2022-06-30,rut,RVLV
2022-09-30,rut,RVLV
2022-12-31,rut,RVLV
2023-03-31,rut,RVLV
2023-06-30,rut,RVLV
2023-09-30,rut,RVLV
2023-12-31,rut,RVLV
2024-03-31,rut,RVLV
2024-06-30,rut,RVLV
2024-09-30,rut,RVLV
2024-12-31,rut,RVLV
2025-03-31,rut,RVLV
2025-06-30,rut,RVLV
2025-09-30,rut,RVLV
2025-12-31,rut,RVLV
2026-03-31,rut,RVLV
2026-06-30,rut,RVLV
2026-09-30,rut,RVLV
2020-12-31,rut,BALY
2021-03-31,rut,BALY
2021-06-30,rut,BALY
2021-09-30,rut,BALY
2021-12-31,rut,BALY
2022-03-31,rut,BALY
2022-06-30,rut,BALY
2022-09-30,rut,BALY
2022-12-31,rut,BALY
2023-03-31,rut,BALY
2023-06-30,rut,BALY
2023-09-30,rut,BALY
2023-12-31,rut,BALY
2024-03-31,rut,BALY
2024-06-30,rut,BALY
2024-09-30,rut,BALY
2024-12-31,rut,BALY
2025-06-30,rut,BALY
2025-09-30,rut,BALY
2025-12-31,rut,BALY
2026-03-31,rut,BALY
2026-06-30,rut,BALY
2026-09-30,rut,BALY
2019-12-31,rut,AAMI
2020-03-31,rut,AAMI
2020-06-30,rut,AAMI
2020-06-30,sp600,AAMI
2020-09-30,rut,AAMI
2020-09-30,sp600,AAMI
2020-12-31,rut,AAMI
2020-12-31,sp600,AAMI
2021-03-31,rut,AAMI
2021-03-31,sp600,AAMI
2021-06-30,rut,AAMI
2021-06-30,sp600,AAMI
2021-09-30,rut,AAMI
2021-09-30,sp600,AAMI
2021-12-31,rut,AAMI
2021-12-31,sp600,AAMI
2022-03-31,rut,AAMI
2022-03-31,sp600,AAMI
2022-06-30,rut,AAMI
2022-06-30,sp600,AAMI
2022-09-30,rut,AAMI
2022-09-30,sp600,AAMI
2022-12-31,rut,AAMI
2022-12-31,sp600,AAMI
2023-03-31,rut,AAMI
2023-03-31,sp600,AAMI
2023-06-30,rut,AAMI
2023-06-30,sp600,AAMI
2023-09-30,rut,AAMI
2023-09-30,sp600,AAMI
2023-12-31,rut,AAMI
2023-12-31,sp600,AAMI
2024-03-31,rut,AAMI
2024-03-31,sp600,AAMI
2024-06-30,rut,AAMI
2024-06-30,sp600,AAMI
2024-09-30,rut,AAMI
2024-09-30,sp600,AAMI
2024-12-31,rut,AAMI
2024-12-31,sp600,AAMI
2025-03-31,rut,AAMI
2025-03-31,sp600,AAMI
2025-06-30,rut,AAMI
2025-06-30,sp600,AAMI
2025-09-30,rut,AAMI
2025-09-30,sp600,AAMI
2025-12-31,rut,AAMI
2025-12-31,sp600,AAMI
2026-03-31,rut,AAMI
2026-03-31,sp600,AAMI
2026-06-30,rut,AAMI
2026-06-30,sp600,AAMI
2026-09-30,rut,AAMI
2026-09-30,sp600,AAMI
2025-06-30,rut,NFE
2025-09-30,rut,NFE
2025-12-31,rut,NFE
2026-03-31,rut,NFE
2019-12-31,rut,TMDX
2020-03-31,rut,TMDX
2020-06-30,rut,TMDX
2020-09-30,rut,TMDX
2020-12-31,rut,TMDX
2021-03-31,rut,TMDX
2021-06-30,rut,TMDX
2021-09-30,rut,TMDX
2021-12-31,rut,TMDX
2022-03-31,rut,TMDX
2022-06-30,rut,TMDX
2022-09-30,rut,TMDX
2022-12-31,rut,TMDX
2023-03-31,rut,TMDX
2023-06-30,rut,TMDX
2023-09-30,rut,TMDX
2023-12-31,rut,TMDX
2024-03-31,rut,TMDX
2024-06-30,rut,TMDX
2024-09-30,rut,TMDX
2024-12-31,rut,TMDX
2024-12-31,sp600,TMDX
2025-03-31,rut,TMDX
2025-03-31,sp600,TMDX
2025-06-30,rut,TMDX
2025-06-30,sp600,TMDX
2025-09-30,rut,TMDX
2025-09-30,sp600,TMDX
2025-12-31,rut,TMDX
2025-12-31,sp600,TMDX
2026-03-31,rut,TMDX
2026-03-31,sp600,TMDX
2026-06-30,rut,TMDX
2026-06-30,sp600,TMDX
2026-09-30,rut,TMDX
2026-09-30,sp600,TMDX
2024-09-30,rut,ARDT
2024-12-31,rut,ARDT
2025-03-31,rut,ARDT
2025-06-30,rut,ARDT
2025-09-30,rut,ARDT
2025-12-31,rut,ARDT
2026-03-31,rut,ARDT
2026-06-30,rut,ARDT
2026-09-30,rut,ARDT
2021-06-30,sp400,NVST
2021-09-30,sp400,NVST
2021-12-31,sp400,NVST
2022-03-31,sp400,NVST
2022-06-30,sp400,NVST
2022-09-30,sp400,NVST
2022-12-31,sp400,NVST
2023-03-31,sp400,NVST
2023-06-30,sp400,NVST
2023-09-30,sp400,NVST
2023-12-31,sp400,NVST
2024-03-31,sp400,NVST
2024-06-30,sp400,NVST
2024-09-30,sp400,NVST
2024-12-31,sp400,NVST
2025-03-31,sp400,NVST
2025-06-30,sp400,NVST
2025-09-30,sp400,NVST
2025-12-31,sp400,NVST
2026-03-31,sp400,NVST
2026-06-30,sp400,NVST
2026-09-30,sp400,NVST
2025-06-30,rut,QUBT
2025-09-30,rut,QUBT
2025-12-31,rut,QUBT
2026-03-31,rut,QUBT
2026-06-30,rut,QUBT
2026-09-30,rut,QUBT
2026-09-30,rut,OSW
2026-09-30,sp600,OSW
2019-12-31,rut,MIRM
2020-03-31,rut,MIRM
2020-06-30,rut,MIRM
2020-09-30,rut,MIRM
2020-12-31,rut,MIRM
2021-03-31,rut,MIRM
2021-06-30,rut,MIRM
2021-09-30,rut,MIRM
2021-12-31,rut,MIRM
2022-03-31,rut,MIRM
2022-06-30,rut,MIRM
2022-09-30,rut,MIRM
2022-12-31,rut,MIRM
2023-03-31,rut,MIRM
2023-06-30,rut,MIRM
2023-09-30,rut,MIRM
2023-12-31,rut,MIRM
2024-03-31,rut,MIRM
2024-06-30,rut,MIRM
2024-09-30,rut,MIRM
2024-12-31,rut,MIRM
2025-03-31,rut,MIRM
2025-06-30,rut,MIRM
2025-09-30,rut,MIRM
2025-12-31,rut,MIRM
2026-03-31,rut,MIRM
2026-06-30,rut,MIRM
2026-09-30,rut,MIRM
2026-03-31,sp600,LYFT
2026-06-30,sp600,LYFT
2026-09-30,sp600,LYFT
2021-06-30,rut,PRVA
2021-09-30,rut,PRVA
2021-12-31,rut,PRVA
2022-03-31,rut,PRVA
2022-06-30,rut,PRVA
2022-09-30,rut,PRVA
2022-12-31,rut,PRVA
2023-03-31,rut,PRVA
2023-06-30,rut,PRVA
2023-06-30,sp600,PRVA
2023-09-30,rut,PRVA
2023-09-30,sp600,PRVA
2023-12-31,rut,PRVA
2023-12-31,sp600,PRVA
2024-03-31,rut,PRVA
2024-03-31,sp600,PRVA
2024-06-30,rut,PRVA
2024-06-30,sp600,PRVA
2024-09-30,rut,PRVA
2024-09-30,sp600,PRVA
2024-12-31,rut,PRVA
2024-12-31,sp600,PRVA
2025-03-31,rut,PRVA
2025-03-31,sp600,PRVA
2025-06-30,rut,PRVA
2025-06-30,sp600,PRVA
2025-09-30,rut,PRVA
2025-09-30,sp600,PRVA
2025-12-31,rut,PRVA
2025-12-31,sp600,PRVA
2026-03-31,rut,PRVA
2026-03-31,sp600,PRVA
2026-06-30,rut,PRVA
2026-06-30,sp600,PRVA
2026-09-30,rut,PRVA
2026-09-30,sp600,PRVA
2020-06-30,rut,ALTG
2020-09-30,rut,ALTG
2020-12-31,rut,ALTG
2021-03-31,rut,ALTG
2021-06-30,rut,ALTG
2021-09-30,rut,ALTG
2021-12-31,rut,ALTG
2022-03-31,rut,ALTG
2022-06-30,rut,ALTG
2022-09-30,rut,ALTG
2022-12-31,rut,ALTG
2023-03-31,rut,ALTG
2023-06-30,rut,ALTG
2023-09-30,rut,ALTG
2023-12-31,rut,ALTG
2024-03-31,rut,ALTG
2024-06-30,rut,ALTG
2024-09-30,rut,ALTG
2024-12-31,rut,ALTG
2025-03-31,rut,ALTG
2025-06-30,rut,ALTG
2025-09-30,rut,ALTG
2025-12-31,rut,ALTG
2026-03-31,rut,ALTG
2026-06-30,rut,ALTG
2026-09-30,rut,ALTG
2019-12-31,rut,KTB
2019-12-31,sp600,KTB
2020-03-31,rut,KTB
2020-03-31,sp600,KTB
2020-06-30,rut,KTB
2020-06-30,sp600,KTB
2020-09-30,rut,KTB
2020-09-30,sp600,KTB
2020-12-31,rut,KTB
2020-12-31,sp600,KTB
2021-03-31,rut,KTB
2021-03-31,sp600,KTB
2021-06-30,rut,KTB
2021-06-30,sp600,KTB
2021-09-30,rut,KTB
2021-09-30,sp600,KTB
2021-12-31,rut,KTB
2021-12-31,sp600,KTB
2022-03-31,rut,KTB
2022-03-31,sp600,KTB
2022-06-30,rut,KTB
2022-06-30,sp600,KTB
2022-09-30,rut,KTB
2022-09-30,sp600,KTB
2022-12-31,rut,KTB
2022-12-31,sp600,KTB
2023-03-31,rut,KTB
2023-03-31,sp600,KTB
2023-06-30,rut,KTB
2023-06-30,sp600,KTB
2023-09-30,rut,KTB
2023-09-30,sp600,KTB
2023-12-31,rut,KTB
2023-12-31,sp600,KTB
2024-03-31,rut,KTB
2024-03-31,sp600,KTB
2024-06-30,rut,KTB
2024-06-30,sp600,KTB
2024-09-30,rut,KTB
2024-09-30,sp600,KTB
2024-12-31,rut,KTB
2024-12-31,sp600,KTB
2025-03-31,rut,KTB
2025-03-31,sp600,KTB
2025-06-30,rut,KTB
2025-06-30,sp600,KTB
2025-09-30,rut,KTB
2025-09-30,sp600,KTB
2025-12-31,rut,KTB
2025-12-31,sp600,KTB
2026-03-31,rut,KTB
2026-03-31,sp600,KTB
2026-06-30,rut,KTB
2026-06-30,sp600,KTB
2026-09-30,rut,KTB
2026-09-30,sp600,KTB
2019-12-31,rut,PLMR
2020-03-31,rut,PLMR
2020-06-30,rut,PLMR
2020-06-30,sp600,PLMR
2020-09-30,rut,PLMR
2020-09-30,sp600,PLMR
2020-12-31,rut,PLMR
2020-12-31,sp600,PLMR
2021-03-31,rut,PLMR
2021-03-31,sp600,PLMR
2021-06-30,rut,PLMR
2021-06-30,sp600,PLMR
2021-09-30,rut,PLMR
2021-09-30,sp600,PLMR
2021-12-31,rut,PLMR
2021-12-31,sp600,PLMR
2022-03-31,rut,PLMR
2022-03-31,sp600,PLMR
2022-06-30,rut,PLMR
2022-06-30,sp600,PLMR
2022-09-30,rut,PLMR
2022-09-30,sp600,PLMR
2022-12-31,rut,PLMR
2022-12-31,sp600,PLMR
2023-03-31,rut,PLMR
2023-03-31,sp600,PLMR
2023-06-30,rut,PLMR
2023-06-30,sp600,PLMR
2023-09-30,rut,PLMR
2023-09-30,sp600,PLMR
2023-12-31,rut,PLMR
2023-12-31,sp600,PLMR
2024-03-31,rut,PLMR
2024-03-31,sp600,PLMR
2024-06-30,rut,PLMR
2024-06-30,sp600,PLMR
2024-09-30,rut,PLMR
2024-09-30,sp600,PLMR
2024-12-31,rut,PLMR
2024-12-31,sp600,PLMR
2025-03-31,rut,PLMR
2025-03-31,sp600,PLMR
2025-06-30,rut,PLMR
2025-06-30,sp600,PLMR
2025-09-30,rut,PLMR
2025-09-30,sp600,PLMR
2025-12-31,rut,PLMR
2025-12-31,sp600,PLMR
2026-03-31,rut,PLMR
2026-03-31,sp600,PLMR
2026-06-30,rut,PLMR
2026-06-30,sp600,PLMR
2026-09-30,rut,PLMR
2026-09-30,sp600,PLMR
2026-09-30,rut,CLVT
2019-12-31,rut,PNTG
2019-12-31,sp600,PNTG
2020-03-31,rut,PNTG
2020-03-31,sp600,PNTG
2020-06-30,rut,PNTG
2020-06-30,sp600,PNTG
2020-09-30,rut,PNTG
2020-09-30,sp600,PNTG
2020-12-31,rut,PNTG
2020-12-31,sp600,PNTG
2021-03-31,rut,PNTG
2021-03-31,sp600,PNTG
2021-06-30,rut,PNTG
2021-06-30,sp600,PNTG
2021-09-30,rut,PNTG
2021-09-30,sp600,PNTG
2021-12-31,rut,PNTG
2021-12-31,sp600,PNTG
2022-03-31,rut,PNTG
2022-03-31,sp600,PNTG
2022-06-30,rut,PNTG
2022-06-30,sp600,PNTG
2022-09-30,rut,PNTG
2022-09-30,sp600,PNTG
2022-12-31,rut,PNTG
2022-12-31,sp600,PNTG
2023-03-31,rut,PNTG
2023-06-30,rut,PNTG
2023-09-30,rut,PNTG
2023-12-31,rut,PNTG
2024-03-31,rut,PNTG
2024-06-30,rut,PNTG
2024-09-30,rut,PNTG
2024-12-31,rut,PNTG
2025-03-31,rut,PNTG
2025-06-30,rut,PNTG
2025-09-30,rut,PNTG
2025-12-31,rut,PNTG
2026-03-31,rut,PNTG
2026-06-30,rut,PNTG
2026-09-30,rut,PNTG
2024-12-31,sp400,CHWY
2025-03-31,sp400,CHWY
2025-06-30,sp400,CHWY
2025-09-30,sp400,CHWY
2025-12-31,sp400,CHWY
2026-03-31,sp400,CHWY
2026-06-30,sp400,CHWY
2026-09-30,sp400,CHWY
2023-09-30,rut,KGS
2023-12-31,rut,KGS
2024-03-31,rut,KGS
2024-06-30,rut,KGS
2024-09-30,rut,KGS
2024-12-31,rut,KGS
2025-03-31,rut,KGS
2025-06-30,rut,KGS
2025-09-30,rut,KGS
2025-09-30,sp600,KGS
2025-12-31,rut,KGS
2025-12-31,sp600,KGS
2026-03-31,rut,KGS
2026-03-31,sp600,KGS
2026-06-30,rut,KGS
2026-06-30,sp600,KGS
2026-09-30,rut,KGS
2026-09-30,sp600,KGS
2020-06-30,rut,XPEL
2020-09-30,rut,XPEL
2020-12-31,rut,XPEL
2021-03-31,rut,XPEL
2021-06-30,rut,XPEL
2021-09-30,rut,XPEL
2021-12-31,rut,XPEL
2022-03-31,rut,XPEL
2022-03-31,sp600,XPEL
2022-06-30,rut,XPEL
2022-06-30,sp600,XPEL
2022-09-30,rut,XPEL
2022-09-30,sp600,XPEL
2022-12-31,rut,XPEL
2022-12-31,sp600,XPEL
2023-03-31,rut,XPEL
2023-03-31,sp600,XPEL
2023-06-30,rut,XPEL
2023-06-30,sp600,XPEL
2023-09-30,rut,XPEL
2023-09-30,sp600,XPEL
2023-12-31,rut,XPEL
2023-12-31,sp600,XPEL
2024-03-31,rut,XPEL
2024-03-31,sp600,XPEL
2024-06-30,rut,XPEL
2024-06-30,sp600,XPEL
2024-09-30,rut,XPEL
2024-09-30,sp600,XPEL
2024-12-31,rut,XPEL
2024-12-31,sp600,XPEL
2025-03-31,rut,XPEL
2025-03-31,sp600,XPEL
2025-06-30,rut,XPEL
2025-06-30,sp600,XPEL
2025-09-30,rut,XPEL
2025-09-30,sp600,XPEL
2025-12-31,rut,XPEL
2025-12-31,sp600,XPEL
2026-03-31,rut,XPEL
2026-03-31,sp600,XPEL
2026-06-30,rut,XPEL
2026-06-30,sp600,XPEL
2026-09-30,rut,XPEL
2026-09-30,sp600,XPEL
2021-03-31,sp400,XRX
2021-06-30,sp400,XRX
2021-09-30,sp400,XRX
2021-12-31,sp400,XRX
2022-03-31,sp400,XRX
2022-06-30,rut,XRX
2022-06-30,sp400,XRX
2022-09-30,rut,XRX
2022-09-30,sp400,XRX
2022-12-31,rut,XRX
2022-12-31,sp400,XRX
2023-03-31,rut,XRX
2023-03-31,sp400,XRX
2023-06-30,rut,XRX
2023-06-30,sp400,XRX
2023-09-30,rut,XRX
2023-09-30,sp600,XRX
2023-12-31,rut,XRX
2023-12-31,sp600,XRX
2024-03-31,rut,XRX
2024-03-31,sp600,XRX
2024-06-30,rut,XRX
2024-06-30,sp600,XRX
2024-09-30,rut,XRX
2024-09-30,sp600,XRX
2024-12-31,rut,XRX
2024-12-31,sp600,XRX
2025-03-31,rut,XRX
2025-03-31,sp600,XRX
2025-06-30,rut,XRX
2025-06-30,sp600,XRX
2025-09-30,rut,XRX
2025-12-31,rut,XRX
2026-03-31,rut,XRX
2026-06-30,rut,XRX
2026-09-30,rut,XRX
2025-06-30,rut,TXG
2025-09-30,rut,TXG
2025-12-31,rut,TXG
2026-03-31,rut,TXG
2026-06-30,rut,TXG
2026-09-30,rut,TXG
2020-06-30,sp400,GO
2020-09-30,sp400,GO
2020-12-31,sp400,GO
2021-03-31,sp400,GO
2021-06-30,sp400,GO
2021-09-30,sp400,GO
2021-12-31,sp400,GO
2022-03-31,sp400,GO
2022-06-30,sp400,GO
2022-09-30,sp400,GO
2022-12-31,sp400,GO
2023-03-31,sp400,GO
2023-06-30,sp400,GO
2023-09-30,sp400,GO
2023-12-31,sp400,GO
2024-03-31,sp400,GO
2024-06-30,sp600,GO
2024-09-30,sp600,GO
2024-12-31,sp600,GO
2025-03-31,sp600,GO
2025-06-30,rut,GO
2025-06-30,sp600,GO
2025-09-30,rut,GO
2025-09-30,sp600,GO
2025-12-31,rut,GO
2025-12-31,sp600,GO
2026-03-31,rut,GO
2026-03-31,sp600,GO
2026-06-30,rut,GO
2026-06-30,sp600,GO
2026-09-30,rut,GO
2026-09-30,sp600,GO
2019-12-31,rut,BRBR
2020-03-31,rut,BRBR
2020-06-30,rut,BRBR
2020-09-30,rut,BRBR
2020-12-31,rut,BRBR
2021-03-31,rut,BRBR
2021-06-30,rut,BRBR
2021-09-30,rut,BRBR
2021-12-31,rut,BRBR
2022-03-31,rut,BRBR
2022-03-31,sp400,BRBR
2022-06-30,rut,BRBR
2022-06-30,sp400,BRBR
2022-09-30,rut,BRBR
2022-09-30,sp400,BRBR
2022-12-31,rut,BRBR
2022-12-31,sp400,BRBR
2023-03-31,rut,BRBR
2023-03-31,sp400,BRBR
2023-06-30,rut,BRBR
2023-06-30,sp400,BRBR
2023-09-30,rut,BRBR
2023-09-30,sp400,BRBR
2023-12-31,rut,BRBR
2023-12-31,sp400,BRBR
2024-03-31,rut,BRBR
2024-03-31,sp400,BRBR
2024-06-30,rut,BRBR
2024-06-30,sp400,BRBR
2024-09-30,sp400,BRBR
2024-12-31,sp400,BRBR
2025-03-31,sp400,BRBR
2025-06-30,sp400,BRBR
2025-09-30,sp400,BRBR
2025-12-31,sp400,BRBR
2026-03-31,sp400,BRBR
2026-06-30,rut,BRBR
2026-09-30,rut,BRBR
2020-06-30,rut,ONEW
2020-09-30,rut,ONEW
2020-12-31,rut,ONEW
2021-03-31,rut,ONEW
2021-06-30,rut,ONEW
2021-09-30,rut,ONEW
2021-12-31,rut,ONEW
2022-03-31,rut,ONEW
2022-06-30,rut,ONEW
2022-09-30,rut,ONEW
2022-12-31,rut,ONEW
2023-03-31,rut,ONEW
2023-06-30,rut,ONEW
2023-09-30,rut,ONEW
2023-12-31,rut,ONEW
2024-03-31,rut,ONEW
2024-06-30,rut,ONEW
2024-09-30,rut,ONEW
2024-12-31,rut,ONEW
2025-03-31,rut,ONEW
2025-06-30,rut,ONEW
2025-09-30,rut,ONEW
2025-12-31,rut,ONEW
2026-03-31,rut,ONEW
2026-06-30,rut,ONEW
2026-09-30,rut,ONEW
2022-09-30,sp400,DT
2022-12-31,sp400,DT
2023-03-31,sp400,DT
2023-06-30,sp400,DT
2023-09-30,sp400,DT
2023-12-31,sp400,DT
2024-03-31,sp400,DT
2024-06-30,sp400,DT
2024-09-30,sp400,DT
2024-12-31,sp400,DT
2025-03-31,sp400,DT
2025-06-30,sp400,DT
2025-09-30,sp400,DT
2025-12-31,sp400,DT
2026-03-31,sp400,DT
2026-06-30,sp400,DT
2026-09-30,sp400,DT
2026-09-30,rut,HIMS
2026-09-30,sp400,HIMS
2021-06-30,rut,ADV
2021-09-30,rut,ADV
2021-12-31,rut,ADV
2022-03-31,rut,ADV
2022-06-30,rut,ADV
2022-09-30,rut,ADV
2022-12-31,rut,ADV
2023-03-31,rut,ADV
2023-06-30,rut,ADV
2023-09-30,rut,ADV
2023-12-31,rut,ADV
2024-03-31,rut,ADV
2024-06-30,rut,ADV
2024-09-30,rut,ADV
2024-12-31,rut,ADV
2025-03-31,rut,ADV
2025-06-30,rut,ADV
2025-09-30,rut,ADV
2025-12-31,rut,ADV
2026-03-31,rut,ADV
2026-06-30,rut,ADV
2026-09-30,rut,ADV
2022-06-30,rut,PWP
2022-09-30,rut,PWP
2022-12-31,rut,PWP
2023-03-31,rut,PWP
2023-06-30,rut,PWP
2023-09-30,rut,PWP
2023-12-31,rut,PWP
2024-03-31,rut,PWP
2024-06-30,rut,PWP
2024-09-30,rut,PWP
2024-12-31,rut,PWP
2025-03-31,rut,PWP
2025-06-30,rut,PWP
2025-09-30,rut,PWP
2025-12-31,rut,PWP
2026-03-31,rut,PWP
2026-06-30,rut,PWP
2026-09-30,rut,PWP
2022-06-30,rut,AVPT
2022-09-30,rut,AVPT
2022-12-31,rut,AVPT
2023-03-31,rut,AVPT
2023-06-30,rut,AVPT
2023-09-30,rut,AVPT
2023-12-31,rut,AVPT
2024-03-31,rut,AVPT
2024-06-30,rut,AVPT
2024-09-30,rut,AVPT
2024-12-31,rut,AVPT
2025-03-31,rut,AVPT
2025-06-30,rut,AVPT
2025-09-30,rut,AVPT
2025-12-31,rut,AVPT
2026-03-31,rut,AVPT
2026-06-30,rut,AVPT
2026-09-30,rut,AVPT
2023-06-30,rut,ASTS
2023-09-30,rut,ASTS
2023-12-31,rut,ASTS
2024-03-31,rut,ASTS
2024-06-30,rut,ASTS
2024-09-30,rut,ASTS
2024-12-31,rut,ASTS
2025-03-31,rut,ASTS
2025-06-30,rut,ASTS
2021-12-31,rut,TCBX
2022-03-31,rut,TCBX
2022-06-30,rut,TCBX
2022-09-30,rut,TCBX
2022-12-31,rut,TCBX
2023-03-31,rut,TCBX
2023-06-30,rut,TCBX
2023-09-30,rut,TCBX
2023-12-31,rut,TCBX
2024-03-31,rut,TCBX
2024-06-30,rut,TCBX
2024-09-30,rut,TCBX
2024-12-31,rut,TCBX
2025-03-31,rut,TCBX
2025-06-30,rut,TCBX
2025-09-30,rut,TCBX
2025-12-31,rut,TCBX
2026-03-31,rut,TCBX
2026-06-30,rut,TCBX
2026-09-30,rut,TCBX
2024-06-30,rut,BWIN
2024-09-30,rut,BWIN
2024-12-31,rut,BWIN
2025-03-31,rut,BWIN
2025-06-30,rut,BWIN
2025-09-30,rut,BWIN
2025-12-31,rut,BWIN
2026-03-31,rut,BWIN
2026-06-30,rut,BWIN
2026-09-30,rut,BWIN
2021-12-31,rut,RELY
2022-03-31,rut,RELY
2022-06-30,rut,RELY
2022-09-30,rut,RELY
2022-12-31,rut,RELY
2023-03-31,rut,RELY
2023-06-30,rut,RELY
2023-09-30,rut,RELY
2023-12-31,rut,RELY
2024-03-31,rut,RELY
2024-06-30,rut,RELY
2024-09-30,rut,RELY
2024-12-31,rut,RELY
2025-03-31,rut,RELY
2025-06-30,rut,RELY
2025-09-30,rut,RELY
2025-12-31,rut,RELY
2026-03-31,rut,RELY
2026-06-30,rut,RELY
2026-06-30,sp600,RELY
2026-09-30,rut,RELY
2026-09-30,sp600,RELY
2021-06-30,rut,PRCH
2021-09-30,rut,PRCH
2021-12-31,rut,PRCH
2022-03-31,rut,PRCH
2022-06-30,rut,PRCH
2022-09-30,rut,PRCH
2022-12-31,rut,PRCH
2023-03-31,rut,PRCH
2024-09-30,rut,PRCH
2024-12-31,rut,PRCH
2025-03-31,rut,PRCH
2025-06-30,rut,PRCH
2025-09-30,rut,PRCH
2025-12-31,rut,PRCH
2026-03-31,rut,PRCH
2026-06-30,rut,PRCH
2026-09-30,rut,PRCH
2024-12-31,sp400,BILL
2025-03-31,sp400,BILL
2025-06-30,sp400,BILL
2025-09-30,sp400,BILL
2025-12-31,sp400,BILL
2026-03-31,sp400,BILL
2026-06-30,sp400,BILL
2026-09-30,sp400,BILL
2025-09-30,sp600,REYN
2025-12-31,sp600,REYN
2026-03-31,sp600,REYN
2026-06-30,sp600,REYN
2026-09-30,sp600,REYN
2021-03-31,sp400,VNT
2021-06-30,sp400,VNT
2021-09-30,sp400,VNT
2021-12-31,sp400,VNT
2022-03-31,sp400,VNT
2022-06-30,sp400,VNT
2022-09-30,sp400,VNT
2022-12-31,sp400,VNT
2023-03-31,sp400,VNT
2023-06-30,sp400,VNT
2023-09-30,sp400,VNT
2023-12-31,sp400,VNT
2024-03-31,sp400,VNT
2024-06-30,sp400,VNT
2024-09-30,sp400,VNT
2024-12-31,sp400,VNT
2025-03-31,sp400,VNT
2025-06-30,sp400,VNT
2025-09-30,sp400,VNT
2025-12-31,sp400,VNT
2026-03-31,sp400,VNT
2026-06-30,sp400,VNT
2026-09-30,sp400,VNT
2020-03-31,rut,ARQT
2020-06-30,rut,ARQT
2020-09-30,rut,ARQT
2020-12-31,rut,ARQT
2021-03-31,rut,ARQT
2021-06-30,rut,ARQT
2021-09-30,rut,ARQT
2021-12-31,rut,ARQT
2022-03-31,rut,ARQT
2022-06-30,rut,ARQT
2022-09-30,rut,ARQT
2022-12-31,rut,ARQT
2023-03-31,rut,ARQT
2023-06-30,rut,ARQT
2023-09-30,rut,ARQT
2023-12-31,rut,ARQT
2024-03-31,rut,ARQT
2024-06-30,rut,ARQT
2024-09-30,rut,ARQT
2024-12-31,rut,ARQT
2025-03-31,rut,ARQT
2025-06-30,rut,ARQT
2025-09-30,rut,ARQT
2025-12-31,rut,ARQT
2026-03-31,rut,ARQT
2026-06-30,rut,ARQT
2026-09-30,rut,ARQT
2026-09-30,sp600,ARQT
2022-06-30,rut,ROOT
2022-09-30,rut,ROOT
2022-12-31,rut,ROOT
2023-03-31,rut,ROOT
2023-06-30,rut,ROOT
2024-09-30,rut,ROOT
2024-12-31,rut,ROOT
2025-03-31,rut,ROOT
2025-06-30,rut,ROOT
2025-09-30,rut,ROOT
2025-12-31,rut,ROOT
2026-03-31,rut,ROOT
2026-06-30,rut,ROOT
2026-09-30,rut,ROOT
2021-06-30,rut,AEVA
2021-09-30,rut,AEVA
2021-12-31,rut,AEVA
2022-03-31,rut,AEVA
2022-06-30,rut,AEVA
2022-09-30,rut,AEVA
2022-12-31,rut,AEVA
2023-03-31,rut,AEVA
2023-06-30,rut,AEVA
2023-09-30,rut,AEVA
2023-12-31,rut,AEVA
2024-03-31,rut,AEVA
2024-06-30,rut,AEVA
2024-09-30,rut,AEVA
2024-12-31,rut,AEVA
2025-03-31,rut,AEVA
2025-06-30,rut,AEVA
2025-09-30,rut,AEVA
2025-12-31,rut,AEVA
2026-03-31,rut,AEVA
2026-06-30,rut,AEVA
2026-09-30,rut,AEVA
2021-12-31,rut,FWRG
2022-03-31,rut,FWRG
2022-06-30,rut,FWRG
2022-09-30,rut,FWRG
2022-12-31,rut,FWRG
2023-03-31,rut,FWRG
2023-06-30,rut,FWRG
2023-09-30,rut,FWRG
2023-12-31,rut,FWRG
2024-03-31,rut,FWRG
2024-06-30,rut,FWRG
2024-09-30,rut,FWRG
2024-12-31,rut,FWRG
2025-03-31,rut,FWRG
2025-06-30,rut,FWRG
2025-09-30,rut,FWRG
2025-12-31,rut,FWRG
2026-03-31,rut,FWRG
2026-06-30,rut,FWRG
2026-09-30,rut,FWRG
2020-06-30,rut,OVV
2020-09-30,rut,OVV
2020-12-31,rut,OVV
2021-03-31,rut,OVV
2021-06-30,rut,OVV
2021-09-30,rut,OVV
2021-12-31,rut,OVV
2022-03-31,rut,OVV
2023-06-30,sp400,OVV
2023-09-30,sp400,OVV
2023-12-31,sp400,OVV
2024-03-31,sp400,OVV
2024-06-30,sp400,OVV
2024-09-30,sp400,OVV
2024-12-31,sp400,OVV
2025-03-31,sp400,OVV
2025-06-30,sp400,OVV
2025-09-30,sp400,OVV
2025-12-31,sp400,OVV
2026-03-31,sp400,OVV
2026-06-30,sp400,OVV
2026-09-30,sp400,OVV
2021-09-30,rut,CURV
2021-12-31,rut,CURV
2022-03-31,rut,CURV
2022-06-30,rut,CURV
2022-09-30,rut,CURV
2022-12-31,rut,CURV
2023-03-31,rut,CURV
2023-06-30,rut,CURV
2023-09-30,rut,CURV
2023-12-31,rut,CURV
2024-03-31,rut,CURV
2024-06-30,rut,CURV
2024-09-30,rut,CURV
2024-12-31,rut,CURV
2025-03-31,rut,CURV
2025-06-30,rut,CURV
2025-09-30,rut,CURV
2025-12-31,rut,CURV
2026-03-31,rut,CURV
2026-06-30,rut,CURV
2026-09-30,rut,CURV
2021-06-30,rut,RSI
2021-09-30,rut,RSI
2021-12-31,rut,RSI
2022-03-31,rut,RSI
2022-06-30,rut,RSI
2022-09-30,rut,RSI
2022-12-31,rut,RSI
2023-03-31,rut,RSI
2023-06-30,rut,RSI
2023-09-30,rut,RSI
2023-12-31,rut,RSI
2024-03-31,rut,RSI
2024-06-30,rut,RSI
2024-09-30,rut,RSI
2024-12-31,rut,RSI
2025-03-31,rut,RSI
2025-06-30,rut,RSI
2025-09-30,rut,RSI
2025-12-31,rut,RSI
2026-03-31,rut,RSI
2026-06-30,rut,RSI
2026-06-30,sp600,RSI
2026-09-30,rut,RSI
2026-09-30,sp600,RSI
2023-06-30,sp400,GTM
2023-09-30,sp400,GTM
2023-12-31,sp400,GTM
2024-03-31,sp400,GTM
2024-06-30,sp400,GTM
2024-09-30,sp400,GTM
2024-12-31,sp400,GTM
2025-03-31,sp400,GTM
2025-06-30,sp400,GTM
2025-09-30,sp400,GTM
2025-12-31,sp400,GTM
2026-03-31,sp600,GTM
2026-06-30,rut,GTM
2026-06-30,sp600,GTM
2026-09-30,rut,GTM
2026-09-30,sp600,GTM
2024-12-31,sp400,FOUR
2025-03-31,sp400,FOUR
2025-06-30,sp400,FOUR
2025-09-30,sp400,FOUR
2025-12-31,sp400,FOUR
2026-03-31,sp400,FOUR
2026-06-30,sp400,FOUR
2026-09-30,sp400,FOUR
2020-09-30,rut,SLQT
2020-12-31,rut,SLQT
2021-03-31,rut,SLQT
2021-06-30,rut,SLQT
2021-06-30,sp600,SLQT
2021-09-30,rut,SLQT
2021-09-30,sp600,SLQT
2021-12-31,rut,SLQT
2021-12-31,sp600,SLQT
2022-03-31,rut,SLQT
2022-03-31,sp600,SLQT
2022-06-30,rut,SLQT
2022-06-30,sp600,SLQT
2022-09-30,rut,SLQT
2022-09-30,sp600,SLQT
2022-12-31,rut,SLQT
2023-03-31,rut,SLQT
2023-06-30,rut,SLQT
2023-09-30,rut,SLQT
2023-12-31,rut,SLQT
2024-03-31,rut,SLQT
2024-06-30,rut,SLQT
2024-09-30,rut,SLQT
2024-12-31,rut,SLQT
2025-03-31,rut,SLQT
2025-06-30,rut,SLQT
2025-09-30,rut,SLQT
2025-12-31,rut,SLQT
2026-03-31,rut,SLQT
2023-06-30,rut,SPHR
2023-09-30,rut,SPHR
2023-12-31,rut,SPHR
2024-03-31,rut,SPHR
2024-06-30,rut,SPHR
2024-09-30,rut,SPHR
2024-12-31,rut,SPHR
2025-03-31,rut,SPHR
2025-06-30,rut,SPHR
2025-09-30,rut,SPHR
2025-12-31,rut,SPHR
2026-03-31,rut,SPHR
2026-03-31,sp600,SPHR
2026-06-30,rut,SPHR
2026-06-30,sp600,SPHR
2026-09-30,rut,SPHR
2026-09-30,sp600,SPHR
2020-12-31,rut,STEP
2021-03-31,rut,STEP
2021-06-30,rut,STEP
2021-09-30,rut,STEP
2021-12-31,rut,STEP
2022-03-31,rut,STEP
2022-06-30,rut,STEP
2022-09-30,rut,STEP
2022-12-31,rut,STEP
2023-03-31,rut,STEP
2023-06-30,rut,STEP
2023-09-30,rut,STEP
2023-12-31,rut,STEP
2024-03-31,rut,STEP
2024-06-30,rut,STEP
2024-06-30,sp600,STEP
2024-09-30,rut,STEP
2024-09-30,sp600,STEP
2024-12-31,rut,STEP
2024-12-31,sp600,STEP
2025-03-31,rut,STEP
2025-03-31,sp600,STEP
2025-06-30,rut,STEP
2025-06-30,sp600,STEP
2025-09-30,rut,STEP
2025-09-30,sp600,STEP
2025-12-31,rut,STEP
2025-12-31,sp600,STEP
2026-03-31,rut,STEP
2026-03-31,sp600,STEP
2026-06-30,rut,STEP
2026-06-30,sp600,STEP
2026-09-30,rut,STEP
2026-09-30,sp600,STEP
2020-06-30,rut,APG
2020-09-30,rut,APG
2020-12-31,rut,APG
2021-03-31,rut,APG
2021-06-30,rut,APG
2021-09-30,rut,APG
2021-12-31,rut,APG
2022-03-31,rut,APG
2022-06-30,rut,APG
2022-09-30,rut,APG
2022-12-31,rut,APG
2023-03-31,rut,APG
2023-06-30,rut,APG
2023-09-30,rut,APG
2023-12-31,rut,APG
2024-03-31,rut,APG
2024-06-30,rut,APG
2025-06-30,sp400,APG
2025-09-30,sp400,APG
2025-12-31,sp400,APG
2026-03-31,sp400,APG
2026-06-30,sp400,APG
2026-09-30,sp400,APG
2020-09-30,rut,NTST
2020-12-31,rut,NTST
2021-03-31,rut,NTST
2021-06-30,rut,NTST
2021-09-30,rut,NTST
2021-12-31,rut,NTST
2022-03-31,rut,NTST
2022-06-30,rut,NTST
2022-09-30,rut,NTST
2022-12-31,rut,NTST
2023-03-31,rut,NTST
2023-06-30,rut,NTST
2023-09-30,rut,NTST
2023-12-31,rut,NTST
2024-03-31,rut,NTST
2024-06-30,rut,NTST
2024-09-30,rut,NTST
2024-12-31,rut,NTST
2025-03-31,rut,NTST
2025-06-30,rut,NTST
2025-09-30,rut,NTST
2025-12-31,rut,NTST
2026-03-31,rut,NTST
2026-06-30,rut,NTST
2026-06-30,sp600,NTST
2026-09-30,rut,NTST
2026-09-30,sp600,NTST
2024-06-30,sp600,PPLI
2024-09-30,sp600,PPLI
2024-12-31,sp600,PPLI
2025-03-31,sp600,PPLI
2025-06-30,sp600,PPLI
2025-09-30,sp600,PPLI
2025-12-31,sp600,PPLI
2026-03-31,sp600,PPLI
2026-06-30,sp600,PPLI
2026-09-30,sp600,PPLI
2026-06-30,rut,FROG
2026-09-30,rut,FROG
2023-06-30,rut,OPEN
2023-09-30,rut,OPEN
2023-12-31,rut,OPEN
2024-03-31,rut,OPEN
2024-06-30,rut,OPEN
2024-09-30,rut,OPEN
2024-12-31,rut,OPEN
2025-03-31,rut,OPEN
2026-06-30,rut,OPEN
2026-09-30,rut,OPEN
2022-06-30,rut,CLOV
2022-09-30,rut,CLOV
2022-12-31,rut,CLOV
2023-03-31,rut,CLOV
2025-06-30,rut,CLOV
2025-09-30,rut,CLOV
2025-12-31,rut,CLOV
2026-03-31,rut,CLOV
2026-06-30,rut,CLOV
2026-09-30,rut,CLOV
2026-09-30,sp400,MP
2020-12-31,rut,HRMY
2021-03-31,rut,HRMY
2021-06-30,rut,HRMY
2021-09-30,rut,HRMY
2021-12-31,rut,HRMY
2021-12-31,sp600,HRMY
2022-03-31,rut,HRMY
2022-03-31,sp600,HRMY
2022-06-30,rut,HRMY
2022-06-30,sp600,HRMY
2022-09-30,rut,HRMY
2022-09-30,sp600,HRMY
2022-12-31,rut,HRMY
2022-12-31,sp600,HRMY
2023-03-31,rut,HRMY
2023-03-31,sp600,HRMY
2023-06-30,rut,HRMY
2023-06-30,sp600,HRMY
2023-09-30,rut,HRMY
2023-09-30,sp600,HRMY
2023-12-31,rut,HRMY
2023-12-31,sp600,HRMY
2024-03-31,rut,HRMY
2024-03-31,sp600,HRMY
2024-06-30,rut,HRMY
2024-06-30,sp600,HRMY
2024-09-30,rut,HRMY
2024-09-30,sp600,HRMY
2024-12-31,rut,HRMY
2024-12-31,sp600,HRMY
2025-03-31,rut,HRMY
2025-03-31,sp600,HRMY
2025-06-30,rut,HRMY
2025-06-30,sp600,HRMY
2025-09-30,rut,HRMY
2025-09-30,sp600,HRMY
2025-12-31,rut,HRMY
2025-12-31,sp600,HRMY
2026-03-31,rut,HRMY
2026-03-31,sp600,HRMY
2026-06-30,rut,HRMY
2026-06-30,sp600,HRMY
2026-09-30,rut,HRMY
2026-09-30,sp600,HRMY
2020-12-31,rut,AVO
2021-03-31,rut,AVO
2021-06-30,rut,AVO
2021-09-30,rut,AVO
2021-12-31,rut,AVO
2022-03-31,rut,AVO
2022-06-30,rut,AVO
2022-09-30,rut,AVO
2022-12-31,rut,AVO
2023-03-31,rut,AVO
2023-06-30,rut,AVO
2023-09-30,rut,AVO
2023-12-31,rut,AVO
2024-03-31,rut,AVO
2024-06-30,rut,AVO
2024-09-30,rut,AVO
2024-12-31,rut,AVO
2025-03-31,rut,AVO
2025-06-30,rut,AVO
2025-09-30,rut,AVO
2025-12-31,rut,AVO
2026-03-31,rut,AVO
2026-06-30,rut,AVO
2026-09-30,rut,AVO
2020-12-31,sp400,CNXC
2021-03-31,sp400,CNXC
2021-06-30,sp400,CNXC
2021-09-30,sp400,CNXC
2021-12-31,sp400,CNXC
2022-03-31,sp400,CNXC
2022-06-30,sp400,CNXC
2022-09-30,sp400,CNXC
2022-12-31,sp400,CNXC
2023-03-31,sp400,CNXC
2023-06-30,sp400,CNXC
2023-09-30,sp400,CNXC
2023-12-31,sp400,CNXC
2024-03-31,sp400,CNXC
2024-06-30,sp400,CNXC
2024-09-30,sp400,CNXC
2024-12-31,sp400,CNXC
2025-03-31,sp400,CNXC
2025-06-30,sp400,CNXC
2025-09-30,sp400,CNXC
2025-12-31,sp400,CNXC
2026-03-31,sp400,CNXC
2026-06-30,rut,CNXC
2026-06-30,sp600,CNXC
2026-09-30,rut,CNXC
2026-09-30,sp600,CNXC
2022-12-31,rut,ADEA
2022-12-31,sp600,ADEA
2023-03-31,rut,ADEA
2023-03-31,sp600,ADEA
2023-06-30,rut,ADEA
2023-06-30,sp600,ADEA
2023-09-30,rut,ADEA
2023-09-30,sp600,ADEA
2023-12-31,rut,ADEA
2023-12-31,sp600,ADEA
2024-03-31,rut,ADEA
2024-03-31,sp600,ADEA
2024-06-30,rut,ADEA
2024-06-30,sp600,ADEA
2024-09-30,rut,ADEA
2024-09-30,sp600,ADEA
2024-12-31,rut,ADEA
2024-12-31,sp600,ADEA
2025-03-31,rut,ADEA
2025-03-31,sp600,ADEA
2025-06-30,rut,ADEA
2025-06-30,sp600,ADEA
2025-09-30,rut,ADEA
2025-09-30,sp600,ADEA
2025-12-31,rut,ADEA
2025-12-31,sp600,ADEA
2026-03-31,rut,ADEA
2026-03-31,sp600,ADEA
2026-06-30,rut,ADEA
2026-06-30,sp600,ADEA
2026-09-30,rut,ADEA
2026-09-30,sp600,ADEA
2024-09-30,rut,DRVN
2024-12-31,rut,DRVN
2025-03-31,rut,DRVN
2025-06-30,rut,DRVN
2025-09-30,rut,DRVN
2025-12-31,rut,DRVN
2026-03-31,rut,DRVN
2026-06-30,rut,DRVN
2026-09-30,rut,DRVN
2021-06-30,rut,EOSE
2021-09-30,rut,EOSE
2021-12-31,rut,EOSE
2022-03-31,rut,EOSE
2023-06-30,rut,EOSE
2023-09-30,rut,EOSE
2023-12-31,rut,EOSE
2024-03-31,rut,EOSE
2024-06-30,rut,EOSE
2025-06-30,rut,EOSE
2025-09-30,rut,EOSE
2025-12-31,rut,EOSE
2026-03-31,rut,EOSE
2026-06-30,rut,EOSE
2026-09-30,rut,EOSE
2022-06-30,rut,EVLV
2022-09-30,rut,EVLV
2022-12-31,rut,EVLV
2023-03-31,rut,EVLV
2023-06-30,rut,EVLV
2023-09-30,rut,EVLV
2023-12-31,rut,EVLV
2024-03-31,rut,EVLV
2024-06-30,rut,EVLV
2024-09-30,rut,EVLV
2024-12-31,rut,EVLV
2025-03-31,rut,EVLV
2025-06-30,rut,EVLV
2025-09-30,rut,EVLV
2025-12-31,rut,EVLV
2026-03-31,rut,EVLV
2026-06-30,rut,EVLV
2026-09-30,rut,EVLV
2023-06-30,rut,WEST
2023-09-30,rut,WEST
2023-12-31,rut,WEST
2024-03-31,rut,WEST
2024-06-30,rut,WEST
2024-09-30,rut,WEST
2024-12-31,rut,WEST
2025-03-31,rut,WEST
2025-06-30,rut,WEST
2025-09-30,rut,WEST
2025-12-31,rut,WEST
2026-03-31,rut,WEST
2026-06-30,rut,WEST
2026-09-30,rut,WEST
2024-09-30,rut,VERX
2024-12-31,rut,VERX
2025-03-31,rut,VERX
2025-06-30,rut,VERX
2025-09-30,rut,VERX
2025-12-31,rut,VERX
2026-03-31,rut,VERX
2026-06-30,rut,VERX
2026-09-30,rut,VERX
2025-06-30,rut,CRDO
2025-09-30,rut,CRDO
2025-12-31,rut,CRDO
2020-12-31,rut,PRG
2020-12-31,sp400,PRG
2021-03-31,rut,PRG
2021-03-31,sp400,PRG
2021-06-30,rut,PRG
2021-06-30,sp400,PRG
2021-09-30,rut,PRG
2021-09-30,sp400,PRG
2021-12-31,rut,PRG
2021-12-31,sp400,PRG
2022-03-31,rut,PRG
2022-03-31,sp400,PRG
2022-06-30,rut,PRG
2022-06-30,sp600,PRG
2022-09-30,rut,PRG
2022-09-30,sp600,PRG
2022-12-31,rut,PRG
2022-12-31,sp600,PRG
2023-03-31,rut,PRG
2023-03-31,sp600,PRG
2023-06-30,rut,PRG
2023-06-30,sp600,PRG
2023-09-30,rut,PRG
2023-09-30,sp600,PRG
2023-12-31,rut,PRG
2023-12-31,sp600,PRG
2024-03-31,rut,PRG
2024-03-31,sp600,PRG
2024-06-30,rut,PRG
2024-06-30,sp600,PRG
2024-09-30,rut,PRG
2024-09-30,sp600,PRG
2024-12-31,rut,PRG
2024-12-31,sp600,PRG
2025-03-31,rut,PRG
2025-03-31,sp600,PRG
2025-06-30,rut,PRG
2025-06-30,sp600,PRG
2025-09-30,rut,PRG
2025-09-30,sp600,PRG
2025-12-31,rut,PRG
2025-12-31,sp600,PRG
2026-03-31,rut,PRG
2026-03-31,sp600,PRG
2026-06-30,rut,PRG
2026-06-30,sp600,PRG
2026-09-30,rut,PRG
2026-09-30,sp600,PRG
2022-06-30,rut,MIR
2022-09-30,rut,MIR
2022-12-31,rut,MIR
2023-03-31,rut,MIR
2023-06-30,rut,MIR
2023-09-30,rut,MIR
2023-12-31,rut,MIR
2024-03-31,rut,MIR
2024-06-30,rut,MIR
2024-09-30,rut,MIR
2024-12-31,rut,MIR
2025-03-31,rut,MIR
2025-06-30,rut,MIR
2025-09-30,rut,MIR
2025-09-30,sp600,MIR
2025-12-31,rut,MIR
2025-12-31,sp600,MIR
2026-03-31,rut,MIR
2026-03-31,sp600,MIR
2026-06-30,rut,MIR
2026-06-30,sp600,MIR
2026-09-30,rut,MIR
2026-09-30,sp600,MIR
2020-09-30,rut,RXT
2020-12-31,rut,RXT
2021-03-31,rut,RXT
2021-06-30,rut,RXT
2021-09-30,rut,RXT
2021-12-31,rut,RXT
2022-03-31,rut,RXT
2022-06-30,rut,RXT
2022-09-30,rut,RXT
2022-12-31,rut,RXT
2023-03-31,rut,RXT
2023-06-30,rut,RXT
2023-09-30,rut,RXT
2023-12-31,rut,RXT
2024-03-31,rut,RXT
2024-06-30,rut,RXT
2024-09-30,rut,RXT
2024-12-31,rut,RXT
2025-03-31,rut,RXT
2025-06-30,rut,RXT
2025-09-30,rut,RXT
2025-12-31,rut,RXT
2026-03-31,rut,RXT
2026-06-30,rut,RXT
2026-09-30,rut,RXT
2020-12-31,rut,EBC
2021-03-31,rut,EBC
2021-06-30,rut,EBC
2021-09-30,rut,EBC
2021-12-31,rut,EBC
2022-03-31,rut,EBC
2022-06-30,rut,EBC
2022-09-30,rut,EBC
2022-12-31,rut,EBC
2023-03-31,rut,EBC
2023-06-30,rut,EBC
2023-09-30,rut,EBC
2023-12-31,rut,EBC
2024-03-31,rut,EBC
2024-06-30,rut,EBC
2024-09-30,rut,EBC
2024-12-31,rut,EBC
2025-03-31,rut,EBC
2025-06-30,rut,EBC
2025-09-30,rut,EBC
2025-12-31,rut,EBC
2026-03-31,rut,EBC
2026-06-30,rut,EBC
2026-06-30,sp600,EBC
2026-09-30,rut,EBC
2026-09-30,sp600,EBC
2026-06-30,rut,LCID
2026-09-30,rut,LCID
2020-12-31,rut,KYMR
2021-03-31,rut,KYMR
2021-06-30,rut,KYMR
2021-09-30,rut,KYMR
2021-12-31,rut,KYMR
2022-03-31,rut,KYMR
2022-06-30,rut,KYMR
2022-09-30,rut,KYMR
2022-12-31,rut,KYMR
2023-03-31,rut,KYMR
2023-06-30,rut,KYMR
2023-09-30,rut,KYMR
2023-12-31,rut,KYMR
2024-03-31,rut,KYMR
2024-06-30,rut,KYMR
2024-09-30,rut,KYMR
2024-12-31,rut,KYMR
2025-03-31,rut,KYMR
2025-06-30,rut,KYMR
2025-09-30,rut,KYMR
2025-12-31,rut,KYMR
2026-03-31,rut,KYMR
2026-06-30,rut,KYMR
2026-09-30,rut,KYMR
2021-06-30,rut,OUST
2021-09-30,rut,OUST
2021-12-31,rut,OUST
2022-03-31,rut,OUST
2022-06-30,rut,OUST
2022-09-30,rut,OUST
2022-12-31,rut,OUST
2023-03-31,rut,OUST
2024-09-30,rut,OUST
2024-12-31,rut,OUST
2025-03-31,rut,OUST
2025-06-30,rut,OUST
2025-09-30,rut,OUST
2025-12-31,rut,OUST
2026-03-31,rut,OUST
2026-06-30,rut,OUST
2026-09-30,rut,OUST
2020-12-31,rut,ASO
2021-03-31,rut,ASO
2021-06-30,rut,ASO
2021-09-30,rut,ASO
2021-12-31,rut,ASO
2022-03-31,rut,ASO
2022-03-31,sp600,ASO
2022-06-30,rut,ASO
2022-06-30,sp600,ASO
2022-09-30,rut,ASO
2022-09-30,sp600,ASO
2022-12-31,rut,ASO
2022-12-31,sp600,ASO
2023-03-31,rut,ASO
2023-03-31,sp600,ASO
2023-06-30,rut,ASO
2023-06-30,sp600,ASO
2023-09-30,rut,ASO
2023-09-30,sp600,ASO
2023-12-31,rut,ASO
2023-12-31,sp600,ASO
2024-03-31,rut,ASO
2024-03-31,sp600,ASO
2024-06-30,rut,ASO
2024-06-30,sp600,ASO
2024-09-30,rut,ASO
2024-09-30,sp600,ASO
2024-12-31,rut,ASO
2024-12-31,sp600,ASO
2025-03-31,rut,ASO
2025-03-31,sp600,ASO
2025-06-30,rut,ASO
2025-06-30,sp600,ASO
2025-09-30,rut,ASO
2025-09-30,sp600,ASO
2025-12-31,rut,ASO
2025-12-31,sp600,ASO
2026-03-31,rut,ASO
2026-03-31,sp600,ASO
2026-06-30,rut,ASO
2026-06-30,sp600,ASO
2026-09-30,rut,ASO
2026-09-30,sp600,ASO
2021-09-30,rut,JANX
2021-12-31,rut,JANX
2022-03-31,rut,JANX
2022-06-30,rut,JANX
2022-09-30,rut,JANX
2022-12-31,rut,JANX
2023-03-31,rut,JANX
2023-06-30,rut,JANX
2023-09-30,rut,JANX
2023-12-31,rut,JANX
2024-03-31,rut,JANX
2024-06-30,rut,JANX
2024-09-30,rut,JANX
2024-12-31,rut,JANX
2025-03-31,rut,JANX
2025-06-30,rut,JANX
2025-09-30,rut,JANX
2025-12-31,rut,JANX
2026-03-31,rut,JANX
2026-06-30,rut,JANX
2026-09-30,rut,JANX
2022-06-30,rut,WGS
2022-09-30,rut,WGS
2022-12-31,rut,WGS
2023-03-31,rut,WGS
2024-09-30,rut,WGS
2024-12-31,rut,WGS
2025-03-31,rut,WGS
2025-06-30,rut,WGS
2025-09-30,rut,WGS
2025-12-31,rut,WGS
2026-03-31,rut,WGS
2026-06-30,rut,WGS
2026-09-30,rut,WGS
2020-12-31,rut,MAX
2021-03-31,rut,MAX
2021-06-30,rut,MAX
2021-09-30,rut,MAX
2021-12-31,rut,MAX
2022-03-31,rut,MAX
2022-06-30,rut,MAX
2022-09-30,rut,MAX
2022-12-31,rut,MAX
2023-03-31,rut,MAX
2023-06-30,rut,MAX
2023-09-30,rut,MAX
2023-12-31,rut,MAX
2024-03-31,rut,MAX
2024-06-30,rut,MAX
2024-09-30,rut,MAX
2024-12-31,rut,MAX
2025-03-31,rut,MAX
2025-06-30,rut,MAX
2025-09-30,rut,MAX
2025-12-31,rut,MAX
2026-03-31,rut,MAX
2026-06-30,rut,MAX
2026-09-30,rut,MAX
2019-12-31,rut,LQDA
2020-03-31,rut,LQDA
2020-06-30,rut,LQDA
2020-09-30,rut,LQDA
2020-12-31,rut,LQDA
2021-03-31,rut,LQDA
2022-06-30,rut,LQDA
2022-09-30,rut,LQDA
2022-12-31,rut,LQDA
2023-03-31,rut,LQDA
2023-06-30,rut,LQDA
2023-09-30,rut,LQDA
2023-12-31,rut,LQDA
2024-03-31,rut,LQDA
2024-06-30,rut,LQDA
2024-09-30,rut,LQDA
2024-12-31,rut,LQDA
2025-03-31,rut,LQDA
2025-06-30,rut,LQDA
2025-09-30,rut,LQDA
2025-12-31,rut,LQDA
2026-03-31,rut,LQDA
2026-06-30,rut,LQDA
2026-06-30,sp600,LQDA
2026-09-30,rut,LQDA
2026-09-30,sp600,LQDA
2020-12-31,rut,TARS
2021-03-31,rut,TARS
2021-06-30,rut,TARS
2021-09-30,rut,TARS
2021-12-31,rut,TARS
2022-03-31,rut,TARS
2022-06-30,rut,TARS
2022-09-30,rut,TARS
2022-12-31,rut,TARS
2023-03-31,rut,TARS
2023-06-30,rut,TARS
2023-09-30,rut,TARS
2023-12-31,rut,TARS
2024-03-31,rut,TARS
2024-06-30,rut,TARS
2024-09-30,rut,TARS
2024-12-31,rut,TARS
2025-03-31,rut,TARS
2025-06-30,rut,TARS
2025-09-30,rut,TARS
2025-12-31,rut,TARS
2026-03-31,rut,TARS
2026-06-30,rut,TARS
2026-09-30,rut,TARS
2022-06-30,rut,RDW
2022-09-30,rut,RDW
2022-12-31,rut,RDW
2023-03-31,rut,RDW
2023-06-30,rut,RDW
2023-09-30,rut,RDW
2023-12-31,rut,RDW
2024-03-31,rut,RDW
2024-06-30,rut,RDW
2024-09-30,rut,RDW
2024-12-31,rut,RDW
2025-03-31,rut,RDW
2025-06-30,rut,RDW
2025-09-30,rut,RDW
2025-12-31,rut,RDW
2026-03-31,rut,RDW
2026-06-30,rut,RDW
2026-09-30,rut,RDW
2023-03-31,sp600,DV
2023-06-30,sp600,DV
2023-09-30,sp600,DV
2023-12-31,sp600,DV
2024-03-31,sp600,DV
2024-06-30,sp600,DV
2024-09-30,sp600,DV
2024-12-31,sp600,DV
2025-03-31,sp600,DV
2025-06-30,sp600,DV
2025-09-30,sp600,DV
2025-12-31,sp600,DV
2026-03-31,sp600,DV
2026-06-30,rut,DV
2026-06-30,sp600,DV
2026-09-30,rut,DV
2026-09-30,sp600,DV
2022-06-30,rut,CIFR
2022-09-30,rut,CIFR
2022-12-31,rut,CIFR
2023-03-31,rut,CIFR
2023-06-30,rut,CIFR
2023-09-30,rut,CIFR
2023-12-31,rut,CIFR
2024-03-31,rut,CIFR
2024-06-30,rut,CIFR
2024-09-30,rut,CIFR
2024-12-31,rut,CIFR
2025-03-31,rut,CIFR
2025-06-30,rut,CIFR
2025-09-30,rut,CIFR
2025-12-31,rut,CIFR
2026-03-31,rut,CIFR
2026-06-30,rut,CIFR
2026-09-30,rut,CIFR
2023-06-30,rut,GRND
2023-09-30,rut,GRND
2023-12-31,rut,GRND
2024-03-31,rut,GRND
2024-06-30,rut,GRND
2024-09-30,rut,GRND
2024-12-31,rut,GRND
2025-03-31,rut,GRND
2025-06-30,rut,GRND
2025-09-30,rut,GRND
2025-12-31,rut,GRND
2026-03-31,rut,GRND
2026-06-30,rut,GRND
2026-09-30,rut,GRND
2022-06-30,rut,BKKT
2022-09-30,rut,BKKT
2022-12-31,rut,BKKT
2023-03-31,rut,BKKT
2023-06-30,rut,BKKT
2023-09-30,rut,BKKT
2023-12-31,rut,BKKT
2024-03-31,rut,BKKT
2024-06-30,rut,BKKT
2025-06-30,rut,BKKT
2025-09-30,rut,BKKT
2025-12-31,rut,BKKT
2026-03-31,rut,BKKT
2026-06-30,rut,BKKT
2026-09-30,rut,BKKT
2021-06-30,rut,ARRY
2021-09-30,rut,ARRY
2021-12-31,rut,ARRY
2022-03-31,rut,ARRY
2022-06-30,rut,ARRY
2022-09-30,rut,ARRY
2022-12-31,rut,ARRY
2023-03-31,rut,ARRY
2023-06-30,rut,ARRY
2023-09-30,rut,ARRY
2023-12-31,rut,ARRY
2024-03-31,rut,ARRY
2024-06-30,rut,ARRY
2024-09-30,rut,ARRY
2024-12-31,rut,ARRY
2025-03-31,rut,ARRY
2025-06-30,rut,ARRY
2025-09-30,rut,ARRY
2025-12-31,rut,ARRY
2026-03-31,rut,ARRY
2026-06-30,rut,ARRY
2026-09-30,rut,ARRY
2026-09-30,rut,GBTG
2023-06-30,rut,NVTS
2023-09-30,rut,NVTS
2023-12-31,rut,NVTS
2024-03-31,rut,NVTS
2024-06-30,rut,NVTS
2024-09-30,rut,NVTS
2024-12-31,rut,NVTS
2025-03-31,rut,NVTS
2025-06-30,rut,NVTS
2025-09-30,rut,NVTS
2025-12-31,rut,NVTS
2026-03-31,rut,NVTS
2026-06-30,rut,NVTS
2026-09-30,rut,NVTS
2022-09-30,sp600,LESL
2022-12-31,sp600,LESL
2023-03-31,sp600,LESL
2023-06-30,rut,LESL
2023-06-30,sp600,LESL
2023-09-30,rut,LESL
2023-09-30,sp600,LESL
2023-12-31,rut,LESL
2023-12-31,sp600,LESL
2024-03-31,rut,LESL
2024-03-31,sp600,LESL
2024-06-30,rut,LESL
2024-06-30,sp600,LESL
2024-09-30,rut,LESL
2024-09-30,sp600,LESL
2024-12-31,rut,LESL
2024-12-31,sp600,LESL
2025-03-31,rut,LESL
2025-06-30,rut,LESL
2026-09-30,sp600,OGN
2022-06-30,sp400,SHC
2022-09-30,sp400,SHC
2022-12-31,sp400,SHC
2023-03-31,sp400,SHC
2023-06-30,sp400,SHC
2023-09-30,sp400,SHC
2023-12-31,sp400,SHC
2024-03-31,sp400,SHC
2024-06-30,sp400,SHC
2024-09-30,sp400,SHC
2024-12-31,sp400,SHC
2025-03-31,sp400,SHC
2025-06-30,sp400,SHC
2025-09-30,sp400,SHC
2025-12-31,sp400,SHC
2026-03-31,sp400,SHC
2026-06-30,sp400,SHC
2026-09-30,sp400,SHC
2022-06-30,rut,HLMN
2022-09-30,rut,HLMN
2022-12-31,rut,HLMN
2023-03-31,rut,HLMN
2023-06-30,rut,HLMN
2023-09-30,rut,HLMN
2023-12-31,rut,HLMN
2024-03-31,rut,HLMN
2024-06-30,rut,HLMN
2024-09-30,rut,HLMN
2024-12-31,rut,HLMN
2025-03-31,rut,HLMN
2025-06-30,rut,HLMN
2025-09-30,rut,HLMN
2025-12-31,rut,HLMN
2026-03-31,rut,HLMN
2026-06-30,rut,HLMN
2026-09-30,rut,HLMN
2022-06-30,rut,SMR
2022-09-30,rut,SMR
2022-12-31,rut,SMR
2023-03-31,rut,SMR
2023-06-30,rut,SMR
2023-09-30,rut,SMR
2023-12-31,rut,SMR
2024-03-31,rut,SMR
2024-06-30,rut,SMR
2024-09-30,rut,SMR
2024-12-31,rut,SMR
2025-03-31,rut,SMR
2025-06-30,rut,SMR
2025-09-30,rut,SMR
2025-12-31,rut,SMR
2026-03-31,rut,SMR
2026-06-30,rut,SMR
2026-09-30,rut,SMR
2022-06-30,rut,JXN
2022-09-30,rut,JXN
2022-12-31,rut,JXN
2023-03-31,rut,JXN
2023-06-30,rut,JXN
2023-09-30,rut,JXN
2023-09-30,sp600,JXN
2023-12-31,rut,JXN
2023-12-31,sp600,JXN
2024-03-31,rut,JXN
2024-03-31,sp600,JXN
2024-06-30,rut,JXN
2024-06-30,sp600,JXN
2024-09-30,rut,JXN
2024-09-30,sp600,JXN
2024-12-31,rut,JXN
2024-12-31,sp600,JXN
2025-03-31,rut,JXN
2025-03-31,sp600,JXN
2025-06-30,rut,JXN
2025-06-30,sp600,JXN
2025-09-30,rut,JXN
2025-09-30,sp600,JXN
2025-12-31,rut,JXN
2025-12-31,sp600,JXN
2026-03-31,rut,JXN
2026-03-31,sp600,JXN
2026-06-30,rut,JXN
2026-06-30,sp600,JXN
2026-09-30,rut,JXN
2026-09-30,sp600,JXN
2022-06-30,rut,ACT
2022-09-30,rut,ACT
2022-12-31,rut,ACT
2023-03-31,rut,ACT
2023-06-30,rut,ACT
2023-09-30,rut,ACT
2023-12-31,rut,ACT
2024-03-31,rut,ACT
2024-06-30,rut,ACT
2024-09-30,rut,ACT
2024-12-31,rut,ACT
2025-03-31,rut,ACT
2025-06-30,rut,ACT
2025-06-30,sp600,ACT
2025-09-30,rut,ACT
2025-09-30,sp600,ACT
2025-12-31,rut,ACT
2025-12-31,sp600,ACT
2026-03-31,rut,ACT
2026-03-31,sp600,ACT
2026-06-30,rut,ACT
2026-06-30,sp600,ACT
2026-09-30,rut,ACT
2026-09-30,sp600,ACT
2021-03-31,rut,AMAL
2021-06-30,rut,AMAL
2021-09-30,rut,AMAL
2021-12-31,rut,AMAL
2022-03-31,rut,AMAL
2022-06-30,rut,AMAL
2022-09-30,rut,AMAL
2022-12-31,rut,AMAL
2023-03-31,rut,AMAL
2023-06-30,rut,AMAL
2023-09-30,rut,AMAL
2023-12-31,rut,AMAL
2024-03-31,rut,AMAL
2024-06-30,rut,AMAL
2024-09-30,rut,AMAL
2024-12-31,rut,AMAL
2025-03-31,rut,AMAL
2025-06-30,rut,AMAL
2025-09-30,rut,AMAL
2025-12-31,rut,AMAL
2026-03-31,rut,AMAL
2026-06-30,rut,AMAL
2026-09-30,rut,AMAL
2021-06-30,rut,ARKO
2021-09-30,rut,ARKO
2021-12-31,rut,ARKO
2022-03-31,rut,ARKO
2022-06-30,rut,ARKO
2022-09-30,rut,ARKO
2022-12-31,rut,ARKO
2023-03-31,rut,ARKO
2023-06-30,rut,ARKO
2023-09-30,rut,ARKO
2023-12-31,rut,ARKO
2024-03-31,rut,ARKO
2024-06-30,rut,ARKO
2024-09-30,rut,ARKO
2024-12-31,rut,ARKO
2025-03-31,rut,ARKO
2025-06-30,rut,ARKO
2025-09-30,rut,ARKO
2025-12-31,rut,ARKO
2026-03-31,rut,ARKO
2026-06-30,rut,ARKO
2026-09-30,rut,ARKO
2022-06-30,rut,IONQ
2022-09-30,rut,IONQ
2022-12-31,rut,IONQ
2023-03-31,rut,IONQ
2023-06-30,rut,IONQ
2023-09-30,rut,IONQ
2023-12-31,rut,IONQ
2024-03-31,rut,IONQ
2024-06-30,rut,IONQ
2024-09-30,rut,IONQ
2024-12-31,rut,IONQ
2025-03-31,rut,IONQ
2025-06-30,rut,IONQ
2025-09-30,rut,IONQ
2025-12-31,rut,IONQ
2026-03-31,rut,IONQ
2022-06-30,rut,DFH
2022-09-30,rut,DFH
2022-12-31,rut,DFH
2023-03-31,rut,DFH
2023-06-30,rut,DFH
2023-09-30,rut,DFH
2023-12-31,rut,DFH
2024-03-31,rut,DFH
2024-06-30,rut,DFH
2024-09-30,rut,DFH
2024-12-31,rut,DFH
2024-12-31,sp600,DFH
2025-03-31,rut,DFH
2025-03-31,sp600,DFH
2025-06-30,rut,DFH
2025-06-30,sp600,DFH
2025-09-30,rut,DFH
2025-09-30,sp600,DFH
2025-12-31,rut,DFH
2025-12-31,sp600,DFH
2026-03-31,rut,DFH
2026-03-31,sp600,DFH
2026-06-30,rut,DFH
2026-06-30,sp600,DFH
2026-09-30,rut,DFH
2026-09-30,sp600,DFH
2026-09-30,rut,WOOF
2023-03-31,sp600,CERT
2023-06-30,sp600,CERT
2023-09-30,sp600,CERT
2023-12-31,sp600,CERT
2024-03-31,sp600,CERT
2024-06-30,sp600,CERT
2024-09-30,sp600,CERT
2024-12-31,sp600,CERT
2025-03-31,sp600,CERT
2025-06-30,sp600,CERT
2025-09-30,sp600,CERT
2025-12-31,sp600,CERT
2026-03-31,sp600,CERT
2026-06-30,rut,CERT
2026-06-30,sp600,CERT
2026-09-30,rut,CERT
2026-09-30,sp600,CERT
2025-06-30,rut,PLTK
2025-09-30,rut,PLTK
2025-12-31,rut,PLTK
2026-03-31,rut,PLTK
2026-06-30,rut,PLTK
2026-09-30,rut,PLTK
2022-06-30,rut,ENVX
2022-09-30,rut,ENVX
2022-12-31,rut,ENVX
2023-03-31,rut,ENVX
2023-06-30,rut,ENVX
2023-09-30,rut,ENVX
2023-12-31,rut,ENVX
2024-03-31,rut,ENVX
2024-06-30,rut,ENVX
2024-09-30,rut,ENVX
2024-12-31,rut,ENVX
2025-03-31,rut,ENVX
2025-06-30,rut,ENVX
2025-09-30,rut,ENVX
2025-12-31,rut,ENVX
2026-03-31,rut,ENVX
2026-06-30,rut,ENVX
2026-09-30,rut,ENVX
2026-09-30,rut,FOA
2025-06-30,rut,RUM
2025-09-30,rut,RUM
2025-12-31,rut,RUM
2026-03-31,rut,RUM
2026-06-30,rut,RUM
2026-09-30,rut,RUM
2024-09-30,rut,AGL
2024-12-31,rut,AGL
2025-03-31,rut,AGL
2025-06-30,rut,AGL
2025-09-30,rut,AGL
2025-12-31,rut,AGL
2026-03-31,rut,AGL
2026-06-30,rut,AGL
2026-09-30,rut,AGL
2025-06-30,rut,LDI
2025-09-30,rut,LDI
2025-12-31,rut,LDI
2026-03-31,rut,LDI
2026-06-30,rut,LDI
2026-09-30,rut,LDI
2021-06-30,rut,AVAH
2021-09-30,rut,AVAH
2021-12-31,rut,AVAH
2022-03-31,rut,AVAH
2022-06-30,rut,AVAH
2022-09-30,rut,AVAH
2022-12-31,rut,AVAH
2023-03-31,rut,AVAH
2023-06-30,rut,AVAH
2023-09-30,rut,AVAH
2023-12-31,rut,AVAH
2024-03-31,rut,AVAH
2024-06-30,rut,AVAH
2024-09-30,rut,AVAH
2024-12-31,rut,AVAH
2025-03-31,rut,AVAH
2025-06-30,rut,AVAH
2025-09-30,rut,AVAH
2025-12-31,rut,AVAH
2026-03-31,rut,AVAH
2026-06-30,rut,AVAH
2026-09-30,rut,AVAH
2021-06-30,rut,ALHC
2021-09-30,rut,ALHC
2021-12-31,rut,ALHC
2022-03-31,rut,ALHC
2022-06-30,rut,ALHC
2022-09-30,rut,ALHC
2022-12-31,rut,ALHC
2023-03-31,rut,ALHC
2023-06-30,rut,ALHC
2023-09-30,rut,ALHC
2023-12-31,rut,ALHC
2024-03-31,rut,ALHC
2024-06-30,rut,ALHC
2024-09-30,rut,ALHC
2024-12-31,rut,ALHC
2025-03-31,rut,ALHC
2025-06-30,rut,ALHC
2025-09-30,rut,ALHC
2025-12-31,rut,ALHC
2026-03-31,rut,ALHC
2026-06-30,rut,ALHC
2026-06-30,sp600,ALHC
2026-09-30,rut,ALHC
2026-09-30,sp600,ALHC
2022-06-30,rut,PIII
2022-09-30,rut,PIII
2022-12-31,rut,PIII
2023-03-31,rut,PIII
2023-06-30,rut,PIII
2023-09-30,rut,PIII
2023-12-31,rut,PIII
2024-03-31,rut,PIII
2024-06-30,rut,PIII
2023-06-30,rut,DRS
2023-09-30,rut,DRS
2023-12-31,rut,DRS
2024-03-31,rut,DRS
2024-06-30,rut,DRS
2024-09-30,rut,DRS
2024-12-31,rut,DRS
2025-03-31,rut,DRS
2023-09-30,sp600,HAYW
2023-12-31,sp600,HAYW
2024-03-31,sp600,HAYW
2024-06-30,sp600,HAYW
2024-09-30,sp600,HAYW
2024-12-31,sp600,HAYW
2025-03-31,sp600,HAYW
2025-06-30,sp600,HAYW
2025-09-30,sp600,HAYW
2025-12-31,sp600,HAYW
2026-03-31,sp600,HAYW
2026-06-30,sp600,HAYW
2026-09-30,sp600,HAYW
2022-06-30,rut,PL
2022-09-30,rut,PL
2022-12-31,rut,PL
2023-03-31,rut,PL
2023-06-30,rut,PL
2023-09-30,rut,PL
2023-12-31,rut,PL
2024-03-31,rut,PL
2024-06-30,rut,PL
2024-09-30,rut,PL
2024-12-31,rut,PL
2025-03-31,rut,PL
2025-06-30,rut,PL
2025-09-30,rut,PL
2025-12-31,rut,PL
2026-03-31,rut,PL
2023-06-30,rut,BBAI
2023-09-30,rut,BBAI
2023-12-31,rut,BBAI
2024-03-31,rut,BBAI
2024-06-30,rut,BBAI
2024-09-30,rut,BBAI
2024-12-31,rut,BBAI
2025-03-31,rut,BBAI
2025-06-30,rut,BBAI
2025-09-30,rut,BBAI
2025-12-31,rut,BBAI
2026-03-31,rut,BBAI
2026-06-30,rut,BBAI
2026-09-30,rut,BBAI
2022-06-30,rut,RGTI
2022-09-30,rut,RGTI
2022-12-31,rut,RGTI
2023-03-31,rut,RGTI
2024-09-30,rut,RGTI
2024-12-31,rut,RGTI
2025-03-31,rut,RGTI
2025-06-30,rut,RGTI
2025-09-30,rut,RGTI
2025-12-31,rut,RGTI
2026-03-31,rut,RGTI
2026-06-30,rut,RGTI
2026-09-30,rut,RGTI
2024-12-31,rut,BKV
2025-03-31,rut,BKV
2025-06-30,rut,BKV
2025-09-30,rut,BKV
2025-12-31,rut,BKV
2026-03-31,rut,BKV
2026-06-30,rut,BKV
2026-09-30,rut,BKV
2022-06-30,rut,CORZ
2022-09-30,rut,CORZ
2024-09-30,rut,CORZ
2024-12-31,rut,CORZ
2025-03-31,rut,CORZ
2025-06-30,rut,CORZ
2025-09-30,rut,CORZ
2025-12-31,rut,CORZ
2026-03-31,rut,CORZ
2026-06-30,rut,CORZ
2026-09-30,rut,CORZ
2022-06-30,rut,JBI
2022-09-30,rut,JBI
2022-12-31,rut,JBI
2023-03-31,rut,JBI
2023-06-30,rut,JBI
2023-09-30,rut,JBI
2023-12-31,rut,JBI
2024-03-31,rut,JBI
2024-06-30,rut,JBI
2024-09-30,rut,JBI
2024-12-31,rut,JBI
2025-03-31,rut,JBI
2025-06-30,rut,JBI
2025-09-30,rut,JBI
2025-12-31,rut,JBI
2026-03-31,rut,JBI
2026-06-30,rut,JBI
2026-09-30,rut,JBI
2026-09-30,rut,TBLA
2023-06-30,rut,SOUN
2023-09-30,rut,SOUN
2023-12-31,rut,SOUN
2024-03-31,rut,SOUN
2024-06-30,rut,SOUN
2024-09-30,rut,SOUN
2024-12-31,rut,SOUN
2025-03-31,rut,SOUN
2025-06-30,rut,SOUN
2025-09-30,rut,SOUN
2025-12-31,rut,SOUN
2026-03-31,rut,SOUN
2026-06-30,rut,SOUN
2026-09-30,rut,SOUN
2026-06-30,rut,PAY
2026-09-30,rut,PAY
2024-09-30,rut,DAVE
2024-12-31,rut,DAVE
2025-03-31,rut,DAVE
2025-06-30,rut,DAVE
2025-09-30,rut,DAVE
2025-12-31,rut,DAVE
2026-03-31,rut,DAVE
2026-06-30,rut,DAVE
2026-06-30,sp600,DAVE
2026-09-30,rut,DAVE
2026-09-30,sp600,DAVE
2021-09-30,sp400,DTM
2021-12-31,sp400,DTM
2022-03-31,sp400,DTM
2022-06-30,sp400,DTM
2022-09-30,sp400,DTM
2022-12-31,sp400,DTM
2023-03-31,sp400,DTM
2023-06-30,sp400,DTM
2023-09-30,sp400,DTM
2023-12-31,sp400,DTM
2024-03-31,sp400,DTM
2024-06-30,sp400,DTM
2024-09-30,sp400,DTM
2024-12-31,sp400,DTM
2025-03-31,sp400,DTM
2025-06-30,sp400,DTM
2025-09-30,sp400,DTM
2025-12-31,sp400,DTM
2026-03-31,sp400,DTM
2026-06-30,sp400,DTM
2026-09-30,sp400,DTM
2024-09-30,rut,LUNR
2024-12-31,rut,LUNR
2025-03-31,rut,LUNR
2025-06-30,rut,LUNR
2025-09-30,rut,LUNR
2025-12-31,rut,LUNR
2026-03-31,rut,LUNR
2026-06-30,rut,LUNR
2026-09-30,rut,LUNR
2021-09-30,rut,LFST
2021-12-31,rut,LFST
2022-03-31,rut,LFST
2022-06-30,rut,LFST
2022-09-30,rut,LFST
2022-12-31,rut,LFST
2023-03-31,rut,LFST
2023-06-30,rut,LFST
2023-09-30,rut,LFST
2023-12-31,rut,LFST
2024-03-31,rut,LFST
2024-06-30,rut,LFST
2024-09-30,rut,LFST
2024-12-31,rut,LFST
2025-03-31,rut,LFST
2025-06-30,rut,LFST
2025-09-30,rut,LFST
2025-12-31,rut,LFST
2026-03-31,rut,LFST
2026-06-30,rut,LFST
2026-06-30,sp600,LFST
2026-09-30,rut,LFST
2026-09-30,sp600,LFST
2022-06-30,rut,PAYO
2022-09-30,rut,PAYO
2022-12-31,rut,PAYO
2022-12-31,sp600,PAYO
2023-03-31,rut,PAYO
2023-03-31,sp600,PAYO
2023-06-30,rut,PAYO
2023-06-30,sp600,PAYO
2023-09-30,rut,PAYO
2023-09-30,sp600,PAYO
2023-12-31,rut,PAYO
2023-12-31,sp600,PAYO
2024-03-31,rut,PAYO
2024-03-31,sp600,PAYO
2024-06-30,rut,PAYO
2024-06-30,sp600,PAYO
2024-09-30,rut,PAYO
2024-09-30,sp600,PAYO
2024-12-31,rut,PAYO
2024-12-31,sp600,PAYO
2025-03-31,rut,PAYO
2025-03-31,sp600,PAYO
2025-06-30,rut,PAYO
2025-06-30,sp600,PAYO
2025-09-30,rut,PAYO
2025-09-30,sp600,PAYO
2025-12-31,rut,PAYO
2025-12-31,sp600,PAYO
2026-03-31,rut,PAYO
2026-03-31,sp600,PAYO
2026-06-30,rut,PAYO
2026-06-30,sp600,PAYO
2026-09-30,rut,PAYO
2026-09-30,sp600,PAYO
2024-06-30,sp400,RYAN
2024-09-30,sp400,RYAN
2024-12-31,sp400,RYAN
2025-03-31,sp400,RYAN
2025-06-30,sp400,RYAN
2025-09-30,sp400,RYAN
2025-12-31,sp400,RYAN
2026-03-31,sp400,RYAN
2026-06-30,sp400,RYAN
2026-09-30,sp400,RYAN
2026-09-30,rut,DJT
2022-06-30,rut,ZETA
2022-09-30,rut,ZETA
2022-12-31,rut,ZETA
2023-03-31,rut,ZETA
2023-06-30,rut,ZETA
2023-09-30,rut,ZETA
2023-12-31,rut,ZETA
2024-03-31,rut,ZETA
2024-06-30,rut,ZETA
2024-09-30,rut,ZETA
2024-12-31,rut,ZETA
2025-03-31,rut,ZETA
2025-06-30,rut,ZETA
2025-09-30,rut,ZETA
2025-12-31,rut,ZETA
2026-03-31,rut,ZETA
2026-06-30,rut,ZETA
2026-09-30,rut,ZETA
2023-03-31,rut,NXT
2023-06-30,rut,NXT
2023-09-30,rut,NXT
2023-12-31,rut,NXT
2024-03-31,rut,NXT
2024-06-30,rut,NXT
2024-06-30,sp400,NXT
2024-09-30,rut,NXT
2024-09-30,sp400,NXT
2024-12-31,rut,NXT
2024-12-31,sp400,NXT
2025-03-31,rut,NXT
2025-03-31,sp400,NXT
2025-06-30,rut,NXT
2025-06-30,sp400,NXT
2025-09-30,rut,NXT
2025-09-30,sp400,NXT
2025-12-31,rut,NXT
2025-12-31,sp400,NXT
2026-03-31,rut,NXT
2026-03-31,sp400,NXT
2026-06-30,sp400,NXT
2026-09-30,sp400,NXT
2021-09-30,sp400,GXO
2021-12-31,sp400,GXO
2022-03-31,sp400,GXO
2022-06-30,sp400,GXO
2022-09-30,sp400,GXO
2022-12-31,sp400,GXO
2023-03-31,sp400,GXO
2023-06-30,sp400,GXO
2023-09-30,sp400,GXO
2023-12-31,sp400,GXO
2024-03-31,sp400,GXO
2024-06-30,sp400,GXO
2024-09-30,sp400,GXO
2024-12-31,sp400,GXO
2025-03-31,sp400,GXO
2025-06-30,sp400,GXO
2025-09-30,sp400,GXO
2025-12-31,sp400,GXO
2026-03-31,sp400,GXO
2026-06-30,sp400,GXO
2026-09-30,sp400,GXO
2022-12-31,sp600,CIK1853513
2023-03-31,sp600,CIK1853513
2023-06-30,sp600,CIK1853513
2023-09-30,sp600,CIK1853513
2023-12-31,sp600,CIK1853513
2024-03-31,sp600,CIK1853513
2024-06-30,sp600,CIK1853513
2024-09-30,rut,CIK1853513
2024-09-30,sp600,CIK1853513
2024-12-31,rut,CIK1853513
2024-12-31,sp600,CIK1853513
2025-03-31,rut,CIK1853513
2025-03-31,sp600,CIK1853513
2025-06-30,rut,CIK1853513
2025-06-30,sp600,CIK1853513
2025-09-30,rut,CIK1853513
2025-09-30,sp600,CIK1853513
2025-12-31,rut,CIK1853513
2025-12-31,sp600,CIK1853513
2026-03-31,rut,CIK1853513
2026-03-31,sp600,CIK1853513
2026-06-30,rut,TYGO
2026-09-30,rut,TYGO
2022-06-30,rut,YOU
2022-09-30,rut,YOU
2022-12-31,rut,YOU
2023-03-31,rut,YOU
2023-06-30,rut,YOU
2023-09-30,rut,YOU
2023-12-31,rut,YOU
2024-03-31,rut,YOU
2024-06-30,rut,YOU
2024-09-30,rut,YOU
2024-09-30,sp600,YOU
2024-12-31,rut,YOU
2024-12-31,sp600,YOU
2025-03-31,rut,YOU
2025-03-31,sp600,YOU
2025-06-30,rut,YOU
2025-06-30,sp600,YOU
2025-09-30,rut,YOU
2025-09-30,sp600,YOU
2025-12-31,rut,YOU
2025-12-31,sp600,YOU
2026-03-31,rut,YOU
2026-03-31,sp600,YOU
2026-06-30,rut,YOU
2026-06-30,sp600,YOU
2026-09-30,rut,YOU
2026-09-30,sp600,YOU
2026-03-31,sp600,VSXY
2026-09-30,rut,VSXY
2026-09-30,sp600,VSXY
2021-12-31,sp600,SLVM
2022-03-31,sp600,SLVM
2022-06-30,rut,SLVM
2022-06-30,sp600,SLVM
2022-09-30,rut,SLVM
2022-09-30,sp600,SLVM
2022-12-31,rut,SLVM
2022-12-31,sp600,SLVM
2023-03-31,rut,SLVM
2023-03-31,sp600,SLVM
2023-06-30,rut,SLVM
2023-06-30,sp600,SLVM
2023-09-30,rut,SLVM
2023-09-30,sp600,SLVM
2023-12-31,rut,SLVM
2023-12-31,sp600,SLVM
2024-03-31,rut,SLVM
2024-03-31,sp600,SLVM
2024-06-30,rut,SLVM
2024-06-30,sp600,SLVM
2024-09-30,rut,SLVM
2024-09-30,sp600,SLVM
2024-12-31,rut,SLVM
2024-12-31,sp600,SLVM
2025-03-31,rut,SLVM
2025-03-31,sp600,SLVM
2025-06-30,rut,SLVM
2025-06-30,sp600,SLVM
2025-09-30,rut,SLVM
2025-09-30,sp600,SLVM
2025-12-31,rut,SLVM
2025-12-31,sp600,SLVM
2026-03-31,rut,SLVM
2026-03-31,sp600,SLVM
2026-06-30,rut,SLVM
2026-06-30,sp600,SLVM
2026-09-30,rut,SLVM
2026-09-30,sp600,SLVM
2026-09-30,sp400,CNM
2021-09-30,rut,DNUT
2021-12-31,rut,DNUT
2022-03-31,rut,DNUT
2022-06-30,rut,DNUT
2022-09-30,rut,DNUT
2022-12-31,rut,DNUT
2023-03-31,rut,DNUT
2023-06-30,rut,DNUT
2023-09-30,rut,DNUT
2023-12-31,rut,DNUT
2024-03-31,rut,DNUT
2024-06-30,rut,DNUT
2024-09-30,rut,DNUT
2024-12-31,rut,DNUT
2025-03-31,rut,DNUT
2025-06-30,rut,DNUT
2025-09-30,rut,DNUT
2025-12-31,rut,DNUT
2026-03-31,rut,DNUT
2026-06-30,rut,DNUT
2026-09-30,rut,DNUT
2026-09-30,rut,GCT
2022-06-30,rut,NN
2022-09-30,rut,NN
2022-12-31,rut,NN
2023-03-31,rut,NN
2023-06-30,rut,NN
2023-09-30,rut,NN
2023-12-31,rut,NN
2024-03-31,rut,NN
2024-06-30,rut,NN
2024-09-30,rut,NN
2024-12-31,rut,NN
2025-03-31,rut,NN
2025-06-30,rut,NN
2025-09-30,rut,NN
2025-12-31,rut,NN
2026-03-31,rut,NN
2026-06-30,rut,NN
2026-09-30,rut,NN
2024-03-31,rut,BTSG
2024-06-30,rut,BTSG
2024-09-30,rut,BTSG
2024-12-31,rut,BTSG
2025-03-31,rut,BTSG
2025-06-30,rut,BTSG
2025-09-30,rut,BTSG
2025-12-31,rut,BTSG
2025-12-31,sp600,BTSG
2026-03-31,rut,BTSG
2026-03-31,sp600,BTSG
2026-06-30,rut,BTSG
2026-06-30,sp600,BTSG
2026-09-30,rut,BTSG
2026-09-30,sp400,BTSG
2021-12-31,rut,CRGY
2022-03-31,rut,CRGY
2022-06-30,rut,CRGY
2022-09-30,rut,CRGY
2022-12-31,rut,CRGY
2023-03-31,rut,CRGY
2023-06-30,rut,CRGY
2023-09-30,rut,CRGY
2023-12-31,rut,CRGY
2024-03-31,rut,CRGY
2024-06-30,rut,CRGY
2024-09-30,rut,CRGY
2024-12-31,rut,CRGY
2024-12-31,sp600,CRGY
2025-03-31,rut,CRGY
2025-03-31,sp600,CRGY
2025-06-30,rut,CRGY
2025-06-30,sp600,CRGY
2025-09-30,rut,CRGY
2025-09-30,sp600,CRGY
2025-12-31,rut,CRGY
2025-12-31,sp600,CRGY
2026-03-31,rut,CRGY
2026-03-31,sp600,CRGY
2026-06-30,rut,CRGY
2026-06-30,sp600,CRGY
2026-09-30,rut,CRGY
2026-09-30,sp600,CRGY
2024-09-30,rut,CIK1866368
2024-12-31,rut,CIK1866368
2025-03-31,rut,CIK1866368
2025-06-30,rut,CIK1866368
2025-09-30,rut,CIK1866368
2025-12-31,rut,CIK1866368
2026-03-31,rut,CIK1866368
2026-03-31,sp400,BROS
2026-06-30,sp400,BROS
2026-09-30,sp400,BROS
2022-06-30,rut,AMPL
2022-09-30,rut,AMPL
2022-12-31,rut,AMPL
2023-03-31,rut,AMPL
2023-06-30,rut,AMPL
2023-09-30,rut,AMPL
2023-12-31,rut,AMPL
2024-03-31,rut,AMPL
2024-06-30,rut,AMPL
2024-09-30,rut,AMPL
2024-12-31,rut,AMPL
2025-03-31,rut,AMPL
2025-06-30,rut,AMPL
2025-09-30,rut,AMPL
2025-12-31,rut,AMPL
2026-03-31,rut,AMPL
2026-06-30,rut,AMPL
2026-09-30,rut,AMPL
2021-12-31,sp400,KD
2022-03-31,sp400,KD
2022-06-30,sp400,KD
2022-09-30,sp400,KD
2022-12-31,sp400,KD
2023-03-31,sp400,KD
2023-06-30,sp400,KD
2023-09-30,sp400,KD
2023-12-31,sp400,KD
2024-03-31,sp400,KD
2024-06-30,sp400,KD
2024-09-30,sp400,KD
2024-12-31,sp400,KD
2025-03-31,sp400,KD
2025-06-30,sp400,KD
2025-09-30,sp400,KD
2025-12-31,sp400,KD
2026-03-31,sp400,KD
2026-06-30,sp400,KD
2026-09-30,sp400,KD
2022-06-30,rut,FLNC
2022-09-30,rut,FLNC
2022-12-31,rut,FLNC
2023-03-31,rut,FLNC
2023-06-30,rut,FLNC
2023-09-30,rut,FLNC
2023-12-31,rut,FLNC
2024-03-31,rut,FLNC
2024-06-30,rut,FLNC
2024-09-30,rut,FLNC
2024-12-31,rut,FLNC
2025-03-31,rut,FLNC
2025-06-30,rut,FLNC
2025-09-30,rut,FLNC
2025-12-31,rut,FLNC
2026-03-31,rut,FLNC
2026-06-30,rut,FLNC
2026-09-30,rut,FLNC
2021-12-31,rut,LTH
2022-03-31,rut,LTH
2022-06-30,rut,LTH
2022-09-30,rut,LTH
2022-12-31,rut,LTH
2023-03-31,rut,LTH
2023-06-30,rut,LTH
2023-09-30,rut,LTH
2023-12-31,rut,LTH
2024-03-31,rut,LTH
2024-06-30,rut,LTH
2024-09-30,rut,LTH
2024-12-31,rut,LTH
2025-03-31,rut,LTH
2025-06-30,rut,LTH
2025-09-30,rut,LTH
2025-12-31,rut,LTH
2026-03-31,rut,LTH
2026-03-31,sp600,LTH
2026-06-30,rut,LTH
2026-06-30,sp600,LTH
2026-09-30,rut,LTH
2026-09-30,sp600,LTH
2021-12-31,rut,PTLO
2022-03-31,rut,PTLO
2022-06-30,rut,PTLO
2022-09-30,rut,PTLO
2022-12-31,rut,PTLO
2023-03-31,rut,PTLO
2023-06-30,rut,PTLO
2023-09-30,rut,PTLO
2023-12-31,rut,PTLO
2024-03-31,rut,PTLO
2024-06-30,rut,PTLO
2024-09-30,rut,PTLO
2024-12-31,rut,PTLO
2025-03-31,rut,PTLO
2025-06-30,rut,PTLO
2025-09-30,rut,PTLO
2025-12-31,rut,PTLO
2026-03-31,rut,PTLO
2026-06-30,rut,PTLO
2026-09-30,rut,PTLO
2022-06-30,rut,EMBC
2022-06-30,sp600,EMBC
2022-09-30,rut,EMBC
2022-09-30,sp600,EMBC
2022-12-31,rut,EMBC
2022-12-31,sp600,EMBC
2023-03-31,rut,EMBC
2023-03-31,sp600,EMBC
2023-06-30,rut,EMBC
2023-06-30,sp600,EMBC
2023-09-30,rut,EMBC
2023-09-30,sp600,EMBC
2023-12-31,rut,EMBC
2023-12-31,sp600,EMBC
2024-03-31,rut,EMBC
2024-03-31,sp600,EMBC
2024-06-30,rut,EMBC
2024-06-30,sp600,EMBC
2024-09-30,rut,EMBC
2024-09-30,sp600,EMBC
2024-12-31,rut,EMBC
2024-12-31,sp600,EMBC
2025-03-31,rut,EMBC
2025-03-31,sp600,EMBC
2025-06-30,rut,EMBC
2025-06-30,sp600,EMBC
2025-09-30,rut,EMBC
2025-09-30,sp600,EMBC
2025-12-31,rut,EMBC
2025-12-31,sp600,EMBC
2026-03-31,rut,EMBC
2026-03-31,sp600,EMBC
2026-06-30,rut,EMBC
2026-09-30,rut,EMBC
2026-09-30,rut,KLC
2024-09-30,rut,ARHS
2024-12-31,rut,ARHS
2025-03-31,rut,ARHS
2025-06-30,rut,ARHS
2025-09-30,rut,ARHS
2025-12-31,rut,ARHS
2026-03-31,rut,ARHS
2026-06-30,rut,ARHS
2026-09-30,rut,ARHS
2022-06-30,sp400,ESAB
2022-09-30,sp400,ESAB
2022-12-31,sp400,ESAB
2023-03-31,sp400,ESAB
2023-06-30,sp400,ESAB
2023-09-30,sp400,ESAB
2023-12-31,sp400,ESAB
2024-03-31,sp400,ESAB
2024-06-30,sp400,ESAB
2024-09-30,sp400,ESAB
2024-12-31,sp400,ESAB
2025-03-31,sp400,ESAB
2025-06-30,sp400,ESAB
2025-09-30,sp400,ESAB
2025-12-31,sp400,ESAB
2026-03-31,sp400,ESAB
2026-06-30,sp400,ESAB
2026-09-30,sp400,ESAB
2021-12-31,rut,DOUG
2021-12-31,sp600,DOUG
2022-03-31,rut,DOUG
2022-03-31,sp600,DOUG
2022-06-30,rut,DOUG
2022-06-30,sp600,DOUG
2022-09-30,rut,DOUG
2022-09-30,sp600,DOUG
2022-12-31,rut,DOUG
2022-12-31,sp600,DOUG
2023-03-31,rut,DOUG
2023-03-31,sp600,DOUG
2023-06-30,rut,DOUG
2023-09-30,rut,DOUG
2023-12-31,rut,DOUG
2024-03-31,rut,DOUG
2024-06-30,rut,DOUG
2025-06-30,rut,DOUG
2025-09-30,rut,DOUG
2025-12-31,rut,DOUG
2026-03-31,rut,DOUG
2026-06-30,rut,DOUG
2026-09-30,rut,DOUG
2022-09-30,rut,IE
2022-12-31,rut,IE
2023-03-31,rut,IE
2023-06-30,rut,IE
2023-09-30,rut,IE
2023-12-31,rut,IE
2024-03-31,rut,IE
2024-06-30,rut,IE
2024-09-30,rut,IE
2024-12-31,rut,IE
2025-03-31,rut,IE
2025-06-30,rut,IE
2025-09-30,rut,IE
2025-12-31,rut,IE
2026-03-31,rut,IE
2026-06-30,rut,IE
2026-09-30,rut,IE
2024-12-31,rut,PRM
2025-03-31,rut,PRM
2025-06-30,rut,PRM
2025-09-30,rut,PRM
2025-12-31,rut,PRM
2026-03-31,rut,PRM
2026-06-30,rut,PRM
2026-09-30,rut,PRM
2022-09-30,rut,ACDC
2022-12-31,rut,ACDC
2023-03-31,rut,ACDC
2023-06-30,rut,ACDC
2023-09-30,rut,ACDC
2023-12-31,rut,ACDC
2024-03-31,rut,ACDC
2024-06-30,rut,ACDC
2024-09-30,rut,ACDC
2024-12-31,rut,ACDC
2025-03-31,rut,ACDC
2025-06-30,rut,ACDC
2025-09-30,rut,ACDC
2025-12-31,rut,ACDC
2026-03-31,rut,ACDC
2026-06-30,rut,ACDC
2026-09-30,rut,ACDC
2023-09-30,rut,SVV
2023-12-31,rut,SVV
2024-03-31,rut,SVV
2024-06-30,rut,SVV
2024-09-30,rut,SVV
2024-12-31,rut,SVV
2025-03-31,rut,SVV
2025-06-30,rut,SVV
2025-09-30,rut,SVV
2025-12-31,rut,SVV
2026-03-31,rut,SVV
2026-06-30,rut,SVV
2026-09-30,rut,SVV
2022-06-30,rut,EE
2022-09-30,rut,EE
2022-12-31,rut,EE
2023-03-31,rut,EE
2023-06-30,rut,EE
2023-09-30,rut,EE
2023-12-31,rut,EE
2024-03-31,rut,EE
2024-06-30,rut,EE
2024-09-30,rut,EE
2024-12-31,rut,EE
2025-03-31,rut,EE
2025-06-30,rut,EE
2025-09-30,rut,EE
2025-12-31,rut,EE
2026-03-31,rut,EE
2026-06-30,rut,EE
2026-09-30,rut,EE
2026-06-30,sp400,CRBG
2026-09-30,sp400,CRBG
2026-03-31,sp600,NE
2026-09-30,rut,NE
2026-09-30,sp600,NE
2023-06-30,rut,FIP
2023-09-30,rut,FIP
2023-12-31,rut,FIP
2024-03-31,rut,FIP
2024-06-30,rut,FIP
2024-09-30,rut,FIP
2024-12-31,rut,FIP
2025-03-31,rut,FIP
2025-06-30,rut,FIP
2025-09-30,rut,FIP
2025-12-31,rut,FIP
2026-03-31,rut,FIP
2026-06-30,rut,FIP
2026-09-30,rut,FIP
2025-12-31,sp400,ULS
2026-03-31,sp400,ULS
2026-06-30,sp400,ULS
2026-09-30,sp400,ULS
2026-06-30,rut,NCNO
2026-09-30,rut,NCNO
2022-06-30,sp400,QDEL
2022-09-30,sp400,QDEL
2022-12-31,sp400,QDEL
2023-03-31,sp400,QDEL
2023-06-30,sp400,QDEL
2023-09-30,sp400,QDEL
2023-12-31,sp400,QDEL
2024-03-31,sp400,QDEL
2024-06-30,sp400,QDEL
2024-09-30,sp600,QDEL
2024-12-31,sp600,QDEL
2025-03-31,sp600,QDEL
2025-06-30,rut,QDEL
2025-06-30,sp600,QDEL
2025-09-30,rut,QDEL
2025-09-30,sp600,QDEL
2025-12-31,rut,QDEL
2025-12-31,sp600,QDEL
2026-03-31,rut,QDEL
2026-03-31,sp600,QDEL
2026-06-30,rut,QDEL
2026-06-30,sp600,QDEL
2026-09-30,rut,QDEL
2026-09-30,sp600,QDEL
2024-09-30,rut,QBTS
2024-12-31,rut,QBTS
2025-03-31,rut,QBTS
2025-06-30,rut,QBTS
2025-09-30,rut,QBTS
2025-12-31,rut,QBTS
2026-03-31,rut,QBTS
2026-06-30,rut,QBTS
2026-09-30,rut,QBTS
2022-03-31,sp400,DINO
2022-06-30,sp400,DINO
2022-09-30,sp400,DINO
2022-12-31,sp400,DINO
2023-03-31,sp400,DINO
2023-06-30,sp400,DINO
2023-09-30,sp400,DINO
2023-12-31,sp400,DINO
2024-03-31,sp400,DINO
2024-06-30,sp400,DINO
2024-09-30,sp400,DINO
2024-12-31,sp400,DINO
2025-03-31,sp400,DINO
2025-06-30,sp400,DINO
2025-09-30,sp400,DINO
2025-12-31,sp400,DINO
2026-03-31,sp400,DINO
2026-06-30,sp400,DINO
2026-09-30,sp400,DINO
2023-09-30,rut,ATMU
2023-12-31,rut,ATMU
2024-03-31,rut,ATMU
2024-06-30,rut,ATMU
2024-09-30,rut,ATMU
2024-12-31,rut,ATMU
2025-03-31,rut,ATMU
2025-06-30,rut,ATMU
2025-09-30,rut,ATMU
2025-12-31,rut,ATMU
2026-03-31,rut,ATMU
2026-06-30,rut,ATMU
2026-06-30,sp600,ATMU
2026-09-30,rut,ATMU
2026-09-30,sp600,ATMU
2022-12-31,sp400,RXO
2023-03-31,sp600,RXO
2023-06-30,rut,RXO
2023-06-30,sp600,RXO
2023-09-30,rut,RXO
2023-09-30,sp600,RXO
2023-12-31,rut,RXO
2023-12-31,sp600,RXO
2024-03-31,rut,RXO
2024-03-31,sp600,RXO
2024-06-30,rut,RXO
2024-06-30,sp600,RXO
2024-09-30,rut,RXO
2024-09-30,sp600,RXO
2024-12-31,rut,RXO
2024-12-31,sp600,RXO
2025-03-31,rut,RXO
2025-03-31,sp600,RXO
2025-06-30,rut,RXO
2025-06-30,sp600,RXO
2025-09-30,rut,RXO
2025-09-30,sp600,RXO
2025-12-31,rut,RXO
2025-12-31,sp600,RXO
2026-03-31,rut,RXO
2026-03-31,sp600,RXO
2026-06-30,rut,RXO
2026-06-30,sp600,RXO
2026-09-30,rut,RXO
2026-09-30,sp600,RXO
2026-09-30,rut,FG
2022-12-31,sp600,MBC
2023-03-31,sp600,MBC
2023-06-30,rut,MBC
2023-06-30,sp600,MBC
2023-09-30,rut,MBC
2023-09-30,sp600,MBC
2023-12-31,rut,MBC
2023-12-31,sp600,MBC
2024-03-31,rut,MBC
2024-03-31,sp600,MBC
2024-06-30,rut,MBC
2024-06-30,sp600,MBC
2024-09-30,rut,MBC
2024-09-30,sp600,MBC
2024-12-31,rut,MBC
2024-12-31,sp600,MBC
2025-03-31,rut,MBC
2025-03-31,sp600,MBC
2025-06-30,rut,MBC
2025-06-30,sp600,MBC
2025-09-30,rut,MBC
2025-09-30,sp600,MBC
2025-12-31,rut,MBC
2025-12-31,sp600,MBC
2026-03-31,rut,MBC
2026-03-31,sp600,MBC
2026-06-30,rut,MBC
2026-06-30,sp600,MBC
2026-09-30,rut,MBC
2026-09-30,sp600,MBC
2019-12-31,sp400,CR
2020-03-31,sp400,CR
2020-06-30,sp400,CR
2020-09-30,sp400,CR
2020-12-31,sp400,CR
2021-03-31,sp400,CR
2021-06-30,sp400,CR
2021-09-30,sp400,CR
2021-12-31,sp400,CR
2022-03-31,sp400,CR
2022-06-30,sp400,CR
2022-09-30,sp400,CR
2022-12-31,sp400,CR
2023-03-31,sp400,CR
2023-06-30,sp400,CR
2023-09-30,sp400,CR
2023-12-31,sp400,CR
2024-03-31,sp400,CR
2024-06-30,sp400,CR
2024-09-30,sp400,CR
2024-12-31,sp400,CR
2025-03-31,sp400,CR
2025-06-30,sp400,CR
2025-09-30,sp400,CR
2025-12-31,sp400,CR
2026-03-31,sp400,CR
2026-06-30,sp400,CR
2026-09-30,sp400,CR
2021-06-30,rut,MSGE
2021-09-30,rut,MSGE
2021-12-31,rut,MSGE
2022-03-31,rut,MSGE
2022-06-30,rut,MSGE
2022-09-30,rut,MSGE
2022-12-31,rut,MSGE
2023-03-31,rut,MSGE
2023-06-30,rut,MSGE
2023-09-30,rut,MSGE
2023-12-31,rut,MSGE
2024-03-31,rut,MSGE
2024-06-30,rut,MSGE
2024-09-30,rut,MSGE
2024-12-31,rut,MSGE
2025-03-31,rut,MSGE
2025-06-30,rut,MSGE
2025-09-30,rut,MSGE
2025-12-31,rut,MSGE
2026-03-31,rut,MSGE
2026-06-30,rut,MSGE
2026-09-30,rut,MSGE
2023-06-30,rut,KNF
2023-06-30,sp400,KNF
2023-09-30,rut,KNF
2023-09-30,sp400,KNF
2023-12-31,rut,KNF
2023-12-31,sp400,KNF
2024-03-31,rut,KNF
2024-03-31,sp400,KNF
2024-06-30,rut,KNF
2024-06-30,sp400,KNF
2024-09-30,rut,KNF
2024-09-30,sp400,KNF
2024-12-31,rut,KNF
2024-12-31,sp400,KNF
2025-03-31,rut,KNF
2025-03-31,sp400,KNF
2025-06-30,rut,KNF
2025-06-30,sp400,KNF
2025-09-30,rut,KNF
2025-09-30,sp400,KNF
2025-12-31,rut,KNF
2025-12-31,sp400,KNF
2026-03-31,rut,KNF
2026-03-31,sp400,KNF
2026-06-30,rut,KNF
2026-06-30,sp400,KNF
2026-09-30,rut,KNF
2026-09-30,sp400,KNF
2023-09-30,rut,BATRA
2023-12-31,rut,BATRA
2024-03-31,rut,BATRA
2024-06-30,rut,BATRA
2024-09-30,rut,BATRA
2024-12-31,rut,BATRA
2025-03-31,rut,BATRA
2025-06-30,rut,BATRA
2025-09-30,rut,BATRA
2025-12-31,rut,BATRA
2026-03-31,rut,BATRA
2026-06-30,rut,BATRA
2026-09-30,rut,BATRA
2026-09-30,rut,BHRB
2024-09-30,rut,HUT
2024-12-31,rut,HUT
2025-03-31,rut,HUT
2025-06-30,rut,HUT
2025-09-30,rut,HUT
2025-12-31,rut,HUT
2026-03-31,rut,HUT
2026-06-30,rut,HUT
2026-09-30,rut,HUT
2023-09-30,sp600,FTRE
2023-12-31,sp600,FTRE
2024-03-31,sp600,FTRE
2024-06-30,sp600,FTRE
2024-09-30,sp600,FTRE
2024-12-31,sp600,FTRE
2025-03-31,sp600,FTRE
2025-06-30,rut,FTRE
2025-06-30,sp600,FTRE
2025-09-30,rut,FTRE
2025-09-30,sp600,FTRE
2025-12-31,rut,FTRE
2025-12-31,sp600,FTRE
2026-03-31,rut,FTRE
2026-03-31,sp600,FTRE
2026-06-30,rut,FTRE
2026-06-30,sp600,FTRE
2026-09-30,rut,FTRE
2026-09-30,sp600,FTRE
2023-12-31,sp600,VSTS
2024-03-31,sp600,VSTS
2024-06-30,sp600,VSTS
2024-09-30,sp600,VSTS
2024-12-31,sp600,VSTS
2025-03-31,sp600,VSTS
2025-06-30,rut,VSTS
2025-06-30,sp600,VSTS
2025-09-30,rut,VSTS
2025-09-30,sp600,VSTS
2025-12-31,rut,VSTS
2025-12-31,sp600,VSTS
2026-03-31,rut,VSTS
2026-03-31,sp600,VSTS
2026-06-30,rut,VSTS
2026-06-30,sp600,VSTS
2026-09-30,rut,VSTS
2026-09-30,sp600,VSTS
2023-12-31,rut,WS
2023-12-31,sp600,WS
2024-03-31,rut,WS
2024-03-31,sp600,WS
2024-06-30,rut,WS
2024-06-30,sp600,WS
2024-09-30,rut,WS
2024-09-30,sp600,WS
2024-12-31,rut,WS
2024-12-31,sp600,WS
2025-03-31,rut,WS
2025-03-31,sp600,WS
2025-06-30,rut,WS
2025-06-30,sp600,WS
2025-09-30,rut,WS
2025-09-30,sp600,WS
2025-12-31,rut,WS
2025-12-31,sp600,WS
2026-03-31,rut,WS
2026-03-31,sp600,WS
2026-06-30,rut,WS
2026-06-30,sp600,WS
2026-09-30,rut,WS
2026-09-30,sp600,WS
2023-09-30,sp600,PHIN
2023-12-31,sp600,PHIN
2024-03-31,sp600,PHIN
2024-06-30,sp600,PHIN
2024-09-30,rut,PHIN
2024-09-30,sp600,PHIN
2024-12-31,rut,PHIN
2024-12-31,sp600,PHIN
2025-03-31,rut,PHIN
2025-03-31,sp600,PHIN
2025-06-30,rut,PHIN
2025-06-30,sp600,PHIN
2025-09-30,rut,PHIN
2025-09-30,sp600,PHIN
2025-12-31,rut,PHIN
2025-12-31,sp600,PHIN
2026-03-31,rut,PHIN
2026-03-31,sp600,PHIN
2026-06-30,rut,PHIN
2026-06-30,sp600,PHIN
2026-09-30,rut,PHIN
2026-09-30,sp600,PHIN
2023-06-30,rut,SBGI
2023-09-30,rut,SBGI
2023-12-31,rut,SBGI
2024-03-31,rut,SBGI
2024-06-30,rut,SBGI
2024-09-30,rut,SBGI
2024-12-31,rut,SBGI
2025-03-31,rut,SBGI
2025-06-30,rut,SBGI
2025-09-30,rut,SBGI
2025-12-31,rut,SBGI
2026-03-31,rut,SBGI
2026-06-30,rut,SBGI
2026-09-30,rut,SBGI
2023-09-30,sp400,TKO
2023-12-31,sp400,TKO
2024-03-31,sp400,TKO
2024-06-30,sp400,TKO
2024-09-30,sp400,TKO
2024-12-31,sp400,TKO
2023-12-31,sp600,NATL
2024-03-31,sp600,NATL
2024-06-30,sp600,NATL
2024-09-30,rut,NATL
2024-09-30,sp600,NATL
2024-12-31,rut,NATL
2024-12-31,sp600,NATL
2025-03-31,rut,NATL
2025-03-31,sp600,NATL
2025-06-30,rut,NATL
2025-06-30,sp600,NATL
2025-09-30,rut,NATL
2025-09-30,sp600,NATL
2025-12-31,rut,NATL
2025-12-31,sp600,NATL
2026-03-31,rut,NATL
2026-03-31,sp600,NATL
2026-06-30,rut,NATL
2026-06-30,sp600,NATL
2026-09-30,rut,NATL
2026-09-30,sp600,NATL
2024-09-30,rut,NBBK
2024-12-31,rut,NBBK
2025-03-31,rut,NBBK
2025-06-30,rut,NBBK
2025-09-30,rut,NBBK
2025-12-31,rut,NBBK
2026-03-31,rut,NBBK
2026-06-30,rut,NBBK
2026-09-30,rut,NBBK
2024-09-30,rut,CTRI
2024-12-31,rut,CTRI
2025-03-31,rut,CTRI
2025-06-30,rut,CTRI
2025-09-30,rut,CTRI
2025-12-31,rut,CTRI
2026-03-31,rut,CTRI
2026-06-30,rut,CTRI
2026-09-30,rut,CTRI
2023-06-30,rut,AESI
2023-09-30,rut,AESI
2023-12-31,rut,AESI
2024-03-31,rut,AESI
2024-06-30,rut,AESI
2024-09-30,rut,AESI
2024-12-31,rut,AESI
2024-12-31,sp600,AESI
2025-03-31,rut,AESI
2025-03-31,sp600,AESI
2025-06-30,rut,AESI
2025-06-30,sp600,AESI
2025-09-30,rut,AESI
2025-09-30,sp600,AESI
2025-12-31,rut,AESI
2025-12-31,sp600,AESI
2026-03-31,rut,AESI
2026-03-31,sp600,AESI
2026-06-30,rut,AESI
2026-06-30,sp600,AESI
2026-09-30,rut,AESI
2026-09-30,sp600,AESI
2024-09-30,rut,WAY
2024-12-31,rut,WAY
2025-03-31,rut,WAY
2025-06-30,rut,WAY
2025-09-30,rut,WAY
2025-09-30,sp600,WAY
2025-12-31,rut,WAY
2025-12-31,sp600,WAY
2026-03-31,rut,WAY
2026-03-31,sp600,WAY
2026-06-30,rut,WAY
2026-06-30,sp600,WAY
2026-09-30,rut,WAY
2026-09-30,sp600,WAY
2024-03-31,rut,CGON
2024-06-30,rut,CGON
2024-09-30,rut,CGON
2024-12-31,rut,CGON
2025-03-31,rut,CGON
2025-06-30,rut,CGON
2025-09-30,rut,CGON
2025-12-31,rut,CGON
2026-03-31,rut,CGON
2026-06-30,rut,CGON
2026-09-30,rut,CGON
2019-12-31,rut,NWE
2019-12-31,sp400,NWE
2020-03-31,rut,NWE
2020-03-31,sp400,NWE
2020-06-30,rut,NWE
2020-06-30,sp400,NWE
2020-09-30,rut,NWE
2020-09-30,sp400,NWE
2020-12-31,rut,NWE
2020-12-31,sp400,NWE
2021-03-31,rut,NWE
2021-03-31,sp400,NWE
2021-06-30,rut,NWE
2021-06-30,sp400,NWE
2021-09-30,rut,NWE
2021-09-30,sp400,NWE
2021-12-31,rut,NWE
2021-12-31,sp400,NWE
2022-03-31,rut,NWE
2022-03-31,sp400,NWE
2022-06-30,rut,NWE
2022-06-30,sp400,NWE
2022-09-30,rut,NWE
2022-09-30,sp400,NWE
2022-12-31,rut,NWE
2022-12-31,sp400,NWE
2023-03-31,rut,NWE
2023-03-31,sp400,NWE
2023-06-30,rut,NWE
2023-06-30,sp400,NWE
2023-09-30,rut,NWE
2023-09-30,sp400,NWE
2023-12-31,rut,NWE
2023-12-31,sp400,NWE
2024-03-31,rut,NWE
2024-03-31,sp400,NWE
2024-06-30,rut,NWE
2024-06-30,sp400,NWE
2024-09-30,rut,NWE
2024-09-30,sp400,NWE
2024-12-31,rut,NWE
2024-12-31,sp400,NWE
2025-03-31,rut,NWE
2025-03-31,sp400,NWE
2025-06-30,rut,NWE
2025-06-30,sp400,NWE
2025-09-30,rut,NWE
2025-09-30,sp400,NWE
2025-12-31,rut,NWE
2025-12-31,sp400,NWE
2026-03-31,rut,NWE
2026-03-31,sp400,NWE
2026-06-30,rut,NWE
2026-06-30,sp400,NWE
2026-09-30,rut,NWE
2026-09-30,sp400,NWE
2024-09-30,rut,WBTN
2024-12-31,rut,WBTN
2025-03-31,rut,WBTN
2025-06-30,rut,WBTN
2025-09-30,rut,WBTN
2025-12-31,rut,WBTN
2026-03-31,rut,WBTN
2026-06-30,rut,WBTN
2026-09-30,rut,WBTN
2026-09-30,rut,FUN
2026-09-30,sp600,FUN
2024-09-30,rut,PACS
2024-12-31,rut,PACS
2025-03-31,rut,PACS
2025-06-30,rut,PACS
2025-09-30,rut,PACS
2025-12-31,rut,PACS
2026-03-31,rut,PACS
2026-06-30,rut,PACS
2026-09-30,rut,PACS
2025-06-30,rut,CLMT
2025-09-30,rut,CLMT
2025-12-31,rut,CLMT
2026-03-31,rut,CLMT
2026-06-30,rut,CLMT
2026-09-30,rut,CLMT
2024-09-30,rut,CON
2024-12-31,rut,CON
2024-12-31,sp600,CON
2025-03-31,rut,CON
2025-03-31,sp600,CON
2025-06-30,rut,CON
2025-06-30,sp600,CON
2025-09-30,rut,CON
2025-09-30,sp600,CON
2025-12-31,rut,CON
2025-12-31,sp600,CON
2026-03-31,rut,CON
2026-03-31,sp600,CON
2026-06-30,rut,CON
2026-06-30,sp600,CON
2026-09-30,rut,CON
2026-09-30,sp600,CON
2024-12-31,sp600,ECG
2025-03-31,sp600,ECG
2025-06-30,sp600,ECG
2025-09-30,sp600,ECG
2025-12-31,sp600,ECG
2026-03-31,sp600,ECG
2026-06-30,sp600,ECG
2026-09-30,sp600,ECG
2026-03-31,sp400,SARO
2026-06-30,sp400,SARO
2026-09-30,sp400,SARO
2024-12-31,rut,CURB
2024-12-31,sp600,CURB
2025-03-31,rut,CURB
2025-03-31,sp600,CURB
2025-06-30,rut,CURB
2025-06-30,sp600,CURB
2025-09-30,rut,CURB
2025-09-30,sp600,CURB
2025-12-31,rut,CURB
2025-12-31,sp600,CURB
2026-03-31,rut,CURB
2026-03-31,sp600,CURB
2026-06-30,rut,CURB
2026-06-30,sp600,CURB
2026-09-30,rut,CURB
2026-09-30,sp600,CURB
