ticker,month,mc,px
MSFT,2009-10-01,2.62085e+11,28.5403
MSFT,2009-11-01,2.77943e+11,30.2671
MSFT,2009-12-01,2.86842e+11,31.2362
MSFT,2010-01-01,2.57413e+11,28.8774
MSFT,2010-02-01,2.619e+11,29.3808
MSFT,2010-03-01,2.66371e+11,29.8824
MSFT,2010-04-01,2.77379e+11,31.1522
MSFT,2010-05-01,2.34384e+11,26.3235
MSFT,2010-06-01,2.0801e+11,23.3615
MSFT,2010-07-01,2.35741e+11,26.2051
MSFT,2010-08-01,2.14381e+11,23.8307
MSFT,2010-09-01,2.22199e+11,24.6997
MSFT,2010-10-01,2.33844e+11,26.8941
MSFT,2010-11-01,2.21544e+11,25.4795
MSFT,2010-12-01,2.4327e+11,27.9781
MSFT,2011-01-01,2.38187e+11,27.7931
MSFT,2011-02-01,2.29672e+11,26.7996
MSFT,2011-03-01,2.18062e+11,25.4448
MSFT,2011-04-01,2.2108e+11,25.9788
MSFT,2011-05-01,2.14714e+11,25.2308
MSFT,2011-06-01,2.21751e+11,26.0577
MSFT,2011-07-01,2.35981e+11,27.4619
MSFT,2011-08-01,2.30606e+11,26.8365
MSFT,2011-09-01,2.14169e+11,24.9236
MSFT,2011-10-01,2.26417e+11,26.6687
MSFT,2011-11-01,2.19113e+11,25.8083
MSFT,2011-12-01,2.20672e+11,25.9919
MSFT,2012-01-01,2.50305e+11,29.5694
MSFT,2012-02-01,2.70722e+11,31.9813
MSFT,2012-03-01,2.73529e+11,32.3129
MSFT,2012-04-01,2.7245e+11,32.0605
MSFT,2012-05-01,2.5007e+11,29.427
MSFT,2012-06-01,2.60314e+11,30.6324
MSFT,2012-07-01,2.51015e+11,29.5104
MSFT,2012-08-01,2.64224e+11,31.0632
MSFT,2012-09-01,2.53289e+11,29.7777
MSFT,2012-10-01,2.42542e+11,28.5545
MSFT,2012-11-01,2.2802e+11,26.8448
MSFT,2012-12-01,2.26934e+11,26.717
MSFT,2013-01-01,2.31862e+11,27.4588
MSFT,2013-02-01,2.36744e+11,28.0369
MSFT,2013-03-01,2.41552e+11,28.6063
MSFT,2013-04-01,2.79118e+11,33.114
MSFT,2013-05-01,2.96386e+11,35.1626
MSFT,2013-06-01,2.91418e+11,34.5732
MSFT,2013-07-01,2.69907e+11,31.8662
MSFT,2013-08-01,2.85105e+11,33.6606
MSFT,2013-09-01,2.81743e+11,33.2636
MSFT,2013-10-01,2.98483e+11,35.3904
MSFT,2013-11-01,3.23886e+11,38.4025
MSFT,2013-12-01,3.1551e+11,37.4092
MSFT,2014-01-01,3.17642e+11,37.8371
MSFT,2014-02-01,3.23989e+11,38.593
MSFT,2014-03-01,3.4417e+11,40.997
MSFT,2014-04-01,3.38073e+11,40.4055
MSFT,2014-05-01,3.45031e+11,41.2372
MSFT,2014-06-01,3.49058e+11,41.7185
MSFT,2014-07-01,3.62677e+11,43.1809
MSFT,2014-08-01,3.84154e+11,45.738
MSFT,2014-09-01,3.89374e+11,46.3595
MSFT,2014-10-01,3.92072e+11,46.9491
MSFT,2014-11-01,4.01765e+11,48.1099
MSFT,2014-12-01,3.87863e+11,46.445
MSFT,2015-01-01,3.35199e+11,40.4
MSFT,2015-02-01,3.63823e+11,43.85
MSFT,2015-03-01,3.37356e+11,40.66
MSFT,2015-04-01,4.00648e+11,48.64
MSFT,2015-05-01,3.85986e+11,46.86
MSFT,2015-06-01,3.63664e+11,44.15
MSFT,2015-07-01,3.85462e+11,46.7
MSFT,2015-08-01,3.59214e+11,43.52
MSFT,2015-09-01,3.65322e+11,44.26
MSFT,2015-10-01,4.24594e+11,52.64
MSFT,2015-11-01,4.38387e+11,54.35
MSFT,2015-12-01,4.47502e+11,55.48
MSFT,2016-01-01,4.42263e+11,55.09
MSFT,2016-02-01,4.08465e+11,50.88
MSFT,2016-03-01,4.43386e+11,55.23
MSFT,2016-04-01,3.98212e+11,49.87
MSFT,2016-05-01,4.23205e+11,53
MSFT,2016-06-01,4.08592e+11,51.17
MSFT,2016-07-01,4.54177e+11,56.68
MSFT,2016-08-01,4.60427e+11,57.46
MSFT,2016-09-01,4.61549e+11,57.6
MSFT,2016-10-01,4.7193e+11,59.92
MSFT,2016-11-01,4.74608e+11,60.26
MSFT,2016-12-01,4.89415e+11,62.14
MSFT,2017-01-01,5.0621e+11,64.65
MSFT,2017-02-01,5.00963e+11,63.98
MSFT,2017-03-01,5.15684e+11,65.86
MSFT,2017-04-01,5.34878e+11,68.46
MSFT,2017-05-01,5.4566e+11,69.84
MSFT,2017-06-01,5.3855e+11,68.93
MSFT,2017-07-01,5.68005e+11,72.7
MSFT,2017-08-01,5.85599e+11,74.77
MSFT,2017-09-01,5.83406e+11,74.49
MSFT,2017-10-01,6.48721e+11,83.18
MSFT,2017-11-01,6.56442e+11,84.17
MSFT,2017-12-01,6.67126e+11,85.54
MSFT,2018-01-01,7.32527e+11,95.01
MSFT,2018-02-01,7.22967e+11,93.77
MSFT,2018-03-01,7.03692e+11,91.27
MSFT,2018-04-01,7.28895e+11,93.52
MSFT,2018-05-01,7.70359e+11,98.84
MSFT,2018-06-01,7.68566e+11,98.61
MSFT,2018-07-01,8.26788e+11,106.08
MSFT,2018-08-01,8.755e+11,112.33
MSFT,2018-09-01,8.914e+11,114.37
MSFT,2018-10-01,8.29486e+11,106.81
MSFT,2018-11-01,8.61172e+11,110.89
MSFT,2018-12-01,7.88793e+11,101.57
MSFT,2019-01-01,8.11212e+11,104.43
MSFT,2019-02-01,8.70249e+11,112.03
MSFT,2019-03-01,9.16158e+11,117.94
MSFT,2019-04-01,1.01137e+12,130.6
MSFT,2019-05-01,9.57778e+11,123.68
MSFT,2019-06-01,1.03739e+12,133.96
MSFT,2019-07-01,1.05527e+12,136.27
MSFT,2019-08-01,1.06883e+12,137.86
MSFT,2019-09-01,1.0779e+12,139.03
MSFT,2019-10-01,1.10538e+12,143.37
MSFT,2019-11-01,1.16714e+12,151.38
MSFT,2019-12-01,1.21587e+12,157.7
MSFT,2020-01-01,1.30924e+12,170.23
MSFT,2020-02-01,1.24602e+12,162.01
MSFT,2020-03-01,1.21295e+12,157.71
MSFT,2020-04-01,1.37544e+12,179.21
MSFT,2020-05-01,1.40644e+12,183.25
MSFT,2020-06-01,1.56194e+12,203.51
MSFT,2020-07-01,1.57509e+12,205.01
MSFT,2020-08-01,1.73275e+12,225.53
MSFT,2020-09-01,1.61597e+12,210.33
MSFT,2020-10-01,1.54626e+12,202.47
MSFT,2020-11-01,1.63485e+12,214.07
MSFT,2020-12-01,1.69862e+12,222.42
MSFT,2021-01-01,1.76661e+12,231.96
MSFT,2021-02-01,1.76981e+12,232.38
MSFT,2021-03-01,1.79562e+12,235.77
MSFT,2021-04-01,1.91581e+12,252.18
MSFT,2021-05-01,1.89682e+12,249.68
MSFT,2021-06-01,2.05803e+12,270.9
MSFT,2021-07-01,2.1676e+12,284.91
MSFT,2021-08-01,2.2967e+12,301.88
MSFT,2021-09-01,2.14485e+12,281.92
MSFT,2021-10-01,2.50937e+12,331.62
MSFT,2021-11-01,2.50157e+12,330.59
MSFT,2021-12-01,2.54493e+12,336.32
MSFT,2022-01-01,2.34945e+12,310.98
MSFT,2022-02-01,2.25736e+12,298.79
MSFT,2022-03-01,2.32928e+12,308.31
MSFT,2022-04-01,2.09084e+12,277.52
MSFT,2022-05-01,2.04827e+12,271.87
MSFT,2022-06-01,1.93496e+12,256.83
MSFT,2022-07-01,2.11678e+12,280.74
MSFT,2022-08-01,1.97148e+12,261.47
MSFT,2022-09-01,1.75607e+12,232.9
MSFT,2022-10-01,1.73749e+12,232.13
MSFT,2022-11-01,1.90972e+12,255.14
MSFT,2022-12-01,1.79505e+12,239.82
MSFT,2023-01-01,1.85188e+12,247.81
MSFT,2023-02-01,1.86392e+12,249.42
MSFT,2023-03-01,2.15447e+12,288.3
MSFT,2023-04-01,2.29339e+12,307.26
MSFT,2023-05-01,2.4511e+12,328.39
MSFT,2023-06-01,2.54179e+12,340.54
MSFT,2023-07-01,2.50999e+12,335.92
MSFT,2023-08-01,2.44902e+12,327.76
MSFT,2023-09-01,2.35928e+12,315.75
MSFT,2023-10-01,2.52298e+12,338.11
MSFT,2023-11-01,2.82743e+12,378.91
MSFT,2023-12-01,2.80601e+12,376.04
MSFT,2024-01-01,2.96913e+12,397.58
MSFT,2024-02-01,3.08906e+12,413.64
MSFT,2024-03-01,3.14194e+12,420.72
MSFT,2024-04-01,2.90907e+12,389.33
MSFT,2024-05-01,3.10185e+12,415.13
MSFT,2024-06-01,3.33961e+12,446.95
MSFT,2024-07-01,3.12466e+12,418.35
MSFT,2024-08-01,3.11562e+12,417.14
MSFT,2024-09-01,3.21391e+12,430.3
MSFT,2024-10-01,3.03543e+12,406.35
MSFT,2024-11-01,3.16325e+12,423.46
MSFT,2024-12-01,3.1486e+12,421.5
MSFT,2025-01-01,3.09967e+12,415.06
MSFT,2025-02-01,2.96472e+12,396.99
MSFT,2025-03-01,2.80341e+12,375.39
MSFT,2025-04-01,2.94903e+12,395.26
MSFT,2025-05-01,3.43475e+12,460.36
MSFT,2025-06-01,3.71118e+12,497.41
MSFT,2025-07-01,3.98258e+12,533.5
MSFT,2025-08-01,3.78244e+12,506.69
MSFT,2025-09-01,3.8665e+12,517.95
MSFT,2025-10-01,3.86597e+12,517.81
MSFT,2025-11-01,3.67335e+12,492.01
MSFT,2025-12-01,3.61071e+12,483.62
MSFT,2026-01-01,3.20996e+12,430.29
MSFT,2026-02-01,2.92984e+12,392.74
MSFT,2026-03-01,2.76147e+12,370.17
MSFT,2026-04-01,3.03592e+12,407.78
MSFT,2026-05-01,3.35204e+12,450.24
MSFT,2026-06-01,2.77713e+12,373.02
MSFT,2026-07-01,3.45984e+12,464.72
MSFT,2026-08-01,3.77677e+12,507.29
MSFT,2026-09-01,3.72689e+12,500.59
GOOGL,2015-10-01,5.08221e+11,36.8695
GOOGL,2015-11-01,5.25768e+11,38.1425
GOOGL,2015-12-01,5.36217e+11,38.9005
GOOGL,2016-01-01,5.24734e+11,38.0675
GOOGL,2016-02-01,4.94319e+11,35.861
GOOGL,2016-03-01,5.25803e+11,38.145
GOOGL,2016-04-01,4.87882e+11,35.394
GOOGL,2016-05-01,5.23324e+11,37.4425
GOOGL,2016-06-01,4.91653e+11,35.1765
GOOGL,2016-07-01,5.53018e+11,39.567
GOOGL,2016-08-01,5.503e+11,39.4925
GOOGL,2016-09-01,5.602e+11,40.203
GOOGL,2016-10-01,5.64269e+11,40.495
GOOGL,2016-11-01,5.41618e+11,38.794
GOOGL,2016-12-01,5.53185e+11,39.6225
GOOGL,2017-01-01,5.72549e+11,41.0095
GOOGL,2017-02-01,5.94461e+11,42.2465
GOOGL,2017-03-01,5.9648e+11,42.39
GOOGL,2017-04-01,6.50457e+11,46.226
GOOGL,2017-05-01,6.92878e+11,49.3545
GOOGL,2017-06-01,6.5258e+11,46.484
GOOGL,2017-07-01,6.65058e+11,47.275
GOOGL,2017-08-01,6.71909e+11,47.762
GOOGL,2017-09-01,6.84908e+11,48.686
GOOGL,2017-10-01,7.2669e+11,51.652
GOOGL,2017-11-01,7.28892e+11,51.8085
GOOGL,2017-12-01,7.41012e+11,52.67
GOOGL,2018-01-01,8.31631e+11,59.111
GOOGL,2018-02-01,7.73512e+11,55.196
GOOGL,2018-03-01,7.2672e+11,51.857
GOOGL,2018-04-01,7.18355e+11,50.929
GOOGL,2018-05-01,7.75776e+11,55
GOOGL,2018-06-01,7.96363e+11,56.4595
GOOGL,2018-07-01,8.63649e+11,61.361
GOOGL,2018-08-01,8.66872e+11,61.59
GOOGL,2018-09-01,8.49476e+11,60.354
GOOGL,2018-10-01,7.67581e+11,54.529
GOOGL,2018-11-01,7.81003e+11,55.4825
GOOGL,2018-12-01,7.35473e+11,52.248
GOOGL,2019-01-01,7.92433e+11,56.2945
GOOGL,2019-02-01,7.89379e+11,56.3275
GOOGL,2019-03-01,8.24652e+11,58.8445
GOOGL,2019-04-01,8.40155e+11,59.948
GOOGL,2019-05-01,7.75365e+11,55.325
GOOGL,2019-06-01,7.58758e+11,54.14
GOOGL,2019-07-01,8.5274e+11,60.91
GOOGL,2019-08-01,8.33371e+11,59.5265
GOOGL,2019-09-01,8.54798e+11,61.057
GOOGL,2019-10-01,8.7917e+11,62.94
GOOGL,2019-11-01,9.10801e+11,65.2045
GOOGL,2019-12-01,9.35455e+11,66.9695
GOOGL,2020-01-01,1.00068e+12,71.639
GOOGL,2020-02-01,9.32233e+11,66.9625
GOOGL,2020-03-01,8.08817e+11,58.0975
GOOGL,2020-04-01,9.3273e+11,67.335
GOOGL,2020-05-01,9.92861e+11,71.676
GOOGL,2020-06-01,9.82147e+11,70.9025
GOOGL,2020-07-01,1.02218e+12,74.3975
GOOGL,2020-08-01,1.11944e+12,81.4765
GOOGL,2020-09-01,1.00682e+12,73.28
GOOGL,2020-10-01,1.10832e+12,80.8055
GOOGL,2020-11-01,1.20315e+12,87.72
GOOGL,2020-12-01,1.20195e+12,87.632
GOOGL,2021-01-01,1.25319e+12,91.368
GOOGL,2021-02-01,1.38621e+12,101.096
GOOGL,2021-03-01,1.41405e+12,103.126
GOOGL,2021-04-01,1.60511e+12,117.675
GOOGL,2021-05-01,1.60739e+12,117.843
GOOGL,2021-06-01,1.66532e+12,122.09
GOOGL,2021-07-01,1.83111e+12,134.726
GOOGL,2021-08-01,1.96663e+12,144.697
GOOGL,2021-09-01,1.81684e+12,133.676
GOOGL,2021-10-01,2.00314e+12,148.046
GOOGL,2021-11-01,1.91995e+12,141.898
GOOGL,2021-12-01,1.95993e+12,144.852
GOOGL,2022-01-01,1.83073e+12,135.304
GOOGL,2022-02-01,1.81856e+12,135.057
GOOGL,2022-03-01,1.87256e+12,139.067
GOOGL,2022-04-01,1.52356e+12,114.109
GOOGL,2022-05-01,1.51892e+12,113.762
GOOGL,2022-06-01,1.45485e+12,108.963
GOOGL,2022-07-01,1.53831e+12,116.32
GOOGL,2022-08-01,1.43119e+12,108.22
GOOGL,2022-09-01,1.26495e+12,95.65
GOOGL,2022-10-01,1.24022e+12,94.51
GOOGL,2022-11-01,1.32526e+12,100.99
GOOGL,2022-12-01,1.15781e+12,88.23
GOOGL,2023-01-01,1.29704e+12,98.84
GOOGL,2023-02-01,1.1851e+12,90.06
GOOGL,2023-03-01,1.36498e+12,103.73
GOOGL,2023-04-01,1.38083e+12,107.34
GOOGL,2023-05-01,1.58061e+12,122.87
GOOGL,2023-06-01,1.53983e+12,119.7
GOOGL,2023-07-01,1.69404e+12,132.72
GOOGL,2023-08-01,1.73807e+12,136.17
GOOGL,2023-09-01,1.6703e+12,130.86
GOOGL,2023-10-01,1.57532e+12,124.08
GOOGL,2023-11-01,1.6826e+12,132.53
GOOGL,2023-12-01,1.7735e+12,139.69
GOOGL,2024-01-01,1.78235e+12,140.1
GOOGL,2024-02-01,1.76149e+12,138.46
GOOGL,2024-03-01,1.92013e+12,150.93
GOOGL,2024-04-01,2.03915e+12,162.78
GOOGL,2024-05-01,2.16091e+12,172.5
GOOGL,2024-06-01,2.28179e+12,182.15
GOOGL,2024-07-01,2.14339e+12,171.54
GOOGL,2024-08-01,2.04143e+12,163.38
GOOGL,2024-09-01,2.0723e+12,165.85
GOOGL,2024-10-01,2.12502e+12,171.11
GOOGL,2024-11-01,2.09819e+12,168.95
GOOGL,2024-12-01,2.35092e+12,189.3
GOOGL,2025-01-01,2.53372e+12,204.02
GOOGL,2025-02-01,2.11948e+12,170.28
GOOGL,2025-03-01,1.9248e+12,154.64
GOOGL,2025-04-01,1.95181e+12,158.8
GOOGL,2025-05-01,2.11086e+12,171.74
GOOGL,2025-06-01,2.16604e+12,176.23
GOOGL,2025-07-01,2.3408e+12,191.9
GOOGL,2025-08-01,2.59708e+12,212.91
GOOGL,2025-09-01,2.96533e+12,243.1
GOOGL,2025-10-01,3.43136e+12,281.19
GOOGL,2025-11-01,3.90716e+12,320.18
GOOGL,2025-12-01,3.81954e+12,313
GOOGL,2026-01-01,4.12461e+12,338
GOOGL,2026-02-01,3.81282e+12,311.76
GOOGL,2026-03-01,3.51686e+12,287.56
GOOGL,2026-04-01,4.70918e+12,384.8
GOOGL,2026-05-01,4.6546e+12,380.34
GOOGL,2026-06-01,4.37349e+12,357.37
GOOGL,2026-07-01,4.35832e+12,356.13
GOOGL,2026-08-01,4.15297e+12,339.35
GOOGL,2026-09-01,4.13436e+12,337.83
META,2012-07-01,4.07931e+10,21.71
META,2012-08-01,3.39347e+10,18.06
META,2012-09-01,4.06991e+10,21.66
META,2012-10-01,5.10862e+10,21.11
META,2012-11-01,6.776e+10,28
META,2012-12-01,6.44204e+10,26.62
META,2013-01-01,7.49716e+10,30.98
META,2013-02-01,5.90235e+10,27.25
META,2013-03-01,5.54063e+10,25.58
META,2013-04-01,6.01498e+10,27.77
META,2013-05-01,6.08506e+10,24.35
META,2013-06-01,6.21751e+10,24.88
META,2013-07-01,9.20736e+10,36.8
META,2013-08-01,1.03308e+11,41.29
META,2013-09-01,1.25675e+11,50.23
META,2013-10-01,1.25613e+11,50.205
META,2013-11-01,1.18841e+11,47.01
META,2013-12-01,1.38155e+11,54.65
META,2014-01-01,1.57489e+11,62.57
META,2014-02-01,1.72314e+11,68.46
META,2014-03-01,1.51624e+11,60.24
META,2014-04-01,1.55966e+11,59.78
META,2014-05-01,1.6515e+11,63.3
META,2014-06-01,1.7556e+11,67.29
META,2014-07-01,1.8998e+11,72.65
META,2014-08-01,1.95654e+11,74.82
META,2014-09-01,2.0669e+11,79.04
META,2014-10-01,1.98274e+11,74.99
META,2014-11-01,2.05439e+11,77.7
META,2014-12-01,2.06285e+11,78.02
META,2015-01-01,2.02224e+11,75.91
META,2015-02-01,2.10376e+11,78.97
META,2015-03-01,2.19034e+11,82.22
META,2015-04-01,2.23392e+11,78.77
META,2015-05-01,2.24583e+11,79.19
META,2015-06-01,2.43244e+11,85.77
META,2015-07-01,2.67928e+11,94.01
META,2015-08-01,2.54876e+11,89.43
META,2015-09-01,2.56215e+11,89.9
META,2015-10-01,2.90614e+11,101.97
META,2015-11-01,2.98439e+11,104.24
META,2015-12-01,2.99642e+11,104.66
META,2016-01-01,3.20135e+11,112.21
META,2016-02-01,3.05043e+11,106.92
META,2016-03-01,3.25527e+11,114.1
META,2016-04-01,3.39571e+11,117.58
META,2016-05-01,3.43123e+11,118.81
META,2016-06-01,3.30041e+11,114.28
META,2016-07-01,3.59922e+11,123.94
META,2016-08-01,3.66252e+11,126.12
META,2016-09-01,3.72496e+11,128.27
META,2016-10-01,3.80395e+11,130.99
META,2016-11-01,3.45194e+11,118.42
META,2016-12-01,3.35371e+11,115.05
META,2017-01-01,3.79883e+11,130.32
META,2017-02-01,3.96454e+11,135.54
META,2017-03-01,4.15496e+11,142.05
META,2017-04-01,4.39481e+11,150.25
META,2017-05-01,4.45898e+11,151.46
META,2017-06-01,4.44485e+11,150.98
META,2017-07-01,4.99457e+11,169.25
META,2017-08-01,5.07483e+11,171.97
META,2017-09-01,5.04237e+11,170.87
META,2017-10-01,5.31357e+11,180.06
META,2017-11-01,5.23744e+11,177.18
META,2017-12-01,5.21616e+11,176.46
META,2018-01-01,5.52447e+11,186.89
META,2018-02-01,5.27114e+11,178.32
META,2018-03-01,4.72339e+11,159.79
META,2018-04-01,5.0654e+11,172
META,2018-05-01,5.64792e+11,191.78
META,2018-06-01,5.72272e+11,194.32
META,2018-07-01,5.05659e+11,172.58
META,2018-08-01,5.14889e+11,175.73
META,2018-09-01,4.81868e+11,164.46
META,2018-10-01,4.42164e+11,151.79
META,2018-11-01,4.09597e+11,140.61
META,2018-12-01,3.81865e+11,131.09
META,2019-01-01,4.86901e+11,166.69
META,2019-02-01,4.71595e+11,161.45
META,2019-03-01,4.86901e+11,166.69
META,2019-04-01,5.54865e+11,193.4
META,2019-05-01,5.09161e+11,177.47
META,2019-06-01,5.53717e+11,193
META,2019-07-01,5.58411e+11,194.23
META,2019-08-01,5.33801e+11,185.67
META,2019-09-01,5.1198e+11,178.08
META,2019-10-01,5.50802e+11,191.65
META,2019-11-01,5.79513e+11,201.64
META,2019-12-01,5.89888e+11,205.25
META,2020-01-01,5.80693e+11,201.91
META,2020-02-01,5.53544e+11,192.47
META,2020-03-01,4.79717e+11,166.8
META,2020-04-01,5.87108e+11,204.71
META,2020-05-01,6.45558e+11,225.09
META,2020-06-01,6.51237e+11,227.07
META,2020-07-01,7.30316e+11,253.67
META,2020-08-01,8.44123e+11,293.2
META,2020-09-01,7.5401e+11,261.9
META,2020-10-01,7.60651e+11,263.11
META,2020-11-01,8.0072e+11,276.97
META,2020-12-01,7.89706e+11,273.16
META,2021-01-01,7.46057e+11,258.33
META,2021-02-01,7.44007e+11,257.62
META,2021-03-01,8.50603e+11,294.53
META,2021-04-01,9.36881e+11,325.08
META,2021-05-01,9.474e+11,328.73
META,2021-06-01,1.0021e+12,347.71
META,2021-07-01,1.02508e+12,356.3
META,2021-08-01,1.09148e+12,379.38
META,2021-09-01,9.76425e+11,339.39
META,2021-10-01,9.25087e+11,323.57
META,2021-11-01,9.27631e+11,324.46
META,2021-12-01,9.61625e+11,336.35
META,2022-01-01,8.9561e+11,313.26
META,2022-02-01,6.03335e+11,211.03
META,2022-03-01,6.35727e+11,222.36
META,2022-04-01,5.49689e+11,200.47
META,2022-05-01,5.30961e+11,193.64
META,2022-06-01,4.42148e+11,161.25
META,2022-07-01,4.31638e+11,159.1
META,2022-08-01,4.42029e+11,162.93
META,2022-09-01,3.681e+11,135.68
META,2022-10-01,2.50321e+11,93.16
META,2022-11-01,3.17335e+11,118.1
META,2022-12-01,3.23354e+11,120.34
META,2023-01-01,4.00282e+11,148.97
META,2023-02-01,4.72688e+11,174.94
META,2023-03-01,5.72662e+11,211.94
META,2023-04-01,6.23871e+11,240.32
META,2023-05-01,6.87213e+11,264.72
META,2023-06-01,7.45e+11,286.98
META,2023-07-01,8.32183e+11,318.6
META,2023-08-01,7.72865e+11,295.89
META,2023-09-01,7.84149e+11,300.21
META,2023-10-01,7.95654e+11,301.27
META,2023-11-01,8.64003e+11,327.15
META,2023-12-01,9.34808e+11,353.96
META,2024-01-01,1.03036e+12,390.14
META,2024-02-01,1.28855e+12,490.13
META,2024-03-01,1.27659e+12,485.58
META,2024-04-01,1.1292e+12,430.17
META,2024-05-01,1.22543e+12,466.83
META,2024-06-01,1.32358e+12,504.22
META,2024-07-01,1.24643e+12,474.83
META,2024-08-01,1.36062e+12,521.31
META,2024-09-01,1.49407e+12,572.44
META,2024-10-01,1.47571e+12,567.58
META,2024-11-01,1.49323e+12,574.32
META,2024-12-01,1.52233e+12,585.51
META,2025-01-01,1.80152e+12,689.18
META,2025-02-01,1.74667e+12,668.2
META,2025-03-01,1.50661e+12,576.36
META,2025-04-01,1.43509e+12,549
META,2025-05-01,1.677e+12,647.49
META,2025-06-01,1.91165e+12,738.09
META,2025-07-01,1.98774e+12,773.44
META,2025-08-01,1.89846e+12,738.7
META,2025-09-01,1.88736e+12,734.38
META,2025-10-01,1.66756e+12,648.35
META,2025-11-01,1.66653e+12,647.95
META,2025-12-01,1.69775e+12,660.09
META,2026-01-01,1.84427e+12,716.5
META,2026-02-01,1.66842e+12,648.18
META,2026-03-01,1.47266e+12,572.13
META,2026-04-01,1.56894e+12,611.91
META,2026-05-01,1.62176e+12,632.51
META,2026-06-01,1.44428e+12,563.29
META,2026-07-01,1.4274e+12,556.71
META,2026-08-01,1.46748e+12,572.34
META,2026-09-01,1.90787e+12,744.1
AMZN,2009-07-01,3.77344e+10,4.288
AMZN,2009-08-01,3.57236e+10,4.0595
AMZN,2009-09-01,4.10784e+10,4.668
AMZN,2009-10-01,5.23952e+10,5.9405
AMZN,2009-11-01,5.99363e+10,6.7955
AMZN,2009-12-01,5.93233e+10,6.726
AMZN,2010-01-01,5.53058e+10,6.2705
AMZN,2010-02-01,5.22144e+10,5.92
AMZN,2010-03-01,5.98746e+10,6.7885
AMZN,2010-04-01,6.22434e+10,6.855
AMZN,2010-05-01,5.69588e+10,6.273
AMZN,2010-06-01,4.9604e+10,5.463
AMZN,2010-07-01,5.364e+10,5.8945
AMZN,2010-08-01,5.67976e+10,6.2415
AMZN,2010-09-01,7.14623e+10,7.853
AMZN,2010-10-01,7.53449e+10,8.2615
AMZN,2010-11-01,7.99824e+10,8.77
AMZN,2010-12-01,8.208e+10,9
AMZN,2011-01-01,7.6338e+10,8.482
AMZN,2011-02-01,7.79805e+10,8.6645
AMZN,2011-03-01,8.10585e+10,9.0065
AMZN,2011-04-01,8.98768e+10,9.7905
AMZN,2011-05-01,9.02807e+10,9.8345
AMZN,2011-06-01,9.38609e+10,10.2245
AMZN,2011-07-01,1.02359e+11,11.126
AMZN,2011-08-01,9.90058e+10,10.7615
AMZN,2011-09-01,9.94658e+10,10.8115
AMZN,2011-10-01,9.84281e+10,10.6755
AMZN,2011-11-01,8.86457e+10,9.6145
AMZN,2011-12-01,7.97991e+10,8.655
AMZN,2012-01-01,8.96368e+10,9.722
AMZN,2012-02-01,8.30168e+10,8.9845
AMZN,2012-03-01,9.35596e+10,10.1255
AMZN,2012-04-01,1.06674e+11,11.595
AMZN,2012-05-01,9.79386e+10,10.6455
AMZN,2012-06-01,1.05041e+11,11.4175
AMZN,2012-07-01,1.06851e+11,11.665
AMZN,2012-08-01,1.13708e+11,12.4135
AMZN,2012-09-01,1.16479e+11,12.716
AMZN,2012-10-01,1.07129e+11,11.6445
AMZN,2012-11-01,1.15943e+11,12.6025
AMZN,2012-12-01,1.154e+11,12.5435
AMZN,2013-01-01,1.22661e+11,13.275
AMZN,2013-02-01,1.22093e+11,13.2135
AMZN,2013-03-01,1.23118e+11,13.3245
AMZN,2013-04-01,1.17514e+11,12.6905
AMZN,2013-05-01,1.2464e+11,13.46
AMZN,2013-06-01,1.2857e+11,13.8845
AMZN,2013-07-01,1.37356e+11,15.061
AMZN,2013-08-01,1.28127e+11,14.049
AMZN,2013-09-01,1.42564e+11,15.632
AMZN,2013-10-01,1.66362e+11,18.2015
AMZN,2013-11-01,1.79884e+11,19.681
AMZN,2013-12-01,1.82247e+11,19.9395
AMZN,2014-01-01,1.67508e+11,17.9345
AMZN,2014-02-01,1.69101e+11,18.105
AMZN,2014-03-01,1.5708e+11,16.818
AMZN,2014-04-01,1.42333e+11,15.2065
AMZN,2014-05-01,1.46273e+11,15.6275
AMZN,2014-06-01,1.51997e+11,16.239
AMZN,2014-07-01,1.44288e+11,15.6495
AMZN,2014-08-01,1.56297e+11,16.952
AMZN,2014-09-01,1.48645e+11,16.122
AMZN,2014-10-01,1.41428e+11,15.273
AMZN,2014-11-01,1.5679e+11,16.932
AMZN,2014-12-01,1.43692e+11,15.5175
AMZN,2015-01-01,1.67338e+11,17.7265
AMZN,2015-02-01,1.79436e+11,19.008
AMZN,2015-03-01,1.75631e+11,18.605
AMZN,2015-04-01,1.96128e+11,21.089
AMZN,2015-05-01,1.99592e+11,21.4615
AMZN,2015-06-01,2.01852e+11,21.7045
AMZN,2015-07-01,2.55207e+11,26.8075
AMZN,2015-08-01,2.44136e+11,25.6445
AMZN,2015-09-01,2.4366e+11,25.5945
AMZN,2015-10-01,2.9918e+11,31.295
AMZN,2015-11-01,3.17774e+11,33.24
AMZN,2015-12-01,3.23075e+11,33.7945
AMZN,2016-01-01,2.82347e+11,29.35
AMZN,2016-02-01,2.65762e+11,27.626
AMZN,2016-03-01,2.85541e+11,29.682
AMZN,2016-04-01,3.17263e+11,32.9795
AMZN,2016-05-01,3.47662e+11,36.1395
AMZN,2016-06-01,3.44213e+11,35.781
AMZN,2016-07-01,3.66505e+11,37.9405
AMZN,2016-08-01,3.71504e+11,38.458
AMZN,2016-09-01,4.04421e+11,41.8655
AMZN,2016-10-01,3.83063e+11,39.491
AMZN,2016-11-01,3.64026e+11,37.5285
AMZN,2016-12-01,3.63687e+11,37.4935
AMZN,2017-01-01,3.99388e+11,41.174
AMZN,2017-02-01,4.10689e+11,42.252
AMZN,2017-03-01,4.30858e+11,44.327
AMZN,2017-04-01,4.53245e+11,46.2495
AMZN,2017-05-01,4.87364e+11,49.731
AMZN,2017-06-01,4.7432e+11,48.4
AMZN,2017-07-01,4.85988e+11,49.389
AMZN,2017-08-01,4.82455e+11,49.03
AMZN,2017-09-01,4.72984e+11,48.0675
AMZN,2017-10-01,5.46008e+11,55.264
AMZN,2017-11-01,5.81314e+11,58.8375
AMZN,2017-12-01,5.77718e+11,58.4735
AMZN,2018-01-01,7.1674e+11,72.5445
AMZN,2018-02-01,7.50175e+11,75.6225
AMZN,2018-03-01,7.17881e+11,72.367
AMZN,2018-04-01,7.79933e+11,78.3065
AMZN,2018-05-01,8.11551e+11,81.481
AMZN,2018-06-01,8.465e+11,84.99
AMZN,2018-07-01,8.8872e+11,88.872
AMZN,2018-08-01,1.00635e+12,100.635
AMZN,2018-09-01,1.0015e+12,100.15
AMZN,2018-10-01,8.00603e+11,79.9005
AMZN,2018-11-01,8.46775e+11,84.5085
AMZN,2018-12-01,7.52487e+11,75.0985
AMZN,2019-01-01,8.61084e+11,85.9365
AMZN,2019-02-01,8.21555e+11,81.9915
AMZN,2019-03-01,8.92156e+11,89.0375
AMZN,2019-04-01,9.67113e+11,96.326
AMZN,2019-05-01,8.91085e+11,88.7535
AMZN,2019-06-01,9.50602e+11,94.6815
AMZN,2019-07-01,9.3899e+11,93.339
AMZN,2019-08-01,8.93474e+11,88.8145
AMZN,2019-09-01,8.73163e+11,86.7955
AMZN,2019-10-01,8.95437e+11,88.833
AMZN,2019-11-01,9.07603e+11,90.04
AMZN,2019-12-01,9.31311e+11,92.392
AMZN,2020-01-01,1.0144e+12,100.436
AMZN,2020-02-01,9.51294e+11,94.1875
AMZN,2020-03-01,9.84609e+11,97.486
AMZN,2020-04-01,1.24937e+12,123.7
AMZN,2020-05-01,1.23584e+12,122.118
AMZN,2020-06-01,1.39596e+12,137.941
AMZN,2020-07-01,1.61082e+12,158.234
AMZN,2020-08-01,1.75654e+12,172.548
AMZN,2020-09-01,1.6027e+12,157.436
AMZN,2020-10-01,1.55451e+12,151.808
AMZN,2020-11-01,1.62204e+12,158.402
AMZN,2020-12-01,1.66755e+12,162.846
AMZN,2021-01-01,1.64157e+12,160.31
AMZN,2021-02-01,1.58667e+12,154.647
AMZN,2021-03-01,1.58726e+12,154.704
AMZN,2021-04-01,1.77879e+12,173.371
AMZN,2021-05-01,1.65343e+12,161.154
AMZN,2021-06-01,1.7648e+12,172.008
AMZN,2021-07-01,1.71038e+12,166.38
AMZN,2021-08-01,1.78399e+12,173.54
AMZN,2021-09-01,1.68851e+12,164.252
AMZN,2021-10-01,1.7368e+12,168.621
AMZN,2021-11-01,1.80614e+12,175.353
AMZN,2021-12-01,1.71719e+12,166.717
AMZN,2022-01-01,1.54061e+12,149.573
AMZN,2022-02-01,1.5817e+12,153.563
AMZN,2022-03-01,1.67887e+12,162.998
AMZN,2022-04-01,1.26519e+12,124.281
AMZN,2022-05-01,1.22373e+12,120.21
AMZN,2022-06-01,1.08122e+12,106.21
AMZN,2022-07-01,1.37312e+12,134.95
AMZN,2022-08-01,1.28988e+12,126.77
AMZN,2022-09-01,1.14978e+12,113
AMZN,2022-10-01,1.05831e+12,102.44
AMZN,2022-11-01,9.97355e+11,96.54
AMZN,2022-12-01,8.67804e+11,84
AMZN,2023-01-01,1.06544e+12,103.13
AMZN,2023-02-01,9.60109e+11,94.23
AMZN,2023-03-01,1.05242e+12,103.29
AMZN,2023-04-01,1.09109e+12,105.45
AMZN,2023-05-01,1.24764e+12,120.58
AMZN,2023-06-01,1.34883e+12,130.36
AMZN,2023-07-01,1.38319e+12,133.68
AMZN,2023-08-01,1.44207e+12,138.01
AMZN,2023-09-01,1.32828e+12,127.12
AMZN,2023-10-01,1.40516e+12,133.09
AMZN,2023-11-01,1.54242e+12,146.09
AMZN,2023-12-01,1.60418e+12,151.94
AMZN,2024-01-01,1.6386e+12,155.2
AMZN,2024-02-01,1.85457e+12,176.76
AMZN,2024-03-01,1.89255e+12,180.38
AMZN,2024-04-01,1.8361e+12,175
AMZN,2024-05-01,1.88261e+12,176.44
AMZN,2024-06-01,2.06198e+12,193.25
AMZN,2024-07-01,1.99508e+12,186.98
AMZN,2024-08-01,1.91138e+12,178.5
AMZN,2024-09-01,1.99522e+12,186.33
AMZN,2024-10-01,1.99597e+12,186.4
AMZN,2024-11-01,2.2317e+12,207.89
AMZN,2024-12-01,2.35515e+12,219.39
AMZN,2025-01-01,2.55149e+12,237.68
AMZN,2025-02-01,2.27585e+12,212.28
AMZN,2025-03-01,2.03978e+12,190.26
AMZN,2025-04-01,1.97717e+12,184.42
AMZN,2025-05-01,2.21267e+12,205.01
AMZN,2025-06-01,2.36788e+12,219.39
AMZN,2025-07-01,2.52675e+12,234.11
AMZN,2025-08-01,2.47457e+12,229
AMZN,2025-09-01,2.37267e+12,219.57
AMZN,2025-10-01,2.64857e+12,244.22
AMZN,2025-11-01,2.52927e+12,233.22
AMZN,2025-12-01,2.50324e+12,230.82
AMZN,2026-01-01,2.59521e+12,239.3
AMZN,2026-02-01,2.27367e+12,210
AMZN,2026-03-01,2.25494e+12,208.27
AMZN,2026-04-01,2.88226e+12,265.06
AMZN,2026-05-01,2.94294e+12,270.64
AMZN,2026-06-01,2.59171e+12,238.34
AMZN,2026-07-01,2.95316e+12,271.58
AMZN,2026-08-01,2.82474e+12,259.77
AMZN,2026-09-01,2.71056e+12,249.27
AAPL,2009-07-01,1.48474e+11,5.83245
AAPL,2009-08-01,1.52862e+11,6.00485
AAPL,2009-09-01,1.68427e+11,6.61628
AAPL,2009-10-01,1.71301e+11,6.72918
AAPL,2009-11-01,1.81648e+11,7.13564
AAPL,2009-12-01,1.91483e+11,7.52199
AAPL,2010-01-01,1.76558e+11,6.85557
AAPL,2010-02-01,1.88106e+11,7.30398
AAPL,2010-03-01,2.16048e+11,8.38892
AAPL,2010-04-01,2.40841e+11,9.32027
AAPL,2010-05-01,2.36941e+11,9.16934
AAPL,2010-06-01,2.32018e+11,8.97881
AAPL,2010-07-01,2.38447e+11,9.183
AAPL,2010-08-01,2.25334e+11,8.67799
AAPL,2010-09-01,2.63006e+11,10.1288
AAPL,2010-10-01,2.72855e+11,10.744
AAPL,2010-11-01,2.82094e+11,11.1078
AAPL,2010-12-01,2.92426e+11,11.5146
AAPL,2011-01-01,3.16471e+11,12.1122
AAPL,2011-02-01,3.29445e+11,12.6087
AAPL,2011-03-01,3.25013e+11,12.4391
AAPL,2011-04-01,3.27523e+11,12.4978
AAPL,2011-05-01,3.25413e+11,12.4173
AAPL,2011-06-01,3.1401e+11,11.9822
AAPL,2011-07-01,3.66024e+11,13.9392
AAPL,2011-08-01,3.60741e+11,13.738
AAPL,2011-09-01,3.57396e+11,13.6106
AAPL,2011-10-01,3.78937e+11,14.4489
AAPL,2011-11-01,3.57817e+11,13.6436
AAPL,2011-12-01,3.79114e+11,14.4556
AAPL,2012-01-01,4.29622e+11,16.2958
AAPL,2012-02-01,5.10525e+11,19.3644
AAPL,2012-03-01,5.64211e+11,21.4008
AAPL,2012-04-01,5.5151e+11,20.8455
AAPL,2012-05-01,5.45569e+11,20.621
AAPL,2012-06-01,5.51542e+11,20.8467
AAPL,2012-07-01,5.78196e+11,21.8042
AAPL,2012-08-01,6.32384e+11,23.8477
AAPL,2012-09-01,6.31663e+11,23.8205
AAPL,2012-10-01,5.62719e+11,21.2588
AAPL,2012-11-01,5.55782e+11,20.9967
AAPL,2012-12-01,5.02994e+11,19.0025
AAPL,2013-01-01,4.31374e+11,16.2647
AAPL,2013-02-01,4.20491e+11,15.8544
AAPL,2013-03-01,4.19137e+11,15.8033
AAPL,2013-04-01,4.18704e+11,15.8067
AAPL,2013-05-01,4.2814e+11,16.163
AAPL,2013-06-01,3.77142e+11,14.2377
AAPL,2013-07-01,4.18048e+11,16.1537
AAPL,2013-08-01,4.55689e+11,17.6081
AAPL,2013-09-01,4.43154e+11,17.1238
AAPL,2013-10-01,4.89779e+11,18.7752
AAPL,2013-11-01,5.21053e+11,19.974
AAPL,2013-12-01,5.22753e+11,20.0392
AAPL,2014-01-01,4.51361e+11,17.8823
AAPL,2014-02-01,4.77371e+11,18.9128
AAPL,2014-03-01,4.84011e+11,19.1759
AAPL,2014-04-01,5.19217e+11,21.0834
AAPL,2014-05-01,5.60122e+11,22.7444
AAPL,2014-06-01,5.72597e+11,23.251
AAPL,2014-07-01,5.79058e+11,23.9212
AAPL,2014-08-01,6.23907e+11,25.774
AAPL,2014-09-01,6.10523e+11,25.2211
AAPL,2014-10-01,6.62033e+11,27.0321
AAPL,2014-11-01,7.32351e+11,29.9033
AAPL,2014-12-01,6.77009e+11,27.6436
AAPL,2015-01-01,6.90308e+11,29.3408
AAPL,2015-02-01,7.59711e+11,32.2907
AAPL,2015-03-01,7.33227e+11,31.1651
AAPL,2015-04-01,7.31584e+11,31.3454
AAPL,2015-05-01,7.64627e+11,32.7612
AAPL,2015-06-01,7.33324e+11,31.42
AAPL,2015-07-01,7.0167e+11,30.3853
AAPL,2015-08-01,6.55241e+11,28.3747
AAPL,2015-09-01,6.38123e+11,27.6335
AAPL,2015-10-01,6.93708e+11,29.937
AAPL,2015-11-01,6.89698e+11,29.7639
AAPL,2015-12-01,6.1104e+11,26.3694
AAPL,2016-01-01,5.45518e+11,24.379
AAPL,2016-02-01,5.44839e+11,24.3487
AAPL,2016-03-01,6.10894e+11,27.3007
AAPL,2016-04-01,5.20392e+11,23.4797
AAPL,2016-05-01,5.57767e+11,25.166
AAPL,2016-06-01,5.30978e+11,23.9573
AAPL,2016-07-01,5.71698e+11,26.1155
AAPL,2016-08-01,5.85258e+11,26.7349
AAPL,2016-09-01,6.20137e+11,28.3282
AAPL,2016-10-01,6.25968e+11,28.4516
AAPL,2016-11-01,6.12479e+11,27.8385
AAPL,2016-12-01,6.38572e+11,29.0245
AAPL,2017-01-01,6.69113e+11,30.4127
AAPL,2017-02-01,7.34821e+11,34.4792
AAPL,2017-03-01,7.70548e+11,36.1556
AAPL,2017-04-01,7.67468e+11,36.0111
AAPL,2017-05-01,8.09275e+11,38.4513
AAPL,2017-06-01,7.63066e+11,36.2558
AAPL,2017-07-01,7.84494e+11,37.2739
AAPL,2017-08-01,8.63808e+11,41.2634
AAPL,2017-09-01,8.08672e+11,38.6296
AAPL,2017-10-01,8.87101e+11,42.3761
AAPL,2017-11-01,9.0809e+11,43.2284
AAPL,2017-12-01,8.91026e+11,42.4161
AAPL,2018-01-01,8.816e+11,41.9674
AAPL,2018-02-01,9.24949e+11,44.8327
AAPL,2018-03-01,8.68171e+11,42.0806
AAPL,2018-04-01,8.55097e+11,41.4469
AAPL,2018-05-01,9.53758e+11,47.0434
AAPL,2018-06-01,9.41152e+11,46.4217
AAPL,2018-07-01,9.67448e+11,47.7187
AAPL,2018-08-01,1.12885e+12,57.2834
AAPL,2018-09-01,1.11595e+12,56.6288
AAPL,2018-10-01,1.08195e+12,54.9034
AAPL,2018-11-01,8.99077e+11,44.9529
AAPL,2018-12-01,7.90972e+11,39.5477
AAPL,2019-01-01,7.96735e+11,41.7292
AAPL,2019-02-01,8.32413e+11,43.5978
AAPL,2019-03-01,9.09284e+11,47.6239
AAPL,2019-04-01,9.60626e+11,50.313
AAPL,2019-05-01,8.28539e+11,44.0652
AAPL,2019-06-01,9.32536e+11,49.5962
AAPL,2019-07-01,9.82594e+11,53.3858
AAPL,2019-08-01,9.66488e+11,52.5108
AAPL,2019-09-01,1.03312e+12,56.1311
AAPL,2019-10-01,1.15935e+12,62.345
AAPL,2019-11-01,1.24927e+12,67.1806
AAPL,2019-12-01,1.36868e+12,73.6021
AAPL,2020-01-01,1.38243e+12,77.5842
AAPL,2020-02-01,1.22379e+12,68.681
AAPL,2020-03-01,1.1352e+12,63.7095
AAPL,2020-04-01,1.31162e+12,73.6104
AAPL,2020-05-01,1.4073e+12,79.875
AAPL,2020-06-01,1.61052e+12,91.4096
AAPL,2020-07-01,1.8554e+12,106.515
AAPL,2020-08-01,2.25708e+12,129.575
AAPL,2020-09-01,2.02549e+12,116.279
AAPL,2020-10-01,1.91599e+12,109.309
AAPL,2020-11-01,2.09904e+12,119.752
AAPL,2020-12-01,2.33551e+12,133.243
AAPL,2021-01-01,2.26763e+12,132.504
AAPL,2021-02-01,2.08681e+12,121.938
AAPL,2021-03-01,2.09867e+12,122.631
AAPL,2021-04-01,2.23428e+12,131.978
AAPL,2021-05-01,2.12144e+12,125.313
AAPL,2021-06-01,2.32774e+12,137.499
AAPL,2021-07-01,2.45731e+12,146.427
AAPL,2021-08-01,2.5618e+12,152.654
AAPL,2021-09-01,2.38386e+12,142.051
AAPL,2021-10-01,2.53627e+12,150.387
AAPL,2021-11-01,2.80287e+12,166.196
AAPL,2021-12-01,3.00687e+12,178.291
AAPL,2022-01-01,2.89897e+12,175.49
AAPL,2022-02-01,2.7423e+12,166.006
AAPL,2022-03-01,2.89597e+12,175.309
AAPL,2022-04-01,2.59642e+12,158.286
AAPL,2022-05-01,2.45489e+12,149.658
AAPL,2022-06-01,2.25153e+12,137.261
AAPL,2022-07-01,2.65324e+12,163.154
AAPL,2022-08-01,2.57042e+12,158.061
AAPL,2022-09-01,2.25616e+12,138.736
AAPL,2022-10-01,2.51312e+12,153.935
AAPL,2022-11-01,2.43011e+12,148.851
AAPL,2022-12-01,2.1297e+12,130.45
AAPL,2023-01-01,2.36507e+12,144.867
AAPL,2023-02-01,2.36503e+12,148.225
AAPL,2023-03-01,2.64567e+12,165.813
AAPL,2023-04-01,2.71854e+12,170.381
AAPL,2023-05-01,2.8244e+12,178.229
AAPL,2023-06-01,3.09081e+12,195.04
AAPL,2023-07-01,3.12648e+12,197.291
AAPL,2023-08-01,2.98039e+12,188.931
AAPL,2023-09-01,2.71264e+12,171.958
AAPL,2023-10-01,2.70565e+12,171.515
AAPL,2023-11-01,3.02067e+12,191.03
AAPL,2023-12-01,3.05788e+12,193.383
AAPL,2024-01-01,2.92873e+12,185.215
AAPL,2024-02-01,2.83153e+12,181.781
AAPL,2024-03-01,2.68277e+12,172.231
AAPL,2024-04-01,2.66478e+12,171.075
AAPL,2024-05-01,2.99016e+12,193.354
AAPL,2024-06-01,3.27163e+12,211.555
AAPL,2024-07-01,3.44965e+12,223.066
AAPL,2024-08-01,3.53442e+12,230.283
AAPL,2024-09-01,3.59225e+12,234.051
AAPL,2024-10-01,3.48295e+12,226.929
AAPL,2024-11-01,3.67733e+12,238.663
AAPL,2024-12-01,3.8761e+12,251.563
AAPL,2025-01-01,3.59192e+12,237.077
AAPL,2025-02-01,3.68485e+12,243.211
AAPL,2025-03-01,3.38106e+12,223.159
AAPL,2025-04-01,3.23448e+12,213.485
AAPL,2025-05-01,3.03804e+12,201.781
AAPL,2025-06-01,3.09938e+12,205.855
AAPL,2025-07-01,3.13564e+12,208.263
AAPL,2025-08-01,3.48166e+12,232.915
AAPL,2025-09-01,3.51088e+12,234.87
NVDA,2009-08-01,8.04891e+09,0.368109
NVDA,2009-09-01,8.32937e+09,0.380935
NVDA,2009-10-01,6.62787e+09,0.303119
NVDA,2009-11-01,7.60539e+09,0.331025
NVDA,2009-12-01,1.08792e+10,0.473517
NVDA,2010-01-01,8.96458e+09,0.390184
NVDA,2010-02-01,9.43555e+09,0.410683
NVDA,2010-03-01,1.01333e+10,0.441053
NVDA,2010-04-01,9.14769e+09,0.398154
NVDA,2010-05-01,7.87239e+06,0.333013
NVDA,2010-06-01,6.11899e+06,0.258842
NVDA,2010-07-01,5.50623e+06,0.232921
NVDA,2010-08-01,5.41224e+06,0.236234
NVDA,2010-09-01,6.78197e+06,0.296019
NVDA,2010-10-01,6.98052e+06,0.304686
NVDA,2010-11-01,7.90416e+06,0.345001
NVDA,2010-12-01,9.10005e+06,0.390461
NVDA,2011-01-01,1.41311e+07,0.606329
NVDA,2011-02-01,1.33857e+07,0.574348
NVDA,2011-03-01,1.02846e+07,0.467844
NVDA,2011-04-01,1.11446e+07,0.506967
NVDA,2011-05-01,1.24653e+07,0.507981
NVDA,2011-06-01,9.9147e+06,0.404039
NVDA,2011-07-01,8.60144e+06,0.350522
NVDA,2011-08-01,8.28419e+06,0.33734
NVDA,2011-09-01,7.78754e+06,0.317117
NVDA,2011-10-01,9.21267e+06,0.375149
NVDA,2011-11-01,9.72448e+09,0.396232
NVDA,2011-12-01,8.62161e+09,0.351295
NVDA,2012-01-01,9.18861e+09,0.374397
NVDA,2012-02-01,9.42485e+09,0.384023
NVDA,2012-03-01,9.62675e+09,0.390461
NVDA,2012-04-01,8.12439e+09,0.329525
NVDA,2012-05-01,7.86383e+09,0.315165
NVDA,2012-06-01,8.73913e+09,0.350245
NVDA,2012-07-01,8.56369e+09,0.343214
NVDA,2012-08-01,8.86495e+09,0.355655
NVDA,2012-09-01,8.42636e+09,0.338059
NVDA,2012-10-01,7.52641e+09,0.301953
NVDA,2012-11-01,7.63806e+09,0.303654
NVDA,2012-12-01,7.82591e+09,0.311122
NVDA,2013-01-01,7.77871e+09,0.309246
NVDA,2013-02-01,8.08006e+09,0.321226
NVDA,2013-03-01,8.13697e+09,0.325501
NVDA,2013-04-01,8.68321e+09,0.347352
NVDA,2013-05-01,9.09053e+09,0.366967
NVDA,2013-06-01,8.81691e+09,0.355921
NVDA,2013-07-01,9.02118e+09,0.364167
NVDA,2013-08-01,8.85303e+09,0.373857
NVDA,2013-09-01,9.33962e+09,0.394406
NVDA,2013-10-01,9.0729e+09,0.383142
NVDA,2013-11-01,9.31874e+09,0.395699
NVDA,2013-12-01,9.57038e+09,0.406384
NVDA,2014-01-01,9.32904e+09,0.396136
NVDA,2014-02-01,1.09696e+10,0.465798
NVDA,2014-03-01,1.07931e+10,0.453862
NVDA,2014-04-01,1.10799e+10,0.465922
NVDA,2014-05-01,1.09877e+10,0.481562
NVDA,2014-06-01,1.07187e+10,0.46977
NVDA,2014-07-01,1.00733e+10,0.441485
NVDA,2014-08-01,1.1248e+10,0.492838
NVDA,2014-09-01,1.06686e+10,0.467453
NVDA,2014-10-01,1.12485e+10,0.492862
NVDA,2014-11-01,1.18596e+10,0.531153
NVDA,2014-12-01,1.13382e+10,0.507802
NVDA,2015-01-01,1.07175e+10,0.48
NVDA,2015-02-01,1.23139e+10,0.5515
NVDA,2015-03-01,1.17839e+10,0.5232
NVDA,2015-04-01,1.25001e+10,0.555
NVDA,2015-05-01,1.2571e+10,0.5533
NVDA,2015-06-01,1.14213e+10,0.5027
NVDA,2015-07-01,1.13327e+10,0.4988
NVDA,2015-08-01,1.24989e+10,0.562
NVDA,2015-09-01,1.37043e+10,0.6162
NVDA,2015-10-01,1.57726e+10,0.7092
NVDA,2015-11-01,1.79218e+10,0.793
NVDA,2015-12-01,1.86224e+10,0.824
NVDA,2016-01-01,1.65477e+10,0.7322
NVDA,2016-02-01,1.77184e+10,0.784
NVDA,2016-03-01,2.02723e+10,0.8907
NVDA,2016-04-01,2.02154e+10,0.8882
NVDA,2016-05-01,2.78918e+10,1.168
NVDA,2016-06-01,2.80662e+10,1.1753
NVDA,2016-07-01,3.40887e+10,1.4275
NVDA,2016-08-01,3.87055e+10,1.5335
NVDA,2016-09-01,4.32361e+10,1.713
NVDA,2016-10-01,4.4902e+10,1.779
NVDA,2016-11-01,6.02066e+10,2.305
NVDA,2016-12-01,6.97012e+10,2.6685
NVDA,2017-01-01,7.12945e+10,2.7295
NVDA,2017-02-01,6.62664e+10,2.537
NVDA,2017-03-01,7.06943e+10,2.7232
NVDA,2017-04-01,6.76907e+10,2.6075
NVDA,2017-05-01,9.25296e+10,3.6088
NVDA,2017-06-01,9.2663e+10,3.614
NVDA,2017-07-01,1.04168e+11,4.0627
NVDA,2017-08-01,1.07256e+11,4.236
NVDA,2017-09-01,1.13163e+11,4.4693
NVDA,2017-10-01,1.30909e+11,5.1702
NVDA,2017-11-01,1.26045e+11,5.0177
NVDA,2017-12-01,1.21518e+11,4.8375
NVDA,2018-01-01,1.54362e+11,6.145
NVDA,2018-02-01,1.52944e+11,6.05
NVDA,2018-03-01,1.46366e+11,5.7898
NVDA,2018-04-01,1.42137e+11,5.6225
NVDA,2018-05-01,1.58122e+11,6.3047
NVDA,2018-06-01,1.48536e+11,5.9225
NVDA,2018-07-01,1.53527e+11,6.1215
NVDA,2018-08-01,1.75706e+11,7.017
NVDA,2018-09-01,1.75919e+11,7.0255
NVDA,2018-10-01,1.31981e+11,5.2708
NVDA,2018-11-01,1.02145e+11,4.0858
NVDA,2018-12-01,8.34375e+10,3.3375
NVDA,2019-01-01,8.9845e+10,3.5938
NVDA,2019-02-01,9.64125e+10,3.8565
NVDA,2019-03-01,1.12225e+11,4.489
NVDA,2019-04-01,1.13125e+11,4.525
NVDA,2019-05-01,8.34434e+10,3.3865
NVDA,2019-06-01,1.01167e+11,4.1058
NVDA,2019-07-01,1.03932e+11,4.218
NVDA,2019-08-01,1.03185e+11,4.1877
NVDA,2019-09-01,1.07226e+11,4.3517
NVDA,2019-10-01,1.23828e+11,5.0255
NVDA,2019-11-01,1.33945e+11,5.4185
NVDA,2019-12-01,1.45415e+11,5.8825
NVDA,2020-01-01,1.46113e+11,5.9107
NVDA,2020-02-01,1.66902e+11,6.7517
NVDA,2020-03-01,1.62905e+11,6.59
NVDA,2020-04-01,1.80629e+11,7.307
NVDA,2020-05-01,2.20822e+11,8.8755
NVDA,2020-06-01,2.36305e+11,9.4978
NVDA,2020-07-01,2.64094e+11,10.6147
NVDA,2020-08-01,3.34897e+11,13.3745
NVDA,2020-09-01,3.38804e+11,13.5305
NVDA,2020-10-01,3.13851e+11,12.534
NVDA,2020-11-01,3.37718e+11,13.4015
NVDA,2020-12-01,3.28986e+11,13.055
NVDA,2021-01-01,3.2734e+11,12.9897
NVDA,2021-02-01,3.44508e+11,13.7145
NVDA,2021-03-01,3.35309e+11,13.3483
NVDA,2021-04-01,3.77039e+11,15.0095
NVDA,2021-05-01,4.10661e+11,16.2445
NVDA,2021-06-01,5.05663e+11,20.0025
NVDA,2021-07-01,4.92935e+11,19.499
NVDA,2021-08-01,5.66788e+11,22.385
NVDA,2021-09-01,5.24529e+11,20.716
NVDA,2021-10-01,6.47356e+11,25.567
NVDA,2021-11-01,8.29317e+11,32.676
NVDA,2021-12-01,7.46451e+11,29.411
NVDA,2022-01-01,6.21455e+11,24.486
NVDA,2022-02-01,6.18891e+11,24.385
NVDA,2022-03-01,6.917e+11,27.286
NVDA,2022-04-01,4.70166e+11,18.547
NVDA,2022-05-01,4.73709e+11,18.672
NVDA,2022-06-01,3.84584e+11,15.159
NVDA,2022-07-01,4.60795e+11,18.163
NVDA,2022-08-01,3.79765e+11,15.094
NVDA,2022-09-01,3.05417e+11,12.139
NVDA,2022-10-01,3.39585e+11,13.497
NVDA,2022-11-01,4.22906e+11,16.923
NVDA,2022-12-01,3.65204e+11,14.614
NVDA,2023-01-01,4.8823e+11,19.537
NVDA,2023-02-01,5.82025e+11,23.216
NVDA,2023-03-01,6.96369e+11,27.777
NVDA,2023-04-01,6.95667e+11,27.749
NVDA,2023-05-01,9.42067e+11,37.834
NVDA,2023-06-01,1.05332e+12,42.302
NVDA,2023-07-01,1.16355e+12,46.729
NVDA,2023-08-01,1.23338e+12,49.355
NVDA,2023-09-01,1.08704e+12,43.499
NVDA,2023-10-01,1.01909e+12,40.78
NVDA,2023-11-01,1.16644e+12,46.77
NVDA,2023-12-01,1.23508e+12,49.522
NVDA,2024-01-01,1.53448e+12,61.527
NVDA,2024-02-01,1.97305e+12,79.112
NVDA,2024-03-01,2.25348e+12,90.356
NVDA,2024-04-01,2.15487e+12,86.402
NVDA,2024-05-01,2.72877e+12,109.633
NVDA,2024-06-01,3.07491e+12,123.54
NVDA,2024-07-01,2.91263e+12,117.02
NVDA,2024-08-01,2.96611e+12,119.37
NVDA,2024-09-01,3.01754e+12,121.44
NVDA,2024-10-01,3.29882e+12,132.76
NVDA,2024-11-01,3.42501e+12,138.25
NVDA,2024-12-01,3.3269e+12,134.29
NVDA,2025-01-01,2.97461e+12,120.07
NVDA,2025-02-01,3.09852e+12,124.92
NVDA,2025-03-01,2.68826e+12,108.38
NVDA,2025-04-01,2.70165e+12,108.92
NVDA,2025-05-01,3.32568e+12,135.13
NVDA,2025-06-01,3.88829e+12,157.99
NVDA,2025-07-01,4.37756e+12,177.87
NVDA,2025-08-01,4.27298e+12,174.18
NVDA,2025-09-01,4.57718e+12,186.58
NVDA,2025-10-01,4.96748e+12,202.49
NVDA,2025-11-01,4.33349e+12,177
NVDA,2025-12-01,4.56608e+12,186.5
NVDA,2026-01-01,4.67944e+12,191.13
NVDA,2026-02-01,4.34364e+12,177.19
NVDA,2026-03-01,4.27524e+12,174.4
NVDA,2026-04-01,4.89226e+12,199.57
NVDA,2026-05-01,5.14992e+12,211.14
NVDA,2026-06-01,4.8804e+12,200.09
NVDA,2026-07-01,4.89649e+12,200.75
NVDA,2026-08-01,5.38504e+12,220.78
NVDA,2026-09-01,5.50041e+12,225.51
AMD,2010-08-01,3.97749e+09,5.61
AMD,2010-09-01,5.04099e+09,7.11
AMD,2010-10-01,5.20406e+09,7.34
AMD,2010-11-01,5.19777e+09,7.29
AMD,2010-12-01,5.83234e+09,8.18
AMD,2011-01-01,5.58279e+09,7.83
AMD,2011-02-01,6.56673e+09,9.21
AMD,2011-03-01,6.1318e+09,8.6
AMD,2011-04-01,6.4883e+09,9.1
AMD,2011-05-01,6.63152e+09,8.68
AMD,2011-06-01,5.34036e+09,6.99
AMD,2011-07-01,5.60776e+09,7.34
AMD,2011-08-01,5.07469e+09,6.83
AMD,2011-09-01,3.77444e+09,5.08
AMD,2011-10-01,4.33169e+09,5.83
AMD,2011-11-01,4.21629e+09,5.69
AMD,2011-12-01,4.0014e+09,5.4
AMD,2012-01-01,4.97211e+09,6.71
AMD,2012-02-01,5.3802e+09,7.35
AMD,2012-03-01,5.87064e+09,8.02
AMD,2012-04-01,5.38752e+09,7.36
AMD,2012-05-01,4.46272e+09,6.08
AMD,2012-06-01,4.20582e+09,5.73
AMD,2012-07-01,2.98004e+09,4.06
AMD,2012-08-01,2.8086e+09,3.72
AMD,2012-09-01,2.54435e+09,3.37
AMD,2012-10-01,1.54775e+09,2.05
AMD,2012-11-01,1.639e+09,2.2
AMD,2012-12-01,1.788e+09,2.4
AMD,2013-01-01,1.937e+09,2.6
AMD,2013-02-01,1.86003e+09,2.49
AMD,2013-03-01,1.90485e+09,2.55
AMD,2013-04-01,2.10654e+09,2.82
AMD,2013-05-01,2.996e+09,4
AMD,2013-06-01,3.05592e+09,4.08
AMD,2013-07-01,2.82373e+09,3.77
AMD,2013-08-01,2.45904e+09,3.27
AMD,2013-09-01,2.86512e+09,3.81
AMD,2013-10-01,2.55176e+09,3.34
AMD,2013-11-01,2.78096e+09,3.64
AMD,2013-12-01,2.95668e+09,3.87
AMD,2014-01-01,2.62052e+09,3.43
AMD,2014-02-01,2.84186e+09,3.71
AMD,2014-03-01,3.07166e+09,4.01
AMD,2014-04-01,3.13294e+09,4.09
AMD,2014-05-01,3.044e+09,4
AMD,2014-06-01,3.18859e+09,4.19
AMD,2014-07-01,2.98724e+09,3.91
AMD,2014-08-01,3.18588e+09,4.17
AMD,2014-09-01,2.60524e+09,3.41
AMD,2014-10-01,2.198e+09,2.8
AMD,2014-11-01,2.19015e+09,2.79
AMD,2014-12-01,2.09595e+09,2.67
AMD,2015-01-01,2.01745e+09,2.57
AMD,2015-02-01,2.41336e+09,3.11
AMD,2015-03-01,2.07968e+09,2.68
AMD,2015-04-01,1.75602e+09,2.26
AMD,2015-05-01,1.77156e+09,2.28
AMD,2015-06-01,1.8648e+09,2.4
AMD,2015-07-01,1.50154e+09,1.93
AMD,2015-08-01,1.40818e+09,1.81
AMD,2015-09-01,1.33816e+09,1.72
AMD,2015-10-01,1.64936e+09,2.12
AMD,2015-11-01,1.8526e+09,2.36
AMD,2015-12-01,2.25295e+09,2.87
AMD,2016-01-01,1.727e+09,2.2
AMD,2016-02-01,1.69274e+09,2.14
AMD,2016-03-01,2.25435e+09,2.85
AMD,2016-04-01,2.81515e+09,3.55
AMD,2016-05-01,3.62401e+09,4.57
AMD,2016-06-01,4.07602e+09,5.14
AMD,2016-07-01,5.63206e+09,6.86
AMD,2016-08-01,6.0754e+09,7.4
AMD,2016-09-01,5.67311e+09,6.91
AMD,2016-10-01,5.89245e+09,7.23
AMD,2016-11-01,7.26165e+09,8.91
AMD,2016-12-01,9.2421e+09,11.34
AMD,2017-01-01,8.45155e+09,10.37
AMD,2017-02-01,1.17849e+10,14.46
AMD,2017-03-01,1.18582e+10,14.55
AMD,2017-04-01,1.08395e+10,13.3
AMD,2017-05-01,1.05074e+10,11.19
AMD,2017-06-01,1.17187e+10,12.48
AMD,2017-07-01,1.27798e+10,13.61
AMD,2017-08-01,1.2285e+10,13
AMD,2017-09-01,1.20488e+10,12.75
AMD,2017-10-01,1.03856e+10,10.99
AMD,2017-11-01,1.13474e+10,10.89
AMD,2017-12-01,1.07118e+10,10.28
AMD,2018-01-01,1.43171e+10,13.74
AMD,2018-02-01,1.12744e+10,12.11
AMD,2018-03-01,9.35655e+09,10.05
AMD,2018-04-01,1.01293e+10,10.88
AMD,2018-05-01,1.42655e+10,13.73
AMD,2018-06-01,1.55746e+10,14.99
AMD,2018-07-01,1.90449e+10,18.33
AMD,2018-08-01,2.887e+10,25.17
AMD,2018-09-01,3.54308e+10,30.89
AMD,2018-10-01,1.9594e+10,18.21
AMD,2018-11-01,2.29188e+10,21.3
AMD,2018-12-01,1.9863e+10,18.46
AMD,2019-01-01,2.62652e+10,24.41
AMD,2019-02-01,2.53889e+10,23.53
AMD,2019-03-01,2.75361e+10,25.52
AMD,2019-04-01,2.98128e+10,27.63
AMD,2019-05-01,2.99865e+10,27.41
AMD,2019-06-01,3.32248e+10,30.37
AMD,2019-07-01,3.3769e+10,30.45
AMD,2019-08-01,3.4878e+10,31.45
AMD,2019-09-01,3.21499e+10,28.99
AMD,2019-10-01,3.78998e+10,33.93
AMD,2019-11-01,4.37306e+10,39.15
AMD,2019-12-01,5.12256e+10,45.86
AMD,2020-01-01,5.2499e+10,47
AMD,2020-02-01,5.40302e+10,45.48
AMD,2020-03-01,5.40302e+10,45.48
AMD,2020-04-01,6.41254e+10,52.39
AMD,2020-05-01,6.58512e+10,53.8
AMD,2020-06-01,6.43946e+10,52.61
AMD,2020-07-01,9.50066e+10,77.43
AMD,2020-08-01,1.11436e+11,90.82
AMD,2020-09-01,1.00602e+11,81.99
AMD,2020-10-01,9.14774e+10,75.29
AMD,2020-11-01,1.12582e+11,92.66
AMD,2020-12-01,1.11428e+11,91.71
AMD,2021-01-01,1.04995e+11,85.64
AMD,2021-02-01,1.03609e+11,84.51
AMD,2021-03-01,9.6241e+10,78.5
AMD,2021-04-01,1.00474e+11,81.62
AMD,2021-05-01,9.85785e+10,80.08
AMD,2021-06-01,1.15628e+11,93.93
AMD,2021-07-01,1.30826e+11,106.19
AMD,2021-08-01,1.36407e+11,110.72
AMD,2021-09-01,1.26773e+11,102.9
AMD,2021-10-01,1.47883e+11,120.23
AMD,2021-11-01,1.94795e+11,158.37
AMD,2021-12-01,1.76997e+11,143.9
AMD,2022-01-01,1.40528e+11,114.25
AMD,2022-02-01,1.51585e+11,123.34
AMD,2022-03-01,1.34379e+11,109.34
AMD,2022-04-01,1.05104e+11,85.52
AMD,2022-05-01,1.43623e+11,101.86
AMD,2022-06-01,1.07823e+11,76.47
AMD,2022-07-01,1.33203e+11,94.47
AMD,2022-08-01,1.38508e+11,84.87
AMD,2022-09-01,1.03404e+11,63.36
AMD,2022-10-01,9.80179e+10,60.06
AMD,2022-11-01,1.26149e+11,77.63
AMD,2022-12-01,1.05251e+11,64.77
AMD,2023-01-01,1.22119e+11,75.15
AMD,2023-02-01,1.23449e+11,78.58
AMD,2023-03-01,1.53974e+11,98.01
AMD,2023-04-01,1.404e+11,89.37
AMD,2023-05-01,1.90436e+11,118.21
AMD,2023-06-01,1.83509e+11,113.91
AMD,2023-07-01,1.84298e+11,114.4
AMD,2023-08-01,1.72006e+11,105.72
AMD,2023-09-01,1.67288e+11,102.82
AMD,2023-10-01,1.6026e+11,98.5
AMD,2023-11-01,1.9737e+11,121.16
AMD,2023-12-01,2.40131e+11,147.41
AMD,2024-01-01,2.72496e+11,167.69
AMD,2024-02-01,3.12861e+11,192.53
AMD,2024-03-01,2.93296e+11,180.49
AMD,2024-04-01,2.57368e+11,158.38
AMD,2024-05-01,2.73549e+11,166.9
AMD,2024-06-01,2.65862e+11,162.21
AMD,2024-07-01,2.36514e+11,144.48
AMD,2024-08-01,2.43193e+11,148.56
AMD,2024-09-01,2.68599e+11,164.08
AMD,2024-10-01,2.35699e+11,144.07
AMD,2024-11-01,2.24426e+11,137.18
AMD,2024-12-01,1.97612e+11,120.79
AMD,2025-01-01,1.89694e+11,115.95
AMD,2025-02-01,1.63471e+11,99.86
AMD,2025-03-01,1.68185e+11,102.74
AMD,2025-04-01,1.59362e+11,97.35
AMD,2025-05-01,1.80047e+11,110.73
AMD,2025-06-01,2.30729e+11,141.9
AMD,2025-07-01,2.8668e+11,176.31
AMD,2025-08-01,2.65087e+11,162.63
AMD,2025-09-01,2.63718e+11,161.79
AMD,2025-10-01,4.17476e+11,256.12
AMD,2025-11-01,3.56967e+11,217.53
AMD,2025-12-01,3.51437e+11,214.16
AMD,2026-01-01,3.88474e+11,236.73
AMD,2026-02-01,3.27544e+11,200.21
AMD,2026-03-01,3.32811e+11,203.43
AMD,2026-04-01,5.79946e+11,354.49
AMD,2026-05-01,8.51565e+11,516.1
AMD,2026-06-01,9.58502e+11,580.91
AMD,2026-07-01,7.85648e+11,476.15
AMD,2026-08-01,7.76688e+11,470.72
AMD,2026-09-01,1.01411e+12,614.61
INTC,2009-08-01,1.13564e+11,20.2974
INTC,2009-09-01,1.07887e+11,19.2827
INTC,2009-10-01,1.05349e+11,18.8291
INTC,2009-11-01,1.06209e+11,18.9118
INTC,2009-12-01,1.12882e+11,20.1002
INTC,2010-01-01,1.07331e+11,19.1116
INTC,2010-02-01,1.14166e+11,20.2243
INTC,2010-03-01,1.22026e+11,21.6166
INTC,2010-04-01,1.25066e+11,22.1552
INTC,2010-05-01,1.18e+11,20.771
INTC,2010-06-01,1.07168e+11,18.8643
INTC,2010-07-01,1.14082e+11,19.9758
INTC,2010-08-01,9.78513e+10,17.1338
INTC,2010-09-01,1.04368e+11,18.275
INTC,2010-10-01,1.09002e+11,19.0863
INTC,2010-11-01,1.1467e+11,20.1388
INTC,2010-12-01,1.13964e+11,20.0148
INTC,2011-01-01,1.16323e+11,20.4291
INTC,2011-02-01,1.16402e+11,20.4358
INTC,2011-03-01,1.09383e+11,19.2035
INTC,2011-04-01,1.23155e+11,21.6213
INTC,2011-05-01,1.18783e+11,21.1886
INTC,2011-06-01,1.16915e+11,20.8553
INTC,2011-07-01,1.17831e+11,21.0186
INTC,2011-08-01,1.04086e+11,19.13
INTC,2011-09-01,1.1033e+11,20.2775
INTC,2011-10-01,1.24272e+11,22.84
INTC,2011-11-01,1.24911e+11,23.3917
INTC,2011-12-01,1.21582e+11,22.7682
INTC,2012-01-01,1.32478e+11,24.8086
INTC,2012-02-01,1.37688e+11,25.4459
INTC,2012-03-01,1.41635e+11,26.1753
INTC,2012-04-01,1.43126e+11,26.451
INTC,2012-05-01,1.25817e+11,24.2328
INTC,2012-06-01,1.29752e+11,24.9907
INTC,2012-07-01,1.25124e+11,24.0994
INTC,2012-08-01,1.22125e+11,23.4901
INTC,2012-09-01,1.09296e+11,21.0226
INTC,2012-10-01,1.03417e+11,20.0694
INTC,2012-11-01,9.45094e+10,18.3407
INTC,2012-12-01,9.96064e+10,19.3298
INTC,2013-01-01,1.01624e+11,19.7213
INTC,2013-02-01,1.02086e+11,19.7842
INTC,2013-03-01,1.0431e+11,20.2151
INTC,2013-04-01,1.12653e+11,22.1758
INTC,2013-05-01,1.15258e+11,22.6886
INTC,2013-06-01,1.16111e+11,22.8564
INTC,2013-07-01,1.1132e+11,21.8017
INTC,2013-08-01,1.0689e+11,20.9342
INTC,2013-09-01,1.09096e+11,21.3662
INTC,2013-10-01,1.16332e+11,22.8101
INTC,2013-11-01,1.13321e+11,22.2198
INTC,2013-12-01,1.23371e+11,24.1904
INTC,2014-01-01,1.1667e+11,22.8764
INTC,2014-02-01,1.18749e+11,23.2979
INTC,2014-03-01,1.21395e+11,23.8169
INTC,2014-04-01,1.26037e+11,24.631
INTC,2014-05-01,1.30113e+11,25.4276
INTC,2014-06-01,1.47177e+11,28.7624
INTC,2014-07-01,1.61598e+11,31.5437
INTC,2014-08-01,1.67613e+11,32.7178
INTC,2014-09-01,1.64852e+11,32.1788
INTC,2014-10-01,1.58556e+11,31.4284
INTC,2014-11-01,1.74798e+11,34.6477
INTC,2014-12-01,1.70287e+11,33.7536
INTC,2015-01-01,1.55036e+11,30.7307
INTC,2015-02-01,1.57493e+11,31.1498
INTC,2015-03-01,1.45817e+11,28.8404
INTC,2015-04-01,1.4754e+11,30.0244
INTC,2015-05-01,1.57314e+11,32.0135
INTC,2015-06-01,1.38855e+11,28.2569
INTC,2015-07-01,1.32034e+11,26.8964
INTC,2015-08-01,1.31245e+11,26.7357
INTC,2015-09-01,1.3612e+11,27.7286
INTC,2015-10-01,1.5189e+11,31.1504
INTC,2015-11-01,1.57075e+11,32.2138
INTC,2015-12-01,1.55616e+11,31.9146
INTC,2016-01-01,1.40142e+11,28.7412
INTC,2016-02-01,1.35353e+11,27.6569
INTC,2016-03-01,1.47987e+11,30.2384
INTC,2016-04-01,1.361e+11,27.8096
INTC,2016-05-01,1.42624e+11,29.2562
INTC,2016-06-01,1.48136e+11,30.3869
INTC,2016-07-01,1.57448e+11,32.297
INTC,2016-08-01,1.63023e+11,33.5025
INTC,2016-09-01,1.71462e+11,35.2367
INTC,2016-10-01,1.56408e+11,32.0705
INTC,2016-11-01,1.5683e+11,32.1571
INTC,2016-12-01,1.63922e+11,33.6112
INTC,2017-01-01,1.66409e+11,34.1212
INTC,2017-02-01,1.64689e+11,33.7823
INTC,2017-03-01,1.64095e+11,33.6605
INTC,2017-04-01,1.62088e+11,33.2079
INTC,2017-05-01,1.63089e+11,33.413
INTC,2017-06-01,1.52385e+11,31.2201
INTC,2017-07-01,1.59021e+11,32.8217
INTC,2017-08-01,1.58394e+11,32.6922
INTC,2017-09-01,1.69123e+11,34.9068
INTC,2017-10-01,2.01025e+11,41.6979
INTC,2017-11-01,1.99309e+11,41.3419
INTC,2017-12-01,2.05181e+11,42.5598
INTC,2018-01-01,2.13996e+11,44.3883
INTC,2018-02-01,2.21221e+11,45.754
INTC,2018-03-01,2.30688e+11,47.712
INTC,2018-04-01,2.26525e+11,47.2913
INTC,2018-05-01,2.43626e+11,50.8613
INTC,2018-06-01,2.19389e+11,45.8014
INTC,2018-07-01,2.10381e+11,44.3186
INTC,2018-08-01,2.13115e+11,44.8947
INTC,2018-09-01,2.05321e+11,43.2528
INTC,2018-10-01,1.99297e+11,42.8781
INTC,2018-11-01,2.10939e+11,45.3827
INTC,2018-12-01,2.00758e+11,43.1924
INTC,2019-01-01,2.01573e+11,43.3677
INTC,2019-02-01,2.30609e+11,49.0553
INTC,2019-03-01,2.33834e+11,49.7414
INTC,2019-04-01,2.15772e+11,47.2769
INTC,2019-05-01,1.8734e+11,41.0474
INTC,2019-06-01,2.03637e+11,44.6181
INTC,2019-07-01,2.13104e+11,47.1157
INTC,2019-08-01,2.01229e+11,44.4901
INTC,2019-09-01,2.15631e+11,47.6742
INTC,2019-10-01,2.31849e+11,52.3007
INTC,2019-11-01,2.39418e+11,54.0081
INTC,2019-12-01,2.46837e+11,55.6818
INTC,2020-01-01,2.66036e+11,59.476
INTC,2020-02-01,2.32186e+11,51.9084
INTC,2020-03-01,2.26322e+11,50.5973
INTC,2020-04-01,2.41805e+11,56.0771
INTC,2020-05-01,2.55128e+11,59.1671
INTC,2020-06-01,2.42558e+11,56.2519
INTC,2020-07-01,1.92249e+11,44.8761
INTC,2020-08-01,2.06606e+11,48.2274
INTC,2020-09-01,2.09977e+11,49.0141
INTC,2020-10-01,1.76501e+11,41.9143
INTC,2020-11-01,1.94131e+11,46.1009
INTC,2020-12-01,2.00033e+11,47.5024
INTC,2021-01-01,2.23989e+11,52.9275
INTC,2021-02-01,2.46709e+11,58.2961
INTC,2021-03-01,2.59773e+11,61.3831
INTC,2021-04-01,2.26014e+11,55.1793
INTC,2021-05-01,2.25778e+11,55.1216
INTC,2021-06-01,2.21909e+11,54.177
INTC,2021-07-01,2.11714e+11,51.8399
INTC,2021-08-01,2.1444e+11,52.5074
INTC,2021-09-01,2.11345e+11,51.7495
INTC,2021-10-01,1.94464e+11,47.5928
INTC,2021-11-01,1.96611e+11,48.1182
INTC,2021-12-01,2.05803e+11,50.3679
INTC,2022-01-01,1.95284e+11,47.7467
INTC,2022-02-01,1.92257e+11,47.0067
INTC,2022-03-01,1.99753e+11,48.8393
INTC,2022-04-01,1.76421e+11,42.9563
INTC,2022-05-01,1.81202e+11,44.1203
INTC,2022-06-01,1.52607e+11,37.1577
INTC,2022-07-01,1.47867e+11,36.0651
INTC,2022-08-01,1.31301e+11,32.0247
INTC,2022-09-01,1.06004e+11,25.8546
INTC,2022-10-01,1.17658e+11,28.5232
INTC,2022-11-01,1.26127e+11,30.5761
INTC,2022-12-01,1.10859e+11,26.8749
INTC,2023-01-01,1.18477e+11,28.7357
INTC,2023-02-01,1.04516e+11,25.3496
INTC,2023-03-01,1.36966e+11,33.2199
INTC,2023-04-01,1.31195e+11,31.5828
INTC,2023-05-01,1.328e+11,31.9692
INTC,2023-06-01,1.41248e+11,34.0028
INTC,2023-07-01,1.52617e+11,36.3721
INTC,2023-08-01,1.49929e+11,35.7315
INTC,2023-09-01,1.51127e+11,36.0168
INTC,2023-10-01,1.56386e+11,36.9793
INTC,2023-11-01,1.91519e+11,45.287
INTC,2023-12-01,2.15298e+11,50.9099
INTC,2024-01-01,1.83836e+11,43.6457
INTC,2024-02-01,1.83708e+11,43.6153
INTC,2024-03-01,1.87925e+11,44.6167
INTC,2024-04-01,1.30561e+11,30.7781
INTC,2024-05-01,1.32189e+11,31.162
INTC,2024-06-01,1.3215e+11,31.1527
INTC,2024-07-01,1.31168e+11,30.9213
INTC,2024-08-01,9.45994e+10,22.17
INTC,2024-09-01,1.00104e+11,23.46
INTC,2024-10-01,9.18258e+10,21.52
INTC,2024-11-01,1.03223e+11,24.05
INTC,2024-12-01,8.60546e+10,20.05
INTC,2025-01-01,8.31604e+10,19.43
INTC,2025-02-01,1.01564e+11,23.73
INTC,2025-03-01,9.71988e+10,22.71
INTC,2025-04-01,8.72943e+10,20.1
INTC,2025-05-01,8.49056e+10,19.55
INTC,2025-06-01,9.72832e+10,22.4
INTC,2025-07-01,8.65062e+10,19.8
INTC,2025-08-01,1.06385e+11,24.35
INTC,2025-09-01,1.06778e+11,24.44
MU,2010-01-01,8.72614e+09,8.72003
MU,2010-02-01,9.06657e+09,9.06022
MU,2010-03-01,1.0378e+10,10.3708
MU,2010-04-01,9.35669e+09,9.35015
MU,2010-05-01,9.09641e+09,9.09005
MU,2010-06-01,8.49599e+09,8.49004
MU,2010-07-01,7.2852e+09,7.28011
MU,2010-08-01,6.46458e+09,6.46006
MU,2010-09-01,7.21508e+09,7.21004
MU,2010-10-01,8.26595e+09,8.26016
MU,2010-11-01,7.27526e+09,7.27017
MU,2010-12-01,8.02576e+09,8.02014
MU,2011-01-01,1.08703e+10,10.5404
MU,2011-02-01,1.1478e+10,11.1296
MU,2011-03-01,1.1829e+10,11.47
MU,2011-04-01,1.17427e+10,11.3204
MU,2011-05-01,1.05805e+10,10.2
MU,2011-06-01,7.75908e+09,7.48007
MU,2011-07-01,7.67748e+09,7.37015
MU,2011-08-01,6.15662e+09,5.91016
MU,2011-09-01,5.25019e+09,5.04002
MU,2011-10-01,5.63206e+09,5.59013
MU,2011-11-01,6.03489e+09,5.98996
MU,2011-12-01,6.33719e+09,6.29001
MU,2012-01-01,7.45878e+09,7.60014
MU,2012-02-01,8.39114e+09,8.55018
MU,2012-03-01,7.94948e+09,8.10014
MU,2012-04-01,6.47672e+09,6.59007
MU,2012-05-01,5.73964e+09,5.84009
MU,2012-06-01,6.20156e+09,6.31009
MU,2012-07-01,6.13114e+09,6.21
MU,2012-08-01,6.13114e+09,6.21
MU,2012-09-01,5.90418e+09,5.98012
MU,2012-10-01,5.38223e+09,5.43001
MU,2012-11-01,5.91267e+09,5.96517
MU,2012-12-01,6.28441e+09,6.34021
MU,2013-01-01,7.66365e+09,7.56007
MU,2013-02-01,8.49494e+09,8.38013
MU,2013-03-01,1.0116e+10,9.97925
MU,2013-04-01,9.57093e+09,9.42021
MU,2013-05-01,1.18677e+10,11.6808
MU,2013-06-01,1.45592e+10,14.3299
MU,2013-07-01,1.38578e+10,13.2407
MU,2013-08-01,1.42035e+10,13.571
MU,2013-09-01,1.8284e+10,17.4699
MU,2013-10-01,1.86752e+10,17.6798
MU,2013-11-01,2.22888e+10,21.1008
MU,2013-12-01,2.2975e+10,21.7504
MU,2014-01-01,2.75562e+10,23.0403
MU,2014-02-01,2.89309e+10,24.1898
MU,2014-03-01,2.82982e+10,23.6607
MU,2014-04-01,3.13703e+10,26.1201
MU,2014-05-01,3.43373e+10,28.5906
MU,2014-06-01,3.95733e+10,32.9503
MU,2014-07-01,3.63545e+10,30.55
MU,2014-08-01,3.8794e+10,32.6
MU,2014-09-01,4.07698e+10,34.2603
MU,2014-10-01,3.96428e+10,33.0908
MU,2014-11-01,4.3069e+10,35.9507
MU,2014-12-01,4.19422e+10,35.0101
MU,2015-01-01,3.49776e+10,29.27
MU,2015-02-01,3.66506e+10,30.67
MU,2015-03-01,3.24204e+10,27.13
MU,2015-04-01,3.34747e+10,28.13
MU,2015-05-01,3.32367e+10,27.93
MU,2015-06-01,2.24196e+10,18.84
MU,2015-07-01,2.16567e+10,18.51
MU,2015-08-01,1.91997e+10,16.41
MU,2015-09-01,1.75266e+10,14.98
MU,2015-10-01,1.93752e+10,16.56
MU,2015-11-01,1.86381e+10,15.93
MU,2015-12-01,1.65672e+10,14.16
MU,2016-01-01,1.19676e+10,11.03
MU,2016-02-01,1.15336e+10,10.63
MU,2016-03-01,1.136e+10,10.47
MU,2016-04-01,1.1137e+10,10.75
MU,2016-05-01,1.31779e+10,12.72
MU,2016-06-01,1.42554e+10,13.76
MU,2016-07-01,1.42346e+10,13.74
MU,2016-08-01,1.70836e+10,16.49
MU,2016-09-01,1.84201e+10,17.78
MU,2016-10-01,1.77778e+10,17.16
MU,2016-11-01,2.02331e+10,19.53
MU,2016-12-01,2.27091e+10,21.92
MU,2017-01-01,2.6304e+10,24.11
MU,2017-02-01,2.5573e+10,23.44
MU,2017-03-01,3.3524e+10,28.9
MU,2017-04-01,3.20972e+10,27.67
MU,2017-05-01,3.56932e+10,30.77
MU,2017-06-01,3.51452e+10,29.86
MU,2017-07-01,3.30972e+10,28.12
MU,2017-08-01,3.76287e+10,31.97
MU,2017-09-01,4.62914e+10,39.33
MU,2017-10-01,5.11337e+10,44.31
MU,2017-11-01,4.89181e+10,42.39
MU,2017-12-01,5.0372e+10,41.12
MU,2018-01-01,5.3557e+10,43.72
MU,2018-02-01,5.97922e+10,48.81
MU,2018-03-01,6.45493e+10,52.14
MU,2018-04-01,5.69232e+10,45.98
MU,2018-05-01,7.12964e+10,57.59
MU,2018-06-01,6.47634e+10,52.44
MU,2018-07-01,6.51956e+10,52.79
MU,2018-08-01,6.48622e+10,52.52
MU,2018-09-01,5.5859e+10,45.23
MU,2018-10-01,4.63579e+10,37.72
MU,2018-11-01,4.73902e+10,38.56
MU,2018-12-01,3.7251e+10,31.73
MU,2019-01-01,4.48703e+10,38.22
MU,2019-02-01,4.79931e+10,40.88
MU,2019-03-01,4.71575e+10,41.33
MU,2019-04-01,4.79905e+10,42.06
MU,2019-05-01,3.7208e+10,32.61
MU,2019-06-01,4.35681e+10,38.59
MU,2019-07-01,5.06808e+10,44.89
MU,2019-08-01,5.11098e+10,45.27
MU,2019-09-01,4.83776e+10,42.85
MU,2019-10-01,5.43496e+10,47.55
MU,2019-11-01,5.43039e+10,47.51
MU,2019-12-01,6.07176e+10,53.78
MU,2020-01-01,5.99386e+10,53.09
MU,2020-02-01,5.93402e+10,52.56
MU,2020-03-01,4.7654e+10,42.06
MU,2020-04-01,5.42594e+10,47.89
MU,2020-05-01,5.4282e+10,47.91
MU,2020-06-01,5.81661e+10,51.52
MU,2020-07-01,5.65177e+10,50.06
MU,2020-08-01,5.13808e+10,45.51
MU,2020-09-01,5.30178e+10,46.96
MU,2020-10-01,5.69345e+10,50.34
MU,2020-11-01,7.24858e+10,64.09
MU,2020-12-01,8.50286e+10,75.18
MU,2021-01-01,8.88364e+10,78.27
MU,2021-02-01,1.03887e+11,91.53
MU,2021-03-01,1.00118e+11,88.21
MU,2021-04-01,9.84641e+10,86.07
MU,2021-05-01,9.62562e+10,84.14
MU,2021-06-01,9.72171e+10,84.98
MU,2021-07-01,8.88291e+10,77.58
MU,2021-08-01,8.43865e+10,73.7
MU,2021-09-01,8.12721e+10,70.98
MU,2021-10-01,7.88431e+10,69.1
MU,2021-11-01,9.5844e+10,84
MU,2021-12-01,1.06284e+11,93.15
MU,2022-01-01,9.29651e+10,82.27
MU,2022-02-01,1.00412e+11,88.86
MU,2022-03-01,8.80157e+10,77.89
MU,2022-04-01,7.70547e+10,68.19
MU,2022-05-01,8.34392e+10,73.84
MU,2022-06-01,6.24664e+10,55.28
MU,2022-07-01,6.93451e+10,61.86
MU,2022-08-01,6.33701e+10,56.53
MU,2022-09-01,5.61621e+10,50.1
MU,2022-10-01,6.07002e+10,54.1
MU,2022-11-01,6.46833e+10,57.65
MU,2022-12-01,5.44782e+10,49.98
MU,2023-01-01,6.5727e+10,60.3
MU,2023-02-01,6.30238e+10,57.82
MU,2023-03-01,6.58309e+10,60.34
MU,2023-04-01,7.02168e+10,64.36
MU,2023-05-01,7.44062e+10,68.2
MU,2023-06-01,6.90423e+10,63.11
MU,2023-07-01,7.81007e+10,71.39
MU,2023-08-01,7.65144e+10,69.94
MU,2023-09-01,7.44248e+10,68.03
MU,2023-10-01,7.30889e+10,66.87
MU,2023-11-01,8.31992e+10,76.12
MU,2023-12-01,9.3874e+10,85.34
MU,2024-01-01,9.4325e+10,85.75
MU,2024-02-01,9.9671e+10,90.61
MU,2024-03-01,1.31329e+11,117.89
MU,2024-04-01,1.25837e+11,112.96
MU,2024-05-01,1.3925e+11,125
MU,2024-06-01,1.47708e+11,131.53
MU,2024-07-01,1.23328e+11,109.82
MU,2024-08-01,1.08078e+11,96.24
MU,2024-09-01,1.16466e+11,103.71
MU,2024-10-01,1.11409e+11,99.65
MU,2024-11-01,1.09508e+11,97.95
MU,2024-12-01,9.44275e+10,84.16
MU,2025-01-01,1.02371e+11,91.24
MU,2025-02-01,1.05053e+11,93.63
MU,2025-03-01,9.75775e+10,86.89
MU,2025-04-01,8.64148e+10,76.95
MU,2025-05-01,1.06079e+11,94.46
MU,2025-06-01,1.38656e+11,123.25
MU,2025-07-01,1.22782e+11,109.14
MU,2025-08-01,1.33886e+11,119.01
MU,2025-09-01,1.88235e+11,167.32
MU,2025-10-01,2.51741e+11,223.77
MU,2025-11-01,2.6604e+11,236.48
MU,2025-12-01,3.24797e+11,285.41
MU,2026-01-01,4.72133e+11,414.88
MU,2026-02-01,4.69277e+11,412.37
MU,2026-03-01,3.85813e+11,337.84
MU,2026-04-01,5.90597e+11,517.16
MU,2026-05-01,1.10888e+12,971
MU,2026-06-01,1.32166e+12,1154.29
MU,2026-07-01,9.42369e+11,823.03
MU,2026-08-01,1.09775e+12,958.73
MU,2026-09-01,1.2273e+12,1071.88
WDC,2009-10-01,5.7885e+09,25.1674
WDC,2009-11-01,6.33115e+09,27.5267
WDC,2009-12-01,7.58685e+09,32.9863
WDC,2010-01-01,6.58572e+09,28.3867
WDC,2010-02-01,6.69694e+09,28.8661
WDC,2010-03-01,6.75869e+09,29.1323
WDC,2010-04-01,7.18435e+09,30.7023
WDC,2010-05-01,6.08628e+09,26.0098
WDC,2010-06-01,5.27327e+09,22.5353
WDC,2010-07-01,4.61359e+09,19.7162
WDC,2010-08-01,4.07978e+09,18.0521
WDC,2010-09-01,4.79369e+09,21.211
WDC,2010-10-01,5.59605e+09,23.9147
WDC,2010-11-01,5.85738e+09,25.0315
WDC,2010-12-01,5.92687e+09,25.3285
WDC,2011-01-01,5.97318e+09,25.4178
WDC,2011-02-01,5.36973e+09,22.8499
WDC,2011-03-01,6.54731e+09,27.8609
WDC,2011-04-01,6.98803e+09,29.7363
WDC,2011-05-01,6.46271e+09,27.3844
WDC,2011-06-01,6.41506e+09,27.1825
WDC,2011-07-01,6.07613e+09,25.7463
WDC,2011-08-01,5.17791e+09,22.0337
WDC,2011-09-01,4.51608e+09,19.2173
WDC,2011-10-01,4.71819e+09,19.908
WDC,2011-11-01,5.14742e+09,21.7191
WDC,2011-12-01,5.48117e+09,23.1273
WDC,2012-01-01,6.4365e+09,27.1582
WDC,2012-02-01,6.95068e+09,29.3278
WDC,2012-03-01,7.32918e+09,30.9248
WDC,2012-04-01,6.87192e+09,28.9954
WDC,2012-05-01,5.76922e+09,23.4521
WDC,2012-06-01,5.60187e+09,22.7718
WDC,2012-07-01,7.30986e+09,29.7149
WDC,2012-08-01,7.65504e+09,31.245
WDC,2012-09-01,7.1349e+09,29.1221
WDC,2012-10-01,6.30558e+09,25.7371
WDC,2012-11-01,6.15826e+09,25.1357
WDC,2012-12-01,7.87916e+09,32.1598
WDC,2013-01-01,8.71558e+09,35.5738
WDC,2013-02-01,8.78045e+09,35.6929
WDC,2013-03-01,9.4126e+09,38.2626
WDC,2013-04-01,1.03472e+10,42.0617
WDC,2013-05-01,1.18042e+10,48.1803
WDC,2013-06-01,1.16229e+10,47.4404
WDC,2013-07-01,1.20516e+10,49.19
WDC,2013-08-01,1.16534e+10,47.3715
WDC,2013-09-01,1.19625e+10,48.6279
WDC,2013-10-01,1.29238e+10,53.4043
WDC,2013-11-01,1.39284e+10,57.5553
WDC,2013-12-01,1.56296e+10,64.585
WDC,2014-01-01,1.61189e+10,66.3329
WDC,2014-02-01,1.62725e+10,66.9649
WDC,2014-03-01,1.72334e+10,70.9195
WDC,2014-04-01,1.65316e+10,68.0314
WDC,2014-05-01,1.64208e+10,67.8546
WDC,2014-06-01,1.73285e+10,71.6054
WDC,2014-07-01,1.87531e+10,77.4921
WDC,2014-08-01,1.93398e+10,79.9166
WDC,2014-09-01,1.82707e+10,75.4986
WDC,2014-10-01,1.85445e+10,76.6303
WDC,2014-11-01,1.93082e+10,80.4508
WDC,2014-12-01,2.07709e+10,86.5452
WDC,2015-01-01,1.82423e+10,76.0095
WDC,2015-02-01,1.99022e+10,83.6227
WDC,2015-03-01,1.70248e+10,71.5328
WDC,2015-04-01,1.82839e+10,76.8229
WDC,2015-05-01,1.80597e+10,76.5242
WDC,2015-06-01,1.46354e+10,62.0144
WDC,2015-07-01,1.60614e+10,68.0566
WDC,2015-08-01,1.53613e+10,64.8158
WDC,2015-09-01,1.49965e+10,63.2764
WDC,2015-10-01,1.25148e+10,52.805
WDC,2015-11-01,1.1541e+10,49.3203
WDC,2015-12-01,1.11974e+10,47.8522
WDC,2016-01-01,8.85338e+09,37.835
WDC,2016-02-01,8.03236e+09,34.3263
WDC,2016-03-01,8.80783e+09,37.6403
WDC,2016-04-01,7.51786e+09,32.1276
WDC,2016-05-01,8.56192e+09,36.5894
WDC,2016-06-01,8.79441e+09,37.583
WDC,2016-07-01,8.72281e+09,37.277
WDC,2016-08-01,8.86194e+09,36.6196
WDC,2016-09-01,1.10446e+10,45.6388
WDC,2016-10-01,1.10391e+10,45.616
WDC,2016-11-01,1.41614e+10,49.6891
WDC,2016-12-01,1.50712e+10,52.8814
WDC,2017-01-01,1.76839e+10,62.0487
WDC,2017-02-01,1.75906e+10,59.8321
WDC,2017-03-01,1.88418e+10,64.0876
WDC,2017-04-01,2.03353e+10,69.1677
WDC,2017-05-01,2.09111e+10,69.9369
WDC,2017-06-01,2.05372e+10,68.6861
WDC,2017-07-01,1.97299e+10,65.9863
WDC,2017-08-01,2.02554e+10,68.4303
WDC,2017-09-01,1.97923e+10,66.8658
WDC,2017-10-01,2.04499e+10,69.0874
WDC,2017-11-01,1.86781e+10,61.0395
WDC,2017-12-01,1.87959e+10,61.4245
WDC,2018-01-01,2.10294e+10,68.7236
WDC,2018-02-01,1.98986e+10,67.2249
WDC,2018-03-01,2.10515e+10,71.1199
WDC,2018-04-01,1.79757e+10,60.7286
WDC,2018-05-01,1.98254e+10,64.3681
WDC,2018-06-01,1.83535e+10,59.5893
WDC,2018-07-01,1.66321e+10,54.0003
WDC,2018-08-01,1.4945e+10,48.6808
WDC,2018-09-01,1.38091e+10,44.9809
WDC,2018-10-01,1.01602e+10,33.0952
WDC,2018-11-01,1.03934e+10,34.877
WDC,2018-12-01,8.45853e+09,28.3843
WDC,2019-01-01,1.02938e+10,34.5429
WDC,2019-02-01,1.11996e+10,38.6192
WDC,2019-03-01,1.06799e+10,36.8272
WDC,2019-04-01,1.13595e+10,39.1707
WDC,2019-05-01,8.32803e+09,28.5207
WDC,2019-06-01,1.05728e+10,36.2083
WDC,2019-07-01,1.19825e+10,41.0359
WDC,2019-08-01,1.27341e+10,43.6098
WDC,2019-09-01,1.32609e+10,45.4141
WDC,2019-10-01,1.14587e+10,39.242
WDC,2019-11-01,1.13189e+10,38.2396
WDC,2019-12-01,1.4274e+10,48.2231
WDC,2020-01-01,1.46935e+10,49.6403
WDC,2020-02-01,1.2548e+10,42.1074
WDC,2020-03-01,9.39966e+09,31.5425
WDC,2020-04-01,1.03761e+10,34.8192
WDC,2020-05-01,1.01587e+10,33.527
WDC,2020-06-01,1.01083e+10,33.3608
WDC,2020-07-01,9.86792e+09,32.5674
WDC,2020-08-01,8.65127e+09,29.0311
WDC,2020-09-01,8.23019e+09,27.6181
WDC,2020-10-01,8.49589e+09,28.5097
WDC,2020-11-01,1.02755e+10,33.9124
WDC,2020-12-01,1.26818e+10,41.854
WDC,2021-01-01,1.29199e+10,42.6399
WDC,2021-02-01,1.58974e+10,51.7829
WDC,2021-03-01,1.54844e+10,50.4379
WDC,2021-04-01,1.63845e+10,53.3697
WDC,2021-05-01,1.77927e+10,56.8456
WDC,2021-06-01,1.68325e+10,53.7778
WDC,2021-07-01,1.53566e+10,49.0627
WDC,2021-08-01,1.47564e+10,47.7554
WDC,2021-09-01,1.3178e+10,42.6474
WDC,2021-10-01,1.22091e+10,39.5116
WDC,2021-11-01,1.38109e+10,43.7053
WDC,2021-12-01,1.55706e+10,49.2742
WDC,2022-01-01,1.23543e+10,39.096
WDC,2022-02-01,1.21248e+10,38.4915
WDC,2022-03-01,1.18178e+10,37.5167
WDC,2022-04-01,1.26318e+10,40.101
WDC,2022-05-01,1.44914e+10,45.8588
WDC,2022-06-01,1.07044e+10,33.8746
WDC,2022-07-01,1.17239e+10,37.1011
WDC,2022-08-01,1.00907e+10,31.9327
WDC,2022-09-01,7.77221e+09,24.5956
WDC,2022-10-01,8.20677e+09,25.9708
WDC,2022-11-01,8.85837e+09,27.7692
WDC,2022-12-01,7.60493e+09,23.8399
WDC,2023-01-01,1.05939e+10,33.2097
WDC,2023-02-01,9.2463e+09,29.0764
WDC,2023-03-01,9.05168e+09,28.4644
WDC,2023-04-01,8.27554e+09,26.0237
WDC,2023-05-01,9.33563e+09,29.2653
WDC,2023-06-01,9.1428e+09,28.6608
WDC,2023-07-01,1.02588e+10,32.1594
WDC,2023-08-01,1.0813e+10,34.0031
WDC,2023-09-01,1.09644e+10,34.4791
WDC,2023-10-01,9.64758e+09,30.3383
WDC,2023-11-01,1.17909e+10,36.5042
WDC,2023-12-01,1.27818e+10,39.572
WDC,2024-01-01,1.39728e+10,43.2595
WDC,2024-02-01,1.46045e+10,44.937
WDC,2024-03-01,1.67582e+10,51.5638
WDC,2024-04-01,1.79295e+10,53.5209
WDC,2024-05-01,1.90585e+10,56.8909
WDC,2024-06-01,1.918e+10,57.2536
WDC,2024-07-01,1.69726e+10,50.6646
WDC,2024-08-01,1.66031e+10,49.5614
WDC,2024-09-01,1.72865e+10,51.6016
WDC,2024-10-01,1.76179e+10,49.3498
WDC,2024-11-01,1.96896e+10,55.153
WDC,2024-12-01,1.60857e+10,45.0579
WDC,2025-01-01,1.75693e+10,49.2138
STX,2010-11-01,6.85728e+09,14.0806
STX,2010-12-01,7.68065e+09,15.7714
STX,2011-01-01,7.15706e+09,14.6962
STX,2011-02-01,6.47793e+09,13.3291
STX,2011-03-01,7.34856e+09,15.1205
STX,2011-04-01,9.08212e+09,18.6875
STX,2011-05-01,8.07146e+09,17.8178
STX,2011-06-01,7.7618e+09,17.1342
STX,2011-07-01,6.67255e+09,14.7297
STX,2011-08-01,5.8131e+09,12.4478
STX,2011-09-01,5.07922e+09,10.8763
STX,2011-10-01,7.41033e+09,17.1139
STX,2011-11-01,7.93037e+09,18.3149
STX,2011-12-01,7.53411e+09,17.3998
STX,2012-01-01,9.71023e+09,22.4255
STX,2012-02-01,1.23455e+10,28.1219
STX,2012-03-01,1.25601e+10,28.6108
STX,2012-04-01,1.44566e+10,32.9307
STX,2012-05-01,1.10117e+10,25.0836
STX,2012-06-01,1.15082e+10,26.2146
STX,2012-07-01,1.39681e+10,31.8179
STX,2012-08-01,1.51092e+10,34.2612
STX,2012-09-01,1.44756e+10,32.8244
STX,2012-10-01,1.18491e+10,28.971
STX,2012-11-01,1.10036e+10,26.9036
STX,2012-12-01,1.31603e+10,32.1769
STX,2013-01-01,1.3623e+10,35.9447
STX,2013-02-01,1.28937e+10,34.0203
STX,2013-03-01,1.46564e+10,38.6711
STX,2013-04-01,1.47134e+10,38.8216
STX,2013-05-01,1.69735e+10,45.9987
STX,2013-06-01,1.76755e+10,47.9011
STX,2013-07-01,1.59862e+10,43.3232
STX,2013-08-01,1.57865e+10,41.326
STX,2013-09-01,1.78618e+10,46.7587
STX,2013-10-01,1.91461e+10,52.0273
STX,2013-11-01,1.92836e+10,52.401
STX,2013-12-01,2.19015e+10,59.5149
STX,2014-01-01,1.93813e+10,56.0153
STX,2014-02-01,1.93049e+10,55.7946
STX,2014-03-01,2.06127e+10,59.5742
STX,2014-04-01,1.88542e+10,55.7818
STX,2014-05-01,1.94346e+10,57.499
STX,2014-06-01,2.0398e+10,60.3491
STX,2014-07-01,2.10373e+10,62.2404
STX,2014-08-01,2.32389e+10,66.971
STX,2014-09-01,2.1266e+10,61.2852
STX,2014-10-01,2.31694e+10,66.7705
STX,2014-11-01,2.38776e+10,70.8534
STX,2014-12-01,2.40188e+10,71.2725
STX,2015-01-01,2.017e+10,60.0298
STX,2015-02-01,2.204e+10,65.5954
STX,2015-03-01,1.87624e+10,55.8403
STX,2015-04-01,2.07845e+10,62.9834
STX,2015-05-01,1.96949e+10,59.6815
STX,2015-06-01,1.68141e+10,50.9517
STX,2015-07-01,1.77225e+10,53.7045
STX,2015-08-01,1.82489e+10,55.1326
STX,2015-09-01,1.59042e+10,48.0488
STX,2015-10-01,1.24316e+10,40.3624
STX,2015-11-01,1.19254e+10,38.7187
STX,2015-12-01,1.21647e+10,39.4957
STX,2016-01-01,9.27083e+09,30.8001
STX,2016-02-01,1.02065e+10,33.9086
STX,2016-03-01,1.12126e+10,37.2511
STX,2016-04-01,6.89701e+09,23.1443
STX,2016-05-01,7.37832e+09,24.7595
STX,2016-06-01,7.96666e+09,26.7338
STX,2016-07-01,1.02299e+10,34.3285
STX,2016-08-01,1.09204e+10,36.1604
STX,2016-09-01,1.2476e+10,41.3113
STX,2016-10-01,1.10654e+10,36.7621
STX,2016-11-01,1.29341e+10,42.9705
STX,2016-12-01,1.233e+10,40.9633
STX,2017-01-01,1.44388e+10,48.4523
STX,2017-02-01,1.54112e+10,51.7154
STX,2017-03-01,1.47067e+10,49.3512
STX,2017-04-01,1.35813e+10,45.271
STX,2017-05-01,1.40445e+10,46.815
STX,2017-06-01,1.2511e+10,41.7035
STX,2017-07-01,1.0642e+10,35.4733
STX,2017-08-01,1.0145e+10,33.9299
STX,2017-09-01,1.06758e+10,35.7051
STX,2017-10-01,1.16204e+10,39.796
STX,2017-11-01,1.212e+10,41.5068
STX,2017-12-01,1.31445e+10,45.0153
STX,2018-01-01,1.7282e+10,59.3883
STX,2018-02-01,1.6718e+10,57.4502
STX,2018-03-01,1.83114e+10,62.9257
STX,2018-04-01,1.81138e+10,62.2466
STX,2018-05-01,1.76323e+10,60.592
STX,2018-06-01,1.76745e+10,60.7373
STX,2018-07-01,1.64698e+10,56.5973
STX,2018-08-01,1.68151e+10,57.586
STX,2018-09-01,1.49043e+10,51.0421
STX,2018-10-01,1.26632e+10,43.3671
STX,2018-11-01,1.3564e+10,46.4522
STX,2018-12-01,1.2188e+10,41.7396
STX,2019-01-01,1.39845e+10,47.8923
STX,2019-02-01,1.44522e+10,50.3561
STX,2019-03-01,1.48743e+10,51.8268
STX,2019-04-01,1.48502e+10,52.2895
STX,2019-05-01,1.28622e+10,45.2895
STX,2019-06-01,1.44865e+10,51.0088
STX,2019-07-01,1.4237e+10,50.1301
STX,2019-08-01,1.54903e+10,54.352
STX,2019-09-01,1.6796e+10,58.9332
STX,2019-10-01,1.79255e+10,62.8966
STX,2019-11-01,1.74651e+10,64.6855
STX,2019-12-01,1.76025e+10,65.1945
STX,2020-01-01,1.66915e+10,61.8202
STX,2020-02-01,1.37841e+10,52.0155
STX,2020-03-01,1.42553e+10,53.7936
STX,2020-04-01,1.4306e+10,54.3954
STX,2020-05-01,1.51914e+10,57.7619
STX,2020-06-01,1.40444e+10,53.4008
STX,2020-07-01,1.29592e+10,49.2744
STX,2020-08-01,1.38578e+10,52.2937
STX,2020-09-01,1.44219e+10,54.4222
STX,2020-10-01,1.35168e+10,52.1884
STX,2020-11-01,1.66232e+10,64.1822
STX,2020-12-01,1.77533e+10,68.5454
STX,2021-01-01,1.8122e+10,72.1993
STX,2021-02-01,2.00707e+10,79.9631
STX,2021-03-01,2.1223e+10,84.5537
STX,2021-04-01,2.40479e+10,101.468
STX,2021-05-01,2.4988e+10,105.434
STX,2021-06-01,2.29469e+10,96.8225
STX,2021-07-01,2.27802e+10,96.119
STX,2021-08-01,2.34661e+10,95.7801
STX,2021-09-01,2.22882e+10,90.9724
STX,2021-10-01,2.25153e+10,97.4687
STX,2021-11-01,2.59532e+10,112.352
STX,2021-12-01,2.85715e+10,123.686
STX,2022-01-01,2.63922e+10,117.298
STX,2022-02-01,2.54097e+10,112.932
STX,2022-03-01,2.231e+10,99.1556
STX,2022-04-01,1.99462e+10,89.8475
STX,2022-05-01,2.05856e+10,92.7278
STX,2022-06-01,1.75405e+10,79.0113
STX,2022-07-01,1.94633e+10,87.6727
STX,2022-08-01,1.64417e+10,73.4003
STX,2022-09-01,1.30935e+10,58.453
STX,2022-10-01,1.14519e+10,54.5328
STX,2022-11-01,1.22152e+10,58.1675
STX,2022-12-01,1.19862e+10,57.077
STX,2023-01-01,1.51482e+10,73.535
STX,2023-02-01,1.44286e+10,70.0416
STX,2023-03-01,1.46295e+10,71.0172
STX,2023-04-01,1.30664e+10,63.1228
STX,2023-05-01,1.33621e+10,64.5513
STX,2023-06-01,1.36065e+10,65.7318
STX,2023-07-01,1.39649e+10,67.4635
STX,2023-08-01,1.55682e+10,75.2085
STX,2023-09-01,1.43688e+10,69.4143
STX,2023-10-01,1.49417e+10,71.8351
STX,2023-11-01,1.7317e+10,83.255
STX,2023-12-01,1.83754e+10,88.3434
STX,2024-01-01,1.85308e+10,88.6642
STX,2024-02-01,2.01248e+10,96.2909
STX,2024-03-01,1.99785e+10,95.5909
STX,2024-04-01,1.87985e+10,88.2559
STX,2024-05-01,2.04024e+10,95.7861
STX,2024-06-01,2.25972e+10,106.09
STX,2024-07-01,2.23565e+10,104.96
STX,2024-08-01,2.16809e+10,102.268
STX,2024-09-01,2.36912e+10,111.751
STX,2024-10-01,2.21195e+10,102.405
STX,2024-11-01,2.23311e+10,103.385
STX,2024-12-01,1.88885e+10,87.4467
STX,2025-01-01,2.11855e+10,97.629
STX,2025-02-01,2.24057e+10,103.252
STX,2025-03-01,1.85467e+10,85.4686
STX,2025-04-01,1.98741e+10,91.5857
STX,2025-05-01,2.56306e+10,118.66
STX,2025-06-01,3.11753e+10,144.33
STX,2025-07-01,3.39142e+10,157.01
STX,2025-08-01,3.63258e+10,167.4
STX,2025-09-01,4.1575e+10,191.59
AVGO,2018-06-01,1.08703e+11,24.264
AVGO,2018-07-01,9.9353e+10,22.177
AVGO,2018-08-01,9.81254e+10,21.903
AVGO,2018-09-01,1.08808e+11,24.673
AVGO,2018-10-01,9.85591e+10,22.349
AVGO,2018-11-01,1.04698e+11,23.741
AVGO,2018-12-01,1.09595e+11,25.428
AVGO,2019-01-01,1.15616e+11,26.825
AVGO,2019-02-01,1.1868e+11,27.536
AVGO,2019-03-01,1.25997e+11,30.071
AVGO,2019-04-01,1.3341e+11,31.84
AVGO,2019-05-01,1.05437e+11,25.164
AVGO,2019-06-01,1.21477e+11,28.786
AVGO,2019-07-01,1.22376e+11,28.999
AVGO,2019-08-01,1.19274e+11,28.264
AVGO,2019-09-01,1.15397e+11,27.607
AVGO,2019-10-01,1.22411e+11,29.285
AVGO,2019-11-01,1.32176e+11,31.621
AVGO,2019-12-01,1.32412e+11,31.602
AVGO,2020-01-01,1.27862e+11,30.516
AVGO,2020-02-01,1.14228e+11,27.262
AVGO,2020-03-01,9.9582e+10,23.71
AVGO,2020-04-01,1.1408e+11,27.162
AVGO,2020-05-01,1.22333e+11,29.127
AVGO,2020-06-01,1.31609e+11,31.561
AVGO,2020-07-01,1.32085e+11,31.675
AVGO,2020-08-01,1.44762e+11,34.715
AVGO,2020-09-01,1.53743e+11,36.432
AVGO,2020-10-01,1.47544e+11,34.963
AVGO,2020-11-01,1.69467e+11,40.158
AVGO,2020-12-01,1.84335e+11,43.785
AVGO,2021-01-01,1.8966e+11,45.05
AVGO,2021-02-01,1.97815e+11,46.987
AVGO,2021-03-01,1.98446e+11,46.366
AVGO,2021-04-01,1.95254e+11,45.62
AVGO,2021-05-01,2.02157e+11,47.233
AVGO,2021-06-01,2.04564e+11,47.684
AVGO,2021-07-01,2.08237e+11,48.54
AVGO,2021-08-01,2.13303e+11,49.721
AVGO,2021-09-01,2.08035e+11,48.493
AVGO,2021-10-01,2.28086e+11,53.167
AVGO,2021-11-01,2.37529e+11,55.368
AVGO,2021-12-01,2.85461e+11,66.541
AVGO,2022-01-01,2.51343e+11,58.588
AVGO,2022-02-01,2.52012e+11,58.744
AVGO,2022-03-01,2.70133e+11,62.968
AVGO,2022-04-01,2.37833e+11,55.439
AVGO,2022-05-01,2.48876e+11,58.013
AVGO,2022-06-01,2.05983e+11,48.581
AVGO,2022-07-01,2.27044e+11,53.548
AVGO,2022-08-01,2.11623e+11,49.911
AVGO,2022-09-01,1.90924e+11,44.401
AVGO,2022-10-01,2.02152e+11,47.012
AVGO,2022-11-01,2.36943e+11,55.103
AVGO,2022-12-01,2.36512e+11,55.913
AVGO,2023-01-01,2.47459e+11,58.501
AVGO,2023-02-01,2.51385e+11,59.429
AVGO,2023-03-01,2.75221e+11,64.154
AVGO,2023-04-01,2.68768e+11,62.65
AVGO,2023-05-01,3.46615e+11,80.796
AVGO,2023-06-01,3.70393e+11,86.743
AVGO,2023-07-01,3.83724e+11,89.865
AVGO,2023-08-01,3.94074e+11,92.289
AVGO,2023-09-01,3.54658e+11,83.058
AVGO,2023-10-01,3.59265e+11,84.137
AVGO,2023-11-01,3.95287e+11,92.573
AVGO,2023-12-01,4.76639e+11,111.625
AVGO,2024-01-01,5.0386e+11,118
AVGO,2024-02-01,5.55309e+11,130.049
AVGO,2024-03-01,6.18966e+11,132.541
AVGO,2024-04-01,6.07226e+11,130.027
AVGO,2024-05-01,6.20433e+11,132.855
AVGO,2024-06-01,7.70654e+11,160.553
AVGO,2024-07-01,7.71264e+11,160.68
AVGO,2024-08-01,7.81536e+11,162.82
AVGO,2024-09-01,8.04368e+11,172.5
AVGO,2024-10-01,7.91638e+11,169.77
AVGO,2024-11-01,7.55779e+11,162.08
AVGO,2024-12-01,1.10773e+12,231.84
AVGO,2025-01-01,1.05723e+12,221.27
AVGO,2025-02-01,9.52877e+11,199.43
AVGO,2025-03-01,8.09691e+11,167.43
AVGO,2025-04-01,9.30785e+11,192.47
AVGO,2025-05-01,1.17065e+12,242.07
AVGO,2025-06-01,1.33029e+12,275.65
AVGO,2025-07-01,1.4174e+12,293.7
AVGO,2025-08-01,1.4352e+12,297.39
AVGO,2025-09-01,1.60336e+12,329.91
AVGO,2025-10-01,1.7964e+12,369.63
AVGO,2025-11-01,1.95839e+12,402.96
AVGO,2025-12-01,1.67962e+12,346.1
AVGO,2026-01-01,1.6078e+12,331.3
AVGO,2026-02-01,1.55078e+12,319.55
AVGO,2026-03-01,1.51288e+12,309.51
AVGO,2026-04-01,2.0404e+12,417.43
AVGO,2026-05-01,2.18381e+12,446.77
AVGO,2026-06-01,1.84191e+12,377.75
AVGO,2026-07-01,1.89813e+12,389.28
AVGO,2026-08-01,1.80578e+12,370.34
AVGO,2026-09-01,1.73093e+12,354.99
QCOM,2009-07-01,8.26844e+10,49.3638
QCOM,2009-08-01,8.3061e+10,49.5887
QCOM,2009-09-01,8.02077e+10,47.8852
QCOM,2009-10-01,7.37042e+10,44.0025
QCOM,2009-11-01,8.02437e+10,47.9067
QCOM,2009-12-01,8.22044e+10,49.0772
QCOM,2010-01-01,7.03072e+10,41.5773
QCOM,2010-02-01,6.58e+10,38.9119
QCOM,2010-03-01,7.49454e+10,44.3202
QCOM,2010-04-01,6.85512e+10,40.8529
QCOM,2010-05-01,6.3027e+10,37.5608
QCOM,2010-06-01,5.7914e+10,34.5137
QCOM,2010-07-01,6.57035e+10,40.0143
QCOM,2010-08-01,6.60965e+10,40.2537
QCOM,2010-09-01,7.74953e+10,47.1957
QCOM,2010-10-01,7.75598e+10,47.235
QCOM,2010-11-01,8.11996e+10,48.9744
QCOM,2010-12-01,8.54925e+10,51.5637
QCOM,2011-01-01,9.29429e+10,56.3974
QCOM,2011-02-01,1.02627e+11,62.2735
QCOM,2011-03-01,9.41692e+10,57.1415
QCOM,2011-04-01,1.00489e+11,59.4961
QCOM,2011-05-01,1.0352e+11,61.2907
QCOM,2011-06-01,9.9988e+10,59.1995
QCOM,2011-07-01,9.75817e+10,57.0987
QCOM,2011-08-01,9.20852e+10,53.8825
QCOM,2011-09-01,8.66806e+10,50.72
QCOM,2011-10-01,9.196e+10,53.8093
QCOM,2011-11-01,9.70197e+10,57.3741
QCOM,2011-12-01,9.64805e+10,57.0553
QCOM,2012-01-01,1.03751e+11,61.3547
QCOM,2012-02-01,1.11995e+11,65.0753
QCOM,2012-03-01,1.22185e+11,70.9968
QCOM,2012-04-01,1.16059e+11,66.5859
QCOM,2012-05-01,1.04649e+11,60.0393
QCOM,2012-06-01,1.01251e+11,58.0901
QCOM,2012-07-01,1.09463e+11,62.2654
QCOM,2012-08-01,1.12721e+11,64.1186
QCOM,2012-09-01,1.14602e+11,65.1888
QCOM,2012-10-01,1.07516e+11,61.1584
QCOM,2012-11-01,1.15585e+11,66.3898
QCOM,2012-12-01,1.12396e+11,64.5585
QCOM,2013-01-01,1.20646e+11,68.9011
QCOM,2013-02-01,1.19955e+11,68.5068
QCOM,2013-03-01,1.22336e+11,69.8662
QCOM,2013-04-01,1.13351e+11,64.2945
QCOM,2013-05-01,1.16809e+11,66.2559
QCOM,2013-06-01,1.12438e+11,63.7763
QCOM,2013-07-01,1.18959e+11,67.3987
QCOM,2013-08-01,1.22772e+11,69.5593
QCOM,2013-09-01,1.24073e+11,70.2965
QCOM,2013-10-01,1.2807e+11,72.5607
QCOM,2013-11-01,1.3541e+11,77.2008
QCOM,2013-12-01,1.36018e+11,77.5471
QCOM,2014-01-01,1.33483e+11,77.5162
QCOM,2014-02-01,1.35402e+11,78.6304
QCOM,2014-03-01,1.41854e+11,82.3776
QCOM,2014-04-01,1.41342e+11,82.2231
QCOM,2014-05-01,1.44463e+11,84.0389
QCOM,2014-06-01,1.42254e+11,82.754
QCOM,2014-07-01,1.32024e+11,77.0269
QCOM,2014-08-01,1.37043e+11,79.955
QCOM,2014-09-01,1.33936e+11,78.1426
QCOM,2014-10-01,1.40638e+11,82.0528
QCOM,2014-11-01,1.31356e+11,76.6368
QCOM,2014-12-01,1.33196e+11,77.7104
QCOM,2015-01-01,1.1009e+11,65.2964
QCOM,2015-02-01,1.27809e+11,75.8061
QCOM,2015-03-01,1.22249e+11,72.5083
QCOM,2015-04-01,1.18539e+11,71.1092
QCOM,2015-05-01,1.2147e+11,72.8672
QCOM,2015-06-01,1.09212e+11,65.5142
QCOM,2015-07-01,1.09726e+11,67.3578
QCOM,2015-08-01,9.72268e+10,59.685
QCOM,2015-09-01,9.15865e+10,56.2225
QCOM,2015-10-01,1.01285e+11,62.1759
QCOM,2015-11-01,8.45074e+10,51.5604
QCOM,2015-12-01,8.57671e+10,52.3289
QCOM,2016-01-01,7.20071e+10,47.4668
QCOM,2016-02-01,8.14144e+10,53.6681
QCOM,2016-03-01,8.1261e+10,53.5669
QCOM,2016-04-01,7.9252e+10,52.9052
QCOM,2016-05-01,8.69964e+10,58.075
QCOM,2016-06-01,8.40711e+10,56.1223
QCOM,2016-07-01,9.74226e+10,65.5603
QCOM,2016-08-01,9.90215e+10,66.6363
QCOM,2016-09-01,1.06689e+11,71.7962
QCOM,2016-10-01,1.07038e+11,72.0309
QCOM,2016-11-01,1.07807e+11,71.9676
QCOM,2016-12-01,1.02416e+11,68.3683
QCOM,2017-01-01,8.37553e+10,56.0236
QCOM,2017-02-01,8.93643e+10,59.7755
QCOM,2017-03-01,8.99193e+10,60.1467
QCOM,2017-04-01,8.3938e+10,56.3721
QCOM,2017-05-01,9.03334e+10,60.6671
QCOM,2017-06-01,8.62799e+10,57.9449
QCOM,2017-07-01,8.32194e+10,55.8145
QCOM,2017-08-01,8.26928e+10,55.4613
QCOM,2017-09-01,8.11627e+10,54.4351
QCOM,2017-10-01,7.98649e+10,53.5647
QCOM,2017-11-01,1.04671e+11,70.249
QCOM,2017-12-01,1.00191e+11,67.242
QCOM,2018-01-01,1.05878e+11,71.6848
QCOM,2018-02-01,1.01702e+11,68.8573
QCOM,2018-03-01,8.59801e+10,58.2127
QCOM,2018-04-01,8.00616e+10,53.5888
QCOM,2018-05-01,9.21746e+10,61.6965
QCOM,2018-06-01,8.81147e+10,58.9791
QCOM,2018-07-01,1.00152e+11,67.3516
QCOM,2018-08-01,1.07373e+11,72.2075
QCOM,2018-09-01,1.12608e+11,75.728
QCOM,2018-10-01,9.83207e+10,66.1202
QCOM,2018-11-01,8.96091e+10,61.2503
QCOM,2018-12-01,8.7589e+10,59.8694
QCOM,2019-01-01,6.37144e+10,52.0968
QCOM,2019-02-01,6.86933e+10,56.1679
QCOM,2019-03-01,7.34113e+10,60.0256
QCOM,2019-04-01,1.10867e+11,90.6515
QCOM,2019-05-01,8.55911e+10,70.3296
QCOM,2019-06-01,9.74614e+10,80.0833
QCOM,2019-07-01,9.48132e+10,77.0213
QCOM,2019-08-01,1.00785e+11,81.8721
QCOM,2019-09-01,9.88842e+10,80.3283
QCOM,2019-10-01,1.04279e+11,84.7107
QCOM,2019-11-01,1.07342e+11,87.9854
QCOM,2019-12-01,1.13429e+11,92.9746
QCOM,2020-01-01,1.09675e+11,89.8976
QCOM,2020-02-01,9.56303e+10,82.5111
QCOM,2020-03-01,8.26533e+10,71.3143
QCOM,2020-04-01,9.54537e+10,82.9311
QCOM,2020-05-01,9.81354e+10,85.261
QCOM,2020-06-01,1.10677e+11,96.1576
QCOM,2020-07-01,1.26804e+11,111.33
QCOM,2020-08-01,1.43011e+11,125.558
QCOM,2020-09-01,1.41321e+11,124.074
QCOM,2020-10-01,1.48154e+11,130.073
QCOM,2020-11-01,1.78299e+11,155.178
QCOM,2020-12-01,1.84577e+11,160.641
QCOM,2021-01-01,1.89348e+11,164.794
QCOM,2021-02-01,1.65993e+11,143.593
QCOM,2021-03-01,1.6168e+11,139.862
QCOM,2021-04-01,1.68505e+11,146.398
QCOM,2021-05-01,1.6334e+11,141.912
QCOM,2021-06-01,1.73563e+11,150.794
QCOM,2021-07-01,1.80965e+11,158.048
QCOM,2021-08-01,1.77209e+11,154.767
QCOM,2021-09-01,1.55848e+11,136.112
QCOM,2021-10-01,1.60756e+11,140.398
QCOM,2021-11-01,2.18932e+11,190.541
QCOM,2021-12-01,2.21779e+11,193.019
QCOM,2022-01-01,2.13156e+11,185.514
QCOM,2022-02-01,2.0732e+11,181.541
QCOM,2022-03-01,1.84283e+11,161.368
QCOM,2022-04-01,1.68155e+11,147.504
QCOM,2022-05-01,1.72403e+11,151.231
QCOM,2022-06-01,1.53812e+11,134.922
QCOM,2022-07-01,1.73748e+11,153.217
QCOM,2022-08-01,1.59317e+11,140.492
QCOM,2022-09-01,1.35356e+11,119.362
QCOM,2022-10-01,1.40964e+11,124.307
QCOM,2022-11-01,1.52912e+11,134.487
QCOM,2022-12-01,1.32164e+11,116.239
QCOM,2023-01-01,1.60137e+11,140.842
QCOM,2023-02-01,1.47717e+11,130.607
QCOM,2023-03-01,1.51684e+11,134.115
QCOM,2023-04-01,1.38867e+11,122.783
QCOM,2023-05-01,1.33883e+11,119.219
QCOM,2023-06-01,1.39586e+11,124.298
QCOM,2023-07-01,1.54983e+11,138.008
QCOM,2023-08-01,1.34418e+11,119.589
QCOM,2023-09-01,1.29473e+11,115.19
QCOM,2023-10-01,1.2706e+11,113.043
QCOM,2023-11-01,1.50713e+11,133.848
QCOM,2023-12-01,1.67899e+11,149.111
QCOM,2024-01-01,1.72557e+11,153.111
QCOM,2024-02-01,1.83339e+11,162.679
QCOM,2024-03-01,1.95745e+11,173.687
QCOM,2024-04-01,1.91757e+11,170.148
QCOM,2024-05-01,2.36552e+11,209.338
QCOM,2024-06-01,2.29968e+11,203.512
QCOM,2024-07-01,2.0966e+11,184.885
QCOM,2024-08-01,2.03114e+11,179.112
QCOM,2024-09-01,1.96096e+11,172.924
QCOM,2024-10-01,1.877e+11,165.521
QCOM,2024-11-01,1.82166e+11,161.209
QCOM,2024-12-01,1.75593e+11,155.392
QCOM,2025-01-01,1.97665e+11,174.925
QCOM,2025-02-01,1.78379e+11,158.983
QCOM,2025-03-01,1.73407e+11,154.552
QCOM,2025-04-01,1.66548e+11,149.37
QCOM,2025-05-01,1.6289e+11,146.09
QCOM,2025-06-01,1.77575e+11,159.26
QCOM,2025-07-01,1.61289e+11,146.76
QCOM,2025-08-01,1.76642e+11,160.73
QCOM,2025-09-01,1.74388e+11,158.679
TXN,2009-07-01,3.3049e+10,25.9819
TXN,2009-08-01,3.37902e+10,26.5646
TXN,2009-09-01,3.24095e+10,25.4792
TXN,2009-10-01,3.19924e+10,25.2306
TXN,2009-11-01,3.45028e+10,27.2104
TXN,2009-12-01,3.53933e+10,27.9127
TXN,2010-01-01,3.05583e+10,24.0996
TXN,2010-02-01,3.31359e+10,26.1118
TXN,2010-03-01,3.31048e+10,26.0873
TXN,2010-04-01,3.4552e+10,27.7304
TXN,2010-05-01,3.24427e+10,26.0375
TXN,2010-06-01,3.0787e+10,24.7087
TXN,2010-07-01,3.19878e+10,26.198
TXN,2010-08-01,2.9825e+10,24.4267
TXN,2010-09-01,3.49938e+10,28.66
TXN,2010-10-01,3.81312e+10,31.2295
TXN,2010-11-01,40155.2,33.5746
TXN,2010-12-01,40891.8,34.1905
TXN,2011-01-01,42662.8,35.6712
TXN,2011-02-01,4.54382e+10,37.4594
TXN,2011-03-01,4.39425e+10,36.2263
TXN,2011-04-01,4.53367e+10,37.3757
TXN,2011-05-01,44349.1,37.1433
TXN,2011-06-01,41095.9,34.4186
TXN,2011-07-01,37403.1,31.3259
TXN,2011-08-01,3.25646e+10,27.5971
TXN,2011-09-01,3.29453e+10,27.9197
TXN,2011-10-01,3.82059e+10,32.3779
TXN,2011-11-01,3.66933e+10,31.7142
TXN,2011-12-01,3.52952e+10,30.5058
TXN,2012-01-01,3.94734e+10,34.117
TXN,2012-02-01,4.11348e+10,35.128
TXN,2012-03-01,4.12705e+10,35.2438
TXN,2012-04-01,3.94262e+10,33.6689
TXN,2012-05-01,3.49687e+10,30.016
TXN,2012-06-01,3.50284e+10,30.0673
TXN,2012-07-01,3.34698e+10,28.7295
TXN,2012-08-01,3.53489e+10,30.6316
TXN,2012-09-01,3.33525e+10,28.9016
TXN,2012-10-01,3.42496e+10,29.679
TXN,2012-11-01,3.55244e+10,31.1344
TXN,2012-12-01,3.6988e+10,32.4172
TXN,2013-01-01,3.98617e+10,34.9358
TXN,2013-02-01,4.16714e+10,36.3625
TXN,2013-03-01,4.26964e+10,37.2569
TXN,2013-04-01,4.3916e+10,38.3211
TXN,2013-05-01,4.26669e+10,37.9936
TXN,2013-06-01,4.11154e+10,36.6121
TXN,2013-07-01,4.65501e+10,41.4516
TXN,2013-08-01,4.51438e+10,40.4152
TXN,2013-09-01,4.72853e+10,42.3324
TXN,2013-10-01,4.9756e+10,44.5443
TXN,2013-11-01,5.05601e+10,45.5086
TXN,2013-12-01,5.12939e+10,46.1692
TXN,2014-01-01,4.98778e+10,44.8945
TXN,2014-02-01,5.28926e+10,47.6081
TXN,2014-03-01,5.51288e+10,49.6209
TXN,2014-04-01,5.34747e+10,48.1321
TXN,2014-05-01,5.4529e+10,49.7527
TXN,2014-06-01,5.51362e+10,50.3067
TXN,2014-07-01,5.32081e+10,48.9945
TXN,2014-08-01,5.54296e+10,51.0401
TXN,2014-09-01,5.45418e+10,50.2226
TXN,2014-10-01,5.65626e+10,52.6653
TXN,2014-11-01,6.19894e+10,57.7183
TXN,2014-12-01,6.05388e+10,56.3676
TXN,2015-01-01,6.09023e+10,56.7061
TXN,2015-02-01,6.73714e+10,62.3809
TXN,2015-03-01,6.5162e+10,60.3352
TXN,2015-04-01,6.21557e+10,57.5516
TXN,2015-05-01,6.29897e+10,59.3683
TXN,2015-06-01,5.76884e+10,54.3717
TXN,2015-07-01,5.63561e+10,53.116
TXN,2015-08-01,5.34346e+10,50.8417
TXN,2015-09-01,5.49431e+10,52.277
TXN,2015-10-01,6.3344e+10,60.2702
TXN,2015-11-01,6.39172e+10,61.7557
TXN,2015-12-01,5.99066e+10,57.8808
TXN,2016-01-01,5.82892e+10,56.3181
TXN,2016-02-01,5.8839e+10,56.4132
TXN,2016-03-01,6.32944e+10,60.6849
TXN,2016-04-01,6.32762e+10,60.6675
TXN,2016-05-01,6.5615e+10,64.4548
TXN,2016-06-01,6.74359e+10,66.2435
TXN,2016-07-01,7.54777e+10,74.1431
TXN,2016-08-01,7.51108e+10,73.928
TXN,2016-09-01,7.54034e+10,74.216
TXN,2016-10-01,7.61231e+10,74.9244
TXN,2016-11-01,8.00974e+10,78.7585
TXN,2016-12-01,7.85536e+10,77.2405
TXN,2017-01-01,8.18327e+10,80.4648
TXN,2017-02-01,8.33315e+10,81.6175
TXN,2017-03-01,8.70801e+10,85.2891
TXN,2017-04-01,8.61202e+10,84.3489
TXN,2017-05-01,8.95437e+10,87.8741
TXN,2017-06-01,8.3008e+10,81.4603
TXN,2017-07-01,8.83721e+10,86.7243
TXN,2017-08-01,8.95772e+10,88.2534
TXN,2017-09-01,9.64059e+10,94.9812
TXN,2017-10-01,1.04658e+11,103.111
TXN,2017-11-01,1.0458e+11,103.75
TXN,2017-12-01,1.11607e+11,110.722
TXN,2018-01-01,1.17825e+11,116.89
TXN,2018-02-01,1.16875e+11,115.489
TXN,2018-03-01,1.1147e+11,110.149
TXN,2018-04-01,1.08815e+11,107.524
TXN,2018-05-01,1.19947e+11,119.35
TXN,2018-06-01,1.17551e+11,116.967
TXN,2018-07-01,1.19359e+11,118.766
TXN,2018-08-01,1.19564e+11,119.923
TXN,2018-09-01,1.13522e+11,113.863
TXN,2018-10-01,9.90755e+10,99.3736
TXN,2018-11-01,1.05713e+11,106.889
TXN,2018-12-01,9.93286e+10,100.433
TXN,2019-01-01,1.06633e+11,107.819
TXN,2019-02-01,1.1216e+11,113.293
TXN,2019-03-01,1.11687e+11,112.815
TXN,2019-04-01,1.19796e+11,125.309
TXN,2019-05-01,1.06762e+11,111.676
TXN,2019-06-01,1.16671e+11,122.041
TXN,2019-07-01,1.27404e+11,133.687
TXN,2019-08-01,1.26131e+11,132.351
TXN,2019-09-01,1.30969e+11,137.428
TXN,2019-10-01,1.2009e+11,126.411
TXN,2019-11-01,1.2235e+11,128.789
TXN,2019-12-01,1.29666e+11,136.491
TXN,2020-01-01,1.22823e+11,129.288
TXN,2020-02-01,1.16451e+11,122.323
TXN,2020-03-01,1.01198e+11,106.3
TXN,2020-04-01,1.16439e+11,123.477
TXN,2020-05-01,1.20042e+11,127.298
TXN,2020-06-01,1.27462e+11,135.166
TXN,2020-07-01,1.26742e+11,136.722
TXN,2020-08-01,1.41234e+11,152.356
TXN,2020-09-01,1.41039e+11,152.146
TXN,2020-10-01,1.44146e+11,155.162
TXN,2020-11-01,1.60753e+11,173.039
TXN,2020-12-01,1.62654e+11,175.085
TXN,2021-01-01,1.65212e+11,177.839
TXN,2021-02-01,1.72501e+11,184.889
TXN,2021-03-01,1.88204e+11,201.719
TXN,2021-04-01,1.81137e+11,193.729
TXN,2021-05-01,1.90479e+11,203.721
TXN,2021-06-01,1.91993e+11,205.34
TXN,2021-07-01,1.91788e+11,204.683
TXN,2021-08-01,1.92086e+11,205.001
TXN,2021-09-01,1.92427e+11,205.365
TXN,2021-10-01,1.88652e+11,201.551
TXN,2021-11-01,1.93567e+11,206.802
TXN,2021-12-01,1.88597e+11,201.492
TXN,2022-01-01,1.80797e+11,193.16
TXN,2022-02-01,1.71224e+11,182.932
TXN,2022-03-01,1.83653e+11,196.21
TXN,2022-04-01,1.70046e+11,182.063
TXN,2022-05-01,1.77749e+11,190.309
TXN,2022-06-01,1.53577e+11,164.429
TXN,2022-07-01,1.79211e+11,192.7
TXN,2022-08-01,1.65506e+11,177.963
TXN,2022-09-01,1.54056e+11,165.651
TXN,2022-10-01,1.5994e+11,173.283
TXN,2022-11-01,1.79685e+11,194.675
TXN,2022-12-01,1.63462e+11,177.099
TXN,2023-01-01,1.75325e+11,189.951
TXN,2023-02-01,1.70177e+11,183.777
TXN,2023-03-01,1.83384e+11,198.038
TXN,2023-04-01,1.63059e+11,178.012
TXN,2023-05-01,1.69574e+11,185.124
TXN,2023-06-01,1.74386e+11,190.377
TXN,2023-07-01,1.74366e+11,190.356
TXN,2023-08-01,1.628e+11,177.729
TXN,2023-09-01,1.52958e+11,166.985
TXN,2023-10-01,1.36605e+11,149.133
TXN,2023-11-01,1.46898e+11,160.369
TXN,2023-12-01,1.62643e+11,177.558
TXN,2024-01-01,1.52778e+11,166.788
TXN,2024-02-01,1.59657e+11,174.298
TXN,2024-03-01,1.64982e+11,180.111
TXN,2024-04-01,1.67257e+11,182.396
TXN,2024-05-01,1.84882e+11,201.616
TXN,2024-06-01,1.83237e+11,199.823
TXN,2024-07-01,1.92397e+11,209.355
TXN,2024-08-01,2.02338e+11,220.172
TXN,2024-09-01,1.93851e+11,210.937
TXN,2024-10-01,1.90859e+11,207.455
TXN,2024-11-01,1.88858e+11,205.28
TXN,2024-12-01,1.74989e+11,190.206
TXN,2025-01-01,1.72283e+11,187.264
TXN,2025-02-01,1.82704e+11,198.808
TXN,2025-03-01,1.66373e+11,181.037
TXN,2025-04-01,1.47696e+11,161.24
TXN,2025-05-01,1.68736e+11,184.21
TXN,2025-06-01,1.9018e+11,207.62
TXN,2025-07-01,1.65127e+11,181.06
TXN,2025-08-01,1.84662e+11,202.48
TXN,2025-09-01,1.68747e+11,185.03
ADI,2009-08-01,8.91852e+09,30.4299
ADI,2009-09-01,8.70741e+09,29.7096
ADI,2009-10-01,8.03793e+09,27.4253
ADI,2009-11-01,9.4046e+09,32.0884
ADI,2009-12-01,9.90196e+09,33.7854
ADI,2010-01-01,8.40433e+09,28.6755
ADI,2010-02-01,9.48164e+09,31.1005
ADI,2010-03-01,9.34501e+09,30.6523
ADI,2010-04-01,9.70527e+09,31.834
ADI,2010-05-01,9.42886e+09,30.8298
ADI,2010-06-01,9.05782e+09,29.6166
ADI,2010-07-01,9.53242e+09,31.1684
ADI,2010-08-01,9.00625e+09,29.416
ADI,2010-09-01,1.01364e+10,33.1072
ADI,2010-10-01,1.08036e+10,35.2865
ADI,2010-11-01,1.14294e+10,37.2644
ADI,2010-12-01,1.2108e+10,39.477
ADI,2011-01-01,1.24125e+10,40.4696
ADI,2011-02-01,1.26938e+10,41.1003
ADI,2011-03-01,1.26078e+10,40.8222
ADI,2011-04-01,1.28354e+10,41.559
ADI,2011-05-01,1.32242e+10,42.7112
ADI,2011-06-01,1.25712e+10,40.6022
ADI,2011-07-01,1.09804e+10,35.4641
ADI,2011-08-01,1.059e+10,34.3001
ADI,2011-09-01,1.00235e+10,32.4655
ADI,2011-10-01,1.16403e+10,37.702
ADI,2011-11-01,1.10679e+10,36.201
ADI,2011-12-01,1.13624e+10,37.1644
ADI,2012-01-01,1.24255e+10,40.6416
ADI,2012-02-01,1.23659e+10,40.4736
ADI,2012-03-01,1.28432e+10,42.0356
ADI,2012-04-01,1.2389e+10,40.5489
ADI,2012-05-01,1.15857e+10,37.8716
ADI,2012-06-01,1.19993e+10,39.2236
ADI,2012-07-01,1.24488e+10,40.6927
ADI,2012-08-01,1.26383e+10,41.3883
ADI,2012-09-01,1.2458e+10,40.7978
ADI,2012-10-01,1.24413e+10,40.7431
ADI,2012-11-01,1.29634e+10,41.9733
ADI,2012-12-01,1.35299e+10,43.8076
ADI,2013-01-01,1.40376e+10,45.4516
ADI,2013-02-01,1.46262e+10,47.1393
ADI,2013-03-01,1.50372e+10,48.4641
ADI,2013-04-01,1.42291e+10,45.8595
ADI,2013-05-01,1.50046e+10,47.8816
ADI,2013-06-01,1.48227e+10,47.3013
ADI,2013-07-01,1.61329e+10,51.4822
ADI,2013-08-01,1.53297e+10,48.6183
ADI,2013-09-01,1.55849e+10,49.4278
ADI,2013-10-01,1.63308e+10,51.7934
ADI,2013-11-01,1.59649e+10,50.3282
ADI,2013-12-01,1.68609e+10,53.1526
ADI,2014-01-01,1.59809e+10,50.3785
ADI,2014-02-01,1.68764e+10,53.0676
ADI,2014-03-01,1.76461e+10,55.4879
ADI,2014-04-01,1.70319e+10,53.5565
ADI,2014-05-01,1.7412e+10,54.6949
ADI,2014-06-01,1.79756e+10,56.4653
ADI,2014-07-01,1.64986e+10,51.8258
ADI,2014-08-01,1.69021e+10,53.0052
ADI,2014-09-01,1.64827e+10,51.69
ADI,2014-10-01,1.65263e+10,51.8269
ADI,2014-11-01,1.80685e+10,56.6631
ADI,2014-12-01,1.83666e+10,57.9629
ADI,2015-01-01,1.71242e+10,54.042
ADI,2015-02-01,1.93002e+10,61.1378
ADI,2015-03-01,2.07694e+10,65.7917
ADI,2015-04-01,2.03882e+10,64.5841
ADI,2015-05-01,2.24974e+10,70.9591
ADI,2015-06-01,2.12471e+10,67.0156
ADI,2015-07-01,1.93091e+10,60.903
ADI,2015-08-01,1.85835e+10,58.4043
ADI,2015-09-01,1.87668e+10,58.9805
ADI,2015-10-01,1.98643e+10,62.4298
ADI,2015-11-01,2.02595e+10,63.9967
ADI,2015-12-01,1.83044e+10,57.8209
ADI,2016-01-01,1.76979e+10,55.9051
ADI,2016-02-01,1.74569e+10,55.4551
ADI,2016-03-01,1.95001e+10,61.9458
ADI,2016-04-01,1.84289e+10,58.543
ADI,2016-05-01,1.91255e+10,61.2506
ADI,2016-06-01,1.85166e+10,59.3005
ADI,2016-07-01,2.07196e+10,66.3558
ADI,2016-08-01,2.0331e+10,65.4659
ADI,2016-09-01,2.09457e+10,67.4455
ADI,2016-10-01,2.07025e+10,66.6622
ADI,2016-11-01,2.41959e+10,77.6424
ADI,2016-12-01,2.3669e+10,75.9514
ADI,2017-01-01,2.42898e+10,77.9435
ADI,2017-02-01,2.68272e+10,85.689
ADI,2017-03-01,2.68305e+10,85.6996
ADI,2017-04-01,2.48169e+10,79.2679
ADI,2017-05-01,3.08367e+10,89.2127
ADI,2017-06-01,2.81331e+10,81.3909
ADI,2017-07-01,2.84112e+10,82.1956
ADI,2017-08-01,3.23087e+10,87.0481
ADI,2017-09-01,3.34558e+10,90.1387
ADI,2017-10-01,3.52702e+10,95.0271
ADI,2017-11-01,3.35173e+10,90.0875
ADI,2017-12-01,3.46585e+10,93.1549
ADI,2018-01-01,3.5768e+10,96.1369
ADI,2018-02-01,3.51297e+10,93.8823
ADI,2018-03-01,3.56967e+10,95.3975
ADI,2018-04-01,3.42166e+10,91.4422
ADI,2018-05-01,3.79284e+10,101.202
ADI,2018-06-01,3.76127e+10,100.36
ADI,2018-07-01,3.76991e+10,100.59
ADI,2018-08-01,3.88691e+10,103.426
ADI,2018-09-01,3.63563e+10,96.7398
ADI,2018-10-01,3.29162e+10,87.5863
ADI,2018-11-01,3.60731e+10,96.1652
ADI,2018-12-01,3.36831e+10,89.7938
ADI,2019-01-01,3.87963e+10,103.425
ADI,2019-02-01,4.16993e+10,111.943
ADI,2019-03-01,4.10451e+10,110.186
ADI,2019-04-01,4.53154e+10,121.65
ADI,2019-05-01,3.77952e+10,101.235
ADI,2019-06-01,4.41568e+10,118.274
ADI,2019-07-01,4.59443e+10,123.062
ADI,2019-08-01,4.29567e+10,115.142
ADI,2019-09-01,4.37029e+10,117.142
ADI,2019-10-01,4.1711e+10,111.803
ADI,2019-11-01,4.39105e+10,117.854
ADI,2019-12-01,4.64113e+10,124.566
ADI,2020-01-01,4.28637e+10,115.044
ADI,2020-02-01,4.25856e+10,114.396
ADI,2020-03-01,3.501e+10,94.0462
ADI,2020-04-01,4.27999e+10,114.972
ADI,2020-05-01,4.39945e+10,118.486
ADI,2020-06-01,4.7767e+10,128.646
ADI,2020-07-01,4.47376e+10,120.488
ADI,2020-08-01,4.56042e+10,122.591
ADI,2020-09-01,4.55567e+10,122.463
ADI,2020-10-01,4.6031e+10,123.738
ADI,2020-11-01,5.39993e+10,145.17
ADI,2020-12-01,5.76048e+10,154.863
ADI,2021-01-01,5.72232e+10,153.837
ADI,2021-02-01,6.0964e+10,163.396
ADI,2021-03-01,6.06774e+10,162.628
ADI,2021-04-01,5.99288e+10,160.621
ADI,2021-05-01,6.42767e+10,172.593
ADI,2021-06-01,6.72317e+10,180.527
ADI,2021-07-01,6.51263e+10,174.874
ADI,2021-08-01,6.35594e+10,170.928
ADI,2021-09-01,6.5326e+10,175.679
ADI,2021-10-01,6.74053e+10,181.271
ADI,2021-11-01,7.00309e+10,188.332
ADI,2021-12-01,7.39807e+10,184.358
ADI,2022-01-01,6.87532e+10,171.331
ADI,2022-02-01,8.92264e+10,168.307
ADI,2022-03-01,9.19487e+10,173.442
ADI,2022-04-01,8.55603e+10,161.391
ADI,2022-05-01,9.30786e+10,176.867
ADI,2022-06-01,8.07477e+10,153.436
ADI,2022-07-01,9.45759e+10,179.712
ADI,2022-08-01,8.28312e+10,159.123
ADI,2022-09-01,7.61677e+10,146.322
ADI,2022-10-01,7.75561e+10,148.989
ADI,2022-11-01,9.39557e+10,179.586
ADI,2022-12-01,9.00481e+10,172.117
ADI,2023-01-01,9.37168e+10,179.13
ADI,2023-02-01,9.79765e+10,191.666
ADI,2023-03-01,1.05319e+11,206.03
ADI,2023-04-01,9.56584e+10,187.131
ADI,2023-05-01,9.40393e+10,184.853
ADI,2023-06-01,1.031e+11,202.663
ADI,2023-07-01,1.0515e+11,206.692
ADI,2023-08-01,9.48123e+10,188.305
ADI,2023-09-01,9.13229e+10,181.375
ADI,2023-10-01,8.16706e+10,162.205
ADI,2023-11-01,9.56576e+10,189.062
ADI,2023-12-01,1.03576e+11,204.712
ADI,2024-01-01,1.00342e+11,198.32
ADI,2024-02-01,9.8205e+10,196.906
ADI,2024-03-01,1.01261e+11,203.034
ADI,2024-04-01,1.02705e+11,205.929
ADI,2024-05-01,1.19464e+11,239.632
ADI,2024-06-01,1.1629e+11,233.265
ADI,2024-07-01,1.1788e+11,236.454
ADI,2024-08-01,1.1924e+11,239.056
ADI,2024-09-01,1.16868e+11,234.302
ADI,2024-10-01,1.13284e+11,227.115
ADI,2024-11-01,1.10245e+11,221.065
ADI,2024-12-01,1.07418e+11,215.398
ADI,2025-01-01,1.0713e+11,214.82
ADI,2025-02-01,1.15812e+11,232.242
ADI,2025-03-01,1.0152e+11,203.583
ADI,2025-04-01,9.81224e+10,196.769
ADI,2025-05-01,1.07075e+11,214.923
ADI,2025-06-01,1.19104e+11,239.069
ADI,2025-07-01,1.12404e+11,225.62
ADI,2025-08-01,1.24832e+11,251.31
ADI,2025-09-01,1.23277e+11,248.18
AMAT,2009-09-01,1.66936e+10,12.5207
AMAT,2009-10-01,1.52258e+10,11.4198
AMAT,2009-11-01,1.53604e+10,11.5207
AMAT,2009-12-01,1.7391e+10,13.0438
AMAT,2010-01-01,1.51313e+10,11.349
AMAT,2010-02-01,1.52059e+10,11.4049
AMAT,2010-03-01,1.69385e+10,12.5511
AMAT,2010-04-01,1.73253e+10,12.8377
AMAT,2010-05-01,1.6157e+10,11.972
AMAT,2010-06-01,1.50672e+10,11.1408
AMAT,2010-07-01,1.47877e+10,10.9341
AMAT,2010-08-01,1.29097e+10,9.54555
AMAT,2010-09-01,1.45079e+10,10.7561
AMAT,2010-10-01,1.52502e+10,11.3064
AMAT,2010-11-01,1.53381e+10,11.3716
AMAT,2010-12-01,1.71382e+10,12.856
AMAT,2011-01-01,1.90378e+10,14.2809
AMAT,2011-02-01,2.00431e+10,15.0136
AMAT,2011-03-01,1.9065e+10,14.2809
AMAT,2011-04-01,1.91393e+10,14.3365
AMAT,2011-05-01,1.68003e+10,12.6034
AMAT,2011-06-01,1.58511e+10,11.8913
AMAT,2011-07-01,1.50159e+10,11.2647
AMAT,2011-08-01,1.38653e+10,10.425
AMAT,2011-09-01,1.26879e+10,9.53979
AMAT,2011-10-01,1.50986e+10,11.3523
AMAT,2011-11-01,1.33012e+10,10.0009
AMAT,2011-12-01,1.32172e+10,9.93777
AMAT,2012-01-01,1.51369e+10,11.3812
AMAT,2012-02-01,1.52136e+10,11.4388
AMAT,2012-03-01,1.54525e+10,11.6184
AMAT,2012-04-01,1.4889e+10,11.1948
AMAT,2012-05-01,1.26528e+10,9.72547
AMAT,2012-06-01,1.40088e+10,10.7678
AMAT,2012-07-01,1.33337e+10,10.2488
AMAT,2012-08-01,1.40614e+10,11.0894
AMAT,2012-09-01,1.34285e+10,10.5903
AMAT,2012-10-01,1.27483e+10,10.0539
AMAT,2012-11-01,1.30175e+10,10.2662
AMAT,2012-12-01,1.39813e+10,10.9485
AMAT,2013-01-01,1.57788e+10,12.3561
AMAT,2013-02-01,1.60026e+10,13.2035
AMAT,2013-03-01,1.57404e+10,12.9871
AMAT,2013-04-01,1.69422e+10,13.9787
AMAT,2013-05-01,1.77278e+10,14.7364
AMAT,2013-06-01,1.74049e+10,14.468
AMAT,2013-07-01,1.90394e+10,15.8266
AMAT,2013-08-01,1.78769e+10,14.6532
AMAT,2013-09-01,2.08754e+10,17.111
AMAT,2013-10-01,2.11516e+10,17.3374
AMAT,2013-11-01,2.06185e+10,16.9004
AMAT,2013-12-01,2.10537e+10,17.2712
AMAT,2014-01-01,2.00286e+10,16.4304
AMAT,2014-02-01,2.28104e+10,18.6207
AMAT,2014-03-01,2.45637e+10,20.052
AMAT,2014-04-01,2.29279e+10,18.7167
AMAT,2014-05-01,2.44867e+10,19.924
AMAT,2014-06-01,2.73535e+10,22.2567
AMAT,2014-07-01,2.5425e+10,20.6875
AMAT,2014-08-01,2.82383e+10,22.9021
AMAT,2014-09-01,2.64193e+10,21.4268
AMAT,2014-10-01,2.70056e+10,21.9024
AMAT,2014-11-01,2.95295e+10,23.9493
AMAT,2014-12-01,3.05478e+10,24.8154
AMAT,2015-01-01,2.8116e+10,22.84
AMAT,2015-02-01,3.1062e+10,25.05
AMAT,2015-03-01,2.79744e+10,22.56
AMAT,2015-04-01,2.45396e+10,19.79
AMAT,2015-05-01,2.49813e+10,20.13
AMAT,2015-06-01,2.3852e+10,19.22
AMAT,2015-07-01,2.15438e+10,17.36
AMAT,2015-08-01,1.98068e+10,16.09
AMAT,2015-09-01,1.80834e+10,14.69
AMAT,2015-10-01,2.06439e+10,16.77
AMAT,2015-11-01,2.31059e+10,18.77
AMAT,2015-12-01,2.28894e+10,18.67
AMAT,2016-01-01,2.16389e+10,17.65
AMAT,2016-02-01,2.1776e+10,18.87
AMAT,2016-03-01,2.44417e+10,21.18
AMAT,2016-04-01,2.36224e+10,20.47
AMAT,2016-05-01,2.7326e+10,24.42
AMAT,2016-06-01,2.68224e+10,23.97
AMAT,2016-07-01,2.94185e+10,26.29
AMAT,2016-08-01,3.26151e+10,29.84
AMAT,2016-09-01,3.2954e+10,30.15
AMAT,2016-10-01,3.17844e+10,29.08
AMAT,2016-11-01,3.51946e+10,32.2
AMAT,2016-12-01,3.60133e+10,32.27
AMAT,2017-01-01,3.8223e+10,34.25
AMAT,2017-02-01,3.94436e+10,36.22
AMAT,2017-03-01,4.23621e+10,38.9
AMAT,2017-04-01,4.42243e+10,40.61
AMAT,2017-05-01,4.98716e+10,45.88
AMAT,2017-06-01,4.4904e+10,41.31
AMAT,2017-07-01,4.8165e+10,44.31
AMAT,2017-08-01,4.8865e+10,45.12
AMAT,2017-09-01,5.64135e+10,52.09
AMAT,2017-10-01,6.11137e+10,56.43
AMAT,2017-11-01,5.71499e+10,52.77
AMAT,2017-12-01,5.54141e+10,51.12
AMAT,2018-01-01,5.81349e+10,53.63
AMAT,2018-02-01,6.16789e+10,57.59
AMAT,2018-03-01,5.95583e+10,55.61
AMAT,2018-04-01,5.31966e+10,49.67
AMAT,2018-05-01,5.28112e+10,50.78
AMAT,2018-06-01,4.80376e+10,46.19
AMAT,2018-07-01,5.05752e+10,48.63
AMAT,2018-08-01,4.32351e+10,43.02
AMAT,2018-09-01,3.88432e+10,38.65
AMAT,2018-10-01,3.30444e+10,32.88
AMAT,2018-11-01,3.74664e+10,37.28
AMAT,2018-12-01,3.35912e+10,32.74
AMAT,2019-01-01,4.00961e+10,39.08
AMAT,2019-02-01,3.69981e+10,38.34
AMAT,2019-03-01,3.82719e+10,39.66
AMAT,2019-04-01,4.25276e+10,44.07
AMAT,2019-05-01,3.66781e+10,38.69
AMAT,2019-06-01,4.25747e+10,44.91
AMAT,2019-07-01,4.68028e+10,49.37
AMAT,2019-08-01,4.49947e+10,48.02
AMAT,2019-09-01,4.67563e+10,49.9
AMAT,2019-10-01,5.08416e+10,54.26
AMAT,2019-11-01,5.42523e+10,57.9
AMAT,2019-12-01,5.76828e+10,61.04
AMAT,2020-01-01,5.48006e+10,57.99
AMAT,2020-02-01,5.38772e+10,58.12
AMAT,2020-03-01,4.24751e+10,45.82
AMAT,2020-04-01,4.60534e+10,49.68
AMAT,2020-05-01,5.18541e+10,56.18
AMAT,2020-06-01,5.57954e+10,60.45
AMAT,2020-07-01,5.93766e+10,64.33
AMAT,2020-08-01,5.67952e+10,61.6
AMAT,2020-09-01,5.48129e+10,59.45
AMAT,2020-10-01,5.46101e+10,59.23
AMAT,2020-11-01,7.60466e+10,82.48
AMAT,2020-12-01,7.96549e+10,86.3
AMAT,2021-01-01,8.92356e+10,96.68
AMAT,2021-02-01,1.09326e+11,118.19
AMAT,2021-03-01,1.2358e+11,133.6
AMAT,2021-04-01,1.22757e+11,132.71
AMAT,2021-05-01,1.28047e+11,138.13
AMAT,2021-06-01,1.32005e+11,142.4
AMAT,2021-07-01,1.29715e+11,139.93
AMAT,2021-08-01,1.24049e+11,135.13
AMAT,2021-09-01,1.18174e+11,128.73
AMAT,2021-10-01,1.25445e+11,136.65
AMAT,2021-11-01,1.3512e+11,147.19
AMAT,2021-12-01,1.44614e+11,157.36
AMAT,2022-01-01,1.26987e+11,138.18
AMAT,2022-02-01,1.20377e+11,134.2
AMAT,2022-03-01,1.18225e+11,131.8
AMAT,2022-04-01,9.8984e+10,110.35
AMAT,2022-05-01,1.03567e+11,117.29
AMAT,2022-06-01,8.03353e+10,90.98
AMAT,2022-07-01,9.35803e+10,105.98
AMAT,2022-08-01,8.17468e+10,94.07
AMAT,2022-09-01,7.11972e+10,81.93
AMAT,2022-10-01,7.6724e+10,88.29
AMAT,2022-11-01,9.52424e+10,109.6
AMAT,2022-12-01,8.54023e+10,97.38
AMAT,2023-01-01,9.77767e+10,111.49
AMAT,2023-02-01,9.86114e+10,116.15
AMAT,2023-03-01,1.04283e+11,122.83
AMAT,2023-04-01,9.59625e+10,113.03
AMAT,2023-05-01,1.12905e+11,133.3
AMAT,2023-06-01,1.22425e+11,144.54
AMAT,2023-07-01,1.28397e+11,151.59
AMAT,2023-08-01,1.28777e+11,152.76
AMAT,2023-09-01,1.16713e+11,138.45
AMAT,2023-10-01,1.11571e+11,132.35
AMAT,2023-11-01,1.26265e+11,149.78
AMAT,2023-12-01,1.36949e+11,162.07
AMAT,2024-01-01,1.38834e+11,164.3
AMAT,2024-02-01,1.68756e+11,201.62
AMAT,2024-03-01,1.72615e+11,206.23
AMAT,2024-04-01,1.6627e+11,198.65
AMAT,2024-05-01,1.79807e+11,215.08
AMAT,2024-06-01,1.97288e+11,235.99
AMAT,2024-07-01,1.77399e+11,212.2
AMAT,2024-08-01,1.64318e+11,197.26
AMAT,2024-09-01,1.68308e+11,202.05
AMAT,2024-10-01,1.51256e+11,181.58
AMAT,2024-11-01,1.45533e+11,174.71
AMAT,2024-12-01,1.35633e+11,162.63
AMAT,2025-01-01,1.50412e+11,180.35
AMAT,2025-02-01,1.29459e+11,158.07
AMAT,2025-03-01,1.18853e+11,145.12
AMAT,2025-04-01,1.23431e+11,150.71
AMAT,2025-05-01,1.27281e+11,156.75
AMAT,2025-06-01,1.48653e+11,183.07
AMAT,2025-07-01,1.46209e+11,180.06
AMAT,2025-08-01,1.2893e+11,160.76
AMAT,2025-09-01,1.64201e+11,204.74
AMAT,2025-10-01,1.86946e+11,233.1
AMAT,2025-11-01,2.02304e+11,252.25
AMAT,2025-12-01,2.07648e+11,256.99
AMAT,2026-01-01,2.60435e+11,322.32
AMAT,2026-02-01,2.97468e+11,372.3
AMAT,2026-03-01,2.7309e+11,341.79
AMAT,2026-04-01,3.15198e+11,394.49
AMAT,2026-05-01,3.59598e+11,450.06
AMAT,2026-06-01,5.77677e+11,723
AMAT,2026-07-01,4.05628e+11,507.67
AMAT,2026-08-01,3.66254e+11,458.39
AMAT,2026-09-01,3.7903e+11,474.38
LRCX,2010-11-01,5.66819e+09,4.52723
LRCX,2010-12-01,6.46437e+09,5.16315
LRCX,2011-01-01,6.22869e+09,4.97491
LRCX,2011-02-01,6.83146e+09,5.47454
LRCX,2011-03-01,7.05065e+09,5.6502
LRCX,2011-04-01,6.01127e+09,4.81726
LRCX,2011-05-01,5.87097e+09,4.68579
LRCX,2011-06-01,5.53213e+09,4.41535
LRCX,2011-07-01,5.1073e+09,4.07629
LRCX,2011-08-01,4.63247e+09,3.70541
LRCX,2011-09-01,4.73486e+09,3.78731
LRCX,2011-10-01,5.35947e+09,4.28692
LRCX,2011-11-01,5.04308e+09,4.06539
LRCX,2011-12-01,4.57955e+09,3.69173
LRCX,2012-01-01,5.26807e+09,4.24676
LRCX,2012-02-01,5.02596e+09,4.15805
LRCX,2012-03-01,5.37803e+09,4.44932
LRCX,2012-04-01,5.02243e+09,4.15513
LRCX,2012-05-01,4.49867e+09,3.71926
LRCX,2012-06-01,4.55171e+09,3.76312
LRCX,2012-07-01,4.15033e+09,3.43127
LRCX,2012-08-01,4.26204e+09,3.40328
LRCX,2012-09-01,3.9684e+09,3.16881
LRCX,2012-10-01,4.42074e+09,3.53001
LRCX,2012-11-01,6.37082e+09,3.50187
LRCX,2012-12-01,6.55376e+09,3.60243
LRCX,2013-01-01,7.09824e+09,4.10239
LRCX,2013-02-01,7.29788e+09,4.21777
LRCX,2013-03-01,7.15292e+09,4.13399
LRCX,2013-04-01,7.9746e+09,4.60888
LRCX,2013-05-01,7.85992e+09,4.66453
LRCX,2013-06-01,7.45047e+09,4.42154
LRCX,2013-07-01,8.27018e+09,4.908
LRCX,2013-08-01,8.07136e+09,4.65396
LRCX,2013-09-01,8.8544e+09,5.10546
LRCX,2013-10-01,9.38507e+09,5.41145
LRCX,2013-11-01,8.90399e+09,5.19598
LRCX,2013-12-01,9.30426e+09,5.42956
LRCX,2014-01-01,8.64808e+09,5.04665
LRCX,2014-02-01,8.86035e+09,5.15865
LRCX,2014-03-01,9.4199e+09,5.48444
LRCX,2014-04-01,9.86685e+09,5.74466
LRCX,2014-05-01,1.06178e+10,6.18625
LRCX,2014-06-01,1.15985e+10,6.75761
LRCX,2014-07-01,1.20137e+10,6.99953
LRCX,2014-08-01,1.25474e+10,7.19035
LRCX,2014-09-01,1.30351e+10,7.46985
LRCX,2014-10-01,1.35867e+10,7.78593
LRCX,2014-11-01,1.46361e+10,8.26346
LRCX,2014-12-01,1.40519e+10,7.93364
LRCX,2015-01-01,1.35389e+10,7.644
LRCX,2015-02-01,1.45992e+10,8.246
LRCX,2015-03-01,1.24357e+10,7.024
LRCX,2015-04-01,1.34178e+10,7.558
LRCX,2015-05-01,1.46019e+10,8.225
LRCX,2015-06-01,1.44421e+10,8.135
LRCX,2015-07-01,1.36468e+10,7.687
LRCX,2015-08-01,1.28852e+10,7.277
LRCX,2015-09-01,1.15678e+10,6.533
LRCX,2015-10-01,1.35616e+10,7.659
LRCX,2015-11-01,1.3636e+10,7.82
LRCX,2015-12-01,1.38488e+10,7.942
LRCX,2016-01-01,1.25183e+10,7.179
LRCX,2016-02-01,1.27719e+10,7.33
LRCX,2016-03-01,1.43924e+10,8.26
LRCX,2016-04-01,1.33221e+10,7.64
LRCX,2016-05-01,1.44398e+10,8.281
LRCX,2016-06-01,1.46578e+10,8.406
LRCX,2016-07-01,1.56535e+10,8.977
LRCX,2016-08-01,1.63458e+10,9.332
LRCX,2016-09-01,1.65893e+10,9.471
LRCX,2016-10-01,1.74364e+10,9.686
LRCX,2016-11-01,1.90854e+10,10.602
LRCX,2016-12-01,1.90332e+10,10.573
LRCX,2017-01-01,2.10817e+10,11.486
LRCX,2017-02-01,2.17572e+10,11.854
LRCX,2017-03-01,2.35596e+10,12.836
LRCX,2017-04-01,2.68109e+10,14.485
LRCX,2017-05-01,2.8721e+10,15.517
LRCX,2017-06-01,2.61778e+10,14.143
LRCX,2017-07-01,2.95151e+10,15.946
LRCX,2017-08-01,3.05021e+10,16.598
LRCX,2017-09-01,3.40048e+10,18.504
LRCX,2017-10-01,3.83519e+10,20.857
LRCX,2017-11-01,3.53656e+10,19.233
LRCX,2017-12-01,3.38468e+10,18.407
LRCX,2018-01-01,3.08606e+10,19.152
LRCX,2018-02-01,3.09154e+10,19.186
LRCX,2018-03-01,3.27362e+10,20.316
LRCX,2018-04-01,3.32699e+10,18.506
LRCX,2018-05-01,3.56286e+10,19.818
LRCX,2018-06-01,3.10748e+10,17.285
LRCX,2018-07-01,3.42731e+10,19.064
LRCX,2018-08-01,3.12916e+10,17.309
LRCX,2018-09-01,2.74246e+10,15.17
LRCX,2018-10-01,2.34318e+10,14.173
LRCX,2018-11-01,2.59497e+10,15.696
LRCX,2018-12-01,2.25126e+10,13.617
LRCX,2019-01-01,2.75008e+10,16.958
LRCX,2019-02-01,2.85565e+10,17.609
LRCX,2019-03-01,2.90301e+10,17.901
LRCX,2019-04-01,3.27426e+10,20.743
LRCX,2019-05-01,2.7562e+10,17.461
LRCX,2019-06-01,2.96504e+10,18.784
LRCX,2019-07-01,3.29289e+10,20.861
LRCX,2019-08-01,3.36637e+10,21.051
LRCX,2019-09-01,3.6958e+10,23.111
LRCX,2019-10-01,4.08408e+10,27.104
LRCX,2019-11-01,4.02065e+10,26.683
LRCX,2019-12-01,4.40594e+10,29.24
LRCX,2020-01-01,4.49349e+10,29.821
LRCX,2020-02-01,4.4043e+10,29.343
LRCX,2020-03-01,3.60233e+10,24
LRCX,2020-04-01,3.78236e+10,25.528
LRCX,2020-05-01,4.05483e+10,27.367
LRCX,2020-06-01,4.79255e+10,32.346
LRCX,2020-07-01,5.58819e+10,37.716
LRCX,2020-08-01,5.01449e+10,33.634
LRCX,2020-09-01,4.94606e+10,33.175
LRCX,2020-10-01,5.03706e+10,34.208
LRCX,2020-11-01,6.66533e+10,45.266
LRCX,2020-12-01,6.95408e+10,47.227
LRCX,2021-01-01,7.12607e+10,48.395
LRCX,2021-02-01,8.27587e+10,56.719
LRCX,2021-03-01,8.68515e+10,59.524
LRCX,2021-04-01,8.97227e+10,62.045
LRCX,2021-05-01,9.39742e+10,64.985
LRCX,2021-06-01,9.40971e+10,65.07
LRCX,2021-07-01,9.21752e+10,63.741
LRCX,2021-08-01,8.78924e+10,60.482
LRCX,2021-09-01,8.27089e+10,56.915
LRCX,2021-10-01,8.03718e+10,56.357
LRCX,2021-11-01,9.69548e+10,67.985
LRCX,2021-12-01,1.02559e+11,71.915
LRCX,2022-01-01,8.41297e+10,58.992
LRCX,2022-02-01,7.94479e+10,56.135
LRCX,2022-03-01,7.60879e+10,53.761
LRCX,2022-04-01,6.52329e+10,46.576
LRCX,2022-05-01,7.28338e+10,52.003
LRCX,2022-06-01,5.96853e+10,42.615
LRCX,2022-07-01,7.00999e+10,50.051
LRCX,2022-08-01,6.15824e+10,43.791
LRCX,2022-09-01,5.14698e+10,36.6
LRCX,2022-10-01,5.55391e+10,40.478
LRCX,2022-11-01,6.48143e+10,47.238
LRCX,2022-12-01,5.76685e+10,42.03
LRCX,2023-01-01,6.81831e+10,50.01
LRCX,2023-02-01,6.62621e+10,48.601
LRCX,2023-03-01,7.2276e+10,53.012
LRCX,2023-04-01,7.09578e+10,52.408
LRCX,2023-05-01,8.34981e+10,61.67
LRCX,2023-06-01,8.704e+10,64.286
LRCX,2023-07-01,9.728e+10,71.849
LRCX,2023-08-01,9.54098e+10,70.24
LRCX,2023-09-01,8.51367e+10,62.677
LRCX,2023-10-01,7.83309e+10,58.822
LRCX,2023-11-01,9.53362e+10,71.592
LRCX,2023-12-01,1.04304e+11,78.326
LRCX,2024-01-01,1.09104e+11,82.517
LRCX,2024-02-01,1.24055e+11,93.825
LRCX,2024-03-01,1.28461e+11,97.157
LRCX,2024-04-01,1.17631e+11,89.441
LRCX,2024-05-01,1.22633e+11,93.244
LRCX,2024-06-01,1.40047e+11,106.485
LRCX,2024-07-01,1.2116e+11,92.124
LRCX,2024-08-01,1.08369e+11,82.101
LRCX,2024-09-01,1.07718e+11,81.608
LRCX,2024-10-01,9.69573e+10,74.35
LRCX,2024-11-01,9.63444e+10,73.88
LRCX,2024-12-01,9.41927e+10,72.23
LRCX,2025-01-01,1.04674e+11,81.05
LRCX,2025-02-01,9.91073e+10,76.74
LRCX,2025-03-01,9.38898e+10,72.7
LRCX,2025-04-01,9.23181e+10,71.67
LRCX,2025-05-01,1.04066e+11,80.79
LRCX,2025-06-01,1.25384e+11,97.34
LRCX,2025-07-01,1.22163e+11,94.84
LRCX,2025-08-01,1.29208e+11,100.15
LRCX,2025-09-01,1.7275e+11,133.9
LRCX,2025-10-01,1.99866e+11,157.46
LRCX,2025-11-01,1.98013e+11,156
LRCX,2025-12-01,2.17281e+11,171.18
LRCX,2026-01-01,2.94566e+11,233.46
LRCX,2026-02-01,2.95108e+11,233.89
LRCX,2026-03-01,2.69583e+11,213.66
LRCX,2026-04-01,3.24214e+11,257.86
LRCX,2026-05-01,4.00056e+11,318.18
LRCX,2026-06-01,5.44837e+11,433.33
LRCX,2026-07-01,3.68421e+11,293.02
LRCX,2026-08-01,3.79071e+11,301.49
LRCX,2026-09-01,3.86351e+11,307.28
KLAC,2010-11-01,6.35107e+09,37.3946
KLAC,2010-12-01,6.64681e+09,39.1359
KLAC,2011-01-01,7.56934e+09,44.6535
KLAC,2011-02-01,8.38231e+09,49.4494
KLAC,2011-03-01,8.08493e+09,47.695
KLAC,2011-04-01,7.57802e+09,44.235
KLAC,2011-05-01,7.48376e+09,43.6847
KLAC,2011-06-01,6.98943e+09,40.7992
KLAC,2011-07-01,6.87588e+09,40.1363
KLAC,2011-08-01,6.3593e+09,37.3303
KLAC,2011-09-01,6.57547e+09,38.5993
KLAC,2011-10-01,8.06381e+09,47.4802
KLAC,2011-11-01,7.95232e+09,46.8238
KLAC,2011-12-01,8.26069e+09,48.6395
KLAC,2012-01-01,8.7128e+09,51.5236
KLAC,2012-02-01,8.3078e+09,49.1287
KLAC,2012-03-01,9.27681e+09,54.8589
KLAC,2012-04-01,8.94235e+09,52.5569
KLAC,2012-05-01,7.91631e+09,46.5265
KLAC,2012-06-01,8.44328e+09,49.6238
KLAC,2012-07-01,8.72795e+09,51.2968
KLAC,2012-08-01,8.86341e+09,52.0927
KLAC,2012-09-01,8.17713e+09,48.0592
KLAC,2012-10-01,7.96436e+09,46.8977
KLAC,2012-11-01,7.84887e+09,46.2176
KLAC,2012-12-01,8.17305e+09,48.1266
KLAC,2013-01-01,9.35592e+09,55.3356
KLAC,2013-02-01,9.39615e+09,55.5735
KLAC,2013-03-01,8.984e+09,53.1359
KLAC,2013-04-01,9.2472e+09,54.659
KLAC,2013-05-01,9.66465e+09,57.1265
KLAC,2013-06-01,9.50218e+09,56.1661
KLAC,2013-07-01,9.99681e+09,59.0898
KLAC,2013-08-01,9.48036e+09,56.0106
KLAC,2013-09-01,1.03758e+10,61.3013
KLAC,2013-10-01,1.11511e+10,66.087
KLAC,2013-11-01,1.09333e+10,64.796
KLAC,2013-12-01,1.09578e+10,64.941
KLAC,2014-01-01,1.04174e+10,61.9325
KLAC,2014-02-01,1.1119e+10,66.1035
KLAC,2014-03-01,1.17197e+10,69.6749
KLAC,2014-04-01,1.08321e+10,64.4809
KLAC,2014-05-01,1.11722e+10,66.5058
KLAC,2014-06-01,1.23019e+10,73.2306
KLAC,2014-07-01,1.2107e+10,72.0703
KLAC,2014-08-01,1.30415e+10,77.5732
KLAC,2014-09-01,1.33576e+10,79.4539
KLAC,2014-10-01,1.32976e+10,79.827
KLAC,2014-11-01,1.46014e+10,87.6542
KLAC,2014-12-01,1.19189e+10,71.5508
KLAC,2015-01-01,1.03395e+10,62.5433
KLAC,2015-02-01,1.10123e+10,66.6133
KLAC,2015-03-01,9.80862e+09,59.3322
KLAC,2015-04-01,9.74308e+09,59.8491
KLAC,2015-05-01,9.96976e+09,61.2416
KLAC,2015-06-01,9.31671e+09,57.23
KLAC,2015-07-01,8.79347e+09,54.016
KLAC,2015-08-01,8.4341e+09,51.5214
KLAC,2015-09-01,8.33067e+09,50.8895
KLAC,2015-10-01,1.0793e+10,68.3171
KLAC,2015-11-01,1.07722e+10,68.1853
KLAC,2015-12-01,1.11532e+10,70.5971
KLAC,2016-01-01,1.06381e+10,68.1945
KLAC,2016-02-01,1.0845e+10,69.521
KLAC,2016-03-01,1.15697e+10,74.1666
KLAC,2016-04-01,1.11443e+10,71.2416
KLAC,2016-05-01,1.17083e+10,74.8475
KLAC,2016-06-01,1.16778e+10,74.6524
KLAC,2016-07-01,1.20696e+10,77.1573
KLAC,2016-08-01,1.11499e+10,71.1188
KLAC,2016-09-01,1.11401e+10,71.0561
KLAC,2016-10-01,1.20217e+10,76.5612
KLAC,2016-11-01,1.28711e+10,81.9704
KLAC,2016-12-01,1.25999e+10,80.2435
KLAC,2017-01-01,1.36394e+10,86.8072
KLAC,2017-02-01,1.45324e+10,92.4909
KLAC,2017-03-01,1.52408e+10,96.9994
KLAC,2017-04-01,1.58084e+10,100.214
KLAC,2017-05-01,1.68287e+10,106.682
KLAC,2017-06-01,1.47327e+10,93.3952
KLAC,2017-07-01,1.49133e+10,94.54
KLAC,2017-08-01,1.51602e+10,96.2667
KLAC,2017-09-01,1.70488e+10,108.259
KLAC,2017-10-01,1.75506e+10,111.188
KLAC,2017-11-01,1.65765e+10,105.017
KLAC,2017-12-01,1.69392e+10,107.315
KLAC,2018-01-01,1.75615e+10,112.152
KLAC,2018-02-01,1.82238e+10,116.382
KLAC,2018-03-01,1.74446e+10,111.405
KLAC,2018-04-01,1.63443e+10,103.97
KLAC,2018-05-01,1.83171e+10,116.52
KLAC,2018-06-01,1.64777e+10,104.819
KLAC,2018-07-01,1.88705e+10,120.041
KLAC,2018-08-01,1.88207e+10,119.589
KLAC,2018-09-01,1.63664e+10,103.994
KLAC,2018-10-01,1.46093e+10,93.5997
KLAC,2018-11-01,1.58585e+10,101.603
KLAC,2018-12-01,1.42928e+10,91.5718
KLAC,2019-01-01,1.66467e+10,109.053
KLAC,2019-02-01,1.81655e+10,119.002
KLAC,2019-03-01,1.86619e+10,122.254
KLAC,2019-04-01,1.9923e+10,130.516
KLAC,2019-05-01,1.67054e+10,106.281
KLAC,2019-06-01,1.90166e+10,120.985
KLAC,2019-07-01,2.19382e+10,139.572
KLAC,2019-08-01,2.38991e+10,152.273
KLAC,2019-09-01,2.56366e+10,163.344
KLAC,2019-10-01,2.77275e+10,173.155
KLAC,2019-11-01,2.70073e+10,168.657
KLAC,2019-12-01,2.92168e+10,182.455
KLAC,2020-01-01,2.71846e+10,169.765
KLAC,2020-02-01,2.50945e+10,158.205
KLAC,2020-03-01,2.33396e+10,147.142
KLAC,2020-04-01,2.6645e+10,167.98
KLAC,2020-05-01,2.84486e+10,181.003
KLAC,2020-06-01,3.12949e+10,199.112
KLAC,2020-07-01,3.21539e+10,204.578
KLAC,2020-08-01,3.33269e+10,210.923
KLAC,2020-09-01,3.13415e+10,198.358
KLAC,2020-10-01,3.15826e+10,201.881
KLAC,2020-11-01,4.05136e+10,258.969
KLAC,2020-12-01,4.14861e+10,265.185
KLAC,2021-01-01,4.48745e+10,286.844
KLAC,2021-02-01,4.97236e+10,319.643
KLAC,2021-03-01,5.26375e+10,338.374
KLAC,2021-04-01,5.01099e+10,322.958
KLAC,2021-05-01,5.05087e+10,325.529
KLAC,2021-06-01,5.15311e+10,332.118
KLAC,2021-07-01,5.53397e+10,356.664
KLAC,2021-08-01,5.43068e+10,349.381
KLAC,2021-09-01,5.32742e+10,342.738
KLAC,2021-10-01,5.85917e+10,381.929
KLAC,2021-11-01,6.43149e+10,419.235
KLAC,2021-12-01,6.76087e+10,440.706
KLAC,2022-01-01,6.07588e+10,398.86
KLAC,2022-02-01,5.45425e+10,358.052
KLAC,2022-03-01,5.71226e+10,374.99
KLAC,2022-04-01,4.94451e+10,327.048
KLAC,2022-05-01,5.66945e+10,374.998
KLAC,2022-06-01,4.94433e+10,327.036
KLAC,2022-07-01,5.94317e+10,393.103
KLAC,2022-08-01,5.36421e+10,353.945
KLAC,2022-09-01,4.7e+10,310.118
KLAC,2022-10-01,4.62304e+10,324.28
KLAC,2022-11-01,5.76326e+10,404.261
KLAC,2022-12-01,5.50918e+10,386.438
KLAC,2023-01-01,5.71092e+10,402.274
KLAC,2023-02-01,5.5203e+10,388.847
KLAC,2023-03-01,5.78885e+10,407.763
KLAC,2023-04-01,5.47455e+10,394.861
KLAC,2023-05-01,6.27405e+10,452.526
KLAC,2023-06-01,6.84959e+10,494.038
KLAC,2023-07-01,7.25814e+10,523.506
KLAC,2023-08-01,7.16883e+10,511.201
KLAC,2023-09-01,6.53494e+10,466
KLAC,2023-10-01,6.54283e+10,477.216
KLAC,2023-11-01,7.58645e+10,553.335
KLAC,2023-12-01,8.07617e+10,589.054
KLAC,2024-01-01,8.202e+10,601.964
KLAC,2024-02-01,9.42062e+10,691.402
KLAC,2024-03-01,9.62504e+10,706.404
KLAC,2024-04-01,9.46944e+10,697.02
KLAC,2024-05-01,1.04344e+11,768.048
KLAC,2024-06-01,1.13057e+11,832.182
KLAC,2024-07-01,1.1286e+11,830.729
KLAC,2024-08-01,1.12634e+11,827.055
KLAC,2024-09-01,1.06259e+11,780.246
KLAC,2024-10-01,9.05235e+10,671.251
KLAC,2024-11-01,8.79147e+10,651.906
KLAC,2024-12-01,8.53938e+10,633.213
KLAC,2025-01-01,9.93548e+10,741.864
KLAC,2025-02-01,9.53981e+10,712.319
KLAC,2025-03-01,9.12714e+10,681.507
KLAC,2025-04-01,9.43447e+10,704.454
KLAC,2025-05-01,1.01148e+11,758.78
KLAC,2025-06-01,1.19405e+11,895.74
KLAC,2025-07-01,1.17177e+11,879.03
KLAC,2025-08-01,1.1663e+11,872
KLAC,2025-09-01,1.22746e+11,917.73
TER,2010-08-01,2.11123e+09,9.11816
TER,2010-09-01,2.61937e+09,11.3128
TER,2010-10-01,2.64274e+09,11.4137
TER,2010-11-01,2.7623e+09,12.042
TER,2010-12-01,3.27043e+09,14.2572
TER,2011-01-01,3.88507e+09,16.9366
TER,2011-02-01,4.33891e+09,18.9151
TER,2011-03-01,4.10129e+09,18.0827
TER,2011-04-01,3.70743e+09,16.3462
TER,2011-05-01,3.77272e+09,16.2561
TER,2011-06-01,3.48785e+09,15.0286
TER,2011-07-01,3.17884e+09,13.6972
TER,2011-08-01,2.83165e+09,12.2874
TER,2011-09-01,2.5763e+09,11.1794
TER,2011-10-01,3.35062e+09,14.5393
TER,2011-11-01,3.03277e+09,13.6678
TER,2011-12-01,3.07107e+09,13.8404
TER,2012-01-01,3.68342e+09,16.6001
TER,2012-02-01,3.70007e+09,16.6751
TER,2012-03-01,3.80579e+09,17.1516
TER,2012-04-01,3.87682e+09,17.4716
TER,2012-05-01,3.39213e+09,14.6748
TER,2012-06-01,3.29981e+09,14.2755
TER,2012-07-01,3.4526e+09,14.9364
TER,2012-08-01,3.64169e+09,15.8579
TER,2012-09-01,3.31572e+09,14.4384
TER,2012-10-01,3.40843e+09,14.8421
TER,2012-11-01,3.63977e+09,15.8796
TER,2012-12-01,3.93131e+09,17.1516
TER,2013-01-01,3.76114e+09,16.4091
TER,2013-02-01,3.90093e+09,17.019
TER,2013-03-01,3.79191e+09,16.4689
TER,2013-04-01,3.84361e+09,16.6935
TER,2013-05-01,4.2769e+09,18.2184
TER,2013-06-01,4.18898e+09,17.8439
TER,2013-07-01,3.93116e+09,16.7457
TER,2013-08-01,3.66166e+09,15.5876
TER,2013-09-01,3.94085e+09,16.7761
TER,2013-10-01,4.17258e+09,17.7625
TER,2013-11-01,4.07731e+09,17.2893
TER,2013-12-01,4.21988e+09,17.8939
TER,2014-01-01,4.50447e+09,19.1007
TER,2014-02-01,4.85115e+09,20.5907
TER,2014-03-01,4.74346e+09,20.1336
TER,2014-04-01,4.21444e+09,17.8882
TER,2014-05-01,4.27606e+09,18.0818
TER,2014-06-01,4.69367e+09,19.8477
TER,2014-07-01,4.36312e+09,18.45
TER,2014-08-01,4.51491e+09,20.8476
TER,2014-09-01,4.25157e+09,19.6316
TER,2014-10-01,4.03475e+09,18.6304
TER,2014-11-01,4.38836e+09,20.0994
TER,2014-12-01,4.37526e+09,20.0394
TER,2015-01-01,4.00209e+09,18.3302
TER,2015-02-01,4.36669e+09,19.6212
TER,2015-03-01,4.2598e+09,19.1408
TER,2015-04-01,4.11203e+09,18.4769
TER,2015-05-01,4.69853e+09,21.4729
TER,2015-06-01,4.28549e+09,19.5853
TER,2015-07-01,4.2656e+09,19.4944
TER,2015-08-01,3.9353e+09,18.2616
TER,2015-09-01,3.94219e+09,18.2936
TER,2015-10-01,4.25792e+09,19.7587
TER,2015-11-01,4.4681e+09,21.1022
TER,2015-12-01,4.43161e+09,20.9299
TER,2016-01-01,4.16476e+09,19.6696
TER,2016-02-01,4.13404e+09,19.3794
TER,2016-03-01,4.67805e+09,21.9296
TER,2016-04-01,4.08624e+09,19.1554
TER,2016-05-01,4.14012e+09,20.1238
TER,2016-06-01,4.11557e+09,20.0045
TER,2016-07-01,4.11557e+09,20.0045
TER,2016-08-01,4.33085e+09,21.3323
TER,2016-09-01,4.45098e+09,21.9241
TER,2016-10-01,4.78993e+09,23.5936
TER,2016-11-01,5.04869e+09,24.7571
TER,2016-12-01,5.24751e+09,25.732
TER,2017-01-01,5.863e+09,28.7502
TER,2017-02-01,5.88967e+09,28.881
TER,2017-03-01,6.39733e+09,31.5796
TER,2017-04-01,7.23858e+09,35.7323
TER,2017-05-01,7.28825e+09,36.0919
TER,2017-06-01,6.15606e+09,30.4852
TER,2017-07-01,7.07526e+09,35.0371
TER,2017-08-01,7.26903e+09,36.0694
TER,2017-09-01,7.62652e+09,37.8433
TER,2017-10-01,8.75569e+09,43.4463
TER,2017-11-01,8.24475e+09,41.0646
TER,2017-12-01,8.51508e+09,42.411
TER,2018-01-01,9.32246e+09,46.4324
TER,2018-02-01,9.25195e+09,46.0812
TER,2018-03-01,9.35514e+09,46.395
TER,2018-04-01,6.64931e+09,32.976
TER,2018-05-01,7.83281e+09,38.4935
TER,2018-06-01,7.86617e+09,38.6574
TER,2018-07-01,8.91529e+09,43.8132
TER,2018-08-01,8.13282e+09,41.7262
TER,2018-09-01,7.30169e+09,37.462
TER,2018-10-01,6.80221e+09,34.8994
TER,2018-11-01,6.90481e+09,36.2448
TER,2018-12-01,6.05596e+09,31.789
TER,2019-01-01,6.94515e+09,36.4565
TER,2019-02-01,7.89672e+09,41.4515
TER,2019-03-01,7.77366e+09,40.3606
TER,2019-04-01,9.56059e+09,49.6383
TER,2019-05-01,7.57081e+09,42.7797
TER,2019-06-01,8.58955e+09,48.5362
TER,2019-07-01,9.9915e+09,56.4581
TER,2019-08-01,9.58343e+09,53.6616
TER,2019-09-01,1.04601e+10,58.5703
TER,2019-10-01,1.10579e+10,61.9176
TER,2019-11-01,1.1442e+10,63.3925
TER,2019-12-01,1.24481e+10,68.967
TER,2020-01-01,1.20467e+10,66.7431
TER,2020-02-01,1.07425e+10,59.5171
TER,2020-03-01,9.83005e+09,54.776
TER,2020-04-01,1.13488e+10,63.239
TER,2020-05-01,1.22678e+10,67.877
TER,2020-06-01,1.54467e+10,85.4656
TER,2020-07-01,1.62602e+10,89.9665
TER,2020-08-01,1.54896e+10,85.9304
TER,2020-09-01,1.44855e+10,80.3601
TER,2020-10-01,1.60147e+10,88.8435
TER,2020-11-01,2.0589e+10,111.692
TER,2020-12-01,2.23505e+10,121.247
TER,2021-01-01,2.11564e+10,114.769
TER,2021-02-01,2.3825e+10,130.161
TER,2021-03-01,2.25408e+10,123.146
TER,2021-04-01,2.31521e+10,126.485
TER,2021-05-01,2.51462e+10,133.942
TER,2021-06-01,2.54527e+10,135.574
TER,2021-07-01,2.41133e+10,128.44
TER,2021-08-01,2.29542e+10,122.914
TER,2021-09-01,2.06351e+10,110.496
TER,2021-10-01,2.61055e+10,139.788
TER,2021-11-01,2.8151e+10,154.687
TER,2021-12-01,3.00944e+10,165.366
TER,2022-01-01,2.16104e+10,118.747
TER,2022-02-01,2.19163e+10,119.353
TER,2022-03-01,2.19741e+10,119.668
TER,2022-04-01,1.95825e+10,106.644
TER,2022-05-01,1.94195e+10,110.605
TER,2022-06-01,1.59163e+10,90.6525
TER,2022-07-01,1.791e+10,102.008
TER,2022-08-01,1.46659e+10,85.6856
TER,2022-09-01,1.30215e+10,76.0784
TER,2022-10-01,1.40754e+10,82.2358
TER,2022-11-01,1.57693e+10,94.5783
TER,2022-12-01,1.47228e+10,88.3018
TER,2023-01-01,1.71415e+10,102.808
TER,2023-02-01,1.7354e+10,102.242
TER,2023-03-01,1.84469e+10,108.681
TER,2023-04-01,1.56634e+10,92.2822
TER,2023-05-01,1.68269e+10,101.179
TER,2023-06-01,1.86979e+10,112.429
TER,2023-07-01,1.89497e+10,113.943
TER,2023-08-01,1.79296e+10,108.828
TER,2023-09-01,1.66979e+10,101.353
TER,2023-10-01,1.38257e+10,83.9187
TER,2023-11-01,1.52482e+07,92.9485
TER,2023-12-01,1.79202e+07,109.236
TER,2024-01-01,1.59501e+07,97.2272
TER,2024-02-01,1.71325e+10,104.273
TER,2024-03-01,1.86393e+10,113.444
TER,2024-04-01,1.92158e+10,116.953
TER,2024-05-01,2.30058e+10,141.707
TER,2024-06-01,2.4185e+10,148.97
TER,2024-07-01,2.13912e+10,131.762
TER,2024-08-01,2.24538e+10,137.357
TER,2024-09-01,2.19748e+10,134.427
TER,2024-10-01,1.74266e+10,106.604
TER,2024-11-01,1.81349e+10,110.408
TER,2024-12-01,2.07369e+10,126.25
TER,2025-01-01,1.90687e+10,116.093
TER,2025-02-01,1.79887e+10,110.148
TER,2025-03-01,1.35103e+10,82.7261
TER,2025-04-01,1.2138e+10,74.3233
TER,2025-05-01,1.27523e+10,78.72
TER,2025-06-01,1.45667e+10,89.92
TER,2025-07-01,1.74032e+10,107.43
TER,2025-08-01,1.89344e+10,118.24
TER,2025-09-01,1.84267e+10,115.07
ORCL,2009-09-01,1.06482e+11,21.0315
ORCL,2009-10-01,1.0781e+11,21.2937
ORCL,2009-11-01,1.12566e+11,22.233
ORCL,2009-12-01,1.25067e+11,24.6972
ORCL,2010-01-01,1.17571e+11,23.2171
ORCL,2010-02-01,1.25432e+11,24.7693
ORCL,2010-03-01,1.3112e+11,25.8313
ORCL,2010-04-01,1.31944e+11,25.9936
ORCL,2010-05-01,1.14884e+11,22.6327
ORCL,2010-06-01,1.09229e+11,21.5188
ORCL,2010-07-01,1.20277e+11,23.7092
ORCL,2010-08-01,1.10879e+11,21.8568
ORCL,2010-09-01,1.36583e+11,26.8706
ORCL,2010-10-01,1.4948e+11,29.4079
ORCL,2010-11-01,1.37381e+11,27.0276
ORCL,2010-12-01,1.60047e+11,31.2776
ORCL,2011-01-01,1.63764e+11,32.004
ORCL,2011-02-01,1.67956e+11,32.8232
ORCL,2011-03-01,1.71719e+11,33.3499
ORCL,2011-04-01,1.85091e+11,35.947
ORCL,2011-05-01,1.75824e+11,34.1473
ORCL,2011-06-01,1.68381e+11,32.8356
ORCL,2011-07-01,1.56753e+11,30.5681
ORCL,2011-08-01,1.43608e+11,28.0047
ORCL,2011-09-01,1.47682e+11,28.6761
ORCL,2011-10-01,1.68712e+11,32.7595
ORCL,2011-11-01,1.61145e+11,31.2902
ORCL,2011-12-01,1.31146e+11,25.5995
ORCL,2012-01-01,1.44529e+11,28.2119
ORCL,2012-02-01,1.49566e+11,29.195
ORCL,2012-03-01,1.47857e+11,29.1057
ORCL,2012-04-01,1.49393e+11,29.4081
ORCL,2012-05-01,1.3423e+11,26.4232
ORCL,2012-06-01,1.51048e+11,29.6464
ORCL,2012-07-01,1.53919e+11,30.2099
ORCL,2012-08-01,1.60996e+11,31.5988
ORCL,2012-09-01,1.55137e+11,31.4106
ORCL,2012-10-01,1.53545e+11,31.0883
ORCL,2012-11-01,1.58667e+11,32.1254
ORCL,2012-12-01,1.62861e+11,33.4555
ORCL,2013-01-01,1.73561e+11,35.6534
ORCL,2013-02-01,1.66533e+11,34.2098
ORCL,2013-03-01,1.55434e+11,32.3013
ORCL,2013-04-01,1.57609e+11,32.7533
ORCL,2013-05-01,1.62405e+11,33.75
ORCL,2013-06-01,1.49101e+11,30.7805
ORCL,2013-07-01,1.57157e+11,32.4436
ORCL,2013-08-01,1.54724e+11,31.9414
ORCL,2013-09-01,1.55431e+11,33.2544
ORCL,2013-10-01,1.57541e+11,33.7059
ORCL,2013-11-01,1.65384e+11,35.3838
ORCL,2013-12-01,1.76465e+11,38.362
ORCL,2014-01-01,1.70189e+11,36.9977
ORCL,2014-02-01,1.79825e+11,39.0923
ORCL,2014-03-01,1.87101e+11,40.8963
ORCL,2014-04-01,1.87475e+11,40.9781
ORCL,2014-05-01,1.92202e+11,42.0114
ORCL,2014-06-01,1.86561e+11,40.5214
ORCL,2014-07-01,1.86456e+11,40.4988
ORCL,2014-08-01,1.91156e+11,41.5196
ORCL,2014-09-01,1.74061e+11,38.2719
ORCL,2014-10-01,1.78111e+11,39.1625
ORCL,2014-11-01,1.92854e+11,42.4042
ORCL,2014-12-01,2.02561e+11,44.9636
ORCL,2015-01-01,1.88714e+11,41.89
ORCL,2015-02-01,1.97409e+11,43.82
ORCL,2015-03-01,1.93916e+11,43.15
ORCL,2015-04-01,1.96028e+11,43.62
ORCL,2015-05-01,1.95444e+11,43.49
ORCL,2015-06-01,1.81471e+11,40.3
ORCL,2015-07-01,1.7985e+11,39.94
ORCL,2015-08-01,1.67016e+11,37.09
ORCL,2015-09-01,1.59361e+11,36.12
ORCL,2015-10-01,1.71362e+11,38.84
ORCL,2015-11-01,1.71936e+11,38.97
ORCL,2015-12-01,1.57663e+11,36.53
ORCL,2016-01-01,1.56714e+11,36.31
ORCL,2016-02-01,1.58742e+11,36.78
ORCL,2016-03-01,1.74113e+11,40.91
ORCL,2016-04-01,1.69644e+11,39.86
ORCL,2016-05-01,1.71091e+11,40.2
ORCL,2016-06-01,1.76204e+11,40.93
ORCL,2016-07-01,1.76677e+11,41.04
ORCL,2016-08-01,1.77452e+11,41.22
ORCL,2016-09-01,1.65801e+11,39.28
ORCL,2016-10-01,1.62171e+11,38.42
ORCL,2016-11-01,1.69642e+11,40.19
ORCL,2016-12-01,1.61298e+11,38.45
ORCL,2017-01-01,1.68261e+11,40.11
ORCL,2017-02-01,1.78665e+11,42.59
ORCL,2017-03-01,1.8754e+11,44.61
ORCL,2017-04-01,1.89012e+11,44.96
ORCL,2017-05-01,1.9082e+11,45.39
ORCL,2017-06-01,2.1144e+11,50.14
ORCL,2017-07-01,2.10555e+11,49.93
ORCL,2017-08-01,2.12242e+11,50.33
ORCL,2017-09-01,2.07131e+11,48.35
ORCL,2017-10-01,2.18056e+11,50.9
ORCL,2017-11-01,2.10173e+11,49.06
ORCL,2017-12-01,2.025e+11,47.28
ORCL,2018-01-01,2.2096e+11,51.59
ORCL,2018-02-01,2.1702e+11,50.67
ORCL,2018-03-01,1.88582e+11,45.75
ORCL,2018-04-01,1.88252e+11,45.67
ORCL,2018-05-01,1.9258e+11,46.72
ORCL,2018-06-01,1.81615e+11,44.06
ORCL,2018-07-01,1.96537e+11,47.68
ORCL,2018-08-01,2.00247e+11,48.58
ORCL,2018-09-01,2.06188e+11,51.56
ORCL,2018-10-01,1.95311e+11,48.84
ORCL,2018-11-01,1.94991e+11,48.76
ORCL,2018-12-01,1.72338e+11,45.15
ORCL,2019-01-01,1.91728e+11,50.23
ORCL,2019-02-01,1.9898e+11,52.13
ORCL,2019-03-01,1.94269e+11,53.71
ORCL,2019-04-01,2.00129e+11,55.33
ORCL,2019-05-01,1.8302e+11,50.6
ORCL,2019-06-01,2.0606e+11,56.97
ORCL,2019-07-01,2.03637e+11,56.3
ORCL,2019-08-01,1.88301e+11,52.06
ORCL,2019-09-01,1.87652e+11,55.03
ORCL,2019-10-01,1.85811e+11,54.49
ORCL,2019-11-01,1.91437e+11,56.14
ORCL,2019-12-01,1.76476e+11,52.98
ORCL,2020-01-01,1.74711e+11,52.45
ORCL,2020-02-01,1.64751e+11,49.46
ORCL,2020-03-01,1.58087e+11,48.33
ORCL,2020-04-01,1.73265e+11,52.97
ORCL,2020-05-01,1.75882e+11,53.77
ORCL,2020-06-01,2.34234e+11,55.27
ORCL,2020-07-01,2.34997e+11,55.45
ORCL,2020-08-01,2.42498e+11,57.22
ORCL,2020-09-01,1.85488e+11,59.7
ORCL,2020-10-01,1.74334e+11,56.11
ORCL,2020-11-01,1.79336e+11,57.72
ORCL,2020-12-01,1.97046e+11,64.69
ORCL,2021-01-01,1.8407e+11,60.43
ORCL,2021-02-01,1.96497e+11,64.51
ORCL,2021-03-01,2.10089e+11,70.17
ORCL,2021-04-01,2.26915e+11,75.79
ORCL,2021-05-01,2.35748e+11,78.74
ORCL,2021-06-01,2.35232e+11,77.84
ORCL,2021-07-01,2.63337e+11,87.14
ORCL,2021-08-01,2.69351e+11,89.13
ORCL,2021-09-01,2.49279e+11,87.13
ORCL,2021-10-01,2.74484e+11,95.94
ORCL,2021-11-01,2.59607e+11,90.74
ORCL,2021-12-01,2.34944e+11,87.21
ORCL,2022-01-01,2.18645e+11,81.16
ORCL,2022-02-01,2.04663e+11,75.97
ORCL,2022-03-01,2.27838e+11,82.73
ORCL,2022-04-01,2.02144e+11,73.4
ORCL,2022-05-01,1.98068e+11,71.92
ORCL,2022-06-01,1.94658e+11,69.87
ORCL,2022-07-01,2.16862e+11,77.84
ORCL,2022-08-01,2.06582e+11,74.15
ORCL,2022-09-01,1.67759e+11,61.07
ORCL,2022-10-01,2.14458e+11,78.07
ORCL,2022-11-01,2.28083e+11,83.03
ORCL,2022-12-01,2.24458e+11,81.74
ORCL,2023-01-01,2.42911e+11,88.46
ORCL,2023-02-01,2.4e+11,87.4
ORCL,2023-03-01,2.57946e+11,92.92
ORCL,2023-04-01,2.62943e+11,94.72
ORCL,2023-05-01,2.94089e+11,105.94
ORCL,2023-06-01,3.29403e+11,119.09
ORCL,2023-07-01,3.24258e+11,117.23
ORCL,2023-08-01,3.32999e+11,120.39
ORCL,2023-09-01,2.99012e+11,105.92
ORCL,2023-10-01,2.91898e+11,103.4
ORCL,2023-11-01,3.28061e+11,116.21
ORCL,2023-12-01,2.96996e+11,105.43
ORCL,2024-01-01,3.14659e+11,111.7
ORCL,2024-02-01,3.14603e+11,111.68
ORCL,2024-03-01,3.54095e+11,125.61
ORCL,2024-04-01,3.20661e+11,113.75
ORCL,2024-05-01,3.30359e+11,117.19
ORCL,2024-06-01,3.98608e+11,141.2
ORCL,2024-07-01,3.93667e+11,139.45
ORCL,2024-08-01,3.98862e+11,141.29
ORCL,2024-09-01,4.8581e+11,170.4
ORCL,2024-10-01,4.78512e+11,167.84
ORCL,2024-11-01,5.26979e+11,184.84
ORCL,2024-12-01,4.7809e+11,166.64
ORCL,2025-01-01,4.87902e+11,170.06
ORCL,2025-02-01,4.76426e+11,166.06
ORCL,2025-03-01,4.01814e+11,139.81
ORCL,2025-04-01,4.04429e+11,140.72
ORCL,2025-05-01,4.75733e+11,165.53
ORCL,2025-06-01,6.26594e+11,218.63
ORCL,2025-07-01,7.27305e+11,253.77
ORCL,2025-08-01,6.48089e+11,226.13
ORCL,2025-09-01,8.18127e+11,281.24
ORCL,2025-10-01,7.63932e+11,262.61
ORCL,2025-11-01,5.87473e+11,201.95
ORCL,2025-12-01,5.69527e+11,194.91
ORCL,2026-01-01,4.80903e+11,164.58
ORCL,2026-02-01,4.24859e+11,145.4
ORCL,2026-03-01,4.28384e+11,147.11
ORCL,2026-04-01,4.69968e+11,161.39
ORCL,2026-05-01,6.57471e+11,225.78
ORCL,2026-06-01,4.27047e+11,146.55
ORCL,2026-07-01,3.78441e+11,129.87
ORCL,2026-08-01,4.34536e+11,149.12
ORCL,2026-09-01,4.21248e+11,144.56
CRM,2009-08-01,1.65545e+09,13.0798
CRM,2009-09-01,1.81694e+09,14.3557
CRM,2009-10-01,1.81119e+09,14.3103
CRM,2009-11-01,2.03246e+09,15.805
CRM,2009-12-01,2.39213e+09,18.6019
CRM,2010-01-01,2.06074e+09,16.0249
CRM,2010-02-01,2.20341e+09,17.1344
CRM,2010-03-01,2.41418e+09,18.7734
CRM,2010-04-01,2.77567e+09,21.5844
CRM,2010-05-01,2.88564e+09,21.8194
CRM,2010-06-01,2.8619e+09,21.6399
CRM,2010-07-01,3.29982e+09,24.9512
CRM,2010-08-01,3.66424e+09,27.7067
CRM,2010-09-01,3.78254e+09,28.1909
CRM,2010-10-01,3.92707e+09,29.2681
CRM,2010-11-01,4.81092e+09,35.1049
CRM,2010-12-01,4.56142e+09,33.2844
CRM,2011-01-01,4.46259e+09,32.5632
CRM,2011-02-01,4.57082e+09,33.353
CRM,2011-03-01,4.601e+09,33.6828
CRM,2011-04-01,4.77391e+09,34.9486
CRM,2011-05-01,5.4158e+09,38.393
CRM,2011-06-01,5.29913e+09,37.566
CRM,2011-07-01,5.14732e+09,36.4898
CRM,2011-08-01,4.57963e+09,32.4654
CRM,2011-09-01,3.89287e+09,28.8162
CRM,2011-10-01,4.53641e+09,33.5799
CRM,2011-11-01,4.05641e+09,29.8601
CRM,2011-12-01,3.47545e+09,25.5836
CRM,2012-01-01,4.00092e+09,29.4516
CRM,2012-02-01,4.90386e+09,36.0984
CRM,2012-03-01,5.27148e+09,38.9609
CRM,2012-04-01,5.31311e+09,39.2685
CRM,2012-05-01,4.82885e+09,34.9536
CRM,2012-06-01,4.8163e+09,34.8629
CRM,2012-07-01,4.3321e+09,31.3579
CRM,2012-08-01,5.10404e+09,36.6078
CRM,2012-09-01,5.36813e+09,38.502
CRM,2012-10-01,5.13216e+09,36.8095
CRM,2012-11-01,5.65366e+09,39.7577
CRM,2012-12-01,6.02758e+09,42.3871
CRM,2013-01-01,6.17216e+09,43.4038
CRM,2013-02-01,6.06846e+09,42.6746
CRM,2013-03-01,6.36825e+09,45.0933
CRM,2013-04-01,5.85575e+09,41.4643
CRM,2013-05-01,2.5121e+10,42.6948
CRM,2013-06-01,2.26581e+10,38.509
CRM,2013-07-01,2.59637e+10,44.127
CRM,2013-08-01,3.09538e+10,49.5534
CRM,2013-09-01,3.27053e+10,52.3573
CRM,2013-10-01,3.36189e+10,53.8198
CRM,2013-11-01,3.15479e+10,52.5389
CRM,2013-12-01,3.34254e+10,55.6656
CRM,2014-01-01,3.66595e+10,61.0516
CRM,2014-02-01,3.77739e+10,62.9075
CRM,2014-03-01,3.44117e+10,57.582
CRM,2014-04-01,3.11327e+10,52.0951
CRM,2014-05-01,3.25143e+10,53.0835
CRM,2014-06-01,3.58813e+10,58.5805
CRM,2014-07-01,3.35151e+10,54.7175
CRM,2014-08-01,3.67737e+10,59.5992
CRM,2014-09-01,3.58028e+10,58.0258
CRM,2014-10-01,3.98231e+10,64.5414
CRM,2014-11-01,3.80158e+10,60.3859
CRM,2014-12-01,3.76603e+10,59.8211
CRM,2015-01-01,3.58442e+10,56.9365
CRM,2015-02-01,4.40544e+10,69.9779
CRM,2015-03-01,4.20587e+10,67.3857
CRM,2015-04-01,4.58421e+10,73.4475
CRM,2015-05-01,4.57981e+10,73.3769
CRM,2015-06-01,4.38339e+10,70.23
CRM,2015-07-01,4.61443e+10,73.9317
CRM,2015-08-01,4.3664e+10,69.9577
CRM,2015-09-01,4.3708e+10,70.0283
CRM,2015-10-01,4.89205e+10,78.3797
CRM,2015-11-01,5.0167e+10,80.3767
CRM,2015-12-01,4.93549e+10,79.0756
CRM,2016-01-01,4.28456e+10,68.6465
CRM,2016-02-01,4.26504e+10,68.3338
CRM,2016-03-01,4.92704e+10,74.4662
CRM,2016-04-01,5.0585e+10,76.4532
CRM,2016-05-01,5.58638e+10,84.4314
CRM,2016-06-01,5.29942e+10,80.0943
CRM,2016-07-01,5.45891e+10,82.5049
CRM,2016-08-01,5.30008e+10,80.1044
CRM,2016-09-01,4.7602e+10,71.9447
CRM,2016-10-01,5.01579e+10,75.8077
CRM,2016-11-01,4.80491e+10,72.6205
CRM,2016-12-01,4.56867e+10,69.05
CRM,2017-01-01,5.27873e+10,79.7816
CRM,2017-02-01,5.42888e+10,82.051
CRM,2017-03-01,5.79051e+10,83.2009
CRM,2017-04-01,6.04533e+10,86.8621
CRM,2017-05-01,6.29242e+10,90.4125
CRM,2017-06-01,6.07902e+10,87.3463
CRM,2017-07-01,6.37385e+10,91.5825
CRM,2017-08-01,6.70307e+10,96.3129
CRM,2017-09-01,6.55776e+10,94.225
CRM,2017-10-01,7.18391e+10,103.222
CRM,2017-11-01,7.3229e+10,105.219
CRM,2017-12-01,7.17619e+10,103.111
CRM,2018-01-01,7.99609e+10,114.892
CRM,2018-02-01,8.16035e+10,117.252
CRM,2018-03-01,8.16386e+10,117.302
CRM,2018-04-01,8.49308e+10,122.033
CRM,2018-05-01,9.83551e+10,130.444
CRM,2018-06-01,1.03732e+11,137.575
CRM,2018-07-01,1.04302e+11,138.332
CRM,2018-08-01,1.19193e+11,153.996
CRM,2018-09-01,1.2415e+11,160.4
CRM,2018-10-01,1.07139e+11,138.423
CRM,2018-11-01,1.0628e+11,143.99
CRM,2018-12-01,1.0197e+11,138.15
CRM,2019-01-01,1.13137e+11,153.28
CRM,2019-02-01,1.21832e+11,165.06
CRM,2019-03-01,1.17341e+11,159.735
CRM,2019-04-01,1.22513e+11,166.775
CRM,2019-05-01,1.12184e+11,152.715
CRM,2019-06-01,1.21359e+11,153.038
CRM,2019-07-01,1.23574e+11,155.831
CRM,2019-08-01,1.25145e+11,157.415
CRM,2019-09-01,1.19027e+11,149.719
CRM,2019-10-01,1.25482e+11,157.839
CRM,2019-11-01,1.30613e+11,164.294
CRM,2019-12-01,1.44193e+11,164.042
CRM,2020-01-01,1.61631e+11,183.881
CRM,2020-02-01,1.51072e+11,171.868
CRM,2020-03-01,1.23438e+11,145.221
CRM,2020-04-01,1.38844e+11,163.346
CRM,2020-05-01,1.49852e+11,176.296
CRM,2020-06-01,1.72506e+11,188.944
CRM,2020-07-01,1.79431e+11,196.529
CRM,2020-08-01,2.5355e+11,275
CRM,2020-09-01,2.33714e+11,253.486
CRM,2020-10-01,2.15998e+11,234.272
CRM,2020-11-01,2.28581e+11,247.918
CRM,2020-12-01,2.10756e+11,224.448
CRM,2021-01-01,2.13626e+11,227.504
CRM,2021-02-01,2.05045e+11,218.366
CRM,2021-03-01,1.98737e+11,213.696
CRM,2021-04-01,2.16043e+11,232.305
CRM,2021-05-01,2.23341e+11,240.152
CRM,2021-06-01,2.31592e+11,246.375
CRM,2021-07-01,2.29374e+11,244.015
CRM,2021-08-01,2.54178e+11,267.556
CRM,2021-09-01,2.59879e+11,273.557
CRM,2021-10-01,2.87159e+11,302.273
CRM,2021-11-01,2.73045e+11,287.416
CRM,2021-12-01,2.56576e+11,256.32
CRM,2022-01-01,2.34869e+11,234.635
CRM,2022-02-01,2.12557e+11,212.344
CRM,2022-03-01,2.08582e+11,214.15
CRM,2022-04-01,1.72842e+11,177.456
CRM,2022-05-01,1.57419e+11,161.621
CRM,2022-06-01,1.66629e+11,166.462
CRM,2022-07-01,1.85791e+11,185.606
CRM,2022-08-01,1.57623e+11,157.465
CRM,2022-09-01,1.45225e+11,145.08
CRM,2022-10-01,1.64155e+11,163.991
CRM,2022-11-01,1.61793e+11,161.631
CRM,2022-12-01,1.33733e+11,133.733
CRM,2023-01-01,1.69417e+11,169.417
CRM,2023-02-01,1.6502e+11,165.02
CRM,2023-03-01,2.00897e+11,201.502
CRM,2023-04-01,1.99479e+11,200.079
CRM,2023-05-01,2.24629e+11,225.305
CRM,2023-06-01,2.10524e+11,213.081
CRM,2023-07-01,2.24226e+11,226.949
CRM,2023-08-01,2.20241e+11,223.368
CRM,2023-09-01,2.01664e+11,204.527
CRM,2023-10-01,1.99725e+11,202.561
CRM,2023-11-01,2.49243e+11,254.071
CRM,2023-12-01,2.60365e+11,265.408
CRM,2024-01-01,2.78126e+11,283.512
CRM,2024-02-01,3.05563e+11,311.481
CRM,2024-03-01,2.98915e+11,303.775
CRM,2024-04-01,2.66566e+11,270.9
CRM,2024-05-01,2.32607e+11,236.149
CRM,2024-06-01,2.55089e+11,258.974
CRM,2024-07-01,2.5638e+11,260.284
CRM,2024-08-01,2.47483e+11,254.35
CRM,2024-09-01,2.67847e+11,275.279
CRM,2024-10-01,2.84714e+11,292.615
CRM,2024-11-01,3.22452e+11,331.4
CRM,2024-12-01,3.24007e+11,335.758
CRM,2025-01-01,3.30755e+11,342.751
CRM,2025-02-01,2.88309e+11,298.766
CRM,2025-03-01,2.62187e+11,269.185
CRM,2025-04-01,2.62123e+11,269.12
CRM,2025-05-01,2.57802e+11,265.775
CRM,2025-06-01,2.64913e+11,273.106
CRM,2025-07-01,2.5058e+11,258.33
CRM,2025-08-01,2.48562e+11,256.25
CRM,2025-09-01,2.42482e+11,252.06
ADBE,2009-06-01,1.49428e+10,28.3
ADBE,2009-07-01,1.71182e+10,32.42
ADBE,2009-08-01,1.65902e+10,31.42
ADBE,2009-09-01,1.74455e+10,33.04
ADBE,2009-10-01,1.75178e+10,32.94
ADBE,2009-11-01,1.86559e+10,35.08
ADBE,2009-12-01,1.95599e+10,36.78
ADBE,2010-01-01,1.71774e+10,32.3
ADBE,2010-02-01,1.84272e+10,34.65
ADBE,2010-03-01,1.88101e+10,35.37
ADBE,2010-04-01,1.78969e+10,33.6
ADBE,2010-05-01,1.70873e+10,32.08
ADBE,2010-06-01,1.40778e+10,26.43
ADBE,2010-07-01,1.53152e+10,28.72
ADBE,2010-08-01,1.47713e+10,27.7
ADBE,2010-09-01,1.39447e+10,26.15
ADBE,2010-10-01,1.47275e+10,28.15
ADBE,2010-11-01,1.45444e+10,27.8
ADBE,2010-12-01,1.61034e+10,30.78
ADBE,2011-01-01,1.73785e+10,33.05
ADBE,2011-02-01,1.81409e+10,34.5
ADBE,2011-03-01,1.74363e+10,33.16
ADBE,2011-04-01,1.71556e+10,33.55
ADBE,2011-05-01,1.77079e+10,34.63
ADBE,2011-06-01,1.59225e+10,31.45
ADBE,2011-07-01,1.4029e+10,27.71
ADBE,2011-08-01,1.27785e+10,25.24
ADBE,2011-09-01,1.22368e+10,24.17
ADBE,2011-10-01,1.4668e+10,29.41
ADBE,2011-11-01,1.36755e+10,27.42
ADBE,2011-12-01,1.40994e+10,28.27
ADBE,2012-01-01,1.55964e+10,30.95
ADBE,2012-02-01,1.6574e+10,32.89
ADBE,2012-03-01,1.7168e+10,34.31
ADBE,2012-04-01,1.67877e+10,33.55
ADBE,2012-05-01,1.55367e+10,31.05
ADBE,2012-06-01,1.62296e+10,32.37
ADBE,2012-07-01,1.54825e+10,30.88
ADBE,2012-08-01,1.56781e+10,31.27
ADBE,2012-09-01,1.62096e+10,32.435
ADBE,2012-10-01,1.70042e+10,34.025
ADBE,2012-11-01,1.72966e+10,34.61
ADBE,2012-12-01,1.88308e+10,37.68
ADBE,2013-01-01,1.90179e+10,37.83
ADBE,2013-02-01,1.9762e+10,39.31
ADBE,2013-03-01,2.20987e+10,43.515
ADBE,2013-04-01,2.28934e+10,45.08
ADBE,2013-05-01,2.17914e+10,42.91
ADBE,2013-06-01,2.3347e+10,45.56
ADBE,2013-07-01,2.42284e+10,47.28
ADBE,2013-08-01,2.34444e+10,45.75
ADBE,2013-09-01,2.66164e+10,51.94
ADBE,2013-10-01,2.78722e+10,54.22
ADBE,2013-11-01,2.91882e+10,56.78
ADBE,2013-12-01,3.07818e+10,59.88
ADBE,2014-01-01,3.03926e+10,59.19
ADBE,2014-02-01,3.52399e+10,68.63
ADBE,2014-03-01,3.34183e+10,65.74
ADBE,2014-04-01,3.13595e+10,61.69
ADBE,2014-05-01,3.28083e+10,64.54
ADBE,2014-06-01,3.66639e+10,72.36
ADBE,2014-07-01,3.50881e+10,69.25
ADBE,2014-08-01,3.64308e+10,71.9
ADBE,2014-09-01,3.51354e+10,69.19
ADBE,2014-10-01,3.56077e+10,70.12
ADBE,2014-11-01,3.74155e+10,73.68
ADBE,2014-12-01,3.69179e+10,72.7
ADBE,2015-01-01,3.56597e+10,70.13
ADBE,2015-02-01,4.02208e+10,79.1
ADBE,2015-03-01,3.75265e+10,73.94
ADBE,2015-04-01,3.86024e+10,76.06
ADBE,2015-05-01,4.01402e+10,79.09
ADBE,2015-06-01,4.09572e+10,81.01
ADBE,2015-07-01,4.14527e+10,81.99
ADBE,2015-08-01,3.97236e+10,78.57
ADBE,2015-09-01,4.15876e+10,82.22
ADBE,2015-10-01,4.4845e+10,88.66
ADBE,2015-11-01,4.62613e+10,91.46
ADBE,2015-12-01,4.75157e+10,93.94
ADBE,2016-01-01,4.52035e+10,89.13
ADBE,2016-02-01,4.31799e+10,85.14
ADBE,2016-03-01,4.74324e+10,93.8
ADBE,2016-04-01,4.76448e+10,94.22
ADBE,2016-05-01,5.02996e+10,99.47
ADBE,2016-06-01,4.83476e+10,95.79
ADBE,2016-07-01,4.93924e+10,97.86
ADBE,2016-08-01,5.16384e+10,102.31
ADBE,2016-09-01,5.46682e+10,108.54
ADBE,2016-10-01,5.41495e+10,107.51
ADBE,2016-11-01,5.17822e+10,102.81
ADBE,2016-12-01,5.18527e+10,102.95
ADBE,2017-01-01,5.71774e+10,113.38
ADBE,2017-02-01,5.96787e+10,118.34
ADBE,2017-03-01,6.5177e+10,130.13
ADBE,2017-04-01,6.69852e+10,133.74
ADBE,2017-05-01,7.10521e+10,141.86
ADBE,2017-06-01,7.07646e+10,141.43
ADBE,2017-07-01,7.32964e+10,146.49
ADBE,2017-08-01,7.76345e+10,155.16
ADBE,2017-09-01,7.46544e+10,149.19
ADBE,2017-10-01,8.76497e+10,175.16
ADBE,2017-11-01,9.08072e+10,181.47
ADBE,2017-12-01,8.76897e+10,175.24
ADBE,2018-01-01,1.00104e+11,199.76
ADBE,2018-02-01,1.048e+11,209.13
ADBE,2018-03-01,1.07917e+11,216.08
ADBE,2018-04-01,1.10674e+11,221.6
ADBE,2018-05-01,1.24499e+11,249.28
ADBE,2018-06-01,1.21479e+11,243.81
ADBE,2018-07-01,1.21912e+11,244.68
ADBE,2018-08-01,1.31294e+11,263.51
ADBE,2018-09-01,1.34129e+11,269.95
ADBE,2018-10-01,1.2211e+11,245.76
ADBE,2018-11-01,1.24659e+11,250.89
ADBE,2018-12-01,1.12411e+11,226.24
ADBE,2019-01-01,1.23375e+11,247.82
ADBE,2019-02-01,1.30684e+11,262.5
ADBE,2019-03-01,1.31696e+11,266.49
ADBE,2019-04-01,1.42944e+11,289.25
ADBE,2019-05-01,1.33876e+11,270.9
ADBE,2019-06-01,1.4503e+11,294.65
ADBE,2019-07-01,1.47102e+11,298.86
ADBE,2019-08-01,1.40039e+11,284.51
ADBE,2019-09-01,1.3565e+11,276.25
ADBE,2019-10-01,1.36475e+11,277.93
ADBE,2019-11-01,1.51992e+11,309.53
ADBE,2019-12-01,1.61951e+11,329.81
ADBE,2020-01-01,1.72611e+11,351.14
ADBE,2020-02-01,1.69651e+11,345.12
ADBE,2020-03-01,1.55237e+11,318.24
ADBE,2020-04-01,1.72506e+11,353.64
ADBE,2020-05-01,1.88583e+11,386.6
ADBE,2020-06-01,2.11038e+11,435.31
ADBE,2020-07-01,2.15406e+11,444.32
ADBE,2020-08-01,2.48891e+11,513.39
ADBE,2020-09-01,2.3781e+11,490.43
ADBE,2020-10-01,2.16799e+11,447.1
ADBE,2020-11-01,2.3201e+11,478.47
ADBE,2020-12-01,2.42508e+11,500.12
ADBE,2021-01-01,2.22733e+11,458.77
ADBE,2021-02-01,2.2317e+11,459.67
ADBE,2021-03-01,2.29556e+11,475.37
ADBE,2021-04-01,2.45477e+11,508.34
ADBE,2021-05-01,2.43662e+11,504.58
ADBE,2021-06-01,2.81576e+11,585.64
ADBE,2021-07-01,2.9888e+11,621.63
ADBE,2021-08-01,3.19107e+11,663.7
ADBE,2021-09-01,2.76749e+11,575.72
ADBE,2021-10-01,3.12628e+11,650.36
ADBE,2021-11-01,3.21997e+11,669.85
ADBE,2021-12-01,2.72586e+11,567.06
ADBE,2022-01-01,2.56998e+11,534.3
ADBE,2022-02-01,2.24954e+11,467.68
ADBE,2022-03-01,2.16602e+11,455.62
ADBE,2022-04-01,1.88235e+11,395.95
ADBE,2022-05-01,1.97995e+11,416.48
ADBE,2022-06-01,1.73256e+11,366.06
ADBE,2022-07-01,1.9411e+11,410.12
ADBE,2022-08-01,1.76749e+11,373.44
ADBE,2022-09-01,1.29179e+11,275.2
ADBE,2022-10-01,1.49504e+11,318.5
ADBE,2022-11-01,1.6191e+11,344.93
ADBE,2022-12-01,1.57967e+11,336.53
ADBE,2023-01-01,1.74393e+11,370.34
ADBE,2023-02-01,1.52548e+11,323.95
ADBE,2023-03-01,1.77078e+11,385.37
ADBE,2023-04-01,1.73489e+11,377.56
ADBE,2023-05-01,1.91975e+11,417.79
ADBE,2023-06-01,2.243e+11,488.99
ADBE,2023-07-01,2.50528e+11,546.17
ADBE,2023-08-01,2.56569e+11,559.34
ADBE,2023-09-01,2.34299e+11,509.9
ADBE,2023-10-01,2.44482e+11,532.06
ADBE,2023-11-01,2.80759e+11,611.01
ADBE,2023-12-01,2.74138e+11,596.6
ADBE,2024-01-01,2.83623e+11,617.78
ADBE,2024-02-01,2.57225e+11,560.28
ADBE,2024-03-01,2.30249e+11,504.6
ADBE,2024-04-01,2.11189e+11,462.83
ADBE,2024-05-01,2.02944e+11,444.76
ADBE,2024-06-01,2.50771e+11,555.54
ADBE,2024-07-01,2.49015e+11,551.65
ADBE,2024-08-01,2.59289e+11,574.41
ADBE,2024-09-01,2.31758e+11,517.78
ADBE,2024-10-01,2.13989e+11,478.08
ADBE,2024-11-01,2.3093e+11,515.93
ADBE,2024-12-01,1.99039e+11,444.68
ADBE,2025-01-01,1.96721e+11,437.45
ADBE,2025-02-01,1.9722e+11,438.56
ADBE,2025-03-01,1.67833e+11,383.53
ADBE,2025-04-01,1.64091e+11,374.98
ADBE,2025-05-01,1.81643e+11,415.09
ADBE,2025-06-01,1.65933e+11,386.88
ADBE,2025-07-01,1.53413e+11,357.69
ADBE,2025-08-01,1.52989e+11,356.7
ADBE,2025-09-01,1.51856e+11,354.06
CSCO,2009-11-01,1.47114e+11,25.0577
CSCO,2009-12-01,1.50487e+11,25.6323
CSCO,2010-01-01,1.41247e+11,24.0585
CSCO,2010-02-01,1.52694e+11,26.0481
CSCO,2010-03-01,1.63351e+11,27.8661
CSCO,2010-04-01,1.69052e+11,28.8387
CSCO,2010-05-01,1.45535e+11,24.7972
CSCO,2010-06-01,1.33927e+11,22.8193
CSCO,2010-07-01,1.44961e+11,24.6995
CSCO,2010-08-01,1.25602e+11,21.401
CSCO,2010-09-01,1.37084e+11,23.4412
CSCO,2010-10-01,1.43101e+11,24.47
CSCO,2010-11-01,1.16393e+11,20.5098
CSCO,2010-12-01,1.22938e+11,21.6631
CSCO,2011-01-01,1.28466e+11,22.6372
CSCO,2011-02-01,1.11024e+11,19.8719
CSCO,2011-03-01,1.02952e+11,18.427
CSCO,2011-04-01,1.04851e+11,18.7669
CSCO,2011-05-01,9.96221e+10,17.9921
CSCO,2011-06-01,9.25471e+10,16.7143
CSCO,2011-07-01,9.4722e+10,17.1071
CSCO,2011-08-01,9.29395e+10,16.7852
CSCO,2011-09-01,9.23614e+10,16.6028
CSCO,2011-10-01,1.10446e+11,19.8537
CSCO,2011-11-01,1.08022e+11,19.9782
CSCO,2011-12-01,1.04727e+11,19.3688
CSCO,2012-01-01,1.13879e+11,21.0614
CSCO,2012-02-01,1.1503e+11,21.2979
CSCO,2012-03-01,1.22436e+11,22.6692
CSCO,2012-04-01,1.16708e+11,21.6085
CSCO,2012-05-01,9.55042e+10,17.5044
CSCO,2012-06-01,1.00412e+11,18.4039
CSCO,2012-07-01,9.32945e+10,17.0994
CSCO,2012-08-01,1.11635e+11,20.461
CSCO,2012-09-01,1.10626e+11,20.4712
CSCO,2012-10-01,9.94182e+10,18.3971
CSCO,2012-11-01,1.09023e+11,20.4392
CSCO,2012-12-01,1.13275e+11,21.2364
CSCO,2013-01-01,1.17766e+11,22.0784
CSCO,2013-02-01,1.19937e+11,22.3888
CSCO,2013-03-01,1.20189e+11,22.436
CSCO,2013-04-01,1.20372e+11,22.4701
CSCO,2013-05-01,1.39512e+11,25.8979
CSCO,2013-06-01,1.40781e+11,26.1334
CSCO,2013-07-01,1.48111e+11,27.4942
CSCO,2013-08-01,1.34945e+11,25.0501
CSCO,2013-09-01,1.35467e+11,25.1797
CSCO,2013-10-01,1.3047e+11,24.2509
CSCO,2013-11-01,1.24065e+11,22.848
CSCO,2013-12-01,1.30945e+11,24.1151
CSCO,2014-01-01,1.27991e+11,23.571
CSCO,2014-02-01,1.24905e+11,23.4475
CSCO,2014-03-01,1.28467e+11,24.1162
CSCO,2014-04-01,1.32516e+11,24.8764
CSCO,2014-05-01,1.37247e+11,26.4955
CSCO,2014-06-01,1.38554e+11,26.7479
CSCO,2014-07-01,1.4074e+11,27.17
CSCO,2014-08-01,1.39393e+11,26.9099
CSCO,2014-09-01,1.44223e+11,27.3097
CSCO,2014-10-01,1.39247e+11,26.3676
CSCO,2014-11-01,1.53564e+11,29.7836
CSCO,2014-12-01,1.54518e+11,29.9686
CSCO,2015-01-01,1.46523e+11,28.418
CSCO,2015-02-01,1.64186e+11,31.8189
CSCO,2015-03-01,1.54292e+11,29.9016
CSCO,2015-04-01,1.60465e+11,31.0978
CSCO,2015-05-01,1.62772e+11,31.6184
CSCO,2015-06-01,1.52493e+11,29.6218
CSCO,2015-07-01,1.57921e+11,30.6761
CSCO,2015-08-01,1.438e+11,27.9331
CSCO,2015-09-01,1.45807e+11,28.334
CSCO,2015-10-01,1.60344e+11,31.1589
CSCO,2015-11-01,1.50465e+11,29.4279
CSCO,2015-12-01,1.4993e+11,29.3234
CSCO,2016-01-01,1.3145e+11,25.7091
CSCO,2016-02-01,1.44182e+11,28.2876
CSCO,2016-03-01,1.56817e+11,30.7665
CSCO,2016-04-01,1.51509e+11,29.7252
CSCO,2016-05-01,1.59097e+11,31.4111
CSCO,2016-06-01,1.57125e+11,31.0218
CSCO,2016-07-01,1.67258e+11,33.0222
CSCO,2016-08-01,1.72259e+11,34.0098
CSCO,2016-09-01,1.73841e+11,34.3221
CSCO,2016-10-01,1.68242e+11,33.2166
CSCO,2016-11-01,1.63557e+11,32.2852
CSCO,2016-12-01,1.65731e+11,32.7144
CSCO,2017-01-01,1.68593e+11,33.2793
CSCO,2017-02-01,1.86624e+11,37.0285
CSCO,2017-03-01,1.84528e+11,36.6128
CSCO,2017-04-01,1.86136e+11,36.9318
CSCO,2017-05-01,1.72429e+11,34.1782
CSCO,2017-06-01,1.7117e+11,33.9286
CSCO,2017-07-01,1.72122e+11,34.1174
CSCO,2017-08-01,1.76284e+11,34.9423
CSCO,2017-09-01,1.85616e+11,36.4812
CSCO,2017-10-01,1.88609e+11,37.0693
CSCO,2017-11-01,2.02199e+11,40.4883
CSCO,2017-12-01,2.07618e+11,41.5734
CSCO,2018-01-01,2.25284e+11,45.1109
CSCO,2018-02-01,2.39451e+11,48.6293
CSCO,2018-03-01,2.29348e+11,46.5776
CSCO,2018-04-01,2.37031e+11,48.138
CSCO,2018-05-01,2.24876e+11,46.4237
CSCO,2018-06-01,2.26546e+11,46.7685
CSCO,2018-07-01,2.22819e+11,45.9989
CSCO,2018-08-01,2.51685e+11,51.9581
CSCO,2018-09-01,2.58277e+11,52.9147
CSCO,2018-10-01,2.42992e+11,49.7832
CSCO,2018-11-01,2.40349e+11,52.0913
CSCO,2018-12-01,2.17546e+11,47.1492
CSCO,2019-01-01,2.37611e+11,51.4979
CSCO,2019-02-01,2.53977e+11,56.3766
CSCO,2019-03-01,2.64858e+11,58.792
CSCO,2019-04-01,2.7457e+11,60.9478
CSCO,2019-05-01,2.50239e+11,56.6794
CSCO,2019-06-01,2.63222e+11,59.62
CSCO,2019-07-01,2.66549e+11,60.3735
CSCO,2019-08-01,2.25221e+11,51.0127
CSCO,2019-09-01,2.39782e+11,53.8472
CSCO,2019-10-01,2.3079e+11,51.828
CSCO,2019-11-01,2.11213e+11,49.4296
CSCO,2019-12-01,2.23557e+11,52.3186
CSCO,2020-01-01,2.14413e+11,50.1785
CSCO,2020-02-01,1.85678e+11,43.5863
CSCO,2020-03-01,1.828e+11,42.9108
CSCO,2020-04-01,1.97273e+11,46.3082
CSCO,2020-05-01,2.21691e+11,52.2486
CSCO,2020-06-01,2.16224e+11,50.9602
CSCO,2020-07-01,2.18529e+11,51.5034
CSCO,2020-08-01,1.95884e+11,46.1663
CSCO,2020-09-01,1.83232e+11,43.0728
CSCO,2020-10-01,1.67126e+11,39.2869
CSCO,2020-11-01,1.99802e+11,47.0788
CSCO,2020-12-01,2.07835e+11,48.9715
CSCO,2021-01-01,2.07196e+11,48.8209
CSCO,2021-02-01,2.08055e+11,49.1391
CSCO,2021-03-01,2.39768e+11,56.6291
CSCO,2021-04-01,2.37749e+11,56.1524
CSCO,2021-05-01,2.45641e+11,57.9615
CSCO,2021-06-01,2.46108e+11,58.0717
CSCO,2021-07-01,2.57255e+11,60.702
CSCO,2021-08-01,2.74219e+11,64.7049
CSCO,2021-09-01,2.52768e+11,59.6713
CSCO,2021-10-01,2.60056e+11,61.3919
CSCO,2021-11-01,2.55226e+11,60.1523
CSCO,2021-12-01,2.94928e+11,69.5093
CSCO,2022-01-01,2.59226e+11,61.0951
CSCO,2022-02-01,2.57369e+11,61.2056
CSCO,2022-03-01,2.57323e+11,61.1946
CSCO,2022-04-01,2.26168e+11,53.7854
CSCO,2022-05-01,2.06289e+11,49.4699
CSCO,2022-06-01,1.95254e+11,46.8234
CSCO,2022-07-01,2.07924e+11,49.8618
CSCO,2022-08-01,2.04945e+11,49.1474
CSCO,2022-09-01,1.84281e+11,43.9601
CSCO,2022-10-01,2.09415e+11,49.9559
CSCO,2022-11-01,2.25035e+11,54.6732
CSCO,2022-12-01,2.15621e+11,52.386
CSCO,2023-01-01,2.18685e+11,53.1304
CSCO,2023-02-01,2.17562e+11,52.8575
CSCO,2023-03-01,2.34883e+11,57.0658
CSCO,2023-04-01,2.10854e+11,51.2278
CSCO,2023-05-01,2.2133e+11,53.8515
CSCO,2023-06-01,2.30554e+11,56.0958
CSCO,2023-07-01,2.30278e+11,56.0288
CSCO,2023-08-01,2.53775e+11,61.7458
CSCO,2023-09-01,2.376e+11,57.8806
CSCO,2023-10-01,2.28843e+11,55.7475
CSCO,2023-11-01,2.1145e+11,51.7373
CSCO,2023-12-01,2.20803e+11,54.0258
CSCO,2024-01-01,2.17734e+11,53.2748
CSCO,2024-02-01,2.09161e+11,51.3532
CSCO,2024-03-01,2.15821e+11,52.9881
CSCO,2024-04-01,2.01617e+11,49.5009
CSCO,2024-05-01,1.9892e+11,48.9952
CSCO,2024-06-01,2.03241e+11,50.0594
CSCO,2024-07-01,2.05606e+11,50.6419
CSCO,2024-08-01,2.14475e+11,52.8264
CSCO,2024-09-01,2.2596e+11,55.6277
CSCO,2024-10-01,2.30868e+11,56.8362
CSCO,2024-11-01,2.46573e+11,61.4437
CSCO,2024-12-01,2.46532e+11,61.4333
CSCO,2025-01-01,2.50719e+11,62.4766
CSCO,2025-02-01,2.64712e+11,66.0953
CSCO,2025-03-01,2.54802e+11,63.621
CSCO,2025-04-01,2.36832e+11,59.1342
CSCO,2025-05-01,2.58423e+11,64.5734
CSCO,2025-06-01,2.84412e+11,71.0676
CSCO,2025-07-01,2.77473e+11,69.3336
CSCO,2025-08-01,2.8159e+11,70.3622
CSCO,2025-09-01,2.74183e+11,68.58
IBM,2009-07-01,1.70769e+11,127.735
IBM,2009-08-01,1.70946e+11,127.867
IBM,2009-09-01,1.72444e+11,128.988
IBM,2009-10-01,1.74052e+11,130.064
IBM,2009-11-01,1.82321e+11,136.244
IBM,2009-12-01,1.88884e+11,141.148
IBM,2010-01-01,1.76634e+11,131.994
IBM,2010-02-01,1.83958e+11,137.144
IBM,2010-03-01,1.84772e+11,137.75
IBM,2010-04-01,1.83086e+11,138.534
IBM,2010-05-01,1.77769e+11,134.51
IBM,2010-06-01,1.7444e+11,131.992
IBM,2010-07-01,1.77986e+11,137.261
IBM,2010-08-01,1.70627e+11,131.585
IBM,2010-09-01,1.85012e+11,142.679
IBM,2010-10-01,1.94388e+11,152.725
IBM,2010-11-01,1.91507e+11,150.461
IBM,2010-12-01,1.98739e+11,156.143
IBM,2011-01-01,2.19327e+11,172.319
IBM,2011-02-01,2.21611e+11,172.144
IBM,2011-03-01,2.22437e+11,172.786
IBM,2011-04-01,2.24148e+11,180.765
IBM,2011-05-01,2.22957e+11,179.804
IBM,2011-06-01,2.25388e+11,181.764
IBM,2011-07-01,2.35447e+11,192.768
IBM,2011-08-01,2.235e+11,182.987
IBM,2011-09-01,2.26436e+11,185.39
IBM,2011-10-01,2.35808e+11,195.707
IBM,2011-11-01,2.4113e+11,200.125
IBM,2011-12-01,2.35769e+11,195.675
IBM,2012-01-01,2.46998e+11,204.995
IBM,2012-02-01,2.55142e+11,210.207
IBM,2012-03-01,2.69673e+11,222.178
IBM,2012-04-01,2.58909e+11,220.499
IBM,2012-05-01,2.42164e+11,206.238
IBM,2012-06-01,2.44476e+11,208.206
IBM,2012-07-01,2.42455e+11,208.671
IBM,2012-08-01,2.42077e+11,208.346
IBM,2012-09-01,2.56646e+11,220.885
IBM,2012-10-01,2.38066e+11,207.14
IBM,2012-11-01,2.3367e+11,203.315
IBM,2012-12-01,2.34461e+11,204.003
IBM,2013-01-01,2.48599e+11,216.305
IBM,2013-02-01,2.48209e+11,214.816
IBM,2013-03-01,2.62571e+11,227.246
IBM,2013-04-01,2.42526e+11,215.77
IBM,2013-05-01,2.50265e+11,222.656
IBM,2013-06-01,2.30139e+11,204.75
IBM,2013-07-01,2.30613e+11,207.872
IBM,2013-08-01,2.17753e+11,196.28
IBM,2013-09-01,2.20146e+11,198.437
IBM,2013-10-01,2.11064e+11,192.086
IBM,2013-11-01,2.11597e+11,192.571
IBM,2013-12-01,2.19802e+11,200.038
IBM,2014-01-01,2.07022e+11,188.407
IBM,2014-02-01,2.1902e+11,198.56
IBM,2014-03-01,2.26584e+11,205.417
IBM,2014-04-01,2.18415e+11,209.651
IBM,2014-05-01,2.06167e+11,197.895
IBM,2014-06-01,2.01568e+11,193.481
IBM,2014-07-01,2.05633e+11,204.589
IBM,2014-08-01,2.07522e+11,206.469
IBM,2014-09-01,2.03746e+11,202.713
IBM,2014-10-01,1.75175e+11,175.579
IBM,2014-11-01,1.73991e+11,174.392
IBM,2014-12-01,1.71009e+11,171.403
IBM,2015-01-01,1.63425e+11,163.802
IBM,2015-02-01,1.76009e+11,174.266
IBM,2015-03-01,1.73298e+11,171.582
IBM,2015-04-01,1.81727e+11,183.137
IBM,2015-05-01,1.81348e+11,182.755
IBM,2015-06-01,1.72632e+11,173.972
IBM,2015-07-01,1.70953e+11,173.257
IBM,2015-08-01,1.57363e+11,159.484
IBM,2015-09-01,1.5299e+11,155.052
IBM,2015-10-01,1.46692e+11,149.839
IBM,2015-11-01,1.4737e+11,150.531
IBM,2015-12-01,1.44192e+11,147.285
IBM,2016-01-01,1.3078e+11,133.585
IBM,2016-02-01,1.39262e+11,141.714
IBM,2016-03-01,1.59481e+11,162.288
IBM,2016-04-01,1.50792e+11,156.358
IBM,2016-05-01,1.6041e+11,166.332
IBM,2016-06-01,1.57052e+11,162.849
IBM,2016-07-01,1.65496e+11,172.302
IBM,2016-08-01,1.65103e+11,171.893
IBM,2016-09-01,1.63732e+11,170.466
IBM,2016-10-01,1.57898e+11,164.941
IBM,2016-11-01,1.68168e+11,175.669
IBM,2016-12-01,1.70697e+11,178.311
IBM,2017-01-01,1.79468e+11,187.473
IBM,2017-02-01,1.86645e+11,194.683
IBM,2017-03-01,1.79454e+11,187.182
IBM,2017-04-01,1.63295e+11,172.288
IBM,2017-05-01,1.57017e+11,165.665
IBM,2017-06-01,1.56808e+11,165.445
IBM,2017-07-01,1.46228e+11,155.628
IBM,2017-08-01,1.46074e+11,155.464
IBM,2017-09-01,1.46743e+11,156.176
IBM,2017-10-01,1.54784e+11,165.859
IBM,2017-11-01,1.56218e+11,167.395
IBM,2017-12-01,1.5427e+11,165.308
IBM,2018-01-01,1.64608e+11,176.386
IBM,2018-02-01,1.5894e+11,169.557
IBM,2018-03-01,1.551e+11,165.46
IBM,2018-04-01,1.44697e+11,156.36
IBM,2018-05-01,1.42601e+11,154.095
IBM,2018-06-01,1.39548e+11,150.796
IBM,2018-07-01,1.43812e+11,156.42
IBM,2018-08-01,1.46898e+11,159.777
IBM,2018-09-01,1.50181e+11,163.346
IBM,2018-10-01,1.14141e+11,124.715
IBM,2018-11-01,1.24428e+11,135.955
IBM,2018-12-01,1.1251e+11,122.933
IBM,2019-01-01,1.33033e+11,145.358
IBM,2019-02-01,1.38461e+11,151.106
IBM,2019-03-01,1.39965e+11,152.747
IBM,2019-04-01,1.35748e+11,151.858
IBM,2019-05-01,1.2434e+11,139.097
IBM,2019-06-01,1.33461e+11,149.3
IBM,2019-07-01,1.42974e+11,160.495
IBM,2019-08-01,1.32262e+11,148.471
IBM,2019-09-01,1.40364e+11,157.565
IBM,2019-10-01,1.29364e+11,144.891
IBM,2019-11-01,1.31613e+11,147.409
IBM,2019-12-01,1.29751e+11,145.324
IBM,2020-01-01,1.39134e+11,155.833
IBM,2020-02-01,1.27303e+11,142.586
IBM,2020-03-01,1.07292e+11,120.173
IBM,2020-04-01,1.21727e+11,136.001
IBM,2020-05-01,1.22715e+11,137.106
IBM,2020-06-01,1.17252e+11,131.003
IBM,2020-07-01,1.19332e+11,133.341
IBM,2020-08-01,1.21264e+11,135.499
IBM,2020-09-01,1.18215e+11,132.093
IBM,2020-10-01,1.08765e+11,121.215
IBM,2020-11-01,1.22066e+11,136.038
IBM,2020-12-01,1.22904e+11,136.972
IBM,2021-01-01,1.16307e+11,129.62
IBM,2021-02-01,1.17578e+11,131.142
IBM,2021-03-01,1.30109e+11,145.119
IBM,2021-04-01,1.39316e+11,154.496
IBM,2021-05-01,1.42726e+11,158.278
IBM,2021-06-01,1.44053e+11,159.749
IBM,2021-07-01,1.38895e+11,153.606
IBM,2021-08-01,1.39878e+11,154.692
IBM,2021-09-01,1.37014e+11,151.525
IBM,2021-10-01,1.23368e+11,136.434
IBM,2021-11-01,1.17245e+11,129.416
IBM,2021-12-01,1.32132e+11,145.848
IBM,2022-01-01,1.3204e+11,145.747
IBM,2022-02-01,1.22386e+11,135.286
IBM,2022-03-01,1.28313e+11,141.839
IBM,2022-04-01,1.31142e+11,144.235
IBM,2022-05-01,1.39383e+11,153.299
IBM,2022-06-01,1.40217e+11,154.216
IBM,2022-07-01,1.30107e+11,142.857
IBM,2022-08-01,1.2939e+11,142.069
IBM,2022-09-01,1.18289e+11,129.88
IBM,2022-10-01,1.36675e+11,151.176
IBM,2022-11-01,1.48915e+11,164.715
IBM,2022-12-01,1.39493e+11,154.293
IBM,2023-01-01,1.33394e+11,147.547
IBM,2023-02-01,1.29178e+11,141.601
IBM,2023-03-01,1.2944e+11,141.888
IBM,2023-04-01,1.25582e+11,136.822
IBM,2023-05-01,1.27748e+11,139.182
IBM,2023-06-01,1.31348e+11,143.105
IBM,2023-07-01,1.41775e+11,154.195
IBM,2023-08-01,1.44381e+11,157.029
IBM,2023-09-01,1.36501e+11,148.459
IBM,2023-10-01,1.4137e+11,153.052
IBM,2023-11-01,1.54975e+11,167.781
IBM,2023-12-01,1.58271e+11,171.349
IBM,2024-01-01,1.77731e+11,192.418
IBM,2024-02-01,1.78747e+11,193.853
IBM,2024-03-01,1.82896e+11,198.353
IBM,2024-04-01,1.61142e+11,172.634
IBM,2024-05-01,1.61773e+11,173.31
IBM,2024-06-01,1.66071e+11,177.915
IBM,2024-07-01,1.84689e+11,197.656
IBM,2024-08-01,1.94291e+11,207.932
IBM,2024-09-01,2.108e+11,225.6
IBM,2024-10-01,1.94825e+11,210.946
IBM,2024-11-01,2.14325e+11,232.059
IBM,2024-12-01,2.0569e+11,222.71
IBM,2025-01-01,2.39253e+11,259.05
IBM,2025-02-01,2.39676e+11,255.747
IBM,2025-03-01,2.34546e+11,250.273
IBM,2025-04-01,2.30091e+11,243.388
IBM,2025-05-01,2.46495e+11,260.74
IBM,2025-06-01,2.78676e+11,294.78
IBM,2025-07-01,2.39977e+11,253.15
IBM,2025-08-01,2.30819e+11,243.49
IBM,2025-09-01,2.45626e+11,259.11
NFLX,2009-07-01,2.62144e+09,6.2771
NFLX,2009-08-01,2.60298e+09,6.2329
NFLX,2009-09-01,2.7545e+09,6.5957
NFLX,2009-10-01,3.09678e+09,7.6357
NFLX,2009-11-01,3.3969e+09,8.3757
NFLX,2009-12-01,3.1918e+09,7.87
NFLX,2010-01-01,3.60666e+09,8.8929
NFLX,2010-02-01,3.85837e+09,9.4357
NFLX,2010-03-01,4.30748e+09,10.534
NFLX,2010-04-01,5.41741e+09,14.129
NFLX,2010-05-01,6.08841e+09,15.879
NFLX,2010-06-01,5.95114e+09,15.521
NFLX,2010-07-01,5.57093e+09,14.65
NFLX,2010-08-01,6.81859e+09,17.931
NFLX,2010-09-01,8.80929e+09,23.166
NFLX,2010-10-01,9.36091e+09,24.796
NFLX,2010-11-01,1.11043e+10,29.414
NFLX,2010-12-01,9.47568e+09,25.1
NFLX,2011-01-01,1.15456e+10,30.583
NFLX,2011-02-01,1.11458e+10,29.524
NFLX,2011-03-01,1.28239e+10,33.969
NFLX,2011-04-01,1.26216e+10,33.239
NFLX,2011-05-01,1.46899e+10,38.686
NFLX,2011-06-01,1.42498e+10,37.527
NFLX,2011-07-01,1.43394e+10,37.999
NFLX,2011-08-01,1.26692e+10,33.573
NFLX,2011-09-01,6.10611e+09,16.181
NFLX,2011-10-01,4.42176e+09,11.726
NFLX,2011-11-01,3.47624e+09,9.2186
NFLX,2011-12-01,3.73281e+09,9.899
NFLX,2012-01-01,6.47501e+09,17.171
NFLX,2012-02-01,6.02044e+09,15.819
NFLX,2012-03-01,6.2545e+09,16.434
NFLX,2012-04-01,4.44441e+09,11.449
NFLX,2012-05-01,3.51815e+09,9.0629
NFLX,2012-06-01,3.79807e+09,9.784
NFLX,2012-07-01,3.15266e+09,8.1214
NFLX,2012-08-01,3.51206e+09,8.5314
NFLX,2012-09-01,3.20154e+09,7.7771
NFLX,2012-10-01,4.65369e+09,11.32
NFLX,2012-11-01,4.79881e+09,11.673
NFLX,2012-12-01,5.43766e+09,13.227
NFLX,2013-01-01,9.7045e+09,23.606
NFLX,2013-02-01,1.10788e+10,26.869
NFLX,2013-03-01,1.11493e+10,27.04
NFLX,2013-04-01,1.29957e+10,30.867
NFLX,2013-05-01,1.36079e+10,32.321
NFLX,2013-06-01,1.26963e+10,30.156
NFLX,2013-07-01,1.48132e+10,34.926
NFLX,2013-08-01,1.72023e+10,40.559
NFLX,2013-09-01,1.87351e+10,44.173
NFLX,2013-10-01,1.96682e+10,46.069
NFLX,2013-11-01,2.23101e+10,52.257
NFLX,2013-12-01,2.24548e+10,52.596
NFLX,2014-01-01,2.49652e+10,58.476
NFLX,2014-02-01,2.70767e+10,63.661
NFLX,2014-03-01,2.13897e+10,50.29
NFLX,2014-04-01,1.9821e+10,46.006
NFLX,2014-05-01,2.57166e+10,59.69
NFLX,2014-06-01,2.71181e+10,62.943
NFLX,2014-07-01,2.60541e+10,60.389
NFLX,2014-08-01,2.94387e+10,68.234
NFLX,2014-09-01,2.78079e+10,64.454
NFLX,2014-10-01,2.4281e+10,56.11
NFLX,2014-11-01,2.14263e+10,49.513
NFLX,2014-12-01,2.11181e+10,48.801
NFLX,2015-01-01,2.72585e+10,63.114
NFLX,2015-02-01,2.93013e+10,67.844
NFLX,2015-03-01,2.57093e+10,59.527
NFLX,2015-04-01,3.4488e+10,79.5
NFLX,2015-05-01,3.86747e+10,89.151
NFLX,2015-06-01,4.07127e+10,93.849
NFLX,2015-07-01,4.98502e+10,114.31
NFLX,2015-08-01,5.01642e+10,115.03
NFLX,2015-09-01,4.50314e+10,103.26
NFLX,2015-10-01,4.74277e+10,108.38
NFLX,2015-11-01,5.39699e+10,123.33
NFLX,2015-12-01,5.00534e+10,114.38
NFLX,2016-01-01,4.00841e+10,91.84
NFLX,2016-02-01,4.07694e+10,93.41
NFLX,2016-03-01,4.46189e+10,102.23
NFLX,2016-04-01,3.94325e+10,90.03
NFLX,2016-05-01,4.49249e+10,102.57
NFLX,2016-06-01,4.00676e+10,91.48
NFLX,2016-07-01,3.99772e+10,91.24
NFLX,2016-08-01,4.26981e+10,97.45
NFLX,2016-09-01,4.31801e+10,98.55
NFLX,2016-10-01,5.47416e+10,124.87
NFLX,2016-11-01,5.12915e+10,117
NFLX,2016-12-01,5.42726e+10,123.8
NFLX,2017-01-01,6.17227e+10,140.71
NFLX,2017-02-01,6.23456e+10,142.13
NFLX,2017-03-01,6.48372e+10,147.81
NFLX,2017-04-01,6.77987e+10,152.2
NFLX,2017-05-01,7.26408e+10,163.07
NFLX,2017-06-01,6.65559e+10,149.41
NFLX,2017-07-01,8.1068e+10,181.66
NFLX,2017-08-01,7.79664e+10,174.71
NFLX,2017-09-01,8.08895e+10,181.26
NFLX,2017-10-01,8.78753e+10,196.43
NFLX,2017-11-01,8.39162e+10,187.58
NFLX,2017-12-01,8.58756e+10,191.96
NFLX,2018-01-01,1.20774e+11,270.3
NFLX,2018-02-01,1.30193e+11,291.38
NFLX,2018-03-01,1.31967e+11,295.35
NFLX,2018-04-01,1.40719e+11,312.46
NFLX,2018-05-01,1.58346e+11,351.6
NFLX,2018-06-01,1.76284e+11,391.43
NFLX,2018-07-01,1.52376e+11,337.45
NFLX,2018-08-01,1.66027e+11,367.68
NFLX,2018-09-01,1.68939e+11,374.13
NFLX,2018-10-01,1.3638e+11,301.78
NFLX,2018-11-01,1.29308e+11,286.13
NFLX,2018-12-01,1.20961e+11,267.66
NFLX,2019-01-01,1.53197e+11,339.5
NFLX,2019-02-01,1.6159e+11,358.1
NFLX,2019-03-01,1.60896e+11,356.56
NFLX,2019-04-01,1.67455e+11,370.54
NFLX,2019-05-01,1.55136e+11,343.28
NFLX,2019-06-01,1.66e+11,367.32
NFLX,2019-07-01,1.46054e+11,322.99
NFLX,2019-08-01,1.32832e+11,293.75
NFLX,2019-09-01,1.21016e+11,267.62
NFLX,2019-10-01,1.29781e+11,287.41
NFLX,2019-11-01,1.42085e+11,314.66
NFLX,2019-12-01,1.46109e+11,323.57
NFLX,2020-01-01,1.559e+11,345.09
NFLX,2020-02-01,1.66715e+11,369.03
NFLX,2020-03-01,1.69638e+11,375.5
NFLX,2020-04-01,1.8998e+11,419.85
NFLX,2020-05-01,1.89925e+11,419.73
NFLX,2020-06-01,2.05903e+11,455.04
NFLX,2020-07-01,2.21925e+11,488.88
NFLX,2020-08-01,2.40391e+11,529.56
NFLX,2020-09-01,2.26986e+11,500.03
NFLX,2020-10-01,2.16504e+11,475.74
NFLX,2020-11-01,2.23312e+11,490.7
NFLX,2020-12-01,2.4608e+11,540.73
NFLX,2021-01-01,2.41816e+11,532.39
NFLX,2021-02-01,2.4475e+11,538.85
NFLX,2021-03-01,2.36942e+11,521.66
NFLX,2021-04-01,2.33958e+11,513.47
NFLX,2021-05-01,2.29101e+11,502.81
NFLX,2021-06-01,2.40674e+11,528.21
NFLX,2021-07-01,2.35561e+11,517.57
NFLX,2021-08-01,2.59055e+11,569.19
NFLX,2021-09-01,2.77783e+11,610.34
NFLX,2021-10-01,3.14039e+11,690.31
NFLX,2021-11-01,2.92016e+11,641.9
NFLX,2021-12-01,2.74065e+11,602.44
NFLX,2022-01-01,1.94508e+11,427.14
NFLX,2022-02-01,1.79653e+11,394.52
NFLX,2022-03-01,1.70578e+11,374.59
NFLX,2022-04-01,8.623e+10,190.36
NFLX,2022-05-01,8.94372e+10,197.44
NFLX,2022-06-01,7.92133e+10,174.87
NFLX,2022-07-01,1.01243e+11,224.9
NFLX,2022-08-01,1.0064e+11,223.56
NFLX,2022-09-01,1.05988e+11,235.44
NFLX,2022-10-01,1.31446e+11,291.88
NFLX,2022-11-01,1.37594e+11,305.53
NFLX,2022-12-01,1.32797e+11,294.88
NFLX,2023-01-01,1.59693e+11,353.86
NFLX,2023-02-01,1.45374e+11,322.13
NFLX,2023-03-01,1.55912e+11,345.48
NFLX,2023-04-01,1.49266e+11,329.93
NFLX,2023-05-01,1.78809e+11,395.23
NFLX,2023-06-01,1.99285e+11,440.49
NFLX,2023-07-01,1.98227e+11,438.97
NFLX,2023-08-01,1.95838e+11,433.68
NFLX,2023-09-01,1.70514e+11,377.6
NFLX,2023-10-01,1.85265e+11,411.69
NFLX,2023-11-01,2.13292e+11,473.97
NFLX,2023-12-01,2.19101e+11,486.88
NFLX,2024-01-01,2.53566e+11,564.11
NFLX,2024-02-01,2.71011e+11,602.92
NFLX,2024-03-01,2.72994e+11,607.33
NFLX,2024-04-01,2.43192e+11,550.64
NFLX,2024-05-01,2.83374e+11,641.62
NFLX,2024-06-01,2.98063e+11,674.88
NFLX,2024-07-01,2.7631e+11,628.35
NFLX,2024-08-01,3.08411e+11,701.35
NFLX,2024-09-01,3.11894e+11,709.27
NFLX,2024-10-01,3.31064e+11,756.03
NFLX,2024-11-01,3.88332e+11,886.81
NFLX,2024-12-01,3.90307e+11,891.32
NFLX,2025-01-01,4.29053e+11,976.76
NFLX,2025-02-01,4.30722e+11,980.56
NFLX,2025-03-01,4.09624e+11,932.53
NFLX,2025-04-01,4.94519e+11,1131.72
NFLX,2025-05-01,5.27514e+11,1207.23
NFLX,2025-06-01,5.85149e+11,1339.13
NFLX,2025-07-01,5.04203e+11,1159.4
NFLX,2025-08-01,5.25447e+11,1208.25
NFLX,2025-09-01,5.49366e+11,1263.25
NOW,2012-08-01,8.64224e+08,31.1
NOW,2012-09-01,1.07486e+09,38.68
NOW,2012-10-01,3.60744e+09,30.65
NOW,2012-11-01,3.84049e+09,32.63
NOW,2012-12-01,3.53447e+09,30.03
NOW,2013-01-01,3.26259e+09,27.72
NOW,2013-02-01,3.82165e+09,32.47
NOW,2013-03-01,2.67549e+09,36.2
NOW,2013-04-01,3.0273e+09,40.96
NOW,2013-05-01,4.77079e+09,36.76
NOW,2013-06-01,5.2419e+09,40.39
NOW,2013-07-01,5.6559e+09,43.58
NOW,2013-08-01,6.30321e+09,46.88
NOW,2013-09-01,6.98489e+09,51.95
NOW,2013-10-01,7.34254e+09,54.61
NOW,2013-11-01,7.30032e+09,53.11
NOW,2013-12-01,7.69894e+09,56.01
NOW,2014-01-01,8.71887e+09,63.43
NOW,2014-02-01,9.2164e+09,68.06
NOW,2014-03-01,8.11412e+09,59.92
NOW,2014-04-01,6.73287e+09,49.72
NOW,2014-05-01,7.43116e+09,52.31
NOW,2014-06-01,8.80204e+09,61.96
NOW,2014-07-01,8.35313e+09,58.8
NOW,2014-08-01,8.83064e+09,61.13
NOW,2014-09-01,8.49116e+09,58.78
NOW,2014-10-01,9.81294e+09,67.93
NOW,2014-11-01,9.35962e+09,63.96
NOW,2014-12-01,9.92886e+09,67.85
NOW,2015-01-01,1.06679e+10,72.9
NOW,2015-02-01,1.10848e+10,76.26
NOW,2015-03-01,1.14511e+10,78.78
NOW,2015-04-01,1.08813e+10,74.86
NOW,2015-05-01,1.16142e+10,76.61
NOW,2015-06-01,1.12655e+10,74.31
NOW,2015-07-01,1.2204e+10,80.5
NOW,2015-08-01,1.09609e+10,70.96
NOW,2015-09-01,1.07276e+10,69.45
NOW,2015-10-01,1.26121e+10,81.65
NOW,2015-11-01,1.36545e+10,87.01
NOW,2015-12-01,1.35839e+10,86.56
NOW,2016-01-01,9.76265e+09,62.21
NOW,2016-02-01,8.56231e+09,54.99
NOW,2016-03-01,9.52613e+09,61.18
NOW,2016-04-01,1.11299e+10,71.48
NOW,2016-05-01,1.16089e+10,71.63
NOW,2016-06-01,1.07613e+10,66.4
NOW,2016-07-01,1.21421e+10,74.92
NOW,2016-08-01,1.19062e+10,72.67
NOW,2016-09-01,1.29678e+10,79.15
NOW,2016-10-01,1.44031e+10,87.91
NOW,2016-11-01,1.37513e+10,83.15
NOW,2016-12-01,1.22943e+10,74.34
NOW,2017-01-01,1.49866e+10,90.62
NOW,2017-02-01,1.43013e+10,86.92
NOW,2017-03-01,1.43918e+10,87.47
NOW,2017-04-01,1.55452e+10,94.48
NOW,2017-05-01,1.76589e+10,104.65
NOW,2017-06-01,1.78867e+10,106
NOW,2017-07-01,1.86376e+10,110.45
NOW,2017-08-01,1.9801e+10,116.19
NOW,2017-09-01,2.00294e+10,117.53
NOW,2017-10-01,2.15359e+10,126.37
NOW,2017-11-01,2.11416e+10,123
NOW,2017-12-01,2.24118e+10,130.39
NOW,2018-01-01,2.55883e+10,148.87
NOW,2018-02-01,2.7561e+10,161.01
NOW,2018-03-01,2.8321e+10,165.45
NOW,2018-04-01,2.84391e+10,166.14
NOW,2018-05-01,3.37903e+10,177.61
NOW,2018-06-01,3.28124e+10,172.47
NOW,2018-07-01,3.34764e+10,175.96
NOW,2018-08-01,3.48231e+10,196.36
NOW,2018-09-01,3.46936e+10,195.63
NOW,2018-10-01,3.21062e+10,181.04
NOW,2018-11-01,3.56072e+10,185.27
NOW,2018-12-01,3.42196e+10,178.05
NOW,2019-01-01,4.22858e+10,220.02
NOW,2019-02-01,4.25835e+10,239.44
NOW,2019-03-01,4.38373e+10,246.49
NOW,2019-04-01,4.8287e+10,271.51
NOW,2019-05-01,4.76874e+10,261.93
NOW,2019-06-01,4.99886e+10,274.57
NOW,2019-07-01,5.05021e+10,277.39
NOW,2019-08-01,4.88797e+10,261.84
NOW,2019-09-01,4.73881e+10,253.85
NOW,2019-10-01,4.89274e+10,247.26
NOW,2019-11-01,5.60074e+10,283.04
NOW,2019-12-01,5.5865e+10,282.32
NOW,2020-01-01,6.69283e+10,338.23
NOW,2020-02-01,6.43124e+10,326.09
NOW,2020-03-01,5.65202e+10,286.58
NOW,2020-04-01,7.02862e+10,351.54
NOW,2020-05-01,7.75619e+10,387.93
NOW,2020-06-01,8.09869e+10,405.06
NOW,2020-07-01,8.84782e+10,439.2
NOW,2020-08-01,9.71044e+10,482.02
NOW,2020-09-01,9.77047e+10,485
NOW,2020-10-01,1.0044e+11,497.57
NOW,2020-11-01,1.07905e+11,534.55
NOW,2020-12-01,1.1111e+11,550.43
NOW,2021-01-01,1.09643e+11,543.16
NOW,2021-02-01,1.08014e+11,533.46
NOW,2021-03-01,1.01261e+11,500.11
NOW,2021-04-01,1.02422e+11,506.37
NOW,2021-05-01,9.58508e+10,473.88
NOW,2021-06-01,1.11156e+11,549.55
NOW,2021-07-01,1.18914e+11,587.89
NOW,2021-08-01,1.30191e+11,643.64
NOW,2021-09-01,1.25868e+11,622.27
NOW,2021-10-01,1.41732e+11,697.76
NOW,2021-11-01,1.31563e+11,647.7
NOW,2021-12-01,1.3185e+11,649.11
NOW,2022-01-01,1.18986e+11,585.78
NOW,2022-02-01,1.17821e+11,579.92
NOW,2022-03-01,1.13142e+11,556.89
NOW,2022-04-01,9.69587e+10,478.1
NOW,2022-05-01,9.48029e+10,467.47
NOW,2022-06-01,9.64355e+10,475.52
NOW,2022-07-01,9.068e+10,446.66
NOW,2022-08-01,8.82357e+10,434.62
NOW,2022-09-01,7.66616e+10,377.61
NOW,2022-10-01,8.54611e+10,420.74
NOW,2022-11-01,8.45593e+10,416.3
NOW,2022-12-01,7.88658e+10,388.27
NOW,2023-01-01,9.26349e+10,455.13
NOW,2023-02-01,8.79617e+10,432.17
NOW,2023-03-01,9.45868e+10,464.72
NOW,2023-04-01,9.38425e+10,459.42
NOW,2023-05-01,1.11278e+11,544.78
NOW,2023-06-01,1.1479e+11,561.97
NOW,2023-07-01,1.1972e+11,583
NOW,2023-08-01,1.20917e+11,588.83
NOW,2023-09-01,1.14783e+11,558.96
NOW,2023-10-01,1.20022e+11,581.85
NOW,2023-11-01,1.41452e+11,685.74
NOW,2023-12-01,1.45733e+11,706.49
NOW,2024-01-01,1.57359e+11,765.4
NOW,2024-02-01,1.58581e+11,771.34
NOW,2024-03-01,1.56743e+11,762.4
NOW,2024-04-01,1.42542e+11,693.33
NOW,2024-05-01,1.36434e+11,656.93
NOW,2024-06-01,1.63379e+11,786.67
NOW,2024-07-01,1.69229e+11,814.39
NOW,2024-08-01,1.77668e+11,855
NOW,2024-09-01,1.85853e+11,894.39
NOW,2024-10-01,1.94577e+11,932.99
NOW,2024-11-01,2.18863e+11,1049.44
NOW,2024-12-01,2.2109e+11,1060.12
NOW,2025-01-01,2.12254e+11,1018.38
NOW,2025-02-01,1.93783e+11,929.76
NOW,2025-03-01,1.65934e+11,796.14
NOW,2025-04-01,1.99951e+11,955.01
NOW,2025-05-01,2.11693e+11,1011.09
NOW,2025-06-01,2.1525e+11,1028.08
NOW,2025-07-01,1.97416e+11,943.12
NOW,2025-08-01,1.92045e+11,917.46
NOW,2025-09-01,1.95438e+11,933.67
INTU,2009-12-01,9.99872e+09,31.246
INTU,2010-01-01,9.63359e+09,30.105
INTU,2010-02-01,1.05281e+10,32.9003
INTU,2010-03-01,1.12694e+10,34.8898
INTU,2010-04-01,1.18858e+10,36.7983
INTU,2010-05-01,1.17376e+10,36.3392
INTU,2010-06-01,1.14181e+10,35.3501
INTU,2010-07-01,1.30541e+10,40.415
INTU,2010-08-01,1.40354e+10,43.4533
INTU,2010-09-01,1.44767e+10,44.5437
INTU,2010-10-01,1.58537e+10,48.7805
INTU,2010-11-01,1.48322e+10,45.6374
INTU,2010-12-01,1.58378e+10,50.1195
INTU,2011-01-01,1.50772e+10,47.7125
INTU,2011-02-01,1.68928e+10,53.4583
INTU,2011-03-01,1.71715e+10,53.9984
INTU,2011-04-01,1.79623e+10,56.4853
INTU,2011-05-01,1.74495e+10,54.8728
INTU,2011-06-01,1.65053e+10,52.7324
INTU,2011-07-01,1.48615e+10,47.4808
INTU,2011-08-01,1.5698e+10,50.1532
INTU,2011-09-01,1.52872e+10,48.2245
INTU,2011-10-01,1.72979e+10,54.5675
INTU,2011-11-01,1.71592e+10,54.1299
INTU,2011-12-01,1.60418e+10,53.4726
INTU,2012-01-01,1.7217e+10,57.39
INTU,2012-02-01,1.79964e+10,58.8118
INTU,2012-03-01,1.8719e+10,61.1732
INTU,2012-04-01,1.8039e+10,58.951
INTU,2012-05-01,1.73259e+10,57.1812
INTU,2012-06-01,1.82869e+10,60.3526
INTU,2012-07-01,1.78761e+10,58.9971
INTU,2012-08-01,1.80384e+10,59.5325
INTU,2012-09-01,1.82623e+10,59.8765
INTU,2012-10-01,1.84312e+10,60.4302
INTU,2012-11-01,1.80322e+10,60.9197
INTU,2012-12-01,1.79014e+10,60.4778
INTU,2013-01-01,1.87747e+10,63.4281
INTU,2013-02-01,1.94041e+10,65.5544
INTU,2013-03-01,2.02289e+10,66.7619
INTU,2013-04-01,1.83753e+10,60.6445
INTU,2013-05-01,1.80647e+10,59.4235
INTU,2013-06-01,1.89159e+10,62.2233
INTU,2013-07-01,1.97602e+10,65.0007
INTU,2013-08-01,1.96869e+10,64.7596
INTU,2013-09-01,2.04822e+10,67.598
INTU,2013-10-01,2.20577e+10,72.7978
INTU,2013-11-01,2.17935e+10,75.672
INTU,2013-12-01,2.24089e+10,77.8086
INTU,2014-01-01,2.1453e+10,74.4894
INTU,2014-02-01,2.25706e+10,79.474
INTU,2014-03-01,2.24499e+10,79.0489
INTU,2014-04-01,2.18802e+10,77.043
INTU,2014-05-01,2.33868e+10,80.6442
INTU,2014-06-01,2.37528e+10,81.9063
INTU,2014-07-01,2.41779e+10,83.3721
INTU,2014-08-01,2.45354e+10,84.605
INTU,2014-09-01,2.59425e+10,89.1494
INTU,2014-10-01,2.60548e+10,89.5354
INTU,2014-11-01,2.73127e+10,95.4988
INTU,2014-12-01,2.68239e+10,93.7899
INTU,2015-01-01,2.52657e+10,88.3416
INTU,2015-02-01,2.83122e+10,99.3411
INTU,2015-03-01,2.81176e+10,98.6582
INTU,2015-04-01,2.90963e+10,102.092
INTU,2015-05-01,2.98912e+10,105.997
INTU,2015-06-01,2.8916e+10,102.539
INTU,2015-07-01,3.03443e+10,107.604
INTU,2015-08-01,2.46055e+10,87.2535
INTU,2015-09-01,2.58267e+10,90.3031
INTU,2015-10-01,2.83521e+10,99.1333
INTU,2015-11-01,2.77302e+10,101.949
INTU,2015-12-01,2.67072e+10,98.1881
INTU,2016-01-01,2.64329e+10,97.1797
INTU,2016-02-01,2.61578e+10,98.3374
INTU,2016-03-01,2.81567e+10,105.852
INTU,2016-04-01,2.73115e+10,102.675
INTU,2016-05-01,2.82148e+10,108.518
INTU,2016-06-01,2.9532e+10,113.584
INTU,2016-07-01,2.93627e+10,112.934
INTU,2016-08-01,2.94901e+10,113.423
INTU,2016-09-01,2.96671e+10,111.951
INTU,2016-10-01,2.9321e+10,110.645
INTU,2016-11-01,2.98461e+10,115.682
INTU,2016-12-01,3.00899e+10,116.627
INTU,2017-01-01,3.11369e+10,120.686
INTU,2017-02-01,3.3194e+10,127.669
INTU,2017-03-01,3.06896e+10,118.037
INTU,2017-04-01,3.31367e+10,127.449
INTU,2017-05-01,3.72137e+10,143.13
INTU,2017-06-01,3.51421e+10,135.162
INTU,2017-07-01,3.63144e+10,139.671
INTU,2017-08-01,3.74298e+10,143.961
INTU,2017-09-01,3.77609e+10,144.678
INTU,2017-10-01,4.01171e+10,153.705
INTU,2017-11-01,4.09683e+10,160.032
INTU,2017-12-01,4.11109e+10,160.589
INTU,2018-01-01,4.37464e+10,170.884
INTU,2018-02-01,4.34754e+10,169.826
INTU,2018-03-01,4.51666e+10,176.432
INTU,2018-04-01,4.81522e+10,188.095
INTU,2018-05-01,5.3757e+10,205.18
INTU,2018-06-01,5.44891e+10,207.974
INTU,2018-07-01,5.44742e+10,207.917
INTU,2018-08-01,5.83057e+10,223.394
INTU,2018-09-01,6.04154e+10,231.477
INTU,2018-10-01,5.60603e+10,214.791
INTU,2018-11-01,5.76565e+10,218.396
INTU,2018-12-01,5.29052e+10,200.398
INTU,2019-01-01,5.79961e+10,219.682
INTU,2019-02-01,6.6412e+10,251.561
INTU,2019-03-01,7.02519e+10,266.106
INTU,2019-04-01,6.74645e+10,255.547
INTU,2019-05-01,6.58044e+10,249.259
INTU,2019-06-01,7.02321e+10,266.031
INTU,2019-07-01,7.45254e+10,282.293
INTU,2019-08-01,7.74931e+10,293.535
INTU,2019-09-01,7.14703e+10,270.721
INTU,2019-10-01,6.92064e+10,262.146
INTU,2019-11-01,6.95776e+10,263.552
INTU,2019-12-01,7.03965e+10,266.653
INTU,2020-01-01,7.53539e+10,285.432
INTU,2020-02-01,7.145e+10,270.644
INTU,2020-03-01,6.1811e+10,234.133
INTU,2020-04-01,7.25035e+10,274.634
INTU,2020-05-01,7.8016e+10,295.515
INTU,2020-06-01,7.95952e+10,301.497
INTU,2020-07-01,8.23208e+10,311.821
INTU,2020-08-01,9.28082e+10,351.546
INTU,2020-09-01,8.76553e+10,332.028
INTU,2020-10-01,8.45551e+10,320.285
INTU,2020-11-01,9.49462e+10,358.287
INTU,2020-12-01,1.02453e+11,386.616
INTU,2021-01-01,9.74374e+10,367.688
INTU,2021-02-01,1.08417e+11,397.13
INTU,2021-03-01,1.06445e+11,389.908
INTU,2021-04-01,1.14524e+11,419.503
INTU,2021-05-01,1.23346e+11,446.906
INTU,2021-06-01,1.37696e+11,498.9
INTU,2021-07-01,1.48875e+11,539.401
INTU,2021-08-01,1.59023e+11,576.171
INTU,2021-09-01,1.49906e+11,549.106
INTU,2021-10-01,1.73939e+11,637.141
INTU,2021-11-01,1.83905e+11,663.916
INTU,2021-12-01,1.81347e+11,654.682
INTU,2022-01-01,1.56559e+11,565.196
INTU,2022-02-01,1.33759e+11,482.884
INTU,2022-03-01,1.40478e+11,489.469
INTU,2022-04-01,1.22336e+11,426.258
INTU,2022-05-01,1.20661e+11,421.891
INTU,2022-06-01,1.12212e+11,392.35
INTU,2022-07-01,1.32793e+11,464.313
INTU,2022-08-01,1.25693e+11,439.487
INTU,2022-09-01,1.11962e+11,394.234
INTU,2022-10-01,1.23566e+11,435.09
INTU,2022-11-01,1.17811e+11,414.827
INTU,2022-12-01,1.12501e+11,396.131
INTU,2023-01-01,1.21929e+11,429.327
INTU,2023-02-01,1.16633e+11,413.594
INTU,2023-03-01,1.27704e+11,452.852
INTU,2023-04-01,1.26947e+11,450.166
INTU,2023-05-01,1.20272e+11,424.988
INTU,2023-06-01,1.31483e+11,464.605
INTU,2023-07-01,1.46592e+11,517.993
INTU,2023-08-01,1.55218e+11,548.474
INTU,2023-09-01,1.46374e+11,517.224
INTU,2023-10-01,1.41547e+11,500.166
INTU,2023-11-01,1.63427e+11,577.482
INTU,2023-12-01,1.78747e+11,631.616
INTU,2024-01-01,1.80292e+11,637.074
INTU,2024-02-01,1.89974e+11,668.921
INTU,2024-03-01,1.86279e+11,655.914
INTU,2024-04-01,1.79047e+11,630.445
INTU,2024-05-01,1.64972e+11,580.886
INTU,2024-06-01,1.88087e+11,662.279
INTU,2024-07-01,1.85014e+11,651.457
INTU,2024-08-01,1.80129e+11,634.258
INTU,2024-09-01,1.77483e+11,624.939
INTU,2024-10-01,1.74134e+11,613.149
INTU,2024-11-01,1.82458e+11,644.726
INTU,2024-12-01,1.78696e+11,631.434
INTU,2025-01-01,1.7074e+11,603.323
INTU,2025-02-01,1.7424e+11,615.69
INTU,2025-03-01,1.74283e+11,615.841
INTU,2025-04-01,1.77808e+11,628.299
INTU,2025-05-01,2.12759e+11,754.465
INTU,2025-06-01,2.22405e+11,788.67
INTU,2025-07-01,2.21407e+11,785.13
INTU,2025-08-01,1.88094e+11,667
INTU,2025-09-01,1.89862e+11,670.89
HPQ,2016-03-01,2.39626e+10,13.4244
HPQ,2016-04-01,2.38712e+10,13.3732
HPQ,2016-05-01,2.60294e+10,14.5823
HPQ,2016-06-01,2.38969e+10,13.8052
HPQ,2016-07-01,2.61881e+10,15.1289
HPQ,2016-08-01,2.68621e+10,15.5182
HPQ,2016-09-01,2.91845e+10,16.9186
HPQ,2016-10-01,2.72365e+10,15.7893
HPQ,2016-11-01,2.89384e+10,16.7759
HPQ,2016-12-01,2.84207e+10,16.3056
HPQ,2017-01-01,2.83442e+10,16.2617
HPQ,2017-02-01,3.27136e+10,18.7685
HPQ,2017-03-01,3.35052e+10,19.4684
HPQ,2017-04-01,3.52666e+10,20.4919
HPQ,2017-05-01,3.51555e+10,20.4273
HPQ,2017-06-01,3.27771e+10,19.1791
HPQ,2017-07-01,3.53233e+10,20.669
HPQ,2017-08-01,3.4998e+10,20.6478
HPQ,2017-09-01,3.68634e+10,21.7483
HPQ,2017-10-01,3.97956e+10,23.4782
HPQ,2017-11-01,3.96097e+10,23.3685
HPQ,2017-12-01,3.92173e+10,23.0419
HPQ,2018-01-01,4.30031e+10,25.2662
HPQ,2018-02-01,4.3133e+10,25.3425
HPQ,2018-03-01,3.9866e+10,23.8862
HPQ,2018-04-01,3.90911e+10,23.4219
HPQ,2018-05-01,4.00673e+10,24.0067
HPQ,2018-06-01,4.09398e+10,24.8723
HPQ,2018-07-01,4.11761e+10,25.0158
HPQ,2018-08-01,4.32272e+10,26.7165
HPQ,2018-09-01,4.54508e+10,28.0907
HPQ,2018-10-01,4.25791e+10,26.3159
HPQ,2018-11-01,4.05662e+10,25.0718
HPQ,2018-12-01,3.67027e+10,22.4619
HPQ,2019-01-01,3.89563e+10,23.841
HPQ,2019-02-01,3.48898e+10,21.3524
HPQ,2019-03-01,3.32297e+10,21.206
HPQ,2019-04-01,3.41153e+10,21.7711
HPQ,2019-05-01,3.13134e+10,20.3863
HPQ,2019-06-01,3.51343e+10,22.8739
HPQ,2019-07-01,3.51213e+10,22.8654
HPQ,2019-08-01,2.99749e+10,19.8773
HPQ,2019-09-01,3.12707e+10,20.7365
HPQ,2019-10-01,2.8654e+10,19.0013
HPQ,2019-11-01,3.31245e+10,21.9659
HPQ,2019-12-01,3.45562e+10,22.6746
HPQ,2020-01-01,3.5297e+10,23.1608
HPQ,2020-02-01,3.44183e+10,22.5842
HPQ,2020-03-01,2.77916e+10,19.0353
HPQ,2020-04-01,2.4831e+10,17.0076
HPQ,2020-05-01,2.42357e+10,16.5998
HPQ,2020-06-01,2.77917e+10,19.2998
HPQ,2020-07-01,2.75215e+10,19.1122
HPQ,2020-08-01,3.06058e+10,21.2541
HPQ,2020-09-01,2.9649e+10,20.8355
HPQ,2020-10-01,2.80429e+10,19.7069
HPQ,2020-11-01,3.42398e+10,24.0617
HPQ,2020-12-01,3.86301e+10,27.2043
HPQ,2021-01-01,3.76873e+10,26.5404
HPQ,2021-02-01,4.48583e+10,31.5903
HPQ,2021-03-01,4.50554e+10,34.8456
HPQ,2021-04-01,4.84049e+10,37.4361
HPQ,2021-05-01,4.14788e+10,32.0795
HPQ,2021-06-01,4.15817e+10,33.3454
HPQ,2021-07-01,3.92978e+10,31.5138
HPQ,2021-08-01,4.04829e+10,32.4642
HPQ,2021-09-01,3.60433e+10,30.0611
HPQ,2021-10-01,3.9957e+10,33.3253
HPQ,2021-11-01,4.64767e+10,38.7629
HPQ,2021-12-01,5.08395e+10,41.6718
HPQ,2022-01-01,4.89753e+10,40.1437
HPQ,2022-02-01,4.58156e+10,37.5538
HPQ,2022-03-01,4.371e+10,39.9543
HPQ,2022-04-01,4.41074e+10,40.3176
HPQ,2022-05-01,4.67685e+10,42.75
HPQ,2022-06-01,3.85608e+10,36.3096
HPQ,2022-07-01,3.87375e+10,36.476
HPQ,2022-08-01,3.3308e+10,31.3635
HPQ,2022-09-01,2.84252e+10,27.464
HPQ,2022-10-01,3.1505e+10,30.4396
HPQ,2022-11-01,3.42655e+10,33.1067
HPQ,2022-12-01,3.1377e+10,29.8829
HPQ,2023-01-01,3.34243e+10,31.8326
HPQ,2023-02-01,3.38601e+10,32.2478
HPQ,2023-03-01,3.19338e+10,32.062
HPQ,2023-04-01,3.23255e+10,32.4553
HPQ,2023-05-01,3.16818e+10,31.7452
HPQ,2023-06-01,3.34806e+10,33.5477
HPQ,2023-07-01,3.52371e+10,35.3077
HPQ,2023-08-01,3.18883e+10,31.9522
HPQ,2023-09-01,2.76949e+10,27.6396
HPQ,2023-10-01,2.83738e+10,28.3172
HPQ,2023-11-01,3.16174e+10,31.5543
HPQ,2023-12-01,3.23609e+10,32.3609
HPQ,2024-01-01,3.0352e+10,30.352
HPQ,2024-02-01,3.00102e+10,29.9503
HPQ,2024-03-01,3.20123e+10,31.9484
HPQ,2024-04-01,2.97559e+10,29.6965
HPQ,2024-05-01,3.82017e+10,38.5875
HPQ,2024-06-01,3.66527e+10,37.0229
HPQ,2024-07-01,3.72114e+10,37.5873
HPQ,2024-08-01,3.73042e+10,37.681
HPQ,2024-09-01,3.69846e+10,37.3581
HPQ,2024-10-01,3.66237e+10,36.9936
HPQ,2024-11-01,3.65309e+10,36.8999
HPQ,2024-12-01,3.36099e+10,33.9837
HPQ,2025-01-01,3.29047e+10,33.2706
HPQ,2025-02-01,3.02431e+10,31.602
HPQ,2025-03-01,2.71277e+10,28.3466
HPQ,2025-04-01,2.50507e+10,26.1763
HPQ,2025-05-01,2.43689e+10,25.4904
HPQ,2025-06-01,2.39382e+10,25.04
HPQ,2025-07-01,2.37088e+10,24.8
HPQ,2025-08-01,2.72272e+10,28.54
HPQ,2025-09-01,2.77042e+10,29.04
NXPI,2019-10-01,3.3677e+10,118.783
NXPI,2019-11-01,3.42338e+10,120.746
NXPI,2019-12-01,3.76876e+10,132.929
NXPI,2020-01-01,3.75688e+10,132.509
NXPI,2020-02-01,3.39572e+10,118.769
NXPI,2020-03-01,2.47921e+10,86.7125
NXPI,2020-04-01,2.91442e+10,104.111
NXPI,2020-05-01,2.8128e+10,100.481
NXPI,2020-06-01,3.3374e+10,119.221
NXPI,2020-07-01,3.43025e+10,122.885
NXPI,2020-08-01,3.67018e+10,131.481
NXPI,2020-09-01,3.64336e+10,130.52
NXPI,2020-10-01,3.94874e+10,141.295
NXPI,2020-11-01,4.62962e+10,165.659
NXPI,2020-12-01,4.6479e+10,166.313
NXPI,2021-01-01,4.69007e+10,167.822
NXPI,2021-02-01,5.41811e+10,190.907
NXPI,2021-03-01,5.99368e+10,211.187
NXPI,2021-04-01,5.70482e+10,201.397
NXPI,2021-05-01,6.26547e+10,221.189
NXPI,2021-06-01,6.1133e+10,215.817
NXPI,2021-07-01,6.11742e+10,215.963
NXPI,2021-08-01,6.27472e+10,225.114
NXPI,2021-09-01,5.7277e+10,205.489
NXPI,2021-10-01,5.85744e+10,210.144
NXPI,2021-11-01,6.34132e+10,233.687
NXPI,2021-12-01,6.46755e+10,238.339
NXPI,2022-01-01,5.83336e+10,214.968
NXPI,2022-02-01,5.48357e+10,198.935
NXPI,2022-03-01,5.3636e+10,194.583
NXPI,2022-04-01,4.93116e+10,178.895
NXPI,2022-05-01,5.26604e+10,198.637
NXPI,2022-06-01,4.12867e+10,155.735
NXPI,2022-07-01,5.09273e+10,192.402
NXPI,2022-08-01,4.5582e+10,172.208
NXPI,2022-09-01,4.10776e+10,155.19
NXPI,2022-10-01,4.04579e+10,152.849
NXPI,2022-11-01,4.87026e+10,183.988
NXPI,2022-12-01,4.37808e+10,165.395
NXPI,2023-01-01,5.10615e+10,192.9
NXPI,2023-02-01,4.94463e+10,186.798
NXPI,2023-03-01,5.1534e+10,195.166
NXPI,2023-04-01,4.50159e+10,170.481
NXPI,2023-05-01,4.87086e+10,186.473
NXPI,2023-06-01,5.56654e+10,213.106
NXPI,2023-07-01,6.03753e+10,231.055
NXPI,2023-08-01,5.57019e+10,213.17
NXPI,2023-09-01,5.41314e+10,207.16
NXPI,2023-10-01,4.64596e+10,177.8
NXPI,2023-11-01,5.49436e+10,210.435
NXPI,2023-12-01,6.15378e+10,235.691
NXPI,2024-01-01,5.64177e+10,216.081
NXPI,2024-02-01,6.69802e+10,256.266
NXPI,2024-03-01,6.61916e+10,253.249
NXPI,2024-04-01,6.78083e+10,261.855
NXPI,2024-05-01,7.20194e+10,278.117
NXPI,2024-06-01,7.0963e+10,274.037
NXPI,2024-07-01,6.93397e+10,267.998
NXPI,2024-08-01,6.7548e+10,261.073
NXPI,2024-09-01,6.29943e+10,243.473
NXPI,2024-10-01,6.15481e+10,237.884
NXPI,2024-11-01,5.99655e+10,232.68
NXPI,2024-12-01,5.41026e+10,209.93
NXPI,2025-01-01,5.42848e+10,210.637
NXPI,2025-02-01,5.61458e+10,217.748
NXPI,2025-03-01,4.92666e+10,191.068
NXPI,2025-04-01,4.72517e+10,185.288
NXPI,2025-05-01,4.90002e+10,192.144
NXPI,2025-06-01,5.57189e+10,218.49
NXPI,2025-07-01,5.42642e+10,213.77
NXPI,2025-08-01,5.96153e+10,234.85
NXPI,2025-09-01,5.67824e+10,223.69
MCHP,2009-08-01,5.57287e+09,15.0191
MCHP,2009-09-01,5.50013e+09,14.8231
MCHP,2009-10-01,4.97206e+09,13.3999
MCHP,2009-11-01,5.48635e+09,14.6755
MCHP,2009-12-01,6.00234e+09,16.0557
MCHP,2010-01-01,5.33339e+09,14.2664
MCHP,2010-02-01,5.61987e+09,14.9575
MCHP,2010-03-01,5.78175e+09,15.3884
MCHP,2010-04-01,5.99835e+09,15.9649
MCHP,2010-05-01,5.71783e+09,15.2182
MCHP,2010-06-01,5.59831e+09,14.9857
MCHP,2010-07-01,6.14627e+09,16.4525
MCHP,2010-08-01,5.6946e+06,14.9801
MCHP,2010-09-01,6.38631e+06,16.7997
MCHP,2010-10-01,6.53362e+06,17.1872
MCHP,2010-11-01,6.8466e+06,17.9508
MCHP,2010-12-01,6.83438e+06,17.9188
MCHP,2011-01-01,7.28722e+06,19.1061
MCHP,2011-02-01,7.58989e+06,19.3368
MCHP,2011-03-01,7.74733e+06,19.7379
MCHP,2011-04-01,8.364e+06,21.309
MCHP,2011-05-01,7.75711e+09,20.7034
MCHP,2011-06-01,7.37676e+09,19.6883
MCHP,2011-07-01,6.56755e+09,17.5285
MCHP,2011-08-01,7.04711e+09,17.2245
MCHP,2011-09-01,6.61466e+09,16.1675
MCHP,2011-10-01,7.69344e+09,18.8042
MCHP,2011-11-01,7.33481e+09,18.3188
MCHP,2011-12-01,7.62245e+09,19.0372
MCHP,2012-01-01,7.67792e+09,19.1757
MCHP,2012-02-01,7.69361e+09,18.9227
MCHP,2012-03-01,7.86139e+09,19.3353
MCHP,2012-04-01,7.47512e+09,18.3853
MCHP,2012-05-01,6.63589e+09,16.3029
MCHP,2012-06-01,7.00146e+09,17.201
MCHP,2012-07-01,7.06524e+09,17.3577
MCHP,2012-08-01,7.43475e+09,18.2493
MCHP,2012-09-01,6.93603e+09,17.0251
MCHP,2012-10-01,6.6401e+09,16.2987
MCHP,2012-11-01,6.21496e+09,16.013
MCHP,2012-12-01,6.58533e+09,16.9672
MCHP,2013-01-01,6.7591e+09,17.415
MCHP,2013-02-01,7.83598e+09,19.1678
MCHP,2013-03-01,7.82803e+09,19.1483
MCHP,2013-04-01,7.75344e+09,18.9659
MCHP,2013-05-01,7.89147e+09,19.1749
MCHP,2013-06-01,7.98512e+09,19.4024
MCHP,2013-07-01,8.51923e+09,20.7003
MCHP,2013-08-01,8.65952e+09,20.3978
MCHP,2013-09-01,8.91188e+09,20.9923
MCHP,2013-10-01,9.50188e+09,22.382
MCHP,2013-11-01,9.84597e+09,22.7416
MCHP,2013-12-01,1.0098e+10,23.3238
MCHP,2014-01-01,1.01236e+10,23.3829
MCHP,2014-02-01,1.04856e+10,23.9299
MCHP,2014-03-01,1.09114e+10,24.9018
MCHP,2014-04-01,1.08626e+10,24.7903
MCHP,2014-05-01,1.08862e+10,25.0109
MCHP,2014-06-01,1.10837e+10,25.4646
MCHP,2014-07-01,1.02226e+10,23.4862
MCHP,2014-08-01,1.15279e+10,25.6716
MCHP,2014-09-01,1.10725e+10,24.6573
MCHP,2014-10-01,1.01061e+10,22.5054
MCHP,2014-11-01,1.07075e+10,23.7643
MCHP,2014-12-01,1.06169e+10,23.5633
MCHP,2015-01-01,1.06142e+10,23.5574
MCHP,2015-02-01,1.2055e+10,26.9703
MCHP,2015-03-01,1.1422e+10,25.5541
MCHP,2015-04-01,1.11302e+10,24.9013
MCHP,2015-05-01,1.15643e+10,25.8638
MCHP,2015-06-01,1.10855e+10,24.793
MCHP,2015-07-01,1.00133e+10,22.3951
MCHP,2015-08-01,9.63205e+09,22.2175
MCHP,2015-09-01,9.76506e+09,22.5243
MCHP,2015-10-01,1.09434e+10,25.2423
MCHP,2015-11-01,1.10442e+10,25.4359
MCHP,2015-12-01,1.05707e+10,24.3454
MCHP,2016-01-01,1.01776e+10,23.4401
MCHP,2016-02-01,1.02319e+10,23.4703
MCHP,2016-03-01,1.1001e+10,25.2346
MCHP,2016-04-01,1.10902e+10,25.4393
MCHP,2016-05-01,1.18512e+10,27.2581
MCHP,2016-06-01,1.15638e+10,26.5972
MCHP,2016-07-01,1.2676e+10,29.1554
MCHP,2016-08-01,1.39897e+10,32.6336
MCHP,2016-09-01,1.3964e+10,32.5736
MCHP,2016-10-01,1.36065e+10,31.7397
MCHP,2016-11-01,1.63216e+10,34.8811
MCHP,2016-12-01,1.574e+10,33.6382
MCHP,2017-01-01,1.65244e+10,35.3145
MCHP,2017-02-01,1.79944e+10,38.2171
MCHP,2017-03-01,1.8221e+10,38.6984
MCHP,2017-04-01,1.86652e+10,39.6417
MCHP,2017-05-01,2.06118e+10,43.8912
MCHP,2017-06-01,1.90193e+10,40.5001
MCHP,2017-07-01,1.97239e+10,42.0005
MCHP,2017-08-01,2.2223e+10,45.7447
MCHP,2017-09-01,2.28943e+10,47.1267
MCHP,2017-10-01,2.41753e+10,49.7634
MCHP,2017-11-01,2.24418e+10,45.8432
MCHP,2017-12-01,2.25812e+10,46.128
MCHP,2018-01-01,2.44675e+10,49.9813
MCHP,2018-02-01,2.19503e+10,46.8811
MCHP,2018-03-01,2.24632e+10,47.9765
MCHP,2018-04-01,2.05706e+10,43.9344
MCHP,2018-05-01,2.55552e+10,51.3363
MCHP,2018-06-01,2.37838e+10,47.7778
MCHP,2018-07-01,2.44316e+10,49.079
MCHP,2018-08-01,2.2894e+10,45.3885
MCHP,2018-09-01,2.09146e+10,41.4644
MCHP,2018-10-01,1.7435e+10,34.5657
MCHP,2018-11-01,1.99439e+10,39.6027
MCHP,2018-12-01,1.90375e+10,37.8029
MCHP,2019-01-01,2.12744e+10,42.2446
MCHP,2019-02-01,2.24264e+10,45.8429
MCHP,2019-03-01,2.13319e+10,43.6056
MCHP,2019-04-01,2.56846e+10,52.5033
MCHP,2019-05-01,2.067e+10,42.2527
MCHP,2019-06-01,2.2296e+10,45.5764
MCHP,2019-07-01,2.42813e+10,49.6346
MCHP,2019-08-01,2.31398e+10,45.5688
MCHP,2019-09-01,2.48032e+10,48.8445
MCHP,2019-10-01,2.51717e+10,49.5701
MCHP,2019-11-01,2.54796e+10,49.9013
MCHP,2019-12-01,2.81182e+10,55.0689
MCHP,2020-01-01,2.61757e+10,51.2646
MCHP,2020-02-01,2.47261e+10,47.8632
MCHP,2020-03-01,1.84107e+10,35.6382
MCHP,2020-04-01,2.3822e+10,46.1131
MCHP,2020-05-01,2.59695e+10,50.682
MCHP,2020-06-01,2.83787e+10,55.3839
MCHP,2020-07-01,2.74133e+10,53.4998
MCHP,2020-08-01,2.98492e+10,57.8922
MCHP,2020-09-01,2.78699e+10,54.0534
MCHP,2020-10-01,2.85011e+10,55.2775
MCHP,2020-11-01,3.79611e+10,70.9024
MCHP,2020-12-01,3.89106e+10,72.6758
MCHP,2021-01-01,3.83485e+10,71.626
MCHP,2021-02-01,4.43501e+10,80.5194
MCHP,2021-03-01,4.4992e+10,81.6849
MCHP,2021-04-01,4.35631e+10,79.0905
MCHP,2021-05-01,4.48266e+10,82.8281
MCHP,2021-06-01,4.26603e+10,78.8253
MCHP,2021-07-01,4.07737e+10,75.3395
MCHP,2021-08-01,4.69631e+10,83.0912
MCHP,2021-09-01,4.56877e+10,80.8345
MCHP,2021-10-01,4.41072e+10,78.0383
MCHP,2021-11-01,4.98687e+10,88.1228
MCHP,2021-12-01,5.19014e+10,91.7147
MCHP,2022-01-01,4.61903e+10,81.6228
MCHP,2022-02-01,4.21796e+10,74.3515
MCHP,2022-03-01,4.50361e+10,79.3868
MCHP,2022-04-01,3.90785e+10,68.8851
MCHP,2022-05-01,4.36184e+10,77.0778
MCHP,2022-06-01,3.47457e+10,61.3991
MCHP,2022-07-01,4.11948e+10,72.7953
MCHP,2022-08-01,3.88949e+10,69.2697
MCHP,2022-09-01,3.62214e+10,64.5082
MCHP,2022-10-01,3.66428e+10,65.2587
MCHP,2022-11-01,4.69391e+10,84.075
MCHP,2022-12-01,4.14775e+10,74.2925
MCHP,2023-01-01,4.5829e+10,82.0867
MCHP,2023-02-01,4.75938e+10,85.6929
MCHP,2023-03-01,4.90035e+10,88.231
MCHP,2023-04-01,4.26923e+10,76.8677
MCHP,2023-05-01,4.41707e+10,79.2583
MCHP,2023-06-01,5.2327e+10,93.8937
MCHP,2023-07-01,5.48677e+10,98.4527
MCHP,2023-08-01,4.72944e+10,85.7714
MCHP,2023-09-01,4.48886e+10,81.4084
MCHP,2023-10-01,4.10007e+10,74.3575
MCHP,2023-11-01,4.7797e+10,87.0303
MCHP,2023-12-01,5.13973e+10,93.5858
MCHP,2024-01-01,4.85476e+10,88.397
MCHP,2024-02-01,4.77191e+10,87.3177
MCHP,2024-03-01,5.06159e+10,92.6183
MCHP,2024-04-01,5.18967e+10,94.9619
MCHP,2024-05-01,5.50094e+10,100.382
MCHP,2024-06-01,5.15344e+10,94.0409
MCHP,2024-07-01,5.00025e+10,91.2454
MCHP,2024-08-01,4.58349e+10,84.4416
MCHP,2024-09-01,4.45508e+10,82.076
MCHP,2024-10-01,4.07111e+10,75.0021
MCHP,2024-11-01,3.777e+10,69.6864
MCHP,2024-12-01,3.15677e+10,58.2429
MCHP,2025-01-01,2.98888e+10,55.1454
MCHP,2025-02-01,3.21239e+10,59.7764
MCHP,2025-03-01,2.62195e+10,48.7895
MCHP,2025-04-01,2.49575e+10,46.4412
MCHP,2025-05-01,3.14294e+10,58.495
MCHP,2025-06-01,3.78098e+10,70.37
MCHP,2025-07-01,3.63161e+10,67.59
MCHP,2025-08-01,3.5048e+10,65
MCHP,2025-09-01,3.49186e+10,64.76
ON,2010-08-01,2.71673e+09,6.18
ON,2010-09-01,3.16952e+09,7.21
ON,2010-10-01,3.37173e+09,7.67
ON,2010-11-01,3.58437e+09,8.15
ON,2010-12-01,4.34522e+09,9.88
ON,2011-01-01,4.85979e+09,11.05
ON,2011-02-01,4.90377e+09,11.15
ON,2011-03-01,4.33643e+09,9.86
ON,2011-04-01,4.6179e+09,10.5
ON,2011-05-01,5.11632e+09,11.22
ON,2011-06-01,4.77432e+09,10.47
ON,2011-07-01,3.96264e+09,8.69
ON,2011-08-01,3.3551e+09,7.27
ON,2011-09-01,3.31357e+09,7.18
ON,2011-10-01,3.49356e+09,7.57
ON,2011-11-01,3.37946e+09,7.53
ON,2011-12-01,3.46474e+09,7.72
ON,2012-01-01,3.90456e+09,8.7
ON,2012-02-01,4.1468e+09,9.07
ON,2012-03-01,4.11937e+09,9.01
ON,2012-04-01,3.77647e+09,8.26
ON,2012-05-01,3.10444e+09,6.74
ON,2012-06-01,3.27026e+09,7.1
ON,2012-07-01,3.19656e+09,6.94
ON,2012-08-01,2.85022e+09,6.23
ON,2012-09-01,2.82506e+09,6.175
ON,2012-10-01,2.81362e+09,6.15
ON,2012-11-01,3.01548e+09,6.61
ON,2012-12-01,3.21621e+09,7.05
ON,2013-01-01,3.58345e+09,7.855
ON,2013-02-01,3.33542e+09,8.005
ON,2013-03-01,3.44792e+09,8.275
ON,2013-04-01,3.275e+09,7.86
ON,2013-05-01,3.8734e+09,8.56
ON,2013-06-01,3.6562e+09,8.08
ON,2013-07-01,3.73086e+09,8.245
ON,2013-08-01,3.28189e+09,7.24
ON,2013-09-01,3.31362e+09,7.31
ON,2013-10-01,3.19803e+09,7.055
ON,2013-11-01,3.20539e+09,7.09
ON,2013-12-01,3.7253e+09,8.24
ON,2014-01-01,3.77956e+09,8.36
ON,2014-02-01,4.20954e+09,9.34
ON,2014-03-01,4.23658e+09,9.4
ON,2014-04-01,4.24109e+09,9.41
ON,2014-05-01,3.8627e+09,8.69
ON,2014-06-01,4.06273e+09,9.14
ON,2014-07-01,3.80492e+09,8.56
ON,2014-08-01,4.33832e+09,9.76
ON,2014-09-01,3.97383e+09,8.94
ON,2014-10-01,3.68822e+09,8.29
ON,2014-11-01,4.01745e+09,9.03
ON,2014-12-01,4.50684e+09,10.13
ON,2015-01-01,4.45345e+09,10.01
ON,2015-02-01,5.65462e+09,12.75
ON,2015-03-01,5.37078e+09,12.11
ON,2015-04-01,5.10912e+09,11.52
ON,2015-05-01,5.83307e+09,13.26
ON,2015-06-01,5.14243e+09,11.69
ON,2015-07-01,4.67174e+09,10.62
ON,2015-08-01,4.17103e+09,9.56
ON,2015-09-01,4.10122e+09,9.4
ON,2015-10-01,4.5925e+09,11
ON,2015-11-01,4.5758e+09,10.96
ON,2015-12-01,4.0915e+09,9.8
ON,2016-01-01,3.57171e+09,8.555
ON,2016-02-01,3.58924e+09,8.39
ON,2016-03-01,4.1026e+09,9.59
ON,2016-04-01,4.05127e+09,9.47
ON,2016-05-01,4.05944e+09,9.77
ON,2016-06-01,3.66471e+09,8.82
ON,2016-07-01,4.16746e+09,10.03
ON,2016-08-01,4.51008e+09,10.8
ON,2016-09-01,5.14483e+09,12.32
ON,2016-10-01,4.87339e+09,11.67
ON,2016-11-01,4.94524e+09,11.78
ON,2016-12-01,5.35665e+09,12.76
ON,2017-01-01,5.59174e+09,13.32
ON,2017-02-01,6.3588e+09,15.14
ON,2017-03-01,6.5058e+09,15.49
ON,2017-04-01,5.9556e+09,14.18
ON,2017-05-01,6.59564e+09,15.49
ON,2017-06-01,5.97823e+09,14.04
ON,2017-07-01,6.36571e+09,14.95
ON,2017-08-01,7.27437e+09,17.08
ON,2017-09-01,7.85998e+09,18.455
ON,2017-10-01,9.08019e+09,21.32
ON,2017-11-01,8.5842e+09,20.08
ON,2017-12-01,8.95185e+09,20.94
ON,2018-01-01,1.05764e+10,24.74
ON,2018-02-01,1.02449e+10,23.92
ON,2018-03-01,1.04762e+10,24.46
ON,2018-04-01,9.80794e+09,22.08
ON,2018-05-01,1.11627e+10,25.13
ON,2018-06-01,9.87679e+09,22.235
ON,2018-07-01,9.79682e+09,22.05
ON,2018-08-01,9.48136e+09,21.34
ON,2018-09-01,8.18845e+09,18.43
ON,2018-10-01,7.4001e+09,17
ON,2018-11-01,8.34905e+09,19.18
ON,2018-12-01,7.1868e+09,16.51
ON,2019-01-01,8.72341e+09,20.04
ON,2019-02-01,9.36313e+09,21.48
ON,2019-03-01,8.96646e+09,20.57
ON,2019-04-01,9.63216e+09,23.06
ON,2019-05-01,7.41835e+09,17.76
ON,2019-06-01,8.44172e+09,20.21
ON,2019-07-01,8.98473e+09,21.51
ON,2019-08-01,7.43506e+09,17.8
ON,2019-09-01,8.02402e+09,19.21
ON,2019-10-01,8.37216e+09,20.4
ON,2019-11-01,8.81129e+09,21.47
ON,2019-12-01,1.00056e+10,24.38
ON,2020-01-01,9.50076e+09,23.15
ON,2020-02-01,7.76256e+09,18.66
ON,2020-03-01,5.17504e+09,12.44
ON,2020-04-01,6.67472e+09,16.045
ON,2020-05-01,6.77079e+09,16.49
ON,2020-06-01,8.13809e+09,19.82
ON,2020-07-01,8.45836e+09,20.6
ON,2020-08-01,8.76384e+09,21.37
ON,2020-09-01,8.89507e+09,21.69
ON,2020-10-01,1.02894e+10,25.09
ON,2020-11-01,1.20261e+10,28.75
ON,2020-12-01,1.3691e+10,32.73
ON,2021-01-01,1.44272e+10,34.49
ON,2021-02-01,1.68651e+10,40.27
ON,2021-03-01,1.74263e+10,41.61
ON,2021-04-01,1.63332e+10,39
ON,2021-05-01,1.78338e+10,40.04
ON,2021-06-01,1.70499e+10,38.28
ON,2021-07-01,1.73973e+10,39.06
ON,2021-08-01,1.96781e+10,44.36
ON,2021-09-01,2.03036e+10,45.77
ON,2021-10-01,2.13239e+10,48.07
ON,2021-11-01,2.70722e+10,61.43
ON,2021-12-01,2.99323e+10,67.92
ON,2022-01-01,2.60013e+10,59
ON,2022-02-01,2.77863e+10,62.61
ON,2022-03-01,2.77863e+10,62.61
ON,2022-04-01,2.31264e+10,52.11
ON,2022-05-01,2.72393e+10,60.68
ON,2022-06-01,2.25842e+10,50.31
ON,2022-07-01,2.99775e+10,66.78
ON,2022-08-01,3.07402e+10,68.77
ON,2022-09-01,2.78615e+10,62.33
ON,2022-10-01,2.75636e+10,61.43
ON,2022-11-01,3.37422e+10,75.2
ON,2022-12-01,2.79854e+10,62.37
ON,2023-01-01,3.2957e+10,73.45
ON,2023-02-01,3.46952e+10,77.41
ON,2023-03-01,3.68958e+10,82.32
ON,2023-04-01,3.22525e+10,71.96
ON,2023-05-01,3.74946e+10,83.6
ON,2023-06-01,4.24191e+10,94.58
ON,2023-07-01,4.83474e+10,107.75
ON,2023-08-01,4.4179e+10,98.46
ON,2023-09-01,4.17067e+10,92.95
ON,2023-10-01,2.82318e+10,62.64
ON,2023-11-01,3.21484e+10,71.33
ON,2023-12-01,3.7647e+10,83.53
ON,2024-01-01,3.20583e+10,71.13
ON,2024-02-01,3.52615e+10,78.92
ON,2024-03-01,3.28621e+10,73.55
ON,2024-04-01,3.06248e+10,70.16
ON,2024-05-01,3.1882e+10,73.04
ON,2024-06-01,2.99221e+10,68.55
ON,2024-07-01,3.38979e+10,78.25
ON,2024-08-01,3.37333e+10,77.87
ON,2024-09-01,3.14547e+10,72.61
ON,2024-10-01,3.04305e+10,70.49
ON,2024-11-01,3.07025e+10,71.12
ON,2024-12-01,2.72187e+10,63.05
ON,2025-01-01,2.25952e+10,52.34
ON,2025-02-01,2.03585e+10,47.05
ON,2025-03-01,1.76066e+10,40.69
ON,2025-04-01,1.71782e+10,39.7
ON,2025-05-01,1.7703e+10,42.02
ON,2025-06-01,2.20803e+10,52.41
ON,2025-07-01,2.37445e+10,56.36
ON,2025-08-01,2.05749e+10,49.59
ON,2025-09-01,2.01724e+10,48.62
MPWR,2011-08-01,4.29483e+08,12.3051
MPWR,2011-09-01,3.46087e+08,9.91568
MPWR,2011-10-01,415573,12.137
MPWR,2011-11-01,401533,11.727
MPWR,2011-12-01,502661,14.6805
MPWR,2012-01-01,546640,15.9649
MPWR,2012-02-01,620145,18.1117
MPWR,2012-03-01,656175,19.164
MPWR,2012-04-01,691184,20.1864
MPWR,2012-05-01,650563,18.3061
MPWR,2012-06-01,687218,19.3375
MPWR,2012-07-01,670951,18.8798
MPWR,2012-08-01,756094,21.0044
MPWR,2012-09-01,692590,19.2402
MPWR,2012-10-01,681290,18.9263
MPWR,2012-11-01,751060,20.612
MPWR,2012-12-01,828151,22.7277
MPWR,2013-01-01,866697,23.7855
MPWR,2013-02-01,913899,25.0809
MPWR,2013-03-01,913965,24.861
MPWR,2013-04-01,904419,24.6013
MPWR,2013-05-01,944965,25.0601
MPWR,2013-06-01,927333,24.5925
MPWR,2013-07-01,1.00694e+06,26.7037
MPWR,2013-08-01,1.19425e+06,31.2312
MPWR,2013-09-01,1.18103e+06,30.8854
MPWR,2013-10-01,1.26694e+09,32.4782
MPWR,2013-11-01,1.32886e+09,34.0655
MPWR,2013-12-01,1.37897e+09,35.35
MPWR,2014-01-01,1.30062e+09,33.3415
MPWR,2014-02-01,1.42605e+09,36.557
MPWR,2014-03-01,1.54269e+09,39.5471
MPWR,2014-04-01,1.47611e+09,37.8403
MPWR,2014-05-01,1.58371e+09,40.0766
MPWR,2014-06-01,1.70676e+09,43.1906
MPWR,2014-07-01,1.66586e+09,42.0586
MPWR,2014-08-01,1.92996e+09,48.7266
MPWR,2014-09-01,1.77992e+09,44.9383
MPWR,2014-10-01,1.79085e+09,45.0789
MPWR,2014-11-01,1.9506e+09,49.1002
MPWR,2014-12-01,2.01565e+09,50.7376
MPWR,2015-01-01,1.92452e+09,48.4435
MPWR,2015-02-01,2.13701e+09,53.7923
MPWR,2015-03-01,2.12305e+09,53.7156
MPWR,2015-04-01,2.09004e+09,52.8802
MPWR,2015-05-01,2.26142e+09,55.7055
MPWR,2015-06-01,2.10051e+09,51.7419
MPWR,2015-07-01,2.14193e+09,52.7622
MPWR,2015-08-01,1.99941e+09,49.0713
MPWR,2015-09-01,2.12833e+09,52.2353
MPWR,2015-10-01,2.59132e+09,63.686
MPWR,2015-11-01,2.83665e+09,69.7154
MPWR,2015-12-01,2.64539e+09,65.015
MPWR,2016-01-01,2.59732e+09,63.8335
MPWR,2016-02-01,2.49792e+09,60.2707
MPWR,2016-03-01,2.69158e+09,64.9434
MPWR,2016-04-01,2.63992e+09,63.6969
MPWR,2016-05-01,2.90392e+09,69.7288
MPWR,2016-06-01,2.90436e+09,69.7391
MPWR,2016-07-01,3.09662e+09,74.231
MPWR,2016-08-01,3.26692e+09,78.3133
MPWR,2016-09-01,3.4279e+09,82.1723
MPWR,2016-10-01,3.35602e+09,80.4493
MPWR,2016-11-01,3.50834e+09,83.7413
MPWR,2016-12-01,3.50363e+09,83.6289
MPWR,2017-01-01,3.73063e+09,89.0472
MPWR,2017-02-01,3.76192e+09,89.7941
MPWR,2017-03-01,3.98614e+09,94.0039
MPWR,2017-04-01,3.96004e+09,93.3885
MPWR,2017-05-01,4.33656e+09,100.226
MPWR,2017-06-01,4.25748e+09,98.3978
MPWR,2017-07-01,4.53273e+09,104.448
MPWR,2017-08-01,4.48777e+09,103.412
MPWR,2017-09-01,4.719e+09,108.74
MPWR,2017-10-01,5.38861e+09,124.17
MPWR,2017-11-01,5.25254e+09,120.787
MPWR,2017-12-01,4.9883e+09,114.711
MPWR,2018-01-01,5.28756e+09,121.592
MPWR,2018-02-01,5.19596e+09,119.486
MPWR,2018-03-01,5.27167e+09,118.172
MPWR,2018-04-01,5.33244e+09,119.535
MPWR,2018-05-01,5.95821e+09,134.552
MPWR,2018-06-01,6.04193e+09,136.442
MPWR,2018-07-01,5.99762e+09,135.442
MPWR,2018-08-01,6.79304e+09,152.997
MPWR,2018-09-01,5.69226e+09,128.204
MPWR,2018-10-01,5.35702e+09,120.654
MPWR,2018-11-01,6.02459e+09,134.872
MPWR,2018-12-01,5.30531e+09,118.769
MPWR,2019-01-01,5.77588e+09,129.304
MPWR,2019-02-01,6.12036e+09,137.016
MPWR,2019-03-01,6.23816e+09,138.447
MPWR,2019-04-01,7.16874e+09,159.1
MPWR,2019-05-01,5.38205e+09,118.988
MPWR,2019-06-01,6.27373e+09,138.701
MPWR,2019-07-01,6.84539e+09,151.34
MPWR,2019-08-01,6.99479e+09,153.789
MPWR,2019-09-01,7.23012e+09,158.963
MPWR,2019-10-01,6.96429e+09,153.119
MPWR,2019-11-01,7.52224e+09,164.123
MPWR,2019-12-01,8.33219e+09,181.795
MPWR,2020-01-01,8.01127e+09,174.793
MPWR,2020-02-01,7.53349e+09,162
MPWR,2020-03-01,7.95275e+09,171.016
MPWR,2020-04-01,9.4937e+09,204.152
MPWR,2020-05-01,9.99699e+09,214.206
MPWR,2020-06-01,1.12936e+10,241.989
MPWR,2020-07-01,1.26285e+10,270.592
MPWR,2020-08-01,1.27731e+10,272.748
MPWR,2020-09-01,1.337e+10,285.494
MPWR,2020-10-01,1.52829e+10,326.342
MPWR,2020-11-01,1.53403e+10,326.702
MPWR,2020-12-01,1.75559e+10,373.888
MPWR,2021-01-01,1.70315e+10,362.72
MPWR,2021-02-01,1.79533e+10,382.352
MPWR,2021-03-01,1.69567e+10,360.673
MPWR,2021-04-01,1.73491e+10,369.02
MPWR,2021-05-01,1.67167e+10,350.375
MPWR,2021-06-01,1.81918e+10,381.292
MPWR,2021-07-01,2.18851e+10,458.702
MPWR,2021-08-01,2.41315e+10,505.329
MPWR,2021-09-01,2.3633e+10,494.89
MPWR,2021-10-01,2.56214e+10,536.528
MPWR,2021-11-01,2.70418e+10,565.113
MPWR,2021-12-01,2.41076e+10,503.795
MPWR,2022-01-01,1.96899e+10,411.475
MPWR,2022-02-01,2.24326e+10,468.429
MPWR,2022-03-01,2.37487e+10,495.912
MPWR,2022-04-01,1.91797e+10,400.503
MPWR,2022-05-01,2.21891e+10,459.878
MPWR,2022-06-01,1.89252e+10,392.232
MPWR,2022-07-01,2.2901e+10,474.632
MPWR,2022-08-01,2.2349e+10,462.846
MPWR,2022-09-01,1.79278e+10,371.284
MPWR,2022-10-01,1.67463e+10,346.814
MPWR,2022-11-01,1.8868e+10,390.247
MPWR,2022-12-01,1.7434e+10,360.587
MPWR,2023-01-01,2.10307e+10,434.977
MPWR,2023-02-01,2.38814e+10,493.846
MPWR,2023-03-01,2.46327e+10,509.383
MPWR,2023-04-01,2.27346e+10,470.132
MPWR,2023-05-01,2.42577e+10,498.565
MPWR,2023-06-01,2.66956e+10,548.671
MPWR,2023-07-01,2.76473e+10,568.232
MPWR,2023-08-01,2.58092e+10,529.354
MPWR,2023-09-01,2.2834e+10,468.333
MPWR,2023-10-01,2.18327e+10,447.795
MPWR,2023-11-01,2.71401e+10,556.241
MPWR,2023-12-01,3.11428e+10,638.277
MPWR,2024-01-01,2.97574e+10,609.883
MPWR,2024-02-01,3.55344e+10,728.597
MPWR,2024-03-01,3.33737e+10,684.295
MPWR,2024-04-01,3.29752e+10,676.123
MPWR,2024-05-01,3.63582e+10,743.096
MPWR,2024-06-01,4.05429e+10,828.623
MPWR,2024-07-01,4.25861e+10,870.383
MPWR,2024-08-01,4.61345e+10,942.578
MPWR,2024-09-01,4.55715e+10,931.075
MPWR,2024-10-01,3.74283e+10,764.7
MPWR,2024-11-01,2.79916e+10,571.677
MPWR,2024-12-01,2.91143e+10,594.605
MPWR,2025-01-01,3.13614e+10,640.499
MPWR,2025-02-01,3.00644e+10,614.01
MPWR,2025-03-01,2.83901e+10,581.347
MPWR,2025-04-01,2.90323e+10,594.498
MPWR,2025-05-01,3.18501e+10,663.46
MPWR,2025-06-01,3.51106e+10,731.38
MPWR,2025-07-01,3.41438e+10,711.24
MPWR,2025-08-01,4.01324e+10,835.76
MPWR,2025-09-01,4.11941e+10,857.87
SWKS,2010-05-01,3.09756e+09,16.9336
SWKS,2010-06-01,3.265e+09,17.8489
SWKS,2010-07-01,3.40871e+09,18.6346
SWKS,2010-08-01,3.48328e+09,18.9423
SWKS,2010-09-01,4.04042e+09,21.9721
SWKS,2010-10-01,4.48018e+09,24.3635
SWKS,2010-11-01,4.97436e+09,27.0509
SWKS,2010-12-01,5.59639e+09,30.4335
SWKS,2011-01-01,6.21012e+09,33.771
SWKS,2011-02-01,7.20309e+09,38.2043
SWKS,2011-03-01,6.49429e+09,34.445
SWKS,2011-04-01,6.30494e+09,33.4407
SWKS,2011-05-01,5.19659e+09,27.0711
SWKS,2011-06-01,4.68961e+09,24.43
SWKS,2011-07-01,5.16463e+09,26.9046
SWKS,2011-08-01,4.19705e+09,21.9304
SWKS,2011-09-01,3.65385e+09,19.0921
SWKS,2011-10-01,4.03009e+09,21.058
SWKS,2011-11-01,3.30505e+09,17.3341
SWKS,2011-12-01,3.28737e+09,17.2414
SWKS,2012-01-01,4.37336e+09,22.9372
SWKS,2012-02-01,5.43813e+09,28.6697
SWKS,2012-03-01,5.57453e+09,29.3888
SWKS,2012-04-01,5.47238e+09,28.8503
SWKS,2012-05-01,5.45365e+09,28.5508
SWKS,2012-06-01,5.54697e+09,29.0393
SWKS,2012-07-01,5.8739e+09,30.7508
SWKS,2012-08-01,6.23184e+09,32.3804
SWKS,2012-09-01,4.81974e+09,25.0432
SWKS,2012-10-01,4.78546e+09,24.8651
SWKS,2012-11-01,4.61887e+09,24.0759
SWKS,2012-12-01,4.13999e+09,21.5797
SWKS,2013-01-01,4.93682e+09,25.4474
SWKS,2013-02-01,4.39265e+09,22.6424
SWKS,2013-03-01,4.54299e+09,23.4174
SWKS,2013-04-01,4.55199e+09,23.4637
SWKS,2013-05-01,4.89714e+09,25.3607
SWKS,2013-06-01,4.49299e+09,23.2677
SWKS,2013-07-01,4.88508e+09,25.5496
SWKS,2013-08-01,5.15508e+09,26.9617
SWKS,2013-09-01,5.04848e+09,26.4042
SWKS,2013-10-01,5.2437e+09,27.4252
SWKS,2013-11-01,5.43287e+09,28.2667
SWKS,2013-12-01,5.83493e+09,30.3586
SWKS,2014-01-01,6.14817e+09,32.1557
SWKS,2014-02-01,7.20765e+09,37.6969
SWKS,2014-03-01,7.62514e+09,39.8804
SWKS,2014-04-01,8.3437e+09,43.6386
SWKS,2014-05-01,8.87187e+09,46.1596
SWKS,2014-06-01,9.59734e+09,49.9341
SWKS,2014-07-01,1.0428e+10,53.975
SWKS,2014-08-01,1.16639e+10,60.3721
SWKS,2014-09-01,1.19505e+10,61.8555
SWKS,2014-10-01,1.19679e+10,61.9456
SWKS,2014-11-01,1.38509e+10,71.9154
SWKS,2014-12-01,1.49271e+10,77.5033
SWKS,2015-01-01,1.70218e+10,88.3793
SWKS,2015-02-01,1.81626e+10,93.5253
SWKS,2015-03-01,2.03445e+10,104.76
SWKS,2015-04-01,1.90708e+10,98.2019
SWKS,2015-05-01,2.27506e+10,116.55
SWKS,2015-06-01,2.16591e+10,110.959
SWKS,2015-07-01,1.98829e+10,101.859
SWKS,2015-08-01,1.82234e+10,93.2622
SWKS,2015-09-01,1.75686e+10,89.9107
SWKS,2015-10-01,1.60676e+10,82.2292
SWKS,2015-11-01,1.72853e+10,88.6882
SWKS,2015-12-01,1.59958e+10,82.0719
SWKS,2016-01-01,1.43044e+10,73.3934
SWKS,2016-02-01,1.3838e+10,71.0734
SWKS,2016-03-01,1.62228e+10,83.3221
SWKS,2016-04-01,1.38719e+10,71.2477
SWKS,2016-05-01,1.38144e+10,71.466
SWKS,2016-06-01,1.30942e+10,67.74
SWKS,2016-07-01,1.36091e+10,70.404
SWKS,2016-08-01,1.53681e+10,80.1673
SWKS,2016-09-01,1.55773e+10,81.2589
SWKS,2016-10-01,1.57398e+10,82.1064
SWKS,2016-11-01,1.58147e+10,82.3255
SWKS,2016-12-01,1.53121e+10,79.7092
SWKS,2017-01-01,1.88719e+10,98.2402
SWKS,2017-02-01,1.90159e+10,101.527
SWKS,2017-03-01,1.95976e+10,104.632
SWKS,2017-04-01,1.99496e+10,106.512
SWKS,2017-05-01,2.1322e+10,113.96
SWKS,2017-06-01,1.91761e+10,102.491
SWKS,2017-07-01,2.09038e+10,112.025
SWKS,2017-08-01,2.10649e+10,112.888
SWKS,2017-09-01,2.03159e+10,108.874
SWKS,2017-10-01,2.27001e+10,121.651
SWKS,2017-11-01,2.09587e+10,112.259
SWKS,2017-12-01,1.89419e+10,101.456
SWKS,2018-01-01,1.93937e+10,103.876
SWKS,2018-02-01,2.17216e+10,117.097
SWKS,2018-03-01,1.98776e+10,107.157
SWKS,2018-04-01,1.72024e+10,92.7351
SWKS,2018-05-01,1.94885e+10,105.743
SWKS,2018-06-01,1.90437e+10,103.33
SWKS,2018-07-01,1.84841e+10,101.116
SWKS,2018-08-01,1.79142e+10,97.9989
SWKS,2018-09-01,1.77297e+10,96.9896
SWKS,2018-10-01,1.69571e+10,92.7629
SWKS,2018-11-01,1.4331e+10,78.2258
SWKS,2018-12-01,1.31347e+10,71.6961
SWKS,2019-01-01,1.43142e+10,78.134
SWKS,2019-02-01,1.55953e+10,87.7622
SWKS,2019-03-01,1.56839e+10,88.2606
SWKS,2019-04-01,1.67673e+10,94.3576
SWKS,2019-05-01,1.25162e+10,71.6851
SWKS,2019-06-01,1.44378e+10,82.6906
SWKS,2019-07-01,1.5935e+10,91.2656
SWKS,2019-08-01,1.40516e+10,81.036
SWKS,2019-09-01,1.47144e+10,84.8582
SWKS,2019-10-01,1.69071e+10,97.5034
SWKS,2019-11-01,1.83672e+10,105.256
SWKS,2019-12-01,2.25926e+10,129.471
SWKS,2020-01-01,2.07931e+10,121.172
SWKS,2020-02-01,1.84846e+10,107.719
SWKS,2020-03-01,1.64246e+10,95.7142
SWKS,2020-04-01,1.90879e+10,111.235
SWKS,2020-05-01,2.18041e+10,127.435
SWKS,2020-06-01,2.34381e+10,136.985
SWKS,2020-07-01,2.62477e+10,155.958
SWKS,2020-08-01,2.62069e+10,155.715
SWKS,2020-09-01,2.63251e+10,156.418
SWKS,2020-10-01,2.54831e+10,151.415
SWKS,2020-11-01,2.5794e+10,151.819
SWKS,2020-12-01,2.79354e+10,164.422
SWKS,2021-01-01,3.03053e+10,181.469
SWKS,2021-02-01,3.19232e+10,191.157
SWKS,2021-03-01,3.29389e+10,197.239
SWKS,2021-04-01,3.24317e+10,194.435
SWKS,2021-05-01,3.04987e+10,182.846
SWKS,2021-06-01,3.4399e+10,206.229
SWKS,2021-07-01,3.30619e+10,197.976
SWKS,2021-08-01,3.2973e+10,197.443
SWKS,2021-09-01,2.96173e+10,177.349
SWKS,2021-10-01,2.99444e+10,179.308
SWKS,2021-11-01,2.72674e+10,163.278
SWKS,2021-12-01,2.77961e+10,166.444
SWKS,2022-01-01,2.62527e+10,157.202
SWKS,2022-02-01,2.4769e+10,148.852
SWKS,2022-03-01,2.38922e+10,143.583
SWKS,2022-04-01,2.02314e+10,121.583
SWKS,2022-05-01,1.93118e+10,117.468
SWKS,2022-06-01,1.64328e+10,99.956
SWKS,2022-07-01,1.92053e+10,116.821
SWKS,2022-08-01,1.71785e+10,106.368
SWKS,2022-09-01,1.47769e+10,91.4981
SWKS,2022-10-01,1.49052e+10,92.2923
SWKS,2022-11-01,1.68661e+10,103.283
SWKS,2022-12-01,1.59776e+10,97.8423
SWKS,2023-01-01,1.92282e+10,117.748
SWKS,2023-02-01,1.919e+10,119.788
SWKS,2023-03-01,2.01875e+10,126.014
SWKS,2023-04-01,1.81205e+10,113.112
SWKS,2023-05-01,1.76784e+10,110.559
SWKS,2023-06-01,1.87986e+10,117.565
SWKS,2023-07-01,1.94236e+10,121.473
SWKS,2023-08-01,1.8479e+10,115.494
SWKS,2023-09-01,1.66555e+10,104.097
SWKS,2023-10-01,1.46536e+10,91.5849
SWKS,2023-11-01,1.64058e+10,102.344
SWKS,2023-12-01,1.89011e+10,117.911
SWKS,2024-01-01,1.76395e+10,109.562
SWKS,2024-02-01,1.77171e+10,110.044
SWKS,2024-03-01,1.81782e+10,112.908
SWKS,2024-04-01,1.78879e+10,111.105
SWKS,2024-05-01,1.55888e+10,96.585
SWKS,2024-06-01,1.78044e+10,110.313
SWKS,2024-07-01,1.89805e+10,117.599
SWKS,2024-08-01,1.83073e+10,113.428
SWKS,2024-09-01,1.63979e+10,101.598
SWKS,2024-10-01,1.45402e+10,90.0877
SWKS,2024-11-01,1.45508e+10,90.098
SWKS,2024-12-01,1.46174e+10,90.5105
SWKS,2025-01-01,1.46306e+10,90.5921
SWKS,2025-02-01,1.0981e+10,68.036
SWKS,2025-03-01,1.05371e+10,65.2854
SWKS,2025-04-01,1.048e+10,64.9318
SWKS,2025-05-01,1.10731e+10,69.73
SWKS,2025-06-01,1.18338e+10,74.52
SWKS,2025-07-01,1.08842e+10,68.54
SWKS,2025-08-01,1.12635e+10,74.94
SWKS,2025-09-01,1.12815e+10,75.06
ADSK,2009-06-01,4.31036e+09,18.98
ADSK,2009-07-01,4.95305e+09,21.81
ADSK,2009-08-01,5.44279e+09,23.43
ADSK,2009-09-01,5.52874e+09,23.8
ADSK,2009-10-01,5.79124e+09,24.93
ADSK,2009-11-01,5.44744e+09,23.45
ADSK,2009-12-01,5.91799e+09,25.41
ADSK,2010-01-01,5.54069e+09,23.79
ADSK,2010-02-01,6.49325e+09,27.88
ADSK,2010-03-01,6.76034e+09,29.38
ADSK,2010-04-01,7.8211e+09,33.99
ADSK,2010-05-01,6.73273e+09,29.26
ADSK,2010-06-01,5.71486e+09,24.36
ADSK,2010-07-01,6.93008e+09,29.54
ADSK,2010-08-01,6.50546e+09,27.73
ADSK,2010-09-01,7.47459e+09,31.97
ADSK,2010-10-01,8.46356e+09,36.2
ADSK,2010-11-01,8.2508e+09,35.29
ADSK,2010-12-01,8.87768e+09,38.2
ADSK,2011-01-01,9.45403e+09,40.68
ADSK,2011-02-01,9.77242e+09,42.05
ADSK,2011-03-01,1.03306e+10,44.11
ADSK,2011-04-01,1.05343e+10,44.98
ADSK,2011-05-01,1.00659e+10,42.98
ADSK,2011-06-01,9.15206e+09,38.6
ADSK,2011-07-01,8.15624e+09,34.4
ADSK,2011-08-01,6.68622e+09,28.2
ADSK,2011-09-01,6.57511e+09,27.79
ADSK,2011-10-01,8.18636e+09,34.6
ADSK,2011-11-01,8.06096e+09,34.07
ADSK,2011-12-01,6.99713e+09,30.33
ADSK,2012-01-01,8.3052e+09,36
ADSK,2012-02-01,8.732e+09,37.85
ADSK,2012-03-01,9.87326e+09,42.32
ADSK,2012-04-01,9.18502e+09,39.37
ADSK,2012-05-01,7.47027e+09,32.02
ADSK,2012-06-01,8.19116e+09,34.99
ADSK,2012-07-01,7.94067e+09,33.92
ADSK,2012-08-01,7.2688e+09,31.05
ADSK,2012-09-01,7.74054e+09,33.35
ADSK,2012-10-01,7.39285e+09,31.852
ADSK,2012-11-01,7.68947e+09,33.13
ADSK,2012-12-01,8.12696e+09,35.35
ADSK,2013-01-01,8.93851e+09,38.88
ADSK,2013-02-01,8.44193e+09,36.72
ADSK,2013-03-01,9.55762e+09,41.25
ADSK,2013-04-01,9.12435e+09,39.38
ADSK,2013-05-01,8.74204e+09,37.73
ADSK,2013-06-01,7.78244e+09,33.94
ADSK,2013-07-01,8.11493e+09,35.39
ADSK,2013-08-01,8.42678e+09,36.75
ADSK,2013-09-01,9.39911e+09,41.17
ADSK,2013-10-01,9.10917e+09,39.9
ADSK,2013-11-01,1.03306e+10,45.25
ADSK,2013-12-01,1.14579e+10,50.32
ADSK,2014-01-01,1.16696e+10,51.25
ADSK,2014-02-01,1.19497e+10,52.48
ADSK,2014-03-01,1.12917e+10,49.18
ADSK,2014-04-01,1.10254e+10,48.02
ADSK,2014-05-01,1.20242e+10,52.37
ADSK,2014-06-01,1.30576e+10,56.38
ADSK,2014-07-01,1.23559e+10,53.35
ADSK,2014-08-01,1.2423e+10,53.64
ADSK,2014-09-01,1.28052e+10,55.1
ADSK,2014-10-01,1.33723e+10,57.54
ADSK,2014-11-01,1.44088e+10,62
ADSK,2014-12-01,1.39039e+10,60.06
ADSK,2015-01-01,1.25022e+10,54.005
ADSK,2015-02-01,1.48716e+10,64.24
ADSK,2015-03-01,1.36279e+10,58.64
ADSK,2015-04-01,1.32073e+10,56.83
ADSK,2015-05-01,1.25466e+10,54.15
ADSK,2015-06-01,1.16024e+10,50.075
ADSK,2015-07-01,1.17194e+10,50.58
ADSK,2015-08-01,1.06122e+10,46.75
ADSK,2015-09-01,1.00198e+10,44.14
ADSK,2015-10-01,1.25281e+10,55.19
ADSK,2015-11-01,1.44077e+10,63.47
ADSK,2015-12-01,1.37275e+10,60.93
ADSK,2016-01-01,1.05485e+10,46.82
ADSK,2016-02-01,1.16638e+10,51.77
ADSK,2016-03-01,1.31781e+10,58.31
ADSK,2016-04-01,1.35193e+10,59.82
ADSK,2016-05-01,1.3169e+10,58.27
ADSK,2016-06-01,1.2149e+10,54.14
ADSK,2016-07-01,1.33406e+10,59.45
ADSK,2016-08-01,1.50437e+10,67.4
ADSK,2016-09-01,1.61441e+10,72.33
ADSK,2016-10-01,1.61329e+10,72.28
ADSK,2016-11-01,1.62066e+10,72.61
ADSK,2016-12-01,1.64524e+10,74.01
ADSK,2017-01-01,1.80819e+10,81.34
ADSK,2017-02-01,1.91845e+10,86.3
ADSK,2017-03-01,1.92569e+10,86.47
ADSK,2017-04-01,2.00586e+10,90.07
ADSK,2017-05-01,2.45782e+10,111.77
ADSK,2017-06-01,2.21703e+10,100.82
ADSK,2017-07-01,2.43627e+10,110.79
ADSK,2017-08-01,2.5124e+10,114.46
ADSK,2017-09-01,2.46411e+10,112.26
ADSK,2017-10-01,2.74287e+10,124.96
ADSK,2017-11-01,2.40792e+10,109.7
ADSK,2017-12-01,2.30207e+10,104.83
ADSK,2018-01-01,2.53902e+10,115.62
ADSK,2018-02-01,2.57964e+10,117.47
ADSK,2018-03-01,2.75648e+10,125.58
ADSK,2018-04-01,2.7635e+10,125.9
ADSK,2018-05-01,2.83374e+10,129.1
ADSK,2018-06-01,2.86563e+10,131.09
ADSK,2018-07-01,2.8077e+10,128.44
ADSK,2018-08-01,3.38026e+10,154.35
ADSK,2018-09-01,3.41881e+10,156.11
ADSK,2018-10-01,2.83058e+10,129.25
ADSK,2018-11-01,3.16455e+10,144.5
ADSK,2018-12-01,2.81527e+10,128.61
ADSK,2019-01-01,3.22221e+10,147.2
ADSK,2019-02-01,3.56829e+10,163.01
ADSK,2019-03-01,3.4109e+10,155.82
ADSK,2019-04-01,3.90102e+10,178.21
ADSK,2019-05-01,3.52232e+10,160.91
ADSK,2019-06-01,3.57728e+10,162.9
ADSK,2019-07-01,3.42949e+10,156.17
ADSK,2019-08-01,3.13633e+10,142.82
ADSK,2019-09-01,3.28485e+10,147.7
ADSK,2019-10-01,3.27729e+10,147.36
ADSK,2019-11-01,4.02322e+10,180.9
ADSK,2019-12-01,4.07098e+10,183.46
ADSK,2020-01-01,4.3681e+10,196.85
ADSK,2020-02-01,4.23563e+10,190.88
ADSK,2020-03-01,3.47322e+10,156.1
ADSK,2020-04-01,4.16364e+10,187.13
ADSK,2020-05-01,4.68096e+10,210.38
ADSK,2020-06-01,5.29327e+10,239.19
ADSK,2020-07-01,5.2322e+10,236.43
ADSK,2020-08-01,5.43734e+10,245.7
ADSK,2020-09-01,5.13304e+10,231.01
ADSK,2020-10-01,5.2337e+10,235.54
ADSK,2020-11-01,6.22671e+10,280.23
ADSK,2020-12-01,6.78771e+10,305.34
ADSK,2021-01-01,6.16727e+10,277.43
ADSK,2021-02-01,6.13548e+10,276
ADSK,2021-03-01,6.1555e+10,277.15
ADSK,2021-04-01,6.48332e+10,291.91
ADSK,2021-05-01,6.34895e+10,285.86
ADSK,2021-06-01,6.48018e+10,291.9
ADSK,2021-07-01,7.12909e+10,321.13
ADSK,2021-08-01,6.884e+10,310.09
ADSK,2021-09-01,6.34503e+10,285.17
ADSK,2021-10-01,7.06682e+10,317.61
ADSK,2021-11-01,5.65573e+10,254.19
ADSK,2021-12-01,6.25648e+10,281.19
ADSK,2022-01-01,5.55783e+10,249.79
ADSK,2022-02-01,4.90012e+10,220.23
ADSK,2022-03-01,4.75857e+10,214.35
ADSK,2022-04-01,4.20202e+10,189.28
ADSK,2022-05-01,4.61205e+10,207.75
ADSK,2022-06-01,3.76592e+10,171.96
ADSK,2022-07-01,4.73741e+10,216.32
ADSK,2022-08-01,4.39793e+10,201.74
ADSK,2022-09-01,4.07224e+10,186.8
ADSK,2022-10-01,4.67174e+10,214.3
ADSK,2022-11-01,4.40251e+10,201.95
ADSK,2022-12-01,4.05508e+10,186.87
ADSK,2023-01-01,4.66897e+10,215.16
ADSK,2023-02-01,4.31157e+10,198.69
ADSK,2023-03-01,4.53789e+10,208.16
ADSK,2023-04-01,4.24642e+10,194.79
ADSK,2023-05-01,4.3467e+10,199.39
ADSK,2023-06-01,4.41958e+10,204.61
ADSK,2023-07-01,4.57898e+10,211.99
ADSK,2023-08-01,4.77171e+10,221.94
ADSK,2023-09-01,4.44856e+10,206.91
ADSK,2023-10-01,4.24904e+10,197.63
ADSK,2023-11-01,4.69624e+10,218.43
ADSK,2023-12-01,5.25917e+10,243.48
ADSK,2024-01-01,5.4823e+10,253.81
ADSK,2024-02-01,5.57647e+10,258.17
ADSK,2024-03-01,5.62507e+10,260.42
ADSK,2024-04-01,4.59756e+10,212.85
ADSK,2024-05-01,4.35456e+10,201.6
ADSK,2024-06-01,5.36966e+10,247.45
ADSK,2024-07-01,5.37118e+10,247.52
ADSK,2024-08-01,5.60728e+10,258.4
ADSK,2024-09-01,5.97792e+10,275.48
ADSK,2024-10-01,6.15846e+10,283.8
ADSK,2024-11-01,6.33423e+10,291.9
ADSK,2024-12-01,6.41387e+10,295.57
ADSK,2025-01-01,6.75608e+10,311.34
ADSK,2025-02-01,5.95036e+10,274.21
ADSK,2025-03-01,5.68106e+10,261.8
ADSK,2025-04-01,5.95122e+10,274.25
ADSK,2025-05-01,6.39619e+10,296.12
ADSK,2025-06-01,6.68671e+10,309.57
ADSK,2025-07-01,6.54718e+10,303.11
ADSK,2025-08-01,6.79752e+10,314.7
ADSK,2025-09-01,6.99158e+10,325.19
CDNS,2010-08-01,1.80901e+09,6.79
CDNS,2010-09-01,2.03281e+09,7.63
CDNS,2010-10-01,2.23017e+09,8.47
CDNS,2010-11-01,2.06955e+09,7.86
CDNS,2010-12-01,2.17487e+09,8.26
CDNS,2011-01-01,2.28546e+09,8.68
CDNS,2011-02-01,2.64542e+09,9.95
CDNS,2011-03-01,2.59224e+09,9.75
CDNS,2011-04-01,2.78784e+09,10.38
CDNS,2011-05-01,2.8711e+09,10.69
CDNS,2011-06-01,2.83618e+09,10.56
CDNS,2011-07-01,2.79824e+09,10.33
CDNS,2011-08-01,2.50298e+09,9.24
CDNS,2011-09-01,2.50298e+09,9.24
CDNS,2011-10-01,2.9971e+09,11.07
CDNS,2011-11-01,2.96191e+09,10.94
CDNS,2011-12-01,2.81571e+09,10.4
CDNS,2012-01-01,2.85902e+09,10.56
CDNS,2012-02-01,3.1875e+09,11.77
CDNS,2012-03-01,3.20646e+09,11.84
CDNS,2012-04-01,3.24114e+09,11.67
CDNS,2012-05-01,2.83288e+09,10.2
CDNS,2012-06-01,3.05229e+09,10.99
CDNS,2012-07-01,3.36439e+09,12.22
CDNS,2012-08-01,3.6342e+09,13.2
CDNS,2012-09-01,3.54197e+09,12.865
CDNS,2012-10-01,3.5841e+09,12.65
CDNS,2012-11-01,3.61243e+09,12.75
CDNS,2012-12-01,3.82776e+09,13.51
CDNS,2013-01-01,3.94676e+09,13.93
CDNS,2013-02-01,3.97424e+09,14.16
CDNS,2013-03-01,3.90969e+09,13.93
CDNS,2013-04-01,4.03168e+09,13.8
CDNS,2013-05-01,4.42024e+09,15.13
CDNS,2013-06-01,4.23035e+09,14.48
CDNS,2013-07-01,4.29298e+09,14.58
CDNS,2013-08-01,3.96615e+09,13.47
CDNS,2013-09-01,3.97792e+09,13.51
CDNS,2013-10-01,3.85155e+09,12.97
CDNS,2013-11-01,3.93469e+09,13.25
CDNS,2013-12-01,4.16335e+09,14.02
CDNS,2014-01-01,4.19305e+09,14.12
CDNS,2014-02-01,4.51567e+09,15.33
CDNS,2014-03-01,4.57752e+09,15.54
CDNS,2014-04-01,4.68409e+09,15.56
CDNS,2014-05-01,5.02426e+09,16.69
CDNS,2014-06-01,5.26508e+09,17.49
CDNS,2014-07-01,5.14586e+09,16.83
CDNS,2014-08-01,5.39046e+09,17.63
CDNS,2014-09-01,5.26204e+09,17.21
CDNS,2014-10-01,5.56441e+09,17.95
CDNS,2014-11-01,5.84961e+09,18.87
CDNS,2014-12-01,5.88061e+09,18.97
CDNS,2015-01-01,5.57681e+09,17.99
CDNS,2015-02-01,5.63086e+09,18.355
CDNS,2015-03-01,5.65693e+09,18.44
CDNS,2015-04-01,5.81595e+09,18.65
CDNS,2015-05-01,6.17145e+09,19.79
CDNS,2015-06-01,6.13091e+09,19.66
CDNS,2015-07-01,6.57756e+09,20.97
CDNS,2015-08-01,6.27957e+09,20.02
CDNS,2015-09-01,6.48659e+09,20.68
CDNS,2015-10-01,6.95899e+09,22.22
CDNS,2015-11-01,6.98405e+09,22.3
CDNS,2015-12-01,6.51427e+09,20.8
CDNS,2016-01-01,6.12435e+09,19.555
CDNS,2016-02-01,6.73011e+09,21.55
CDNS,2016-03-01,7.36408e+09,23.58
CDNS,2016-04-01,7.03663e+09,23.19
CDNS,2016-05-01,7.50392e+09,24.73
CDNS,2016-06-01,7.37345e+09,24.3
CDNS,2016-07-01,7.09958e+09,24.05
CDNS,2016-08-01,7.50991e+09,25.44
CDNS,2016-09-01,7.53648e+09,25.53
CDNS,2016-10-01,7.35356e+09,25.58
CDNS,2016-11-01,7.55479e+09,26.28
CDNS,2016-12-01,7.25007e+09,25.22
CDNS,2017-01-01,7.48292e+09,26.03
CDNS,2017-02-01,8.99981e+09,30.9
CDNS,2017-03-01,9.14544e+09,31.4
CDNS,2017-04-01,9.04586e+09,32.57
CDNS,2017-05-01,9.75964e+09,35.14
CDNS,2017-06-01,9.30138e+09,33.49
CDNS,2017-07-01,1.03117e+10,36.89
CDNS,2017-08-01,1.09826e+10,39.29
CDNS,2017-09-01,1.10329e+10,39.47
CDNS,2017-10-01,1.21452e+10,43.16
CDNS,2017-11-01,1.23563e+10,43.91
CDNS,2017-12-01,1.17681e+10,41.82
CDNS,2018-01-01,1.26236e+10,44.86
CDNS,2018-02-01,1.08642e+10,38.77
CDNS,2018-03-01,1.03037e+10,36.77
CDNS,2018-04-01,1.12829e+10,40.06
CDNS,2018-05-01,1.19561e+10,42.45
CDNS,2018-06-01,1.21983e+10,43.31
CDNS,2018-07-01,1.23793e+10,44.09
CDNS,2018-08-01,1.32076e+10,47.04
CDNS,2018-09-01,1.27247e+10,45.32
CDNS,2018-10-01,1.2553e+10,44.57
CDNS,2018-11-01,1.26853e+10,45.04
CDNS,2018-12-01,1.2246e+10,43.48
CDNS,2019-01-01,1.35275e+10,48.03
CDNS,2019-02-01,1.60955e+10,57.25
CDNS,2019-03-01,1.78555e+10,63.51
CDNS,2019-04-01,1.94691e+10,69.38
CDNS,2019-05-01,1.78387e+10,63.57
CDNS,2019-06-01,1.98703e+10,70.81
CDNS,2019-07-01,2.07727e+10,73.91
CDNS,2019-08-01,1.92466e+10,68.48
CDNS,2019-09-01,1.8572e+10,66.08
CDNS,2019-10-01,1.83415e+10,65.35
CDNS,2019-11-01,1.97168e+10,70.25
CDNS,2019-12-01,1.9467e+10,69.36
CDNS,2020-01-01,2.02388e+10,72.11
CDNS,2020-02-01,1.85533e+10,66.14
CDNS,2020-03-01,1.85252e+10,66.04
CDNS,2020-04-01,2.26568e+10,81.13
CDNS,2020-05-01,2.54941e+10,91.29
CDNS,2020-06-01,2.67983e+10,95.96
CDNS,2020-07-01,3.04895e+10,109.25
CDNS,2020-08-01,3.09528e+10,110.91
CDNS,2020-09-01,2.97583e+10,106.63
CDNS,2020-10-01,3.06262e+10,109.37
CDNS,2020-11-01,3.25668e+10,116.3
CDNS,2020-12-01,3.82037e+10,136.43
CDNS,2021-01-01,3.65123e+10,130.39
CDNS,2021-02-01,3.94545e+10,141.09
CDNS,2021-03-01,3.8308e+10,136.99
CDNS,2021-04-01,3.6914e+10,131.77
CDNS,2021-05-01,3.5575e+10,126.99
CDNS,2021-06-01,3.83288e+10,136.82
CDNS,2021-07-01,4.11291e+10,147.65
CDNS,2021-08-01,4.55387e+10,163.48
CDNS,2021-09-01,4.21848e+10,151.44
CDNS,2021-10-01,4.81784e+10,173.11
CDNS,2021-11-01,4.93891e+10,177.46
CDNS,2021-12-01,5.18633e+10,186.35
CDNS,2022-01-01,4.23422e+10,152.14
CDNS,2022-02-01,4.22275e+10,151.43
CDNS,2022-03-01,4.5861e+10,164.46
CDNS,2022-04-01,4.17731e+10,150.85
CDNS,2022-05-01,4.25706e+10,153.73
CDNS,2022-06-01,4.1546e+10,150.03
CDNS,2022-07-01,5.1204e+10,186.08
CDNS,2022-08-01,4.78166e+10,173.77
CDNS,2022-09-01,4.49714e+10,163.43
CDNS,2022-10-01,4.16257e+10,151.39
CDNS,2022-11-01,4.73036e+10,172.04
CDNS,2022-12-01,4.41691e+10,160.64
CDNS,2023-01-01,5.02704e+10,182.83
CDNS,2023-02-01,5.30606e+10,192.94
CDNS,2023-03-01,5.77771e+10,210.09
CDNS,2023-04-01,5.72132e+10,209.45
CDNS,2023-05-01,6.30751e+10,230.91
CDNS,2023-06-01,6.40612e+10,234.52
CDNS,2023-07-01,6.38838e+10,234.01
CDNS,2023-08-01,6.56392e+10,240.44
CDNS,2023-09-01,6.3963e+10,234.3
CDNS,2023-10-01,6.53416e+10,239.85
CDNS,2023-11-01,7.44461e+10,273.27
CDNS,2023-12-01,7.42009e+10,272.37
CDNS,2024-01-01,7.85843e+10,288.46
CDNS,2024-02-01,8.3019e+10,304.38
CDNS,2024-03-01,8.4901e+10,311.28
CDNS,2024-04-01,7.53969e+10,275.63
CDNS,2024-05-01,7.83184e+10,286.31
CDNS,2024-06-01,8.41832e+10,307.75
CDNS,2024-07-01,7.32104e+10,267.66
CDNS,2024-08-01,7.35577e+10,268.93
CDNS,2024-09-01,7.41321e+10,271.03
CDNS,2024-10-01,7.56453e+10,276.12
CDNS,2024-11-01,8.40531e+10,306.81
CDNS,2024-12-01,8.23134e+10,300.46
CDNS,2025-01-01,8.15354e+10,297.62
CDNS,2025-02-01,6.85952e+10,250.5
CDNS,2025-03-01,6.96439e+10,254.33
CDNS,2025-04-01,8.14709e+10,297.74
CDNS,2025-05-01,7.85513e+10,287.07
CDNS,2025-06-01,8.43194e+10,308.15
CDNS,2025-07-01,9.94908e+10,364.57
CDNS,2025-08-01,9.5632e+10,350.43
CDNS,2025-09-01,9.8749e+10,361.852
SNPS,2010-09-01,3.7429e+09,24.77
SNPS,2010-10-01,3.86529e+09,25.58
SNPS,2010-11-01,3.88191e+09,25.69
SNPS,2010-12-01,4.08793e+09,26.91
SNPS,2011-01-01,4.12135e+09,27.13
SNPS,2011-02-01,4.21097e+09,27.72
SNPS,2011-03-01,4.24815e+09,27.65
SNPS,2011-04-01,4.2082e+09,27.39
SNPS,2011-05-01,4.17189e+09,27.34
SNPS,2011-06-01,3.92317e+09,25.71
SNPS,2011-07-01,3.65765e+09,23.97
SNPS,2011-08-01,3.94911e+09,25.88
SNPS,2011-09-01,3.60638e+09,24.36
SNPS,2011-10-01,3.96909e+09,26.81
SNPS,2011-11-01,4.14082e+09,27.97
SNPS,2011-12-01,4.08998e+09,27.2
SNPS,2012-01-01,4.38621e+09,29.17
SNPS,2012-02-01,4.58168e+09,30.47
SNPS,2012-03-01,4.51048e+09,30.66
SNPS,2012-04-01,4.41486e+09,30.01
SNPS,2012-05-01,4.34719e+09,29.55
SNPS,2012-06-01,4.39381e+09,29.43
SNPS,2012-07-01,4.52221e+09,30.29
SNPS,2012-08-01,4.97577e+09,33.03
SNPS,2012-09-01,4.9705e+09,32.995
SNPS,2012-10-01,4.85074e+09,32.2
SNPS,2012-11-01,4.95016e+09,32.86
SNPS,2012-12-01,4.78416e+09,31.835
SNPS,2013-01-01,5.02536e+09,33.44
SNPS,2013-02-01,5.26431e+09,35.03
SNPS,2013-03-01,5.54457e+09,35.88
SNPS,2013-04-01,5.49667e+09,35.57
SNPS,2013-05-01,5.70672e+09,36.44
SNPS,2013-06-01,5.59866e+09,35.75
SNPS,2013-07-01,5.80069e+09,37.04
SNPS,2013-08-01,5.69485e+09,36.26
SNPS,2013-09-01,5.92101e+09,37.7
SNPS,2013-10-01,5.71998e+09,36.42
SNPS,2013-11-01,5.75296e+09,36.63
SNPS,2013-12-01,6.37176e+09,40.57
SNPS,2014-01-01,6.26025e+09,39.86
SNPS,2014-02-01,6.33294e+09,40.4
SNPS,2014-03-01,6.021e+09,38.41
SNPS,2014-04-01,5.89716e+09,37.62
SNPS,2014-05-01,6.04609e+09,38.49
SNPS,2014-06-01,6.09792e+09,38.82
SNPS,2014-07-01,5.93299e+09,37.77
SNPS,2014-08-01,6.44674e+09,40.9
SNPS,2014-09-01,6.25681e+09,39.695
SNPS,2014-10-01,6.45935e+09,40.98
SNPS,2014-11-01,6.83922e+09,43.39
SNPS,2014-12-01,6.85565e+09,43.47
SNPS,2015-01-01,6.77995e+09,42.99
SNPS,2015-02-01,7.29593e+09,46.41
SNPS,2015-03-01,7.28178e+09,46.32
SNPS,2015-04-01,7.36982e+09,46.88
SNPS,2015-05-01,7.85683e+09,49.89
SNPS,2015-06-01,7.97651e+09,50.65
SNPS,2015-07-01,8.00644e+09,50.84
SNPS,2015-08-01,7.44235e+09,46.93
SNPS,2015-09-01,7.32341e+09,46.18
SNPS,2015-10-01,7.92603e+09,49.98
SNPS,2015-11-01,7.94189e+09,50.08
SNPS,2015-12-01,7.20934e+09,45.61
SNPS,2016-01-01,6.77941e+09,42.89
SNPS,2016-02-01,6.94891e+09,44.75
SNPS,2016-03-01,7.52191e+09,48.44
SNPS,2016-04-01,7.37905e+09,47.52
SNPS,2016-05-01,7.98488e+09,51.67
SNPS,2016-06-01,8.35731e+09,54.08
SNPS,2016-07-01,8.36967e+09,54.16
SNPS,2016-08-01,9.12414e+09,59.29
SNPS,2016-09-01,9.13337e+09,59.35
SNPS,2016-10-01,9.12722e+09,59.31
SNPS,2016-11-01,9.30727e+09,60.48
SNPS,2016-12-01,9.10688e+09,58.86
SNPS,2017-01-01,9.7304e+09,62.89
SNPS,2017-02-01,1.10319e+10,71.435
SNPS,2017-03-01,1.11393e+10,72.13
SNPS,2017-04-01,1.13817e+10,73.7
SNPS,2017-05-01,1.15944e+10,74.87
SNPS,2017-06-01,1.1294e+10,72.93
SNPS,2017-07-01,1.18577e+10,76.57
SNPS,2017-08-01,1.24396e+10,80.42
SNPS,2017-09-01,1.24566e+10,80.53
SNPS,2017-10-01,1.33832e+10,86.52
SNPS,2017-11-01,1.39818e+10,90.39
SNPS,2017-12-01,1.3203e+10,85.25
SNPS,2018-01-01,1.43429e+10,92.61
SNPS,2018-02-01,1.26532e+10,84.67
SNPS,2018-03-01,1.24395e+10,83.24
SNPS,2018-04-01,1.27787e+10,85.51
SNPS,2018-05-01,1.34894e+10,88.07
SNPS,2018-06-01,1.31065e+10,85.57
SNPS,2018-07-01,1.36977e+10,89.43
SNPS,2018-08-01,1.5588e+10,102.14
SNPS,2018-09-01,1.50493e+10,98.61
SNPS,2018-10-01,1.36635e+10,89.53
SNPS,2018-11-01,1.40313e+10,91.94
SNPS,2018-12-01,1.29218e+10,84.24
SNPS,2019-01-01,1.43192e+10,93.35
SNPS,2019-02-01,1.55226e+10,101.68
SNPS,2019-03-01,1.75789e+10,115.15
SNPS,2019-04-01,1.84842e+10,121.08
SNPS,2019-05-01,1.79206e+10,116.44
SNPS,2019-06-01,1.98059e+10,128.69
SNPS,2019-07-01,2.04323e+10,132.76
SNPS,2019-08-01,2.19238e+10,141.81
SNPS,2019-09-01,2.12188e+10,137.25
SNPS,2019-10-01,2.0987e+10,135.75
SNPS,2019-11-01,2.18048e+10,141.04
SNPS,2019-12-01,2.14632e+10,139.2
SNPS,2020-01-01,2.27446e+10,147.51
SNPS,2020-02-01,2.13107e+10,137.93
SNPS,2020-03-01,1.98986e+10,128.79
SNPS,2020-04-01,2.42757e+10,157.12
SNPS,2020-05-01,2.79287e+10,180.91
SNPS,2020-06-01,3.01039e+10,195
SNPS,2020-07-01,3.07554e+10,199.22
SNPS,2020-08-01,3.45168e+10,221.3
SNPS,2020-09-01,3.33751e+10,213.98
SNPS,2020-10-01,3.33564e+10,213.86
SNPS,2020-11-01,3.54839e+10,227.5
SNPS,2020-12-01,4.03652e+10,259.24
SNPS,2021-01-01,3.97751e+10,255.45
SNPS,2021-02-01,3.85659e+10,245.21
SNPS,2021-03-01,3.89701e+10,247.78
SNPS,2021-04-01,3.88569e+10,247.06
SNPS,2021-05-01,3.9951e+10,254.34
SNPS,2021-06-01,4.33203e+10,275.79
SNPS,2021-07-01,4.52366e+10,287.99
SNPS,2021-08-01,5.21308e+10,332.24
SNPS,2021-09-01,4.69795e+10,299.41
SNPS,2021-10-01,5.22783e+10,333.18
SNPS,2021-11-01,5.35053e+10,341
SNPS,2021-12-01,5.79798e+10,368.5
SNPS,2022-01-01,4.88541e+10,310.5
SNPS,2022-02-01,4.91305e+10,312.39
SNPS,2022-03-01,5.24144e+10,333.27
SNPS,2022-04-01,4.51043e+10,286.79
SNPS,2022-05-01,4.98485e+10,319.2
SNPS,2022-06-01,4.74279e+10,303.7
SNPS,2022-07-01,5.73914e+10,367.5
SNPS,2022-08-01,5.3912e+10,346.02
SNPS,2022-09-01,4.76003e+10,305.51
SNPS,2022-10-01,4.5581e+10,292.55
SNPS,2022-11-01,5.29024e+10,339.54
SNPS,2022-12-01,4.99641e+10,319.29
SNPS,2023-01-01,5.53566e+10,353.75
SNPS,2023-02-01,5.64104e+10,363.76
SNPS,2023-03-01,5.98981e+10,386.25
SNPS,2023-04-01,5.75828e+10,371.32
SNPS,2023-05-01,7.0396e+10,454.96
SNPS,2023-06-01,6.7371e+10,435.41
SNPS,2023-07-01,6.9907e+10,451.8
SNPS,2023-08-01,7.11036e+10,458.89
SNPS,2023-09-01,7.1116e+10,458.97
SNPS,2023-10-01,7.27383e+10,469.44
SNPS,2023-11-01,8.41719e+10,543.23
SNPS,2023-12-01,7.99115e+10,514.91
SNPS,2024-01-01,8.27733e+10,533.35
SNPS,2024-02-01,8.91198e+10,573.73
SNPS,2024-03-01,8.87734e+10,571.5
SNPS,2024-04-01,8.24187e+10,530.59
SNPS,2024-05-01,8.73558e+10,560.8
SNPS,2024-06-01,9.26925e+10,595.06
SNPS,2024-07-01,8.69695e+10,558.32
SNPS,2024-08-01,8.11225e+10,519.58
SNPS,2024-09-01,7.90632e+10,506.39
SNPS,2024-10-01,8.01904e+10,513.61
SNPS,2024-11-01,8.71976e+10,558.49
SNPS,2024-12-01,7.5689e+10,485.36
SNPS,2025-01-01,8.19455e+10,525.48
SNPS,2025-02-01,7.14221e+10,457.28
SNPS,2025-03-01,6.69817e+10,428.85
SNPS,2025-04-01,7.16923e+10,459.01
SNPS,2025-05-01,7.24217e+10,463.98
SNPS,2025-06-01,8.00232e+10,512.68
SNPS,2025-07-01,9.88771e+10,633.47
SNPS,2025-08-01,9.42022e+10,603.52
SNPS,2025-09-01,9.77158e+10,604.37
ANET,2014-08-01,3.69409e+09,5.2405
ANET,2014-09-01,3.89147e+09,5.5205
ANET,2014-10-01,3.57954e+09,5.078
ANET,2014-11-01,5.29109e+09,4.742
ANET,2014-12-01,4.23722e+09,3.7975
ANET,2015-01-01,4.4018e+09,3.945
ANET,2015-02-01,4.82636e+09,4.3255
ANET,2015-03-01,4.91841e+09,4.408
ANET,2015-04-01,4.464e+09,4.00075
ANET,2015-05-01,4.94432e+09,4.3695
ANET,2015-06-01,5.78082e+09,5.10875
ANET,2015-07-01,5.97403e+09,5.2795
ANET,2015-08-01,5.32631e+09,4.6745
ANET,2015-09-01,4.35779e+09,3.8245
ANET,2015-10-01,4.59422e+09,4.032
ANET,2015-11-01,5.28513e+09,4.595
ANET,2015-12-01,5.59568e+09,4.865
ANET,2016-01-01,4.31552e+09,3.752
ANET,2016-02-01,4.89451e+09,4.28375
ANET,2016-03-01,4.50603e+09,3.94375
ANET,2016-04-01,4.7574e+09,4.16375
ANET,2016-05-01,5.29242e+09,4.5805
ANET,2016-06-01,4.64914e+09,4.02375
ANET,2016-07-01,5.14684e+09,4.4545
ANET,2016-08-01,5.80206e+09,4.98
ANET,2016-09-01,6.19527e+09,5.3175
ANET,2016-10-01,6.17139e+09,5.297
ANET,2016-11-01,6.96393e+09,5.9255
ANET,2016-12-01,7.1079e+09,6.048
ANET,2017-01-01,6.90458e+09,5.875
ANET,2017-02-01,8.71283e+09,7.437
ANET,2017-03-01,9.68522e+09,8.267
ANET,2017-04-01,1.02247e+10,8.7275
ANET,2017-05-01,1.14243e+10,9.21125
ANET,2017-06-01,1.16113e+10,9.362
ANET,2017-07-01,1.15722e+10,9.3305
ANET,2017-08-01,1.3873e+10,11.0095
ANET,2017-09-01,1.49328e+10,11.8505
ANET,2017-10-01,1.57424e+10,12.493
ANET,2017-11-01,1.84915e+10,14.57
ANET,2017-12-01,1.86867e+10,14.7238
ANET,2018-01-01,2.18787e+10,17.2388
ANET,2018-02-01,2.13033e+10,16.8588
ANET,2018-03-01,2.01628e+10,15.9562
ANET,2018-04-01,2.08935e+10,16.5345
ANET,2018-05-01,2.03062e+10,15.7225
ANET,2018-06-01,2.07847e+10,16.093
ANET,2018-07-01,2.06426e+10,15.983
ANET,2018-08-01,2.22748e+10,18.6862
ANET,2018-09-01,1.98073e+10,16.6162
ANET,2018-10-01,1.71619e+10,14.397
ANET,2018-11-01,1.93212e+10,14.905
ANET,2018-12-01,1.70706e+10,13.1688
ANET,2019-01-01,1.74011e+10,13.4238
ANET,2019-02-01,2.30606e+10,17.828
ANET,2019-03-01,2.54223e+10,19.6538
ANET,2019-04-01,2.52466e+10,19.518
ANET,2019-05-01,1.98611e+10,15.287
ANET,2019-06-01,2.10813e+10,16.2262
ANET,2019-07-01,2.22043e+10,17.0905
ANET,2019-08-01,1.84322e+10,14.1638
ANET,2019-09-01,1.94326e+10,14.9325
ANET,2019-10-01,1.98919e+10,15.2855
ANET,2019-11-01,1.57572e+10,12.1955
ANET,2019-12-01,1.64252e+10,12.7125
ANET,2020-01-01,1.80354e+10,13.9588
ANET,2020-02-01,1.56194e+10,12.07
ANET,2020-03-01,1.63822e+10,12.6595
ANET,2020-04-01,1.77367e+10,13.7062
ANET,2020-05-01,1.86625e+10,14.5912
ANET,2020-06-01,1.67897e+10,13.127
ANET,2020-07-01,2.07656e+10,16.2355
ANET,2020-08-01,1.7719e+10,13.9655
ANET,2020-09-01,1.6409e+10,12.933
ANET,2020-10-01,1.65653e+10,13.0562
ANET,2020-11-01,2.14701e+10,16.9188
ANET,2020-12-01,2.30458e+10,18.1605
ANET,2021-01-01,2.43935e+10,19.2225
ANET,2021-02-01,2.22375e+10,17.49
ANET,2021-03-01,2.39895e+10,18.868
ANET,2021-04-01,2.50448e+10,19.698
ANET,2021-05-01,2.70224e+10,21.2112
ANET,2021-06-01,2.88484e+10,22.6445
ANET,2021-07-01,3.0288e+10,23.7745
ANET,2021-08-01,2.94551e+10,23.0955
ANET,2021-09-01,2.73915e+10,21.4775
ANET,2021-10-01,3.26556e+10,25.605
ANET,2021-11-01,3.9654e+10,31.015
ANET,2021-12-01,4.59477e+10,35.9375
ANET,2022-01-01,3.9734e+10,31.0775
ANET,2022-02-01,3.91801e+10,30.6825
ANET,2022-03-01,4.43677e+10,34.745
ANET,2022-04-01,3.68943e+10,28.8925
ANET,2022-05-01,3.2694e+10,25.57
ANET,2022-06-01,2.99642e+10,23.435
ANET,2022-07-01,3.7281e+10,29.1575
ANET,2022-08-01,3.79517e+10,29.97
ANET,2022-09-01,3.57388e+10,28.2225
ANET,2022-10-01,3.8262e+10,30.215
ANET,2022-11-01,4.37961e+10,34.825
ANET,2022-12-01,3.81526e+10,30.3375
ANET,2023-01-01,3.96208e+10,31.505
ANET,2023-02-01,4.38929e+10,34.675
ANET,2023-03-01,5.31208e+10,41.965
ANET,2023-04-01,5.06841e+10,40.04
ANET,2023-05-01,5.24932e+10,41.585
ANET,2023-06-01,5.11426e+10,40.515
ANET,2023-07-01,4.8943e+10,38.7725
ANET,2023-08-01,6.17874e+10,48.8075
ANET,2023-09-01,5.82111e+10,45.9825
ANET,2023-10-01,6.36437e+10,50.0925
ANET,2023-11-01,6.97867e+10,54.9275
ANET,2023-12-01,7.48053e+10,58.8775
ANET,2024-01-01,8.21648e+10,64.67
ANET,2024-02-01,8.80176e+10,69.385
ANET,2024-03-01,9.19628e+10,72.495
ANET,2024-04-01,8.13642e+10,64.14
ANET,2024-05-01,9.52078e+10,74.4125
ANET,2024-06-01,1.12106e+11,87.62
ANET,2024-07-01,1.10869e+11,86.6375
ANET,2024-08-01,1.13054e+11,88.345
ANET,2024-09-01,1.22792e+11,95.955
ANET,2024-10-01,1.2363e+11,96.61
ANET,2024-11-01,1.30044e+11,101.455
ANET,2024-12-01,1.41676e+11,110.53
ANET,2025-01-01,1.47701e+11,115.23
ANET,2025-02-01,1.19204e+11,93.05
ANET,2025-03-01,9.92578e+10,77.48
ANET,2025-04-01,1.05394e+11,82.27
ANET,2025-05-01,1.1083e+11,86.64
ANET,2025-06-01,1.30875e+11,102.31
ANET,2025-07-01,1.57623e+11,123.22
ANET,2025-08-01,1.73582e+11,136.55
ANET,2025-09-01,1.80396e+11,141.91
PANW,2012-12-01,1.19194e+09,8.92
PANW,2013-01-01,1.23292e+09,9.22665
PANW,2013-02-01,1.36144e+09,10.1884
PANW,2013-03-01,1.27635e+09,9.43335
PANW,2013-04-01,1.21997e+09,9.01665
PANW,2013-05-01,1.09414e+09,8.08665
PANW,2013-06-01,9.77758e+08,7.02665
PANW,2013-07-01,1.135e+09,8.15665
PANW,2013-08-01,1.11367e+09,8.00335
PANW,2013-09-01,1.049e+09,7.63665
PANW,2013-10-01,9.65209e+08,7.02665
PANW,2013-11-01,1.14356e+09,8.325
PANW,2013-12-01,1.37317e+09,9.57835
PANW,2014-01-01,1.42048e+09,9.90835
PANW,2014-02-01,1.72786e+09,11.8584
PANW,2014-03-01,1.66594e+09,11.4334
PANW,2014-04-01,1.54401e+09,10.5966
PANW,2014-05-01,1.81916e+09,12.485
PANW,2014-06-01,2.09533e+09,13.975
PANW,2014-07-01,2.0206e+09,13.4766
PANW,2014-08-01,2.12382e+09,14.165
PANW,2014-09-01,2.42932e+09,16.35
PANW,2014-10-01,2.61751e+09,17.6166
PANW,2014-11-01,3.25491e+09,20.5
PANW,2014-12-01,3.24352e+09,20.4283
PANW,2015-01-01,3.34462e+09,21.065
PANW,2015-02-01,3.76353e+09,23.7034
PANW,2015-03-01,3.93558e+09,24.3466
PANW,2015-04-01,3.97977e+09,24.62
PANW,2015-05-01,4.65082e+09,28.2484
PANW,2015-06-01,4.79376e+09,29.1166
PANW,2015-07-01,5.09916e+09,30.9716
PANW,2015-08-01,4.5062e+09,27.37
PANW,2015-09-01,4.67948e+09,28.6666
PANW,2015-10-01,4.38023e+09,26.8334
PANW,2015-11-01,5.31422e+09,31.2234
PANW,2015-12-01,4.99649e+09,29.3566
PANW,2016-01-01,4.24053e+09,24.915
PANW,2016-02-01,4.17959e+09,24.1316
PANW,2016-03-01,4.70931e+09,27.19
PANW,2016-04-01,4.35511e+09,25.145
PANW,2016-05-01,3.81814e+09,21.7434
PANW,2016-06-01,3.58926e+09,20.44
PANW,2016-07-01,3.83071e+09,21.815
PANW,2016-08-01,3.89744e+09,22.195
PANW,2016-09-01,4.62588e+09,26.555
PANW,2016-10-01,4.46621e+09,25.6384
PANW,2016-11-01,4.02214e+09,22.395
PANW,2016-12-01,3.74315e+09,20.8416
PANW,2017-01-01,4.41697e+09,24.5934
PANW,2017-02-01,4.54686e+09,25.3166
PANW,2017-03-01,3.40669e+09,18.78
PANW,2017-04-01,3.27761e+09,18.0684
PANW,2017-05-01,3.58537e+09,19.765
PANW,2017-06-01,4.05889e+09,22.3016
PANW,2017-07-01,3.99732e+09,21.9633
PANW,2017-08-01,4.02493e+09,22.115
PANW,2017-09-01,4.35181e+09,24.0166
PANW,2017-10-01,4.44545e+09,24.5334
PANW,2017-11-01,4.41621e+09,24.2916
PANW,2017-12-01,4.39167e+09,24.1566
PANW,2018-01-01,4.78345e+09,26.3116
PANW,2018-02-01,5.26467e+09,28.895
PANW,2018-03-01,5.51217e+09,30.2534
PANW,2018-04-01,5.84589e+09,32.085
PANW,2018-05-01,6.31899e+09,34.6816
PANW,2018-06-01,6.29423e+09,34.245
PANW,2018-07-01,6.07336e+09,33.0433
PANW,2018-08-01,7.0809e+09,38.525
PANW,2018-09-01,6.88544e+09,37.5433
PANW,2018-10-01,5.59491e+09,30.5066
PANW,2018-11-01,5.40757e+09,28.825
PANW,2018-12-01,5.88906e+09,31.3916
PANW,2019-01-01,6.71672e+09,35.8034
PANW,2019-02-01,7.71646e+09,41.045
PANW,2019-03-01,7.61024e+09,40.48
PANW,2019-04-01,7.79666e+09,41.4716
PANW,2019-05-01,6.29773e+09,33.3566
PANW,2019-06-01,6.41165e+09,33.96
PANW,2019-07-01,7.12845e+09,37.7566
PANW,2019-08-01,6.40723e+09,33.9366
PANW,2019-09-01,6.42063e+09,33.9716
PANW,2019-10-01,7.1628e+09,37.8984
PANW,2019-11-01,7.31648e+09,37.87
PANW,2019-12-01,7.44624e+09,38.5416
PANW,2020-01-01,7.55992e+09,39.13
PANW,2020-02-01,6.04938e+09,30.77
PANW,2020-03-01,5.37241e+09,27.3266
PANW,2020-04-01,6.43896e+09,32.7516
PANW,2020-05-01,7.58352e+09,39.2116
PANW,2020-06-01,7.40304e+09,38.2784
PANW,2020-07-01,8.24917e+09,42.6534
PANW,2020-08-01,8.29717e+09,42.9016
PANW,2020-09-01,7.90541e+09,40.7916
PANW,2020-10-01,7.14444e+09,36.865
PANW,2020-11-01,9.35644e+09,48.9866
PANW,2020-12-01,1.13132e+10,59.2315
PANW,2021-01-01,1.11656e+10,58.4585
PANW,2021-02-01,1.1454e+10,59.7185
PANW,2021-03-01,1.02952e+10,53.6765
PANW,2021-04-01,1.12967e+10,58.8985
PANW,2021-05-01,1.17329e+10,60.5415
PANW,2021-06-01,1.19849e+10,61.8415
PANW,2021-07-01,1.28893e+10,66.5085
PANW,2021-08-01,1.48916e+10,76.84
PANW,2021-09-01,1.53919e+10,79.8335
PANW,2021-10-01,1.63588e+10,84.8485
PANW,2021-11-01,1.77937e+10,91.1565
PANW,2021-12-01,1.81133e+10,92.7935
PANW,2022-01-01,1.68328e+10,86.2335
PANW,2022-02-01,1.94518e+10,99.0415
PANW,2022-03-01,2.03769e+10,103.752
PANW,2022-04-01,1.83725e+10,93.5465
PANW,2022-05-01,1.65749e+10,83.7965
PANW,2022-06-01,1.62836e+10,82.3235
PANW,2022-07-01,1.64537e+10,83.1835
PANW,2022-08-01,1.83561e+10,92.8015
PANW,2022-09-01,1.61333e+10,81.895
PANW,2022-10-01,1.69016e+10,85.795
PANW,2022-11-01,5.74942e+10,84.95
PANW,2022-12-01,4.72203e+10,69.77
PANW,2023-01-01,5.36838e+10,79.32
PANW,2023-02-01,6.24635e+10,94.185
PANW,2023-03-01,6.62338e+10,99.87
PANW,2023-04-01,6.05037e+10,91.23
PANW,2023-05-01,7.35555e+10,106.695
PANW,2023-06-01,8.80743e+10,127.755
PANW,2023-07-01,8.61612e+10,124.98
PANW,2023-08-01,8.38655e+10,121.65
PANW,2023-09-01,8.02488e+10,117.22
PANW,2023-10-01,8.31857e+10,121.51
PANW,2023-11-01,1.03222e+11,147.545
PANW,2023-12-01,1.03149e+11,147.44
PANW,2024-01-01,1.18411e+11,169.255
PANW,2024-02-01,1.11022e+11,155.275
PANW,2024-03-01,1.01576e+11,142.065
PANW,2024-04-01,1.03993e+11,145.445
PANW,2024-05-01,1.04575e+11,147.455
PANW,2024-06-01,1.20213e+11,169.505
PANW,2024-07-01,1.15149e+11,162.365
PANW,2024-08-01,1.28621e+11,181.36
PANW,2024-09-01,1.20997e+11,170.9
PANW,2024-10-01,1.27557e+11,180.165
PANW,2024-11-01,1.37482e+11,193.91
PANW,2024-12-01,1.2901e+11,181.96
PANW,2025-01-01,1.30754e+11,184.42
PANW,2025-02-01,1.35015e+11,190.43
PANW,2025-03-01,1.20984e+11,170.64
PANW,2025-04-01,1.32533e+11,186.93
PANW,2025-05-01,1.36118e+11,192.42
PANW,2025-06-01,1.44762e+11,204.64
PANW,2025-07-01,1.22805e+11,173.6
PANW,2025-08-01,1.35136e+11,190.52
PANW,2025-09-01,1.40122e+11,197.55
FTNT,2011-08-01,3.13516e+09,3.826
FTNT,2011-09-01,2.7533e+09,3.36
FTNT,2011-10-01,3.77923e+09,4.612
FTNT,2011-11-01,3.93122e+09,4.798
FTNT,2011-12-01,3.57398e+09,4.362
FTNT,2012-01-01,3.73785e+09,4.562
FTNT,2012-02-01,4.43266e+09,5.41
FTNT,2012-03-01,4.52854e+09,5.53
FTNT,2012-04-01,4.27796e+09,5.224
FTNT,2012-05-01,3.52221e+09,4.25
FTNT,2012-06-01,3.84874e+09,4.644
FTNT,2012-07-01,3.97968e+09,4.802
FTNT,2012-08-01,4.40228e+09,5.302
FTNT,2012-09-01,4.00539e+09,4.824
FTNT,2012-10-01,3.23074e+09,3.874
FTNT,2012-11-01,3.33248e+09,3.996
FTNT,2012-12-01,3.50595e+09,4.204
FTNT,2013-01-01,3.9346e+09,4.718
FTNT,2013-02-01,4.021e+09,4.835
FTNT,2013-03-01,3.93867e+09,4.736
FTNT,2013-04-01,2.98727e+09,3.592
FTNT,2013-05-01,3.23227e+09,3.852
FTNT,2013-06-01,2.9369e+09,3.5
FTNT,2013-07-01,3.56624e+09,4.25
FTNT,2013-08-01,3.32723e+09,3.96
FTNT,2013-09-01,3.40453e+09,4.052
FTNT,2013-10-01,3.38269e+09,4.026
FTNT,2013-11-01,2.88419e+09,3.42
FTNT,2013-12-01,3.22658e+09,3.826
FTNT,2014-01-01,3.57572e+09,4.24
FTNT,2014-02-01,3.90462e+09,4.63
FTNT,2014-03-01,3.70507e+09,4.406
FTNT,2014-04-01,3.69666e+09,4.396
FTNT,2014-05-01,3.77752e+09,4.494
FTNT,2014-06-01,4.2247e+09,5.026
FTNT,2014-07-01,4.1272e+09,4.91
FTNT,2014-08-01,4.34498e+09,5.162
FTNT,2014-09-01,4.25324e+09,5.053
FTNT,2014-10-01,4.38539e+09,5.21
FTNT,2014-11-01,4.67768e+09,5.512
FTNT,2014-12-01,5.20383e+09,6.132
FTNT,2015-01-01,5.07399e+09,5.979
FTNT,2015-02-01,5.70452e+09,6.722
FTNT,2015-03-01,5.91665e+09,6.99
FTNT,2015-04-01,6.38897e+09,7.548
FTNT,2015-05-01,6.95922e+09,8.012
FTNT,2015-06-01,7.17985e+09,8.266
FTNT,2015-07-01,8.29339e+09,9.548
FTNT,2015-08-01,7.4265e+09,8.428
FTNT,2015-09-01,7.48642e+09,8.496
FTNT,2015-10-01,6.0554e+09,6.872
FTNT,2015-11-01,6.40785e+09,7.204
FTNT,2015-12-01,5.54505e+09,6.234
FTNT,2016-01-01,5.00602e+09,5.628
FTNT,2016-02-01,5.0024e+09,5.68
FTNT,2016-03-01,5.3952e+09,6.126
FTNT,2016-04-01,5.72634e+09,6.502
FTNT,2016-05-01,5.8754e+09,6.842
FTNT,2016-06-01,5.42542e+09,6.318
FTNT,2016-07-01,5.95783e+09,6.938
FTNT,2016-08-01,6.21879e+09,7.228
FTNT,2016-09-01,6.35301e+09,7.384
FTNT,2016-10-01,5.51672e+09,6.412
FTNT,2016-11-01,5.35593e+09,6.02
FTNT,2016-12-01,5.35949e+09,6.024
FTNT,2017-01-01,5.91822e+09,6.652
FTNT,2017-02-01,6.64598e+09,7.47
FTNT,2017-03-01,6.76256e+09,7.67
FTNT,2017-04-01,6.87718e+09,7.8
FTNT,2017-05-01,7.01346e+09,7.868
FTNT,2017-06-01,6.67473e+09,7.488
FTNT,2017-07-01,6.58024e+09,7.382
FTNT,2017-08-01,6.86458e+09,7.64
FTNT,2017-09-01,6.44048e+09,7.168
FTNT,2017-10-01,7.08202e+09,7.882
FTNT,2017-11-01,7.5276e+09,8.412
FTNT,2017-12-01,7.82112e+09,8.74
FTNT,2018-01-01,8.23992e+09,9.208
FTNT,2018-02-01,8.98765e+09,10.094
FTNT,2018-03-01,9.54147e+09,10.716
FTNT,2018-04-01,9.85845e+09,11.072
FTNT,2018-05-01,1.05107e+10,12.236
FTNT,2018-06-01,1.07255e+10,12.486
FTNT,2018-07-01,1.08079e+10,12.582
FTNT,2018-08-01,1.45324e+10,16.752
FTNT,2018-09-01,1.60088e+10,18.454
FTNT,2018-10-01,1.42582e+10,16.436
FTNT,2018-11-01,1.29737e+10,14.768
FTNT,2018-12-01,1.23746e+10,14.086
FTNT,2019-01-01,1.34533e+10,15.314
FTNT,2019-02-01,1.51188e+10,17.358
FTNT,2019-03-01,1.46276e+10,16.794
FTNT,2019-04-01,1.62738e+10,18.684
FTNT,2019-05-01,1.26695e+10,14.496
FTNT,2019-06-01,1.34299e+10,15.366
FTNT,2019-07-01,1.40382e+10,16.062
FTNT,2019-08-01,1.38644e+10,15.836
FTNT,2019-09-01,1.34407e+10,15.352
FTNT,2019-10-01,1.42567e+10,16.312
FTNT,2019-11-01,1.83732e+10,21.022
FTNT,2019-12-01,1.86616e+10,21.352
FTNT,2020-01-01,2.01649e+10,23.072
FTNT,2020-02-01,1.78605e+10,20.412
FTNT,2020-03-01,1.77048e+10,20.234
FTNT,2020-04-01,1.88545e+10,21.548
FTNT,2020-05-01,2.42486e+10,27.84
FTNT,2020-06-01,2.39124e+10,27.454
FTNT,2020-07-01,2.40919e+10,27.66
FTNT,2020-08-01,2.18336e+10,26.401
FTNT,2020-09-01,1.94858e+10,23.562
FTNT,2020-10-01,1.82552e+10,22.074
FTNT,2020-11-01,2.04069e+10,24.646
FTNT,2020-12-01,2.45966e+10,29.706
FTNT,2021-01-01,2.39706e+10,28.95
FTNT,2021-02-01,2.83161e+10,33.77
FTNT,2021-03-01,3.09272e+10,36.884
FTNT,2021-04-01,3.42494e+10,40.846
FTNT,2021-05-01,3.63651e+10,43.708
FTNT,2021-06-01,3.96348e+10,47.638
FTNT,2021-07-01,4.53007e+10,54.448
FTNT,2021-08-01,5.26599e+10,63.028
FTNT,2021-09-01,4.87999e+10,58.408
FTNT,2021-10-01,5.62024e+10,67.268
FTNT,2021-11-01,5.56948e+10,66.422
FTNT,2021-12-01,6.02714e+10,71.88
FTNT,2022-01-01,4.98471e+10,59.448
FTNT,2022-02-01,5.75693e+10,68.904
FTNT,2022-03-01,5.71048e+10,68.348
FTNT,2022-04-01,4.82936e+10,57.802
FTNT,2022-05-01,4.82978e+10,58.828
FTNT,2022-06-01,4.64522e+10,56.58
FTNT,2022-07-01,4.89726e+10,59.65
FTNT,2022-08-01,3.94438e+10,48.69
FTNT,2022-09-01,3.98002e+10,49.13
FTNT,2022-10-01,4.63053e+10,57.16
FTNT,2022-11-01,4.24536e+10,53.16
FTNT,2022-12-01,3.90436e+10,48.89
FTNT,2023-01-01,4.17987e+10,52.34
FTNT,2023-02-01,4.7867e+10,59.44
FTNT,2023-03-01,5.35202e+10,66.46
FTNT,2023-04-01,5.07742e+10,63.05
FTNT,2023-05-01,5.4213e+10,68.33
FTNT,2023-06-01,5.99731e+10,75.59
FTNT,2023-07-01,6.1663e+10,77.72
FTNT,2023-08-01,4.79211e+10,60.21
FTNT,2023-09-01,4.67034e+10,58.68
FTNT,2023-10-01,4.55016e+10,57.17
FTNT,2023-11-01,4.15855e+10,52.56
FTNT,2023-12-01,4.63089e+10,58.53
FTNT,2024-01-01,5.10245e+10,64.49
FTNT,2024-02-01,5.44725e+10,69.11
FTNT,2024-03-01,5.38419e+10,68.31
FTNT,2024-04-01,4.97985e+10,63.18
FTNT,2024-05-01,4.57061e+10,59.32
FTNT,2024-06-01,4.6438e+10,60.27
FTNT,2024-07-01,4.47198e+10,58.04
FTNT,2024-08-01,5.9059e+10,76.71
FTNT,2024-09-01,5.97057e+10,77.55
FTNT,2024-10-01,6.05603e+10,78.66
FTNT,2024-11-01,7.33691e+10,95.05
FTNT,2024-12-01,7.29291e+10,94.48
FTNT,2025-01-01,7.78693e+10,100.88
FTNT,2025-02-01,8.33729e+10,108.01
FTNT,2025-03-01,7.43031e+10,96.26
FTNT,2025-04-01,8.00923e+10,103.76
FTNT,2025-05-01,7.90627e+10,101.78
FTNT,2025-06-01,8.21233e+10,105.72
FTNT,2025-07-01,7.76023e+10,99.9
FTNT,2025-08-01,6.08656e+10,78.77
FTNT,2025-09-01,6.16924e+10,79.84
HPE,2015-12-01,2.93555e+10,16.0063
HPE,2016-01-01,2.63874e+10,14.3879
HPE,2016-02-01,2.54479e+10,13.8756
HPE,2016-03-01,3.3083e+10,18.6069
HPE,2016-04-01,3.09811e+10,17.4247
HPE,2016-05-01,3.4348e+10,19.3184
HPE,2016-06-01,3.35615e+10,19.167
HPE,2016-07-01,3.84948e+10,21.9845
HPE,2016-08-01,3.93409e+10,22.4677
HPE,2016-09-01,4.08102e+10,23.796
HPE,2016-10-01,4.03978e+10,23.5556
HPE,2016-11-01,4.27938e+10,24.9527
HPE,2016-12-01,4.22984e+10,24.3234
HPE,2017-01-01,4.12323e+10,23.7104
HPE,2017-02-01,4.14889e+10,23.8579
HPE,2017-03-01,4.22487e+10,24.8522
HPE,2017-04-01,3.31297e+10,19.4881
HPE,2017-05-01,3.34482e+10,19.6754
HPE,2017-06-01,2.88777e+10,17.4172
HPE,2017-07-01,3.03596e+10,18.311
HPE,2017-08-01,3.13185e+10,18.8893
HPE,2017-09-01,2.57835e+10,15.467
HPE,2017-10-01,2.43973e+10,14.6355
HPE,2017-11-01,2.4452e+10,14.6683
HPE,2017-12-01,2.52927e+10,15.1726
HPE,2018-01-01,2.85983e+10,17.1555
HPE,2018-02-01,3.24158e+10,19.4456
HPE,2018-03-01,2.9813e+10,18.4145
HPE,2018-04-01,2.88043e+10,17.7914
HPE,2018-05-01,2.57528e+10,15.9066
HPE,2018-06-01,2.42884e+10,15.353
HPE,2018-07-01,2.54817e+10,16.1073
HPE,2018-08-01,2.72746e+10,17.2406
HPE,2018-09-01,2.62214e+10,17.127
HPE,2018-10-01,2.43578e+10,15.9097
HPE,2018-11-01,2.39581e+10,15.6487
HPE,2018-12-01,2.02619e+10,13.8875
HPE,2019-01-01,2.37173e+10,16.2559
HPE,2019-02-01,2.49193e+10,17.0797
HPE,2019-03-01,2.28741e+10,16.1998
HPE,2019-04-01,2.32782e+10,16.486
HPE,2019-05-01,1.97713e+10,14.3063
HPE,2019-06-01,2.1709e+10,15.7084
HPE,2019-07-01,2.07173e+10,14.9908
HPE,2019-08-01,1.92289e+10,14.4144
HPE,2019-09-01,2.12684e+10,15.9433
HPE,2019-10-01,2.28327e+10,17.116
HPE,2019-11-01,2.20253e+10,16.5107
HPE,2019-12-01,2.27704e+10,16.6694
HPE,2020-01-01,1.98534e+10,14.534
HPE,2020-02-01,1.82273e+10,13.3436
HPE,2020-03-01,1.34673e+10,10.2413
HPE,2020-04-01,1.37889e+10,10.4858
HPE,2020-05-01,1.33095e+10,10.1213
HPE,2020-06-01,1.32313e+10,10.2489
HPE,2020-07-01,1.34207e+10,10.3956
HPE,2020-08-01,1.31493e+10,10.1854
HPE,2020-09-01,1.29928e+10,9.99448
HPE,2020-10-01,1.19808e+10,9.21597
HPE,2020-11-01,1.53069e+10,11.7746
HPE,2020-12-01,1.65206e+10,12.7671
HPE,2021-01-01,1.70418e+10,13.1698
HPE,2021-02-01,2.01092e+10,15.5403
HPE,2021-03-01,2.22702e+10,16.9355
HPE,2021-04-01,2.25062e+10,17.115
HPE,2021-05-01,2.24208e+10,17.0501
HPE,2021-06-01,2.08927e+10,15.697
HPE,2021-07-01,2.06165e+10,15.4894
HPE,2021-08-01,2.19816e+10,16.5151
HPE,2021-09-01,2.05362e+10,15.3485
HPE,2021-10-01,2.09474e+10,15.6558
HPE,2021-11-01,2.05194e+10,15.3359
HPE,2021-12-01,2.25883e+10,16.9837
HPE,2022-01-01,2.32255e+10,17.4628
HPE,2022-02-01,2.26424e+10,17.0243
HPE,2022-03-01,2.38518e+10,18.0014
HPE,2022-04-01,2.18496e+10,16.4903
HPE,2022-05-01,2.2119e+10,16.6936
HPE,2022-06-01,1.90134e+10,14.3065
HPE,2022-07-01,2.02473e+10,15.235
HPE,2022-08-01,1.93372e+10,14.5502
HPE,2022-09-01,1.71107e+10,12.9332
HPE,2022-10-01,2.01923e+10,15.2625
HPE,2022-11-01,2.3744e+10,17.9471
HPE,2022-12-01,2.27334e+10,17.1962
HPE,2023-01-01,2.28152e+10,17.2581
HPE,2023-02-01,2.20797e+10,16.7017
HPE,2023-03-01,2.2413e+10,17.0441
HPE,2023-04-01,2.00059e+10,15.2136
HPE,2023-05-01,2.01456e+10,15.3199
HPE,2023-06-01,2.35242e+10,17.8484
HPE,2023-07-01,2.41727e+10,18.3405
HPE,2023-08-01,2.36303e+10,17.9289
HPE,2023-09-01,2.41222e+10,18.3299
HPE,2023-10-01,2.12188e+10,16.1237
HPE,2023-11-01,2.33296e+10,17.7277
HPE,2023-12-01,2.34262e+10,17.8011
HPE,2024-01-01,2.09405e+10,15.9123
HPE,2024-02-01,2.08584e+10,15.8498
HPE,2024-03-01,2.42823e+10,18.4516
HPE,2024-04-01,2.31185e+10,17.5672
HPE,2024-05-01,2.40024e+10,18.2389
HPE,2024-06-01,2.89862e+10,21.8764
HPE,2024-07-01,2.7099e+10,20.452
HPE,2024-08-01,2.6364e+10,19.8973
HPE,2024-09-01,2.79947e+10,21.017
HPE,2024-10-01,2.65025e+10,19.8968
HPE,2024-11-01,2.8855e+10,21.6629
HPE,2024-12-01,2.91407e+10,21.7956
HPE,2025-01-01,2.87498e+10,21.5032
HPE,2025-02-01,2.68775e+10,20.1028
HPE,2025-03-01,2.20622e+10,15.6581
HPE,2025-04-01,2.29993e+10,16.3231
HPE,2025-05-01,2.45023e+10,17.3898
HPE,2025-06-01,2.72068e+10,20.58
HPE,2025-07-01,2.73522e+10,20.69
HPE,2025-08-01,2.98375e+10,22.57
HPE,2025-09-01,3.39335e+10,23.88
DELL,2022-03-01,4.19235e+10,53.0006
DELL,2022-04-01,3.9296e+10,49.6789
DELL,2022-05-01,4.17452e+10,52.7752
DELL,2022-06-01,3.80901e+10,48.8334
DELL,2022-07-01,3.71771e+10,47.663
DELL,2022-08-01,3.15915e+10,40.5019
DELL,2022-09-01,2.72887e+10,36.144
DELL,2022-10-01,3.06805e+10,40.6365
DELL,2022-11-01,3.5786e+10,47.3986
DELL,2022-12-01,3.16239e+10,42.5625
DELL,2023-01-01,3.19384e+10,42.9858
DELL,2023-02-01,3.17088e+10,42.6768
DELL,2023-03-01,3.17956e+10,42.2252
DELL,2023-04-01,3.43892e+10,45.6696
DELL,2023-05-01,3.51459e+10,46.6745
DELL,2023-06-01,4.15384e+10,56.3615
DELL,2023-07-01,4.06249e+10,55.122
DELL,2023-08-01,4.28838e+10,58.1869
DELL,2023-09-01,5.26085e+10,71.2852
DELL,2023-10-01,5.1089e+10,69.2263
DELL,2023-11-01,5.76208e+10,78.0769
DELL,2023-12-01,5.82567e+10,78.7252
DELL,2024-01-01,6.31152e+10,85.2908
DELL,2024-02-01,7.17733e+10,96.9909
DELL,2024-03-01,8.65207e+10,116.92
DELL,2024-04-01,9.45047e+10,127.709
DELL,2024-05-01,1.05449e+11,142.498
DELL,2024-06-01,1.02371e+11,140.813
DELL,2024-07-01,8.43853e+10,116.073
DELL,2024-08-01,8.54372e+10,117.52
DELL,2024-09-01,8.72939e+10,120.572
DELL,2024-10-01,9.10422e+10,125.749
DELL,2024-11-01,9.36259e+10,129.318
DELL,2024-12-01,8.37458e+10,116.8
DELL,2025-01-01,7.50001e+10,104.603
DELL,2025-02-01,7.4392e+10,103.755
DELL,2025-03-01,6.62632e+10,92.0322
DELL,2025-04-01,6.67066e+10,92.6481
DELL,2025-05-01,8.04314e+10,111.71
DELL,2025-06-01,8.64057e+10,123.085
DELL,2025-07-01,9.35169e+10,133.215
DELL,2025-08-01,8.57493e+10,122.15
DELL,2025-09-01,8.32049e+10,121.29
NTAP,2010-09-01,1.95607e+10,52.2594
NTAP,2010-10-01,2.09195e+10,55.8897
NTAP,2010-11-01,2.00066e+10,53.4508
NTAP,2010-12-01,2.25943e+10,57.6826
NTAP,2011-01-01,2.25005e+10,57.4431
NTAP,2011-02-01,2.12372e+10,54.2179
NTAP,2011-03-01,2.05275e+10,50.5356
NTAP,2011-04-01,2.22153e+10,54.6905
NTAP,2011-05-01,2.33498e+10,57.4836
NTAP,2011-06-01,2.18084e+10,55.3935
NTAP,2011-07-01,1.96354e+10,49.874
NTAP,2011-08-01,1.55441e+10,39.482
NTAP,2011-09-01,1.44408e+10,35.6123
NTAP,2011-10-01,1.74329e+10,42.9911
NTAP,2011-11-01,1.56752e+10,38.6565
NTAP,2011-12-01,1.43145e+10,38.0706
NTAP,2012-01-01,1.48922e+10,39.6069
NTAP,2012-02-01,1.69681e+10,45.1279
NTAP,2012-03-01,1.75587e+10,46.986
NTAP,2012-04-01,1.52283e+10,40.7502
NTAP,2012-05-01,1.16719e+10,31.2333
NTAP,2012-06-01,1.28351e+10,33.3986
NTAP,2012-07-01,1.31759e+10,34.2854
NTAP,2012-08-01,1.34488e+10,36.2307
NTAP,2012-09-01,1.28118e+10,34.5145
NTAP,2012-10-01,1.0485e+10,28.2462
NTAP,2012-11-01,1.22538e+10,33.2802
NTAP,2012-12-01,1.29662e+10,35.2151
NTAP,2013-01-01,1.39116e+10,37.7828
NTAP,2013-02-01,1.29536e+10,35.5184
NTAP,2013-03-01,1.30756e+10,35.8531
NTAP,2013-04-01,1.33534e+10,36.6149
NTAP,2013-05-01,1.43635e+10,39.3844
NTAP,2013-06-01,1.46458e+10,39.7984
NTAP,2013-07-01,1.58829e+10,43.16
NTAP,2013-08-01,1.57508e+10,43.7643
NTAP,2013-09-01,1.61616e+10,44.9059
NTAP,2013-10-01,1.47229e+10,40.9084
NTAP,2013-11-01,1.51775e+10,43.476
NTAP,2013-12-01,1.51387e+10,43.3649
NTAP,2014-01-01,1.55239e+10,44.4684
NTAP,2014-02-01,1.46952e+10,42.447
NTAP,2014-03-01,1.34181e+10,38.7583
NTAP,2014-04-01,1.29521e+10,37.4122
NTAP,2014-05-01,1.34622e+10,38.8855
NTAP,2014-06-01,1.33488e+10,38.3697
NTAP,2014-07-01,1.41992e+10,40.814
NTAP,2014-08-01,1.45779e+10,44.2962
NTAP,2014-09-01,1.48567e+10,45.1435
NTAP,2014-10-01,1.48087e+10,44.9976
NTAP,2014-11-01,1.44702e+10,44.7301
NTAP,2014-12-01,1.40971e+10,43.5767
NTAP,2015-01-01,1.28599e+10,39.7524
NTAP,2015-02-01,1.2889e+10,40.6466
NTAP,2015-03-01,1.18256e+10,37.293
NTAP,2015-04-01,1.20908e+10,38.1294
NTAP,2015-05-01,1.11406e+10,35.1328
NTAP,2015-06-01,1.06467e+10,33.1982
NTAP,2015-07-01,1.05108e+10,32.7746
NTAP,2015-08-01,1.07843e+10,33.6273
NTAP,2015-09-01,9.46866e+09,31.1469
NTAP,2015-10-01,1.08742e+10,35.7705
NTAP,2015-11-01,9.80644e+09,32.258
NTAP,2015-12-01,8.26216e+09,27.9127
NTAP,2016-01-01,6.83401e+09,23.0879
NTAP,2016-02-01,7.73994e+09,26.1484
NTAP,2016-03-01,8.50412e+09,28.7302
NTAP,2016-04-01,7.37104e+09,24.9022
NTAP,2016-05-01,7.95675e+09,26.8809
NTAP,2016-06-01,7.69363e+09,25.9045
NTAP,2016-07-01,8.24453e+09,27.7594
NTAP,2016-08-01,1.08226e+10,36.4399
NTAP,2016-09-01,1.06415e+10,37.736
NTAP,2016-10-01,1.00869e+10,35.7693
NTAP,2016-11-01,1.08657e+10,38.531
NTAP,2016-12-01,1.05569e+10,37.172
NTAP,2017-01-01,1.14717e+10,40.3933
NTAP,2017-02-01,1.23905e+10,44.0942
NTAP,2017-03-01,1.23963e+10,44.1148
NTAP,2017-04-01,1.18077e+10,42.0203
NTAP,2017-05-01,1.19971e+10,42.6945
NTAP,2017-06-01,1.18674e+10,42.2326
NTAP,2017-07-01,1.287e+10,45.8008
NTAP,2017-08-01,1.13363e+10,40.778
NTAP,2017-09-01,1.28321e+10,46.1585
NTAP,2017-10-01,1.30274e+10,46.8611
NTAP,2017-11-01,1.63976e+10,59.6278
NTAP,2017-12-01,1.60489e+10,58.3596
NTAP,2018-01-01,1.78437e+10,64.8862
NTAP,2018-02-01,1.71204e+10,63.8822
NTAP,2018-03-01,1.74432e+10,65.0864
NTAP,2018-04-01,1.88281e+10,70.2539
NTAP,2018-05-01,1.93201e+10,72.0899
NTAP,2018-06-01,2.28712e+10,82.8667
NTAP,2018-07-01,2.2584e+10,81.8261
NTAP,2018-08-01,2.46495e+10,91.6339
NTAP,2018-09-01,2.43879e+10,90.6612
NTAP,2018-10-01,2.22923e+10,82.8712
NTAP,2018-11-01,1.86395e+10,70.6042
NTAP,2018-12-01,1.66326e+10,63.0023
NTAP,2019-01-01,1.77801e+10,67.3489
NTAP,2019-02-01,1.75597e+10,68.8617
NTAP,2019-03-01,1.86744e+10,73.2329
NTAP,2019-04-01,1.96217e+10,76.9479
NTAP,2019-05-01,1.5944e+10,62.5254
NTAP,2019-06-01,1.68786e+10,65.1683
NTAP,2019-07-01,1.60067e+10,61.8018
NTAP,2019-08-01,1.234e+10,50.7819
NTAP,2019-09-01,1.34826e+10,55.484
NTAP,2019-10-01,1.43577e+10,59.0852
NTAP,2019-11-01,1.51192e+10,64.0646
NTAP,2019-12-01,1.55335e+10,65.8198
NTAP,2020-01-01,1.33302e+10,56.4838
NTAP,2020-02-01,1.13175e+10,49.4212
NTAP,2020-03-01,1.00983e+10,44.0975
NTAP,2020-04-01,1.06146e+10,46.352
NTAP,2020-05-01,1.08011e+10,47.1664
NTAP,2020-06-01,1.09482e+10,46.9879
NTAP,2020-07-01,1.09392e+10,46.9494
NTAP,2020-08-01,1.11495e+10,50.2231
NTAP,2020-09-01,1.03146e+10,46.4622
NTAP,2020-10-01,1.03305e+10,46.5337
NTAP,2020-11-01,1.25478e+10,56.5218
NTAP,2020-12-01,1.57322e+10,70.2329
NTAP,2021-01-01,1.57875e+10,70.4798
NTAP,2021-02-01,1.4875e+10,66.4062
NTAP,2021-03-01,1.74995e+10,77.0901
NTAP,2021-04-01,1.79909e+10,79.255
NTAP,2021-05-01,1.86364e+10,82.0986
NTAP,2021-06-01,1.96216e+10,86.8213
NTAP,2021-07-01,1.90927e+10,84.4811
NTAP,2021-08-01,2.13332e+10,94.3948
NTAP,2021-09-01,2.1818e+10,95.275
NTAP,2021-10-01,2.17128e+10,94.8158
NTAP,2021-11-01,2.16104e+10,94.3687
NTAP,2021-12-01,2.23669e+10,97.6722
NTAP,2022-01-01,2.10402e+10,91.8786
NTAP,2022-02-01,1.90629e+10,83.2443
NTAP,2022-03-01,2.01865e+10,88.1508
NTAP,2022-04-01,1.78259e+10,77.8422
NTAP,2022-05-01,1.75095e+10,76.4606
NTAP,2022-06-01,1.58766e+10,69.3299
NTAP,2022-07-01,1.73706e+10,75.854
NTAP,2022-08-01,1.71819e+10,76.7047
NTAP,2022-09-01,1.47331e+10,65.7727
NTAP,2022-10-01,1.64979e+10,73.6515
NTAP,2022-11-01,1.61026e+10,71.8865
NTAP,2022-12-01,1.4049e+10,63.8589
NTAP,2023-01-01,1.53709e+10,69.8678
NTAP,2023-02-01,1.4981e+10,68.0955
NTAP,2023-03-01,1.47512e+10,67.3571
NTAP,2023-04-01,1.44216e+10,65.8519
NTAP,2023-05-01,1.5215e+10,69.4748
NTAP,2023-06-01,1.75996e+10,79.9981
NTAP,2023-07-01,1.78582e+10,81.1734
NTAP,2023-08-01,1.7239e+10,79.8103
NTAP,2023-09-01,1.70547e+10,78.957
NTAP,2023-10-01,1.62544e+10,75.2518
NTAP,2023-11-01,1.99382e+10,94.4938
NTAP,2023-12-01,1.92335e+10,91.1541
NTAP,2024-01-01,1.89197e+10,89.6669
NTAP,2024-02-01,1.93363e+10,91.6413
NTAP,2024-03-01,2.27753e+10,107.94
NTAP,2024-04-01,2.20737e+10,104.615
NTAP,2024-05-01,2.60086e+10,123.263
NTAP,2024-06-01,2.80799e+10,131.83
NTAP,2024-07-01,2.75739e+10,129.455
NTAP,2024-08-01,2.60914e+10,123.073
NTAP,2024-09-01,2.66944e+10,125.917
NTAP,2024-10-01,2.48192e+10,117.072
NTAP,2024-11-01,2.61479e+10,124.514
NTAP,2024-12-01,2.47493e+10,117.854
NTAP,2025-01-01,2.59179e+10,123.419
NTAP,2025-02-01,2.09847e+10,100.888
NTAP,2025-03-01,1.8468e+10,88.7887
NTAP,2025-04-01,1.87591e+10,90.188
NTAP,2025-05-01,2.07259e+10,99.6439
NTAP,2025-06-01,2.23776e+10,107.07
NTAP,2025-07-01,2.17632e+10,104.13
NTAP,2025-08-01,2.28964e+10,112.79
NTAP,2025-09-01,2.49934e+10,123.12
GLW,2009-07-01,2.78525e+10,17.9694
GLW,2009-08-01,2.47008e+10,15.936
GLW,2009-09-01,2.50036e+10,16.1314
GLW,2009-10-01,2.38521e+10,15.3885
GLW,2009-11-01,2.72378e+10,17.5728
GLW,2009-12-01,3.1439e+10,20.2833
GLW,2010-01-01,2.94391e+10,18.993
GLW,2010-02-01,2.87088e+10,18.5218
GLW,2010-03-01,3.28178e+10,21.1727
GLW,2010-04-01,3.13576e+10,20.1656
GLW,2010-05-01,2.83952e+10,18.2606
GLW,2010-06-01,2.62328e+10,16.87
GLW,2010-07-01,2.94943e+10,18.9309
GLW,2010-08-01,2.55319e+10,16.3876
GLW,2010-09-01,2.96675e+10,19.0421
GLW,2010-10-01,2.96675e+10,19.0421
GLW,2010-11-01,2.86429e+10,18.3962
GLW,2010-12-01,3.12498e+10,20.0705
GLW,2011-01-01,3.59276e+10,23.0749
GLW,2011-02-01,3.74028e+10,24.0069
GLW,2011-03-01,3.33851e+10,21.4281
GLW,2011-04-01,3.40485e+10,21.7562
GLW,2011-05-01,3.28451e+10,20.9873
GLW,2011-06-01,2.95218e+10,18.8638
GLW,2011-07-01,2.59237e+10,16.533
GLW,2011-08-01,2.45811e+10,15.6767
GLW,2011-09-01,2.01408e+10,12.8449
GLW,2011-10-01,2.35819e+10,14.85
GLW,2011-11-01,2.201e+10,13.8602
GLW,2011-12-01,2.14147e+10,13.4853
GLW,2012-01-01,2.12295e+10,13.3687
GLW,2012-02-01,2.15447e+10,13.61
GLW,2012-03-01,2.31437e+10,14.6202
GLW,2012-04-01,2.27975e+10,14.9003
GLW,2012-05-01,2.07595e+10,13.5683
GLW,2012-06-01,2.05494e+10,13.431
GLW,2012-07-01,17992.6,11.8528
GLW,2012-08-01,19028.9,12.5355
GLW,2012-09-01,20744.4,13.6656
GLW,2012-10-01,1.82407e+10,12.2093
GLW,2012-11-01,1.91445e+10,12.8142
GLW,2012-12-01,1.96065e+10,13.1235
GLW,2013-01-01,1.8643e+10,12.4786
GLW,2013-02-01,1.97296e+10,13.2059
GLW,2013-03-01,2.07192e+10,13.8683
GLW,2013-04-01,2.23418e+10,15.0856
GLW,2013-05-01,2.38272e+10,16.0886
GLW,2013-06-01,2.19313e+10,14.8085
GLW,2013-07-01,2.33583e+10,15.804
GLW,2013-08-01,2.17493e+10,14.7154
GLW,2013-09-01,2.24452e+10,15.1862
GLW,2013-10-01,2.60204e+10,17.7857
GLW,2013-11-01,2.61649e+10,17.8844
GLW,2013-12-01,2.71453e+10,18.5546
GLW,2014-01-01,2.62161e+10,17.9194
GLW,2014-02-01,2.94852e+10,20.1677
GLW,2014-03-01,3.16968e+10,21.6804
GLW,2014-04-01,2.98396e+10,21.7808
GLW,2014-05-01,3.05299e+10,22.2846
GLW,2014-06-01,3.13222e+10,22.8629
GLW,2014-07-01,2.69167e+10,20.469
GLW,2014-08-01,2.87108e+10,21.8333
GLW,2014-09-01,2.65006e+10,20.1526
GLW,2014-10-01,3.00322e+10,21.2843
GLW,2014-11-01,3.10541e+10,22.0086
GLW,2014-12-01,3.35313e+10,23.7642
GLW,2015-01-01,3.47592e+10,24.6345
GLW,2015-02-01,3.62599e+10,25.4099
GLW,2015-03-01,3.37022e+10,23.6175
GLW,2015-04-01,3.11085e+10,21.7999
GLW,2015-05-01,3.05419e+10,21.9096
GLW,2015-06-01,2.86504e+10,20.5527
GLW,2015-07-01,2.66771e+10,19.4581
GLW,2015-08-01,2.47559e+10,18.0568
GLW,2015-09-01,2.44681e+10,17.8469
GLW,2015-10-01,2.36115e+10,19.3855
GLW,2015-11-01,2.3929e+10,19.6462
GLW,2015-12-01,2.32112e+10,19.0568
GLW,2016-01-01,2.36341e+10,19.404
GLW,2016-02-01,2.58101e+10,19.2183
GLW,2016-03-01,2.92587e+10,21.7861
GLW,2016-04-01,2.14771e+10,19.4715
GLW,2016-05-01,2.41935e+10,21.9342
GLW,2016-06-01,2.35721e+10,21.3709
GLW,2016-07-01,2.74091e+10,23.1888
GLW,2016-08-01,2.81533e+10,23.8183
GLW,2016-09-01,2.91761e+10,24.6837
GLW,2016-10-01,2.61189e+10,23.7014
GLW,2016-11-01,2.77989e+10,25.2259
GLW,2016-12-01,2.79275e+10,25.3425
GLW,2017-01-01,3.04793e+10,27.6581
GLW,2017-02-01,3.31667e+10,28.9919
GLW,2017-03-01,3.22618e+10,28.2009
GLW,2017-04-01,2.82053e+10,30.1339
GLW,2017-05-01,2.85974e+10,30.5527
GLW,2017-06-01,2.93849e+10,31.3941
GLW,2017-07-01,3.14764e+10,30.4414
GLW,2017-08-01,3.12274e+10,30.2006
GLW,2017-09-01,3.2318e+10,31.2553
GLW,2017-10-01,3.30062e+10,32.7118
GLW,2017-11-01,3.43063e+10,34.0003
GLW,2017-12-01,3.37275e+10,33.4267
GLW,2018-01-01,3.29147e+10,32.6211
GLW,2018-02-01,2.73605e+10,30.5704
GLW,2018-03-01,2.60769e+10,29.1362
GLW,2018-04-01,2.39447e+10,28.2367
GLW,2018-05-01,2.42404e+10,28.5853
GLW,2018-06-01,2.43904e+10,28.7622
GLW,2018-07-01,3.27111e+10,34.6884
GLW,2018-08-01,3.32154e+10,35.2232
GLW,2018-09-01,3.48108e+10,36.9149
GLW,2018-10-01,3.10747e+10,33.4137
GLW,2018-11-01,3.1514e+10,33.886
GLW,2018-12-01,2.93918e+10,31.6041
GLW,2019-01-01,3.23585e+10,34.7941
GLW,2019-02-01,3.44642e+10,36.6251
GLW,2019-03-01,3.25935e+10,34.6371
GLW,2019-04-01,3.13601e+10,33.3264
GLW,2019-05-01,2.75923e+10,30.3879
GLW,2019-06-01,3.15828e+10,34.7829
GLW,2019-07-01,2.53953e+10,32.1867
GLW,2019-08-01,2.31696e+10,29.3658
GLW,2019-09-01,2.35633e+10,29.8647
GLW,2019-10-01,2.78339e+10,31.0299
GLW,2019-11-01,2.74676e+10,30.6217
GLW,2019-12-01,2.73522e+10,30.493
GLW,2020-01-01,2.50784e+10,27.9581
GLW,2020-02-01,2.26662e+10,25.2127
GLW,2020-03-01,1.93416e+10,21.5146
GLW,2020-04-01,2.07278e+10,23.0566
GLW,2020-05-01,1.83162e+10,24.1003
GLW,2020-06-01,2.06259e+10,27.1394
GLW,2020-07-01,2.4655e+10,32.4835
GLW,2020-08-01,2.59907e+10,34.2433
GLW,2020-09-01,2.57833e+10,33.9701
GLW,2020-10-01,2.97905e+10,33.5101
GLW,2020-11-01,3.50821e+10,39.4625
GLW,2020-12-01,3.35628e+10,37.7535
GLW,2021-01-01,3.34426e+10,37.6183
GLW,2021-02-01,3.11533e+10,40.354
GLW,2021-03-01,3.52359e+10,45.6423
GLW,2021-04-01,4.16469e+10,46.3774
GLW,2021-05-01,4.13265e+10,46.0206
GLW,2021-06-01,3.83364e+10,42.6909
GLW,2021-07-01,3.6876e+10,43.6919
GLW,2021-08-01,3.54378e+10,41.9879
GLW,2021-09-01,3.2336e+10,38.3128
GLW,2021-10-01,3.23425e+10,37.3469
GLW,2021-11-01,3.3938e+10,39.1894
GLW,2021-12-01,3.4066e+10,39.3372
GLW,2022-01-01,3.84673e+10,44.4195
GLW,2022-02-01,3.62691e+10,42.9729
GLW,2022-03-01,3.29277e+10,39.0138
GLW,2022-04-01,3.19512e+10,37.1959
GLW,2022-05-01,3.27745e+10,38.1543
GLW,2022-06-01,2.84229e+10,33.0884
GLW,2022-07-01,3.30428e+10,38.6014
GLW,2022-08-01,3.10938e+10,36.3246
GLW,2022-09-01,2.62921e+10,30.7151
GLW,2022-10-01,2.91119e+10,34.049
GLW,2022-11-01,3.11367e+10,36.4172
GLW,2022-12-01,2.91388e+10,34.0804
GLW,2023-01-01,3.15746e+10,36.9293
GLW,2023-02-01,3.10449e+10,36.2251
GLW,2023-03-01,3.20118e+10,37.3533
GLW,2023-04-01,3.02129e+10,35.1722
GLW,2023-05-01,2.80211e+10,32.6206
GLW,2023-06-01,3.13211e+10,36.4623
GLW,2023-07-01,3.03378e+10,35.3176
GLW,2023-08-01,2.93367e+10,34.1522
GLW,2023-09-01,2.72361e+10,31.7068
GLW,2023-10-01,2.39199e+10,27.8462
GLW,2023-11-01,2.54663e+10,29.6464
GLW,2023-12-01,2.72183e+10,31.686
GLW,2024-01-01,2.90417e+10,33.8088
GLW,2024-02-01,2.88183e+10,33.5486
GLW,2024-03-01,2.9216e+10,34.0116
GLW,2024-04-01,2.95883e+10,34.445
GLW,2024-05-01,3.31429e+10,38.4488
GLW,2024-06-01,3.40539e+10,39.5056
GLW,2024-07-01,3.50706e+10,40.6852
GLW,2024-08-01,3.67686e+10,42.5563
GLW,2024-09-01,3.96679e+10,45.9119
GLW,2024-10-01,4.18117e+10,48.3931
GLW,2024-11-01,4.22656e+10,49.4913
GLW,2024-12-01,4.12669e+10,48.3219
GLW,2025-01-01,4.52269e+10,52.9589
GLW,2025-02-01,4.43158e+10,50.9963
GLW,2025-03-01,4.02321e+10,46.297
GLW,2025-04-01,3.90017e+10,44.8812
GLW,2025-05-01,4.34299e+10,50.15
GLW,2025-06-01,4.55429e+10,52.59
GLW,2025-07-01,5.47658e+10,63.24
GLW,2025-08-01,5.7981e+10,67.03
GLW,2025-09-01,6.26174e+10,72.39
APH,2009-08-01,6.10912e+09,4.39759
APH,2009-09-01,6.58177e+09,4.73782
APH,2009-10-01,7.01884e+09,5.04434
APH,2009-11-01,7.20788e+09,5.1802
APH,2009-12-01,8.07734e+09,5.80507
APH,2010-01-01,6.96701e+09,5.00709
APH,2010-02-01,7.28364e+09,5.23465
APH,2010-03-01,7.37646e+09,5.30136
APH,2010-04-01,8.07973e+09,5.80679
APH,2010-05-01,7.48205e+09,5.32682
APH,2010-06-01,6.92894e+09,4.93304
APH,2010-07-01,7.90223e+09,5.62596
APH,2010-08-01,7.19627e+09,5.11432
APH,2010-09-01,8.65197e+09,6.14886
APH,2010-10-01,8.85445e+09,6.29277
APH,2010-11-01,8.8545e+09,6.28069
APH,2010-12-01,9.34065e+09,6.62552
APH,2011-01-01,9.79212e+09,6.94576
APH,2011-02-01,1.01752e+10,7.21332
APH,2011-03-01,9.63213e+09,6.82835
APH,2011-04-01,9.90037e+09,7.01851
APH,2011-05-01,9.65488e+09,6.78579
APH,2011-06-01,9.64121e+09,6.77619
APH,2011-07-01,8.73212e+09,6.13724
APH,2011-08-01,8.18897e+09,5.89669
APH,2011-09-01,7.10718e+09,5.11772
APH,2011-10-01,8.2785e+09,5.96116
APH,2011-11-01,7.73157e+09,5.6905
APH,2011-12-01,7.74234e+09,5.69843
APH,2012-01-01,9.28392e+09,6.83304
APH,2012-02-01,9.65629e+09,7.02477
APH,2012-03-01,1.03127e+10,7.5023
APH,2012-04-01,1.00315e+10,7.29776
APH,2012-05-01,8.8319e+09,6.67647
APH,2012-06-01,9.11795e+09,6.8927
APH,2012-07-01,9.77681e+09,7.39077
APH,2012-08-01,1.00167e+10,7.64063
APH,2012-09-01,9.68751e+09,7.38956
APH,2012-10-01,9.89492e+09,7.54777
APH,2012-11-01,1.0183e+10,7.77186
APH,2012-12-01,1.06394e+10,8.12018
APH,2013-01-01,1.11108e+10,8.47993
APH,2013-02-01,1.16666e+10,8.89506
APH,2013-03-01,1.22879e+10,9.36879
APH,2013-04-01,1.2433e+10,9.47942
APH,2013-05-01,1.27272e+10,9.77732
APH,2013-06-01,1.27634e+10,9.80517
APH,2013-07-01,1.28346e+10,9.85983
APH,2013-08-01,1.24244e+10,9.53168
APH,2013-09-01,1.26897e+10,9.73525
APH,2013-10-01,1.3166e+10,10.1006
APH,2013-11-01,1.38419e+10,10.6942
APH,2013-12-01,1.44871e+10,11.1926
APH,2014-01-01,1.41145e+10,10.9048
APH,2014-02-01,1.43429e+10,11.0483
APH,2014-03-01,1.49336e+10,11.5034
APH,2014-04-01,1.55348e+10,11.9665
APH,2014-05-01,1.55038e+10,12.0239
APH,2014-06-01,1.55911e+10,12.0916
APH,2014-07-01,1.55638e+10,12.0704
APH,2014-08-01,1.66301e+10,12.9283
APH,2014-09-01,1.61203e+10,12.532
APH,2014-10-01,1.63324e+10,12.6969
APH,2014-11-01,1.72652e+10,13.4616
APH,2014-12-01,1.73645e+10,13.5391
APH,2015-01-01,1.73332e+10,13.5147
APH,2015-02-01,1.82079e+10,14.2058
APH,2015-03-01,1.90017e+10,14.8252
APH,2015-04-01,1.78557e+10,13.9311
APH,2015-05-01,1.82551e+10,14.3521
APH,2015-06-01,1.85507e+10,14.5846
APH,2015-07-01,1.8051e+10,14.1917
APH,2015-08-01,1.6697e+10,13.173
APH,2015-09-01,1.62528e+10,12.8226
APH,2015-10-01,1.72914e+10,13.642
APH,2015-11-01,1.75004e+10,13.8502
APH,2015-12-01,1.66065e+10,13.1428
APH,2016-01-01,1.57598e+10,12.4727
APH,2016-02-01,1.69059e+10,13.3538
APH,2016-03-01,1.84178e+10,14.548
APH,2016-04-01,1.77837e+10,14.0472
APH,2016-05-01,1.85688e+10,14.7747
APH,2016-06-01,1.81274e+10,14.4235
APH,2016-07-01,1.88203e+10,14.9747
APH,2016-08-01,1.97772e+10,15.6763
APH,2016-09-01,2.06055e+10,16.3328
APH,2016-10-01,2.09266e+10,16.5874
APH,2016-11-01,2.16833e+10,17.1708
APH,2016-12-01,2.13503e+10,16.9071
APH,2017-01-01,2.14419e+10,16.9796
APH,2017-02-01,2.19541e+10,17.4128
APH,2017-03-01,2.25739e+10,17.9044
APH,2017-04-01,2.29348e+10,18.1907
APH,2017-05-01,2.37521e+10,18.7674
APH,2017-06-01,2.35015e+10,18.5695
APH,2017-07-01,2.43949e+10,19.2754
APH,2017-08-01,2.57454e+10,20.3617
APH,2017-09-01,2.69206e+10,21.2912
APH,2017-10-01,2.76723e+10,21.8857
APH,2017-11-01,2.87774e+10,22.7886
APH,2017-12-01,2.78932e+10,22.0884
APH,2018-01-01,2.94712e+10,23.338
APH,2018-02-01,2.9106e+10,22.9905
APH,2018-03-01,2.74298e+10,21.6665
APH,2018-04-01,2.66603e+10,21.0587
APH,2018-05-01,2.76418e+10,21.8685
APH,2018-06-01,2.7708e+10,21.9209
APH,2018-07-01,2.93838e+10,23.5221
APH,2018-08-01,2.97189e+10,23.7904
APH,2018-09-01,2.95428e+10,23.6494
APH,2018-10-01,2.81313e+10,22.5123
APH,2018-11-01,2.76405e+10,22.1194
APH,2018-12-01,2.5469e+10,20.3817
APH,2019-01-01,2.76374e+10,22.117
APH,2019-02-01,2.95568e+10,23.6379
APH,2019-03-01,2.97057e+10,23.7569
APH,2019-04-01,3.0915e+10,25.0445
APH,2019-05-01,2.70143e+10,21.8846
APH,2019-06-01,2.97852e+10,24.1293
APH,2019-07-01,2.89831e+10,23.4719
APH,2019-08-01,2.71868e+10,22.0172
APH,2019-09-01,2.9963e+10,24.2655
APH,2019-10-01,3.09044e+10,25.2322
APH,2019-11-01,3.20294e+10,26.1507
APH,2019-12-01,3.33308e+10,27.2132
APH,2020-01-01,3.06343e+10,25.0117
APH,2020-02-01,2.83914e+10,23.0525
APH,2020-03-01,2.25789e+10,18.333
APH,2020-04-01,2.72207e+10,22.2029
APH,2020-05-01,2.97799e+10,24.2903
APH,2020-06-01,2.95495e+10,24.1024
APH,2020-07-01,3.23547e+10,26.6075
APH,2020-08-01,3.3591e+10,27.6242
APH,2020-09-01,3.31245e+10,27.2406
APH,2020-10-01,3.50003e+10,28.3909
APH,2020-11-01,4.05746e+10,32.9126
APH,2020-12-01,4.05626e+10,32.9028
APH,2021-01-01,3.87348e+10,31.4201
APH,2021-02-01,3.88948e+10,31.6218
APH,2021-03-01,4.09235e+10,33.2712
APH,2021-04-01,4.23911e+10,33.9618
APH,2021-05-01,4.23409e+10,33.9216
APH,2021-06-01,4.30664e+10,34.5028
APH,2021-07-01,4.56136e+10,36.5611
APH,2021-08-01,4.82185e+10,38.649
APH,2021-09-01,4.6081e+10,36.9357
APH,2021-10-01,4.84632e+10,38.721
APH,2021-11-01,5.0869e+10,40.6432
APH,2021-12-01,5.52097e+10,44.1113
APH,2022-01-01,5.02422e+10,40.1424
APH,2022-02-01,4.79589e+10,38.3364
APH,2022-03-01,4.75423e+10,38.0034
APH,2022-04-01,4.51204e+10,36.0617
APH,2022-05-01,4.47166e+10,35.7389
APH,2022-06-01,4.06436e+10,32.4837
APH,2022-07-01,4.82336e+10,38.9169
APH,2022-08-01,4.59822e+10,37.1004
APH,2022-09-01,4.1876e+10,33.7873
APH,2022-10-01,4.73925e+10,38.263
APH,2022-11-01,5.02676e+10,40.5842
APH,2022-12-01,4.7592e+10,38.4241
APH,2023-01-01,4.98609e+10,40.2558
APH,2023-02-01,4.85875e+10,39.1204
APH,2023-03-01,5.12226e+10,41.242
APH,2023-04-01,4.72212e+10,38.0878
APH,2023-05-01,4.72088e+10,38.0778
APH,2023-06-01,5.31427e+10,42.8639
APH,2023-07-01,5.5093e+10,44.5592
APH,2023-08-01,5.51367e+10,44.5945
APH,2023-09-01,5.2403e+10,42.3835
APH,2023-10-01,5.05655e+10,40.6475
APH,2023-11-01,5.71193e+10,45.9158
APH,2023-12-01,6.2218e+10,50.0145
APH,2024-01-01,6.34549e+10,51.0088
APH,2024-02-01,6.84091e+10,55.1153
APH,2024-03-01,7.22367e+10,58.1991
APH,2024-04-01,7.65206e+10,60.9337
APH,2024-05-01,8.38703e+10,66.7864
APH,2024-06-01,8.53672e+10,67.9783
APH,2024-07-01,8.20164e+10,64.8402
APH,2024-08-01,8.60879e+10,68.0591
APH,2024-09-01,8.29635e+10,65.589
APH,2024-10-01,8.53722e+10,67.4612
APH,2024-11-01,9.25438e+10,73.1283
APH,2024-12-01,8.8268e+10,69.7495
APH,2025-01-01,8.99583e+10,71.0852
APH,2025-02-01,8.45187e+10,66.8872
APH,2025-03-01,8.30316e+10,65.7103
APH,2025-04-01,9.76129e+10,77.0912
APH,2025-05-01,1.14078e+11,90.095
APH,2025-06-01,1.25037e+11,98.75
APH,2025-07-01,1.35502e+11,106.51
APH,2025-08-01,1.38492e+11,108.86
APH,2025-09-01,1.4858e+11,116.79
TEL,2009-07-01,1.08035e+10,23.537
TEL,2009-08-01,1.14841e+10,25.0198
TEL,2009-09-01,1.11397e+10,24.2696
TEL,2009-10-01,1.06254e+10,23.1491
TEL,2009-11-01,1.1604e+10,25.281
TEL,2009-12-01,1.21187e+10,26.4024
TEL,2010-01-01,1.23639e+10,26.7618
TEL,2010-02-01,1.2737e+10,27.5692
TEL,2010-03-01,1.33378e+10,28.8697
TEL,2010-04-01,1.55579e+10,33.7481
TEL,2010-05-01,1.39591e+10,30.28
TEL,2010-06-01,1.2227e+10,26.5227
TEL,2010-07-01,1.28671e+10,28.2174
TEL,2010-08-01,1.16842e+10,25.6232
TEL,2010-09-01,1.3838e+10,30.3466
TEL,2010-10-01,1.5e+10,32.8948
TEL,2010-11-01,1.42203e+10,31.6006
TEL,2010-12-01,1.64585e+10,36.5745
TEL,2011-01-01,1.68109e+10,37.4409
TEL,2011-02-01,1.67198e+10,37.2378
TEL,2011-03-01,1.6156e+10,35.9822
TEL,2011-04-01,1.66363e+10,37.052
TEL,2011-05-01,1.71757e+10,38.2532
TEL,2011-06-01,1.70591e+10,37.9936
TEL,2011-07-01,1.57291e+10,35.5861
TEL,2011-08-01,1.40703e+10,31.8333
TEL,2011-09-01,1.28589e+10,29.0926
TEL,2011-10-01,1.62438e+10,36.7507
TEL,2011-11-01,1.42813e+10,32.9822
TEL,2011-12-01,1.37979e+10,31.8659
TEL,2012-01-01,1.51283e+10,35.2641
TEL,2012-02-01,1.62976e+10,37.9896
TEL,2012-03-01,1.63107e+10,38.0202
TEL,2012-04-01,1.62546e+10,37.7138
TEL,2012-05-01,1.40985e+10,32.7111
TEL,2012-06-01,1.42278e+10,33.0111
TEL,2012-07-01,1.47181e+10,34.1487
TEL,2012-08-01,1.57755e+10,36.602
TEL,2012-09-01,1.51663e+10,35.1886
TEL,2012-10-01,1.43512e+10,33.2974
TEL,2012-11-01,1.57902e+10,36.6363
TEL,2012-12-01,1.65603e+10,38.423
TEL,2013-01-01,1.71449e+10,40.2462
TEL,2013-02-01,1.77892e+10,41.7587
TEL,2013-03-01,1.84941e+10,43.4133
TEL,2013-04-01,1.91158e+10,45.0844
TEL,2013-05-01,1.95929e+10,46.2096
TEL,2013-06-01,1.99931e+10,47.1536
TEL,2013-07-01,2.22497e+10,52.8496
TEL,2013-08-01,2.14704e+10,50.9986
TEL,2013-09-01,2.25776e+10,53.6284
TEL,2013-10-01,2.24518e+10,53.3297
TEL,2013-11-01,2.30424e+10,54.8629
TEL,2013-12-01,2.39758e+10,57.0852
TEL,2014-01-01,2.44685e+10,58.5372
TEL,2014-02-01,2.54765e+10,60.9485
TEL,2014-03-01,2.60771e+10,62.3855
TEL,2014-04-01,2.54827e+10,61.1096
TEL,2014-05-01,2.5816e+10,61.909
TEL,2014-06-01,2.67285e+10,64.0971
TEL,2014-07-01,2.66839e+10,64.144
TEL,2014-08-01,2.71505e+10,65.2657
TEL,2014-09-01,2.38418e+10,57.3121
TEL,2014-10-01,2.63605e+10,63.3666
TEL,2014-11-01,2.78124e+10,66.8568
TEL,2014-12-01,2.72804e+10,65.5778
TEL,2015-01-01,2.84292e+10,68.8358
TEL,2015-02-01,3.1012e+10,75.0897
TEL,2015-03-01,3.06739e+10,74.2708
TEL,2015-04-01,2.8501e+10,69.0098
TEL,2015-05-01,2.96937e+10,71.8976
TEL,2015-06-01,2.75441e+10,66.6927
TEL,2015-07-01,2.60333e+10,63.1877
TEL,2015-08-01,2.5486e+10,61.8593
TEL,2015-09-01,2.56079e+10,62.1552
TEL,2015-10-01,2.75543e+10,66.8794
TEL,2015-11-01,2.87588e+10,69.9727
TEL,2015-12-01,2.75633e+10,67.0639
TEL,2016-01-01,2.31401e+10,59.3336
TEL,2016-02-01,2.31749e+10,59.4227
TEL,2016-03-01,2.50723e+10,64.2879
TEL,2016-04-01,2.27241e+10,61.7502
TEL,2016-05-01,2.30687e+10,62.6866
TEL,2016-06-01,2.18274e+10,59.3135
TEL,2016-07-01,2.26008e+10,62.606
TEL,2016-08-01,2.39754e+10,66.4138
TEL,2016-09-01,2.41451e+10,66.884
TEL,2016-10-01,2.35791e+10,65.3162
TEL,2016-11-01,2.60745e+10,70.6626
TEL,2016-12-01,2.65663e+10,71.9955
TEL,2017-01-01,2.77392e+10,77.2681
TEL,2017-02-01,2.79193e+10,77.7696
TEL,2017-03-01,2.78159e+10,77.4817
TEL,2017-04-01,2.88684e+10,80.4133
TEL,2017-05-01,2.95771e+10,82.3873
TEL,2017-06-01,2.93691e+10,81.8081
TEL,2017-07-01,2.99252e+10,83.59
TEL,2017-08-01,2.97823e+10,83.1907
TEL,2017-09-01,3.09269e+10,86.3881
TEL,2017-10-01,3.38717e+10,94.6137
TEL,2017-11-01,3.53115e+10,98.6356
TEL,2017-12-01,3.53913e+10,98.8582
TEL,2018-01-01,3.75421e+10,106.654
TEL,2018-02-01,3.78922e+10,107.648
TEL,2018-03-01,3.65853e+10,103.936
TEL,2018-04-01,3.37913e+10,95.4556
TEL,2018-05-01,3.44415e+10,97.2925
TEL,2018-06-01,3.31727e+10,93.7082
TEL,2018-07-01,3.42702e+10,97.3586
TEL,2018-08-01,3.37396e+10,95.8513
TEL,2018-09-01,3.22108e+10,91.5079
TEL,2018-10-01,2.76283e+10,78.4894
TEL,2018-11-01,2.84304e+10,80.5394
TEL,2018-12-01,2.7797e+10,78.745
TEL,2019-01-01,2.89932e+10,84.2827
TEL,2019-02-01,2.9559e+10,85.9273
TEL,2019-03-01,2.89275e+10,84.0916
TEL,2019-04-01,3.38668e+10,99.6081
TEL,2019-05-01,2.99797e+10,88.1756
TEL,2019-06-01,3.39119e+10,99.7408
TEL,2019-07-01,3.26186e+10,96.22
TEL,2019-08-01,3.23664e+10,95.476
TEL,2019-09-01,3.29025e+10,97.0576
TEL,2019-10-01,3.16034e+10,93.2254
TEL,2019-11-01,3.29985e+10,97.0543
TEL,2019-12-01,3.39516e+10,99.8576
TEL,2020-01-01,3.23663e+10,96.0426
TEL,2020-02-01,2.92411e+10,86.7688
TEL,2020-03-01,2.21053e+10,65.5943
TEL,2020-04-01,2.57841e+10,76.5107
TEL,2020-05-01,2.84382e+10,85.1444
TEL,2020-06-01,2.83823e+10,84.9769
TEL,2020-07-01,3.06279e+10,92.8117
TEL,2020-08-01,3.33878e+10,101.175
TEL,2020-09-01,3.3622e+10,101.885
TEL,2020-10-01,3.33253e+10,100.986
TEL,2020-11-01,3.96122e+10,119.314
TEL,2020-12-01,4.19145e+10,126.248
TEL,2021-01-01,4.18041e+10,125.538
TEL,2021-02-01,4.53191e+10,136.093
TEL,2021-03-01,4.48354e+10,134.641
TEL,2021-04-01,4.6841e+10,140.243
TEL,2021-05-01,4.74413e+10,142.04
TEL,2021-06-01,4.71089e+10,141.045
TEL,2021-07-01,5.12294e+10,153.842
TEL,2021-08-01,5.23593e+10,157.235
TEL,2021-09-01,4.76752e+10,143.169
TEL,2021-10-01,5.07242e+10,152.325
TEL,2021-11-01,5.3644e+10,161.093
TEL,2021-12-01,5.60498e+10,168.318
TEL,2022-01-01,4.92338e+10,149.193
TEL,2022-02-01,4.91991e+10,149.088
TEL,2022-03-01,4.50923e+10,136.643
TEL,2022-04-01,4.25672e+10,130.175
TEL,2022-05-01,4.43429e+10,135.605
TEL,2022-06-01,3.86172e+10,118.095
TEL,2022-07-01,4.52223e+10,139.575
TEL,2022-08-01,4.28559e+10,132.271
TEL,2022-09-01,3.73154e+10,115.171
TEL,2022-10-01,4.13288e+10,127.558
TEL,2022-11-01,4.2967e+10,132.206
TEL,2022-12-01,3.89448e+10,119.83
TEL,2023-01-01,4.23381e+10,132.721
TEL,2023-02-01,4.23947e+10,132.899
TEL,2023-03-01,4.3486e+10,136.32
TEL,2023-04-01,4.04475e+10,127.194
TEL,2023-05-01,4.04839e+10,127.308
TEL,2023-06-01,4.61131e+10,145.01
TEL,2023-07-01,4.70602e+10,148.455
TEL,2023-08-01,4.34197e+10,136.971
TEL,2023-09-01,4.03394e+10,127.254
TEL,2023-10-01,3.84846e+10,121.402
TEL,2023-11-01,4.27788e+10,134.949
TEL,2023-12-01,4.56805e+10,144.102
TEL,2024-01-01,4.56466e+10,145.836
TEL,2024-02-01,4.60864e+10,147.241
TEL,2024-03-01,4.64389e+10,148.367
TEL,2024-04-01,4.48031e+10,144.526
TEL,2024-05-01,4.74062e+10,152.923
TEL,2024-06-01,4.74349e+10,153.016
TEL,2024-07-01,4.83507e+10,156.983
TEL,2024-08-01,4.8122e+10,156.24
TEL,2024-09-01,4.71075e+10,152.946
TEL,2024-10-01,4.59937e+10,149.33
TEL,2024-11-01,4.73011e+10,153.078
TEL,2024-12-01,4.45601e+10,144.207
TEL,2025-01-01,4.49245e+10,149.251
TEL,2025-02-01,4.67643e+10,155.363
TEL,2025-03-01,4.2726e+10,141.947
TEL,2025-04-01,4.41088e+10,147.029
TEL,2025-05-01,4.8234e+10,160.78
TEL,2025-06-01,5.0601e+10,168.67
TEL,2025-07-01,6.13135e+10,205.75
TEL,2025-08-01,6.1537e+10,206.5
TEL,2025-09-01,6.21777e+10,208.65
KEYS,2015-03-01,6.3155e+09,37.15
KEYS,2015-04-01,5.6882e+09,33.46
KEYS,2015-05-01,5.5862e+09,32.86
KEYS,2015-06-01,5.33349e+09,31.19
KEYS,2015-07-01,5.22234e+09,30.54
KEYS,2015-08-01,5.47884e+09,32.04
KEYS,2015-09-01,5.30448e+09,30.84
KEYS,2015-10-01,5.68976e+09,33.08
KEYS,2015-11-01,5.29932e+09,30.81
KEYS,2015-12-01,4.84443e+09,28.33
KEYS,2016-01-01,4.0014e+09,23.4
KEYS,2016-02-01,4.46139e+09,26.09
KEYS,2016-03-01,4.77128e+09,27.74
KEYS,2016-04-01,4.48576e+09,26.08
KEYS,2016-05-01,5.26836e+09,30.63
KEYS,2016-06-01,5.00348e+09,29.09
KEYS,2016-07-01,5.02928e+09,29.24
KEYS,2016-08-01,5.23396e+09,30.43
KEYS,2016-09-01,5.45068e+09,31.69
KEYS,2016-10-01,5.6416e+09,32.8
KEYS,2016-11-01,6.33476e+09,36.83
KEYS,2016-12-01,6.29004e+09,36.57
KEYS,2017-01-01,6.37604e+09,37.07
KEYS,2017-02-01,6.5048e+09,37.6
KEYS,2017-03-01,6.25222e+09,36.14
KEYS,2017-04-01,6.47539e+09,37.43
KEYS,2017-05-01,6.68472e+09,38.64
KEYS,2017-06-01,6.96847e+09,38.93
KEYS,2017-07-01,7.44461e+09,41.59
KEYS,2017-08-01,7.31394e+09,40.86
KEYS,2017-09-01,7.74876e+09,41.66
KEYS,2017-10-01,8.30862e+09,44.67
KEYS,2017-11-01,8.091e+09,43.5
KEYS,2017-12-01,7.5712e+09,41.6
KEYS,2018-01-01,8.50304e+09,46.72
KEYS,2018-02-01,8.55582e+09,47.01
KEYS,2018-03-01,9.90171e+09,52.39
KEYS,2018-04-01,9.76752e+09,51.68
KEYS,2018-05-01,1.11019e+10,58.74
KEYS,2018-06-01,1.12157e+10,59.03
KEYS,2018-07-01,1.102e+10,58
KEYS,2018-08-01,1.2394e+10,64.89
KEYS,2018-09-01,1.26595e+10,66.28
KEYS,2018-10-01,1.09023e+10,57.08
KEYS,2018-11-01,1.18076e+10,61.82
KEYS,2018-12-01,1.18573e+10,62.08
KEYS,2019-01-01,1.41378e+10,74.02
KEYS,2019-02-01,1.61223e+10,84.41
KEYS,2019-03-01,1.6568e+10,87.2
KEYS,2019-04-01,1.65357e+10,87.03
KEYS,2019-05-01,1.43498e+10,75.13
KEYS,2019-06-01,1.71537e+10,89.81
KEYS,2019-07-01,1.70983e+10,89.52
KEYS,2019-08-01,1.85003e+10,96.86
KEYS,2019-09-01,1.85748e+10,97.25
KEYS,2019-10-01,1.92738e+10,100.91
KEYS,2019-11-01,2.04427e+10,107.03
KEYS,2019-12-01,1.96023e+10,102.63
KEYS,2020-01-01,1.77611e+10,92.99
KEYS,2020-02-01,1.80992e+10,94.76
KEYS,2020-03-01,1.59829e+10,83.68
KEYS,2020-04-01,1.84831e+10,96.77
KEYS,2020-05-01,2.06528e+10,108.13
KEYS,2020-06-01,1.90474e+10,100.78
KEYS,2020-07-01,1.88792e+10,99.89
KEYS,2020-08-01,1.86203e+10,98.52
KEYS,2020-09-01,1.87682e+10,98.78
KEYS,2020-10-01,1.99253e+10,104.87
KEYS,2020-11-01,2.28076e+10,120.04
KEYS,2020-12-01,2.4965e+10,132.09
KEYS,2021-01-01,2.67605e+10,141.59
KEYS,2021-02-01,2.67473e+10,141.52
KEYS,2021-03-01,2.69592e+10,143.4
KEYS,2021-04-01,2.71378e+10,144.35
KEYS,2021-05-01,2.66251e+10,142.38
KEYS,2021-06-01,2.88747e+10,154.41
KEYS,2021-07-01,3.07709e+10,164.55
KEYS,2021-08-01,3.33647e+10,179.38
KEYS,2021-09-01,3.05579e+10,164.29
KEYS,2021-10-01,3.34837e+10,180.02
KEYS,2021-11-01,3.61733e+10,194.48
KEYS,2021-12-01,3.86174e+10,206.51
KEYS,2022-01-01,3.15693e+10,168.82
KEYS,2022-02-01,2.94282e+10,157.37
KEYS,2022-03-01,2.90665e+10,157.97
KEYS,2022-04-01,2.58097e+10,140.27
KEYS,2022-05-01,2.67904e+10,145.6
KEYS,2022-06-01,2.52266e+10,137.85
KEYS,2022-07-01,2.97558e+10,162.6
KEYS,2022-08-01,2.96641e+10,163.89
KEYS,2022-09-01,2.84822e+10,157.36
KEYS,2022-10-01,3.15212e+10,174.15
KEYS,2022-11-01,3.27411e+10,180.89
KEYS,2022-12-01,3.11347e+10,171.07
KEYS,2023-01-01,3.26417e+10,179.35
KEYS,2023-02-01,2.91127e+10,159.96
KEYS,2023-03-01,2.90664e+10,161.48
KEYS,2023-04-01,2.60352e+10,144.64
KEYS,2023-05-01,2.89622e+10,161.8
KEYS,2023-06-01,2.99735e+10,167.45
KEYS,2023-07-01,2.88333e+10,161.08
KEYS,2023-08-01,2.38607e+10,133.3
KEYS,2023-09-01,2.36835e+10,132.31
KEYS,2023-10-01,2.1847e+10,122.05
KEYS,2023-11-01,2.43243e+10,135.89
KEYS,2023-12-01,2.84771e+10,159.09
KEYS,2024-01-01,2.74335e+10,153.26
KEYS,2024-02-01,2.76197e+10,154.3
KEYS,2024-03-01,2.75229e+10,156.38
KEYS,2024-04-01,2.60374e+10,147.94
KEYS,2024-05-01,2.4234e+10,138.48
KEYS,2024-06-01,2.39312e+10,136.75
KEYS,2024-07-01,2.44248e+10,139.57
KEYS,2024-08-01,2.6971e+10,154.12
KEYS,2024-09-01,2.78128e+10,158.93
KEYS,2024-10-01,2.60768e+10,149.01
KEYS,2024-11-01,2.9897e+10,170.84
KEYS,2024-12-01,2.81102e+10,160.63
KEYS,2025-01-01,3.12112e+10,178.35
KEYS,2025-02-01,2.79178e+10,159.53
KEYS,2025-03-01,2.606e+10,149.77
KEYS,2025-04-01,2.52996e+10,145.4
KEYS,2025-05-01,2.7325e+10,157.04
KEYS,2025-06-01,2.83478e+10,163.86
KEYS,2025-07-01,2.83564e+10,163.91
KEYS,2025-08-01,2.82734e+10,163.43
KEYS,2025-09-01,2.92543e+10,169.1
ACN,2009-12-01,3.32859e+10,43.0219
ACN,2010-01-01,3.28752e+10,42.4911
ACN,2010-02-01,3.20556e+10,41.4318
ACN,2010-03-01,3.34144e+10,43.4827
ACN,2010-04-01,3.47633e+10,45.238
ACN,2010-05-01,2.96398e+10,38.5707
ACN,2010-06-01,3.04586e+10,39.7322
ACN,2010-07-01,3.12401e+10,40.7517
ACN,2010-08-01,2.8848e+10,37.6313
ACN,2010-09-01,3.34877e+10,43.6836
ACN,2010-10-01,3.48428e+10,45.9587
ACN,2010-11-01,3.34312e+10,44.0967
ACN,2010-12-01,3.66736e+10,49.3613
ACN,2011-01-01,3.89264e+10,52.3936
ACN,2011-02-01,3.89368e+10,52.4076
ACN,2011-03-01,4.15653e+10,55.9536
ACN,2011-04-01,4.35473e+10,58.6217
ACN,2011-05-01,4.34109e+10,58.4381
ACN,2011-06-01,4.58657e+10,61.5231
ACN,2011-07-01,4.48968e+10,60.2235
ACN,2011-08-01,4.06872e+10,54.5768
ACN,2011-09-01,3.99924e+10,53.6449
ACN,2011-10-01,4.58547e+10,62.1051
ACN,2011-11-01,4.35968e+10,59.047
ACN,2011-12-01,3.96176e+10,54.2621
ACN,2012-01-01,4.26752e+10,58.45
ACN,2012-02-01,4.43098e+10,60.6888
ACN,2012-03-01,4.79321e+10,65.7471
ACN,2012-04-01,4.87852e+10,66.9174
ACN,2012-05-01,4.24566e+10,58.2366
ACN,2012-06-01,4.46717e+10,61.2884
ACN,2012-07-01,4.48283e+10,61.5033
ACN,2012-08-01,4.57939e+10,62.828
ACN,2012-09-01,5.20626e+10,71.4285
ACN,2012-10-01,5.07364e+10,69.555
ACN,2012-11-01,5.05232e+10,69.2628
ACN,2012-12-01,4.85803e+10,67.8148
ACN,2013-01-01,5.25185e+10,73.3122
ACN,2013-02-01,5.43261e+10,75.8354
ACN,2013-03-01,5.53796e+10,77.4748
ACN,2013-04-01,6.00039e+10,83.9441
ACN,2013-05-01,5.99157e+10,83.8207
ACN,2013-06-01,5.32191e+10,74.4339
ACN,2013-07-01,5.38708e+10,75.3455
ACN,2013-08-01,5.3431e+10,74.7304
ACN,2013-09-01,5.44591e+10,76.1682
ACN,2013-10-01,5.36912e+10,76.0223
ACN,2013-11-01,5.59017e+10,79.1521
ACN,2013-12-01,5.86304e+10,84.0007
ACN,2014-01-01,5.6963e+10,81.6118
ACN,2014-02-01,5.94372e+10,85.1566
ACN,2014-03-01,5.6461e+10,81.4486
ACN,2014-04-01,5.74978e+10,82.9443
ACN,2014-05-01,5.77244e+10,83.2712
ACN,2014-06-01,5.71138e+10,82.6493
ACN,2014-07-01,5.60098e+10,81.0517
ACN,2014-08-01,5.72705e+10,82.876
ACN,2014-09-01,5.74534e+10,83.1407
ACN,2014-10-01,5.78627e+10,84.0606
ACN,2014-11-01,6.08322e+10,88.3746
ACN,2014-12-01,6.23818e+10,91.4243
ACN,2015-01-01,5.86944e+10,86.0201
ACN,2015-02-01,6.2886e+10,92.1631
ACN,2015-03-01,6.5136e+10,95.9059
ACN,2015-04-01,6.5104e+10,95.8589
ACN,2015-05-01,6.67679e+10,98.3088
ACN,2015-06-01,6.71505e+10,99.0675
ACN,2015-07-01,7.15344e+10,105.535
ACN,2015-08-01,6.54088e+10,96.4979
ACN,2015-09-01,6.81767e+10,100.581
ACN,2015-10-01,7.49425e+10,110.903
ACN,2015-11-01,7.42139e+10,109.825
ACN,2015-12-01,7.18678e+10,107.058
ACN,2016-01-01,7.25779e+10,108.115
ACN,2016-02-01,6.8944e+10,102.702
ACN,2016-03-01,7.89644e+10,118.188
ACN,2016-04-01,7.80361e+10,116.799
ACN,2016-05-01,8.14206e+10,121.864
ACN,2016-06-01,7.73595e+10,116.085
ACN,2016-07-01,7.70416e+10,115.608
ACN,2016-08-01,7.85197e+10,117.826
ACN,2016-09-01,8.34104e+10,125.165
ACN,2016-10-01,8.09034e+10,121.593
ACN,2016-11-01,8.2287e+10,123.672
ACN,2016-12-01,8.05094e+10,121.294
ACN,2017-01-01,7.82665e+10,117.915
ACN,2017-02-01,8.41956e+10,126.848
ACN,2017-03-01,8.20692e+10,124.144
ACN,2017-04-01,8.39016e+10,126.916
ACN,2017-05-01,8.52771e+10,128.997
ACN,2017-06-01,8.4428e+10,128.16
ACN,2017-07-01,8.79339e+10,133.482
ACN,2017-08-01,8.92786e+10,135.523
ACN,2017-09-01,9.22117e+10,139.975
ACN,2017-10-01,9.80635e+10,148.946
ACN,2017-11-01,1.01068e+11,153.51
ACN,2017-12-01,1.04247e+11,158.751
ACN,2018-01-01,1.09431e+11,166.645
ACN,2018-02-01,1.09642e+11,166.966
ACN,2018-03-01,1.04442e+11,159.182
ACN,2018-04-01,1.03767e+11,158.153
ACN,2018-05-01,1.06003e+11,161.56
ACN,2018-06-01,1.11082e+11,169.695
ACN,2018-07-01,1.08198e+11,165.288
ACN,2018-08-01,1.14793e+11,175.363
ACN,2018-09-01,1.15568e+11,176.548
ACN,2018-10-01,1.07905e+11,165.003
ACN,2018-11-01,1.11619e+11,170.682
ACN,2018-12-01,9.54144e+10,146.307
ACN,2019-01-01,1.03897e+11,159.314
ACN,2019-02-01,1.09206e+11,167.455
ACN,2019-03-01,1.18548e+11,182.615
ACN,2019-04-01,1.24058e+11,191.102
ACN,2019-05-01,1.20016e+11,184.875
ACN,2019-06-01,1.24542e+11,191.81
ACN,2019-07-01,1.29821e+11,199.941
ACN,2019-08-01,1.33581e+11,205.732
ACN,2019-09-01,1.2966e+11,199.693
ACN,2019-10-01,1.25766e+11,193.331
ACN,2019-11-01,1.35872e+11,208.866
ACN,2019-12-01,1.41974e+11,218.627
ACN,2020-01-01,1.38906e+11,213.902
ACN,2020-02-01,1.21774e+11,187.52
ACN,2020-03-01,1.10006e+11,169.544
ACN,2020-04-01,1.25328e+11,193.159
ACN,2020-05-01,1.35884e+11,209.428
ACN,2020-06-01,1.44006e+11,223.056
ACN,2020-07-01,1.51299e+11,234.35
ACN,2020-08-01,1.60949e+11,249.298
ACN,2020-09-01,1.51591e+11,234.804
ACN,2020-10-01,1.46584e+11,226.256
ACN,2020-11-01,1.67669e+11,258.801
ACN,2020-12-01,1.75569e+11,271.409
ACN,2021-01-01,1.63157e+11,252.221
ACN,2021-02-01,1.68628e+11,260.68
ACN,2021-03-01,1.85502e+11,287.011
ACN,2021-04-01,1.95311e+11,302.189
ACN,2021-05-01,1.89505e+11,293.206
ACN,2021-06-01,1.97717e+11,306.322
ACN,2021-07-01,2.13672e+11,331.042
ACN,2021-08-01,2.2577e+11,349.784
ACN,2021-09-01,2.14614e+11,332.5
ACN,2021-10-01,2.41336e+11,373.997
ACN,2021-11-01,2.39779e+11,371.584
ACN,2021-12-01,2.77961e+11,430.999
ACN,2022-01-01,2.37695e+11,368.563
ACN,2022-02-01,2.11885e+11,328.543
ACN,2022-03-01,2.25829e+11,350.597
ACN,2022-04-01,2.01737e+11,313.194
ACN,2022-05-01,1.9984e+11,310.249
ACN,2022-06-01,1.85005e+11,288.617
ACN,2022-07-01,2.04794e+11,319.489
ACN,2022-08-01,1.92306e+11,300.007
ACN,2022-09-01,1.71533e+11,267.6
ACN,2022-10-01,1.90081e+11,296.578
ACN,2022-11-01,2.00722e+11,313.181
ACN,2022-12-01,1.77387e+11,277.703
ACN,2023-01-01,1.85504e+11,290.41
ACN,2023-02-01,1.75849e+11,275.295
ACN,2023-03-01,1.8896e+11,296.298
ACN,2023-04-01,1.8531e+11,290.576
ACN,2023-05-01,2.01476e+11,315.924
ACN,2023-06-01,2.03549e+11,318.671
ACN,2023-07-01,2.08674e+11,326.695
ACN,2023-08-01,2.12836e+11,333.211
ACN,2023-09-01,2.01885e+11,316.065
ACN,2023-10-01,1.95452e+11,305.753
ACN,2023-11-01,2.18245e+11,341.408
ACN,2023-12-01,2.2922e+11,359.619
ACN,2024-01-01,2.37693e+11,372.911
ACN,2024-02-01,2.43966e+11,382.753
ACN,2024-03-01,2.25416e+11,353.983
ACN,2024-04-01,1.95695e+11,307.311
ACN,2024-05-01,1.82815e+11,287.085
ACN,2024-06-01,1.96125e+11,308.564
ACN,2024-07-01,2.13714e+11,336.236
ACN,2024-08-01,2.2019e+11,346.424
ACN,2024-09-01,2.27614e+11,358.105
ACN,2024-10-01,2.21436e+11,349.332
ACN,2024-11-01,2.3172e+11,365.556
ACN,2024-12-01,2.25229e+11,354.883
ACN,2025-01-01,2.46459e+11,388.334
ACN,2025-02-01,2.22272e+11,350.224
ACN,2025-03-01,1.98879e+11,313.584
ACN,2025-04-01,1.90663e+11,300.63
ACN,2025-05-01,2.00931e+11,316.82
ACN,2025-06-01,1.88437e+11,298.89
ACN,2025-07-01,1.68395e+11,267.1
ACN,2025-08-01,1.639e+11,259.97
ACN,2025-09-01,1.58869e+11,251.99
CTSH,2009-08-01,1.06803e+10,17.8438
CTSH,2009-09-01,1.18437e+10,19.7875
CTSH,2009-10-01,1.18404e+10,19.7821
CTSH,2009-11-01,1.3603e+10,22.4782
CTSH,2009-12-01,1.40364e+10,23.1943
CTSH,2010-01-01,1.35221e+10,22.3445
CTSH,2010-02-01,1.49034e+10,24.6271
CTSH,2010-03-01,1.57895e+10,26.0912
CTSH,2010-04-01,1.58275e+10,26.154
CTSH,2010-05-01,1.57055e+10,25.6071
CTSH,2010-06-01,1.57123e+10,25.6181
CTSH,2010-07-01,1.71254e+10,27.9221
CTSH,2010-08-01,1.81867e+10,29.4773
CTSH,2010-09-01,2.03549e+10,32.9915
CTSH,2010-10-01,2.05826e+10,33.3606
CTSH,2010-11-01,2.05909e+10,33.252
CTSH,2010-12-01,2.32235e+10,37.5033
CTSH,2011-01-01,2.31159e+10,37.3296
CTSH,2011-02-01,2.43214e+10,39.3375
CTSH,2011-03-01,2.57546e+10,41.6557
CTSH,2011-04-01,2.62304e+10,42.4251
CTSH,2011-05-01,2.42651e+10,38.9109
CTSH,2011-06-01,2.34029e+10,37.5283
CTSH,2011-07-01,2.22969e+10,35.7547
CTSH,2011-08-01,2.02257e+10,32.4674
CTSH,2011-09-01,1.99884e+10,32.0864
CTSH,2011-10-01,2.3191e+10,37.2275
CTSH,2011-11-01,2.13201e+10,34.4654
CTSH,2011-12-01,2.03574e+10,32.9091
CTSH,2012-01-01,2.27131e+10,36.7174
CTSH,2012-02-01,2.25373e+10,36.3094
CTSH,2012-03-01,2.44418e+10,39.3776
CTSH,2012-04-01,2.32911e+10,37.5239
CTSH,2012-05-01,1.84333e+10,29.8073
CTSH,2012-06-01,1.89883e+10,30.7048
CTSH,2012-07-01,1.79648e+10,29.0497
CTSH,2012-08-01,2.02176e+10,32.8928
CTSH,2012-09-01,2.19835e+10,35.7657
CTSH,2012-10-01,2.09634e+10,34.1062
CTSH,2012-11-01,2.0857e+10,34.4025
CTSH,2012-12-01,2.29211e+10,37.8071
CTSH,2013-01-01,2.42549e+10,40.0071
CTSH,2013-02-01,2.4031e+10,39.2842
CTSH,2013-03-01,2.39853e+10,39.2094
CTSH,2013-04-01,2.02832e+10,33.1575
CTSH,2013-05-01,2.01921e+10,33.0827
CTSH,2013-06-01,1.95654e+10,32.056
CTSH,2013-07-01,2.26107e+10,37.0454
CTSH,2013-08-01,2.28388e+10,37.5087
CTSH,2013-09-01,2.55891e+10,42.0257
CTSH,2013-10-01,2.70873e+10,44.4862
CTSH,2013-11-01,2.92385e+10,48.0461
CTSH,2013-12-01,3.14464e+10,51.6743
CTSH,2014-01-01,3.01795e+10,49.5925
CTSH,2014-02-01,3.25276e+10,53.2492
CTSH,2014-03-01,3.16331e+10,51.785
CTSH,2014-04-01,2.99486e+10,49.0272
CTSH,2014-05-01,3.04924e+10,49.7512
CTSH,2014-06-01,3.06799e+10,50.0572
CTSH,2014-07-01,3.0767e+10,50.1993
CTSH,2014-08-01,2.86506e+10,46.8023
CTSH,2014-09-01,2.80493e+10,45.8201
CTSH,2014-10-01,3.06039e+10,49.9932
CTSH,2014-11-01,3.38241e+10,55.257
CTSH,2014-12-01,3.29909e+10,53.8959
CTSH,2015-01-01,3.39104e+10,55.398
CTSH,2015-02-01,3.91689e+10,63.9504
CTSH,2015-03-01,3.9109e+10,63.8526
CTSH,2015-04-01,3.66947e+10,59.9108
CTSH,2015-05-01,4.06624e+10,66.2361
CTSH,2015-06-01,3.83823e+10,62.522
CTSH,2015-07-01,3.96449e+10,64.5787
CTSH,2015-08-01,3.95456e+10,64.417
CTSH,2015-09-01,3.93371e+10,64.0773
CTSH,2015-10-01,4.27924e+10,69.7059
CTSH,2015-11-01,4.04971e+10,66.0961
CTSH,2015-12-01,3.76383e+10,61.4302
CTSH,2016-01-01,3.96997e+10,64.7947
CTSH,2016-02-01,3.57648e+10,58.3154
CTSH,2016-03-01,3.93573e+10,64.1729
CTSH,2016-04-01,3.66381e+10,59.7393
CTSH,2016-05-01,3.84694e+10,62.8791
CTSH,2016-06-01,3.58407e+10,58.5824
CTSH,2016-07-01,3.59974e+10,58.8385
CTSH,2016-08-01,3.57899e+10,58.7875
CTSH,2016-09-01,2.97282e+10,48.8307
CTSH,2016-10-01,3.19938e+10,52.5522
CTSH,2016-11-01,3.43027e+10,56.3726
CTSH,2016-12-01,3.48932e+10,57.343
CTSH,2017-01-01,3.27514e+10,53.8232
CTSH,2017-02-01,3.69121e+10,60.6608
CTSH,2017-03-01,3.71586e+10,60.9158
CTSH,2017-04-01,3.76029e+10,61.6441
CTSH,2017-05-01,4.16618e+10,68.6357
CTSH,2017-06-01,4.12546e+10,67.9648
CTSH,2017-07-01,4.30702e+10,70.9558
CTSH,2017-08-01,4.29033e+10,72.5944
CTSH,2017-09-01,4.38857e+10,74.2567
CTSH,2017-10-01,4.57788e+10,77.4599
CTSH,2017-11-01,4.38884e+10,74.1358
CTSH,2017-12-01,4.30372e+10,72.698
CTSH,2018-01-01,4.7255e+10,79.8227
CTSH,2018-02-01,5.00781e+10,84.1649
CTSH,2018-03-01,4.90339e+10,82.41
CTSH,2018-04-01,4.98361e+10,83.7582
CTSH,2018-05-01,4.55534e+10,77.3402
CTSH,2018-06-01,4.76302e+10,80.8662
CTSH,2018-07-01,4.91441e+10,83.4365
CTSH,2018-08-01,4.71782e+10,80.5089
CTSH,2018-09-01,4.62925e+10,78.9974
CTSH,2018-10-01,4.09961e+10,70.6829
CTSH,2018-11-01,4.24222e+10,73.1417
CTSH,2018-12-01,3.78077e+10,65.1857
CTSH,2019-01-01,4.15002e+10,71.552
CTSH,2019-02-01,4.2681e+10,73.0839
CTSH,2019-03-01,4.35657e+10,74.5988
CTSH,2019-04-01,4.38732e+10,75.1254
CTSH,2019-05-01,3.67893e+10,63.9814
CTSH,2019-06-01,3.76572e+10,65.4908
CTSH,2019-07-01,3.86962e+10,67.2978
CTSH,2019-08-01,3.58869e+10,63.6292
CTSH,2019-09-01,3.52294e+10,62.4634
CTSH,2019-10-01,3.48031e+10,63.1635
CTSH,2019-11-01,3.67289e+10,66.6587
CTSH,2019-12-01,3.55327e+10,64.4876
CTSH,2020-01-01,3.51653e+10,63.8209
CTSH,2020-02-01,3.55898e+10,63.5533
CTSH,2020-03-01,2.70502e+10,48.3039
CTSH,2020-04-01,3.37723e+10,60.3077
CTSH,2020-05-01,3.02044e+10,55.3193
CTSH,2020-06-01,3.22529e+10,59.0712
CTSH,2020-07-01,3.84257e+10,71.0272
CTSH,2020-08-01,3.77284e+10,69.7383
CTSH,2020-09-01,3.90506e+10,72.1822
CTSH,2020-10-01,4.03234e+10,74.2603
CTSH,2020-11-01,4.42384e+10,81.4703
CTSH,2020-12-01,4.62757e+10,85.2223
CTSH,2021-01-01,4.40169e+10,81.0624
CTSH,2021-02-01,4.14711e+10,76.6563
CTSH,2021-03-01,4.3951e+10,81.2403
CTSH,2021-04-01,4.52339e+10,83.6116
CTSH,2021-05-01,3.96505e+10,74.6714
CTSH,2021-06-01,3.82523e+10,72.0383
CTSH,2021-07-01,4.03817e+10,76.4804
CTSH,2021-08-01,4.20399e+10,79.621
CTSH,2021-09-01,4.07599e+10,77.1968
CTSH,2021-10-01,4.27287e+10,81.2334
CTSH,2021-11-01,4.27953e+10,81.3599
CTSH,2021-12-01,4.85454e+10,92.2916
CTSH,2022-01-01,4.67398e+10,88.859
CTSH,2022-02-01,4.74508e+10,89.8689
CTSH,2022-03-01,4.92526e+10,93.2815
CTSH,2022-04-01,4.44356e+10,84.1583
CTSH,2022-05-01,4.09544e+10,78.0084
CTSH,2022-06-01,3.68735e+10,70.2352
CTSH,2022-07-01,3.68474e+10,70.7244
CTSH,2022-08-01,3.4385e+10,65.9981
CTSH,2022-09-01,3.11381e+10,59.7661
CTSH,2022-10-01,3.37456e+10,64.7708
CTSH,2022-11-01,3.36178e+10,65.0247
CTSH,2022-12-01,3.07767e+10,59.5294
CTSH,2023-01-01,3.59214e+10,69.4804
CTSH,2023-02-01,3.38346e+10,65.1919
CTSH,2023-03-01,3.27698e+10,63.1402
CTSH,2023-04-01,3.21136e+10,61.876
CTSH,2023-05-01,3.29612e+10,64.7568
CTSH,2023-06-01,3.42787e+10,67.3451
CTSH,2023-07-01,3.46725e+10,68.1188
CTSH,2023-08-01,3.74548e+10,73.8753
CTSH,2023-09-01,3.52916e+10,69.6086
CTSH,2023-10-01,3.35879e+10,66.2484
CTSH,2023-11-01,3.65223e+10,72.3214
CTSH,2023-12-01,3.90376e+10,77.3022
CTSH,2024-01-01,3.98594e+10,78.9296
CTSH,2024-02-01,4.08414e+10,80.8741
CTSH,2024-03-01,3.77394e+10,74.7314
CTSH,2024-04-01,3.38207e+10,66.9718
CTSH,2024-05-01,3.35906e+10,67.451
CTSH,2024-06-01,3.43764e+10,69.029
CTSH,2024-07-01,3.8259e+10,76.8252
CTSH,2024-08-01,3.93155e+10,78.9469
CTSH,2024-09-01,3.8869e+10,78.0502
CTSH,2024-10-01,3.74138e+10,75.431
CTSH,2024-11-01,4.03732e+10,81.3975
CTSH,2024-12-01,3.84303e+10,77.4804
CTSH,2025-01-01,4.12838e+10,83.2335
CTSH,2025-02-01,4.17276e+10,83.959
CTSH,2025-03-01,3.8166e+10,76.7928
CTSH,2025-04-01,3.67042e+10,73.8516
CTSH,2025-05-01,4.02435e+10,81.3
CTSH,2025-06-01,3.86248e+10,78.03
CTSH,2025-07-01,3.53059e+10,71.76
CTSH,2025-08-01,3.5547e+10,72.25
CTSH,2025-09-01,3.48238e+10,70.78
AKAM,2009-09-01,3.73046e+09,19.68
AKAM,2009-10-01,4.17023e+09,22
AKAM,2009-11-01,4.51855e+09,24
AKAM,2009-12-01,4.77084e+09,25.34
AKAM,2010-01-01,4.65034e+09,24.7
AKAM,2010-02-01,4.95158e+09,26.3
AKAM,2010-03-01,5.91554e+09,31.42
AKAM,2010-04-01,7.31064e+09,38.83
AKAM,2010-05-01,7.4782e+09,39.72
AKAM,2010-06-01,7.63824e+09,40.57
AKAM,2010-07-01,7.22215e+09,38.36
AKAM,2010-08-01,8.77537e+09,46.07
AKAM,2010-09-01,9.55824e+09,50.18
AKAM,2010-10-01,9.84205e+09,51.67
AKAM,2010-11-01,9.98243e+09,52.19
AKAM,2010-12-01,8.9993e+09,47.05
AKAM,2011-01-01,9.24221e+09,48.32
AKAM,2011-02-01,7.1784e+09,37.53
AKAM,2011-03-01,7.28981e+09,38
AKAM,2011-04-01,6.60495e+09,34.43
AKAM,2011-05-01,6.49554e+09,33.94
AKAM,2011-06-01,6.02282e+09,31.47
AKAM,2011-07-01,4.6353e+09,24.22
AKAM,2011-08-01,4.17253e+09,21.94
AKAM,2011-09-01,3.78076e+09,19.88
AKAM,2011-10-01,5.12342e+09,26.94
AKAM,2011-11-01,5.3687e+09,28.91
AKAM,2011-12-01,5.99453e+09,32.28
AKAM,2012-01-01,5.98524e+09,32.23
AKAM,2012-02-01,6.58642e+09,36
AKAM,2012-03-01,6.71449e+09,36.7
AKAM,2012-04-01,5.96254e+09,32.59
AKAM,2012-05-01,5.34991e+09,29.34
AKAM,2012-06-01,5.78936e+09,31.75
AKAM,2012-07-01,6.41479e+09,35.18
AKAM,2012-08-01,6.81996e+09,37.51
AKAM,2012-09-01,6.95632e+09,38.26
AKAM,2012-10-01,6.90723e+09,37.99
AKAM,2012-11-01,6.63016e+09,36.62
AKAM,2012-12-01,7.40688e+09,40.91
AKAM,2013-01-01,7.37067e+09,40.71
AKAM,2013-02-01,6.69172e+09,36.96
AKAM,2013-03-01,6.42005e+09,35.32
AKAM,2013-04-01,7.98143e+09,43.91
AKAM,2013-05-01,8.37364e+09,46.12
AKAM,2013-06-01,7.72546e+09,42.55
AKAM,2013-07-01,8.56973e+09,47.2
AKAM,2013-08-01,8.34022e+09,45.98
AKAM,2013-09-01,9.37776e+09,51.7
AKAM,2013-10-01,8.11802e+09,44.755
AKAM,2013-11-01,8.13555e+09,44.72
AKAM,2013-12-01,8.58308e+09,47.18
AKAM,2014-01-01,8.67404e+09,47.68
AKAM,2014-02-01,1.11209e+10,61.13
AKAM,2014-03-01,1.05816e+10,58.21
AKAM,2014-04-01,9.64722e+09,53.07
AKAM,2014-05-01,9.89194e+09,54.34
AKAM,2014-06-01,1.11152e+10,61.06
AKAM,2014-07-01,1.07439e+10,59.02
AKAM,2014-08-01,1.09264e+10,60.42
AKAM,2014-09-01,1.08143e+10,59.8
AKAM,2014-10-01,1.09047e+10,60.3
AKAM,2014-11-01,1.16915e+10,64.61
AKAM,2014-12-01,1.13929e+10,62.96
AKAM,2015-01-01,1.05225e+10,58.15
AKAM,2015-02-01,1.25782e+10,69.51
AKAM,2015-03-01,1.28724e+10,71.045
AKAM,2015-04-01,1.33679e+10,73.78
AKAM,2015-05-01,1.37915e+10,76.27
AKAM,2015-06-01,1.26252e+10,69.82
AKAM,2015-07-01,1.38711e+10,76.71
AKAM,2015-08-01,1.28884e+10,71.31
AKAM,2015-09-01,1.24818e+10,69.06
AKAM,2015-10-01,1.09925e+10,60.82
AKAM,2015-11-01,1.03908e+10,57.61
AKAM,2015-12-01,9.49256e+09,52.63
AKAM,2016-01-01,8.22821e+09,45.62
AKAM,2016-02-01,9.737e+09,53.97
AKAM,2016-03-01,1.00257e+10,55.57
AKAM,2016-04-01,9.19936e+09,50.99
AKAM,2016-05-01,9.69008e+09,54.58
AKAM,2016-06-01,9.92976e+09,55.93
AKAM,2016-07-01,8.97105e+09,50.53
AKAM,2016-08-01,9.68546e+09,54.9
AKAM,2016-09-01,9.3485e+09,52.99
AKAM,2016-10-01,1.22559e+10,69.47
AKAM,2016-11-01,1.17137e+10,66.7
AKAM,2016-12-01,1.17101e+10,66.68
AKAM,2017-01-01,1.20456e+10,68.59
AKAM,2017-02-01,1.10293e+10,62.59
AKAM,2017-03-01,1.052e+10,59.7
AKAM,2017-04-01,1.07385e+10,60.94
AKAM,2017-05-01,8.25756e+09,47.14
AKAM,2017-06-01,8.72527e+09,49.81
AKAM,2017-07-01,8.25756e+09,47.14
AKAM,2017-08-01,8.17765e+09,47.15
AKAM,2017-09-01,8.45168e+09,48.73
AKAM,2017-10-01,9.06219e+09,52.25
AKAM,2017-11-01,9.56655e+09,55.78
AKAM,2017-12-01,1.11547e+10,65.04
AKAM,2018-01-01,1.14891e+10,66.99
AKAM,2018-02-01,1.15697e+10,67.46
AKAM,2018-03-01,1.2259e+10,70.98
AKAM,2018-04-01,1.23747e+10,71.65
AKAM,2018-05-01,1.29657e+10,75.38
AKAM,2018-06-01,1.25959e+10,73.23
AKAM,2018-07-01,1.2945e+10,75.26
AKAM,2018-08-01,1.29471e+10,75.14
AKAM,2018-09-01,1.26043e+10,73.15
AKAM,2018-10-01,1.24492e+10,72.25
AKAM,2018-11-01,1.15431e+10,68.75
AKAM,2018-12-01,1.02553e+10,61.08
AKAM,2019-01-01,1.09303e+10,65.1
AKAM,2019-02-01,1.17856e+10,69.66
AKAM,2019-03-01,1.21325e+10,71.71
AKAM,2019-04-01,1.35452e+10,80.06
AKAM,2019-05-01,1.24183e+10,75.36
AKAM,2019-06-01,1.3206e+10,80.14
AKAM,2019-07-01,1.45227e+10,88.13
AKAM,2019-08-01,1.47081e+10,89.13
AKAM,2019-09-01,1.50794e+10,91.38
AKAM,2019-10-01,1.42741e+10,86.5
AKAM,2019-11-01,1.43363e+10,87.12
AKAM,2019-12-01,1.42145e+10,86.38
AKAM,2020-01-01,1.53615e+10,93.35
AKAM,2020-02-01,1.42372e+10,86.51
AKAM,2020-03-01,1.50568e+10,91.49
AKAM,2020-04-01,1.60804e+10,97.71
AKAM,2020-05-01,1.73178e+10,105.8
AKAM,2020-06-01,1.75289e+10,107.09
AKAM,2020-07-01,1.84046e+10,112.44
AKAM,2020-08-01,1.91839e+10,116.43
AKAM,2020-09-01,1.82135e+10,110.54
AKAM,2020-10-01,1.56727e+10,95.12
AKAM,2020-11-01,1.72364e+10,103.51
AKAM,2020-12-01,1.74828e+10,104.99
AKAM,2021-01-01,1.84886e+10,111.03
AKAM,2021-02-01,1.56126e+10,94.5
AKAM,2021-03-01,1.68352e+10,101.9
AKAM,2021-04-01,1.79587e+10,108.7
AKAM,2021-05-01,1.89232e+10,114.21
AKAM,2021-06-01,1.93192e+10,116.6
AKAM,2021-07-01,1.98693e+10,119.92
AKAM,2021-08-01,1.88293e+10,113.25
AKAM,2021-09-01,1.73894e+10,104.59
AKAM,2021-10-01,1.75341e+10,105.46
AKAM,2021-11-01,1.8744e+10,112.7
AKAM,2021-12-01,1.94659e+10,117.04
AKAM,2022-01-01,1.90517e+10,114.55
AKAM,2022-02-01,1.80056e+10,108.26
AKAM,2022-03-01,1.98567e+10,119.39
AKAM,2022-04-01,1.86742e+10,112.28
AKAM,2022-05-01,1.65339e+10,101.04
AKAM,2022-06-01,1.4945e+10,91.33
AKAM,2022-07-01,1.57452e+10,96.22
AKAM,2022-08-01,1.45992e+10,90.28
AKAM,2022-09-01,1.29885e+10,80.32
AKAM,2022-10-01,1.42838e+10,88.33
AKAM,2022-11-01,1.50892e+10,94.86
AKAM,2022-12-01,1.34094e+10,84.3
AKAM,2023-01-01,1.41491e+10,88.95
AKAM,2023-02-01,1.16499e+10,72.6
AKAM,2023-03-01,1.25646e+10,78.3
AKAM,2023-04-01,1.31535e+10,81.97
AKAM,2023-05-01,1.43832e+10,92.12
AKAM,2023-06-01,1.40319e+10,89.87
AKAM,2023-07-01,1.47548e+10,94.5
AKAM,2023-08-01,1.61265e+10,105.09
AKAM,2023-09-01,1.6349e+10,106.54
AKAM,2023-10-01,1.58564e+10,103.33
AKAM,2023-11-01,1.79044e+10,115.53
AKAM,2023-12-01,1.83414e+10,118.35
AKAM,2024-01-01,1.90977e+10,123.23
AKAM,2024-02-01,1.72366e+10,110.92
AKAM,2024-03-01,1.6901e+10,108.76
AKAM,2024-04-01,1.56842e+10,100.93
AKAM,2024-05-01,1.45247e+10,92.24
AKAM,2024-06-01,1.41845e+10,90.08
AKAM,2024-07-01,1.54758e+10,98.28
AKAM,2024-08-01,1.56414e+10,101.84
AKAM,2024-09-01,1.55047e+10,100.95
AKAM,2024-10-01,1.55247e+10,101.08
AKAM,2024-11-01,1.44076e+10,94.02
AKAM,2024-12-01,1.46574e+10,95.65
AKAM,2025-01-01,1.53087e+10,99.9
AKAM,2025-02-01,1.24526e+10,80.68
AKAM,2025-03-01,1.24249e+10,80.5
AKAM,2025-04-01,1.24372e+10,80.58
AKAM,2025-05-01,1.14703e+10,75.93
AKAM,2025-06-01,1.20489e+10,79.76
AKAM,2025-07-01,1.15277e+10,76.31
AKAM,2025-08-01,1.14936e+10,79.13
AKAM,2025-09-01,1.13527e+10,78.16
FFIV,2010-08-01,7.08454e+09,87.43
FFIV,2010-09-01,8.41183e+09,103.81
FFIV,2010-10-01,9.53735e+09,117.7
FFIV,2010-11-01,1.06864e+10,131.88
FFIV,2010-12-01,1.0547e+10,130.16
FFIV,2011-01-01,8.78214e+09,108.38
FFIV,2011-02-01,9.63528e+09,118.01
FFIV,2011-03-01,8.37464e+09,102.57
FFIV,2011-04-01,8.27584e+09,101.36
FFIV,2011-05-01,9.27063e+09,113.58
FFIV,2011-06-01,8.99883e+09,110.25
FFIV,2011-07-01,7.63002e+09,93.48
FFIV,2011-08-01,6.64771e+09,81.57
FFIV,2011-09-01,5.79036e+09,71.05
FFIV,2011-10-01,8.47161e+09,103.95
FFIV,2011-11-01,9.12898e+09,113.03
FFIV,2011-12-01,8.57089e+09,106.12
FFIV,2012-01-01,9.67092e+09,119.74
FFIV,2012-02-01,9.97456e+09,124.96
FFIV,2012-03-01,1.07728e+10,134.96
FFIV,2012-04-01,1.06906e+10,133.93
FFIV,2012-05-01,8.25512e+09,103.48
FFIV,2012-06-01,7.9424e+09,99.56
FFIV,2012-07-01,7.44939e+09,93.38
FFIV,2012-08-01,7.76557e+09,97.49
FFIV,2012-09-01,8.3351e+09,104.64
FFIV,2012-10-01,6.57871e+09,82.59
FFIV,2012-11-01,7.44053e+09,93.68
FFIV,2012-12-01,7.71614e+09,97.15
FFIV,2013-01-01,8.33009e+09,104.88
FFIV,2013-02-01,7.48622e+09,94.43
FFIV,2013-03-01,7.06208e+09,89.08
FFIV,2013-04-01,6.05922e+09,76.43
FFIV,2013-05-01,6.58308e+09,83.21
FFIV,2013-06-01,5.44304e+09,68.8
FFIV,2013-07-01,6.94621e+09,87.8
FFIV,2013-08-01,6.57568e+09,83.38
FFIV,2013-09-01,6.76732e+09,85.81
FFIV,2013-10-01,6.43018e+09,81.535
FFIV,2013-11-01,6.47172e+09,82.26
FFIV,2013-12-01,7.14832e+09,90.86
FFIV,2014-01-01,8.41969e+09,107.02
FFIV,2014-02-01,8.74252e+09,112.34
FFIV,2014-03-01,8.29816e+09,106.63
FFIV,2014-04-01,8.18454e+09,105.17
FFIV,2014-05-01,8.27629e+09,108.55
FFIV,2014-06-01,8.49663e+09,111.44
FFIV,2014-07-01,8.58431e+09,112.59
FFIV,2014-08-01,9.36008e+09,124.19
FFIV,2014-09-01,8.94932e+09,118.74
FFIV,2014-10-01,9.26888e+09,122.98
FFIV,2014-11-01,9.60734e+09,129.19
FFIV,2014-12-01,9.70253e+09,130.47
FFIV,2015-01-01,8.30073e+09,111.62
FFIV,2015-02-01,8.72399e+09,118.12
FFIV,2015-03-01,8.48912e+09,114.94
FFIV,2015-04-01,9.01203e+09,122.02
FFIV,2015-05-01,9.13905e+09,125.69
FFIV,2015-06-01,8.75077e+09,120.35
FFIV,2015-07-01,9.65231e+09,134.14
FFIV,2015-08-01,8.7363e+09,121.41
FFIV,2015-09-01,8.33262e+09,115.8
FFIV,2015-10-01,7.92966e+09,110.2
FFIV,2015-11-01,7.32309e+09,103
FFIV,2015-12-01,6.89366e+09,96.96
FFIV,2016-01-01,6.55316e+09,93.78
FFIV,2016-02-01,6.72017e+09,96.17
FFIV,2016-03-01,7.39659e+09,105.85
FFIV,2016-04-01,7.10213e+09,104.745
FFIV,2016-05-01,7.472e+09,110.2
FFIV,2016-06-01,7.71881e+09,113.84
FFIV,2016-07-01,8.29814e+09,123.42
FFIV,2016-08-01,8.25175e+09,122.73
FFIV,2016-09-01,8.38017e+09,124.64
FFIV,2016-10-01,9.29255e+09,138.21
FFIV,2016-11-01,9.32638e+09,140.75
FFIV,2016-12-01,9.58944e+09,144.72
FFIV,2017-01-01,8.8811e+09,134.03
FFIV,2017-02-01,9.40496e+09,143.27
FFIV,2017-03-01,9.35901e+09,142.57
FFIV,2017-04-01,8.47674e+09,129.13
FFIV,2017-05-01,8.33204e+09,128.13
FFIV,2017-06-01,8.26246e+09,127.06
FFIV,2017-07-01,7.85213e+09,120.75
FFIV,2017-08-01,7.68342e+09,119.38
FFIV,2017-09-01,7.75936e+09,120.56
FFIV,2017-10-01,7.80506e+09,121.27
FFIV,2017-11-01,8.51445e+09,134.2
FFIV,2017-12-01,8.32538e+09,131.22
FFIV,2018-01-01,9.17048e+09,144.54
FFIV,2018-02-01,9.28993e+09,148.52
FFIV,2018-03-01,9.04536e+09,144.61
FFIV,2018-04-01,1.02013e+10,163.09
FFIV,2018-05-01,1.0743e+10,173.11
FFIV,2018-06-01,1.07021e+10,172.45
FFIV,2018-07-01,1.06357e+10,171.38
FFIV,2018-08-01,1.1656e+10,189.12
FFIV,2018-09-01,1.22909e+10,199.42
FFIV,2018-10-01,1.0803e+10,175.28
FFIV,2018-11-01,1.05022e+10,171.97
FFIV,2018-12-01,9.89517e+09,162.03
FFIV,2019-01-01,9.82922e+09,160.95
FFIV,2019-02-01,1.01969e+10,168.14
FFIV,2019-03-01,9.51702e+09,156.93
FFIV,2019-04-01,9.5152e+09,156.9
FFIV,2019-05-01,7.92863e+09,132.08
FFIV,2019-06-01,8.74202e+09,145.63
FFIV,2019-07-01,8.80745e+09,146.72
FFIV,2019-08-01,7.74903e+09,128.73
FFIV,2019-09-01,8.45272e+09,140.42
FFIV,2019-10-01,8.67304e+09,144.08
FFIV,2019-11-01,8.80788e+09,145.71
FFIV,2019-12-01,8.44156e+09,139.65
FFIV,2020-01-01,7.38191e+09,122.12
FFIV,2020-02-01,7.29476e+09,119.95
FFIV,2020-03-01,6.4847e+09,106.63
FFIV,2020-04-01,8.4691e+09,139.26
FFIV,2020-05-01,8.85229e+09,144.92
FFIV,2020-06-01,8.52e+09,139.48
FFIV,2020-07-01,8.30132e+09,135.9
FFIV,2020-08-01,8.12705e+09,132.33
FFIV,2020-09-01,7.53992e+09,122.77
FFIV,2020-10-01,8.16451e+09,132.94
FFIV,2020-11-01,1.0035e+10,162.81
FFIV,2020-12-01,1.08442e+10,175.94
FFIV,2021-01-01,1.20776e+10,195.95
FFIV,2021-02-01,1.18323e+10,189.98
FFIV,2021-03-01,1.29933e+10,208.62
FFIV,2021-04-01,1.16318e+10,186.76
FFIV,2021-05-01,1.1526e+10,185.43
FFIV,2021-06-01,1.16024e+10,186.66
FFIV,2021-07-01,1.28362e+10,206.51
FFIV,2021-08-01,1.24892e+10,203.57
FFIV,2021-09-01,1.21954e+10,198.78
FFIV,2021-10-01,1.29543e+10,211.15
FFIV,2021-11-01,1.41229e+10,227.58
FFIV,2021-12-01,1.5186e+10,244.71
FFIV,2022-01-01,1.28843e+10,207.62
FFIV,2022-02-01,1.2429e+10,200.85
FFIV,2022-03-01,1.29302e+10,208.95
FFIV,2022-04-01,1.03597e+10,167.41
FFIV,2022-05-01,1.00115e+10,163.04
FFIV,2022-06-01,9.39742e+09,153.04
FFIV,2022-07-01,1.02767e+10,167.36
FFIV,2022-08-01,9.49585e+09,157.06
FFIV,2022-09-01,8.75038e+09,144.73
FFIV,2022-10-01,8.64034e+09,142.91
FFIV,2022-11-01,9.44621e+09,154.61
FFIV,2022-12-01,8.76803e+09,143.51
FFIV,2023-01-01,9.02158e+09,147.66
FFIV,2023-02-01,8.63413e+09,142.98
FFIV,2023-03-01,8.79778e+09,145.69
FFIV,2023-04-01,8.1136e+09,134.36
FFIV,2023-05-01,8.95678e+09,147.58
FFIV,2023-06-01,8.87667e+09,146.26
FFIV,2023-07-01,9.60374e+09,158.24
FFIV,2023-08-01,9.87099e+09,163.66
FFIV,2023-09-01,9.719e+09,161.14
FFIV,2023-10-01,9.143e+09,151.59
FFIV,2023-11-01,1.03176e+10,171.19
FFIV,2023-12-01,1.07871e+10,178.98
FFIV,2024-01-01,1.10716e+10,183.7
FFIV,2024-02-01,1.11682e+10,187.22
FFIV,2024-03-01,1.13096e+10,189.59
FFIV,2024-04-01,9.86124e+09,165.31
FFIV,2024-05-01,1.00672e+10,168.97
FFIV,2024-06-01,1.02615e+10,172.23
FFIV,2024-07-01,1.21329e+10,203.64
FFIV,2024-08-01,1.20157e+10,203.15
FFIV,2024-09-01,1.30242e+10,220.2
FFIV,2024-10-01,1.38333e+10,233.88
FFIV,2024-11-01,1.48605e+10,250.35
FFIV,2024-12-01,1.4927e+10,251.47
FFIV,2025-01-01,1.76451e+10,297.26
FFIV,2025-02-01,1.72703e+10,292.43
FFIV,2025-03-01,1.57254e+10,266.27
FFIV,2025-04-01,1.5635e+10,264.74
FFIV,2025-05-01,1.67701e+10,285.38
FFIV,2025-06-01,1.72954e+10,294.32
FFIV,2025-07-01,1.84178e+10,313.42
FFIV,2025-08-01,1.83162e+10,313.14
FFIV,2025-09-01,1.90339e+10,325.41
ZBRA,2010-08-01,1.65243e+09,28.62
ZBRA,2010-09-01,1.94227e+09,33.64
ZBRA,2010-10-01,2.06583e+09,35.78
ZBRA,2010-11-01,2.07701e+09,36.44
ZBRA,2010-12-01,2.16535e+09,37.99
ZBRA,2011-01-01,2.21722e+09,38.9
ZBRA,2011-02-01,2.12717e+09,37.32
ZBRA,2011-03-01,2.2366e+09,39.24
ZBRA,2011-04-01,2.23945e+09,39.29
ZBRA,2011-05-01,2.47915e+09,44.45
ZBRA,2011-06-01,2.35199e+09,42.17
ZBRA,2011-07-01,2.23096e+09,40
ZBRA,2011-08-01,1.97464e+09,35.93
ZBRA,2011-09-01,1.7004e+09,30.94
ZBRA,2011-10-01,1.9642e+09,35.74
ZBRA,2011-11-01,2.03036e+09,37.86
ZBRA,2011-12-01,1.91881e+09,35.78
ZBRA,2012-01-01,2.02928e+09,37.84
ZBRA,2012-02-01,2.01249e+09,38.44
ZBRA,2012-03-01,2.15594e+09,41.18
ZBRA,2012-04-01,2.03081e+09,38.79
ZBRA,2012-05-01,1.75051e+09,33.47
ZBRA,2012-06-01,1.79706e+09,34.36
ZBRA,2012-07-01,1.80648e+09,34.54
ZBRA,2012-08-01,1.9402e+09,37.29
ZBRA,2012-09-01,1.9506e+09,37.49
ZBRA,2012-10-01,1.86944e+09,35.93
ZBRA,2012-11-01,2.01796e+09,38.95
ZBRA,2012-12-01,2.03661e+09,39.31
ZBRA,2013-01-01,2.24229e+09,43.28
ZBRA,2013-02-01,2.29244e+09,44.72
ZBRA,2013-03-01,2.41598e+09,47.13
ZBRA,2013-04-01,2.39137e+09,46.65
ZBRA,2013-05-01,2.34537e+09,45.66
ZBRA,2013-06-01,2.23134e+09,43.44
ZBRA,2013-07-01,2.37157e+09,46.17
ZBRA,2013-08-01,2.3385e+09,45.6
ZBRA,2013-09-01,2.33645e+09,45.56
ZBRA,2013-10-01,2.47748e+09,48.31
ZBRA,2013-11-01,2.6399e+09,51.84
ZBRA,2013-12-01,2.75397e+09,54.08
ZBRA,2014-01-01,2.79878e+09,54.96
ZBRA,2014-02-01,3.52284e+09,68.99
ZBRA,2014-03-01,3.54428e+09,69.41
ZBRA,2014-04-01,3.54581e+09,69.44
ZBRA,2014-05-01,3.78737e+09,74.3
ZBRA,2014-06-01,4.19618e+09,82.32
ZBRA,2014-07-01,4.08149e+09,80.07
ZBRA,2014-08-01,4.00122e+09,78.03
ZBRA,2014-09-01,3.6392e+09,70.97
ZBRA,2014-10-01,3.78175e+09,73.75
ZBRA,2014-11-01,3.76437e+09,73.15
ZBRA,2014-12-01,3.9836e+09,77.41
ZBRA,2015-01-01,4.29494e+09,83.46
ZBRA,2015-02-01,4.68552e+09,91.05
ZBRA,2015-03-01,4.66828e+09,90.715
ZBRA,2015-04-01,4.73853e+09,92.08
ZBRA,2015-05-01,5.55513e+09,109.64
ZBRA,2015-06-01,5.62657e+09,111.05
ZBRA,2015-07-01,5.45329e+09,107.63
ZBRA,2015-08-01,4.22e+09,82.88
ZBRA,2015-09-01,3.8977e+09,76.55
ZBRA,2015-10-01,3.91552e+09,76.9
ZBRA,2015-11-01,4.10239e+09,80.2
ZBRA,2015-12-01,3.56274e+09,69.65
ZBRA,2016-01-01,3.08958e+09,60.4
ZBRA,2016-02-01,3.16357e+09,61.78
ZBRA,2016-03-01,3.53278e+09,68.99
ZBRA,2016-04-01,3.20352e+09,62.56
ZBRA,2016-05-01,2.72452e+09,53.11
ZBRA,2016-06-01,2.57011e+09,50.1
ZBRA,2016-07-01,2.71939e+09,53.01
ZBRA,2016-08-01,3.60527e+09,69.96
ZBRA,2016-09-01,3.58723e+09,69.61
ZBRA,2016-10-01,3.39295e+09,65.84
ZBRA,2016-11-01,4.08714e+09,79.07
ZBRA,2016-12-01,4.43295e+09,85.76
ZBRA,2017-01-01,4.32492e+09,83.67
ZBRA,2017-02-01,4.67874e+09,90.71
ZBRA,2017-03-01,4.70659e+09,91.25
ZBRA,2017-04-01,4.86236e+09,94.27
ZBRA,2017-05-01,5.52448e+09,104.34
ZBRA,2017-06-01,5.32222e+09,100.52
ZBRA,2017-07-01,5.38576e+09,101.72
ZBRA,2017-08-01,5.47703e+09,103.09
ZBRA,2017-09-01,5.76871e+09,108.58
ZBRA,2017-10-01,6.16239e+09,115.99
ZBRA,2017-11-01,5.76101e+09,110.32
ZBRA,2017-12-01,5.42053e+09,103.8
ZBRA,2018-01-01,6.43152e+09,123.16
ZBRA,2018-02-01,7.41658e+09,138.14
ZBRA,2018-03-01,7.47295e+09,139.19
ZBRA,2018-04-01,7.23887e+09,134.83
ZBRA,2018-05-01,8.28735e+09,153.51
ZBRA,2018-06-01,7.73346e+09,143.25
ZBRA,2018-07-01,7.44626e+09,137.93
ZBRA,2018-08-01,9.31788e+09,171.74
ZBRA,2018-09-01,9.59404e+09,176.83
ZBRA,2018-10-01,9.02272e+09,166.3
ZBRA,2018-11-01,9.78559e+09,179.8
ZBRA,2018-12-01,8.66607e+09,159.23
ZBRA,2019-01-01,9.44816e+09,173.6
ZBRA,2019-02-01,1.09127e+10,200.51
ZBRA,2019-03-01,1.14036e+10,209.53
ZBRA,2019-04-01,1.15187e+10,211.14
ZBRA,2019-05-01,9.35289e+09,171.44
ZBRA,2019-06-01,1.14287e+10,209.49
ZBRA,2019-07-01,1.15249e+10,210.89
ZBRA,2019-08-01,1.12046e+10,205.03
ZBRA,2019-09-01,1.12779e+10,206.37
ZBRA,2019-10-01,1.29967e+10,237.87
ZBRA,2019-11-01,1.37108e+10,250.94
ZBRA,2019-12-01,1.39567e+10,255.44
ZBRA,2020-01-01,1.30595e+10,239.02
ZBRA,2020-02-01,1.15178e+10,210.97
ZBRA,2020-03-01,1.00235e+10,183.6
ZBRA,2020-04-01,1.24747e+10,229.66
ZBRA,2020-05-01,1.41944e+10,261.32
ZBRA,2020-06-01,1.39027e+10,255.95
ZBRA,2020-07-01,1.50695e+10,280.75
ZBRA,2020-08-01,1.53797e+10,286.53
ZBRA,2020-09-01,1.3551e+10,252.46
ZBRA,2020-10-01,1.52246e+10,283.64
ZBRA,2020-11-01,2.03273e+10,378.42
ZBRA,2020-12-01,2.06448e+10,384.33
ZBRA,2021-01-01,2.08328e+10,387.83
ZBRA,2021-02-01,2.69259e+10,499.43
ZBRA,2021-03-01,2.61576e+10,485.18
ZBRA,2021-04-01,2.62956e+10,487.74
ZBRA,2021-05-01,2.6823e+10,497.05
ZBRA,2021-06-01,2.85736e+10,529.49
ZBRA,2021-07-01,2.98142e+10,552.48
ZBRA,2021-08-01,3.16533e+10,587.17
ZBRA,2021-09-01,2.77854e+10,515.42
ZBRA,2021-10-01,2.87843e+10,533.95
ZBRA,2021-11-01,3.17156e+10,588.78
ZBRA,2021-12-01,3.20614e+10,595.2
ZBRA,2022-01-01,2.74245e+10,509.12
ZBRA,2022-02-01,2.228e+10,413.34
ZBRA,2022-03-01,2.22994e+10,413.7
ZBRA,2022-04-01,1.99256e+10,369.66
ZBRA,2022-05-01,1.80752e+10,338.19
ZBRA,2022-06-01,1.57107e+10,293.95
ZBRA,2022-07-01,1.91174e+10,357.69
ZBRA,2022-08-01,1.5727e+10,301.64
ZBRA,2022-09-01,1.36608e+10,262.01
ZBRA,2022-10-01,1.47667e+10,283.22
ZBRA,2022-11-01,1.40972e+10,270.28
ZBRA,2022-12-01,1.33738e+10,256.41
ZBRA,2023-01-01,1.64913e+10,316.18
ZBRA,2023-02-01,1.57808e+10,300.25
ZBRA,2023-03-01,1.67137e+10,318
ZBRA,2023-04-01,1.51385e+10,288.03
ZBRA,2023-05-01,1.35875e+10,262.57
ZBRA,2023-06-01,1.53086e+10,295.83
ZBRA,2023-07-01,1.59363e+10,307.96
ZBRA,2023-08-01,1.42201e+10,275.01
ZBRA,2023-09-01,1.22304e+10,236.53
ZBRA,2023-10-01,1.07514e+10,209.43
ZBRA,2023-11-01,1.21658e+10,236.98
ZBRA,2023-12-01,1.40318e+10,273.33
ZBRA,2024-01-01,1.22977e+10,239.55
ZBRA,2024-02-01,1.44522e+10,279.48
ZBRA,2024-03-01,1.55878e+10,301.44
ZBRA,2024-04-01,1.62912e+10,314.56
ZBRA,2024-05-01,1.61762e+10,312.34
ZBRA,2024-06-01,1.59996e+10,308.93
ZBRA,2024-07-01,1.82023e+10,351.19
ZBRA,2024-08-01,1.79011e+10,345.38
ZBRA,2024-09-01,1.91938e+10,370.32
ZBRA,2024-10-01,1.98311e+10,381.97
ZBRA,2024-11-01,2.11306e+10,407
ZBRA,2024-12-01,2.00518e+10,386.22
ZBRA,2025-01-01,2.03488e+10,391.94
ZBRA,2025-02-01,1.63447e+10,315.05
ZBRA,2025-03-01,1.46591e+10,282.56
ZBRA,2025-04-01,1.29682e+10,250.32
ZBRA,2025-05-01,1.5012e+10,289.77
ZBRA,2025-06-01,1.59751e+10,308.36
ZBRA,2025-07-01,1.75635e+10,339.02
ZBRA,2025-08-01,1.62611e+10,317.09
ZBRA,2025-09-01,1.60088e+10,312.17
PTC,2013-12-01,4.29068e+09,35.39
PTC,2014-01-01,4.32584e+09,35.68
PTC,2014-02-01,4.76044e+09,39.31
PTC,2014-03-01,4.28936e+09,35.42
PTC,2014-04-01,4.28331e+09,35.37
PTC,2014-05-01,4.44169e+09,36.8
PTC,2014-06-01,4.68308e+09,38.8
PTC,2014-07-01,4.3403e+09,35.96
PTC,2014-08-01,4.63897e+09,38.69
PTC,2014-09-01,4.42435e+09,36.9
PTC,2014-10-01,4.57422e+09,38.15
PTC,2014-11-01,4.68777e+09,39.07
PTC,2014-12-01,4.39741e+09,36.65
PTC,2015-01-01,4.00867e+09,33.41
PTC,2015-02-01,4.05557e+09,34.655
PTC,2015-03-01,4.23287e+09,36.17
PTC,2015-04-01,4.48682e+09,38.34
PTC,2015-05-01,4.7841e+09,41.27
PTC,2015-06-01,4.75512e+09,41.02
PTC,2015-07-01,4.21376e+09,36.35
PTC,2015-08-01,3.84275e+09,33.12
PTC,2015-09-01,3.68263e+09,31.74
PTC,2015-10-01,4.11193e+09,35.44
PTC,2015-11-01,4.18107e+09,36.04
PTC,2015-12-01,4.0175e+09,34.63
PTC,2016-01-01,3.43512e+09,29.61
PTC,2016-02-01,3.52841e+09,30.91
PTC,2016-03-01,3.78525e+09,33.16
PTC,2016-04-01,4.16195e+09,36.46
PTC,2016-05-01,4.09448e+09,35.74
PTC,2016-06-01,4.30528e+09,37.58
PTC,2016-07-01,4.55159e+09,39.73
PTC,2016-08-01,4.93683e+09,42.67
PTC,2016-09-01,5.12774e+09,44.32
PTC,2016-10-01,5.48871e+09,47.44
PTC,2016-11-01,5.58275e+09,48.71
PTC,2016-12-01,5.3031e+09,46.27
PTC,2017-01-01,6.02515e+09,52.57
PTC,2017-02-01,6.21298e+09,53.89
PTC,2017-03-01,6.05849e+09,52.55
PTC,2017-04-01,6.23142e+09,54.05
PTC,2017-05-01,6.66252e+09,57.58
PTC,2017-06-01,6.37788e+09,55.12
PTC,2017-07-01,6.38598e+09,55.19
PTC,2017-08-01,6.47444e+09,56
PTC,2017-09-01,6.50681e+09,56.28
PTC,2017-10-01,7.68262e+09,66.45
PTC,2017-11-01,7.47323e+09,63.68
PTC,2017-12-01,7.13172e+09,60.77
PTC,2018-01-01,8.52943e+09,72.68
PTC,2018-02-01,8.67831e+09,73.76
PTC,2018-03-01,9.17834e+09,78.01
PTC,2018-04-01,9.68897e+09,82.35
PTC,2018-05-01,1.01681e+10,86.24
PTC,2018-06-01,1.10607e+10,93.81
PTC,2018-07-01,1.08366e+10,91.91
PTC,2018-08-01,1.1743e+10,99.94
PTC,2018-09-01,1.24773e+10,106.19
PTC,2018-10-01,9.68318e+09,82.41
PTC,2018-11-01,1.02195e+10,86.49
PTC,2018-12-01,9.7953e+09,82.9
PTC,2019-01-01,1.00186e+10,84.79
PTC,2019-02-01,1.11048e+10,92.82
PTC,2019-03-01,1.10282e+10,92.18
PTC,2019-04-01,1.08236e+10,90.47
PTC,2019-05-01,9.95783e+09,84.06
PTC,2019-06-01,1.06331e+10,89.76
PTC,2019-07-01,8.02929e+09,67.78
PTC,2019-08-01,7.60323e+09,65.47
PTC,2019-09-01,7.91795e+09,68.18
PTC,2019-10-01,7.77046e+09,66.91
PTC,2019-11-01,9.01766e+09,76.6
PTC,2019-12-01,8.81635e+09,74.89
PTC,2020-01-01,9.61624e+09,83.12
PTC,2020-02-01,8.74046e+09,75.55
PTC,2020-03-01,7.08145e+09,61.21
PTC,2020-04-01,8.0116e+09,69.25
PTC,2020-05-01,8.86138e+09,76.38
PTC,2020-06-01,9.02496e+09,77.79
PTC,2020-07-01,9.92641e+09,85.56
PTC,2020-08-01,1.06245e+10,91.41
PTC,2020-09-01,9.61446e+09,82.72
PTC,2020-10-01,9.74929e+09,83.88
PTC,2020-11-01,1.25394e+10,107.85
PTC,2020-12-01,1.39067e+10,119.61
PTC,2021-01-01,1.5453e+10,132.91
PTC,2021-02-01,1.61048e+10,136.94
PTC,2021-03-01,1.61883e+10,137.65
PTC,2021-04-01,1.53992e+10,130.94
PTC,2021-05-01,1.58729e+10,134.14
PTC,2021-06-01,1.67154e+10,141.26
PTC,2021-07-01,1.60279e+10,135.45
PTC,2021-08-01,1.56163e+10,131.66
PTC,2021-09-01,1.42084e+10,119.79
PTC,2021-10-01,1.51051e+10,127.35
PTC,2021-11-01,1.29707e+10,109.58
PTC,2021-12-01,1.43402e+10,121.15
PTC,2022-01-01,1.37613e+10,116.26
PTC,2022-02-01,1.31976e+10,111.28
PTC,2022-03-01,1.27754e+10,107.72
PTC,2022-04-01,1.35451e+10,114.21
PTC,2022-05-01,1.37285e+10,116.53
PTC,2022-06-01,1.2528e+10,106.34
PTC,2022-07-01,1.45355e+10,123.38
PTC,2022-08-01,1.35533e+10,114.89
PTC,2022-09-01,1.23395e+10,104.6
PTC,2022-10-01,1.39002e+10,117.83
PTC,2022-11-01,1.50404e+10,127.21
PTC,2022-12-01,1.41927e+10,120.04
PTC,2023-01-01,1.59473e+10,134.88
PTC,2023-02-01,1.48877e+10,125.33
PTC,2023-03-01,1.52322e+10,128.23
PTC,2023-04-01,1.49423e+10,125.79
PTC,2023-05-01,1.59991e+10,134.4
PTC,2023-06-01,1.69395e+10,142.3
PTC,2023-07-01,1.73574e+10,145.81
PTC,2023-08-01,1.75709e+10,147.17
PTC,2023-09-01,1.69155e+10,141.68
PTC,2023-10-01,1.6765e+10,140.42
PTC,2023-11-01,1.87784e+10,157.36
PTC,2023-12-01,2.08787e+10,174.96
PTC,2024-01-01,2.15577e+10,180.65
PTC,2024-02-01,2.2007e+10,183.01
PTC,2024-03-01,2.272e+10,188.94
PTC,2024-04-01,2.13372e+10,177.44
PTC,2024-05-01,2.12743e+10,176.24
PTC,2024-06-01,2.19297e+10,181.67
PTC,2024-07-01,2.14686e+10,177.85
PTC,2024-08-01,2.1638e+10,179.09
PTC,2024-09-01,2.18277e+10,180.66
PTC,2024-10-01,2.23919e+10,185.33
PTC,2024-11-01,2.41556e+10,200.06
PTC,2024-12-01,2.22008e+10,183.87
PTC,2025-01-01,2.33612e+10,193.48
PTC,2025-02-01,1.9823e+10,163.63
PTC,2025-03-01,1.87714e+10,154.95
PTC,2025-04-01,1.87738e+10,154.97
PTC,2025-05-01,2.03421e+10,168.32
PTC,2025-06-01,2.0828e+10,172.34
PTC,2025-07-01,2.58762e+10,214.81
PTC,2025-08-01,2.57184e+10,213.5
PTC,2025-09-01,2.45777e+10,204.03
TYL,2011-07-01,8.62786e+08,25.49
TYL,2011-08-01,8.53985e+08,25.23
TYL,2011-09-01,8.55677e+08,25.28
TYL,2011-10-01,1.04055e+09,31.57
TYL,2011-11-01,1.05637e+09,32.05
TYL,2011-12-01,9.92426e+08,30.11
TYL,2012-01-01,1.15788e+09,35.13
TYL,2012-02-01,1.20981e+09,37.77
TYL,2012-03-01,1.23031e+09,38.41
TYL,2012-04-01,1.29957e+09,39.95
TYL,2012-05-01,1.21337e+09,37.3
TYL,2012-06-01,1.31259e+09,40.35
TYL,2012-07-01,1.27865e+09,39.02
TYL,2012-08-01,1.31928e+09,40.26
TYL,2012-09-01,1.44249e+09,44.02
TYL,2012-10-01,1.57706e+09,47.81
TYL,2012-11-01,1.5477e+09,46.92
TYL,2012-12-01,1.59784e+09,48.44
TYL,2013-01-01,1.78289e+09,54.05
TYL,2013-02-01,1.88494e+09,56.4
TYL,2013-03-01,2.04737e+09,61.26
TYL,2013-04-01,2.14687e+09,63.24
TYL,2013-05-01,2.34275e+09,69.01
TYL,2013-06-01,2.32714e+09,68.55
TYL,2013-07-01,2.55872e+09,74.62
TYL,2013-08-01,2.53369e+09,73.89
TYL,2013-09-01,2.99935e+09,87.47
TYL,2013-10-01,3.36203e+09,96.71
TYL,2013-11-01,3.56713e+09,102.61
TYL,2013-12-01,3.55045e+09,102.13
TYL,2014-01-01,3.66586e+09,105.45
TYL,2014-02-01,3.31494e+09,93.78
TYL,2014-03-01,2.95792e+09,83.68
TYL,2014-04-01,2.89858e+09,81.65
TYL,2014-05-01,2.77362e+09,78.13
TYL,2014-06-01,3.23796e+09,91.21
TYL,2014-07-01,3.19016e+09,90.73
TYL,2014-08-01,3.13144e+09,89.06
TYL,2014-09-01,3.10823e+09,88.4
TYL,2014-10-01,3.94899e+09,111.92
TYL,2014-11-01,3.83114e+09,108.58
TYL,2014-12-01,3.86148e+09,109.44
TYL,2015-01-01,3.74293e+09,106.08
TYL,2015-02-01,4.25685e+09,119.37
TYL,2015-03-01,4.29822e+09,120.53
TYL,2015-04-01,4.3774e+09,121.95
TYL,2015-05-01,4.36052e+09,121.48
TYL,2015-06-01,4.6441e+09,129.38
TYL,2015-07-01,5.03698e+09,139.54
TYL,2015-08-01,4.98283e+09,138.04
TYL,2015-09-01,5.38964e+09,149.31
TYL,2015-10-01,6.19242e+09,170.36
TYL,2015-11-01,6.48612e+09,178.44
TYL,2015-12-01,6.33636e+09,174.32
TYL,2016-01-01,5.70897e+09,157.06
TYL,2016-02-01,4.5558e+09,120.32
TYL,2016-03-01,4.86969e+09,128.61
TYL,2016-04-01,5.64513e+09,146.41
TYL,2016-05-01,5.9104e+09,153.29
TYL,2016-06-01,6.42784e+09,166.71
TYL,2016-07-01,6.22671e+09,163.02
TYL,2016-08-01,6.26223e+09,163.95
TYL,2016-09-01,6.5403e+09,171.23
TYL,2016-10-01,6.17636e+09,160.4
TYL,2016-11-01,5.73354e+09,148.9
TYL,2016-12-01,5.4975e+09,142.77
TYL,2017-01-01,5.62265e+09,146.02
TYL,2017-02-01,5.91056e+09,151.65
TYL,2017-03-01,6.02398e+09,154.56
TYL,2017-04-01,6.36889e+09,163.59
TYL,2017-05-01,6.6527e+09,170.88
TYL,2017-06-01,6.83918e+09,175.67
TYL,2017-07-01,6.73512e+09,171.81
TYL,2017-08-01,6.77393e+09,172.8
TYL,2017-09-01,6.83352e+09,174.32
TYL,2017-10-01,6.97494e+09,177.29
TYL,2017-11-01,7.19644e+09,182.92
TYL,2017-12-01,6.9655e+09,177.05
TYL,2018-01-01,7.92781e+09,201.51
TYL,2018-02-01,8.02264e+09,203.11
TYL,2018-03-01,8.33271e+09,210.96
TYL,2018-04-01,8.64712e+09,218.92
TYL,2018-05-01,9.22681e+09,231.62
TYL,2018-06-01,8.84758e+09,222.1
TYL,2018-07-01,8.9627e+09,224.99
TYL,2018-08-01,9.93332e+09,246.95
TYL,2018-09-01,9.85729e+09,245.06
TYL,2018-10-01,8.57816e+09,211.66
TYL,2018-11-01,7.81218e+09,192.76
TYL,2018-12-01,7.53091e+09,185.82
TYL,2019-01-01,7.66749e+09,189.19
TYL,2019-02-01,8.16928e+09,204.79
TYL,2019-03-01,8.15372e+09,204.4
TYL,2019-04-01,9.25112e+09,231.91
TYL,2019-05-01,8.44546e+09,213.35
TYL,2019-06-01,8.55115e+09,216.02
TYL,2019-07-01,9.23716e+09,233.35
TYL,2019-08-01,1.02136e+10,256.54
TYL,2019-09-01,1.04509e+10,262.5
TYL,2019-10-01,1.0816e+10,268.52
TYL,2019-11-01,1.1688e+10,290.17
TYL,2019-12-01,1.20848e+10,300.02
TYL,2020-01-01,1.30378e+10,323.68
TYL,2020-02-01,1.27646e+10,313.35
TYL,2020-03-01,1.20807e+10,296.56
TYL,2020-04-01,1.31945e+10,320.69
TYL,2020-05-01,1.54418e+10,375.31
TYL,2020-06-01,1.4272e+10,346.88
TYL,2020-07-01,1.47959e+10,357.25
TYL,2020-08-01,1.43014e+10,345.31
TYL,2020-09-01,1.4436e+10,348.56
TYL,2020-10-01,1.59195e+10,384.38
TYL,2020-11-01,1.77907e+10,427.6
TYL,2020-12-01,1.81619e+10,436.52
TYL,2021-01-01,1.75906e+10,422.79
TYL,2021-02-01,1.94289e+10,463.42
TYL,2021-03-01,1.77984e+10,424.53
TYL,2021-04-01,1.78123e+10,424.86
TYL,2021-05-01,1.69553e+10,403.16
TYL,2021-06-01,1.90249e+10,452.37
TYL,2021-07-01,2.07185e+10,492.64
TYL,2021-08-01,2.04451e+10,485.7
TYL,2021-09-01,1.93064e+10,458.65
TYL,2021-10-01,2.28663e+10,543.22
TYL,2021-11-01,2.19456e+10,518.98
TYL,2021-12-01,2.27478e+10,537.95
TYL,2022-01-01,2.00351e+10,473.8
TYL,2022-02-01,1.80914e+10,428.26
TYL,2022-03-01,1.87939e+10,444.89
TYL,2022-04-01,1.67527e+10,394.71
TYL,2022-05-01,1.51021e+10,355.82
TYL,2022-06-01,1.41114e+10,332.48
TYL,2022-07-01,1.68861e+10,399
TYL,2022-08-01,1.57227e+10,371.51
TYL,2022-09-01,1.47065e+10,347.5
TYL,2022-10-01,1.37115e+10,323.33
TYL,2022-11-01,1.45346e+10,342.74
TYL,2022-12-01,1.36724e+10,322.41
TYL,2023-01-01,1.36877e+10,322.77
TYL,2023-02-01,1.36207e+10,321.25
TYL,2023-03-01,1.50364e+10,354.64
TYL,2023-04-01,1.6111e+10,379.03
TYL,2023-05-01,1.68732e+10,396.96
TYL,2023-06-01,1.77025e+10,416.47
TYL,2023-07-01,1.69563e+10,396.63
TYL,2023-08-01,1.70333e+10,398.43
TYL,2023-09-01,1.65079e+10,386.14
TYL,2023-10-01,1.59418e+10,372.9
TYL,2023-11-01,1.75151e+10,408.84
TYL,2023-12-01,1.79127e+10,418.12
TYL,2024-01-01,1.8111e+10,422.75
TYL,2024-02-01,1.8696e+10,437.14
TYL,2024-03-01,1.81773e+10,425.01
TYL,2024-04-01,1.98928e+10,461.55
TYL,2024-05-01,2.07035e+10,480.36
TYL,2024-06-01,2.16698e+10,502.78
TYL,2024-07-01,2.4585e+10,568.11
TYL,2024-08-01,2.54401e+10,587.87
TYL,2024-09-01,2.52605e+10,583.72
TYL,2024-10-01,2.64606e+10,605.59
TYL,2024-11-01,2.7491e+10,629.17
TYL,2024-12-01,2.51957e+10,576.64
TYL,2025-01-01,2.62881e+10,601.64
TYL,2025-02-01,2.64649e+10,608.43
TYL,2025-03-01,2.52887e+10,581.39
TYL,2025-04-01,2.38742e+10,543.3
TYL,2025-05-01,2.53547e+10,576.99
TYL,2025-06-01,2.60512e+10,592.84
TYL,2025-07-01,2.56791e+10,584.56
TYL,2025-08-01,2.47268e+10,562.88
TYL,2025-09-01,2.45304e+10,558.41
FICO,2010-08-01,9.97536e+08,22.2243
FICO,2010-09-01,1.09871e+09,24.4783
FICO,2010-10-01,1.07098e+09,23.8605
FICO,2010-11-01,1.04023e+09,23.1756
FICO,2010-12-01,1.04118e+09,23.1966
FICO,2011-01-01,1.13098e+09,25.1973
FICO,2011-02-01,1.12197e+09,27.7448
FICO,2011-03-01,1.2688e+09,31.3757
FICO,2011-04-01,1.19952e+09,29.6624
FICO,2011-05-01,1.18038e+09,29.0606
FICO,2011-06-01,1.21857e+09,30.0008
FICO,2011-07-01,1.20056e+09,29.5572
FICO,2011-08-01,1.02158e+09,25.3866
FICO,2011-09-01,8.73534e+08,21.7076
FICO,2011-10-01,1.09419e+09,27.191
FICO,2011-11-01,1.39866e+09,36.1532
FICO,2011-12-01,1.37849e+09,35.6318
FICO,2012-01-01,1.39367e+09,36.0241
FICO,2012-02-01,1.48531e+09,40.2666
FICO,2012-03-01,1.61079e+09,43.6683
FICO,2012-04-01,1.55977e+09,42.6725
FICO,2012-05-01,1.47903e+09,40.4637
FICO,2012-06-01,1.53796e+09,42.076
FICO,2012-07-01,1.52049e+09,43.0818
FICO,2012-08-01,1.50011e+09,42.5044
FICO,2012-09-01,1.55528e+09,44.0676
FICO,2012-10-01,1.63747e+09,46.3965
FICO,2012-11-01,1.51404e+09,42.6335
FICO,2012-12-01,1.48608e+09,41.8462
FICO,2013-01-01,1.62218e+09,44.8723
FICO,2013-02-01,1.59665e+09,44.166
FICO,2013-03-01,1.64529e+09,45.5115
FICO,2013-04-01,1.69315e+09,46.3978
FICO,2013-05-01,1.7847e+09,48.9066
FICO,2013-06-01,1.66708e+09,45.6835
FICO,2013-07-01,1.81135e+09,49.7829
FICO,2013-08-01,1.81634e+09,49.92
FICO,2013-09-01,2.00579e+09,55.1267
FICO,2013-10-01,2.07833e+09,57.1204
FICO,2013-11-01,2.12738e+09,58.847
FICO,2013-12-01,2.26464e+09,62.644
FICO,2014-01-01,1.94116e+09,54.192
FICO,2014-02-01,1.91934e+09,53.583
FICO,2014-03-01,1.97615e+09,55.169
FICO,2014-04-01,2.01425e+09,57.043
FICO,2014-05-01,2.07487e+09,58.76
FICO,2014-06-01,2.24606e+09,63.608
FICO,2014-07-01,2.00469e+09,57.013
FICO,2014-08-01,2.04052e+09,58.032
FICO,2014-09-01,1.93349e+09,54.988
FICO,2014-10-01,2.18606e+09,62.171
FICO,2014-11-01,2.37947e+09,71.634
FICO,2014-12-01,2.3974e+09,72.174
FICO,2015-01-01,2.35951e+09,71.224
FICO,2015-02-01,2.81489e+09,84.97
FICO,2015-03-01,2.93454e+09,88.582
FICO,2015-04-01,2.86594e+09,88.324
FICO,2015-05-01,2.84264e+09,87.606
FICO,2015-06-01,2.94177e+09,90.661
FICO,2015-07-01,2.93115e+09,90.571
FICO,2015-08-01,2.76568e+09,85.458
FICO,2015-09-01,2.73173e+09,84.409
FICO,2015-10-01,2.9862e+09,92.272
FICO,2015-11-01,3.09236e+09,95.167
FICO,2015-12-01,3.05762e+09,94.098
FICO,2016-01-01,3.09722e+09,95.487
FICO,2016-02-01,3.22524e+09,99.434
FICO,2016-03-01,3.43854e+09,106.01
FICO,2016-04-01,3.45865e+09,106.63
FICO,2016-05-01,3.59302e+09,111.37
FICO,2016-06-01,3.64399e+09,112.95
FICO,2016-07-01,4.09018e+09,126.58
FICO,2016-08-01,4.13219e+09,127.88
FICO,2016-09-01,4.02458e+09,124.55
FICO,2016-10-01,3.89824e+09,120.64
FICO,2016-11-01,3.66256e+09,113.67
FICO,2016-12-01,3.84074e+09,119.2
FICO,2017-01-01,4.01104e+09,123.28
FICO,2017-02-01,4.23131e+09,130.05
FICO,2017-03-01,4.19552e+09,128.95
FICO,2017-04-01,4.37058e+09,135.48
FICO,2017-05-01,4.27961e+09,132.66
FICO,2017-06-01,4.49737e+09,139.41
FICO,2017-07-01,4.59353e+09,142.55
FICO,2017-08-01,4.53585e+09,140.76
FICO,2017-09-01,4.52747e+09,140.5
FICO,2017-10-01,4.67764e+09,145.16
FICO,2017-11-01,5.02011e+09,157.06
FICO,2017-12-01,4.89673e+09,153.2
FICO,2018-01-01,5.44932e+09,172.66
FICO,2018-02-01,5.36348e+09,169.94
FICO,2018-03-01,5.34549e+09,169.37
FICO,2018-04-01,5.42053e+09,173.18
FICO,2018-05-01,5.76014e+09,184.03
FICO,2018-06-01,6.05092e+09,193.32
FICO,2018-07-01,6.2777e+09,201.46
FICO,2018-08-01,7.19757e+09,230.98
FICO,2018-09-01,7.12185e+09,228.55
FICO,2018-10-01,6.00504e+09,192.71
FICO,2018-11-01,6.09834e+09,198.63
FICO,2018-12-01,5.74127e+09,187
FICO,2019-01-01,6.83167e+09,225.2
FICO,2019-02-01,7.51787e+09,247.82
FICO,2019-03-01,8.24017e+09,271.63
FICO,2019-04-01,8.46496e+09,279.75
FICO,2019-05-01,8.95364e+09,295.9
FICO,2019-06-01,9.50193e+09,314.02
FICO,2019-07-01,1.0524e+10,347.42
FICO,2019-08-01,1.06846e+10,352.72
FICO,2019-09-01,9.19423e+09,303.52
FICO,2019-10-01,9.20998e+09,304.04
FICO,2019-11-01,1.11391e+10,367.75
FICO,2019-12-01,1.13491e+10,374.68
FICO,2020-01-01,1.21394e+10,402.38
FICO,2020-02-01,1.13444e+10,376.03
FICO,2020-03-01,9.2827e+09,307.69
FICO,2020-04-01,1.05829e+10,352.94
FICO,2020-05-01,1.20735e+10,402.65
FICO,2020-06-01,1.25349e+10,418.04
FICO,2020-07-01,1.30633e+10,439.19
FICO,2020-08-01,1.2516e+10,420.79
FICO,2020-09-01,1.26525e+10,425.38
FICO,2020-10-01,1.16433e+10,391.45
FICO,2020-11-01,1.41044e+10,472.78
FICO,2020-12-01,1.52459e+10,511.04
FICO,2021-01-01,1.34083e+10,450.11
FICO,2021-02-01,1.363e+10,457.55
FICO,2021-03-01,1.44789e+10,486.05
FICO,2021-04-01,1.55323e+10,521.41
FICO,2021-05-01,1.49445e+10,506.06
FICO,2021-06-01,1.48446e+10,502.68
FICO,2021-07-01,1.54716e+10,523.91
FICO,2021-08-01,1.34221e+10,459.74
FICO,2021-09-01,1.16176e+10,397.93
FICO,2021-10-01,1.16254e+10,398.2
FICO,2021-11-01,1.03326e+10,353.13
FICO,2021-12-01,1.26892e+10,433.67
FICO,2022-01-01,1.36241e+10,494.99
FICO,2022-02-01,1.2969e+10,471.19
FICO,2022-03-01,1.28388e+10,466.46
FICO,2022-04-01,9.86851e+09,373.51
FICO,2022-05-01,1.08207e+10,409.55
FICO,2022-06-01,1.05922e+10,400.9
FICO,2022-07-01,1.22073e+10,462.03
FICO,2022-08-01,1.16246e+10,449.4
FICO,2022-09-01,1.06575e+10,412.01
FICO,2022-10-01,1.23862e+10,478.84
FICO,2022-11-01,1.63278e+10,619.72
FICO,2022-12-01,1.57708e+10,598.58
FICO,2023-01-01,1.69438e+10,665.95
FICO,2023-02-01,1.72348e+10,677.39
FICO,2023-03-01,1.78785e+10,702.69
FICO,2023-04-01,1.85038e+10,727.95
FICO,2023-05-01,2.00218e+10,787.67
FICO,2023-06-01,2.05693e+10,809.21
FICO,2023-07-01,2.13004e+10,837.97
FICO,2023-08-01,2.29196e+10,904.59
FICO,2023-09-01,2.20059e+10,868.53
FICO,2023-10-01,2.14318e+10,845.87
FICO,2023-11-01,2.75891e+10,1087.6
FICO,2023-12-01,2.95274e+10,1164.01
FICO,2024-01-01,3.02333e+10,1198.83
FICO,2024-02-01,3.20259e+10,1269.91
FICO,2024-03-01,3.15139e+10,1249.61
FICO,2024-04-01,2.85078e+10,1133.33
FICO,2024-05-01,3.24469e+10,1289.93
FICO,2024-06-01,3.74458e+10,1488.66
FICO,2024-07-01,4.0024e+10,1600
FICO,2024-08-01,4.32827e+10,1730.27
FICO,2024-09-01,4.86172e+10,1943.52
FICO,2024-10-01,4.98576e+10,1993.11
FICO,2024-11-01,5.95634e+10,2375.03
FICO,2024-12-01,4.99305e+10,1990.93
FICO,2025-01-01,4.6987e+10,1873.56
FICO,2025-02-01,4.68324e+10,1886.35
FICO,2025-03-01,4.5785e+10,1844.16
FICO,2025-04-01,4.91153e+10,1989.68
FICO,2025-05-01,4.26132e+10,1726.28
FICO,2025-06-01,4.51232e+10,1827.96
FICO,2025-07-01,3.53074e+10,1436.72
FICO,2025-08-01,3.73943e+10,1521.64
FICO,2025-09-01,3.80067e+10,1546.56
IT,2010-08-01,2.83516e+09,28.68
IT,2010-09-01,2.91029e+09,29.44
IT,2010-10-01,3.13271e+09,31.69
IT,2010-11-01,3.1783e+09,32.17
IT,2010-12-01,3.28006e+09,33.2
IT,2011-01-01,3.49939e+09,35.42
IT,2011-02-01,3.76574e+09,37.72
IT,2011-03-01,4.16008e+09,41.67
IT,2011-04-01,4.28388e+09,42.91
IT,2011-05-01,3.88157e+09,39.03
IT,2011-06-01,4.00688e+09,40.29
IT,2011-07-01,3.67074e+09,36.91
IT,2011-08-01,3.53849e+09,35.62
IT,2011-09-01,3.46399e+09,34.87
IT,2011-10-01,3.82658e+09,38.52
IT,2011-11-01,3.71714e+09,37.83
IT,2011-12-01,3.41647e+09,34.77
IT,2012-01-01,3.725e+09,37.91
IT,2012-02-01,3.97954e+09,40.26
IT,2012-03-01,4.21479e+09,42.64
IT,2012-04-01,4.32945e+09,43.8
IT,2012-05-01,3.91338e+09,40.68
IT,2012-06-01,4.14137e+09,43.05
IT,2012-07-01,4.27027e+09,44.39
IT,2012-08-01,4.71294e+09,49.39
IT,2012-09-01,4.39805e+09,46.09
IT,2012-10-01,4.42858e+09,46.41
IT,2012-11-01,4.57785e+09,47.88
IT,2012-12-01,4.40002e+09,46.02
IT,2013-01-01,4.92492e+09,51.51
IT,2013-02-01,4.7691e+09,49.76
IT,2013-03-01,5.21476e+09,54.41
IT,2013-04-01,5.54446e+09,57.85
IT,2013-05-01,5.40835e+09,56.61
IT,2013-06-01,5.44465e+09,56.99
IT,2013-07-01,5.73318e+09,60.01
IT,2013-08-01,5.51805e+09,57.97
IT,2013-09-01,5.71128e+09,60
IT,2013-10-01,5.61133e+09,58.95
IT,2013-11-01,6.10005e+09,64.65
IT,2013-12-01,6.70392e+09,71.05
IT,2014-01-01,6.63599e+09,70.33
IT,2014-02-01,6.59637e+09,69.56
IT,2014-03-01,6.585e+09,69.44
IT,2014-04-01,6.53758e+09,68.94
IT,2014-05-01,6.62623e+09,71.09
IT,2014-06-01,6.5731e+09,70.52
IT,2014-07-01,6.37736e+09,68.42
IT,2014-08-01,6.76859e+09,74.59
IT,2014-09-01,6.66696e+09,73.47
IT,2014-10-01,7.32395e+09,80.71
IT,2014-11-01,7.66824e+09,85.48
IT,2014-12-01,7.55431e+09,84.21
IT,2015-01-01,7.55521e+09,84.22
IT,2015-02-01,7.53966e+09,83.11
IT,2015-03-01,7.60679e+09,83.85
IT,2015-04-01,7.52786e+09,82.98
IT,2015-05-01,7.67838e+09,87.48
IT,2015-06-01,7.52917e+09,85.78
IT,2015-07-01,7.46388e+09,88.57
IT,2015-08-01,7.20601e+09,85.51
IT,2015-09-01,7.07287e+09,83.93
IT,2015-10-01,7.64085e+09,90.67
IT,2015-11-01,7.84774e+09,93.3
IT,2015-12-01,7.62905e+09,90.7
IT,2016-01-01,7.39269e+09,87.89
IT,2016-02-01,7.00861e+09,82.4
IT,2016-03-01,7.59975e+09,89.35
IT,2016-04-01,7.41433e+09,87.17
IT,2016-05-01,8.48161e+09,101.62
IT,2016-06-01,8.13023e+09,97.41
IT,2016-07-01,8.36727e+09,100.25
IT,2016-08-01,7.59632e+09,91
IT,2016-09-01,7.38345e+09,88.45
IT,2016-10-01,7.18228e+09,86.04
IT,2016-11-01,8.61662e+09,102.82
IT,2016-12-01,8.46997e+09,101.07
IT,2017-01-01,8.32667e+09,99.36
IT,2017-02-01,8.65106e+09,103.21
IT,2017-03-01,9.05172e+09,107.99
IT,2017-04-01,9.56302e+09,114.09
IT,2017-05-01,1.00578e+10,119.6
IT,2017-06-01,1.03866e+10,123.51
IT,2017-07-01,1.07911e+10,128.32
IT,2017-08-01,1.07683e+10,120.59
IT,2017-09-01,1.11094e+10,124.41
IT,2017-10-01,1.11898e+10,125.31
IT,2017-11-01,1.09555e+10,120.89
IT,2017-12-01,1.11603e+10,123.15
IT,2018-01-01,1.25732e+10,138.74
IT,2018-02-01,1.01831e+10,113.41
IT,2018-03-01,1.05611e+10,117.62
IT,2018-04-01,1.08906e+10,121.29
IT,2018-05-01,1.208e+10,132.74
IT,2018-06-01,1.20946e+10,132.9
IT,2018-07-01,1.23248e+10,135.43
IT,2018-08-01,1.38013e+10,149.76
IT,2018-09-01,1.46067e+10,158.5
IT,2018-10-01,1.35949e+10,147.52
IT,2018-11-01,1.41162e+10,153.19
IT,2018-12-01,1.17802e+10,127.84
IT,2019-01-01,1.2522e+10,135.89
IT,2019-02-01,1.3109e+10,142.3
IT,2019-03-01,1.39731e+10,151.68
IT,2019-04-01,1.46446e+10,158.97
IT,2019-05-01,1.37689e+10,151.3
IT,2019-06-01,1.46462e+10,160.94
IT,2019-07-01,1.27052e+10,139.33
IT,2019-08-01,1.21891e+10,133.67
IT,2019-09-01,1.3039e+10,142.99
IT,2019-10-01,1.40039e+10,154.08
IT,2019-11-01,1.45837e+10,160.46
IT,2019-12-01,1.40057e+10,154.1
IT,2020-01-01,1.46128e+10,160.78
IT,2020-02-01,1.17707e+10,129.39
IT,2020-03-01,9.05798e+09,99.57
IT,2020-04-01,1.08083e+10,118.81
IT,2020-05-01,1.0961e+10,121.7
IT,2020-06-01,1.09277e+10,121.33
IT,2020-07-01,1.12258e+10,124.64
IT,2020-08-01,1.16552e+10,129.82
IT,2020-09-01,1.1218e+10,124.95
IT,2020-10-01,1.07826e+10,120.1
IT,2020-11-01,1.36732e+10,152
IT,2020-12-01,1.44099e+10,160.19
IT,2021-01-01,1.36651e+10,151.91
IT,2021-02-01,1.61166e+10,179.04
IT,2021-03-01,1.64326e+10,182.55
IT,2021-04-01,1.76325e+10,195.88
IT,2021-05-01,2.0666e+10,231.84
IT,2021-06-01,2.15895e+10,242.2
IT,2021-07-01,2.35978e+10,264.73
IT,2021-08-01,2.67335e+10,308.74
IT,2021-09-01,2.63127e+10,303.88
IT,2021-10-01,2.87398e+10,331.91
IT,2021-11-01,2.64682e+10,312.25
IT,2021-12-01,2.8339e+10,334.32
IT,2022-01-01,2.49119e+10,293.89
IT,2022-02-01,2.41658e+10,280.42
IT,2022-03-01,2.56342e+10,297.46
IT,2022-04-01,2.50387e+10,290.55
IT,2022-05-01,2.17721e+10,262.4
IT,2022-06-01,2.00654e+10,241.83
IT,2022-07-01,2.20277e+10,265.48
IT,2022-08-01,2.31035e+10,285.32
IT,2022-09-01,2.24047e+10,276.69
IT,2022-10-01,2.44477e+10,301.92
IT,2022-11-01,2.80503e+10,350.37
IT,2022-12-01,2.6911e+10,336.14
IT,2023-01-01,2.70712e+10,338.14
IT,2023-02-01,2.65746e+10,327.81
IT,2023-03-01,2.64092e+10,325.77
IT,2023-04-01,2.45195e+10,302.46
IT,2023-05-01,2.75255e+10,342.86
IT,2023-06-01,2.81236e+10,350.31
IT,2023-07-01,2.83869e+10,353.59
IT,2023-08-01,2.79115e+10,349.68
IT,2023-09-01,2.7427e+10,343.61
IT,2023-10-01,2.65034e+10,332.04
IT,2023-11-01,3.45785e+10,434.84
IT,2023-12-01,3.58723e+10,451.11
IT,2024-01-01,3.63756e+10,457.44
IT,2024-02-01,3.70958e+10,465.56
IT,2024-03-01,3.79811e+10,476.67
IT,2024-04-01,3.25798e+10,412.59
IT,2024-05-01,3.31388e+10,419.67
IT,2024-06-01,3.54596e+10,449.06
IT,2024-07-01,3.92372e+10,501.19
IT,2024-08-01,3.85146e+10,491.96
IT,2024-09-01,3.96732e+10,506.76
IT,2024-10-01,3.93397e+10,502.5
IT,2024-11-01,4.0382e+10,517.93
IT,2024-12-01,3.77732e+10,484.47
IT,2025-01-01,4.23234e+10,542.83
IT,2025-02-01,3.90374e+10,498.32
IT,2025-03-01,3.28816e+10,419.74
IT,2025-04-01,3.29866e+10,421.08
IT,2025-05-01,3.39491e+10,436.42
IT,2025-06-01,3.14443e+10,404.22
IT,2025-07-01,2.63436e+10,338.65
IT,2025-08-01,1.94318e+10,251.19
IT,2025-09-01,1.9052e+10,246.28
EPAM,2012-05-01,5.94248e+08,17.5
EPAM,2012-06-01,5.76929e+08,16.99
EPAM,2012-07-01,5.4467e+08,16.04
EPAM,2012-08-01,811685,17.5
EPAM,2012-09-01,878475,18.94
EPAM,2012-10-01,833948,17.98
EPAM,2012-11-01,9.56526e+08,20.57
EPAM,2012-12-01,8.41668e+08,18.1
EPAM,2013-01-01,9.63501e+08,20.72
EPAM,2013-02-01,9.75591e+08,20.98
EPAM,2013-03-01,1.01796e+06,23.23
EPAM,2013-04-01,942152,21.5
EPAM,2013-05-01,1.10348e+09,23.16
EPAM,2013-06-01,1.29502e+09,27.18
EPAM,2013-07-01,1.37935e+09,28.95
EPAM,2013-08-01,1.5343e+06,31.98
EPAM,2013-09-01,1.65521e+06,34.5
EPAM,2013-10-01,1.7977e+06,37.47
EPAM,2013-11-01,1.7281e+09,35.47
EPAM,2013-12-01,1.70228e+09,34.94
EPAM,2014-01-01,1.99265e+09,40.9
EPAM,2014-02-01,2.04283e+09,41.93
EPAM,2014-03-01,1.59098e+06,32.9
EPAM,2014-04-01,1.50538e+06,31.13
EPAM,2014-05-01,2.07014e+09,42.07
EPAM,2014-06-01,2.15281e+09,43.75
EPAM,2014-07-01,1.90234e+09,38.66
EPAM,2014-08-01,1.8659e+09,37.65
EPAM,2014-09-01,2.17019e+09,43.79
EPAM,2014-10-01,2.36595e+09,47.74
EPAM,2014-11-01,2.54277e+09,51.03
EPAM,2014-12-01,2.37933e+09,47.75
EPAM,2015-01-01,2.43813e+09,48.93
EPAM,2015-02-01,3.07345e+09,61.68
EPAM,2015-03-01,3.0482e+09,61.29
EPAM,2015-04-01,3.21829e+09,64.71
EPAM,2015-05-01,3.66741e+09,71.91
EPAM,2015-06-01,3.63273e+09,71.23
EPAM,2015-07-01,3.77961e+09,74.11
EPAM,2015-08-01,3.66586e+09,70.61
EPAM,2015-09-01,3.86885e+09,74.52
EPAM,2015-10-01,4.01578e+09,77.35
EPAM,2015-11-01,4.12104e+09,78.73
EPAM,2015-12-01,4.11529e+09,78.62
EPAM,2016-01-01,3.92057e+09,74.9
EPAM,2016-02-01,3.5548e+09,68.38
EPAM,2016-03-01,3.88179e+09,74.67
EPAM,2016-04-01,3.79134e+09,72.93
EPAM,2016-05-01,4.04608e+09,76.51
EPAM,2016-06-01,3.40091e+09,64.31
EPAM,2016-07-01,3.7145e+09,70.24
EPAM,2016-08-01,3.63361e+09,68.21
EPAM,2016-09-01,3.69221e+09,69.31
EPAM,2016-10-01,3.42905e+09,64.37
EPAM,2016-11-01,3.54964e+09,65.9
EPAM,2016-12-01,3.46399e+09,64.31
EPAM,2017-01-01,3.46669e+09,64.36
EPAM,2017-02-01,3.96601e+09,73.63
EPAM,2017-03-01,4.0188e+09,75.52
EPAM,2017-04-01,4.09756e+09,77
EPAM,2017-05-01,4.52021e+09,83.88
EPAM,2017-06-01,4.53153e+09,84.09
EPAM,2017-07-01,4.63068e+09,85.93
EPAM,2017-08-01,4.46079e+09,81.33
EPAM,2017-09-01,4.82278e+09,87.93
EPAM,2017-10-01,4.9994e+09,91.15
EPAM,2017-11-01,5.60243e+09,101.44
EPAM,2017-12-01,5.93325e+09,107.43
EPAM,2018-01-01,6.4883e+09,117.48
EPAM,2018-02-01,6.21981e+09,113.12
EPAM,2018-03-01,6.29679e+09,114.52
EPAM,2018-04-01,6.28744e+09,114.35
EPAM,2018-05-01,6.92771e+09,123.18
EPAM,2018-06-01,6.99239e+09,124.33
EPAM,2018-07-01,7.32308e+09,130.21
EPAM,2018-08-01,8.08798e+09,142.93
EPAM,2018-09-01,7.79203e+09,137.7
EPAM,2018-10-01,6.76045e+09,119.47
EPAM,2018-11-01,7.41941e+09,130.25
EPAM,2018-12-01,6.60826e+09,116.01
EPAM,2019-01-01,8.05911e+09,141.48
EPAM,2019-02-01,9.16856e+09,161.78
EPAM,2019-03-01,9.5851e+09,169.13
EPAM,2019-04-01,1.01649e+10,179.36
EPAM,2019-05-01,9.87843e+09,172.59
EPAM,2019-06-01,9.90763e+09,173.1
EPAM,2019-07-01,1.10918e+10,193.79
EPAM,2019-08-01,1.10233e+10,191.33
EPAM,2019-09-01,1.05042e+10,182.32
EPAM,2019-10-01,1.01378e+10,175.96
EPAM,2019-11-01,1.22543e+10,211.85
EPAM,2019-12-01,1.22723e+10,212.16
EPAM,2020-01-01,1.31966e+10,228.14
EPAM,2020-02-01,1.29109e+10,223.2
EPAM,2020-03-01,1.07066e+10,185.66
EPAM,2020-04-01,1.27382e+10,220.89
EPAM,2020-05-01,1.341e+10,230.64
EPAM,2020-06-01,1.46525e+10,252.01
EPAM,2020-07-01,1.6866e+10,290.08
EPAM,2020-08-01,1.90523e+10,327.1
EPAM,2020-09-01,1.88298e+10,323.28
EPAM,2020-10-01,1.79952e+10,308.95
EPAM,2020-11-01,1.88937e+10,322.33
EPAM,2020-12-01,2.10051e+10,358.35
EPAM,2021-01-01,2.01891e+10,344.43
EPAM,2021-02-01,2.1836e+10,373.61
EPAM,2021-03-01,2.31849e+10,396.69
EPAM,2021-04-01,2.67537e+10,457.75
EPAM,2021-05-01,2.80724e+10,477.6
EPAM,2021-06-01,3.00332e+10,510.96
EPAM,2021-07-01,3.29039e+10,559.8
EPAM,2021-08-01,3.73428e+10,632.81
EPAM,2021-09-01,3.36646e+10,570.48
EPAM,2021-10-01,3.97286e+10,673.24
EPAM,2021-11-01,3.6028e+10,608.55
EPAM,2021-12-01,3.95742e+10,668.45
EPAM,2022-01-01,2.81889e+10,476.14
EPAM,2022-02-01,1.22705e+10,207.75
EPAM,2022-03-01,1.7519e+10,296.61
EPAM,2022-04-01,1.56514e+10,264.99
EPAM,2022-05-01,1.99527e+10,338.52
EPAM,2022-06-01,1.73746e+10,294.78
EPAM,2022-07-01,2.05851e+10,349.25
EPAM,2022-08-01,2.5172e+10,426.5
EPAM,2022-09-01,2.13765e+10,362.19
EPAM,2022-10-01,2.0657e+10,350
EPAM,2022-11-01,2.18778e+10,368.58
EPAM,2022-12-01,1.94537e+10,327.74
EPAM,2023-01-01,1.97451e+10,332.65
EPAM,2023-02-01,1.82033e+10,307.65
EPAM,2023-03-01,1.76915e+10,299
EPAM,2023-04-01,1.67117e+10,282.44
EPAM,2023-05-01,1.52171e+10,256.62
EPAM,2023-06-01,1.33272e+10,224.75
EPAM,2023-07-01,1.40424e+10,236.81
EPAM,2023-08-01,1.53273e+10,258.99
EPAM,2023-09-01,1.5132e+10,255.69
EPAM,2023-10-01,1.2876e+10,217.57
EPAM,2023-11-01,1.52198e+10,258.19
EPAM,2023-12-01,1.75276e+10,297.34
EPAM,2024-01-01,1.6394e+10,278.11
EPAM,2024-02-01,1.79855e+10,304.4
EPAM,2024-03-01,1.63169e+10,276.16
EPAM,2024-04-01,1.39003e+10,235.26
EPAM,2024-05-01,1.04856e+10,177.93
EPAM,2024-06-01,1.10855e+10,188.11
EPAM,2024-07-01,1.26778e+10,215.13
EPAM,2024-08-01,1.1674e+10,200.76
EPAM,2024-09-01,1.15734e+10,199.03
EPAM,2024-10-01,1.09698e+10,188.65
EPAM,2024-11-01,1.40071e+10,243.92
EPAM,2024-12-01,1.34271e+10,233.82
EPAM,2025-01-01,1.45837e+10,253.96
EPAM,2025-02-01,1.19526e+10,206.14
EPAM,2025-03-01,9.78985e+09,168.84
EPAM,2025-04-01,9.09811e+09,156.91
EPAM,2025-05-01,9.99165e+09,174.49
EPAM,2025-06-01,1.01251e+10,176.82
EPAM,2025-07-01,9.03079e+09,157.71
EPAM,2025-08-01,9.97069e+09,176.36
EPAM,2025-09-01,9.32957e+09,165.02
SMCI,2020-01-01,1.44564e+09,2.796
SMCI,2020-02-01,1.31999e+09,2.538
SMCI,2020-03-01,1.10675e+09,2.128
SMCI,2020-04-01,1.19101e+09,2.29
SMCI,2020-05-01,1.39387e+09,2.596
SMCI,2020-06-01,1.52434e+09,2.839
SMCI,2020-07-01,1.62717e+09,3.0305
SMCI,2020-08-01,1.44723e+09,2.739
SMCI,2020-09-01,1.39492e+09,2.64
SMCI,2020-10-01,1.20048e+09,2.272
SMCI,2020-11-01,1.53536e+09,2.821
SMCI,2020-12-01,1.72313e+09,3.166
SMCI,2021-01-01,1.68721e+09,3.1
SMCI,2021-02-01,1.74845e+09,3.263
SMCI,2021-03-01,2.09299e+09,3.906
SMCI,2021-04-01,1.98368e+09,3.702
SMCI,2021-05-01,1.84879e+09,3.474
SMCI,2021-06-01,1.87221e+09,3.518
SMCI,2021-07-01,2.02441e+09,3.804
SMCI,2021-08-01,1.95515e+09,3.654
SMCI,2021-09-01,1.95675e+09,3.657
SMCI,2021-10-01,1.89361e+09,3.539
SMCI,2021-11-01,2.19072e+09,4.14
SMCI,2021-12-01,2.32566e+09,4.395
SMCI,2022-01-01,2.14416e+09,4.052
SMCI,2022-02-01,2.10245e+09,3.929
SMCI,2022-03-01,2.03716e+09,3.807
SMCI,2022-04-01,2.25281e+09,4.21
SMCI,2022-05-01,2.69253e+09,5.006
SMCI,2022-06-01,2.17027e+09,4.035
SMCI,2022-07-01,2.90498e+09,5.401
SMCI,2022-08-01,3.48926e+09,6.508
SMCI,2022-09-01,2.95258e+09,5.507
SMCI,2022-10-01,3.73107e+09,6.959
SMCI,2022-11-01,4.96418e+09,9.023
SMCI,2022-12-01,4.5169e+09,8.21
SMCI,2023-01-01,3.97938e+09,7.233
SMCI,2023-02-01,5.50043e+09,9.797
SMCI,2023-03-01,5.98214e+09,10.655
SMCI,2023-04-01,5.91926e+09,10.543
SMCI,2023-05-01,1.25934e+10,22.395
SMCI,2023-06-01,1.40161e+10,24.925
SMCI,2023-07-01,1.85721e+10,33.027
SMCI,2023-08-01,1.53962e+10,27.508
SMCI,2023-09-01,1.53481e+10,27.422
SMCI,2023-10-01,1.34031e+10,23.947
SMCI,2023-11-01,1.56384e+10,27.347
SMCI,2023-12-01,1.62554e+10,28.426
SMCI,2024-01-01,3.02857e+10,52.961
SMCI,2024-02-01,5.03025e+10,86.612
SMCI,2024-03-01,5.86605e+10,101.003
SMCI,2024-04-01,4.98774e+10,85.88
SMCI,2024-05-01,4.81932e+10,78.451
SMCI,2024-06-01,5.03335e+10,81.935
SMCI,2024-07-01,4.31031e+10,70.165
SMCI,2024-08-01,2.68883e+10,43.77
SMCI,2024-09-01,2.55799e+10,41.64
SMCI,2024-10-01,1.78826e+10,29.11
SMCI,2024-11-01,2.00511e+10,32.64
SMCI,2024-12-01,1.87242e+10,30.48
SMCI,2025-01-01,1.75201e+10,28.52
SMCI,2025-02-01,2.63705e+10,41.46
SMCI,2025-03-01,2.17782e+10,34.24
SMCI,2025-04-01,2.02645e+10,31.86
SMCI,2025-05-01,2.48848e+10,40.02
SMCI,2025-06-01,3.04749e+10,49.01
SMCI,2025-07-01,3.66681e+10,58.97
SMCI,2025-08-01,2.61038e+10,41.54
SMCI,2025-09-01,2.6971e+10,42.92
CRWD,2019-07-01,4.20455e+09,89.07
CRWD,2019-08-01,3.83682e+09,81.28
CRWD,2019-09-01,7.58561e+09,58.31
CRWD,2019-10-01,6.49284e+09,49.91
CRWD,2019-11-01,7.54528e+09,58
CRWD,2019-12-01,1.01783e+10,49.87
CRWD,2020-01-01,1.24682e+10,61.09
CRWD,2020-02-01,1.21723e+10,59.64
CRWD,2020-03-01,8.24409e+09,55.68
CRWD,2020-04-01,1.00179e+10,67.66
CRWD,2020-05-01,1.30013e+10,87.81
CRWD,2020-06-01,2.13747e+10,100.29
CRWD,2020-07-01,2.41262e+10,113.2
CRWD,2020-08-01,2.67967e+10,125.73
CRWD,2020-09-01,2.97566e+10,137.32
CRWD,2020-10-01,2.68355e+10,123.84
CRWD,2020-11-01,3.3215e+10,153.28
CRWD,2020-12-01,4.64735e+10,211.82
CRWD,2021-01-01,4.73467e+10,215.8
CRWD,2021-02-01,4.73906e+10,216
CRWD,2021-03-01,3.97426e+10,182.51
CRWD,2021-04-01,4.54043e+10,208.51
CRWD,2021-05-01,4.83745e+10,222.15
CRWD,2021-06-01,5.63319e+10,251.31
CRWD,2021-07-01,5.68474e+10,253.61
CRWD,2021-08-01,6.2987e+10,281
CRWD,2021-09-01,5.56353e+10,245.78
CRWD,2021-10-01,6.37888e+10,281.8
CRWD,2021-11-01,4.91522e+10,217.14
CRWD,2021-12-01,4.6743e+10,204.75
CRWD,2022-01-01,4.12388e+10,180.64
CRWD,2022-02-01,4.45651e+10,195.21
CRWD,2022-03-01,5.15794e+10,227.08
CRWD,2022-04-01,4.51467e+10,198.76
CRWD,2022-05-01,3.63404e+10,159.99
CRWD,2022-06-01,3.89675e+10,168.56
CRWD,2022-07-01,4.24445e+10,183.6
CRWD,2022-08-01,4.24667e+10,182.61
CRWD,2022-09-01,3.83272e+10,164.81
CRWD,2022-10-01,3.74877e+10,161.2
CRWD,2022-11-01,2.75048e+10,117.65
CRWD,2022-12-01,2.46152e+10,105.29
CRWD,2023-01-01,2.47578e+10,105.9
CRWD,2023-02-01,2.82155e+10,120.69
CRWD,2023-03-01,3.20007e+10,137.26
CRWD,2023-04-01,2.79883e+10,120.05
CRWD,2023-05-01,3.73325e+10,160.13
CRWD,2023-06-01,3.53366e+10,146.87
CRWD,2023-07-01,3.88951e+10,161.66
CRWD,2023-08-01,3.94767e+10,163.03
CRWD,2023-09-01,4.05301e+10,167.38
CRWD,2023-10-01,4.28038e+10,176.77
CRWD,2023-11-01,5.77779e+10,236.99
CRWD,2023-12-01,6.22468e+10,255.32
CRWD,2024-01-01,7.13112e+10,292.5
CRWD,2024-02-01,7.90274e+10,324.15
CRWD,2024-03-01,7.81069e+10,320.59
CRWD,2024-04-01,7.1273e+10,292.54
CRWD,2024-05-01,7.6421e+10,313.67
CRWD,2024-06-01,9.58603e+10,383.19
CRWD,2024-07-01,5.8028e+10,231.96
CRWD,2024-08-01,6.96708e+10,277.28
CRWD,2024-09-01,7.04723e+10,280.47
CRWD,2024-10-01,7.4593e+10,296.87
CRWD,2024-11-01,8.49481e+10,345.97
CRWD,2024-12-01,8.40126e+10,342.16
CRWD,2025-01-01,9.77405e+10,398.07
CRWD,2025-02-01,9.56756e+10,389.66
CRWD,2025-03-01,8.6294e+10,352.58
CRWD,2025-04-01,1.04966e+11,428.87
CRWD,2025-05-01,1.15368e+11,471.37
CRWD,2025-06-01,1.26529e+11,509.31
CRWD,2025-07-01,1.1293e+11,454.57
CRWD,2025-08-01,1.05886e+11,423.7
CRWD,2025-09-01,1.05839e+11,423.51
PLTR,2020-11-01,2.45471e+10,27.11
PLTR,2020-12-01,2.13236e+10,23.55
PLTR,2021-01-01,3.18542e+10,35.18
PLTR,2021-02-01,2.3406e+10,23.9
PLTR,2021-03-01,2.28086e+10,23.29
PLTR,2021-04-01,2.25638e+10,23.04
PLTR,2021-05-01,4.17956e+10,22.95
PLTR,2021-06-01,4.80057e+10,26.36
PLTR,2021-07-01,3.95373e+10,21.71
PLTR,2021-08-01,4.99039e+10,26.34
PLTR,2021-09-01,4.55463e+10,24.04
PLTR,2021-10-01,4.90324e+10,25.88
PLTR,2021-11-01,4.05648e+10,20.65
PLTR,2021-12-01,3.57716e+10,18.21
PLTR,2022-01-01,2.69319e+10,13.71
PLTR,2022-02-01,2.27949e+10,11.85
PLTR,2022-03-01,2.64113e+10,13.73
PLTR,2022-04-01,2.00056e+10,10.4
PLTR,2022-05-01,1.76751e+10,8.68
PLTR,2022-06-01,1.84693e+10,9.07
PLTR,2022-07-01,2.10758e+10,10.35
PLTR,2022-08-01,1.5863e+10,7.72
PLTR,2022-09-01,1.67055e+10,8.13
PLTR,2022-10-01,1.80617e+10,8.79
PLTR,2022-11-01,1.55495e+10,7.5
PLTR,2022-12-01,1.33104e+10,6.42
PLTR,2023-01-01,1.613e+10,7.78
PLTR,2023-02-01,1.61801e+10,7.84
PLTR,2023-03-01,1.74391e+10,8.45
PLTR,2023-04-01,1.59944e+10,7.75
PLTR,2023-05-01,3.26185e+10,14.71
PLTR,2023-06-01,3.39933e+10,15.33
PLTR,2023-07-01,4.3994e+10,19.84
PLTR,2023-08-01,3.41268e+10,14.98
PLTR,2023-09-01,3.64505e+10,16
PLTR,2023-10-01,3.37167e+10,14.8
PLTR,2023-11-01,4.66283e+10,20.05
PLTR,2023-12-01,3.99306e+10,17.17
PLTR,2024-01-01,3.74189e+10,16.09
PLTR,2024-02-01,5.7632e+10,25.08
PLTR,2024-03-01,5.28753e+10,23.01
PLTR,2024-04-01,5.04855e+10,21.97
PLTR,2024-05-01,5.20343e+10,21.68
PLTR,2024-06-01,6.07947e+10,25.33
PLTR,2024-07-01,6.45389e+10,26.89
PLTR,2024-08-01,7.60146e+10,31.48
PLTR,2024-09-01,8.98267e+10,37.2
PLTR,2024-10-01,1.00355e+11,41.56
PLTR,2024-11-01,1.64989e+11,67.08
PLTR,2024-12-01,1.86019e+11,75.63
PLTR,2025-01-01,2.02891e+11,82.49
PLTR,2025-02-01,2.08123e+11,84.92
PLTR,2025-03-01,2.06849e+11,84.4
PLTR,2025-04-01,2.90275e+11,118.44
PLTR,2025-05-01,3.3641e+11,131.78
PLTR,2025-06-01,3.48e+11,136.32
PLTR,2025-07-01,4.04239e+11,158.35
PLTR,2025-08-01,4.01634e+11,156.71
PLTR,2025-09-01,4.16114e+11,162.36
WDAY,2012-12-01,3.37682e+09,54.5
WDAY,2013-01-01,3.3099e+09,53.42
WDAY,2013-02-01,3.42577e+09,55.29
WDAY,2013-03-01,3.81859e+09,61.63
WDAY,2013-04-01,3.88179e+09,62.65
WDAY,2013-05-01,3.97969e+09,64.23
WDAY,2013-06-01,3.97102e+09,64.09
WDAY,2013-07-01,4.23125e+09,68.29
WDAY,2013-08-01,4.49396e+09,72.53
WDAY,2013-09-01,5.01442e+09,80.93
WDAY,2013-10-01,4.63895e+09,74.87
WDAY,2013-11-01,5.10241e+09,82.35
WDAY,2013-12-01,5.15259e+09,83.16
WDAY,2014-01-01,5.5479e+09,89.54
WDAY,2014-02-01,6.81064e+09,109.92
WDAY,2014-03-01,1.56617e+10,91.43
WDAY,2014-04-01,1.25167e+10,73.07
WDAY,2014-05-01,1.34245e+10,78.37
WDAY,2014-06-01,1.64519e+10,89.86
WDAY,2014-07-01,1.53498e+10,83.84
WDAY,2014-08-01,1.66735e+10,91.07
WDAY,2014-09-01,1.52063e+10,82.5
WDAY,2014-10-01,1.75988e+10,95.48
WDAY,2014-11-01,1.6045e+10,87.05
WDAY,2014-12-01,1.50415e+10,81.61
WDAY,2015-01-01,1.46453e+10,79.46
WDAY,2015-02-01,1.57585e+10,85.5
WDAY,2015-03-01,1.55063e+10,84.41
WDAY,2015-04-01,1.67555e+10,91.21
WDAY,2015-05-01,1.44978e+10,78.92
WDAY,2015-06-01,1.43147e+10,76.39
WDAY,2015-07-01,1.58026e+10,84.33
WDAY,2015-08-01,1.3166e+10,70.26
WDAY,2015-09-01,1.30393e+10,68.86
WDAY,2015-10-01,1.49538e+10,78.97
WDAY,2015-11-01,1.58513e+10,83.71
WDAY,2015-12-01,1.51971e+10,79.68
WDAY,2016-01-01,1.20177e+10,63.01
WDAY,2016-02-01,1.15294e+10,60.45
WDAY,2016-03-01,1.46008e+10,76.84
WDAY,2016-04-01,1.42474e+10,74.98
WDAY,2016-05-01,1.44108e+10,75.84
WDAY,2016-06-01,1.45255e+10,74.67
WDAY,2016-07-01,1.6212e+10,83.34
WDAY,2016-08-01,1.64941e+10,84.79
WDAY,2016-09-01,1.80834e+10,91.69
WDAY,2016-10-01,1.70953e+10,86.68
WDAY,2016-11-01,1.66298e+10,84.32
WDAY,2016-12-01,1.31836e+10,66.09
WDAY,2017-01-01,1.65747e+10,83.09
WDAY,2017-02-01,1.65428e+10,82.93
WDAY,2017-03-01,1.65073e+10,83.28
WDAY,2017-04-01,1.73239e+10,87.4
WDAY,2017-05-01,1.98174e+10,99.98
WDAY,2017-06-01,1.97703e+10,97
WDAY,2017-07-01,2.08119e+10,102.11
WDAY,2017-08-01,2.27089e+10,109.69
WDAY,2017-09-01,2.18187e+10,105.39
WDAY,2017-10-01,2.2978e+10,110.99
WDAY,2017-11-01,2.15464e+10,103
WDAY,2017-12-01,2.12828e+10,101.74
WDAY,2018-01-01,2.50795e+10,119.89
WDAY,2018-02-01,2.64978e+10,126.67
WDAY,2018-03-01,2.64102e+10,127.11
WDAY,2018-04-01,2.59385e+10,124.84
WDAY,2018-05-01,2.72101e+10,130.96
WDAY,2018-06-01,2.58052e+10,121.12
WDAY,2018-07-01,2.64231e+10,124.02
WDAY,2018-08-01,3.29255e+10,154.54
WDAY,2018-09-01,3.15218e+10,145.98
WDAY,2018-10-01,2.87233e+10,133.02
WDAY,2018-11-01,3.54128e+10,164
WDAY,2018-12-01,3.47614e+10,159.68
WDAY,2019-01-01,3.9518e+10,181.53
WDAY,2019-02-01,4.30882e+10,197.93
WDAY,2019-03-01,4.18078e+10,192.85
WDAY,2019-04-01,4.45783e+10,205.63
WDAY,2019-05-01,4.55818e+10,204.12
WDAY,2019-06-01,4.59079e+10,205.58
WDAY,2019-07-01,4.46573e+10,199.98
WDAY,2019-08-01,4.01348e+10,177.28
WDAY,2019-09-01,3.84776e+10,169.96
WDAY,2019-10-01,3.67117e+10,162.16
WDAY,2019-11-01,4.05513e+10,179.12
WDAY,2019-12-01,3.75704e+10,164.45
WDAY,2020-01-01,4.21808e+10,184.63
WDAY,2020-02-01,3.95809e+10,173.25
WDAY,2020-03-01,2.9584e+10,130.22
WDAY,2020-04-01,3.49638e+10,153.9
WDAY,2020-05-01,4.2728e+10,183.43
WDAY,2020-06-01,4.36435e+10,187.36
WDAY,2020-07-01,4.21433e+10,180.92
WDAY,2020-08-01,5.6572e+10,239.71
WDAY,2020-09-01,5.07711e+10,215.13
WDAY,2020-10-01,4.95887e+10,210.12
WDAY,2020-11-01,5.35133e+10,224.79
WDAY,2020-12-01,5.70413e+10,239.61
WDAY,2021-01-01,5.41656e+10,227.53
WDAY,2021-02-01,5.83673e+10,245.18
WDAY,2021-03-01,5.88826e+10,248.43
WDAY,2021-04-01,5.85437e+10,247
WDAY,2021-05-01,5.5748e+10,228.72
WDAY,2021-06-01,5.81902e+10,238.74
WDAY,2021-07-01,5.71324e+10,234.4
WDAY,2021-08-01,7.1026e+10,273.16
WDAY,2021-09-01,6.49754e+10,249.89
WDAY,2021-10-01,7.53994e+10,289.98
WDAY,2021-11-01,6.98628e+10,274.23
WDAY,2021-12-01,6.95953e+10,273.18
WDAY,2022-01-01,6.44568e+10,253.01
WDAY,2022-02-01,5.8186e+10,229.05
WDAY,2022-03-01,6.08305e+10,239.46
WDAY,2022-04-01,5.25084e+10,206.7
WDAY,2022-05-01,3.93474e+10,156.3
WDAY,2022-06-01,3.51383e+10,139.58
WDAY,2022-07-01,3.90453e+10,155.1
WDAY,2022-08-01,4.18567e+10,164.56
WDAY,2022-09-01,3.87179e+10,152.22
WDAY,2022-10-01,3.96336e+10,155.82
WDAY,2022-11-01,4.29409e+10,167.9
WDAY,2022-12-01,4.27951e+10,167.33
WDAY,2023-01-01,4.64013e+10,181.43
WDAY,2023-02-01,4.72613e+10,185.47
WDAY,2023-03-01,5.26303e+10,206.54
WDAY,2023-04-01,4.7432e+10,186.14
WDAY,2023-05-01,5.5408e+10,211.99
WDAY,2023-06-01,5.90411e+10,225.89
WDAY,2023-07-01,6.19789e+10,237.13
WDAY,2023-08-01,6.46544e+10,244.5
WDAY,2023-09-01,5.68139e+10,214.85
WDAY,2023-10-01,5.59835e+10,211.71
WDAY,2023-11-01,7.21136e+10,270.72
WDAY,2023-12-01,7.3536e+10,276.06
WDAY,2024-01-01,7.75344e+10,291.07
WDAY,2024-02-01,7.84906e+10,294.66
WDAY,2024-03-01,7.23565e+10,272.75
WDAY,2024-04-01,6.49232e+10,244.73
WDAY,2024-05-01,5.71545e+10,211.45
WDAY,2024-06-01,6.04278e+10,223.56
WDAY,2024-07-01,6.13901e+10,227.12
WDAY,2024-08-01,7.05215e+10,263.19
WDAY,2024-09-01,6.54894e+10,244.41
WDAY,2024-10-01,6.26599e+10,233.85
WDAY,2024-11-01,6.69846e+10,249.99
WDAY,2024-12-01,6.92937e+10,258.03
WDAY,2025-01-01,7.0376e+10,262.06
WDAY,2025-02-01,7.07197e+10,263.34
WDAY,2025-03-01,6.28674e+10,233.53
WDAY,2025-04-01,6.59552e+10,245
WDAY,2025-05-01,6.6955e+10,247.71
WDAY,2025-06-01,6.4871e+10,240
WDAY,2025-07-01,6.20005e+10,229.38
WDAY,2025-08-01,6.23629e+10,230.82
WDAY,2025-09-01,6.23457e+10,230.756
TRMB,2010-08-01,3.4909e+09,14.065
TRMB,2010-09-01,4.34843e+09,17.52
TRMB,2010-10-01,4.44771e+09,17.92
TRMB,2010-11-01,4.57564e+09,18.62
TRMB,2010-12-01,4.90616e+09,19.965
TRMB,2011-01-01,5.6618e+09,23.04
TRMB,2011-02-01,6.03901e+09,24.575
TRMB,2011-03-01,6.2098e+09,25.27
TRMB,2011-04-01,5.75518e+09,23.42
TRMB,2011-05-01,5.49865e+09,21.845
TRMB,2011-06-01,4.98893e+09,19.82
TRMB,2011-07-01,4.47796e+09,17.79
TRMB,2011-08-01,4.68677e+09,18.57
TRMB,2011-09-01,4.23374e+09,16.775
TRMB,2011-10-01,5.09942e+09,20.205
TRMB,2011-11-01,5.42351e+09,21.54
TRMB,2011-12-01,5.4638e+09,21.7
TRMB,2012-01-01,5.89562e+09,23.415
TRMB,2012-02-01,6.34323e+09,25.145
TRMB,2012-03-01,6.86416e+09,27.21
TRMB,2012-04-01,6.82884e+09,27.07
TRMB,2012-05-01,6.02593e+09,23.583
TRMB,2012-06-01,5.87824e+09,23.005
TRMB,2012-07-01,5.65466e+09,22.13
TRMB,2012-08-01,6.29021e+09,24.515
TRMB,2012-09-01,6.11444e+09,23.83
TRMB,2012-10-01,6.05158e+09,23.585
TRMB,2012-11-01,7.14301e+09,27.82
TRMB,2012-12-01,7.6745e+09,29.89
TRMB,2013-01-01,8.02369e+09,31.25
TRMB,2013-02-01,7.63004e+09,29.715
TRMB,2013-03-01,7.69808e+09,29.98
TRMB,2013-04-01,7.37968e+09,28.74
TRMB,2013-05-01,7.26234e+09,27.9
TRMB,2013-06-01,6.76517e+09,25.99
TRMB,2013-07-01,7.42893e+09,28.54
TRMB,2013-08-01,6.57846e+09,25.25
TRMB,2013-09-01,7.74044e+09,29.71
TRMB,2013-10-01,7.4317e+09,28.525
TRMB,2013-11-01,8.33027e+09,31.9
TRMB,2013-12-01,9.06145e+09,34.7
TRMB,2014-01-01,8.44256e+09,32.33
TRMB,2014-02-01,9.96501e+09,38.15
TRMB,2014-03-01,1.01531e+10,38.87
TRMB,2014-04-01,1.00381e+10,38.43
TRMB,2014-05-01,9.55076e+09,36.07
TRMB,2014-06-01,9.78377e+09,36.95
TRMB,2014-07-01,8.18183e+09,30.9
TRMB,2014-08-01,8.84573e+09,33.26
TRMB,2014-09-01,8.11169e+09,30.5
TRMB,2014-10-01,7.14361e+09,26.86
TRMB,2014-11-01,7.43678e+09,28.125
TRMB,2014-12-01,7.01768e+09,26.54
TRMB,2015-01-01,6.30375e+09,23.84
TRMB,2015-02-01,6.91288e+09,26.14
TRMB,2015-03-01,6.66429e+09,25.2
TRMB,2015-04-01,6.72512e+09,25.43
TRMB,2015-05-01,6.15066e+09,23.44
TRMB,2015-06-01,6.1559e+09,23.46
TRMB,2015-07-01,6.06144e+09,23.1
TRMB,2015-08-01,4.94046e+09,18.9
TRMB,2015-09-01,4.29219e+09,16.42
TRMB,2015-10-01,5.94685e+09,22.75
TRMB,2015-11-01,5.88988e+09,22.9
TRMB,2015-12-01,5.51694e+09,21.45
TRMB,2016-01-01,4.95882e+09,19.28
TRMB,2016-02-01,6.01271e+09,23.26
TRMB,2016-03-01,6.4108e+09,24.8
TRMB,2016-04-01,6.19108e+09,23.95
TRMB,2016-05-01,6.49732e+09,25.58
TRMB,2016-06-01,6.18744e+09,24.36
TRMB,2016-07-01,6.71576e+09,26.44
TRMB,2016-08-01,6.95138e+09,27.4
TRMB,2016-09-01,7.24567e+09,28.56
TRMB,2016-10-01,7.01227e+09,27.64
TRMB,2016-11-01,7.13771e+09,28.19
TRMB,2016-12-01,7.63398e+09,30.15
TRMB,2017-01-01,7.49978e+09,29.62
TRMB,2017-02-01,7.87852e+09,31.03
TRMB,2017-03-01,8.12734e+09,32.01
TRMB,2017-04-01,8.99568e+09,35.43
TRMB,2017-05-01,9.22264e+09,36.04
TRMB,2017-06-01,9.12795e+09,35.67
TRMB,2017-07-01,9.57834e+09,37.43
TRMB,2017-08-01,9.94463e+09,38.68
TRMB,2017-09-01,1.00937e+10,39.26
TRMB,2017-10-01,1.05102e+10,40.88
TRMB,2017-11-01,1.08292e+10,41.99
TRMB,2017-12-01,1.04811e+10,40.64
TRMB,2018-01-01,1.13734e+10,44.1
TRMB,2018-02-01,9.73663e+09,37.93
TRMB,2018-03-01,9.2104e+09,35.88
TRMB,2018-04-01,8.88182e+09,34.6
TRMB,2018-05-01,8.37079e+09,33.06
TRMB,2018-06-01,8.31509e+09,32.84
TRMB,2018-07-01,8.93796e+09,35.3
TRMB,2018-08-01,1.06176e+10,42.1
TRMB,2018-09-01,1.09606e+10,43.46
TRMB,2018-10-01,9.42724e+09,37.38
TRMB,2018-11-01,9.64441e+09,38.03
TRMB,2018-12-01,8.34598e+09,32.91
TRMB,2019-01-01,9.55058e+09,37.66
TRMB,2019-02-01,1.01465e+10,40.01
TRMB,2019-03-01,1.02454e+10,40.4
TRMB,2019-04-01,1.0352e+10,40.82
TRMB,2019-05-01,1.01346e+10,39.9
TRMB,2019-06-01,1.14579e+10,45.11
TRMB,2019-07-01,1.0734e+10,42.26
TRMB,2019-08-01,9.53008e+09,37.52
TRMB,2019-09-01,9.85774e+09,38.81
TRMB,2019-10-01,1.01194e+10,39.84
TRMB,2019-11-01,1.02176e+10,40.53
TRMB,2019-12-01,1.051e+10,41.69
TRMB,2020-01-01,1.07193e+10,42.52
TRMB,2020-02-01,9.98449e+09,39.48
TRMB,2020-03-01,8.04981e+09,31.83
TRMB,2020-04-01,8.75793e+09,34.63
TRMB,2020-05-01,9.8465e+09,39.12
TRMB,2020-06-01,1.08709e+10,43.19
TRMB,2020-07-01,1.12032e+10,44.51
TRMB,2020-08-01,1.31654e+10,52.41
TRMB,2020-09-01,1.22334e+10,48.7
TRMB,2020-10-01,1.20903e+10,48.13
TRMB,2020-11-01,1.51351e+10,59.87
TRMB,2020-12-01,1.68795e+10,66.77
TRMB,2021-01-01,1.6662e+10,65.91
TRMB,2021-02-01,1.87055e+10,74.14
TRMB,2021-03-01,1.96264e+10,77.79
TRMB,2021-04-01,2.06886e+10,82
TRMB,2021-05-01,1.9782e+10,77.79
TRMB,2021-06-01,2.08094e+10,81.83
TRMB,2021-07-01,2.17426e+10,85.5
TRMB,2021-08-01,2.39507e+10,94.22
TRMB,2021-09-01,2.0908e+10,82.25
TRMB,2021-10-01,2.22095e+10,87.37
TRMB,2021-11-01,2.18539e+10,85.87
TRMB,2021-12-01,2.21899e+10,87.19
TRMB,2022-01-01,1.83647e+10,72.16
TRMB,2022-02-01,1.77374e+10,69.75
TRMB,2022-03-01,1.83452e+10,72.14
TRMB,2022-04-01,1.69618e+10,66.7
TRMB,2022-05-01,1.7203e+10,68.05
TRMB,2022-06-01,1.47205e+10,58.23
TRMB,2022-07-01,1.75519e+10,69.43
TRMB,2022-08-01,1.58568e+10,63.25
TRMB,2022-09-01,1.36055e+10,54.27
TRMB,2022-10-01,1.50821e+10,60.16
TRMB,2022-11-01,1.48718e+10,59.75
TRMB,2022-12-01,1.25844e+10,50.56
TRMB,2023-01-01,1.44511e+10,58.06
TRMB,2023-02-01,1.30254e+10,52.06
TRMB,2023-03-01,1.31155e+10,52.42
TRMB,2023-04-01,1.17844e+10,47.1
TRMB,2023-05-01,1.16068e+10,46.67
TRMB,2023-06-01,1.31662e+10,52.94
TRMB,2023-07-01,1.33801e+10,53.8
TRMB,2023-08-01,1.36427e+10,54.79
TRMB,2023-09-01,1.34111e+10,53.86
TRMB,2023-10-01,1.17354e+10,47.13
TRMB,2023-11-01,1.15861e+10,46.4
TRMB,2023-12-01,1.3284e+10,53.2
TRMB,2024-01-01,1.26997e+10,50.86
TRMB,2024-02-01,1.52424e+10,61.19
TRMB,2024-03-01,1.60321e+10,64.36
TRMB,2024-04-01,1.49634e+10,60.07
TRMB,2024-05-01,1.38699e+10,55.68
TRMB,2024-06-01,1.39297e+10,55.92
TRMB,2024-07-01,1.35859e+10,54.54
TRMB,2024-08-01,1.41215e+10,56.69
TRMB,2024-09-01,1.54666e+10,62.09
TRMB,2024-10-01,1.50706e+10,60.5
TRMB,2024-11-01,1.81768e+10,72.97
TRMB,2024-12-01,1.76014e+10,70.66
TRMB,2025-01-01,1.85076e+10,74.96
TRMB,2025-02-01,1.77719e+10,71.98
TRMB,2025-03-01,1.6209e+10,65.65
TRMB,2025-04-01,1.5361e+10,62.14
TRMB,2025-05-01,1.75467e+10,71.27
TRMB,2025-06-01,1.87063e+10,75.98
TRMB,2025-07-01,2.06537e+10,83.89
TRMB,2025-08-01,1.93645e+10,80.82
TRMB,2025-09-01,1.91824e+10,80.06
JBL,2011-01-01,4.31109e+09,19.8298
JBL,2011-02-01,4.55453e+09,20.9495
JBL,2011-03-01,4.34187e+09,19.9713
JBL,2011-04-01,4.28671e+09,19.3949
JBL,2011-05-01,4.66074e+09,21.0872
JBL,2011-06-01,4.38919e+09,19.7411
JBL,2011-07-01,3.97941e+09,17.8981
JBL,2011-08-01,3.66325e+09,16.4761
JBL,2011-09-01,3.86845e+09,17.3991
JBL,2011-10-01,4.43909e+09,20.112
JBL,2011-11-01,4.37648e+09,19.8283
JBL,2011-12-01,4.24455e+09,19.2305
JBL,2012-01-01,4.65333e+09,22.1654
JBL,2012-02-01,5.30301e+09,25.26
JBL,2012-03-01,5.15636e+09,24.5614
JBL,2012-04-01,4.86436e+09,22.9291
JBL,2012-05-01,3.97021e+09,18.7143
JBL,2012-06-01,4.21986e+09,19.8911
JBL,2012-07-01,4.49062e+09,21.2281
JBL,2012-08-01,4.71263e+09,22.2776
JBL,2012-09-01,3.87384e+09,18.3125
JBL,2012-10-01,3.58176e+09,16.9606
JBL,2012-11-01,3.92396e+09,18.5811
JBL,2012-12-01,3.98341e+09,18.8625
JBL,2013-01-01,3.84276e+09,18.4912
JBL,2013-02-01,3.80504e+09,18.3097
JBL,2013-03-01,3.75429e+09,18.0654
JBL,2013-04-01,3.59927e+09,17.4043
JBL,2013-05-01,4.05362e+09,19.6013
JBL,2013-06-01,4.11901e+09,19.9174
JBL,2013-07-01,4.66345e+09,22.467
JBL,2013-08-01,4.62685e+09,22.2907
JBL,2013-09-01,4.396e+09,21.1785
JBL,2013-10-01,4.23502e+09,20.3788
JBL,2013-11-01,4.11559e+09,19.8041
JBL,2013-12-01,3.54062e+09,17.0374
JBL,2014-01-01,3.63054e+09,17.5547
JBL,2014-02-01,3.73829e+09,18.0757
JBL,2014-03-01,3.63553e+09,17.5788
JBL,2014-04-01,3.45945e+09,16.8547
JBL,2014-05-01,3.77108e+09,18.373
JBL,2014-06-01,4.12155e+09,20.4029
JBL,2014-07-01,3.93695e+09,19.4891
JBL,2014-08-01,4.25544e+09,21.0657
JBL,2014-09-01,3.97705e+09,19.6876
JBL,2014-10-01,4.14151e+09,20.4522
JBL,2014-11-01,4.10106e+09,20.2525
JBL,2014-12-01,4.31448e+09,21.3064
JBL,2015-01-01,3.92952e+09,20.119
JBL,2015-02-01,4.18734e+09,21.439
JBL,2015-03-01,4.45563e+09,22.8126
JBL,2015-04-01,4.29551e+09,21.9749
JBL,2015-05-01,4.6857e+09,23.9711
JBL,2015-06-01,4.07748e+09,20.7712
JBL,2015-07-01,3.87794e+09,19.7548
JBL,2015-08-01,3.70625e+09,18.8802
JBL,2015-09-01,4.28373e+09,21.8219
JBL,2015-10-01,4.3942e+09,22.4188
JBL,2015-11-01,4.89171e+09,24.9571
JBL,2015-12-01,4.4525e+09,22.7163
JBL,2016-01-01,3.75254e+09,19.4188
JBL,2016-02-01,3.92924e+09,20.3331
JBL,2016-03-01,3.63212e+09,18.7956
JBL,2016-04-01,3.27299e+09,16.9327
JBL,2016-05-01,3.59731e+09,18.6106
JBL,2016-06-01,3.47754e+09,18.0119
JBL,2016-07-01,3.83128e+09,19.8441
JBL,2016-08-01,3.98881e+09,20.66
JBL,2016-09-01,4.10791e+09,21.2769
JBL,2016-10-01,4.01062e+09,20.8073
JBL,2016-11-01,3.97421e+09,20.6185
JBL,2016-12-01,4.4476e+09,23.0745
JBL,2017-01-01,4.39229e+09,23.3812
JBL,2017-02-01,4.6711e+09,24.8653
JBL,2017-03-01,5.29546e+09,28.1889
JBL,2017-04-01,5.23283e+09,28.2841
JBL,2017-05-01,5.39476e+09,29.1593
JBL,2017-06-01,5.15029e+09,28.4487
JBL,2017-07-01,5.38156e+09,29.7262
JBL,2017-08-01,5.53199e+09,30.557
JBL,2017-09-01,5.03761e+09,27.8262
JBL,2017-10-01,5.12223e+06,27.5629
JBL,2017-11-01,5.22491e+06,28.1154
JBL,2017-12-01,4.75412e+06,25.5821
JBL,2018-01-01,4.46566e+09,24.7813
JBL,2018-02-01,4.75698e+09,26.3979
JBL,2018-03-01,5.04466e+09,27.9943
JBL,2018-04-01,4.5864e+09,25.9187
JBL,2018-05-01,4.87529e+09,27.5513
JBL,2018-06-01,4.66969e+09,26.949
JBL,2018-07-01,4.75539e+09,27.4435
JBL,2018-08-01,4.98989e+09,28.7968
JBL,2018-09-01,4.57114e+09,26.3802
JBL,2018-10-01,4.21685e+09,24.0902
JBL,2018-11-01,4.27224e+09,24.4066
JBL,2018-12-01,4.24092e+09,24.2278
JBL,2019-01-01,4.26273e+09,26.0447
JBL,2019-02-01,4.55569e+09,27.8346
JBL,2019-03-01,4.2652e+09,26.0598
JBL,2019-04-01,4.64059e+09,29.6075
JBL,2019-05-01,3.78842e+09,24.1706
JBL,2019-06-01,4.83565e+09,31.0619
JBL,2019-07-01,4.72524e+09,30.3527
JBL,2019-08-01,4.42065e+09,28.3961
JBL,2019-09-01,5.48895e+09,35.2583
JBL,2019-10-01,5.75775e+09,36.2928
JBL,2019-11-01,6.08602e+09,38.362
JBL,2019-12-01,6.47627e+09,40.8219
JBL,2020-01-01,6.0099e+09,38.4112
JBL,2020-02-01,4.96277e+09,31.7187
JBL,2020-03-01,3.8063e+09,24.3273
JBL,2020-04-01,4.28013e+09,28.148
JBL,2020-05-01,4.51625e+09,29.7008
JBL,2020-06-01,4.79981e+09,31.8453
JBL,2020-07-01,5.21568e+09,34.6044
JBL,2020-08-01,5.12122e+09,33.9777
JBL,2020-09-01,5.13759e+09,34.0863
JBL,2020-10-01,5.11973e+09,32.9722
JBL,2020-11-01,5.91779e+09,38.1119
JBL,2020-12-01,6.58501e+09,42.409
JBL,2021-01-01,6.30813e+09,41.2517
JBL,2021-02-01,6.59459e+09,43.125
JBL,2021-03-01,7.96789e+09,52.1057
JBL,2021-04-01,8.01064e+09,52.3657
JBL,2021-05-01,8.64e+09,56.4798
JBL,2021-06-01,8.89552e+09,58.1502
JBL,2021-07-01,9.05342e+09,59.5714
JBL,2021-08-01,9.40636e+09,61.8937
JBL,2021-09-01,8.88735e+09,58.4786
JBL,2021-10-01,9.1369e+09,60.0717
JBL,2021-11-01,8.91935e+09,58.6414
JBL,2021-12-01,1.07334e+10,70.5679
JBL,2022-01-01,9.11024e+09,61.6807
JBL,2022-02-01,8.57632e+09,58.0658
JBL,2022-03-01,9.15787e+09,62.0032
JBL,2022-04-01,8.48907e+09,57.9854
JBL,2022-05-01,9.05927e+09,61.8803
JBL,2022-06-01,7.54103e+09,51.5098
JBL,2022-07-01,8.55321e+09,59.6875
JBL,2022-08-01,8.70286e+09,60.7317
JBL,2022-09-01,8.32906e+09,58.1233
JBL,2022-10-01,9.34414e+09,64.7101
JBL,2022-11-01,1.04986e+10,72.705
JBL,2022-12-01,9.91834e+09,68.6865
JBL,2023-01-01,1.09284e+10,79.1909
JBL,2023-02-01,1.15282e+10,83.5379
JBL,2023-03-01,1.22405e+10,88.6992
JBL,2023-04-01,1.0717e+10,78.628
JBL,2023-05-01,1.22637e+10,89.9759
JBL,2023-06-01,1.46556e+10,108.48
JBL,2023-07-01,1.50277e+10,111.234
JBL,2023-08-01,1.55257e+10,114.92
JBL,2023-09-01,1.72178e+10,127.445
JBL,2023-10-01,1.67614e+10,123.337
JBL,2023-11-01,1.57303e+10,115.749
JBL,2023-12-01,1.7378e+10,127.874
JBL,2024-01-01,1.66124e+10,125.756
JBL,2024-02-01,1.90929e+10,144.534
JBL,2024-03-01,1.77493e+10,134.363
JBL,2024-04-01,1.49389e+10,117.721
JBL,2024-05-01,1.51246e+10,119.185
JBL,2024-06-01,1.38386e+10,109.051
JBL,2024-07-01,1.37448e+10,112.94
JBL,2024-08-01,1.33218e+10,109.465
JBL,2024-09-01,1.46079e+10,120.032
JBL,2024-10-01,1.53259e+10,123.298
JBL,2024-11-01,1.69012e+10,135.971
JBL,2024-12-01,1.79053e+10,144.049
JBL,2025-01-01,1.8534e+10,162.579
JBL,2025-02-01,1.76705e+10,155.005
JBL,2025-03-01,1.55204e+10,136.144
JBL,2025-04-01,1.62917e+10,146.64
JBL,2025-05-01,1.86659e+10,168.01
JBL,2025-06-01,2.38383e+10,218.1
JBL,2025-07-01,2.43925e+10,223.17
JBL,2025-08-01,2.23879e+10,204.83
JBL,2025-09-01,2.28677e+10,209.22
EA,2011-12-01,6.90569e+09,20.8631
EA,2012-01-01,6.22809e+09,18.816
EA,2012-02-01,5.49073e+09,16.5383
EA,2012-03-01,5.54452e+09,16.7004
EA,2012-04-01,5.17122e+09,15.576
EA,2012-05-01,4.6348e+09,13.7941
EA,2012-06-01,4.20211e+09,12.5063
EA,2012-07-01,3.7495e+09,11.1592
EA,2012-08-01,4.31974e+09,13.4992
EA,2012-09-01,4.1124e+09,12.8513
EA,2012-10-01,4.00201e+09,12.5063
EA,2012-11-01,4.73914e+09,14.9973
EA,2012-12-01,4.64723e+09,14.7064
EA,2013-01-01,5.0339e+09,15.9301
EA,2013-02-01,5.39708e+09,17.7536
EA,2013-03-01,5.44893e+09,17.9241
EA,2013-04-01,5.42129e+09,17.8332
EA,2013-05-01,7.28749e+09,23.2827
EA,2013-06-01,7.28749e+09,23.2827
EA,2013-07-01,8.27958e+09,26.4523
EA,2013-08-01,8.41745e+09,26.979
EA,2013-09-01,8.07329e+09,25.8759
EA,2013-10-01,8.29453e+09,26.585
EA,2013-11-01,6.91522e+09,22.452
EA,2013-12-01,7.15538e+09,23.2318
EA,2014-01-01,8.23501e+09,26.737
EA,2014-02-01,8.94701e+09,28.9547
EA,2014-03-01,9.07818e+09,29.3792
EA,2014-04-01,8.85586e+09,28.6598
EA,2014-05-01,1.12422e+10,35.5767
EA,2014-06-01,1.14793e+10,36.3268
EA,2014-07-01,1.07524e+10,34.0267
EA,2014-08-01,1.23393e+10,38.3209
EA,2014-09-01,1.16125e+10,36.0635
EA,2014-10-01,1.336e+10,41.4906
EA,2014-11-01,1.43257e+10,44.4898
EA,2014-12-01,1.53312e+10,47.6125
EA,2015-01-01,1.789e+10,55.5591
EA,2015-02-01,1.87037e+10,57.9063
EA,2015-03-01,1.92387e+10,59.5625
EA,2015-04-01,1.90017e+10,58.8289
EA,2015-05-01,2.06566e+10,63.5589
EA,2015-06-01,2.18878e+10,67.3471
EA,2015-07-01,2.35497e+10,72.4607
EA,2015-08-01,2.24423e+10,66.9918
EA,2015-09-01,2.29852e+10,68.6125
EA,2015-10-01,2.44511e+10,72.9883
EA,2015-11-01,2.14198e+10,68.6532
EA,2015-12-01,2.17137e+10,69.5952
EA,2016-01-01,2.03898e+10,65.3519
EA,2016-02-01,2.02365e+10,65.0692
EA,2016-03-01,2.08221e+10,66.9521
EA,2016-04-01,1.94805e+10,62.6383
EA,2016-05-01,2.56498e+10,77.7265
EA,2016-06-01,2.5319e+10,76.7243
EA,2016-07-01,2.55063e+10,77.2918
EA,2016-08-01,2.59134e+10,82.2647
EA,2016-09-01,2.72436e+10,86.4875
EA,2016-10-01,2.5049e+10,79.5205
EA,2016-11-01,2.4155e+10,80.2491
EA,2016-12-01,2.40091e+10,79.7645
EA,2017-01-01,2.54319e+10,84.4914
EA,2017-02-01,2.65431e+10,87.6009
EA,2017-03-01,2.74698e+10,90.6593
EA,2017-04-01,2.90965e+10,96.0281
EA,2017-05-01,3.60428e+10,114.786
EA,2017-06-01,3.36201e+10,107.071
EA,2017-07-01,3.71193e+10,118.214
EA,2017-08-01,3.85184e+10,123.062
EA,2017-09-01,3.74194e+10,119.551
EA,2017-10-01,3.79115e+10,121.123
EA,2017-11-01,3.32802e+10,107.703
EA,2017-12-01,3.28799e+10,106.407
EA,2018-01-01,3.9729e+10,128.573
EA,2018-02-01,3.85821e+10,125.267
EA,2018-03-01,3.78214e+10,122.797
EA,2018-04-01,3.6797e+10,119.471
EA,2018-05-01,4.13628e+10,132.573
EA,2018-06-01,4.45564e+10,142.809
EA,2018-07-01,4.06846e+10,130.399
EA,2018-08-01,3.56091e+10,114.868
EA,2018-09-01,3.78296e+10,122.031
EA,2018-10-01,2.85625e+10,92.137
EA,2018-11-01,2.61381e+10,85.1405
EA,2018-12-01,2.45334e+10,79.9135
EA,2019-01-01,2.86783e+10,93.4147
EA,2019-02-01,2.94882e+10,97.0007
EA,2019-03-01,3.12835e+10,102.906
EA,2019-04-01,2.91398e+10,95.8546
EA,2019-05-01,2.8845e+10,94.2648
EA,2019-06-01,3.13774e+10,102.54
EA,2019-07-01,2.86654e+10,93.6779
EA,2019-08-01,2.8367e+10,94.873
EA,2019-09-01,2.96205e+10,99.0652
EA,2019-10-01,2.91909e+10,97.6283
EA,2019-11-01,3.02792e+10,102.295
EA,2019-12-01,3.22308e+10,108.888
EA,2020-01-01,3.23545e+10,109.306
EA,2020-02-01,3.018e+10,102.653
EA,2020-03-01,2.98275e+10,101.454
EA,2020-04-01,3.40201e+10,115.715
EA,2020-05-01,3.67127e+10,124.45
EA,2020-06-01,3.94465e+10,133.717
EA,2020-07-01,4.23064e+10,143.412
EA,2020-08-01,4.12414e+10,141.238
EA,2020-09-01,3.85713e+10,132.094
EA,2020-10-01,3.54364e+10,121.358
EA,2020-11-01,3.79079e+10,129.379
EA,2020-12-01,4.26121e+10,145.434
EA,2021-01-01,4.24928e+10,145.027
EA,2021-02-01,3.96157e+10,135.67
EA,2021-03-01,4.00832e+10,137.271
EA,2021-04-01,4.2068e+10,144.069
EA,2021-05-01,4.23209e+10,144.934
EA,2021-06-01,4.25892e+10,145.853
EA,2021-07-01,4.2628e+10,145.986
EA,2021-08-01,4.26019e+10,147.411
EA,2021-09-01,4.16889e+10,144.252
EA,2021-10-01,4.11013e+10,142.219
EA,2021-11-01,3.61505e+10,125.96
EA,2021-12-01,3.83867e+10,133.752
EA,2022-01-01,3.8608e+10,134.523
EA,2022-02-01,3.75952e+10,131.913
EA,2022-03-01,3.65642e+10,128.295
EA,2022-04-01,3.4119e+10,119.716
EA,2022-05-01,4.02132e+10,140.606
EA,2022-06-01,3.5283e+10,123.367
EA,2022-07-01,3.80616e+10,133.082
EA,2022-08-01,3.62066e+10,128.849
EA,2022-09-01,3.29732e+10,117.342
EA,2022-10-01,3.58941e+10,127.737
EA,2022-11-01,3.70571e+10,132.821
EA,2022-12-01,3.45707e+10,123.909
EA,2023-01-01,3.64099e+10,130.501
EA,2023-02-01,3.12779e+10,112.51
EA,2023-03-01,3.39017e+10,121.949
EA,2023-04-01,3.58241e+10,128.864
EA,2023-05-01,3.60267e+10,129.593
EA,2023-06-01,3.64517e+10,131.121
EA,2023-07-01,3.83207e+10,137.844
EA,2023-08-01,3.32347e+10,121.295
EA,2023-09-01,3.32988e+10,121.529
EA,2023-10-01,3.42364e+10,124.95
EA,2023-11-01,3.78906e+10,139.304
EA,2023-12-01,3.75099e+10,137.904
EA,2024-01-01,3.7721e+10,138.68
EA,2024-02-01,3.81014e+10,140.595
EA,2024-03-01,3.61921e+10,133.55
EA,2024-04-01,3.45963e+10,127.661
EA,2024-05-01,3.63832e+10,133.762
EA,2024-06-01,3.8095e+10,140.055
EA,2024-07-01,4.12694e+10,151.726
EA,2024-08-01,4.08996e+10,152.61
EA,2024-09-01,3.85939e+10,144.007
EA,2024-10-01,4.05876e+10,151.446
EA,2024-11-01,4.37084e+10,164.317
EA,2024-12-01,3.90245e+10,146.709
EA,2025-01-01,3.27854e+10,123.253
EA,2025-02-01,3.43124e+10,129.481
EA,2025-03-01,3.83484e+10,144.711
EA,2025-04-01,3.84997e+10,145.282
EA,2025-05-01,3.80081e+10,143.97
EA,2025-06-01,4.21608e+10,159.7
EA,2025-07-01,4.02574e+10,152.49
EA,2025-08-01,4.36753e+10,171.95
EA,2025-09-01,4.21742e+10,166.04
TTWO,2010-09-01,8.57554e+08,10.14
TTWO,2010-10-01,9.02377e+08,10.67
TTWO,2010-11-01,9.3536e+08,11.06
TTWO,2010-12-01,1.03769e+09,12.27
TTWO,2011-01-01,1.05461e+09,12.47
TTWO,2011-02-01,1.50547e+09,16.07
TTWO,2011-03-01,1.43989e+09,15.37
TTWO,2011-04-01,1.51577e+09,16.18
TTWO,2011-05-01,1.53545e+09,16.39
TTWO,2011-06-01,1.43146e+09,15.28
TTWO,2011-07-01,1.26377e+09,13.49
TTWO,2011-08-01,1.09072e+09,13.22
TTWO,2011-09-01,1.04946e+09,12.72
TTWO,2011-10-01,1.30193e+09,15.78
TTWO,2011-11-01,1.15701e+09,13.95
TTWO,2011-12-01,1.12384e+09,13.55
TTWO,2012-01-01,1.29386e+09,15.6
TTWO,2012-02-01,1.29108e+09,15.45
TTWO,2012-03-01,1.28565e+09,15.385
TTWO,2012-04-01,1.17868e+09,14.105
TTWO,2012-05-01,9.60261e+08,11.52
TTWO,2012-06-01,7.88548e+08,9.46
TTWO,2012-07-01,7.31866e+08,8.78
TTWO,2012-08-01,8.71352e+08,10.25
TTWO,2012-09-01,8.87504e+08,10.44
TTWO,2012-10-01,9.52165e+08,11.15
TTWO,2012-11-01,1.05635e+09,12.37
TTWO,2012-12-01,9.4021e+08,11.01
TTWO,2013-01-01,1.03927e+09,12.17
TTWO,2013-02-01,1.63621e+09,14.64
TTWO,2013-03-01,1.80497e+09,16.15
TTWO,2013-04-01,1.7055e+09,15.26
TTWO,2013-05-01,1.42407e+09,16.64
TTWO,2013-06-01,1.28115e+09,14.97
TTWO,2013-07-01,1.52714e+09,17.555
TTWO,2013-08-01,1.59717e+09,18.36
TTWO,2013-09-01,1.58064e+09,18.17
TTWO,2013-10-01,1.5908e+09,17.91
TTWO,2013-11-01,1.45313e+09,16.36
TTWO,2013-12-01,1.54284e+09,17.37
TTWO,2014-01-01,1.70361e+09,19.18
TTWO,2014-02-01,2.21052e+09,19.77
TTWO,2014-03-01,2.45204e+09,21.93
TTWO,2014-04-01,2.27873e+09,20.38
TTWO,2014-05-01,1.96701e+09,20.63
TTWO,2014-06-01,2.12052e+09,22.24
TTWO,2014-07-01,2.13387e+09,22.38
TTWO,2014-08-01,1.86597e+09,23.51
TTWO,2014-09-01,1.83104e+09,23.07
TTWO,2014-10-01,2.12539e+09,26.45
TTWO,2014-11-01,2.22262e+09,27.66
TTWO,2014-12-01,2.25235e+09,28.03
TTWO,2015-01-01,2.38815e+09,29.72
TTWO,2015-02-01,2.83745e+09,26.49
TTWO,2015-03-01,2.72659e+09,25.455
TTWO,2015-04-01,2.5386e+09,23.7
TTWO,2015-05-01,2.19964e+09,27.37
TTWO,2015-06-01,2.21572e+09,27.57
TTWO,2015-07-01,2.53799e+09,31.58
TTWO,2015-08-01,2.41293e+09,29.13
TTWO,2015-09-01,2.37979e+09,28.73
TTWO,2015-10-01,2.75006e+09,33.2
TTWO,2015-11-01,4.03271e+09,35.37
TTWO,2015-12-01,3.97228e+09,34.84
TTWO,2016-01-01,3.95632e+09,34.7
TTWO,2016-02-01,3.0025e+09,35.99
TTWO,2016-03-01,3.14266e+09,37.67
TTWO,2016-04-01,2.8515e+09,34.18
TTWO,2016-05-01,3.24576e+09,38.91
TTWO,2016-06-01,3.16317e+09,37.92
TTWO,2016-07-01,3.3517e+09,40.18
TTWO,2016-08-01,3.67704e+09,43.47
TTWO,2016-09-01,3.81323e+09,45.08
TTWO,2016-10-01,3.75486e+09,44.39
TTWO,2016-11-01,5.67139e+09,49.23
TTWO,2016-12-01,5.67831e+09,49.29
TTWO,2017-01-01,6.18059e+09,53.65
TTWO,2017-02-01,5.15259e+09,56.98
TTWO,2017-03-01,5.35967e+09,59.27
TTWO,2017-04-01,5.6834e+09,62.85
TTWO,2017-05-01,7.21916e+09,76.74
TTWO,2017-06-01,6.90308e+09,73.38
TTWO,2017-07-01,7.47692e+09,79.48
TTWO,2017-08-01,1.16157e+10,97.79
TTWO,2017-09-01,1.21431e+10,102.23
TTWO,2017-10-01,1.31432e+10,110.65
TTWO,2017-11-01,1.22069e+10,111.55
TTWO,2017-12-01,1.20132e+10,109.78
TTWO,2018-01-01,1.38615e+10,126.67
TTWO,2018-02-01,1.31915e+10,111.87
TTWO,2018-03-01,1.153e+10,97.78
TTWO,2018-04-01,1.17576e+10,99.71
TTWO,2018-05-01,1.26498e+10,112.08
TTWO,2018-06-01,1.33586e+10,118.36
TTWO,2018-07-01,1.27559e+10,113.02
TTWO,2018-08-01,1.5491e+10,133.56
TTWO,2018-09-01,1.60048e+10,137.99
TTWO,2018-10-01,1.4947e+10,128.87
TTWO,2018-11-01,1.27321e+10,109.67
TTWO,2018-12-01,1.19508e+10,102.94
TTWO,2019-01-01,1.22538e+10,105.55
TTWO,2019-02-01,1.0012e+10,87.26
TTWO,2019-03-01,1.08277e+10,94.37
TTWO,2019-04-01,1.111e+10,96.83
TTWO,2019-05-01,1.24587e+10,108.15
TTWO,2019-06-01,1.30784e+10,113.53
TTWO,2019-07-01,1.41141e+10,122.52
TTWO,2019-08-01,1.50087e+10,131.97
TTWO,2019-09-01,1.42547e+10,125.34
TTWO,2019-10-01,1.36872e+10,120.35
TTWO,2019-11-01,1.38432e+10,121.35
TTWO,2019-12-01,1.39664e+10,122.43
TTWO,2020-01-01,1.42186e+10,124.64
TTWO,2020-02-01,1.228e+10,107.48
TTWO,2020-03-01,1.35517e+10,118.61
TTWO,2020-04-01,1.38304e+10,121.05
TTWO,2020-05-01,1.55419e+10,136.17
TTWO,2020-06-01,1.593e+10,139.57
TTWO,2020-07-01,1.87206e+10,164.02
TTWO,2020-08-01,1.96793e+10,171.19
TTWO,2020-09-01,1.8993e+10,165.22
TTWO,2020-10-01,1.7809e+10,154.92
TTWO,2020-11-01,2.08334e+10,180.51
TTWO,2020-12-01,2.39819e+10,207.79
TTWO,2021-01-01,2.31347e+10,200.45
TTWO,2021-02-01,2.14189e+10,184.46
TTWO,2021-03-01,2.05179e+10,176.7
TTWO,2021-04-01,2.03646e+10,175.38
TTWO,2021-05-01,2.14775e+10,185.56
TTWO,2021-06-01,2.0489e+10,177.02
TTWO,2021-07-01,2.00723e+10,173.42
TTWO,2021-08-01,1.88837e+10,161.22
TTWO,2021-09-01,1.80462e+10,154.07
TTWO,2021-10-01,2.12005e+10,181
TTWO,2021-11-01,1.93753e+10,165.88
TTWO,2021-12-01,2.07582e+10,177.72
TTWO,2022-01-01,1.90786e+10,163.34
TTWO,2022-02-01,1.89067e+10,162
TTWO,2022-03-01,1.79427e+10,153.74
TTWO,2022-04-01,1.39478e+10,119.51
TTWO,2022-05-01,1.4542e+10,124.53
TTWO,2022-06-01,1.43084e+10,122.53
TTWO,2022-07-01,1.54995e+10,132.73
TTWO,2022-08-01,1.67294e+10,122.56
TTWO,2022-09-01,1.48785e+10,109
TTWO,2022-10-01,1.61725e+10,118.48
TTWO,2022-11-01,1.76397e+10,105.69
TTWO,2022-12-01,1.73793e+10,104.13
TTWO,2023-01-01,1.88981e+10,113.23
TTWO,2023-02-01,1.84044e+10,109.55
TTWO,2023-03-01,2.00424e+10,119.3
TTWO,2023-04-01,2.08807e+10,124.29
TTWO,2023-05-01,2.2023e+10,137.73
TTWO,2023-06-01,2.35309e+10,147.16
TTWO,2023-07-01,2.44551e+10,152.94
TTWO,2023-08-01,2.40887e+10,142.2
TTWO,2023-09-01,2.37821e+10,140.39
TTWO,2023-10-01,2.26572e+10,133.75
TTWO,2023-11-01,2.68782e+10,158.2
TTWO,2023-12-01,2.73454e+10,160.95
TTWO,2024-01-01,2.80216e+10,164.93
TTWO,2024-02-01,2.50222e+10,146.93
TTWO,2024-03-01,2.52878e+10,148.49
TTWO,2024-04-01,2.43205e+10,142.81
TTWO,2024-05-01,2.72772e+10,160.36
TTWO,2024-06-01,2.64488e+10,155.49
TTWO,2024-07-01,2.56052e+10,150.53
TTWO,2024-08-01,2.78626e+10,161.71
TTWO,2024-09-01,2.64842e+10,153.71
TTWO,2024-10-01,2.78644e+10,161.72
TTWO,2024-11-01,3.30419e+10,188.38
TTWO,2024-12-01,3.22876e+10,184.08
TTWO,2025-01-01,3.25385e+10,185.51
TTWO,2025-02-01,3.73085e+10,211.98
TTWO,2025-03-01,3.6476e+10,207.25
TTWO,2025-04-01,4.10643e+10,233.32
TTWO,2025-05-01,3.96216e+10,226.28
TTWO,2025-06-01,4.2523e+10,242.85
TTWO,2025-07-01,3.9e+10,222.73
TTWO,2025-08-01,4.21752e+10,233.27
TTWO,2025-09-01,4.48131e+10,247.86
EBAY,2015-10-01,3.21653e+10,26.3003
EBAY,2015-11-01,3.41169e+10,27.8961
EBAY,2015-12-01,3.16785e+10,25.9023
EBAY,2016-01-01,2.70462e+10,22.1146
EBAY,2016-02-01,2.7014e+10,22.4369
EBAY,2016-03-01,2.70818e+10,22.4932
EBAY,2016-04-01,2.69455e+10,23.0303
EBAY,2016-05-01,2.69788e+10,23.0588
EBAY,2016-06-01,2.58223e+10,22.0703
EBAY,2016-07-01,3.37502e+10,29.3735
EBAY,2016-08-01,3.48349e+10,30.3176
EBAY,2016-09-01,3.56357e+10,31.0145
EBAY,2016-10-01,3.06139e+10,26.8779
EBAY,2016-11-01,2.9864e+10,26.2195
EBAY,2016-12-01,3.18769e+10,27.9867
EBAY,2017-01-01,3.41771e+10,30.0062
EBAY,2017-02-01,3.57629e+10,31.9597
EBAY,2017-03-01,3.54132e+10,31.6472
EBAY,2017-04-01,3.4709e+10,31.4964
EBAY,2017-05-01,3.56335e+10,32.3353
EBAY,2017-06-01,3.62774e+10,32.9196
EBAY,2017-07-01,3.67475e+10,33.6824
EBAY,2017-08-01,3.71573e+10,34.058
EBAY,2017-09-01,3.95561e+10,36.2567
EBAY,2017-10-01,3.8255e+10,35.487
EBAY,2017-11-01,3.52239e+10,32.6752
EBAY,2017-12-01,3.83496e+10,35.5748
EBAY,2018-01-01,4.12386e+10,38.2547
EBAY,2018-02-01,4.18183e+10,40.4042
EBAY,2018-03-01,3.92631e+10,37.9354
EBAY,2018-04-01,3.67474e+10,35.7118
EBAY,2018-05-01,3.65882e+10,35.557
EBAY,2018-06-01,3.51754e+10,34.1841
EBAY,2018-07-01,3.1659e+10,31.5329
EBAY,2018-08-01,3.27564e+10,32.6259
EBAY,2018-09-01,3.12524e+10,31.1279
EBAY,2018-10-01,2.69017e+10,27.3669
EBAY,2018-11-01,2.7663e+10,28.1414
EBAY,2018-12-01,2.60131e+10,26.463
EBAY,2019-01-01,3.01378e+10,31.724
EBAY,2019-02-01,3.33954e+10,35.153
EBAY,2019-03-01,3.33859e+10,35.1431
EBAY,2019-04-01,3.32944e+10,36.6678
EBAY,2019-05-01,3.09909e+10,34.1309
EBAY,2019-06-01,3.40693e+10,37.5213
EBAY,2019-07-01,3.39229e+10,39.1268
EBAY,2019-08-01,3.32983e+10,38.4064
EBAY,2019-09-01,3.22148e+10,37.1566
EBAY,2019-10-01,2.81246e+10,33.6017
EBAY,2019-11-01,2.84496e+10,33.99
EBAY,2019-12-01,2.89239e+10,34.5566
EBAY,2020-01-01,2.60778e+10,32.1155
EBAY,2020-02-01,2.70412e+10,33.302
EBAY,2020-03-01,2.34647e+10,28.8974
EBAY,2020-04-01,2.89856e+10,38.2901
EBAY,2020-05-01,3.32614e+10,43.9384
EBAY,2020-06-01,3.8308e+10,50.605
EBAY,2020-07-01,3.79213e+10,53.3351
EBAY,2020-08-01,3.76893e+10,53.0088
EBAY,2020-09-01,3.58463e+10,50.4168
EBAY,2020-10-01,3.26325e+10,46.0911
EBAY,2020-11-01,3.46589e+10,48.9532
EBAY,2020-12-01,3.45347e+10,48.7778
EBAY,2021-01-01,3.88373e+10,54.8549
EBAY,2021-02-01,3.82936e+10,54.9406
EBAY,2021-03-01,4.15655e+10,59.6349
EBAY,2021-04-01,3.7649e+10,54.3276
EBAY,2021-05-01,4.12088e+10,59.4644
EBAY,2021-06-01,4.7524e+10,68.5772
EBAY,2021-07-01,4.61702e+10,66.6237
EBAY,2021-08-01,5.14636e+10,75.1294
EBAY,2021-09-01,4.67221e+10,68.2075
EBAY,2021-10-01,4.94222e+10,75.1097
EBAY,2021-11-01,4.35687e+10,66.2138
EBAY,2021-12-01,4.29487e+10,65.2716
EBAY,2022-01-01,3.87956e+10,58.9599
EBAY,2022-02-01,3.24703e+10,53.5814
EBAY,2022-03-01,3.41995e+10,56.4348
EBAY,2022-04-01,3.10101e+10,51.1717
EBAY,2022-05-01,2.8285e+10,48.1857
EBAY,2022-06-01,2.42169e+10,41.2554
EBAY,2022-07-01,2.82618e+10,48.1461
EBAY,2022-08-01,2.4413e+10,43.9082
EBAY,2022-09-01,2.03635e+10,36.625
EBAY,2022-10-01,2.20397e+10,39.6398
EBAY,2022-11-01,2.49011e+10,45.44
EBAY,2022-12-01,2.27256e+10,41.47
EBAY,2023-01-01,2.7126e+10,49.5
EBAY,2023-02-01,2.56122e+10,45.9
EBAY,2023-03-01,2.47585e+10,44.37
EBAY,2023-04-01,2.51186e+10,46.43
EBAY,2023-05-01,2.30141e+10,42.54
EBAY,2023-06-01,2.41773e+10,44.69
EBAY,2023-07-01,2.39019e+10,44.51
EBAY,2023-08-01,2.40469e+10,44.78
EBAY,2023-09-01,2.36763e+10,44.09
EBAY,2023-10-01,2.10665e+10,39.23
EBAY,2023-11-01,2.18173e+10,41.01
EBAY,2023-12-01,2.32058e+10,43.62
EBAY,2024-01-01,2.18492e+10,41.07
EBAY,2024-02-01,2.52002e+10,47.28
EBAY,2024-03-01,2.81317e+10,52.78
EBAY,2024-04-01,2.74708e+10,51.54
EBAY,2024-05-01,2.81402e+10,54.22
EBAY,2024-06-01,2.78807e+10,53.72
EBAY,2024-07-01,2.88616e+10,55.61
EBAY,2024-08-01,2.99637e+10,59.1
EBAY,2024-09-01,3.30108e+10,65.11
EBAY,2024-10-01,2.84099e+10,57.51
EBAY,2024-11-01,3.12653e+10,63.29
EBAY,2024-12-01,3.06033e+10,61.95
EBAY,2025-01-01,3.33351e+10,67.48
EBAY,2025-02-01,3.24347e+10,64.74
EBAY,2025-03-01,3.39327e+10,67.73
EBAY,2025-04-01,3.41482e+10,68.16
EBAY,2025-05-01,3.47558e+10,73.17
EBAY,2025-06-01,3.53685e+10,74.46
EBAY,2025-07-01,4.31225e+10,91.75
EBAY,2025-08-01,4.25867e+10,90.61
EBAY,2025-09-01,4.34538e+10,92.455
MSI,2011-05-01,1.67637e+10,48.7033
MSI,2011-06-01,1.61273e+10,46.8544
MSI,2011-07-01,1.59186e+10,45.6774
MSI,2011-08-01,1.49277e+10,42.8342
MSI,2011-09-01,1.49377e+10,42.8629
MSI,2011-10-01,1.62082e+10,47.7413
MSI,2011-11-01,1.61254e+10,47.4975
MSI,2011-12-01,1.59948e+10,47.1128
MSI,2012-01-01,1.60385e+10,47.2416
MSI,2012-02-01,1.72169e+10,50.6827
MSI,2012-03-01,1.7577e+10,51.7427
MSI,2012-04-01,1.65029e+10,51.945
MSI,2012-05-01,1.55501e+10,48.9457
MSI,2012-06-01,1.55612e+10,48.9809
MSI,2012-07-01,1.45694e+10,49.2043
MSI,2012-08-01,1.43673e+10,48.5218
MSI,2012-09-01,1.52366e+10,51.4577
MSI,2012-10-01,1.51184e+10,52.6042
MSI,2012-11-01,1.59309e+10,55.4312
MSI,2012-12-01,1.62894e+10,56.6785
MSI,2013-01-01,1.7083e+10,59.44
MSI,2013-02-01,1.88349e+10,63.3318
MSI,2013-03-01,1.93861e+10,65.1853
MSI,2013-04-01,1.63465e+10,58.2348
MSI,2013-05-01,1.6564e+10,59.0095
MSI,2013-06-01,1.65021e+10,58.7892
MSI,2013-07-01,1.53374e+10,55.8332
MSI,2013-08-01,1.56681e+10,57.0371
MSI,2013-09-01,1.66098e+10,60.4654
MSI,2013-10-01,1.68898e+10,63.6631
MSI,2013-11-01,1.77961e+10,67.0791
MSI,2013-12-01,1.82361e+10,68.7376
MSI,2014-01-01,1.72378e+10,64.9747
MSI,2014-02-01,1.8236e+10,67.4158
MSI,2014-03-01,1.77123e+10,65.48
MSI,2014-04-01,1.75151e+10,64.7508
MSI,2014-05-01,1.77359e+10,68.6638
MSI,2014-06-01,1.75141e+10,67.8053
MSI,2014-07-01,1.67532e+10,64.8593
MSI,2014-08-01,1.54999e+10,60.4993
MSI,2014-09-01,1.65112e+10,64.4465
MSI,2014-10-01,1.68301e+10,65.6914
MSI,2014-11-01,1.66127e+10,66.9328
MSI,2014-12-01,1.69615e+10,68.3379
MSI,2015-01-01,1.578e+10,63.5776
MSI,2015-02-01,1.69984e+10,69.2116
MSI,2015-03-01,1.67683e+10,68.2746
MSI,2015-04-01,1.4953e+10,60.8835
MSI,2015-05-01,1.30936e+10,60.1177
MSI,2015-06-01,1.27999e+10,58.7689
MSI,2015-07-01,1.33513e+10,61.3007
MSI,2015-08-01,1.38378e+10,66.0513
MSI,2015-09-01,1.46694e+10,70.0211
MSI,2015-10-01,1.49381e+10,71.3034
MSI,2015-11-01,1.47251e+10,73.1502
MSI,2015-12-01,1.40461e+10,69.7772
MSI,2016-01-01,1.37013e+10,68.0643
MSI,2016-02-01,1.51175e+10,74.9134
MSI,2016-03-01,1.56623e+10,77.6131
MSI,2016-04-01,1.54746e+10,76.6827
MSI,2016-05-01,1.25042e+10,70.6452
MSI,2016-06-01,1.19817e+10,67.6933
MSI,2016-07-01,1.25243e+10,70.7586
MSI,2016-08-01,1.37252e+10,78.5194
MSI,2016-09-01,1.36716e+10,78.2127
MSI,2016-10-01,1.29401e+10,74.0283
MSI,2016-11-01,1.38817e+10,81.8499
MSI,2016-12-01,1.43382e+10,84.5415
MSI,2017-01-01,1.39609e+10,82.3168
MSI,2017-02-01,1.39415e+10,80.5401
MSI,2017-03-01,1.53093e+10,88.4421
MSI,2017-04-01,1.51836e+10,87.716
MSI,2017-05-01,1.44873e+10,85.2694
MSI,2017-06-01,1.51188e+10,88.9867
MSI,2017-07-01,1.57222e+10,92.5379
MSI,2017-08-01,1.51976e+10,89.9269
MSI,2017-09-01,1.46407e+10,86.6315
MSI,2017-10-01,1.56186e+10,92.4178
MSI,2017-11-01,1.62343e+10,96.0609
MSI,2017-12-01,1.55863e+10,92.2267
MSI,2018-01-01,1.71594e+10,101.535
MSI,2018-02-01,1.76518e+10,108.36
MSI,2018-03-01,1.75096e+10,107.487
MSI,2018-04-01,1.82657e+10,112.128
MSI,2018-05-01,1.86955e+10,109.587
MSI,2018-06-01,2.02643e+10,118.782
MSI,2018-07-01,2.11199e+10,123.798
MSI,2018-08-01,2.24937e+10,131.006
MSI,2018-09-01,2.28092e+10,132.843
MSI,2018-10-01,2.1482e+10,125.113
MSI,2018-11-01,2.31287e+10,134.002
MSI,2018-12-01,2.02743e+10,117.464
MSI,2019-01-01,2.05995e+10,119.348
MSI,2019-02-01,2.51334e+10,146.125
MSI,2019-03-01,2.46609e+10,143.377
MSI,2019-04-01,2.54505e+10,147.968
MSI,2019-05-01,2.67357e+10,153.125
MSI,2019-06-01,2.97202e+10,170.219
MSI,2019-07-01,2.95839e+10,169.438
MSI,2019-08-01,3.25268e+10,184.707
MSI,2019-09-01,3.0652e+10,174.06
MSI,2019-10-01,2.99618e+10,169.852
MSI,2019-11-01,3.01424e+10,170.875
MSI,2019-12-01,2.90355e+10,164.6
MSI,2020-01-01,3.1894e+10,180.805
MSI,2020-02-01,2.9718e+10,169.237
MSI,2020-03-01,2.38453e+10,135.793
MSI,2020-04-01,2.58001e+10,146.925
MSI,2020-05-01,2.43193e+10,138.257
MSI,2020-06-01,2.5184e+10,143.172
MSI,2020-07-01,2.51268e+10,142.847
MSI,2020-08-01,2.74471e+10,158.105
MSI,2020-09-01,2.79344e+10,160.912
MSI,2020-10-01,2.81402e+10,162.192
MSI,2020-11-01,3.05385e+10,176.015
MSI,2020-12-01,3.02794e+10,174.521
MSI,2021-01-01,2.9834e+10,171.954
MSI,2021-02-01,3.13564e+10,180.106
MSI,2021-03-01,3.3737e+10,193.779
MSI,2021-04-01,3.36587e+10,193.33
MSI,2021-05-01,3.6509e+10,210.791
MSI,2021-06-01,3.86884e+10,223.374
MSI,2021-07-01,3.98241e+10,229.932
MSI,2021-08-01,4.34097e+10,250.778
MSI,2021-09-01,4.14142e+10,239.25
MSI,2021-10-01,4.41843e+10,255.253
MSI,2021-11-01,4.52601e+10,259.966
MSI,2021-12-01,4.85689e+10,278.971
MSI,2022-01-01,4.14611e+10,238.145
MSI,2022-02-01,3.92904e+10,226.327
MSI,2022-03-01,4.33259e+10,249.573
MSI,2022-04-01,3.8105e+10,219.499
MSI,2022-05-01,3.90707e+10,225.712
MSI,2022-06-01,3.74138e+10,216.14
MSI,2022-07-01,4.24329e+10,245.135
MSI,2022-08-01,4.274e+10,250.088
MSI,2022-09-01,3.94531e+10,230.855
MSI,2022-10-01,4.38367e+10,256.505
MSI,2022-11-01,4.79526e+10,279.607
MSI,2022-12-01,4.54067e+10,264.762
MSI,2023-01-01,4.52834e+10,264.043
MSI,2023-02-01,4.64133e+10,270.002
MSI,2023-03-01,5.05317e+10,293.96
MSI,2023-04-01,5.13084e+10,298.478
MSI,2023-05-01,4.98413e+10,288.768
MSI,2023-06-01,5.18497e+10,300.404
MSI,2023-07-01,5.05255e+10,292.732
MSI,2023-08-01,4.99861e+10,289.607
MSI,2023-09-01,4.78431e+10,277.191
MSI,2023-10-01,4.89362e+10,283.524
MSI,2023-11-01,5.64449e+10,328.742
MSI,2023-12-01,5.4572e+10,317.833
MSI,2024-01-01,5.56893e+10,324.34
MSI,2024-02-01,5.77216e+10,335.395
MSI,2024-03-01,6.18364e+10,359.305
MSI,2024-04-01,5.90789e+10,343.282
MSI,2024-05-01,6.14239e+10,369.356
MSI,2024-06-01,6.48099e+10,389.717
MSI,2024-07-01,6.69705e+10,402.709
MSI,2024-08-01,7.59944e+10,446.239
MSI,2024-09-01,7.71295e+10,452.904
MSI,2024-10-01,7.70815e+10,452.622
MSI,2024-11-01,8.60206e+10,503.339
MSI,2024-12-01,7.9398e+10,464.587
MSI,2025-01-01,8.06038e+10,471.643
MSI,2025-02-01,7.55731e+10,442.465
MSI,2025-03-01,7.49742e+10,438.959
MSI,2025-04-01,7.5416e+10,441.546
MSI,2025-05-01,7.07166e+10,416.47
MSI,2025-06-01,7.13941e+10,420.46
MSI,2025-07-01,7.45388e+10,438.98
MSI,2025-08-01,7.97512e+10,472.46
MSI,2025-09-01,8.06746e+10,477.93
CDW,2013-06-01,2.79526e+09,19.1325
CDW,2013-07-01,3.2279e+09,22.0938
CDW,2013-08-01,3.3059e+09,22.5351
CDW,2013-09-01,3.4416e+09,23.4601
CDW,2013-10-01,3.31559e+09,22.6012
CDW,2013-11-01,3.83021e+09,22.9629
CDW,2013-12-01,4.00457e+09,24.0082
CDW,2014-01-01,4.05808e+09,24.329
CDW,2014-02-01,4.49442e+09,26.945
CDW,2014-03-01,4.47667e+09,28.2084
CDW,2014-04-01,4.59942e+09,28.9818
CDW,2014-05-01,5.21666e+09,30.2766
CDW,2014-06-01,5.64659e+09,32.7719
CDW,2014-07-01,5.47183e+09,31.7576
CDW,2014-08-01,5.87336e+09,34.009
CDW,2014-09-01,5.51289e+09,31.9218
CDW,2014-10-01,5.47598e+09,31.708
CDW,2014-11-01,6.25195e+09,36.1385
CDW,2014-12-01,6.25622e+09,36.1631
CDW,2015-01-01,6.09476e+09,35.2298
CDW,2015-02-01,6.69787e+09,38.7608
CDW,2015-03-01,6.61722e+09,38.2941
CDW,2015-04-01,6.80925e+09,39.4054
CDW,2015-05-01,6.63096e+09,38.2188
CDW,2015-06-01,6.11593e+09,35.2503
CDW,2015-07-01,6.41061e+09,36.9488
CDW,2015-08-01,7.06334e+09,40.9469
CDW,2015-09-01,7.24943e+09,42.0257
CDW,2015-10-01,7.92806e+09,45.9598
CDW,2015-11-01,7.61075e+09,44.5073
CDW,2015-12-01,7.39343e+09,43.2364
CDW,2016-01-01,6.76192e+09,39.5434
CDW,2016-02-01,7.01236e+09,40.817
CDW,2016-03-01,7.33346e+09,42.686
CDW,2016-04-01,6.80327e+09,39.5999
CDW,2016-05-01,7.41398e+09,43.8957
CDW,2016-06-01,6.96335e+09,41.2276
CDW,2016-07-01,7.45865e+09,44.1601
CDW,2016-08-01,7.67443e+09,46.0373
CDW,2016-09-01,7.84389e+09,47.0539
CDW,2016-10-01,7.70139e+09,46.1991
CDW,2016-11-01,8.72066e+09,52.8846
CDW,2016-12-01,8.83644e+09,53.5867
CDW,2017-01-01,8.7382e+09,52.9909
CDW,2017-02-01,1.00187e+10,60.7562
CDW,2017-03-01,9.85553e+09,59.3707
CDW,2017-04-01,1.00913e+10,60.791
CDW,2017-05-01,1.01078e+10,62.0873
CDW,2017-06-01,1.04722e+10,64.3253
CDW,2017-07-01,1.06263e+10,65.272
CDW,2017-08-01,1.04038e+10,65.4325
CDW,2017-09-01,1.08004e+10,67.9268
CDW,2017-10-01,1.14552e+10,72.0451
CDW,2017-11-01,1.12907e+10,72.2833
CDW,2017-12-01,1.11742e+10,71.5378
CDW,2018-01-01,1.20263e+10,76.9927
CDW,2018-02-01,1.17617e+10,75.2987
CDW,2018-03-01,1.14526e+10,72.3934
CDW,2018-04-01,1.16117e+10,73.3992
CDW,2018-05-01,1.27923e+10,82.6378
CDW,2018-06-01,1.28779e+10,83.1903
CDW,2018-07-01,1.34037e+10,86.5873
CDW,2018-08-01,1.39098e+10,90.3819
CDW,2018-09-01,1.4093e+10,91.5725
CDW,2018-10-01,1.42471e+10,92.6944
CDW,2018-11-01,1.47191e+10,95.7653
CDW,2018-12-01,1.28326e+10,83.4912
CDW,2019-01-01,1.31838e+10,85.7761
CDW,2019-02-01,1.49013e+10,97.0138
CDW,2019-03-01,1.52483e+10,99.2727
CDW,2019-04-01,1.67081e+10,108.776
CDW,2019-05-01,1.51709e+10,101.682
CDW,2019-06-01,1.70553e+10,114.312
CDW,2019-07-01,1.80485e+10,121.703
CDW,2019-08-01,1.76848e+10,119.25
CDW,2019-09-01,1.88206e+10,126.909
CDW,2019-10-01,1.93937e+10,131.751
CDW,2019-11-01,2.05304e+10,139.473
CDW,2019-12-01,2.16547e+10,147.111
CDW,2020-01-01,1.97778e+10,134.36
CDW,2020-02-01,1.74354e+10,117.966
CDW,2020-03-01,1.41935e+10,96.0318
CDW,2020-04-01,1.68593e+10,114.068
CDW,2020-05-01,1.66048e+10,114.595
CDW,2020-06-01,1.73374e+10,119.651
CDW,2020-07-01,1.7348e+10,119.724
CDW,2020-08-01,1.69445e+10,117.426
CDW,2020-09-01,1.77668e+10,123.124
CDW,2020-10-01,1.82212e+10,126.273
CDW,2020-11-01,1.95218e+10,134.819
CDW,2020-12-01,1.96556e+10,135.743
CDW,2021-01-01,1.96359e+10,135.607
CDW,2021-02-01,2.34599e+10,162.016
CDW,2021-03-01,2.47232e+10,170.74
CDW,2021-04-01,2.66018e+10,183.714
CDW,2021-05-01,2.44418e+10,170.802
CDW,2021-06-01,2.57482e+10,179.932
CDW,2021-07-01,2.70286e+10,188.879
CDW,2021-08-01,2.93438e+10,207.084
CDW,2021-09-01,2.65731e+10,187.53
CDW,2021-10-01,2.72482e+10,192.295
CDW,2021-11-01,2.72652e+10,195.589
CDW,2021-12-01,2.94096e+10,210.972
CDW,2022-01-01,2.71508e+10,194.769
CDW,2022-02-01,2.50377e+10,178.205
CDW,2022-03-01,2.58984e+10,184.33
CDW,2022-04-01,2.3624e+10,168.143
CDW,2022-05-01,2.40006e+10,175.571
CDW,2022-06-01,2.21991e+10,162.393
CDW,2022-07-01,2.55763e+10,187.098
CDW,2022-08-01,2.41334e+10,176.414
CDW,2022-09-01,2.20038e+10,160.846
CDW,2022-10-01,2.43624e+10,178.088
CDW,2022-11-01,2.67361e+10,195.012
CDW,2022-12-01,2.52337e+10,184.053
CDW,2023-01-01,2.76994e+10,202.038
CDW,2023-02-01,2.85815e+10,208.624
CDW,2023-03-01,2.74404e+10,200.295
CDW,2023-04-01,2.38782e+10,174.293
CDW,2023-05-01,2.42268e+10,176.452
CDW,2023-06-01,2.58067e+10,187.959
CDW,2023-07-01,2.63088e+10,191.615
CDW,2023-08-01,2.94358e+10,216.281
CDW,2023-09-01,2.805e+10,206.099
CDW,2023-10-01,2.78609e+10,204.709
CDW,2023-11-01,2.92749e+10,215.415
CDW,2023-12-01,3.14663e+10,231.54
CDW,2024-01-01,3.13832e+10,230.929
CDW,2024-02-01,3.41814e+10,250.781
CDW,2024-03-01,3.54222e+10,259.884
CDW,2024-04-01,3.34945e+10,245.741
CDW,2024-05-01,3.09003e+10,227.208
CDW,2024-06-01,3.08463e+10,226.811
CDW,2024-07-01,2.99683e+10,221.005
CDW,2024-08-01,3.10029e+10,228.635
CDW,2024-09-01,3.10093e+10,228.682
CDW,2024-10-01,2.56595e+10,190.211
CDW,2024-11-01,2.39827e+10,177.782
CDW,2024-12-01,2.36417e+10,175.254
CDW,2025-01-01,2.70513e+10,200.529
CDW,2025-02-01,2.42606e+10,179.443
CDW,2025-03-01,2.17422e+10,160.815
CDW,2025-04-01,2.17829e+10,161.116
CDW,2025-05-01,2.41615e+10,180.985
CDW,2025-06-01,2.38418e+10,178.59
CDW,2025-07-01,2.32797e+10,174.38
CDW,2025-08-01,2.18142e+10,164.76
CDW,2025-09-01,2.2369e+10,168.95
VRSN,2009-08-01,3.77703e+09,19.527
VRSN,2009-09-01,4.22278e+09,21.8315
VRSN,2009-10-01,4.06586e+09,21.0202
VRSN,2009-11-01,4.00086e+09,20.6793
VRSN,2009-12-01,4.32177e+09,22.3379
VRSN,2010-01-01,4.08409e+09,21.1095
VRSN,2010-02-01,4.42243e+09,22.9647
VRSN,2010-03-01,4.61767e+09,23.9786
VRSN,2010-04-01,4.63224e+09,25.1398
VRSN,2010-05-01,4.73923e+09,25.7205
VRSN,2010-06-01,4.50863e+09,24.469
VRSN,2010-07-01,4.78025e+09,25.9431
VRSN,2010-08-01,4.89879e+09,26.8055
VRSN,2010-09-01,5.34597e+09,29.2524
VRSN,2010-10-01,5.60463e+09,32.0202
VRSN,2010-11-01,5.53442e+09,31.6191
VRSN,2010-12-01,5.73452e+09,32.7623
VRSN,2011-01-01,5.90654e+09,33.7451
VRSN,2011-02-01,6.33352e+09,35.3897
VRSN,2011-03-01,6.49864e+09,36.3123
VRSN,2011-04-01,6.37776e+09,37.0845
VRSN,2011-05-01,6.03972e+09,35.119
VRSN,2011-06-01,5.77068e+09,33.5546
VRSN,2011-07-01,5.24154e+09,31.2982
VRSN,2011-08-01,5.23146e+09,31.238
VRSN,2011-09-01,4.80489e+09,28.6909
VRSN,2011-10-01,5.27448e+09,32.1807
VRSN,2011-11-01,5.51938e+09,33.6749
VRSN,2011-12-01,5.87112e+09,35.8209
VRSN,2012-01-01,6.08809e+09,37.1447
VRSN,2012-02-01,6.1839e+09,37.0544
VRSN,2012-03-01,6.4182e+09,38.4584
VRSN,2012-04-01,6.71496e+09,41.2262
VRSN,2012-05-01,6.24454e+09,38.338
VRSN,2012-06-01,7.11678e+09,43.6931
VRSN,2012-07-01,7.3134e+09,44.5455
VRSN,2012-08-01,7.85013e+09,47.8147
VRSN,2012-09-01,8.01642e+09,48.8276
VRSN,2012-10-01,6.19239e+09,37.1748
VRSN,2012-11-01,5.70461e+09,34.2465
VRSN,2012-12-01,6.48472e+09,38.9297
VRSN,2013-01-01,7.25146e+09,43.5327
VRSN,2013-02-01,7.52989e+09,45.9395
VRSN,2013-03-01,7.76987e+09,47.4036
VRSN,2013-04-01,7.45422e+09,46.2002
VRSN,2013-05-01,7.61116e+09,47.1729
VRSN,2013-06-01,7.22608e+09,44.7862
VRSN,2013-07-01,7.61083e+09,47.9752
VRSN,2013-08-01,7.6347e+09,48.1256
VRSN,2013-09-01,8.09606e+09,51.0338
VRSN,2013-10-01,8.32564e+09,54.4334
VRSN,2013-11-01,8.72137e+09,57.0207
VRSN,2013-12-01,9.16925e+09,59.9489
VRSN,2014-01-01,9.01127e+09,58.916
VRSN,2014-02-01,8.60963e+09,55.2657
VRSN,2014-03-01,8.42216e+09,54.0623
VRSN,2014-04-01,7.03076e+09,47.3133
VRSN,2014-05-01,7.46292e+09,50.2215
VRSN,2014-06-01,7.27366e+09,48.9479
VRSN,2014-07-01,7.65028e+09,54.2027
VRSN,2014-08-01,8.07844e+09,57.2363
VRSN,2014-09-01,7.80173e+09,55.2758
VRSN,2014-10-01,8.2769e+09,59.9289
VRSN,2014-11-01,8.32399e+09,60.2698
VRSN,2014-12-01,7.89463e+09,57.1611
VRSN,2015-01-01,7.54561e+09,54.634
VRSN,2015-02-01,9.04559e+09,64.2009
VRSN,2015-03-01,9.4624e+09,67.1593
VRSN,2015-04-01,8.52484e+09,63.6895
VRSN,2015-05-01,8.48188e+09,63.3686
VRSN,2015-06-01,8.28457e+09,61.8944
VRSN,2015-07-01,9.47954e+09,71.1405
VRSN,2015-08-01,9.21228e+09,69.1348
VRSN,2015-09-01,9.42876e+09,70.7594
VRSN,2015-10-01,1.06467e+10,80.8278
VRSN,2015-11-01,1.18144e+10,89.6928
VRSN,2015-12-01,1.15397e+10,87.6069
VRSN,2016-01-01,9.98625e+09,75.8136
VRSN,2016-02-01,1.12716e+10,84.7288
VRSN,2016-03-01,1.18119e+10,88.7902
VRSN,2016-04-01,1.14007e+10,86.6442
VRSN,2016-05-01,1.12793e+10,85.7216
VRSN,2016-06-01,1.14086e+10,86.7043
VRSN,2016-07-01,1.13422e+10,86.8548
VRSN,2016-08-01,9.74975e+09,74.6604
VRSN,2016-09-01,1.02461e+10,78.4611
VRSN,2016-10-01,1.07639e+10,84.2574
VRSN,2016-11-01,1.01016e+10,79.0728
VRSN,2016-12-01,9.74541e+09,76.285
VRSN,2017-01-01,1.02758e+10,80.4367
VRSN,2017-02-01,1.06549e+10,82.7031
VRSN,2017-03-01,1.12544e+10,87.3562
VRSN,2017-04-01,1.10986e+10,89.1713
VRSN,2017-05-01,1.12534e+10,90.4148
VRSN,2017-06-01,1.16029e+10,93.2227
VRSN,2017-07-01,1.25785e+10,101.456
VRSN,2017-08-01,1.28993e+10,104.043
VRSN,2017-09-01,1.32275e+10,106.691
VRSN,2017-10-01,1.33781e+10,107.824
VRSN,2017-11-01,1.43213e+10,115.425
VRSN,2017-12-01,1.42392e+10,114.763
VRSN,2018-01-01,1.42989e+10,115.245
VRSN,2018-02-01,1.44481e+10,116.348
VRSN,2018-03-01,1.47644e+10,118.895
VRSN,2018-04-01,1.45431e+10,117.752
VRSN,2018-05-01,1.61556e+10,130.809
VRSN,2018-06-01,1.70202e+10,137.808
VRSN,2018-07-01,1.79429e+10,145.64
VRSN,2018-08-01,1.9596e+10,159.058
VRSN,2018-09-01,1.97825e+10,160.572
VRSN,2018-10-01,1.74763e+10,142.943
VRSN,2018-11-01,1.9134e+10,156.501
VRSN,2018-12-01,1.81813e+10,148.709
VRSN,2019-01-01,2.07536e+10,169.748
VRSN,2019-02-01,2.19003e+10,178.543
VRSN,2019-03-01,2.23333e+10,182.073
VRSN,2019-04-01,2.38237e+10,198.008
VRSN,2019-05-01,2.35257e+10,195.531
VRSN,2019-06-01,2.52366e+10,209.751
VRSN,2019-07-01,2.52671e+10,211.687
VRSN,2019-08-01,2.44005e+10,204.426
VRSN,2019-09-01,2.25787e+10,189.163
VRSN,2019-10-01,2.25942e+10,190.557
VRSN,2019-11-01,2.26798e+10,191.279
VRSN,2019-12-01,2.29104e+10,193.225
VRSN,2020-01-01,2.47487e+10,208.728
VRSN,2020-02-01,2.2638e+10,190.286
VRSN,2020-03-01,2.14855e+10,180.599
VRSN,2020-04-01,2.45229e+10,210.082
VRSN,2020-05-01,2.56373e+10,219.629
VRSN,2020-06-01,2.42115e+10,207.415
VRSN,2020-07-01,2.45275e+10,212.278
VRSN,2020-08-01,2.4889e+10,215.407
VRSN,2020-09-01,2.37361e+10,205.429
VRSN,2020-10-01,2.19602e+10,191.239
VRSN,2020-11-01,2.3114e+10,201.287
VRSN,2020-12-01,2.49197e+10,217.012
VRSN,2021-01-01,2.23482e+10,194.618
VRSN,2021-02-01,2.24345e+10,194.578
VRSN,2021-03-01,2.29814e+10,199.322
VRSN,2021-04-01,2.48558e+10,219.388
VRSN,2021-05-01,2.49865e+10,220.541
VRSN,2021-06-01,2.58693e+10,228.333
VRSN,2021-07-01,2.44141e+10,216.981
VRSN,2021-08-01,2.44017e+10,216.871
VRSN,2021-09-01,2.31323e+10,205.589
VRSN,2021-10-01,2.49633e+10,223.299
VRSN,2021-11-01,2.68961e+10,240.588
VRSN,2021-12-01,2.84555e+10,254.537
VRSN,2022-01-01,2.43478e+10,217.794
VRSN,2022-02-01,2.40399e+10,214.324
VRSN,2022-03-01,2.5023e+10,223.089
VRSN,2022-04-01,1.97652e+10,179.195
VRSN,2022-05-01,1.93073e+10,175.043
VRSN,2022-06-01,1.85087e+10,167.803
VRSN,2022-07-01,2.06388e+10,189.695
VRSN,2022-08-01,1.98816e+10,182.735
VRSN,2022-09-01,1.8952e+10,174.191
VRSN,2022-10-01,2.15299e+10,201.026
VRSN,2022-11-01,2.14601e+10,200.375
VRSN,2022-12-01,2.20648e+10,206.021
VRSN,2023-01-01,2.34192e+10,218.666
VRSN,2023-02-01,2.13177e+10,197.386
VRSN,2023-03-01,2.28881e+10,211.927
VRSN,2023-04-01,2.33548e+10,222.427
VRSN,2023-05-01,2.35149e+10,223.951
VRSN,2023-06-01,2.37939e+10,226.609
VRSN,2023-07-01,2.20008e+10,211.546
VRSN,2023-08-01,2.16712e+10,208.377
VRSN,2023-09-01,2.11226e+10,203.102
VRSN,2023-10-01,2.06231e+10,200.224
VRSN,2023-11-01,2.19184e+10,212.8
VRSN,2023-12-01,2.12738e+10,206.542
VRSN,2024-01-01,2.05425e+10,199.442
VRSN,2024-02-01,2.02696e+10,195.842
VRSN,2024-03-01,1.96697e+10,190.046
VRSN,2024-04-01,1.71489e+10,169.959
VRSN,2024-05-01,1.76386e+10,174.813
VRSN,2024-06-01,1.79907e+10,178.302
VRSN,2024-07-01,1.85663e+10,187.538
VRSN,2024-08-01,1.82576e+10,184.42
VRSN,2024-09-01,1.88592e+10,190.497
VRSN,2024-10-01,1.72552e+10,177.34
VRSN,2024-11-01,1.82641e+10,187.709
VRSN,2024-12-01,2.01941e+10,207.545
VRSN,2025-01-01,2.09786e+10,215.608
VRSN,2025-02-01,2.34258e+10,238.552
VRSN,2025-03-01,2.50005e+10,254.587
VRSN,2025-04-01,2.68206e+10,282.917
VRSN,2025-05-01,2.59032e+10,273.24
VRSN,2025-06-01,2.73782e+10,288.8
VRSN,2025-07-01,2.52738e+10,268.87
VRSN,2025-08-01,2.56968e+10,273.37
VRSN,2025-09-01,2.68567e+10,285.71
