ticker,period_end,filed,avail,rev,gp,oi,ni,sh,split_fac,sh_now,dps,dps_now,inv,equity,cash,debt
MSFT,2007-09-30,2010-07-30,2010-07-30,13762000000,11087000000,,4.289e+09,9.53111e+09,1,9.53111e+09,,,,,,0
MSFT,2007-12-31,2010-07-30,2010-07-30,16367000000,12824000000,,4.707e+09,9.414e+09,1,9.414e+09,,,,,,0
MSFT,2008-03-31,2010-07-30,2010-07-30,14454000000,11940000000,,4.388e+09,9.33617e+09,1,9.33617e+09,,,,,,0
MSFT,2008-06-30,2010-07-30,2010-07-30,15837000000,12971000000,,4.297e+09,9.47e+09,1,9.47e+09,,,,3.6286e+10,1.0339e+10,0
MSFT,2008-09-30,2009-10-23,2009-10-23,15061000000,12213000000,5999000000.0,4.373e+09,9.183e+09,1,9.183e+09,0.13,0.13,,3.3594e+10,9.004e+09,0
MSFT,2008-12-31,2010-01-28,2010-01-28,16629000000,12722000000,5939000000.0,4.174e+09,8.914e+09,1,8.914e+09,0.13,0.13,,3.4478e+10,8.346e+09,0
MSFT,2009-03-31,2010-04-22,2010-04-22,13648000000,10834000000,4438000000.0,2.977e+09,8.904e+09,1,8.904e+09,0.13,0.13,,3.6943e+10,7.285e+09,0
MSFT,2009-06-30,2010-07-30,2010-07-30,13099000000,10513000000,3987000000.0,3.045e+09,8.996e+09,1,8.996e+09,0.13,0.13,7.17e+08,3.9558e+10,6.076e+09,5.746e+09
MSFT,2009-09-30,2009-10-23,2009-10-23,12920000000,10078000000,4482000000.0,3.574e+09,8.983e+09,1,8.983e+09,0.13,0.13,1.15e+09,4.1212e+10,8.823e+09,5.996e+09
MSFT,2009-12-31,2010-01-28,2010-01-28,19022000000,15394000000,8513000000.0,6.662e+09,8.951e+09,1,8.951e+09,0.13,0.13,5.89e+08,4.4283e+10,9.422e+09,5.995e+09
MSFT,2010-03-31,2010-04-22,2010-04-22,14503000000,11748000000,5173000000.0,4.006e+09,8.876e+09,1,8.876e+09,0.13,0.13,5.01e+08,4.571e+10,8.155e+09,5.995e+09
MSFT,2010-06-30,2010-07-30,2010-07-30,16039000000,12869000000,5930000000.0,4.518e+09,8.927e+09,1,8.927e+09,0.13,0.13,7.4e+08,4.6175e+10,5.505e+09,6e+09
MSFT,2010-09-30,2010-10-28,2010-10-28,16195000000,13056000000,7116000000.0,5.41e+09,8.695e+09,1,8.695e+09,0.16,0.16,1.242e+09,4.6942e+10,8.161e+09,1.07e+10
MSFT,2010-12-31,2011-01-27,2011-01-27,19953000000,15120000000,8165000000.0,6.634e+09,8.57e+09,1,8.57e+09,0.16,0.16,8.61e+08,4.8481e+10,4.023e+09,9.7e+09
MSFT,2011-03-31,2011-04-28,2011-04-28,16428000000,12531000000,5709000000.0,5.232e+09,8.51e+09,1,8.51e+09,0.16,0.16,1.056e+09,5.3452e+10,7.021e+09,1.19e+10
MSFT,2011-06-30,2011-07-28,2011-07-28,17367000000,13659000000,6171000000.0,5.874e+09,8.593e+09,1,8.593e+09,0.16,0.16,1.372e+09,5.7083e+10,9.61e+09,1.19e+10
MSFT,2011-09-30,2011-10-20,2011-10-20,17372000000,13595000000,7203000000.0,5.738e+09,8.49e+09,1,8.49e+09,0.2,0.2,2.27e+09,5.9391e+10,1.2881e+10,1.19e+10
MSFT,2011-12-31,2012-01-27,2012-01-27,20885000000,15247000000,7994000000.0,6.624e+09,8.465e+09,1,8.465e+09,0.2,0.2,1.351e+09,6.4121e+10,1.061e+10,1.19e+10
MSFT,2012-03-31,2012-04-19,2012-04-19,17407000000,13455000000,6374000000.0,5.108e+09,8.498e+09,1,8.498e+09,0.2,0.2,1.412e+09,6.8659e+10,6.388e+09,1.1938e+10
MSFT,2012-06-30,2012-07-26,2012-07-26,18059000000,13896000000,192000000.0,-4.92e+08,8.506e+09,1,8.506e+09,0.2,0.2,1.137e+09,6.6363e+10,6.938e+09,1.3131e+10
MSFT,2012-09-30,2012-10-18,2012-10-18,16008000000,11840000000,5308000000.0,4.466e+09,8.494e+09,1,8.494e+09,0.23,0.23,1.624e+09,6.8836e+10,5.036e+09,1.4236e+10
MSFT,2012-12-31,2013-01-24,2013-01-24,21456000000,15764000000,7771000000.0,6.377e+09,8.444e+09,1,8.444e+09,0.23,0.23,1.661e+09,7.2576e+10,6.017e+09,1.6441e+10
MSFT,2013-03-31,2013-04-18,2013-04-18,20489000000,15702000000,7612000000.0,6.055e+09,8.429e+09,1,8.429e+09,0.23,0.23,2.133e+09,7.6688e+10,5.24e+09,1.6446e+10
MSFT,2013-06-30,2013-07-30,2013-07-30,19896000000,14294000000,6073000000.0,4.965e+09,8.47e+09,1,8.47e+09,0.23,0.23,1.938e+09,7.8944e+10,3.804e+09,1.8599e+10
MSFT,2013-09-30,2013-10-24,2013-10-24,18529000000,13415000000,6334000000.0,5.244e+09,8.434e+09,1,8.434e+09,0.28,0.28,2.613e+09,8.1641e+10,4.023e+09,1.66e+10
MSFT,2013-12-31,2014-01-23,2014-01-23,24519000000,16235000000,7969000000.0,6.558e+09,8.395e+09,1,8.395e+09,0.28,0.28,1.594e+09,8.51e+10,1.0059e+10,2.47e+10
MSFT,2014-03-31,2014-04-24,2014-04-24,20403000000,14462000000,6974000000.0,5.66e+09,8.367e+09,1,8.367e+09,0.28,0.28,1.92e+09,8.7424e+10,1.1572e+10,2.47e+10
MSFT,2014-06-30,2014-07-31,2014-07-31,23382000000,15787000000,6482000000.0,4.612e+09,8.399e+09,1,8.399e+09,0.28,0.28,2.66e+09,8.9784e+10,8.669e+09,2.06e+10
MSFT,2014-09-30,2014-10-23,2014-10-23,23201000000,14928000000,5844000000.0,4.54e+09,8.351e+09,1,8.351e+09,0.31,0.31,3.141e+09,9.017e+10,6.302e+09,2.1948e+10
MSFT,2014-12-31,2015-01-26,2015-01-26,26470000000,16334000000,7776000000.0,5.863e+09,8.297e+09,1,8.297e+09,0.31,0.31,2.053e+09,9.1879e+10,6.426e+09,2.1749e+10
MSFT,2015-03-31,2015-04-23,2015-04-23,21729000000,14568000000,6594000000.0,4.985e+09,8.237e+09,1,8.237e+09,0.31,0.31,2.469e+09,9.0132e+10,7.414e+09,3.2599e+10
MSFT,2015-06-30,2015-07-31,2015-07-31,22180000000,14712000000,-2053000000.0,-3.195e+09,8.254e+09,1,8.254e+09,0.31,0.31,2.902e+09,8.0083e+10,5.595e+09,3.2799e+10
MSFT,2015-09-30,2015-10-22,2015-10-22,20379000000,13172000000,5793000000.0,4.62e+09,8.066e+09,1,8.066e+09,0.36,0.36,3.816e+09,7.7445e+10,5.431e+09,2.935e+10
MSFT,2015-12-31,2016-01-28,2016-01-28,23796000000,13924000000,6026000000.0,4.998e+09,8.028e+09,1,8.028e+09,0.36,0.36,2.702e+09,7.678e+10,7.185e+09,4.215e+10
MSFT,2016-03-31,2016-04-21,2016-04-21,20531000000,12809000000,5283000000.0,3.756e+09,7.985e+09,1,7.985e+09,0.36,0.36,2.45e+09,7.4806e+10,7.17e+09,4.09e+10
MSFT,2016-06-30,2016-07-28,2016-07-28,20614000000,12635000000,3080000000.0,3.122e+09,8.013e+09,1,8.013e+09,0.36,0.36,2.251e+09,7.1997e+10,6.51e+09,4.08e+10
MSFT,2016-09-30,2016-10-20,2016-10-20,20453000000,12609000000,5225000000.0,4.69e+09,7.876e+09,1,7.876e+09,0.39,0.39,3.122e+09,7.0372e+10,1.3928e+10,7.4736e+10
MSFT,2016-12-31,2017-01-26,2017-01-26,24090000000,14189000000,6177000000.0,5.2e+09,7.83e+09,1,7.83e+09,0.39,0.39,1.961e+09,6.8809e+10,8.468e+09,6.0499e+10
MSFT,2017-03-31,2017-04-27,2017-04-27,22090000000,14030000000,5594000000.0,4.801e+09,7.813e+09,1,7.813e+09,0.39,0.39,1.979e+09,6.9729e+10,6.713e+09,7.7399e+10
MSFT,2017-06-30,2017-08-02,2017-08-02,23317000000,14861000000,5330000000.0,6.513e+09,7.832e+09,1,7.832e+09,0.39,0.39,2.181e+09,7.2394e+10,7.663e+09,7.8149e+10
MSFT,2017-09-30,2017-10-26,2017-10-26,24538000000,16260000000,7708000000.0,6.576e+09,7.799e+09,1,7.799e+09,0.42,0.42,3.211e+09,8.9647e+10,6.884e+09,7.835e+10
MSFT,2017-12-31,2018-01-31,2018-01-31,28918000000,17854000000,8679000000.0,-6.302e+09,7.71e+09,1,7.71e+09,0.42,0.42,2.003e+09,7.836e+10,1.2859e+10,8.0246e+10
MSFT,2018-03-31,2018-04-26,2018-04-26,26819000000,17550000000,8292000000.0,7.424e+09,7.794e+09,1,7.794e+09,0.42,0.42,2.084e+09,7.9239e+10,9.221e+09,8.0347e+10
MSFT,2018-06-30,2018-08-03,2018-08-03,30085000000,20343000000,10379000000.0,8.873e+09,7.794e+09,1,7.794e+09,0.42,0.42,2.662e+09,8.2718e+10,1.33768e+11,8.0198e+10
MSFT,2018-09-30,2018-10-24,2018-10-24,29084000000,19179000000,9955000000.0,8.824e+09,7.766e+09,1,7.766e+09,0.46,0.46,3.614e+09,8.5967e+10,1.3588e+11,8.2697e+10
MSFT,2018-12-31,2019-01-30,2019-01-30,32471000000,20048000000,10258000000.0,8.42e+09,7.768e+09,1,7.768e+09,0.46,0.46,1.961e+09,9.2128e+10,1.27662e+11,7.6716e+10
MSFT,2019-03-31,2019-04-24,2019-04-24,30571000000,20401000000,10341000000.0,8.809e+09,7.744e+09,1,7.744e+09,0.46,0.46,1.951e+09,9.4864e+10,1.31618e+11,7.9615e+10
MSFT,2019-06-30,2019-08-01,2019-08-01,33717000000,23305000000,12405000000.0,1.3187e+10,7.753e+09,1,7.753e+09,0.46,0.46,2.063e+09,1.0233e+11,1.33819e+11,7.7716e+10
MSFT,2019-09-30,2019-10-23,2019-10-23,33055000000,22649000000,12686000000.0,1.0678e+10,7.71e+09,1,7.71e+09,0.51,0.51,2.622e+09,1.06061e+11,1.36636e+11,7.2512e+10
MSFT,2019-12-31,2020-01-29,2020-01-29,36906000000,24548000000,13891000000.0,1.1649e+10,7.691e+09,1,7.691e+09,0.51,0.51,1.823e+09,1.10109e+11,1.34253e+11,7.5855e+10
MSFT,2020-03-31,2020-04-29,2020-04-29,35021000000,24046000000,12975000000.0,1.0752e+10,7.675e+09,1,7.675e+09,0.51,0.51,1.644e+09,1.14501e+11,1.37626e+11,7.0358e+10
MSFT,2020-06-30,2020-07-30,2020-07-30,38033000000,25694000000,13407000000.0,1.1202e+10,7.683e+09,1,7.683e+09,0.51,0.51,1.895e+09,1.18304e+11,1.36527e+11,6.7076e+10
MSFT,2020-09-30,2020-10-27,2020-10-27,37154000000,26152000000,15876000000.0,1.3893e+10,7.637e+09,1,7.637e+09,0.56,0.56,2.705e+09,1.23392e+11,1.37977e+11,7.0049e+10
MSFT,2020-12-31,2021-01-26,2021-01-26,43076000000,28882000000,17897000000.0,1.5463e+10,7.616e+09,1,7.616e+09,0.56,0.56,1.924e+09,1.30236e+11,1.31968e+11,6.591e+10
MSFT,2021-03-31,2021-04-27,2021-04-27,41706000000,28661000000,17048000000.0,1.5457e+10,7.597e+09,1,7.597e+09,0.56,0.56,2.245e+09,1.34505e+11,1.25407e+11,6.6109e+10
MSFT,2021-06-30,2021-07-29,2021-07-29,46152000000,32161000000,19095000000.0,1.6458e+10,7.608e+09,1,7.608e+09,0.56,0.56,2.636e+09,1.41988e+11,1.30334e+11,6.6218e+10
MSFT,2021-09-30,2021-10-26,2021-10-26,45317000000,31671000000,20238000000.0,2.0505e+10,7.567e+09,1,7.567e+09,0.62,0.62,3.411e+09,1.51978e+11,1.30615e+11,5.6537e+10
MSFT,2021-12-31,2022-01-25,2022-01-25,51728000000,34768000000,22247000000.0,1.8765e+10,7.555e+09,1,7.555e+09,0.62,0.62,3.019e+09,1.6001e+11,1.25369e+11,5.8256e+10
MSFT,2022-03-31,2022-04-26,2022-04-26,49360000000,33745000000,20364000000.0,1.6728e+10,7.534e+09,1,7.534e+09,0.62,0.62,3.296e+09,1.62924e+11,1.04693e+11,5.1675e+10
MSFT,2022-06-30,2022-07-28,2022-07-28,51865000000,35436000000,20534000000.0,1.674e+10,7.54e+09,1,7.54e+09,0.62,0.62,3.742e+09,1.66542e+11,1.04757e+11,5.253e+10
MSFT,2022-09-30,2022-10-25,2022-10-25,50122000000,34670000000,21518000000.0,1.7556e+10,7.485e+09,1,7.485e+09,0.68,0.68,4.268e+09,1.73566e+11,1.07262e+11,5.187e+10
MSFT,2022-12-31,2023-01-24,2023-01-24,52747000000,35259000000,20399000000.0,1.6425e+10,7.473e+09,1,7.473e+09,0.68,0.68,2.98e+09,1.83136e+11,9.9508e+10,5.2113e+10
MSFT,2023-03-31,2023-04-25,2023-04-25,52857000000,36729000000,22352000000.0,1.8299e+10,7.464e+09,1,7.464e+09,0.68,0.68,2.877e+09,1.94683e+11,1.04427e+11,5.4455e+10
MSFT,2023-06-30,2023-07-27,2023-07-27,56189000000,39394000000,24254000000.0,2.0081e+10,7.472e+09,1,7.472e+09,0.68,0.68,2.5e+09,2.06223e+11,1.11262e+11,5.2484e+10
MSFT,2023-09-30,2023-10-24,2023-10-24,56517000000,40215000000,26895000000.0,2.2291e+10,7.462e+09,1,7.462e+09,0.75,0.75,3e+09,2.20714e+11,1.43951e+11,4.9442e+10
MSFT,2023-12-31,2024-01-30,2024-01-30,62020000000,42397000000,27032000000.0,2.187e+10,7.468e+09,1,7.468e+09,0.75,0.75,1.615e+09,2.38268e+11,8.1017e+10,4.9428e+10
MSFT,2024-03-31,2024-04-25,2024-04-25,61858000000,43353000000,27581000000.0,2.1939e+10,7.472e+09,1,7.472e+09,0.75,0.75,1.304e+09,2.53152e+11,8.0021e+10,4.7156e+10
MSFT,2024-06-30,2024-07-30,2024-07-30,64727000000,45043000000,27925000000.0,2.2036e+10,7.469e+09,1,7.469e+09,0.75,0.75,1.246e+09,2.68477e+11,7.5543e+10,4.7186e+10
MSFT,2024-09-30,2024-10-30,2024-10-30,65585000000,45486000000,30552000000.0,2.4667e+10,7.47e+09,1,7.47e+09,0.83,0.83,1.626e+09,2.87723e+11,7.8428e+10,4.7366e+10
MSFT,2024-12-31,2025-01-29,2025-01-29,69632000000,47833000000,31653000000.0,2.4108e+10,7.468e+09,1,7.468e+09,0.83,0.83,9.09e+08,3.02695e+11,7.1555e+10,5.0218e+10
MSFT,2025-03-31,2025-04-30,2025-04-30,70066000000,48147000000,32000000000.0,2.5824e+10,7.461e+09,1,7.461e+09,0.83,0.83,8.48e+08,3.21891e+11,7.9618e+10,4.588e+10
MSFT,2025-06-30,2025-07-30,2025-07-30,76441000000,52427000000,34323000000.0,2.7233e+10,7.465e+09,1,7.465e+09,0.83,0.83,9.38e+08,3.43479e+11,9.4565e+10,4.615e+10
MSFT,2025-09-30,2025-10-29,2025-10-29,77673000000,53630000000,37961000000.0,2.7747e+10,7.466e+09,1,7.466e+09,0.91,0.91,1.13e+09,3.63076e+11,1.02012e+11,5.104e+10
MSFT,2025-12-31,2026-01-28,2026-01-28,81273000000,55295000000,38275000000.0,3.8458e+10,7.46e+09,1,7.46e+09,0.91,0.91,1.059e+09,3.90875e+11,8.9462e+10,4.5099e+10
MSFT,2026-03-31,2026-04-29,2026-04-29,82886000000,56058000000,38398000000.0,3.1778e+10,7.445e+09,1,7.445e+09,0.91,0.91,1.219e+09,4.14367e+11,7.8272e+10,4.9101e+10
GOOGL,2014-09-30,2015-10-29,2015-10-29,16523000000,9828000000,3724000000,2.739e+09,6.88191e+08,20,1.37638e+10,,,,,1.5605e+10,0
GOOGL,2015-03-31,2016-05-03,2016-05-03,17258000000,10902000000,4447000000,3.515e+09,6.89216e+08,20,1.37843e+10,,,,,1.6976e+10,0
GOOGL,2015-06-30,2016-08-04,2016-08-04,17727000000,11144000000,4825000000,3.931e+09,6.89216e+08,20,1.37843e+10,,,,,1.8453e+10,0
GOOGL,2015-09-30,2015-10-29,2015-10-29,18675000000,11638000000,4708000000,3.979e+09,6.89216e+08,20,1.37843e+10,,,,1.16241e+11,1.8068e+10,5.231e+09
GOOGL,2015-12-31,2016-02-11,2016-02-11,21329000000,13141000000,5380000000,4.923e+09,6.89216e+08,20,1.37843e+10,,,4.91e+08,1.20331e+11,1.6549e+10,5.225e+09
GOOGL,2016-03-31,2016-05-03,2016-05-03,20257000000,12609000000,5342000000,4.207e+09,6.98837e+08,20,1.39767e+10,,,,1.23569e+11,1.5111e+10,5.208e+09
GOOGL,2016-06-30,2016-08-04,2016-08-04,21500000000,13370000000,5968000000,4.877e+09,6.96714e+08,20,1.39343e+10,,,,1.27879e+11,1.3627e+10,4.203e+09
GOOGL,2016-09-30,2016-11-03,2016-11-03,22451000000,13752000000,5767000000,5.061e+09,6.98069e+08,20,1.39614e+10,,,5.59e+08,1.34103e+11,9.406e+09,3.938e+09
GOOGL,2016-12-31,2017-02-03,2017-02-03,26064000000,15403000000,6639000000,5.333e+09,7.03562e+08,20,1.40712e+10,,,2.68e+08,1.39036e+11,1.2918e+10,4e+09
GOOGL,2017-03-31,2017-05-02,2017-05-02,24750000000,14955000000,6568000000,5.426e+09,7.0194e+08,20,1.40388e+10,,,2.8e+08,1.44949e+11,1.8132e+10,3.937e+09
GOOGL,2017-06-30,2017-07-25,2017-07-25,26010000000,15637000000,4132000000,3.524e+09,7.03393e+08,20,1.40679e+10,,,3.98e+08,1.48286e+11,1.5711e+10,3.939e+09
GOOGL,2017-09-30,2017-10-27,2017-10-27,27772000000,16624000000,7782000000,6.732e+09,7.03448e+08,20,1.4069e+10,,,7.65e+08,1.571e+11,1.0581e+10,3.941e+09
GOOGL,2017-12-31,2018-02-06,2018-02-06,32323000000,18056000000,7664000000,-3.02e+09,7.00696e+08,20,1.40139e+10,,,7.49e+08,1.52502e+11,1.01871e+11,4.026e+09
GOOGL,2018-03-31,2018-04-24,2018-04-24,31146000000,17679000000,7001000000,9.401e+09,7.05251e+08,20,1.4105e+10,,,6.36e+08,1.60825e+11,1.2658e+10,5.244e+09
GOOGL,2018-06-30,2018-07-24,2018-07-24,32657000000,18774000000,2807000000,3.195e+09,7.03744e+08,20,1.40749e+10,,,6.98e+08,1.62e+11,1.02254e+11,3.947e+09
GOOGL,2018-09-30,2018-10-26,2018-10-26,33740000000,19459000000,8310000000,9.192e+09,7.03828e+08,20,1.40766e+10,,,1.212e+09,1.6984e+11,1.06416e+11,3.948e+09
GOOGL,2018-12-31,2019-02-05,2019-02-05,39276000000,21358000000,8203000000,8.948e+09,7.00705e+08,20,1.40141e+10,,,1.107e+09,1.77628e+11,1.0914e+11,4.062e+09
GOOGL,2019-03-31,2019-04-30,2019-04-30,36339000000,20327000000,6608000000,6.657e+09,7.00737e+08,20,1.40147e+10,,,1.053e+09,1.83472e+11,1.13488e+11,3.952e+09
GOOGL,2019-06-30,2019-07-26,2019-07-26,38944000000,21648000000,9180000000,9.947e+09,7e+08,20,1.4e+10,,,9.64e+08,1.92192e+11,1.21056e+11,3.954e+09
GOOGL,2019-09-30,2019-10-29,2019-10-29,40499000000,22931000000,9177000000,7.068e+09,6.98419e+08,20,1.39684e+10,,,1.401e+09,1.94969e+11,1.21177e+11,3.956e+09
GOOGL,2019-12-31,2020-02-04,2020-02-04,46075000000,25055000000,9266000000,1.0671e+10,6.96086e+08,20,1.39217e+10,,,9.99e+08,2.01442e+11,1.19675e+11,4.685e+09
GOOGL,2020-03-31,2020-04-29,2020-04-29,41159000000,22177000000,7977000000,6.836e+09,6.92604e+08,20,1.38521e+10,,,8.89e+08,2.03659e+11,1.17229e+11,3.96e+09
GOOGL,2020-06-30,2020-07-31,2020-07-31,38297000000,19744000000,6383000000,6.959e+09,6.86969e+08,20,1.37394e+10,,,8.15e+08,2.07322e+11,1.2108e+11,2.963e+09
GOOGL,2020-09-30,2020-10-30,2020-10-30,46173000000,25056000000,11213000000,1.1247e+10,6.85793e+08,20,1.37159e+10,,,8.35e+08,2.1292e+11,1.32596e+11,9.99e+08
GOOGL,2020-12-31,2021-02-03,2021-02-03,56898000000,30818000000,15651000000,1.5227e+10,6.85592e+08,20,1.37118e+10,,,7.28e+08,2.22544e+11,1.36694e+11,1.6318e+10
GOOGL,2021-03-31,2021-04-28,2021-04-28,55314000000,31211000000,16437000000,1.793e+10,6.82008e+08,20,1.36402e+10,,,8.88e+08,2.30013e+11,1.35104e+11,1e+09
GOOGL,2021-06-30,2021-07-28,2021-07-28,61880000000,35653000000,19361000000,1.8525e+10,6.79567e+08,20,1.35913e+10,,,9.07e+08,2.37565e+11,1.35863e+11,0
GOOGL,2021-09-30,2021-10-27,2021-10-27,65118000000,37497000000,21031000000,1.8936e+10,6.76527e+08,20,1.35305e+10,,,1.278e+09,2.44567e+11,1.42003e+11,0
GOOGL,2021-12-31,2022-02-02,2022-02-02,75325000000,42337000000,21885000000,2.0642e+10,6.73255e+08,20,1.34651e+10,,,1.17e+09,2.51635e+11,1.39649e+11,1.544e+10
GOOGL,2022-03-31,2022-04-27,2022-04-27,68011000000,38412000000,20094000000,1.6436e+10,6.67587e+08,20,1.33517e+10,,,1.369e+09,2.54004e+11,1.3397e+11,0
GOOGL,2022-06-30,2022-07-27,2022-07-27,69685000000,39581000000,19453000000,1.6002e+10,1.32248e+10,1,1.32248e+10,,,1.98e+09,2.55419e+11,1.24997e+11,0
GOOGL,2022-09-30,2022-10-26,2022-10-26,69092000000,37934000000,17135000000,1.391e+10,1.31226e+10,1,1.31226e+10,,,3.156e+09,2.53626e+11,1.16259e+11,0
GOOGL,2022-12-31,2023-02-03,2023-02-03,76048000000,40706000000,18160000000,1.3624e+10,1.3159e+10,1,1.3159e+10,,,2.67e+09,2.56144e+11,1.13762e+11,1.5312e+10
GOOGL,2023-03-31,2023-04-26,2023-04-26,69787000000,39175000000,17415000000,1.5051e+10,1.28641e+10,1,1.28641e+10,,,2.315e+09,2.60894e+11,1.15102e+11,9.99e+08
GOOGL,2023-06-30,2023-07-26,2023-07-26,74604000000,42688000000,21838000000,1.8368e+10,1.2764e+10,1,1.2764e+10,,,2.231e+09,2.67141e+11,1.18332e+11,9.99e+08
GOOGL,2023-09-30,2023-10-25,2023-10-25,76693000000,43464000000,21343000000,1.9689e+10,1.2696e+10,1,1.2696e+10,,,2.957e+09,2.73202e+11,1.19935e+11,1e+09
GOOGL,2023-12-31,2024-01-31,2024-01-31,86310000000,48735000000,23697000000,2.0687e+10,1.2722e+10,1,1.2722e+10,,,,2.83379e+11,1.10916e+11,1.5862e+10
GOOGL,2024-03-31,2024-04-26,2024-04-26,80539000000,46827000000,25472000000,2.3662e+10,1.2527e+10,1,1.2527e+10,,,,2.92844e+11,1.0809e+11,0
GOOGL,2024-06-30,2024-07-24,2024-07-24,84742000000,49235000000,27425000000,2.3619e+10,1.2495e+10,1,1.2495e+10,0.2,0.2,,3.00753e+11,1.00725e+11,0
GOOGL,2024-09-30,2024-10-30,2024-10-30,88268000000,51794000000,28521000000,2.6301e+10,1.2419e+10,1,1.2419e+10,0.2,0.2,,3.14119e+11,9.323e+10,9.99e+08
GOOGL,2024-12-31,2025-02-05,2025-02-05,96469000000,55856000000,30972000000,2.6536e+10,1.2447e+10,1,1.2447e+10,,,,3.25084e+11,9.5657e+10,1.2999e+10
GOOGL,2025-03-31,2025-04-25,2025-04-25,90234000000,53873000000,30606000000,3.454e+10,1.2291e+10,1,1.2291e+10,0.2,0.2,,3.45267e+11,9.5328e+10,1.1886e+10
GOOGL,2025-06-30,2025-07-24,2025-07-24,96428000000,57389000000,31271000000,2.8196e+10,1.2198e+10,1,1.2198e+10,0.21,0.21,,3.62916e+11,9.5148e+10,2.4607e+10
GOOGL,2025-09-30,2025-10-30,2025-10-30,102346000000,60977000000,31228000000,3.4979e+10,1.2203e+10,1,1.2203e+10,0.21,0.21,,3.86867e+11,9.8496e+10,2.3602e+10
GOOGL,2025-12-31,2026-02-05,2026-02-05,113828000000,68062000000,35934000000,3.4455e+10,1.223e+10,1,1.223e+10,0.20999999999999996,0.20999999999999996,,4.15265e+11,1.26843e+11,5.1081e+10
GOOGL,2026-03-31,2026-04-30,2026-04-30,109896000000,68625000000,39696000000,6.2578e+10,1.2238e+10,1,1.2238e+10,0.21,0.21,,4.78746e+11,1.2684e+11,7.9499e+10
META,2011-06-30,2012-07-31,2012-07-31,895000000,685000000,407000000,2.4e+08,1.51e+09,1,1.51e+09,,,,,1.131e+09,0
META,2011-09-30,2012-10-24,2012-10-24,954000000,718000000,414000000,2.27e+08,1.52e+09,1,1.52e+09,,,,,9.06e+08,0
META,2012-03-31,2013-05-02,2013-05-02,1058000000,781000000,381000000,2.05e+08,1.527e+09,1,1.527e+09,,,,,1.282e+09,0
META,2012-06-30,2012-07-31,2012-07-31,1184000000,817000000,-743000000,-1.57e+08,1.879e+09,1,1.879e+09,,,,1.3309e+10,1.0188e+10,0
META,2012-09-30,2012-10-24,2012-10-24,1262000000,940000000,377000000,-5.9e+07,2.42e+09,1,2.42e+09,,,,1.4174e+10,1.0452e+10,0
META,2012-12-31,2013-02-01,2013-02-01,1585000000,1187000000,523000000,6.4e+07,2.166e+09,1,2.166e+09,,,,1.1755e+10,9.626e+09,1.5e+09
META,2013-03-31,2013-05-02,2013-05-02,1458000000,1045000000,373000000,2.19e+08,2.499e+09,1,2.499e+09,,,,1.1824e+10,9.472e+09,1.5e+09
META,2013-06-30,2013-07-25,2013-07-25,1813000000,1348000000,562000000,3.33e+08,2.502e+09,1,2.502e+09,,,,1.2349e+10,1.0252e+10,1.5e+09
META,2013-09-30,2013-11-01,2013-11-01,2016000000,1509000000,736000000,4.25e+08,2.528e+09,1,2.528e+09,,,,1.3048e+10,9.328e+09,0
META,2013-12-31,2014-01-31,2014-01-31,2585000000,2095000000,1133000000,5.23e+08,2.517e+09,1,2.517e+09,,,,1.547e+10,1.1449e+10,0
META,2014-03-31,2014-04-25,2014-04-25,2502000000,2040000000,1075000000,6.42e+08,2.609e+09,1,2.609e+09,,,,1.6737e+10,1.2629e+10,0
META,2014-06-30,2014-07-24,2014-07-24,2910000000,2437000000,1390000000,7.91e+08,2.615e+09,1,2.615e+09,,,,1.8346e+10,1.3956e+10,0
META,2014-09-30,2014-10-30,2014-10-30,3203000000,2638000000,1397000000,8.06e+08,2.644e+09,1,2.644e+09,,,,2.1238e+10,1.425e+10,0
META,2014-12-31,2015-01-29,2015-01-29,3851000000,3198000000,1132000000,7.01e+08,2.664e+09,1,2.664e+09,,,,3.6096e+10,1.1199e+10,0
META,2015-03-31,2015-04-23,2015-04-23,3543000000,2889000000,933000000,5.12e+08,2.836e+09,1,2.836e+09,,,,3.7501e+10,1.2413e+10,0
META,2015-06-30,2015-07-31,2015-07-31,4042000000,3374000000,1273000000,7.19e+08,2.85e+09,1,2.85e+09,,,,3.9452e+10,1.4125e+10,0
META,2015-09-30,2015-11-05,2015-11-05,4501000000,3781000000,1459000000,8.96e+08,2.863e+09,1,2.863e+09,,,,4.142e+10,1.5834e+10,0
META,2015-12-31,2016-01-28,2016-01-28,5842000000,5017000000,2560000000,1.561e+09,2.853e+09,1,2.853e+09,,,,4.4218e+10,1.8434e+10,0
META,2016-03-31,2016-04-28,2016-04-28,5382000000,4544000000,2009000000,1.51e+09,2.888e+09,1,2.888e+09,,,,4.715e+10,2.0621e+10,0
META,2016-06-30,2016-07-28,2016-07-28,6436000000,5520000000,2746000000,2.055e+09,2.904e+09,1,2.904e+09,,,,5.0383e+10,2.3293e+10,0
META,2016-09-30,2016-11-03,2016-11-03,7011000000,6024000000,3122000000,2.379e+09,2.915e+09,1,2.915e+09,,,,5.4115e+10,2.614e+10,0
META,2016-12-31,2017-02-03,2017-02-03,8809000000,7761000000,4550000000,4.273e+09,2.925e+09,1,2.925e+09,,,,5.9194e+10,2.9449e+10,0
META,2017-03-31,2017-05-04,2017-05-04,8032000000,6873000000,3327000000,3.064e+09,2.944e+09,1,2.944e+09,,,,6.2188e+10,3.2306e+10,0
META,2017-06-30,2017-07-27,2017-07-27,9321000000,8084000000,4401000000,3.894e+09,2.951e+09,1,2.951e+09,,,,6.6481e+10,3.5452e+10,0
META,2017-09-30,2017-11-02,2017-11-02,10328000000,8880000000,5122000000,4.707e+09,2.956e+09,1,2.956e+09,,,,7.1208e+10,3.8289e+10,0
META,2017-12-31,2018-02-01,2018-02-01,12972000000,11362000000,7353000000,4.269e+09,2.956e+09,1,2.956e+09,,,,7.4347e+10,4.1711e+10,0
META,2018-03-31,2018-04-26,2018-04-26,11966000000,10039000000,5449000000,4.988e+09,2.945e+09,1,2.945e+09,,,,7.762e+10,4.3956e+10,0
META,2018-06-30,2018-07-26,2018-07-26,13231000000,11017000000,5863000000,5.106e+09,2.93e+09,1,2.93e+09,,,,7.9382e+10,4.2309e+10,0
META,2018-09-30,2018-10-31,2018-10-31,13727000000,11309000000,5781000000,5.137e+09,2.913e+09,1,2.913e+09,,,,8.0342e+10,4.1206e+10,0
META,2018-12-31,2019-01-31,2019-01-31,16914000000,14118000000,7820000000,6.881e+09,2.921e+09,1,2.921e+09,,,,8.4127e+10,4.1114e+10,0
META,2019-03-31,2019-04-25,2019-04-25,15077000000,12261000000,3317000000,2.429e+09,2.869e+09,1,2.869e+09,,,,8.6516e+10,4.5243e+10,0
META,2019-06-30,2019-07-25,2019-07-25,16886000000,13579000000,4626000000,2.616e+09,2.875e+09,1,2.875e+09,,,,8.8762e+10,4.8596e+10,0
META,2019-09-30,2019-10-31,2019-10-31,17652000000,14497000000,7185000000,6.091e+09,2.874e+09,1,2.874e+09,,,,9.3999e+10,5.2269e+10,0
META,2019-12-31,2020-01-30,2020-01-30,21082000000,17590000000,8858000000,7.349e+09,2.876e+09,1,2.876e+09,,,,1.01054e+11,5.4855e+10,0
META,2020-03-31,2020-04-30,2020-04-30,17737000000,14278000000,5893000000,4.902e+09,2.868e+09,1,2.868e+09,,,,1.05304e+11,6.0289e+10,0
META,2020-06-30,2020-07-31,2020-07-31,18687000000,14858000000,5963000000,5.178e+09,2.879e+09,1,2.879e+09,,,,1.10447e+11,5.824e+10,0
META,2020-09-30,2020-10-30,2020-10-30,21470000000,17276000000,8040000000,7.846e+09,2.891e+09,1,2.891e+09,,,,1.17731e+11,5.562e+10,0
META,2020-12-31,2021-01-28,2021-01-28,28071000000,22861000000,12775000000,1.122e+10,2.888e+09,1,2.888e+09,,,,1.2829e+11,6.1954e+10,0
META,2021-03-31,2021-04-29,2021-04-29,26171000000,21040000000,11378000000,9.497e+09,2.882e+09,1,2.882e+09,,,,1.33657e+11,6.4219e+10,0
META,2021-06-30,2021-07-29,2021-07-29,29077000000,23678000000,12367000000,1.0394e+10,2.877e+09,1,2.877e+09,,,,1.38227e+11,6.408e+10,0
META,2021-09-30,2021-10-26,2021-10-26,29010000000,23239000000,10423000000,9.194e+09,2.859e+09,1,2.859e+09,,,,1.3336e+11,5.8075e+10,0
META,2021-12-31,2022-02-03,2022-02-03,33671000000,27323000000,12585000000,1.0285e+10,2.859e+09,1,2.859e+09,,,,1.24879e+11,4.7998e+10,0
META,2022-03-31,2022-04-28,2022-04-28,27908000000,21903000000,8524000000,7.465e+09,2.742e+09,1,2.742e+09,,,,1.23228e+11,4.389e+10,0
META,2022-06-30,2022-07-28,2022-07-28,28822000000,23630000000,8358000000,6.687e+09,2.713e+09,1,2.713e+09,,,,1.25767e+11,4.0489e+10,0
META,2022-09-30,2022-10-27,2022-10-27,27714000000,21998000000,5664000000,4.395e+09,2.687e+09,1,2.687e+09,,,,1.24094e+11,4.1776e+10,9.922e+09
META,2022-12-31,2023-02-02,2023-02-02,32165000000,23829000000,6398000000,4.653e+09,2.702e+09,1,2.702e+09,,,,1.25713e+11,4.0738e+10,9.923e+09
META,2023-03-31,2023-04-27,2023-04-27,28645000000,22537000000,7227000000,5.709e+09,2.596e+09,1,2.596e+09,,,,1.24795e+11,3.7439e+10,9.925e+09
META,2023-06-30,2023-07-27,2023-07-27,31999000000,26054000000,9392000000,7.788e+09,2.612e+09,1,2.612e+09,,,,1.34033e+11,5.3446e+10,1.8382e+10
META,2023-09-30,2023-10-26,2023-10-26,34146000000,27936000000,13748000000,1.1583e+10,2.641e+09,1,2.641e+09,,,,1.42873e+11,6.1123e+10,1.8383e+10
META,2023-12-31,2024-02-02,2024-02-02,40112000000,32416000000,16384000000,1.4018e+10,2.629e+09,1,2.629e+09,,,,1.53168e+11,6.5403e+10,1.8385e+10
META,2024-03-31,2024-04-25,2024-04-25,36455000000,29815000000,13818000000,1.2369e+10,2.625e+09,1,2.625e+09,0.5,0.5,,1.49529e+11,5.812e+10,1.8387e+10
META,2024-06-30,2024-08-01,2024-08-01,39071000000,31763000000,14847000000,1.3465e+10,2.61e+09,1,2.61e+09,0.5,0.5,,1.56763e+11,5.808e+10,1.8389e+10
META,2024-09-30,2024-10-31,2024-10-31,40589000000,33214000000,17350000000,1.5688e+10,2.6e+09,1,2.6e+09,0.5,0.5,,1.64529e+11,7.09e+10,2.8823e+10
META,2024-12-31,2025-01-30,2025-01-30,48386000000,39548000000,23365000000,2.0838e+10,2.614e+09,1,2.614e+09,0.5,0.5,,1.82637e+11,7.7815e+10,2.8826e+10
META,2025-03-31,2025-05-01,2025-05-01,42314000000,34742000000,17555000000,1.6644e+10,2.59e+09,1,2.59e+09,0.525,0.525,,1.85029e+11,7.023e+10,2.8829e+10
META,2025-06-30,2025-07-31,2025-07-31,47516000000,39025000000,20441000000,1.8337e+10,2.57e+09,1,2.57e+09,0.525,0.525,,1.9507e+11,4.7071e+10,2.8832e+10
META,2025-09-30,2025-10-30,2025-10-30,51242000000,42036000000,20535000000,2.709e+09,2.572e+09,1,2.572e+09,0.525,0.525,,1.94066e+11,4.4448e+10,2.8834e+10
META,2025-12-31,2026-01-29,2026-01-29,59894000000,48988000000,24745000000,2.2768e+10,2.574e+09,1,2.574e+09,0.5249999999999999,0.5249999999999999,,2.17243e+11,8.1592e+10,5.8744e+10
META,2026-03-31,2026-04-30,2026-04-30,56311000000,46093000000,22872000000,2.6773e+10,2.564e+09,1,2.564e+09,0.525,0.525,,2.43681e+11,8.118e+10,5.8748e+10
AMZN,2008-06-30,2009-07-24,2009-07-24,4063000000,967000000.0,217000000,1.58e+08,4.3e+08,20,8.6e+09,,,,,1.548e+09,0
AMZN,2008-09-30,2009-10-23,2009-10-23,4264000000,999000000.0,154000000,1.18e+08,4.36e+08,20,8.72e+09,,,,,1.65e+09,0
AMZN,2009-03-31,2010-04-23,2010-04-23,4889000000,1148000000.0,244000000,1.77e+08,4.37e+08,20,8.74e+09,,,,,1.701e+09,0
AMZN,2009-06-30,2009-07-24,2009-07-24,4651000000,1133000000.0,159000000,1.42e+08,4.4e+08,20,8.8e+09,,,1.325e+09,3.256e+09,3.212e+09,1.09e+08
AMZN,2009-09-30,2009-10-23,2009-10-23,5449000000,1273000000.0,251000000,1.99e+08,4.41e+08,20,8.82e+09,,,1.617e+09,3.585e+09,4.001e+09,1.16e+08
AMZN,2009-12-31,2011-01-28,2011-01-28,9519000000,1976000000.0,475000000,3.84e+08,4.5e+08,20,9e+09,,,2.171e+09,5.257e+09,6.366e+09,1.09e+08
AMZN,2010-03-31,2010-04-23,2010-04-23,7131000000,1630000000.0,394000000,2.99e+08,4.54e+08,20,9.08e+09,,,1.82e+09,5.618e+09,5.063e+09,1.31e+08
AMZN,2010-06-30,2010-07-23,2010-07-23,6566000000,1609000000.0,270000000,2.07e+08,4.55e+08,20,9.1e+09,,,1.94e+09,5.857e+09,5.108e+09,1.32e+08
AMZN,2010-09-30,2010-10-22,2010-10-22,7560000000,1774000000.0,268000000,2.31e+08,4.56e+08,20,9.12e+09,,,2.515e+09,6.397e+09,5.885e+09,1.64e+08
AMZN,2010-12-31,2011-01-28,2011-01-28,12948000000,2631000000.0,474000000,4.16e+08,4.58e+08,20,9.16e+09,,,3.202e+09,6.864e+09,8.762e+09,1.84e+08
AMZN,2011-03-31,2011-04-27,2011-04-27,9857000000,2249000000.0,322000000,2.01e+08,4.59e+08,20,9.18e+09,,,2.888e+09,7.347e+09,6.881e+09,0
AMZN,2011-06-30,2011-07-27,2011-07-27,9913000000,2388000000.0,201000000,1.91e+08,4.6e+08,20,9.2e+09,,,3.229e+09,7.765e+09,6.355e+09,0
AMZN,2011-09-30,2011-10-26,2011-10-26,10876000000,2551000000.0,79000000,6.3e+07,4.61e+08,20,9.22e+09,,,3.77e+09,7.766e+09,6.326e+09,0
AMZN,2011-12-31,2012-02-01,2012-02-01,17431000000,3601000000.0,260000000,1.77e+08,4.62e+08,20,9.24e+09,,,4.992e+09,7.757e+09,9.576e+09,5.13e+08
AMZN,2012-03-31,2012-04-27,2012-04-27,13185000000,3158000000.0,192000000,1.3e+08,4.6e+08,20,9.2e+09,,,4.255e+09,7.271e+09,5.715e+09,0
AMZN,2012-06-30,2012-07-27,2012-07-27,12834000000,3346000000.0,107000000,7e+06,4.58e+08,20,9.16e+09,,,4.38e+09,7.505e+09,4.97e+09,0
AMZN,2012-09-30,2012-10-26,2012-10-26,13806000000,3487000000.0,-28000000,-2.74e+08,4.6e+08,20,9.2e+09,,,5.065e+09,7.553e+09,5.248e+09,0
AMZN,2012-12-31,2013-01-30,2013-01-30,17431000000,1294000000.0,405000000,1.77e+08,4.62e+08,20,9.24e+09,,,6.031e+09,8.192e+09,1.1448e+10,4.27e+09
AMZN,2013-03-31,2013-04-26,2013-04-26,16070000000,4269000000.0,181000000,8.2e+07,4.63e+08,20,9.26e+09,,,5.395e+09,8.432e+09,7.895e+09,4.37e+09
AMZN,2013-06-30,2013-07-26,2013-07-26,15704000000,4495000000.0,79000000,-7e+06,4.56e+08,20,9.12e+09,,,5.42e+09,8.733e+09,7.463e+09,4.449e+09
AMZN,2013-09-30,2013-10-25,2013-10-25,17092000000,4726000000.0,-25000000,-4.1e+07,4.57e+08,20,9.14e+09,,,6.068e+09,9.087e+09,7.689e+09,4.427e+09
AMZN,2013-12-31,2014-01-31,2014-01-31,25587000000,6782000000.0,510000000,2.39e+08,4.67e+08,20,9.34e+09,,,7.411e+09,9.746e+09,1.2447e+10,4.72e+09
AMZN,2014-03-31,2014-04-25,2014-04-25,19741000000,5686000000.0,146000000,1.08e+08,4.68e+08,20,9.36e+09,,,6.716e+09,1.0328e+10,8.666e+09,4.737e+09
AMZN,2014-06-30,2014-07-25,2014-07-25,19340000000,5941000000.0,-15000000,-1.26e+08,4.61e+08,20,9.22e+09,,,6.644e+09,1.0602e+10,7.986e+09,4.86e+09
AMZN,2014-09-30,2014-10-24,2014-10-24,20579000000,5952000000.0,-544000000,-4.37e+08,4.63e+08,20,9.26e+09,,,7.316e+09,1.0336e+10,6.883e+09,4.847e+09
AMZN,2014-12-31,2015-01-30,2015-01-30,29328000000,8657000000.0,591000000,2.14e+08,4.72e+08,20,9.44e+09,,,8.299e+09,1.0741e+10,1.7416e+10,1.1401e+10
AMZN,2015-03-31,2015-04-24,2015-04-24,22717000000,7322000000.0,255000000,-5.7e+07,4.65e+08,20,9.3e+09,,,7.369e+09,1.0873e+10,1.3781e+10,1.1106e+10
AMZN,2015-06-30,2015-07-24,2015-07-24,23185000000,8025000000.0,464000000,9.2e+07,4.76e+08,20,9.52e+09,,,7.47e+09,1.1768e+10,1.4001e+10,1.0861e+10
AMZN,2015-09-30,2015-10-23,2015-10-23,25358000000,8603000000.0,406000000,7.9e+07,4.78e+08,20,9.56e+09,,,8.981e+09,1.243e+10,1.4428e+10,1.0568e+10
AMZN,2015-12-31,2016-01-29,2016-01-29,35747000000,11406000000.0,1108000000,4.82e+08,4.81e+08,20,9.62e+09,,,1.0243e+10,1.3384e+10,1.9808e+10,8.8e+09
AMZN,2016-03-31,2016-04-29,2016-04-29,29128000000,10262000000.0,1071000000,5.13e+08,4.81e+08,20,9.62e+09,,,9.582e+09,1.4756e+10,1.5859e+10,8.495e+09
AMZN,2016-06-30,2016-07-29,2016-07-29,30404000000,11224000000.0,1285000000,8.57e+08,4.83e+08,20,9.66e+09,,,9.588e+09,1.6538e+10,1.654e+10,8.388e+09
AMZN,2016-09-30,2016-10-28,2016-10-28,32714000000,11454000000.0,575000000,2.52e+08,4.85e+08,20,9.7e+09,,,1.0696e+10,1.7782e+10,1.8347e+10,8.393e+09
AMZN,2016-12-31,2017-02-10,2017-02-10,43741000000,14782000000.0,1255000000,7.49e+08,4.86e+08,20,9.72e+09,,,1.1461e+10,1.9285e+10,2.5981e+10,9.894e+09
AMZN,2017-03-31,2017-04-28,2017-04-28,35714000000,13274000000.0,1005000000,7.24e+08,4.9e+08,20,9.8e+09,,,1.06e+10,2.1674e+10,2.1531e+10,9.876e+09
AMZN,2017-06-30,2017-07-28,2017-07-28,37955000000,14504000000.0,628000000,1.97e+08,4.92e+08,20,9.84e+09,,,1.151e+10,2.3214e+10,2.1451e+10,9.895e+09
AMZN,2017-09-30,2017-10-27,2017-10-27,43744000000,16195000000.0,347000000,2.56e+08,4.94e+08,20,9.88e+09,,,1.3711e+10,2.4658e+10,2.431e+10,2.6884e+10
AMZN,2017-12-31,2018-02-02,2018-02-02,60453000000,21959000000.0,2127000000,1.856e+09,4.96e+08,20,9.92e+09,,,1.6047e+10,2.7709e+10,3.0986e+10,2.5042e+10
AMZN,2018-03-31,2018-04-27,2018-04-27,51042000000,20307000000.0,1927000000,1.629e+09,4.98e+08,20,9.96e+09,,,1.384e+10,3.1463e+10,2.4963e+10,2.4845e+10
AMZN,2018-06-30,2018-07-27,2018-07-27,52886000000,22254000000.0,2983000000,2.534e+09,5e+08,20,1e+10,,,1.4824e+10,3.4995e+10,2.705e+10,2.4801e+10
AMZN,2018-09-30,2018-10-26,2018-10-26,56576000000,23573000000.0,3724000000,2.883e+09,5.01e+08,20,1.002e+10,,,1.5862e+10,3.9125e+10,2.9765e+10,2.4873e+10
AMZN,2018-12-31,2019-02-01,2019-02-01,72383000000,27597000000.0,3786000000,3.027e+09,5.01e+08,20,1.002e+10,,,1.7174e+10,4.3549e+10,4.125e+10,2.6336e+10
AMZN,2019-03-31,2019-04-26,2019-04-26,59700000000,25780000000.0,4420000000,3.561e+09,5.02e+08,20,1.004e+10,,,1.6432e+10,4.841e+10,3.702e+10,2.6639e+10
AMZN,2019-06-30,2019-07-26,2019-07-26,63404000000,27067000000.0,3084000000,2.625e+09,5.03e+08,20,1.006e+10,,,1.858e+10,5.3061e+10,4.1463e+10,2.6702e+10
AMZN,2019-09-30,2019-10-25,2019-10-25,69981000000,28679000000.0,3157000000,2.134e+09,5.04e+08,20,1.008e+10,,,1.8766e+10,5.6508e+10,4.3401e+10,2.8252e+10
AMZN,2019-12-31,2020-01-31,2020-01-31,87437000000,33460000000.0,3879000000,3.268e+09,5.05e+08,20,1.01e+10,,,2.0497e+10,6.206e+10,5.5021e+10,2.6127e+10
AMZN,2020-03-31,2020-05-01,2020-05-01,75452000000,31195000000.0,3989000000,2.535e+09,5.06e+08,20,1.012e+10,,,1.8857e+10,6.5272e+10,4.9292e+10,2.616e+10
AMZN,2020-06-30,2020-07-31,2020-07-31,88912000000,36252000000.0,5843000000,5.243e+09,5.09e+08,20,1.018e+10,,,1.9599e+10,7.3728e+10,7.1391e+10,3.564e+10
AMZN,2020-09-30,2020-10-30,2020-10-30,96145000000,39039000000.0,6194000000,6.331e+09,5.12e+08,20,1.024e+10,,,2.3735e+10,8.2775e+10,6.8402e+10,3.3443e+10
AMZN,2020-12-31,2021-02-03,2021-02-03,125555000000,46271000000.0,6873000000,7.222e+09,5.13e+08,20,1.026e+10,,,2.3795e+10,9.3404e+10,8.4396e+10,3.4329e+10
AMZN,2021-03-31,2021-04-30,2021-04-30,108518000000,46115000000.0,8865000000,8.107e+09,5.13e+08,20,1.026e+10,,,2.3849e+10,1.0332e+11,7.327e+10,3.4383e+10
AMZN,2021-06-30,2021-07-30,2021-07-30,113080000000,48904000000.0,7702000000,7.778e+09,5.14e+08,20,1.028e+10,,,2.4119e+10,1.14803e+11,8.9894e+10,5.292e+10
AMZN,2021-09-30,2021-10-29,2021-10-29,110812000000,47882000000.0,4852000000,3.156e+09,5.15e+08,20,1.03e+10,,,3.0933e+10,1.20564e+11,7.8988e+10,5.2376e+10
AMZN,2021-12-31,2022-02-04,2022-02-04,137412000000,54577000000.0,3460000000,1.4323e+10,5.15e+08,20,1.03e+10,,,3.264e+10,1.38245e+11,9.6049e+10,5.2044e+10
AMZN,2022-03-31,2022-04-29,2022-04-29,116444000000,49945000000.0,3669000000,-3.844e+09,5.09e+08,20,1.018e+10,,,3.4987e+10,1.34001e+11,6.6385e+10,5.3234e+10
AMZN,2022-06-30,2022-07-29,2022-07-29,121234000000,54810000000.0,3317000000,-2.028e+09,1.0175e+10,1,1.0175e+10,,,3.8153e+10,1.31402e+11,6.071e+10,6.8433e+10
AMZN,2022-09-30,2022-10-28,2022-10-28,127101000000,56833000000.0,2525000000,2.872e+09,1.0331e+10,1,1.0331e+10,,,3.6647e+10,1.37489e+11,5.8662e+10,6.7788e+10
AMZN,2022-12-31,2023-02-03,2023-02-03,149204000000,63564000000.0,2737000000,2.78e+08,1.0189e+10,1,1.0189e+10,,,3.4405e+10,1.46043e+11,7.0026e+10,7.3541e+10
AMZN,2023-03-31,2023-04-28,2023-04-28,127358000000,59567000000.0,4774000000,3.172e+09,1.0347e+10,1,1.0347e+10,,,3.417e+10,1.54526e+11,6.4405e+10,7.1472e+10
AMZN,2023-06-30,2023-08-04,2023-08-04,134383000000,65010000000.0,7681000000,6.75e+09,1.0449e+10,1,1.0449e+10,,,3.6587e+10,1.68602e+11,6.397e+10,7.1469e+10
AMZN,2023-09-30,2023-10-27,2023-10-27,143083000000,68061000000.0,11188000000,9.879e+09,1.0558e+10,1,1.0558e+10,,,3.5406e+10,1.82973e+11,6.4169e+10,7.3467e+10
AMZN,2023-12-31,2024-02-02,2024-02-02,169961000000,77408000000.0,13209000000,1.0624e+10,1.0492e+10,1,1.0492e+10,,,3.3318e+10,2.01875e+11,8.678e+10,7.5676e+10
AMZN,2024-03-31,2024-05-01,2024-05-01,143313000000,70680000000.0,15307000000,1.0431e+10,1.067e+10,1,1.067e+10,,,3.1147e+10,2.16661e+11,8.5074e+10,7.57e+10
AMZN,2024-06-30,2024-08-02,2024-08-02,147977000000,74192000000.0,14672000000,1.3485e+10,1.0708e+10,1,1.0708e+10,,,3.4109e+10,2.36447e+11,8.9092e+10,7.0112e+10
AMZN,2024-09-30,2024-11-01,2024-11-01,158877000000,77900000000.0,17411000000,1.5328e+10,1.0735e+10,1,1.0735e+10,,,3.6103e+10,2.59151e+11,8.8051e+10,6.5748e+10
AMZN,2024-12-31,2025-02-07,2025-02-07,187792000000,88899000000.0,21203000000,2.0004e+10,1.0721e+10,1,1.0721e+10,,,3.4214e+10,2.8597e+11,1.01202e+11,6.3017e+10
AMZN,2025-03-31,2025-05-02,2025-05-02,155667000000,78691000000.0,18405000000,1.7127e+10,1.0793e+10,1,1.0793e+10,,,3.5864e+10,3.05867e+11,9.4565e+10,6.3764e+10
AMZN,2025-06-30,2025-08-01,2025-08-01,167702000000,86893000000.0,19171000000,1.8164e+10,1.0806e+10,1,1.0806e+10,,,4.0825e+10,3.33775e+11,9.318e+10,6.1087e+10
AMZN,2025-09-30,2025-10-31,2025-10-31,180169000000,91499000000.0,17422000000,2.1187e+10,1.0845e+10,1,1.0845e+10,,,4.1494e+10,3.69631e+11,9.4197e+10,5.9094e+10
AMZN,2025-12-31,2026-02-06,2026-02-06,213386000000,103427000000.0,24977000000,2.1192e+10,1.0827e+10,1,1.0827e+10,,,3.8325e+10,4.11065e+11,1.23029e+11,7.1584e+10
AMZN,2026-03-31,2026-04-30,2026-04-30,181519000000,94056000000.0,23852000000,3.0255e+10,1.0874e+10,1,1.0874e+10,,,3.6534e+10,4.41914e+11,1.43089e+11,1.25464e+11
AAPL,2008-06-28,2009-07-22,2009-07-22,7464000000,2600000000,1392000000,1.072e+09,9.03167e+08,28,2.52887e+10,,,,,9.373e+09,0
AAPL,2008-12-27,2010-01-25,2010-01-25,11880000000,4507000000,3101000000,2.255e+09,9.01494e+08,28,2.52418e+10,,,,,7.236e+09,0
AAPL,2009-03-28,2010-04-21,2010-04-21,9084000000,3627000000,2323000000,1.62e+09,9.02993e+08,28,2.52838e+10,,,,,4.466e+09,0
AAPL,2009-06-27,2009-07-22,2009-07-22,8337000000,3023000000,1672000000,1.229e+09,9.0916e+08,28,2.54565e+10,,,3.8e+08,2.5888e+10,5.605e+09,0
AAPL,2009-09-26,2010-10-27,2010-10-27,12207000000,5105000000,562000000,2.532e+09,9.07005e+08,28,2.53961e+10,,,4.55e+08,2.7832e+10,2.3464e+10,0
AAPL,2009-12-26,2010-01-25,2010-01-25,15683000000,6411000000,4725000000,3.378e+09,9.19783e+08,28,2.57539e+10,,,5.76e+08,3.5768e+10,7.609e+09,0
AAPL,2010-03-27,2010-04-21,2010-04-21,13499000000,5625000000,3979000000,3.074e+09,9.22878e+08,28,2.58406e+10,,,6.38e+08,3.9348e+10,1.0018e+10,0
AAPL,2010-06-26,2010-07-21,2010-07-21,15700000000,6136000000,4234000000,3.253e+09,9.27361e+08,28,2.59661e+10,,,9.42e+08,4.3111e+10,2.4288e+10,0
AAPL,2010-09-25,2010-10-27,2010-10-27,20343000000,7512000000,5447000000,4.308e+09,9.24712e+08,28,2.58919e+10,,,1.051e+09,4.7791e+10,2.562e+10,0
AAPL,2010-12-25,2011-01-19,2011-01-19,26741000000,10298000000,7827000000,6.004e+09,9.33154e+08,28,2.61283e+10,,,8.85e+08,5.4666e+10,2.6977e+10,0
AAPL,2011-03-26,2011-04-21,2011-04-21,24667000000,10218000000,7874000000,5.987e+09,9.35944e+08,28,2.62064e+10,,,9.3e+08,6.1477e+10,2.9234e+10,0
AAPL,2011-06-25,2011-07-20,2011-07-20,28571000000,11922000000,9379000000,7.308e+09,9.3781e+08,28,2.62587e+10,,,8.89e+08,6.9343e+10,1.2091e+10,0
AAPL,2011-09-24,2011-10-26,2011-10-26,28270000000,11380000000,8710000000,6.623e+09,9.36645e+08,28,2.62261e+10,,,7.76e+08,7.6615e+10,9.815e+09,0
AAPL,2011-12-31,2012-01-25,2012-01-25,46333000000,20703000000,17340000000,1.3064e+10,9.41572e+08,28,2.6364e+10,0.0,0.0,1.236e+09,9.0054e+10,1.031e+10,0
AAPL,2012-03-31,2012-04-25,2012-04-25,39186000000,18564000000,15384000000,1.1622e+10,9.44893e+08,28,2.6457e+10,0.0,0.0,1.102e+09,1.02498e+11,1.0121e+10,0
AAPL,2012-06-30,2012-07-25,2012-07-25,35023000000,14994000000,11573000000,8.824e+09,9.47059e+08,28,2.65177e+10,0.0,0.0,1.122e+09,1.11746e+11,7.945e+09,0
AAPL,2012-09-29,2012-10-31,2012-10-31,35966000000,14401000000,10944000000,8.223e+09,9.45355e+08,28,2.64699e+10,2.65,0.09464285714285714,7.91e+08,1.1821e+11,1.0746e+10,0
AAPL,2012-12-29,2013-01-24,2013-01-24,54512000000,21060000000,17210000000,1.3078e+10,9.47217e+08,28,2.65221e+10,2.65,0.09464285714285714,1.455e+09,1.27346e+11,1.6154e+10,0
AAPL,2013-03-30,2013-04-24,2013-04-24,43603000000,16349000000,12558000000,9.547e+09,9.46035e+08,28,2.6489e+10,2.65,0.09464285714285714,1.245e+09,1.3549e+11,1.2053e+10,0
AAPL,2013-06-29,2013-07-24,2013-07-24,35323000000,13024000000,9201000000,6.9e+09,9.24265e+08,28,2.58794e+10,3.05,0.10892857142857142,1.697e+09,1.23354e+11,1.1248e+10,1.6958e+10
AAPL,2013-09-28,2013-10-30,2013-10-30,37472000000,13871000000,10030000000,7.512e+09,9.31662e+08,28,2.60865e+10,3.05,0.10892857142857142,1.764e+09,1.23549e+11,1.4259e+10,1.696e+10
AAPL,2013-12-28,2014-01-28,2014-01-28,57594000000,21846000000,17463000000,1.3072e+10,9.01452e+08,28,2.52407e+10,3.05,0.10892857142857142,2.122e+09,1.29684e+11,1.4077e+10,1.6961e+10
AAPL,2014-03-29,2014-04-24,2014-04-24,45646000000,17947000000,13593000000,1.0223e+10,8.79528e+08,28,2.46268e+10,3.05,0.10892857142857142,1.829e+09,1.20179e+11,1.8949e+10,1.6962e+10
AAPL,2014-06-28,2014-07-23,2014-07-23,37432000000,14735000000,10282000000,7.748e+09,6.05171e+09,4,2.42068e+10,0.47,0.1175,1.594e+09,1.2094e+11,1.2977e+10,3.104e+10
AAPL,2014-09-27,2014-10-27,2014-10-27,42123000000,16009000000,11165000000,8.467e+09,6.12266e+09,4,2.44907e+10,0.47,0.1175,2.111e+09,1.11547e+11,1.3844e+10,3.5295e+10
AAPL,2014-12-27,2015-01-28,2015-01-28,74599000000,29741000000,24246000000,1.8024e+10,5.8818e+09,4,2.35272e+10,0.47,0.1175,2.283e+09,1.23328e+11,1.9478e+10,3.6403e+10
AAPL,2015-03-28,2015-04-28,2015-04-28,58010000000,23656000000,18278000000,1.3569e+10,5.83486e+09,4,2.33394e+10,0.47,0.1175,2.396e+09,1.29006e+11,1.4489e+10,4.3871e+10
AAPL,2015-06-27,2015-07-22,2015-07-22,49605000000,19681000000,14083000000,1.0677e+10,5.7731e+09,4,2.30924e+10,0.52,0.13,2.042e+09,1.25677e+11,1.5319e+10,4.9919e+10
AAPL,2015-09-26,2015-10-28,2015-10-28,51501000000,20548000000,14623000000,1.1124e+10,5.79307e+09,4,2.31723e+10,0.52,0.13,2.349e+09,1.19355e+11,2.112e+10,5.5963e+10
AAPL,2015-12-26,2016-01-27,2016-01-27,75872000000,30423000000,24171000000,1.8361e+10,5.59413e+09,4,2.23765e+10,0.52,0.13,2.451e+09,1.28267e+11,1.6689e+10,5.5704e+10
AAPL,2016-03-26,2016-04-27,2016-04-27,50557000000,19921000000,13987000000,1.0516e+10,5.54089e+09,4,2.21635e+10,0.52,0.13,2.281e+09,1.30457e+11,2.1514e+10,7.1874e+10
AAPL,2016-06-25,2016-07-27,2016-07-27,42358000000,16106000000,10105000000,7.796e+09,5.47278e+09,4,2.18911e+10,0.57,0.1425,1.831e+09,1.26541e+11,1.8237e+10,7.2439e+10
AAPL,2016-09-24,2016-10-26,2016-10-26,46852000000,17813000000,11761000000,9.014e+09,5.50028e+09,4,2.20011e+10,0.57,0.1425,2.132e+09,1.28249e+11,2.0484e+10,7.8927e+10
AAPL,2016-12-31,2017-02-01,2017-02-01,78351000000,30176000000,23359000000,1.7891e+10,5.328e+09,4,2.1312e+10,0.57,0.1425,2.712e+09,1.3239e+11,1.6371e+10,7.7056e+10
AAPL,2017-04-01,2017-05-03,2017-05-03,52896000000,20591000000,14097000000,1.1029e+10,5.26169e+09,4,2.10468e+10,0.57,0.1425,2.91e+09,1.34082e+11,1.5157e+10,8.853e+10
AAPL,2017-07-01,2017-08-02,2017-08-02,45408000000,17488000000,10768000000,8.717e+09,5.2335e+09,4,2.0934e+10,0.63,0.1575,3.146e+09,1.32425e+11,1.8571e+10,9.6359e+10
AAPL,2017-09-30,2017-11-03,2017-11-03,52579000000,19931000000,13120000000,1.0714e+10,5.25169e+09,4,2.10068e+10,0.63,0.1575,4.855e+09,1.34047e+11,2.0289e+10,1.03703e+11
AAPL,2017-12-30,2018-02-02,2018-02-02,88293000000,33912000000,26274000000,2.0065e+10,5.15779e+09,4,2.06311e+10,0.63,0.1575,4.421e+09,1.40199e+11,2.7491e+10,1.1042e+11
AAPL,2018-03-31,2018-05-02,2018-05-02,61137000000,23422000000,15894000000,1.3822e+10,5.06849e+09,4,2.0274e+10,0.63,0.1575,7.662e+09,1.26878e+11,4.5059e+10,1.0986e+11
AAPL,2018-06-30,2018-08-01,2018-08-01,53265000000,20421000000,12612000000,1.1519e+10,4.92661e+09,4,1.97064e+10,0.73,0.1825,5.936e+09,1.14949e+11,3.1971e+10,1.02626e+11
AAPL,2018-09-29,2018-11-05,2018-11-05,62900000000,24084000000,16118000000,1.4125e+10,5.00011e+09,4,2.00004e+10,0.7300000000000002,0.18250000000000005,3.956e+09,1.07147e+11,6.6301e+10,1.02519e+11
AAPL,2018-12-29,2019-01-30,2019-01-30,84310000000,32031000000,23346000000,1.9965e+10,4.77325e+09,4,1.9093e+10,0.73,0.1825,4.988e+09,1.17892e+11,8.6427e+10,1.02761e+11
AAPL,2019-03-30,2019-05-01,2019-05-01,58015000000,21821000000,13415000000,1.1561e+10,4.70065e+09,4,1.88026e+10,0.73,0.1825,4.884e+09,1.0586e+11,8.0092e+10,1.00706e+11
AAPL,2019-06-29,2019-07-31,2019-07-31,53809000000,20227000000,11544000000,1.0044e+10,4.60138e+09,4,1.84055e+10,0.77,0.1925,3.355e+09,9.6456e+10,9.4614e+10,9.8465e+10
AAPL,2019-09-28,2019-10-31,2019-10-31,64040000000,24313000000,15625000000,1.3686e+10,4.64891e+09,4,1.85957e+10,0.77,0.1925,4.106e+09,9.0488e+10,1.00557e+11,1.02067e+11
AAPL,2019-12-28,2020-01-29,2020-01-29,91819000000,35217000000,25569000000,2.2236e+10,4.4546e+09,4,1.78184e+10,0.77,0.1925,4.097e+09,8.9531e+10,1.07162e+11,1.03302e+11
AAPL,2020-03-28,2020-05-01,2020-05-01,58313000000,22370000000,12853000000,1.1249e+10,4.40469e+09,4,1.76188e+10,0.77,0.1925,3.334e+09,7.8425e+10,9.4051e+10,9.9478e+10
AAPL,2020-06-27,2020-07-31,2020-07-31,59685000000,22680000000,13091000000,1.1253e+10,4.35479e+09,4,1.74192e+10,0.82,0.205,3.978e+09,7.2282e+10,9.3025e+10,1.01557e+11
AAPL,2020-09-26,2020-10-30,2020-10-30,64698000000,24689000000,14775000000,1.2673e+10,1.75282e+10,1,1.75282e+10,-1.565,-1.565,4.061e+09,6.5339e+10,9.0943e+10,1.0744e+11
AAPL,2020-12-26,2021-01-28,2021-01-28,111439000000,44328000000,33534000000,2.8755e+10,1.71137e+10,1,1.71137e+10,0.205,0.205,4.973e+09,6.6224e+10,7.6826e+10,1.07043e+11
AAPL,2021-03-27,2021-04-29,2021-04-29,89584000000,38079000000,27503000000,2.363e+10,1.69292e+10,1,1.69292e+10,0.205,0.205,5.219e+09,6.9178e+10,6.9834e+10,1.16645e+11
AAPL,2021-06-26,2021-07-28,2021-07-28,81434000000,35255000000,24126000000,2.1744e+10,1.67817e+10,1,1.67817e+10,0.22,0.22,5.178e+09,6.428e+10,6.1696e+10,1.13791e+11
AAPL,2021-09-25,2021-10-29,2021-10-29,83360000000,35174000000,23786000000,2.0551e+10,1.68649e+10,1,1.68649e+10,0.21999999999999997,0.21999999999999997,6.58e+09,6.309e+10,6.2639e+10,1.18719e+11
AAPL,2021-12-25,2022-01-28,2022-01-28,123945000000,54243000000,41488000000,3.463e+10,1.65193e+10,1,1.65193e+10,0.22,0.22,5.876e+09,7.1932e+10,6.3913e+10,1.28969e+11
AAPL,2022-03-26,2022-04-29,2022-04-29,97278000000,42559000000,29979000000,2.501e+10,1.64033e+10,1,1.64033e+10,0.22,0.22,5.46e+09,6.7399e+10,5.1511e+10,1.22659e+11
AAPL,2022-06-25,2022-07-29,2022-07-29,82959000000,35885000000,23076000000,1.9442e+10,1.62622e+10,1,1.62622e+10,0.23,0.23,5.433e+09,5.8107e+10,4.8231e+10,1.22709e+11
AAPL,2022-09-24,2022-10-28,2022-10-28,90146000000,38095000000,24894000000,2.0721e+10,1.63258e+10,1,1.63258e+10,0.22999999999999998,0.22999999999999998,4.946e+09,5.0672e+10,4.8304e+10,1.10087e+11
AAPL,2022-12-31,2023-02-03,2023-02-03,117154000000,50332000000,36016000000,2.9998e+10,1.59557e+10,1,1.59557e+10,0.23,0.23,6.82e+09,5.6727e+10,5.1355e+10,1.1914e+11
AAPL,2023-04-01,2023-05-05,2023-05-05,94836000000,41976000000,28318000000,2.416e+10,1.5847e+10,1,1.5847e+10,0.23,0.23,7.482e+09,6.2158e+10,5.5872e+10,1.18178e+11
AAPL,2023-07-01,2023-08-04,2023-08-04,81797000000,36413000000,22998000000,1.9881e+10,1.5775e+10,1,1.5775e+10,0.24,0.24,7.351e+09,6.0274e+10,6.2482e+10,1.12516e+11
AAPL,2023-09-30,2023-11-03,2023-11-03,89498000000,40427000000,26969000000,2.2956e+10,1.58125e+10,1,1.58125e+10,0.24,0.24,6.331e+09,6.2146e+10,6.1555e+10,1.14925e+11
AAPL,2023-12-30,2024-02-02,2024-02-02,119575000000,54855000000,40373000000,3.3916e+10,1.55766e+10,1,1.55766e+10,0.24,0.24,6.511e+09,7.41e+10,7.31e+10,1.16954e+11
AAPL,2024-03-30,2024-05-03,2024-05-03,90753000000,42271000000,27900000000,2.3636e+10,1.54647e+10,1,1.54647e+10,0.24,0.24,6.232e+09,7.4194e+10,6.715e+10,1.13362e+11
AAPL,2024-06-29,2024-08-02,2024-08-02,85777000000,39678000000,25352000000,2.1448e+10,1.53482e+10,1,1.53482e+10,0.25,0.25,6.165e+09,6.6708e+10,6.1801e+10,1.10414e+11
AAPL,2024-09-28,2024-11-01,2024-11-01,94930000000,43879000000,29591000000,1.4736e+10,1.54081e+10,1,1.54081e+10,0.25,0.25,7.286e+09,5.695e+10,6.5171e+10,1.07574e+11
AAPL,2024-12-28,2025-01-31,2025-01-31,124300000000,58275000000,42832000000,3.633e+10,1.51509e+10,1,1.51509e+10,0.25,0.25,6.911e+09,6.6758e+10,5.3775e+10,1.05648e+11
AAPL,2025-03-29,2025-05-02,2025-05-02,95359000000,44867000000,29589000000,2.478e+10,1.50561e+10,1,1.50561e+10,0.25,0.25,6.269e+09,6.6796e+10,4.8498e+10,1.05838e+11
AAPL,2025-06-28,2025-08-01,2025-08-01,94036000000,43718000000,28202000000,2.3434e+10,1.49482e+10,1,1.49482e+10,0.26,0.26,5.925e+09,6.583e+10,5.5372e+10,1.01145e+11
AAPL,2025-09-27,2025-10-31,2025-10-31,102466000000,48341000000,32427000000,2.7466e+10,1.50047e+10,1,1.50047e+10,0.26,0.26,5.718e+09,7.3733e+10,5.4697e+10,1.03028e+11
AAPL,2025-12-27,2026-01-30,2026-01-30,143756000000,69231000000,50852000000,4.2097e+10,1.48104e+10,1,1.48104e+10,0.26,0.26,5.875e+09,8.819e+10,6.6907e+10,1.00327e+11
AAPL,2026-03-28,2026-05-01,2026-05-01,111184000000,54781000000,35885000000,2.9578e+10,1.47259e+10,1,1.47259e+10,0.26,0.26,6.747e+09,1.06491e+11,6.8507e+10,9.101e+10
NVDA,2008-07-27,2009-08-20,2009-08-20,892676000,149917000,-155392000.0,-1.20929e+08,5.55417e+08,40,2.22167e+10,,,,,7.19143e+08,0
NVDA,2008-10-26,2009-11-19,2009-11-19,897655000,367843000,56796000.0,6.1748e+07,5.64536e+08,40,2.25814e+10,,,,,4.61253e+08,0
NVDA,2009-04-26,2010-05-21,2010-05-21,664231000,189696000,-230965000.0,-2.01338e+08,542307,40,2.16923e+07,,,,,5.12274e+08,0
NVDA,2009-07-26,2009-08-20,2009-08-20,776520000,156723000,-110107000.0,-1.05302e+08,5.46639e+08,40,2.18656e+10,,,2.79216e+08,2.24741e+09,1.4661e+09,0
NVDA,2009-10-25,2009-11-19,2009-11-19,903206000,391783000,107845000.0,1.07577e+08,5.74381e+08,40,2.29752e+10,,,2.77643e+08,2.42364e+09,1.63408e+09,0
NVDA,2010-01-31,2011-03-16,2011-03-16,982488000,438721000,134282000.0,1.31076e+08,549574,40,2.1983e+07,,,3.30674e+08,2.66514e+09,1.72823e+09,0
NVDA,2010-05-02,2010-05-21,2010-05-21,1001813000,456377000,147393000.0,1.37594e+08,590997,40,2.36399e+07,,,3.88139e+08,2.86064e+09,1.7649e+09,0
NVDA,2010-07-31,2012-03-13,2012-03-13,811208000,134292000,,-1.40961e+08,5.63844e+08,40,2.25538e+10,,,,,,0
NVDA,2010-08-01,2010-08-30,2010-08-30,811208000,134292000,-175207000.0,-1.40961e+08,572764,40,2.29106e+07,,,4.34227e+08,2.76051e+09,1.7725e+09,0
NVDA,2010-10-31,2010-12-07,2010-12-07,843912000,392062000,103783000.0,8.4862e+07,582648,40,2.33059e+07,,,3.77812e+08,2.89788e+09,1.98722e+09,0
NVDA,2011-01-30,2011-03-16,2011-03-16,886376000,426359000,179778000.0,1.71651e+08,588684,40,2.35474e+07,,,3.45525e+08,3.18146e+09,2.49056e+09,0
NVDA,2011-05-01,2011-05-27,2011-05-27,962039000,484503000,154862000.0,1.35219e+08,613474,40,2.4539e+07,,,3.80964e+08,3.44781e+09,2.72654e+09,0
NVDA,2011-07-31,2011-08-25,2011-08-25,1016517000,525284000,174030000.0,1.51573e+08,613934,40,2.45574e+07,,,3.61911e+08,3.68947e+09,2.4745e+09,0
NVDA,2011-10-30,2011-11-22,2011-11-22,1066180000,556717000,197090000.0,1.78273e+08,6.1356e+08,40,2.45424e+10,,,3.19602e+08,3.97345e+09,2.74835e+09,0
NVDA,2012-01-29,2012-03-13,2012-03-13,953194000,490013000,122317000.0,1.16025e+08,6.16371e+08,40,2.46548e+10,,,3.40297e+08,4.14572e+09,3.12958e+09,0
NVDA,2012-04-29,2012-05-23,2012-05-23,924877000,463364000,72826000.0,6.0437e+07,6.23786e+08,40,2.49514e+10,0.0,0.0,3.42707e+08,4.28743e+09,3.13081e+09,0
NVDA,2012-07-29,2012-08-22,2012-08-22,1044270000,540719000,139623000.0,1.19046e+08,6.23143e+08,40,2.49257e+10,0.0,0.0,3.87185e+08,4.45366e+09,3.2781e+09,0
NVDA,2012-10-28,2012-11-19,2012-11-19,1204110000,636658000,252217000.0,2.0908e+08,6.28845e+08,40,2.51538e+10,0.075,0.001875,4.28983e+08,4.72285e+09,3.43477e+09,0
NVDA,2013-01-27,2013-03-12,2013-03-12,1106902000,585602000,183573000.0,1.73973e+08,6.24957e+08,40,2.49983e+10,0.075,0.001875,4.19686e+08,4.8277e+09,3.72788e+09,0
NVDA,2013-04-28,2013-05-22,2013-05-22,954739000,518568000,82781000.0,7.7891e+07,6.19302e+08,40,2.47721e+10,0.075,0.001875,3.77597e+08,4.82494e+09,3.71335e+09,0
NVDA,2013-07-28,2013-08-21,2013-08-21,977238000,545538000,105534000.0,9.6448e+07,5.92006e+08,40,2.36802e+10,0.075,0.001875,3.7828e+08,4.17217e+09,2.93589e+09,0
NVDA,2013-10-27,2013-11-19,2013-11-19,1053967000,584415000,140988000.0,1.18734e+08,5.88752e+08,40,2.35501e+10,0.075,0.001875,3.80319e+08,4.32065e+09,3.03295e+09,0
NVDA,2014-01-26,2014-03-13,2014-03-13,1144218000,619242000,166924000.0,1.46917e+08,5.94517e+08,40,2.37807e+10,0.085,0.002125,3.87765e+08,4.4564e+09,4.67181e+09,1.35638e+09
NVDA,2014-04-27,2014-05-21,2014-05-21,1102787000,604202000,151359000.0,1.36516e+08,5.70422e+08,40,2.28169e+10,0.085,0.002125,3.9328e+08,4.16698e+09,4.34782e+09,1.36328e+09
NVDA,2014-07-27,2014-08-20,2014-08-20,1102824000,618974000,163179000.0,1.27976e+08,5.70572e+08,40,2.28229e+10,0.085,0.002125,3.87434e+08,4.30479e+09,4.38605e+09,1.37025e+09
NVDA,2014-10-26,2014-11-19,2014-11-19,1225382000,676698000,213315000.0,1.72967e+08,5.58201e+08,40,2.2328e+10,0.085,0.002125,4.08081e+08,4.20459e+09,4.2408e+09,1.37726e+09
NVDA,2015-01-25,2015-03-12,2015-03-12,1250514000,699603000,231136000.0,1.93128e+08,5.63068e+08,40,2.25227e+10,0.34,0.0085,4.82893e+08,4.41798e+09,4.62334e+09,1.38434e+09
NVDA,2015-04-26,2015-05-20,2015-05-20,1151000000,653000000,176000000.0,1.34e+08,5.68e+08,40,2.272e+10,0.085,0.002125,4.38e+08,4.556e+09,4.792e+09,1.391e+09
NVDA,2015-07-26,2015-08-19,2015-08-19,1153000000,634000000,76000000.0,2.6e+07,5.56e+08,40,2.224e+10,0.0975,0.0024375,4.41e+08,4.185e+09,4.505e+09,1.399e+09
NVDA,2015-10-25,2015-11-18,2015-11-18,1305000000,734000000,245000000.0,2.46e+08,5.65e+08,40,2.26e+10,0.0975,0.0024375,4.25e+08,4.465e+09,4.728e+09,1.406e+09
NVDA,2016-01-31,2016-03-17,2016-03-17,1401000000,791000000,250000000.0,2.07e+08,5.69e+08,40,2.276e+10,-0.16500000000000004,-0.004125000000000001,4.18e+08,4.469e+09,5.037e+09,1.413e+09
NVDA,2016-05-01,2016-05-25,2016-05-25,1305000000,751000000,245000000.0,1.96e+08,5.97e+08,40,2.388e+10,0.115,0.002875,3.94e+08,4.196e+09,4.754e+09,0
NVDA,2016-07-31,2016-08-23,2016-08-23,1428000000,826000000,317000000.0,2.53e+08,6.31e+08,40,2.524e+10,0.115,0.002875,5.21e+08,4.48e+09,4.879e+09,0
NVDA,2016-10-30,2016-11-22,2016-11-22,2004000000,1183000000,639000000.0,5.42e+08,6.53e+08,40,2.612e+10,0.115,0.002875,6.79e+08,5.324e+09,6.671e+09,1.982e+09
NVDA,2017-01-29,2017-03-01,2017-03-01,2173000000,1303000000,733000000.0,6.55e+08,6.49e+08,40,2.596e+10,0.13999999999999996,0.0034999999999999988,7.94e+08,5.762e+09,6.798e+09,1.983e+09
NVDA,2017-04-30,2017-05-23,2017-05-23,1937000000,1150000000,554000000.0,5.07e+08,6.41e+08,40,2.564e+10,0.14,0.0035000000000000005,8.21e+08,6.132e+09,6.206e+09,1.984e+09
NVDA,2017-07-30,2017-08-23,2017-08-23,2230000000,1302000000,688000000.0,5.83e+08,6.33e+08,40,2.532e+10,0.14,0.0035000000000000005,8.55e+08,5.973e+09,5.877e+09,1.984e+09
NVDA,2017-10-29,2017-11-21,2017-11-21,2636000000,1569000000,895000000.0,8.38e+08,6.28e+08,40,2.512e+10,0.14,0.0035000000000000005,8.57e+08,6.352e+09,6.32e+09,1.985e+09
NVDA,2018-01-28,2018-02-28,2018-02-28,2911000000,1801000000,1073000000.0,1.118e+09,6.32e+08,40,2.528e+10,0.1499999999999999,0.0037499999999999977,7.96e+08,7.471e+09,7.108e+09,1.985e+09
NVDA,2018-04-29,2018-05-22,2018-05-22,3207000000,2068000000,1295000000.0,1.244e+09,6.27e+08,40,2.508e+10,0.15,0.00375,7.97e+08,7.717e+09,7.3e+09,1.986e+09
NVDA,2018-07-29,2018-08-16,2018-08-16,3123000000,1975000000,1157000000.0,1.101e+09,6.26e+08,40,2.504e+10,0.15,0.00375,1.09e+09,8.795e+09,7.943e+09,1.987e+09
NVDA,2018-10-28,2018-11-15,2018-11-15,3181000000,1921000000,1058000000.0,1.23e+09,6.25e+08,40,2.5e+10,0.15,0.00375,1.417e+09,9.475e+09,7.591e+09,1.987e+09
NVDA,2019-01-27,2019-02-21,2019-02-21,2205000000,1207000000,294000000.0,5.67e+08,6.25e+08,40,2.5e+10,0.16000000000000003,0.004000000000000001,1.575e+09,9.342e+09,7.422e+09,1.988e+09
NVDA,2019-04-28,2019-05-16,2019-05-16,2220000000,1296000000,358000000.0,3.94e+08,6.16e+08,40,2.464e+10,0.16,0.004,1.426e+09,9.704e+09,7.802e+09,1.988e+09
NVDA,2019-07-28,2019-08-15,2019-08-15,2579000000,1541000000,571000000.0,5.52e+08,6.16e+08,40,2.464e+10,0.16,0.004,1.204e+09,1.0336e+10,8.475e+09,1.989e+09
NVDA,2019-10-27,2019-11-14,2019-11-14,3014000000,1916000000,927000000.0,8.99e+08,6.18e+08,40,2.472e+10,0.16,0.004,1.047e+09,1.1214e+10,9.769e+09,1.99e+09
NVDA,2020-01-26,2020-02-20,2020-02-20,3105000000,2015000000,990000000.0,9.5e+08,6.18e+08,40,2.472e+10,0.16000000000000003,0.004000000000000001,9.79e+08,1.2204e+10,1.0897e+10,1.991e+09
NVDA,2020-04-26,2020-05-21,2020-05-21,3080000000,2004000000,976000000.0,9.17e+08,6.22e+08,40,2.488e+10,0.16,0.004,1.128e+09,1.3099e+10,1.6354e+10,6.959e+09
NVDA,2020-07-26,2020-08-19,2020-08-19,3866000000,2275000000,651000000.0,6.22e+08,6.26e+08,40,2.504e+10,0.16,0.004,1.401e+09,1.3914e+10,1.0981e+10,6.96e+09
NVDA,2020-10-25,2020-11-18,2020-11-18,4726000000,2960000000,1398000000.0,1.336e+09,6.3e+08,40,2.52e+10,0.16,0.004,1.495e+09,1.5334e+10,1.0139e+10,6.961e+09
NVDA,2021-01-31,2021-02-26,2021-02-26,5003000000,3157000000,1507000000.0,1.457e+09,6.28e+08,40,2.512e+10,0.16000000000000003,0.004000000000000001,1.826e+09,1.6893e+10,1.1561e+10,7.962e+09
NVDA,2021-05-02,2021-05-26,2021-05-26,5661000000,3629000000,1956000000.0,1.912e+09,6.32e+08,40,2.528e+10,0.16,0.004,1.992e+09,1.8774e+10,1.2667e+10,7.962e+09
NVDA,2021-08-01,2021-08-20,2021-08-20,6507000000,4215000000,2444000000.0,2.374e+09,2.532e+09,10,2.532e+10,0.04,0.004,2.114e+09,2.1147e+10,1.9654e+10,1.2943e+10
NVDA,2021-10-31,2021-11-22,2021-11-22,7103000000,4631000000,2671000000.0,2.464e+09,2.538e+09,10,2.538e+10,0.04,0.004,2.233e+09,2.3798e+10,1.9298e+10,1.0944e+10
NVDA,2022-01-30,2022-03-18,2022-03-18,7643000000,5000000000,2970000000.0,3.002e+09,2.535e+09,10,2.535e+10,-0.08000000000000002,-0.008000000000000002,2.605e+09,2.6612e+10,2.1208e+10,1.0946e+10
NVDA,2022-05-01,2022-05-27,2022-05-27,8288000000,5431000000,1868000000.0,1.618e+09,2.537e+09,10,2.537e+10,0.04,0.004,3.163e+09,2.632e+10,2.0338e+10,1.0947e+10
NVDA,2022-07-31,2022-08-31,2022-08-31,6704000000,2915000000,499000000.0,6.56e+08,2.516e+09,10,2.516e+10,0.04,0.004,3.889e+09,2.3851e+10,1.7037e+10,1.2198e+10
NVDA,2022-10-30,2022-11-18,2022-11-18,5931000000,3177000000,601000000.0,6.8e+08,2.499e+09,10,2.499e+10,0.04,0.004,4.454e+09,2.1349e+10,1.3143e+10,1.2199e+10
NVDA,2023-01-29,2023-02-24,2023-02-24,6051000000,3833000000,1256000000.0,1.414e+09,2.507e+09,10,2.507e+10,0.04000000000000001,0.004000000000000001,5.159e+09,2.2101e+10,1.3296e+10,1.2203e+10
NVDA,2023-04-30,2023-05-26,2023-05-26,7192000000,4648000000,2140000000.0,2.043e+09,2.49e+09,10,2.49e+10,0.04,0.004,4.611e+09,2.452e+10,1.532e+10,1.2204e+10
NVDA,2023-07-30,2023-08-28,2023-08-28,13507000000,9462000000,6800000000.0,6.188e+09,2.499e+09,10,2.499e+10,0.04,0.004,4.319e+09,2.7501e+10,1.6023e+10,1.0954e+10
NVDA,2023-10-29,2023-11-21,2023-11-21,18120000000,13400000000,10417000000.0,9.243e+09,2.494e+09,10,2.494e+10,0.04,0.004,4.779e+09,3.3265e+10,1.8281e+10,1.0955e+10
NVDA,2024-01-28,2024-02-21,2024-02-21,22103000000,16791000000,13615000000.0,1.2286e+10,2.494e+09,10,2.494e+10,0.04000000000000001,0.004000000000000001,5.282e+09,4.2978e+10,2.5984e+10,1.0959e+10
NVDA,2024-04-28,2024-05-29,2024-05-29,26044000000,20406000000,16909000000.0,1.4881e+10,2.489e+09,10,2.489e+10,0.04,0.004,5.864e+09,4.9142e+10,3.1438e+10,1.096e+10
NVDA,2024-07-28,2024-08-28,2024-08-28,30040000000,22574000000,18642000000.0,1.6599e+10,2.4848e+10,1,2.4848e+10,0.01,0.01,6.675e+09,5.8157e+10,3.48e+10,8.461e+09
NVDA,2024-10-27,2024-11-20,2024-11-20,35082000000,26156000000,21869000000.0,1.9309e+10,2.4774e+10,1,2.4774e+10,0.01,0.01,7.654e+09,6.5899e+10,3.8487e+10,8.462e+09
NVDA,2025-01-26,2025-02-26,2025-02-26,39331000000,28722000000,24033000000.0,2.2091e+10,2.4804e+10,1,2.4804e+10,-0.026000000000000002,-0.026000000000000002,1.008e+10,7.9327e+10,4.321e+10,8.463e+09
NVDA,2025-04-27,2025-05-28,2025-05-28,44062000000,26668000000,21638000000.0,1.8775e+10,2.4611e+10,1,2.4611e+10,0.01,0.01,1.1333e+10,8.3843e+10,5.3691e+10,8.464e+09
NVDA,2025-07-27,2025-08-27,2025-08-27,46743000000,33853000000,28440000000.0,2.6422e+10,2.4532e+10,1,2.4532e+10,0.01,0.01,1.4962e+10,1.00131e+11,5.6791e+10,8.466e+09
NVDA,2025-10-26,2025-11-19,2025-11-19,57006000000,41849000000,36010000000.0,3.191e+10,2.4483e+10,1,2.4483e+10,0.01,0.01,1.9784e+10,1.18897e+11,6.0608e+10,9.466e+09
NVDA,2026-01-25,2026-02-25,2026-02-25,68127000000,51093000000,44299000000.0,4.296e+10,2.4514e+10,1,2.4514e+10,0.010000000000000002,0.010000000000000002,2.1403e+10,1.57293e+11,1.0605e+10,9.467e+09
NVDA,2026-04-26,2026-05-20,2026-05-20,81615000000,61157000000,53536000000.0,5.8321e+10,2.4391e+10,1,2.4391e+10,0.01,0.01,2.5797e+10,1.95474e+11,1.3237e+10,9.47e+09
AMD,2009-06-27,2010-08-04,2010-08-04,1184000000,441000000,-249000000,-3.3e+08,6.67e+08,1,6.67e+08,,,,,1.979e+09,0
AMD,2009-09-26,2010-11-03,2010-11-03,1396000000,585000000,-77000000,-1.28e+08,6.94e+08,1,6.94e+08,,,,,1.847e+09,0
AMD,2010-03-27,2011-05-10,2011-05-10,1574000000,741000000,182000000,2.57e+08,7.54e+08,1,7.54e+08,,,,,6.42e+08,0
AMD,2010-06-26,2010-08-04,2010-08-04,1653000000,738000000,125000000,-4.3e+07,7.09e+08,1,7.09e+08,,,5.81e+08,7.52e+08,1.896e+09,0
AMD,2010-09-25,2010-11-03,2010-11-03,1618000000,739000000,128000000,-1.18e+08,7.13e+08,1,7.13e+08,,,6.22e+08,6.14e+08,1.726e+09,0
AMD,2010-12-25,2012-02-24,2012-02-24,1649000000,743000000,413000000,3.75e+08,7.58e+08,1,7.58e+08,,,6.32e+08,1.013e+09,1.789e+09,0
AMD,2011-04-02,2011-05-10,2011-05-10,1613000000,691000000,54000000,5.1e+08,7.64e+08,1,7.64e+08,,,6.48e+08,1.558e+09,1.745e+09,0
AMD,2011-07-02,2011-08-10,2011-08-10,1574000000,720000000,105000000,6.1e+07,7.43e+08,1,7.43e+08,,,6.42e+08,1.641e+09,1.861e+09,0
AMD,2011-10-01,2011-11-09,2011-11-09,1690000000,756000000,138000000,9.7e+07,7.41e+08,1,7.41e+08,,,5.4e+08,1.744e+09,1.807e+09,0
AMD,2011-12-31,2012-02-24,2012-02-24,1691000000,773000000,71000000,-1.77e+08,7.32e+08,1,7.32e+08,,,4.76e+08,1.59e+09,1.765e+09,2.065e+09
AMD,2012-03-31,2012-05-09,2012-05-09,1585000000,27000000,-580000000,-5.9e+08,7.34e+08,1,7.34e+08,,,5.85e+08,1.052e+09,1.544e+09,0
AMD,2012-06-30,2012-08-02,2012-08-02,1413000000,638000000,77000000,3.7e+07,7.55e+08,1,7.55e+08,,,8.33e+08,1.117e+09,1.579e+09,0
AMD,2012-09-29,2012-11-01,2012-11-01,1269000000,392000000,-131000000,-1.57e+08,7.45e+08,1,7.45e+08,,,7.44e+08,9.89e+08,1.3e+09,0
AMD,2012-12-29,2013-02-21,2013-02-21,1155000000,178000000,-422000000,-4.73e+08,7.47e+08,1,7.47e+08,,,5.62e+08,5.38e+08,1.002e+09,2.08e+09
AMD,2013-03-30,2013-05-06,2013-05-06,1088000000,445000000,-98000000,-1.46e+08,7.49e+08,1,7.49e+08,,,6.13e+08,4.15e+08,1.003e+09,0
AMD,2013-06-29,2013-08-01,2013-08-01,1161000000,459000000,-29000000,-7.4e+07,7.52e+08,1,7.52e+08,,,7.11e+08,3.59e+08,9.68e+08,2.027e+09
AMD,2013-09-28,2013-10-30,2013-10-30,1461000000,521000000,95000000,4.8e+07,7.64e+08,1,7.64e+08,,,9.22e+08,4.34e+08,1.06e+09,2.031e+09
AMD,2013-12-28,2014-02-18,2014-02-18,1589000000,553000000,135000000,8.9e+07,7.66e+08,1,7.66e+08,,,8.84e+08,5.44e+08,1.097e+09,2.085e+09
AMD,2014-03-29,2014-05-01,2014-05-01,1397000000,487000000,49000000,-2e+07,7.61e+08,1,7.61e+08,,,8.69e+08,5.11e+08,9.02e+08,2.068e+09
AMD,2014-06-28,2014-07-31,2014-07-31,1441000000,498000000,63000000,-3.6e+07,7.64e+08,1,7.64e+08,,,9.6e+08,5.01e+08,9.48e+08,2.196e+09
AMD,2014-09-27,2014-10-30,2014-10-30,1429000000,494000000,63000000,1.7e+07,7.85e+08,1,7.85e+08,,,8.97e+08,5.35e+08,9.38e+08,2.197e+09
AMD,2014-12-27,2015-02-19,2015-02-19,1239000000,360000000,-330000000,-3.64e+08,7.76e+08,1,7.76e+08,,,6.85e+08,1.87e+08,1.04e+09,2.197e+09
AMD,2015-03-28,2015-04-29,2015-04-29,1030000000,326000000,-137000000,-1.8e+08,7.77e+08,1,7.77e+08,,,6.88e+08,1.7e+07,9.06e+08,2.255e+09
AMD,2015-06-27,2015-07-30,2015-07-30,942000000,232000000,-137000000,-1.81e+08,7.78e+08,1,7.78e+08,,,7.99e+08,-1.41e+08,8.29e+08,2.255e+09
AMD,2015-09-26,2015-11-03,2015-11-03,1061000000,239000000,-158000000,-1.97e+08,7.85e+08,1,7.85e+08,,,7.61e+08,-3.36e+08,7.55e+08,2.255e+09
AMD,2015-12-26,2016-02-18,2016-02-18,958000000,283000000,-49000000,-1.02e+08,7.91e+08,1,7.91e+08,,,6.78e+08,-4.12e+08,7.85e+08,2.255e+09
AMD,2016-03-26,2016-04-28,2016-04-28,832000000,269000000,-68000000,-1.09e+08,7.93e+08,1,7.93e+08,,,6.75e+08,-5.03e+08,7.16e+08,2.232e+09
AMD,2016-06-25,2016-07-26,2016-07-26,1027000000,319000000,-8000000,6.9e+07,8.21e+08,1,8.21e+08,,,7.43e+08,-4.13e+08,9.57e+08,2.228e+09
AMD,2016-09-24,2016-10-26,2016-10-26,1307000000,59000000,-293000000,-4.06e+08,8.15e+08,1,8.15e+08,,,7.72e+08,3.85e+08,1.258e+09,1.63e+09
AMD,2016-12-31,2018-02-27,2018-02-27,1106000000,351000000,-3000000,-5.1e+07,9.31e+08,1,9.31e+08,,,7.51e+08,4.16e+08,1.264e+09,1.435e+09
AMD,2017-04-01,2017-05-08,2017-05-08,984000000,331000000,-29000000,-7.3e+07,9.39e+08,1,9.39e+08,,,8.39e+08,4.09e+08,9.43e+08,1.408e+09
AMD,2017-07-01,2017-08-03,2017-08-03,1222000000,404000000,25000000,-1.6e+07,9.45e+08,1,9.45e+08,,,8.33e+08,4.17e+08,8.44e+08,1.417e+09
AMD,2017-09-30,2017-11-02,2017-11-02,1643000000,573000000,126000000,7.1e+07,1.042e+09,1,1.042e+09,,,7.94e+08,5.2e+08,8.79e+08,1.426e+09
AMD,2017-12-30,2018-02-27,2018-02-27,1480000000,515000000,82000000,6.1e+07,1.037e+09,1,1.037e+09,,,7.39e+08,6.11e+08,1.185e+09,1.465e+09
AMD,2018-03-31,2018-05-03,2018-05-03,1647000000,597000000,120000000,8.1e+07,1.039e+09,1,1.039e+09,,,7.15e+08,7.15e+08,1.045e+09,1.388e+09
AMD,2018-06-30,2018-08-02,2018-08-02,1756000000,652000000,153000000,1.16e+08,1.147e+09,1,1.147e+09,,,7.5e+08,8.79e+08,9.83e+08,1.393e+09
AMD,2018-09-29,2018-10-31,2018-10-31,1653000000,661000000,150000000,1.02e+08,1.076e+09,1,1.076e+09,,,7.38e+08,1.125e+09,1.056e+09,1.303e+09
AMD,2018-12-29,2019-02-08,2019-02-08,1419000000,537000000,28000000,3.8e+07,1.079e+09,1,1.079e+09,,,8.45e+08,1.266e+09,1.156e+09,1.386e+09
AMD,2019-03-30,2019-05-01,2019-05-01,1272000000,521000000,38000000,1.6e+07,1.094e+09,1,1.094e+09,,,9.55e+08,1.788e+09,1.194e+09,1.094e+09
AMD,2019-06-29,2019-07-31,2019-07-31,1531000000,621000000,59000000,3.5e+07,1.109e+09,1,1.109e+09,,,1.015e+09,1.901e+09,1.128e+09,1.031e+09
AMD,2019-09-28,2019-10-30,2019-10-30,1801000000,777000000,186000000,1.2e+08,1.117e+09,1,1.117e+09,,,1.04e+09,2.176e+09,1.209e+09,8.72e+08
AMD,2019-12-28,2020-02-04,2020-02-04,2127000000,949000000,348000000,1.7e+08,1.188e+09,1,1.188e+09,,,9.82e+08,2.827e+09,1.503e+09,4.86e+08
AMD,2020-03-28,2020-04-29,2020-04-29,1786000000,818000000,177000000,1.62e+08,1.224e+09,1,1.224e+09,,,1.056e+09,3.037e+09,1.385e+09,4.88e+08
AMD,2020-06-27,2020-07-29,2020-07-29,1932000000,848000000,173000000,1.57e+08,1.227e+09,1,1.227e+09,,,1.324e+09,3.305e+09,1.775e+09,6.9e+08
AMD,2020-09-26,2020-10-28,2020-10-28,2801000000,1230000000,449000000,3.9e+08,1.215e+09,1,1.215e+09,,,1.292e+09,3.867e+09,1.771e+09,3.73e+08
AMD,2020-12-26,2021-01-29,2021-01-29,3244000000,1451000000,570000000,1.781e+09,1.226e+09,1,1.226e+09,,,1.399e+09,5.837e+09,2.29e+09,3.3e+08
AMD,2021-03-27,2021-04-28,2021-04-28,3445000000,1587000000,662000000,5.55e+08,1.231e+09,1,1.231e+09,,,1.653e+09,6.477e+09,3.116e+09,3.13e+08
AMD,2021-06-26,2021-07-28,2021-07-28,3850000000,1830000000,831000000,7.1e+08,1.232e+09,1,1.232e+09,,,1.765e+09,7.065e+09,3.793e+09,3.13e+08
AMD,2021-09-25,2021-10-27,2021-10-27,4313000000,2086000000,948000000,9.23e+08,1.23e+09,1,1.23e+09,,,1.902e+09,7.136e+09,3.608e+09,3.13e+08
AMD,2021-12-25,2022-02-03,2022-02-03,4826000000,2426000000,1207000000,9.74e+08,1.229e+09,1,1.229e+09,,,1.955e+09,7.497e+09,3.608e+09,3.13e+08
AMD,2022-03-26,2022-05-04,2022-05-04,5887000000,2818000000,951000000,7.86e+08,1.41e+09,1,1.41e+09,,,2.431e+09,5.5333e+10,6.532e+09,1.787e+09
AMD,2022-06-25,2022-08-03,2022-08-03,6550000000,3028000000,526000000,4.47e+08,1.632e+09,1,1.632e+09,,,2.648e+09,5.5169e+10,5.992e+09,2.777e+09
AMD,2022-09-24,2022-11-02,2022-11-02,5565000000,2354000000,-64000000,6.6e+07,1.625e+09,1,1.625e+09,,,3.369e+09,5.4542e+10,5.591e+09,2.466e+09
AMD,2022-12-31,2023-02-27,2023-02-27,5599000000,2403000000,-149000000,2.1e+07,1.571e+09,1,1.571e+09,,,3.771e+09,5.475e+10,5.855e+09,2.467e+09
AMD,2023-04-01,2023-05-03,2023-05-03,5353000000,2359000000,-145000000,-1.39e+08,1.611e+09,1,1.611e+09,,,4.235e+09,5.4694e+10,5.939e+09,2.467e+09
AMD,2023-07-01,2023-08-02,2023-08-02,5359000000,2443000000,-20000000,2.7e+07,1.627e+09,1,1.627e+09,,,4.567e+09,5.5136e+10,6.285e+09,2.464e+09
AMD,2023-09-30,2023-11-01,2023-11-01,5800000000,2747000000,224000000,2.99e+08,1.629e+09,1,1.629e+09,,,4.445e+09,5.497e+10,5.785e+09,2.465e+09
AMD,2023-12-30,2024-01-31,2024-01-31,6168000000,2911000000,342000000,6.67e+08,1.625e+09,1,1.625e+09,,,4.351e+09,5.5892e+10,5.773e+09,2.468e+09
AMD,2024-03-30,2024-05-01,2024-05-01,5473000000,2560000000,36000000,1.23e+08,1.639e+09,1,1.639e+09,,,4.652e+09,5.6198e+10,6.035e+09,2.468e+09
AMD,2024-06-29,2024-07-31,2024-07-31,5835000000,2864000000,269000000,2.65e+08,1.637e+09,1,1.637e+09,,,4.991e+09,5.6538e+10,5.34e+09,1.719e+09
AMD,2024-09-28,2024-10-30,2024-10-30,6819000000,3419000000,724000000,7.71e+08,1.636e+09,1,1.636e+09,,,5.374e+09,5.6985e+10,4.544e+09,1.72e+09
AMD,2024-12-28,2025-02-05,2025-02-05,7658000000,3882000000,871000000,4.82e+08,1.637e+09,1,1.637e+09,,,5.734e+09,5.7568e+10,5.132e+09,1.721e+09
AMD,2025-03-29,2025-05-07,2025-05-07,7438000000,3736000000,806000000,7.09e+08,1.626e+09,1,1.626e+09,,,6.416e+09,5.7881e+10,7.31e+09,4.164e+09
AMD,2025-06-28,2025-08-06,2025-08-06,7685000000,3059000000,-134000000,8.72e+08,1.63e+09,1,1.63e+09,,,6.677e+09,5.9665e+10,5.867e+09,3.218e+09
AMD,2025-09-27,2025-11-05,2025-11-05,9246000000,4780000000,1270000000,1.243e+09,1.641e+09,1,1.641e+09,,,7.313e+09,6.079e+10,7.243e+09,3.22e+09
AMD,2025-12-27,2026-02-04,2026-02-04,10270000000,5577000000,1752000000,1.511e+09,1.636e+09,1,1.636e+09,,,7.92e+09,6.2999e+10,1.0552e+10,3.222e+09
AMD,2026-03-28,2026-05-06,2026-05-06,10253000000,5416000000,1476000000,1.383e+09,1.65e+09,1,1.65e+09,,,8.045e+09,6.4462e+10,1.2347e+10,3.224e+09
INTC,2008-06-28,2009-08-03,2009-08-03,9470000000,5249000000,2255000000,1.601e+09,5.8e+09,1,5.8e+09,0.0,0.0,,,4.079e+09,0
INTC,2008-09-27,2009-11-02,2009-11-02,10217000000,6019000000,3098000000,2.014e+09,5.692e+09,1,5.692e+09,0.28,0.28,,,3.704e+09,0
INTC,2009-03-28,2010-05-03,2010-05-03,7145000000,3238000000,647000000,6.29e+08,5.634e+09,1,5.634e+09,0.28,0.28,,,3.536e+09,0
INTC,2009-06-27,2009-08-03,2009-08-03,8024000000,4079000000,-12000000,-3.98e+08,5.595e+09,1,5.595e+09,0.0,0.0,2.805e+09,3.9047e+10,9.021e+09,1.198e+09
INTC,2009-09-26,2009-11-02,2009-11-02,9389000000,5404000000,2579000000,1.856e+09,5.616e+09,1,5.616e+09,0.28,0.28,2.49e+09,3.9033e+10,9.259e+09,2.224e+09
INTC,2009-12-26,2010-02-22,2010-02-22,10569000000,6840000000,2497000000,2.282e+09,5.645e+09,1,5.645e+09,0.0,0.0,2.935e+09,4.1704e+10,9.272e+09,2.221e+09
INTC,2010-03-27,2010-05-03,2010-05-03,10299000000,6529000000,3448000000,2.442e+09,5.681e+09,1,5.681e+09,0.315,0.315,2.986e+09,4.29e+10,1.0915e+10,2.382e+09
INTC,2010-06-26,2010-07-30,2010-07-30,10765000000,7235000000,3981000000,2.887e+09,5.711e+09,1,5.711e+09,0.0,0.0,3.345e+09,4.5841e+10,1.2229e+10,2.273e+09
INTC,2010-09-25,2010-11-02,2010-11-02,11102000000,7321000000,4136000000,2.955e+09,5.694e+09,1,5.694e+09,0.315,0.315,3.423e+09,4.7696e+10,1.4987e+10,2.332e+09
INTC,2010-12-25,2011-02-18,2011-02-18,11457000000,7406000000,4023000000,3.18e+09,5.696e+09,1,5.696e+09,0.0,0.0,3.757e+09,4.943e+10,1.6792e+10,2.115e+09
INTC,2011-04-02,2011-05-09,2011-05-09,12847000000,7885000000,4158000000,3.16e+09,5.606e+09,1,5.606e+09,0.3624,0.3624,4.099e+09,4.7349e+10,7.724e+09,2.137e+09
INTC,2011-07-02,2011-08-08,2011-08-08,13032000000,7902000000,3935000000,2.954e+09,5.441e+09,1,5.441e+09,0.0,0.0,4.03e+09,4.8723e+10,7.741e+09,2.161e+09
INTC,2011-10-01,2011-11-04,2011-11-04,14233000000,9018000000,4785000000,3.468e+09,5.34e+09,1,5.34e+09,0.42,0.42,3.959e+09,4.6117e+10,1.0933e+10,7.142e+09
INTC,2011-12-31,2012-02-23,2012-02-23,13887000000,8952000000,4599000000,3.36e+09,5.411e+09,1,5.411e+09,0.0,0.0,4.096e+09,4.5911e+10,1.0246e+10,7.284e+09
INTC,2012-03-31,2012-05-04,2012-05-04,12906000000,8265000000,3810000000,2.738e+09,5.192e+09,1,5.192e+09,0.42,0.42,4.489e+09,4.676e+10,9.441e+09,7.361e+09
INTC,2012-06-30,2012-08-01,2012-08-01,13501000000,8554000000,3832000000,2.827e+09,5.199e+09,1,5.199e+09,0.0,0.0,4.904e+09,4.8779e+10,9.204e+09,7.185e+09
INTC,2012-09-29,2012-10-31,2012-10-31,13457000000,8515000000,3841000000,2.972e+09,5.153e+09,1,5.153e+09,0.45,0.45,5.319e+09,4.9269e+10,6.003e+09,7.156e+09
INTC,2012-12-29,2013-02-19,2013-02-19,13477000000,7817000000,3155000000,2.468e+09,5.16e+09,1,5.16e+09,0.0,0.0,4.734e+09,5.1203e+10,1.2477e+10,1.3448e+10
INTC,2013-03-30,2013-04-29,2013-04-29,12580000000,7066000000,2519000000,2.045e+09,5.08e+09,1,5.08e+09,0.45,0.45,4.358e+09,5.1194e+10,1.0021e+10,1.3231e+10
INTC,2013-06-29,2013-07-29,2013-07-29,12811000000,7470000000,2719000000,2e+09,5.106e+09,1,5.106e+09,0.0,0.0,4.542e+09,5.384e+10,9.992e+09,1.3413e+10
INTC,2013-09-28,2013-10-28,2013-10-28,13483000000,8414000000,3504000000,2.95e+09,5.1e+09,1,5.1e+09,0.45,0.45,4.533e+09,5.5452e+10,1.1373e+10,1.3507e+10
INTC,2013-12-28,2014-02-14,2014-02-14,13834000000,8571000000,3549000000,2.625e+09,5.097e+09,1,5.097e+09,,,4.172e+09,5.8256e+10,1.1646e+10,1.3446e+10
INTC,2014-03-29,2014-04-25,2014-04-25,12764000000,7613000000,2510000000,1.93e+09,5.117e+09,1,5.117e+09,0.45,0.45,3.763e+09,5.8038e+10,1.0011e+10,1.3208e+10
INTC,2014-06-28,2014-07-25,2014-07-25,13831000000,8917000000,3844000000,2.796e+09,5.123e+09,1,5.123e+09,0.0,0.0,3.943e+09,5.9247e+10,7.54e+09,1.3194e+10
INTC,2014-09-27,2014-10-29,2014-10-29,14554000000,9458000000,4540000000,3.317e+09,5.045e+09,1,5.045e+09,0.45,0.45,4.115e+09,5.6073e+10,6.594e+09,1.3188e+10
INTC,2014-12-27,2015-02-13,2015-02-13,14721000000,9621000000,4453000000,3.661e+09,5.056e+09,1,5.056e+09,,,4.273e+09,5.5865e+10,4.991e+09,1.3195e+10
INTC,2015-03-28,2015-04-27,2015-04-27,12781000000,7730000000,2615000000,1.992e+09,4.914e+09,1,4.914e+09,0.48,0.48,4.418e+09,5.4924e+10,6.108e+09,1.3233e+10
INTC,2015-06-27,2015-07-27,2015-07-27,13195000000,8248000000,2896000000,2.706e+09,4.909e+09,1,4.909e+09,0.0,0.0,4.818e+09,5.7695e+10,7.06e+09,1.3211e+10
INTC,2015-09-26,2015-10-28,2015-10-28,14465000000,9111000000,4192000000,3.109e+09,4.876e+09,1,4.876e+09,0.48,0.48,4.965e+09,5.7097e+10,1.4184e+10,2.2318e+10
INTC,2015-12-26,2016-02-12,2016-02-12,14914000000,9590000000,4299000000,3.613e+09,4.894e+09,1,4.894e+09,,,5.167e+09,6.1085e+10,1.799e+10,2.5309e+10
INTC,2016-04-02,2016-05-02,2016-05-02,13702000000,8130000000,2568000000,2.046e+09,4.875e+09,1,4.875e+09,0.52,0.52,5.751e+09,6.1174e+10,5.988e+09,2.7055e+10
INTC,2016-07-02,2016-08-01,2016-08-01,13533000000,7973000000,1318000000,1.33e+09,4.866e+09,1,4.866e+09,0.0,0.0,5.8e+09,6.1367e+10,8.186e+09,3.0349e+10
INTC,2016-10-01,2016-10-31,2016-10-31,15778000000,9983000000,4462000000,3.378e+09,4.877e+09,1,4.877e+09,0.52,0.52,5.783e+09,6.3115e+10,8.022e+09,3.0346e+10
INTC,2016-12-31,2017-02-17,2017-02-17,16374000000,10105000000,4526000000,3.562e+09,4.875e+09,1,4.875e+09,,,5.553e+09,6.6226e+10,8.785e+09,2.9955e+10
INTC,2017-04-01,2017-04-27,2017-04-27,14796000000,9147000000,3599000000,2.964e+09,4.881e+09,1,4.881e+09,0.5325,0.5325,5.801e+09,6.6844e+10,7.992e+09,2.5751e+10
INTC,2017-07-01,2017-07-27,2017-07-27,14763000000,9098000000,3827000000,2.808e+09,4.845e+09,1,4.845e+09,0.0,0.0,6.324e+09,6.8625e+10,1.4845e+10,3.6184e+10
INTC,2017-09-30,2017-10-26,2017-10-26,16149000000,10057000000,5115000000,4.516e+09,4.821e+09,1,4.821e+09,0.545,0.545,6.929e+09,7.0936e+10,1.0521e+10,3.5831e+10
INTC,2017-12-30,2018-02-16,2018-02-16,17053000000,10767000000,5395000000,-6.87e+08,4.835e+09,1,4.835e+09,,,6.983e+09,6.9019e+10,5.247e+09,2.8515e+10
INTC,2018-03-31,2018-04-27,2018-04-27,16066000000,9731000000,4470000000,4.454e+09,4.79e+09,1,4.79e+09,0.6,0.6,7.146e+09,7.0165e+10,5.574e+09,2.8612e+10
INTC,2018-06-30,2018-07-27,2018-07-27,16962000000,10419000000,5273000000,5.006e+09,4.747e+09,1,4.747e+09,0.0,0.0,7.344e+09,7.0047e+10,4.877e+09,2.8142e+10
INTC,2018-09-29,2018-10-26,2018-10-26,19163000000,12360000000,7349000000,6.398e+09,4.648e+09,1,4.648e+09,0.6,0.6,7.401e+09,7.1483e+10,6.048e+09,2.7874e+10
INTC,2018-12-29,2019-02-01,2019-02-01,18657000000,11227000000,6224000000,5.195e+09,4.701e+09,1,4.701e+09,,,7.253e+09,7.4563e+10,5.807e+09,2.662e+10
INTC,2019-03-30,2019-04-26,2019-04-26,16061000000,9089000000,4174000000,3.974e+09,4.564e+09,1,4.564e+09,,,7.765e+09,7.3661e+10,5.852e+09,2.8487e+10
INTC,2019-06-29,2019-07-26,2019-07-26,16505000000,9878000000,4617000000,4.179e+09,4.523e+09,1,4.523e+09,,,8.696e+09,7.4947e+10,5.281e+09,2.8815e+10
INTC,2019-09-28,2019-10-25,2019-10-25,19190000000,11295000000,6447000000,5.99e+09,4.433e+09,1,4.433e+09,0.63,0.63,8.638e+09,7.4242e+10,5.784e+09,2.8907e+10
INTC,2019-12-28,2020-01-24,2020-01-24,20209000000,11878000000,6797000000,6.905e+09,4.473e+09,1,4.473e+09,,,8.744e+09,7.7504e+10,5.276e+09,3.2698e+10
INTC,2020-03-28,2020-04-24,2020-04-24,19828000000,12016000000,7038000000,5.661e+09,4.312e+09,1,4.312e+09,,,9.246e+09,7.6354e+10,1.2676e+10,4.3383e+10
INTC,2020-06-27,2020-07-24,2020-07-24,19728000000,10507000000,5697000000,5.105e+09,4.284e+09,1,4.284e+09,,,8.969e+09,8.201e+10,1.3527e+10,4.0601e+10
INTC,2020-09-26,2020-10-23,2020-10-23,18333000000,9741000000,5059000000,4.276e+09,4.211e+09,1,4.211e+09,,,9.273e+09,7.4554e+10,6.343e+09,3.7067e+10
INTC,2020-12-26,2021-01-22,2021-01-22,19978000000,11348000000,5884000000,5.857e+09,4.232e+09,1,4.232e+09,,,8.427e+09,8.1038e+10,8.157e+09,3.8905e+10
INTC,2021-03-27,2021-04-23,2021-04-23,19673000000,10854000000,3694000000,3.361e+09,4.096e+09,1,4.096e+09,,,8.487e+09,7.9807e+10,7.609e+09,3.5884e+10
INTC,2021-06-26,2021-07-23,2021-07-23,19631000000,11206000000,5546000000,5.061e+09,4.084e+09,1,4.084e+09,,,8.817e+09,8.5207e+10,7.76e+09,3.5409e+10
INTC,2021-09-25,2021-10-22,2021-10-22,19192000000,10746000000,5227000000,6.823e+09,4.086e+09,1,4.086e+09,,,9.798e+09,9.0087e+10,1.1874e+10,4.4998e+10
INTC,2021-12-25,2022-01-27,2022-01-27,20528000000,11009000000,4989000000,4.623e+09,4.09e+09,1,4.09e+09,,,1.0776e+10,9.5391e+10,6.93e+09,4.2692e+10
INTC,2022-04-02,2022-04-29,2022-04-29,18353000000,9244000000,4341000000,8.113e+09,4.107e+09,1,4.107e+09,,,1.1935e+10,1.03136e+11,3.8696e+10,3.7247e+10
INTC,2022-07-02,2022-07-29,2022-07-29,15321000000,5587000000,-700000000,-4.54e+08,4.1e+09,1,4.1e+09,,,1.2174e+10,1.01218e+11,2.7044e+10,3.543e+10
INTC,2022-10-01,2022-10-28,2022-10-28,15338000000,6535000000,-175000000,1.019e+09,4.125e+09,1,4.125e+09,,,1.2831e+10,9.9885e+10,2.2559e+10,3.9523e+10
INTC,2022-12-31,2023-01-27,2023-01-27,14042000000,5500000000,-1132000000,-6.64e+08,4.123e+09,1,4.123e+09,,,1.3224e+10,1.01423e+11,2.8338e+10,3.853e+10
INTC,2023-04-01,2023-04-28,2023-04-28,11715000000,4008000000,-1468000000,-2.758e+09,4.154e+09,1,4.154e+09,,,1.2993e+10,9.8059e+10,2.7534e+10,4.9836e+10
INTC,2023-07-01,2023-07-28,2023-07-28,12949000000,4638000000,-1016000000,1.481e+09,4.196e+09,1,4.196e+09,,,1.1984e+10,1.01017e+11,2.4257e+10,4.9046e+10
INTC,2023-09-30,2023-10-27,2023-10-27,14158000000,6018000000,-8000000,2.97e+08,4.229e+09,1,4.229e+09,0.13,0.13,1.1466e+10,1.01813e+11,2.503e+10,4.8879e+10
INTC,2023-12-30,2024-01-26,2024-01-26,15406000000,7047000000,2585000000,2.669e+09,4.212e+09,1,4.212e+09,,,1.1127e+10,1.0559e+11,2.5034e+10,5.1554e+10
INTC,2024-03-30,2024-04-26,2024-04-26,12724000000,5217000000,-1069000000,-3.81e+08,4.242e+09,1,4.242e+09,0.13,0.13,1.1494e+10,1.05973e+11,2.1311e+10,4.8662e+10
INTC,2024-06-29,2024-08-02,2024-08-02,12833000000,4547000000,-1964000000,-1.61e+09,4.267e+09,1,4.267e+09,0.13,0.13,1.1244e+10,1.15229e+11,2.9273e+10,5.1534e+10
INTC,2024-09-28,2024-11-01,2024-11-01,13284000000,1997000000,-9057000000,-1.6639e+10,4.292e+09,1,4.292e+09,0.13,0.13,1.2062e+10,9.9532e+10,2.4086e+10,4.6471e+10
INTC,2024-12-28,2025-01-31,2025-01-31,14260000000,5584000000,412000000,-1.26e+08,4.28e+09,1,4.28e+09,-0.010000000000000009,-0.010000000000000009,1.2198e+10,9.927e+10,2.2062e+10,5.374e+10
INTC,2025-03-29,2025-04-25,2025-04-25,12667000000,4672000000,-301000000,-8.21e+08,4.343e+09,1,4.343e+09,,,1.2281e+10,9.9756e+10,2.1048e+10,4.6411e+10
INTC,2025-06-28,2025-07-24,2025-07-24,12859000000,3542000000,-3176000000,-2.918e+09,4.369e+09,1,4.369e+09,,,1.1377e+10,9.7883e+10,2.1206e+10,4.6026e+10
INTC,2025-09-27,2025-11-06,2025-11-06,13653000000,5218000000,683000000,4.063e+09,4.531e+09,1,4.531e+09,,,1.1489e+10,1.06376e+11,3.0935e+10,4.6553e+10
INTC,2025-12-27,2026-01-23,2026-01-23,13674000000,4943000000,580000000,-5.91e+08,4.53e+09,1,4.53e+09,,,1.1618e+10,1.14281e+11,3.7416e+10,4.9084e+10
INTC,2026-03-28,2026-04-24,2026-04-24,13577000000,5347000000,-3136000000,-3.728e+09,5.083e+09,1,5.083e+09,,,1.2426e+10,1.11394e+11,3.2789e+10,4.5031e+10
MU,2008-12-04,2010-01-12,2010-01-12,1402000000,-449000000,-672000000,-7.18e+08,7.733e+08,1,7.733e+08,,,,,1.025e+09,0
MU,2009-12-03,2010-01-12,2010-01-12,1740000000,443000000,201000000,2.04e+08,1.0007e+09,1,1.0007e+09,,,1.037e+09,5.195e+09,1.565e+09,2.761e+09
MU,2010-03-04,2011-04-12,2011-04-12,1961000000,642000000,415000000,3.65e+08,1.0053e+09,1,1.0053e+09,,,,7.418e+09,1.87e+09,0
MU,2010-06-03,2011-07-12,2011-07-12,2288000000,848000000,540000000,9.39e+08,1.0494e+09,1,1.0494e+09,,,,9.467e+09,2.313e+09,0
MU,2010-09-02,2011-10-25,2011-10-25,2493000000,781000000,433000000,3.42e+08,1.0507e+09,1,1.0507e+09,,,1.77e+09,8.02e+09,2.913e+09,3.072e+09
MU,2010-12-02,2011-01-11,2011-01-11,2252000000,524000000,390000000,1.55e+08,1.0313e+09,1,1.0313e+09,,,1.892e+09,8.226e+09,2.411e+09,2.284e+09
MU,2011-03-03,2011-04-12,2011-04-12,2257000000,435000000,179000000,7.2e+07,1.0373e+09,1,1.0373e+09,,,1.957e+09,8.462e+09,2.184e+09,2.16e+09
MU,2011-06-02,2011-07-12,2011-07-12,2139000000,478000000,237000000,7.5e+07,1.0417e+09,1,1.0417e+09,,,2.068e+09,8.583e+09,2.395e+09,1.756e+09
MU,2011-09-01,2011-10-25,2011-10-25,2140000000,321000000,-51000000,-1.35e+08,1.0075e+09,1,1.0075e+09,,,2.08e+09,8.47e+09,2.16e+09,2.141e+09
MU,2011-12-01,2012-01-10,2012-01-10,2090000000,305000000,-82000000,-1.87e+08,9.814e+08,1,9.814e+08,,,2.097e+09,8.271e+09,1.915e+09,2.265e+09
MU,2012-03-01,2012-04-09,2012-04-09,2009000000,210000000,-205000000,-2.82e+08,9.828e+08,1,9.828e+08,,,2.081e+09,7.986e+09,2.094e+09,2.465e+09
MU,2012-05-31,2012-07-09,2012-07-09,2172000000,234000000,-191000000,-3.2e+08,9.873e+08,1,9.873e+08,,,1.894e+09,7.811e+09,2.191e+09,3.46e+09
MU,2012-08-30,2012-10-29,2012-10-29,1963000000,219000000,-140000000,-2.43e+08,9.912e+08,1,9.912e+08,,,1.812e+09,7.7e+09,2.459e+09,3.486e+09
MU,2012-11-29,2013-01-07,2013-01-07,1834000000,217000000,-157000000,-2.75e+08,1.0137e+09,1,1.0137e+09,,,1.831e+09,7.469e+09,2.102e+09,3.701e+09
MU,2013-02-28,2013-04-08,2013-04-08,2078000000,366000000,-23000000,-2.86e+08,1.016e+09,1,1.016e+09,,,1.721e+09,7.231e+09,2.061e+09,4.001e+09
MU,2013-05-30,2013-07-08,2013-07-08,2318000000,556000000,149000000,4.3e+07,1.0466e+09,1,1.0466e+09,,,1.732e+09,7.328e+09,2.44e+09,3.981e+09
MU,2013-08-29,2013-10-28,2013-10-28,2843000000,708000000,207000000,1.708e+09,1.0563e+09,1,1.0563e+09,,,2.649e+09,9.142e+09,2.88e+09,1.585e+09
MU,2013-11-28,2014-01-07,2014-01-07,4042000000,1281000000,551000000,3.58e+08,1.196e+09,1,1.196e+09,,,2.459e+09,9.219e+09,3.654e+09,1.543e+09
MU,2014-02-27,2014-04-07,2014-04-07,4107000000,1403000000,869000000,7.31e+08,1.201e+09,1,1.201e+09,,,2.462e+09,9.284e+09,4.305e+09,2.23e+09
MU,2014-05-29,2014-07-03,2014-07-03,3982000000,1368000000,839000000,8.06e+08,1.19e+09,1,1.19e+09,,,2.532e+09,9.94e+09,4.062e+09,1.508e+09
MU,2014-08-28,2014-10-27,2014-10-27,4227000000,1385000000,828000000,1.15e+09,1.198e+09,1,1.198e+09,,,2.455e+09,1.0771e+10,4.15e+09,8.772e+09
MU,2014-12-04,2015-01-09,2015-01-09,4573000000,1638000000,1085000000,1.003e+09,1.195e+09,1,1.195e+09,,,2.448e+09,1.1678e+10,3.764e+09,1.168e+09
MU,2015-03-05,2015-04-10,2015-04-10,4166000000,1405000000,855000000,9.34e+08,1.19e+09,1,1.19e+09,,,2.377e+09,1.2426e+10,3.547e+09,1.199e+09
MU,2015-06-04,2015-07-10,2015-07-10,3853000000,1202000000,631000000,4.91e+08,1.17e+09,1,1.17e+09,,,2.381e+09,1.2458e+10,3.694e+09,1.148e+09
MU,2015-09-03,2015-10-27,2015-10-27,3600000000,970000000,427000000,4.71e+08,1.17e+09,1,1.17e+09,,,2.34e+09,1.2302e+10,2.287e+09,9.127e+09
MU,2015-12-03,2016-01-08,2016-01-08,3350000000,849000000,232000000,2.06e+08,1.085e+09,1,1.085e+09,,,2.435e+09,1.2301e+10,2.605e+09,1.051e+09
MU,2016-03-03,2016-04-08,2016-04-08,2934000000,579000000,-5000000,-9.7e+07,1.036e+09,1,1.036e+09,,,2.608e+09,1.2264e+10,3.078e+09,1.125e+09
MU,2016-06-02,2016-07-06,2016-07-06,2898000000,498000000,-27000000,-2.15e+08,1.036e+09,1,1.036e+09,,,2.92e+09,1.2187e+10,4.627e+09,7.12e+08
MU,2016-09-01,2016-10-28,2016-10-28,3217000000,579000000,-32000000,-1.7e+08,1.036e+09,1,1.036e+09,,,2.889e+09,1.208e+10,4.14e+09,1.1307e+10
MU,2016-12-01,2017-01-09,2017-01-09,3970000000,1011000000,359000000,1.8e+08,1.091e+09,1,1.091e+09,,,2.75e+09,1.232e+10,4.139e+09,1.155e+09
MU,2017-03-02,2017-03-28,2017-03-28,4648000000,1704000000,1044000000,8.94e+08,1.16e+09,1,1.16e+09,,,3e+09,1.4287e+10,3.633e+09,1.117e+09
MU,2017-06-01,2017-06-30,2017-06-30,5566000000,2609000000,1963000000,1.647e+09,1.177e+09,1,1.177e+09,,,3.064e+09,1.6171e+10,4.048e+09,1.161e+09
MU,2017-08-31,2017-10-26,2017-10-26,6138000000,3112000000,2502000000,2.368e+09,1.154e+09,1,1.154e+09,,,3.123e+09,1.8621e+10,5.109e+09,1.2901e+10
MU,2017-11-30,2017-12-20,2017-12-20,6803000000,3747000000,3097000000,2.678e+09,1.225e+09,1,1.225e+09,,,3.16e+09,2.2526e+10,6.008e+09,1.401e+09
MU,2018-03-01,2018-03-23,2018-03-23,7351000000,4270000000,3567000000,3.309e+09,1.238e+09,1,1.238e+09,,,3.184e+09,2.5697e+10,7.828e+09,1.514e+09
MU,2018-05-31,2018-06-22,2018-06-22,7797000000,4723000000,3953000000,3.823e+09,1.235e+09,1,1.235e+09,,,3.369e+09,2.8649e+10,6.808e+09,1.454e+09
MU,2018-08-30,2018-10-15,2018-10-15,8440000000,5151000000,4377000000,4.325e+09,1.229e+09,1,1.229e+09,,,3.595e+09,3.2294e+10,6.802e+09,5.757e+09
MU,2018-11-29,2018-12-19,2018-12-19,7913000000,4615000000,3759000000,3.293e+09,1.174e+09,1,1.174e+09,,,3.876e+09,3.3869e+10,4.447e+09,3.98e+08
MU,2019-02-28,2019-03-21,2019-03-21,5835000000,2864000000,1957000000,1.619e+09,1.141e+09,1,1.141e+09,,,4.39e+09,3.4567e+10,7.533e+09,2.634e+09
MU,2019-05-30,2019-06-26,2019-06-26,4788000000,1828000000,1010000000,8.4e+08,1.129e+09,1,1.129e+09,,,4.905e+09,3.5323e+10,6.689e+09,1.346e+09
MU,2019-08-29,2019-10-17,2019-10-17,4870000000,1395000000,650000000,5.61e+08,1.143e+09,1,1.143e+09,,,5.118e+09,3.5881e+10,7.955e+09,7.065e+09
MU,2019-11-28,2019-12-20,2019-12-20,5144000000,1366000000,518000000,4.91e+08,1.129e+09,1,1.129e+09,,,4.943e+09,3.65e+10,7.588e+09,4.62e+08
MU,2020-02-27,2020-03-26,2020-03-26,4797000000,1355000000,440000000,4.05e+08,1.133e+09,1,1.133e+09,,,5.208e+09,3.7023e+10,7.481e+09,2.37e+08
MU,2020-05-28,2020-06-29,2020-06-29,5438000000,1763000000,888000000,8.03e+08,1.129e+09,1,1.129e+09,,,5.405e+09,3.782e+10,8.658e+09,3.3e+08
MU,2020-09-03,2020-10-19,2020-10-19,6056000000,2068000000,1157000000,9.88e+08,1.131e+09,1,1.131e+09,,,5.607e+09,3.8996e+10,8.142e+09,6.427e+09
MU,2020-12-03,2021-01-08,2021-01-08,5773000000,1736000000,866000000,8.03e+08,1.135e+09,1,1.135e+09,,,5.521e+09,3.9907e+10,7.032e+09,2.73e+08
MU,2021-03-04,2021-04-01,2021-04-01,6236000000,1649000000,663000000,6.03e+08,1.144e+09,1,1.144e+09,,,4.743e+09,4.0663e+10,7.184e+09,3.23e+08
MU,2021-06-03,2021-07-01,2021-07-01,7422000000,3126000000,1799000000,1.735e+09,1.145e+09,1,1.145e+09,,,4.537e+09,4.2259e+10,8.349e+09,2.97e+08
MU,2021-09-02,2021-10-08,2021-10-08,8274000000,3912000000,2955000000,2.72e+09,1.141e+09,1,1.141e+09,,,4.487e+09,4.3933e+10,8.633e+09,6.123e+09
MU,2021-12-02,2022-01-06,2022-01-06,7687000000,3565000000,2631000000,2.306e+09,1.13e+09,1,1.13e+09,0.1,0.1,4.827e+09,4.5908e+10,9.58e+09,6.214e+09
MU,2022-03-03,2022-03-30,2022-03-30,7786000000,3676000000,2546000000,2.263e+09,1.13e+09,1,1.13e+09,0.1,0.1,5.383e+09,4.7845e+10,1.0122e+10,6.204e+09
MU,2022-06-02,2022-07-01,2022-07-01,8642000000,4035000000,3004000000,2.626e+09,1.121e+09,1,1.121e+09,0.1,0.1,5.629e+09,4.9281e+10,1.0227e+10,6.141e+09
MU,2022-09-01,2022-10-07,2022-10-07,6643000000,2622000000,1521000000,1.492e+09,1.122e+09,1,1.122e+09,0.014999999999999958,0.014999999999999958,6.663e+09,4.9907e+10,9.331e+09,6.123e+09
MU,2022-12-01,2022-12-22,2022-12-22,4085000000,893000000,-209000000,-1.95e+08,1.09e+09,1,1.09e+09,0.115,0.115,8.359e+09,4.9306e+10,1.0581e+10,9.522e+09
MU,2023-03-02,2023-03-29,2023-03-29,3693000000,-1206000000,-2303000000,-2.312e+09,1.091e+09,1,1.091e+09,0.115,0.115,8.129e+09,4.7257e+10,1.0818e+10,1.144e+10
MU,2023-06-01,2023-06-29,2023-06-29,3752000000,-668000000,-1761000000,-1.896e+09,1.094e+09,1,1.094e+09,0.115,0.115,8.238e+09,4.5405e+10,1.0352e+10,1.2333e+10
MU,2023-08-31,2023-10-06,2023-10-06,4010000000,-435000000,-1472000000,-1.43e+09,1.093e+09,1,1.093e+09,0.115,0.115,8.387e+09,4.412e+10,9.594e+09,1.2327e+10
MU,2023-11-30,2023-12-21,2023-12-21,4726000000,-35000000,-1128000000,-1.234e+09,1.1e+09,1,1.1e+09,0.115,0.115,8.276e+09,4.2885e+10,9.048e+09,1.2932e+10
MU,2024-02-29,2024-03-21,2024-03-21,5824000000,1079000000,191000000,7.93e+08,1.114e+09,1,1.114e+09,0.115,0.115,8.443e+09,4.387e+10,9.006e+09,1.2362e+10
MU,2024-05-30,2024-06-27,2024-06-27,6811000000,1832000000,719000000,3.32e+08,1.123e+09,1,1.123e+09,0.115,0.115,8.512e+09,4.4225e+10,8.379e+09,1.173e+10
MU,2024-08-29,2024-10-04,2024-10-04,7750000000,2737000000,1522000000,8.87e+08,1.118e+09,1,1.118e+09,0.115,0.115,8.875e+09,4.5131e+10,8.106e+09,1.1774e+10
MU,2024-11-28,2024-12-19,2024-12-19,8709000000,3348000000,2174000000,1.87e+09,1.122e+09,1,1.122e+09,0.115,0.115,8.705e+09,4.6797e+10,7.588e+09,1.1839e+10
MU,2025-02-27,2025-03-21,2025-03-21,8053000000,2963000000,1773000000,1.583e+09,1.123e+09,1,1.123e+09,0.115,0.115,9.007e+09,4.8633e+10,8.215e+09,1.2045e+10
MU,2025-05-29,2025-06-26,2025-06-26,9301000000,3508000000,2169000000,1.885e+09,1.125e+09,1,1.125e+09,0.115,0.115,8.727e+09,5.0748e+10,1.0811e+10,1.2972e+10
MU,2025-08-28,2025-10-03,2025-10-03,11315000000,5054000000,3654000000,3.201e+09,1.125e+09,1,1.125e+09,0.115,0.115,8.355e+09,5.4165e+10,1.0307e+10,1.2093e+10
MU,2025-11-27,2025-12-18,2025-12-18,13643000000,7646000000,6136000000,5.24e+09,1.138e+09,1,1.138e+09,0.115,0.115,8.205e+09,5.8806e+10,1.0318e+10,9.413e+09
MU,2026-02-26,2026-03-19,2026-03-19,23860000000,17755000000,16135000000,1.3785e+10,1.142e+09,1,1.142e+09,0.115,0.115,8.267e+09,7.2459e+10,1.4589e+10,5.85e+08
MU,2026-05-28,2026-06-25,2026-06-25,41456000000,35056000000,33318000000,2.8243e+10,1.145e+09,1,1.145e+09,0.15,0.15,8.567e+09,1.00724e+11,2.6022e+10,5.82e+08
WDC,2008-09-26,2009-10-29,2009-10-29,2109000000,424000000,234000000,2.11e+08,2.26e+08,1,2.26e+08,,,,,1.213e+09,0
WDC,2008-12-26,2010-01-29,2010-01-29,1823000000,290000000,16000000,1.4e+07,2.24e+08,1,2.24e+08,,,,,1.376e+09,0
WDC,2009-03-27,2010-04-30,2010-04-30,1592000000,253000000,61000000,5e+07,2.26e+08,1,2.26e+08,,,,,1.579e+09,0
WDC,2009-07-03,2010-08-13,2010-08-13,1929000000,370000000,208000000,1.95e+08,2.26e+08,1,2.26e+08,,,3.76e+08,3.192e+09,1.794e+09,4.82e+08
WDC,2009-10-02,2009-10-29,2009-10-29,2208000000,514000000,319000000,2.88e+08,2.3e+08,1,2.3e+08,,,3.95e+08,3.523e+09,2.056e+09,4.63e+08
WDC,2010-01-01,2010-01-29,2010-01-29,2619000000,687000000,473000000,4.29e+08,2.32e+08,1,2.32e+08,,,4.53e+08,3.991e+09,2.435e+09,4.44e+08
WDC,2010-04-02,2010-04-30,2010-04-30,2641000000,665000000,441000000,4e+08,2.34e+08,1,2.34e+08,,,5.07e+08,4.431e+09,2.826e+09,4.25e+08
WDC,2010-07-02,2011-08-12,2011-08-12,2382000000,535000000,293000000,2.65e+08,2.33e+08,1,2.33e+08,,,5.6e+08,4.709e+09,2.734e+09,4e+08
WDC,2010-10-01,2010-10-29,2010-10-29,2396000000,437000000,211000000,1.97e+08,2.34e+08,1,2.34e+08,,,5.61e+08,4.911e+09,2.858e+09,3.75e+08
WDC,2010-12-31,2011-01-28,2011-01-28,2475000000,475000000,240000000,2.25e+08,2.35e+08,1,2.35e+08,,,5.68e+08,5.159e+09,3.11e+09,3.5e+08
WDC,2011-04-01,2011-05-02,2011-05-02,2252000000,410000000,158000000,1.46e+08,2.36e+08,1,2.36e+08,,,5.74e+08,5.316e+09,3.23e+09,3.25e+08
WDC,2011-07-01,2011-08-12,2011-08-12,2403000000,469000000,172000000,1.58e+08,2.35e+08,1,2.35e+08,,,5.77e+08,5.488e+09,3.49e+09,4.38e+08
WDC,2011-09-30,2011-10-28,2011-10-28,2694000000,541000000,259000000,2.39e+08,2.37e+08,1,2.37e+08,,,6.45e+08,5.723e+09,3.675e+09,2.63e+08
WDC,2011-12-30,2012-01-27,2012-01-27,1995000000,648000000,162000000,1.45e+08,2.37e+08,1,2.37e+08,,,4.66e+08,5.923e+09,3.924e+09,2.31e+08
WDC,2012-03-30,2012-05-09,2012-05-09,3035000000,977000000,542000000,4.83e+08,2.46e+08,1,2.46e+08,,,1.282e+09,7.416e+09,3.377e+09,2.243e+09
WDC,2012-06-29,2012-08-20,2012-08-20,4754000000,1472000000,808000000,7.45e+08,2.45e+08,1,2.45e+08,,,1.21e+09,7.669e+09,3.208e+09,2.415e+09
WDC,2012-09-28,2013-10-29,2013-10-29,4035000000,1193000000,592000000,5.19e+08,2.52e+08,1,2.52e+08,,,1.304e+09,8.037e+09,3.537e+09,2.33e+09
WDC,2012-12-28,2013-02-01,2013-02-01,3824000000,1059000000,478000000,3.35e+08,2.46e+08,1,2.46e+08,,,1.204e+09,8.247e+09,3.816e+09,2.388e+09
WDC,2013-03-29,2013-05-03,2013-05-03,3764000000,1061000000,417000000,3.91e+08,2.45e+08,1,2.45e+08,,,1.197e+09,8.423e+09,4.06e+09,2.23e+09
WDC,2013-06-28,2013-08-19,2013-08-19,3728000000,1050000000,-221000000,-2.65e+08,2.46e+08,1,2.46e+08,,,1.188e+09,7.893e+09,4.309e+09,2.185e+09
WDC,2013-09-27,2013-10-29,2013-10-29,3804000000,1088000000,542000000,4.95e+08,2.42e+08,1,2.42e+08,,,1.244e+09,8.253e+09,4.869e+09,1.898e+09
WDC,2013-12-27,2014-01-31,2014-01-31,3972000000,1141000000,478000000,4.3e+08,2.43e+08,1,2.43e+08,,,1.293e+09,8.579e+09,4.655e+09,2.03e+09
WDC,2014-03-28,2014-05-05,2014-05-05,3703000000,1060000000,419000000,3.75e+08,2.42e+08,1,2.42e+08,,,1.277e+09,8.768e+09,4.569e+09,2.469e+09
WDC,2014-06-27,2014-08-15,2014-08-15,3651000000,1029000000,352000000,3.17e+08,2.42e+08,1,2.42e+08,,,1.226e+09,8.842e+09,4.804e+09,2.563e+09
WDC,2014-10-03,2014-11-04,2014-11-04,3943000000,1149000000,469000000,4.23e+08,2.4e+08,1,2.4e+08,,,1.272e+09,8.963e+09,5.159e+09,2.406e+09
WDC,2015-01-02,2015-02-10,2015-02-10,3888000000,1110000000,466000000,4.38e+08,2.38e+08,1,2.38e+08,,,1.282e+09,9.082e+09,4.902e+09,2.375e+09
WDC,2015-04-03,2015-05-12,2015-05-12,3550000000,1032000000,421000000,3.84e+08,2.36e+08,1,2.36e+08,,,1.322e+09,9.226e+09,4.812e+09,2.344e+09
WDC,2015-07-03,2015-08-21,2015-08-21,3191000000,930000000,255000000,2.2e+08,2.37e+08,1,2.37e+08,,,1.368e+09,9.219e+09,5.024e+09,2.468e+09
WDC,2015-10-02,2015-11-10,2015-11-10,3360000000,955000000,322000000,2.83e+08,2.34e+08,1,2.34e+08,0.5,0.5,1.26e+09,9.336e+09,5.081e+09,2.281e+09
WDC,2016-01-01,2016-02-10,2016-02-10,3317000000,906000000,251000000,2.51e+08,2.34e+08,1,2.34e+08,0.5,0.5,1.238e+09,9.557e+09,5.363e+09,2.25e+09
WDC,2016-04-01,2016-05-09,2016-05-09,2822000000,753000000,88000000,7.4e+07,2.34e+08,1,2.34e+08,0.5,0.5,1.227e+09,9.609e+09,5.887e+09,2.203e+09
WDC,2016-07-01,2016-08-29,2016-08-29,3495000000,821000000,-195000000,-3.66e+08,2.42e+08,1,2.42e+08,0.5,0.5,2.129e+09,1.1145e+10,8.378e+09,1.7333e+10
WDC,2016-09-30,2016-11-08,2016-11-08,4714000000,1335000000,232000000,-3.66e+08,2.85e+08,1,2.85e+08,0.5,0.5,2.109e+09,1.0775e+10,4.077e+09,1.3211e+10
WDC,2016-12-30,2017-02-07,2017-02-07,4888000000,1533000000,545000000,2.35e+08,2.94e+08,1,2.94e+08,0.5,0.5,2.085e+09,1.0732e+10,4.94e+09,1.3202e+10
WDC,2017-03-31,2017-05-08,2017-05-08,4649000000,1523000000,525000000,2.48e+08,2.99e+08,1,2.99e+08,0.5,0.5,2.254e+09,1.1031e+10,5.677e+09,1.3269e+10
WDC,2017-06-30,2017-08-29,2017-08-29,4842000000,1681000000,652000000,2.8e+08,2.96e+08,1,2.96e+08,0.5,0.5,2.341e+09,1.1418e+10,6.378e+09,1.3384e+10
WDC,2017-09-29,2017-11-07,2017-11-07,5181000000,1913000000,905000000,6.81e+08,3.06e+08,1,3.06e+08,0.5,0.5,2.302e+09,1.2059e+10,6.921e+09,1.3389e+10
WDC,2017-12-29,2018-02-06,2018-02-06,5336000000,2013000000,955000000,-8.23e+08,2.96e+08,1,2.96e+08,0.5,0.5,2.281e+09,1.1272e+10,6.295e+09,1.2325e+10
WDC,2018-03-30,2018-05-08,2018-05-08,5013000000,1927000000,914000000,6.1e+07,3.08e+08,1,3.08e+08,0.5,0.5,2.67e+09,1.13e+10,4.963e+09,1.1324e+10
WDC,2018-06-29,2018-08-24,2018-08-24,5117000000,1852000000,843000000,7.56e+08,3.07e+08,1,3.07e+08,0.5,0.5,2.944e+09,1.1531e+10,5.028e+09,1.1351e+10
WDC,2018-09-28,2018-11-06,2018-11-06,5028000000,1664000000,686000000,5.11e+08,2.98e+08,1,2.98e+08,0.5,0.5,3.119e+09,1.1375e+10,4.646e+09,1.1356e+10
WDC,2018-12-28,2019-02-05,2019-02-05,4233000000,1044000000,176000000,-4.87e+08,2.9e+08,1,2.9e+08,0.5,0.5,3.427e+09,1.0912e+10,4.036e+09,1.0858e+10
WDC,2019-03-29,2019-05-07,2019-05-07,3674000000,579000000,-394000000,-5.81e+08,2.92e+08,1,2.92e+08,0.5,0.5,3.44e+09,1.0214e+10,3.697e+09,1.0861e+10
WDC,2019-06-28,2019-08-27,2019-08-27,3634000000,465000000,-381000000,-1.97e+08,2.92e+08,1,2.92e+08,0.5,0.5,3.283e+09,9.967e+09,3.455e+09,1.0798e+10
WDC,2019-10-04,2019-11-12,2019-11-12,4040000000,758000000,-129000000,-2.76e+08,2.96e+08,1,2.96e+08,0.5,0.5,3.287e+09,9.566e+09,3.248e+09,1.0463e+10
WDC,2020-01-03,2020-02-11,2020-02-11,4234000000,935000000,50000000,-1.39e+08,2.98e+08,1,2.98e+08,0.5,0.5,3.122e+09,9.379e+09,3.137e+09,1.0119e+10
WDC,2020-04-03,2020-05-08,2020-05-08,4175000000,1005000000,153000000,1.7e+07,3.03e+08,1,3.03e+08,0.5,0.5,3.091e+09,9.243e+09,2.943e+09,9.915e+09
WDC,2020-07-03,2020-08-28,2020-08-28,4287000000,1083000000,261000000,1.48e+08,2.98e+08,1,2.98e+08,0.0,0.0,3.07e+09,9.551e+09,3.048e+09,9.861e+09
WDC,2020-10-02,2020-11-06,2020-11-06,3922000000,904000000,70000000,-6e+07,3.03e+08,1,3.03e+08,0.0,0.0,3.355e+09,9.576e+09,2.995e+09,9.658e+09
WDC,2021-01-01,2021-02-09,2021-02-09,3943000000,960000000,158000000,6.2e+07,3.07e+08,1,3.07e+08,0.0,0.0,3.576e+09,9.829e+09,2.956e+09,9.384e+09
WDC,2021-04-02,2021-05-06,2021-05-06,4137000000,1091000000,317000000,1.97e+08,3.13e+08,1,3.13e+08,0.0,0.0,3.683e+09,9.949e+09,2.734e+09,9.18e+09
WDC,2021-07-02,2021-08-27,2021-08-27,4920000000,1566000000,675000000,6.22e+08,3.09e+08,1,3.09e+08,0.0,0.0,3.616e+09,1.0721e+10,3.37e+09,8.976e+09
WDC,2021-10-01,2021-11-04,2021-11-04,5051000000,1665000000,778000000,6.1e+08,3.16e+08,1,3.16e+08,,,3.544e+09,1.1361e+10,3.29e+09,8.772e+09
WDC,2021-12-31,2022-02-03,2022-02-03,4833000000,1583000000,727000000,5.64e+08,3.15e+08,1,3.15e+08,,,3.647e+09,1.2018e+10,2.531e+09,7.559e+09
WDC,2022-04-01,2022-05-04,2022-05-04,4381000000,1181000000,324000000,2.5e+07,3.16e+08,1,3.16e+08,,,3.661e+09,1.1984e+10,2.505e+09,7.237e+09
WDC,2022-07-01,2022-08-25,2022-08-25,4528000000,1445000000,562000000,3.01e+08,3.16e+08,1,3.16e+08,,,3.638e+09,1.2221e+10,2.327e+09,7.022e+09
WDC,2022-09-30,2022-11-02,2022-11-02,3736000000,981000000,158000000,2.7e+07,3.19e+08,1,3.19e+08,,,3.862e+09,1.2107e+10,2.049e+09,7.071e+09
WDC,2022-12-30,2023-02-03,2023-02-03,3107000000,528000000,-321000000,-4.46e+08,3.18e+08,1,3.18e+08,,,3.773e+09,1.2115e+10,1.871e+09,7.109e+09
WDC,2023-03-31,2023-05-10,2023-05-10,2803000000,286000000,-472000000,-5.72e+08,3.19e+08,1,3.19e+08,,,3.979e+09,1.1611e+10,2.22e+09,8.248e+09
WDC,2023-06-30,2023-08-22,2023-08-22,2672000000,92000000,-650000000,-7.15e+08,3.18e+08,1,3.18e+08,,,3.698e+09,1.0847e+10,2.023e+09,8.283e+09
WDC,2023-09-29,2023-11-07,2023-11-07,2750000000,99000000,-596000000,-6.85e+08,3.23e+08,1,3.23e+08,,,3.497e+09,1.0113e+10,2.032e+09,9.522e+09
WDC,2023-12-29,2024-02-12,2024-02-12,3032000000,492000000,-210000000,-2.87e+08,3.25e+08,1,3.25e+08,,,3.216e+09,1.0068e+10,2.481e+09,9.435e+09
WDC,2024-03-29,2024-04-30,2024-04-30,3457000000,1001000000,273000000,1.35e+08,3.35e+08,1,3.35e+08,,,3.215e+09,1.0121e+10,1.894e+09,8.218e+09
WDC,2024-06-28,2025-08-14,2025-08-14,2004000000,697000000,216000000,3.9e+07,3.26e+08,1,3.26e+08,,,3.342e+09,1.0818e+10,1.879e+09,9.184e+09
WDC,2024-09-27,2024-10-31,2024-10-31,4095000000,1551000000,742000000,4.93e+08,3.57e+08,1,3.57e+08,,,3.384e+09,1.1643e+10,1.705e+09,9.15e+09
WDC,2024-12-27,2025-01-31,2025-01-31,4285000000,1516000000,852000000,5.94e+08,3.57e+08,1,3.57e+08,,,3.42e+09,1.2117e+10,2.291e+09,7.516e+09
STX,2009-10-02,2010-11-03,2010-11-03,2663000000,653000000,221000000,1.79e+08,5.12e+08,1,5.12e+08,,,,,1.53e+09,0
STX,2010-01-01,2011-02-03,2011-02-03,3027000000,923000000,578000000,5.33e+08,5.2e+08,1,5.2e+08,,,,,1.891e+09,0
STX,2010-04-02,2011-05-03,2011-05-03,3049000000,901000000,560000000,5.18e+08,5.2e+08,1,5.2e+08,,,,,2.062e+09,0
STX,2010-07-02,2011-08-17,2011-08-17,2656000000,727000000,381000000,3.79e+08,5.14e+08,1,5.14e+08,,,7.57e+08,2.724e+09,2.515e+09,2.502e+09
STX,2010-10-01,2010-11-03,2010-11-03,2697000000,550000000,231000000,1.49e+08,4.87e+08,1,4.87e+08,,,7.43e+08,2.923e+09,1.783e+09,2.174e+09
STX,2010-12-31,2011-02-03,2011-02-03,2719000000,529000000,206000000,1.5e+08,4.86e+08,1,4.86e+08,,,8.08e+08,2.776e+09,2.528e+09,2.925e+09
STX,2011-04-01,2011-05-03,2011-05-03,2695000000,516000000,179000000,9.3e+07,4.53e+08,1,4.53e+08,,,8.34e+08,2.487e+09,2.201e+09,2.912e+09
STX,2011-07-01,2011-08-17,2011-08-17,2860000000,551000000,190000000,1.19e+08,4.67e+08,1,4.67e+08,,,8.72e+08,2.463e+09,3.151e+09,3.512e+09
STX,2011-09-30,2011-10-27,2011-10-27,2811000000,549000000,236000000,1.4e+08,4.33e+08,1,4.33e+08,0.18,0.18,8.25e+08,2.425e+09,2.9e+09,4.055e+09
STX,2011-12-30,2012-02-01,2012-02-01,3195000000,1010000000,605000000,5.63e+08,4.39e+08,1,4.39e+08,0.18,0.18,8.27e+08,3.465e+09,2.232e+09,2.935e+09
STX,2012-03-30,2013-05-02,2013-05-02,4450000000,1641000000,1210000000,1.146e+09,4.63e+08,1,4.63e+08,0.25,0.25,8.41e+08,3.674e+09,2.046e+09,2.869e+09
STX,2012-06-29,2012-08-09,2012-08-09,4483000000,1484000000,1057000000,1.013e+09,4.41e+08,1,4.41e+08,0.25,0.25,9.09e+08,3.497e+09,2.118e+09,2.863e+09
STX,2012-09-28,2012-10-31,2012-10-31,3732000000,1061000000,624000000,5.82e+08,4.09e+08,1,4.09e+08,0.32,0.32,8.45e+08,3.483e+09,1.894e+09,2.879e+09
STX,2012-12-28,2013-01-29,2013-01-29,3668000000,992000000,555000000,4.92e+08,3.79e+08,1,3.79e+08,0.7,0.7,8e+08,2.911e+09,1.383e+09,2.826e+09
STX,2013-03-29,2013-05-02,2013-05-02,3526000000,948000000,465000000,4.16e+08,3.69e+08,1,3.69e+08,0.0,0.0,8.33e+08,3.299e+09,1.433e+09,2.478e+09
STX,2013-06-28,2013-08-08,2013-08-08,3425000000,939000000,447000000,3.48e+08,3.82e+08,1,3.82e+08,0.3799999999999999,0.3799999999999999,8.54e+08,3.495e+09,1.708e+09,0
STX,2013-09-27,2013-10-29,2013-10-29,3489000000,975000000,478000000,4.27e+08,3.68e+08,1,3.68e+08,0.38,0.38,8.71e+08,3.678e+09,1.924e+09,0
STX,2013-12-27,2014-01-28,2014-01-28,3528000000,987000000,444000000,4.28e+08,3.46e+08,1,3.46e+08,0.43,0.43,9.48e+08,2.495e+09,2.293e+09,0
STX,2014-03-28,2014-04-30,2014-04-30,3406000000,959000000,444000000,3.95e+08,3.38e+08,1,3.38e+08,0.43,0.43,8.46e+08,2.638e+09,2.259e+09,0
STX,2014-06-27,2014-08-08,2014-08-08,3301000000,925000000,410000000,3.2e+08,3.47e+08,1,3.47e+08,0.42999999999999994,0.42999999999999994,9.85e+08,2.832e+09,2.634e+09,0
STX,2014-10-03,2014-11-03,2014-11-03,3785000000,1051000000,456000000,3.81e+08,3.37e+08,1,3.37e+08,0.43,0.43,1.071e+09,2.946e+09,2.19e+09,0
STX,2015-01-02,2015-01-30,2015-01-30,3696000000,1027000000,1053000000,9.33e+08,3.36e+08,1,3.36e+08,0.54,0.54,1.129e+09,3.715e+09,3.296e+09,0
STX,2015-04-03,2015-04-30,2015-04-30,3330000000,955000000,343000000,2.91e+08,3.3e+08,1,3.3e+08,0.54,0.54,1.083e+09,3.191e+09,2.604e+09,0
STX,2015-07-03,2015-08-12,2015-08-12,2928000000,776000000,206000000,1.37e+08,3.31e+08,1,3.31e+08,0.5399999999999998,0.5399999999999998,9.93e+08,3.018e+09,2.479e+09,0
STX,2015-10-02,2015-10-30,2015-10-30,2925000000,689000000,86000000,3.4e+07,3.08e+08,1,3.08e+08,0.54,0.54,1.098e+09,1.922e+09,1.915e+09,0
STX,2016-01-01,2016-01-29,2016-01-29,2986000000,741000000,229000000,1.65e+08,3.01e+08,1,3.01e+08,0.63,0.63,1.046e+09,1.821e+09,1.258e+09,0
STX,2016-04-01,2016-04-29,2016-04-29,2595000000,524000000,27000000,-2.1e+07,2.98e+08,1,2.98e+08,0.63,0.63,9.28e+08,1.683e+09,1.193e+09,0
STX,2016-07-01,2016-08-05,2016-08-05,2654000000,661000000,103000000,7e+07,3.02e+08,1,3.02e+08,0.6300000000000003,0.6300000000000003,8.68e+08,1.593e+09,1.125e+09,0
STX,2016-09-30,2016-10-28,2016-10-28,2797000000,801000000,221000000,1.67e+08,3.01e+08,1,3.01e+08,0.63,0.63,9.14e+08,1.524e+09,1.489e+09,0
STX,2016-12-30,2017-01-26,2017-01-26,2894000000,891000000,370000000,2.97e+08,2.98e+08,1,2.98e+08,0.63,0.63,1.008e+09,1.523e+09,1.716e+09,0
STX,2017-03-31,2017-04-28,2017-04-28,2674000000,816000000,266000000,1.94e+08,3e+08,1,3e+08,0.63,0.63,1.038e+09,1.608e+09,3.026e+09,0
STX,2017-06-30,2017-08-04,2017-08-04,2406000000,666000000,197000000,1.14e+08,2.99e+08,1,2.99e+08,0.6299999999999999,0.6299999999999999,9.82e+08,1.364e+09,2.539e+09,5.021e+09
STX,2017-09-29,2017-10-27,2017-10-27,2632000000,736000000,255000000,1.81e+08,2.92e+08,1,2.92e+08,0.63,0.63,1.014e+09,1.242e+09,2.285e+09,5.002e+09
STX,2017-12-29,2018-01-29,2018-01-29,2914000000,877000000,433000000,1.59e+08,2.91e+08,1,2.91e+08,0.63,0.63,1.014e+09,1.061e+09,2.556e+09,4.316e+09
STX,2018-03-30,2018-05-01,2018-05-01,2803000000,847000000,441000000,3.81e+08,2.91e+08,1,2.91e+08,0.63,0.63,1.002e+09,1.364e+09,2.926e+09,4.319e+09
STX,2018-06-29,2018-08-03,2018-08-03,2835000000,904000000,505000000,4.61e+08,2.92e+08,1,2.92e+08,0.6299999999999999,0.6299999999999999,1.053e+09,1.665e+09,1.853e+09,4.32e+09
STX,2018-09-28,2018-11-02,2018-11-02,2991000000,913000000,503000000,4.5e+08,2.92e+08,1,2.92e+08,0.63,0.63,1.116e+09,1.846e+09,1.942e+09,4.322e+09
STX,2018-12-28,2019-02-04,2019-02-04,2715000000,794000000,416000000,3.84e+08,2.87e+08,1,2.87e+08,0.63,0.63,1.097e+09,1.934e+09,1.357e+09,4.324e+09
STX,2019-03-29,2019-04-30,2019-04-30,2313000000,601000000,236000000,1.95e+08,2.84e+08,1,2.84e+08,0.63,0.63,1.001e+09,1.689e+09,1.388e+09,4.522e+09
STX,2019-06-28,2019-08-02,2019-08-02,2371000000,624000000,332000000,9.83e+08,2.85e+08,1,2.85e+08,0.6299999999999999,0.6299999999999999,9.7e+08,2.162e+09,2.22e+09,4.253e+09
STX,2019-10-04,2019-11-01,2019-11-01,2578000000,671000000,273000000,2e+08,2.7e+08,1,2.7e+08,0.63,0.63,1.041e+09,1.77e+09,1.784e+09,4.14e+09
STX,2020-01-03,2020-02-05,2020-02-05,2696000000,758000000,384000000,3.18e+08,2.65e+08,1,2.65e+08,0.65,0.65,1.148e+09,1.83e+09,1.744e+09,4.141e+09
STX,2020-04-03,2020-04-30,2020-04-30,2718000000,746000000,376000000,3.2e+08,2.63e+08,1,2.63e+08,0.65,0.65,1.102e+09,1.792e+09,1.612e+09,4.103e+09
STX,2020-07-03,2020-08-07,2020-08-07,2517000000,667000000,267000000,1.66e+08,2.65e+08,1,2.65e+08,0.6499999999999999,0.6499999999999999,1.142e+09,1.787e+09,1.722e+09,4.175e+09
STX,2020-10-02,2020-10-29,2020-10-29,2314000000,596000000,251000000,2.23e+08,2.59e+08,1,2.59e+08,0.65,0.65,1.323e+09,1.821e+09,1.664e+09,4.163e+09
STX,2021-01-01,2021-01-28,2021-01-28,2623000000,696000000,348000000,2.8e+08,2.51e+08,1,2.51e+08,0.67,0.67,1.318e+09,9.9e+08,1.799e+09,5.145e+09
STX,2021-04-02,2021-04-29,2021-04-29,2731000000,740000000,386000000,3.29e+08,2.37e+08,1,2.37e+08,0.67,0.67,1.281e+09,4.84e+08,1.212e+09,5.142e+09
STX,2021-07-02,2021-08-06,2021-08-06,3013000000,885000000,507000000,4.82e+08,2.45e+08,1,2.45e+08,0.6699999999999999,0.6699999999999999,1.204e+09,6.31e+08,1.209e+09,5.139e+09
STX,2021-10-01,2021-10-28,2021-10-28,3115000000,956000000,586000000,5.26e+08,2.31e+08,1,2.31e+08,0.67,0.67,1.188e+09,6.01e+08,9.91e+08,5.136e+09
STX,2021-12-31,2022-01-27,2022-01-27,3116000000,948000000,580000000,5.01e+08,2.25e+08,1,2.25e+08,0.7,0.7,1.287e+09,5.26e+08,1.535e+09,5.861e+09
STX,2022-04-01,2022-04-28,2022-04-28,2802000000,806000000,429000000,3.46e+08,2.22e+08,1,2.22e+08,0.7,0.7,1.479e+09,4.21e+08,1.138e+09,5.644e+09
STX,2022-07-01,2022-08-05,2022-08-05,2628000000,759000000,360000000,2.76e+08,2.24e+08,1,2.24e+08,0.6999999999999997,0.6999999999999997,1.565e+09,1.09e+08,6.15e+08,5.646e+09
STX,2022-09-30,2022-10-27,2022-10-27,2035000000,482000000,107000000,2.9e+07,2.1e+08,1,2.1e+08,0.7,0.7,1.606e+09,-3.51e+08,7.61e+08,6.249e+09
STX,2022-12-30,2023-01-25,2023-01-25,1887000000,246000000,-160000000,-3.3e+07,2.06e+08,1,2.06e+08,0.7,0.7,1.194e+09,-4.7e+08,7.7e+08,1.6e+09
STX,2023-03-31,2023-04-26,2023-04-26,1860000000,319000000,-315000000,-4.33e+08,2.07e+08,1,2.07e+08,0.7,0.7,1.2e+09,-1.004e+09,7.66e+08,2.082e+09
STX,2023-06-30,2023-08-04,2023-08-04,1602000000,304000000,26000000,-9.2e+07,2.07e+08,1,2.07e+08,0.7000000000000002,0.7000000000000002,1.14e+09,-1.199e+09,7.86e+08,5.451e+09
STX,2023-09-29,2023-10-27,2023-10-27,1454000000,149000000,-129000000,-1.84e+08,2.08e+08,1,2.08e+08,0.7,0.7,1.052e+09,-1.702e+09,7.95e+08,5.666e+09
STX,2023-12-29,2024-01-26,2024-01-26,1555000000,362000000,124000000,-1.9e+07,2.09e+08,1,2.09e+08,1.4,1.4,1.053e+09,-1.814e+09,7.87e+08,5.669e+09
STX,2024-03-29,2024-04-26,2024-04-26,1655000000,425000000,143000000,2.5e+07,2.13e+08,1,2.13e+08,0.7,0.7,1.191e+09,-1.889e+09,7.95e+08,5.671e+09
STX,2024-06-28,2024-08-02,2024-08-02,1887000000,600000000,314000000,5.13e+08,2.12e+08,1,2.12e+08,2799997.2,2799997.2,1.239e+09,-1.491e+09,1.358e+09,5.674e+09
STX,2024-09-27,2024-10-25,2024-10-25,2168000000,714000000,403000000,3.05e+08,2.16e+08,1,2.16e+08,0.7,0.7,1.383e+09,-1.3e+09,1.239e+09,5.676e+09
STX,2024-12-27,2025-01-24,2025-01-24,2325000000,812000000,488000000,3.36e+08,2.17e+08,1,2.17e+08,0.72,0.72,1.473e+09,-1.079e+09,1.238e+09,5.679e+09
STX,2025-03-28,2025-05-02,2025-05-02,2160000000,760000000,431000000,3.4e+08,2.16e+08,1,2.16e+08,0.72,0.72,1.472e+09,-8.29e+08,8.14e+08,5.146e+09
STX,2025-06-27,2025-08-01,2025-08-01,2444000000,914000000,568000000,4.88e+08,2.17e+08,1,2.17e+08,0.7200000000000002,0.7200000000000002,1.44e+09,-4.53e+08,8.91e+08,4.995e+09
AVGO,2017-01-29,2018-12-21,2018-12-21,4139000000,2001000000,506000000,2.39e+08,4.19298e+08,10,4.19298e+09,1.02,0.10200000000000001,,,,0
AVGO,2017-04-30,2018-06-14,2018-06-14,4190000000,1976000000,474000000,4.4e+08,4.42e+08,10,4.42e+09,1.02,0.10200000000000001,,,4.254e+09,0
AVGO,2017-07-30,2018-09-13,2018-09-13,4463000000,2149000000,648000000,4.81e+08,4.45e+08,10,4.45e+09,1.02,0.10200000000000001,,,5.249e+09,0
AVGO,2017-10-29,2018-12-21,2018-12-21,4844000000,2383000000,755000000,5.32e+08,4.21e+08,10,4.21e+09,1.02,0.10200000000000001,1.447e+09,2.0285e+10,1.1204e+10,1.7665e+10
AVGO,2018-02-04,2018-12-21,2018-12-21,5327000000,2628000000,943000000,6.566e+09,4.26e+08,10,4.26e+09,1.75,0.175,,2.9081e+10,7.076e+09,0
AVGO,2018-05-06,2018-06-14,2018-06-14,5014000000,2551000000,1201000000,3.718e+09,4.48e+08,10,4.48e+09,1.75,0.175,1.235e+09,3.2067e+10,8.187e+09,1.7715e+10
AVGO,2018-08-05,2018-09-13,2018-09-13,5063000000,2619000000,1339000000,1.196e+09,4.41e+08,10,4.41e+09,1.75,0.175,1.216e+09,2.7452e+10,4.136e+09,1.7721e+10
AVGO,2018-11-04,2018-12-21,2018-12-21,5444000000,2935000000,1652000000,1.115e+09,4.31e+08,10,4.31e+09,1.75,0.175,1.124e+09,2.6657e+10,4.292e+09,1.7493e+10
AVGO,2019-02-03,2019-03-15,2019-03-15,5789000000,3208000000,555000000,4.71e+08,4.19e+08,10,4.19e+09,2.65,0.265,1.074e+09,2.3224e+10,5.093e+09,4.1178e+10
AVGO,2019-05-05,2019-06-14,2019-06-14,5517000000,3089000000,970000000,6.91e+08,4.22e+08,10,4.22e+09,2.65,0.265,1.034e+09,2.2172e+10,5.328e+09,4.1085e+10
AVGO,2019-08-04,2019-09-13,2019-09-13,5515000000,3034000000,865000000,7.15e+08,4.18e+08,10,4.18e+09,2.65,0.265,1.091e+09,2.1503e+10,5.462e+09,4.1102e+10
AVGO,2019-11-03,2019-12-20,2019-12-20,5776000000,3152000000,1054000000,8.18e+08,4.19e+08,10,4.19e+09,2.65,0.265,8.74e+08,2.4941e+10,5.055e+09,3.5585e+10
AVGO,2020-02-02,2020-03-13,2020-03-13,5858000000,3264000000,714000000,3.11e+08,4.2e+08,10,4.2e+09,3.25,0.325,9.44e+08,2.4368e+10,6.444e+09,4.6974e+10
AVGO,2020-05-03,2020-06-12,2020-06-12,5742000000,3189000000,766000000,4.88e+08,4.17e+08,10,4.17e+09,3.25,0.325,9.53e+08,2.3942e+10,9.207e+09,4.6627e+10
AVGO,2020-08-02,2020-09-11,2020-09-11,5821000000,3316000000,1008000000,6.14e+08,4.22e+08,10,4.22e+09,3.25,0.325,1.081e+09,2.3557e+10,8.857e+09,4.4778e+10
AVGO,2020-11-01,2020-12-18,2020-12-18,6467000000,3747000000,1526000000,1.25e+09,4.21e+08,10,4.21e+09,3.25,0.325,1.003e+09,2.3874e+10,7.618e+09,4.1062e+10
AVGO,2021-01-31,2021-03-12,2021-03-12,6655000000,3952000000,1837000000,1.304e+09,4.28e+08,10,4.28e+09,3.6,0.36,9.52e+08,2.3973e+10,9.552e+09,4.2732e+10
AVGO,2021-05-02,2021-06-11,2021-06-11,6610000000,4057000000,1975000000,1.417e+09,4.29e+08,10,4.29e+09,3.6,0.36,1.004e+09,2.3939e+10,9.518e+09,4.0376e+10
AVGO,2021-08-01,2021-09-09,2021-09-09,6778000000,4197000000,2126000000,1.802e+09,4.29e+08,10,4.29e+09,3.6,0.36,1.16e+09,2.434e+10,1.1105e+10,4.0678e+10
AVGO,2021-10-31,2021-12-17,2021-12-17,7407000000,4638000000,2581000000,1.914e+09,4.29e+08,10,4.29e+09,3.5999999999999996,0.36,1.297e+09,2.4962e+10,1.2163e+10,3.9955e+10
AVGO,2022-01-30,2022-03-10,2022-03-10,7706000000,5049000000,3108000000,2.398e+09,4.29e+08,10,4.29e+09,4.1,0.41,1.52e+09,2.2968e+10,1.0219e+10,3.9741e+10
AVGO,2022-05-01,2022-06-09,2022-06-09,8103000000,5439000000,3394000000,2.515e+09,4.24e+08,10,4.24e+09,4.1,0.41,1.668e+09,2.0963e+10,9.005e+09,4.1227e+10
AVGO,2022-07-31,2022-09-08,2022-09-08,8464000000,5681000000,3737000000,2.999e+09,4.3e+08,10,4.3e+09,4.1,0.41,1.838e+09,2.0876e+10,9.977e+09,4.1227e+10
AVGO,2022-10-30,2022-12-16,2022-12-16,8930000000,5926000000,3986000000,3.311e+09,4.23e+08,10,4.23e+09,4.1,0.41,1.925e+09,2.2709e+10,1.2416e+10,4.1621e+10
AVGO,2023-01-29,2023-03-08,2023-03-08,8915000000,6004000000,4103000000,3.774e+09,4.29e+08,10,4.29e+09,4.6,0.45999999999999996,1.899e+09,2.331e+10,1.2647e+10,4.2035e+10
AVGO,2023-04-30,2023-06-07,2023-06-07,8733000000,6115000000,4008000000,3.481e+09,4.27e+08,10,4.27e+09,4.6,0.45999999999999996,1.886e+09,2.2007e+10,1.1553e+10,4.2035e+10
AVGO,2023-07-30,2023-09-06,2023-09-06,8876000000,6164000000,3856000000,3.303e+09,4.27e+08,10,4.27e+09,4.6,0.45999999999999996,1.842e+09,2.2079e+10,1.2055e+10,4.2035e+10
AVGO,2023-10-29,2023-12-14,2023-12-14,9295000000,6407000000,4240000000,3.524e+09,4.27e+08,10,4.27e+09,4.6,0.45999999999999996,1.898e+09,2.3988e+10,1.4189e+10,4.2378e+10
AVGO,2024-02-04,2024-03-14,2024-03-14,11961000000,7375000000,2083000000,1.325e+09,4.67e+08,10,4.67e+09,5.25,0.525,1.92e+09,7.0284e+10,1.1864e+10,8.0895e+10
AVGO,2024-05-05,2024-06-13,2024-06-13,12487000000,7776000000,2965000000,2.121e+09,4.8e+08,10,4.8e+09,5.25,0.525,1.842e+09,6.9961e+10,9.809e+09,7.8895e+10
AVGO,2024-08-04,2024-09-11,2024-09-11,13072000000,8356000000,3788000000,-1.875e+09,4.663e+09,1,4.663e+09,0.525,0.525,1.894e+09,6.5651e+10,9.952e+09,7.5436e+10
AVGO,2024-11-03,2024-12-20,2024-12-20,14054000000,9002000000,4627000000,4.324e+09,4.778e+09,1,4.778e+09,-8.92,-8.92,1.76e+09,6.7678e+10,9.348e+09,7.1092e+10
AVGO,2025-02-02,2025-03-12,2025-03-12,14916000000,10145000000,6260000000,5.503e+09,4.836e+09,1,4.836e+09,0.59,0.59,1.908e+09,6.9789e+10,9.307e+09,6.6407e+10
AVGO,2025-05-04,2025-06-11,2025-06-11,15004000000,10197000000,5829000000,4.965e+09,4.826e+09,1,4.826e+09,0.59,0.59,2.017e+09,6.9586e+10,9.472e+09,6.7157e+10
AVGO,2025-08-03,2025-09-10,2025-09-10,15952000000,10703000000,5887000000,4.14e+09,4.86e+09,1,4.86e+09,0.59,0.59,2.18e+09,7.3277e+10,1.0718e+10,6.6657e+10
AVGO,2025-11-02,2025-12-18,2025-12-18,18015000000,12249000000,7508000000,8.518e+09,4.853e+09,1,4.853e+09,0.5899999999999999,0.5899999999999999,2.27e+09,8.1292e+10,1.6178e+10,7.0272e+10
AVGO,2026-02-01,2026-03-11,2026-03-11,19311000000,13157000000,8563000000,7.349e+09,4.888e+09,1,4.888e+09,0.65,0.65,2.962e+09,7.9872e+10,1.4174e+10,6.8309e+10
AVGO,2026-05-03,2026-06-09,2026-06-09,22187000000,15415000000,10788000000,9.31e+09,4.876e+09,1,4.876e+09,0.65,0.65,4.328e+09,8.7691e+10,1.9628e+10,6.7159e+10
QCOM,2008-06-29,2009-07-22,2009-07-22,2762000000,1873000000,824000000,7.48e+08,1.654e+09,1,1.654e+09,0.16,0.16,,,2.97e+09,0
QCOM,2008-12-28,2010-01-27,2010-01-27,2517000000,1762000000,745000000,3.41e+08,1.667e+09,1,1.667e+09,0.16,0.16,,,3.826e+09,0
QCOM,2009-03-29,2010-04-21,2010-04-21,2455000000,1717000000,-10000000,-2.89e+08,1.651e+09,1,1.651e+09,0.16,0.16,,,3.892e+09,0
QCOM,2009-06-28,2009-07-22,2009-07-22,2753000000,1889000000,894000000,7.37e+08,1.675e+09,1,1.675e+09,0.17,0.17,3.75e+08,1.8711e+10,9.88e+09,0
QCOM,2009-09-27,2010-11-03,2010-11-03,2690000000,1866000000,597000000,8.03e+08,1.673e+09,1,1.673e+09,0.17,0.17,4.53e+08,2.0316e+10,1.1069e+10,0
QCOM,2009-12-27,2010-01-27,2010-01-27,2670000000,1854000000,879000000,8.41e+08,1.691e+09,1,1.691e+09,0.17,0.17,3.5e+08,2.1353e+10,1.2164e+10,0
QCOM,2010-03-28,2010-04-21,2010-04-21,2663000000,1854000000,776000000,7.74e+08,1.678e+09,1,1.678e+09,0.17,0.17,4.02e+08,2.072e+10,1.1156e+10,0
QCOM,2010-06-27,2010-07-21,2010-07-21,2706000000,1801000000,792000000,7.67e+08,1.642e+09,1,1.642e+09,0.19,0.19,4.46e+08,1.9886e+10,9.968e+09,0
QCOM,2010-09-26,2010-11-03,2010-11-03,2952000000,1965000000,837000000,8.65e+08,1.658e+09,1,1.658e+09,0.19,0.19,5.28e+08,2.0858e+10,1.0279e+10,0
QCOM,2010-12-26,2011-01-26,2011-01-26,3348000000,2218000000,1110000000,1.17e+09,1.648e+09,1,1.648e+09,0.19,0.19,5.74e+08,2.2736e+10,1.0509e+10,0
QCOM,2011-03-27,2011-04-20,2011-04-20,3875000000,2512000000,1073000000,9.99e+08,1.689e+09,1,1.689e+09,0.19,0.19,6.06e+08,2.4967e+10,1.3025e+10,0
QCOM,2011-06-26,2011-07-20,2011-07-20,3623000000,2345000000,1113000000,1.035e+09,1.709e+09,1,1.709e+09,0.215,0.215,7.53e+08,2.6271e+10,1.0728e+10,0
QCOM,2011-09-25,2011-11-02,2011-11-02,4117000000,3011000000,1238000000,1.056e+09,1.691e+09,1,1.691e+09,0.215,0.215,7.65e+08,2.6951e+10,1.1652e+10,9.94e+08
QCOM,2011-12-25,2012-02-01,2012-02-01,4681000000,2927000000,1551000000,1.401e+09,1.721e+09,1,1.721e+09,0.215,0.215,7.14e+08,2.8481e+10,1.154e+10,0
QCOM,2012-03-25,2012-04-18,2012-04-18,4943000000,3160000000,1514000000,2.23e+09,1.743e+09,1,1.743e+09,0.215,0.215,7.81e+08,3.1882e+10,1.5079e+10,0
QCOM,2012-06-24,2012-07-18,2012-07-18,4626000000,2907000000,1382000000,1.207e+09,1.758e+09,1,1.758e+09,0.25,0.25,8.2e+08,3.2584e+10,1.3395e+10,9.68e+08
QCOM,2012-09-30,2012-11-07,2012-11-07,4871000000,3031000000,1235000000,1.271e+09,1.741e+09,1,1.741e+09,0.25,0.25,1.03e+09,3.3523e+10,1.2374e+10,0
QCOM,2012-12-30,2013-01-30,2013-01-30,6018000000,3781000000,2088000000,1.906e+09,1.751e+09,1,1.751e+09,0.25,0.25,1.277e+09,3.5334e+10,1.3275e+10,0
QCOM,2013-03-31,2013-04-24,2013-04-24,6124000000,3752000000,1877000000,1.866e+09,1.763e+09,1,1.763e+09,0.25,0.25,1.484e+09,3.7611e+10,1.3493e+10,0
QCOM,2013-06-30,2013-07-24,2013-07-24,6243000000,3746000000,1677000000,1.58e+09,1.765e+09,1,1.765e+09,0.35,0.35,1.727e+09,3.7578e+10,1.1461e+10,0
QCOM,2013-09-29,2013-11-06,2013-11-06,6480000000,3766000000,1588000000,1.501e+09,1.754e+09,1,1.754e+09,0.35,0.35,1.302e+09,3.6088e+10,1.4966e+10,0
QCOM,2013-12-29,2014-01-29,2014-01-29,6622000000,3916000000,1493000000,1.875e+09,1.722e+09,1,1.722e+09,0.35,0.35,1.064e+09,3.7027e+10,1.728e+10,0
QCOM,2014-03-30,2014-04-23,2014-04-23,6367000000,3885000000,1990000000,1.959e+09,1.719e+09,1,1.719e+09,0.35,0.35,1.147e+09,3.8254e+10,1.6628e+10,0
QCOM,2014-06-29,2014-07-23,2014-07-23,6806000000,4066000000,2075000000,2.238e+09,1.714e+09,1,1.714e+09,0.42,0.42,1.185e+09,3.8789e+10,1.8153e+10,0
QCOM,2014-09-28,2014-11-05,2014-11-05,6692000000,3934000000,1992000000,1.894e+09,1.714e+09,1,1.714e+09,0.42,0.42,1.458e+09,3.9169e+10,1.7565e+10,0
QCOM,2014-12-28,2015-01-28,2015-01-28,7099000000,4052000000,2064000000,1.972e+09,1.686e+09,1,1.686e+09,0.42,0.42,1.761e+09,3.8823e+10,1.7788e+10,0
QCOM,2015-03-29,2015-04-22,2015-04-22,6894000000,4266000000,1336000000,1.053e+09,1.667e+09,1,1.667e+09,0.42,0.42,1.861e+09,3.7839e+10,1.5555e+10,1.096e+09
QCOM,2015-06-28,2015-07-22,2015-07-22,5832000000,3381000000,1235000000,1.184e+09,1.629e+09,1,1.629e+09,0.48,0.48,1.583e+09,3.3202e+10,2.1331e+10,1.0913e+10
QCOM,2015-09-27,2015-11-04,2015-11-04,5456000000,3204000000,1140000000,1.061e+09,1.639e+09,1,1.639e+09,0.48,0.48,1.492e+09,3.1421e+10,1.7321e+10,1.0969e+10
QCOM,2015-12-27,2016-01-27,2016-01-27,5775000000,3241000000,1685000000,1.498e+09,1.517e+09,1,1.517e+09,0.48,0.48,1.216e+09,3.0241e+10,1.6528e+10,1.095e+10
QCOM,2016-03-27,2016-04-20,2016-04-20,5551000000,3410000000,1415000000,1.164e+09,1.498e+09,1,1.498e+09,0.48,0.48,1.427e+09,2.9645e+10,1.6402e+10,1.1942e+10
QCOM,2016-06-26,2016-07-20,2016-07-20,6044000000,3510000000,1592000000,1.444e+09,1.486e+09,1,1.486e+09,0.53,0.53,1.338e+09,3.0647e+10,1.711e+10,1.1773e+10
QCOM,2016-09-25,2016-11-02,2016-11-02,6184000000,3644000000,1804000000,1.599e+09,1.498e+09,1,1.498e+09,0.53,0.53,1.556e+09,3.1778e+10,1.8648e+10,1.1757e+10
QCOM,2016-12-25,2017-01-25,2017-01-25,5999000000,3556000000,778000000,6.82e+08,1.495e+09,1,1.495e+09,0.53,0.53,1.91e+09,3.1215e+10,1.0812e+10,1.1684e+10
QCOM,2017-03-26,2017-04-19,2017-04-19,5016000000,2808000000,729000000,7.49e+08,1.489e+09,1,1.489e+09,0.53,0.53,2.066e+09,3.1344e+10,9.982e+09,1.1937e+10
QCOM,2017-06-25,2017-07-19,2017-07-19,5371000000,2883000000,773000000,8.66e+08,1.491e+09,1,1.491e+09,0.57,0.57,2.002e+09,3.1294e+10,2.0863e+10,2.0899e+10
QCOM,2017-09-24,2017-11-01,2017-11-01,5905000000,3252000000,333000000,1.68e+08,1.49e+09,1,1.49e+09,0.57,0.57,2.035e+09,3.0746e+10,3.7308e+10,2.0894e+10
QCOM,2017-12-24,2018-01-31,2018-01-31,6068000000,3405000000,29000000,-5.953e+09,1.477e+09,1,1.477e+09,0.57,0.57,1.872e+09,2.3924e+10,3.5403e+10,2.0878e+10
QCOM,2018-03-25,2018-04-25,2018-04-25,5261000000,3022000000,441000000,3.63e+08,1.494e+09,1,1.494e+09,0.57,0.57,1.797e+09,2.3819e+10,3.9571e+10,2.086e+10
QCOM,2018-06-24,2018-07-25,2018-07-25,5599000000,3108000000,925000000,1.219e+09,1.487e+09,1,1.487e+09,0.62,0.62,1.785e+09,2.3068e+10,3.591e+10,1.9291e+10
QCOM,2018-09-30,2018-11-07,2018-11-07,5803000000,2952000000,-654000000,-4.93e+08,1.463e+09,1,1.463e+09,0.62,0.62,1.693e+09,9.28e+08,1.2088e+10,1.5365e+10
QCOM,2018-12-30,2019-01-30,2019-01-30,4842000000,2654000000,710000000,1.068e+09,1.223e+09,1,1.223e+09,0.62,0.62,1.698e+09,3.617e+09,1.0315e+10,1.5388e+10
QCOM,2019-03-31,2019-05-01,2019-05-01,4982000000,2803000000,940000000,6.63e+08,1.217e+09,1,1.217e+09,0.62,0.62,1.725e+09,3.866e+09,1.033e+10,1.5405e+10
QCOM,2019-06-30,2019-07-31,2019-07-31,9635000000,7521000000,5317000000,2.149e+09,1.231e+09,1,1.231e+09,0.62,0.62,1.774e+09,5.463e+09,1.4358e+10,1.743e+10
QCOM,2019-09-29,2019-11-06,2019-11-06,4814000000,2696000000,701000000,5.06e+08,1.22e+09,1,1.22e+09,0.6200000000000001,0.6200000000000001,1.4e+09,4.909e+09,1.226e+10,1.5434e+10
QCOM,2019-12-29,2020-02-05,2020-02-05,5077000000,2964000000,1030000000,9.25e+08,1.159e+09,1,1.159e+09,0.62,0.62,1.42e+09,4.513e+09,1.1423e+10,1.3936e+10
QCOM,2020-03-29,2020-04-29,2020-04-29,5216000000,2919000000,991000000,4.68e+08,1.151e+09,1,1.151e+09,0.62,0.62,1.7e+09,3.045e+09,9.946e+09,1.3948e+10
QCOM,2020-06-28,2020-07-29,2020-07-29,4893000000,2813000000,782000000,8.45e+08,1.139e+09,1,1.139e+09,0.65,0.65,2.343e+09,3.306e+09,1.06e+10,1.5425e+10
QCOM,2020-09-27,2020-11-04,2020-11-04,8346000000,5581000000,3452000000,2.96e+09,1.149e+09,1,1.149e+09,0.6499999999999999,0.6499999999999999,2.598e+09,6.077e+09,1.1214e+10,1.5226e+10
QCOM,2020-12-27,2021-02-03,2021-02-03,8235000000,4746000000,2526000000,2.455e+09,1.156e+09,1,1.156e+09,0.65,0.65,2.552e+09,7.38e+09,1.2298e+10,1.5731e+10
QCOM,2021-03-28,2021-04-28,2021-04-28,7935000000,4503000000,2166000000,1.762e+09,1.151e+09,1,1.151e+09,0.65,0.65,2.668e+09,7.424e+09,1.1526e+10,1.5735e+10
QCOM,2021-06-27,2021-07-28,2021-07-28,8060000000,4656000000,2195000000,2.027e+09,1.145e+09,1,1.145e+09,0.68,0.68,3.133e+09,8.177e+09,1.2907e+10,1.4195e+10
QCOM,2021-09-26,2021-11-03,2021-11-03,9336000000,5399000000,2902000000,2.799e+09,1.149e+09,1,1.149e+09,0.6800000000000002,0.6800000000000002,3.228e+09,9.95e+09,1.2414e+10,1.5245e+10
QCOM,2021-12-26,2022-02-02,2022-02-02,10705000000,6402000000,3864000000,3.399e+09,1.142e+09,1,1.142e+09,0.68,0.68,3.861e+09,1.1333e+10,1.131e+10,1.575e+10
QCOM,2022-03-27,2022-04-27,2022-04-27,11164000000,6516000000,3858000000,2.934e+09,1.14e+09,1,1.14e+09,0.68,0.68,4.555e+09,1.3328e+10,1.1546e+10,1.2695e+10
QCOM,2022-06-26,2022-07-27,2022-07-27,10936000000,6120000000,4472000000,3.73e+09,1.134e+09,1,1.134e+09,0.75,0.75,5.418e+09,1.6048e+10,6.848e+09,1.5045e+10
QCOM,2022-09-25,2022-11-02,2022-11-02,11395000000,6527000000,3666000000,2.873e+09,1.137e+09,1,1.137e+09,0.7499999999999996,0.7499999999999996,6.341e+09,1.8013e+10,6.382e+09,1.4983e+10
QCOM,2022-12-25,2023-02-02,2023-02-02,9463000000,5419000000,2465000000,2.235e+09,1.131e+09,1,1.131e+09,0.75,0.75,6.932e+09,1.881e+10,8.238e+09,1.6877e+10
QCOM,2023-03-26,2023-05-03,2023-05-03,9275000000,5122000000,2090000000,1.704e+09,1.123e+09,1,1.123e+09,0.75,0.75,6.858e+09,1.9698e+10,6.676e+09,1.5985e+10
QCOM,2023-06-25,2023-08-02,2023-08-02,8451000000,4659000000,1823000000,1.803e+09,1.124e+09,1,1.124e+09,0.8,0.8,6.628e+09,2.067e+10,8.631e+09,1.5444e+10
QCOM,2023-09-24,2023-11-01,2023-11-01,8631000000,4751000000,1410000000,1.49e+09,1.126e+09,1,1.126e+09,0.8000000000000003,0.8000000000000003,6.422e+09,2.1581e+10,1.1324e+10,1.5398e+10
QCOM,2023-12-24,2024-01-31,2024-01-31,9935000000,5623000000,2928000000,2.767e+09,1.127e+09,1,1.127e+09,0.8,0.8,6.247e+09,2.3058e+10,1.2054e+10,1.548e+10
QCOM,2024-03-24,2024-05-01,2024-05-01,9389000000,5283000000,2340000000,2.326e+09,1.13e+09,1,1.13e+09,0.8,0.8,6.087e+09,2.4469e+10,1.3851e+10,1.5457e+10
QCOM,2024-06-23,2024-07-31,2024-07-31,9393000000,5219000000,2221000000,2.129e+09,1.134e+09,1,1.134e+09,0.85,0.85,6.02e+09,2.467e+10,1.3032e+10,1.4554e+10
QCOM,2024-09-29,2024-11-06,2024-11-06,10245000000,5777000000,2582000000,2.92e+09,1.13e+09,1,1.13e+09,0.8499999999999996,0.8499999999999996,6.423e+09,2.6274e+10,1.33e+10,1.4634e+10
QCOM,2024-12-29,2025-02-05,2025-02-05,11669000000,6508000000,3555000000,3.18e+09,1.122e+09,1,1.122e+09,0.85,0.85,6.303e+09,2.688e+10,1.4305e+10,1.4577e+10
QCOM,2025-03-30,2025-04-30,2025-04-30,10979000000,6042000000,3120000000,2.812e+09,1.115e+09,1,1.115e+09,0.85,0.85,6.196e+09,2.7728e+10,1.3846e+10,1.4623e+10
QCOM,2025-06-29,2025-07-30,2025-07-30,10365000000,5759000000,2762000000,2.666e+09,1.099e+09,1,1.099e+09,0.89,0.89,6.338e+09,2.7209e+10,1.0011e+10,1.4788e+10
TXN,2008-06-30,2009-07-29,2009-07-29,3351000000,1749000000,833000000,5.88e+08,1.338e+09,1,1.338e+09,0.1,0.1,,,1.317e+09,0
TXN,2008-09-30,2009-10-30,2009-10-30,3387000000,1643000000,746000000,5.63e+08,1.315e+09,1,1.315e+09,0.1,0.1,,,1.715e+09,0
TXN,2009-03-31,2010-04-30,2010-04-30,2086000000,806000000,10000000,1.7e+07,1.277e+09,1,1.277e+09,0.11,0.11,,,1.436e+09,0
TXN,2009-06-30,2009-07-29,2009-07-29,2457000000,1124000000,343000000,2.6e+08,1.272e+09,1,1.272e+09,0.11,0.11,1.063e+09,9.213e+09,2.557e+09,0
TXN,2009-09-30,2009-10-30,2009-10-30,2880000000,1481000000,763000000,5.38e+08,1.268e+09,1,1.268e+09,0.11,0.11,1.116e+09,9.438e+09,2.827e+09,0
TXN,2009-12-31,2010-02-23,2010-02-23,3004000000,1588000000,875000000,6.55e+08,1.269e+09,1,1.269e+09,0.12,0.12,1.202e+09,9.722e+09,2.925e+09,0
TXN,2010-03-31,2010-04-30,2010-04-30,3205000000,1689000000,950000000,6.58e+08,1.246e+09,1,1.246e+09,0.12,0.12,1.276e+09,9.805e+09,2.791e+09,0
TXN,2010-06-30,2010-07-30,2010-07-30,3496000000,1894000000,1107000000,7.69e+08,1.221e+09,1,1.221e+09,0.12,0.12,1.349e+09,9.755e+09,2.305e+09,0
TXN,2010-09-30,2010-11-04,2010-11-04,3740000000,2039000000,1227000000,8.59e+08,1196,1,1196,0.12,0.12,1.424e+09,9.962e+09,2.51e+09,0
TXN,2010-12-31,2011-02-25,2011-02-25,3525000000,1870000000,1230000000,9.42e+08,1.213e+09,1,1.213e+09,0.13,0.13,1.52e+09,1.0437e+10,3.072e+09,0
TXN,2011-03-31,2011-05-05,2011-05-05,3392000000,1728000000,908000000,6.66e+08,1194,1,1194,0.13,0.13,1.678e+09,1.0574e+10,2.857e+09,0
TXN,2011-06-30,2011-08-05,2011-08-05,3458000000,1753000000,905000000,6.72e+08,1.18e+09,1,1.18e+09,0.13,0.13,1.762e+09,1.0903e+10,6.4e+09,3.498e+09
TXN,2011-09-30,2011-11-04,2011-11-04,3466000000,1744000000,814000000,6.01e+08,1.157e+09,1,1.157e+09,0.13,0.13,1.965e+09,1.1026e+10,2.618e+09,3.829e+09
TXN,2011-12-31,2012-02-24,2012-02-24,3419000000,1547000000,365000000,2.97e+08,1.171e+09,1,1.171e+09,0.17000000000000004,0.17000000000000004,1.788e+09,1.0952e+10,2.935e+09,4.593e+09
TXN,2012-03-31,2012-05-04,2012-05-04,3121000000,1531000000,397000000,2.65e+08,1.165e+09,1,1.165e+09,0.17,0.17,1.853e+09,1.1071e+10,2.765e+09,4.585e+09
TXN,2012-06-30,2012-08-03,2012-08-03,3335000000,1651000000,598000000,4.46e+08,1.154e+09,1,1.154e+09,0.17,0.17,1.885e+09,1.1158e+10,2.333e+09,4.203e+09
TXN,2012-09-30,2012-11-02,2012-11-02,3390000000,1740000000,840000000,7.84e+08,1.141e+09,1,1.141e+09,0.17,0.17,1.848e+09,1.1403e+10,3.661e+09,5.69e+09
TXN,2012-12-31,2013-02-22,2013-02-22,2979000000,1446000000,138000000,2.64e+08,1.146e+09,1,1.146e+09,0.20999999999999996,0.20999999999999996,1.757e+09,1.0961e+10,3.965e+09,5.686e+09
TXN,2013-03-31,2013-05-03,2013-05-03,2885000000,1374000000,395000000,3.62e+08,1.123e+09,1,1.123e+09,0.21,0.21,1.7e+09,1.0952e+10,3.862e+09,5.683e+09
TXN,2013-06-30,2013-08-02,2013-08-02,3047000000,1570000000,906000000,6.6e+08,1.117e+09,1,1.117e+09,0.28,0.28,1.72e+09,1.1068e+10,3.244e+09,5.165e+09
TXN,2013-09-30,2013-11-01,2013-11-01,3244000000,1779000000,844000000,6.29e+08,1.111e+09,1,1.111e+09,0.28,0.28,1.726e+09,1.1051e+10,3.593e+09,5.161e+09
TXN,2013-12-31,2015-02-24,2015-02-24,3028000000,1640000000,687000000,5.11e+08,1.113e+09,1,1.113e+09,0.30000000000000004,0.30000000000000004,1.731e+09,1.0807e+10,3.829e+09,5.158e+09
TXN,2014-03-31,2014-05-02,2014-05-02,2983000000,1607000000,690000000,4.87e+08,1.096e+09,1,1.096e+09,0.3,0.3,1.714e+09,1.062e+10,4.032e+09,5.652e+09
TXN,2014-06-30,2014-07-31,2014-07-31,3292000000,1881000000,982000000,6.83e+08,1.086e+09,1,1.086e+09,0.3,0.3,1.744e+09,1.0466e+10,2.804e+09,4.648e+09
TXN,2014-09-30,2014-10-31,2014-10-31,3501000000,2044000000,1175000000,8.26e+08,1.074e+09,1,1.074e+09,0.3,0.3,1.751e+09,1.0471e+10,3.186e+09,4.645e+09
TXN,2014-12-31,2015-02-24,2015-02-24,3269000000,1895000000,1100000000,8.25e+08,1.08e+09,1,1.08e+09,0.3400000000000001,0.3400000000000001,1.784e+09,1.039e+10,3.541e+09,4.642e+09
TXN,2015-03-31,2015-05-05,2015-05-05,3150000000,1816000000,958000000,6.56e+08,1.061e+09,1,1.061e+09,0.34,0.34,1.844e+09,1.0369e+10,3.304e+09,4.638e+09
TXN,2015-06-30,2015-08-04,2015-08-04,3232000000,1881000000,1010000000,6.96e+08,1.051e+09,1,1.051e+09,0.34,0.34,1.885e+09,1.0205e+10,3.306e+09,6.634e+09
TXN,2015-09-30,2015-11-05,2015-11-05,3429000000,1997000000,1164000000,7.98e+08,1.035e+09,1,1.035e+09,0.34,0.34,1.771e+09,9.97e+09,2.735e+09,5.132e+09
TXN,2015-12-31,2016-02-24,2016-02-24,3189000000,1866000000,1142000000,8.36e+08,1.043e+09,1,1.043e+09,0.3799999999999999,0.3799999999999999,1.691e+09,9.946e+09,3.218e+09,5.12e+09
TXN,2016-03-31,2016-05-04,2016-05-04,3008000000,1824000000,968000000,6.68e+08,1.018e+09,1,1.018e+09,0.38,0.38,1.805e+09,9.782e+09,2.8e+09,5.367e+09
TXN,2016-06-30,2016-08-04,2016-08-04,3273000000,2003000000,1117000000,7.79e+08,1.016e+09,1,1.016e+09,0.38,0.38,1.876e+09,9.962e+09,2.539e+09,4.249e+09
TXN,2016-09-30,2016-11-03,2016-11-03,3675000000,2280000000,1395000000,9.68e+08,1.017e+09,1,1.017e+09,0.38,0.38,1.808e+09,1.0286e+10,3.137e+09,4.245e+09
TXN,2016-12-31,2017-02-23,2017-02-23,3414000000,2133000000,1319000000,1.047e+09,1.021e+09,1,1.021e+09,0.4999999999999998,0.4999999999999998,1.79e+09,1.0473e+10,3.49e+09,4.24e+09
TXN,2017-03-31,2017-05-03,2017-05-03,3402000000,2144000000,1252000000,9.97e+08,1.019e+09,1,1.019e+09,0.5,0.5,1.843e+09,1.0639e+10,3.049e+09,3.736e+09
TXN,2017-06-30,2017-08-03,2017-08-03,3693000000,2374000000,1480000000,1.056e+09,1.015e+09,1,1.015e+09,0.5,0.5,1.947e+09,1.0708e+10,2.984e+09,4.082e+09
TXN,2017-09-30,2017-11-02,2017-11-02,4116000000,2656000000,1788000000,1.285e+09,1.008e+09,1,1.008e+09,0.5,0.5,1.908e+09,1.0988e+10,3.444e+09,4.082e+09
TXN,2017-12-31,2018-02-22,2018-02-22,3750000000,2440000000,1563000000,3.44e+08,1.012e+09,1,1.012e+09,0.6200000000000001,0.6200000000000001,1.957e+09,1.0337e+10,4.469e+09,4.577e+09
TXN,2018-03-31,2018-05-03,2018-05-03,3789000000,2447000000,1548000000,1.366e+09,1.005e+09,1,1.005e+09,0.62,0.62,2.032e+09,1.0642e+10,4.079e+09,4.578e+09
TXN,2018-06-30,2018-08-02,2018-08-02,4017000000,2619000000,1712000000,1.405e+09,9.97e+08,1,9.97e+08,0.62,0.62,2.09e+09,1.0634e+10,5.13e+09,5.066e+09
TXN,2018-09-30,2018-11-02,2018-11-02,4261000000,2804000000,1937000000,1.57e+09,9.89e+08,1,9.89e+08,0.62,0.62,2.116e+09,1.0516e+10,5.113e+09,5.816e+09
TXN,2018-12-31,2019-02-22,2019-02-22,3717000000,2407000000,1516000000,1.239e+09,9.9e+08,1,9.9e+08,0.77,0.77,2.217e+09,8.994e+09,4.233e+09,5.817e+09
TXN,2019-03-31,2019-04-30,2019-04-30,3594000000,2261000000,1379000000,1.217e+09,9.56e+08,1,9.56e+08,0.77,0.77,2.131e+09,8.519e+09,4.086e+09,6.557e+09
TXN,2019-06-30,2019-07-31,2019-07-31,3668000000,2360000000,1506000000,1.305e+09,9.53e+08,1,9.53e+08,0.77,0.77,2.079e+09,8.486e+09,4.218e+09,7.056e+09
TXN,2019-09-30,2019-10-31,2019-10-31,3771000000,2446000000,1589000000,1.425e+09,9.5e+08,1,9.5e+08,0.77,0.77,2.04e+09,8.985e+09,5.067e+09,6.3e+09
TXN,2019-12-31,2020-02-20,2020-02-20,3350000000,2097000000,1249000000,1.07e+09,9.52e+08,1,9.52e+08,0.8999999999999999,0.8999999999999999,2.001e+09,8.907e+09,5.387e+09,6.303e+09
TXN,2020-03-31,2020-04-22,2020-04-22,3329000000,2088000000,1244000000,1.174e+09,9.43e+08,1,9.43e+08,0.9,0.9,2.003e+09,7.734e+09,4.742e+09,7.601e+09
TXN,2020-06-30,2020-07-22,2020-07-22,3239000000,2082000000,1228000000,1.38e+09,9.27e+08,1,9.27e+08,0.9,0.9,2.136e+09,7.644e+09,4.96e+09,7.347e+09
TXN,2020-09-30,2020-10-21,2020-10-21,3817000000,2453000000,1609000000,1.353e+09,9.29e+08,1,9.29e+08,0.9,0.9,2.072e+09,8.325e+09,5.518e+09,7.347e+09
TXN,2020-12-31,2021-02-05,2021-02-05,4076000000,2646000000,1813000000,1.688e+09,9.33e+08,1,9.33e+08,1.02,1.02,1.955e+09,9.187e+09,6.568e+09,7.348e+09
TXN,2021-03-31,2021-04-28,2021-04-28,4289000000,2797000000,1939000000,1.753e+09,9.35e+08,1,9.35e+08,1.02,1.02,1.89e+09,1.0166e+10,6.686e+09,6.25e+09
TXN,2021-06-30,2021-07-22,2021-07-22,4580000000,3077000000,2213000000,1.931e+09,9.37e+08,1,9.37e+08,1.02,1.02,1.856e+09,1.1153e+10,7.39e+09,6.75e+09
TXN,2021-09-30,2021-10-27,2021-10-27,4643000000,3152000000,2305000000,1.947e+09,9.36e+08,1,9.36e+08,1.02,1.02,1.863e+09,1.2151e+10,9.782e+09,8.239e+09
TXN,2021-12-31,2022-02-04,2022-02-04,4832000000,3350000000,2503000000,2.138e+09,9.36e+08,1,9.36e+08,1.15,1.15,1.91e+09,1.3333e+10,9.739e+09,8.241e+09
TXN,2022-03-31,2022-04-27,2022-04-27,4905000000,3442000000,2563000000,2.201e+09,9.34e+08,1,9.34e+08,1.15,1.15,2.06e+09,1.4017e+10,9.825e+09,8.242e+09
TXN,2022-06-30,2022-07-27,2022-07-27,5212000000,3625000000,2723000000,2.291e+09,9.3e+08,1,9.3e+08,1.15,1.15,2.199e+09,1.4092e+10,8.387e+09,7.743e+09
TXN,2022-09-30,2022-10-26,2022-10-26,5241000000,3617000000,2678000000,2.295e+09,9.23e+08,1,9.23e+08,1.15,1.15,2.404e+09,1.4507e+10,9.09e+09,8.436e+09
TXN,2022-12-31,2023-02-03,2023-02-03,4670000000,3087000000,2176000000,1.962e+09,9.26e+08,1,9.26e+08,1.2400000000000007,1.2400000000000007,2.757e+09,1.4577e+10,9.067e+09,9.235e+09
TXN,2023-03-31,2023-04-26,2023-04-26,4379000000,2863000000,1934000000,1.708e+09,9.16e+08,1,9.16e+08,1.24,1.24,3.288e+09,1.5243e+10,9.545e+09,1.0626e+10
TXN,2023-06-30,2023-07-26,2023-07-26,4531000000,2910000000,1972000000,1.722e+09,9.16e+08,1,9.16e+08,1.24,1.24,3.729e+09,1.594e+10,9.552e+09,1.1518e+10
TXN,2023-09-30,2023-10-25,2023-10-25,4532000000,2815000000,1892000000,1.709e+09,9.16e+08,1,9.16e+08,1.24,1.24,3.908e+09,1.6631e+10,8.948e+09,1.1522e+10
TXN,2023-12-31,2024-02-02,2024-02-02,4077000000,2431000000,1533000000,1.371e+09,9.16e+08,1,9.16e+08,1.2999999999999998,1.2999999999999998,3.999e+09,1.6897e+10,8.575e+09,1.1822e+10
TXN,2024-03-31,2024-04-24,2024-04-24,3661000000,2095000000,1286000000,1.105e+09,9.17e+08,1,9.17e+08,1.3,1.3,4.083e+09,1.6983e+10,1.0393e+10,1.5538e+10
TXN,2024-06-30,2024-07-24,2024-07-24,3822000000,2211000000,1248000000,1.127e+09,9.19e+08,1,9.19e+08,1.3,1.3,4.106e+09,1.7214e+10,9.688e+09,1.494e+10
TXN,2024-09-30,2024-10-23,2024-10-23,4151000000,2474000000,1554000000,1.362e+09,9.2e+08,1,9.2e+08,1.3,1.3,4.296e+09,1.7268e+10,8.752e+09,1.4942e+10
TXN,2024-12-31,2025-02-14,2025-02-14,4007000000,2314000000,1377000000,1.205e+09,9.19e+08,1,9.19e+08,1.3599999999999994,1.3599999999999994,4.527e+09,1.6903e+10,7.58e+09,1.4346e+10
TXN,2025-03-31,2025-04-24,2025-04-24,4069000000,2313000000,1324000000,1.179e+09,9.16e+08,1,9.16e+08,1.36,1.36,4.687e+09,1.6406e+10,5.005e+09,1.2848e+10
TXN,2025-06-30,2025-07-29,2025-07-29,4448000000,2575000000,1563000000,1.295e+09,9.12e+08,1,9.12e+08,1.36,1.36,4.812e+09,1.6403e+10,5.359e+09,1.4043e+10
ADI,2008-08-02,2009-08-18,2009-08-18,658986000,401794000,161190000,1.38608e+08,2.95001e+08,1,2.95001e+08,0.2,0.2,,,4.18456e+08,0
ADI,2009-01-31,2010-02-17,2010-02-17,476569000,269002000,19591000,2.4949e+07,2.91248e+08,1,2.91248e+08,0.2,0.2,,,7.69713e+08,0
ADI,2009-05-02,2010-05-18,2010-05-18,474748000,261552000,57909000,5.1754e+07,2.92446e+08,1,2.92446e+08,0.2,0.2,,,6.76879e+08,0
ADI,2009-08-01,2009-08-18,2009-08-18,491991000,266229000,78945000,6.546e+07,2.93084e+08,1,2.93084e+08,0.2,0.2,2.76072e+08,2.45836e+09,6.32715e+08,0
ADI,2009-10-31,2010-11-22,2010-11-22,571600000,321854000,128372000,1.05609e+08,2.94016e+08,1,2.94016e+08,0.2,0.2,2.53161e+08,2.52915e+09,1.81597e+09,0
ADI,2010-01-30,2010-02-17,2010-02-17,602983000,368476000,149114000,1.20459e+08,3.04871e+08,1,3.04871e+08,0.2,0.2,2.43275e+08,2.76415e+09,9.14268e+08,0
ADI,2010-05-01,2010-05-18,2010-05-18,668240000,434515000,214075000,1.6714e+08,3.05836e+08,1,3.05836e+08,0.2,0.2,2.47662e+08,2.89025e+09,1.00837e+09,0
ADI,2010-07-31,2010-08-17,2010-08-17,720290000,480202000,251145000,1.99491e+08,3.06168e+08,1,3.06168e+08,0.22,0.22,2.65266e+08,3.03448e+09,9.93429e+08,0
ADI,2010-10-30,2010-11-22,2010-11-22,769990000,516229000,285740000,2.24994e+08,3.06711e+08,1,3.06711e+08,0.22,0.22,2.77478e+08,3.19972e+09,2.68777e+09,0
ADI,2011-01-29,2011-02-15,2011-02-15,728504000,482173000,259406000,2.22106e+08,3.08848e+08,1,3.08848e+08,0.22,0.22,2.8298e+08,3.36443e+09,2.96112e+09,0
ADI,2011-02-04,2012-11-27,2012-11-27,728504000,482173000,259406000,2.22106e+08,3.08848e+08,1,3.08848e+08,0.22,0.22,,,,0
ADI,2011-04-30,2011-05-17,2011-05-17,790780000,534214000,298486000,2.41826e+08,3.09619e+08,1,3.09619e+08,0.22,0.22,2.9378e+08,3.582e+09,3.43136e+09,0
ADI,2011-07-30,2011-08-16,2011-08-16,757902000,509640000,278841000,2.19935e+08,3.08744e+08,1,3.08744e+08,0.25,0.25,2.99332e+08,3.71572e+09,3.51454e+09,0
ADI,2011-10-29,2011-11-22,2011-11-22,716134000,460514000,235292000,1.83527e+08,3.05734e+08,1,3.05734e+08,0.25,0.25,2.95081e+08,3.79541e+09,3.59246e+09,0
ADI,2012-02-04,2012-02-22,2012-02-22,648058000,409390000,183372000,1.39382e+08,3.05531e+08,1,3.05531e+08,0.25,0.25,2.9716e+08,3.84244e+09,3.6674e+09,0
ADI,2012-05-05,2012-05-22,2012-05-22,675094000,440455000,212926000,1.62899e+08,3.05921e+08,1,3.05921e+08,0.3,0.3,3.03742e+08,3.92514e+09,3.75262e+09,0
ADI,2012-08-04,2012-08-21,2012-08-21,683026000,447874000,212471000,1.69768e+08,3.05359e+08,1,3.05359e+08,0.3,0.3,3.12079e+08,4.02861e+09,3.76504e+09,0
ADI,2012-11-03,2012-11-27,2012-11-27,694964000,443282000,215279000,1.79187e+08,3.07954e+08,1,3.07954e+08,0.3,0.3,3.13723e+08,4.16536e+09,3.90038e+09,0
ADI,2013-02-02,2013-02-19,2013-02-19,622134000,390284000,153489000,1.31222e+08,3.10275e+08,1,3.10275e+08,0.3,0.3,3.07263e+08,4.3238e+09,3.98698e+09,0
ADI,2013-05-04,2013-05-21,2013-05-21,659250000,422195000,191382000,1.64472e+08,3.13368e+08,1,3.13368e+08,0.34,0.34,2.98967e+08,4.46059e+09,4.17214e+09,0
ADI,2013-08-03,2013-08-20,2013-08-20,674172000,435062000,208342000,1.76239e+08,3.15307e+08,1,3.15307e+08,0.34,0.34,2.84342e+08,4.64324e+09,4.45029e+09,0
ADI,2013-11-02,2013-11-26,2013-11-26,678133000,444870000,199862000,2.01554e+08,3.17216e+08,1,3.17216e+08,0.34,0.34,2.83337e+08,4.73958e+09,4.68291e+09,0
ADI,2014-02-01,2014-02-18,2014-02-18,628238000,409118000,179609000,1.52586e+08,3.18017e+08,1,3.18017e+08,0.34,0.34,2.89935e+08,4.79564e+09,4.70111e+09,0
ADI,2014-05-03,2014-05-20,2014-05-20,694536000,458743000,220400000,1.87433e+08,3.18347e+08,1,3.18347e+08,0.37,0.37,2.98432e+08,4.93152e+09,4.80722e+09,0
ADI,2014-08-02,2014-08-26,2014-08-26,727752000,476290000,202546000,1.80606e+08,3.18876e+08,1,3.18876e+08,0.37,0.37,4.15098e+08,5.0072e+09,4.93226e+09,2e+09
ADI,2014-11-01,2014-12-10,2014-12-10,814247000,486037000,149929000,1.08695e+08,3.16868e+08,1,3.16868e+08,0.37,0.37,3.67927e+08,4.7579e+09,2.86647e+09,0
ADI,2015-01-31,2015-02-17,2015-02-17,771986000,503607000,207934000,1.78757e+08,3.15684e+08,1,3.15684e+08,0.37,0.37,3.67238e+08,4.80621e+09,2.87328e+09,0
ADI,2015-05-02,2015-05-19,2015-05-19,821019000,544822000,249008000,2.05338e+08,3.17047e+08,1,3.17047e+08,0.4,0.4,3.94494e+08,4.96421e+09,3.07478e+09,3.74664e+08
ADI,2015-08-01,2015-08-18,2015-08-18,863365000,569037000,265269000,2.16478e+08,3.18187e+08,1,3.18187e+08,0.4,0.4,4.24475e+08,5.06516e+09,3.09996e+09,3.74752e+08
ADI,2015-10-31,2015-11-24,2015-11-24,978722000,641796000,108630000,9.6305e+07,3.16571e+08,1,3.16571e+08,0.4,0.4,4.12314e+08,5.07296e+09,3.02893e+09,3.74594e+08
ADI,2016-01-30,2016-02-17,2016-02-17,769429000,477293000,195045000,1.64504e+08,3.14793e+08,1,3.14793e+08,0.4,0.4,4.04852e+08,4.99486e+09,3.78947e+09,0
ADI,2016-04-30,2016-05-18,2016-05-18,778766000,510903000,207379000,1.70573e+08,3.1225e+08,1,3.1225e+08,0.42,0.42,3.99459e+08,4.8737e+09,3.75408e+09,0
ADI,2016-07-30,2016-08-17,2016-08-17,869591000,572290000,268707000,2.3043e+08,3.10558e+08,1,3.10558e+08,0.42,0.42,3.92303e+08,4.98333e+09,3.80343e+09,0
ADI,2016-10-29,2016-11-22,2016-11-22,1003623000,666687000,356981000,2.96157e+08,3.11633e+08,1,3.11633e+08,0.42,0.42,3.76555e+08,5.16562e+09,4.05579e+09,0
ADI,2017-01-28,2017-02-15,2017-02-15,984449000,648504000,266268000,2.17129e+08,3.13076e+08,1,3.13076e+08,0.42,0.42,3.65586e+08,5.30643e+09,6.31707e+09,0
ADI,2017-04-29,2017-05-31,2017-05-31,1147982000,640443000,145835000,9.3564e+07,3.45654e+08,1,3.45654e+08,0.45,0.45,6.47858e+08,9.9666e+09,6.18837e+09,4.32117e+09
ADI,2017-07-29,2017-08-30,2017-08-30,1433902000,766624000,194821000,6.8916e+07,3.71159e+08,1,3.71159e+08,0.45,0.45,5.19695e+08,9.9229e+09,9.08569e+08,0
ADI,2017-10-28,2017-11-22,2017-11-22,1541170000,1006025000,448210000,3.4765e+08,3.72053e+08,1,3.72053e+08,0.45,0.45,5.50816e+08,1.01615e+10,1.04784e+09,3e+08
ADI,2018-02-03,2018-02-28,2018-02-28,1518624000,1035190000,405348000,2.68172e+08,3.74189e+08,1,3.74189e+08,0.45,0.45,5.5972e+08,1.03478e+10,8.2755e+08,5e+07
ADI,2018-05-05,2018-05-30,2018-05-30,1513053000,1033812000,463976000,3.79831e+08,3.74778e+08,1,3.74778e+08,0.48,0.48,5.5122e+08,1.05854e+10,8.06517e+08,5.6e+07
ADI,2018-08-04,2018-08-22,2018-08-22,1572679000,1070646000,499039000,4.14464e+08,3.75815e+08,1,3.75815e+08,0.48,0.48,5.63645e+08,1.08562e+10,7.72575e+08,2.25e+07
ADI,2018-11-03,2018-11-27,2018-11-27,1596586000,1093654000,513372000,4.32965e+08,3.75116e+08,1,3.75116e+08,0.48,0.48,5.8676e+08,1.09885e+10,8.16591e+08,6.7e+07
ADI,2019-02-02,2019-02-20,2019-02-20,1541101000,1039656000,455826000,3.55006e+08,3.72506e+08,1,3.72506e+08,0.48,0.48,5.93211e+08,1.15854e+10,6.05864e+08,0
ADI,2019-05-04,2019-05-22,2019-05-22,1526602000,1034092000,469695000,3.67937e+08,3.73342e+08,1,3.73342e+08,0.54,0.54,6.08085e+08,1.17423e+10,7.13601e+08,3.74165e+08
ADI,2019-08-03,2019-08-21,2019-08-21,1480143000,997811000,446726000,3.62374e+08,3.73077e+08,1,3.73077e+08,0.54,0.54,6.38305e+08,1.17902e+10,6.12164e+08,4.11434e+08
ADI,2019-11-02,2019-11-26,2019-11-26,1443219000,942191000,338361000,2.77694e+08,3.72584e+08,1,3.72584e+08,0.54,0.54,6.09886e+08,1.17092e+10,6.48322e+08,2.99667e+08
ADI,2020-02-01,2020-02-19,2020-02-19,1303565000,848142000,273428000,2.03874e+08,3.72264e+08,1,3.72264e+08,0.54,0.54,5.88503e+08,1.16895e+10,6.54408e+08,7.4846e+08
ADI,2020-05-02,2020-05-20,2020-05-20,1317060000,846674000,344020000,2.67696e+08,3.71305e+08,1,3.71305e+08,0.62,0.62,5.90268e+08,1.15909e+10,7.84937e+08,4.48945e+08
ADI,2020-08-01,2020-08-19,2020-08-19,1456136000,972578000,419124000,3.62665e+08,3.72003e+08,1,3.72003e+08,0.62,0.62,6.12646e+08,1.17776e+10,1.09026e+09,4.49324e+08
ADI,2020-10-31,2020-11-24,2020-11-24,1526295000,1023084000,461672000,3.86526e+08,3.71973e+08,1,3.71973e+08,0.6199999999999997,0.6199999999999997,6.0826e+08,1.19979e+10,1.05586e+09,0
ADI,2021-01-30,2021-02-17,2021-02-17,1558458000,1045371000,463860000,3.88519e+08,3.73106e+08,1,3.73106e+08,0.62,0.62,6.1864e+08,1.20877e+10,1.04806e+09,3.9922e+08
ADI,2021-05-01,2021-05-19,2021-05-19,1661407000,1136637000,519690000,4.22905e+08,3.72418e+08,1,3.72418e+08,0.69,0.69,6.41202e+08,1.21671e+10,1.30522e+09,1.32445e+09
ADI,2021-07-31,2021-08-18,2021-08-18,1758853000,1221184000,609646000,5.03311e+08,3.71849e+08,1,3.71849e+08,0.69,0.69,6.5752e+08,1.2264e+10,1.4807e+09,1.32468e+09
ADI,2021-10-30,2021-12-03,2021-12-03,2339568000,1121820000,99005000,7.5687e+07,4.01288e+08,1,4.01288e+08,0.69,0.69,1.20061e+09,3.79925e+10,1.97796e+09,7.29353e+09
ADI,2022-01-29,2022-02-16,2022-02-16,2684293000,1401997000,364757000,2.80077e+08,5.30142e+08,1,5.30142e+08,0.69,0.69,9.72571e+08,3.74273e+10,1.7904e+09,6.27686e+09
ADI,2022-04-30,2022-05-18,2022-05-18,2972064000,1944520000,918161000,7.83273e+08,5.26264e+08,1,5.26264e+08,0.76,0.76,1.0753e+09,3.70998e+10,1.73773e+09,6.27686e+09
ADI,2022-07-30,2022-08-17,2022-08-17,3109880000,2043142000,893306000,7.48985e+08,5.2055e+08,1,5.2055e+08,0.76,0.76,1.20339e+09,3.66386e+10,1.52496e+09,6.27686e+09
ADI,2022-10-29,2022-11-22,2022-11-22,3247716000,2142815000,1102476000,9.36226e+08,5.23178e+08,1,5.23178e+08,0.7600000000000002,0.7600000000000002,1.39991e+09,3.64653e+10,1.47057e+09,6.57686e+09
ADI,2023-01-28,2023-02-15,2023-02-15,3249630000,2124341000,1130820000,9.61474e+08,5.11184e+08,1,5.11184e+08,0.76,0.76,1.52294e+09,3.65315e+10,1.67046e+09,6.57686e+09
ADI,2023-04-29,2023-05-24,2023-05-24,3262930000,2144546000,1128384000,9.77656e+08,5.08725e+08,1,5.08725e+08,0.86,0.86,1.64814e+09,3.60132e+10,1.17761e+09,6.77071e+09
ADI,2023-07-29,2023-08-23,2023-08-23,3076495000,1961615000,929493000,8.77019e+08,5.03503e+08,1,5.03503e+08,0.86,0.86,1.70931e+09,3.59037e+10,1.14925e+09,7.06179e+09
ADI,2023-10-28,2023-11-21,2023-11-21,2716484000,1646716000,634415000,4.9843e+08,5.05959e+08,1,5.05959e+08,0.8599999999999999,0.8599999999999999,1.64221e+09,3.55651e+10,9.58061e+08,6.40151e+09
ADI,2024-02-03,2024-02-21,2024-02-21,2512704000,1473941000,585964000,4.62727e+08,4.98741e+08,1,4.98741e+08,0.86,0.86,1.55322e+09,3.55481e+10,1.30356e+09,6.446e+09
ADI,2024-05-04,2024-05-22,2024-05-22,2159039000,1180035000,386123000,3.02242e+08,4.98533e+08,1,4.98533e+08,0.92,0.92,1.47908e+09,3.52488e+10,2.36381e+09,7.51046e+09
ADI,2024-08-03,2024-08-21,2024-08-21,2312209000,1311239000,491319000,3.92232e+08,4.98794e+08,1,4.98794e+08,0.92,0.92,1.42794e+09,3.51901e+10,2.5457e+09,7.55497e+09
ADI,2024-11-02,2024-11-26,2024-11-26,2443205000,1416128000,569392000,4.78072e+08,4.98697e+08,1,4.98697e+08,0.9199999999999999,0.9199999999999999,1.44769e+09,3.51763e+10,2.36316e+09,7.03395e+09
ADI,2025-02-01,2025-02-19,2025-02-19,2423174000,1430303000,491313000,3.91316e+08,4.98668e+08,1,4.98668e+08,0.92,0.92,1.47466e+09,3.50705e+10,2.72145e+09,7.01841e+09
ADI,2025-05-03,2025-05-22,2025-05-22,2640068000,1611610000,677944000,5.6977e+08,4.98201e+08,1,4.98201e+08,0.99,0.99,1.5249e+09,3.50106e+10,2.37624e+09,6.64842e+09
ADI,2025-08-02,2025-08-20,2025-08-20,2880348000,1789748000,818028000,5.18518e+08,4.96726e+08,1,4.96726e+08,0.99,0.99,1.59685e+09,3.40858e+10,3.46929e+09,8.13994e+09
AMAT,2008-07-27,2009-09-01,2009-09-01,1848168000,742314000,228332000,1.64768e+08,1.36756e+09,1,1.36756e+09,,,,,1.14053e+09,0
AMAT,2009-01-25,2010-03-09,2010-03-09,1333396000,391576000,-196092000,-1.32934e+08,1.32922e+09,1,1.32922e+09,,,,,1.3662e+09,0
AMAT,2009-04-26,2010-06-09,2010-06-09,1020077000,155519000,-293283000,-2.5539e+08,1.33173e+09,1,1.33173e+09,,,,,1.46698e+09,0
AMAT,2009-07-26,2009-09-01,2009-09-01,1133740000,324874000,-77183000,-5.4865e+07,1.33328e+09,1,1.33328e+09,,,1.74851e+09,7.01361e+09,2.13866e+09,2.02403e+08
AMAT,2009-10-25,2010-12-10,2010-12-10,1526394000,558836000,172942000,1.37862e+08,1.33309e+09,1,1.33309e+09,,,1.62746e+09,7.09461e+09,2.21473e+09,2.01894e+08
AMAT,2010-01-31,2010-03-09,2010-03-09,1848902000,711184000,116343000,8.2751e+07,1.34957e+09,1,1.34957e+09,0.06,0.06,1.66427e+09,7.14814e+09,2.15418e+09,2.12947e+08
AMAT,2010-05-02,2010-06-09,2010-06-09,2295540000,926892000,385797000,2.64004e+08,1.35244e+09,1,1.35244e+09,0.07,0.07,1.69044e+09,7.32108e+09,2.33486e+09,2.0665e+08
AMAT,2010-08-01,2010-09-03,2010-09-03,2517790000,860128000,182651000,1.23096e+08,1.34881e+09,1,1.34881e+09,0.07,0.07,1.59005e+09,7.27814e+09,2.34814e+09,2.07848e+08
AMAT,2010-10-31,2010-12-10,2010-12-10,2886435000,1216798000,698917000,4.68015e+08,1.3488e+09,1,1.3488e+09,0.07,0.07,1.54738e+09,7.53611e+09,2.58458e+09,2.06787e+08
AMAT,2011-01-30,2011-02-28,2011-02-28,2686000000,1136000000,674000000,5.06e+08,1.335e+09,1,1.335e+09,0.07,0.07,1.647e+09,7.839e+09,2.746e+09,2.06e+08
AMAT,2011-05-01,2011-05-31,2011-05-31,2862000000,1189000000,677000000,4.89e+08,1.333e+09,1,1.333e+09,0.08,0.08,1.794e+09,8.182e+09,3.308e+09,2.06e+08
AMAT,2011-07-31,2011-08-26,2011-08-26,2787000000,1184000000,687000000,4.76e+08,1.33e+09,1,1.33e+09,,,1.849e+09,8.551e+09,5.757e+09,1.9e+09
AMAT,2011-10-30,2011-12-06,2011-12-06,2182000000,851000000,360000000,4.56e+08,1.33e+09,1,1.33e+09,,,1.701e+09,8.8e+09,6.243e+09,1.9e+09
AMAT,2012-01-29,2012-12-05,2012-12-05,2189000000,786000000,179000000,1.17e+08,1.31e+09,1,1.31e+09,,,1.772e+09,8.65e+09,1.997e+09,1.902e+09
AMAT,2012-04-29,2012-05-24,2012-05-24,2541000000,1011000000,409000000,2.89e+08,1.301e+09,1,1.301e+09,,,1.594e+09,8.703e+09,2.17e+09,1.901e+09
AMAT,2012-07-29,2012-08-23,2012-08-23,2343000000,930000000,322000000,2.18e+08,1.268e+09,1,1.268e+09,,,1.38e+09,8.339e+09,2.164e+09,1.9e+09
AMAT,2012-10-28,2012-12-05,2012-12-05,1646000000,586000000,-499000000,-5.15e+08,1.277e+09,1,1.277e+09,,,1.272e+09,7.235e+09,1.937e+09,1.9e+09
AMAT,2013-01-27,2013-02-21,2013-02-21,1573000000,582000000,39000000,3.4e+07,1.212e+09,1,1.212e+09,,,1.278e+09,7.141e+09,1.753e+09,1.9e+09
AMAT,2013-04-28,2013-05-23,2013-05-23,1973000000,808000000,-68000000,-1.29e+08,1.203e+09,1,1.203e+09,,,1.318e+09,6.898e+09,1.77e+09,1.9e+09
AMAT,2013-07-28,2013-08-22,2013-08-22,1975000000,806000000,250000000,1.68e+08,1.22e+09,1,1.22e+09,,,1.358e+09,6.954e+09,1.975e+09,1.946e+09
AMAT,2013-10-27,2013-12-04,2013-12-04,1988000000,795000000,211000000,1.83e+08,1.219e+09,1,1.219e+09,0.09,0.09,1.413e+09,7.088e+09,1.891e+09,1.946e+09
AMAT,2014-01-26,2014-02-20,2014-02-20,2190000000,891000000,330000000,2.53e+08,1.225e+09,1,1.225e+09,,,1.533e+09,7.241e+09,2.289e+09,1.946e+09
AMAT,2014-04-27,2014-05-22,2014-05-22,2353000000,1001000000,387000000,2.62e+08,1.229e+09,1,1.229e+09,,,1.564e+09,7.475e+09,2.599e+09,1.947e+09
AMAT,2014-07-27,2014-08-21,2014-08-21,2265000000,992000000,391000000,3.01e+08,1.233e+09,1,1.233e+09,,,1.547e+09,7.684e+09,2.871e+09,1.947e+09
AMAT,2014-10-26,2014-12-17,2014-12-17,2264000000,959000000,412000000,2.56e+08,1.231e+09,1,1.231e+09,,,1.567e+09,7.868e+09,3.162e+09,1.947e+09
AMAT,2015-01-25,2015-02-19,2015-02-19,2359000000,959000000,458000000,3.48e+08,1.24e+09,1,1.24e+09,,,1.641e+09,8.072e+09,3.087e+09,1.947e+09
AMAT,2015-04-26,2015-05-21,2015-05-21,2442000000,1016000000,416000000,3.64e+08,1.241e+09,1,1.241e+09,,,1.713e+09,8.351e+09,3.23e+09,1.947e+09
AMAT,2015-07-26,2015-08-20,2015-08-20,2490000000,1018000000,396000000,3.29e+08,1.231e+09,1,1.231e+09,,,1.739e+09,7.977e+09,2.743e+09,2.347e+09
AMAT,2015-10-25,2015-12-09,2015-12-09,2368000000,959000000,423000000,3.36e+08,1.226e+09,1,1.226e+09,,,1.833e+09,7.613e+09,4.965e+09,4.542e+09
AMAT,2016-01-31,2016-02-25,2016-02-25,2257000000,916000000,354000000,2.86e+08,1.154e+09,1,1.154e+09,0.1,0.1,1.835e+09,7.168e+09,3.116e+09,3.343e+09
AMAT,2016-05-01,2016-05-26,2016-05-26,2450000000,1004000000,425000000,3.2e+08,1.119e+09,1,1.119e+09,0.1,0.1,1.924e+09,6.565e+09,2.64e+09,3.343e+09
AMAT,2016-07-31,2016-08-25,2016-08-25,2821000000,1192000000,596000000,5.05e+08,1.093e+09,1,1.093e+09,0.1,0.1,2.026e+09,6.819e+09,3.266e+09,3.343e+09
AMAT,2016-10-30,2016-12-15,2016-12-15,3297000000,1399000000,777000000,6.1e+08,1.116e+09,1,1.116e+09,0.1,0.1,2.05e+09,7.217e+09,3.749e+09,3.343e+09
AMAT,2017-01-29,2017-02-23,2017-02-23,3278000000,1445000000,807000000,7.03e+08,1.089e+09,1,1.089e+09,0.1,0.1,2.281e+09,7.687e+09,4.147e+09,3.525e+09
AMAT,2017-04-30,2017-05-25,2017-05-25,3546000000,1600000000,940000000,8.24e+08,1.087e+09,1,1.087e+09,0.1,0.1,2.609e+09,8.212e+09,6.744e+09,5.702e+09
AMAT,2017-07-30,2017-08-24,2017-08-24,3744000000,1700000000,1023000000,9.25e+08,1.083e+09,1,1.083e+09,0.1,0.1,2.876e+09,8.716e+09,7.231e+09,5.303e+09
AMAT,2017-10-29,2017-12-15,2017-12-15,3969000000,1787000000,1098000000,9.82e+08,1.084e+09,1,1.084e+09,0.1,0.1,2.93e+09,9.349e+09,7.276e+09,5.304e+09
AMAT,2018-01-28,2018-02-22,2018-02-22,4204000000,1920000000,1196000000,1.35e+08,1.071e+09,1,1.071e+09,0.1,0.1,3.125e+09,8.506e+09,7.454e+09,5.305e+09
AMAT,2018-04-29,2018-05-24,2018-05-24,4567000000,2090000000,1327000000,1.129e+09,1.04e+09,1,1.04e+09,0.2,0.2,3.494e+09,7.042e+09,5.352e+09,5.306e+09
AMAT,2018-07-29,2018-08-23,2018-08-23,4468000000,2027000000,1257000000,1.173e+09,1.005e+09,1,1.005e+09,0.2,0.2,3.681e+09,6.825e+09,3.984e+09,5.308e+09
AMAT,2018-10-28,2018-12-13,2018-12-13,4014000000,1780000000,1016000000,8.76e+08,1.026e+09,1,1.026e+09,0.2,0.2,3.722e+09,6.839e+09,4.03e+09,5.309e+09
AMAT,2019-01-27,2019-02-21,2019-02-21,3753000000,1665000000,908000000,7.71e+08,9.65e+08,1,9.65e+08,0.2,0.2,3.703e+09,8.209e+09,3.712e+09,5.31e+09
AMAT,2019-04-28,2019-05-23,2019-05-23,3539000000,1530000000,776000000,6.66e+08,9.48e+08,1,9.48e+08,0.21,0.21,3.677e+09,8.201e+09,3.623e+09,5.311e+09
AMAT,2019-07-28,2019-08-22,2019-08-22,3562000000,1557000000,802000000,5.71e+08,9.37e+08,1,9.37e+08,0.21,0.21,3.539e+09,8.116e+09,3.561e+09,5.312e+09
AMAT,2019-10-27,2019-12-13,2019-12-13,3754000000,1634000000,864000000,6.98e+08,9.45e+08,1,9.45e+08,0.21,0.21,3.474e+09,8.214e+09,3.618e+09,5.913e+09
AMAT,2020-01-26,2020-02-20,2020-02-20,4162000000,1858000000,1042000000,8.92e+08,9.27e+08,1,9.27e+08,0.21,0.21,3.472e+09,8.66e+09,3.96e+09,5.914e+09
AMAT,2020-04-26,2020-05-21,2020-05-21,3957000000,1749000000,932000000,7.55e+08,9.23e+08,1,9.23e+08,0.22,0.22,3.725e+09,9.024e+09,5.704e+09,6.815e+09
AMAT,2020-07-26,2020-08-20,2020-08-20,4395000000,1955000000,1108000000,8.41e+08,9.22e+08,1,9.22e+08,0.22,0.22,3.952e+09,9.569e+09,4.756e+09,5.447e+09
AMAT,2020-10-25,2020-12-11,2020-12-11,4688000000,2130000000,1283000000,1.131e+09,9.23e+08,1,9.23e+08,0.22,0.22,3.904e+09,1.0578e+10,5.738e+09,5.448e+09
AMAT,2021-01-31,2021-02-25,2021-02-25,5162000000,2349000000,1283000000,1.13e+09,9.25e+08,1,9.25e+08,0.22,0.22,3.925e+09,1.1473e+10,6.623e+09,5.449e+09
AMAT,2021-05-02,2021-05-27,2021-05-27,5582000000,2653000000,1579000000,1.33e+09,9.27e+08,1,9.27e+08,0.24,0.24,4.053e+09,1.1993e+10,6.765e+09,5.45e+09
AMAT,2021-08-01,2021-08-26,2021-08-26,6196000000,2967000000,2013000000,1.716e+09,9.18e+08,1,9.18e+08,0.24,0.24,4.117e+09,1.206e+10,6.51e+09,5.451e+09
AMAT,2021-10-31,2021-12-17,2021-12-17,6123000000,2945000000,2014000000,1.712e+09,9.19e+08,1,9.19e+08,0.24,0.24,4.309e+09,1.2247e+10,5.459e+09,5.452e+09
AMAT,2022-01-30,2022-02-24,2022-02-24,6271000000,2959000000,1976000000,1.792e+09,8.97e+08,1,8.97e+08,0.24,0.24,4.526e+09,1.189e+10,5.737e+09,5.454e+09
AMAT,2022-05-01,2022-05-26,2022-05-26,6245000000,2927000000,1894000000,1.536e+09,8.83e+08,1,8.83e+08,0.26,0.26,5.009e+09,1.1579e+10,3.922e+09,5.455e+09
AMAT,2022-07-31,2022-08-25,2022-08-25,6520000000,3006000000,1924000000,1.606e+09,8.69e+08,1,8.69e+08,0.26,0.26,5.506e+09,1.207e+10,3.548e+09,5.456e+09
AMAT,2022-10-30,2022-12-16,2022-12-16,6749000000,3101000000,1994000000,1.591e+09,8.77e+08,1,8.77e+08,0.26,0.26,5.932e+09,1.2194e+10,2.581e+09,5.457e+09
AMAT,2023-01-29,2023-02-23,2023-02-23,6739000000,3145000000,1970000000,1.717e+09,8.49e+08,1,8.49e+08,0.26,0.26,6.054e+09,1.342e+10,4.047e+09,5.657e+09
AMAT,2023-04-30,2023-05-26,2023-05-26,6630000000,3094000000,1911000000,1.575e+09,8.47e+08,1,8.47e+08,0.32,0.32,5.94e+09,1.4129e+10,5.098e+09,5.658e+09
AMAT,2023-07-30,2023-08-24,2023-08-24,6425000000,2976000000,1802000000,1.56e+09,8.43e+08,1,8.43e+08,0.32,0.32,5.809e+09,1.5093e+10,6.535e+09,5.659e+09
AMAT,2023-10-29,2023-12-15,2023-12-15,6723000000,3169000000,1971000000,2.004e+09,8.45e+08,1,8.45e+08,0.32,0.32,5.725e+09,1.6349e+10,6.869e+09,5.561e+09
AMAT,2024-01-28,2024-02-27,2024-02-27,6707000000,3204000000,1967000000,2.019e+09,8.37e+08,1,8.37e+08,0.32,0.32,5.646e+09,1.7429e+10,7.492e+09,5.562e+09
AMAT,2024-04-28,2024-05-23,2024-05-23,6646000000,3153000000,1912000000,1.722e+09,8.36e+08,1,8.36e+08,0.4,0.4,5.691e+09,1.8199e+10,7.557e+09,5.562e+09
AMAT,2024-07-28,2024-08-22,2024-08-22,6778000000,3205000000,1942000000,1.705e+09,8.33e+08,1,8.33e+08,0.4,0.4,5.568e+09,1.884e+10,9.103e+09,6.257e+09
AMAT,2024-10-27,2024-12-13,2024-12-13,7045000000,3335000000,2046000000,1.731e+09,8.34e+08,1,8.34e+08,0.4,0.4,5.421e+09,1.9001e+10,9.471e+09,6.16e+09
AMAT,2025-01-26,2025-02-20,2025-02-20,7166000000,3496000000,2175000000,1.185e+09,8.19e+08,1,8.19e+08,0.4,0.4,5.501e+09,1.8625e+10,8.213e+09,6.161e+09
AMAT,2025-04-27,2025-05-22,2025-05-22,7100000000,3485000000,2169000000,2.137e+09,8.12e+08,1,8.12e+08,0.46,0.46,5.656e+09,1.8961e+10,6.747e+09,6.162e+09
AMAT,2025-07-27,2025-08-21,2025-08-21,7302000000,3562000000,2233000000,1.779e+09,8.02e+08,1,8.02e+08,0.46,0.46,5.807e+09,1.9504e+10,7.014e+09,6.163e+09
AMAT,2025-10-26,2025-12-12,2025-12-12,6800000000,3265000000,1712000000,1.897e+09,8.08e+08,1,8.08e+08,0.46,0.46,5.915e+09,2.0415e+10,8.573e+09,6.455e+09
AMAT,2026-01-25,2026-02-19,2026-02-19,7012000000,3435000000,1831000000,2.026e+09,7.99e+08,1,7.99e+08,0.46,0.46,5.997e+09,2.1717e+10,8.511e+09,6.553e+09
AMAT,2026-04-26,2026-05-21,2026-05-21,7910000000,3947000000,2523000000,2.806e+09,7.99e+08,1,7.99e+08,0.53,0.53,6.343e+09,2.3909e+10,8.241e+09,6.455e+09
LRCX,2009-09-27,2010-11-03,2010-11-03,318548000,134435000,29252000,1.6797e+07,1.2789e+08,10,1.2789e+09,,,,,3.61163e+08,0
LRCX,2009-12-27,2011-02-03,2011-02-03,487176000,221187000,91348000,6.9574e+07,1.28829e+08,10,1.28829e+09,,,,,4.30166e+08,0
LRCX,2010-03-28,2011-05-03,2011-05-03,632763000,292871000,149093000,1.20301e+08,1.28587e+08,10,1.28587e+09,,,,,4.61369e+08,0
LRCX,2010-06-27,2011-08-19,2011-08-19,695289000,321442000,155717000,1.39997e+08,1.28126e+08,10,1.28126e+09,,,3.18479e+08,1.76814e+09,8.26457e+08,7e+06
LRCX,2010-09-26,2010-11-03,2010-11-03,805874000,377326000,223994000,1.93724e+08,1.25202e+08,10,1.25202e+09,,,3.38335e+08,1.88663e+09,9.33273e+08,0
LRCX,2010-12-26,2011-02-03,2011-02-03,870714000,407433000,241104000,2.21856e+08,1.24786e+08,10,1.24786e+09,,,3.33874e+08,2.08478e+09,1.0321e+09,0
LRCX,2011-03-27,2011-05-03,2011-05-03,809087000,374019000,196996000,1.8224e+08,1.25293e+08,10,1.25293e+09,,,3.55734e+08,2.32316e+09,1.25559e+09,0
LRCX,2011-06-26,2011-08-19,2011-08-19,752018000,338454000,142191000,1.25928e+08,1.25019e+08,10,1.25019e+09,,,3.96607e+08,2.46984e+09,2.12225e+09,7.29511e+08
LRCX,2011-09-25,2011-11-03,2011-11-03,680436000,283883000,99399000,7.1838e+07,1.24049e+08,10,1.24049e+09,,,3.96301e+08,2.38988e+09,2.0524e+09,7.34812e+08
LRCX,2011-12-25,2012-02-03,2012-02-03,583981000,234826000,47546000,3.3212e+07,1.20873e+08,10,1.20873e+09,,,3.7313e+08,2.46274e+09,2.21978e+09,7.38342e+08
LRCX,2012-03-25,2012-05-03,2012-05-03,658961000,267147000,58118000,4.5604e+07,1.20956e+08,10,1.20956e+09,,,3.76126e+08,2.60914e+09,2.40396e+09,7.44383e+08
LRCX,2012-06-24,2012-08-22,2012-08-22,741814000,298213000,32670000,1.8069e+07,1.25233e+08,10,1.25233e+09,,,6.32853e+08,5.13178e+09,2.86268e+09,1.95884e+09
LRCX,2012-09-23,2012-11-01,2012-11-01,906888000,333886000,16712000,2.768e+06,1.81926e+08,10,1.81926e+09,,,5.6792e+08,5.01165e+09,2.72423e+09,1.2666e+09
LRCX,2012-12-23,2013-01-31,2013-01-31,860886000,315414000,4042000,6.408e+06,1.73027e+08,10,1.73027e+09,,,5.30272e+08,4.69659e+09,2.52069e+09,1.2745e+09
LRCX,2013-03-31,2013-05-09,2013-05-09,844928000,339832000,10819000,1.8996e+07,1.68504e+08,10,1.68504e+09,,,5.45036e+08,4.5422e+09,2.35693e+09,1.2824e+09
LRCX,2013-06-30,2013-08-27,2013-08-27,986214000,413927000,86498000,8.5707e+07,1.7343e+08,10,1.7343e+09,,,5.59317e+08,4.48887e+09,2.49722e+09,1.8034e+09
LRCX,2013-09-29,2013-11-07,2013-11-07,1015059000,431858000,105408000,8.5506e+07,1.71363e+08,10,1.71363e+09,,,6.1479e+08,4.52727e+09,2.45622e+09,1.8124e+09
LRCX,2013-12-29,2014-02-06,2014-02-06,1116061000,487789000,164474000,1.48992e+08,1.71757e+08,10,1.71757e+09,,,6.61572e+08,4.66609e+09,2.52229e+09,1.8215e+09
LRCX,2014-03-30,2014-05-08,2014-05-08,1227392000,530798000,191937000,1.64396e+08,1.71636e+08,10,1.71636e+09,,,7.17356e+08,4.80729e+09,2.75447e+09,1.8308e+09
LRCX,2014-06-29,2014-08-26,2014-08-26,1248797000,557036000,215850000,2.33395e+08,1.74503e+08,10,1.74503e+09,,,7.40503e+08,5.02974e+09,3.06564e+09,1.8401e+09
LRCX,2014-09-28,2014-11-03,2014-11-03,1152368000,505539000,168298000,1.41081e+08,1.77118e+08,10,1.77118e+09,0.18,0.018,8.15612e+08,4.89067e+09,2.88735e+09,0
LRCX,2014-12-28,2015-02-03,2015-02-03,1232241000,536657000,188741000,1.7694e+08,1.77046e+08,10,1.77046e+09,0.18,0.018,9.1339e+08,5.00044e+09,2.88368e+09,0
LRCX,2015-03-29,2015-04-30,2015-04-30,1393333000,600602000,239965000,2.06285e+08,1.77531e+08,10,1.77531e+09,0.18,0.018,9.19679e+08,5.09706e+09,3.94913e+09,0
LRCX,2015-06-28,2015-08-13,2015-08-13,1481370000,641538000,191035000,1.31271e+08,1.77067e+08,10,1.77067e+09,0.29999999999999993,0.029999999999999992,9.43346e+08,5.10314e+09,4.07649e+09,3.71021e+09
LRCX,2015-09-27,2015-11-03,2015-11-03,1600043000,722363000,335428000,2.88679e+08,1.74374e+08,10,1.74374e+09,0.3,0.03,9.16683e+08,5.35816e+09,1.74432e+09,0
LRCX,2015-12-27,2016-02-03,2016-02-03,1425534000,626510000,238834000,2.2298e+08,1.74242e+08,10,1.74242e+09,0.3,0.03,8.79821e+08,5.55229e+09,1.96787e+09,0
LRCX,2016-03-27,2016-04-25,2016-04-25,1314055000,571265000,190753000,1.43451e+08,1.74373e+08,10,1.74373e+09,0.3,0.03,9.34932e+08,5.69234e+09,2.23202e+09,0
LRCX,2016-06-26,2016-08-17,2016-08-17,1546261000,698784000,309241000,2.58939e+08,1.75159e+08,10,1.75159e+09,0.30000000000000004,0.030000000000000006,9.71911e+08,5.89452e+09,5.03932e+09,5.26797e+09
LRCX,2016-09-25,2016-10-25,2016-10-25,1632419000,716197000,315947000,2.63835e+08,1.80017e+08,10,1.80017e+09,0.3,0.03,9.31581e+08,6.18488e+09,5.8617e+09,5.26967e+09
LRCX,2016-12-25,2017-01-30,2017-01-30,1882299000,846797000,439828000,3.32791e+08,1.83543e+08,10,1.83543e+09,0.45,0.045,1.01889e+09,6.3957e+09,2.50396e+09,3.67065e+09
LRCX,2017-03-26,2017-04-24,2017-04-24,2153995000,971404000,538418000,5.74713e+08,1.85094e+08,10,1.85094e+09,0.45,0.045,1.1332e+09,6.74625e+09,2.12857e+09,3.58057e+09
LRCX,2017-06-25,2017-08-15,2017-08-15,2344907000,1068961000,607939000,5.26424e+08,1.8377e+08,10,1.8377e+09,0.44999999999999996,0.045,1.23292e+09,6.81745e+09,2.37753e+09,3.59448e+09
LRCX,2017-09-24,2017-10-23,2017-10-23,2478140000,1149343000,693222000,5.9069e+08,1.8388e+08,10,1.8388e+09,0.45,0.045,1.3283e+09,7.27118e+09,2.40646e+09,3.05529e+09
LRCX,2017-12-24,2018-01-30,2018-01-30,2580815000,1205567000,737371000,-9.955e+06,1.61135e+08,10,1.61135e+09,0.5,0.05,1.50744e+09,6.14313e+09,1.74517e+09,4.57301e+09
LRCX,2018-03-25,2018-04-24,2018-04-24,2892115000,1330714000,827511000,7.788e+08,1.79779e+08,10,1.79779e+09,0.5,0.05,1.69313e+09,6.80306e+09,4.699e+09,4.60706e+09
LRCX,2018-06-24,2018-08-14,2018-08-14,3125928000,1479408000,955195000,1.02115e+09,1.80782e+08,10,1.80782e+09,1.0999999999999999,0.10999999999999999,1.87616e+09,6.50185e+09,4.51226e+09,2.97728e+09
LRCX,2018-09-23,2018-10-23,2018-10-23,2330691000,1058198000,591751000,5.3336e+08,1.65327e+08,10,1.65327e+09,1.1,0.11000000000000001,1.87419e+09,5.32282e+09,2.56808e+09,2.85536e+09
LRCX,2018-12-23,2019-01-30,2019-01-30,2522673000,1145033000,690379000,5.68855e+08,1.6217e+08,10,1.6217e+09,1.1,0.11000000000000001,1.70331e+09,5.78436e+09,3.35979e+09,2.1364e+09
LRCX,2019-03-31,2019-04-30,2019-04-30,2439048000,1074337000,565517000,5.4739e+08,1.57849e+08,10,1.57849e+09,1.1,0.11000000000000001,1.62224e+09,5.2912e+09,4.93161e+09,5.67761e+09
LRCX,2019-06-30,2019-08-20,2019-08-20,2361147000,1080891000,617085000,5.41825e+08,1.59915e+08,10,1.59915e+09,1.1,0.11000000000000001,1.54014e+09,4.67386e+09,3.65822e+09,5.09232e+09
LRCX,2019-09-29,2019-10-29,2019-10-29,2165746000,981710000,537455000,4.65789e+08,1.50682e+08,10,1.50682e+09,1.15,0.11499999999999999,1.48338e+09,4.93639e+09,4.60718e+09,5.05866e+09
LRCX,2019-12-29,2020-02-04,2020-02-04,2583501000,1179644000,686511000,5.1451e+08,1.50097e+08,10,1.50097e+09,1.15,0.11499999999999999,1.52862e+09,4.37943e+09,3.03589e+09,5.03158e+09
LRCX,2020-03-29,2020-04-28,2020-04-28,2503625000,1167007000,694114000,5.74781e+08,1.48165e+08,10,1.48165e+09,1.15,0.11499999999999999,1.67474e+09,4.53761e+09,3.96159e+09,5.1107e+09
LRCX,2020-06-28,2020-08-18,2020-08-18,2791864000,1280332000,755722000,6.96673e+08,1.4909e+08,10,1.4909e+09,1.15,0.11499999999999999,1.90002e+09,5.17249e+09,4.91517e+09,6.63158e+09
LRCX,2020-09-27,2020-10-27,2020-10-27,3177080000,1506179000,961064000,8.23451e+08,1.47248e+08,10,1.47248e+09,1.3,0.13,2.13805e+09,5.41918e+09,4.12907e+09,6.60584e+09
LRCX,2020-12-27,2021-02-02,2021-02-02,3456237000,1603795000,1009724000,8.69229e+08,1.4591e+08,10,1.4591e+09,1.3,0.13,2.34896e+09,5.50303e+09,3.68716e+09,6.60151e+09
LRCX,2021-03-28,2021-04-28,2021-04-28,3847654000,1780131000,1195308000,1.07112e+09,1.44609e+08,10,1.44609e+09,1.3,0.13,2.55203e+09,5.37162e+09,3.67337e+09,6.58805e+09
LRCX,2021-06-27,2021-08-17,2021-08-17,4145179000,1915201000,1315927000,1.14466e+09,1.4532e+08,10,1.4532e+09,1.2999999999999998,0.12999999999999998,2.68929e+09,6.02719e+09,4.41826e+09,4.96094e+09
LRCX,2021-09-26,2021-10-26,2021-10-26,4304465000,1976754000,1372233000,1.17974e+09,1.42612e+08,10,1.42612e+09,1.5,0.15,2.87214e+09,5.82004e+09,4.04215e+09,4.96125e+09
LRCX,2021-12-26,2022-02-01,2022-02-01,4226604000,1977916000,1338139000,1.19483e+09,1.4153e+08,10,1.4153e+09,1.5,0.15,3.07418e+09,6.47578e+09,5.08654e+09,4.96164e+09
LRCX,2022-03-27,2022-04-26,2022-04-26,4060416000,1816625000,1192097000,1.02178e+09,1.40057e+08,10,1.40057e+09,1.5,0.15,3.47933e+09,6.02649e+09,4.19472e+09,4.96205e+09
LRCX,2022-06-26,2022-08-24,2022-08-24,4635554000,2100512000,1479353000,1.20893e+09,1.40628e+08,10,1.40628e+09,1.5,0.15,3.96629e+09,6.27837e+09,3.522e+09,4.96246e+09
LRCX,2022-09-25,2022-10-24,2022-10-24,5074121000,2336835000,1697840000,1.42588e+09,1.37208e+08,10,1.37208e+09,1.725,0.17250000000000001,4.36032e+09,7.41257e+09,4.2565e+09,0
LRCX,2022-12-25,2023-01-30,2023-01-30,5277569000,2376349000,1680162000,1.46851e+09,1.36339e+08,10,1.36339e+09,1.725,0.17250000000000001,4.81997e+09,8.30464e+09,4.48472e+09,0
LRCX,2023-03-26,2023-04-24,2023-04-24,3869569000,1605612000,942253000,8.14008e+08,1.35395e+08,10,1.35395e+09,1.725,0.17250000000000001,4.88194e+09,8.40739e+09,5.30565e+09,0
LRCX,2023-06-25,2023-08-15,2023-08-15,3207257000,1458129000,854605000,8.02537e+08,1.35834e+08,10,1.35834e+09,1.7249999999999996,0.17249999999999996,4.81619e+09,8.21017e+09,5.33706e+09,4.96579e+09
LRCX,2023-09-24,2023-10-23,2023-10-23,3482062000,1654702000,1023029000,8.87398e+08,1.33166e+08,10,1.33166e+09,2.0,0.2,4.74778e+09,8.04733e+09,5.12615e+09,0
LRCX,2023-12-24,2024-01-29,2024-01-29,3758259000,1757455000,1057212000,9.54266e+08,1.3222e+08,10,1.3222e+09,2.0,0.2,4.42991e+09,8.22248e+09,5.62329e+09,0
LRCX,2024-03-31,2024-04-29,2024-04-29,3793558000,1800536000,1057112000,9.65826e+08,1.31518e+08,10,1.31518e+09,2.0,0.2,4.32297e+09,8.0221e+09,5.67223e+09,0
LRCX,2024-06-30,2024-08-29,2024-08-29,3871507000,1840098000,1126560000,1.02028e+09,1.31995e+08,10,1.31995e+09,2.0,0.2,4.21792e+09,8.53945e+09,5.84786e+09,5.46868e+09
LRCX,2024-09-29,2024-10-28,2024-10-28,4167976000,2002683000,1264197000,1.11644e+09,1.30407e+09,1,1.30407e+09,0.23,0.23,4.20988e+09,8.47189e+09,6.06747e+09,0
LRCX,2024-12-29,2025-01-31,2025-01-31,4376047000,2072981000,1333884000,1.19102e+09,1.29147e+09,1,1.29147e+09,0.23,0.23,4.35815e+09,8.80803e+09,5.66538e+09,0
LRCX,2025-03-30,2025-04-25,2025-04-25,4720175000,2313686000,1561759000,1.33067e+09,1.2881e+09,1,1.2881e+09,0.23,0.23,4.46328e+09,9.5111e+09,5.45072e+09,0
LRCX,2025-06-29,2025-08-11,2025-08-11,5171393000,2589709000,1741128000,1.72009e+09,1.29014e+09,1,1.29014e+09,0.22999999999999998,0.22999999999999998,4.30799e+09,9.86162e+09,6.39066e+09,5.21903e+09
LRCX,2025-09-28,2025-10-24,2025-10-24,5324173000,2684879000,1829088000,1.56866e+09,1.26931e+09,1,1.26931e+09,0.26,0.26,4.09505e+09,1.01928e+10,6.69305e+09,0
LRCX,2025-12-28,2026-01-29,2026-01-29,5344791000,2651162000,1810203000,1.59399e+09,1.26174e+09,1,1.26174e+09,0.26,0.26,4.03768e+09,1.01454e+10,6.18044e+09,0
LRCX,2026-03-29,2026-04-23,2026-04-23,5841488000,2910527000,2047016000,1.82546e+09,1.25732e+09,1,1.25732e+09,0.26,0.26,3.99999e+09,1.05848e+10,4.75094e+09,0
KLAC,2009-09-30,2010-11-24,2010-11-24,342687000,170795000.0,14950000.0,2.0405e+07,1.72718e+08,1,1.72718e+08,0.15,0.15,,,5.40839e+08,0
KLAC,2009-12-31,2011-01-28,2011-01-28,440355000,233069000.0,47095000.0,2.1794e+07,1.73808e+08,1,1.73808e+08,0.15,0.15,,,5.31444e+08,0
KLAC,2010-03-31,2011-04-29,2011-04-29,478299000,269734000.0,91279000.0,5.7016e+07,1.73357e+08,1,1.73357e+08,0.15,0.15,,,5.43505e+08,0
KLAC,2010-06-30,2011-08-05,2011-08-05,559419000,331500000.0,160842000.0,1.13085e+08,1.73034e+08,1,1.73034e+08,0.15000000000000002,0.15000000000000002,4.0173e+08,2.24661e+09,1.53404e+09,0
KLAC,2010-09-30,2010-11-24,2010-11-24,682342000,418373000.0,235616000.0,1.54196e+08,1.69839e+08,1,1.69839e+08,0.25,0.25,4.64242e+08,2.34126e+09,1.51899e+09,0
KLAC,2010-12-31,2011-01-28,2011-01-28,766327000,454929000.0,268866000.0,1.85492e+08,1.69513e+08,1,1.69513e+08,0.25,0.25,5.04697e+08,2.46623e+09,1.6364e+09,0
KLAC,2011-03-31,2011-04-29,2011-04-29,834059000,506363000.0,311779000.0,2.09783e+08,1.71313e+08,1,1.71313e+08,0.25,0.25,5.56798e+08,2.67302e+09,1.83957e+09,0
KLAC,2011-06-30,2011-08-05,2011-08-05,892439000,536259000.0,344069000.0,2.45017e+08,1.70352e+08,1,1.70352e+08,0.25,0.25,5.7573e+08,2.86089e+09,2.03854e+09,0
KLAC,2011-09-30,2011-10-28,2011-10-28,796476000,456127000.0,254289000.0,1.91995e+08,1.69835e+08,1,1.69835e+08,0.35,0.35,6.12603e+08,2.9346e+09,2.10015e+09,0
KLAC,2011-12-31,2012-01-27,2012-01-27,642482000,369627000.0,159463000.0,1.10797e+08,1.69103e+08,1,1.69103e+08,0.35,0.35,6.39641e+08,2.96847e+09,2.17664e+09,0
KLAC,2012-03-31,2012-04-27,2012-04-27,840521000,485372000.0,284274000.0,2.05346e+08,1.70146e+08,1,1.70146e+08,0.35,0.35,6.50476e+08,3.15876e+09,2.36974e+09,0
KLAC,2012-06-30,2012-08-06,2012-08-06,892465000,530802000.0,318299000.0,2.47877e+08,1.70147e+08,1,1.70147e+08,0.3500000000000001,0.3500000000000001,6.50802e+08,3.3156e+09,2.53444e+09,0
KLAC,2012-09-30,2012-10-26,2012-10-26,720709000,403484000.0,186557000.0,1.35367e+08,1.69824e+08,1,1.69824e+08,0.4,0.4,6.89713e+08,3.35231e+09,2.63808e+09,0
KLAC,2012-12-31,2013-01-25,2013-01-25,673011000,369096000.0,153247000.0,1.0663e+08,1.69076e+08,1,1.69076e+08,0.4,0.4,6.62735e+08,3.36114e+09,2.57825e+09,0
KLAC,2013-03-31,2013-04-26,2013-04-26,729029000,419521000.0,202246000.0,1.66382e+08,1.6918e+08,1,1.6918e+08,0.4,0.4,6.49822e+08,3.44638e+09,2.8795e+09,0
KLAC,2013-06-30,2013-08-08,2013-08-08,720032000,413228000.0,187635000.0,1.3477e+08,1.6926e+08,1,1.6926e+08,0.3999999999999999,0.3999999999999999,6.34448e+08,3.48215e+09,2.91888e+09,0
KLAC,2013-09-30,2013-10-25,2013-10-25,658337000,380680000.0,149911000.0,1.11197e+08,1.68734e+08,1,1.68734e+08,0.45,0.45,6.60276e+08,3.49116e+09,2.95188e+09,0
KLAC,2013-12-31,2014-01-24,2014-01-24,705129000,419315000.0,187982000.0,1.39246e+08,1.68206e+08,1,1.68206e+08,0.45,0.45,6.6304e+08,3.55021e+09,2.95066e+09,0
KLAC,2014-03-31,2014-04-25,2014-04-25,831599000,488773000.0,261163000.0,2.03581e+08,1.67989e+08,1,1.67989e+08,0.45,0.45,6.80919e+08,3.63993e+09,3.02682e+09,0
KLAC,2014-06-30,2014-08-08,2014-08-08,734343000,407678000.0,173014000.0,1.28731e+08,1.68118e+08,1,1.68118e+08,0.44999999999999996,0.44999999999999996,6.56457e+08,3.66935e+09,3.15264e+09,7.47919e+08
KLAC,2014-09-30,2014-10-24,2014-10-24,642901000,354434000.0,109153000.0,7.2233e+07,1.6658e+08,1,1.6658e+08,0.5,0.5,6.76241e+08,3.52972e+09,2.94249e+09,0
KLAC,2014-12-31,2015-01-23,2015-01-23,676357000,393144000.0,154714000.0,2.0268e+07,1.65317e+08,1,1.65317e+08,17.0,17.0,6.62799e+08,6.02139e+08,2.36683e+09,3.28357e+09
KLAC,2015-03-31,2015-04-24,2015-04-24,738459000,418177000.0,194986000.0,1.31638e+08,1.62794e+08,1,1.62794e+08,0.5,0.5,6.32353e+08,4.93941e+08,2.33978e+09,3.2743e+09
KLAC,2015-06-30,2015-08-07,2015-08-07,756332000,433065000.0,,1.42019e+08,1.63701e+08,1,1.63701e+08,0.5,0.5,6.17904e+08,4.21439e+08,2.38711e+09,3.2074e+09
KLAC,2015-09-30,2015-10-22,2015-10-22,642644000,372400000.0,,1.04897e+08,1.57984e+08,1,1.57984e+08,0.52,0.52,6.50496e+08,2.94441e+08,2.26945e+09,3.15105e+09
KLAC,2015-12-31,2016-01-28,2016-01-28,710245000,429265000.0,,1.52207e+08,1.55996e+08,1,1.55996e+08,0.52,0.52,6.91786e+08,3.65625e+08,2.24142e+09,3.13168e+09
KLAC,2016-03-31,2016-04-26,2016-04-26,712433000,437834000.0,,1.75777e+08,1.56429e+08,1,1.56429e+08,0.52,0.52,7.21493e+08,4.76572e+08,2.24131e+09,3.09731e+09
KLAC,2016-06-30,2016-08-05,2016-08-05,919171000,581603000.0,,2.71541e+08,1.56779e+08,1,1.56779e+08,0.52,0.52,6.98635e+08,6.89114e+08,2.49129e+09,3.05794e+09
KLAC,2016-09-30,2016-10-20,2016-10-20,750673000,472837000.0,,1.78101e+08,1.57021e+08,1,1.57021e+08,0.52,0.52,7.03262e+08,7.81509e+08,2.49462e+09,3.01857e+09
KLAC,2016-12-31,2017-01-27,2017-01-27,876885000,558378000.0,,2.38251e+08,1.57123e+08,1,1.57123e+08,0.54,0.54,6.71172e+08,9.65096e+08,2.59298e+09,3.22916e+09
KLAC,2017-03-31,2017-04-28,2017-04-28,913809000,570535000.0,,2.53562e+08,1.57746e+08,1,1.57746e+08,0.54,0.54,6.96784e+08,1.14731e+09,2.70351e+09,3.2048e+09
KLAC,2017-06-30,2017-08-04,2017-08-04,938647000,590717000.0,,2.56162e+08,1.57481e+08,1,1.57481e+08,0.54,0.54,7.32988e+08,1.32642e+09,3.01674e+09,3.18044e+09
KLAC,2017-09-30,2017-10-27,2017-10-27,969581000,616132000.0,,2.80936e+08,1.57846e+08,1,1.57846e+08,0.59,0.59,7.62401e+08,1.46396e+09,3.05648e+09,3.02483e+09
KLAC,2017-12-31,2018-01-26,2018-01-26,975822000,628488000.0,,-1.34319e+08,1.56587e+08,1,1.56587e+08,0.59,0.59,7.87971e+08,1.22562e+09,2.75819e+09,2.48643e+09
KLAC,2018-03-31,2018-04-27,2018-04-27,1021294000,652606000.0,,3.06881e+08,1.57201e+08,1,1.57201e+08,0.59,0.59,8.58924e+08,1.37014e+09,2.88998e+09,2.46191e+09
KLAC,2018-06-30,2018-08-06,2018-08-06,1070004000,692106000.0,,3.48767e+08,1.57378e+08,1,1.57378e+08,0.75,0.75,9.31845e+08,1.62051e+09,2.88032e+09,2.2374e+09
KLAC,2018-09-30,2018-10-31,2018-10-31,1093260000,711873000.0,,3.95944e+08,1.56083e+08,1,1.56083e+08,0.75,0.75,9.93527e+08,1.56737e+09,2.78031e+09,2.23789e+09
KLAC,2018-12-31,2019-01-29,2019-01-29,1119898000,711638000.0,,3.691e+08,1.52648e+08,1,1.52648e+08,0.75,0.75,1.00599e+09,1.59762e+09,2.69409e+09,2.48837e+09
KLAC,2019-03-31,2019-05-08,2019-05-08,1097311000,610366000.0,,1.92728e+08,1.57182e+08,1,1.57182e+08,0.75,0.75,1.31726e+09,2.84909e+09,1.89727e+09,3.67264e+09
KLAC,2019-06-30,2019-08-16,2019-08-16,1258435000,665650000.0,,2.17845e+08,1.56949e+08,1,1.56949e+08,0.75,0.75,1.2625e+09,2.65911e+09,1.73938e+09,3.67338e+09
KLAC,2019-09-30,2019-10-31,2019-10-31,1413414000,809173000.0,,3.46525e+08,1.60131e+08,1,1.60131e+08,0.75,0.75,1.25424e+09,2.66116e+09,1.75152e+09,3.67413e+09
KLAC,2019-12-31,2020-02-05,2020-02-05,1509453000,875835000.0,,3.80555e+08,1.5862e+08,1,1.5862e+08,0.85,0.85,1.2514e+09,2.66976e+09,1.67752e+09,3.39988e+09
KLAC,2020-03-31,2020-05-06,2020-05-06,1423964000,833806000.0,,7.8452e+07,1.57172e+08,1,1.57172e+08,0.85,0.85,1.26413e+09,2.30743e+09,1.63453e+09,3.44394e+09
KLAC,2020-06-30,2020-08-10,2020-08-10,1459593000,838049000.0,,4.11253e+08,1.58005e+08,1,1.58005e+08,0.8499999999999996,0.8499999999999996,1.31098e+09,2.66542e+09,1.98047e+09,3.46967e+09
KLAC,2020-09-30,2020-10-30,2020-10-30,1538620000,918058000.0,,4.20567e+08,1.56442e+08,1,1.56442e+08,0.9,0.9,1.39422e+09,2.74718e+09,2.04345e+09,3.4204e+09
KLAC,2020-12-31,2021-02-04,2021-02-04,1650870000,981137000.0,,4.57251e+08,1.5556e+08,1,1.5556e+08,0.9,0.9,1.42062e+09,2.93518e+09,2.29653e+09,3.48146e+09
KLAC,2021-03-31,2021-04-30,2021-04-30,1803773000,1094144000.0,,5.67496e+08,1.55159e+08,1,1.55159e+08,0.9,0.9,1.45059e+09,3.11486e+09,2.44272e+09,3.4621e+09
KLAC,2021-06-30,2021-08-06,2021-08-06,1925471000,1153230000.0,,6.32978e+08,1.55437e+08,1,1.55437e+08,0.8999999999999999,0.8999999999999999,1.57538e+09,3.37755e+09,1.43461e+09,3.44277e+09
KLAC,2021-09-30,2021-10-28,2021-10-28,2083838000,1270214000.0,,1.06842e+09,1.5341e+08,1,1.5341e+08,1.05,1.05,1.71534e+09,3.86093e+09,1.50956e+09,3.44344e+09
KLAC,2021-12-31,2022-01-28,2022-01-28,2352630000,1444468000.0,,7.17444e+08,1.52331e+08,1,1.52331e+08,1.05,1.05,1.82941e+09,4.04853e+09,1.65706e+09,3.44411e+09
KLAC,2022-03-31,2022-04-29,2022-04-29,2288676000,1396585000.0,,7.30572e+08,1.51186e+08,1,1.51186e+08,1.05,1.05,1.9823e+09,4.08031e+09,1.41517e+09,3.6998e+09
KLAC,2022-06-30,2022-08-05,2022-08-05,2486739000,1508175000.0,,8.05374e+08,1.51555e+08,1,1.51555e+08,1.0499999999999998,1.0499999999999998,2.14689e+09,1.40135e+09,1.58491e+09,6.66072e+09
KLAC,2022-09-30,2022-10-28,2022-10-28,2724424000,1683198000.0,,1.02599e+09,1.42563e+08,1,1.42563e+08,1.3,1.3,2.40832e+09,2.10207e+09,1.81928e+09,6.31275e+09
KLAC,2022-12-31,2023-01-27,2023-01-27,2983887000,1775101000.0,,9.78795e+08,1.41966e+08,1,1.41966e+08,1.3,1.3,2.53538e+09,2.60326e+09,1.57148e+09,6.11374e+09
KLAC,2023-03-31,2023-04-28,2023-04-28,2432608000,1427262000.0,,6.97837e+08,1.38645e+08,1,1.38645e+08,1.3,1.3,2.74974e+09,2.68278e+09,1.56851e+09,5.88974e+09
KLAC,2023-06-30,2023-08-04,2023-08-04,2355137000,1392188000.0,,6.84654e+08,1.40235e+08,1,1.40235e+08,1.2999999999999998,1.2999999999999998,2.87678e+09,2.91975e+09,1.92786e+09,5.89074e+09
KLAC,2023-09-30,2023-10-27,2023-10-27,2396956000,1450065000.0,,7.41375e+08,1.37104e+08,1,1.37104e+08,1.3,1.3,3.0077e+09,2.99022e+09,1.71157e+09,5.89173e+09
KLAC,2023-12-31,2024-01-26,2024-01-26,2486726000,1509980000.0,,5.82534e+08,1.36254e+08,1,1.36254e+08,1.45,1.45,3.03863e+09,3.04371e+09,1.66505e+09,5.89273e+09
KLAC,2024-03-31,2024-04-26,2024-04-26,2359830000,1365945000.0,,6.01541e+08,1.35856e+08,1,1.35856e+08,1.45,1.45,3.00705e+09,3.09488e+09,1.84817e+09,6.62891e+09
KLAC,2024-06-30,2024-08-05,2024-08-05,2568735000,1558184000.0,,8.36446e+08,1.36187e+08,1,1.36187e+08,1.4500000000000002,1.4500000000000002,3.03478e+09,3.36833e+09,1.97713e+09,6.63014e+09
KLAC,2024-09-30,2024-10-31,2024-10-31,2841541000,1694110000.0,,9.45851e+08,1.34858e+08,1,1.34858e+08,1.45,1.45,3.10984e+09,3.55971e+09,1.9772e+09,6.63136e+09
KLAC,2024-12-31,2025-01-31,2025-01-31,3076851000,1855390000.0,,8.24527e+08,1.33926e+08,1,1.33926e+08,1.7,1.7,3.04634e+09,3.58455e+09,1.83828e+09,5.88239e+09
KLAC,2025-03-31,2025-05-01,2025-05-01,3063029000,1887340000.0,,1.08842e+09,1.33303e+08,1,1.33303e+08,1.7,1.7,3.15578e+09,4.00474e+09,1.85802e+09,5.88332e+09
KLAC,2025-06-30,2025-08-08,2025-08-08,3174741000,1967455000.0,,1.20285e+09,1.3375e+08,1,1.3375e+08,1.9000000000000004,1.9000000000000004,3.21215e+09,4.69245e+09,2.07891e+09,5.88426e+09
TER,2009-07-05,2010-08-12,2010-08-12,169580000,47129000.0,-62063000.0,-6.6768e+07,1.73022e+08,1,1.73022e+08,,,,,3.34081e+08,0
TER,2009-10-04,2010-11-10,2010-11-10,262162000,106755000.0,8772000.0,6.675e+06,1.80792e+08,1,1.80792e+08,,,,,4.06741e+08,0
TER,2010-04-04,2011-05-13,2011-05-13,319338000,169877000.0,58994000.0,5.01e+07,2.26277e+08,1,2.26277e+08,,,,,3.42012e+08,0
TER,2010-07-04,2010-08-12,2010-08-12,454776000,254303000.0,136554000.0,1.22149e+08,2.31541e+08,1,2.31541e+08,,,8.382e+07,9.08756e+08,5.65774e+08,1.47788e+08
TER,2010-10-03,2010-11-10,2010-11-10,502086000,275775000.0,158112000.0,1.4734e+08,2.29389e+08,1,2.29389e+08,,,1.02848e+08,1.06734e+09,6.97796e+08,1.49684e+08
TER,2010-12-31,2011-03-01,2011-03-01,332450000,172794000.0,59808000.0,6.0141e+07,2.26807e+08,1,2.26807e+08,,,1.17642e+08,1.12219e+09,8.06798e+08,1.52632e+08
TER,2011-03-31,2013-03-01,2013-03-01,377161000,192892000.0,80471000.0,9.6844e+07,2.30581e+08,1,2.30581e+08,,,,,,0
TER,2011-04-03,2011-05-13,2011-05-13,377161000,192409000.0,78499000.0,9.4872e+07,2.3208e+08,1,2.3208e+08,,,1.29692e+08,1.22743e+09,8.55842e+08,1.54165e+08
TER,2011-06-30,2013-03-01,2013-03-01,410519000,214590000.0,99836000.0,8.7252e+07,2.29611e+08,1,2.29611e+08,,,,,,0
TER,2011-07-03,2011-08-12,2011-08-12,410519000,215086000.0,101642000.0,8.9058e+07,2.30452e+08,1,2.30452e+08,,,1.41518e+08,1.33394e+09,9.0934e+08,1.57296e+08
TER,2011-09-30,2013-03-01,2013-03-01,344389000,170374000.0,61484000.0,5.6706e+07,2.181e+08,1,2.181e+08,,,,,,0
TER,2011-10-02,2011-11-14,2011-11-14,344389000,169845000.0,59523000.0,5.4745e+07,2.21892e+08,1,2.21892e+08,,,1.33339e+08,1.36989e+09,1.1917e+09,1.59444e+08
TER,2011-12-31,2013-03-01,2013-03-01,296992000,133967000.0,-10293000.0,1.29071e+08,2.2682e+08,1,2.2682e+08,,,1.60063e+08,1.50506e+09,6.70238e+08,1.62529e+08
TER,2012-03-31,2013-03-01,2013-03-01,396668000,190926000.0,46410000.0,3.3564e+07,2.2376e+08,1,2.2376e+08,,,,,,0
TER,2012-04-01,2012-05-11,2012-05-11,396668000,190926000.0,46410000.0,3.3564e+07,2.31153e+08,1,2.31153e+08,,,1.3823e+08,1.54869e+09,6.20619e+08,1.64234e+08
TER,2012-06-30,2013-03-01,2013-03-01,548284000,309506000.0,157441000.0,1.11387e+08,2.2732e+08,1,2.2732e+08,,,,,,0
TER,2012-07-01,2012-08-10,2012-08-10,548284000,309506000.0,157441000.0,1.11387e+08,2.29646e+08,1,2.29646e+08,,,1.37898e+08,1.68543e+09,6.95003e+08,1.67805e+08
TER,2012-09-30,2012-11-09,2012-11-09,463394000,260200000.0,108112000.0,8.8641e+07,2.2921e+08,1,2.2921e+08,,,1.34757e+08,1.78524e+09,8.30542e+08,1.71419e+08
TER,2012-12-31,2013-03-01,2013-03-01,248404000,125405000.0,-24595000.0,-1.6543e+07,2.30246e+08,1,2.30246e+08,,,1.3941e+08,1.77836e+09,7.70436e+08,1.73387e+08
TER,2013-03-31,2013-05-10,2013-05-10,280367000,153417000.0,4408000.0,6.589e+06,2.34757e+08,1,2.34757e+08,0.0,0.0,1.49058e+08,1.79126e+09,7.1e+08,1.80035e+08
TER,2013-06-30,2013-08-09,2013-08-09,428889000,241233000.0,85908000.0,6.6556e+07,2.34909e+08,1,2.34909e+08,0.0,0.0,1.28204e+08,1.86649e+09,7.28749e+08,1.81565e+08
TER,2013-09-29,2013-11-08,2013-11-08,433376000,254294000.0,93506000.0,6.9459e+07,2.35828e+08,1,2.35828e+08,0.0,0.0,1.23032e+08,1.9515e+09,9.57202e+08,1.85573e+08
TER,2013-12-31,2014-02-28,2014-02-28,285301000,159857000.0,6837000.0,2.2343e+07,2.35599e+08,1,2.35599e+08,0.0,0.0,1.37939e+08,1.98509e+09,9.2852e+08,1.86663e+08
TER,2014-03-30,2014-05-07,2014-05-07,321010000,167047000.0,3688000.0,929000,2.36484e+08,1,2.36484e+08,0.06,0.06,1.37434e+08,1.98983e+09,6.94776e+08,0
TER,2014-06-29,2014-08-08,2014-08-08,525567000,290413000.0,120667000.0,1.01205e+08,2.16568e+08,1,2.16568e+08,0.06,0.06,1.26874e+08,2.10147e+09,7.43064e+08,0
TER,2014-09-28,2014-11-07,2014-11-07,478010000,261121000.0,98238000.0,8.2949e+07,2.18333e+08,1,2.18333e+08,0.06,0.06,1.08377e+08,2.18991e+09,2.11704e+08,0
TER,2014-12-31,2015-02-27,2015-02-27,323236000,160226000.0,-126171000.0,-1.03811e+08,2.2255e+08,1,2.2255e+08,0.06,0.06,1.05129e+08,2.07898e+09,2.94256e+08,0
TER,2015-04-05,2015-05-08,2015-05-08,342401000,192423000.0,35124000.0,3.2787e+07,2.18812e+08,1,2.18812e+08,0.06,0.06,1.21051e+08,2.05722e+09,2.18945e+08,0
TER,2015-07-05,2015-08-14,2015-08-14,512739000,298568000.0,130790000.0,1.02879e+08,2.15496e+08,1,2.15496e+08,0.06,0.06,1.21817e+08,2.07422e+09,3.00685e+08,0
TER,2015-10-04,2015-11-13,2015-11-13,465994000,258626000.0,86804000.0,7.1453e+07,2.11736e+08,1,2.11736e+08,0.06,0.06,1.28432e+08,2.0456e+09,2.94217e+08,0
TER,2015-12-31,2016-02-29,2016-02-29,318444000,166026000.0,-9748000.0,-641000,2.13321e+08,1,2.13321e+08,0.06,0.06,1.53588e+08,1.96579e+09,2.64705e+08,0
TER,2016-04-03,2016-05-13,2016-05-13,430994000,230332000.0,56113000.0,4.9986e+07,2.05732e+08,1,2.05732e+08,0.06,0.06,1.60687e+08,1.9959e+09,3.19358e+08,0
TER,2016-07-03,2016-08-12,2016-08-12,531792000,282870000.0,-231801000.0,-2.23546e+08,2.03018e+08,1,2.03018e+08,0.06,0.06,1.29278e+08,1.74558e+09,3.81095e+08,0
TER,2016-10-02,2016-11-10,2016-11-10,410475000,227359000.0,56501000.0,6.3794e+07,2.03929e+08,1,2.03929e+08,0.06,0.06,1.15066e+08,1.78214e+09,2.97937e+08,0
TER,2016-12-31,2017-03-01,2017-03-01,379989000,219006000.0,59172000.0,6.6345e+07,2.02578e+08,1,2.02578e+08,0.06,0.06,1.35958e+08,1.82866e+09,3.07884e+08,0
TER,2017-04-02,2017-05-12,2017-05-12,456913000,264933000.0,93382000.0,8.5221e+07,2.01936e+08,1,2.01936e+08,0.07,0.07,2.03278e+08,1.91985e+09,3.24746e+08,0
TER,2017-07-02,2017-08-11,2017-08-11,696901000,391219000.0,209906000.0,1.74976e+08,2.01529e+08,1,2.01529e+08,0.07,0.07,1.53645e+08,2.04865e+09,5.98349e+08,0
TER,2017-10-01,2017-11-09,2017-11-09,503378000,294786000.0,128731000.0,1.0342e+08,2.00775e+08,1,2.00775e+08,0.07,0.07,1.25183e+08,2.1099e+09,4.18677e+08,0
TER,2017-12-31,2018-03-01,2018-03-01,479415000,272935000.0,98011000.0,-1.05923e+08,2.01641e+08,1,2.01641e+08,0.07,0.07,1.07525e+08,1.95365e+09,4.29843e+08,0
TER,2018-04-01,2018-05-11,2018-05-11,487467000,269832000.0,97534000.0,8.6974e+07,2.03484e+08,1,2.03484e+08,0.09,0.09,1.31857e+08,1.90498e+09,6.37873e+08,0
TER,2018-07-01,2018-08-10,2018-08-10,526929000,307334000.0,120400000.0,1.01037e+08,1.94909e+08,1,1.94909e+08,0.09,0.09,1.3555e+08,1.73994e+09,4.80384e+08,0
TER,2018-09-30,2018-11-09,2018-11-09,566848000,333693000.0,143593000.0,1.19981e+08,1.90505e+08,1,1.90505e+08,0.09,0.09,1.54705e+08,1.66776e+09,8.14019e+08,0
TER,2018-12-31,2019-03-01,2019-03-01,519558000,309535000.0,112273000.0,1.4379e+08,1.92605e+08,1,1.92605e+08,0.09,0.09,1.53541e+08,1.52235e+09,9.26752e+08,0
TER,2019-03-31,2019-05-10,2019-05-10,494099000,287635000.0,93085000.0,1.09138e+08,1.76972e+08,1,1.76972e+08,0.09,0.09,1.61342e+08,1.47023e+09,4.83728e+08,0
TER,2019-06-30,2019-08-09,2019-08-09,564178000,323918000.0,133994000.0,9.7397e+07,1.7859e+08,1,1.7859e+08,0.09,0.09,1.64461e+08,1.47941e+09,4.95107e+08,0
TER,2019-09-29,2019-11-08,2019-11-08,582038000,345038000.0,154921000.0,1.3586e+08,1.80494e+08,1,1.80494e+08,0.09,0.09,1.78203e+08,1.48264e+09,5.93939e+08,0
TER,2019-09-30,2021-02-22,2021-02-22,582038000,345038000.0,154921000.0,1.3586e+08,1.81147e+08,1,1.81147e+08,0.09,0.09,,,,0
TER,2019-12-31,2020-03-02,2020-03-02,654650000,383238000.0,171656000.0,1.25075e+08,1.79459e+08,1,1.79459e+08,0.09,0.09,1.96691e+08,1.48016e+09,7.73924e+08,0
TER,2020-03-29,2020-05-04,2020-05-04,704355000,405550000.0,206718000.0,1.76191e+08,1.80736e+08,1,1.80736e+08,0.1,0.1,1.82978e+08,1.55067e+09,5.93494e+08,0
TER,2020-03-31,2021-02-22,2021-02-22,494099000,,,,1.80736e+08,1,1.80736e+08,,,,,,0
TER,2020-06-28,2020-08-03,2020-08-03,838661000,471473000.0,217949000.0,1.88908e+08,1.80257e+08,1,1.80257e+08,0.1,0.1,2.06088e+08,1.74455e+09,7.25431e+08,0
TER,2020-09-27,2020-11-02,2020-11-02,819484000,458928000.0,269661000.0,2.22718e+08,1.84338e+08,1,1.84338e+08,0.1,0.1,1.91317e+08,1.99354e+09,9.4518e+08,0
TER,2020-12-31,2021-02-22,2021-02-22,758968000,449789000.0,234080000.0,1.9633e+08,1.83042e+08,1,1.83042e+08,0.1,0.1,2.22189e+08,2.20702e+09,9.14121e+08,0
TER,2021-04-04,2021-05-07,2021-05-07,781606000,461618000.0,233013000.0,2.05512e+08,1.8774e+08,1,1.8774e+08,0.1,0.1,2.62474e+08,2.32455e+09,8.31149e+08,0
TER,2021-07-04,2021-08-06,2021-08-06,1085728000,646989000.0,388872000.0,3.28319e+08,1.8675e+08,1,1.8675e+08,0.1,0.1,2.26138e+08,2.49326e+09,9.54441e+08,0
TER,2021-10-03,2021-11-05,2021-11-05,950501000,571001000.0,322400000.0,2.56718e+08,1.81987e+08,1,1.81987e+08,0.1,0.1,2.24242e+08,2.53749e+09,1.07945e+09,0
TER,2021-12-31,2022-02-23,2022-02-23,885046000,527048000.0,256435000.0,2.2404e+08,1.83625e+08,1,1.83625e+08,0.09999999999999998,0.09999999999999998,2.4333e+08,2.56244e+09,1.1222e+09,0
TER,2022-04-03,2022-05-06,2022-05-06,755370000,454933000.0,185855000.0,1.61928e+08,1.75575e+08,1,1.75575e+08,0.11,0.11,2.59341e+08,2.47453e+09,7.94603e+08,0
TER,2022-07-03,2022-08-05,2022-08-05,840766000,506389000.0,247990000.0,1.97787e+08,1.71159e+08,1,1.71159e+08,0.11,0.11,2.95625e+08,2.2986e+09,5.72023e+08,0
TER,2022-10-02,2022-11-04,2022-11-04,827073000,485379000.0,231507000.0,1.83485e+08,1.66733e+08,1,1.66733e+08,0.11,0.11,3.10754e+08,2.25412e+09,7.10746e+08,0
TER,2022-12-31,2023-02-22,2023-02-22,731836000,420450000.0,166587000.0,1.72301e+08,1.69734e+08,1,1.69734e+08,0.10999999999999999,0.10999999999999999,3.25019e+08,2.45129e+09,8.54773e+08,0
TER,2023-04-02,2023-05-05,2023-05-05,617529000,356420000.0,92864000.0,8.3531e+07,1.66308e+08,1,1.66308e+08,0.11,0.11,3.52058e+08,2.44946e+09,6.49208e+08,0
TER,2023-07-02,2023-08-04,2023-08-04,684437000,402492000.0,139908000.0,1.2005e+08,1.64751e+08,1,1.64751e+08,0.11,0.11,3.47295e+08,2.43488e+09,6.13208e+08,0
TER,2023-10-01,2023-11-03,2023-11-03,703732000,398291000.0,143972000.0,1.28116e+08,164050,1,164050,0.11,0.11,3.22632e+08,2.4413e+09,6.36961e+08,0
TER,2023-12-31,2024-02-22,2024-02-22,670600000,379545000.0,124324000.0,1.17055e+08,1.64304e+08,1,1.64304e+08,0.10999999999999999,0.10999999999999999,3.09974e+08,2.5259e+09,7.57571e+08,0
TER,2024-03-31,2024-05-03,2024-05-03,599819000,339282000.0,77771000.0,6.4197e+07,1.62348e+08,1,1.62348e+08,0.12,0.12,3.14232e+08,2.55783e+09,7.07403e+08,0
TER,2024-06-30,2024-08-02,2024-08-02,729879000,425844000.0,210368000.0,1.86273e+08,1.6347e+08,1,1.6347e+08,0.12,0.12,2.88748e+08,2.73081e+09,4.21904e+08,0
TER,2024-09-29,2024-11-01,2024-11-01,737298000,436514000.0,152065000.0,1.45649e+08,1.64253e+08,1,1.64253e+08,0.12,0.12,2.9734e+08,2.90254e+09,5.10036e+08,0
TER,2024-12-31,2025-02-20,2025-02-20,752884000,447287000.0,153584000.0,1.46253e+08,1.63314e+08,1,1.63314e+08,0.12,0.12,2.98492e+08,2.81929e+09,5.53354e+08,0
TER,2025-03-30,2025-05-02,2025-05-02,685680000,415336000.0,120803000.0,9.8896e+07,1.61996e+08,1,1.61996e+08,0.12,0.12,3.45063e+08,2.7975e+09,4.75632e+08,0
TER,2025-06-29,2025-08-01,2025-08-01,651797000,373012000.0,90743000.0,7.8372e+07,1.60135e+08,1,1.60135e+08,0.12,0.12,3.50505e+08,2.8373e+09,3.39252e+08,0
ORCL,2008-08-31,2009-09-21,2009-09-21,5331000000,,1521000000,1.077e+09,5.235e+09,1,5.235e+09,0.0,0.0,,,8.553e+09,0
ORCL,2008-11-30,2009-12-22,2009-12-22,5607000000,,1975000000,1.296e+09,5.187e+09,1,5.187e+09,0.0,0.0,,,7.353e+09,0
ORCL,2009-02-28,2010-03-29,2010-03-29,5453000000,5453000000.0,1940000000,1.329e+09,5.056e+09,1,5.056e+09,0.0,0.0,,,8.211e+09,0
ORCL,2009-05-31,2010-07-01,2010-07-01,6861000000,,2885000000,1.975e+09,5.13e+09,1,5.13e+09,0.05,0.05,0,2.509e+10,8.995e+09,0
ORCL,2009-08-31,2009-09-21,2009-09-21,5054000000,5054000000.0,1740000000,1.124e+09,5.063e+09,1,5.063e+09,0.05,0.05,,2.6143e+10,1.6098e+10,0
ORCL,2009-11-30,2009-12-22,2009-12-22,5858000000,5858000000.0,2178000000,1.458e+09,5.064e+09,1,5.064e+09,0.05,0.05,,2.7531e+10,1.4919e+10,0
ORCL,2010-02-28,2010-03-29,2010-03-29,6404000000,6198000000.0,1843000000,1.189e+09,5.076e+09,1,5.076e+09,0.05,0.05,3.15e+08,2.8476e+10,9.331e+09,0
ORCL,2010-05-31,2010-07-01,2010-07-01,9504000000,8830000000.0,3301000000,2.459e+09,5.073e+09,1,5.073e+09,0.04999999999999999,0.04999999999999999,2.59e+08,3.0798e+10,9.914e+09,0
ORCL,2010-08-31,2010-09-29,2010-09-29,7502000000,6945000000.0,1917000000,1.352e+09,5.083e+09,1,5.083e+09,0.05,0.05,2.35e+08,3.2106e+10,1.2018e+10,0
ORCL,2010-11-30,2010-12-21,2010-12-21,8582000000,8057000000.0,2770000000,1.87e+09,5.117e+09,1,5.117e+09,0.05,0.05,2.36e+08,3.4412e+10,1.042e+10,0
ORCL,2011-02-28,2011-03-29,2011-03-29,8764000000,8299000000.0,2987000000,2.116e+09,5.149e+09,1,5.149e+09,0.05,0.05,2.76e+08,3.6617e+10,1.1864e+10,0
ORCL,2011-05-31,2011-06-28,2011-06-28,10774000000,10264000000.0,4359000000,3.209e+09,5.128e+09,1,5.128e+09,0.05999999999999997,0.05999999999999997,3.03e+08,3.9776e+10,1.6163e+10,1.15e+09
ORCL,2011-08-31,2011-09-23,2011-09-23,8374000000,,2683000000,1.84e+09,5.15e+09,1,5.15e+09,0.06,0.06,2.59e+08,4.0892e+10,1.3162e+10,0
ORCL,2011-11-30,2011-12-23,2011-12-23,8792000000,,3111000000,2.192e+09,5.123e+09,1,5.123e+09,0.06,0.06,2.18e+08,4.192e+10,1.3286e+10,0
ORCL,2012-02-29,2012-03-23,2012-03-23,9039000000,,3317000000,2.498e+09,5.08e+09,1,5.08e+09,0.06,0.06,1.72e+08,4.2873e+10,1.3781e+10,0
ORCL,2012-05-31,2012-06-26,2012-06-26,10916000000,,4595000000,3.451e+09,5.095e+09,1,5.095e+09,0.06,0.06,1.58e+08,4.3688e+10,1.4955e+10,0
ORCL,2012-08-31,2012-09-24,2012-09-24,8181000000,,2879000000,2.034e+09,4.939e+09,1,4.939e+09,0.06,0.06,1.48e+08,4.3329e+10,1.5667e+10,1.25e+09
ORCL,2012-11-30,2012-12-21,2012-12-21,9094000000,,3471000000,2.581e+09,4.868e+09,1,4.868e+09,0.06,0.06,1.64e+08,4.2983e+10,1.5912e+10,1.25e+09
ORCL,2013-02-28,2013-03-22,2013-03-22,8958000000,,3334000000,2.504e+09,4.812e+09,1,4.812e+09,0.18,0.18,2.11e+08,4.3348e+10,1.6101e+10,1.25e+09
ORCL,2013-05-31,2013-06-26,2013-06-26,10947000000,,5000000000,3.806e+09,4.844e+09,1,4.844e+09,0.0,0.0,2.4e+08,4.4648e+10,1.4613e+10,0
ORCL,2013-08-31,2013-09-20,2013-09-20,8372000000,,2873000000,2.191e+09,4.674e+09,1,4.674e+09,0.12,0.12,2.43e+08,4.3541e+10,1.9664e+10,1.533e+09
ORCL,2013-11-30,2013-12-20,2013-12-20,9275000000,,3410000000,2.553e+09,4.6e+09,1,4.6e+09,0.12,0.12,2.34e+08,4.3563e+10,1.4894e+10,1.525e+09
ORCL,2014-02-28,2014-03-20,2014-03-20,9307000000,,3567000000,2.565e+09,4.575e+09,1,4.575e+09,0.12,0.12,2.27e+08,4.4707e+10,1.6832e+10,1.516e+09
ORCL,2014-05-31,2014-06-26,2014-06-26,11321000000,,4909000000,3.646e+09,4.604e+09,1,4.604e+09,0.12,0.12,1.89e+08,4.6878e+10,1.7769e+10,0
ORCL,2014-08-31,2014-09-23,2014-09-23,8596000000,,2963000000,2.184e+09,4.548e+09,1,4.548e+09,0.12,0.12,1.79e+08,4.7354e+10,2.4179e+10,0
ORCL,2014-11-30,2014-12-19,2014-12-19,9598000000,,3542000000,2.502e+09,4.505e+09,1,4.505e+09,0.12,0.12,2.08e+08,4.7543e+10,1.6153e+10,0
ORCL,2015-02-28,2015-03-19,2015-03-19,9327000000,,3383000000,2.495e+09,4.494e+09,1,4.494e+09,0.12,0.12,2.85e+08,4.8095e+10,1.3701e+10,1.999e+09
ORCL,2015-05-31,2015-06-25,2015-06-25,10705000000,,3983000000,2.757e+09,4.503e+09,1,4.503e+09,0.15000000000000002,0.15000000000000002,3.14e+08,4.8663e+10,2.1716e+10,4.2162e+10
ORCL,2015-08-31,2015-09-18,2015-09-18,8448000000,,2654000000,1.747e+09,4.412e+09,1,4.412e+09,0.15,0.15,2.51e+08,4.7097e+10,1.6739e+10,2e+09
ORCL,2015-11-30,2015-12-18,2015-12-18,8993000000,5373000000.0,2955000000,2.197e+09,4.316e+09,1,4.316e+09,0.15,0.15,2.38e+08,4.5924e+10,1.7411e+10,2e+09
ORCL,2016-02-29,2016-03-18,2016-03-18,9012000000,5445000000.0,3027000000,2.142e+09,4.256e+09,1,4.256e+09,0.15,0.15,2.12e+08,4.587e+10,1.5583e+10,0
ORCL,2016-05-31,2016-06-22,2016-06-22,10594000000,,3968000000,2.815e+09,4.305e+09,1,4.305e+09,0.15000000000000002,0.15000000000000002,2.12e+08,4.7289e+10,2.0152e+10,4.398e+10
ORCL,2016-08-31,2016-09-19,2016-09-19,8595000000,5110000000.0,2641000000,1.832e+09,4.221e+09,1,4.221e+09,0.15,0.15,2.86e+08,4.7435e+10,2.8614e+10,1.4999e+10
ORCL,2016-11-30,2016-12-19,2016-12-19,9035000000,5508000000.0,3037000000,2.032e+09,4.195e+09,1,4.195e+09,0.15,0.15,3.27e+08,4.8462e+10,1.8592e+10,1.7838e+10
ORCL,2017-02-28,2017-03-17,2017-03-17,9205000000,5582000000.0,2959000000,2.239e+09,4.204e+09,1,4.204e+09,0.15,0.15,3.91e+08,5.0615e+10,1.9748e+10,1.7498e+10
ORCL,2017-05-31,2017-06-27,2017-06-27,10893000000,6817000000.0,4073000000,3.232e+09,4.217e+09,1,4.217e+09,0.19000000000000006,0.19000000000000006,3e+08,5.386e+10,2.1784e+10,6.7942e+10
ORCL,2017-08-31,2017-09-18,2017-09-18,9187000000,5507000000.0,2821000000,2.21e+09,4.284e+09,1,4.284e+09,0.19,0.19,3.12e+08,5.5959e+10,2.1321e+10,4.998e+09
ORCL,2017-11-30,2017-12-18,2017-12-18,9621000000,5818000000.0,3069000000,2.233e+09,4.283e+09,1,4.283e+09,0.19,0.19,4.36e+08,5.5868e+10,2.131e+10,1.2499e+10
ORCL,2018-02-28,2018-03-21,2018-03-21,9771000000,5968000000.0,3410000000,-4.024e+09,4.122e+09,1,4.122e+09,0.19,0.19,4.96e+08,4.7789e+10,1.9487e+10,1.4491e+10
ORCL,2018-05-31,2020-06-22,2020-06-22,39383000000,6994000000.0,4379000000,3.406e+09,4.238e+09,1,4.238e+09,0.18999999999999995,0.18999999999999995,3.98e+08,4.5726e+10,6.7261e+10,6.5418e+10
ORCL,2018-08-31,2018-09-19,2018-09-19,9193000000,5458000000.0,2778000000,2.265e+09,3.999e+09,1,3.999e+09,0.19,0.19,,3.8067e+10,1.8455e+10,3.743e+09
ORCL,2018-11-30,2018-12-19,2018-12-19,9562000000,,3101000000,2.333e+09,3.817e+09,1,3.817e+09,0.19,0.19,,3.0572e+10,4.9391e+10,6.477e+09
ORCL,2019-02-28,2019-03-18,2019-03-18,9614000000,,3399000000,2.745e+09,3.617e+09,1,3.617e+09,0.19,0.19,,2.3714e+10,4.003e+10,4.487e+09
ORCL,2019-05-31,2020-06-22,2020-06-22,39506000000,,4257000000,3.74e+09,3.732e+09,1,3.732e+09,0.24,0.24,3.2e+08,2.1785e+10,3.7827e+10,6.0836e+10
ORCL,2019-08-31,2019-09-13,2019-09-13,9218000000,,2877000000,2.137e+09,3.41e+09,1,3.41e+09,0.24,0.24,,1.8433e+10,3.5704e+10,0
ORCL,2019-11-30,2019-12-13,2019-12-13,9614000000,,3183000000,2.311e+09,3.331e+09,1,3.331e+09,0.24,0.24,,1.5563e+10,2.7444e+10,0
ORCL,2020-02-29,2020-03-13,2020-03-13,9796000000,,3528000000,2.571e+09,3.271e+09,1,3.271e+09,0.24,0.24,,1.4235e+10,2.5858e+10,0
ORCL,2020-05-31,2020-06-22,2020-06-22,39068000000,,4308000000,3.116e+09,3.294e+09,1,3.294e+09,0.24,0.24,2.11e+08,1.2074e+10,4.3057e+10,7.4178e+10
ORCL,2020-08-31,2020-09-15,2020-09-15,9367000000,,3211000000,2.251e+09,3.107e+09,1,3.107e+09,0.24,0.24,,9.491e+09,4.2279e+10,0
ORCL,2020-11-30,2020-12-11,2020-12-11,9800000000,,3583000000,2.442e+09,3.046e+09,1,3.046e+09,0.24,0.24,,7.917e+09,3.8593e+10,0
ORCL,2021-02-28,2021-03-11,2021-03-11,10085000000,,3878000000,5.021e+09,2.994e+09,1,2.994e+09,0.24,0.24,,8.9e+09,3.5864e+10,0
ORCL,2021-05-31,2021-06-21,2021-06-21,40479000000,,4541000000,4.032e+09,3.022e+09,1,3.022e+09,0.32000000000000006,0.32000000000000006,1.42e+08,5.238e+09,4.6554e+10,9.2779e+10
ORCL,2021-08-31,2021-09-13,2021-09-13,9728000000,,3427000000,2.457e+09,2.861e+09,1,2.861e+09,0.32,0.32,,-1.541e+09,3.931e+10,0
ORCL,2021-11-30,2021-12-10,2021-12-10,10360000000,,-824000000,-1.247e+09,2.694e+09,1,2.694e+09,0.32,0.32,,-1.0101e+10,2.2838e+10,0
ORCL,2022-02-28,2022-03-11,2022-03-11,10513000000,,3822000000,2.319e+09,2.754e+09,1,2.754e+09,0.32,0.32,,-8.696e+09,2.3389e+10,0
ORCL,2022-05-31,2022-06-21,2022-06-21,42440000000,,4501000000,3.188e+09,2.786e+09,1,2.786e+09,0.32000000000000006,0.32000000000000006,3.14e+08,-6.22e+09,2.1902e+10,3.749e+09
ORCL,2022-08-31,2022-09-13,2022-09-13,11445000000,,2623000000,1.548e+09,2.747e+09,1,2.747e+09,0.32,0.32,,-5.875e+09,1.122e+10,0
ORCL,2022-11-30,2022-12-13,2022-12-13,12275000000,,3071000000,1.741e+09,2.746e+09,1,2.746e+09,0.32,0.32,,-4.246e+09,7.35e+09,7e+09
ORCL,2023-02-28,2023-03-10,2023-03-10,12398000000,,3260000000,1.896e+09,2.776e+09,1,2.776e+09,0.32,0.32,,-2.421e+09,8.769e+09,1.225e+10
ORCL,2023-05-31,2023-06-20,2023-06-20,13836000000,,4139000000,3.318e+09,2.766e+09,1,2.766e+09,0.40000000000000013,0.40000000000000013,2.98e+08,1.073e+09,1.0187e+10,9.4917e+10
ORCL,2023-08-31,2023-09-12,2023-09-12,12453000000,,3296000000,2.42e+09,2.823e+09,1,2.823e+09,0.4,0.4,,2.37e+09,1.2083e+10,0
ORCL,2023-11-30,2023-12-12,2023-12-12,12941000000,,3622000000,2.503e+09,2.817e+09,1,2.817e+09,0.4,0.4,,3.866e+09,8.69e+09,0
ORCL,2024-02-29,2024-03-12,2024-03-12,13280000000,,3750000000,2.401e+09,2.819e+09,1,2.819e+09,0.4,0.4,,5.623e+09,9.904e+09,0
ORCL,2024-05-31,2024-06-20,2024-06-20,14287000000,,4685000000,3.143e+09,2.823e+09,1,2.823e+09,0.3999999999999999,0.3999999999999999,3.34e+08,8.704e+09,1.0661e+10,9.7807e+10
ORCL,2024-08-31,2024-09-10,2024-09-10,13307000000,,3991000000,2.929e+09,2.851e+09,1,2.851e+09,0.4,0.4,,1.0816e+10,1.0911e+10,0
ORCL,2024-11-30,2024-12-10,2024-12-10,14059000000,,4220000000,3.151e+09,2.869e+09,1,2.869e+09,0.4,0.4,,1.3746e+10,1.1311e+10,6.25e+09
ORCL,2025-02-28,2025-03-11,2025-03-11,14130000000,,4358000000,2.936e+09,2.874e+09,1,2.874e+09,0.4,0.4,,1.673e+10,1.7823e+10,1.4e+10
ORCL,2025-05-31,2025-06-18,2025-06-18,15903000000,,5109000000,3.427e+09,2.866e+09,1,2.866e+09,0.4999999999999998,0.4999999999999998,3.03e+08,2.0451e+10,1.1203e+10,1.00188e+11
ORCL,2025-08-31,2025-09-10,2025-09-10,14926000000,,4277000000,2.927e+09,2.909e+09,1,2.909e+09,0.5,0.5,,2.4154e+10,1.1005e+10,0
ORCL,2025-11-30,2025-12-11,2025-12-11,16058000000,,4731000000,6.135e+09,2.922e+09,1,2.922e+09,0.5,0.5,,2.9951e+10,1.9766e+10,1.8e+10
ORCL,2026-02-28,2026-03-11,2026-03-11,17190000000,,5464000000,3.721e+09,2.912e+09,1,2.912e+09,0.5,0.5,,3.8495e+10,3.9132e+10,4.3e+10
ORCL,2026-05-31,2026-06-22,2026-06-22,19183000000,,6134000000,4.304e+09,2.914e+09,1,2.914e+09,0.5,0.5,,4.2508e+10,3.1894e+10,1.37304e+11
CRM,2008-07-31,2009-08-25,2009-08-25,263077000,208986000,16098000,9.996e+06,1.25626e+08,4,5.02504e+08,,,,,4.27043e+08,0
CRM,2008-10-31,2009-11-25,2009-11-25,276487000,220139000,16133000,1.0124e+07,1.25133e+08,4,5.00532e+08,,,,,3.82314e+08,0
CRM,2009-04-30,2010-05-28,2010-05-28,304924000,243124000,30123000,1.8436e+07,1.25349e+08,4,5.01396e+08,,,,,3.41705e+08,0
CRM,2009-07-31,2009-08-25,2009-08-25,316061000,253565000,29489000,2.1198e+07,1.26566e+08,4,5.06264e+08,,,,7.91117e+08,4.20126e+08,0
CRM,2009-10-31,2009-11-25,2009-11-25,330549000,264979000,30141000,2.0691e+07,1.28596e+08,4,5.14384e+08,,,,8.58891e+08,4.45334e+08,0
CRM,2010-01-31,2011-03-23,2011-03-23,354049000,285990000,25519000,2.0394e+07,1.28114e+08,4,5.12456e+08,,,,1.0438e+09,1.24196e+09,5.75e+08
CRM,2010-04-30,2010-05-28,2010-05-28,376813000,305232000,33050000,1.7745e+07,1.32251e+08,4,5.29004e+08,,,,1.13451e+09,9.51752e+08,0
CRM,2010-07-31,2010-09-09,2010-09-09,394372000,316582000,29682000,1.4744e+07,1.34176e+08,4,5.36704e+08,,,,1.24063e+09,7.42267e+08,5.75e+08
CRM,2010-10-31,2010-11-24,2010-11-24,429087000,346956000,35156000,2.1072e+07,1.37044e+08,4,5.48176e+08,,,,1.21029e+09,7.69848e+08,5.75e+08
CRM,2011-01-31,2011-03-23,2011-03-23,456867000,364556000,-391000,1.0913e+07,1.36598e+08,4,5.46392e+08,,,,1.27649e+09,4.9697e+08,5.75e+08
CRM,2011-04-30,2011-05-26,2011-05-26,504364000,401298000,-2803000,530000,1.41062e+08,4,5.64248e+08,,,,1.25564e+09,7.63836e+08,5.75e+08
CRM,2011-07-31,2011-09-06,2011-09-06,546002000,425092000,-15748000,-4.268e+06,1.35093e+08,4,5.40372e+08,,,,1.41812e+09,5.77376e+08,5.749e+08
CRM,2011-10-31,2011-11-29,2011-11-29,584260000,455695000,-10157000,-3.756e+06,1.35847e+08,4,5.43388e+08,,,,1.49839e+09,6.45848e+08,5.7489e+08
CRM,2012-01-31,2012-03-09,2012-03-09,631913000,495568000,-6377000,-4.078e+06,1.35302e+08,4,5.41208e+08,,,,1.58736e+09,7.77866e+08,5.7489e+08
CRM,2012-04-30,2012-05-25,2012-05-25,695467000,543916000,-22249000,-1.9475e+07,1.3815e+08,4,5.526e+08,,,,1.80977e+09,7.10388e+08,5.7489e+08
CRM,2012-07-31,2012-08-31,2012-08-31,731649000,569231000,-13466000,-9.829e+06,1.39425e+08,4,5.577e+08,,,,1.89231e+09,1.10766e+09,5.7489e+08
CRM,2012-10-31,2012-11-28,2012-11-28,788398000,602150000,-54188000,-2.20297e+08,1.42203e+08,4,5.68812e+08,,,,2.08362e+09,6.05564e+08,5.7489e+08
CRM,2013-01-31,2013-03-08,2013-03-08,834681000,651319000,-20807000,-2.0844e+07,1.41224e+08,4,5.64896e+08,,,,2.31763e+09,8.67621e+08,5.7489e+08
CRM,2013-04-30,2013-05-24,2013-05-24,892633000,683639000,-44540000,-6.7721e+07,5.88385e+08,1,5.88385e+08,,,,2.4628e+09,2.09982e+09,0
CRM,2013-07-31,2013-08-30,2013-08-30,957094000,739377000,-39857000,7.6603e+07,6.24656e+08,1,6.24656e+08,,,,2.81865e+09,6.23491e+08,3e+08
CRM,2013-10-31,2013-11-25,2013-11-25,1076034000,807847000,-97931000,-1.24434e+08,6.00467e+08,1,6.00467e+08,,,,2.91236e+09,7.03542e+08,2.925e+08
CRM,2014-01-31,2014-03-05,2014-03-05,1145242000,871712000,-103746000,-1.16623e+08,5.97613e+08,1,5.97613e+08,,,,3.03851e+09,8.38774e+08,2.85e+08
CRM,2014-04-30,2014-05-30,2014-05-30,1226772000,934467000,-55341000,-9.6911e+07,6.12512e+08,1,6.12512e+08,,,,3.13191e+09,8.79124e+08,2.775e+08
CRM,2014-07-31,2014-08-26,2014-08-26,1318551000,1010720000,-33434000,-6.1088e+07,6.17016e+08,1,6.17016e+08,,,,3.30057e+09,8.44575e+08,2.7e+08
CRM,2014-10-31,2014-11-26,2014-11-26,1383655000,1050444000,-22042000,-3.8924e+07,6.29548e+08,1,6.29548e+08,,,,3.79061e+09,9.26104e+08,0
CRM,2015-01-31,2015-03-06,2015-03-06,1444608000,1088685000,-34816000,-6.5765e+07,6.24148e+08,1,6.24148e+08,,,,3.97518e+09,9.95429e+08,0
CRM,2015-04-30,2016-03-07,2016-03-07,1511167000,1129365000,31105000,4.092e+06,6.6431e+08,1,6.6431e+08,,,,4.2352e+09,1.01902e+09,0
CRM,2015-07-31,2016-03-07,2016-03-07,1634684000,1229300000,19824000,-852000,6.59366e+08,1,6.59366e+08,,,,4.5358e+09,1.17047e+09,0
CRM,2015-10-31,2016-03-07,2016-03-07,1711967000,1288284000,43434000,-2.5157e+07,6.64131e+08,1,6.64131e+08,,,,4.74995e+09,1.358e+09,0
CRM,2016-01-31,2016-03-07,2016-03-07,1809398000,1365719000,20560000,-2.5509e+07,6.61647e+08,1,6.61647e+08,,,,5.00287e+09,1.34138e+09,0
CRM,2016-04-30,2017-03-06,2017-03-06,1916603000,1419622000,51986000,3.8759e+07,6.86799e+08,1,6.86799e+08,,,,5.58426e+09,2.03119e+09,0
CRM,2016-07-31,2017-03-06,2017-03-06,2036618000,1511039000,32551000,2.29622e+08,6.95968e+08,1,6.95968e+08,,,,6.13258e+09,1.17428e+09,0
CRM,2016-10-31,2017-03-06,2017-03-06,2144775000,1559253000,3036000,-3.7309e+07,6.90468e+08,1,6.90468e+08,,,,6.80604e+09,1.20081e+09,0
CRM,2017-01-31,2017-03-06,2017-03-06,2293988000,1668031000,-23345000,-5.144e+07,7.00217e+08,1,7.00217e+08,,,,7.50013e+09,2.20889e+09,2.00839e+09
CRM,2017-04-30,2018-05-31,2018-05-31,2397000000,1737024000,-8882000,-9.207e+06,7.06174e+08,1,7.06174e+08,,,,7.93449e+09,3.21955e+09,0
CRM,2017-07-31,2018-08-31,2018-08-31,2577000000,1890922000,50793000,1.7736e+07,7.29386e+08,1,7.29386e+08,,,,8.45131e+09,3.50124e+09,0
CRM,2017-10-31,2018-11-28,2018-11-28,2701000000,1965333000,115988000,5.1394e+07,7.38106e+08,1,7.38106e+08,,,,8.82937e+09,3.62866e+09,0
CRM,2018-01-31,2019-03-08,2019-03-08,2865000000,2113211000,77869000,6.7555e+07,7.34598e+08,1,7.34598e+08,,,,9.3885e+09,4.5217e+09,2.75154e+09
CRM,2018-04-30,2018-05-31,2018-05-31,3006000000,2239000000,191000000,3.44e+08,7.54e+08,1,7.54e+08,,,,1.106e+10,7.159e+09,3.203e+09
CRM,2018-07-31,2018-08-31,2018-08-31,3281000000,2432000000,115000000,2.99e+08,7.74e+08,1,7.74e+08,,,,1.3528e+10,3.427e+09,4.203e+09
CRM,2018-10-31,2018-11-28,2018-11-28,3392000000,2503000000,92000000,1.05e+08,7.85e+08,1,7.85e+08,,,,1.4693e+10,3.45e+09,4.202e+09
CRM,2019-01-31,2019-03-08,2019-03-08,3603000000,2657000000,137000000,3.62e+08,7.75e+08,1,7.75e+08,,,,1.5605e+10,4.342e+09,3.201e+09
CRM,2019-04-30,2019-06-05,2019-06-05,3737000000,2823000000,210000000,3.92e+08,7.93e+08,1,7.93e+08,,,,1.6446e+10,6.379e+09,3.201e+09
CRM,2019-07-31,2019-08-23,2019-08-23,3997000000,3030000000,58000000,9.1e+07,7.95e+08,1,7.95e+08,,,,1.7166e+10,6.042e+09,3e+09
CRM,2019-10-31,2019-12-04,2019-12-04,4513000000,3379000000,65000000,-1.09e+08,8.79e+08,1,8.79e+08,,,,3.3279e+10,6.529e+09,2.848e+09
CRM,2020-01-31,2020-03-05,2020-03-05,4851000000,3631000000,-36000000,-2.48e+08,8.5e+08,1,8.5e+08,,,,3.3885e+10,7.947e+09,2.698e+09
CRM,2020-04-30,2020-06-01,2020-06-01,4865000000,3611000000,-140000000,9.9e+07,9.13e+08,1,9.13e+08,,,,3.4565e+10,9.802e+09,2.697e+09
CRM,2020-07-31,2020-08-28,2020-08-28,5151000000,3840000000,178000000,2.625e+09,9.22e+08,1,9.22e+08,,,,3.844e+10,9.283e+09,2.695e+09
CRM,2020-10-31,2020-12-04,2020-12-04,5419000000,4025000000,224000000,1.081e+09,9.39e+08,1,9.39e+08,,,,4.031e+10,9.492e+09,2.695e+09
CRM,2021-01-31,2021-03-17,2021-03-17,5817000000,4338000000,193000000,2.67e+08,9.3e+08,1,9.3e+08,,,,4.1493e+10,1.1966e+10,2.694e+09
CRM,2021-04-30,2021-06-02,2021-06-02,5963000000,4408000000,354000000,4.69e+08,9.4e+08,1,9.4e+08,,,,4.2567e+10,1.5023e+10,2.693e+09
CRM,2021-07-31,2021-08-27,2021-08-27,6340000000,4727000000,332000000,5.35e+08,9.5e+08,1,9.5e+08,,,,5.552e+10,9.65e+09,1.3273e+10
CRM,2021-10-31,2021-12-02,2021-12-02,6863000000,5019000000,38000000,4.68e+08,1.001e+09,1,1.001e+09,,,,5.7054e+10,9.391e+09,1.0631e+10
CRM,2022-01-31,2022-03-11,2022-03-11,7326000000,5312000000,-176000000,-2.8e+07,9.74e+08,1,9.74e+08,,,,5.8131e+10,1.0537e+10,1.06e+10
CRM,2022-04-30,2022-06-01,2022-06-01,7411000000,5366000000,20000000,2.8e+07,1.001e+09,1,1.001e+09,,,,5.8876e+10,1.3503e+10,1.1599e+10
CRM,2022-07-31,2022-08-25,2022-08-25,7720000000,5593000000,193000000,6.8e+07,1.001e+09,1,1.001e+09,,,,6.0098e+10,1.3533e+10,1.1782e+10
CRM,2022-10-31,2022-12-01,2022-12-01,7837000000,5749000000,460000000,2.1e+08,1e+09,1,1e+09,,,,5.9351e+10,1.1918e+10,1.1782e+10
CRM,2023-01-31,2023-03-08,2023-03-08,8384000000,6284000000,357000000,-9.8e+07,9.97e+08,1,9.97e+08,,,,5.8359e+10,1.2508e+10,1.1783e+10
CRM,2023-04-30,2023-06-01,2023-06-01,8247000000,6122000000,412000000,1.99e+08,9.88e+08,1,9.88e+08,,,,5.7412e+10,1.3977e+10,9.783e+09
CRM,2023-07-31,2023-08-31,2023-08-31,8603000000,6490000000,1476000000,1.267e+09,9.86e+08,1,9.86e+08,,,,5.8082e+10,1.2397e+10,1.0422e+10
CRM,2023-10-31,2023-11-30,2023-11-30,8720000000,6565000000,1501000000,1.224e+09,9.81e+08,1,9.81e+08,,,,5.809e+10,1.1863e+10,1.0424e+10
CRM,2024-01-31,2024-03-06,2024-03-06,9287000000,7139000000,1622000000,1.446e+09,9.84e+08,1,9.84e+08,,,,5.9646e+10,1.4194e+10,1.0425e+10
CRM,2024-04-30,2024-05-30,2024-05-30,9133000000,6971000000,1709000000,1.533e+09,9.85e+08,1,9.85e+08,0.4,0.4,,5.9683e+10,1.767e+10,1.0429e+10
CRM,2024-07-31,2024-08-29,2024-08-29,9325000000,7166000000,1783000000,1.429e+09,9.73e+08,1,9.73e+08,0.4,0.4,,5.7633e+10,1.2636e+10,8.43e+09
CRM,2024-10-31,2024-12-04,2024-12-04,9444000000,7339000000,1893000000,1.527e+09,9.65e+08,1,9.65e+08,0.4,0.4,,5.8525e+10,1.2757e+10,8.432e+09
CRM,2025-01-31,2025-03-05,2025-03-05,9993000000,7776000000,1820000000,1.708e+09,9.74e+08,1,9.74e+08,0.4,0.4,,6.1173e+10,1.4032e+10,8.433e+09
CRM,2025-04-30,2025-05-29,2025-05-29,9829000000,7564000000,1942000000,1.541e+09,9.7e+08,1,9.7e+08,0.416,0.416,,6.0666e+10,1.7408e+10,8.435e+09
CRM,2025-07-31,2025-09-04,2025-09-04,10236000000,7994000000,2332000000,1.887e+09,9.62e+08,1,9.62e+08,0.416,0.416,,6.1328e+10,1.5372e+10,8.436e+09
ADBE,2008-05-30,2009-06-26,2009-06-26,886886000,804020000,260178000,2.1491e+08,5.42376e+08,1,5.42376e+08,,,,,1.16245e+09,0
ADBE,2008-08-29,2009-10-01,2009-10-01,887257000,776406000,219469000,1.91608e+08,5.41311e+08,1,5.41311e+08,,,,,1.13426e+09,0
ADBE,2009-02-27,2010-04-09,2010-04-09,786390000,709037000,207916000,1.56435e+08,5.2783e+08,1,5.2783e+08,,,,,1.14892e+09,0
ADBE,2009-05-29,2009-06-26,2009-06-26,704673000,632665000,161353000,1.26071e+08,5.28013e+08,1,5.28013e+08,,,,4.80104e+09,2.66418e+09,3.5e+08
ADBE,2009-08-28,2009-10-01,2009-10-01,697507000,632460000,167602000,1.36045e+08,5.31809e+08,1,5.31809e+08,,,,4.69456e+09,2.55646e+09,3.5e+08
ADBE,2009-11-27,2011-01-27,2011-01-27,757283000,674959000,153642000,-3.2043e+07,5.3061e+08,1,5.3061e+08,,,,4.89057e+09,1.90447e+09,1e+09
ADBE,2010-03-05,2010-04-09,2010-04-09,858700000,769332000,176833000,1.27154e+08,5.32645e+08,1,5.32645e+08,,,,5.17142e+09,2.67238e+09,1.49355e+09
ADBE,2010-06-04,2010-07-02,2010-07-02,943035000,835202000,227285000,1.48611e+08,5.33259e+08,1,5.33259e+08,,,,5.17876e+09,2.64472e+09,1.49365e+09
ADBE,2010-09-03,2010-10-08,2010-10-08,990319000,891235000,302013000,2.30065e+08,5.23179e+08,1,5.23179e+08,,,,5.08486e+09,2.57827e+09,0
ADBE,2010-12-03,2011-01-27,2011-01-27,1007946000,900729000,286943000,2.6885e+08,5.25824e+08,1,5.25824e+08,,,,5.19239e+09,2.46802e+09,0
ADBE,2011-03-04,2011-04-08,2011-04-08,1027706000,920067000,302334000,2.34591e+08,5.11345e+08,1,5.11345e+08,,,,5.42541e+09,2.63684e+09,0
ADBE,2011-06-03,2011-06-29,2011-06-29,1023179000,913978000,276724000,2.29436e+08,5.0628e+08,1,5.0628e+08,,,,5.38942e+09,2.62552e+09,0
ADBE,2011-09-02,2011-10-07,2011-10-07,1013212000,908558000,274110000,1.95101e+08,4.98741e+08,1,4.98741e+08,,,,5.56396e+09,2.71928e+09,0
ADBE,2011-12-02,2012-01-26,2012-01-26,1152161000,1035782000,246131000,1.73719e+08,5.03921e+08,1,5.03921e+08,,,,5.78311e+09,2.91169e+09,0
ADBE,2012-03-02,2012-03-30,2012-03-30,1045220000,936955000,288979000,1.85209e+08,5.00378e+08,1,5.00378e+08,,,,5.9863e+09,2.76612e+09,0
ADBE,2012-06-01,2012-06-27,2012-06-27,1124449000,993531000,305143000,2.23876e+08,5.01377e+08,1,5.01377e+08,,,,6.09965e+09,2.99812e+09,0
ADBE,2012-08-31,2012-09-27,2012-09-27,1080580000,960959000,278304000,2.01357e+08,4.99757e+08,1,4.99757e+08,,,,6.43869e+09,3.24736e+09,0
ADBE,2012-11-30,2013-01-22,2013-01-22,1153428000,1028450000,307765000,2.22333e+08,5.02721e+08,1,5.02721e+08,,,,6.66518e+09,3.53835e+09,0
ADBE,2013-03-01,2013-03-28,2013-03-28,1007873000,851189000,98224000,6.5117e+07,5.0784e+08,1,5.0784e+08,,,,6.80534e+09,3.66069e+09,0
ADBE,2013-05-31,2013-06-28,2013-06-28,1010549000,875268000,111309000,7.6546e+07,5.12446e+08,1,5.12446e+08,,,,6.9273e+09,3.86571e+09,0
ADBE,2013-08-30,2013-10-03,2013-10-03,995119000,848043000,110354000,8.3002e+07,5.14058e+08,1,5.14058e+08,,,,6.83476e+09,3.16394e+09,0
ADBE,2013-11-29,2014-01-21,2014-01-21,1041699000,894183000,102836000,6.532e+07,5.13476e+08,1,5.13476e+08,,,,6.72463e+09,3.17375e+09,1.4676e+07
ADBE,2014-02-28,2014-03-28,2014-03-28,1000120000,851611000,78746000,4.7046e+07,5.0834e+08,1,5.0834e+08,,,,6.61088e+09,3.13209e+09,6.1331e+08
ADBE,2014-05-30,2014-06-25,2014-06-25,1068208000,913304000,135258000,8.8527e+07,5.06687e+08,1,5.06687e+08,,,,6.63689e+09,3.33021e+09,6.09742e+08
ADBE,2014-08-29,2014-09-25,2014-09-25,1005409000,847685000,74176000,4.4686e+07,5.07811e+08,1,5.07811e+08,,,,6.73126e+09,3.5202e+09,6.06426e+08
ADBE,2014-11-28,2015-01-20,2015-01-20,1073328000,912385000,124505000,8.8136e+07,5.0848e+08,1,5.0848e+08,,,,6.7759e+09,3.73949e+09,1.51432e+09
ADBE,2015-02-27,2015-03-25,2015-03-25,1109181000,942383000,173025000,8.4888e+07,5.07526e+08,1,5.07526e+08,,,,6.58902e+09,3.17682e+09,1.90162e+09
ADBE,2015-05-29,2015-06-24,2015-06-24,1162158000,976985000,193617000,1.47493e+08,5.05582e+08,1,5.05582e+08,,,,6.6101e+09,3.41325e+09,1.90438e+09
ADBE,2015-08-28,2015-09-23,2015-09-23,1217768000,1026783000,246019000,1.74465e+08,5.05809e+08,1,5.05809e+08,,,,6.84133e+09,3.66873e+09,1.90609e+09
ADBE,2015-11-27,2016-01-19,2016-01-19,1306404000,1105043000,290434000,2.22705e+08,5.07164e+08,1,5.07164e+08,,,,7.00158e+09,3.98808e+09,1.90723e+09
ADBE,2016-03-04,2016-03-30,2016-03-30,1383335000,1184763000,307758000,2.54307e+08,5.05676e+08,1,5.05676e+08,,,,7.0812e+09,4.09789e+09,1.91683e+09
ADBE,2016-06-03,2016-06-29,2016-06-29,1398709000,1196630000,344239000,2.44074e+08,5.04725e+08,1,5.04725e+08,,,,7.24861e+09,4.31841e+09,1.91839e+09
ADBE,2016-09-02,2016-09-27,2016-09-27,1463967000,1261266000,369325000,2.70788e+08,5.03669e+08,1,5.03669e+08,,,,7.27795e+09,4.4464e+09,1.91659e+09
ADBE,2016-12-02,2017-01-20,2017-01-20,1608419000,1391863000,472280000,3.99613e+08,5.04299e+08,1,5.04299e+08,,,,7.42484e+09,4.7613e+09,1.8922e+09
ADBE,2017-03-03,2017-03-29,2017-03-29,1681646000,1444309000,468999000,3.98446e+08,5.00861e+08,1,5.00861e+08,,,,7.58869e+09,4.64762e+09,1.88407e+09
ADBE,2017-06-02,2017-06-28,2017-06-28,1772190000,1532830000,504082000,3.7439e+08,5.00351e+08,1,5.00351e+08,,,,7.804e+09,4.93151e+09,1.8884e+09
ADBE,2017-09-01,2017-09-27,2017-09-27,1841074000,1578152000,545674000,4.19569e+08,5.00398e+08,1,5.00398e+08,,,,8.17043e+09,5.36849e+09,1.88922e+09
ADBE,2017-12-01,2018-01-22,2018-01-22,2006595000,1735723000,649340000,5.01549e+08,5.01123e+08,1,5.01123e+08,,,,8.45987e+09,5.81977e+09,1.88142e+09
ADBE,2018-03-02,2018-03-28,2018-03-28,2078947000,1820045000,702733000,5.83076e+08,4.99433e+08,1,4.99433e+08,,,,8.63403e+09,6.14797e+09,1.87479e+09
ADBE,2018-06-01,2018-06-27,2018-06-27,2195360000,1914016000,698484000,6.63167e+08,4.98252e+08,1,4.98252e+08,,,,8.70558e+09,6.33406e+09,1.87406e+09
ADBE,2018-08-31,2018-09-26,2018-09-26,2291076000,1995584000,718606000,6.66291e+08,4.96866e+08,1,4.96866e+08,,,,8.86192e+09,4.94447e+09,1.87465e+09
ADBE,2018-11-30,2019-01-25,2019-01-25,2464625000,2105364000,720546000,6.7824e+08,4.97843e+08,1,4.97843e+08,,,,9.36211e+09,3.22896e+09,4.1248e+09
ADBE,2019-03-01,2019-03-27,2019-03-27,2600946000,2203660000,694830000,6.74241e+08,4.94188e+08,1,4.94188e+08,,,,9.87148e+09,3.22626e+09,4.12959e+09
ADBE,2019-05-31,2019-06-26,2019-06-26,2744280000,2336792000,749547000,6.32593e+08,4.92212e+08,1,4.92212e+08,,,,9.93169e+09,3.47898e+09,4.13361e+09
ADBE,2019-08-30,2019-09-26,2019-09-26,2834126000,2418163000,853812000,7.92763e+08,4.91042e+08,1,4.91042e+08,,,,1.02428e+10,3.65079e+09,4.13702e+09
ADBE,2019-11-29,2020-01-21,2020-01-21,2991945000,2539962000,969932000,8.51861e+08,4.91572e+08,1,4.91572e+08,,,,1.05302e+10,4.17698e+09,4.13834e+09
ADBE,2020-02-28,2020-03-25,2020-03-25,3091000000,2639000000,937000000,9.55e+08,4.878e+08,1,4.878e+08,,,,1.0465e+10,4.171e+09,4.113e+09
ADBE,2020-05-29,2020-06-24,2020-06-24,3128000000,2713000000,1016000000,1.1e+09,4.848e+08,1,4.848e+08,,,,1.0881e+10,4.351e+09,4.114e+09
ADBE,2020-08-28,2020-09-23,2020-09-23,3225000000,2798000000,1069000000,9.55e+08,4.849e+08,1,4.849e+08,,,,1.1713e+10,5.264e+09,4.116e+09
ADBE,2020-11-27,2021-01-15,2021-01-15,3424000000,2996000000,1215000000,2.25e+09,4.855e+08,1,4.855e+08,,,,1.3264e+10,5.992e+09,4.117e+09
ADBE,2021-03-05,2021-03-31,2021-03-31,3905000000,3458000000,1454000000,1.261e+09,4.829e+08,1,4.829e+08,,,,1.3546e+10,4.963e+09,4.119e+09
ADBE,2021-06-04,2021-06-30,2021-06-30,3835000000,3391000000,1406000000,1.116e+09,4.808e+08,1,4.808e+08,,,,1.3852e+10,5.768e+09,4.12e+09
ADBE,2021-09-03,2021-09-29,2021-09-29,3935000000,3468000000,1441000000,1.212e+09,4.807e+08,1,4.807e+08,,,,1.4414e+10,6.164e+09,4.122e+09
ADBE,2021-12-03,2022-01-21,2022-01-21,4110000000,3603000000,1501000000,1.233e+09,4.81e+08,1,4.81e+08,,,,1.4797e+10,5.798e+09,4.123e+09
ADBE,2022-03-04,2022-03-30,2022-03-30,4262000000,3750000000,1580000000,1.266e+09,4.754e+08,1,4.754e+08,,,,1.3775e+10,4.701e+09,4.125e+09
ADBE,2022-06-03,2022-06-29,2022-06-29,4386000000,3847000000,1529000000,1.178e+09,4.733e+08,1,4.733e+08,,,,1.3985e+10,5.299e+09,4.126e+09
ADBE,2022-09-02,2022-09-28,2022-09-28,4433000000,3887000000,1484000000,1.136e+09,4.694e+08,1,4.694e+08,,,,1.4373e+10,5.764e+09,4.127e+09
ADBE,2022-12-02,2023-01-17,2023-01-17,4525000000,3957000000,1505000000,1.176e+09,4.709e+08,1,4.709e+08,,,,1.4051e+10,6.096e+09,4.129e+09
ADBE,2023-03-03,2023-03-29,2023-03-29,4655000000,4087000000,1586000000,1.247e+09,4.595e+08,1,4.595e+08,,,,1.4206e+10,5.653e+09,3.63e+09
ADBE,2023-06-02,2023-06-28,2023-06-28,4816000000,4244000000,1624000000,1.295e+09,4.587e+08,1,4.587e+08,,,,1.4838e+10,6.601e+09,3.631e+09
ADBE,2023-09-01,2023-09-27,2023-09-27,4890000000,4310000000,1697000000,1.403e+09,4.595e+08,1,4.595e+08,,,,1.5776e+10,7.516e+09,3.633e+09
ADBE,2023-12-01,2024-01-17,2024-01-17,5048000000,4414000000,1743000000,1.483e+09,4.591e+08,1,4.591e+08,,,,1.6518e+10,7.842e+09,3.634e+09
ADBE,2024-03-01,2024-03-27,2024-03-27,5182000000,4592000000,907000000,6.2e+08,4.563e+08,1,4.563e+08,,,,1.546e+10,6.82e+09,3.635e+09
ADBE,2024-05-31,2024-06-26,2024-06-26,5309000000,4711000000,1885000000,1.573e+09,4.514e+08,1,4.514e+08,,,,1.4843e+10,8.065e+09,5.625e+09
ADBE,2024-08-30,2024-09-25,2024-09-25,5408000000,4854000000,1992000000,1.684e+09,4.476e+08,1,4.476e+08,,,,1.4545e+10,7.515e+09,5.627e+09
ADBE,2024-11-29,2025-01-13,2025-01-13,5606000000,4990000000,1957000000,1.683e+09,4.497e+08,1,4.497e+08,,,,1.4105e+10,7.886e+09,5.628e+09
ADBE,2025-02-28,2025-03-26,2025-03-26,5714000000,5092000000,2163000000,1.811e+09,4.376e+08,1,4.376e+08,,,,1.3095e+10,7.435e+09,6.155e+09
ADBE,2025-05-30,2025-06-25,2025-06-25,5873000000,5235000000,2109000000,1.691e+09,4.289e+08,1,4.289e+08,,,,1.1448e+10,5.713e+09,6.166e+09
CSCO,2008-10-25,2009-11-18,2009-11-18,10331000000,6681000000,2482000000,2.201e+09,5.972e+09,1,5.972e+09,,,,3.5059e+10,4.197e+09,0
CSCO,2009-01-24,2010-02-17,2010-02-17,9089000000,5723000000,1773000000,1.504e+09,5.864e+09,1,5.864e+09,,,,3.6801e+10,4.175e+09,0
CSCO,2009-04-25,2010-05-26,2010-05-26,8162000000,5229000000,1607000000,1.348e+09,5.818e+09,1,5.818e+09,,,,3.7283e+10,7.359e+09,0
CSCO,2009-07-25,2010-09-21,2010-09-21,8535000000,5461000000,1460000000,1.081e+09,5.857e+09,1,5.857e+09,,,1.074e+09,3.8647e+10,3.5001e+10,1.0295e+10
CSCO,2009-10-24,2009-11-18,2009-11-18,9021000000,5888000000,2124000000,1.787e+09,5.871e+09,1,5.871e+09,,,1.089e+09,4.0002e+10,3.5365e+10,1.0273e+10
CSCO,2010-01-23,2010-02-17,2010-02-17,9815000000,6332000000,2370000000,1.853e+09,5.862e+09,1,5.862e+09,,,1.215e+09,4.1512e+10,3.9638e+10,1.5194e+10
CSCO,2010-05-01,2010-05-26,2010-05-26,10368000000,6630000000,2345000000,2.192e+09,5.869e+09,1,5.869e+09,,,1.25e+09,4.383e+10,3.9106e+10,1.5246e+10
CSCO,2010-07-31,2010-09-21,2010-09-21,10836000000,6793000000,2325000000,1.935e+09,5.848e+09,1,5.848e+09,,,1.327e+09,4.4267e+10,4.581e+09,1.838e+10
CSCO,2010-10-30,2010-11-23,2010-11-23,10750000000,6755000000,2351000000,1.93e+09,5.675e+09,1,5.675e+09,,,1.523e+09,4.4675e+10,3.796e+09,1.8342e+10
CSCO,2011-01-29,2011-02-23,2011-02-23,10407000000,6261000000,1684000000,1.521e+09,5.587e+09,1,5.587e+09,,,1.602e+09,4.5641e+10,4.924e+09,1.5241e+10
CSCO,2011-04-30,2011-05-25,2011-05-25,10866000000,6659000000,2183000000,1.807e+09,5.537e+09,1,5.537e+09,0.06,0.06,1.442e+09,4.7163e+10,6.635e+09,1.6681e+10
CSCO,2011-07-30,2011-09-14,2011-09-14,11195000000,6861000000,1456000000,1.232e+09,5.563e+09,1,5.563e+09,0.06,0.06,1.486e+09,4.7226e+10,7.662e+09,1.6822e+10
CSCO,2011-10-29,2011-11-22,2011-11-22,11256000000,6890000000,2210000000,1.777e+09,5.407e+09,1,5.407e+09,0.06,0.06,1.622e+09,4.7188e+10,4.747e+09,1.6853e+10
CSCO,2012-01-28,2012-02-21,2012-02-21,11527000000,7065000000,2734000000,2.182e+09,5.401e+09,1,5.401e+09,0.06,0.06,1.59e+09,4.9246e+10,8.561e+09,1.6904e+10
CSCO,2012-04-28,2012-05-23,2012-05-23,11588000000,7169000000,2750000000,2.165e+09,5.456e+09,1,5.456e+09,0.08,0.08,1.497e+09,5.1357e+10,6.461e+09,1.6369e+10
CSCO,2012-07-28,2012-09-12,2012-09-12,11690000000,7085000000,2371000000,1.917e+09,5.404e+09,1,5.404e+09,0.08000000000000002,0.08000000000000002,1.663e+09,5.1286e+10,9.799e+09,1.6328e+10
CSCO,2012-10-27,2012-11-20,2012-11-20,11876000000,7239000000,2651000000,2.092e+09,5.334e+09,1,5.334e+09,0.14,0.14,1.709e+09,5.2686e+10,4.773e+09,1.6355e+10
CSCO,2013-01-26,2013-02-19,2013-02-19,12098000000,7343000000,2789000000,3.143e+09,5.357e+09,1,5.357e+09,0.14,0.14,1.574e+09,5.5515e+10,6.847e+09,1.63e+10
CSCO,2013-04-27,2013-05-21,2013-05-21,12216000000,7511000000,2942000000,2.478e+09,5.387e+09,1,5.387e+09,0.17,0.17,1.469e+09,5.6788e+10,5.122e+09,1.9514e+10
CSCO,2013-07-27,2013-09-10,2013-09-10,12417000000,7347000000,2814000000,2.27e+09,5.38e+09,1,5.38e+09,0.16999999999999993,0.16999999999999993,1.476e+09,5.912e+10,7.925e+09,1.9474e+10
CSCO,2013-10-26,2013-11-22,2013-11-22,12085000000,7407000000,2455000000,1.996e+09,5.43e+09,1,5.43e+09,0.17,0.17,1.466e+09,5.8897e+10,5.254e+09,1.9485e+10
CSCO,2014-01-25,2014-02-20,2014-02-20,11155000000,5951000000,1667000000,1.429e+09,5.327e+09,1,5.327e+09,0.17,0.17,1.548e+09,5.6069e+10,5.339e+09,1.9889e+10
CSCO,2014-04-26,2014-05-22,2014-05-22,11545000000,7006000000,2542000000,2.181e+09,5.18e+09,1,5.18e+09,0.19,0.19,1.528e+09,5.5787e+10,6.241e+09,2.1384e+10
CSCO,2014-07-26,2014-09-09,2014-09-09,12357000000,7405000000,2681000000,2.247e+09,5.281e+09,1,5.281e+09,0.18999999999999995,0.18999999999999995,1.591e+09,5.6654e+10,6.726e+09,2.1401e+10
CSCO,2014-10-25,2014-11-20,2014-11-20,12245000000,7333000000,2342000000,1.828e+09,5.156e+09,1,5.156e+09,0.19,0.19,1.676e+09,5.6708e+10,4.387e+09,2.2315e+10
CSCO,2015-01-24,2015-02-18,2015-02-18,11936000000,7090000000,2622000000,2.397e+09,5.16e+09,1,5.16e+09,0.19,0.19,1.89e+09,5.7718e+10,4.797e+09,2.1367e+10
CSCO,2015-04-25,2015-05-20,2015-05-20,12137000000,7525000000,2925000000,2.437e+09,5.148e+09,1,5.148e+09,0.21,0.21,1.76e+09,5.8823e+10,3.87e+09,2.4414e+10
CSCO,2015-07-25,2015-09-08,2015-09-08,12843000000,7733000000,2881000000,2.319e+09,5.146e+09,1,5.146e+09,0.21000000000000008,0.21000000000000008,1.627e+09,5.9698e+10,6.877e+09,2.9245e+10
CSCO,2015-10-24,2015-11-19,2015-11-19,12682000000,7832000000,3079000000,2.43e+09,5.113e+09,1,5.113e+09,0.21,0.21,1.482e+09,5.9977e+10,5.758e+09,2.7644e+10
CSCO,2016-01-23,2016-02-18,2016-02-18,11927000000,7432000000,3294000000,3.147e+09,5.097e+09,1,5.097e+09,0.21,0.21,1.362e+09,6.0871e+10,6.314e+09,2.7603e+10
CSCO,2016-04-30,2016-05-24,2016-05-24,12000000000,7721000000,2984000000,2.349e+09,5.065e+09,1,5.065e+09,0.26,0.26,1.343e+09,6.2358e+10,8.895e+09,3.2757e+10
CSCO,2016-07-30,2017-09-07,2017-09-07,12638000000,7975000000,3303000000,2.813e+09,5.088e+09,1,5.088e+09,0.26,0.26,1.217e+09,6.3586e+10,7.631e+09,3.2801e+10
CSCO,2016-10-29,2016-11-22,2016-11-22,12352000000,7884000000,2877000000,2.322e+09,5.066e+09,1,5.066e+09,0.26,0.26,1.176e+09,6.3406e+10,8.583e+09,3.8944e+10
CSCO,2017-01-28,2017-02-21,2017-02-21,11580000000,7276000000,2893000000,2.348e+09,5.04e+09,1,5.04e+09,0.26,0.26,1.264e+09,6.3811e+10,1.0898e+10,3.8773e+10
CSCO,2017-04-29,2017-05-23,2017-05-23,11940000000,7518000000,3169000000,2.515e+09,5.045e+09,1,5.045e+09,0.29,0.29,1.366e+09,6.5382e+10,8.116e+09,3.2718e+10
CSCO,2017-07-29,2017-09-07,2017-09-07,12133000000,7546000000,3034000000,2.424e+09,5.049e+09,1,5.049e+09,0.29,0.29,1.616e+09,6.6137e+10,1.1708e+10,3.5219e+10
CSCO,2017-10-28,2017-11-21,2017-11-21,12136000000,7427000000,2756000000,2.394e+09,4.994e+09,1,4.994e+09,0.29,0.29,1.693e+09,6.555e+10,1.1043e+10,3.518e+10
CSCO,2018-01-27,2018-02-20,2018-02-20,11887000000,7498000000,3073000000,-8.778e+09,4.924e+09,1,4.924e+09,0.29,0.29,1.896e+09,5.1982e+10,1.7624e+10,3.5123e+10
CSCO,2018-04-28,2018-05-22,2018-05-22,12463000000,7759000000,3134000000,2.691e+09,4.844e+09,1,4.844e+09,0.33,0.33,1.9e+09,4.6661e+10,6.719e+09,3.5808e+10
CSCO,2018-07-28,2018-09-06,2018-09-06,12844000000,7922000000,3346000000,3.803e+09,4.881e+09,1,4.881e+09,0.33,0.33,1.846e+09,4.3204e+10,4.6548e+10,3.0807e+10
CSCO,2018-10-27,2018-11-20,2018-11-20,13072000000,8146000000,3805000000,3.549e+09,4.614e+09,1,4.614e+09,0.33,0.33,1.572e+09,4.3848e+10,8.41e+09,3.2805e+10
CSCO,2019-01-26,2019-02-19,2019-02-19,12446000000,7773000000,3211000000,2.822e+09,4.505e+09,1,4.505e+09,0.33,0.33,1.701e+09,4.0789e+10,9.835e+09,3.5367e+10
CSCO,2019-04-27,2019-05-21,2019-05-21,12958000000,8173000000,3513000000,3.044e+09,4.415e+09,1,4.415e+09,0.35,0.35,1.513e+09,3.6804e+10,3.4643e+10,2.4909e+10
CSCO,2019-07-27,2019-09-05,2019-09-05,13428000000,8574000000,3690000000,2.206e+09,4.453e+09,1,4.453e+09,0.35,0.35,1.383e+09,3.3571e+10,3.3413e+10,2.6471e+10
CSCO,2019-10-26,2019-11-19,2019-11-19,13159000000,8464000000,3579000000,2.926e+09,4.273e+09,1,4.273e+09,0.35,0.35,1.344e+09,3.4423e+10,2.8035e+10,2.2497e+10
CSCO,2020-01-25,2020-02-18,2020-02-18,12005000000,7764000000,3380000000,2.878e+09,4.26e+09,1,4.26e+09,0.35,0.35,1.353e+09,3.5533e+10,2.7062e+10,1.7492e+10
CSCO,2020-04-25,2020-05-18,2020-05-18,11983000000,7771000000,3414000000,2.774e+09,4.243e+09,1,4.243e+09,0.36,0.36,1.212e+09,3.5708e+10,2.8574e+10,2.059e+10
CSCO,2020-07-25,2020-09-03,2020-09-03,12154000000,7684000000,3247000000,2.636e+09,4.254e+09,1,4.254e+09,0.36,0.36,1.282e+09,3.792e+10,2.9419e+10,1.7588e+10
CSCO,2020-10-24,2020-11-17,2020-11-17,11929000000,7581000000,2570000000,2.174e+09,4.244e+09,1,4.244e+09,0.36,0.36,1.303e+09,3.8157e+10,3.0012e+10,1.9568e+10
CSCO,2021-01-23,2021-02-16,2021-02-16,11960000000,7784000000,3223000000,2.545e+09,4.234e+09,1,4.234e+09,0.36,0.36,1.436e+09,3.9121e+10,3.0588e+10,1.9554e+10
CSCO,2021-05-01,2021-05-25,2021-05-25,12803000000,8185000000,3465000000,2.863e+09,4.238e+09,1,4.238e+09,0.37,0.37,1.579e+09,4.0205e+10,2.3579e+10,1.3532e+10
CSCO,2021-07-31,2021-09-09,2021-09-09,13126000000,8344000000,3575000000,3.009e+09,4.236e+09,1,4.236e+09,0.3700000000000001,0.3700000000000001,1.559e+09,4.1275e+10,2.4518e+10,1.4034e+10
CSCO,2021-10-30,2021-11-23,2021-11-23,12900000000,8053000000,3438000000,2.98e+09,4.243e+09,1,4.243e+09,0.37,0.37,1.832e+09,4.2701e+10,2.3346e+10,1.0008e+10
CSCO,2022-01-29,2022-02-22,2022-02-22,12720000000,8049000000,3487000000,2.973e+09,4.205e+09,1,4.205e+09,0.37,0.37,2.059e+09,3.9496e+10,2.1113e+10,9.973e+09
CSCO,2022-04-30,2022-05-25,2022-05-25,12835000000,8121000000,3610000000,3.044e+09,4.17e+09,1,4.17e+09,0.38,0.38,2.231e+09,4.04e+10,2.0108e+10,1.0418e+10
CSCO,2022-07-30,2022-09-08,2022-09-08,13102000000,8025000000,3434000000,2.815e+09,4.192e+09,1,4.192e+09,0.3799999999999999,0.3799999999999999,2.568e+09,3.9773e+10,1.9267e+10,9.414e+09
CSCO,2022-10-29,2022-11-22,2022-11-22,13632000000,8346000000,3540000000,2.67e+09,4.116e+09,1,4.116e+09,0.38,0.38,2.664e+09,4.0272e+10,1.9784e+10,1.0127e+10
CSCO,2023-01-28,2023-02-21,2023-02-21,13592000000,8427000000,3292000000,2.773e+09,4.116e+09,1,4.116e+09,0.38,0.38,3.14e+09,4.1474e+10,2.2061e+10,1.0137e+10
CSCO,2023-04-29,2023-05-24,2023-05-24,14571000000,9232000000,3946000000,3.212e+09,4.11e+09,1,4.11e+09,0.39,0.39,3.474e+09,4.2295e+10,2.3288e+10,1.0125e+10
CSCO,2023-07-29,2023-09-07,2023-09-07,15203000000,9748000000,4253000000,3.958e+09,4.105e+09,1,4.105e+09,0.3900000000000001,0.3900000000000001,3.644e+09,4.4353e+10,2.6146e+10,1.0124e+10
CSCO,2023-10-28,2023-11-21,2023-11-21,14668000000,9557000000,4276000000,3.638e+09,4.087e+09,1,4.087e+09,0.39,0.39,3.342e+09,4.521e+10,2.3523e+10,8.64e+09
CSCO,2024-01-27,2024-02-20,2024-02-20,12791000000,8217000000,3096000000,2.634e+09,4.073e+09,1,4.073e+09,0.39,0.39,3.209e+09,4.6251e+10,2.5671e+10,8.663e+09
CSCO,2024-04-27,2024-05-21,2024-05-21,12702000000,8273000000,2191000000,1.886e+09,4.06e+09,1,4.06e+09,0.4,0.4,3.118e+09,4.5768e+10,1.877e+10,2.0102e+10
CSCO,2024-07-27,2024-09-05,2024-09-05,13642000000,8781000000,2618000000,2.162e+09,4.062e+09,1,4.062e+09,0.3999999999999999,0.3999999999999999,3.373e+09,4.5457e+10,1.7854e+10,2.0597e+10
CSCO,2024-10-26,2024-11-19,2024-11-19,13841000000,9121000000,2358000000,2.711e+09,4.013e+09,1,4.013e+09,0.4,0.4,3.143e+09,4.5277e+10,1.8671e+10,2.0611e+10
CSCO,2025-01-25,2025-02-18,2025-02-18,13991000000,9111000000,3113000000,2.428e+09,4.005e+09,1,4.005e+09,0.4,0.4,2.927e+09,4.553e+10,1.6853e+10,2.0619e+10
CSCO,2025-04-26,2025-05-20,2025-05-20,14149000000,9278000000,3202000000,2.491e+09,4.002e+09,1,4.002e+09,0.41,0.41,2.832e+09,4.5935e+10,1.5642e+10,2.7353e+10
CSCO,2025-07-26,2025-09-03,2025-09-03,14673000000,9280000000,3087000000,2.55e+09,3.998e+09,1,3.998e+09,0.41000000000000014,0.41000000000000014,3.164e+09,4.6843e+10,1.611e+10,2.6361e+10
CSCO,2025-10-25,2025-11-18,2025-11-18,14883000000,9745000000,3363000000,2.86e+09,3.993e+09,1,3.993e+09,0.41,0.41,3.395e+09,4.6873e+10,1.5736e+10,2.7862e+10
CSCO,2026-01-24,2026-02-17,2026-02-17,15349000000,9972000000,3781000000,3.175e+09,3.984e+09,1,3.984e+09,0.41,0.41,3.92e+09,4.7723e+10,1.5777e+10,2.7867e+10
CSCO,2026-04-25,2026-05-19,2026-05-19,15841000000,10080000000,3960000000,3.373e+09,3.982e+09,1,3.982e+09,0.42,0.42,4.708e+09,4.8861e+10,1.664e+10,2.6367e+10
IBM,2008-06-30,2009-07-28,2009-07-28,26820000000,11599000000,,2.765e+09,1.4021e+09,1,1.4021e+09,0.5,0.5,,,9.626e+09,0
IBM,2008-09-30,2009-10-27,2009-10-27,25302000000,10959000000,,2.824e+09,1.3841e+09,1,1.3841e+09,0.5,0.5,,,9.755e+09,0
IBM,2009-03-31,2010-04-27,2010-04-27,21711000000,9431000000,,2.295e+09,1.3495e+09,1,1.3495e+09,0.5,0.5,,,1.2294e+10,0
IBM,2009-06-30,2009-07-28,2009-07-28,23250000000,10581000000,,3.103e+09,1.3369e+09,1,1.3369e+09,0.55,0.55,2.691e+09,1.538e+10,1.2526e+10,8.504e+09
IBM,2009-09-30,2009-10-27,2009-10-27,23566000000,10627000000,,3.214e+09,1.3382e+09,1,1.3382e+09,0.55,0.55,2.546e+09,1.8396e+10,1.1512e+10,4.885e+09
IBM,2009-12-31,2010-02-23,2010-02-23,27231000000,13146000000,,4.813e+09,1.34135e+09,1,1.34135e+09,,,2.494e+09,2.2637e+10,1.3974e+10,2.8322e+10
IBM,2010-03-31,2010-04-27,2010-04-27,22857000000,9976000000,,2.601e+09,1.3216e+09,1,1.3216e+09,0.55,0.55,2.524e+09,2.2033e+10,1.3977e+10,5.014e+09
IBM,2010-06-30,2010-07-27,2010-07-27,23724000000,10809000000,,3.386e+09,1.2967e+09,1,1.2967e+09,0.65,0.65,2.595e+09,2.1059e+10,1.2241e+10,5.633e+09
IBM,2010-09-30,2010-10-26,2010-10-26,24271000000,11001000000,,3.589e+09,1.2728e+09,1,1.2728e+09,0.65,0.65,2.629e+09,2.2238e+10,1.1086e+10,5.556e+09
IBM,2010-12-31,2011-02-22,2011-02-22,29018000000,14228000000,,5.257e+09,1.28736e+09,1,1.28736e+09,,,2.45e+09,2.3046e+10,1.1651e+10,2.988e+10
IBM,2011-03-31,2011-04-26,2011-04-26,24607000000,10858000000,,2.863e+09,1.24e+09,1,1.24e+09,0.65,0.65,2.549e+09,2.2671e+10,1.3245e+10,8.508e+09
IBM,2011-06-30,2011-07-26,2011-07-26,26666000000,12385000000,,3.664e+09,1.2214e+09,1,1.2214e+09,0.75,0.75,2.573e+09,2.3127e+10,1.1764e+10,7.858e+09
IBM,2011-09-30,2011-10-25,2011-10-25,26157000000,12173000000,,3.839e+09,1.2049e+09,1,1.2049e+09,0.75,0.75,2.663e+09,2.2291e+10,1.1303e+10,6.071e+09
IBM,2011-12-31,2012-02-28,2012-02-28,29486000000,14722000000,,5.489e+09,1.21377e+09,1,1.21377e+09,,,2.595e+09,2.0138e+10,1.1922e+10,3.1467e+10
IBM,2012-03-31,2012-04-24,2012-04-24,24673000000,11118000000,,3.066e+09,1.1742e+09,1,1.1742e+09,0.75,0.75,2.754e+09,2.0701e+10,1.2335e+10,3.2053e+10
IBM,2012-06-30,2012-07-31,2012-07-31,25783000000,12281000000,,3.881e+09,1.1619e+09,1,1.1619e+09,0.85,0.85,2.758e+09,2.0472e+10,1.1187e+10,3.2435e+10
IBM,2012-09-30,2012-10-30,2012-10-30,24747000000,11732000000,,3.824e+09,1.1493e+09,1,1.1493e+09,0.85,0.85,2.586e+09,2.1541e+10,1.2254e+10,3.3667e+10
IBM,2012-12-31,2013-02-26,2013-02-26,29304000000,15167000000,,5.833e+09,1.15545e+09,1,1.15545e+09,0.85,0.85,2.287e+09,1.886e+10,1.1129e+10,3.5273e+10
IBM,2013-03-31,2013-04-30,2013-04-30,23408000000,10678000000,,3.032e+09,1.124e+09,1,1.124e+09,0.85,0.85,2.421e+09,1.9092e+10,1.1992e+10,3.3397e+10
IBM,2013-06-30,2013-07-31,2013-07-31,24924000000,12132000000,,3.226e+09,1.1094e+09,1,1.1094e+09,0.95,0.95,2.389e+09,1.7756e+10,1.0357e+10,3.4122e+10
IBM,2013-09-30,2013-10-29,2013-10-29,23720000000,11380000000,,4.041e+09,1.0988e+09,1,1.0988e+09,0.95,0.95,2.492e+09,1.9877e+10,1.0232e+10,3.618e+10
IBM,2013-12-31,2014-02-25,2014-02-25,27699000000,14315000000,,6.184e+09,1.10304e+09,1,1.10304e+09,0.95,0.95,2.31e+09,2.2792e+10,1.1066e+10,4.0564e+10
IBM,2014-03-31,2014-04-29,2014-04-29,22484000000,10543000000,,2.384e+09,1.0418e+09,1,1.0418e+09,0.95,0.95,2.456e+09,1.6607e+10,9.704e+09,4.398e+10
IBM,2014-06-30,2014-07-29,2014-07-29,24364000000,11975000000,,4.137e+09,1.0051e+09,1,1.0051e+09,1.1,1.1,2.338e+09,1.7377e+10,9.72e+09,4.4962e+10
IBM,2014-09-30,2014-10-28,2014-10-28,22397000000,10874000000,,1.8e+07,9.977e+08,1,9.977e+08,1.1,1.1,2.356e+09,1.4255e+10,9.565e+09,4.4967e+10
IBM,2014-12-31,2015-02-24,2015-02-24,23548000000,13015000000,,5.483e+09,1.01e+09,1,1.01e+09,1.1,1.1,2.103e+09,1.1868e+10,8.476e+09,4.4276e+10
IBM,2015-03-31,2015-04-28,2015-04-28,19590000000,9452000000,,2.328e+09,9.923e+08,1,9.923e+08,1.1,1.1,1.97e+09,1.2141e+10,8.804e+09,4.2439e+10
IBM,2015-06-30,2015-07-28,2015-07-28,20813000000,10390000000,,3.449e+09,9.867e+08,1,9.867e+08,1.3,1.3,1.912e+09,1.3684e+10,8.76e+09,4.1191e+10
IBM,2015-09-30,2015-10-27,2015-10-27,19280000000,9436000000,,2.95e+09,9.79e+08,1,9.79e+08,1.3,1.3,1.613e+09,1.3294e+10,9.568e+09,4.2693e+10
IBM,2015-12-31,2016-02-23,2016-02-23,22058000000,11406000000,,4.463e+09,9.827e+08,1,9.827e+08,1.3,1.3,1.551e+09,1.4262e+10,8.194e+09,4.397e+10
IBM,2016-03-31,2016-04-26,2016-04-26,18684000000,8686000000,,2.014e+09,9.644e+08,1,9.644e+08,1.3,1.3,1.69e+09,1.4925e+10,1.4869e+10,5.0254e+10
IBM,2016-06-30,2016-07-26,2016-07-26,20238000000,9702000000,,2.504e+09,9.605e+08,1,9.605e+08,1.4,1.4,1.685e+09,1.5733e+10,1.0617e+10,4.881e+10
IBM,2016-09-30,2016-10-25,2016-10-25,19226000000,9013000000,,2.853e+09,9.573e+08,1,9.573e+08,1.4,1.4,1.729e+09,1.701e+10,9.968e+09,4.8685e+10
IBM,2016-12-31,2017-02-28,2017-02-28,21771000000,10893000000,,4.501e+09,9.58714e+08,1,9.58714e+08,1.4000000000000004,1.4000000000000004,1.553e+09,1.8246e+10,8.527e+09,4.7132e+10
IBM,2017-03-31,2017-04-25,2017-04-25,18155000000,7772000000,,1.75e+09,9.478e+08,1,9.478e+08,1.4,1.4,1.609e+09,1.8327e+10,1.0695e+10,5.0553e+10
IBM,2017-06-30,2017-07-25,2017-07-25,19289000000,8794000000,,2.331e+09,9.396e+08,1,9.396e+08,1.5,1.5,1.604e+09,1.8419e+10,1.2295e+10,5.328e+10
IBM,2017-09-30,2017-10-31,2017-10-31,19153000000,8800000000,,2.726e+09,9.33227e+08,1,9.33227e+08,1.5,1.5,1.711e+09,1.9627e+10,1.1515e+10,4.911e+10
IBM,2017-12-31,2018-02-27,2018-02-27,22542000000,10861000000,,-1.054e+09,9.37386e+08,1,9.37386e+08,1.5,1.5,1.583e+09,1.7594e+10,1.258e+10,5.0266e+10
IBM,2018-03-31,2018-04-24,2018-04-24,19072000000,8247000000,,1.679e+09,9.25409e+08,1,9.25409e+08,1.5,1.5,1.753e+09,1.8166e+10,1.2842e+10,4.7926e+10
IBM,2018-06-30,2018-07-31,2018-07-31,20003000000,9199000000,,2.404e+09,9.19399e+08,1,9.19399e+08,1.57,1.57,1.742e+09,1.852e+10,1.1707e+10,4.8745e+10
IBM,2018-09-30,2018-10-30,2018-10-30,18756000000,8803000000,,2.694e+09,9.15213e+08,1,9.15213e+08,1.57,1.57,1.893e+09,1.9784e+10,1.4495e+10,4.9535e+10
IBM,2018-12-31,2019-02-26,2019-02-26,21760000000,10687000000,,1.951e+09,9.16316e+08,1,9.16316e+08,1.5699999999999994,1.5699999999999994,1.682e+09,1.6796e+10,1.1997e+10,4.9707e+10
IBM,2019-03-31,2019-04-30,2019-04-30,18182000000,8043000000,,1.591e+09,8.93911e+08,1,8.93911e+08,1.57,1.57,1.771e+09,1.6481e+10,1.8006e+10,5.3939e+10
IBM,2019-06-30,2019-07-30,2019-07-30,19161000000,9010000000,,2.498e+09,8.90832e+08,1,8.90832e+08,1.62,1.62,1.745e+09,1.7645e+10,4.6273e+10,7.1505e+10
IBM,2019-09-30,2019-10-30,2019-10-30,18028000000,8336000000,,1.672e+09,8.9284e+08,1,8.9284e+08,1.62,1.62,1.712e+09,1.7956e+10,1.082e+10,6.8091e+10
IBM,2019-12-31,2020-02-25,2020-02-25,21776000000,11099000000,,3.67e+09,8.92813e+08,1,8.92813e+08,1.6199999999999992,1.6199999999999992,1.619e+09,2.0841e+10,8.868e+09,7.1004e+10
IBM,2020-03-31,2020-04-28,2020-04-28,17571000000,7922000000,,1.175e+09,8.95039e+08,1,8.95039e+08,1.62,1.62,1.786e+09,1.9999e+10,1.1865e+10,6.4327e+10
IBM,2020-06-30,2020-07-28,2020-07-28,18123000000,8700000000,,1.361e+09,8.94939e+08,1,8.94939e+08,1.63,1.63,1.869e+09,2.0551e+10,1.4104e+10,6.4738e+10
IBM,2020-09-30,2020-10-27,2020-10-27,17560000000,8430000000,,1.698e+09,8.97292e+08,1,8.97292e+08,1.63,1.63,1.949e+09,2.1208e+10,1.5593e+10,6.5414e+10
IBM,2020-12-31,2021-02-23,2021-02-23,20366000000,10523000000,,1.356e+09,8.96564e+08,1,8.96564e+08,1.63,1.63,1.839e+09,2.0597e+10,1.3812e+10,6.1538e+10
IBM,2021-03-31,2021-04-27,2021-04-27,17730000000,8204000000,,9.55e+08,9.01746e+08,1,9.01746e+08,1.63,1.63,1.828e+09,2.1389e+10,1.1131e+10,5.6404e+10
IBM,2021-06-30,2021-07-27,2021-07-27,18745000000,9004000000,,1.325e+09,9.04233e+08,1,9.04233e+08,1.64,1.64,1.807e+09,2.1942e+10,7.35e+09,5.5177e+10
IBM,2021-09-30,2021-11-05,2021-11-05,17618000000,8171000000,,1.13e+09,9.05953e+08,1,9.05953e+08,1.64,1.64,1.891e+09,2.2228e+10,7.455e+09,5.4501e+10
IBM,2021-12-31,2022-02-22,2022-02-22,3257000000,6107000000,,2.333e+09,9.04641e+08,1,9.04641e+08,1.6400000000000006,1.6400000000000006,1.649e+09,1.8901e+10,6.65e+09,5.1704e+10
IBM,2022-03-31,2022-04-26,2022-04-26,14197000000,7335000000,,7.33e+08,9.09226e+08,1,9.09226e+08,1.64,1.64,1.776e+09,1.905e+10,9.934e+09,5.4235e+10
IBM,2022-06-30,2022-07-25,2022-07-25,15535000000,8290000000,,1.392e+09,9.1075e+08,1,9.1075e+08,1.65,1.65,1.684e+09,1.9409e+10,7.034e+09,5.0309e+10
IBM,2022-09-30,2022-10-25,2022-10-25,14107000000,7430000000,,-3.196e+09,9.04077e+08,1,9.04077e+08,1.65,1.65,1.794e+09,2.0076e+10,7.816e+09,5.0879e+10
IBM,2022-12-31,2023-02-28,2023-02-28,16691000000,9632000000,,2.71e+09,9.12269e+08,1,9.12269e+08,1.6500000000000004,1.6500000000000004,1.552e+09,2.1944e+10,7.886e+09,5.0949e+10
IBM,2023-03-31,2023-04-25,2023-04-25,14252000000,7509000000,,9.27e+08,9.17845e+08,1,9.17845e+08,1.65,1.65,1.603e+09,2.1604e+10,9.337e+09,5.8713e+10
IBM,2023-06-30,2023-07-25,2023-07-25,15475000000,8501000000,,1.583e+09,9.19452e+08,1,9.19452e+08,1.66,1.66,1.501e+09,2.2201e+10,9.394e+09,5.7476e+10
IBM,2023-09-30,2023-10-31,2023-10-31,14752000000,8023000000,,1.704e+09,9.23673e+08,1,9.23673e+08,1.66,1.66,1.399e+09,2.3081e+10,7.257e+09,5.5242e+10
IBM,2023-12-31,2024-02-26,2024-02-26,17381000000,10267000000,,3.288e+09,9.22074e+08,1,9.22074e+08,1.6600000000000001,1.6600000000000001,1.161e+09,2.2533e+10,1.3068e+10,5.6547e+10
IBM,2024-03-31,2024-04-30,2024-04-30,14462000000,7742000000,,1.605e+09,9.33431e+08,1,9.33431e+08,1.66,1.66,1.212e+09,2.3261e+10,1.4603e+10,5.9504e+10
IBM,2024-06-30,2024-07-30,2024-07-30,15770000000,8950000000,,1.834e+09,9.34398e+08,1,9.34398e+08,1.67,1.67,1.234e+09,2.4026e+10,1.221e+10,5.6531e+10
IBM,2024-09-30,2024-10-30,2024-10-30,14968000000,8420000000,,-3.3e+08,9.23578e+08,1,9.23578e+08,1.67,1.67,1.367e+09,2.4448e+10,1.3197e+10,5.6579e+10
IBM,2024-12-31,2025-02-25,2025-02-25,17553000000,10439000000,,2.914e+09,9.37161e+08,1,9.37161e+08,1.67,1.67,1.289e+09,2.7307e+10,1.3947e+10,5.4973e+10
IBM,2025-03-31,2025-04-24,2025-04-24,14541000000,8031000000,,1.055e+09,9.45368e+08,1,9.45368e+08,1.67,1.67,1.431e+09,2.688e+10,1.1035e+10,6.3284e+10
IBM,2025-06-30,2025-07-24,2025-07-24,16977000000,9977000000,,2.194e+09,9.47962e+08,1,9.47962e+08,1.68,1.68,1.251e+09,2.7509e+10,1.1943e+10,6.4164e+10
NFLX,2008-06-30,2009-07-31,2009-07-31,337614000,107527000.0,34201000,2.6579e+07,6.3857e+07,7,4.46999e+08,,,,,1.44289e+08,0
NFLX,2008-09-30,2009-10-26,2009-10-26,341269000,116773000.0,34074000,2.0371e+07,6.2272e+07,7,4.35904e+08,,,,,1.11524e+08,0
NFLX,2009-03-31,2010-04-28,2010-04-28,394098000,134830000.0,36471000,2.2363e+07,6.0709e+07,7,4.24963e+08,,,,,1.15131e+08,0
NFLX,2009-06-30,2009-07-31,2009-07-31,408509000,139266000.0,52782000,3.2443e+07,5.966e+07,7,4.1762e+08,,,,3.24371e+08,8.7471e+07,0
NFLX,2009-09-30,2009-10-26,2009-10-26,423120000,147846000.0,49337000,3.0141e+07,5.7938e+07,7,4.05566e+08,,,,2.32202e+08,5.5717e+07,0
NFLX,2009-12-31,2010-02-22,2010-02-22,444542000,169056000.0,53349000,3.0913e+07,5.8416e+07,7,4.08912e+08,,,,1.99143e+08,1.34224e+08,2e+08
NFLX,2010-03-31,2010-04-28,2010-04-28,493665000,186503000.0,58345000,3.2272e+07,5.4775e+07,7,3.83425e+08,,,,1.46735e+08,7.9861e+07,2e+08
NFLX,2010-06-30,2010-07-27,2010-07-27,519819000,204885000.0,77342000,4.3519e+07,5.4324e+07,7,3.80268e+08,,,,1.7664e+08,1.07327e+08,0
NFLX,2010-09-30,2010-10-26,2010-10-26,553219000,208750000.0,69501000,3.7967e+07,5.3931e+07,7,3.77517e+08,,,,1.91975e+08,1.13108e+08,0
NFLX,2010-12-31,2012-02-10,2012-02-10,595922000,205132000.0,78453000,4.7095e+07,5.4304e+07,7,3.80128e+08,,,,2.90164e+08,1.94499e+08,0
NFLX,2011-03-31,2011-04-27,2011-04-27,718553000,280402000.0,102240000,6.0233e+07,5.4246e+07,7,3.79722e+08,,,,2.75722e+08,1.50419e+08,0
NFLX,2011-06-30,2011-07-27,2011-07-27,788610000,298632000.0,115114000,6.8214e+07,5.3909e+07,7,3.77363e+08,,,,3.34034e+08,1.75207e+08,0
NFLX,2011-09-30,2011-10-27,2011-10-27,821839000,285222000.0,96842000,6.246e+07,5.387e+07,7,3.7709e+08,,,,3.88352e+08,1.59199e+08,0
NFLX,2011-12-31,2012-02-10,2012-02-10,875575000,300420000.0,61872000,3.5219e+07,5.4369e+07,7,3.80583e+08,,,,6.4281e+08,5.08053e+08,0
NFLX,2012-03-31,2012-04-27,2012-04-27,869791000,245858000.0,-1935000,-4.584e+06,5.5456e+07,7,3.88192e+08,,,,6.63402e+08,3.95992e+08,0
NFLX,2012-06-30,2012-08-02,2012-08-02,889163000,245735000.0,16154000,6.164e+06,5.8809e+07,7,4.11663e+08,,,,6.88226e+08,4.02251e+08,0
NFLX,2012-09-30,2012-10-30,2012-10-30,905089000,242451000.0,16135000,7.675e+06,5.8729e+07,7,4.11103e+08,,,,7.1684e+08,3.70298e+08,0
NFLX,2012-12-31,2013-02-01,2013-02-01,945239000,249372000.0,19638000,7.897e+06,5.8904e+07,7,4.12328e+08,,,,7.44673e+08,2.90291e+08,2e+08
NFLX,2013-03-31,2013-04-26,2013-04-26,1023961000,167923000.0,31822000,2.689e+06,6.0146e+07,7,4.21022e+08,,,,8.12919e+08,4.18051e+08,0
NFLX,2013-06-30,2013-07-25,2013-07-25,1069372000,194087000.0,57117000,2.9471e+07,6.059e+07,7,4.2413e+08,,,,1.10562e+09,3.70678e+08,5e+08
NFLX,2013-09-30,2013-10-25,2013-10-25,1105999000,314980000.0,57120000,3.1822e+07,6.099e+07,7,4.2693e+08,,,,1.20437e+09,4.39056e+08,5e+08
NFLX,2013-12-31,2014-02-03,2014-02-03,1175230000,363381000.0,82288000,4.8421e+07,6.0761e+07,7,4.25327e+08,,,,1.33356e+09,6.04965e+08,5e+08
NFLX,2014-03-31,2014-04-23,2014-04-23,1270089000,400903000.0,97595000,5.3115e+07,6.1548e+07,7,4.30836e+08,,,,1.47836e+09,1.15745e+09,9e+08
NFLX,2014-06-30,2014-07-22,2014-07-22,1340407000,425559000.0,129600000,7.1018e+07,6.1634e+07,7,4.31438e+08,,,,1.6097e+09,1.21424e+09,9e+08
NFLX,2014-09-30,2014-10-20,2014-10-20,1409432000,455038000.0,110407000,5.9295e+07,6.182e+07,7,4.3274e+08,,,,1.72487e+09,1.18322e+09,9e+08
NFLX,2014-12-31,2015-01-29,2015-01-29,1484728000,470396000.0,65046000,8.3371e+07,6.1699e+07,7,4.31893e+08,,,,1.85771e+09,1.11361e+09,9e+08
NFLX,2015-03-31,2015-04-17,2015-04-17,1573129000,526728000.0,97456000,2.3696e+07,6.1973e+07,7,4.33811e+08,,,,1.90921e+09,2.45478e+09,2.4e+09
NFLX,2015-06-30,2015-07-17,2015-07-17,1644694000,522942000.0,74835000,2.6335e+07,4.36097e+08,1,4.36097e+08,,,,2.03208e+09,2.29387e+09,2.4e+09
NFLX,2015-09-30,2015-10-16,2015-10-16,1738355000,564397000.0,73641000,2.9432e+07,4.37606e+08,1,4.37606e+08,,,,2.16732e+09,2.11544e+09,2.4e+09
NFLX,2015-12-31,2016-01-28,2016-01-28,1823333000,573968000.0,59894000,4.3178e+07,4.36456e+08,1,4.36456e+08,,,,2.22343e+09,1.80933e+09,2.37136e+09
NFLX,2016-03-31,2016-04-20,2016-04-20,1957736000,588196000.0,49453000,2.7658e+07,4.37993e+08,1,4.37993e+08,,,,2.31723e+09,1.60524e+09,2.37222e+09
NFLX,2016-06-30,2016-07-19,2016-07-19,2105204000,632106000.0,70370000,4.0755e+07,4.38154e+08,1,4.38154e+08,,,,2.41583e+09,1.39092e+09,2.37308e+09
NFLX,2016-09-30,2016-10-20,2016-10-20,2290188000,757344000.0,106036000,5.1517e+07,4.38389e+08,1,4.38389e+08,,,,2.52897e+09,9.69158e+08,2.37397e+09
NFLX,2016-12-31,2017-01-27,2017-01-27,2477541000,823122000.0,153934000,6.6748e+07,4.38652e+08,1,4.38652e+08,,,,2.6798e+09,1.46758e+09,3.36431e+09
NFLX,2017-03-31,2017-04-20,2017-04-20,2636635000,979611000.0,256942000,1.78222e+08,4.45458e+08,1,4.45458e+08,,,,2.97368e+09,1.07782e+09,3.36543e+09
NFLX,2017-06-30,2017-07-19,2017-07-19,2785464000,883156000.0,127807000,6.56e+07,4.46262e+08,1,4.46262e+08,,,,3.1125e+09,1.91878e+09,4.8365e+09
NFLX,2017-09-30,2017-10-18,2017-10-18,2984859000,991879000.0,208627000,1.2959e+08,4.47362e+08,1,4.47362e+08,,,,3.32736e+09,1.74647e+09,4.88878e+09
NFLX,2017-12-31,2018-01-29,2018-01-29,3285755000,1178401000.0,245303000,1.85517e+08,4.46814e+08,1,4.46814e+08,,,,3.58196e+09,2.8228e+09,6.49943e+09
NFLX,2018-03-31,2018-04-18,2018-04-18,3700856000,1400277000.0,446578000,2.90124e+08,4.50359e+08,1,4.50359e+08,,,,4.02073e+09,2.59367e+09,9.07912e+09
NFLX,2018-06-30,2018-07-18,2018-07-18,3907270000,1504839000.0,462213000,3.84349e+08,4.51552e+08,1,4.51552e+08,,,,4.4966e+09,3.90636e+09,1.19138e+10
NFLX,2018-09-30,2018-10-18,2018-10-18,3999374000,1468246000.0,480668000,4.02835e+08,4.51919e+08,1,4.51919e+08,,,,5.00965e+09,3.06753e+09,1.1835e+10
NFLX,2018-12-31,2019-01-29,2019-01-29,4186841000,1453441000.0,215767000,1.33934e+08,4.51244e+08,1,4.51244e+08,,,,5.23876e+09,3.79448e+09,1.48732e+10
NFLX,2019-03-31,2019-04-18,2019-04-18,4520992000,1650378000.0,459084000,3.44052e+08,4.51922e+08,1,4.51922e+08,,,,5.70306e+09,3.34856e+09,1.47682e+10
NFLX,2019-06-30,2019-07-19,2019-07-19,4923116000,1917459000.0,706419000,2.7065e+08,4.52195e+08,1,4.52195e+08,,,,6.10555e+09,5.00425e+09,1.79091e+10
NFLX,2019-09-30,2019-10-18,2019-10-18,5244905000,2146986000.0,980239000,6.65244e+08,4.51552e+08,1,4.51552e+08,,,,6.8615e+09,4.43502e+09,1.76473e+10
NFLX,2019-12-31,2020-01-29,2020-01-29,5467434000,2001411000.0,458512000,5.8697e+08,4.51765e+08,1,4.51765e+08,,,,7.58216e+09,5.01844e+09,2.07234e+10
NFLX,2020-03-31,2020-04-21,2020-04-21,5767691000,2167990000.0,958256000,7.09067e+08,4.52494e+08,1,4.52494e+08,,,,8.40929e+09,5.15188e+09,2.10865e+10
NFLX,2020-06-30,2020-07-20,2020-07-20,6148286000,2504579000.0,1357928000,7.20196e+08,4.53945e+08,1,4.53945e+08,,,,9.33475e+09,7.15325e+09,2.20763e+10
NFLX,2020-09-30,2020-10-22,2020-10-22,6435637000,2567886000.0,1314863000,7.89976e+08,4.55088e+08,1,4.55088e+08,,,,1.03333e+10,8.39239e+09,2.23825e+10
NFLX,2020-12-31,2021-01-28,2021-01-28,6644442000,2479282000.0,954242000,5.42156e+08,4.54208e+08,1,4.54208e+08,,,,1.10652e+10,8.20555e+09,2.2357e+10
NFLX,2021-03-31,2021-04-22,2021-04-22,7163282000,3294771000.0,1959856000,1.70672e+09,4.55641e+08,1,4.55641e+08,,,,1.28841e+10,8.4037e+09,2.16996e+10
NFLX,2021-06-30,2021-07-22,2021-07-22,7341777000,3323769000.0,1847630000,1.35301e+09,4.55129e+08,1,4.55129e+08,,,,1.38639e+10,7.77753e+09,2.14223e+10
NFLX,2021-09-30,2021-10-21,2021-10-21,7483467000,3276878000.0,1755253000,1.44907e+09,4.54925e+08,1,4.54925e+08,,,,1.53146e+10,7.52668e+09,2.12352e+10
NFLX,2021-12-31,2022-01-27,2022-01-27,7709318000,2469743000.0,631770000,6.07429e+08,4.55372e+08,1,4.55372e+08,,,,1.58492e+10,6.0278e+09,1.53929e+10
NFLX,2022-03-31,2022-04-21,2022-04-21,7867767000,3583062000.0,1971626000,1.59745e+09,4.52984e+08,1,4.52984e+08,,,,1.7544e+10,6.00895e+09,1.45346e+10
NFLX,2022-06-30,2022-07-21,2022-07-21,7970141000,3279386000.0,1578283000,1.44095e+09,4.50169e+08,1,4.50169e+08,,,,1.9076e+10,5.81945e+09,1.42333e+10
NFLX,2022-09-30,2022-10-20,2022-10-20,7925589000,3136924000.0,1533018000,1.39824e+09,4.50344e+08,1,4.50344e+08,,,,2.05281e+10,6.11373e+09,1.38881e+10
NFLX,2022-12-31,2023-01-26,2023-01-26,7852053000,2447893000.0,549904000,5.5284e+07,4.5129e+08,1,4.5129e+08,,,,2.07774e+10,6.05845e+09,1.43531e+10
NFLX,2023-03-31,2023-04-21,2023-04-21,8161503000,3357878000.0,1714317000,1.30512e+09,4.52417e+08,1,4.52417e+08,,,,2.18282e+10,7.8275e+09,1.44371e+10
NFLX,2023-06-30,2023-07-21,2023-07-21,8187301000,3513831000.0,1827183000,1.48761e+09,4.51572e+08,1,4.51572e+08,,,,2.28322e+10,8.57699e+09,1.44695e+10
NFLX,2023-09-30,2023-10-20,2023-10-20,8541668000,3610880000.0,1916394000,1.67742e+09,4.50011e+08,1,4.50011e+08,,,,2.21076e+10,7.86745e+09,1.43004e+10
NFLX,2023-12-31,2024-01-26,2024-01-26,8832825000,3525340000.0,1496109000,9.37838e+08,4.49498e+08,1,4.49498e+08,,,,2.05883e+10,7.13789e+09,1.45433e+10
NFLX,2024-03-31,2024-04-22,2024-04-22,9370440000,4393367000.0,2632534000,2.33221e+09,4.41654e+08,1,4.41654e+08,,,,2.13654e+10,7.04574e+09,1.4016e+10
NFLX,2024-06-30,2024-07-19,2024-07-19,9559310000,4385167000.0,2602837000,2.14731e+09,4.39739e+08,1,4.39739e+08,,,,2.21127e+10,6.65591e+09,1.39801e+10
NFLX,2024-09-30,2024-10-18,2024-10-18,9824703000,4704819000.0,2909477000,2.36351e+09,4.37898e+08,1,4.37898e+08,,,,2.27207e+10,9.22393e+09,1.59813e+10
NFLX,2024-12-31,2025-01-27,2025-01-27,10246513000,4479149000.0,2272766000,1.86861e+09,4.39261e+08,1,4.39261e+08,,,,2.47436e+10,9.58374e+09,1.55828e+10
NFLX,2025-03-31,2025-04-18,2025-04-18,10542801000,5279654000.0,3346999000,2.89035e+09,4.36962e+08,1,4.36962e+08,,,,2.40281e+10,8.37099e+09,1.50169e+10
NFLX,2025-06-30,2025-07-18,2025-07-18,11079166000,5753855000.0,3774694000,3.12541e+09,4.34883e+08,1,4.34883e+08,,,,2.49519e+10,8.39052e+09,1.44532e+10
NOW,2011-06-30,2012-08-10,2012-08-10,29485000,19998000,2269000,2.036e+06,2.95842e+07,1,2.95842e+07,,,,-5.8381e+07,5.9853e+07,0
NOW,2011-09-30,2012-10-31,2012-10-31,34197000,22265000,1019000,121000,3.21265e+07,1,3.21265e+07,,,,,6.9036e+07,0
NOW,2012-03-31,2013-05-08,2013-05-08,47431000,26195000,-5582000,-5.64e+06,2.51236e+07,1,2.51236e+07,,,,,8.014e+07,0
NOW,2012-06-30,2012-08-10,2012-08-10,56774000,33883000,-9117000,-8.724e+06,2.77885e+07,1,2.77885e+07,,,,-4.3128e+07,6.5482e+07,0
NOW,2012-09-30,2012-10-31,2012-10-31,64345000,36771000,-13347000,-1.3053e+07,1.17698e+08,1,1.17698e+08,,,,1.91268e+08,1.16976e+08,0
NOW,2012-12-31,2013-03-08,2013-03-08,75162000,42854000,-9538000,-9.931e+06,7.39086e+07,1,7.39086e+07,,,,2.43405e+08,1.18989e+08,0
NOW,2013-03-31,2013-05-08,2013-05-08,85939000,53631000,-12913000,-1.3358e+07,1.29782e+08,1,1.29782e+08,,,,2.63927e+08,1.44782e+08,0
NOW,2013-06-30,2013-08-07,2013-08-07,102222000,66224000,-19343000,-2.1405e+07,1.34454e+08,1,1.34454e+08,,,,2.67895e+08,1.20233e+08,0
NOW,2013-09-30,2013-11-04,2013-11-04,111259000,69684000,-14650000,-1.4713e+07,1.37457e+08,1,1.37457e+08,,,,2.87596e+08,1.21094e+08,0
NOW,2013-12-31,2014-02-28,2014-02-28,125230000,79852000,-19361000,-2.4232e+07,1.35416e+08,1,1.35416e+08,,,,3.94259e+08,3.66303e+08,0
NOW,2014-03-31,2014-05-07,2014-05-07,139090000,85976000,-36181000,-4.3311e+07,1.4206e+08,1,1.4206e+08,,,,4.03742e+08,3.3792e+08,0
NOW,2014-06-30,2014-08-07,2014-08-07,166757000,107819000,-44471000,-5.0363e+07,1.44457e+08,1,1.44457e+08,,,,3.98117e+08,3.29275e+08,0
NOW,2014-09-30,2014-11-05,2014-11-05,178712000,112626000,-34499000,-4.105e+07,1.46336e+08,1,1.46336e+08,,,,4.17415e+08,2.35086e+08,0
NOW,2014-12-31,2015-02-27,2015-02-27,198004000,127366000,-36684000,-4.4663e+07,1.45356e+08,1,1.45356e+08,,,,4.28675e+08,2.52455e+08,0
NOW,2015-03-31,2015-05-07,2015-05-07,211964000,135065000,-54232000,-5.8093e+07,1.51602e+08,1,1.51602e+08,,,,4.5491e+08,3.07981e+08,0
NOW,2015-06-30,2015-08-06,2015-08-06,246716000,166999000,-53235000,-6.1925e+07,1.54465e+08,1,1.54465e+08,,,,4.63113e+08,3.25354e+08,0
NOW,2015-09-30,2015-11-04,2015-11-04,261150000,179262000,-28040000,-4.103e+07,1.56931e+08,1,1.56931e+08,,,,5.16934e+08,3.49073e+08,0
NOW,2015-12-31,2016-02-25,2016-02-25,285650000,194741000,-30858000,-3.7378e+07,1.55707e+08,1,1.55707e+08,,,,5.66814e+08,4.12305e+08,0
NOW,2016-03-31,2016-05-06,2016-05-06,305879000,211619000,-324152000,-3.33332e+08,1.62067e+08,1,1.62067e+08,,,,3.02356e+08,4.5345e+08,0
NOW,2016-06-30,2016-08-03,2016-08-03,341312000,244663000,-48278000,-4.9625e+07,1.63839e+08,1,1.63839e+08,,,,3.24282e+08,2.89113e+08,0
NOW,2016-09-30,2016-11-04,2016-11-04,357656000,254819000,-26775000,-3.6258e+07,1.65379e+08,1,1.65379e+08,,,,3.62503e+08,3.25067e+08,0
NOW,2016-12-31,2017-02-28,2017-02-28,385666000,280730000,-23603000,-3.2589e+07,1.64534e+08,1,1.64534e+08,,,,3.86961e+08,4.01238e+08,0
NOW,2017-03-31,2017-05-05,2017-05-05,416783000,300336000,-42490000,-4.0662e+07,1.68742e+08,1,1.68742e+08,,,,4.27339e+08,9.53644e+08,0
NOW,2017-06-30,2017-08-08,2017-08-08,471703000,350018000,-38737000,-5.6473e+07,1.70419e+08,1,1.70419e+08,,,,4.82426e+08,1.66996e+09,0
NOW,2017-09-30,2017-11-06,2017-11-06,498170000,370890000,-7055000,-2.4188e+07,1.71883e+08,1,1.71883e+08,,,,5.51391e+08,1.65396e+09,0
NOW,2017-12-31,2018-02-28,2018-02-28,546370000,412010000,-13132000,-2.7807e+07,1.71176e+08,1,1.71176e+08,,,,5.84132e+08,1.75858e+09,0
NOW,2018-03-31,2018-05-08,2018-05-08,589222000,445749000,-20283000,1.0622e+07,1.9025e+08,1,1.9025e+08,,,,8.65163e+08,6.82854e+08,0
NOW,2018-06-30,2018-08-08,2018-08-08,631056000,477891000,-31989000,-5.2746e+07,1.77343e+08,1,1.77343e+08,,,,8.9171e+08,7.04846e+08,0
NOW,2018-09-30,2018-11-07,2018-11-07,673097000,515239000,9568000,8.405e+06,1.92191e+08,1,1.92191e+08,,,,1.02018e+09,1.62604e+09,0
NOW,2018-12-31,2019-02-27,2019-02-27,715441000,547279000,278000,7.015e+06,1.77846e+08,1,1.77846e+08,,,,1.1112e+09,1.49792e+09,0
NOW,2019-03-31,2019-05-03,2019-05-03,788926000,602674000,-15713000,-1.545e+06,1.82062e+08,1,1.82062e+08,,,,1.19495e+09,1.66211e+09,0
NOW,2019-06-30,2019-08-06,2019-08-06,833904000,635757000,-27000000,-1.1079e+07,1.86678e+08,1,1.86678e+08,,,,1.26095e+09,1.65338e+09,0
NOW,2019-09-30,2019-10-25,2019-10-25,885833000,685040000,56324000,4.0598e+07,1.97878e+08,1,1.97878e+08,,,,1.42947e+09,1.47107e+09,0
NOW,2019-12-31,2020-02-20,2020-02-20,951774000,740321000,28512000,5.98724e+08,1.97223e+08,1,1.97223e+08,,,,2.12794e+09,1.6911e+09,6.94981e+08
NOW,2020-03-31,2020-04-30,2020-04-30,1046340000,822974000,49335000,4.8231e+07,1.99938e+08,1,1.99938e+08,,,,2.2661e+09,1.8587e+09,0
NOW,2020-06-30,2020-07-30,2020-07-30,1070842000,837903000,62266000,4.0766e+07,2.01453e+08,1,2.01453e+08,,,,2.47881e+09,2.34267e+09,0
NOW,2020-09-30,2020-10-29,2020-10-29,1151972000,900268000,69332000,1.2858e+07,2.01861e+08,1,2.01861e+08,,,,2.67372e+09,2.95161e+09,1.70553e+09
NOW,2020-12-31,2021-02-12,2021-02-12,1250330000,971226000,17930000,1.6648e+07,2.02478e+08,1,2.02478e+08,,,,2.83448e+09,3.09204e+09,1.64e+09
NOW,2021-03-31,2021-04-29,2021-04-29,1360000000,1061000000,97000000,8.244e+07,2.02268e+08,1,2.02268e+08,,,,3.037e+09,3.456e+09,1.611e+09
NOW,2021-06-30,2021-07-29,2021-07-29,1409000000,1080000000,51000000,5.9e+07,2.02273e+08,1,2.02273e+08,,,,3.275e+09,2.984e+09,1.582e+09
NOW,2021-09-30,2021-10-28,2021-10-28,1512000000,1162000000,74000000,6.289e+07,2.03124e+08,1,2.03124e+08,,,,3.534e+09,3.031e+09,1.577e+09
NOW,2021-12-31,2022-02-03,2022-02-03,1615000000,1240000000,35000000,2.5811e+07,2.03167e+08,1,2.03167e+08,,,,3.695e+09,3.304e+09,9.2e+07
NOW,2022-03-31,2022-04-28,2022-04-28,1722000000,1353000000,87000000,7.535e+07,2.028e+08,1,2.028e+08,,,,3.997e+09,4.014e+09,8.8e+07
NOW,2022-06-30,2022-07-28,2022-07-28,1752000000,1363000000,22000000,1.9772e+07,2.03018e+08,1,2.03018e+08,,,,4.194e+09,3.834e+09,0
NOW,2022-09-30,2022-10-27,2022-10-27,1831000000,1431000000,91000000,7.9749e+07,2.03121e+08,1,2.03121e+08,,,,4.523e+09,3.956e+09,0
NOW,2022-12-31,2023-01-31,2023-01-31,1940000000,1525000000,155000000,1.50129e+08,2.03535e+08,1,2.03535e+08,,,,5.032e+09,4.28e+09,0
NOW,2023-03-31,2023-04-27,2023-04-27,2096000000,1658000000,144000000,1.5e+08,2.04263e+08,1,2.04263e+08,,,,5.6e+09,4.914e+09,0
NOW,2023-06-30,2023-07-27,2023-07-27,2150000000,1679000000,117000000,1.044e+09,2.05351e+08,1,2.05351e+08,,,,6.926e+09,4.747e+09,0
NOW,2023-09-30,2023-10-26,2023-10-26,2288000000,1792000000,231000000,2.42e+08,2.06277e+08,1,2.06277e+08,,,,7.182e+09,4.067e+09,0
NOW,2023-12-31,2024-01-25,2024-01-25,2437000000,1921000000,270000000,2.95e+08,2.05591e+08,1,2.05591e+08,,,,7.628e+09,4.877e+09,0
NOW,2024-03-31,2024-05-06,2024-05-06,2603000000,2083000000,332000000,3.47e+08,2.07684e+08,1,2.07684e+08,,,,8.107e+09,5.11e+09,0
NOW,2024-06-30,2024-07-25,2024-07-25,2627000000,2075000000,240000000,2.62e+08,2.07799e+08,1,2.07799e+08,,,,8.666e+09,5.413e+09,0
NOW,2024-09-30,2024-10-24,2024-10-24,2797000000,2213000000,418000000,4.32e+08,2.08552e+08,1,2.08552e+08,,,,9.29e+09,5.295e+09,0
NOW,2024-12-31,2025-01-30,2025-01-30,2957000000,2326000000,374000000,3.84e+08,2.08423e+08,1,2.08423e+08,,,,9.609e+09,5.762e+09,0
NOW,2025-03-31,2025-04-23,2025-04-23,3088000000,2437000000,451000000,4.6e+08,2.09371e+08,1,2.09371e+08,,,,1.0139e+10,6.597e+09,0
NOW,2025-06-30,2025-07-24,2025-07-24,3215000000,2491000000,358000000,3.85e+08,2.09322e+08,1,2.09322e+08,,,,1.0932e+10,6.132e+09,0
INTU,2008-10-31,2009-12-04,2009-12-04,481000000,448000000.0,-76000000,-5.2e+07,3.23e+08,1,3.23e+08,,,,1.954e+09,1.69e+08,0
INTU,2009-01-31,2010-03-01,2010-03-01,773000000,717000000.0,111000000,8.5e+07,3.26e+08,1,3.26e+08,,,,2.036e+09,3.39e+08,0
INTU,2009-04-30,2010-05-28,2010-05-28,1417000000,1383000000.0,765000000,4.85e+08,3.29e+08,1,3.29e+08,,,,2.6e+09,1.222e+09,0
INTU,2009-07-31,2010-09-16,2010-09-16,457000000,301000000.0,-118000000,-7.1e+07,3.3e+08,1,3.3e+08,,,,2.557e+09,1.347e+09,0
INTU,2009-10-31,2009-12-04,2009-12-04,493000000,458000000.0,-99000000,-6.8e+07,3.2e+08,1,3.2e+08,,,,2.272e+09,9.27e+08,0
INTU,2010-01-31,2010-03-01,2010-03-01,837000000,789000000.0,139000000,1.14e+08,3.23e+08,1,3.23e+08,,,,2.256e+09,9.46e+08,0
INTU,2010-04-30,2010-05-28,2010-05-28,1607000000,1573000000.0,888000000,5.76e+08,3.23e+08,1,3.23e+08,,,,2.858e+09,1.929e+09,0
INTU,2010-07-31,2010-09-16,2010-09-16,537000000,385000000.0,-64000000,-4.8e+07,3.25e+08,1,3.25e+08,,,,2.821e+09,1.622e+09,9.98e+08
INTU,2010-10-31,2010-12-06,2010-12-06,532000000,500000000.0,-104000000,-7e+07,3.16e+08,1,3.16e+08,0.0,0.0,,2.615e+09,1.174e+09,0
INTU,2011-01-31,2011-03-01,2011-03-01,878000000,832000000.0,111000000,7.3e+07,3.18e+08,1,3.18e+08,0.0,0.0,,2.272e+09,8.92e+08,0
INTU,2011-04-30,2011-06-01,2011-06-01,1848000000,1816000000.0,1061000000,6.88e+08,3.13e+08,1,3.13e+08,0.0,0.0,,2.821e+09,1.828e+09,5e+08
INTU,2011-07-31,2011-09-14,2011-09-14,593000000,429000000.0,-61000000,-5.7e+07,3.17e+08,1,3.17e+08,0.0,0.0,,2.616e+09,1.421e+09,9.99e+08
INTU,2011-10-31,2011-12-01,2011-12-01,594000000,562000000.0,-94000000,-6.4e+07,3e+08,1,3e+08,0.15,0.15,,2.361e+09,1.051e+09,0
INTU,2012-01-31,2012-02-29,2012-02-29,1019000000,967000000.0,192000000,1.18e+08,3.06e+08,1,3.06e+08,0.15,0.15,,2.223e+09,9.59e+08,0
INTU,2012-04-30,2012-05-25,2012-05-25,1945000000,1913000000.0,1107000000,7.34e+08,3.03e+08,1,3.03e+08,0.15,0.15,,2.835e+09,1.522e+09,0
INTU,2012-07-31,2012-09-13,2012-09-13,651000000,460000000.0,-45000000,4e+06,3.05e+08,1,3.05e+08,0.15000000000000002,0.15000000000000002,,2.744e+09,7.44e+08,4.99e+08
INTU,2012-10-31,2012-11-29,2012-11-29,647000000,615000000.0,-69000000,-1.9e+07,2.96e+08,1,2.96e+08,0.17,0.17,,2.745e+09,5.58e+08,4.99e+08
INTU,2013-01-31,2013-03-01,2013-03-01,968000000,928000000.0,93000000,7.1e+07,3.03e+08,1,3.03e+08,0.17,0.17,,2.792e+09,6.78e+08,4.99e+08
INTU,2013-04-30,2013-05-30,2013-05-30,2178000000,2148000000.0,1247000000,8.22e+08,3.04e+08,1,3.04e+08,0.17,0.17,,3.57e+09,1.995e+09,4.99e+08
INTU,2013-07-31,2013-09-13,2013-09-13,634000000,507000000.0,-60000000,-1.6e+07,3.03e+08,1,3.03e+08,0.17000000000000004,0.17000000000000004,,3.531e+09,1.661e+09,4.99e+08
INTU,2013-10-31,2013-11-22,2013-11-22,622000000,593000000.0,-77000000,-1.1e+07,2.88e+08,1,2.88e+08,0.19,0.19,,2.224e+09,1.116e+09,4.99e+08
INTU,2014-01-31,2014-02-21,2014-02-21,782000000,737000000.0,-46000000,-3.7e+07,2.84e+08,1,2.84e+08,0.19,0.19,,2.235e+09,1.331e+09,4.99e+08
INTU,2014-04-30,2014-05-21,2014-05-21,2388000000,2354000000.0,1494000000,9.84e+08,2.9e+08,1,2.9e+08,0.19,0.19,,3.238e+09,2.633e+09,4.99e+08
INTU,2014-07-31,2014-09-12,2014-09-12,714000000,535000000.0,-57000000,-2.9e+07,2.91e+08,1,2.91e+08,0.18999999999999995,0.18999999999999995,,3.078e+09,1.914e+09,4.99e+08
INTU,2014-10-31,2014-11-21,2014-11-21,672000000,638000000.0,-114000000,-8.4e+07,2.86e+08,1,2.86e+08,0.25,0.25,,2.927e+09,1.589e+09,4.99e+08
INTU,2015-01-31,2015-02-19,2015-02-19,808000000,764000000.0,-98000000,-6.6e+07,2.85e+08,1,2.85e+08,0.25,0.25,,2.354e+09,1.367e+09,4.99e+08
INTU,2015-04-30,2015-05-22,2015-05-22,2194000000,2159000000.0,906000000,5.01e+08,2.82e+08,1,2.82e+08,0.25,0.25,,2.321e+09,2.084e+09,4.99e+08
INTU,2015-07-31,2015-09-01,2015-09-01,696000000,520000000.0,-130000000,1.4e+07,2.86e+08,1,2.86e+08,0.25,0.25,,2.332e+09,1.697e+09,5e+08
INTU,2015-10-31,2015-11-20,2015-11-20,713000000,684000000.0,-29000000,-3.1e+07,2.72e+08,1,2.72e+08,0.3,0.3,,1.051e+09,4.74e+08,5e+08
INTU,2016-01-31,2016-02-25,2016-02-25,923000000,883000000.0,42000000,2.4e+07,2.66e+08,1,2.66e+08,0.3,0.3,,6.41e+08,3.34e+08,1.245e+09
INTU,2016-04-30,2016-05-24,2016-05-24,2304000000,2274000000.0,1285000000,1.026e+09,2.6e+08,1,2.6e+08,0.3,0.3,,1.248e+09,1.613e+09,1e+09
INTU,2016-07-31,2016-09-01,2016-09-01,754000000,583000000.0,-56000000,-4e+07,2.65e+08,1,2.65e+08,0.30000000000000004,0.30000000000000004,,1.161e+09,1.08e+09,1e+09
INTU,2016-10-31,2016-11-18,2016-11-18,778000000,749000000.0,-61000000,-3e+07,2.58e+08,1,2.58e+08,0.34,0.34,,9.36e+08,6.05e+08,1.1e+09
INTU,2017-01-31,2017-02-23,2017-02-23,1016000000,979000000.0,22000000,1.3e+07,2.6e+08,1,2.6e+08,0.34,0.34,,7.85e+08,6.37e+08,1.15e+09
INTU,2017-04-30,2017-05-23,2017-05-23,2541000000,2512000000.0,1444000000,9.64e+08,2.6e+08,1,2.6e+08,0.34,0.34,,1.697e+09,1.593e+09,5e+08
INTU,2017-07-31,2017-09-01,2017-09-01,842000000,659000000.0,-10000000,2.4e+07,2.61e+08,1,2.61e+08,0.3400000000000001,0.3400000000000001,,1.354e+09,7.77e+08,4.88e+08
INTU,2017-10-31,2017-11-20,2017-11-20,886000000,862000000.0,-57000000,-1.7e+07,2.56e+08,1,2.56e+08,0.39,0.39,,1.203e+09,7.77e+08,8.75e+08
INTU,2018-01-31,2018-02-22,2018-02-22,1165000000,1129000000.0,20000000,-2.1e+07,2.56e+08,1,2.56e+08,0.39,0.39,,1.157e+09,7.26e+08,1.103e+09
INTU,2018-04-30,2018-05-22,2018-05-22,2925000000,2898000000.0,1615000000,1.2e+09,2.62e+08,1,2.62e+08,0.39,0.39,,2.364e+09,1.936e+09,4.5e+08
INTU,2018-07-31,2018-08-31,2018-08-31,988000000,757000000.0,-81000000,4.9e+07,2.61e+08,1,2.61e+08,0.3900000000000001,0.3900000000000001,,2.354e+09,1.716e+09,4.38e+08
INTU,2018-10-31,2018-11-20,2018-11-20,1016000000,769000000.0,-10000000,3.4e+07,2.64e+08,1,2.64e+08,0.47,0.47,,2.782e+09,1.332e+09,4.25e+08
INTU,2019-01-31,2019-02-22,2019-02-22,1502000000,1217000000.0,233000000,1.89e+08,2.64e+08,1,2.64e+08,0.47,0.47,,2.796e+09,1.333e+09,4.13e+08
INTU,2019-04-30,2019-05-23,2019-05-23,3272000000,2918000000.0,1784000000,1.378e+09,2.64e+08,1,2.64e+08,0.47,0.47,,4.07e+09,3.346e+09,4.48e+08
INTU,2019-07-31,2019-08-30,2019-08-30,994000000,713000000.0,-153000000,-4.4e+07,2.64e+08,1,2.64e+08,0.47,0.47,,3.749e+09,2.74e+09,4.36e+08
INTU,2019-10-31,2019-11-21,2019-11-21,1165000000,875000000.0,10000000,5.7e+07,2.64e+08,1,2.64e+08,0.53,0.53,,3.633e+09,2.255e+09,4.23e+08
INTU,2020-01-31,2020-02-24,2020-02-24,1696000000,1356000000.0,270000000,2.4e+08,2.64e+08,1,2.64e+08,0.53,0.53,,3.727e+09,2.266e+09,4.11e+08
INTU,2020-04-30,2020-05-21,2020-05-21,3002000000,2576000000.0,1413000000,1.084e+09,2.64e+08,1,2.64e+08,0.53,0.53,,4.74e+09,3.971e+09,3.98e+08
INTU,2020-07-31,2020-08-31,2020-08-31,1816000000,1494000000.0,483000000,4.45e+08,2.64e+08,1,2.64e+08,0.53,0.53,,5.106e+09,7.05e+09,3.386e+09
INTU,2020-10-31,2020-11-19,2020-11-19,1323000000,,209000000,1.98e+08,2.65e+08,1,2.65e+08,0.59,0.59,,5.245e+09,5.793e+09,2.357e+09
INTU,2021-01-31,2021-02-23,2021-02-23,1576000000,,-25000000,2e+07,2.73e+08,1,2.73e+08,0.59,0.59,,8.868e+09,2.738e+09,2.358e+09
INTU,2021-04-30,2021-05-25,2021-05-25,4173000000,,1914000000,1.464e+09,2.76e+08,1,2.76e+08,0.59,0.59,,9.955e+09,4.116e+09,2.033e+09
INTU,2021-07-31,2021-09-08,2021-09-08,2561000000,,402000000,3.8e+08,2.73e+08,1,2.73e+08,0.5899999999999999,0.5899999999999999,,9.869e+09,3.87e+09,2.048e+09
INTU,2021-10-31,2021-11-18,2021-11-18,2007000000,,195000000,2.28e+08,2.77e+08,1,2.77e+08,0.68,0.68,,9.733e+09,3.25e+09,2.037e+09
INTU,2022-01-31,2022-03-02,2022-03-02,2673000000,,56000000,1e+08,2.87e+08,1,2.87e+08,0.68,0.68,,1.5595e+10,1.414e+09,6.732e+09
INTU,2022-04-30,2022-05-24,2022-05-24,5632000000,,2395000000,1.794e+09,2.86e+08,1,2.86e+08,0.68,0.68,,1.6961e+10,3.904e+09,6.853e+09
INTU,2022-07-31,2022-09-02,2022-09-02,2414000000,,-75000000,-5.6e+07,2.84e+08,1,2.84e+08,0.6800000000000002,0.6800000000000002,,1.6441e+10,3.281e+09,7.413e+09
INTU,2022-10-31,2022-11-29,2022-11-29,2597000000,,76000000,4e+07,2.84e+08,1,2.84e+08,0.78,0.78,,1.6067e+10,2.724e+09,7.484e+09
INTU,2023-01-31,2023-02-23,2023-02-23,3041000000,,270000000,1.68e+08,2.82e+08,1,2.82e+08,0.78,0.78,,1.5842e+10,2.071e+09,7.578e+09
INTU,2023-04-30,2023-05-23,2023-05-23,6018000000,,2778000000,2.087e+09,2.83e+08,1,2.83e+08,0.78,0.78,,1.7592e+10,3.745e+09,7.111e+09
INTU,2023-07-31,2023-09-01,2023-09-01,2712000000,,17000000,8.9e+07,2.83e+08,1,2.83e+08,0.7800000000000002,0.7800000000000002,,1.7269e+10,2.848e+09,6.12e+09
INTU,2023-10-31,2023-11-28,2023-11-28,2978000000,,307000000,2.41e+08,2.83e+08,1,2.83e+08,0.9,0.9,,1.6992e+10,1.734e+09,5.879e+09
INTU,2024-01-31,2024-02-22,2024-02-22,3386000000,,369000000,3.53e+08,2.84e+08,1,2.84e+08,0.9,0.9,,1.6908e+10,1.474e+09,5.95e+09
INTU,2024-04-30,2024-05-23,2024-05-23,6737000000,,3105000000,2.389e+09,2.84e+08,1,2.84e+08,0.9,0.9,,1.8757e+10,4.215e+09,5.952e+09
INTU,2024-07-31,2024-09-04,2024-09-04,3184000000,,-151000000,-2e+07,2.84e+08,1,2.84e+08,0.8999999999999999,0.8999999999999999,,1.8436e+10,3.609e+09,6.537e+09
INTU,2024-10-31,2024-11-21,2024-11-21,3283000000,,271000000,1.97e+08,2.83e+08,1,2.83e+08,1.04,1.04,,1.8136e+10,2.872e+09,6.623e+09
INTU,2025-01-31,2025-02-25,2025-02-25,3963000000,,593000000,4.71e+08,2.83e+08,1,2.83e+08,1.04,1.04,,1.7949e+10,2.435e+09,6.76e+09
INTU,2025-04-30,2025-05-22,2025-05-22,7754000000,,3720000000,2.82e+09,2.82e+08,1,2.82e+08,1.04,1.04,,2.0125e+10,5.443e+09,6.906e+09
INTU,2025-07-31,2025-09-03,2025-09-03,3831000000,,339000000,3.81e+08,2.83e+08,1,2.83e+08,1.04,1.04,,1.971e+10,2.884e+09,5.973e+09
HPQ,2016-01-31,2016-03-03,2016-03-03,12246000000,2620000000.0,928000000,5.92e+08,1.785e+09,1,1.785e+09,0.25,0.25,4.052e+09,-4.909e+09,3.688e+09,4.9e+07
HPQ,2016-04-30,2016-06-03,2016-06-03,11588000000,2250000000.0,841000000,6.29e+08,1.731e+09,1,1.731e+09,0.0,0.0,3.547e+09,-4.786e+09,4.636e+09,6.4e+07
HPQ,2016-07-31,2016-09-01,2016-09-01,11892000000,2172000000.0,1117000000,7.83e+08,1.725e+09,1,1.725e+09,0.25,0.25,3.961e+09,-3.926e+09,5.636e+09,7.5e+07
HPQ,2016-10-31,2016-12-15,2016-12-15,12512000000,1956000000.0,663000000,4.92e+08,1.743e+09,1,1.743e+09,0.0,0.0,4.484e+09,-3.889e+09,6.288e+09,7.8e+07
HPQ,2017-01-31,2017-03-02,2017-03-02,12684000000,2248000000.0,856000000,6.11e+08,1.721e+09,1,1.721e+09,0.27,0.27,4.555e+09,-4.327e+09,6.331e+09,1e+08
HPQ,2017-04-30,2017-06-01,2017-06-01,12385000000,2383000000.0,818000000,5.59e+08,1.709e+09,1,1.709e+09,0.0,0.0,4.756e+09,-3.955e+09,6.223e+09,1.1e+08
HPQ,2017-07-31,2017-08-31,2017-08-31,13060000000,2427000000.0,955000000,6.96e+08,1.695e+09,1,1.695e+09,0.26,0.26,5.184e+09,-4.339e+09,6.967e+09,1.062e+09
HPQ,2017-10-31,2017-12-15,2017-12-15,13927000000,2520000000.0,890000000,6.6e+08,1.702e+09,1,1.702e+09,0.0,0.0,5.786e+09,-3.408e+09,8.146e+09,1.072e+09
HPQ,2018-01-31,2018-03-01,2018-03-01,14517000000,2582000000.0,973000000,1.938e+09,1.669e+09,1,1.669e+09,0.28,0.28,5.655e+09,-2.742e+09,5.475e+09,1.529e+09
HPQ,2018-04-30,2018-06-05,2018-06-05,14003000000,2702000000.0,964000000,1.058e+09,1.646e+09,1,1.646e+09,0.0,0.0,5.557e+09,-1.863e+09,4.247e+09,1.617e+09
HPQ,2018-07-31,2018-08-28,2018-08-28,14586000000,2688000000.0,1080000000,8.8e+08,1.618e+09,1,1.618e+09,0.28,0.28,6.091e+09,-1.767e+09,7.081e+09,2.681e+09
HPQ,2018-10-31,2018-12-13,2018-12-13,15366000000,2697000000.0,1047000000,1.451e+09,1.634e+09,1,1.634e+09,0.0,0.0,6.062e+09,-6.39e+08,5.877e+09,1.463e+09
HPQ,2019-01-31,2019-03-05,2019-03-05,14710000000,2612000000.0,926000000,8.03e+08,1.567e+09,1,1.567e+09,0.32,0.32,5.649e+09,-1.837e+09,3.792e+09,2.97e+08
HPQ,2019-04-30,2019-05-30,2019-05-30,14036000000,2729000000.0,928000000,7.82e+08,1.536e+09,1,1.536e+09,0.0,0.0,5.394e+09,-1.487e+09,3.573e+09,2.9e+08
HPQ,2019-07-31,2019-08-29,2019-08-29,14603000000,2905000000.0,1079000000,1.179e+09,1.508e+09,1,1.508e+09,0.28,0.28,5.716e+09,-1.131e+09,4.919e+09,3.28e+08
HPQ,2019-10-31,2019-12-12,2019-12-12,15407000000,2924000000.0,944000000,3.88e+08,1.524e+09,1,1.524e+09,0.039999999999999925,0.039999999999999925,5.734e+09,-1.193e+09,4.537e+09,5.137e+09
HPQ,2020-01-31,2020-03-05,2020-03-05,14618000000,2872000000.0,865000000,6.78e+08,1.46e+09,1,1.46e+09,0.35,0.35,4.946e+09,-1.634e+09,4.493e+09,4.81e+09
HPQ,2020-04-30,2020-06-05,2020-06-05,12469000000,2493000000.0,826000000,7.64e+08,1.44e+09,1,1.44e+09,,,6.354e+09,-7.43e+08,4.054e+09,4.822e+09
HPQ,2020-07-31,2020-09-04,2020-09-04,14294000000,2393000000.0,779000000,7.34e+08,1.423e+09,1,1.423e+09,0.35,0.35,5.896e+09,-1.986e+09,4.679e+09,6.213e+09
HPQ,2020-10-31,2020-12-10,2020-12-10,15258000000,2679000000.0,992000000,6.68e+08,1.42e+09,1,1.42e+09,,,5.963e+09,-2.228e+09,5.138e+09,6.935e+09
HPQ,2021-01-31,2021-03-05,2021-03-05,15646000000,3324000000.0,1321000000,1.068e+09,1.293e+09,1,1.293e+09,0.39,0.39,6.668e+09,-3.235e+09,4.16e+09,6.144e+09
HPQ,2021-04-30,2021-06-04,2021-06-04,15877000000,3440000000.0,1362000000,1.228e+09,1.247e+09,1,1.247e+09,,,7.502e+09,-3.36e+09,3.436e+09,6.108e+09
HPQ,2021-07-31,2021-09-03,2021-09-03,15289000000,3388000000.0,1381000000,1.108e+09,1.199e+09,1,1.199e+09,0.39,0.39,8.165e+09,-3.942e+09,3.447e+09,7.079e+09
HPQ,2021-10-31,2021-12-09,2021-12-09,16675000000,3265000000.0,1238000000,3.099e+09,1.22e+09,1,1.22e+09,,,7.93e+09,-1.65e+09,4.304e+09,8.679e+09
HPQ,2022-01-31,2022-03-07,2022-03-07,17028000000,3385000000.0,1359000000,1.086e+09,1.094e+09,1,1.094e+09,0.5,0.5,9.018e+09,-2.328e+09,3.399e+09,7.03e+09
HPQ,2022-04-30,2022-06-03,2022-06-03,16490000000,3333000000.0,1278000000,1e+09,1.062e+09,1,1.062e+09,,,8.944e+09,-1.898e+09,4.477e+09,8.969e+09
HPQ,2022-07-31,2022-09-02,2022-09-02,14664000000,2900000000.0,1272000000,1.119e+09,1.035e+09,1,1.035e+09,0.5,0.5,8.192e+09,-2.318e+09,5.386e+09,1.0952e+10
HPQ,2022-10-31,2022-12-06,2022-12-06,14801000000,2717000000.0,767000000,-2e+06,1.05e+09,1,1.05e+09,,,7.595e+09,-2.918e+09,3.145e+09,1.1355e+10
HPQ,2023-01-31,2023-03-01,2023-03-01,13828000000,2787000000.0,765000000,4.87e+08,9.96e+08,1,9.96e+08,0.53,0.53,7.344e+09,-3.73e+09,1.405e+09,1.0508e+10
HPQ,2023-04-30,2023-05-31,2023-05-31,12913000000,2914000000.0,762000000,1.066e+09,9.98e+08,1,9.98e+08,,,7.221e+09,-2.484e+09,1.923e+09,1.0526e+10
HPQ,2023-07-31,2023-09-11,2023-09-11,13196000000,2822000000.0,952000000,7.66e+08,1.002e+09,1,1.002e+09,0.52,0.52,7.197e+09,-2.245e+09,1.673e+09,9.414e+09
HPQ,2023-10-31,2023-12-18,2023-12-18,13781000000,2985000000.0,977000000,9.44e+08,1e+09,1,1e+09,,,6.862e+09,-1.069e+09,3.107e+09,9.791e+09
HPQ,2024-01-31,2024-02-28,2024-02-28,13185000000,2888000000.0,935000000,6.22e+08,1.002e+09,1,1.002e+09,0.55,0.55,6.928e+09,-1.64e+09,2.263e+09,9.494e+09
HPQ,2024-04-30,2024-05-30,2024-05-30,12800000000,3023000000.0,952000000,6.07e+08,9.9e+08,1,9.9e+08,,,7.512e+09,-9.16e+08,2.442e+09,9.526e+09
HPQ,2024-07-31,2024-08-29,2024-08-29,13519000000,2906000000.0,940000000,6.4e+08,9.9e+08,1,9.9e+08,0.55,0.55,7.79e+09,-1.392e+09,2.785e+09,9.564e+09
HPQ,2024-10-31,2024-12-13,2024-12-13,14055000000,3001000000.0,991000000,9.06e+08,9.89e+08,1,9.89e+08,,,7.72e+09,-1.323e+09,3.238e+09,1.1106e+10
HPQ,2025-01-31,2025-02-28,2025-02-28,13504000000,2840000000.0,845000000,5.65e+08,9.57e+08,1,9.57e+08,0.58,0.58,8.443e+09,-1.072e+09,2.88e+09,9.636e+09
HPQ,2025-04-30,2025-05-29,2025-05-29,13220000000,2739000000.0,654000000,4.06e+08,9.56e+08,1,9.56e+08,,,8.175e+09,-1.276e+09,2.697e+09,1.0683e+10
HPQ,2025-07-31,2025-08-28,2025-08-28,13932000000,2851000000.0,716000000,7.63e+08,9.54e+08,1,9.54e+08,0.58,0.58,8.356e+09,-9.01e+08,2.871e+09,9.554e+09
NXPI,2018-09-30,2019-10-29,2019-10-29,2445000000,1256000000,2211000000,1.82e+09,3.25267e+08,1,3.25267e+08,0.25,0.25,,1.0805e+10,1.944e+09,0
NXPI,2019-03-31,2020-04-28,2020-04-28,2094000000,1072000000,54000000,-1.6e+07,2.87227e+08,1,2.87227e+08,0.25,0.25,,9.931e+09,2.192e+09,0
NXPI,2019-06-30,2020-07-28,2020-07-28,2217000000,1151000000,157000000,4.6e+07,2.85088e+08,1,2.85088e+08,0.25,0.25,,9.52e+09,3.03e+09,0
NXPI,2019-09-29,2019-10-29,2019-10-29,2265000000,1186000000,233000000,1.09e+08,2.83518e+08,1,2.83518e+08,0.375,0.375,1.134e+09,9.39e+09,3.537e+09,1.142e+09
NXPI,2019-12-31,2020-02-27,2020-02-27,2301000000,1209000000,197000000,1.04e+08,2.85911e+08,1,2.85911e+08,0.375,0.375,1.192e+09,9.441e+09,1.045e+09,7.4e+09
NXPI,2020-03-29,2020-04-28,2020-04-28,2021000000,997000000,68000000,-2.1e+07,2.79933e+08,1,2.79933e+08,0.375,0.375,1.227e+09,9.036e+09,1.079e+09,0
NXPI,2020-06-28,2020-07-28,2020-07-28,1817000000,860000000,-145000000,-2.14e+08,2.79142e+08,1,2.79142e+08,0.375,0.375,1.228e+09,8.862e+09,3.266e+09,1.349e+09
NXPI,2020-09-27,2020-10-27,2020-10-27,2267000000,1090000000,32000000,-2.2e+07,2.79467e+08,1,2.79467e+08,0.375,0.375,1.064e+09,8.876e+09,3.566e+09,1.749e+09
NXPI,2020-12-31,2021-02-25,2021-02-25,2507000000,1288000000,463000000,3.09e+08,2.83809e+08,1,2.83809e+08,0.375,0.375,1.03e+09,8.944e+09,2.275e+09,7.65e+09
NXPI,2021-04-04,2021-04-27,2021-04-27,2567000000,1355000000,492000000,3.53e+08,2.83263e+08,1,2.83263e+08,0.5625,0.5625,1.056e+09,8.303e+09,1.842e+09,0
NXPI,2021-07-04,2021-08-03,2021-08-03,2596000000,1422000000,573000000,3.97e+08,2.78735e+08,1,2.78735e+08,0.5625,0.5625,1.116e+09,7.442e+09,2.91e+09,0
NXPI,2021-10-03,2021-11-02,2021-11-02,2861000000,1583000000,711000000,5.19e+08,2.71359e+08,1,2.71359e+08,0.5625,0.5625,1.173e+09,6.738e+09,2.303e+09,9.99e+08
NXPI,2021-12-31,2022-02-24,2022-02-24,3039000000,1707000000,807000000,6.02e+08,2.75646e+08,1,2.75646e+08,0.5625,0.5625,1.189e+09,6.528e+09,2.83e+09,1.065e+10
NXPI,2022-04-03,2022-05-03,2022-05-03,3136000000,1777000000,873000000,6.57e+08,2.65109e+08,1,2.65109e+08,0.845,0.845,1.311e+09,6.509e+09,2.683e+09,0
NXPI,2022-07-03,2022-07-26,2022-07-26,3312000000,1882000000,943000000,6.7e+08,2.64692e+08,1,2.64692e+08,0.845,0.845,1.462e+09,6.962e+09,3.545e+09,0
NXPI,2022-10-02,2022-11-01,2022-11-01,3445000000,1967000000,1001000000,7.38e+08,2.64705e+08,1,2.64705e+08,0.845,0.845,1.581e+09,7.106e+09,3.759e+09,0
NXPI,2022-12-31,2023-03-01,2023-03-01,3312000000,1891000000,980000000,7.22e+08,2.64053e+08,1,2.64053e+08,0.8449999999999998,0.8449999999999998,1.782e+09,7.449e+09,3.845e+09,1.125e+10
NXPI,2023-04-02,2023-05-02,2023-05-02,3121000000,1770000000,825000000,6.15e+08,2.6121e+08,1,2.6121e+08,1.014,1.014,1.977e+09,7.949e+09,3.93e+09,9.98e+08
NXPI,2023-07-02,2023-07-25,2023-07-25,3299000000,1881000000,937000000,6.98e+08,2.61303e+08,1,2.61303e+08,1.014,1.014,2.107e+09,8.172e+09,3.863e+09,9.99e+08
NXPI,2023-10-01,2023-11-07,2023-11-07,3434000000,1965000000,992000000,7.87e+08,2.61095e+08,1,2.61095e+08,1.014,1.014,2.14e+09,8.488e+09,4.042e+09,9.99e+08
NXPI,2023-12-31,2024-02-22,2024-02-22,3422000000,1937000000,907000000,6.97e+08,2.6137e+08,1,2.6137e+08,1.0140000000000002,1.0140000000000002,2.134e+09,8.644e+09,3.862e+09,1.225e+10
NXPI,2024-03-31,2024-04-30,2024-04-30,3126000000,1783000000,856000000,6.39e+08,2.58954e+08,1,2.58954e+08,1.014,1.014,2.102e+09,8.829e+09,2.908e+09,0
NXPI,2024-06-30,2024-07-23,2024-07-23,3127000000,1792000000,896000000,6.58e+08,2.58732e+08,1,2.58732e+08,1.014,1.014,2.148e+09,9.018e+09,2.859e+09,4.99e+08
NXPI,2024-09-29,2024-11-05,2024-11-05,3250000000,1866000000,990000000,7.18e+08,2.57717e+08,1,2.57717e+08,1.014,1.014,2.234e+09,9.406e+09,2.748e+09,4.99e+08
NXPI,2024-12-31,2025-02-20,2025-02-20,3111000000,1678000000,675000000,4.95e+08,2.57848e+08,1,2.57848e+08,1.0140000000000002,1.0140000000000002,2.356e+09,9.183e+09,3.292e+09,1.092e+10
NXPI,2025-03-30,2025-04-29,2025-04-29,2835000000,1560000000,723000000,4.9e+08,2.55018e+08,1,2.55018e+08,1.014,1.014,2.35e+09,9.322e+09,3.988e+09,2e+09
NXPI,2025-06-29,2025-07-24,2025-07-24,2926000000,1562000000,687000000,4.45e+08,2.53844e+08,1,2.53844e+08,1.014,1.014,2.361e+09,9.569e+09,3.17e+09,2e+09
MCHP,2008-06-30,2009-08-10,2009-08-10,268172000,163597000,86632000,7.5547e+07,1.91049e+08,2,3.82098e+08,0.33,0.165,,,6.85575e+08,0
MCHP,2008-09-30,2009-11-06,2009-11-06,269706000,164153000,87181000,7.572e+07,1.87936e+08,2,3.75872e+08,0.338,0.169,,,3.11738e+08,0
MCHP,2008-12-31,2010-02-09,2010-02-09,192166000,104787000,40474000,7.2356e+07,1.83999e+08,2,3.67998e+08,0.339,0.1695,,,3.91194e+08,0
MCHP,2009-03-31,2010-06-02,2010-06-02,173253000,83967000,19041000,2.1964e+07,1.86788e+08,2,3.73576e+08,0.33899999999999997,0.16949999999999998,1.3151e+08,1.48232e+09,1.38994e+09,0
MCHP,2009-06-30,2009-08-10,2009-08-10,192949000,96435000,31178000,2.7368e+07,1.85526e+08,2,3.71052e+08,0.339,0.1695,1.13872e+08,1.45721e+09,1.40744e+09,0
MCHP,2009-09-30,2009-11-06,2009-11-06,226661000,123340000,52726000,4.4485e+07,1.86922e+08,2,3.73844e+08,0.339,0.1695,1.08451e+08,1.45832e+09,1.36399e+09,0
MCHP,2009-12-31,2010-02-09,2010-02-09,250099000,145996000,72568000,6.9403e+07,1.87861e+08,2,3.75722e+08,0.34,0.17,1.12784e+08,1.48388e+09,1.07797e+09,0
MCHP,2010-03-31,2011-05-31,2011-05-31,278020000,168471000,88487000,7.5749e+07,1.87339e+08,2,3.74678e+08,0.34099999999999997,0.17049999999999998,1.16579e+08,1.53338e+09,1.21432e+09,0
MCHP,2010-06-30,2010-08-09,2010-08-09,320801000,199443000,106632000,8.9566e+07,190072,2,380144,0.342,0.171,1.28129e+08,1.56746e+09,1.31582e+09,0
MCHP,2010-09-30,2010-11-08,2010-11-08,382271000,225005000,123143000,1.0308e+08,190704,2,381408,0.343,0.1715,1.66569e+08,1.63717e+09,1.37877e+09,0
MCHP,2010-12-31,2011-02-08,2011-02-08,367824000,216397000,117453000,1.00776e+08,196255,2,392510,0.689,0.3445,1.77705e+08,1.64994e+09,1.19118e+09,0
MCHP,2011-03-31,2012-05-30,2012-05-30,379985000,225591000,124361000,1.25528e+08,1.94715e+08,2,3.8943e+08,0.346,0.173,1.808e+08,1.81244e+09,1.2435e+09,0
MCHP,2011-06-30,2011-08-09,2011-08-09,374507000,219748000,116860000,9.9293e+07,2.04567e+08,2,4.09134e+08,0.346,0.173,2.02455e+08,1.87922e+09,1.51775e+09,0
MCHP,2011-09-30,2011-11-07,2011-11-07,340602000,194994000,97620000,7.9287e+07,2.00199e+08,2,4.00398e+08,0.347,0.1735,2.11206e+08,1.90394e+09,1.41544e+09,0
MCHP,2011-12-31,2012-02-06,2012-02-06,329156000,183779000,88127000,7.7489e+07,2.03291e+08,2,4.06582e+08,0.348,0.174,2.17853e+08,1.9413e+09,1.30227e+09,0
MCHP,2012-03-31,2012-05-30,2012-05-30,338911000,193873000,93909000,8.0636e+07,2.03519e+08,2,4.07038e+08,0.349,0.1745,2.17278e+08,1.99067e+09,1.45901e+09,0
MCHP,2012-06-30,2012-08-09,2012-08-09,352134000,203079000,96333000,7.871e+07,2.037e+08,2,4.074e+08,0.35,0.175,2.21481e+08,2.01799e+09,1.66176e+09,0
MCHP,2012-09-30,2012-11-09,2012-11-09,383298000,194195000,8094000,-2.1184e+07,1.9406e+08,2,3.8812e+08,0.351,0.1755,2.89526e+08,1.9641e+09,1.55341e+09,0
MCHP,2012-12-31,2013-02-11,2013-02-11,416047000,200428000,17413000,1.0173e+07,2.04405e+08,2,4.0881e+08,0.352,0.176,2.61594e+08,1.92709e+09,1.6223e+09,0
MCHP,2013-03-31,2013-05-30,2013-05-30,430144000,239039000,56713000,5.969e+07,2.05776e+08,2,4.11552e+08,0.353,0.1765,2.42334e+08,1.93347e+09,1.5786e+09,0
MCHP,2013-06-30,2013-08-09,2013-08-09,462792000,266574000,98401000,7.8579e+07,2.12266e+08,2,4.24532e+08,0.3535,0.17675,2.56136e+08,1.95426e+09,9.61875e+08,0
MCHP,2013-09-30,2013-11-08,2013-11-08,492669000,288863000,117508000,9.9806e+07,2.16475e+08,2,4.3295e+08,0.354,0.177,2.75124e+08,2.01854e+09,1.15191e+09,8.375e+06
MCHP,2013-12-31,2014-02-07,2014-02-07,482372000,282720000,116918000,1.05401e+08,2.19089e+08,2,4.38178e+08,0.3545,0.17725,2.74629e+08,2.07511e+09,1.3074e+09,1.4159e+07
MCHP,2014-03-31,2014-05-30,2014-05-30,493384000,290586000,126037000,1.11495e+08,2.1763e+08,2,4.3526e+08,0.355,0.1775,2.62725e+08,2.13546e+09,1.34478e+09,1.75e+07
MCHP,2014-06-30,2014-08-11,2014-08-11,528876000,306519000,115946000,8.9909e+07,2.24527e+08,2,4.49054e+08,0.3555,0.17775,2.64505e+08,2.16964e+09,1.75986e+09,1.75e+07
MCHP,2014-09-30,2014-11-10,2014-11-10,546243000,307454000,101318000,9.3641e+07,2.25284e+08,2,4.50568e+08,0.356,0.178,2.75746e+08,2.20342e+09,1.28311e+09,1.75e+07
MCHP,2014-12-31,2015-02-03,2015-02-03,528710000,301959000,98009000,8.6057e+07,2.23487e+08,2,4.46974e+08,0.3565,0.17825,2.76143e+08,2.25629e+09,1.12246e+09,1.75e+07
MCHP,2015-03-31,2015-05-27,2015-05-27,543207000,313632000,110347000,9.9402e+07,2.23561e+08,2,4.47122e+08,0.357,0.1785,2.79456e+08,2.04465e+09,1.95887e+09,0
MCHP,2015-06-30,2015-08-06,2015-08-06,533952000,309017000,121319000,1.30667e+08,2.16767e+08,2,4.33534e+08,0.3575,0.17875,3.0369e+08,2.09888e+09,1.53255e+09,0
MCHP,2015-09-30,2015-11-09,2015-11-09,541391000,300950000,74948000,6.4899e+07,2.17099e+08,2,4.34198e+08,0.358,0.179,3.6376e+08,2.12938e+09,2.00154e+09,0
MCHP,2015-12-31,2016-02-05,2016-02-05,540344000,292718000,76132000,6.1211e+07,2.17975e+08,2,4.3595e+08,0.3585,0.17925,3.19524e+08,2.12634e+09,1.0079e+09,0
MCHP,2016-03-31,2016-05-24,2016-05-24,557647000,302779000,79946000,6.7355e+07,2.17388e+08,2,4.34776e+08,0.359,0.1795,3.06815e+08,2.15092e+09,2.44604e+09,2.4534e+09
MCHP,2016-06-30,2016-08-09,2016-08-09,799411000,348490000,-59104000,-1.13363e+08,2.14345e+08,2,4.2869e+08,0.3595,0.17975,5.18431e+08,2.53255e+09,6.01792e+08,0
MCHP,2016-09-30,2016-11-08,2016-11-08,871364000,410621000,62760000,3.3919e+07,2.3396e+08,2,4.6792e+08,0.36,0.18,4.2469e+08,2.51951e+09,4.90836e+08,0
MCHP,2016-12-31,2017-02-08,2017-02-08,834366000,465259000,118074000,1.07175e+08,2.35424e+08,2,4.70848e+08,0.3605,0.18025,4.19618e+08,2.5669e+09,6.69643e+08,0
MCHP,2017-03-31,2017-05-30,2017-05-30,902666000,532826000,154087000,1.36908e+08,2.34806e+08,2,4.69612e+08,0.361,0.1805,4.17202e+08,-1.4378e+07,1.30277e+09,3.00045e+09
MCHP,2017-06-30,2017-08-04,2017-08-04,972141000,584439000,221598000,1.70587e+08,2.42902e+08,2,4.85804e+08,0.3615,0.18075,4.26843e+08,3.41255e+09,1.23025e+09,3.00646e+09
MCHP,2017-09-30,2017-11-07,2017-11-07,1012139000,614094000,225399000,1.89156e+08,2.44767e+08,2,4.89534e+08,0.362,0.181,4.56939e+08,3.54612e+09,1.3146e+09,3.02388e+09
MCHP,2017-12-31,2018-02-07,2018-02-07,994205000,607059000,245246000,-2.51086e+08,2.34106e+08,2,4.68212e+08,0.3625,0.18125,4.87065e+08,3.18508e+09,1.09959e+09,3.0396e+09
MCHP,2018-03-31,2018-05-18,2018-05-18,1002300000,615100000,244100000,1.467e+08,2.489e+08,2,4.978e+08,0.363,0.1815,4.762e+08,3.2798e+09,2.1966e+09,4.3782e+09
MCHP,2018-06-30,2018-08-09,2018-08-09,1212500000,642000000,132300000,3.57e+07,2.522e+08,2,5.044e+08,0.3635,0.18175,1.1048e+09,5.1238e+09,6.497e+08,1.26794e+10
MCHP,2018-09-30,2018-11-07,2018-11-07,1432500000,689300000,102700000,9.63e+07,2.518e+08,2,5.036e+08,0.364,0.182,8.367e+08,5.1702e+09,4.642e+08,1.22211e+10
MCHP,2018-12-31,2019-02-06,2019-02-06,1374700000,779600000,194700000,4.92e+07,2.446e+08,2,4.892e+08,0.3645,0.18225,7.025e+08,5.1611e+09,4.362e+08,1.05423e+10
MCHP,2019-03-31,2020-05-22,2020-05-22,1329800000,820500000,284600000,1.747e+08,2.499e+08,2,4.998e+08,0.365,0.1825,7.117e+08,5.2875e+09,4.309e+08,1.16678e+10
MCHP,2019-06-30,2019-08-07,2019-08-07,1322600000,815200000,171600000,5.07e+07,2.539e+08,2,5.078e+08,0.3655,0.18275,7.331e+08,5.2883e+09,4.371e+08,1.14592e+10
MCHP,2019-09-30,2019-11-06,2019-11-06,1337800000,827500000,183600000,1.089e+08,2.553e+08,2,5.106e+08,0.366,0.183,7.342e+08,5.3613e+09,4.051e+08,1.11899e+10
MCHP,2019-12-31,2020-02-04,2020-02-04,1287400000,785500000,131200000,3.111e+08,2.583e+08,2,5.166e+08,0.3665,0.18325,7.088e+08,5.6166e+09,4.023e+08,1.09813e+10
MCHP,2020-03-31,2020-05-22,2020-05-22,1326400000,813900000,160700000,9.99e+07,2.562e+08,2,5.124e+08,0.367,0.1835,6.857e+08,5.5855e+09,4.03e+08,1.0091e+10
MCHP,2020-06-30,2020-08-04,2020-08-04,1309700000,798300000,218300000,1.236e+08,2.578e+08,2,5.156e+08,0.3675,0.18375,6.572e+08,5.5013e+09,3.802e+08,1.09226e+10
MCHP,2020-09-30,2020-11-05,2020-11-05,1309500000,807900000,226200000,7.36e+07,2.677e+08,2,5.354e+08,0.368,0.184,6.614e+08,5.4437e+09,3.703e+08,1.01736e+10
MCHP,2020-12-31,2021-02-04,2021-02-04,1352100000,845800000,245600000,3.62e+07,2.754e+08,2,5.508e+08,0.3685,0.18425,6.661e+08,5.297e+09,3.727e+08,1.06342e+10
MCHP,2021-03-31,2021-05-18,2021-05-18,1467100000,926800000,308000000,1.16e+08,2.706e+08,2,5.412e+08,0.3899999999999999,0.19499999999999995,6.65e+08,5.3371e+09,2.82e+08,1.0227e+10
MCHP,2021-06-30,2021-08-03,2021-08-03,1569400000,1007600000,368800000,2.528e+08,2.826e+08,2,5.652e+08,0.413,0.2065,6.838e+08,5.5199e+09,2.797e+08,8.5274e+09
MCHP,2021-09-30,2021-11-04,2021-11-04,1649800000,1068300000,416300000,2.42e+08,5.659e+08,1,5.659e+08,0.2185,0.2185,7.136e+08,5.7029e+09,2.553e+08,8.2006e+09
MCHP,2021-12-31,2022-02-03,2022-02-03,1757500000,1153300000,515000000,3.528e+08,5.673e+08,1,5.673e+08,0.232,0.232,7.682e+08,5.8033e+09,3.155e+08,7.8685e+09
MCHP,2022-03-31,2022-05-20,2022-05-20,1844200000,1220400000,549500000,4.379e+08,5.659e+08,1,5.659e+08,0.0465000000000001,0.0465000000000001,8.544e+08,5.8948e+09,3.194e+08,7.6874e+09
MCHP,2022-06-30,2022-08-02,2022-08-02,1963600000,1309900000,701300000,5.072e+08,5.615e+08,1,5.615e+08,0.276,0.276,9.118e+08,5.9779e+09,3.791e+08,7.5639e+09
MCHP,2022-09-30,2022-11-03,2022-11-03,2073200000,1397900000,755100000,5.462e+08,5.583e+08,1,5.583e+08,0.301,0.301,1.0303e+09,6.1031e+09,3.068e+08,8.3021e+09
MCHP,2022-12-31,2023-02-02,2023-02-02,2169200000,1470800000,811600000,5.803e+08,5.554e+08,1,5.554e+08,0.328,0.328,1.1654e+09,6.3116e+09,2.889e+08,6.5887e+09
MCHP,2023-03-31,2023-05-25,2023-05-25,2232700000,1519300000,848000000,6.04e+08,5.573e+08,1,5.573e+08,0.3579999999999999,0.3579999999999999,1.3249e+09,6.5136e+09,2.34e+08,7.8381e+09
MCHP,2023-06-30,2023-08-03,2023-08-03,2288600000,1558400000,903100000,6.664e+08,5.514e+08,1,5.514e+08,0.383,0.383,1.3364e+09,6.8313e+09,2.712e+08,7.4296e+09
MCHP,2023-09-30,2023-11-02,2023-11-02,2254300000,1527400000,885000000,6.666e+08,5.492e+08,1,5.492e+08,0.41,0.41,1.3309e+09,6.9685e+09,2.566e+08,7.7369e+09
MCHP,2023-12-31,2024-02-01,2024-02-01,1765700000,1120000000,529400000,4.192e+08,5.465e+08,1,5.465e+08,0.439,0.439,1.3111e+09,7.0802e+09,2.81e+08,7.3575e+09
MCHP,2024-03-31,2024-05-23,2024-05-23,1325800000,789900000,253500000,1.547e+08,5.48e+08,1,5.48e+08,0.44999999999999996,0.44999999999999996,1.316e+09,6.6578e+09,3.197e+08,6.9992e+09
MCHP,2024-06-30,2024-08-01,2024-08-01,1241300000,736900000,219100000,1.293e+08,5.428e+08,1,5.428e+08,0.452,0.452,1.308e+09,6.406e+09,3.151e+08,6.1679e+09
MCHP,2024-09-30,2024-11-05,2024-11-05,1163800000,668500000,146600000,7.84e+07,5.42e+08,1,5.42e+08,0.454,0.454,1.3396e+09,6.2759e+09,2.861e+08,8.3692e+09
MCHP,2024-12-31,2025-02-06,2025-02-06,1026000000,561400000,30900000,-5.36e+07,5.374e+08,1,5.374e+08,0.455,0.455,1.3563e+09,6.0315e+09,5.86e+08,6.7495e+09
MCHP,2025-03-31,2025-05-23,2025-05-23,970500000,501100000,-100300000,-1.546e+08,5.373e+08,1,5.373e+08,0.45500000000000007,0.45500000000000007,1.2935e+09,7.0783e+09,7.717e+08,5.6304e+09
MCHP,2025-06-30,2025-08-07,2025-08-07,1075500000,576700000,32100000,-1.86e+07,5.392e+08,1,5.392e+08,0.455,0.455,1.1691e+09,6.8571e+09,5.665e+08,5.4581e+09
ON,2009-07-03,2010-08-05,2010-08-05,419800000,138200000,13700000.0,-3e+06,4.207e+08,1,4.207e+08,,,,,4.034e+08,0
ON,2009-10-02,2010-11-04,2010-11-04,472900000,175800000,49700000.0,2.99e+07,4.391e+08,1,4.391e+08,,,,,3.952e+08,0
ON,2010-04-02,2011-05-06,2011-05-06,550200000,228100000,84200000.0,6.3e+07,4.409e+08,1,4.409e+08,,,,,5.607e+08,0
ON,2010-07-02,2010-08-05,2010-08-05,583300000,243800000,101500000.0,7.87e+07,4.396e+08,1,4.396e+08,,,3.215e+08,1.1781e+09,4.671e+08,7.534e+08
ON,2010-10-01,2010-11-04,2010-11-04,600700000,246500000,107700000.0,8.78e+07,4.398e+08,1,4.398e+08,,,3.508e+08,1.2808e+09,5.629e+08,7.86e+08
ON,2010-12-31,2012-02-22,2012-02-22,579200000,237600000,80800000.0,6.1e+07,4.444e+08,1,4.444e+08,,,3.608e+08,1.366e+09,6.233e+08,8.888e+08
ON,2011-03-31,2013-02-26,2013-02-26,870600000,242400000,,3.55e+07,4.4375e+08,1,4.4375e+08,,,,,,0
ON,2011-04-01,2011-05-06,2011-05-06,870600000,242400000,32700000.0,7.48e+07,4.56e+08,1,4.56e+08,,,7.675e+08,1.487e+09,7.66e+08,1.272e+09
ON,2011-06-30,2013-02-26,2013-02-26,905800000,266100000,,3.43e+07,4.9e+08,1,4.9e+08,,,,,,0
ON,2011-07-01,2011-08-08,2011-08-08,905800000,266100000,56900000.0,4.1e+07,4.615e+08,1,4.615e+08,,,7.492e+08,1.5641e+09,8.688e+08,1.5721e+09
ON,2011-09-30,2011-11-03,2011-11-03,898000000,261100000,-6700000.0,-4.94e+07,4.488e+08,1,4.488e+08,,,7.066e+08,1.5018e+09,8.377e+08,1.5252e+09
ON,2011-12-31,2012-02-22,2012-02-22,767900000,239200000,30500000.0,-8.8e+06,4.572e+08,1,4.572e+08,,,6.374e+08,1.4682e+09,9.015e+08,1.5771e+09
ON,2012-03-30,2012-05-04,2012-05-04,744400000,245200000,43600000.0,2.82e+07,4.606e+08,1,4.606e+08,,,6.337e+08,1.5084e+09,8.923e+08,1.5661e+09
ON,2012-03-31,2013-02-26,2013-02-26,744400000,245200000,,2.82e+07,4.7e+08,1,4.7e+08,,,,,5.801e+08,0
ON,2012-06-29,2012-08-03,2012-08-03,744800000,258300000,26900000.0,6.9e+06,4.575e+08,1,4.575e+08,,,6.597e+08,1.5172e+09,7.564e+08,1.3356e+09
ON,2012-06-30,2013-02-26,2013-02-26,744800000,258300000,,6.9e+06,3.45e+08,1,3.45e+08,,,,,5.178e+08,0
ON,2012-09-28,2012-11-02,2012-11-02,725500000,238000000,44600000.0,1.25e+07,4.562e+08,1,4.562e+08,,,6.443e+08,1.5113e+09,6.43e+08,1.3243e+09
ON,2012-09-30,2013-02-26,2013-02-26,725500000,238000000,,1.25e+07,4.16667e+08,1,4.16667e+08,,,,,4.214e+08,0
ON,2012-12-31,2014-02-21,2014-02-21,680200000,210400000,-131400000.0,-1.382e+08,4.526e+08,1,4.526e+08,,,5.817e+08,1.3611e+09,6.317e+08,1.3655e+09
ON,2013-03-29,2013-05-03,2013-05-03,661000000,204500000,37700000.0,2.26e+07,4.525e+08,1,4.525e+08,,,5.614e+08,1.3836e+09,6.143e+08,1.1924e+09
ON,2013-06-28,2013-08-02,2013-08-02,688300000,231800000,50900000.0,4.77e+07,4.533e+08,1,4.533e+08,,,5.597e+08,1.434e+09,5.79e+08,1.1489e+09
ON,2013-09-27,2013-11-01,2013-11-01,715400000,249200000,67300000.0,5.18e+07,4.521e+08,1,4.521e+08,,,5.853e+08,1.4694e+09,5.536e+08,1.1574e+09
ON,2013-12-31,2014-02-21,2014-02-21,718000000,252900000,62300000.0,2.87e+07,4.507e+08,1,4.507e+08,,,6.118e+08,1.454e+09,6.257e+08,1.1238e+09
ON,2014-03-28,2014-05-02,2014-05-02,706500000,250800000,73300000.0,5.84e+07,4.445e+08,1,4.445e+08,,,6.139e+08,1.5069e+09,6.17e+08,1.0939e+09
ON,2014-06-27,2014-08-01,2014-08-01,757600000,273000000,81700000.0,8.8e+07,4.445e+08,1,4.445e+08,,,6.326e+08,1.6067e+09,6.012e+08,1.0743e+09
ON,2014-09-26,2014-10-31,2014-10-31,833500000,284100000,57600000.0,4.16e+07,4.449e+08,1,4.449e+08,,,7.243e+08,1.6426e+09,4.949e+08,1.3869e+09
ON,2014-12-31,2015-02-27,2015-02-27,864200000,277700000,16300000.0,-600000,4.435e+08,1,4.435e+08,,,7.299e+08,1.6265e+09,5.178e+08,1.4022e+09
ON,2015-04-03,2015-05-04,2015-05-04,870800000,300400000,68400000.0,5.51e+07,4.399e+08,1,4.399e+08,,,7.469e+08,1.6056e+09,4.294e+08,1.3754e+09
ON,2015-07-03,2015-08-03,2015-08-03,880500000,304400000,67800000.0,5.07e+07,4.363e+08,1,4.363e+08,,,7.43e+08,1.5974e+09,5.779e+08,1.9341e+09
ON,2015-10-02,2015-10-30,2015-10-30,904200000,308500000,69400000.0,4.63e+07,4.175e+08,1,4.175e+08,,,7.54e+08,1.5583e+09,5.576e+08,2.0609e+09
ON,2015-12-31,2016-02-24,2016-02-24,840300000,279900000,55500000.0,5.41e+07,4.278e+08,1,4.278e+08,,,7.504e+08,1.6082e+09,6.176e+08,2.0592e+09
ON,2016-04-01,2016-05-09,2016-05-09,817200000,275500000,58400000.0,3.6e+07,4.155e+08,1,4.155e+08,,,7.597e+08,1.654e+09,6.195e+08,2.0006e+09
ON,2016-07-01,2016-08-08,2016-08-08,877800000,307900000,75300000.0,2.51e+07,4.176e+08,1,4.176e+08,,,7.502e+08,1.7009e+09,5.881e+08,4.1889e+09
ON,2016-09-30,2016-11-07,2016-11-07,950900000,329000000,46700000.0,1.01e+07,4.198e+08,1,4.198e+08,,,1.0831e+09,1.7306e+09,8.805e+08,4.3719e+09
ON,2016-12-31,2017-02-28,2017-02-28,1261000000,384500000,55700000.0,1.109e+08,4.2e+08,1,4.2e+08,,,1.0302e+09,1.8232e+09,1.0281e+09,4.3606e+09
ON,2017-03-31,2017-05-08,2017-05-08,1436700000,503300000,183400000.0,7.82e+07,4.258e+08,1,4.258e+08,,,1.0114e+09,1.976e+09,7.289e+08,3.8112e+09
ON,2017-06-30,2017-08-07,2017-08-07,1338000000,492100000,154200000.0,9.39e+07,4.259e+08,1,4.259e+08,,,1.002e+09,2.0965e+09,8.716e+08,3.6755e+09
ON,2017-09-29,2017-11-06,2017-11-06,1390900000,524200000,177300000.0,1.087e+08,4.275e+08,1,4.275e+08,,,1.029e+09,2.2124e+09,9.012e+08,3.4496e+09
ON,2017-12-31,2018-02-21,2018-02-21,1377500000,514200000,166000000.0,5.299e+08,4.283e+08,1,4.283e+08,,,1.0895e+09,2.7788e+09,9.492e+08,3.4231e+09
ON,2018-03-30,2018-04-30,2018-04-30,1377600000,517400000,185700000.0,1.396e+08,4.442e+08,1,4.442e+08,,,1.16e+09,2.9284e+09,9.249e+08,3.7907e+09
ON,2018-06-29,2018-07-30,2018-07-30,1455900000,555000000,197200000.0,1.553e+08,4.443e+08,1,4.443e+08,,,1.2044e+09,3.0727e+09,8.502e+08,3.7105e+09
ON,2018-09-28,2018-10-29,2018-10-29,1541700000,596600000,241600000.0,1.669e+08,4.353e+08,1,4.353e+08,,,1.2006e+09,3.1791e+09,9.51e+08,2.9993e+09
ON,2018-12-31,2019-02-20,2019-02-20,1503100000,569700000,222700000.0,1.656e+08,4.359e+08,1,4.359e+08,,,1.2252e+09,3.1716e+09,1.0696e+09,3.0775e+09
ON,2019-03-29,2019-04-29,2019-04-29,1386600000,513700000,179400000.0,1.141e+08,4.177e+08,1,4.177e+08,,,1.2252e+09,3.1982e+09,9.396e+08,3.0619e+09
ON,2019-06-28,2019-08-05,2019-08-05,1347700000,499000000,158300000.0,1.018e+08,4.177e+08,1,4.177e+08,,,1.2738e+09,3.2743e+09,8.852e+08,3.9115e+09
ON,2019-09-27,2019-10-28,2019-10-28,1381800000,475200000,-43900000.0,-6.07e+07,4.104e+08,1,4.104e+08,,,1.2407e+09,3.2153e+09,9.287e+08,4.5012e+09
ON,2019-12-31,2020-02-19,2020-02-19,1401800000,485700000,138900000.0,5.65e+07,4.16e+08,1,4.16e+08,,,1.2324e+09,3.3017e+09,8.942e+08,4.4852e+09
ON,2020-04-03,2020-05-11,2020-05-11,1277900000,402700000,18600000.0,-1.4e+07,4.106e+08,1,4.106e+08,,,1.2519e+09,3.2149e+09,1.982e+09,5.5471e+09
ON,2020-07-03,2020-08-10,2020-08-10,1213500000,374300000,43100000.0,-1.4e+06,4.101e+08,1,4.101e+08,,,1.2854e+09,3.2361e+09,2.0604e+09,5.5488e+09
ON,2020-10-02,2020-11-02,2020-11-02,1317300000,441200000,119000000.0,1.606e+08,4.183e+08,1,4.183e+08,,,1.2812e+09,3.4234e+09,1.654e+09,5.0504e+09
ON,2020-12-31,2021-02-16,2021-02-16,1446300000,497600000,168000000.0,8.9e+07,4.188e+08,1,4.188e+08,,,1.2514e+09,3.5385e+09,1.0807e+09,4.1211e+09
ON,2021-04-02,2021-05-03,2021-05-03,1481700000,521200000,125900000.0,8.99e+07,4.454e+08,1,4.454e+08,,,1.2955e+09,3.6296e+09,1.0425e+09,3.9721e+09
ON,2021-07-02,2021-08-02,2021-08-02,1669900000,640100000,282200000.0,1.841e+08,4.436e+08,1,4.436e+08,,,1.3093e+09,3.7844e+09,1.0911e+09,3.5152e+09
ON,2021-10-01,2021-11-01,2021-11-01,1742100000,720800000,399200000.0,3.097e+08,4.407e+08,1,4.407e+08,,,1.3276e+09,4.1237e+09,1.3892e+09,3.5129e+09
ON,2021-12-31,2022-02-14,2022-02-14,1846100000,832200000,480300000.0,4.259e+08,4.438e+08,1,4.438e+08,,,1.3795e+09,4.5854e+09,1.3526e+09,3.419e+09
ON,2022-04-01,2022-05-02,2022-05-02,1945000000,961300000,647200000.0,5.302e+08,4.489e+08,1,4.489e+08,,,1.496e+09,4.9982e+09,1.6451e+09,3.4246e+09
ON,2022-07-01,2022-08-01,2022-08-01,2085000000,1037100000,584000000.0,4.558e+08,4.47e+08,1,4.47e+08,,,1.5632e+09,5.3895e+09,1.7916e+09,3.4167e+09
ON,2022-09-30,2022-10-31,2022-10-31,2192600000,1058300000,424500000.0,3.119e+08,4.487e+08,1,4.487e+08,,,1.5754e+09,5.656e+09,2.4502e+09,3.4141e+09
ON,2022-12-31,2023-02-06,2023-02-06,2103600000,1020500000,704300000.0,6.043e+08,4.482e+08,1,4.482e+08,,,1.6168e+09,6.1885e+09,2.919e+09,3.3761e+09
ON,2023-03-31,2023-05-01,2023-05-01,1959700000,917500000,564900000.0,4.617e+08,4.485e+08,1,4.485e+08,,,1.8149e+09,6.448e+09,2.7024e+09,4.4408e+09
ON,2023-06-30,2023-07-31,2023-07-31,2094400000,993400000,674700000.0,5.766e+08,4.487e+08,1,4.487e+08,,,1.9644e+09,6.9841e+09,2.6222e+09,4.4117e+09
ON,2023-09-29,2023-10-30,2023-10-30,2180800000,1030700000,687000000.0,5.827e+08,4.507e+08,1,4.507e+08,,,2.0848e+09,7.4843e+09,2.6792e+09,4.4124e+09
ON,2023-12-31,2024-02-05,2024-02-05,2018100000,941900000,612100000.0,5.627e+08,4.468e+08,1,4.468e+08,,,2.1118e+09,7.7826e+09,2.483e+09,4.1739e+09
ON,2024-03-29,2024-04-29,2024-04-29,1862700000,853600000,525200000.0,4.53e+08,4.365e+08,1,4.365e+08,,,2.1471e+09,8.1239e+09,2.6144e+09,4.1747e+09
ON,2024-06-28,2024-07-29,2024-07-29,1735200000,784000000,388500000.0,3.382e+08,4.332e+08,1,4.332e+08,,,2.2246e+09,8.3395e+09,2.681e+09,4.1755e+09
ON,2024-09-27,2024-10-28,2024-10-28,1761900000,799400000,445400000.0,4.017e+08,4.317e+08,1,4.317e+08,,,2.2428e+09,8.5841e+09,2.7702e+09,4.1763e+09
ON,2024-12-31,2025-02-10,2025-02-10,1722500000,779100000,408600000.0,3.799e+08,4.327e+08,1,4.327e+08,,,2.242e+09,8.7964e+09,2.9913e+09,3.3799e+09
ON,2025-04-04,2025-05-05,2025-05-05,1445700000,293800000,-573700000.0,-4.861e+08,4.213e+08,1,4.213e+08,,,2.0782e+09,8.0299e+09,3.0125e+09,3.3799e+09
ON,2025-07-04,2025-08-04,2025-08-04,1468700000,551900000,193400000.0,1.703e+08,4.149e+08,1,4.149e+08,,,2.0871e+09,7.9408e+09,2.8267e+09,3.3799e+09
MPWR,2010-06-30,2011-08-09,2011-08-09,55690000,32434000,6806000,6.407e+06,3.8355e+07,1,3.8355e+07,,,,,4.8962e+07,0
MPWR,2010-09-30,2011-10-27,2011-10-27,65843000,35986000,13435000,1.3219e+07,37727,1,37727,,,,,4.4275e+07,0
MPWR,2011-03-31,2012-05-08,2012-05-08,44468000,22305000,1916000,1.893e+06,36105,1,36105,,,,,7.4062e+07,0
MPWR,2011-06-30,2011-08-09,2011-08-09,51628000,26558000,4039000,3.482e+06,3.4903e+07,1,3.4903e+07,,,2.4715e+07,2.2713e+08,1.63326e+08,0
MPWR,2011-09-30,2011-10-27,2011-10-27,52962000,27814000,5051000,5.473e+06,34240,1,34240,,,2.3558e+07,2.37053e+08,1.60831e+08,0
MPWR,2011-12-31,2013-03-05,2013-03-05,47461000,24917000,2411000,2.453e+06,34374,1,34374,,,2.0104e+07,2.42877e+08,1.74198e+08,0
MPWR,2012-03-31,2012-05-08,2012-05-08,50484000,26410000,3198000,2.995e+06,35538,1,35538,,,2.1547e+07,2.54781e+08,1.80928e+08,0
MPWR,2012-06-30,2012-08-27,2012-08-27,58607000,31172000,6781000,6.592e+06,35997,1,35997,,,2.9455e+07,2.69241e+08,1.84657e+08,0
MPWR,2012-09-30,2012-11-05,2012-11-05,56508000,30013000,6320000,5.921e+06,36438,1,36438,,,3.2623e+07,2.85064e+08,1.85526e+08,0
MPWR,2012-12-31,2013-03-05,2013-03-05,48214000,25553000,980000,248000,36763,1,36763,,,3.2115e+07,2.58294e+08,1.60625e+08,0
MPWR,2013-03-31,2013-05-02,2013-05-02,51470000,27385000,2305000,2.499e+06,37708,1,37708,,,3.4949e+07,2.76311e+08,1.75043e+08,0
MPWR,2013-06-30,2013-08-06,2013-08-06,57714000,30928000,4914000,5.489e+06,38239,1,38239,,,4.0268e+07,2.93962e+08,1.89619e+08,0
MPWR,2013-09-30,2013-10-28,2013-10-28,65347000,35294000,8656000,7.41e+06,3.9009e+07,1,3.9009e+07,,,4.2975e+07,3.17331e+08,2.04348e+08,0
MPWR,2013-12-31,2015-03-02,2015-03-02,63560000,34294000,8040000,7.499e+06,3.9524e+07,1,3.9524e+07,,,3.9737e+07,3.23399e+08,2.26339e+08,0
MPWR,2014-03-31,2014-05-01,2014-05-01,60061000,32097000,9085000,9.018e+06,3.9517e+07,1,3.9517e+07,,,3.9829e+07,3.34667e+08,2.28635e+08,0
MPWR,2014-06-30,2014-07-29,2014-07-29,68436000,37099000,6604000,6.397e+06,3.9608e+07,1,3.9608e+07,0.15,0.15,4.1198e+07,3.34628e+08,2.40875e+08,0
MPWR,2014-09-30,2014-10-31,2014-10-31,78335000,42463000,10446000,1.1221e+07,3.9727e+07,1,3.9727e+07,0.15,0.15,4.1587e+07,3.41661e+08,2.28661e+08,0
MPWR,2014-12-31,2015-03-02,2015-03-02,75703000,40959000,9165000,8.86e+06,4.0321e+07,1,4.0321e+07,0.15,0.15,4.0918e+07,3.46425e+08,2.38718e+08,0
MPWR,2015-03-31,2015-05-06,2015-05-06,73538000,39683000,5857000,5.963e+06,4.0596e+07,1,4.0596e+07,0.2,0.2,5.3396e+07,3.45452e+08,2.33757e+08,0
MPWR,2015-06-30,2015-08-03,2015-08-03,81416000,44129000,10111000,7.899e+06,4.0745e+07,1,4.0745e+07,0.2,0.2,6.4964e+07,3.54762e+08,2.31034e+08,0
MPWR,2015-09-30,2015-10-28,2015-10-28,91194000,49440000,13310000,1.1201e+07,4.0689e+07,1,4.0689e+07,0.2,0.2,6.7309e+07,3.54113e+08,2.29663e+08,0
MPWR,2015-12-31,2016-02-29,2016-02-29,86918000,46917000,11793000,1.011e+07,4.1445e+07,1,4.1445e+07,0.2,0.2,6.3209e+07,3.68516e+08,2.34963e+08,0
MPWR,2016-03-31,2016-05-06,2016-05-06,84512000,45510000,10376000,1.0575e+07,4.1646e+07,1,4.1646e+07,0.2,0.2,6.2318e+07,3.81986e+08,2.51501e+08,0
MPWR,2016-06-30,2016-07-29,2016-07-29,94079000,50926000,11527000,1.1198e+07,4.1716e+07,1,4.1716e+07,0.2,0.2,6.9919e+07,3.9514e+08,2.43864e+08,0
MPWR,2016-09-30,2016-11-03,2016-11-03,106456000,57925000,15001000,1.4373e+07,4.1895e+07,1,4.1895e+07,0.2,0.2,7.0692e+07,4.16298e+08,2.59063e+08,0
MPWR,2016-12-31,2017-03-01,2017-03-01,103618000,56511000,17542000,1.6573e+07,4.2404e+07,1,4.2404e+07,0.2,0.2,7.1469e+07,4.31116e+08,2.68224e+08,0
MPWR,2017-03-31,2017-05-05,2017-05-05,100362000,54842000,13570000,1.4477e+07,4.3268e+07,1,4.3268e+07,0.2,0.2,7.8535e+07,4.51128e+08,2.78641e+08,0
MPWR,2017-06-30,2017-07-31,2017-07-31,112198000,61425000,14970000,1.5014e+07,4.3397e+07,1,4.3397e+07,0.2,0.2,9.2666e+07,4.73793e+08,2.77671e+08,0
MPWR,2017-09-30,2017-11-06,2017-11-06,128939000,70856000,23832000,2.3642e+07,4.3486e+07,1,4.3486e+07,0.2,0.2,9.9887e+07,5.05523e+08,2.99598e+08,0
MPWR,2017-12-31,2018-03-01,2018-03-01,129430000,71161000,25053000,1.2071e+07,4.461e+07,1,4.461e+07,0.2,0.2,9.9281e+07,5.22007e+08,2.9909e+08,0
MPWR,2018-03-31,2018-05-08,2018-05-08,129150000,71495000,22037000,2.1856e+07,4.4282e+07,1,4.4282e+07,0.3,0.3,1.11897e+08,5.58306e+08,3.07259e+08,0
MPWR,2018-06-30,2018-08-02,2018-08-02,139761000,77564000,24882000,2.4206e+07,4.44e+07,1,4.44e+07,0.3,0.3,1.28909e+08,5.7902e+08,3.13503e+08,0
MPWR,2018-09-30,2018-11-02,2018-11-02,159975000,89018000,33493000,3.1568e+07,4.4669e+07,1,4.4669e+07,0.3,0.3,1.3679e+08,6.10164e+08,3.47848e+08,0
MPWR,2018-12-31,2019-03-01,2019-03-01,153497000,84593000,33077000,2.7638e+07,4.5058e+07,1,4.5058e+07,0.3,0.3,1.36384e+08,6.40093e+08,3.77281e+08,0
MPWR,2019-03-31,2019-05-10,2019-05-10,141363000,78006000,21717000,2.6181e+07,4.5232e+07,1,4.5232e+07,0.4,0.4,1.42543e+08,6.80251e+08,3.59024e+08,0
MPWR,2019-06-30,2019-08-02,2019-08-02,151007000,83225000,20119000,2.0693e+07,4.5483e+07,1,4.5483e+07,0.4,0.4,1.43622e+08,7.04154e+08,3.66471e+08,0
MPWR,2019-09-30,2019-11-01,2019-11-01,168813000,93158000,30032000,2.9528e+07,4.5833e+07,1,4.5833e+07,0.4,0.4,1.35634e+08,7.34428e+08,4.1874e+08,0
MPWR,2019-12-31,2020-02-28,2020-02-28,166738000,91936000,30694000,3.2436e+07,4.6503e+07,1,4.6503e+07,0.4,0.4,1.275e+08,7.73491e+08,4.55397e+08,0
MPWR,2020-03-31,2020-05-11,2020-05-11,165778000,91447000,30986000,3.5756e+07,4.667e+07,1,4.667e+07,0.5,0.5,1.31499e+08,8.1319e+08,4.89266e+08,0
MPWR,2020-06-30,2020-08-03,2020-08-03,186209000,102593000,27955000,3.0167e+07,4.6831e+07,1,4.6831e+07,0.5,0.5,1.52119e+08,8.48945e+08,5.12323e+08,0
MPWR,2020-09-30,2020-11-06,2020-11-06,259422000,143040000,59979000,5.5566e+07,4.6955e+07,1,4.6955e+07,0.5,0.5,1.48096e+08,9.14569e+08,5.51542e+08,0
MPWR,2020-12-31,2021-03-01,2021-03-01,233043000,128874000,39962000,4.2886e+07,4.7014e+07,1,4.7014e+07,0.5,0.5,1.57062e+08,9.66587e+08,5.95113e+08,0
MPWR,2021-03-31,2021-05-10,2021-05-10,254455000,141059000,46086000,4.5413e+07,4.7711e+07,1,4.7711e+07,0.6,0.6,1.75223e+08,1.02158e+09,6.38823e+08,0
MPWR,2021-06-30,2021-08-09,2021-08-09,293317000,164215000,60628000,5.5169e+07,4.7754e+07,1,4.7754e+07,0.6,0.6,1.77322e+08,1.08736e+09,6.70288e+08,0
MPWR,2021-09-30,2021-11-08,2021-11-08,323522000,186311000,77131000,6.877e+07,4.7852e+07,1,4.7852e+07,0.6,0.6,2.08062e+08,1.16271e+09,7.42038e+08,0
MPWR,2021-12-31,2022-02-25,2022-02-25,336504000,193874000,78572000,7.2671e+07,4.7889e+07,1,4.7889e+07,0.6000000000000001,0.6000000000000001,2.59417e+08,1.24398e+09,7.25082e+08,0
MPWR,2022-03-31,2022-05-10,2022-05-10,377714000,218880000,96134000,7.9566e+07,4.825e+07,1,4.825e+07,0.75,0.75,3.1104e+08,1.32611e+09,7.73512e+08,0
MPWR,2022-06-30,2022-08-05,2022-08-05,461004000,270961000,141888000,1.14679e+08,4.8286e+07,1,4.8286e+07,0.75,0.75,3.59647e+08,1.42312e+09,8.11879e+08,0
MPWR,2022-09-30,2022-11-09,2022-11-09,495418000,290902000,151871000,1.24337e+08,4.8349e+07,1,4.8349e+07,0.75,0.75,3.97435e+08,1.53071e+09,7.36047e+08,0
MPWR,2022-12-31,2023-02-24,2023-02-24,460012000,267809000,136892000,1.1909e+08,4.8358e+07,1,4.8358e+07,0.75,0.75,4.4729e+08,1.6686e+09,7.37873e+08,0
MPWR,2023-03-31,2023-05-05,2023-05-05,451065000,258780000,124276000,1.09802e+08,4.8655e+07,1,4.8655e+07,1.0,1.0,4.3083e+08,1.77626e+09,9.1757e+08,0
MPWR,2023-06-30,2023-08-04,2023-08-04,441128000,247675000,112325000,9.9504e+07,4.8756e+07,1,4.8756e+07,1.0,1.0,4.27432e+08,1.83909e+09,9.40486e+08,0
MPWR,2023-09-30,2023-11-08,2023-11-08,474867000,263541000,135566000,1.21163e+08,4.8792e+07,1,4.8792e+07,1.0,1.0,3.97288e+08,1.94486e+09,1.0423e+09,0
MPWR,2023-12-31,2024-02-29,2024-02-29,454012000,251123000,109569000,9.6905e+07,4.8771e+07,1,4.8771e+07,1.0,1.0,3.83702e+08,2.04994e+09,1.10848e+09,0
MPWR,2024-03-31,2024-05-03,2024-05-03,457885000,252441000,95487000,9.2541e+07,4.8928e+07,1,4.8928e+07,1.25,1.25,3.9599e+08,2.11356e+09,1.28639e+09,0
MPWR,2024-06-30,2024-08-02,2024-08-02,507431000,280578000,116536000,1.00366e+08,4.8945e+07,1,4.8945e+07,1.25,1.25,4.26751e+08,2.19586e+09,1.30724e+09,0
MPWR,2024-09-30,2024-11-06,2024-11-06,620119000,343443000,164028000,1.4443e+08,4.8964e+07,1,4.8964e+07,1.25,1.25,4.24942e+08,2.35169e+09,1.46235e+09,0
MPWR,2024-12-31,2025-03-03,2025-03-03,621665000,344408000,163307000,1.44936e+09,4.8835e+07,1,4.8835e+07,1.25,1.25,4.19611e+08,3.14577e+09,8.62946e+08,0
MPWR,2025-03-31,2025-05-05,2025-05-05,637554000,353230000,168759000,1.33791e+08,4.8006e+07,1,4.8006e+07,1.56,1.56,4.54793e+08,3.26701e+09,1.02666e+09,0
MPWR,2025-06-30,2025-08-04,2025-08-04,664574000,366016000,164758000,1.33726e+08,4.8019e+07,1,4.8019e+07,1.56,1.56,4.90642e+08,3.40207e+09,1.14608e+09,0
SWKS,2009-04-03,2010-05-11,2010-05-11,172990000,64875000,-3743000,-5.678e+06,1.65997e+08,1,1.65997e+08,,,,,2.61951e+08,0
SWKS,2009-07-03,2010-08-10,2010-08-10,191213000,76950000,21521000,1.874e+07,1.69525e+08,1,1.69525e+08,,,,,3.02504e+08,0
SWKS,2010-01-01,2011-02-08,2011-02-08,245138000,102554000,42533000,2.801e+07,1.79404e+08,1,1.79404e+08,,,,,3.96327e+08,0
SWKS,2010-04-02,2010-05-11,2010-05-11,238058000,99854000,38312000,2.7744e+07,1.82924e+08,1,1.82924e+08,,,1.04421e+08,1.18305e+09,4.0541e+08,5e+07
SWKS,2010-07-02,2010-08-10,2010-08-10,275370000,118266000,53472000,3.4736e+07,1.83889e+08,1,1.83889e+08,,,1.18119e+08,1.22071e+09,3.83824e+08,5e+07
SWKS,2010-10-01,2011-11-28,2011-11-28,313283000,136159000,65427000,4.6804e+07,1.82738e+08,1,1.82738e+08,,,1.25059e+08,1.3166e+09,4.53257e+08,7.6677e+07
SWKS,2010-12-31,2011-02-08,2011-02-08,335120000,148538000,77342000,6.0868e+07,1.88541e+08,1,1.88541e+08,,,1.42463e+08,1.41141e+09,4.50054e+08,0
SWKS,2011-04-01,2011-05-11,2011-05-11,325411000,140981000,68060000,4.996e+07,1.91961e+08,1,1.91961e+08,,,1.51179e+08,1.47639e+09,5.03801e+08,2.5405e+07
SWKS,2011-07-01,2011-08-09,2011-08-09,356075000,156225000,72226000,5.1548e+07,1.9138e+08,1,1.9138e+08,,,1.88795e+08,1.53217e+09,3.09645e+08,5.2421e+07
SWKS,2011-09-30,2011-11-28,2011-11-28,402316000,174560000,77696000,6.4209e+07,1.90667e+08,1,1.90667e+08,,,1.98183e+08,1.6091e+09,4.10087e+08,5.2766e+07
SWKS,2011-12-30,2012-02-07,2012-02-07,393740000,171850000,74968000,5.7126e+07,1.89682e+08,1,1.89682e+08,,,1.7752e+08,1.66366e+09,4.45636e+08,1.7123e+07
SWKS,2012-03-30,2012-05-08,2012-05-08,364690000,152272000,43814000,3.4033e+07,1.91016e+08,1,1.91016e+08,,,1.96558e+08,1.72024e+09,3.06474e+08,0
SWKS,2012-06-29,2012-08-01,2012-08-01,389038000,165302000,62044000,4.9317e+07,1.92457e+08,1,1.92457e+08,,,2.09947e+08,1.80166e+09,3.27098e+08,0
SWKS,2012-09-28,2012-11-21,2012-11-21,421113000,177673000,74808000,6.1602e+07,1.91846e+08,1,1.91846e+08,,,2.3292e+08,1.90548e+09,3.06293e+08,0
SWKS,2012-12-28,2013-01-31,2013-01-31,453723000,192565000,86583000,6.6493e+07,1.94001e+08,1,1.94001e+08,,,2.29534e+08,1.94397e+09,3.77538e+08,0
SWKS,2013-03-29,2013-05-01,2013-05-01,425200000,176700000,68700000,6.17e+07,1.931e+08,1,1.931e+08,,,2.268e+08,2e+09,4.588e+08,0
SWKS,2013-06-28,2013-07-31,2013-07-31,436100000,188200000,84300000,6.57e+07,1.912e+08,1,1.912e+08,0.0,0.0,2.323e+08,2.0001e+09,4.003e+08,0
SWKS,2013-09-27,2013-11-18,2013-11-18,477000000,209100000,105517000,8.42e+07,1.922e+08,1,1.922e+08,,,2.295e+08,2.1011e+09,5.111e+08,0
SWKS,2013-12-27,2014-01-29,2014-01-29,505200000,222000000,116000000,9.45e+07,1.912e+08,1,1.912e+08,0.0,0.0,2.247e+08,2.2122e+09,6.486e+08,0
SWKS,2014-03-28,2014-05-02,2014-05-02,481000000,212400000,102600000,7.69e+07,1.922e+08,1,1.922e+08,0.0,0.0,2.166e+08,2.2914e+09,7.978e+08,0
SWKS,2014-06-27,2014-07-30,2014-07-30,587000000,264200000,148500000,1.114e+08,1.932e+08,1,1.932e+08,0.11,0.11,1.987e+08,2.389e+09,8.933e+08,0
SWKS,2014-10-03,2014-11-25,2014-11-25,718200000,324000000,198100000,1.749e+08,1.926e+08,1,1.926e+08,0.11,0.11,2.708e+08,2.5324e+09,8.058e+08,0
SWKS,2015-01-02,2015-02-04,2015-02-04,805500000,373000000,246800000,1.952e+08,1.942e+08,1,1.942e+08,0.13,0.13,2.738e+08,2.7101e+09,1.0499e+09,0
SWKS,2015-04-03,2015-05-06,2015-05-06,762100000,352200000,219900000,1.665e+08,1.952e+08,1,1.952e+08,0.13,0.13,2.762e+08,2.8635e+09,1.0542e+09,0
SWKS,2015-07-03,2015-08-05,2015-08-05,810000000,393100000,258800000,2.074e+08,1.954e+08,1,1.954e+08,0.13,0.13,2.727e+08,3.042e+09,1.106e+09,0
SWKS,2015-10-02,2015-11-24,2015-11-24,880800000,436200000,297600000,2.292e+08,1.949e+08,1,1.949e+08,0.26,0.26,2.679e+08,3.1592e+09,1.0436e+09,0
SWKS,2016-01-01,2016-02-03,2016-02-03,926800000,472100000,330500000,3.553e+08,1.947e+08,1,1.947e+08,0.26,0.26,2.764e+08,3.4826e+09,1.2332e+09,0
SWKS,2016-04-01,2016-05-04,2016-05-04,775100000,390400000,257700000,2.081e+08,1.933e+08,1,1.933e+08,0.26,0.26,3.337e+08,3.5433e+09,1.1775e+09,0
SWKS,2016-07-01,2016-08-03,2016-08-03,751700000,378300000,238600000,1.85e+08,1.917e+08,1,1.917e+08,0.26,0.26,4.376e+08,3.5143e+09,9.737e+08,0
SWKS,2016-09-30,2016-11-22,2016-11-22,835400000,424400000,291900000,2.468e+08,1.921e+08,1,1.921e+08,0.28,0.28,4.24e+08,3.5414e+09,1.0838e+09,0
SWKS,2016-12-30,2017-02-07,2017-02-07,914300000,463900000,321900000,2.578e+08,1.873e+08,1,1.873e+08,0.28,0.28,4.228e+08,3.6603e+09,1.3505e+09,0
SWKS,2017-03-31,2017-05-03,2017-05-03,851700000,425400000,281200000,2.249e+08,1.871e+08,1,1.871e+08,0.28,0.28,4.445e+08,3.7918e+09,1.4069e+09,0
SWKS,2017-06-30,2017-07-27,2017-07-27,900800000,453600000,304800000,2.462e+08,1.866e+08,1,1.866e+08,0.28,0.28,4.825e+08,3.8978e+09,1.444e+09,0
SWKS,2017-09-29,2017-11-13,2017-11-13,984600000,498900000,345900000,2.813e+08,1.867e+08,1,1.867e+08,0.32,0.32,4.935e+08,4.0657e+09,1.6168e+09,0
SWKS,2017-12-29,2018-02-05,2018-02-05,1051900000,536800000,383500000,7.04e+07,1.855e+08,1,1.855e+08,0.32,0.32,4.586e+08,3.9005e+09,1.6815e+09,0
SWKS,2018-03-30,2018-05-04,2018-05-04,913400000,458700000,289400000,2.76e+08,1.843e+08,1,1.843e+08,0.32,0.32,4.664e+08,4.0702e+09,1.8813e+09,0
SWKS,2018-06-29,2018-07-20,2018-07-20,894300000,451600000,306300000,2.865e+08,1.828e+08,1,1.828e+08,0.32,0.32,5.028e+08,4.0829e+09,1.5425e+09,0
SWKS,2018-09-28,2018-11-15,2018-11-15,1008400000,503600000,340100000,2.855e+08,1.832e+08,1,1.832e+08,0.38,0.38,4.902e+08,4.097e+09,1.0274e+09,0
SWKS,2018-12-28,2019-02-06,2019-02-06,972000000,485100000,320900000,2.849e+08,1.777e+08,1,1.777e+08,0.38,0.38,4.931e+08,4.0383e+09,1.0991e+09,0
SWKS,2019-03-29,2019-05-03,2019-05-03,810400000,400200000,237600000,2.14e+08,1.746e+08,1,1.746e+08,0.38,0.38,5.55e+08,4.0809e+09,9.574e+08,0
SWKS,2019-06-28,2019-08-07,2019-08-07,767000000,312500000,159600000,1.441e+08,1.734e+08,1,1.734e+08,0.38,0.38,5.808e+08,4.0999e+09,9.35e+08,0
SWKS,2019-09-27,2019-11-14,2019-11-14,827400000,406000000,233900000,2.106e+08,1.745e+08,1,1.745e+08,0.44,0.44,6.097e+08,4.1223e+09,1.0546e+09,0
SWKS,2019-12-27,2020-01-24,2020-01-24,896100000,444300000,277300000,2.571e+08,1.716e+08,1,1.716e+08,0.44,0.44,6.044e+08,4.2673e+09,1.1904e+09,0
SWKS,2020-03-27,2020-05-05,2020-05-05,766100000,375600000,199500000,1.811e+08,1.711e+08,1,1.711e+08,0.44,0.44,6.489e+08,4.1428e+09,1.0739e+09,0
SWKS,2020-06-26,2020-07-24,2020-07-24,736800000,334100000,147500000,1.297e+08,1.683e+08,1,1.683e+08,0.44,0.44,6.982e+08,4.1824e+09,1.1383e+09,0
SWKS,2020-10-02,2020-11-17,2020-11-17,956800000,458900000,267500000,2.469e+08,1.699e+08,1,1.699e+08,0.5,0.5,8.06e+08,4.1642e+09,9.748e+08,0
SWKS,2021-01-01,2021-01-29,2021-01-29,1510000000,761700000,570700000,5.093e+08,1.67e+08,1,1.67e+08,0.5,0.5,7.185e+08,4.4149e+09,1.0186e+09,0
SWKS,2021-04-02,2021-04-30,2021-04-30,1171800000,578400000,374700000,3.25e+08,1.668e+08,1,1.668e+08,0.5,0.5,7.398e+08,4.7123e+09,1.4196e+09,0
SWKS,2021-07-02,2021-07-30,2021-07-30,1116400000,558600000,339800000,3.378e+08,1.67e+08,1,1.67e+08,0.5,0.5,8.087e+08,5.0028e+09,2.9742e+09,1.4871e+09
SWKS,2021-10-01,2021-11-24,2021-11-24,1310900000,613700000,327500000,3.262e+08,1.67e+08,1,1.67e+08,0.56,0.56,8.85e+08,5.2971e+09,1.0201e+09,2.2356e+09
SWKS,2021-12-31,2022-02-04,2022-02-04,1510400000,714700000,445900000,3.999e+08,1.664e+08,1,1.664e+08,0.56,0.56,8.385e+08,5.3342e+09,1.0134e+09,2.1865e+09
SWKS,2022-04-01,2022-05-04,2022-05-04,1335600000,637600000,367300000,3.058e+08,1.644e+08,1,1.644e+08,0.56,0.56,9.282e+08,5.1886e+09,7.748e+08,2.1873e+09
SWKS,2022-07-01,2022-08-05,2022-08-05,1232600000,583300000,325800000,2.673e+08,1.615e+08,1,1.615e+08,0.56,0.56,1.102e+09,5.2946e+09,6.592e+08,2.1882e+09
SWKS,2022-09-30,2022-11-23,2022-11-23,1406900000,668700000,388000000,3.022e+08,1.633e+08,1,1.633e+08,0.62,0.62,1.2121e+09,5.469e+09,5.863e+08,2.1891e+09
SWKS,2022-12-30,2023-02-07,2023-02-07,1329300000,637700000,367000000,3.094e+08,1.602e+08,1,1.602e+08,0.62,0.62,1.2733e+09,5.5499e+09,9.926e+08,2.1898e+09
SWKS,2023-03-31,2023-05-09,2023-05-09,1153100000,527400000,273300000,2.328e+08,1.599e+08,1,1.599e+08,0.62,0.62,1.257e+09,5.7329e+09,1.0614e+09,1.9909e+09
SWKS,2023-06-30,2023-08-08,2023-08-08,1071200000,464100000,230700000,1.958e+08,1.6e+08,1,1.6e+08,0.62,0.62,1.2356e+09,5.8779e+09,7.365e+08,1.4916e+09
SWKS,2023-09-29,2023-11-17,2023-11-17,1218800000,478100000,254000000,2.448e+08,1.603e+08,1,1.603e+08,0.68,0.68,1.1197e+09,6.0827e+09,7.344e+08,1.2923e+09
SWKS,2023-12-29,2024-01-31,2024-01-31,1201500000,506600000,258300000,2.313e+08,1.61e+08,1,1.61e+08,0.68,0.68,9.268e+08,6.2272e+09,1.0456e+09,9.932e+08
SWKS,2024-03-29,2024-05-01,2024-05-01,1046000000,420300000,189200000,1.833e+08,1.614e+08,1,1.614e+08,0.68,0.68,8.355e+08,6.3592e+09,1.2183e+09,9.936e+08
SWKS,2024-06-28,2024-07-31,2024-07-31,905500000,364100000,130400000,1.209e+08,1.614e+08,1,1.614e+08,0.68,0.68,8.228e+08,6.3364e+09,1.269e+09,9.94e+08
SWKS,2024-09-27,2024-11-15,2024-11-15,1025000000,429800000,59500000,6.05e+07,1.615e+08,1,1.615e+08,0.7,0.7,7.848e+08,6.3367e+09,1.5627e+09,9.943e+08
SWKS,2024-12-27,2025-02-05,2025-02-05,1068500000,441900000,181100000,1.62e+08,1.614e+08,1,1.614e+08,0.7,0.7,6.997e+08,6.4007e+09,1.7392e+09,9.947e+08
SWKS,2025-03-28,2025-05-07,2025-05-07,953200000,391600000,97300000,6.87e+07,1.588e+08,1,1.588e+08,0.7,0.7,6.783e+08,5.9403e+09,1.5066e+09,9.951e+08
SWKS,2025-06-27,2025-08-05,2025-08-05,965000000,401000000,110600000,1.05e+08,1.503e+08,1,1.503e+08,0.7,0.7,7.065e+08,5.6525e+09,1.3179e+09,9.954e+08
ADSK,2008-04-30,2009-06-03,2009-06-03,598800000,540800000,119900000,9.46e+07,2.326e+08,1,2.326e+08,,,,,9.091e+08,0
ADSK,2008-07-31,2009-08-28,2009-08-28,619500000,559800000,118800000,8.98e+07,2.311e+08,1,2.311e+08,,,,,9.296e+08,0
ADSK,2008-10-31,2009-12-08,2009-12-08,607100000,554200000,139600000,1.045e+08,2.304e+08,1,2.304e+08,,,,,7.964e+08,0
ADSK,2009-01-31,2010-03-19,2010-03-19,489800000,441300000,-133800000,-1.053e+08,2.301e+08,1,2.301e+08,,,,1.3107e+09,9.811e+08,0
ADSK,2009-04-30,2009-06-03,2009-06-03,425800000,373500000,-19400000,-3.21e+07,2.271e+08,1,2.271e+08,,,,1.3285e+09,9.589e+08,0
ADSK,2009-07-31,2009-08-28,2009-08-28,414900000,364800000,2700000,1.05e+07,2.323e+08,1,2.323e+08,,,,1.3851e+09,9.364e+08,0
ADSK,2009-10-31,2009-12-08,2009-12-08,416900000,371900000,26300000,2.95e+07,2.329e+08,1,2.329e+08,,,,1.4317e+09,9.616e+08,0
ADSK,2010-01-31,2011-03-18,2011-03-18,456100000,411700000,56000000,5.01e+07,2.321e+08,1,2.321e+08,,,,1.4735e+09,1.0006e+09,0
ADSK,2010-04-30,2010-06-04,2010-06-04,474600000,423300000,50800000,3.69e+07,2.346e+08,1,2.346e+08,,,,1.5141e+09,1.0598e+09,0
ADSK,2010-07-31,2010-09-01,2010-09-01,472800000,424400000,79800000,5.99e+07,2.338e+08,1,2.338e+08,,,,1.5258e+09,1.0866e+09,0
ADSK,2010-10-31,2010-12-07,2010-12-07,476700000,428200000,69200000,5.36e+07,2.324e+08,1,2.324e+08,,,,1.5561e+09,1.1368e+09,0
ADSK,2011-01-31,2011-03-18,2011-03-18,527700000,479300000,71600000,6.16e+07,2.342e+08,1,2.342e+08,,,,1.6093e+09,1.2743e+09,0
ADSK,2011-04-30,2011-06-03,2011-06-03,528300000,473700000,78600000,6.93e+07,2.371e+08,1,2.371e+08,,,,1.7512e+09,1.3498e+09,0
ADSK,2011-07-31,2011-09-01,2011-09-01,546300000,488900000,95000000,7.12e+07,2.366e+08,1,2.366e+08,,,,1.7891e+09,1.3733e+09,0
ADSK,2011-10-31,2011-12-06,2011-12-06,548600000,489000000,90200000,7.28e+07,2.307e+08,1,2.307e+08,,,,1.8275e+09,1.3436e+09,0
ADSK,2012-01-31,2012-03-15,2012-03-15,592400000,534900000,91800000,7.2e+07,2.333e+08,1,2.333e+08,,,,1.8829e+09,1.4113e+09,0
ADSK,2012-04-30,2012-06-01,2012-06-01,588600000,529800000,94000000,7.89e+07,2.341e+08,1,2.341e+08,,,,2.0453e+09,1.512e+09,0
ADSK,2012-07-31,2012-09-05,2012-09-05,568700000,508900000,92900000,6.46e+07,2.321e+08,1,2.321e+08,,,,2.0513e+09,1.4307e+09,0
ADSK,2012-10-31,2012-12-04,2012-12-04,548000000,490100000,34400000,2.94e+07,2.299e+08,1,2.299e+08,,,,2.0179e+09,1.3291e+09,0
ADSK,2013-01-31,2013-03-18,2013-03-18,606900000,544900000,84600000,7.45e+07,2.317e+08,1,2.317e+08,,,,2.0432e+09,1.9543e+09,7.456e+08
ADSK,2013-04-30,2013-06-05,2013-06-05,570400000,502900000,81400000,5.56e+07,2.293e+08,1,2.293e+08,,,,2.0845e+09,2.0879e+09,7.458e+08
ADSK,2013-07-31,2013-09-03,2013-09-03,561700000,493900000,83600000,6.17e+07,2.283e+08,1,2.283e+08,,,,2.0511e+09,1.9979e+09,7.46e+08
ADSK,2013-10-31,2013-12-06,2013-12-06,555200000,488100000,68100000,5.76e+07,2.277e+08,1,2.277e+08,,,,2.1619e+09,2.0605e+09,7.462e+08
ADSK,2014-01-31,2014-03-10,2014-03-10,586600000,514700000,51700000,5.39e+07,2.296e+08,1,2.296e+08,,,,2.2615e+09,2.2671e+09,7.464e+08
ADSK,2014-04-30,2014-06-03,2014-06-03,592500000,513800000,42200000,2.83e+07,2.316e+08,1,2.316e+08,,,,2.2887e+09,2.1197e+09,7.466e+08
ADSK,2014-07-31,2014-09-02,2014-09-02,637100000,549200000,49900000,3.13e+07,2.324e+08,1,2.324e+08,,,,2.2834e+09,1.9064e+09,7.468e+08
ADSK,2014-10-31,2014-12-05,2014-12-05,618000000,532000000,14600000,1.07e+07,2.315e+08,1,2.315e+08,,,,2.2685e+09,1.9014e+09,7.47e+08
ADSK,2015-01-31,2015-03-18,2015-03-18,664600000,575100000,14000000,1.15e+07,2.324e+08,1,2.324e+08,,,,2.2192e+09,2.0264e+09,7.472e+08
ADSK,2015-04-30,2015-05-28,2015-05-28,646500000,554700000,21500000,1.91e+07,2.317e+08,1,2.317e+08,,,,2.2244e+09,1.8309e+09,7.474e+08
ADSK,2015-07-31,2015-08-31,2015-08-31,609500000,516500000,4300000,-2.355e+08,2.27e+08,1,2.27e+08,,,,1.9021e+09,2.3899e+09,1.4862e+09
ADSK,2015-10-31,2015-12-09,2015-12-09,599800000,508800000,-14800000,-4.38e+07,2.253e+08,1,2.253e+08,,,,1.7331e+09,2.2843e+09,1.4869e+09
ADSK,2016-01-31,2016-03-23,2016-03-23,648300000,553400000,-9700000,-3.72e+07,2.26e+08,1,2.26e+08,,,,1.6196e+09,2.2509e+09,1.4877e+09
ADSK,2016-04-30,2016-06-06,2016-06-06,511900000,419400000,-155000000,-1.73e+08,2.244e+08,1,2.244e+08,,,,1.4359e+09,2.2673e+09,1.4884e+09
ADSK,2016-07-31,2016-08-30,2016-08-30,550700000,465600000,-62900000,-9.82e+07,2.232e+08,1,2.232e+08,,,,1.3317e+09,2.0649e+09,1.4892e+09
ADSK,2016-10-31,2016-12-01,2016-12-01,489600000,408100000,-119900000,-1.428e+08,2.223e+08,1,2.223e+08,,,,1.0606e+09,1.9689e+09,1.4899e+09
ADSK,2017-01-31,2017-03-21,2017-03-21,478800000,395900000,-167100000,-1.734e+08,2.227e+08,1,2.227e+08,,,,7.336e+08,1.8999e+09,1.092e+09
ADSK,2017-04-30,2017-05-31,2017-05-31,485700000,407500000,-119600000,-1.296e+08,2.199e+08,1,2.199e+08,,,,5.081e+08,1.8113e+09,0
ADSK,2017-07-31,2017-08-31,2017-08-31,501800000,427200000,-107600000,-1.44e+08,2.195e+08,1,2.195e+08,,,,3.155e+08,1.7077e+09,0
ADSK,2017-10-31,2017-12-05,2017-12-05,515300000,437800000,-100000000,-1.198e+08,2.196e+08,1,2.196e+08,,,,1.073e+08,1.4539e+09,0
ADSK,2018-01-31,2018-03-22,2018-03-22,553800000,480700000,-181900000,-1.735e+08,2.195e+08,1,2.195e+08,,,,-2.56e+08,1.3232e+09,1.586e+09
ADSK,2018-04-30,2018-06-08,2018-06-08,559900000,493100000,-55300000,-8.24e+07,2.186e+08,1,2.186e+08,,,,-1.286e+08,1.2929e+09,0
ADSK,2018-07-31,2018-08-30,2018-08-30,611700000,541900000,-24700000,-3.94e+07,2.19e+08,1,2.19e+08,,,,-2.416e+08,1.1698e+09,0
ADSK,2018-10-31,2018-12-06,2018-12-06,660900000,588600000,14700000,-2.37e+07,2.189e+08,1,2.189e+08,,,,-3.383e+08,1.0782e+09,0
ADSK,2019-01-31,2019-03-25,2019-03-25,737300000,660300000,40300000,6.47e+07,2.189e+08,1,2.189e+08,,,,-2.109e+08,9.536e+08,2.0877e+09
ADSK,2019-04-30,2019-06-04,2019-06-04,735500000,652800000,24800000,-2.42e+07,2.196e+08,1,2.196e+08,,,,-2.453e+08,9.721e+08,0
ADSK,2019-07-31,2019-09-04,2019-09-04,796800000,717300000,73800000,4.02e+07,2.224e+08,1,2.224e+08,,,,-1.943e+08,9.913e+08,0
ADSK,2019-10-31,2019-12-05,2019-12-05,842700000,763200000,110600000,6.67e+07,2.219e+08,1,2.219e+08,,,,-1.715e+08,1.0245e+09,0
ADSK,2020-01-31,2020-03-19,2020-03-19,899300000,816100000,133800000,1.318e+08,2.225e+08,1,2.225e+08,,,,-1.391e+08,1.8437e+09,2.1e+09
ADSK,2020-04-30,2020-06-02,2020-06-02,885700000,803800000,130600000,6.65e+07,2.213e+08,1,2.213e+08,,,,-1.391e+08,1.4669e+09,1.65e+09
ADSK,2020-07-31,2020-09-02,2020-09-02,913100000,832200000,146100000,9.82e+07,2.222e+08,1,2.222e+08,,,,6.73e+07,1.5195e+09,1.65e+09
ADSK,2020-10-31,2020-12-04,2020-12-04,952400000,868700000,168000000,1.322e+08,2.223e+08,1,2.223e+08,,,,6.93e+07,1.6155e+09,1.65e+09
ADSK,2021-01-31,2021-03-19,2021-03-19,1039200000,948600000,184400000,9.113e+08,2.221e+08,1,2.221e+08,,,,9.655e+08,1.8572e+09,1.65e+09
ADSK,2021-04-30,2021-06-03,2021-06-03,989300000,896500000,133800000,1.556e+08,2.22e+08,1,2.22e+08,,,,1.1284e+09,9.232e+08,1.65e+09
ADSK,2021-07-31,2021-09-01,2021-09-01,1059700000,954300000,148100000,1.156e+08,2.225e+08,1,2.225e+08,,,,1.3278e+09,9.249e+08,1.65e+09
ADSK,2021-10-31,2021-12-03,2021-12-03,1125800000,1018700000,193300000,1.367e+08,2.225e+08,1,2.225e+08,,,,1.2799e+09,1.7921e+09,2.65e+09
ADSK,2022-01-31,2022-03-14,2022-03-14,1211600000,1098400000,142400000,8.91e+07,2.22e+08,1,2.22e+08,,,,8.491e+08,1.7641e+09,2.65e+09
ADSK,2022-04-30,2022-06-02,2022-06-02,1170000000,1053000000,214000000,1.46e+08,2.19e+08,1,2.19e+08,,,,6.81e+08,1.585e+09,2.65e+09
ADSK,2022-07-31,2022-08-31,2022-08-31,1237000000,1118000000,242000000,1.86e+08,2.18e+08,1,2.18e+08,,,,7.4e+08,1.525e+09,2.65e+09
ADSK,2022-10-31,2022-12-06,2022-12-06,1280000000,1160000000,256000000,1.98e+08,2.17e+08,1,2.17e+08,,,,9.06e+08,1.804e+09,2.65e+09
ADSK,2023-01-31,2023-03-14,2023-03-14,1318000000,1194000000,277000000,2.93e+08,2.18e+08,1,2.18e+08,,,,1.145e+09,2.072e+09,2.3e+09
ADSK,2023-04-30,2023-06-01,2023-06-01,1269000000,1142000000,217000000,1.61e+08,2.16e+08,1,2.16e+08,,,,8.97e+08,2.131e+09,2.3e+09
ADSK,2023-07-31,2023-08-29,2023-08-29,1345000000,1218000000,262000000,2.22e+08,2.15e+08,1,2.15e+08,,,,1.206e+09,2.073e+09,2.3e+09
ADSK,2023-10-31,2023-12-04,2023-12-04,1414000000,1287000000,334000000,2.41e+08,2.16e+08,1,2.16e+08,,,,1.482e+09,1.954e+09,2.3e+09
ADSK,2024-01-31,2024-06-10,2024-06-10,1469000000,1339000000,315000000,2.82e+08,2.16e+08,1,2.16e+08,,,,1.855e+09,2.246e+09,2.3e+09
ADSK,2024-04-30,2024-06-10,2024-06-10,1417000000,1280000000,299000000,2.52e+08,2.17e+08,1,2.17e+08,,,,2.161e+09,1.989e+09,2.3e+09
ADSK,2024-07-31,2024-09-03,2024-09-03,1505000000,1365000000,343000000,2.82e+08,2.17e+08,1,2.17e+08,,,,2.474e+09,1.878e+09,2.3e+09
ADSK,2024-10-31,2024-12-03,2024-12-03,1570000000,1423000000,346000000,2.75e+08,2.17e+08,1,2.17e+08,,,,2.616e+09,1.713e+09,2.3e+09
ADSK,2025-01-31,2025-03-06,2025-03-06,1639000000,1485000000,366000000,3.03e+08,2.17e+08,1,2.17e+08,,,,2.621e+09,1.886e+09,2.3e+09
ADSK,2025-04-30,2025-05-29,2025-05-29,1633000000,1473000000,233000000,1.52e+08,2.16e+08,1,2.16e+08,,,,2.617e+09,2.04e+09,2.3e+09
ADSK,2025-07-31,2025-09-02,2025-09-02,1763000000,1604000000,444000000,3.13e+08,2.15e+08,1,2.15e+08,,,,2.715e+09,2.236e+09,2.5e+09
CDNS,2009-07-04,2010-08-04,2010-08-04,209929000,200177000.0,-53778000,-7.4357e+07,2.56883e+08,1,2.56883e+08,,,,,5.56925e+08,0
CDNS,2009-10-03,2010-10-29,2010-10-29,216122000,209717000.0,-10141000,-1.4047e+07,2.59193e+08,1,2.59193e+08,,,,,5.70617e+08,0
CDNS,2010-04-03,2011-04-29,2011-04-29,221938000,216646000.0,-5320000,-1.1785e+07,2.62597e+08,1,2.62597e+08,,,,,6.19303e+08,0
CDNS,2010-07-03,2010-08-04,2010-08-04,227064000,219941000.0,5219000,4.8607e+07,2.66423e+08,1,2.66423e+08,,,2.3874e+07,1.6268e+08,4.78463e+08,0
CDNS,2010-10-02,2010-10-29,2010-10-29,237934000,227177000.0,-3083000,1.26753e+08,2.63302e+08,1,2.63302e+08,,,2.8486e+07,2.95987e+08,5.11676e+08,0
CDNS,2011-01-01,2011-02-24,2011-02-24,249018000,240769000.0,-25782000,-3.7037e+07,2.65871e+08,1,2.65871e+08,,,3.9034e+07,2.76654e+08,5.70124e+08,0
CDNS,2011-04-02,2011-04-29,2011-04-29,266102000,251908000.0,17544000,6.323e+06,2.68578e+08,1,2.68578e+08,,,4.305e+07,2.97706e+08,6.23125e+08,0
CDNS,2011-07-02,2011-07-29,2011-07-29,283270000,263196000.0,24957000,2.6908e+07,2.70885e+08,1,2.70885e+08,,,4.4391e+07,3.31316e+08,6.68572e+08,0
CDNS,2011-10-01,2011-10-28,2011-10-28,292457000,274272000.0,32177000,2.8106e+07,2.70741e+08,1,2.70741e+08,,,4.7056e+07,3.76596e+08,6.9906e+08,0
CDNS,2011-12-31,2012-02-24,2012-02-24,308006000,290802000.0,45699000,1.0892e+07,2.70816e+08,1,2.70816e+08,,,4.3243e+07,4.1113e+08,6.04639e+08,0
CDNS,2012-03-31,2012-04-27,2012-04-27,315830000,300429000.0,45350000,3.1104e+07,2.77733e+08,1,2.77733e+08,,,4.172e+07,4.60752e+08,6.62974e+08,0
CDNS,2012-06-30,2012-07-26,2012-07-26,326476000,304891000.0,50620000,3.6386e+07,2.75318e+08,1,2.75318e+08,,,4.1066e+07,5.02013e+08,7.12962e+08,0
CDNS,2012-09-29,2012-10-25,2012-10-25,338533000,315196000.0,59441000,5.8584e+07,2.83328e+08,1,2.83328e+08,,,3.4629e+07,5.88388e+08,7.44918e+08,0
CDNS,2012-12-29,2013-02-21,2013-02-21,345585000,332516000.0,56261000,3.13874e+08,2.80667e+08,1,2.80667e+08,,,3.6163e+07,9.15171e+08,8.27061e+08,0
CDNS,2013-03-30,2013-04-25,2013-04-25,354266000,,58136000,7.8609e+07,2.92151e+08,1,2.92151e+08,,,3.7016e+07,1.01967e+09,9.11144e+08,0
CDNS,2013-06-29,2013-07-25,2013-07-25,362481000,,45142000,9.429e+06,2.94443e+08,1,2.94443e+08,,,3.8705e+07,1.04026e+09,6.78484e+08,0
CDNS,2013-09-28,2013-10-24,2013-10-24,366647000,,47930000,3.85e+07,2.96958e+08,1,2.96958e+08,,,4.5877e+07,1.09621e+09,7.16422e+08,0
CDNS,2013-12-28,2014-02-20,2014-02-20,376722000,,37799000,3.7705e+07,2.94564e+08,1,2.94564e+08,,,5.022e+07,1.1561e+09,6.33048e+08,0
CDNS,2014-03-29,2014-04-21,2014-04-21,378550000,,42312000,3.307e+07,3.01034e+08,1,3.01034e+08,,,5.5605e+07,1.2142e+09,6.29767e+08,0
CDNS,2014-06-28,2014-07-21,2014-07-21,378788000,,35497000,2.3263e+07,3.05755e+08,1,3.05755e+08,,,5.8311e+07,1.26048e+09,6.55326e+08,0
CDNS,2014-09-27,2014-10-20,2014-10-20,400496000,,54049000,3.7535e+07,3.09995e+08,1,3.09995e+08,,,6.1096e+07,1.28473e+09,5.95453e+08,0
CDNS,2015-01-03,2015-02-20,2015-02-20,423098000,,74786000,6.503e+07,3.06775e+08,1,3.06775e+08,,,5.6394e+07,1.33357e+09,1.02261e+09,0
CDNS,2015-04-04,2015-04-27,2015-04-27,411366000,,49285000,3.6259e+07,3.11847e+08,1,3.11847e+08,,,5.445e+07,1.36319e+09,9.80376e+08,0
CDNS,2015-07-04,2015-07-27,2015-07-27,415883000,,76404000,5.816e+07,3.13665e+08,1,3.13665e+08,,,6.2172e+07,1.39722e+09,7.44411e+08,0
CDNS,2015-10-03,2015-10-27,2015-10-27,433763000,,77901000,7.7624e+07,3.13186e+08,1,3.13186e+08,,,5.769e+07,1.38456e+09,7.11195e+08,0
CDNS,2016-01-02,2016-02-18,2016-02-18,441079000,,81840000,8.0374e+07,3.12302e+08,1,3.12302e+08,,,5.6762e+07,1.37612e+09,7.11184e+08,0
CDNS,2016-04-02,2016-04-25,2016-04-25,447862000,,58036000,5.0562e+07,3.03434e+08,1,3.03434e+08,,,5.6634e+07,1.23405e+09,9.06717e+08,0
CDNS,2016-07-02,2016-07-25,2016-07-25,453021000,,66906000,4.9335e+07,2.95201e+08,1,2.95201e+08,,,6.1932e+07,1.07539e+09,7.04318e+08,0
CDNS,2016-10-01,2016-10-24,2016-10-24,446220000,,66842000,6.4712e+07,2.87473e+08,1,2.87473e+08,,,6.4476e+07,9.26796e+08,5.32836e+08,0
CDNS,2016-12-31,2017-02-10,2017-02-10,468980000,,53117000,3.8477e+07,2.91256e+08,1,2.91256e+08,,,3.9475e+07,7.4177e+08,4.68289e+08,0
CDNS,2017-04-01,2017-04-25,2017-04-25,476911000,,79602000,6.8259e+07,2.77736e+08,1,2.77736e+08,,,3.0734e+07,8.40592e+08,5.47607e+08,0
CDNS,2017-07-01,2017-07-24,2017-07-24,479001000,,82690000,6.9127e+07,2.79526e+08,1,2.79526e+08,,,3.1894e+07,9.51793e+08,6.59227e+08,0
CDNS,2017-09-30,2017-10-26,2017-10-26,485398000,,80385000,8.1157e+07,2.814e+08,1,2.814e+08,,,3.6e+07,1.01074e+09,6.82419e+08,0
CDNS,2017-12-30,2018-02-20,2018-02-20,501722000,,81278000,-1.4442e+07,2.80221e+08,1,2.80221e+08,,,3.3209e+07,9.89202e+08,6.92542e+08,0
CDNS,2018-03-31,2018-04-25,2018-04-25,517313000,,85833000,7.2885e+07,2.81651e+08,1,2.81651e+08,,,3.009e+07,1.1423e+09,7.52434e+08,2.99826e+08
CDNS,2018-06-30,2018-07-23,2018-07-23,518391000,,93056000,7.5149e+07,2.80774e+08,1,2.80774e+08,,,2.8558e+07,1.18799e+09,8.25382e+08,2.99879e+08
CDNS,2018-09-29,2018-10-22,2018-10-22,532468000,,103630000,9.9318e+07,2.81646e+08,1,2.81646e+08,,,3.0535e+07,1.25742e+09,5.50031e+08,0
CDNS,2018-12-29,2019-02-27,2019-02-27,569850000,,113690000,9.8425e+07,2.81144e+08,1,2.81144e+08,,,2.8162e+07,1.2884e+09,5.33298e+08,0
CDNS,2019-03-30,2019-04-22,2019-04-22,576742000,,128396000,1.20555e+08,2.80615e+08,1,2.80615e+08,,,3.748e+07,1.36584e+09,5.38898e+08,0
CDNS,2019-06-29,2019-07-22,2019-07-22,580419000,,133675000,1.07235e+08,2.81054e+08,1,2.81054e+08,,,4.9299e+07,1.43054e+09,6.33415e+08,0
CDNS,2019-09-28,2019-10-21,2019-10-21,579603000,,120826000,1.01514e+08,2.80666e+08,1,2.80666e+08,,,6.6745e+07,1.48026e+09,6.55216e+08,0
CDNS,2019-12-28,2020-02-24,2020-02-24,599555000,,108899000,6.59675e+08,2.80515e+08,1,2.80515e+08,,,5.5802e+07,2.10289e+09,7.0521e+08,0
CDNS,2020-03-28,2020-04-20,2020-04-20,617957000,,139351000,1.23988e+08,2.79265e+08,1,2.79265e+08,,,6.0575e+07,2.15799e+09,9.46285e+08,0
CDNS,2020-06-27,2020-07-20,2020-07-20,638418000,,151950000,1.31288e+08,2.7908e+08,1,2.7908e+08,,,4.3924e+07,2.25663e+09,1.18919e+09,0
CDNS,2020-09-26,2020-10-19,2020-10-19,666607000,,169272000,1.6163e+08,2.80024e+08,1,2.80024e+08,,,4.7979e+07,2.39572e+09,1.30656e+09,0
CDNS,2021-01-02,2021-02-22,2021-02-22,759909000,,184979000,1.73738e+08,2.79641e+08,1,2.79641e+08,,,7.5956e+07,2.49302e+09,9.28432e+08,0
CDNS,2021-04-03,2021-04-26,2021-04-26,736028000,,203937000,1.87169e+08,2.8014e+08,1,2.8014e+08,,,7.6592e+07,2.54243e+09,7.42981e+08,0
CDNS,2021-07-03,2021-07-26,2021-07-26,728285000,,185438000,1.559e+08,2.78558e+08,1,2.78558e+08,,,9.0479e+07,2.51674e+09,8.4716e+08,0
CDNS,2021-10-02,2021-10-25,2021-10-25,750895000,,194034000,1.76307e+08,2.78311e+08,1,2.78311e+08,,,1.01575e+08,2.63126e+09,1.01382e+09,0
CDNS,2022-01-01,2022-02-22,2022-02-22,773036000,,195680000,1.76579e+08,2.78858e+08,1,2.78858e+08,,,1.15721e+08,2.74068e+09,1.08894e+09,0
CDNS,2022-04-02,2022-04-25,2022-04-25,901766000,,318929000,2.35335e+08,2.76918e+08,1,2.76918e+08,,,1.10213e+08,2.76018e+09,1.13475e+09,0
CDNS,2022-07-02,2022-07-25,2022-07-25,857521000,,282888000,1.8692e+08,2.75172e+08,1,2.75172e+08,,,1.06372e+08,2.62523e+09,1.02954e+09,0
CDNS,2022-10-01,2022-10-24,2022-10-24,902554000,,260752000,1.86305e+08,2.74957e+08,1,2.74957e+08,,,1.14283e+08,2.70813e+09,1.02605e+09,0
CDNS,2022-12-31,2023-02-13,2023-02-13,899877000,,211117000,2.40392e+08,2.75011e+08,1,2.75011e+08,,,1.28005e+08,2.74511e+09,8.86815e+08,0
CDNS,2023-03-31,2023-04-24,2023-04-24,1021690000,,322463000,2.41804e+08,2.73159e+08,1,2.73159e+08,,,1.27566e+08,2.94088e+09,9.16963e+08,0
CDNS,2023-06-30,2023-07-24,2023-07-24,976579000,,299328000,2.2112e+08,2.72996e+08,1,2.72996e+08,,,1.39576e+08,2.90846e+09,8.73925e+08,0
CDNS,2023-09-30,2023-10-23,2023-10-23,1023094000,,292906000,2.54321e+08,2.72427e+08,1,2.72427e+08,,,1.63693e+08,3.11389e+09,9.61982e+08,0
CDNS,2023-12-31,2024-02-14,2024-02-14,1068623000,,336528000,3.23899e+08,2.72748e+08,1,2.72748e+08,,,1.81661e+08,3.40427e+09,1.13851e+09,0
CDNS,2024-03-31,2024-04-24,2024-04-24,1009103000,,249956000,2.47643e+08,2.73544e+08,1,2.73544e+08,,,1.85784e+08,3.5676e+09,1.01242e+09,0
CDNS,2024-06-30,2024-07-24,2024-07-24,1060681000,,293876000,2.2952e+08,2.7352e+08,1,2.7352e+08,,,1.71508e+08,4.26089e+09,1.05896e+09,0
CDNS,2024-09-30,2024-10-30,2024-10-30,1215499000,,350056000,2.38111e+08,2.73958e+08,1,2.73958e+08,,,2.9335e+08,4.56334e+09,2.78604e+09,0
CDNS,2024-12-31,2025-02-21,2025-02-21,1355981000,,456875000,3.4021e+08,2.73833e+08,1,2.73833e+08,,,2.57711e+08,4.67358e+09,2.78466e+09,0
CDNS,2025-03-31,2025-04-30,2025-04-30,1242366000,,361520000,2.73579e+08,2.73631e+08,1,2.73631e+08,,,2.25621e+08,4.77626e+09,2.77767e+09,0
CDNS,2025-06-30,2025-07-30,2025-07-30,1275441000,,241797000,1.60051e+08,2.72899e+08,1,2.72899e+08,,,2.26162e+08,5.00654e+09,2.82276e+09,0
SNPS,2009-07-31,2010-09-08,2010-09-08,345177000,275142000,61089000,4.7436e+07,1.46063e+08,1,1.46063e+08,,,,,6.22281e+08,0
SNPS,2010-01-31,2011-03-02,2011-03-02,330167000,264586000,55092000,1.32786e+08,1.50788e+08,1,1.50788e+08,,,,,6.2649e+08,0
SNPS,2010-04-30,2011-05-27,2011-05-27,338106000,269079000,44968000,3.9549e+07,1.52482e+08,1,1.52482e+08,,,,,6.69431e+08,0
SNPS,2010-07-31,2010-09-08,2010-09-08,336929000,270186000,50793000,3.9327e+07,1.51106e+08,1,1.51106e+08,,,,2.04981e+09,1.20982e+09,0
SNPS,2010-10-31,2010-12-17,2010-12-17,375459000,295716000,33257000,2.5401e+07,1.51911e+08,1,1.51911e+08,,,,2.10018e+09,9.38561e+08,0
SNPS,2011-01-31,2011-03-02,2011-03-02,364644000,280339000,46662000,4.8226e+07,1.5364e+08,1,1.5364e+08,,,,2.15787e+09,8.67128e+08,0
SNPS,2011-04-30,2011-05-27,2011-05-27,393670000,307642000,51685000,8.1114e+07,1.52593e+08,1,1.52593e+08,,,,2.1474e+09,8.40463e+08,0
SNPS,2011-07-31,2011-09-02,2011-09-02,386795000,302063000,58179000,5.2082e+07,1.48045e+08,1,1.48045e+08,,,,2.12151e+09,1.03828e+09,0
SNPS,2011-10-31,2011-12-16,2011-12-16,390534000,305149000,56317000,3.9942e+07,1.50367e+08,1,1.50367e+08,,,,2.1013e+09,1.00407e+09,0
SNPS,2012-01-31,2012-03-06,2012-03-06,425496000,335642000,70003000,5.6694e+07,1.47113e+08,1,1.47113e+08,,,,2.1718e+09,9.43489e+08,0
SNPS,2012-04-30,2012-06-04,2012-06-04,432561000,332055000,17136000,2.0971e+07,1.49297e+08,1,1.49297e+08,,,,2.28998e+09,7.96594e+08,2.5e+08
SNPS,2012-07-31,2012-08-31,2012-08-31,443747000,343958000,63395000,7.5656e+07,1.50644e+08,1,1.50644e+08,,,,2.3911e+09,9.63767e+08,1.425e+08
SNPS,2012-10-31,2012-12-20,2012-12-20,454213000,351689000,39490000,2.8577e+07,1.5028e+08,1,1.5028e+08,,,,2.50169e+09,7.00382e+08,1.35e+08
SNPS,2013-01-31,2013-03-04,2013-03-04,475137000,364074000,60981000,6.9922e+07,1.54531e+08,1,1.54531e+08,,,,2.60216e+09,5.50365e+08,1.275e+08
SNPS,2013-04-30,2013-05-31,2013-05-31,499257000,391524000,79503000,6.8691e+07,1.56606e+08,1,1.56606e+08,,,,2.69893e+09,6.81018e+08,1.2e+08
SNPS,2013-07-31,2013-08-30,2013-08-30,482945000,367298000,54995000,5.2297e+07,1.57056e+08,1,1.57056e+08,,,,2.73613e+09,8.9237e+08,1.125e+08
SNPS,2013-10-31,2014-12-15,2014-12-15,504875000,385766000,51014000,5.689e+07,1.56601e+08,1,1.56601e+08,,,,2.78828e+09,1.02244e+09,1.05e+08
SNPS,2014-01-31,2014-02-26,2014-02-26,478951000,373102000,60156000,6.7696e+07,1.56756e+08,1,1.56756e+08,,,,2.82322e+09,8.93053e+08,9.75e+07
SNPS,2014-04-30,2014-05-28,2014-05-28,517697000,403612000,63834000,6.3317e+07,1.57082e+08,1,1.57082e+08,,,,2.91912e+09,8.21633e+08,2.9e+08
SNPS,2014-07-31,2014-08-26,2014-08-26,521812000,406282000,67227000,6.5656e+07,1.57622e+08,1,1.57622e+08,,,,2.99605e+09,9.03046e+08,8.25e+07
SNPS,2014-10-31,2014-12-15,2014-12-15,539012000,417591000,57500000,6.2455e+07,1.5771e+08,1,1.5771e+08,,,,3.05617e+09,9.85762e+08,7.5e+07
SNPS,2015-01-31,2015-02-24,2015-02-24,542043000,417410000,71499000,6.5189e+07,1.57206e+08,1,1.57206e+08,,,,2.93702e+09,9.17062e+08,3.025e+08
SNPS,2015-04-30,2015-05-22,2015-05-22,557204000,432232000,75927000,5.5596e+07,1.57483e+08,1,1.57483e+08,,,,3.065e+09,1.00542e+09,2.2e+08
SNPS,2015-07-31,2015-08-24,2015-08-24,555805000,426334000,61482000,5.5387e+07,1.58584e+08,1,1.58584e+08,,,,3.13825e+09,1.12292e+09,2.125e+08
SNPS,2015-10-31,2015-12-14,2015-12-14,587159000,447315000,57558000,4.9762e+07,1.58065e+08,1,1.58065e+08,,,,3.13399e+09,9.64935e+08,2.05e+08
SNPS,2016-01-31,2016-02-22,2016-02-22,568604000,439160000,71110000,6.0035e+07,1.55283e+08,1,1.55283e+08,,,,2.99038e+09,7.05934e+08,2.275e+08
SNPS,2016-04-30,2016-05-24,2016-05-24,605005000,473375000,86806000,6.9376e+07,1.54536e+08,1,1.54536e+08,,,,3.15e+09,9.59922e+08,2.5e+08
SNPS,2016-07-31,2016-08-22,2016-08-22,615204000,475527000,76722000,6.4718e+07,1.5389e+08,1,1.5389e+08,,,,3.12075e+09,1.08986e+09,2.775e+08
SNPS,2016-10-31,2016-12-12,2016-12-12,633719000,491508000,82757000,7.2697e+07,1.54721e+08,1,1.54721e+08,,,,3.19515e+09,1.11732e+09,2.05e+08
SNPS,2017-01-31,2017-02-17,2017-02-17,652786000,497040000,96874000,8.6588e+07,1.54433e+08,1,1.54433e+08,,,,3.32468e+09,9.66357e+08,3.1954e+08
SNPS,2017-04-30,2017-05-19,2017-05-19,680069000,518041000,53606000,5.3306e+07,1.54861e+08,1,1.54861e+08,,,,3.3775e+09,1.13157e+09,4.17689e+08
SNPS,2017-07-31,2017-08-18,2017-08-18,695381000,525835000,105370000,1.16751e+08,1.54683e+08,1,1.54683e+08,,,,3.42317e+09,1.30249e+09,4.35838e+08
SNPS,2017-10-31,2017-12-14,2017-12-14,696644000,529780000,91713000,-1.20082e+08,1.54874e+08,1,1.54874e+08,,,6.1884e+07,3.27562e+09,1.04836e+09,1.43987e+08
SNPS,2018-01-31,2018-02-23,2018-02-23,769426000,588270000,107718000,-3.691e+06,1.49441e+08,1,1.49441e+08,,,,3.13653e+09,6.05892e+08,5.72135e+08
SNPS,2018-04-30,2018-05-25,2018-05-25,776836000,598057000,127014000,1.02472e+08,1.53167e+08,1,1.53167e+08,,,,3.25629e+09,5.70801e+08,5.24347e+08
SNPS,2018-07-31,2018-08-24,2018-08-24,779714000,594333000,63968000,7.9409e+07,1.52614e+08,1,1.52614e+08,,,,3.15814e+09,7.41236e+08,6.21558e+08
SNPS,2018-10-31,2018-12-17,2018-12-17,795082000,604500000,61525000,2.54328e+08,1.53393e+08,1,1.53393e+08,,,1.22407e+08,3.47915e+09,7.23115e+08,4.69304e+08
SNPS,2019-01-31,2019-02-25,2019-02-25,820401000,627509000,147414000,1.53514e+08,1.52661e+08,1,1.52661e+08,,,1.37559e+08,3.7788e+09,5.92305e+08,5.4187e+08
SNPS,2019-04-30,2019-05-24,2019-05-24,836242000,645563000,115502000,1.1821e+08,1.53904e+08,1,1.53904e+08,,,1.66329e+08,3.90957e+09,6.31161e+08,2.91844e+08
SNPS,2019-07-31,2019-08-26,2019-08-26,852970000,666338000,127594000,9.9929e+07,1.546e+08,1,1.546e+08,,,1.55108e+08,3.93381e+09,6.8678e+08,1.41938e+08
SNPS,2019-10-31,2019-12-20,2019-12-20,851081000,668338000,129721000,1.60714e+08,1.5419e+08,1,1.5419e+08,,,1.41518e+08,4.08301e+09,7.28597e+08,1.37707e+08
SNPS,2020-01-31,2020-02-21,2020-02-21,834381000,641513000,87516000,1.04061e+08,1.54504e+08,1,1.54504e+08,,,1.48057e+08,4.14883e+09,7.00356e+08,3.31092e+08
SNPS,2020-04-30,2020-05-22,2020-05-22,861327000,677062000,125895000,1.0992e+08,1.54379e+08,1,1.54379e+08,,,1.66437e+08,4.27509e+09,8.56424e+08,2.35782e+08
SNPS,2020-07-31,2020-08-21,2020-08-21,964134000,771126000,210598000,2.52911e+08,1.55973e+08,1,1.55973e+08,,,1.59813e+08,4.59592e+09,1.04992e+09,1.31352e+08
SNPS,2020-10-31,2020-12-15,2020-12-15,1025439000,800890000,196132000,1.97455e+08,1.55706e+08,1,1.55706e+08,,,1.92333e+08,4.9074e+09,1.23565e+09,1.27907e+08
SNPS,2021-01-31,2021-02-19,2021-02-19,970321000,762322000,148348000,1.62345e+08,1.57277e+08,1,1.57277e+08,,,2.30907e+08,4.88225e+09,1.02307e+09,1.23079e+08
SNPS,2021-04-30,2021-05-21,2021-05-21,1024323000,810337000,194231000,1.95078e+08,1.57077e+08,1,1.57077e+08,,,2.30068e+08,5.08814e+09,1.45792e+09,1.15565e+08
SNPS,2021-07-31,2021-08-20,2021-08-20,1057130000,852064000,201923000,1.98646e+08,1.56907e+08,1,1.56907e+08,,,2.41103e+08,5.15102e+09,1.53017e+09,1.07222e+08
SNPS,2021-10-31,2021-12-13,2021-12-13,1152419000,917693000,190288000,2.01447e+08,1.5734e+08,1,1.5734e+08,,,2.29023e+08,5.29514e+09,1.58079e+09,1.00086e+08
SNPS,2022-01-31,2022-02-18,2022-02-18,1270255000,1013271000,347036000,3.13687e+08,1.57273e+08,1,1.57273e+08,,,2.12919e+08,5.38677e+09,1.27205e+09,2.437e+07
SNPS,2022-04-30,2022-05-20,2022-05-20,1279229000,1026418000,363701000,2.94781e+08,1.56167e+08,1,1.56167e+08,,,2.13532e+08,5.56431e+09,1.72052e+09,2.3775e+07
SNPS,2022-07-31,2022-08-19,2022-08-19,1247766000,976585000,233928000,2.22626e+08,1.55806e+08,1,1.55806e+08,,,2.19736e+08,5.60403e+09,1.53116e+09,2.196e+07
SNPS,2022-10-31,2022-12-12,2022-12-12,1284292000,1001571000,217373000,1.535e+08,1.56485e+08,1,1.56485e+08,,,2.11927e+08,5.51572e+09,1.56552e+09,2.0824e+07
SNPS,2023-01-31,2023-02-17,2023-02-17,1361340000,1076986000,255932000,2.71536e+08,1.55076e+08,1,1.55076e+08,,,2.20881e+08,5.63675e+09,1.30192e+09,2.0569e+07
SNPS,2023-04-30,2023-05-19,2023-05-19,1394863000,1096849000,287332000,2.7291e+08,1.5473e+08,1,1.5473e+08,,,2.56426e+08,5.83186e+09,1.69544e+09,2.0201e+07
SNPS,2023-07-31,2023-08-18,2023-08-18,1487288000,1179806000,295474000,3.36252e+08,1.54947e+08,1,1.54947e+08,,,2.82791e+08,5.95856e+09,1.83459e+09,1.8165e+07
SNPS,2023-10-31,2023-12-12,2023-12-12,1599128000,1266785000,430521000,3.4919e+08,1.55195e+08,1,1.55195e+08,,,3.2559e+08,6.14731e+09,1.59055e+09,1.8078e+07
SNPS,2024-01-31,2024-02-23,2024-02-23,1649230000,1320055000,359620000,4.49112e+08,1.55334e+08,1,1.55334e+08,,,3.82727e+08,6.67098e+09,1.27343e+09,1.6951e+07
SNPS,2024-04-30,2024-05-24,2024-05-24,1454712000,1154315000,332072000,2.92107e+08,1.5577e+08,1,1.5577e+08,,,3.77875e+08,7.15316e+09,1.6597e+09,1.696e+07
SNPS,2024-07-31,2024-08-23,2024-08-23,1525749000,1235073000,360211000,4.08055e+08,1.56131e+08,1,1.56131e+08,,,3.86009e+08,7.7094e+09,1.99425e+09,1.5599e+07
SNPS,2024-10-31,2024-12-19,2024-12-19,1497745000,1172704000,303808000,1.11411e+09,1.55944e+08,1,1.55944e+08,,,3.61849e+08,8.9907e+09,4.0504e+09,1.5601e+07
SNPS,2025-01-31,2025-02-26,2025-02-26,1455315000,1185340000,251839000,2.95683e+08,1.56189e+08,1,1.56189e+08,,,4.15199e+08,9.30479e+09,3.80937e+09,1.422e+07
SNPS,2025-04-30,2025-05-28,2025-05-28,1604266000,1285919000,376426000,3.45332e+08,1.56088e+08,1,1.56088e+08,,,3.95339e+08,9.91572e+09,1.42639e+10,1.00736e+10
SNPS,2025-07-31,2025-09-09,2025-09-09,1739737000,1359173000,165269000,2.42509e+08,1.61682e+08,1,1.61682e+08,,,3.82056e+08,2.76145e+10,2.59371e+09,1.43622e+10
ANET,2013-06-30,2014-08-08,2014-08-08,83485000,53901000,16264000,1.0251e+07,2.9252e+07,16,4.68032e+08,,,,,9.0632e+07,0
ANET,2013-09-30,2014-11-07,2014-11-07,101625000,65036000,18636000,1.1856e+07,3.0412e+07,16,4.86592e+08,,,,,1.2002e+08,0
ANET,2014-03-31,2015-05-15,2015-05-15,117207000,81314000,21982000,1.2329e+07,3.3816e+07,16,5.41056e+08,,,,,1.29524e+08,0
ANET,2014-06-30,2014-08-08,2014-08-08,137947000,93380000,30655000,2.1618e+07,4.4057e+07,16,7.04912e+08,,,7.1068e+07,4.61186e+08,3.97198e+08,0
ANET,2014-09-30,2014-11-07,2014-11-07,155463000,100957000,33874000,2.1866e+07,6.9737e+07,16,1.11579e+09,,,6.2587e+07,4.92922e+08,4.08596e+08,0
ANET,2014-12-31,2016-02-25,2016-02-25,173489000,116440000,39002000,3.1037e+07,5.459e+07,16,8.7344e+08,,,8.0519e+07,5.55658e+08,4.49457e+08,0
ANET,2015-03-31,2015-05-15,2015-05-15,179045000,117754000,35755000,2.4492e+07,7.0722e+07,16,1.13155e+09,,,9.1225e+07,6.10471e+08,4.84339e+08,0
ANET,2015-06-30,2015-08-07,2015-08-07,195552000,127890000,32859000,2.3996e+07,7.1215e+07,16,1.13944e+09,,,1.00304e+08,6.65542e+08,5.51763e+08,0
ANET,2015-09-30,2015-11-06,2015-11-06,217548000,141748000,31297000,2.869e+07,7.1887e+07,16,1.15019e+09,,,1.09921e+08,7.23174e+08,5.68617e+08,0
ANET,2015-12-31,2016-02-25,2016-02-25,245446000,156168000,49397000,4.3924e+07,7.1411e+07,16,1.14258e+09,,,9.2129e+07,7.88152e+08,6.87326e+08,0
ANET,2016-03-31,2016-05-05,2016-05-05,242196000,155090000,49735000,3.5245e+07,7.2214e+07,16,1.15542e+09,,,8.403e+07,8.49857e+08,7.62252e+08,0
ANET,2016-06-30,2016-08-05,2016-08-05,268741000,171451000,53158000,3.8904e+07,7.2817e+07,16,1.16507e+09,,,1.1813e+08,9.16832e+08,8.23818e+08,0
ANET,2016-09-30,2016-11-03,2016-11-03,290261000,186420000,63021000,5.1257e+07,7.3453e+07,16,1.17525e+09,,,1.62128e+08,1.01142e+09,8.00148e+08,0
ANET,2016-12-31,2017-02-17,2017-02-17,327969000,210155000,77495000,5.8783e+07,7.3222e+07,16,1.17155e+09,,,2.3649e+08,1.10782e+09,8.67833e+08,0
ANET,2017-03-31,2017-05-08,2017-05-08,335475000,214210000,73418000,8.2961e+07,7.7516e+07,16,1.24026e+09,,,2.86786e+08,1.22837e+09,1.04324e+09,0
ANET,2017-06-30,2017-08-04,2017-08-04,405211000,259777000,116634000,1.02685e+08,7.8756e+07,16,1.2601e+09,,,3.63803e+08,1.35775e+09,1.12484e+09,0
ANET,2017-09-30,2017-11-03,2017-11-03,437633000,280617000,140832000,1.33722e+08,7.9322e+07,16,1.26915e+09,,,3.33157e+08,1.52455e+09,1.34311e+09,0
ANET,2017-12-31,2018-02-20,2018-02-20,467867000,307165000,139388000,1.03833e+08,7.8977e+07,16,1.26363e+09,,,3.06198e+08,1.66191e+09,1.53556e+09,0
ANET,2018-03-31,2018-05-04,2018-05-04,472489000,302919000,138738000,1.44538e+08,8.0721e+07,16,1.29154e+09,,,2.68131e+08,1.84504e+09,1.73804e+09,0
ANET,2018-06-30,2018-08-08,2018-08-08,519845000,333883000,-239803000,-1.55269e+08,7.4503e+07,16,1.19205e+09,,,2.45439e+08,1.71997e+09,1.8604e+09,0
ANET,2018-09-30,2018-11-05,2018-11-05,563309000,361583000,180770000,1.68524e+08,8.1018e+07,16,1.29629e+09,,,2.16313e+08,1.94588e+09,1.6618e+09,0
ANET,2018-12-31,2019-02-15,2019-02-15,595726000,374992000,193642000,1.70322e+08,8.0844e+07,16,1.2935e+09,,,2.64557e+08,2.14339e+09,1.95615e+09,0
ANET,2019-03-31,2019-05-06,2019-05-06,595424000,380570000,194342000,2.01029e+08,8.1201e+07,16,1.29922e+09,,,3.47153e+08,2.40037e+09,2.15092e+09,0
ANET,2019-06-30,2019-08-02,2019-08-02,608321000,390191000,206837000,1.89251e+08,8.1335e+07,16,1.30136e+09,,,3.14177e+08,2.52556e+09,2.2578e+09,0
ANET,2019-09-30,2019-11-01,2019-11-01,654415000,417274000,228606000,2.08895e+08,8.0753e+07,16,1.29205e+09,,,2.39802e+08,2.656e+09,2.44704e+09,0
ANET,2019-12-31,2020-02-14,2020-02-14,552546000,356303000,175989000,2.60692e+08,8.0879e+07,16,1.29406e+09,,,2.43825e+08,2.89469e+09,2.72437e+09,0
ANET,2020-03-31,2020-05-06,2020-05-06,523029000,338251000,149662000,1.38431e+08,7.9939e+07,16,1.27902e+09,,,2.61798e+08,2.84883e+09,2.63699e+09,0
ANET,2020-06-30,2020-08-05,2020-08-05,540570000,344089000,166989000,1.44793e+08,7.9298e+07,16,1.26877e+09,,,3.26997e+08,3.03648e+09,2.78177e+09,0
ANET,2020-09-30,2020-11-03,2020-11-03,605431000,384962000,188395000,1.68375e+08,7.9313e+07,16,1.26901e+09,,,4.38102e+08,3.08388e+09,2.8459e+09,0
ANET,2020-12-31,2021-02-19,2021-02-19,648482000,414584000,194638000,1.82958e+08,7.9465e+07,16,1.27144e+09,,,4.79668e+08,3.32029e+09,2.87287e+09,0
ANET,2021-03-31,2021-05-06,2021-05-06,667562000,425272000,206292000,1.80366e+08,7.9623e+07,16,1.27397e+09,,,4.83168e+08,3.45134e+09,3.02767e+09,0
ANET,2021-06-30,2021-08-03,2021-08-03,707319000,454178000,219365000,1.96888e+08,7.971e+07,16,1.27536e+09,,,5.43199e+08,3.69784e+09,3.2817e+09,0
ANET,2021-09-30,2021-11-02,2021-11-02,748697000,478615000,233294000,2.24305e+08,7.9909e+07,16,1.27854e+09,,,5.75665e+08,3.86526e+09,3.38648e+09,0
ANET,2021-12-31,2022-02-15,2022-02-15,824459000,522714000,265788000,2.39295e+08,3.19238e+08,4,1.27695e+09,,,6.50117e+08,3.9786e+09,3.40832e+09,0
ANET,2022-03-31,2022-05-03,2022-05-03,877066000,553845000,277987000,2.72259e+08,3.19652e+08,4,1.27861e+09,,,6.94217e+08,4.15318e+09,3.42391e+09,0
ANET,2022-06-30,2022-08-02,2022-08-02,1051891000,643265000,362853000,2.99099e+08,3.16581e+08,4,1.26632e+09,,,8.5281e+08,4.00579e+09,2.9019e+09,0
ANET,2022-09-30,2022-11-01,2022-11-01,1176801000,709980000,417347000,3.53999e+08,3.14401e+08,4,1.2576e+09,,,1.10055e+09,4.38522e+09,2.98007e+09,0
ANET,2022-12-31,2023-02-14,2023-02-14,1275552000,768606000,468919000,4.27089e+08,3.16459e+08,4,1.26584e+09,,,1.28971e+09,4.88582e+09,3.02373e+09,0
ANET,2023-03-31,2023-05-02,2023-05-02,1351351000,804507000,484578000,4.36473e+08,3.15578e+08,4,1.26231e+09,,,1.6827e+09,5.32917e+09,3.33113e+09,0
ANET,2023-06-30,2023-08-01,2023-08-01,1458924000,884129000,530062000,4.91885e+08,3.16485e+08,4,1.26594e+09,,,1.86433e+09,5.85758e+09,3.74113e+09,0
ANET,2023-09-30,2023-10-31,2023-10-31,1509456000,942419000,602695000,5.45327e+08,3.17631e+08,4,1.27052e+09,,,1.89354e+09,6.50556e+09,4.4556e+09,0
ANET,2023-12-31,2024-02-13,2024-02-13,1540437000,999226000,639914000,6.13636e+08,3.17135e+08,4,1.26854e+09,,,1.94518e+09,7.21906e+09,5.00797e+09,0
ANET,2024-03-31,2024-05-08,2024-05-08,1571374000,1001379000,660141000,6.37692e+08,3.19865e+08,4,1.27946e+09,,,2.0252e+09,7.86232e+09,5.4497e+09,0
ANET,2024-06-30,2024-07-31,2024-07-31,1690400000,1097213000,699573000,6.65428e+08,3.19921e+08,4,1.27968e+09,,,1.85378e+09,8.43081e+09,6.27395e+09,0
ANET,2024-09-30,2024-11-08,2024-11-08,1810936000,1161717000,785250000,7.47938e+08,3.20448e+08,4,1.28179e+09,,,1.76996e+09,9.24589e+09,7.42839e+09,0
ANET,2024-12-31,2025-02-19,2025-02-19,1930436000,1230994000,799652000,8.00996e+08,1.28108e+09,1,1.28108e+09,,,1.83457e+09,9.99481e+09,8.30347e+09,0
ANET,2025-03-31,2025-05-07,2025-05-07,2004800000,1276100000,858800000,8.138e+08,1.2792e+09,1,1.2792e+09,,,1.9573e+09,1.01191e+10,8.1496e+09,0
ANET,2025-06-30,2025-08-06,2025-08-06,2204800000,1438600000,986200000,8.888e+08,1.2712e+09,1,1.2712e+09,,,2.0591e+09,1.09016e+10,8.8444e+09,0
PANW,2011-10-31,2012-12-10,2012-12-10,57113000,42273000,6900000,4.116e+06,1.6715e+07,6,1.0029e+08,,,,,5.9826e+07,0
PANW,2012-01-31,2013-03-04,2013-03-04,56683000,41170000,1276000,424000,1.7192e+07,6,1.03152e+08,,,,,8.2822e+07,0
PANW,2012-04-30,2013-06-04,2013-06-04,65700000,47067000,-41000,796000,2.4888e+07,6,1.49328e+08,,,,,9.0283e+07,0
PANW,2012-07-31,2013-09-25,2013-09-25,75642000,54075000,-4244000,-4.599e+06,1.9569e+07,6,1.17414e+08,,,,2.29071e+08,3.22642e+08,0
PANW,2012-10-31,2012-12-10,2012-12-10,85934000,61744000,-3131000,-3.515e+06,6.6813e+07,6,4.00878e+08,,,,2.35789e+08,1.74473e+08,0
PANW,2013-01-31,2013-03-04,2013-03-04,96499000,68881000,-2157000,-2.613e+06,6.7651e+07,6,4.05906e+08,,,,2.4352e+08,1.87924e+08,0
PANW,2013-04-30,2013-06-04,2013-06-04,101289000,73599000,-6450000,-7.282e+06,6.9575e+07,6,4.1745e+08,,,,2.63881e+08,2.13664e+08,0
PANW,2013-07-31,2013-09-25,2013-09-25,112385000,82127000,-6883000,-1.5836e+07,6.8682e+07,6,4.12092e+08,,,,2.7242e+08,3.10614e+08,0
PANW,2013-10-31,2013-12-05,2013-12-05,128180000,94373000,-7011000,-7.861e+06,7.1681e+07,6,4.30086e+08,,,,2.89779e+08,2.66182e+08,0
PANW,2014-01-31,2014-02-24,2014-02-24,141068000,103564000,-37156000,-3.9946e+07,7.2854e+07,6,4.37124e+08,,,,2.84444e+08,2.61867e+08,0
PANW,2014-04-30,2014-06-03,2014-06-03,150700000,110990000,-145732000,-1.46587e+08,7.4967e+07,6,4.49802e+08,,,,2.71693e+08,2.3479e+08,0
PANW,2014-07-31,2014-09-18,2014-09-18,178231000,129624000,-25448000,-3.2058e+07,7.4291e+07,6,4.45746e+08,,,,4.68583e+08,6.53812e+08,4.66875e+08
PANW,2014-10-31,2014-11-25,2014-11-25,192346000,138885000,-23763000,-3.0068e+07,7.9388e+07,6,4.76328e+08,,,,4.93211e+08,5.43747e+08,0
PANW,2015-01-31,2015-03-03,2015-03-03,217655000,158330000,-38516000,-4.3008e+07,8.0824e+07,6,4.84944e+08,,,,5.16061e+08,3.42983e+08,0
PANW,2015-04-30,2015-05-28,2015-05-28,234172000,169777000,-36724000,-4.5935e+07,8.232e+07,6,4.9392e+08,,,,4.54278e+08,4.54123e+08,0
PANW,2015-07-31,2015-09-17,2015-09-17,283879000,209561000,-34533000,-4.5971e+07,8.1619e+07,6,4.89714e+08,,,,4.87899e+08,3.75814e+08,4.87084e+08
PANW,2015-10-31,2015-11-24,2015-11-24,297200000,218000000,-30800000,-3.87e+07,8.51e+07,6,5.106e+08,,,,5.438e+08,2.758e+08,4.923e+08
PANW,2016-01-31,2016-02-26,2016-02-26,334700000,240500000,-55300000,-6.25e+07,8.66e+07,6,5.196e+08,,,,5.928e+08,4.132e+08,4.975e+08
PANW,2016-04-30,2016-05-27,2016-05-27,345800000,250900000,-58600000,-7.02e+07,8.78e+07,6,5.268e+08,,,,6.59e+08,5.5e+08,5.028e+08
PANW,2016-07-31,2016-09-08,2016-09-08,400800000,299100000,-45400000,-5.45e+07,8.71e+07,6,5.226e+08,,,,7.899e+08,7.344e+08,5.082e+08
PANW,2016-10-31,2016-11-22,2016-11-22,398100000,296800000,-49900000,-6.18e+07,8.98e+07,6,5.388e+08,,,,8.569e+08,8.394e+08,5.062e+08
PANW,2017-01-31,2017-03-01,2017-03-01,422600000,309400000,-54400000,-6.06e+07,9.07e+07,6,5.442e+08,,,,8.706e+08,7.614e+08,5.123e+08
PANW,2017-04-30,2017-06-01,2017-06-01,431800000,308100000,-49100000,-6.09e+07,9.1e+07,6,5.46e+08,,,,8.131e+08,6.92e+08,5.184e+08
PANW,2017-07-31,2017-09-07,2017-09-07,509100000,370600000,-27300000,-3.82e+07,9.06e+07,6,5.436e+08,,,,7.596e+08,7.443e+08,5.247e+08
PANW,2017-10-31,2017-11-21,2017-11-21,505500000,364100000,-54300000,-6.4e+07,9.09e+07,6,5.454e+08,,,,6.655e+08,8.426e+08,5.31e+08
PANW,2018-01-31,2018-02-27,2018-02-27,542400000,383100000,-31800000,-3.49e+07,9.11e+07,6,5.466e+08,,,,6.331e+08,9.15e+08,5.374e+08
PANW,2018-04-30,2018-06-05,2018-06-05,567100000,407200000,-51600000,-4.67e+07,9.19e+07,6,5.514e+08,,,,7.221e+08,9.49e+08,5.438e+08
PANW,2018-07-31,2018-09-13,2018-09-13,658100000,473400000,8600000,-2.3e+06,9.17e+07,6,5.502e+08,,,,9.664e+08,3.4034e+09,1.9201e+09
PANW,2018-10-31,2018-11-30,2018-11-30,656000000,472500000,-32100000,-3.83e+07,9.38e+07,6,5.628e+08,,,,1.253e+09,3.2038e+09,1.6244e+09
PANW,2019-01-31,2019-02-27,2019-02-27,711200000,508600000,6600000,-2.6e+06,9.4e+07,6,5.64e+08,,,,1.0718e+09,2.83e+09,1.5558e+09
PANW,2019-04-30,2019-05-30,2019-05-30,726600000,521700000,-18700000,-2.02e+07,9.44e+07,6,5.664e+08,,,,1.4535e+09,3.0481e+09,1.5728e+09
PANW,2019-07-31,2019-09-09,2019-09-09,805800000,588400000,-9900000,-2.08e+07,9.45e+07,6,5.67e+08,,,,1.5863e+09,2.8031e+09,1.43e+09
PANW,2019-10-31,2019-11-26,2019-11-26,771900000,554200000,-51800000,-5.96e+07,9.66e+07,6,5.796e+08,,,,1.5164e+09,2.8612e+09,0
PANW,2020-01-31,2020-02-25,2020-02-25,816700000,583600000,-52900000,-7.37e+07,9.83e+07,6,5.898e+08,,,,1.6085e+09,3.1339e+09,0
PANW,2020-04-30,2020-05-22,2020-05-22,869400000,611100000,-56500000,-7.48e+07,9.67e+07,6,5.802e+08,,,,7.447e+08,2.0388e+09,0
PANW,2020-07-31,2020-09-04,2020-09-04,950400000,660000000,-17800000,-5.89e+07,9.69e+07,6,5.814e+08,,,,1.1018e+09,3.7478e+09,3.0841e+09
PANW,2020-10-31,2020-11-19,2020-11-19,946000000,668200000,-44500000,-9.22e+07,9.55e+07,6,5.73e+08,,,,7.47e+08,3.2176e+09,3.1191e+09
PANW,2021-01-31,2021-02-23,2021-02-23,1016900000,709300000,-88800000,-1.423e+08,9.59e+07,6,5.754e+08,,,,1.0373e+09,3.1712e+09,3.1547e+09
PANW,2021-04-30,2021-05-21,2021-05-21,1073900000,743300000,-110400000,-1.451e+08,9.69e+07,6,5.814e+08,,,,9.972e+08,2.9454e+09,3.1906e+09
PANW,2021-07-31,2021-09-03,2021-09-03,1219300000,860400000,-60400000,-1.193e+08,9.64e+07,6,5.784e+08,,,,6.345e+08,2.9011e+09,3.226e+09
PANW,2021-10-31,2021-11-19,2021-11-19,1247400000,866800000,-82700000,-1.036e+08,9.76e+07,6,5.856e+08,,,,5.189e+08,3.4614e+09,3.6721e+09
PANW,2022-01-31,2022-02-23,2022-02-23,1316900000,911600000,-73900000,-9.35e+07,9.82e+07,6,5.892e+08,,,,1.178e+08,3.3403e+09,3.6739e+09
PANW,2022-04-30,2022-05-20,2022-05-20,1386700000,946200000,-47600000,-7.32e+07,9.89e+07,6,5.934e+08,,,,3.376e+08,3.8746e+09,3.6757e+09
PANW,2022-07-31,2022-09-06,2022-09-06,1550500000,1058200000,15400000,3.3e+06,9.85e+07,6,5.91e+08,,,,2.1e+08,3.6345e+09,3.6768e+09
PANW,2022-10-31,2022-11-18,2022-11-18,1563400000,1101500000,15200000,2e+07,3.384e+08,2,6.768e+08,,,,5.08e+08,3.8037e+09,3.6786e+09
PANW,2023-01-31,2023-02-22,2023-02-22,1655100000,1188900000,39900000,8.42e+07,3.316e+08,2,6.632e+08,,,,7.29e+08,3.3469e+09,3.6803e+09
PANW,2023-04-30,2023-05-24,2023-05-24,1720900000,1246100000,78700000,1.078e+08,3.447e+08,2,6.894e+08,,,,1.2324e+09,3.9582e+09,3.6821e+09
PANW,2023-07-31,2023-09-01,2023-09-01,1953300000,1446500000,253500000,2.277e+08,3.423e+08,2,6.846e+08,,,,1.7484e+09,2.39e+09,1.9915e+09
PANW,2023-10-31,2023-11-17,2023-11-17,1878100000,1405300000,215200000,1.942e+08,3.498e+08,2,6.996e+08,,,,2.1705e+09,3.8938e+09,0
PANW,2024-01-31,2024-02-21,2024-02-21,1975100000,1476000000,53600000,1.7469e+09,3.575e+08,2,7.15e+08,,,,4.3572e+09,3.371e+09,0
PANW,2024-04-30,2024-05-21,2024-05-21,1984800000,1471200000,176700000,2.788e+08,3.546e+08,2,7.092e+08,,,,4.4678e+09,2.8904e+09,0
PANW,2024-07-31,2024-09-06,2024-09-06,2189500000,1615800000,238400000,3.577e+08,3.54e+08,2,7.08e+08,,,1.159e+08,5.1697e+09,2.5788e+09,0
PANW,2024-10-31,2024-11-21,2024-11-21,2138800000,1584700000,286500000,3.507e+08,3.545e+08,2,7.09e+08,,,,5.9118e+09,3.391e+09,0
PANW,2025-01-31,2025-02-14,2025-02-14,2257400000,1658200000,240400000,2.673e+08,7.09e+08,1,7.09e+08,,,,6.3753e+09,3.2329e+09,0
PANW,2025-04-30,2025-05-21,2025-05-21,2289000000,1669700000,218800000,2.621e+08,7.074e+08,1,7.074e+08,,,,7.2305e+09,3.3002e+09,0
PANW,2025-07-31,2025-08-29,2025-08-29,2536300000,1857300000,497200000,2.538e+08,7.093e+08,1,7.093e+08,,,1.134e+08,7.8244e+09,2.9032e+09,0
FTNT,2010-06-30,2011-08-04,2011-08-04,76331000,56166000,9780000,6.869e+06,1.51274e+08,5,7.5637e+08,,,,,1.16435e+08,0
FTNT,2010-09-30,2011-11-04,2011-11-04,84971000,63528000,18159000,1.4017e+07,1.55842e+08,5,7.7921e+08,,,,,7.7139e+07,0
FTNT,2011-03-31,2012-05-07,2012-05-07,93266000,69850000,17445000,1.3587e+07,1.62864e+08,5,8.1432e+08,,,,,6.8981e+07,0
FTNT,2011-06-30,2011-08-04,2011-08-04,103023000,76465000,18779000,1.4494e+07,1.63887e+08,5,8.19435e+08,,,1.365e+07,2.8752e+08,3.4202e+08,0
FTNT,2011-09-30,2011-11-04,2011-11-04,116426000,85287000,26160000,1.7917e+07,1.63869e+08,5,8.19345e+08,,,1.2968e+07,3.16867e+08,3.89166e+08,0
FTNT,2011-12-31,2012-03-28,2012-03-28,120861000,88376000,26520000,1.6494e+07,1.63781e+08,5,8.18905e+08,,,1.6249e+07,3.58354e+08,3.90273e+08,0
FTNT,2012-03-31,2012-05-07,2012-05-07,117247000,86204000,18715000,1.4173e+07,1.65751e+08,5,8.28755e+08,,,1.7959e+07,3.98327e+08,4.2807e+08,0
FTNT,2012-06-30,2012-08-08,2012-08-08,128962000,91835000,20950000,1.395e+07,1.66061e+08,5,8.30305e+08,,,2.0828e+07,4.26644e+08,4.01629e+08,0
FTNT,2012-09-30,2012-10-30,2012-10-30,136268000,98460000,25770000,1.7206e+07,1.66791e+08,5,8.33955e+08,,,2.6182e+07,4.78469e+08,3.74646e+08,0
FTNT,2012-12-31,2013-02-27,2013-02-27,151162000,109720000,35040000,2.1507e+07,1.66329e+08,5,8.31645e+08,,,2.106e+07,5.10934e+08,4.13694e+08,0
FTNT,2013-03-31,2013-05-08,2013-05-08,135820000,96692000,15391000,1.2249e+07,1.67823e+08,5,8.39115e+08,,,2.3933e+07,5.47709e+08,4.6038e+08,0
FTNT,2013-06-30,2013-08-06,2013-08-06,147428000,103720000,13777000,8.979e+06,1.68042e+08,5,8.4021e+08,,,3.3317e+07,5.67185e+08,5.02697e+08,0
FTNT,2013-09-30,2013-11-05,2013-11-05,154699000,110769000,18279000,1.1029e+07,1.68666e+08,5,8.4333e+08,,,4.6876e+07,5.99953e+08,5.13018e+08,0
FTNT,2013-12-31,2014-03-03,2014-03-03,177350000,123473000,24643000,1.2016e+07,1.68183e+08,5,8.40915e+08,,,4.8672e+07,5.8576e+08,4.9137e+08,0
FTNT,2014-03-31,2014-05-07,2014-05-07,168949000,118206000,12815000,8.393e+06,1.68114e+08,5,8.4057e+08,,,4.3294e+07,6.10094e+08,5.61051e+08,0
FTNT,2014-06-30,2014-08-05,2014-08-05,184098000,126341000,11142000,6.081e+06,1.68345e+08,5,8.41725e+08,,,4.6824e+07,6.25219e+08,5.58121e+08,0
FTNT,2014-09-30,2014-11-06,2014-11-06,193348000,136463000,15451000,4.056e+06,1.69727e+08,5,8.48635e+08,,,5.1344e+07,6.49226e+08,6.60591e+08,0
FTNT,2014-12-31,2015-03-02,2015-03-02,223969000,158345000,19916000,6.813e+06,1.69289e+08,5,8.46445e+08,,,6.9477e+07,6.75966e+08,7.2002e+08,0
FTNT,2015-03-31,2015-05-01,2015-05-01,212886000,149284000,898000,1.56e+06,1.7372e+08,5,8.686e+08,,,7.206e+07,7.19747e+08,8.03957e+08,0
FTNT,2015-06-30,2015-08-04,2015-08-04,239785000,170287000,2952000,792000,1.76234e+08,5,8.8117e+08,,,6.8845e+07,7.50827e+08,8.73027e+08,0
FTNT,2015-09-30,2015-11-09,2015-11-09,260068000,188367000,-1840000,8.169e+06,1.77897e+08,5,8.89485e+08,,,8.065e+07,7.95386e+08,9.08158e+08,0
FTNT,2015-12-31,2016-02-26,2016-02-26,296529000,214553000,12867000,-2.534e+06,1.76141e+08,5,8.80705e+08,,,8.3868e+07,7.55377e+08,8.91351e+08,0
FTNT,2016-03-31,2016-05-06,2016-05-06,284576000,206827000,-5672000,-3.429e+06,1.71745e+08,5,8.58725e+08,,,7.8239e+07,7.42403e+08,9.52599e+08,0
FTNT,2016-06-30,2016-08-05,2016-08-05,311391000,226888000,-4045000,-1.388e+06,1.72075e+08,5,8.60375e+08,,,8.1247e+07,8.04626e+08,9.84768e+08,0
FTNT,2016-09-30,2016-11-08,2016-11-08,316646000,231847000,5488000,6.291e+06,1.77938e+08,5,8.8969e+08,,,9.3731e+07,8.23088e+08,1.03042e+09,0
FTNT,2016-12-31,2017-03-01,2017-03-01,362830000,272044000,47173000,3.0713e+07,1.76338e+08,5,8.8169e+08,,,1.06887e+08,8.37681e+08,1.08552e+09,0
FTNT,2017-03-31,2017-05-03,2017-05-03,340576000,250012000,5410000,1.0717e+07,1.78278e+08,5,8.9139e+08,,,1.04978e+08,8.98249e+08,1.19867e+09,0
FTNT,2017-06-30,2017-08-02,2017-08-02,363469000,267817000,28500000,2.3033e+07,1.79701e+08,5,8.98505e+08,,,8.6439e+07,9.22139e+08,1.20732e+09,0
FTNT,2017-09-30,2017-11-02,2017-11-02,374217000,280568000,33696000,2.661e+07,1.78973e+08,5,8.94865e+08,,,7.3595e+07,9.02225e+08,1.27576e+09,0
FTNT,2017-12-31,2018-02-26,2018-02-26,416668000,311249000,42198000,-2.8961e+07,1.78079e+08,5,8.90395e+08,,,7.7291e+07,5.89377e+08,1.25128e+09,0
FTNT,2018-03-31,2018-05-08,2018-05-08,399000000,301800000,32400000,4.16e+07,1.718e+08,5,8.59e+08,,,8e+07,6.935e+08,1.3039e+09,0
FTNT,2018-06-30,2018-08-07,2018-08-07,441300000,328200000,50700000,4.93e+07,1.735e+08,5,8.675e+08,,,7.82e+07,7.802e+08,1.4337e+09,0
FTNT,2018-09-30,2018-11-07,2018-11-07,453900000,342300000,62800000,5.87e+07,1.757e+08,5,8.785e+08,,,8.08e+07,8.916e+08,1.6342e+09,0
FTNT,2018-12-31,2019-02-27,2019-02-27,507000000,378500000,85100000,1.826e+08,1.742e+08,5,8.71e+08,,,9e+07,1.0102e+09,1.6496e+09,0
FTNT,2019-03-31,2019-05-08,2019-05-08,472600000,359600000,50600000,5.88e+07,1.748e+08,5,8.74e+08,,,8.84e+07,1.0581e+09,1.8018e+09,0
FTNT,2019-06-30,2019-08-01,2019-08-01,521700000,393400000,75200000,7.27e+07,1.751e+08,5,8.755e+08,,,8.57e+07,1.1223e+09,1.8302e+09,0
FTNT,2019-09-30,2019-10-31,2019-10-31,547500000,423400000,100000000,7.98e+07,1.748e+08,5,8.74e+08,,,9.92e+07,1.2004e+09,1.9403e+09,0
FTNT,2019-12-31,2020-02-26,2020-02-26,614400000,473900000,118400000,1.152e+08,1.75e+08,5,8.75e+08,,,1.179e+08,1.3219e+09,2.0656e+09,0
FTNT,2020-03-31,2020-05-07,2020-05-07,576900000,448200000,115900000,1.04e+08,1.742e+08,5,8.71e+08,,,1.05e+08,5.363e+08,1.4013e+09,0
FTNT,2020-06-30,2020-08-06,2020-08-06,615500000,480400000,116700000,1.121e+08,1.654e+08,5,8.27e+08,,,1.26e+08,5.439e+08,1.5269e+09,0
FTNT,2020-09-30,2020-11-06,2020-11-06,651100000,511900000,126900000,1.234e+08,1.656e+08,5,8.28e+08,,,1.345e+08,7.132e+08,1.6567e+09,0
FTNT,2020-12-31,2021-02-19,2021-02-19,750900000,583900000,172300000,1.49e+08,1.677e+08,5,8.385e+08,,,1.398e+08,8.56e+08,1.8373e+09,0
FTNT,2021-03-31,2021-05-03,2021-05-03,710300000,553700000,121600000,1.072e+08,1.664e+08,5,8.32e+08,,,1.496e+08,9.808e+08,2.9369e+09,9.87e+08
FTNT,2021-06-30,2021-08-02,2021-08-02,801100000,614200000,147500000,1.375e+08,1.671e+08,5,8.355e+08,,,1.498e+08,1.0502e+09,3.1132e+09,9.875e+08
FTNT,2021-09-30,2021-11-08,2021-11-08,867200000,656000000,166400000,1.631e+08,1.677e+08,5,8.385e+08,,,1.779e+08,1.1181e+09,1.8521e+09,1.0056e+09
FTNT,2021-12-31,2022-02-25,2022-02-25,963600000,735300000,214900000,1.99e+08,1.671e+08,5,8.355e+08,,,1.758e+08,7.817e+08,1.3191e+09,9.884e+08
FTNT,2022-03-31,2022-05-06,2022-05-06,954800000,701000000,151000000,1.384e+08,1.642e+08,5,8.21e+08,,,1.846e+08,2.177e+08,9.235e+08,9.889e+08
FTNT,2022-06-30,2022-08-05,2022-08-05,1030100000,779300000,195300000,1.735e+08,8.101e+08,1,8.101e+08,,,1.952e+08,-3.929e+08,7.1e+08,9.894e+08
FTNT,2022-09-30,2022-11-07,2022-11-07,1149500000,866500000,265500000,2.316e+08,7.986e+08,1,7.986e+08,,,2.158e+08,-6.347e+08,9.64e+08,9.899e+08
FTNT,2022-12-31,2023-02-24,2023-02-24,1283000000,985700000,357800000,3.138e+08,8.053e+08,1,8.053e+08,,,2.646e+08,-2.816e+08,1.6829e+09,9.904e+08
FTNT,2023-03-31,2023-05-08,2023-05-08,1262300000,954500000,273500000,2.477e+08,7.934e+08,1,7.934e+08,,,3.027e+08,1.14e+07,2.3042e+09,9.909e+08
FTNT,2023-06-30,2023-08-07,2023-08-07,1292800000,997000000,279000000,2.663e+08,7.959e+08,1,7.959e+08,,,3.763e+08,3.212e+08,2.3763e+09,9.913e+08
FTNT,2023-09-30,2023-11-07,2023-11-07,1334600000,1016900000,303200000,3.229e+08,7.912e+08,1,7.912e+08,,,4.675e+08,7.41e+07,2.1868e+09,9.918e+08
FTNT,2023-12-31,2024-02-26,2024-02-26,1415100000,1099200000,385400000,3.109e+08,7.882e+08,1,7.882e+08,,,4.848e+08,-4.634e+08,1.3979e+09,9.923e+08
FTNT,2024-03-31,2024-05-06,2024-05-06,1353300000,1048600000,321200000,2.993e+08,7.705e+08,1,7.705e+08,,,4.395e+08,-1.375e+08,1.9263e+09,9.928e+08
FTNT,2024-06-30,2024-08-08,2024-08-08,1434300000,1159300000,437200000,3.798e+08,7.699e+08,1,7.699e+08,,,3.832e+08,2.882e+08,2.2032e+09,9.933e+08
FTNT,2024-09-30,2024-11-08,2024-11-08,1508100000,1244700000,470900000,5.399e+08,7.719e+08,1,7.719e+08,,,3.543e+08,9.081e+08,2.4893e+09,9.938e+08
FTNT,2024-12-31,2025-02-21,2025-02-21,1660100000,1345600000,574100000,5.262e+08,7.719e+08,1,7.719e+08,,,3.155e+08,1.4938e+09,2.8759e+09,9.943e+08
FTNT,2025-03-31,2025-05-08,2025-05-08,1539700000,1246600000,453800000,4.334e+08,7.768e+08,1,7.768e+08,,,3.627e+08,1.9629e+09,3.5966e+09,9.949e+08
FTNT,2025-06-30,2025-08-08,2025-08-08,1630000000,1315100000,458000000,4.401e+08,7.727e+08,1,7.727e+08,,,4.052e+08,2.0604e+09,3.3685e+09,9.953e+08
HPE,2015-01-31,2016-03-10,2016-03-10,13053000000,9830000000.0,732000000,5.47e+08,1.834e+09,1,1.834e+09,,,,,2.512e+09,0
HPE,2015-04-30,2016-06-08,2016-06-08,12549000000,9567000000.0,428000000,3.05e+08,1.834e+09,1,1.834e+09,,,,,2.719e+09,0
HPE,2015-07-31,2016-09-08,2016-09-08,13057000000,9816000000.0,244000000,2.24e+08,1.834e+09,1,1.834e+09,0.0,0.0,,,2.774e+09,0
HPE,2015-10-31,2015-12-17,2015-12-17,13448000000,9916000000.0,119000000,1.385e+09,1.834e+09,1,1.834e+09,,,2.198e+09,3.3535e+10,9.842e+09,6.91e+08
HPE,2016-01-31,2016-03-10,2016-03-10,12724000000,9412000000.0,384000000,2.67e+08,1.778e+09,1,1.778e+09,0.11,0.11,2.345e+09,3.1249e+10,8.505e+09,9.1e+08
HPE,2016-04-30,2016-06-08,2016-06-08,12711000000,9397000000.0,492000000,3.2e+08,1.751e+09,1,1.751e+09,0.06,0.06,2.099e+09,3.1634e+10,9.01e+09,9.65e+08
HPE,2016-07-31,2016-09-08,2016-09-08,12210000000,9213000000.0,2497000000,2.272e+09,1.715e+09,1,1.715e+09,0.06,0.06,1.848e+09,3.2426e+10,1.0743e+10,9.11e+08
HPE,2016-10-31,2016-12-15,2016-12-15,12478000000,9386000000.0,777000000,3.02e+08,1.739e+09,1,1.739e+09,-0.009999999999999981,-0.009999999999999981,1.774e+09,3.1448e+10,1.2987e+10,3.532e+09
HPE,2017-01-31,2017-03-09,2017-03-09,11407000000,8569000000.0,463000000,2.67e+08,1.7e+09,1,1.7e+09,0.13,0.13,1.988e+09,3.1501e+10,9.858e+09,3.52e+09
HPE,2017-04-30,2017-06-08,2017-06-08,7445000000,4528000000.0,182000000,-6.12e+08,1.658e+09,1,1.658e+09,0.065,0.065,2.041e+09,2.9011e+10,8.101e+09,2.01e+09
HPE,2017-07-31,2017-09-07,2017-09-07,8209000000,4737000000.0,147000000,1.65e+08,1.667e+09,1,1.667e+09,0.065,0.065,2.144e+09,2.9012e+10,7.757e+09,2.069e+09
HPE,2017-10-31,2018-12-12,2018-12-12,7660000000,2277000000.0,-224000000,5.24e+08,1.647e+09,1,1.647e+09,0.0,0.0,2.315e+09,2.3466e+10,9.579e+09,3.85e+09
HPE,2018-01-31,2018-03-09,2018-03-09,7674000000,4081000000.0,261000000,1.436e+09,1.619e+09,1,1.619e+09,0.15,0.15,2.431e+09,2.3951e+10,7.673e+09,3.006e+09
HPE,2018-04-30,2018-06-07,2018-06-07,7468000000,4148000000.0,397000000,7.78e+08,1.582e+09,1,1.582e+09,0.1125,0.1125,2.848e+09,2.3932e+10,6.986e+09,2.997e+09
HPE,2018-07-31,2018-09-04,2018-09-04,7764000000,4249000000.0,516000000,4.51e+08,1.531e+09,1,1.531e+09,0.1125,0.1125,2.771e+09,2.3426e+10,5.193e+09,1.402e+09
HPE,2018-10-31,2018-12-12,2018-12-12,7946000000,2457000000.0,684000000,-7.57e+08,1.459e+09,1,1.459e+09,0.1125,0.1125,2.447e+09,2.1239e+10,4.88e+09,2.005e+09
HPE,2019-01-31,2019-03-05,2019-03-05,7553000000,2346000000.0,456000000,1.77e+08,1.412e+09,1,1.412e+09,0.1125,0.1125,2.3e+09,1.8293e+10,3.781e+09,1.196e+09
HPE,2019-04-30,2019-05-31,2019-05-31,7150000000,2305000000.0,434000000,4.19e+08,1.382e+09,1,1.382e+09,0.1125,0.1125,2.182e+09,1.8198e+10,3.585e+09,1.186e+09
HPE,2019-07-31,2019-08-30,2019-08-30,7217000000,2449000000.0,-76000000,-2.7e+07,1.334e+09,1,1.334e+09,0.1125,0.1125,2.216e+09,1.7533e+10,3.693e+09,1.18e+09
HPE,2019-10-31,2019-12-13,2019-12-13,7215000000,2393000000.0,460000000,4.8e+08,1.366e+09,1,1.366e+09,0.12,0.12,2.387e+09,1.7098e+10,3.753e+09,4.425e+09
HPE,2020-01-31,2020-03-09,2020-03-09,6949000000,2282000000.0,348000000,3.33e+08,1.315e+09,1,1.315e+09,0.12,0.12,2.56e+09,1.7189e+10,3.171e+09,3.399e+09
HPE,2020-04-30,2020-06-02,2020-06-02,6009000000,1914000000.0,-834000000,-8.21e+08,1.291e+09,1,1.291e+09,0.12,0.12,3.476e+09,1.621e+10,5.131e+09,4.192e+09
HPE,2020-07-31,2020-09-03,2020-09-03,6816000000,2067000000.0,12000000,9e+06,1.3e+09,1,1.3e+09,,,3.469e+09,1.6155e+10,8.465e+09,2.2728e+10
HPE,2020-10-31,2020-12-10,2020-12-10,7208000000,2206000000.0,145000000,1.57e+08,1.294e+09,1,1.294e+09,,,2.674e+09,1.6049e+10,4.233e+09,1.7565e+10
HPE,2021-01-31,2021-03-04,2021-03-04,6833000000,,222000000,2.23e+08,1.315e+09,1,1.315e+09,0.12,0.12,2.791e+09,1.6212e+10,4.165e+09,1.8402e+10
HPE,2021-04-30,2021-06-03,2021-06-03,6700000000,,278000000,2.59e+08,1.331e+09,1,1.331e+09,0.12,0.12,3.117e+09,1.656e+10,4.625e+09,1.8336e+10
HPE,2021-07-31,2021-09-03,2021-09-03,6897000000,,282000000,3.92e+08,1.338e+09,1,1.338e+09,0.12,0.12,3.942e+09,1.702e+10,5.293e+09,1.8966e+10
HPE,2021-10-31,2021-12-10,2021-12-10,7354000000,,350000000,2.553e+09,1.33e+09,1,1.33e+09,0.12,0.12,4.511e+09,1.9971e+10,3.996e+09,1.507e+10
HPE,2022-01-31,2022-03-03,2022-03-03,6961000000,,448000000,5.13e+08,1.325e+09,1,1.325e+09,0.12,0.12,5.321e+09,2.0318e+10,3.861e+09,1.694e+10
HPE,2022-04-30,2022-06-03,2022-06-03,6713000000,,207000000,2.5e+08,1.329e+09,1,1.329e+09,0.12,0.12,5.322e+09,2.0532e+10,3.027e+09,1.7215e+10
HPE,2022-07-31,2022-09-01,2022-09-01,6951000000,,466000000,4.09e+08,1.323e+09,1,1.323e+09,0.12,0.12,5.554e+09,2.0611e+10,3.762e+09,1.7749e+10
HPE,2022-10-31,2022-12-08,2022-12-08,7871000000,,-339000000,-3.04e+08,1.322e+09,1,1.322e+09,0.12,0.12,5.161e+09,1.9864e+10,4.163e+09,1.5819e+10
HPE,2023-01-31,2023-03-07,2023-03-07,7809000000,,591000000,5.01e+08,1.315e+09,1,1.315e+09,0.12,0.12,4.644e+09,2.0011e+10,2.53e+09,1.6653e+10
HPE,2023-04-30,2023-06-02,2023-06-02,6973000000,,520000000,4.18e+08,1.318e+09,1,1.318e+09,0.12,0.12,4.317e+09,2.0366e+10,2.781e+09,1.7177e+10
HPE,2023-07-31,2023-09-01,2023-09-01,7002000000,,471000000,4.64e+08,1.316e+09,1,1.316e+09,0.12,0.12,4.541e+09,2.0622e+10,2.919e+09,1.7018e+10
HPE,2023-10-31,2023-12-22,2023-12-22,7351000000,,507000000,6.42e+08,1.316e+09,1,1.316e+09,0.12,0.12,4.607e+09,2.1182e+10,4.27e+09,1.5716e+10
HPE,2024-01-31,2024-03-05,2024-03-05,6755000000,,525000000,3.87e+08,1.316e+09,1,1.316e+09,0.13,0.13,6.049e+09,2.1416e+10,3.758e+09,1.6928e+10
HPE,2024-04-30,2024-06-05,2024-06-05,7204000000,,425000000,3.14e+08,1.325e+09,1,1.325e+09,0.13,0.13,7.326e+09,2.168e+10,2.676e+09,1.4257e+10
HPE,2024-07-31,2024-09-05,2024-09-05,7710000000,,547000000,5.12e+08,1.332e+09,1,1.332e+09,0.13,0.13,7.679e+09,2.2077e+10,3.642e+09,1.4932e+10
HPE,2024-10-31,2024-12-19,2024-12-19,8458000000,,693000000,1.366e+09,1.337e+09,1,1.337e+09,0.13,0.13,7.81e+09,2.4816e+10,1.4846e+10,2.1629e+10
HPE,2025-01-31,2025-03-07,2025-03-07,7854000000,,433000000,6.27e+08,1.409e+09,1,1.409e+09,0.13,0.13,8.577e+09,2.5224e+10,1.3431e+10,2.1687e+10
HPE,2025-04-30,2025-06-04,2025-06-04,7627000000,,-1109000000,-1.05e+09,1.322e+09,1,1.322e+09,0.13,0.13,8.096e+09,2.3867e+10,1.1667e+10,2.1904e+10
HPE,2025-07-31,2025-09-04,2025-09-04,9136000000,,247000000,3.05e+08,1.421e+09,1,1.421e+09,0.13,0.13,7.163e+09,2.4402e+10,4.571e+09,2.7173e+10
DELL,2022-01-28,2022-03-24,2022-03-24,27992000000,5618000000,563000000,2e+06,7.91e+08,1,7.91e+08,,,5.898e+09,-1.685e+09,9.477e+09,3.2777e+10
DELL,2022-04-29,2022-06-06,2022-06-06,26116000000,5784000000,1550000000,1.072e+09,7.8e+08,1,7.8e+08,0.33,0.33,6.277e+09,-2.462e+09,6.654e+09,3.3047e+10
DELL,2022-07-29,2022-09-01,2022-09-01,26425000000,5439000000,1270000000,5.11e+08,7.55e+08,1,7.55e+08,0.33,0.33,5.883e+09,-2.86e+09,5.507e+09,3.3581e+10
DELL,2022-10-28,2022-12-05,2022-12-05,24721000000,5707000000,1762000000,2.45e+08,7.43e+08,1,7.43e+08,0.33,0.33,6.172e+09,-3.469e+09,4.909e+09,3.4096e+10
DELL,2023-02-03,2023-03-30,2023-03-30,25039000000,5756000000,1189000000,6.14e+08,7.53e+08,1,7.53e+08,0.33000000000000007,0.33000000000000007,4.776e+09,-3.122e+09,8.607e+09,3.6161e+10
DELL,2023-05-05,2023-06-12,2023-06-12,20922000000,5018000000,1069000000,5.83e+08,7.37e+08,1,7.37e+08,0.37,0.37,4.016e+09,-3.023e+09,7.631e+09,3.3902e+10
DELL,2023-08-04,2023-09-12,2023-09-12,22934000000,5387000000,1165000000,4.62e+08,7.38e+08,1,7.38e+08,0.37,0.37,3.584e+09,-2.772e+09,8.364e+09,3.4099e+10
DELL,2023-11-03,2023-12-08,2023-12-08,22251000000,5148000000,1486000000,1.006e+09,7.4e+08,1,7.4e+08,0.37,0.37,3.381e+09,-2.664e+09,8.298e+09,3.3115e+10
DELL,2024-02-02,2025-03-25,2025-03-25,22318000000,5372000000,1547000000,1.21e+09,7.36e+08,1,7.36e+08,0.37,0.37,3.622e+09,-2.404e+09,7.366e+09,3.2976e+10
DELL,2024-05-03,2024-06-11,2024-06-11,22244000000,4806000000,920000000,9.6e+08,7.27e+08,1,7.27e+08,0.445,0.445,4.782e+09,-2.822e+09,5.83e+09,3.1578e+10
DELL,2024-08-02,2024-09-10,2024-09-10,25026000000,5311000000,1342000000,8.46e+08,7.24e+08,1,7.24e+08,0.445,0.445,5.953e+09,-2.894e+09,4.55e+09,3.1233e+10
DELL,2024-11-01,2024-12-10,2024-12-10,24366000000,5307000000,1668000000,1.132e+09,7.17e+08,1,7.17e+08,0.445,0.445,6.652e+09,-2.285e+09,5.225e+09,3.0634e+10
DELL,2025-01-31,2025-03-25,2025-03-25,23931000000,5678000000,2159000000,1.533e+09,7.2e+08,1,7.2e+08,0.445,0.445,6.716e+09,-1.482e+09,3.633e+09,2.9771e+10
DELL,2025-05-02,2025-06-10,2025-06-10,23378000000,4937000000,1165000000,9.65e+08,7.02e+08,1,7.02e+08,0.525,0.525,7.415e+09,-3.024e+09,7.7e+09,3.3626e+10
DELL,2025-08-01,2025-09-08,2025-09-08,29776000000,5447000000,1773000000,1.164e+09,6.86e+08,1,6.86e+08,0.525,0.525,7.211e+09,-2.766e+09,8.145e+09,3.5843e+10
NTAP,2009-07-31,2010-09-13,2010-09-13,837900000,522500000,70800000,5.17e+07,3.389e+08,1,3.389e+08,,,,,1.7844e+09,0
NTAP,2009-10-30,2010-12-06,2010-12-06,910000000,606700000,115400000,9.57e+07,3.498e+08,1,3.498e+08,,,,,1.7288e+09,0
NTAP,2010-01-29,2011-03-04,2011-03-04,1011700000,641500000,129300000,1.079e+08,3.603e+08,1,3.603e+08,,,,,1.9758e+09,0
NTAP,2010-04-30,2011-06-23,2011-06-23,1171700000,748500000,172900000,1.451e+08,3.532e+08,1,3.532e+08,,,1.129e+08,2.5305e+09,1.705e+09,0
NTAP,2010-07-30,2010-09-13,2010-09-13,1137800000,724400000,164200000,1.418e+08,3.743e+08,1,3.743e+08,,,9.04e+07,2.8499e+09,1.612e+09,0
NTAP,2010-10-29,2010-12-06,2010-12-06,1207400000,801100000,197400000,1.646e+08,3.917e+08,1,3.917e+08,,,8.47e+07,3.2074e+09,4.3815e+09,0
NTAP,2011-01-28,2011-03-04,2011-03-04,1268100000,823800000,198600000,1.725e+08,4.062e+08,1,4.062e+08,,,9.72e+07,3.5134e+09,4.7556e+09,0
NTAP,2011-04-29,2011-06-23,2011-06-23,1428300000,928200000,264100000,1.606e+08,3.937e+08,1,3.937e+08,,,1.085e+08,3.7302e+09,5.1747e+09,0
NTAP,2011-07-29,2011-09-01,2011-09-01,1458200000,896900000,176200000,1.395e+08,4.055e+08,1,4.055e+08,,,1.382e+08,3.8249e+09,4.7141e+09,0
NTAP,2011-10-28,2011-12-05,2011-12-05,1507000000,913000000,192400000,1.656e+08,3.76e+08,1,3.76e+08,,,1.633e+08,3.803e+09,4.6416e+09,0
NTAP,2012-01-27,2012-03-05,2012-03-05,1565500000,908500000,156500000,1.196e+08,3.737e+08,1,3.737e+08,,,1.538e+08,4.0415e+09,4.8661e+09,0
NTAP,2012-04-27,2012-06-19,2012-06-19,1702500000,995000000,221400000,1.807e+08,3.843e+08,1,3.843e+08,,,1.615e+08,4.2936e+09,5.3985e+09,2.4046e+09
NTAP,2012-07-27,2012-08-30,2012-08-30,1444600000,850100000,80200000,6.38e+07,3.712e+08,1,3.712e+08,0.0,0.0,2.037e+08,4.3757e+09,5.4411e+09,0
NTAP,2012-10-26,2012-11-30,2012-11-30,1541200000,913900000,135300000,1.096e+08,3.682e+08,1,3.682e+08,0.0,0.0,2.132e+08,4.4022e+09,5.571e+09,0
NTAP,2013-01-25,2013-02-28,2013-02-28,1630100000,964900000,187900000,1.581e+08,3.647e+08,1,3.647e+08,0.0,0.0,1.729e+08,4.625e+09,6.7239e+09,3.4809e+09
NTAP,2013-04-26,2013-06-17,2013-06-17,1716500000,1032200000,204400000,1.738e+08,3.68e+08,1,3.68e+08,,,1.395e+08,4.7175e+09,6.9526e+09,3.5102e+09
NTAP,2013-07-26,2013-08-29,2013-08-29,1516200000,909600000,96900000,8.16e+07,3.599e+08,1,3.599e+08,0.15,0.15,1.165e+08,4.018e+09,5.084e+09,9.948e+08
NTAP,2013-10-25,2013-11-26,2013-11-26,1549900000,965200000,186900000,1.668e+08,3.491e+08,1,3.491e+08,0.15,0.15,1.159e+08,4.1204e+09,2.2605e+09,9.95e+08
NTAP,2014-01-24,2014-02-26,2014-02-26,1610000000,1002300000,226700000,1.921e+08,3.462e+08,1,3.462e+08,0.15,0.15,1.182e+08,3.9159e+09,2.1527e+09,9.952e+08
NTAP,2014-04-25,2014-06-17,2014-06-17,1649000000,1042000000,223800000,1.97e+08,3.479e+08,1,3.479e+08,0.15000000000000002,0.15000000000000002,1.224e+08,3.7865e+09,5.0033e+09,9.955e+08
NTAP,2014-07-25,2014-08-28,2014-08-28,1489200000,938100000,159900000,8.84e+07,3.291e+08,1,3.291e+08,0.165,0.165,1.042e+08,3.8367e+09,5.5642e+09,1.4941e+09
NTAP,2014-10-24,2014-11-25,2014-11-25,1542500000,982500000,192500000,1.598e+08,3.235e+08,1,3.235e+08,0.165,0.165,1.076e+08,3.4613e+09,5.2694e+09,1.4944e+09
NTAP,2015-01-23,2015-02-25,2015-02-25,1551300000,977400000,202500000,1.768e+08,3.171e+08,1,3.171e+08,0.165,0.165,1.178e+08,3.508e+09,5.2525e+09,1.4947e+09
NTAP,2015-04-24,2015-06-12,2015-06-12,1539700000,935200000,161600000,1.349e+08,3.207e+08,1,3.207e+08,0.16500000000000004,0.16500000000000004,1.465e+08,3.4141e+09,5.3262e+09,1.4875e+09
NTAP,2015-07-31,2015-09-08,2015-09-08,1335000000,816000000,-26000000,-3e+07,3.04e+08,1,3.04e+08,0.18,0.18,1.93e+08,3e+09,4.95e+09,1.488e+09
NTAP,2015-10-30,2015-12-02,2015-12-02,1445000000,884000000,145000000,1.14e+08,2.96e+08,1,2.96e+08,0.18,0.18,1.25e+08,2.987e+09,4.814e+09,1.489e+09
NTAP,2016-01-29,2016-03-07,2016-03-07,1386000000,855000000,165000000,1.53e+08,2.96e+08,1,2.96e+08,0.18,0.18,1.02e+08,3.109e+09,5.023e+09,1.49e+09
NTAP,2016-04-29,2016-06-22,2016-06-22,1380000000,818000000,64000000,-8e+06,2.97e+08,1,2.97e+08,0.17999999999999994,0.17999999999999994,9.8e+07,2.881e+09,5.303e+09,2.339e+09
NTAP,2016-07-29,2016-09-02,2016-09-02,1294000000,797000000,93000000,6.4e+07,2.82e+08,1,2.82e+08,0.19,0.19,8.1e+07,2.792e+09,4.421e+09,1.491e+09
NTAP,2016-10-28,2016-12-02,2016-12-02,1340000000,829000000,142000000,1.09e+08,2.84e+08,1,2.84e+08,0.19,0.19,9.7e+07,2.789e+09,4.357e+09,1.492e+09
NTAP,2017-01-27,2017-02-28,2017-02-28,1404000000,851000000,183000000,1.46e+08,2.81e+08,1,2.81e+08,0.19,0.19,1.25e+08,2.694e+09,4.639e+09,2.24e+09
NTAP,2017-04-28,2017-06-20,2017-06-20,1481000000,913000000,247000000,1.9e+08,2.81e+08,1,2.81e+08,0.18999999999999995,0.18999999999999995,1.63e+08,2.78e+09,4.921e+09,2.242e+09
NTAP,2017-07-28,2017-08-29,2017-08-29,1325000000,834000000,148000000,1.36e+08,2.78e+08,1,2.78e+08,0.2,0.2,1.43e+08,2.768e+09,5.321e+09,2.243e+09
NTAP,2017-10-27,2017-11-29,2017-11-29,1422000000,902000000,219000000,1.75e+08,2.75e+08,1,2.75e+08,0.2,0.2,1.08e+08,2.777e+09,5.965e+09,3.04e+09
NTAP,2018-01-26,2018-02-22,2018-02-22,1523000000,941000000,471000000,-5.06e+08,2.68e+08,1,2.68e+08,0.2,0.2,9.8e+07,2.176e+09,5.619e+09,1.54e+09
NTAP,2018-04-27,2018-06-19,2018-06-19,1641000000,1022000000,287000000,2.71e+08,2.76e+08,1,2.76e+08,0.19999999999999996,0.19999999999999996,1.26e+08,2.067e+09,5.391e+09,1.541e+09
NTAP,2018-07-27,2018-08-21,2018-08-21,1474000000,963000000,254000000,2.83e+08,2.69e+08,1,2.69e+08,0.4,0.4,9.7e+07,1.922e+09,4.811e+09,1.742e+09
NTAP,2018-10-26,2018-11-19,2018-11-19,1517000000,974000000,286000000,2.41e+08,2.64e+08,1,2.64e+08,0.4,0.4,8.6e+07,1.53e+09,4.299e+09,1.942e+09
NTAP,2019-01-25,2019-02-19,2019-02-19,1563000000,982000000,311000000,2.49e+08,2.55e+08,1,2.55e+08,0.4,0.4,1e+08,1.23e+09,4.049e+09,1.942e+09
NTAP,2019-04-26,2019-06-18,2019-06-18,1592000000,1026000000,370000000,3.96e+08,2.59e+08,1,2.59e+08,0.3999999999999999,0.3999999999999999,1.31e+08,1.09e+09,3.899e+09,1.944e+09
NTAP,2019-07-26,2019-08-19,2019-08-19,1236000000,816000000,104000000,1.03e+08,2.43e+08,1,2.43e+08,0.48,0.48,1.16e+08,8.63e+08,3.532e+09,1.945e+09
NTAP,2019-10-25,2019-11-18,2019-11-18,1371000000,925000000,296000000,2.43e+08,2.36e+08,1,2.36e+08,0.48,0.48,1.11e+08,5.36e+08,2.987e+09,1.145e+09
NTAP,2020-01-24,2020-02-18,2020-02-18,1404000000,941000000,268000000,2.77e+08,2.29e+08,1,2.29e+08,0.48,0.48,1.13e+08,2.82e+08,3.008e+09,1.146e+09
NTAP,2020-04-24,2020-06-15,2020-06-15,1401000000,941000000,277000000,1.96e+08,2.33e+08,1,2.33e+08,0.48,0.48,1.45e+08,2.42e+08,2.882e+09,1.146e+09
NTAP,2020-07-31,2020-08-28,2020-08-28,1303000000,872000000,136000000,7.7e+07,2.22e+08,1,2.22e+08,0.48,0.48,1.36e+08,2.84e+08,3.773e+09,2.78e+09
NTAP,2020-10-30,2020-12-03,2020-12-03,1416000000,933000000,182000000,1.37e+08,2.24e+08,1,2.24e+08,0.48,0.48,1.16e+08,3.7e+08,3.646e+09,2.631e+09
NTAP,2021-01-29,2021-03-01,2021-03-01,1470000000,975000000,258000000,1.82e+08,2.27e+08,1,2.27e+08,0.48,0.48,1.06e+08,4.78e+08,3.894e+09,2.632e+09
NTAP,2021-04-30,2021-06-21,2021-06-21,1555000000,1035000000,455000000,3.34e+08,2.26e+08,1,2.26e+08,0.48,0.48,1.14e+08,6.85e+08,4.596e+09,2.632e+09
NTAP,2021-07-30,2021-09-02,2021-09-02,1458000000,999000000,249000000,2.02e+08,2.29e+08,1,2.29e+08,0.5,0.5,1.08e+08,7.2e+08,4.547e+09,2.633e+09
NTAP,2021-10-29,2021-12-02,2021-12-02,1566000000,1059000000,294000000,2.24e+08,2.29e+08,1,2.29e+08,0.5,0.5,1.55e+08,7.59e+08,4.548e+09,2.634e+09
NTAP,2022-01-28,2022-03-02,2022-03-02,1614000000,1073000000,321000000,2.52e+08,2.29e+08,1,2.29e+08,0.5,0.5,1.67e+08,8.82e+08,4.201e+09,2.885e+09
NTAP,2022-04-29,2022-06-16,2022-06-16,1680000000,1089000000,293000000,2.59e+08,2.29e+08,1,2.29e+08,0.5,0.5,2.04e+08,8.38e+08,4.134e+09,2.886e+09
NTAP,2022-07-29,2022-08-30,2022-08-30,1592000000,1046000000,255000000,2.14e+08,2.24e+08,1,2.24e+08,0.5,0.5,2.32e+08,6.57e+08,3.439e+09,2.887e+09
NTAP,2022-10-28,2022-12-01,2022-12-01,1663000000,1087000000,282000000,7.5e+08,2.2e+08,1,2.2e+08,0.5,0.5,2.44e+08,1.202e+09,3.033e+09,2.387e+09
NTAP,2023-01-27,2023-03-01,2023-03-01,1526000000,1001000000,172000000,6.5e+07,2.19e+08,1,2.19e+08,0.5,0.5,1.75e+08,1.102e+09,3.141e+09,2.388e+09
NTAP,2023-04-28,2023-06-14,2023-06-14,1581000000,1075000000,309000000,2.45e+08,2.2e+08,1,2.2e+08,0.5,0.5,1.67e+08,1.159e+09,3.07e+09,2.389e+09
NTAP,2023-07-28,2023-08-29,2023-08-29,1432000000,996000000,178000000,1.49e+08,2.16e+08,1,2.16e+08,0.5,0.5,1.31e+08,8.73e+08,2.975e+09,2.39e+09
NTAP,2023-10-27,2023-11-30,2023-11-30,1562000000,1110000000,304000000,2.33e+08,2.11e+08,1,2.11e+08,0.5,0.5,1.22e+08,7.7e+08,2.62e+09,2.791e+09
NTAP,2024-01-26,2024-02-29,2024-02-29,1606000000,1151000000,366000000,3.13e+08,2.11e+08,1,2.11e+08,0.5,0.5,1.31e+08,9.94e+08,2.917e+09,2.791e+09
NTAP,2024-04-26,2024-06-10,2024-06-10,1668000000,1176000000,366000000,2.91e+08,2.13e+08,1,2.13e+08,0.5,0.5,1.86e+08,1.146e+09,3.252e+09,2.792e+09
NTAP,2024-07-26,2024-08-28,2024-08-28,1541000000,1098000000,282000000,2.48e+08,2.12e+08,1,2.12e+08,0.52,0.52,2.14e+08,9.29e+08,3.017e+09,3.542e+09
NTAP,2024-10-25,2024-11-25,2024-11-25,1658000000,1177000000,345000000,2.99e+08,2.1e+08,1,2.1e+08,0.52,0.52,3.17e+08,8.92e+08,2.222e+09,2.742e+09
NTAP,2025-01-24,2025-02-27,2025-02-27,1641000000,1145000000,362000000,2.99e+08,2.08e+08,1,2.08e+08,0.52,0.52,2.68e+08,9.95e+08,2.261e+09,2.744e+09
NTAP,2025-04-25,2025-06-09,2025-06-09,1732000000,1193000000,348000000,3.4e+08,2.09e+08,1,2.09e+08,0.52,0.52,1.86e+08,1.04e+09,3.846e+09,3.985e+09
NTAP,2025-07-25,2025-08-27,2025-08-27,1559000000,1098000000,309000000,2.33e+08,2.03e+08,1,2.03e+08,0.52,0.52,1.33e+08,9.75e+08,3.324e+09,2.485e+09
GLW,2008-06-30,2009-07-29,2009-07-29,1692000000,852000000,417000000,3.211e+09,1.59751e+09,1,1.59751e+09,,,,,2.175e+09,0
GLW,2008-09-30,2009-11-02,2009-11-02,1555000000,735000000,349000000,7.68e+08,1.56735e+09,1,1.56735e+09,0.05,0.05,,,2.596e+09,0
GLW,2009-03-31,2010-04-30,2010-04-30,989000000,270000000,-260000000,1.4e+07,1.56735e+09,1,1.56735e+09,0.05,0.05,,,1.78e+09,0
GLW,2009-06-30,2009-07-29,2009-07-29,1395000000,575000000,221000000,6.11e+08,1.55e+09,1,1.55e+09,0.05,0.05,6.47e+08,1.3803e+10,2.234e+09,8e+07
GLW,2009-09-30,2009-11-02,2009-11-02,1479000000,599000000,230000000,6.43e+08,1.55e+09,1,1.55e+09,0.05,0.05,6.18e+08,1.4967e+10,1.962e+09,7.5e+07
GLW,2009-12-31,2010-02-10,2010-02-10,1532000000,649000000,200000000,7.4e+08,1.55e+09,1,1.55e+09,0.04999999999999999,0.04999999999999999,5.79e+08,1.5543e+10,2.541e+09,2.078e+09
GLW,2010-03-31,2010-04-30,2010-04-30,1553000000,731000000,403000000,8.16e+08,1.555e+09,1,1.555e+09,0.05,0.05,6.04e+08,1.6302e+10,3.075e+09,2.3e+07
GLW,2010-06-30,2010-07-30,2010-07-30,1712000000,827000000,430000000,9.13e+08,1.558e+09,1,1.558e+09,0.05,0.05,6.07e+08,1.6992e+10,3.214e+09,2.4e+07
GLW,2010-09-30,2010-11-01,2010-11-01,1602000000,724000000,319000000,7.85e+08,1.557e+09,1,1.557e+09,0.05,0.05,7.12e+08,1.8416e+10,3.302e+09,2.5e+07
GLW,2010-12-31,2011-02-10,2011-02-10,1765000000,767000000,649000000,1.044e+09,1.558e+09,1,1.558e+09,0.04999999999999999,0.04999999999999999,7.38e+08,1.9375e+10,4.598e+09,2.376e+09
GLW,2011-03-31,2011-04-29,2011-04-29,1923000000,874000000,460000000,7.48e+08,1.565e+09,1,1.565e+09,0.05,0.05,8.41e+08,2.0304e+10,4.57e+09,2.6e+07
GLW,2011-06-30,2011-07-29,2011-07-29,2005000000,889000000,424000000,7.55e+08,1.568e+09,1,1.568e+09,0.05,0.05,9.17e+08,2.1255e+10,4.609e+09,2.6e+07
GLW,2011-09-30,2011-10-27,2011-10-27,2075000000,978000000,587000000,8.11e+08,1.588e+09,1,1.588e+09,0.05,0.05,9.39e+08,2.164e+10,4.901e+09,2.7e+07
GLW,2011-12-31,2012-02-13,2012-02-13,1887000000,825000000,223000000,4.91e+08,1.583e+09,1,1.583e+09,0.07999999999999999,0.07999999999999999,9.75e+08,2.1078e+10,4.661e+09,2.418e+09
GLW,2012-03-31,2012-04-27,2012-04-27,1920000000,814000000,342000000,4.62e+08,1.53e+09,1,1.53e+09,0.075,0.075,9.55e+08,2.1317e+10,5.49e+09,2.7e+07
GLW,2012-06-30,2012-07-27,2012-07-27,1908000000,797000000,309000000,4.62e+08,1518,1,1518,0.075,0.075,9.99e+08,2.1354e+10,5.008e+09,0
GLW,2012-09-30,2012-10-25,2012-10-25,2038000000,879000000,393000000,5.21e+08,1.494e+09,1,1.494e+09,0.075,0.075,1.003e+09,2.1839e+10,4.952e+09,0
GLW,2012-12-31,2014-02-10,2014-02-10,2146000000,798000000,79000000,1.55e+08,1.506e+09,1,1.506e+09,0.09500000000000003,0.09500000000000003,1.051e+09,2.1486e+10,4.988e+09,3.458e+09
GLW,2013-03-31,2013-04-26,2013-04-26,1814000000,770000000,324000000,4.94e+08,1.481e+09,1,1.481e+09,0.09,0.09,1.171e+09,2.1344e+10,4.797e+09,0
GLW,2013-06-30,2013-07-31,2013-07-31,1982000000,883000000,424000000,6.38e+08,1.478e+09,1,1.478e+09,0.1,0.1,1.24e+09,2.1378e+10,4.601e+09,0
GLW,2013-09-30,2013-10-30,2013-10-30,2067000000,901000000,439000000,4.08e+08,1.463e+09,1,1.463e+09,0.1,0.1,1.275e+09,2.1749e+10,4.56e+09,0
GLW,2013-12-31,2014-02-10,2014-02-10,1956000000,770000000,184000000,4.21e+08,1.462e+09,1,1.462e+09,0.09999999999999998,0.09999999999999998,1.27e+09,2.1162e+10,4.704e+09,0
GLW,2014-03-31,2014-04-28,2014-04-28,2289000000,935000000,315000000,3.01e+08,1.37e+09,1,1.37e+09,0.1,0.1,1.395e+09,2.165e+10,4.968e+09,0
GLW,2014-06-30,2014-07-31,2014-07-31,2482000000,1032000000,460000000,1.69e+08,1.315e+09,1,1.315e+09,0.1,0.1,1.38e+09,2.1763e+10,5.118e+09,0
GLW,2014-09-30,2014-10-29,2014-10-29,2540000000,1089000000,620000000,1.014e+09,1.411e+09,1,1.411e+09,0.1,0.1,1.327e+09,2.1779e+10,5.353e+09,0
GLW,2014-12-31,2015-02-13,2015-02-13,2404000000,996000000,536000000,9.88e+08,1.427e+09,1,1.427e+09,0.21999999999999997,0.21999999999999997,1.322e+09,2.1579e+10,5.309e+09,3.6e+07
GLW,2015-03-31,2015-05-01,2015-05-01,2265000000,929000000,412000000,4.07e+08,1.394e+09,1,1.394e+09,0.0,0.0,1.331e+09,2.1298e+10,4.304e+09,0
GLW,2015-06-30,2015-07-30,2015-07-30,2343000000,975000000,431000000,4.96e+08,1.371e+09,1,1.371e+09,0.12,0.12,1.385e+09,2.0983e+10,4.968e+09,0
GLW,2015-09-30,2015-10-27,2015-10-27,2272000000,892000000,392000000,2.12e+08,1.218e+09,1,1.218e+09,0.12,0.12,1.374e+09,1.9997e+10,4.44e+09,0
GLW,2015-12-31,2016-02-12,2016-02-12,2231000000,857000000,87000000,2.24e+08,1.343e+09,1,1.343e+09,0.12,0.12,1.385e+09,1.8788e+10,4.5e+09,5.72e+08
GLW,2016-03-31,2016-04-29,2016-04-29,2047000000,764000000,177000000,-3.68e+08,1.103e+09,1,1.103e+09,0.135,0.135,1.453e+09,1.7918e+10,3.54e+09,5e+08
GLW,2016-06-30,2016-07-27,2016-07-27,2360000000,951000000,247000000,2.207e+09,1.182e+09,1,1.182e+09,0.135,0.135,1.501e+09,1.9609e+10,7.144e+09,2.52e+08
GLW,2016-09-30,2016-10-27,2016-10-27,2507000000,1041000000,535000000,2.84e+08,1.102e+09,1,1.102e+09,0.135,0.135,1.516e+09,1.7721e+10,4.821e+09,7e+06
GLW,2016-12-31,2017-02-06,2017-02-06,2476000000,990000000,432000000,1.572e+09,1.144e+09,1,1.144e+09,0.135,0.135,1.471e+09,1.7893e+10,5.291e+09,2.56e+08
GLW,2017-03-31,2017-04-25,2017-04-25,2375000000,957000000,424000000,8.6e+07,9.36e+08,1,9.36e+08,0.155,0.155,1.544e+09,1.8308e+10,4.844e+09,2.57e+08
GLW,2017-06-30,2017-07-26,2017-07-26,2497000000,985000000,381000000,4.39e+08,1.034e+09,1,1.034e+09,0.155,0.155,1.616e+09,1.8012e+10,4.189e+09,6.31e+08
GLW,2017-09-30,2017-10-26,2017-10-26,2607000000,1056000000,453000000,3.9e+08,1.009e+09,1,1.009e+09,0.155,0.155,1.693e+09,1.7317e+10,3.865e+09,6.31e+08
GLW,2017-12-31,2018-02-15,2018-02-15,2637000000,1034000000,372000000,-1.412e+09,8.95e+08,1,8.95e+08,0.15500000000000003,0.15500000000000003,1.712e+09,1.5698e+10,4.317e+09,3.79e+08
GLW,2018-03-31,2018-04-26,2018-04-26,2500000000,955000000,194000000,-5.89e+08,8.48e+08,1,8.48e+08,0.18,0.18,1.834e+09,1.4413e+10,3.096e+09,0
GLW,2018-06-30,2018-07-27,2018-07-27,2747000000,1072000000,395000000,7.38e+08,9.43e+08,1,9.43e+08,0.18,0.18,1.896e+09,1.3877e+10,2.023e+09,0
GLW,2018-09-30,2018-10-24,2018-10-24,3008000000,1232000000,522000000,6.25e+08,9.3e+08,1,9.3e+08,0.18,0.18,1.921e+09,1.389e+10,1.903e+09,0
GLW,2018-12-31,2019-02-12,2019-02-12,3035000000,1202000000,464000000,2.92e+08,9.41e+08,1,9.41e+08,0.17999999999999994,0.17999999999999994,2.037e+09,1.3792e+10,2.355e+09,4e+06
GLW,2019-03-31,2019-05-03,2019-05-03,2812000000,1099000000,420000000,4.99e+08,9.08e+08,1,9.08e+08,0.2,0.2,2.19e+09,1.3607e+10,1.456e+09,7e+06
GLW,2019-06-30,2019-07-31,2019-07-31,2940000000,1065000000,374000000,9.2e+07,7.89e+08,1,7.89e+08,0.2,0.2,2.291e+09,1.3425e+10,1.178e+09,4.55e+08
GLW,2019-09-30,2019-10-30,2019-10-30,2934000000,1017000000,365000000,3.37e+08,8.97e+08,1,8.97e+08,0.2,0.2,2.337e+09,1.3034e+10,9.71e+08,3.05e+08
GLW,2019-12-31,2020-02-18,2020-02-18,2817000000,854000000,147000000,3.2e+07,8.99e+08,1,8.99e+08,0.19999999999999996,0.19999999999999996,2.32e+09,1.2907e+10,2.434e+09,1.1e+07
GLW,2020-03-31,2020-05-05,2020-05-05,2391000000,561000000,-121000000,-9.6e+07,7.6e+08,1,7.6e+08,0.22,0.22,2.347e+09,1.2198e+10,2.025e+09,1.2e+07
GLW,2020-06-30,2020-07-30,2020-07-30,2561000000,756000000,-103000000,-7.1e+07,7.59e+08,1,7.59e+08,0.22,0.22,2.235e+09,1.2049e+10,2.158e+09,1.2e+07
GLW,2020-09-30,2020-10-29,2020-10-29,3001000000,1001000000,257000000,4.27e+08,8.89e+08,1,8.89e+08,0.22,0.22,2.581e+09,1.266e+10,2.514e+09,2.56e+08
GLW,2020-12-31,2021-02-12,2021-02-12,3350000000,1213000000,476000000,2.52e+08,7.72e+08,1,7.72e+08,0.21999999999999997,0.21999999999999997,2.438e+09,1.3257e+10,2.672e+09,7.5e+07
GLW,2021-03-31,2021-04-30,2021-04-30,3290000000,1156000000,502000000,5.99e+08,8.98e+08,1,8.98e+08,0.24,0.24,2.361e+09,1.3369e+10,2.868e+09,1.54e+08
GLW,2021-06-30,2021-07-27,2021-07-27,3501000000,1315000000,575000000,4.49e+08,8.44e+08,1,8.44e+08,0.48,0.48,2.387e+09,1.196e+10,2.32e+09,3.53e+08
GLW,2021-09-30,2021-10-29,2021-10-29,3615000000,1321000000,552000000,3.71e+08,8.66e+08,1,8.66e+08,,,2.463e+09,1.2145e+10,2.212e+09,5e+07
GLW,2021-12-31,2022-02-14,2022-02-14,3676000000,1271000000,483000000,4.87e+08,8.44e+08,1,8.44e+08,,,2.481e+09,1.2333e+10,2.148e+09,5.5e+07
GLW,2022-03-31,2022-04-29,2022-04-29,3680000000,1283000000,570000000,5.81e+08,8.59e+08,1,8.59e+08,0.27,0.27,2.618e+09,1.2395e+10,2.016e+09,1.2e+08
GLW,2022-06-30,2022-07-29,2022-07-29,3615000000,1246000000,490000000,5.63e+08,8.56e+08,1,8.56e+08,0.54,0.54,2.835e+09,1.1734e+10,1.629e+09,1.21e+08
GLW,2022-09-30,2022-10-27,2022-10-27,3488000000,1062000000,292000000,2.08e+08,8.55e+08,1,8.55e+08,,,2.951e+09,1.1284e+10,1.63e+09,2.08e+08
GLW,2022-12-31,2023-02-13,2023-02-13,3406000000,915000000,86000000,-3.6e+07,8.57e+08,1,8.57e+08,,,2.904e+09,1.2008e+10,1.671e+09,2.24e+08
GLW,2023-03-31,2023-04-28,2023-04-28,3178000000,1003000000,297000000,1.76e+08,8.59e+08,1,8.59e+08,0.28,0.28,2.863e+09,1.1925e+10,1.146e+09,1.97e+08
GLW,2023-06-30,2023-07-27,2023-07-27,3243000000,1013000000,279000000,2.81e+08,8.59e+08,1,8.59e+08,0.56,0.56,2.757e+09,1.1412e+10,1.538e+09,1.87e+08
GLW,2023-09-30,2023-10-30,2023-10-30,3173000000,1004000000,236000000,1.64e+08,8.59e+08,1,8.59e+08,,,2.655e+09,1.143e+10,1.639e+09,2.97e+08
GLW,2023-12-31,2024-02-12,2024-02-12,2994000000,911000000,78000000,-4e+07,8.59e+08,1,8.59e+08,,,2.666e+09,1.1551e+10,1.779e+09,3.2e+08
GLW,2024-03-31,2024-05-02,2024-05-02,2975000000,993000000,254000000,2.09e+08,8.62e+08,1,8.62e+08,0.28,0.28,2.713e+09,1.1226e+10,1.365e+09,3.18e+08
GLW,2024-06-30,2024-08-02,2024-08-02,3251000000,949000000,186000000,1.04e+08,8.64e+08,1,8.64e+08,0.56,0.56,2.682e+09,1.0585e+10,1.419e+09,3.76e+08
GLW,2024-09-30,2024-11-01,2024-11-01,3391000000,1137000000,302000000,-1.17e+08,8.54e+08,1,8.54e+08,,,2.793e+09,1.1103e+10,1.613e+09,3.35e+08
GLW,2024-12-31,2025-02-13,2025-02-13,3501000000,1197000000,393000000,3.1e+08,8.69e+08,1,8.69e+08,,,2.724e+09,1.0686e+10,1.768e+09,3.26e+08
GLW,2025-03-31,2025-05-02,2025-05-02,3452000000,1214000000,445000000,1.57e+08,8.66e+08,1,8.66e+08,0.28,0.28,2.896e+09,1.0716e+10,1.359e+09,2.83e+08
GLW,2025-06-30,2025-08-01,2025-08-01,3862000000,1392000000,573000000,4.69e+08,8.65e+08,1,8.65e+08,0.56,0.56,3.084e+09,1.1116e+10,1.491e+09,7.86e+08
APH,2008-06-30,2009-08-06,2009-08-06,846817000,276590000,168223000,1.09995e+08,1.79396e+08,8,1.43517e+09,0.015,0.001875,,,1.88762e+08,0
APH,2008-09-30,2009-10-26,2009-10-26,863658000,281251000,171320000,1.12955e+08,1.80134e+08,8,1.44107e+09,0.015,0.001875,,,2.30741e+08,0
APH,2009-03-31,2010-05-06,2010-05-06,660012000,206379000,110685000,7.441e+07,1.73098e+08,8,1.38479e+09,0.015,0.001875,,,1.50519e+08,0
APH,2009-06-30,2009-08-06,2009-08-06,685184000,214150000,115478000,7.487e+07,1.7365e+08,8,1.3892e+09,0.015,0.001875,4.49894e+08,1.5094e+09,2.20765e+08,0
APH,2009-09-30,2009-10-26,2009-10-26,716573000,224393000,124290000,8.0915e+07,1.73929e+08,8,1.39143e+09,0.015,0.001875,4.5599e+08,1.62627e+09,3.07569e+08,0
APH,2009-12-31,2011-02-28,2011-02-28,758296000,241632000,138460000,8.7639e+07,1.73942e+08,8,1.39153e+09,0.015,0.001875,4.6175e+08,1.74608e+09,4.22383e+08,7.53449e+08
APH,2010-03-31,2010-05-06,2010-05-06,770954000,249192000,145044000,9.8353e+07,1.75575e+08,8,1.4046e+09,0.015,0.001875,4.76097e+08,1.84996e+09,4.31719e+08,8.01983e+08
APH,2010-06-30,2010-08-06,2010-08-06,884798000,289299000,175625000,1.29671e+08,1.75885e+08,8,1.40708e+09,0.015,0.001875,4.98552e+08,1.95316e+09,4.36677e+08,7.81969e+08
APH,2010-09-30,2010-11-05,2010-11-05,948463000,309717000,189134000,1.37268e+08,1.76225e+08,8,1.4098e+09,0.015,0.001875,5.39728e+08,2.14596e+09,5.87773e+08,9.04416e+08
APH,2010-12-31,2011-02-28,2011-02-28,949886000,310020000,190554000,1.31113e+08,1.76326e+08,8,1.41061e+09,0.015,0.001875,5.49169e+08,2.32086e+09,6.24229e+08,8.00344e+08
APH,2011-03-31,2011-05-09,2011-05-09,940585000,304124000,186085000,1.27958e+08,1.77851e+08,8,1.42281e+09,0.015,0.001875,6.02985e+08,2.30415e+09,6.91421e+08,9.49714e+08
APH,2011-06-30,2011-08-05,2011-08-05,1017738000,321222000,214874000,1.47751e+08,1.73592e+08,8,1.38874e+09,0.015,0.001875,6.42273e+08,2.29645e+09,6.96555e+08,1.15792e+09
APH,2011-09-30,2011-11-04,2011-11-04,1032754000,323477000,186059000,1.34623e+08,1.69835e+08,8,1.35868e+09,0.015,0.001875,6.34814e+08,2.21657e+09,7.80909e+08,1.26533e+09
APH,2011-12-31,2012-02-24,2012-02-24,948709000,294837000,164660000,1.13859e+08,1.71826e+08,8,1.3746e+09,0.015,0.001875,6.49862e+08,2.17177e+09,6.48934e+08,1.37743e+09
APH,2012-03-31,2012-05-04,2012-05-04,981604000,309271000,185279000,1.26563e+08,1.65355e+08,8,1.32284e+09,0.105,0.013125,6.59108e+08,2.251e+09,7.43232e+08,1.39512e+09
APH,2012-06-30,2012-08-03,2012-08-03,1061107000,334161000,206176000,1.40942e+08,1.63872e+08,8,1.31097e+09,0.105,0.013125,6.75342e+08,2.25057e+09,7.80464e+08,1.54383e+09
APH,2012-09-30,2012-11-02,2012-11-02,1103376000,344329000,215670000,1.4745e+08,1.6378e+08,8,1.31024e+09,0.105,0.013125,7.12189e+08,2.42684e+09,8.92891e+08,1.60539e+09
APH,2012-12-31,2013-02-22,2013-02-22,1145978000,355451000,221220000,1.40362e+08,1.63947e+08,8,1.31158e+09,0.10499999999999998,0.013124999999999998,7.33718e+08,2.42996e+09,9.42503e+08,1.80679e+09
APH,2013-03-31,2013-05-03,2013-05-03,1079805000,337892000,206957000,1.53007e+08,1.62713e+08,8,1.3017e+09,0.105,0.013125,7.11581e+08,2.50541e+09,1.0219e+09,1.68824e+09
APH,2013-06-30,2013-08-02,2013-08-02,1136067000,359788000,224013000,1.53988e+08,1.62935e+08,8,1.30348e+09,0.105,0.013125,7.03489e+08,2.58514e+09,1.14255e+09,1.78255e+09
APH,2013-09-30,2013-11-01,2013-11-01,1153062000,363848000,224483000,1.60798e+08,1.61793e+08,8,1.29434e+09,0.2,0.025,7.32724e+08,2.65725e+09,1.28358e+09,1.86953e+09
APH,2013-12-31,2014-02-21,2014-02-21,1245735000,389306000,241360000,1.67879e+08,1.62274e+08,8,1.2982e+09,0.19999999999999996,0.024999999999999994,7.92644e+08,2.85951e+09,1.19216e+09,2.83431e+09
APH,2014-03-31,2014-05-07,2014-05-07,1246074000,388856000,232135000,1.58483e+08,1.61177e+08,8,1.28942e+09,0.2,0.025,7.7271e+08,2.87545e+09,1.29945e+09,2.22362e+09
APH,2014-06-30,2014-08-06,2014-08-06,1314172000,416767000,255810000,1.74932e+08,1.60791e+08,8,1.28633e+09,0.2,0.025,8.05452e+08,2.97732e+09,1.4439e+09,3.14423e+09
APH,2014-09-30,2014-11-05,2014-11-05,1358742000,431655000,267821000,1.82207e+08,3.20636e+08,4,1.28255e+09,0.125,0.03125,8.48072e+08,2.97616e+09,1.24462e+09,3.22478e+09
APH,2014-12-31,2015-02-20,2015-02-20,1426500000,456700000,278900000,1.935e+08,3.2043e+08,4,1.28172e+09,-0.07500000000000001,-0.018750000000000003,8.656e+08,2.9074e+09,1.3296e+09,2.6755e+09
APH,2015-03-31,2015-05-08,2015-05-08,1327100000,424600000,260200000,1.798e+08,3.17986e+08,4,1.27194e+09,0.125,0.03125,8.714e+08,2.9499e+09,1.3511e+09,2.7602e+09
APH,2015-06-30,2015-08-07,2015-08-07,1351500000,432500000,260700000,1.79e+08,3.16878e+08,4,1.26751e+09,0.125,0.03125,8.93e+08,3.0651e+09,1.3972e+09,2.76e+09
APH,2015-09-30,2015-11-05,2015-11-05,1459600000,464000000,294800000,2.045e+08,3.15887e+08,4,1.26355e+09,0.14,0.035,8.877e+08,3.1433e+09,1.5977e+09,2.8538e+09
APH,2015-12-31,2016-02-19,2016-02-19,1430500000,458500000,289000000,2.001e+08,3.165e+08,4,1.266e+09,0.14,0.035,8.518e+08,3.2385e+09,1.7604e+09,2.8138e+09
APH,2016-03-31,2016-05-05,2016-05-05,1451200000,459200000,239400000,1.566e+08,3.142e+08,4,1.2568e+09,0.14,0.035,9.335e+08,3.3862e+09,7.136e+08,2.8668e+09
APH,2016-06-30,2016-08-04,2016-08-04,1548200000,497300000,300300000,2.065e+08,3.154e+08,4,1.2616e+09,0.14,0.035,9.266e+08,3.5346e+09,8.247e+08,2.8352e+09
APH,2016-09-30,2016-11-03,2016-11-03,1635900000,537300000,326300000,2.243e+08,3.157e+08,4,1.2628e+09,0.14,0.035,9.266e+08,3.708e+09,1.0169e+09,3.347e+09
APH,2016-12-31,2017-02-17,2017-02-17,1651100000,546100000,339100000,2.354e+08,3.152e+08,4,1.2608e+09,0.16,0.04,9.289e+08,3.6749e+09,1.1732e+09,3.3859e+09
APH,2017-03-31,2017-05-04,2017-05-04,1560100000,515900000,314100000,2.249e+08,3.164e+08,4,1.2656e+09,0.16,0.04,9.623e+08,3.7042e+09,1.2797e+09,3.6123e+09
APH,2017-06-30,2017-08-03,2017-08-03,1666500000,552600000,336200000,2.515e+08,3.161e+08,4,1.2644e+09,0.16,0.04,1.0592e+09,3.8749e+09,1.3601e+09,3.7726e+09
APH,2017-09-30,2017-11-02,2017-11-02,1840800000,606100000,377900000,2.775e+08,3.157e+08,4,1.2628e+09,0.19,0.0475,1.0982e+09,4.0672e+09,1.4896e+09,3.5619e+09
APH,2017-12-31,2018-02-21,2018-02-21,1943900000,635400000,399400000,-1.034e+08,3.165e+08,4,1.266e+09,0.19,0.0475,1.1069e+09,3.9898e+09,1.7537e+09,3.5437e+09
APH,2018-03-31,2018-05-03,2018-05-03,1866900000,606900000,376900000,2.656e+08,3.16e+08,4,1.264e+09,0.19,0.0475,1.1668e+09,3.9139e+09,1.0243e+09,3.9892e+09
APH,2018-06-30,2018-07-31,2018-07-31,1981400000,644800000,408200000,2.848e+08,3.123e+08,4,1.2492e+09,0.23,0.0575,1.1598e+09,3.7611e+09,9.911e+08,0
APH,2018-09-30,2018-10-26,2018-10-26,2129000000,688200000,444200000,3.166e+08,3.124e+08,4,1.2496e+09,0.23,0.0575,1.2455e+09,4.0089e+09,1.0198e+09,0
APH,2018-12-31,2019-02-13,2019-02-13,2224700000,715000000,457600000,3.381e+08,3.126e+08,4,1.2504e+09,0.23,0.0575,1.2338e+09,4.017e+09,1.2917e+09,0
APH,2019-03-31,2019-04-26,2019-04-26,1958500000,627800000,376200000,2.675e+08,3.086e+08,4,1.2344e+09,0.23,0.0575,1.2244e+09,4.1231e+09,9.876e+08,0
APH,2019-06-30,2019-07-26,2019-07-26,2015300000,647600000,399500000,2.884e+08,3.087e+08,4,1.2348e+09,0.23,0.0575,1.2753e+09,4.1483e+09,9.973e+08,0
APH,2019-09-30,2019-10-25,2019-10-25,2100600000,661900000,413600000,2.803e+08,3.062e+08,4,1.2248e+09,0.25,0.0625,1.2735e+09,4.1553e+09,9.867e+08,0
APH,2019-12-31,2020-02-12,2020-02-12,2151000000,678700000,429800000,3.187e+08,3.079e+08,4,1.2316e+09,0.25,0.0625,1.3101e+09,4.5303e+09,9.086e+08,0
APH,2020-03-31,2020-04-24,2020-04-24,1862000000,559800000,316900000,2.421e+08,3.065e+08,4,1.226e+09,0.25,0.0625,1.325e+09,4.3858e+09,2.3836e+09,0
APH,2020-06-30,2020-07-24,2020-07-24,1987500000,603800000,357400000,2.577e+08,3.04e+08,4,1.216e+09,0.25,0.0625,1.3619e+09,4.7386e+09,1.314e+09,0
APH,2020-09-30,2020-10-23,2020-10-23,2323400000,734900000,475800000,3.466e+08,3.082e+08,4,1.2328e+09,0.25,0.0625,1.391e+09,5.0402e+09,1.4562e+09,0
APH,2020-12-31,2021-02-10,2021-02-10,2426000000,765600000,488400000,3.57e+08,3.075e+08,4,1.23e+09,0.29,0.0725,1.4622e+09,5.3849e+09,1.7381e+09,0
APH,2021-03-31,2021-04-30,2021-04-30,2377100000,727500000,464800000,3.296e+08,6.241e+08,2,1.2482e+09,0.145,0.0725,1.5651e+09,5.461e+09,2.3612e+09,0
APH,2021-06-30,2021-07-30,2021-07-30,2653900000,843200000,476200000,3.698e+08,6.238e+08,2,1.2476e+09,0.145,0.0725,1.7714e+09,5.7155e+09,1.2426e+09,0
APH,2021-09-30,2021-10-29,2021-10-29,2818500000,889900000,571200000,4.265e+08,6.258e+08,2,1.2516e+09,0.145,0.0725,1.9525e+09,5.9459e+09,1.3025e+09,0
APH,2021-12-31,2022-02-09,2022-02-09,3026800000,941200000,592900000,4.649e+08,6.255e+08,2,1.251e+09,0.2,0.1,1.8941e+09,6.302e+09,1.2414e+09,0
APH,2022-03-31,2022-04-29,2022-04-29,2951900000,926600000,589800000,4.257e+08,6.256e+08,2,1.2512e+09,0.2,0.1,1.9897e+09,6.4261e+09,1.2996e+09,0
APH,2022-06-30,2022-07-29,2022-07-29,3136800000,1004200000,648800000,4.725e+08,6.197e+08,2,1.2394e+09,0.2,0.1,2.0437e+09,6.4643e+09,1.3344e+09,0
APH,2022-09-30,2022-10-28,2022-10-28,3295200000,1060000000,681100000,4.966e+08,6.193e+08,2,1.2386e+09,0.2,0.1,2.0801e+09,6.5709e+09,1.252e+09,0
APH,2022-12-31,2023-02-08,2023-02-08,3239100000,1037400000,666100000,5.075e+08,6.21e+08,2,1.242e+09,0.21,0.105,2.0936e+09,7.0156e+09,1.4342e+09,0
APH,2023-03-31,2023-04-28,2023-04-28,2974000000,943400000,591700000,4.392e+08,6.199e+08,2,1.2398e+09,0.21,0.105,2.1051e+09,7.3081e+09,1.4987e+09,0
APH,2023-06-30,2023-07-28,2023-07-28,3053900000,991700000,619900000,4.605e+08,6.182e+08,2,1.2364e+09,0.21,0.105,1.9978e+09,7.5137e+09,1.503e+09,0
APH,2023-09-30,2023-10-27,2023-10-27,3199200000,1048500000,657900000,5.139e+08,6.22e+08,2,1.244e+09,0.21,0.105,2.0991e+09,7.8568e+09,1.734e+09,0
APH,2023-12-31,2024-02-07,2024-02-07,3327600000,1100500000,690100000,5.144e+08,6.206e+08,2,1.2412e+09,0.22,0.11,2.1671e+09,8.3465e+09,1.6602e+09,0
APH,2024-03-31,2024-04-26,2024-04-26,3256300000,1089000000,684800000,5.487e+08,6.279e+08,2,1.2558e+09,0.22,0.11,2.1529e+09,8.6815e+09,1.9635e+09,0
APH,2024-06-30,2024-07-26,2024-07-26,3609700000,1213100000,698800000,5.248e+08,1.2649e+09,1,1.2649e+09,0.11,0.11,2.3988e+09,8.9801e+09,1.3022e+09,0
APH,2024-09-30,2024-10-25,2024-10-25,4038800000,1356900000,819500000,6.044e+08,1.2655e+09,1,1.2655e+09,0.165,0.165,2.5788e+09,9.4525e+09,1.5833e+09,0
APH,2024-12-31,2025-02-07,2025-02-07,4317900000,1480700000,953800000,7.461e+08,1.2636e+09,1,1.2636e+09,0.165,0.165,2.5457e+09,9.792e+09,3.3354e+09,0
APH,2025-03-31,2025-04-25,2025-04-25,4811000000,1644000000,1024800000,7.378e+08,1.2662e+09,1,1.2662e+09,0.165,0.165,2.9064e+09,1.03012e+10,1.6717e+09,0
APH,2025-06-30,2025-07-25,2025-07-25,5650300000,2053300000,1418800000,1.0913e+09,1.2722e+09,1,1.2722e+09,0.165,0.165,3.1371e+09,1.15193e+10,3.2264e+09,0
TEL,2008-06-27,2009-07-31,2009-07-31,3782000000,1099000000,515000000,3.3e+08,4.82e+08,1,4.82e+08,,,,,7.31e+08,0
TEL,2008-12-26,2010-01-28,2010-01-28,2713000000,724000000,83000000,-3.7e+07,4.61e+08,1,4.61e+08,,,,,5.49e+08,0
TEL,2009-03-27,2010-11-10,2010-11-10,2337000000,534000000,-3797000000,-3.24e+09,4.58e+08,1,4.58e+08,,,,,7.27e+08,0
TEL,2009-06-26,2009-07-31,2009-07-31,2508000000,587000000,64000000,-7.4e+07,4.59e+08,1,4.59e+08,,,1.64e+09,7.071e+09,1.258e+09,2.579e+09
TEL,2009-09-25,2010-11-10,2010-11-10,2698000000,691000000,176000000,9.1e+07,4.61e+08,1,4.61e+08,0.16,0.16,1.435e+09,7.016e+09,1.521e+09,2.417e+09
TEL,2009-12-25,2010-01-28,2010-01-28,2892000000,841000000,269000000,1.72e+08,4.62e+08,1,4.62e+08,0.32,0.32,1.458e+09,6.998e+09,1.695e+09,2.415e+09
TEL,2010-03-26,2010-04-29,2010-04-29,2957000000,958000000,398000000,3.04e+08,4.61e+08,1,4.61e+08,0.64,0.64,1.55e+09,6.788e+09,1.839e+09,2.414e+09
TEL,2010-06-25,2010-07-23,2010-07-23,3084000000,985000000,467000000,3.3e+08,4.56e+08,1,4.56e+08,0.16,0.16,1.586e+09,6.792e+09,1.815e+09,2.522e+09
TEL,2010-09-24,2010-11-10,2010-11-10,3137000000,993000000,382000000,2.97e+08,4.5e+08,1,4.5e+08,0.16,0.16,1.583e+09,7.048e+09,1.99e+09,2.519e+09
TEL,2010-12-24,2011-01-24,2011-01-24,3200000000,1021000000,400000000,2.65e+08,4.49e+08,1,4.49e+08,0.16,0.16,1.836e+09,7.339e+09,1.407e+09,3.875e+09
TEL,2011-03-25,2011-04-26,2011-04-26,3472000000,1044000000,405000000,2.99e+08,4.49e+08,1,4.49e+08,0.16,0.16,1.912e+09,7.325e+09,1.239e+09,2.929e+09
TEL,2011-06-24,2011-07-22,2011-07-22,3729000000,1125000000,471000000,3.55e+08,4.42e+08,1,4.42e+08,0.18,0.18,1.996e+09,7.575e+09,1.212e+09,2.656e+09
TEL,2011-09-30,2011-11-18,2011-11-18,3911000000,1232000000,465000000,3.26e+08,4.33e+08,1,4.33e+08,0.18,0.18,1.939e+09,7.474e+09,1.219e+09,2.67e+09
TEL,2011-12-30,2012-01-27,2012-01-27,3309000000,983000000,378000000,2.6e+08,4.29e+08,1,4.29e+08,0.18,0.18,1.918e+09,7.581e+09,1.39e+09,3.742e+09
TEL,2012-03-30,2012-04-30,2012-04-30,3249000000,1021000000,385000000,2.57e+08,4.31e+08,1,4.31e+08,0.18,0.18,1.833e+09,7.674e+09,2.866e+09,5.257e+09
TEL,2012-06-29,2012-11-13,2012-11-13,3499000000,1018000000,371000000,1.99e+08,4.31e+08,1,4.31e+08,0.21,0.21,1.868e+09,7.734e+09,1.302e+09,4.825e+09
TEL,2012-09-28,2012-11-13,2012-11-13,3364000000,1064000000,384000000,3.96e+08,4.29e+08,1,4.29e+08,0.21,0.21,1.808e+09,7.971e+09,1.589e+09,4.726e+09
TEL,2012-12-28,2013-01-25,2013-01-25,3134000000,989000000,293000000,2.77e+08,4.26e+08,1,4.26e+08,0.21,0.21,1.808e+09,8.129e+09,9.72e+08,3.389e+09
TEL,2013-03-29,2013-04-24,2013-04-24,3265000000,1052000000,359000000,2.77e+08,4.24e+08,1,4.24e+08,0.21,0.21,1.803e+09,7.727e+09,1.073e+09,3.745e+09
TEL,2013-06-28,2013-07-25,2013-07-25,3449000000,1132000000,439000000,3.35e+08,4.21e+08,1,4.21e+08,0.25,0.25,1.762e+09,7.882e+09,1.262e+09,3.018e+09
TEL,2013-09-27,2013-11-15,2013-11-15,3432000000,1156000000,465000000,3.87e+08,4.2e+08,1,4.2e+08,0.25,0.25,1.762e+09,8.38e+09,1.403e+09,3.725e+09
TEL,2013-12-27,2014-01-23,2014-01-23,3326000000,1117000000,479000000,3.53e+08,4.18e+08,1,4.18e+08,0.25,0.25,1.836e+09,8.616e+09,1.397e+09,2.998e+09
TEL,2014-03-28,2014-04-24,2014-04-24,3431000000,1173000000,510000000,3.62e+08,4.17e+08,1,4.17e+08,0.25,0.25,1.85e+09,8.393e+09,1.429e+09,2.995e+09
TEL,2014-06-27,2014-07-24,2014-07-24,3580000000,1204000000,535000000,4.03e+08,4.16e+08,1,4.16e+08,0.29,0.29,1.81e+09,8.842e+09,1.613e+09,3e+09
TEL,2014-09-26,2014-11-12,2014-11-12,3575000000,1198000000,521000000,6.63e+08,4.16e+08,1,4.16e+08,0.29,0.29,1.745e+09,9.007e+09,2.457e+09,4.615e+09
TEL,2014-12-26,2015-01-28,2015-01-28,3466000000,1171000000,477000000,4.72e+08,4.13e+08,1,4.13e+08,0.29,0.29,1.942e+09,9.164e+09,8.68e+08,4.223e+09
TEL,2015-03-27,2015-04-23,2015-04-23,3082000000,1051000000,448000000,5.99e+08,4.13e+08,1,4.13e+08,0.29,0.29,1.684e+09,8.989e+09,6.97e+08,4.126e+09
TEL,2015-06-26,2015-07-23,2015-07-23,3118000000,1048000000,469000000,3.09e+08,4.12e+08,1,4.12e+08,0.33,0.33,1.717e+09,9.129e+09,7.01e+08,4.026e+09
TEL,2015-09-25,2015-11-10,2015-11-10,2984000000,968000000,355000000,1.04e+09,4.11e+08,1,4.11e+08,0.33,0.33,1.615e+09,9.585e+09,3.329e+09,4.403e+09
TEL,2015-12-25,2016-01-22,2016-01-22,2833000000,945000000,398000000,3.53e+08,3.9e+08,1,3.9e+08,0.33,0.33,1.7e+09,8.577e+09,2.223e+09,3.87e+09
TEL,2016-03-25,2016-04-21,2016-04-21,2952000000,962000000,535000000,3.8e+08,3.68e+08,1,3.68e+08,0.33,0.33,1.635e+09,7.406e+09,1.15e+09,3.884e+09
TEL,2016-06-24,2016-07-22,2016-07-22,3121000000,1022000000,452000000,8.39e+08,3.61e+08,1,3.61e+08,0.37,0.37,1.61e+09,8.265e+09,6.94e+08,4.036e+09
TEL,2016-09-30,2016-11-15,2016-11-15,3332000000,1104000000,517000000,4.37e+08,3.69e+08,1,3.69e+08,0.37,0.37,1.596e+09,8.485e+09,6.47e+08,4.401e+09
TEL,2016-12-30,2017-01-26,2017-01-26,3063000000,1065000000,486000000,4.09e+08,3.59e+08,1,3.59e+08,0.37,0.37,1.636e+09,8.837e+09,6.65e+08,4.028e+09
TEL,2017-03-31,2017-04-26,2017-04-26,3227000000,1108000000,473000000,4.05e+08,3.59e+08,1,3.59e+08,0.37,0.37,1.66e+09,8.753e+09,7.73e+08,3.952e+09
TEL,2017-06-30,2017-07-26,2017-07-26,3367000000,1138000000,536000000,4.35e+08,3.58e+08,1,3.58e+08,0.4,0.4,1.787e+09,9.141e+09,7.55e+08,3.991e+09
TEL,2017-09-29,2017-11-14,2017-11-14,3456000000,1139000000,552000000,4.34e+08,3.58e+08,1,3.58e+08,0.4,0.4,1.813e+09,9.751e+09,1.218e+09,5.054e+09
TEL,2017-12-29,2018-01-24,2018-01-24,3480000000,1177000000,581000000,-4e+07,3.52e+08,1,3.52e+08,0.4,0.4,1.984e+09,9.631e+09,7.04e+08,4.005e+09
TEL,2018-03-30,2018-04-25,2018-04-25,3745000000,1243000000,624000000,4.9e+08,3.54e+08,1,3.54e+08,0.4,0.4,2.045e+09,9.48e+09,5.59e+08,4.01e+09
TEL,2018-06-29,2018-07-26,2018-07-26,3764000000,1217000000,558000000,4.54e+08,3.52e+08,1,3.52e+08,0.44,0.44,1.961e+09,9.492e+09,7.7e+08,4.008e+09
TEL,2018-09-28,2018-11-13,2018-11-13,3509000000,1182000000,568000000,1.661e+09,3.53e+08,1,3.53e+08,0.43999999999999995,0.43999999999999995,1.857e+09,1.0831e+10,8.48e+08,4.963e+09
TEL,2018-12-28,2019-01-24,2019-01-24,3347000000,1114000000,484000000,2.76e+08,3.44e+08,1,3.44e+08,0.44,0.44,1.986e+09,1.0236e+10,5.05e+08,3.967e+09
TEL,2019-03-29,2019-04-26,2019-04-26,3412000000,1118000000,530000000,4.39e+08,3.4e+08,1,3.4e+08,0.44,0.44,1.97e+09,9.994e+09,5.65e+08,3.982e+09
TEL,2019-06-28,2019-07-26,2019-07-26,3389000000,1110000000,520000000,7.57e+08,3.39e+08,1,3.39e+08,0.46,0.46,1.961e+09,1.0622e+10,5.46e+08,4.036e+09
TEL,2019-09-27,2019-11-12,2019-11-12,3300000000,1052000000,444000000,3.72e+08,3.4e+08,1,3.4e+08,0.45999999999999996,0.45999999999999996,1.836e+09,1.057e+10,9.27e+08,3.965e+09
TEL,2019-12-27,2020-01-29,2020-01-29,3168000000,1030000000,471000000,2.6e+07,3.37e+08,1,3.37e+08,0.46,0.46,2.003e+09,1.0557e+10,7.42e+08,3.973e+09
TEL,2020-03-27,2020-05-04,2020-05-04,3195000000,1029000000,-415000000,-4.56e+08,3.34e+08,1,3.34e+08,0.46,0.46,2.001e+09,9.066e+09,7.96e+08,4.355e+09
TEL,2020-06-26,2020-07-30,2020-07-30,2548000000,707000000,134000000,-4.1e+07,3.3e+08,1,3.3e+08,0.48,0.48,2.227e+09,9.036e+09,4.74e+08,4.086e+09
TEL,2020-09-25,2020-11-10,2020-11-10,3261000000,969000000,347000000,2.3e+08,3.32e+08,1,3.32e+08,0.48,0.48,1.95e+09,9.383e+09,9.45e+08,4.146e+09
TEL,2020-12-25,2021-01-28,2021-01-28,3522000000,1146000000,448000000,3.81e+08,3.33e+08,1,3.33e+08,0.48,0.48,2.066e+09,9.861e+09,1.098e+09,4.201e+09
TEL,2021-03-26,2021-04-23,2021-04-23,3738000000,1210000000,612000000,5.06e+08,3.34e+08,1,3.34e+08,0.48,0.48,2.134e+09,9.669e+09,1.748e+09,4.521e+09
TEL,2021-06-25,2021-07-29,2021-07-29,3845000000,1268000000,714000000,5.8e+08,3.33e+08,1,3.33e+08,0.5,0.5,2.392e+09,1.0046e+10,1.416e+09,4.134e+09
TEL,2021-09-24,2021-11-09,2021-11-09,3818000000,1263000000,660000000,7.94e+08,3.33e+08,1,3.33e+08,0.5,0.5,2.511e+09,1.0634e+10,1.203e+09,4.092e+09
TEL,2021-12-24,2022-01-28,2022-01-28,3818000000,1230000000,672000000,5.66e+08,3.3e+08,1,3.3e+08,0.5,0.5,2.845e+09,1.102e+10,9.82e+08,3.998e+09
TEL,2022-03-25,2022-04-29,2022-04-29,4007000000,1337000000,705000000,5.6e+08,3.27e+08,1,3.27e+08,0.5,0.5,2.999e+09,1.0442e+10,7.49e+08,4.051e+09
TEL,2022-06-24,2022-07-29,2022-07-29,4097000000,1328000000,719000000,5.94e+08,3.24e+08,1,3.24e+08,0.56,0.56,3.028e+09,1.0434e+10,8.2e+08,4.202e+09
TEL,2022-09-30,2022-11-15,2022-11-15,4359000000,1349000000,660000000,7.08e+08,3.25e+08,1,3.25e+08,0.56,0.56,2.676e+09,1.0802e+10,1.088e+09,4.206e+09
TEL,2022-12-30,2023-01-27,2023-01-27,3841000000,1187000000,502000000,3.97e+08,3.19e+08,1,3.19e+08,0.56,0.56,2.927e+09,1.1364e+10,7.93e+08,4.218e+09
TEL,2023-03-31,2023-04-28,2023-04-28,4160000000,1284000000,537000000,4.33e+08,3.18e+08,1,3.18e+08,0.56,0.56,2.811e+09,1.102e+10,9.05e+08,4.202e+09
TEL,2023-06-30,2023-07-28,2023-07-28,3998000000,1299000000,630000000,5.28e+08,3.17e+08,1,3.17e+08,0.59,0.59,2.801e+09,1.1349e+10,1.131e+09,4.206e+09
TEL,2023-09-29,2023-11-13,2023-11-13,4035000000,1285000000,635000000,5.52e+08,3.17e+08,1,3.17e+08,0.5899999999999999,0.5899999999999999,2.552e+09,1.1551e+10,1.661e+09,4.211e+09
TEL,2023-12-29,2024-01-26,2024-01-26,3831000000,1324000000,698000000,1.803e+09,3.13e+08,1,3.13e+08,0.59,0.59,2.783e+09,1.3136e+10,1.17e+09,4.198e+09
TEL,2024-03-29,2024-04-26,2024-04-26,3967000000,1363000000,692000000,5.41e+08,3.1e+08,1,3.1e+08,0.59,0.59,2.744e+09,1.2449e+10,1.176e+09,4.196e+09
TEL,2024-06-28,2024-07-29,2024-07-29,3979000000,1386000000,755000000,5.73e+08,3.08e+08,1,3.08e+08,0.65,0.65,2.669e+09,1.2632e+10,1.469e+09,4.202e+09
TEL,2024-09-27,2024-11-12,2024-11-12,4068000000,1383000000,651000000,2.76e+08,3.09e+08,1,3.09e+08,0.6499999999999999,0.6499999999999999,2.517e+09,1.2355e+10,1.319e+09,4.203e+09
TEL,2024-12-27,2025-01-24,2025-01-24,3836000000,1360000000,690000000,5.28e+08,3.01e+08,1,3.01e+08,0.65,0.65,2.619e+09,1.2409e+10,1.254e+09,4.205e+09
TEL,2025-03-28,2025-04-28,2025-04-28,4143000000,1459000000,748000000,1.3e+07,3e+08,1,3e+08,0.65,0.65,2.603e+09,1.2085e+10,2.554e+09,5.614e+09
TEL,2025-06-27,2025-07-25,2025-07-25,4534000000,1600000000,857000000,6.38e+08,2.98e+08,1,2.98e+08,0.71,0.71,2.832e+09,1.2381e+10,6.72e+08,5.697e+09
KEYS,2014-01-31,2015-03-05,2015-03-05,671000000,372000000,91000000,7.4e+07,1.67e+08,1,1.67e+08,,,,,0,0
KEYS,2014-04-30,2015-06-04,2015-06-04,743000000,415000000,127000000,1.1e+08,1.67e+08,1,1.67e+08,,,,,0,0
KEYS,2014-07-31,2015-09-03,2015-09-03,757000000,414000000,121000000,1.07e+08,1.67e+08,1,1.67e+08,,,,,,0
KEYS,2014-10-31,2015-12-21,2015-12-21,762000000,419000000,130000000,1.01e+08,1.67e+08,1,1.67e+08,,,4.98e+08,7.69e+08,8.1e+08,1.099e+09
KEYS,2015-01-31,2015-03-05,2015-03-05,701000000,383000000,81000000,7e+07,1.7e+08,1,1.7e+08,,,4.77e+08,9.18e+08,8.87e+08,1.099e+09
KEYS,2015-04-30,2015-06-04,2015-06-04,740000000,416000000,128000000,9.6e+07,1.71e+08,1,1.71e+08,,,4.76e+08,1.036e+09,8.94e+08,1.099e+09
KEYS,2015-07-31,2015-09-03,2015-09-03,665000000,370000000,100000000,7e+07,1.72e+08,1,1.72e+08,,,4.78e+08,1.105e+09,1e+09,1.099e+09
KEYS,2015-10-31,2015-12-21,2015-12-21,750000000,418000000,122000000,2.77e+08,1.71e+08,1,1.71e+08,,,4.87e+08,1.302e+09,4.83e+08,1.099e+09
KEYS,2016-01-31,2016-03-04,2016-03-04,721000000,392000000,98000000,6.4e+07,1.72e+08,1,1.72e+08,,,4.81e+08,1.382e+09,5.72e+08,1.099e+09
KEYS,2016-04-30,2016-06-03,2016-06-03,731000000,406000000,95000000,8.8e+07,1.72e+08,1,1.72e+08,,,4.75e+08,1.5e+09,6.2e+08,1.1e+09
KEYS,2016-07-31,2016-09-02,2016-09-02,715000000,406000000,106000000,9.1e+07,1.72e+08,1,1.72e+08,,,4.79e+08,1.597e+09,6.64e+08,1.1e+09
KEYS,2016-10-31,2016-12-19,2016-12-19,751000000,420000000,107000000,9.2e+07,1.72e+08,1,1.72e+08,,,4.74e+08,1.513e+09,7.83e+08,1.1e+09
KEYS,2017-01-31,2017-02-28,2017-02-28,726000000,404000000,162000000,1.09e+08,1.73e+08,1,1.73e+08,,,4.79e+08,1.648e+09,8.96e+08,1.093e+09
KEYS,2017-04-30,2017-06-07,2017-06-07,758000000,418000000,42000000,4.9e+07,1.79e+08,1,1.79e+08,,,5.85e+08,2.172e+09,1.023e+09,2.216e+09
KEYS,2017-07-31,2017-09-06,2017-09-06,863000000,442000000,-4000000,-1.8e+07,1.86e+08,1,1.86e+08,,,5.61e+08,2.219e+09,8.76e+08,2.127e+09
KEYS,2017-10-31,2017-12-20,2017-12-20,842000000,438000000,39000000,-3.8e+07,1.82e+08,1,1.82e+08,,,5.88e+08,2.31e+09,8.18e+08,2.058e+09
KEYS,2018-01-31,2018-03-08,2018-03-08,856000000,446000000,-5000000,9.4e+07,1.89e+08,1,1.89e+08,,,6.09e+08,2.484e+09,9.8e+08,2.068e+09
KEYS,2018-04-30,2018-06-05,2018-06-05,999000000,552000000,100000000,6.4e+07,1.9e+08,1,1.9e+08,,,5.97e+08,2.523e+09,7.84e+08,1.789e+09
KEYS,2018-07-31,2018-08-31,2018-08-31,1008000000,569000000,128000000,1.21e+08,1.91e+08,1,1.91e+08,,,6.09e+08,2.613e+09,7.42e+08,1.79e+09
KEYS,2018-10-31,2018-12-18,2018-12-18,1015000000,555000000,-569000000,-1.14e+08,1.91e+08,1,1.91e+08,,,6.19e+08,2.433e+09,9.13e+08,1.79e+09
KEYS,2019-01-31,2019-03-05,2019-03-05,1006000000,578000000,121000000,1.14e+08,1.9e+08,1,1.9e+08,,,6.41e+08,2.658e+09,1.098e+09,1.79e+09
KEYS,2019-04-30,2019-05-30,2019-05-30,1090000000,648000000,185000000,1.53e+08,1.91e+08,1,1.91e+08,,,6.6e+08,2.798e+09,1.277e+09,1.792e+09
KEYS,2019-07-31,2019-08-30,2019-08-30,1087000000,643000000,197000000,1.59e+08,1.91e+08,1,1.91e+08,,,6.96e+08,2.938e+09,1.394e+09,1.792e+09
KEYS,2019-10-31,2019-12-18,2019-12-18,1120000000,665000000,208000000,1.95e+08,1.91e+08,1,1.91e+08,,,7.05e+08,3.004e+09,1.598e+09,1.788e+09
KEYS,2020-01-31,2020-03-05,2020-03-05,1095000000,655000000,203000000,1.63e+08,1.91e+08,1,1.91e+08,,,7.37e+08,3.127e+09,1.691e+09,1.788e+09
KEYS,2020-04-30,2020-06-02,2020-06-02,895000000,516000000,102000000,7.1e+07,1.89e+08,1,1.89e+08,,,7.56e+08,3.085e+09,1.841e+09,1.788e+09
KEYS,2020-07-31,2020-09-01,2020-09-01,1011000000,606000000,182000000,1.76e+08,1.9e+08,1,1.9e+08,,,7.78e+08,3.354e+09,1.697e+09,1.789e+09
KEYS,2020-10-31,2020-12-17,2020-12-17,1220000000,756000000,278000000,2.17e+08,1.89e+08,1,1.89e+08,,,7.57e+08,3.297e+09,1.756e+09,1.789e+09
KEYS,2021-01-31,2021-03-03,2021-03-03,1180000000,707000000,212000000,1.72e+08,1.88e+08,1,1.88e+08,,,7.6e+08,3.536e+09,1.887e+09,1.79e+09
KEYS,2021-04-30,2021-05-28,2021-05-28,1221000000,737000000,235000000,1.86e+08,1.87e+08,1,1.87e+08,,,7.74e+08,3.545e+09,1.993e+09,1.79e+09
KEYS,2021-07-31,2021-08-31,2021-08-31,1246000000,788000000,284000000,2.54e+08,1.86e+08,1,1.86e+08,,,7.7e+08,3.75e+09,2.153e+09,1.791e+09
KEYS,2021-10-31,2021-12-17,2021-12-17,1294000000,837000000,349000000,2.82e+08,1.87e+08,1,1.87e+08,,,7.77e+08,3.784e+09,2.052e+09,1.791e+09
KEYS,2022-01-31,2022-03-01,2022-03-01,1250000000,804000000,271000000,2.29e+08,1.84e+08,1,1.84e+08,,,8.04e+08,3.81e+09,1.977e+09,1.791e+09
KEYS,2022-04-30,2022-06-01,2022-06-01,1351000000,859000000,327000000,2.58e+08,1.83e+08,1,1.83e+08,,,8.1e+08,3.779e+09,1.886e+09,1.792e+09
KEYS,2022-07-31,2022-08-30,2022-08-30,1376000000,877000000,357000000,3.38e+08,1.81e+08,1,1.81e+08,,,8.37e+08,3.92e+09,1.847e+09,1.792e+09
KEYS,2022-10-31,2022-12-15,2022-12-15,1443000000,910000000,379000000,2.99e+08,1.82e+08,1,1.82e+08,,,8.58e+08,4.161e+09,2.042e+09,1.793e+09
KEYS,2023-01-31,2023-03-03,2023-03-03,1381000000,883000000,322000000,2.6e+08,1.8e+08,1,1.8e+08,,,9.09e+08,4.404e+09,2.228e+09,1.793e+09
KEYS,2023-04-30,2023-05-31,2023-05-31,1390000000,909000000,354000000,2.83e+08,1.79e+08,1,1.79e+08,,,9.48e+08,4.705e+09,2.498e+09,1.793e+09
KEYS,2023-07-31,2023-08-30,2023-08-30,1382000000,896000000,365000000,2.88e+08,1.79e+08,1,1.79e+08,,,9.75e+08,4.897e+09,2.572e+09,1.794e+09
KEYS,2023-10-31,2023-12-15,2023-12-15,1311000000,844000000,317000000,2.26e+08,1.79e+08,1,1.79e+08,,,9.85e+08,4.654e+09,2.472e+09,2.393e+09
KEYS,2024-01-31,2024-03-05,2024-03-05,1259000000,813000000,221000000,1.72e+08,1.76e+08,1,1.76e+08,,,1.024e+09,4.817e+09,1.745e+09,2.426e+09
KEYS,2024-04-30,2024-05-31,2024-05-31,1216000000,763000000,177000000,1.26e+08,1.75e+08,1,1.75e+08,,,1.02e+09,4.903e+09,1.657e+09,2.395e+09
KEYS,2024-07-31,2024-08-29,2024-08-29,1217000000,755000000,205000000,3.89e+08,1.75e+08,1,1.75e+08,,,1.026e+09,5.23e+09,1.632e+09,2.396e+09
KEYS,2024-10-31,2024-12-17,2024-12-17,1287000000,802000000,230000000,-7.3e+07,1.75e+08,1,1.75e+08,,,1.022e+09,5.105e+09,1.796e+09,1.79e+09
KEYS,2025-01-31,2025-03-06,2025-03-06,1298000000,820000000,218000000,1.69e+08,1.74e+08,1,1.74e+08,,,1.039e+09,5.187e+09,2.06e+09,1.79e+09
KEYS,2025-04-30,2025-06-03,2025-06-03,1306000000,814000000,207000000,2.57e+08,1.73e+08,1,1.73e+08,,,1.026e+09,5.477e+09,3.118e+09,2.532e+09
KEYS,2025-07-31,2025-08-29,2025-08-29,1352000000,834000000,234000000,1.91e+08,1.73e+08,1,1.73e+08,,,1.021e+09,5.67e+09,2.636e+09,2.533e+09
ACN,2008-11-30,2009-12-18,2009-12-18,6470608000,1887808000,814772000,4.79866e+08,7.97586e+08,1,7.97586e+08,0.5,0.5,,,2.78296e+09,0
ACN,2009-02-28,2010-03-26,2010-03-26,5657563000,1622325000,677467000,4.11436e+08,7.87148e+08,1,7.87148e+08,0.0,0.0,,,2.978e+09,0
ACN,2009-05-31,2010-06-25,2010-06-25,5537348000,1670627000,732040000,4.43969e+08,7.84047e+08,1,7.84047e+08,,,,,4.00246e+09,0
ACN,2009-08-31,2010-10-26,2010-10-26,5505449000,1660354000,419586000,2.54692e+08,7.80116e+08,1,7.80116e+08,,,,2.83522e+09,4.54957e+09,594000
ACN,2009-11-30,2009-12-18,2009-12-18,5747687000,1783954000,746408000,4.44817e+08,7.73696e+08,1,7.73696e+08,0.75,0.75,,2.80927e+09,4.00512e+09,1.734e+06
ACN,2010-02-28,2010-03-26,2010-03-26,5537823000,1690331000,650973000,3.9976e+08,7.68453e+08,1,7.68453e+08,0.0,0.0,,2.9595e+09,4.12207e+09,206000
ACN,2010-05-31,2010-06-25,2010-06-25,5975495000,1931650000,803830000,4.90597e+08,7.66597e+08,1,7.66597e+08,0.375,0.375,,2.99663e+09,4.3202e+09,573000
ACN,2010-08-31,2010-10-26,2010-10-26,5833073000,1844812000,713634000,4.45482e+08,7.58134e+08,1,7.58134e+08,0.0,0.0,,2.83575e+09,4.84128e+09,143000
ACN,2010-11-30,2010-12-20,2010-12-20,6478193000,1944480000,826935000,5.34714e+08,7.42961e+08,1,7.42961e+08,0.45,0.45,,2.9094e+09,4.16362e+09,332000
ACN,2011-02-28,2011-03-25,2011-03-25,6496293000,1917224000,771577000,5.03017e+08,7.42852e+08,1,7.42852e+08,,,,3.59291e+09,4.68274e+09,422000
ACN,2011-05-31,2011-06-24,2011-06-24,7204355000,2309628000,949416000,6.28013e+08,7.45503e+08,1,7.45503e+08,0.45,0.45,,3.7138e+09,5.26135e+09,4.621e+06
ACN,2011-08-31,2011-10-21,2011-10-21,7174073000,2215387000,922529000,6.11933e+08,7.3834e+08,1,7.3834e+08,,,,3.87895e+09,5.70601e+09,4.419e+06
ACN,2011-11-30,2011-12-20,2011-12-20,7589108000,2251540000,981138000,6.42086e+08,7.30114e+08,1,7.30114e+08,0.675,0.675,,3.76636e+09,5.09654e+09,4.762e+06
ACN,2012-02-28,2012-10-30,2012-10-30,7259828000,2116366000,889299000,6.43923e+08,7.29443e+08,1,7.29443e+08,,,,,,0
ACN,2012-02-29,2012-03-23,2012-03-23,7259828000,2116366000,889299000,6.43923e+08,7.29037e+08,1,7.29037e+08,0.0,0.0,,4.46855e+09,5.57185e+09,4.653e+06
ACN,2012-05-31,2012-06-29,2012-06-29,7640790000,2370905000,1060761000,6.89219e+08,7.28876e+08,1,7.28876e+08,0.675,0.675,,4.106e+09,5.6309e+09,5.381e+06
ACN,2012-08-31,2012-10-30,2012-10-30,7288259000,2248890000,940350000,5.78282e+08,7.17827e+08,1,7.17827e+08,0.0,0.0,,4.14583e+09,6.64279e+09,11000
ACN,2012-11-30,2012-12-20,2012-12-20,7668036000,2366193000,1048674000,6.98817e+08,7.16368e+08,1,7.16368e+08,0.81,0.81,,4.50663e+09,5.68124e+09,13000
ACN,2013-02-28,2013-03-28,2013-03-28,7493320000,2230363000,1164532000,1.1018e+09,7.14808e+08,1,7.14808e+08,0.0,0.0,,5.45235e+09,5.63649e+09,13000
ACN,2013-05-31,2013-06-28,2013-06-28,7707935000,2438019000,1141971000,8.10258e+08,7.14984e+08,1,7.14984e+08,0.81,0.81,,5.32487e+09,5.94057e+09,0
ACN,2013-08-31,2013-10-29,2013-10-29,7524994000,2349600000,983503000,6.71001e+08,7.06256e+08,1,7.06256e+08,0.0,0.0,,4.96019e+09,5.63441e+09,0
ACN,2013-11-30,2013-12-19,2013-12-19,7799696000,2449347000,1091099000,7.51846e+08,6.97975e+08,1,6.97975e+08,0.93,0.93,,4.92783e+09,4.52979e+09,0
ACN,2014-02-28,2014-03-27,2014-03-27,7567483000,2230142000,951282000,6.713e+08,6.9321e+08,1,6.9321e+08,0.0,0.0,,5.27232e+09,3.68298e+09,167000
ACN,2014-05-31,2014-06-26,2014-06-26,8240180000,2536357000,1178766000,8.17336e+08,6.91038e+08,1,6.91038e+08,0.93,0.93,,5.60363e+09,4.05155e+09,139000
ACN,2014-08-31,2014-10-24,2014-10-24,8267319000,2468620000,1079365000,7.01016e+08,6.88345e+08,1,6.88345e+08,0.0,0.0,,5.73204e+09,4.92391e+09,330000
ACN,2014-11-30,2014-12-18,2014-12-18,8343257000,2539290000,1187709000,8.3153e+08,6.82333e+08,1,6.82333e+08,1.02,1.02,,5.4815e+09,4.47481e+09,4000
ACN,2015-02-28,2015-03-26,2015-03-26,7931590000,2240639000,1021033000,6.90726e+08,6.79165e+08,1,6.79165e+08,0.0,0.0,,5.99085e+09,4.06402e+09,191000
ACN,2015-05-31,2015-06-25,2015-06-25,8275066000,2524905000,1133519000,7.93697e+08,6.77826e+08,1,6.77826e+08,1.02,1.02,,5.91121e+09,4.02857e+09,1000
ACN,2015-08-31,2015-10-30,2015-10-30,8364511000,2504405000,1093608000,7.37628e+08,6.75749e+08,1,6.75749e+08,0.0,0.0,,6.13372e+09,4.36321e+09,1.848e+06
ACN,2015-11-30,2015-12-17,2015-12-17,8465984000,2562519000,1221260000,8.18899e+08,6.71301e+08,1,6.71301e+08,1.1,1.1,,5.90042e+09,3.07592e+09,1.848e+06
ACN,2016-02-29,2016-03-24,2016-03-24,8397053000,2369816000,1088044000,1.32652e+09,6.68125e+08,1,6.68125e+08,0.0,0.0,,6.81166e+09,3.03748e+09,1.784e+06
ACN,2016-05-31,2016-06-23,2016-06-23,8969044000,2689552000,1305943000,8.97247e+08,6.66403e+08,1,6.66403e+08,1.1,1.1,,7.12732e+09,3.50075e+09,2.072e+06
ACN,2016-08-31,2016-10-28,2016-10-28,8965580000,2655540000,1195198000,1.06923e+09,6.65365e+08,1,6.65365e+08,0.0,0.0,,7.55526e+09,4.90848e+09,2.773e+06
ACN,2016-11-30,2016-12-21,2016-12-21,9005603000,2730032000,1331959000,1.00448e+09,6.63753e+08,1,6.63753e+08,1.21,1.21,,7.41709e+09,4.07957e+09,2.773e+06
ACN,2017-02-28,2017-03-23,2017-03-23,8762182000,2504156000,1138653000,8.38752e+08,6.61079e+08,1,6.61079e+08,0.0,0.0,,7.96424e+09,3.24136e+09,2.944e+06
ACN,2017-05-31,2017-06-22,2017-06-22,9356787000,2909631000,865435000,6.69468e+08,6.5877e+08,1,6.5877e+08,1.21,1.21,,8.16736e+09,3.38485e+09,2.942e+06
ACN,2017-08-31,2017-10-26,2017-10-26,9640906000,2886673000,1296562000,9.32453e+08,6.58384e+08,1,6.58384e+08,0.0,0.0,,8.94948e+09,4.12987e+09,2.907e+06
ACN,2017-11-30,2017-12-21,2017-12-21,10054493000,3052260000,1485880000,1.12366e+09,6.56671e+08,1,6.56671e+08,1.33,1.33,,9.10213e+09,3.68239e+09,2.979e+06
ACN,2018-02-28,2018-03-22,2018-03-22,10067832000,2848394000,1282764000,8.63703e+08,6.56119e+08,1,6.56119e+08,0.0,0.0,,9.68269e+09,3.5985e+09,2.914e+06
ACN,2018-05-31,2018-06-28,2018-06-28,10838854000,3319128000,1619726000,1.04302e+09,6.546e+08,1,6.546e+08,1.33,1.33,,9.79732e+09,3.93211e+09,2.84e+06
ACN,2018-08-31,2018-10-24,2018-10-24,10642249000,3223131000,1452671000,1.02952e+09,6.53961e+08,1,6.53961e+08,0.0,0.0,,1.03648e+10,5.06455e+09,5.337e+06
ACN,2018-11-30,2018-12-20,2018-12-20,10605546000,3297425000,1629012000,1.27472e+09,6.52151e+08,1,6.52151e+08,1.46,1.46,,1.26789e+10,4.36691e+09,4.727e+06
ACN,2019-02-28,2019-03-28,2019-03-28,10454129000,3054349000,1386626000,1.12445e+09,6.49171e+08,1,6.49171e+08,0.0,0.0,,1.3337e+10,4.468e+09,4.365e+06
ACN,2019-05-31,2019-06-27,2019-06-27,11099688000,3528298000,1717943000,1.24952e+09,6.49298e+08,1,6.49298e+08,1.46,1.46,,1.37373e+10,4.7725e+09,4.137e+06
ACN,2019-08-31,2019-10-29,2019-10-29,11055650000,3434616000,1571493000,1.13043e+09,6.50523e+08,1,6.50523e+08,0.0,0.0,,1.4409e+10,6.13017e+09,6.411e+06
ACN,2019-11-30,2019-12-19,2019-12-19,11358958000,3647759000,1767263000,1.35697e+09,6.49389e+08,1,6.49389e+08,0.8,0.8,,1.51671e+10,5.81384e+09,3.698e+06
ACN,2020-02-29,2020-03-19,2020-03-19,11141505000,3359171000,1488945000,1.23474e+09,6.48834e+08,1,6.48834e+08,0.8,0.8,,1.54746e+10,5.4401e+09,6.697e+06
ACN,2020-05-31,2020-06-25,2020-06-25,10991305000,3528688000,1712733000,1.2282e+09,6.45608e+08,1,6.45608e+08,0.8,0.8,,1.60146e+10,6.44594e+09,8.697e+06
ACN,2020-08-31,2020-10-22,2020-10-22,10835271000,3440540000,1544703000,1.28793e+09,6.47867e+08,1,6.47867e+08,0.7999999999999998,0.7999999999999998,,1.70005e+10,8.50964e+09,7.82e+06
ACN,2020-11-30,2020-12-17,2020-12-17,11762185000,3898296000,1890669000,1.50028e+09,6.4688e+08,1,6.4688e+08,0.88,0.88,,1.79065e+10,8.67715e+09,8.925e+06
ACN,2021-02-28,2021-03-18,2021-03-18,12088125000,3595232000,1653515000,1.44086e+09,6.46322e+08,1,6.46322e+08,0.88,0.88,,1.8308e+10,9.1701e+09,9.04e+06
ACN,2021-05-31,2021-06-24,2021-06-24,13263795000,4404384000,2118656000,1.54943e+09,6.45454e+08,1,6.45454e+08,0.88,0.88,,1.93428e+10,1.00138e+10,9.157e+06
ACN,2021-08-31,2021-10-15,2021-10-15,13419284000,4466216000,1958689000,1.41625e+09,6.45288e+08,1,6.45288e+08,0.8799999999999999,0.8799999999999999,,1.95295e+10,8.17247e+09,1.208e+07
ACN,2021-11-30,2021-12-16,2021-12-16,14965153000,4916789000,2434294000,1.79102e+09,6.44923e+08,1,6.44923e+08,0.97,0.97,,2.03532e+10,5.64408e+09,9.089e+06
ACN,2022-02-28,2022-03-17,2022-03-17,15046693000,4523959000,2061580000,1.63494e+09,6.44127e+08,1,6.44127e+08,0.97,0.97,,2.056e+10,5.47215e+09,9.092e+06
ACN,2022-05-31,2022-06-23,2022-06-23,16158803000,5314734000,2603118000,1.78608e+09,6.41005e+08,1,6.41005e+08,0.97,0.97,,2.13891e+10,6.70789e+09,8.768e+06
ACN,2022-08-31,2022-10-12,2022-10-12,15423656000,4946057000,2268189000,1.66513e+09,6.40915e+08,1,6.40915e+08,0.9699999999999998,0.9699999999999998,,2.21061e+10,7.89381e+09,9.175e+06
ACN,2022-11-30,2022-12-16,2022-12-16,15747802000,5186142000,2593100000,1.96495e+09,6.38767e+08,1,6.38767e+08,1.12,1.12,,2.29746e+10,5.9038e+09,9.43e+06
ACN,2023-02-28,2023-03-23,2023-03-23,15814158000,4834766000,1944581000,1.52365e+09,6.37735e+08,1,6.37735e+08,1.12,1.12,,2.37626e+10,6.24298e+09,1.0815e+07
ACN,2023-05-31,2023-06-22,2023-06-22,16564585000,5529070000,2359288000,2.01e+09,6.38743e+08,1,6.38743e+08,1.12,1.12,,2.53324e+10,8.53993e+09,1.0389e+07
ACN,2023-08-31,2023-10-12,2023-10-12,15985200000,5181629000,1912920000,1.37296e+09,6.39249e+08,1,6.39249e+08,1.12,1.12,,2.56928e+10,9.04961e+09,1.0481e+08
ACN,2023-11-30,2023-12-19,2023-12-19,16224303000,5447941000,2564887000,1.97344e+09,6.37398e+08,1,6.37398e+08,1.29,1.29,,2.66768e+10,7.14544e+09,1.04819e+08
ACN,2024-02-29,2024-03-21,2024-03-21,15799514000,4878469000,2046427000,1.67486e+09,6.36798e+08,1,6.36798e+08,1.29,1.29,,2.71229e+10,5.12565e+09,1.11141e+08
ACN,2024-05-31,2024-06-20,2024-06-20,16466828000,5498451000,2630865000,1.93218e+09,6.35608e+08,1,6.35608e+08,1.29,1.29,,2.77445e+10,5.5421e+09,1.61002e+09
ACN,2024-08-31,2024-10-10,2024-10-10,16405819000,5337456000,2353668000,1.6843e+09,6.33883e+08,1,6.33883e+08,1.29,1.29,,2.82886e+10,5.00986e+09,9.46229e+08
ACN,2024-11-30,2024-12-19,2024-12-19,17689545000,5822829000,2948477000,2.27889e+09,6.34656e+08,1,6.34656e+08,1.48,1.48,,2.91905e+10,8.3112e+09,9.9446e+07
ACN,2025-02-28,2025-03-20,2025-03-20,16659301000,4974988000,2244714000,1.78808e+09,6.34212e+08,1,6.34212e+08,1.48,1.48,,2.92461e+10,8.4955e+09,9.9951e+07
ACN,2025-05-31,2025-06-20,2025-06-20,17727871000,5826650000,2982782000,2.1975e+09,6.30457e+08,1,6.30457e+08,1.48,1.48,,3.05547e+10,9.6374e+09,9.9553e+07
CTSH,2008-06-30,2009-08-07,2009-08-07,685427000,,119678000,1.03856e+08,2.99332e+08,2,5.98664e+08,,,,,5.21193e+08,0
CTSH,2008-09-30,2009-11-06,2009-11-06,734726000,,142631000,1.12828e+08,2.99805e+08,2,5.9961e+08,,,,,5.69262e+08,0
CTSH,2009-03-31,2010-05-07,2010-05-07,745862000,,138130000,1.13132e+08,2.97993e+08,2,5.95986e+08,,,,,7.58568e+08,0
CTSH,2009-06-30,2009-08-07,2009-08-07,776592000,,151670000,1.41255e+08,2.99272e+08,2,5.98544e+08,,,,2.2677e+09,9.83172e+08,0
CTSH,2009-09-30,2009-11-06,2009-11-06,853488000,,161782000,1.36572e+08,3.02582e+08,2,6.05164e+08,,,,2.43622e+09,1.1827e+09,0
CTSH,2009-12-31,2011-02-23,2011-02-23,902721000,,166908000,1.44004e+08,3.01115e+08,2,6.0223e+08,,,,2.65318e+09,1.39933e+09,0
CTSH,2010-03-31,2010-05-07,2010-05-07,959720000,,183017000,1.515e+08,3.06664e+08,2,6.13328e+08,,,,2.88637e+09,1.43388e+09,0
CTSH,2010-06-30,2010-08-06,2010-08-06,1105154000,,205915000,1.72175e+08,3.08487e+08,2,6.16974e+08,,,,3.04089e+09,1.652e+09,0
CTSH,2010-09-30,2010-11-03,2010-11-03,1216913000,,228299000,2.03699e+08,3.09619e+08,2,6.19238e+08,,,,3.36718e+09,1.92882e+09,0
CTSH,2010-12-31,2011-02-23,2011-02-23,1310602000,,244621000,2.06166e+08,3.09137e+08,2,6.18274e+08,,,,3.58443e+09,2.22639e+09,0
CTSH,2011-03-31,2011-05-05,2011-05-05,1371253000,,265365000,2.08327e+08,3.11803e+08,2,6.23606e+08,,,,3.76419e+09,2.16812e+09,0
CTSH,2011-06-30,2011-08-04,2011-08-04,1485242000,,269958000,2.08045e+08,3.11477e+08,2,6.22954e+08,,,,3.95185e+09,2.26941e+09,0
CTSH,2011-09-30,2011-11-04,2011-11-04,1600954000,,293002000,2.27119e+08,3.09297e+08,2,6.18594e+08,,,,3.93952e+09,2.29128e+09,0
CTSH,2011-12-31,2012-02-27,2012-02-27,1663707000,,308143000,2.40127e+08,3.10351e+08,2,6.20702e+08,,,,3.95289e+09,2.43226e+09,0
CTSH,2012-03-31,2012-05-09,2012-05-09,1711349000,,317899000,2.43651e+08,3.09208e+08,2,6.18416e+08,,,,4.36725e+09,2.4912e+09,0
CTSH,2012-06-30,2012-08-06,2012-08-06,1795220000,,331958000,2.51932e+08,3.07326e+08,2,6.14652e+08,,,,4.09233e+09,2.34614e+09,0
CTSH,2012-09-30,2012-11-08,2012-11-08,1891688000,,355386000,2.76901e+08,3.03132e+08,2,6.06264e+08,,,,4.57237e+09,2.63175e+09,0
CTSH,2012-12-31,2013-02-26,2013-02-26,1948215000,,356253000,2.78779e+08,3.05861e+08,2,6.11722e+08,,,,4.85438e+09,2.86376e+09,0
CTSH,2013-03-31,2013-05-09,2013-05-09,2020738000,,365907000,2.84209e+08,3.05176e+08,2,6.10352e+08,,,,5.21593e+09,2.74445e+09,0
CTSH,2013-06-30,2013-08-07,2013-08-07,2161240000,,426803000,3.0041e+08,3.04446e+08,2,6.08892e+08,,,,5.32375e+09,2.90057e+09,0
CTSH,2013-09-30,2013-11-06,2013-11-06,2305723000,,437359000,3.19627e+08,3.04275e+08,2,6.0855e+08,,,,5.64828e+09,3.3606e+09,0
CTSH,2013-12-31,2014-02-25,2014-02-25,2355488000,,447841000,3.24332e+08,3.05428e+08,2,6.10856e+08,,,,6.13579e+09,3.74747e+09,0
CTSH,2014-03-31,2014-05-08,2014-05-08,2422348000,,460036000,3.48878e+08,6.12897e+08,1,6.12897e+08,,,,6.62296e+09,3.86498e+09,0
CTSH,2014-06-30,2014-08-07,2014-08-07,2517094000,,487921000,3.71908e+08,6.12162e+08,1,6.12162e+08,,,,6.99083e+09,4.12922e+09,0
CTSH,2014-09-30,2014-11-06,2014-11-06,2581009000,,457513000,3.55624e+08,6.12123e+08,1,6.12123e+08,,,,7.38171e+09,4.61848e+09,0
CTSH,2014-12-31,2015-02-27,2015-02-27,2742230000,,479408000,3.62857e+08,6.12489e+08,1,6.12489e+08,,,,7.74022e+09,3.77473e+09,1.6875e+09
CTSH,2015-03-31,2015-05-04,2015-05-04,2911400000,,500300000,3.829e+08,6.139e+08,1,6.139e+08,,,,8.1785e+09,3.3498e+09,1.075e+09
CTSH,2015-06-30,2015-08-06,2015-08-06,3085100000,,545500000,4.201e+08,6.139e+08,1,6.139e+08,,,,8.5408e+09,3.5665e+09,1.0625e+09
CTSH,2015-09-30,2015-11-05,2015-11-05,3187000000,,542800000,3.972e+08,6.127e+08,1,6.127e+08,,,,8.827e+09,4.0507e+09,9.5e+08
CTSH,2015-12-31,2016-02-25,2016-02-25,3232500000,,553400000,4.234e+08,6.133e+08,1,6.133e+08,,,,9.2781e+09,4.9495e+09,1.3438e+09
CTSH,2016-03-31,2016-05-06,2016-05-06,3202000000,,554000000,4.412e+08,6.118e+08,1,6.118e+08,,,,9.6123e+09,4.4517e+09,1.0209e+09
CTSH,2016-06-30,2016-08-05,2016-08-05,3369900000,,590900000,2.524e+08,6.088e+08,1,6.088e+08,0.0,0.0,,9.8629e+09,4.4812e+09,9.088e+08
CTSH,2016-09-30,2016-11-07,2016-11-07,3453200000,,583400000,4.444e+08,6.085e+08,1,6.085e+08,0.0,0.0,,1.02923e+10,4.8586e+09,8.966e+08
CTSH,2016-12-31,2017-03-01,2017-03-01,3462000000,,561000000,4.16e+08,6.1e+08,1,6.1e+08,,,,1.0728e+10,5.169e+09,9.62e+08
CTSH,2017-03-31,2017-05-05,2017-05-05,3546000000,,570000000,5.57e+08,6.07e+08,1,6.07e+08,0.0,0.0,,9.983e+09,4.274e+09,1.209e+09
CTSH,2017-06-30,2017-08-03,2017-08-03,3670000000,,606000000,4.7e+08,5.91e+08,1,5.91e+08,0.15,0.15,,1.0483e+10,4.378e+09,9.91e+08
CTSH,2017-09-30,2017-11-01,2017-11-01,3766000000,,648000000,4.95e+08,5.92e+08,1,5.92e+08,0.15,0.15,,1.0979e+10,4.713e+09,8.23e+08
CTSH,2017-12-31,2018-02-27,2018-02-27,3828000000,,657000000,-1.8e+07,5.95e+08,1,5.95e+08,0.15,0.15,,1.0669e+10,5.056e+09,9.75e+08
CTSH,2018-03-31,2018-05-07,2018-05-07,3912000000,1511000000.0,693000000,5.2e+08,5.89e+08,1,5.89e+08,0.2,0.2,,1.0988e+10,4.83e+09,7.73e+08
CTSH,2018-06-30,2018-08-02,2018-08-02,4006000000,1589000000.0,670000000,4.56e+08,5.86e+08,1,5.86e+08,0.2,0.2,,1.0648e+10,4.247e+09,7.49e+08
CTSH,2018-09-30,2018-10-30,2018-10-30,4078000000,1598000000.0,745000000,4.77e+08,5.8e+08,1,5.8e+08,0.2,0.2,,1.0978e+10,4.763e+09,7.24e+08
CTSH,2018-12-31,2019-02-19,2019-02-19,4129000000,1589000000.0,693000000,6.48e+08,5.84e+08,1,5.84e+08,,,,1.1424e+10,4.511e+09,7.59e+08
CTSH,2019-03-31,2019-05-03,2019-05-03,4110000000,1535000000.0,539000000,4.41e+08,5.75e+08,1,5.75e+08,,,,1.1136e+10,3.668e+09,7.46e+08
CTSH,2019-06-30,2019-08-01,2019-08-01,4141000000,1512000000.0,619000000,5.09e+08,5.64e+08,1,5.64e+08,,,,1.0557e+10,3.003e+09,7.46e+08
CTSH,2019-09-30,2019-10-31,2019-10-31,4248000000,1567000000.0,669000000,4.97e+08,5.51e+08,1,5.51e+08,,,,1.0702e+10,3.077e+09,7.47e+08
CTSH,2019-12-31,2020-02-14,2020-02-14,4284000000,1535000000.0,626000000,3.95e+08,5.6e+08,1,5.6e+08,,,,1.1022e+10,3.424e+09,7.38e+08
CTSH,2020-03-31,2020-05-08,2020-05-08,4225000000,1478000000.0,579000000,3.67e+08,5.46e+08,1,5.46e+08,0.22,0.22,,1.0613e+10,4.282e+09,2.468e+09
CTSH,2020-06-30,2020-07-30,2020-07-30,4000000000,1385000000.0,467000000,3.61e+08,5.41e+08,1,5.41e+08,0.22,0.22,,1.0972e+10,4.582e+09,2.459e+09
CTSH,2020-09-30,2020-10-29,2020-10-29,4243000000,1596000000.0,603000000,3.48e+08,5.43e+08,1,5.43e+08,0.22,0.22,,1.114e+10,4.575e+09,2.45e+09
CTSH,2020-12-31,2021-02-12,2021-02-12,4184000000,1522000000.0,465000000,3.16e+08,5.41e+08,1,5.41e+08,0.21999999999999997,0.21999999999999997,,1.0836e+10,2.724e+09,7.01e+08
CTSH,2021-03-31,2021-05-06,2021-05-06,4401000000,1637000000.0,669000000,5.05e+08,5.31e+08,1,5.31e+08,0.24,0.24,,1.1037e+10,2.158e+09,6.92e+08
CTSH,2021-06-30,2021-07-29,2021-07-29,4585000000,1722000000.0,696000000,5.12e+08,5.28e+08,1,5.28e+08,0.24,0.24,,1.1205e+10,1.85e+09,6.83e+08
CTSH,2021-09-30,2021-10-28,2021-10-28,4744000000,1797000000.0,729000000,5.44e+08,5.26e+08,1,5.26e+08,0.24,0.24,,1.1546e+10,2.413e+09,6.74e+08
CTSH,2021-12-31,2022-02-16,2022-02-16,4777000000,1747000000.0,732000000,5.76e+08,5.28e+08,1,5.28e+08,0.24,0.24,,1.1991e+10,2.719e+09,6.64e+08
CTSH,2022-03-31,2022-05-05,2022-05-05,4826000000,1729000000.0,724000000,5.63e+08,5.25e+08,1,5.25e+08,0.27,0.27,,1.1973e+10,2.319e+09,6.55e+08
CTSH,2022-06-30,2022-07-28,2022-07-28,4906000000,1787000000.0,760000000,5.77e+08,5.21e+08,1,5.21e+08,0.27,0.27,,1.195e+10,2.32e+09,6.46e+08
CTSH,2022-09-30,2022-11-03,2022-11-03,4857000000,1777000000.0,798000000,6.29e+08,5.17e+08,1,5.17e+08,0.27,0.27,,1.1958e+10,2.731e+09,6.36e+08
CTSH,2022-12-31,2023-02-15,2023-02-15,4839000000,1687000000.0,686000000,5.21e+08,5.19e+08,1,5.19e+08,0.27,0.27,,1.2309e+10,2.501e+09,6.46e+08
CTSH,2023-03-31,2023-05-04,2023-05-04,4812000000,1669000000.0,702000000,5.8e+08,5.09e+08,1,5.09e+08,0.29,0.29,,1.2661e+10,2.481e+09,6.46e+08
CTSH,2023-06-30,2023-08-03,2023-08-03,4886000000,1655000000.0,577000000,4.63e+08,5.07e+08,1,5.07e+08,0.29,0.29,,1.2903e+10,2.095e+09,6.46e+08
CTSH,2023-09-30,2023-11-02,2023-11-02,4897000000,1688000000.0,686000000,5.25e+08,5.05e+08,1,5.05e+08,0.29,0.29,,1.2882e+10,2.368e+09,6.47e+08
CTSH,2023-12-31,2024-02-14,2024-02-14,4758000000,1677000000.0,724000000,5.58e+08,5.05e+08,1,5.05e+08,0.29000000000000004,0.29000000000000004,,1.3227e+10,2.635e+09,6.39e+08
CTSH,2024-03-31,2024-05-02,2024-05-02,4760000000,1614000000.0,695000000,5.46e+08,4.98e+08,1,4.98e+08,0.3,0.3,,1.349e+10,2.243e+09,6.31e+08
CTSH,2024-06-30,2024-08-01,2024-08-01,4850000000,1646000000.0,708000000,5.66e+08,4.98e+08,1,4.98e+08,0.3,0.3,,1.3898e+10,2.205e+09,6.23e+08
CTSH,2024-09-30,2024-10-31,2024-10-31,5044000000,1733000000.0,738000000,5.82e+08,4.96e+08,1,4.96e+08,0.3,0.3,,1.4452e+10,2.025e+09,1.216e+09
CTSH,2024-12-31,2025-02-12,2025-02-12,5082000000,1785000000.0,751000000,5.46e+08,4.97e+08,1,4.97e+08,0.30000000000000004,0.30000000000000004,,1.4408e+10,2.243e+09,9.08e+08
CTSH,2025-03-31,2025-05-01,2025-05-01,5115000000,1718000000.0,853000000,6.63e+08,4.95e+08,1,4.95e+08,0.31,0.31,,1.4899e+10,1.992e+09,6e+08
CTSH,2025-06-30,2025-07-31,2025-07-31,5245000000,1766000000.0,817000000,6.45e+08,4.92e+08,1,4.92e+08,0.31,0.31,,1.5288e+10,1.808e+09,5.92e+08
AKAM,2008-06-30,2009-09-04,2009-09-04,194004000,140316000,52315000.0,3.4334e+07,1.87641e+08,1,1.87641e+08,,,,,1.65417e+08,0
AKAM,2008-09-30,2009-11-09,2009-11-09,197347000,140688000,51769000.0,3.336e+07,1.87769e+08,1,1.87769e+08,,,,,1.42022e+08,0
AKAM,2009-03-31,2011-03-01,2011-03-01,210368000,150006000,,3.7081e+07,1.88183e+08,1,1.88183e+08,,,,,,0
AKAM,2009-06-30,2009-09-04,2009-09-04,204600000,144591000,54394000.0,3.6007e+07,1.89556e+08,1,1.89556e+08,,,,1.68089e+09,6.20026e+08,0
AKAM,2009-09-30,2009-11-09,2009-11-09,206500000,144513000,50745000.0,3.2745e+07,1.88273e+08,1,1.88273e+08,,,,1.69845e+09,5.8207e+08,0
AKAM,2009-12-31,2011-03-01,2011-03-01,238305000,170725000,,4.008e+07,1.88621e+08,1,1.88621e+08,,,,1.73872e+09,5.66741e+08,0
AKAM,2010-03-31,2011-03-01,2011-03-01,240029000,172555000,66050000.0,4.0878e+07,1.89013e+08,1,1.89013e+08,,,,,1.73224e+08,0
AKAM,2010-06-30,2010-08-09,2010-08-09,245318000,173478000,56839000.0,3.8123e+07,1.90479e+08,1,1.90479e+08,,,,1.97309e+09,5.04188e+08,0
AKAM,2010-09-30,2010-11-09,2010-11-09,253551000,175739000,59042000.0,3.9709e+07,1.91271e+08,1,1.91271e+08,,,,2.03415e+09,6.07596e+08,0
AKAM,2010-12-31,2011-03-01,2011-03-01,284688000,198411000,72346000.0,5.251e+07,1.91837e+08,1,1.91837e+08,,,,2.1776e+09,6.06871e+08,0
AKAM,2011-03-31,2011-05-10,2011-05-10,275953000,186885000,72748000.0,5.0617e+07,1.91383e+08,1,1.91383e+08,,,,2.21019e+09,5.63569e+08,0
AKAM,2011-06-30,2011-08-09,2011-08-09,276989000,187342000,73232000.0,4.7921e+07,1.90179e+08,1,1.90179e+08,,,,2.22832e+09,2.05629e+08,0
AKAM,2011-09-30,2011-11-09,2011-11-09,281856000,188572000,65333000.0,4.2285e+07,1.85704e+08,1,1.85704e+08,,,,2.12201e+09,3.55599e+08,0
AKAM,2011-12-31,2012-02-29,2012-02-29,323740000,221196000,79336000.0,6.0081e+07,1.82956e+08,1,1.82956e+08,,,,2.15625e+09,5.59197e+08,0
AKAM,2012-03-31,2012-05-10,2012-05-10,319448000,216882000,71579000.0,4.3227e+07,1.82342e+08,1,1.82342e+08,,,,2.20119e+09,1.44724e+08,0
AKAM,2012-06-30,2012-08-09,2012-08-09,331306000,223849000,67011000.0,4.4239e+07,1.81817e+08,1,1.81817e+08,,,,2.21463e+09,1.82996e+08,0
AKAM,2012-09-30,2012-11-09,2012-11-09,345321000,235326000,80159000.0,4.8231e+07,1.81053e+08,1,1.81053e+08,,,,2.25994e+09,1.8265e+08,0
AKAM,2012-12-31,2013-03-01,2013-03-01,377872000,265979000,95738000.0,6.8292e+07,1.81768e+08,1,1.81768e+08,,,,2.34575e+09,2.01989e+08,0
AKAM,2013-03-31,2013-05-10,2013-05-10,368046000,247654000,101188000.0,7.1487e+07,1.81562e+08,1,1.81562e+08,,,,2.38478e+09,1.65275e+08,0
AKAM,2013-06-30,2013-08-09,2013-08-09,378106000,253401000,97503000.0,6.1895e+07,1.81388e+08,1,1.81388e+08,,,,2.44787e+09,2.04865e+08,0
AKAM,2013-09-30,2013-11-12,2013-11-12,395790000,263751000,99521000.0,7.9756e+07,1.81922e+08,1,1.81922e+08,,,,2.54313e+09,2.35015e+08,0
AKAM,2013-12-31,2014-03-03,2014-03-03,435980000,302029000,115756000.0,8.0349e+07,1.81783e+08,1,1.81783e+08,,,,2.62943e+09,3.33891e+08,0
AKAM,2014-03-31,2014-05-12,2014-05-12,453502000,313890000,120847000.0,7.28e+07,1.82038e+08,1,1.82038e+08,,,,2.71214e+09,2.48726e+08,0
AKAM,2014-06-30,2014-08-11,2014-08-11,476035000,326717000,112351000.0,7.2886e+07,1.80841e+08,1,1.80841e+08,,,,2.77274e+09,2.54165e+08,0
AKAM,2014-09-30,2014-11-10,2014-11-10,498042000,339230000,120239000.0,9.1155e+07,1.80955e+08,1,1.80955e+08,,,,2.84838e+09,2.14339e+08,0
AKAM,2014-12-31,2015-03-02,2015-03-02,536295000,373094000,136082000.0,9.7107e+07,1.81186e+08,1,1.81186e+08,,,,2.94534e+09,2.3865e+08,0
AKAM,2015-03-31,2015-05-11,2015-05-11,526536000,357242000,121521000.0,7.7746e+07,1.80825e+08,1,1.80825e+08,,,,2.98168e+09,3.32557e+08,0
AKAM,2015-06-30,2015-08-10,2015-08-10,540723000,360813000,106260000.0,6.72e+07,1.80738e+08,1,1.80738e+08,,,,3.04531e+09,2.57448e+08,0
AKAM,2015-09-30,2015-11-09,2015-11-09,551030000,367826000,115689000.0,8.804e+07,1.80364e+08,1,1.80364e+08,,,,3.08566e+09,2.56471e+08,0
AKAM,2015-12-31,2016-02-29,2016-02-29,579159000,385947000,122680000.0,8.842e+07,1.80415e+08,1,1.80415e+08,,,,3.12088e+09,2.89473e+08,0
AKAM,2016-03-31,2016-05-09,2016-05-09,567725000,372989000,114119000.0,7.4858e+07,1.77539e+08,1,1.77539e+08,,,,3.11358e+09,3.12912e+08,0
AKAM,2016-06-30,2016-08-08,2016-08-08,572135000,365812000,110180000.0,7.3635e+07,1.7642e+08,1,1.7642e+08,,,,3.15047e+09,3.26644e+08,0
AKAM,2016-09-30,2016-11-08,2016-11-08,584065000,379598000,111765000.0,7.6e+07,1.75617e+08,1,1.75617e+08,,,,3.16893e+09,3.81803e+08,0
AKAM,2016-12-31,2017-02-28,2017-02-28,616124000,412649000,123530000.0,9.1639e+07,1.76215e+08,1,1.76215e+08,,,,3.22437e+09,3.24169e+08,0
AKAM,2017-03-31,2017-05-09,2017-05-09,609237000,403534000,115228000.0,8.093e+07,1.75171e+08,1,1.75171e+08,,,,3.25855e+09,5.22319e+08,0
AKAM,2017-06-30,2017-08-08,2017-08-08,608908000,394258000,87211000.0,5.7772e+07,1.73439e+08,1,1.73439e+08,,,,3.28717e+09,3.52501e+08,0
AKAM,2017-09-30,2017-11-08,2017-11-08,621399000,395931000,85877000.0,6.0512e+07,1.71505e+08,1,1.71505e+08,,,,3.27266e+09,3.68152e+08,0
AKAM,2017-12-31,2018-03-01,2018-03-01,663452000,433515000,27903000.0,1.9107e+07,1.72711e+08,1,1.72711e+08,,,,3.31072e+09,3.13382e+08,0
AKAM,2018-03-31,2018-05-09,2018-05-09,668724000,433899000,68557000.0,5.3714e+07,1.72004e+08,1,1.72004e+08,,,,3.38626e+09,3.63703e+08,0
AKAM,2018-06-30,2018-08-08,2018-08-08,662759000,427272000,57117000.0,4.3061e+07,1.72307e+08,1,1.72307e+08,,,,3.44528e+09,9.77488e+08,0
AKAM,2018-09-30,2018-11-08,2018-11-08,669628000,430382000,116537000.0,1.07583e+08,1.679e+08,1,1.679e+08,,,,3.15553e+09,7.05407e+08,0
AKAM,2018-12-31,2019-02-28,2019-02-28,713363000,469436000,120288000.0,9.4015e+07,1.69188e+08,1,1.69188e+08,,,,3.19186e+09,1.8921e+09,0
AKAM,2019-03-31,2019-05-09,2019-05-09,706508000,465765000,134525000.0,1.0713e+08,1.64787e+08,1,1.64787e+08,,,,3.28322e+09,6.88698e+08,0
AKAM,2019-06-30,2019-08-08,2019-08-08,705074000,462881000,135782000.0,1.13915e+08,1.65019e+08,1,1.65019e+08,,,,3.39476e+09,1.04249e+09,0
AKAM,2019-09-30,2019-11-08,2019-11-08,709912000,462974000,143289000.0,1.3789e+08,1.64558e+08,1,1.64558e+08,,,,3.5016e+09,1.57021e+09,0
AKAM,2019-12-31,2020-02-28,2020-02-28,772123000,514373000,135322000.0,1.191e+08,1.64573e+08,1,1.64573e+08,,,,3.65796e+09,1.53699e+09,0
AKAM,2020-03-31,2020-05-08,2020-05-08,764302000,495720000,152330000.0,1.23146e+08,1.63684e+08,1,1.63684e+08,,,,3.67222e+09,1.24927e+09,0
AKAM,2020-06-30,2020-08-07,2020-08-07,794715000,517911000,190429000.0,1.61915e+08,1.64768e+08,1,1.64768e+08,,,,3.9043e+09,1.37261e+09,0
AKAM,2020-09-30,2020-11-06,2020-11-06,792845000,509406000,181158000.0,1.58623e+08,1.66519e+08,1,1.66519e+08,,,,4.10762e+09,1.44404e+09,0
AKAM,2020-12-31,2021-02-26,2021-02-26,846287000,542440000,134617000.0,1.1337e+08,1.65213e+08,1,1.65213e+08,,,,4.2513e+09,1.09807e+09,0
AKAM,2021-03-31,2021-05-07,2021-05-07,842708000,536021000,182364000.0,1.55695e+08,1.65688e+08,1,1.65688e+08,,,,4.32136e+09,1.28806e+09,0
AKAM,2021-06-30,2021-08-06,2021-08-06,852824000,532824000,199434000.0,1.56497e+08,1.66263e+08,1,1.66263e+08,,,,4.47666e+09,1.41649e+09,0
AKAM,2021-09-30,2021-11-08,2021-11-08,860333000,543467000,205265000.0,1.78916e+08,1.66318e+08,1,1.66318e+08,,,,4.58244e+09,1.91728e+09,0
AKAM,2021-12-31,2023-02-28,2023-02-28,905358000,579955000,196085000.0,1.60534e+08,1.65804e+08,1,1.65804e+08,,,,4.53001e+09,1.0782e+09,0
AKAM,2022-03-31,2022-05-09,2022-05-09,903647000,570895000,173319000.0,1.19163e+08,1.63637e+08,1,1.63637e+08,,,,4.30052e+09,5.06869e+08,0
AKAM,2022-06-30,2022-08-09,2022-08-09,903332000,556683000,175042000.0,1.19537e+08,1.6171e+08,1,1.6171e+08,,,,4.28048e+09,6.90689e+08,0
AKAM,2022-09-30,2022-11-08,2022-11-08,881896000,535446000,160438000.0,1.08154e+08,1.59068e+08,1,1.59068e+08,,,,4.23318e+09,8.64148e+08,0
AKAM,2022-12-31,2023-02-28,2023-02-28,927779000,569811000,167475000.0,1.28762e+08,1.60467e+08,1,1.60467e+08,,,,4.36019e+09,1.10532e+09,0
AKAM,2023-03-31,2023-05-09,2023-05-09,915698000,554382000,126638000.0,9.7106e+07,1.56135e+08,1,1.56135e+08,,,,4.17134e+09,7.51913e+08,0
AKAM,2023-06-30,2023-08-08,2023-08-08,935721000,562446000,149785000.0,1.28816e+08,1.53454e+08,1,1.53454e+08,,,,4.28917e+09,7.90559e+08,0
AKAM,2023-09-30,2023-11-08,2023-11-08,965484000,582409000,176129000.0,1.60542e+08,1.54976e+08,1,1.54976e+08,,,,4.3242e+09,9.39262e+08,0
AKAM,2023-12-31,2024-02-28,2024-02-28,995017000,601620000,184786000.0,1.61165e+08,1.55397e+08,1,1.55397e+08,,,,4.59716e+09,8.64439e+08,0
AKAM,2024-03-31,2024-05-09,2024-05-09,986970000,592227000,166728000.0,1.75418e+08,1.57466e+08,1,1.57466e+08,,,,4.63377e+09,1.67469e+09,0
AKAM,2024-06-30,2024-08-08,2024-08-08,979580000,576692000,147986000.0,1.31688e+08,1.53588e+08,1,1.53588e+08,,,,4.75468e+09,1.63727e+09,0
AKAM,2024-09-30,2024-11-08,2024-11-08,1004679000,595873000,70637000.0,5.7907e+07,1.5324e+08,1,1.5324e+08,,,,4.79414e+09,1.6992e+09,0
AKAM,2024-12-31,2025-02-24,2025-02-24,1019939000,605583000,148060000.0,1.39905e+08,1.54346e+08,1,1.54346e+08,,,,4.87836e+09,1.59658e+09,0
AKAM,2025-03-31,2025-05-09,2025-05-09,1015139000,596194000,154583000.0,1.23171e+08,1.51064e+08,1,1.51064e+08,,,,4.58456e+09,1.32123e+09,0
AKAM,2025-06-30,2025-08-08,2025-08-08,1043494000,616959000,151461000.0,1.03618e+08,1.45249e+08,1,1.45249e+08,,,,4.46751e+09,9.66624e+08,0
FFIV,2009-06-30,2010-08-06,2010-08-06,158231000,124566000,31305000,2.2776e+07,7.9612e+07,1,7.9612e+07,,,,,8.8289e+07,0
FFIV,2009-12-31,2011-02-07,2011-02-07,191156000,152027000,43712000,2.9279e+07,8.0333e+07,1,8.0333e+07,,,,,1.47285e+08,0
FFIV,2010-03-31,2011-05-06,2011-05-06,206068000,164652000,49858000,3.3144e+07,8.0737e+07,1,8.0737e+07,,,,,1.48524e+08,0
FFIV,2010-06-30,2010-08-06,2010-08-06,230474000,185895000,60129000,4.0495e+07,8.1031e+07,1,8.1031e+07,,,1.7747e+07,9.41602e+08,3.98356e+08,0
FFIV,2010-09-30,2011-11-22,2011-11-22,254274000,207446000,76303000,4.8235e+07,8.1253e+07,1,8.1253e+07,,,1.8815e+07,1.0037e+09,4.28496e+08,0
FFIV,2010-12-31,2011-02-07,2011-02-07,268934000,219971000,79856000,5.5663e+07,8.1648e+07,1,8.1648e+07,,,1.8184e+07,1.0751e+09,4.85572e+08,0
FFIV,2011-03-31,2011-05-06,2011-05-06,277572000,226899000,83214000,5.5575e+07,8.1622e+07,1,8.1622e+07,,,1.8154e+07,1.1123e+09,4.75256e+08,0
FFIV,2011-06-30,2011-08-05,2011-08-05,290713000,238265000,88261000,6.2549e+07,8.1497e+07,1,8.1497e+07,,,1.7941e+07,1.16517e+09,5.85334e+08,0
FFIV,2011-09-30,2011-11-22,2011-11-22,314615000,258695000,99331000,6.761e+07,8.0766e+07,1,8.0766e+07,,,1.7149e+07,1.10544e+09,5.4255e+08,0
FFIV,2011-12-31,2012-02-03,2012-02-03,322432000,266826000,99789000,6.6492e+07,7.9822e+07,1,7.9822e+07,,,1.7493e+07,1.17019e+09,5.56537e+08,0
FFIV,2012-03-31,2012-05-07,2012-05-07,339622000,282028000,104680000,6.8641e+07,7.9775e+07,1,7.9775e+07,,,1.7023e+07,1.21722e+09,4.89611e+08,0
FFIV,2012-06-30,2012-08-07,2012-08-07,352634000,292347000,110000000,7.2336e+07,7.9655e+07,1,7.9655e+07,,,1.7038e+07,1.28217e+09,5.19657e+08,0
FFIV,2012-09-30,2012-11-21,2012-11-21,362559000,299878000,111834000,6.7717e+07,7.9425e+07,1,7.9425e+07,,,1.741e+07,1.3294e+09,5.32151e+08,0
FFIV,2012-12-31,2013-02-07,2013-02-07,365451000,304566000,109084000,6.9493e+07,7.9278e+07,1,7.9278e+07,,,1.8723e+07,1.3863e+09,5.17737e+08,0
FFIV,2013-03-31,2013-05-09,2013-05-09,350232000,289930000,92476000,6.3412e+07,7.9114e+07,1,7.9114e+07,,,1.7963e+07,1.42818e+09,5.22848e+08,0
FFIV,2013-06-30,2013-08-08,2013-08-08,370302000,305385000,104077000,6.8178e+07,7.8864e+07,1,7.8864e+07,,,1.826e+07,1.48819e+09,5.51325e+08,0
FFIV,2013-09-30,2013-11-22,2013-11-22,395329000,328386000,125181000,7.6231e+07,7.8674e+07,1,7.8674e+07,,,1.9026e+07,1.53871e+09,5.42143e+08,0
FFIV,2013-12-31,2014-02-06,2014-02-06,406452000,333569000,109133000,6.8048e+07,7.7822e+07,1,7.7822e+07,,,1.9051e+07,1.45407e+09,5.78191e+08,0
FFIV,2014-03-31,2014-05-08,2014-05-08,420043000,344381000,110864000,6.9641e+07,7.6244e+07,1,7.6244e+07,,,2.071e+07,1.41494e+09,6.2376e+08,0
FFIV,2014-06-30,2014-08-07,2014-08-07,440285000,360823000,126079000,7.9473e+07,7.5369e+07,1,7.5369e+07,,,2.3143e+07,1.40071e+09,6.11363e+08,0
FFIV,2014-09-30,2014-11-26,2014-11-26,465266000,383314000,147481000,9.4021e+07,7.4366e+07,1,7.4366e+07,,,2.4471e+07,1.36931e+09,6.45379e+08,0
FFIV,2014-12-31,2015-02-05,2015-02-05,462793000,383445000,132315000,8.9076e+07,7.3857e+07,1,7.3857e+07,,,2.7582e+07,1.35578e+09,6.54104e+08,0
FFIV,2015-03-31,2015-05-07,2015-05-07,472143000,389547000,132855000,8.5729e+07,7.2711e+07,1,7.2711e+07,,,2.9343e+07,1.3214e+09,6.66467e+08,0
FFIV,2015-06-30,2015-07-29,2015-07-29,483586000,397927000,140130000,9.3172e+07,7.1957e+07,1,7.1957e+07,,,3.0026e+07,1.3271e+09,7.97707e+08,0
FFIV,2015-09-30,2015-11-06,2015-11-06,501301000,416643000,147599000,9.7037e+07,7.1098e+07,1,7.1098e+07,,,3.3717e+07,1.31673e+09,7.74342e+08,0
FFIV,2015-12-31,2016-01-27,2016-01-27,489486000,403803000,130949000,8.9716e+07,6.9878e+07,1,6.9878e+07,,,3.3571e+07,1.26253e+09,7.91502e+08,0
FFIV,2016-03-31,2016-04-27,2016-04-27,483677000,401447000,114933000,7.5415e+07,6.7804e+07,1,6.7804e+07,,,3.5179e+07,1.18099e+09,7.75005e+08,0
FFIV,2016-06-30,2016-07-27,2016-07-27,496522000,412179000,138862000,9.1789e+07,6.7235e+07,1,6.7235e+07,,,3.3805e+07,1.18706e+09,8.10708e+08,0
FFIV,2016-09-30,2016-11-04,2016-11-04,525349000,440400000,162633000,1.08935e+08,6.6262e+07,1,6.6262e+07,,,3.4051e+07,1.18526e+09,8.82395e+08,0
FFIV,2016-12-31,2017-02-01,2017-02-01,515958000,430696000,137454000,9.4218e+07,6.5645e+07,1,6.5645e+07,,,3.3678e+07,1.19499e+09,9.73843e+08,0
FFIV,2017-03-31,2017-05-10,2017-05-10,518248000,430336000,138523000,9.3138e+07,6.5028e+07,1,6.5028e+07,,,3.2548e+07,1.1846e+09,1.01462e+09,0
FFIV,2017-06-30,2017-08-02,2017-08-02,517837000,428067000,139144000,9.7662e+07,6.4361e+07,1,6.4361e+07,,,3.1045e+07,1.20461e+09,1.01425e+09,0
FFIV,2017-09-30,2017-11-03,2017-11-03,537998000,447457000,148835000,1.35743e+08,6.3446e+07,1,6.3446e+07,,,2.9834e+07,1.22939e+09,1.01693e+09,0
FFIV,2017-12-31,2018-02-02,2018-02-02,523191000,435804000,141997000,8.8429e+07,6.255e+07,1,6.255e+07,,,2.9112e+07,1.22718e+09,1.00456e+09,0
FFIV,2018-03-31,2018-05-02,2018-05-02,533304000,443659000,143357000,1.09636e+08,6.2059e+07,1,6.2059e+07,,,2.9512e+07,1.22661e+09,1.02467e+09,0
FFIV,2018-06-30,2018-08-01,2018-08-01,542203000,451194000,151953000,1.22743e+08,6.1633e+07,1,6.1633e+07,,,3.1322e+07,1.26598e+09,1.0845e+09,0
FFIV,2018-09-30,2018-11-21,2018-11-21,562709000,469269000,153592000,1.32881e+08,6.107e+07,1,6.107e+07,,,3.0568e+07,1.28549e+09,1.03941e+09,0
FFIV,2018-12-31,2019-02-01,2019-02-01,543770000,457056000,158216000,1.30905e+08,6.0645e+07,1,6.0645e+07,,,3.1559e+07,1.40919e+09,1.1326e+09,0
FFIV,2019-03-31,2019-05-03,2019-05-03,544895000,456717000,142793000,1.16087e+08,6.0029e+07,1,6.0029e+07,,,3.3463e+07,1.46741e+09,1.31378e+09,0
FFIV,2019-06-30,2019-08-02,2019-08-02,563394000,472627000,102740000,8.5905e+07,6.0196e+07,1,6.0196e+07,,,3.6009e+07,1.62378e+09,9.86487e+08,0
FFIV,2019-09-30,2019-11-15,2019-11-15,590388000,499470000,114714000,9.4837e+07,6.0448e+07,1,6.0448e+07,,,3.4401e+07,1.7615e+09,9.72282e+08,0
FFIV,2019-12-31,2020-02-05,2020-02-05,569305000,480663000,122335000,9.8527e+07,6.0815e+07,1,6.0815e+07,,,3.2381e+07,1.92946e+09,1.16222e+09,0
FFIV,2020-03-31,2020-05-06,2020-05-06,583449000,482211000,83698000,6.1379e+07,6.1084e+07,1,6.1084e+07,,,3.0942e+07,1.99819e+09,8.21145e+08,3.9796e+08
FFIV,2020-06-30,2020-08-05,2020-08-05,583252000,477212000,87621000,6.9872e+07,6.1415e+07,1,6.1415e+07,,,2.8826e+07,2.1539e+09,1.09357e+09,3.93141e+08
FFIV,2020-09-30,2020-11-19,2020-11-19,614816000,502849000,98613000,7.7663e+07,6.1636e+07,1,6.1636e+07,,,2.7898e+07,2.23227e+09,1.20989e+09,3.88322e+08
FFIV,2020-12-31,2021-02-05,2021-02-05,624617000,509638000,117748000,8.7678e+07,6.2282e+07,1,6.2282e+07,,,2.6455e+07,2.40159e+09,1.37334e+09,3.83504e+08
FFIV,2021-03-31,2021-05-06,2021-05-06,645287000,516702000,53501000,4.3241e+07,6.2158e+07,1,6.2158e+07,,,2.4571e+07,2.00782e+09,6.43271e+08,3.78685e+08
FFIV,2021-06-30,2021-08-05,2021-08-05,651515000,530611000,96412000,8.9604e+07,6.1351e+07,1,6.1351e+07,,,2.2649e+07,2.19217e+09,7.67919e+08,3.73866e+08
FFIV,2021-09-30,2021-11-16,2021-11-16,681997000,553319000,126364000,1.10718e+08,6.2057e+07,1,6.2057e+07,,,2.2055e+07,2.36021e+09,9.10607e+08,3.69047e+08
FFIV,2021-12-31,2022-02-04,2022-02-04,687100000,552027000,114151000,9.3559e+07,6.1882e+07,1,6.1882e+07,,,2.0795e+07,2.40536e+09,8.58954e+08,3.64229e+08
FFIV,2022-03-31,2022-05-06,2022-05-06,634224000,507865000,74647000,5.6236e+07,6.1405e+07,1,6.1405e+07,,,2.7883e+07,2.39713e+09,8.87134e+08,3.5941e+08
FFIV,2022-06-30,2022-08-05,2022-08-05,674488000,543755000,107464000,8.3019e+07,6.046e+07,1,6.046e+07,,,4.3787e+07,2.32298e+09,7.38341e+08,3.54591e+08
FFIV,2022-09-30,2022-11-15,2022-11-15,700033000,552571000,107530000,8.9346e+07,6.1097e+07,1,6.1097e+07,,,6.8365e+07,2.46898e+09,8.84566e+08,3.49772e+08
FFIV,2022-12-31,2023-02-03,2023-02-03,700378000,545371000,91212000,7.2402e+07,6.0387e+07,1,6.0387e+07,,,5.9197e+07,2.58235e+09,6.59754e+08,0
FFIV,2023-03-31,2023-05-05,2023-05-05,703175000,547521000,106046000,8.1436e+07,6.0691e+07,1,6.0691e+07,,,5.0745e+07,2.72556e+09,7.55254e+08,0
FFIV,2023-06-30,2023-08-04,2023-08-04,702642000,560959000,103569000,8.8976e+07,6.0314e+07,1,6.0314e+07,,,4.6102e+07,2.6575e+09,6.90607e+08,0
FFIV,2023-09-30,2023-11-14,2023-11-14,706974000,566010000,171741000,1.52134e+08,6.027e+07,1,6.027e+07,,,3.5874e+07,2.80023e+09,8.03323e+08,0
FFIV,2023-12-31,2024-02-05,2024-02-05,692597000,556208000,164516000,1.38382e+08,5.9653e+07,1,5.9653e+07,,,3.584e+07,2.86098e+09,8.25859e+08,0
FFIV,2024-03-31,2024-05-06,2024-05-06,681354000,540241000,139960000,1.19021e+08,5.958e+07,1,5.958e+07,,,6.976e+07,2.93327e+09,9.03482e+08,0
FFIV,2024-06-30,2024-08-06,2024-08-06,695495000,559070000,163090000,1.44079e+08,5.9147e+07,1,5.9147e+07,,,7.8537e+07,3.01074e+09,9.35621e+08,0
FFIV,2024-09-30,2024-11-18,2024-11-18,746674000,602954000,191025000,1.65296e+08,5.9359e+07,1,5.9359e+07,,,7.6378e+07,3.12938e+09,1.0746e+09,0
FFIV,2024-12-31,2025-02-07,2025-02-07,766489000,625979000,205082000,1.66445e+08,5.9058e+07,1,5.9058e+07,,,7.3239e+07,3.23575e+09,1.15091e+09,0
FFIV,2025-03-31,2025-05-06,2025-05-06,731123000,590164000,158897000,1.4553e+08,5.8764e+07,1,5.8764e+07,,,6.788e+07,3.31404e+09,1.25928e+09,0
FFIV,2025-06-30,2025-08-06,2025-08-06,780370000,631742000,196317000,1.89912e+08,5.8492e+07,1,5.8492e+07,,,6.692e+07,3.47168e+09,1.42696e+09,0
ZBRA,2009-07-04,2010-08-17,2010-08-17,187676000,81736000,13152000,9.011e+06,5.9352e+07,1,5.9352e+07,,,,,4.4792e+07,0
ZBRA,2009-10-03,2010-11-05,2010-11-05,200778000,91698000,15238000,1.1111e+07,5.9083e+07,1,5.9083e+07,,,,,3.9048e+07,0
ZBRA,2010-04-03,2011-05-05,2011-05-05,211975000,97763000,32941000,2.4733e+07,5.8265e+07,1,5.8265e+07,,,,,3.5259e+07,0
ZBRA,2010-07-03,2010-08-17,2010-08-17,235735000,111179000,32841000,2.2677e+07,5.7737e+07,1,5.7737e+07,,,8.501e+07,7.20653e+08,1.77696e+08,0
ZBRA,2010-10-02,2010-11-05,2010-11-05,246507000,118714000,38857000,2.6151e+07,5.6998e+07,1,5.6998e+07,,,9.5842e+07,7.30707e+08,1.70505e+08,0
ZBRA,2010-12-31,2012-02-23,2012-02-23,234019000,114356000,43030000,2.8217e+07,5.6692e+07,1,5.6692e+07,,,1.13742e+08,7.30032e+08,1.73043e+08,0
ZBRA,2011-04-02,2011-05-05,2011-05-05,237301000,119998000,44362000,6.1634e+07,5.5774e+07,1,5.5774e+07,,,1.20508e+08,7.54406e+08,2.44497e+08,0
ZBRA,2011-07-02,2011-08-05,2011-08-05,245541000,121698000,46671000,3.2964e+07,5.4958e+07,1,5.4958e+07,,,1.18109e+08,7.557e+08,2.56465e+08,0
ZBRA,2011-10-01,2011-11-08,2011-11-08,253338000,123553000,48880000,4.5001e+07,5.3628e+07,1,5.3628e+07,,,1.20378e+08,7.45948e+08,1.90896e+08,0
ZBRA,2011-12-31,2012-02-23,2012-02-23,247308000,121520000,42123000,3.5044e+07,5.2354e+07,1,5.2354e+07,,,1.33288e+08,7.76925e+08,2.18751e+08,0
ZBRA,2012-03-31,2012-05-02,2012-05-02,243875000,119863000,42009000,3.0164e+07,5.2301e+07,1,5.2301e+07,,,1.26119e+08,7.99063e+08,2.17112e+08,0
ZBRA,2012-06-30,2012-08-01,2012-08-01,247077000,120377000,39459000,3.0653e+07,5.203e+07,1,5.203e+07,,,1.16689e+08,8.20979e+08,2.52853e+08,0
ZBRA,2012-09-29,2012-11-07,2012-11-07,252037000,126924000,38765000,2.7097e+07,5.1809e+07,1,5.1809e+07,,,1.22915e+08,8.33029e+08,2.12943e+08,0
ZBRA,2012-12-31,2013-02-21,2013-02-21,253179000,124460000,44118000,3.499e+07,5.1262e+07,1,5.1262e+07,,,1.23357e+08,8.57002e+08,3.8888e+08,0
ZBRA,2013-03-30,2013-05-02,2013-05-02,236937000,113065000,28176000,2.3542e+07,5.1366e+07,1,5.1366e+07,,,1.16417e+08,8.86364e+08,4.14121e+08,0
ZBRA,2013-06-29,2013-08-06,2013-08-06,253160000,120907000,36241000,3.0566e+07,5.1283e+07,1,5.1283e+07,,,1.09149e+08,8.96579e+08,4.45685e+08,0
ZBRA,2013-09-28,2013-11-05,2013-11-05,263523000,128610000,46769000,3.86e+07,5.0924e+07,1,5.0924e+07,,,1.06628e+08,9.10343e+08,4.63737e+08,0
ZBRA,2013-12-31,2014-02-20,2014-02-20,284539000,141028000,49078000,4.165e+07,5.1063e+07,1,5.1063e+07,,,1.21023e+08,9.58658e+08,4.13207e+08,0
ZBRA,2014-03-29,2014-05-06,2014-05-06,288268000,147938000,53408000,4.1606e+07,5.0974e+07,1,5.0974e+07,,,1.19373e+08,1.00894e+09,4.65567e+08,0
ZBRA,2014-06-28,2014-08-05,2014-08-05,288421000,142169000,33065000,2.7557e+07,5.1278e+07,1,5.1278e+07,,,1.26103e+08,1.04806e+09,5.25993e+08,0
ZBRA,2014-09-27,2014-11-05,2014-11-05,303272000,151506000,26956000,1.4945e+07,5.1461e+07,1,5.1461e+07,,,1.39621e+08,1.07675e+09,5.4192e+08,0
ZBRA,2014-12-31,2016-02-29,2016-02-29,791000000,336000000,-25000000,-5.1679e+07,5.04521e+07,1,5.04521e+07,,,3.94176e+08,1.03991e+09,4.18335e+08,3.19048e+09
ZBRA,2015-04-04,2015-05-14,2015-05-14,893184000,409522000,19774000,-2.5297e+07,5.0667e+07,1,5.0667e+07,,,4.05469e+08,1.026e+09,3.29534e+08,3.14418e+09
ZBRA,2015-07-04,2015-08-13,2015-08-13,889774000,392878000,-13803000,-7.6258e+07,5.0917e+07,1,5.0917e+07,,,4.04472e+08,9.5159e+08,2.04918e+08,3.04036e+09
ZBRA,2015-10-03,2015-11-12,2015-11-12,916273000,414056000,25021000,-2.895e+07,5.1152e+07,1,5.1152e+07,,,4.08158e+08,9.14028e+08,2.58022e+08,3.04322e+09
ZBRA,2015-12-31,2016-02-29,2016-02-29,953000000,428000000,22000000,-6.495e+06,5.12071e+07,1,5.12071e+07,,,3.94e+08,9.13e+08,1.92e+08,3.012e+09
ZBRA,2016-04-02,2016-05-10,2016-05-10,847000000,390000000,0,-2.9e+07,5.12996e+07,1,5.12996e+07,,,3.86e+08,8.79e+08,1.94e+08,2.937e+09
ZBRA,2016-07-02,2016-08-09,2016-08-09,879000000,406000000,22000000,-4.9e+07,5.15332e+07,1,5.15332e+07,,,3.62e+08,8.31e+08,1.41e+08,2.873e+09
ZBRA,2016-10-01,2016-11-15,2016-11-15,904000000,414000000,-24000000,-8.3e+07,5.16902e+07,1,5.16902e+07,,,3.45e+08,7.48e+08,1.63e+08,2.788e+09
ZBRA,2016-12-31,2017-02-27,2017-02-27,942000000,432000000,82000000,2.4e+07,5.15791e+07,1,5.15791e+07,,,3.45e+08,7.92e+08,1.56e+08,2.648e+09
ZBRA,2017-04-01,2017-05-09,2017-05-09,865000000,401000000,40000000,8e+06,5.29469e+07,1,5.29469e+07,,,3.76e+08,7.95e+08,1.8e+08,2.573e+09
ZBRA,2017-07-01,2017-08-08,2017-08-08,896000000,411000000,58000000,1.7e+07,5.31287e+07,1,5.31287e+07,,,4.14e+08,8.12e+08,9.5e+07,2.418e+09
ZBRA,2017-09-30,2017-11-07,2017-11-07,935000000,429000000,91000000,-1.2e+07,5.22209e+07,1,5.22209e+07,,,4.92e+08,8.14e+08,8.8e+07,2.485e+09
ZBRA,2017-12-31,2018-02-22,2018-02-22,1026000000,469000000,133000000,4e+06,5.36888e+07,1,5.36888e+07,,,4.58e+08,8.34e+08,6.2e+07,2.227e+09
ZBRA,2018-03-31,2018-05-08,2018-05-08,977000000,465000000,144000000,1.09e+08,5.39858e+07,1,5.39858e+07,,,4.48e+08,9.81e+08,6.4e+07,2.133e+09
ZBRA,2018-06-30,2018-08-07,2018-08-07,1012000000,472000000,125000000,7e+07,5.42557e+07,1,5.42557e+07,,,4.65e+08,1.073e+09,4.6e+07,1.999e+09
ZBRA,2018-09-29,2018-11-06,2018-11-06,1092000000,505000000,162000000,1.27e+08,5.44249e+07,1,5.44249e+07,,,4.93e+08,1.213e+09,4.5e+07,1.9e+09
ZBRA,2018-12-31,2020-02-13,2020-02-13,1137000000,539000000,179000000,1.15e+08,5.42998e+07,1,5.42998e+07,,,5.2e+08,1.335e+09,4.4e+07,1.591e+09
ZBRA,2019-03-30,2019-04-30,2019-04-30,1066000000,501000000,159000000,1.15e+08,5.45549e+07,1,5.45549e+07,,,5.1e+08,1.467e+09,6.1e+07,1.736e+09
ZBRA,2019-06-29,2019-07-30,2019-07-30,1097000000,520000000,160000000,1.24e+08,5.46487e+07,1,5.46487e+07,,,4.84e+08,1.559e+09,2.7e+07,1.717e+09
ZBRA,2019-09-28,2019-10-30,2019-10-30,1130000000,535000000,185000000,1.36e+08,5.46378e+07,1,5.46378e+07,,,4.68e+08,1.694e+09,3.3e+07,1.519e+09
ZBRA,2019-12-31,2020-02-13,2020-02-13,1192000000,544000000,188000000,1.69e+08,5.45944e+07,1,5.45944e+07,,,4.74e+08,1.839e+09,3e+07,4.63e+08
ZBRA,2020-03-28,2020-04-28,2020-04-28,1052000000,473000000,151000000,8.9e+07,5.4318e+07,1,5.4318e+07,,,4.43e+08,1.727e+09,2.4e+07,1.397e+09
ZBRA,2020-06-27,2020-07-28,2020-07-28,956000000,419000000,119000000,1e+08,5.36757e+07,1,5.36757e+07,,,5.13e+08,1.803e+09,6.3e+07,1.46e+09
ZBRA,2020-09-26,2020-11-03,2020-11-03,1132000000,493000000,150000000,1.16e+08,5.37163e+07,1,5.37163e+07,,,4.84e+08,1.931e+09,3.9e+07,2.056e+09
ZBRA,2020-12-31,2021-02-11,2021-02-11,1308000000,618000000,231000000,1.99e+08,5.39132e+07,1,5.39132e+07,,,5.11e+08,2.144e+09,1.68e+08,1.245e+09
ZBRA,2021-04-03,2021-05-04,2021-05-04,1347000000,655000000,272000000,2.28e+08,5.39643e+07,1,5.39643e+07,,,5.28e+08,2.411e+09,1.77e+08,1.23e+09
ZBRA,2021-07-03,2021-08-03,2021-08-03,1377000000,658000000,247000000,2.19e+08,5.39083e+07,1,5.39083e+07,,,4.85e+08,2.589e+09,3.18e+08,1.043e+09
ZBRA,2021-10-02,2021-11-02,2021-11-02,1436000000,646000000,237000000,1.99e+08,5.38666e+07,1,5.38666e+07,,,4.38e+08,2.816e+09,3.07e+08,1.047e+09
ZBRA,2021-12-31,2022-02-10,2022-02-10,1467000000,669000000,223000000,1.91e+08,5.39024e+07,1,5.39024e+07,,,4.91e+08,2.984e+09,3.32e+08,9.91e+08
ZBRA,2022-04-02,2022-05-03,2022-05-03,1432000000,637000000,212000000,2.05e+08,5.34467e+07,1,5.34467e+07,,,4.69e+08,2.906e+09,1.41e+08,1.284e+09
ZBRA,2022-07-02,2022-08-02,2022-08-02,1468000000,674000000,-145000000,-9.8e+07,5.21385e+07,1,5.21385e+07,,,6.32e+08,2.513e+09,9.8e+07,2.315e+09
ZBRA,2022-10-01,2022-11-01,2022-11-01,1378000000,628000000,202000000,1.7e+08,5.21579e+07,1,5.21579e+07,,,8.14e+08,2.657e+09,8.1e+07,2.314e+09
ZBRA,2022-12-31,2023-02-16,2023-02-16,1503000000,685000000,260000000,1.86e+08,5.25587e+07,1,5.25587e+07,,,8.6e+08,2.733e+09,1.05e+08,2.023e+09
ZBRA,2023-04-01,2023-05-02,2023-05-02,1405000000,667000000,225000000,1.5e+08,5.17481e+07,1,5.17481e+07,,,8.35e+08,2.891e+09,8.5e+07,2.318e+09
ZBRA,2023-07-01,2023-08-01,2023-08-01,1214000000,581000000,194000000,1.44e+08,5.17075e+07,1,5.17075e+07,,,8.64e+08,2.992e+09,6.8e+07,2.382e+09
ZBRA,2023-09-30,2023-10-31,2023-10-31,956000000,427000000,-12000000,-1.5e+07,5.13366e+07,1,5.13366e+07,,,8.48e+08,3.013e+09,6.1e+07,2.432e+09
ZBRA,2023-12-31,2024-02-15,2024-02-15,1009000000,448000000,74000000,1.7e+07,5.1711e+07,1,5.1711e+07,,,8.04e+08,3.036e+09,1.37e+08,2.22e+09
ZBRA,2024-03-30,2024-04-30,2024-04-30,1175000000,563000000,159000000,1.15e+08,5.17905e+07,1,5.17905e+07,,,7.05e+08,3.169e+09,1.27e+08,2.365e+09
ZBRA,2024-06-29,2024-07-30,2024-07-30,1217000000,589000000,167000000,1.13e+08,5.18302e+07,1,5.18302e+07,,,6.78e+08,3.287e+09,4.11e+08,2.272e+09
ZBRA,2024-09-28,2024-10-29,2024-10-29,1255000000,613000000,191000000,1.37e+08,5.19181e+07,1,5.19181e+07,,,6.39e+08,3.421e+09,6.76e+08,2.272e+09
ZBRA,2024-12-31,2025-02-13,2025-02-13,1334000000,648000000,225000000,1.63e+08,5.18797e+07,1,5.18797e+07,,,6.93e+08,3.586e+09,9.01e+08,2.171e+09
ZBRA,2025-03-29,2025-04-29,2025-04-29,1308000000,645000000,195000000,1.36e+08,5.18066e+07,1,5.18066e+07,,,6.81e+08,3.626e+09,8.79e+08,2.252e+09
ZBRA,2025-06-28,2025-08-05,2025-08-05,1293000000,616000000,183000000,1.12e+08,5.12823e+07,1,5.12823e+07,,,6.86e+08,3.617e+09,8.72e+08,2.227e+09
PTC,2009-07-04,2010-08-12,2010-08-12,226159000,,1987000,3.788e+06,1.17074e+08,1,1.17074e+08,,,,,2.31345e+08,0
PTC,2010-01-02,2011-02-09,2011-02-09,258429000,,22341000,1.7863e+07,1.21113e+08,1,1.21113e+08,,,,,2.31144e+08,0
PTC,2010-04-03,2011-05-11,2011-05-11,240556000,,11511000,9.002e+06,1.19856e+08,1,1.19856e+08,,,,,2.22692e+08,0
PTC,2010-07-03,2010-08-12,2010-08-12,242998000,,11978000,1.0718e+07,1.19003e+08,1,1.19003e+08,,,,7.34595e+08,2.19019e+08,0
PTC,2010-09-30,2010-11-23,2010-11-23,268066000,,28945000,-1.3215e+07,1.19925e+08,1,1.19925e+08,,,,7.47304e+08,2.40253e+08,0
PTC,2011-01-01,2011-02-09,2011-02-09,266552000,,17110000,1.326e+07,1.2115e+08,1,1.2115e+08,,,,7.6404e+08,1.82915e+08,0
PTC,2011-04-02,2011-05-11,2011-05-11,269189000,187418000.0,24226000,1.9017e+07,1.21502e+08,1,1.21502e+08,,,,8.03028e+08,2.59504e+08,0
PTC,2011-07-02,2011-08-10,2011-08-10,291783000,201374000.0,24530000,1.5526e+07,1.21164e+08,1,1.21164e+08,,,,8.02144e+08,2.60751e+08,0
PTC,2011-09-30,2011-11-23,2011-11-23,339425000,,51248000,3.7621e+07,1.20974e+08,1,1.20974e+08,,,,8.2269e+08,1.67878e+08,0
PTC,2011-12-31,2012-02-08,2012-02-08,318276000,220057000.0,32505000,2.2123e+07,1.20576e+08,1,1.20576e+08,,,,8.47729e+08,1.87351e+08,0
PTC,2012-03-31,2012-05-09,2012-05-09,301125000,207909000.0,6903000,3.569e+06,1.21401e+08,1,1.21401e+08,,,,8.57993e+08,2.24107e+08,0
PTC,2012-06-30,2012-07-30,2012-07-30,310983000,218129000.0,31083000,2.2895e+07,1.20728e+08,1,1.20728e+08,,,,8.63003e+08,2.38047e+08,0
PTC,2012-09-30,2012-11-16,2012-11-16,325295000,237456000.0,57605000,-8.3985e+07,1.18705e+08,1,1.18705e+08,,,,7.97259e+08,4.89543e+08,0
PTC,2012-12-29,2013-02-06,2013-02-06,319751000,222679000.0,13859000,3.5811e+07,1.21805e+08,1,1.21805e+08,,,,8.25958e+08,2.48392e+08,0
PTC,2013-03-30,2013-05-08,2013-05-08,313949000,220679000.0,21244000,1.7037e+07,1.21071e+08,1,1.21071e+08,,,,8.27799e+08,2.40809e+08,0
PTC,2013-06-29,2013-08-07,2013-08-07,314996000,223828000.0,43215000,3.4455e+07,1.20828e+08,1,1.20828e+08,,,,8.50705e+08,2.57031e+08,0
PTC,2013-09-30,2013-11-22,2013-11-22,344845000,253316000.0,49006000,5.6466e+07,1.2124e+08,1,1.2124e+08,,,,9.2648e+08,2.41913e+08,0
PTC,2013-12-28,2014-02-04,2014-02-04,324925000,231969000.0,54871000,3.9657e+07,1.211e+08,1,1.211e+08,,,,9.68648e+08,3.71377e+08,0
PTC,2014-03-29,2014-05-06,2014-05-06,328700000,234903000.0,51213000,4.3756e+07,1.20698e+08,1,1.20698e+08,,,,9.82421e+08,2.7047e+08,0
PTC,2014-06-28,2014-08-05,2014-08-05,336634000,245558000.0,54384000,3.8026e+07,1.19901e+08,1,1.19901e+08,,,,9.72469e+08,3.04173e+08,0
PTC,2014-09-30,2014-11-26,2014-11-26,366708000,270854000.0,36108000,3.8755e+07,1.19984e+08,1,1.19984e+08,,,,8.53889e+08,2.93654e+08,0
PTC,2015-01-03,2015-02-10,2015-02-10,325442000,232500000.0,37631000,3.0284e+07,1.17027e+08,1,1.17027e+08,,,,8.55453e+08,2.61052e+08,0
PTC,2015-04-04,2015-05-11,2015-05-11,314119000,228065000.0,3988000,5.392e+06,1.15922e+08,1,1.15922e+08,,,,8.5422e+08,2.67815e+08,0
PTC,2015-07-04,2015-08-11,2015-08-11,303113000,223737000.0,21607000,1.7435e+07,1.16025e+08,1,1.16025e+08,,,,8.30323e+08,2.7506e+08,0
PTC,2015-09-30,2015-11-23,2015-11-23,312568000,236206000.0,-21610000,-5.554e+06,1.16012e+08,1,1.16012e+08,,,,8.60171e+08,2.73417e+08,6.68125e+08
PTC,2016-01-02,2016-02-10,2016-02-10,291017000,210870000.0,-13292000,-2.3892e+07,1.14151e+08,1,1.14151e+08,,,,8.35937e+08,2.96797e+08,0
PTC,2016-04-02,2016-05-11,2016-05-11,272627000,192436000.0,1758000,-5.173e+06,1.14563e+08,1,1.14563e+08,,,,8.54104e+08,3.68456e+08,0
PTC,2016-07-02,2016-08-11,2016-08-11,288652000,206182000.0,7596000,3.073e+06,1.15698e+08,1,1.15698e+08,,,,8.62661e+08,2.94626e+08,7.78125e+08
PTC,2016-09-30,2016-11-18,2016-11-18,288237000,205380000.0,-33076000,-2.8473e+07,1.14612e+08,1,1.14612e+08,,,,8.42666e+08,2.77935e+08,7.58125e+08
PTC,2016-12-31,2017-02-09,2017-02-09,286327000,204212000.0,4561000,-9.141e+06,1.1529e+08,1,1.1529e+08,,,,8.18965e+08,1.73367e+08,7.38125e+08
PTC,2017-04-01,2017-05-11,2017-05-11,280040000,198210000.0,7513000,-1.104e+06,1.15709e+08,1,1.15709e+08,,,,8.47344e+08,2.43316e+08,7.18125e+08
PTC,2017-07-01,2017-08-08,2017-08-08,291293000,209025000.0,11256000,-951000,1.15615e+08,1,1.15615e+08,,,,8.3538e+08,2.60695e+08,7.18125e+08
PTC,2017-09-30,2017-11-29,2017-11-29,306379000,223573000.0,17568000,1.7435e+07,1.17356e+08,1,1.17356e+08,,,,8.85436e+08,2.80003e+08,7.18125e+08
PTC,2017-12-30,2018-02-06,2018-02-06,306644000,223686000.0,17472000,1.3877e+07,1.17656e+08,1,1.17656e+08,,,,8.89099e+08,2.91679e+08,7.48125e+08
PTC,2018-03-31,2018-05-02,2018-05-02,307883000,224252000.0,22366000,7.922e+06,1.17905e+08,1,1.17905e+08,,,,9.27724e+08,2.99776e+08,6.48125e+08
PTC,2018-06-30,2018-08-01,2018-08-01,314777000,233221000.0,21703000,1.6997e+07,1.175e+08,1,1.175e+08,,,,8.34385e+08,2.66552e+08,6.98125e+08
PTC,2018-09-30,2018-11-16,2018-11-16,312520000,234471000.0,11696000,1.3191e+07,1.18158e+08,1,1.18158e+08,,,,8.74589e+08,2.59946e+08,6.48125e+08
PTC,2018-12-29,2019-02-07,2019-02-07,334689000,257337000.0,30044000,2.0985e+07,1.19638e+08,1,1.19638e+08,,,,1.32117e+09,2.7699e+08,7.83125e+08
PTC,2019-03-30,2019-05-09,2019-05-09,290451000,210547000.0,-22858000,-4.3513e+07,1.18461e+08,1,1.18461e+08,,,,1.24771e+09,2.94299e+08,7.43125e+08
PTC,2019-06-29,2019-08-08,2019-08-08,295486000,212781000.0,9305000,-1.4758e+07,1.16133e+08,1,1.16133e+08,,,,1.2156e+09,2.67862e+08,6.98916e+08
PTC,2019-09-30,2019-11-18,2019-11-18,335005000,249588000.0,46551000,9.826e+06,1.17724e+08,1,1.17724e+08,,,,1.202e+09,2.69579e+08,6.69134e+08
PTC,2019-12-28,2020-01-27,2020-01-27,356110000,268705000.0,30425000,3.5455e+07,1.15691e+08,1,1.15691e+08,,,,1.24782e+09,2.37017e+08,1.12434e+09
PTC,2020-03-28,2020-05-06,2020-05-06,359603000,276576000.0,50025000,7.156e+06,1.16017e+08,1,1.16017e+08,,,,1.27408e+09,8.26776e+08,1.63072e+09
PTC,2020-06-27,2020-08-05,2020-08-05,351721000,272497000.0,63401000,3.4678e+07,1.16229e+08,1,1.16229e+08,,,,1.32757e+09,3.77428e+08,1.1247e+09
PTC,2020-09-30,2020-11-20,2020-11-20,390981000,306366000.0,67012000,5.3406e+07,1.16267e+08,1,1.16267e+08,,,,1.43825e+09,2.75458e+08,1.00531e+09
PTC,2020-12-31,2021-02-04,2021-02-04,429050000,342220000.0,90338000,2.3515e+07,1.17605e+08,1,1.17605e+08,,,,1.49493e+09,3.98697e+08,9.87857e+08
PTC,2021-03-31,2021-05-04,2021-05-04,461785000,372337000.0,101690000,1.09262e+08,1.18331e+08,1,1.18331e+08,,,,1.65053e+09,3.26081e+08,1.50839e+09
PTC,2021-06-30,2021-08-03,2021-08-03,435668000,340591000.0,73582000,5.1203e+07,1.18611e+08,1,1.18611e+08,,,,1.72496e+09,3.65756e+08,1.47893e+09
PTC,2021-09-30,2021-11-22,2021-11-22,480656000,380909000.0,115138000,2.92943e+08,1.18367e+08,1,1.18367e+08,,,,2.03847e+09,3.26532e+08,1.43947e+09
PTC,2021-12-31,2022-02-07,2022-02-07,457721000,362603000.0,62178000,4.6089e+07,1.18598e+08,1,1.18598e+08,,,,1.95381e+09,2.96125e+08,1.44001e+09
PTC,2022-03-31,2022-05-05,2022-05-05,505227000,411890000.0,159190000,8.9679e+07,1.17811e+08,1,1.17811e+08,,,,2.08398e+09,3.06701e+08,1.26555e+09
PTC,2022-06-30,2022-08-05,2022-08-05,462474000,360479000.0,79977000,7.0476e+07,1.17968e+08,1,1.17968e+08,,,,2.15717e+09,3.22326e+08,1.42508e+09
PTC,2022-09-30,2022-11-15,2022-11-15,507925000,412395000.0,146017000,1.06837e+08,1.18233e+08,1,1.18233e+08,,,,2.29603e+09,2.72182e+08,1.35063e+09
PTC,2022-12-31,2023-02-09,2023-02-09,465910000,370120000.0,104901000,7.5035e+07,1.18788e+08,1,1.18788e+08,,,,2.40055e+09,3.87588e+08,1.35117e+09
PTC,2023-03-31,2023-05-03,2023-05-03,542181000,428675000.0,122539000,6.3504e+07,1.19041e+08,1,1.19041e+08,,,,2.51853e+09,3.20477e+08,1.9177e+09
PTC,2023-06-30,2023-08-04,2023-08-04,542342000,426488000.0,109900000,6.1398e+07,1.19392e+08,1,1.19392e+08,,,,2.59866e+09,2.81513e+08,1.73824e+09
PTC,2023-09-30,2023-11-20,2023-11-20,546620000,430764000.0,121134000,4.5603e+07,1.19334e+08,1,1.19334e+08,,,,2.67729e+09,2.88103e+08,1.69578e+09
PTC,2023-12-31,2024-02-02,2024-02-02,550214000,440194000.0,118713000,6.6387e+07,1.2025e+08,1,1.2025e+08,,,,2.80665e+09,2.64997e+08,2.26086e+09
PTC,2024-03-31,2024-05-03,2024-05-03,603072000,493017000.0,179555000,1.14445e+08,1.20712e+08,1,1.20712e+08,,,,2.94313e+09,2.48971e+08,2.00574e+09
PTC,2024-06-30,2024-08-02,2024-08-02,518639000,406723000.0,95821000,6.8978e+07,1.20822e+08,1,1.20822e+08,,,,3.01468e+09,2.47749e+08,1.81115e+09
PTC,2024-09-30,2024-11-14,2024-11-14,626547000,513722000.0,193973000,1.26523e+08,1.20742e+08,1,1.20742e+08,,,,3.2144e+09,2.65808e+08,1.74857e+09
PTC,2024-12-31,2025-02-06,2025-02-06,565128000,453331000.0,115524000,8.2232e+07,1.21145e+08,1,1.21145e+08,,,,3.22982e+09,1.96338e+08,1.54399e+09
PTC,2025-03-31,2025-05-01,2025-05-01,636366000,530104000.0,223464000,1.62644e+08,1.20854e+08,1,1.20854e+08,,,,3.38646e+09,2.35169e+08,1.38939e+09
PTC,2025-06-30,2025-07-31,2025-07-31,643937000,533912000.0,209828000,1.41328e+08,1.20461e+08,1,1.20461e+08,,,,3.51288e+09,1.99321e+08,1.23341e+09
TYL,2010-03-31,2012-02-23,2012-02-23,69820000,30019000,,4.872e+06,3.6655e+07,1,3.6655e+07,,,,,,0
TYL,2010-06-30,2011-07-28,2011-07-28,72600000,32475000,10485000.0,6.249e+06,3.6203e+07,1,3.6203e+07,,,,,1.192e+06,0
TYL,2010-09-30,2011-10-27,2011-10-27,73769000,33207000,11831000.0,6.723e+06,3.541e+07,1,3.541e+07,,,,,6.449e+06,0
TYL,2010-12-31,2012-02-23,2012-02-23,72439000,32616000,,7.21e+06,3.3895e+07,1,3.3895e+07,,,,1.06972e+08,2.114e+06,0
TYL,2011-03-31,2012-02-23,2012-02-23,73393000,32623000,9982000.0,5.728e+06,3.372e+07,1,3.372e+07,,,,,2.248e+06,0
TYL,2011-06-30,2011-07-28,2011-07-28,76735000,34137000,9833000.0,5.624e+06,3.3848e+07,1,3.3848e+07,,,,1.0445e+08,1.412e+06,0
TYL,2011-09-30,2011-10-27,2011-10-27,77184000,36132000,12380000.0,7.506e+06,3.296e+07,1,3.296e+07,,,,6.4712e+07,5.28e+06,0
TYL,2011-12-31,2012-02-23,2012-02-23,82079000,39020000,14322000.0,8.699e+06,3.2031e+07,1,3.2031e+07,,,,7.811e+07,1.326e+06,0
TYL,2012-03-31,2012-04-26,2012-04-26,82723000,37419000,10044000.0,5.681e+06,3.253e+07,1,3.253e+07,,,,8.7747e+07,9.932e+06,0
TYL,2012-06-30,2012-07-26,2012-07-26,91368000,40699000,12455000.0,7.105e+06,3.2769e+07,1,3.2769e+07,,,,9.9607e+07,312000,0
TYL,2012-09-30,2012-10-25,2012-10-25,93845000,44944000,18659000.0,1.0832e+07,3.2986e+07,1,3.2986e+07,,,,1.18009e+08,103000,0
TYL,2012-12-31,2013-02-20,2013-02-20,95368000,44640000,15419000.0,9.376e+06,3.3421e+07,1,3.3421e+07,,,,1.45299e+08,6.406e+06,0
TYL,2013-03-31,2013-04-25,2013-04-25,95799000,43845000,14470000.0,8.493e+06,3.3948e+07,1,3.3948e+07,,,,1.60198e+08,4.495e+06,0
TYL,2013-06-30,2013-07-25,2013-07-25,103088000,47042000,15349000.0,9.047e+06,3.429e+07,1,3.429e+07,,,,1.80155e+08,3.068e+06,0
TYL,2013-09-30,2013-10-24,2013-10-24,107021000,49549000,17857000.0,1.1049e+07,3.4764e+07,1,3.4764e+07,,,,2.07628e+08,5.2121e+07,0
TYL,2013-12-31,2014-02-19,2014-02-19,110735000,52767000,19452000.0,1.0512e+07,3.5348e+07,1,3.5348e+07,,,,2.46319e+08,7.8876e+07,0
TYL,2014-03-31,2014-04-23,2014-04-23,112626000,52530000,19862000.0,1.1883e+07,3.55e+07,1,3.55e+07,,,,2.66704e+08,9.7145e+07,0
TYL,2014-06-30,2014-07-23,2014-07-23,124371000,58558000,23622000.0,1.474e+07,3.5161e+07,1,3.5161e+07,,,,2.66479e+08,8.8092e+07,0
TYL,2014-09-30,2014-10-22,2014-10-22,128664000,61792000,26745000.0,1.7e+07,3.5284e+07,1,3.5284e+07,,,,2.95991e+08,1.57431e+08,0
TYL,2014-12-31,2015-02-18,2015-02-18,127440000,60491000,24593000.0,1.5317e+07,3.5661e+07,1,3.5661e+07,,,,3.36973e+08,2.06167e+08,0
TYL,2015-03-31,2015-04-22,2015-04-22,134966000,63879000,27178000.0,1.7273e+07,3.5895e+07,1,3.5895e+07,,,,3.66388e+08,1.94721e+08,0
TYL,2015-06-30,2015-07-22,2015-07-22,146295000,68253000,29596000.0,1.8836e+07,3.6097e+07,1,3.6097e+07,,,,4.00617e+08,2.04103e+08,0
TYL,2015-09-30,2015-10-21,2015-10-21,150845000,71833000,31489000.0,2.0142e+07,3.6349e+07,1,3.6349e+07,,,,4.31095e+08,2.47738e+08,0
TYL,2015-12-31,2016-02-24,2016-02-24,158916000,73222000,19780000.0,8.618e+06,3.7864e+07,1,3.7864e+07,,,,8.58857e+08,4.651e+07,0
TYL,2016-03-31,2016-04-27,2016-04-27,179293000,82118000,28041000.0,1.7079e+07,3.8557e+07,1,3.8557e+07,,,,7.91989e+08,5.3673e+07,0
TYL,2016-06-30,2016-07-28,2016-07-28,188972000,86936000,30915000.0,1.8872e+07,3.8196e+07,1,3.8196e+07,,,,8.29308e+08,6.3969e+07,0
TYL,2016-09-30,2016-10-26,2016-10-26,194497000,93480000,36945000.0,2.2264e+07,3.8506e+07,1,3.8506e+07,,,,8.82255e+08,4.7078e+07,0
TYL,2016-12-31,2017-02-22,2017-02-22,193281000,92817000,35404000.0,3.1196e+07,3.8975e+07,1,3.8975e+07,,,,9.15525e+08,5.6424e+07,0
TYL,2017-03-31,2017-04-26,2017-04-26,199542000,94348000,36149000.0,3.2306e+07,3.8932e+07,1,3.8932e+07,,,,9.66837e+08,8.3787e+07,0
TYL,2017-06-30,2017-07-26,2017-07-26,209123000,95863000,37075000.0,3.1578e+07,3.9201e+07,1,3.9201e+07,,,,1.0176e+09,7.9781e+07,0
TYL,2017-09-30,2017-10-25,2017-10-25,214146000,103429000,43447000.0,3.8263e+07,3.9342e+07,1,3.9342e+07,,,,1.07778e+09,1.64514e+08,0
TYL,2017-12-31,2018-02-21,2018-02-21,217851000,105500000,44259000.0,6.1798e+07,3.9499e+07,1,3.9499e+07,,,,1.16709e+09,2.29085e+08,0
TYL,2018-03-31,2018-05-10,2018-05-10,221174000,102805000,38838000.0,3.7825e+07,3.9836e+07,1,3.9836e+07,,,,1.26121e+09,2.76474e+08,0
TYL,2018-06-30,2018-08-01,2018-08-01,236060000,109276000,37142000.0,3.9161e+07,4.0224e+07,1,4.0224e+07,,,,1.34029e+09,1.52706e+08,0
TYL,2018-09-30,2018-10-31,2018-10-31,236067000,111626000,37585000.0,3.8924e+07,4.0528e+07,1,4.0528e+07,,,,1.42213e+09,2.71801e+08,0
TYL,2018-12-31,2019-02-20,2019-02-20,241981000,115871000,38927000.0,3.1552e+07,3.9891e+07,1,3.9891e+07,,,,1.32485e+09,1.78585e+08,0
TYL,2019-03-31,2019-05-08,2019-05-08,247066000,116048000,34491000.0,2.7348e+07,3.9585e+07,1,3.9585e+07,,,,1.35874e+09,7.6395e+07,0
TYL,2019-06-30,2019-08-02,2019-08-02,275124000,127860000,36666000.0,3.1999e+07,3.9813e+07,1,3.9813e+07,,,,1.42163e+09,4.2371e+07,0
TYL,2019-09-30,2019-10-30,2019-10-30,275400000,130717000,40053000.0,4.039e+07,4.028e+07,1,4.028e+07,,,,1.5196e+09,1.94369e+08,0
TYL,2019-12-31,2020-02-19,2020-02-19,288837000,142275000,45157000.0,4.679e+07,4.0736e+07,1,4.0736e+07,,,,1.61706e+09,2.72081e+08,0
TYL,2020-03-31,2020-04-29,2020-04-29,276541000,129131000,33893000.0,4.755e+07,4.1144e+07,1,4.1144e+07,,,,1.71283e+09,3.40235e+08,0
TYL,2020-06-30,2020-07-29,2020-07-29,271091000,131203000,41341000.0,5.3892e+07,4.1416e+07,1,4.1416e+07,,,,1.82933e+09,4.03688e+08,0
TYL,2020-09-30,2020-11-04,2020-11-04,285746000,143509000,49656000.0,3.9284e+07,4.1606e+07,1,4.1606e+07,,,,1.89814e+09,5.7428e+08,0
TYL,2020-12-31,2021-02-19,2021-02-19,283285000,138669000,48036000.0,5.4094e+07,4.1925e+07,1,4.1925e+07,,,,1.98611e+09,6.7581e+08,0
TYL,2021-03-31,2021-05-06,2021-05-06,294802000,144207000,38208000.0,3.6976e+07,4.2056e+07,1,4.2056e+07,,,,2.06099e+09,1.30978e+09,0
TYL,2021-06-30,2021-08-03,2021-08-03,404075000,182061000,38291000.0,2.553e+07,4.2094e+07,1,4.2094e+07,,,,2.10799e+09,2.67996e+08,9.87559e+08
TYL,2021-09-30,2021-11-01,2021-11-01,459873000,196216000,56184000.0,4.417e+07,4.2286e+07,1,4.2286e+07,,,,2.20077e+09,2.83483e+08,8.65535e+08
TYL,2021-12-31,2022-02-23,2022-02-23,433537000,187160000,48052000.0,5.4782e+07,4.2244e+07,1,4.2244e+07,,,,2.32403e+09,3.61471e+08,7.78511e+08
TYL,2022-03-31,2022-04-27,2022-04-27,456108000,192418000,55868000.0,3.9984e+07,4.2443e+07,1,4.2443e+07,,,,2.38773e+09,2.88235e+08,1.35218e+09
TYL,2022-06-30,2022-07-29,2022-07-29,468685000,193448000,56757000.0,3.9946e+07,4.2321e+07,1,4.2321e+07,,,,2.45833e+09,2.87528e+08,1.29309e+09
TYL,2022-09-30,2022-10-27,2022-10-27,473191000,204663000,60913000.0,5.3233e+07,4.2407e+07,1,4.2407e+07,,,,2.5473e+09,2.25287e+08,1.10619e+09
TYL,2022-12-31,2023-02-22,2023-02-22,452220000,193334000,40711000.0,3.1077e+07,4.2399e+07,1,4.2399e+07,,,,2.62439e+09,2.10887e+08,1.01739e+09
TYL,2023-03-31,2023-04-26,2023-04-26,471853000,199837000,44980000.0,3.0875e+07,4.2506e+07,1,4.2506e+07,,,,2.68613e+09,1.59655e+08,8.98517e+08
TYL,2023-06-30,2023-07-26,2023-07-26,504279000,223177000,61874000.0,4.913e+07,4.2751e+07,1,4.2751e+07,,,,2.76825e+09,1.37864e+08,8.99074e+08
TYL,2023-09-30,2023-11-01,2023-11-01,494684000,225160000,63935000.0,4.7011e+07,4.2841e+07,1,4.2841e+07,,,,2.85285e+09,1.43109e+08,7.6517e+08
TYL,2023-12-31,2024-02-21,2024-02-21,480935000,212925000,47748000.0,3.8903e+07,4.2769e+07,1,4.2769e+07,,,,2.938e+09,1.75878e+08,6.95808e+08
TYL,2024-03-31,2024-04-24,2024-04-24,512359000,223666000,66978000.0,5.417e+07,4.31e+07,1,4.31e+07,,,,3.02314e+09,1.96944e+08,5.96638e+08
TYL,2024-06-30,2024-07-31,2024-07-31,540976000,237816000,78035000.0,6.7738e+07,4.3275e+07,1,4.3275e+07,,,,3.13211e+09,2.5801e+08,5.97069e+08
TYL,2024-09-30,2024-10-23,2024-10-23,543337000,237460000,82827000.0,7.5897e+07,4.3694e+07,1,4.3694e+07,,,,3.27511e+09,5.44281e+08,5.97502e+08
TYL,2024-12-31,2025-02-19,2025-02-19,541131000,236819000,71686000.0,6.5221e+07,4.3497e+07,1,4.3497e+07,,,,3.38842e+09,7.67978e+08,5.97934e+08
TYL,2025-03-31,2025-04-25,2025-04-25,565165000,267081000,89173000.0,8.1052e+07,4.3943e+07,1,4.3943e+07,,,,3.5127e+09,8.07403e+08,5.98366e+08
TYL,2025-06-30,2025-07-30,2025-07-30,596117000,273184000,95596000.0,8.4627e+07,4.3929e+07,1,4.3929e+07,,,,3.63467e+09,8.92346e+08,5.98798e+08
FICO,2009-06-30,2010-08-06,2010-08-06,156018000,107858000.0,33229000,1.8139e+07,4.8986e+07,1,4.8986e+07,,,,,2.40346e+08,0
FICO,2009-12-31,2011-02-09,2011-02-09,151496000,108977000.0,31633000,1.7686e+07,4.7915e+07,1,4.7915e+07,,,,,2.06207e+08,0
FICO,2010-03-31,2011-05-10,2011-05-10,143720000,99079000.0,23061000,1.2992e+07,4.687e+07,1,4.687e+07,,,,,1.9091e+08,0
FICO,2010-06-30,2010-08-06,2010-08-06,155329000,110013000.0,31077000,1.7938e+07,4.4885e+07,1,4.4885e+07,,,,5.07116e+08,1.12612e+08,8e+06
FICO,2010-09-30,2011-11-18,2011-11-18,155098000,106642000.0,27578000,1.5841e+07,4.159e+07,1,4.159e+07,,,,4.74914e+08,1.46199e+08,8e+06
FICO,2010-12-31,2011-02-09,2011-02-09,155931000,110128000.0,29636000,1.6009e+07,4.0439e+07,1,4.0439e+07,,,,4.91458e+08,1.96432e+08,8e+06
FICO,2011-03-31,2011-05-10,2011-05-10,152824000,104318000.0,19192000,7.745e+06,4.0618e+07,1,4.0618e+07,,,,4.98277e+08,2.58294e+08,8e+06
FICO,2011-06-30,2011-08-08,2011-08-08,150679000,107281000.0,37406000,2.3189e+07,4.0241e+07,1,4.0241e+07,,,,4.87786e+08,1.40917e+08,8e+06
FICO,2011-09-30,2011-11-18,2011-11-18,160249000,111486000.0,41103000,2.4619e+07,3.8687e+07,1,3.8687e+07,,,,4.65494e+08,1.35752e+08,5.12e+08
FICO,2011-12-31,2012-02-02,2012-02-02,170349000,124375000.0,52072000,2.9997e+07,3.6887e+07,1,3.6887e+07,0.02,0.02,,4.62258e+08,1.75375e+08,0
FICO,2012-03-31,2012-04-30,2012-04-30,159521000,110707000.0,38196000,2.0012e+07,3.6552e+07,1,3.6552e+07,,,,4.13194e+08,1.46036e+08,0
FICO,2012-06-30,2012-07-30,2012-07-30,160478000,112646000.0,37168000,2.0749e+07,3.5293e+07,1,3.5293e+07,,,,4.0636e+08,1.18681e+08,0
FICO,2012-09-30,2012-11-16,2012-11-16,186075000,130748000.0,40922000,2.1246e+07,3.5513e+07,1,3.5513e+07,,,,4.74406e+08,7.1609e+07,5.53e+08
FICO,2012-12-31,2013-01-30,2013-01-30,190020000,133872000.0,42994000,2.3421e+07,3.6151e+07,1,3.6151e+07,0.02,0.02,,5.08728e+08,9.0839e+07,0
FICO,2013-03-31,2013-04-29,2013-04-29,179325000,120469000.0,33206000,1.8495e+07,3.6492e+07,1,3.6492e+07,,,,5.30225e+08,1.3115e+08,0
FICO,2013-06-30,2013-07-30,2013-07-30,183772000,126117000.0,35208000,1.9622e+07,3.6385e+07,1,3.6385e+07,,,,5.15237e+08,9.3019e+07,0
FICO,2013-09-30,2013-11-12,2013-11-12,190327000,133518000.0,50185000,2.8557e+07,3.6151e+07,1,3.6151e+07,,,,5.30677e+08,8.3178e+07,4.78e+08
FICO,2013-12-31,2014-01-28,2014-01-28,184343000,127024000.0,35270000,1.6977e+07,3.582e+07,1,3.582e+07,0.02,0.02,,5.39423e+08,9.5937e+07,3.1e+07
FICO,2014-03-31,2014-04-28,2014-04-28,185462000,127279000.0,38737000,2.0751e+07,3.5311e+07,1,3.5311e+07,,,,5.33581e+08,1.08176e+08,3.6e+07
FICO,2014-06-30,2014-07-28,2014-07-28,197610000,134858000.0,36421000,2.0548e+07,3.5162e+07,1,3.5162e+07,,,,4.79174e+08,9.3109e+07,1.54e+08
FICO,2014-09-30,2014-11-10,2014-11-10,221570000,150544000.0,51440000,3.6603e+07,3.3217e+07,1,3.3217e+07,,,,4.54614e+08,1.05075e+08,6.17e+08
FICO,2014-12-31,2015-01-29,2015-01-29,189550000,123250000.0,24880000,1.4407e+07,3.3128e+07,1,3.3128e+07,,,,4.03221e+08,9.4651e+07,2.31e+08
FICO,2015-03-31,2015-04-27,2015-04-27,207109000,136118000.0,34399000,1.887e+07,3.2448e+07,1,3.2448e+07,,,,3.81162e+08,8.6841e+07,6.58e+08
FICO,2015-06-30,2015-07-30,2015-07-30,209366000,143164000.0,37054000,1.9906e+07,3.2363e+07,1,3.2363e+07,,,,3.96662e+08,8.4358e+07,6.48e+08
FICO,2015-09-30,2015-11-10,2015-11-10,232756000,165714000.0,41172000,3.3319e+07,3.2494e+07,1,3.2494e+07,,,,4.36998e+08,8.612e+07,4.68e+08
FICO,2015-12-31,2016-01-28,2016-01-28,200076000,137883000.0,30834000,1.9241e+07,3.2436e+07,1,3.2436e+07,,,,4.22168e+08,9.071e+07,6.19e+08
FICO,2016-03-31,2016-05-04,2016-05-04,206678000,144380000.0,38524000,2.3116e+07,3.2262e+07,1,3.2262e+07,,,,4.2538e+08,8.5374e+07,6.11e+08
FICO,2016-06-30,2016-07-28,2016-07-28,238778000,172394000.0,55319000,3.4987e+07,3.2313e+07,1,3.2313e+07,,,,4.28041e+08,1.18155e+08,6.01e+08
FICO,2016-09-30,2016-11-10,2016-11-10,235824000,161526000.0,44915000,3.2104e+07,3.2221e+07,1,3.2221e+07,,,,4.46828e+08,7.5926e+07,3.93e+08
FICO,2016-12-31,2017-01-31,2017-01-31,219600000,149603000.0,34927000,3.7901e+07,3.2536e+07,1,3.2536e+07,,,,4.21906e+08,8.8101e+07,6.20672e+08
FICO,2017-03-31,2017-04-27,2017-04-27,228378000,156247000.0,40041000,2.5084e+07,3.226e+07,1,3.226e+07,,,,4.27101e+08,1.15848e+08,6.2572e+08
FICO,2017-06-30,2017-07-31,2017-07-31,230986000,161193000.0,41429000,2.5227e+07,3.2224e+07,1,3.2224e+07,,,,4.32755e+08,1.30667e+08,6.11767e+08
FICO,2017-09-30,2017-11-09,2017-11-09,253205000,178003000.0,60803000,4.0044e+07,3.1963e+07,1,3.1963e+07,,,,4.26537e+08,1.05618e+08,3.86e+08
FICO,2017-12-31,2018-01-25,2018-01-25,235321000,160962000.0,39904000,2.7299e+07,3.1561e+07,1,3.1561e+07,,,,3.85642e+08,9.4213e+07,6.63834e+08
FICO,2018-03-31,2018-04-26,2018-04-26,257858000,179339000.0,48079000,3.2275e+07,3.13e+07,1,3.13e+07,,,,3.70703e+08,1.07868e+08,7.03868e+08
FICO,2018-06-30,2018-07-26,2018-07-26,259505000,181115000.0,48376000,3.2361e+07,3.1161e+07,1,3.1161e+07,,,,2.94644e+08,1.19929e+08,7.58713e+08
FICO,2018-09-30,2018-11-09,2018-11-09,279791000,200360000.0,70078000,5.048e+07,3.0702e+07,1,3.0702e+07,,,,2.63737e+08,9.0023e+07,7.48e+08
FICO,2018-12-31,2019-01-30,2019-01-30,262256000,186190000.0,49004000,4.0007e+07,3.0336e+07,1,3.0336e+07,,,,2.27895e+08,7.9896e+07,8.32157e+08
FICO,2019-03-31,2019-04-30,2019-04-30,278234000,192666000.0,48549000,3.3381e+07,3.0259e+07,1,3.0259e+07,,,,2.47478e+08,7.6885e+07,8.22369e+08
FICO,2019-06-30,2019-07-31,2019-07-31,314249000,227034000.0,85708000,6.4152e+07,3.0292e+07,1,3.0292e+07,,,,2.68317e+08,7.8808e+07,8.22582e+08
FICO,2019-09-30,2019-11-08,2019-11-08,305344000,217348000.0,70287000,5.4584e+07,3.029e+07,1,3.029e+07,,,,2.89767e+08,1.06426e+08,7.03e+08
FICO,2019-12-31,2020-01-30,2020-01-30,298504000,207746000.0,51882000,5.4921e+07,3.0169e+07,1,3.0169e+07,,,,2.40961e+08,1.11216e+08,9.18259e+08
FICO,2020-03-31,2020-04-29,2020-04-29,307971000,219832000.0,75726000,5.8288e+07,2.9985e+07,1,2.9985e+07,,,,2.14151e+08,1.08966e+08,9.47632e+08
FICO,2020-06-30,2020-07-29,2020-07-29,313731000,225162000.0,82871000,6.4076e+07,2.9744e+07,1,2.9744e+07,,,,2.47286e+08,1.25673e+08,9.27039e+08
FICO,2020-09-30,2020-11-12,2020-11-12,374356000,280680000.0,85490000,5.9126e+07,2.9833e+07,1,2.9833e+07,,,,3.31082e+08,1.57394e+08,8.45e+08
FICO,2020-12-31,2021-01-28,2021-01-28,312414000,222886000.0,94721000,8.6492e+07,2.9789e+07,1,2.9789e+07,,,,3.24121e+08,1.44662e+08,8.70831e+08
FICO,2021-03-31,2021-05-05,2021-05-05,331361000,243028000.0,101199000,6.8674e+07,2.9531e+07,1,2.9531e+07,,,,2.23303e+08,1.97836e+08,9.65226e+08
FICO,2021-06-30,2021-08-03,2021-08-03,338184000,255944000.0,194384000,1.51198e+08,2.9195e+07,1,2.9195e+07,,,,1.24838e+08,2.37612e+08,1.05662e+09
FICO,2021-09-30,2021-11-10,2021-11-10,334577000,262216000.0,115185000,8.572e+07,2.926e+07,1,2.926e+07,,,,-1.10942e+08,1.95354e+08,1e+09
FICO,2021-12-31,2022-01-27,2022-01-27,322361000,253158000.0,115586000,8.4959e+07,2.7524e+07,1,2.7524e+07,,,,-5.38299e+08,1.62157e+08,1.63329e+09
FICO,2022-03-31,2022-04-27,2022-04-27,357195000,285401000.0,152057000,1.04383e+08,2.6421e+07,1,2.6421e+07,,,,-6.63416e+08,1.74219e+08,1.79467e+09
FICO,2022-06-30,2022-08-03,2022-08-03,348966000,270275000.0,140615000,9.35e+07,2.5867e+07,1,2.5867e+07,,,,-8.47472e+08,1.55062e+08,1.95667e+09
FICO,2022-09-30,2022-11-09,2022-11-09,348748000,266262000.0,134156000,9.0699e+07,2.6347e+07,1,2.6347e+07,,,,-8.01947e+08,1.33202e+08,1.85367e+09
FICO,2022-12-31,2023-01-26,2023-01-26,344870000,268301000.0,140339000,9.7643e+07,2.5443e+07,1,2.5443e+07,,,,-8.02095e+08,1.39856e+08,1.92067e+09
FICO,2023-03-31,2023-04-27,2023-04-27,380266000,300460000.0,159761000,1.0155e+08,2.5419e+07,1,2.5419e+07,,,,-7.70793e+08,1.37771e+08,1.92466e+09
FICO,2023-06-30,2023-08-02,2023-08-02,398688000,326842000.0,177031000,1.28758e+08,2.5337e+07,1,2.5337e+07,,,,-7.03976e+08,1.63022e+08,1.92966e+09
FICO,2023-09-30,2023-11-08,2023-11-08,389733000,306901000.0,165699000,1.01424e+08,2.5367e+07,1,2.5367e+07,,,,-6.8799e+08,1.36778e+08,1.86166e+09
FICO,2023-12-31,2024-01-25,2024-01-25,382059000,298598000.0,151359000,1.21065e+08,2.5219e+07,1,2.5219e+07,,,,-7.25765e+08,1.60421e+08,1.96166e+09
FICO,2024-03-31,2024-04-25,2024-04-25,433809000,346863000.0,194841000,1.29799e+08,2.5154e+07,1,2.5154e+07,,,,-7.3566e+08,1.35667e+08,2.04365e+09
FICO,2024-06-30,2024-07-31,2024-07-31,447849000,359624000.0,190251000,1.26256e+08,2.5015e+07,1,2.5015e+07,,,,-8.29306e+08,1.56043e+08,2.11994e+09
FICO,2024-09-30,2024-11-06,2024-11-06,453809000,364235000.0,197178000,1.35691e+08,2.5079e+07,1,2.5079e+07,,,,-9.62679e+08,1.50667e+08,2.20902e+09
FICO,2024-12-31,2025-02-04,2025-02-04,439968000,352623000.0,179528000,1.52528e+08,2.4827e+07,1,2.4827e+07,,,,-1.13816e+09,1.84254e+08,2.4211e+09
FICO,2025-03-31,2025-04-29,2025-04-29,498735000,411105000.0,245648000,1.62615e+08,2.4685e+07,1,2.4685e+07,,,,-1.12405e+09,1.46641e+08,2.52818e+09
FICO,2025-06-30,2025-07-30,2025-07-30,536415000,448844000.0,262518000,1.81789e+08,2.4575e+07,1,2.4575e+07,,,,-1.39745e+09,1.89049e+08,3.1789e+09
IT,2009-06-30,2010-08-09,2010-08-09,269971000,,30761000,1.7185e+07,9.6523e+07,1,9.6523e+07,,,,,9.6964e+07,0
IT,2009-09-30,2010-11-03,2010-11-03,267469000,,27521000,2.0067e+07,9.7657e+07,1,9.7657e+07,,,,,1.12778e+08,0
IT,2010-03-31,2011-05-05,2011-05-05,295833000,,29198000,1.9403e+07,9.9649e+07,1,9.9649e+07,,,,,1.05913e+08,0
IT,2010-06-30,2010-08-09,2010-08-09,314195000,179288000.0,34230000,2.0113e+07,9.8855e+07,1,9.8855e+07,,,,1.06981e+08,1.22364e+08,3.57e+08
IT,2010-09-30,2010-11-03,2010-11-03,296122000,170560000.0,32763000,2.0075e+07,9.8797e+07,1,9.8797e+07,,,,1.54223e+08,1.48412e+08,3e+08
IT,2010-12-31,2011-02-15,2011-02-15,382304000,,53074000,3.6694e+07,9.9834e+07,1,9.9834e+07,,,,1.87056e+08,1.20181e+08,2.20156e+08
IT,2011-03-31,2011-05-05,2011-05-05,329567000,195655000.0,45781000,2.9191e+07,9.9451e+07,1,9.9451e+07,,,,2.1003e+08,1.09003e+08,2.55167e+08
IT,2011-06-30,2011-08-02,2011-08-02,365543000,214492000.0,51568000,3.2223e+07,9.934e+07,1,9.934e+07,,,,2.15819e+08,1.25341e+08,2.2e+08
IT,2011-09-30,2011-11-01,2011-11-01,345784000,203626000.0,47250000,3.0464e+07,9.8259e+07,1,9.8259e+07,,,,1.94067e+08,1.56903e+08,2.1e+08
IT,2011-12-31,2012-02-23,2012-02-23,427694000,249466000.0,69463000,4.5024e+07,9.8846e+07,1,9.8846e+07,,,,1.81784e+08,1.42739e+08,2e+08
IT,2012-03-31,2012-05-03,2012-05-03,369171000,224097000.0,53556000,3.4221e+07,9.6199e+07,1,9.6199e+07,,,,1.71781e+08,1.38985e+08,2.40293e+08
IT,2012-06-30,2012-08-03,2012-08-03,397482000,237771000.0,62722000,4.1484e+07,9.5423e+07,1,9.5423e+07,,,,2.14991e+08,1.50531e+08,2.00088e+08
IT,2012-09-30,2012-11-06,2012-11-06,374406000,222431000.0,49768000,3.1375e+07,9.5611e+07,1,9.5611e+07,,,,2.61465e+08,2.55391e+08,2e+08
IT,2012-12-31,2013-02-22,2013-02-22,474749000,279415000.0,79661000,5.8823e+07,9.5842e+07,1,9.5842e+07,,,,3.06673e+08,2.99852e+08,2.05e+08
IT,2013-03-31,2013-05-02,2013-05-02,406754000,244860000.0,54005000,3.6675e+07,9.5537e+07,1,9.5537e+07,,,,3.19157e+08,2.69063e+08,2.05e+08
IT,2013-06-30,2013-08-02,2013-08-02,446047000,269710000.0,73987000,4.6514e+07,9.5188e+07,1,9.5188e+07,,,,3.28694e+08,3.33363e+08,2.05e+08
IT,2013-09-30,2013-11-07,2013-11-07,410705000,248538000.0,58743000,3.8194e+07,9.4355e+07,1,9.4355e+07,,,,3.21635e+08,3.74521e+08,2.05e+08
IT,2013-12-31,2014-02-26,2014-02-26,520707000,315057000.0,88757000,6.1418e+07,9.483e+07,1,9.483e+07,,,,3.61316e+08,4.2399e+08,2.05e+08
IT,2014-03-31,2014-05-01,2014-05-01,446702000,279402000.0,59170000,3.7736e+07,9.3209e+07,1,9.3209e+07,,,,2.36723e+08,2.83284e+08,3.55e+08
IT,2014-06-30,2014-08-05,2014-08-05,519820000,318730000.0,81761000,5.304e+07,9.0744e+07,1,9.0744e+07,,,,1.97509e+08,3.17925e+08,3.75e+08
IT,2014-09-30,2014-11-06,2014-11-06,470940000,282833000.0,49391000,3.3846e+07,8.9708e+07,1,8.9708e+07,,,,1.52523e+08,3.4122e+08,3.7e+08
IT,2014-12-31,2015-02-27,2015-02-27,583979000,353264000.0,95840000,5.9144e+07,9.0719e+07,1,9.0719e+07,,,,1.61171e+08,3.65302e+08,4.05e+08
IT,2015-03-31,2015-05-07,2015-05-07,471186000,295834000.0,48682000,2.8351e+07,8.7773e+07,1,8.7773e+07,,,,-1.39513e+08,2.81653e+08,6.65e+08
IT,2015-06-30,2015-07-30,2015-07-30,547936000,,85220000,5.1155e+07,8.4271e+07,1,8.4271e+07,,,,-1.70155e+08,3.57581e+08,7.15e+08
IT,2015-09-30,2015-11-05,2015-11-05,500166000,,52474000,3.0366e+07,8.4113e+07,1,8.4113e+07,,,,-1.59589e+08,3.71244e+08,8.4e+08
IT,2015-12-31,2016-02-24,2016-02-24,643768000,,101621000,6.5763e+07,8.5056e+07,1,8.5056e+07,,,,-1.324e+08,3.72976e+08,8.25e+08
IT,2016-03-31,2016-05-05,2016-05-05,557266000,,64429000,4.0167e+07,8.3464e+07,1,8.3464e+07,,,,-1.1267e+08,4.03943e+08,8.9e+08
IT,2016-06-30,2016-08-04,2016-08-04,609998000,,83299000,4.7911e+07,8.3476e+07,1,8.3476e+07,,,,-5.2828e+07,4.45053e+08,8.96015e+08
IT,2016-09-30,2016-11-03,2016-11-03,574059000,,48726000,3.0484e+07,8.3803e+07,1,8.3803e+07,,,,-1.0498e+07,4.65734e+08,7.76405e+08
IT,2016-12-31,2017-02-22,2017-02-22,703217000,,108687000,7.502e+07,8.382e+07,1,8.382e+07,,,,6.0878e+07,4.74233e+08,7.24391e+08
IT,2017-03-31,2017-05-04,2017-05-04,625169000,,53514000,3.6433e+07,8.4095e+07,1,8.4095e+07,,,,1.02817e+08,1.22789e+09,1.65806e+09
IT,2017-06-30,2017-08-08,2017-08-08,843731000,491727000.0,-98388000,-9.2281e+07,8.9297e+07,1,8.9297e+07,,,,8.53675e+08,5.89282e+08,3.41788e+09
IT,2017-09-30,2017-11-02,2017-11-02,828085000,495878000.0,-24349000,-4.818e+07,9.0624e+07,1,9.0624e+07,,,,8.6341e+08,6.30016e+08,3.34183e+09
IT,2017-12-31,2018-02-22,2018-02-22,1014509000,,62894000,1.07307e+08,8.979e+07,1,8.979e+07,,,,9.83465e+08,5.38908e+08,3.27884e+09
IT,2018-03-31,2018-05-08,2018-05-08,963565000,606356000.0,-8711000,-1.9587e+07,9.1005e+07,1,9.1005e+07,,,,9.87571e+08,1.89979e+08,2.97578e+09
IT,2018-06-30,2018-08-01,2018-08-01,1001336000,633699000.0,86096000,4.627e+07,9.2156e+07,1,9.2156e+07,,,,9.21432e+08,1.41805e+08,2.43084e+09
IT,2018-09-30,2018-11-01,2018-11-01,921674000,585562000.0,52724000,1.1753e+07,9.2148e+07,1,9.2148e+07,,,,9.41548e+08,2.10997e+08,2.17076e+09
IT,2018-12-31,2019-02-22,2019-02-22,1088879000,681037000.0,129606000,8.402e+07,9.2122e+07,1,9.2122e+07,,,,8.50757e+08,1.56368e+08,2.28169e+09
IT,2019-03-31,2019-05-07,2019-05-07,970444000,623799000.0,48799000,2.0795e+07,9.1004e+07,1,9.1004e+07,,,,8.56897e+08,1.4927e+08,2.29962e+09
IT,2019-06-30,2019-07-30,2019-07-30,1070882000,682883000.0,116002000,1.03406e+08,9.1188e+07,1,9.1188e+07,,,,9.63802e+08,2.18453e+08,2.18028e+09
IT,2019-09-30,2019-10-31,2019-10-31,1000502000,635446000.0,69147000,4.1388e+07,9.0887e+07,1,9.0887e+07,,,,9.19657e+08,3.06727e+08,2.18194e+09
IT,2019-12-31,2020-02-19,2020-02-19,1203493000,752625000.0,136139000,6.7701e+07,9.0971e+07,1,9.0971e+07,,,,9.38593e+08,2.80836e+08,2.18361e+09
IT,2020-03-31,2020-05-07,2020-05-07,1018891000,677613000.0,124718000,7.5097e+07,9.0066e+07,1,9.0066e+07,,,,8.90275e+08,2.2785e+08,2.18428e+09
IT,2020-06-30,2020-08-04,2020-08-04,973135000,650584000.0,99651000,5.5077e+07,8.978e+07,1,8.978e+07,,,,9.91219e+08,3.56633e+08,1.97525e+09
IT,2020-09-30,2020-11-03,2020-11-03,994618000,664851000.0,87650000,1.6964e+07,8.9955e+07,1,8.9955e+07,,,,1.0375e+09,5.53715e+08,1.97798e+09
IT,2020-12-31,2021-02-24,2021-02-24,1112759000,761331000.0,178131000,1.19607e+08,9.0017e+07,1,9.0017e+07,,,,1.09043e+09,7.12583e+08,1.9788e+09
IT,2021-03-31,2021-05-04,2021-05-04,1104038000,769571000.0,225412000,1.641e+08,8.9139e+07,1,8.9139e+07,,,,8.91594e+08,4.45995e+08,1.9696e+09
IT,2021-06-30,2021-08-03,2021-08-03,1167319000,816517000.0,274714000,2.71236e+08,8.6589e+07,1,8.6589e+07,,,,5.27638e+08,7.96257e+08,2.46318e+09
IT,2021-09-30,2021-11-02,2021-11-02,1156282000,797045000.0,230221000,1.48865e+08,8.4766e+07,1,8.4766e+07,,,,3.34507e+08,7.6553e+08,2.46297e+09
IT,2021-12-31,2022-02-23,2022-02-23,1306323000,906736000.0,185404000,2.09359e+08,8.6177e+07,1,8.6177e+07,,,,3.71058e+08,7.56493e+08,2.46276e+09
IT,2022-03-31,2022-05-03,2022-05-03,1262740000,885707000.0,217247000,1.72515e+08,8.2973e+07,1,8.2973e+07,,,,1.18153e+08,4.56175e+08,2.46257e+09
IT,2022-06-30,2022-08-02,2022-08-02,1376521000,951986000.0,297122000,2.04925e+08,8.0974e+07,1,8.0974e+07,,,,-1.42867e+08,3.60473e+08,2.46237e+09
IT,2022-09-30,2022-11-01,2022-11-01,1331868000,915031000.0,253418000,1.73545e+08,8.0059e+07,1,8.0059e+07,,,,-6.4926e+07,5.28687e+08,2.46219e+09
IT,2022-12-31,2023-02-16,2023-02-16,1504717000,1029351000.0,332319000,2.56814e+08,8.1067e+07,1,8.1067e+07,,,,2.27798e+08,6.97999e+08,2.46141e+09
IT,2023-03-31,2023-05-02,2023-05-02,1408869000,973730000.0,407957000,2.95783e+08,8.0282e+07,1,8.0282e+07,,,,4.72858e+08,8.93512e+08,2.46077e+09
IT,2023-06-30,2023-08-01,2023-08-01,1503185000,1015767000.0,283107000,1.98043e+08,7.982e+07,1,7.982e+07,,,,5.86506e+08,1.17283e+09,2.46014e+09
IT,2023-09-30,2023-11-03,2023-11-03,1408784000,957943000.0,244417000,1.80009e+08,7.952e+07,1,7.952e+07,,,,5.66638e+08,1.24936e+09,2.45951e+09
IT,2023-12-31,2024-02-15,2024-02-15,1586118000,1056276000.0,301413000,2.08631e+08,7.968e+07,1,7.968e+07,,,,6.80634e+08,1.319e+09,2.4583e+09
IT,2024-03-31,2024-04-30,2024-04-30,1472926000,1022112000.0,273885000,2.10545e+08,7.8964e+07,1,7.8964e+07,,,,7.18174e+08,1.2358e+09,2.45688e+09
IT,2024-06-30,2024-07-30,2024-07-30,1595060000,1094952000.0,318783000,2.29548e+08,7.8288e+07,1,7.8288e+07,,,,6.46659e+08,1.23578e+09,2.45787e+09
IT,2024-09-30,2024-11-05,2024-11-05,1484306000,1008964000.0,245824000,4.15049e+08,7.7968e+07,1,7.7968e+07,,,,1.06468e+09,1.76829e+09,2.45889e+09
IT,2024-12-31,2025-02-13,2025-02-13,1715119000,1140194000.0,317795000,3.98573e+08,7.8338e+07,1,7.8338e+07,,,,1.35917e+09,1.93315e+09,2.45992e+09
IT,2025-03-31,2025-05-06,2025-05-06,1534130000,1065297000.0,278032000,2.10939e+08,7.779e+07,1,7.779e+07,,,,1.49785e+09,2.09105e+09,2.46095e+09
IT,2025-06-30,2025-08-05,2025-08-05,1686454000,1157618000.0,327096000,2.40783e+08,7.7359e+07,1,7.7359e+07,,,,1.53263e+09,2.19754e+09,2.46199e+09
EPAM,2011-03-31,2012-05-09,2012-05-09,72802000,27297000,11812000,9.742e+06,,1,,,,,,4.8631e+07,0
EPAM,2011-06-30,2012-08-09,2012-08-09,80176000,31360000,10878000,8.277e+06,,1,,,,,,6.3333e+07,0
EPAM,2011-09-30,2012-11-13,2012-11-13,86423000,34796000,16891000,1.395e+07,,1,,,,,,6.7399e+07,0
EPAM,2011-12-31,2013-03-11,2013-03-11,95127000,35739000,15427000,1.2384e+07,20473,1,20473,,,,9.5059e+07,8.8796e+07,0
EPAM,2012-03-31,2012-05-09,2012-05-09,94383000,34208000,13784000,1.2099e+07,3.3957e+07,1,3.3957e+07,,,,2.26007e+08,1.12736e+08,0
EPAM,2012-06-30,2012-08-09,2012-08-09,103800000,39997000,16830000,1.3321e+07,46382,1,46382,,,,2.42606e+08,1.0493e+08,0
EPAM,2012-09-30,2012-11-13,2012-11-13,110078000,40979000,16736000,1.4065e+07,4.6501e+07,1,4.6501e+07,,,,2.65151e+08,1.05885e+08,0
EPAM,2012-12-31,2013-03-11,2013-03-11,125538000,48254000,18656000,1.4999e+07,43821,1,43821,,,,2.8628e+08,1.18112e+08,0
EPAM,2013-03-31,2013-05-10,2013-05-10,124198000,46261000,15536000,1.268e+07,4.7646e+07,1,4.7646e+07,,,,3.03459e+08,1.02806e+08,0
EPAM,2013-06-30,2013-08-14,2013-08-14,133184000,49637000,17535000,1.4118e+07,47977,1,47977,,,,3.25233e+08,1.07475e+08,0
EPAM,2013-09-30,2013-11-08,2013-11-08,140150000,51611000,20230000,1.6437e+07,4.872e+07,1,4.872e+07,,,,3.51612e+08,1.22979e+08,0
EPAM,2013-12-31,2014-03-11,2014-03-11,157585000,59958000,23192000,1.8759e+07,48358,1,48358,,,,3.76101e+08,1.69207e+08,0
EPAM,2014-03-31,2014-05-07,2014-05-07,160384000,57930000,21857000,1.7364e+07,4.9207e+07,1,4.9207e+07,,,,3.9628e+08,1.74066e+08,0
EPAM,2014-06-30,2014-08-11,2014-08-11,174695000,64593000,18476000,1.4814e+07,4.9559e+07,1,4.9559e+07,,,,4.26647e+08,1.75075e+08,0
EPAM,2014-09-30,2014-11-10,2014-11-10,192764000,70255000,21835000,1.904e+07,4.9829e+07,1,4.9829e+07,,,,4.457e+08,1.91246e+08,0
EPAM,2014-12-31,2015-03-02,2015-03-02,202184000,80719000,24015000,1.8423e+07,4.9734e+07,1,4.9734e+07,,,,4.6405e+08,2.20534e+08,0
EPAM,2015-03-31,2015-05-07,2015-05-07,200045000,74158000,22820000,1.4714e+07,5.1e+07,1,5.1e+07,,,,4.87831e+08,1.92363e+08,0
EPAM,2015-06-30,2015-08-07,2015-08-07,217781000,83525000,23606000,1.9231e+07,5.1917e+07,1,5.1917e+07,,,,5.4406e+08,1.75717e+08,0
EPAM,2015-09-30,2015-11-06,2015-11-06,236049000,87570000,27776000,2.2873e+07,5.2344e+07,1,5.2344e+07,,,,5.72868e+08,2.14443e+08,1.5e+07
EPAM,2015-12-31,2016-02-23,2016-02-23,260253000,101962000,31765000,2.7638e+07,5.1986e+07,1,5.1986e+07,,,,6.13223e+08,1.99449e+08,3.5e+07
EPAM,2016-03-31,2016-05-09,2016-05-09,264482000,97101000,30331000,2.3899e+07,5.2883e+07,1,5.2883e+07,,,,6.57622e+08,2.44877e+08,0
EPAM,2016-06-30,2016-08-08,2016-08-08,283832000,103050000,32080000,2.443e+07,5.3271e+07,1,5.3271e+07,,,,7.08967e+08,2.80724e+08,0
EPAM,2016-09-30,2016-11-09,2016-11-09,298293000,107496000,33902000,2.6174e+07,5.3864e+07,1,5.3864e+07,,,,7.50112e+08,3.30627e+08,0
EPAM,2016-12-31,2017-03-01,2017-03-01,313525000,115299000,37383000,2.4763e+07,5.3215e+07,1,5.3215e+07,,,,7.81412e+08,3.62025e+08,0
EPAM,2017-03-31,2017-05-08,2017-05-08,324651000,116921000,30966000,2.3641e+07,5.3889e+07,1,5.3889e+07,,,,8.35102e+08,3.98419e+08,0
EPAM,2017-06-30,2017-08-08,2017-08-08,348977000,128845000,40682000,3.7359e+07,5.4848e+07,1,5.4848e+07,,,,9.19706e+08,4.43501e+08,0
EPAM,2017-09-30,2017-11-07,2017-11-07,377523000,138154000,49248000,4.2634e+07,5.5229e+07,1,5.5229e+07,,,,9.85145e+08,5.12493e+08,0
EPAM,2017-12-31,2018-02-27,2018-02-27,399297000,145176000,52050000,-3.0874e+07,5.49842e+07,1,5.49842e+07,,,,9.74947e+08,5.82585e+08,0
EPAM,2018-03-31,2018-05-10,2018-05-10,424148000,146514000,48697000,6.4418e+07,5.62405e+07,1,5.62405e+07,,,,1.05535e+09,5.35857e+08,0
EPAM,2018-06-30,2018-08-06,2018-08-06,445647000,156472000,54237000,5.0255e+07,5.6587e+07,1,5.6587e+07,,,,1.1128e+09,5.84081e+08,0
EPAM,2018-09-30,2018-11-05,2018-11-05,468186000,167105000,64560000,6.5618e+07,5.69629e+07,1,5.69629e+07,,,,1.19594e+09,6.85108e+08,0
EPAM,2018-12-31,2019-02-26,2019-02-26,504931000,185900000,78270000,5.9965e+07,5.6673e+07,1,5.6673e+07,,,,1.2626e+09,7.7056e+08,0
EPAM,2019-03-31,2019-05-09,2019-05-09,521333000,176644000,64658000,6.0754e+07,5.72364e+07,1,5.72364e+07,,,,1.33822e+09,7.62529e+08,0
EPAM,2019-06-30,2019-08-08,2019-08-08,551587000,195672000,72882000,5.8777e+07,5.76143e+07,1,5.76143e+07,,,,1.42225e+09,7.77365e+08,0
EPAM,2019-09-30,2019-11-07,2019-11-07,588103000,210578000,80565000,6.7002e+07,5.78444e+07,1,5.78444e+07,,,,1.49212e+09,8.53241e+08,0
EPAM,2019-12-31,2020-03-02,2020-03-02,632775000,222706000,84745000,7.4524e+07,5.76678e+07,1,5.76678e+07,,,,1.59614e+09,9.36552e+08,2.5074e+07
EPAM,2020-03-31,2020-05-07,2020-05-07,651359000,227557000,87509000,8.5565e+07,5.81426e+07,1,5.81426e+07,,,,1.64748e+09,9.16253e+08,0
EPAM,2020-06-30,2020-08-06,2020-08-06,632383000,212843000,83426000,6.6624e+07,5.82462e+07,1,5.82462e+07,,,,1.75309e+09,9.93724e+08,2.5044e+07
EPAM,2020-09-30,2020-11-05,2020-11-05,652243000,228855000,96396000,8.9432e+07,5.86161e+07,1,5.86161e+07,,,,1.86023e+09,1.16106e+09,2.5039e+07
EPAM,2020-12-31,2021-02-25,2021-02-25,723493000,257701000,111993000,8.5539e+07,5.8446e+07,1,5.8446e+07,,,,1.98302e+09,1.32214e+09,2.5038e+07
EPAM,2021-03-31,2021-05-06,2021-05-06,780775000,261447000,107251000,1.09046e+08,5.8778e+07,1,5.8778e+07,,,,2.06394e+09,1.37283e+09,2.5032e+07
EPAM,2021-06-30,2021-08-06,2021-08-06,881366000,297638000,125274000,1.14671e+08,5.9011e+07,1,5.9011e+07,,,,2.21267e+09,1.28323e+09,2.5029e+07
EPAM,2021-09-30,2021-11-05,2021-11-05,988539000,335165000,144124000,1.15656e+08,5.9203e+07,1,5.9203e+07,,,,2.33912e+09,1.26661e+09,2.5024e+07
EPAM,2021-12-31,2022-02-25,2022-02-25,1107464000,380197000,165667000,1.42279e+08,5.9064e+07,1,5.9064e+07,,,,2.48712e+09,1.44662e+09,4.6252e+07
EPAM,2022-03-31,2022-05-10,2022-05-10,1171614000,390778000,129242000,8.9719e+07,5.8941e+07,1,5.8941e+07,,,,2.5521e+09,1.27646e+09,4.045e+07
EPAM,2022-06-30,2022-08-05,2022-08-05,1194861000,348538000,93020000,1.8604e+07,5.902e+07,1,5.902e+07,,,,2.62235e+09,1.35362e+09,3.6922e+07
EPAM,2022-09-30,2022-11-04,2022-11-04,1226920000,400124000,180227000,1.56054e+08,5.9357e+07,1,5.9357e+07,,,,2.75717e+09,1.54782e+09,3.5988e+07
EPAM,2022-12-31,2023-02-24,2023-02-24,1231303000,398575000,170477000,1.55039e+08,5.9169e+07,1,5.9169e+07,,,,3.00153e+09,1.74168e+09,3.0554e+07
EPAM,2023-03-31,2023-05-05,2023-05-05,1210941000,355040000,120371000,1.02292e+08,5.9298e+07,1,5.9298e+07,,,,3.12896e+09,1.8098e+09,2.8253e+07
EPAM,2023-06-30,2023-08-03,2023-08-03,1170206000,361491000,144346000,1.20033e+08,5.9181e+07,1,5.9181e+07,,,,3.26276e+09,1.8483e+09,2.5854e+07
EPAM,2023-09-30,2023-11-03,2023-11-03,1152136000,357871000,114028000,9.7204e+07,5.8948e+07,1,5.8948e+07,,,,3.29944e+09,1.93341e+09,2.75e+07
EPAM,2023-12-31,2024-02-22,2024-02-22,1157257000,359624000,122494000,9.7554e+07,5.9085e+07,1,5.9085e+07,,,,3.47089e+09,2.09697e+09,2.6126e+07
EPAM,2024-03-31,2024-05-09,2024-05-09,1165465000,331131000,110532000,1.16243e+08,5.8931e+07,1,5.8931e+07,,,,3.47511e+09,2.04535e+09,2.5787e+07
EPAM,2024-06-30,2024-08-08,2024-08-08,1146597000,335740000,120561000,9.8645e+07,5.8149e+07,1,5.8149e+07,,,,3.39738e+09,1.84867e+09,2.5501e+07
EPAM,2024-09-30,2024-11-07,2024-11-07,1167527000,403535000,176979000,1.36346e+08,5.7425e+07,1,5.7425e+07,,,,3.55405e+09,2.05871e+09,2.5331e+07
EPAM,2024-12-31,2025-02-28,2025-02-28,1248351000,380037000,136512000,1.03299e+08,5.7983e+07,1,5.7983e+07,,,,3.62921e+09,1.28796e+09,2.5194e+07
EPAM,2025-03-31,2025-05-08,2025-05-08,1301692000,349684000,99330000,7.3482e+07,5.7262e+07,1,5.7262e+07,,,,3.64263e+09,1.17364e+09,2.5059e+07
EPAM,2025-06-30,2025-08-07,2025-08-07,1353443000,389431000,126476000,8.8026e+07,5.6536e+07,1,5.6536e+07,,,,3.66778e+09,1.04134e+09,2.5038e+07
SMCI,2010-09-30,2011-11-07,2011-11-07,207178000,33037000,12009000,7.217e+06,4.1431e+07,10,4.1431e+08,,,,,8.3519e+07,0
SMCI,2010-12-31,2012-02-06,2012-02-06,240813000,40179000,16924000,1.1569e+07,4.1619e+07,10,4.1619e+08,,,,,8.7216e+07,0
SMCI,2011-03-31,2012-05-07,2012-05-07,234288000,37856000,15158000,1.0696e+07,4.2854e+07,10,4.2854e+08,,,,,6.8096e+07,0
SMCI,2011-06-30,2012-09-13,2012-09-13,260303000,40032000,14602000,1.0731e+07,4.2396e+07,10,4.2396e+08,,,1.92711e+08,2.87257e+08,6.9943e+07,2.8151e+07
SMCI,2011-09-30,2011-11-07,2011-11-07,247885000,39626000,13514000,8.492e+06,4.3395e+07,10,4.3395e+08,,,1.89004e+08,2.98576e+08,9.228e+07,3.06e+07
SMCI,2011-12-31,2012-02-06,2012-02-06,249915000,42614000,13718000,8.774e+06,4.3816e+07,10,4.3816e+08,,,1.9336e+08,3.11477e+08,1.02377e+08,2.4803e+07
SMCI,2012-03-31,2012-05-07,2012-05-07,240178000,40729000,9590000,7.077e+06,4.461e+07,10,4.461e+08,,,2.28933e+08,3.28853e+08,8.8861e+07,2.5979e+07
SMCI,2012-06-30,2012-09-13,2012-09-13,275896000,42448000,9192000,5.51e+06,4.4152e+07,10,4.4152e+08,,,2.76599e+08,3.38351e+08,8.0826e+07,3.5557e+07
SMCI,2012-09-30,2012-11-07,2012-11-07,270707000,35015000,1682000,899000,4.4174e+07,10,4.4174e+08,,,2.63152e+08,3.42309e+08,5.8323e+07,2.6757e+07
SMCI,2012-12-31,2013-02-06,2013-02-06,291487000,40122000,7608000,4.914e+06,4.3431e+07,10,4.3431e+08,,,2.43597e+08,3.51252e+08,8.8398e+07,3.7128e+07
SMCI,2013-03-31,2013-05-10,2013-05-10,278034000,38893000,5440000,7.04e+06,4.4148e+07,10,4.4148e+08,,,2.57341e+08,3.61992e+08,9.3974e+07,3.5978e+07
SMCI,2013-06-30,2013-09-11,2013-09-11,322333000,46023000,12428000,8.426e+06,4.3907e+07,10,4.3907e+08,,,2.5417e+08,3.73543e+08,9.3038e+07,6.3809e+07
SMCI,2013-09-30,2013-11-07,2013-11-07,309016000,46792000,12043000,7.699e+06,4.4602e+07,10,4.4602e+08,,,2.5431e+08,3.85789e+08,1.11458e+08,3.4749e+07
SMCI,2013-12-31,2014-02-07,2014-02-07,356362000,55092000,20204000,1.3335e+07,4.5039e+07,10,4.5039e+08,,,2.90927e+08,4.05619e+08,8.9883e+07,4.2341e+07
SMCI,2014-03-31,2014-05-07,2014-05-07,373755000,57264000,21472000,1.6574e+07,4.7424e+07,10,4.7424e+08,,,2.95089e+08,4.42365e+08,1.01714e+08,4.6563e+07
SMCI,2014-06-30,2014-09-15,2014-09-15,428069000,66397000,26540000,1.6549e+07,4.6512e+07,10,4.6512e+08,,,3.15837e+08,4.69056e+08,9.6872e+07,8.8841e+07
SMCI,2014-09-30,2014-11-06,2014-11-06,443322000,69193000,31626000,2.0863e+07,4.9687e+07,10,4.9687e+08,,,3.41541e+08,4.98296e+08,1.17512e+08,3.7479e+07
SMCI,2014-12-31,2015-02-09,2015-02-09,503014000,84452000,42885000,3.1242e+07,5.1091e+07,10,5.1091e+08,,,4.09205e+08,5.45054e+08,8.3201e+07,3.5792e+07
SMCI,2015-03-31,2015-05-07,2015-05-07,471225000,76820000,31448000,2.3056e+07,5.2008e+07,10,5.2008e+08,,,4.30382e+08,5.8558e+08,1.09245e+08,4.6469e+07
SMCI,2015-06-30,2015-09-10,2015-09-10,573594000,89766000,40787000,2.6702e+07,5.0094e+07,10,5.0094e+08,,,4.63493e+08,6.18921e+08,9.5442e+07,9.4412e+07
SMCI,2015-09-30,2015-11-16,2015-11-16,519618000,72215000,21440000,1.3699e+07,5.1352e+07,10,5.1352e+08,,,4.61371e+08,6.37947e+08,1.10894e+08,9.4807e+07
SMCI,2015-12-31,2016-02-04,2016-02-04,638964000,106362000,49126000,3.4689e+07,5.1489e+07,10,5.1489e+08,,,4.86531e+08,6.77988e+08,1.69892e+08,9.4233e+07
SMCI,2016-03-31,2016-05-06,2016-05-06,532721000,79152000,24445000,1.6662e+07,5.2238e+07,10,5.2238e+08,,,4.79276e+08,7.08828e+08,1.76406e+08,9.3795e+07
SMCI,2016-06-30,2016-08-26,2016-08-26,524270000,73796000,11839000,6.971e+06,5.1836e+07,10,5.1836e+08,,,4.4898e+08,7.21195e+08,1.80964e+08,9.3589e+07
SMCI,2016-09-30,2016-11-07,2016-11-07,528968000,80064000,20202000,1.3532e+07,5.112e+07,10,5.112e+08,,,4.99987e+08,7.23026e+08,1.46696e+08,9.8195e+07
SMCI,2016-12-31,2017-02-07,2017-02-07,651954000,93378000,31763000,2.1996e+07,5.1521e+07,10,5.1521e+08,,,5.99269e+08,7.522e+08,1.28752e+08,1.27175e+08
SMCI,2017-03-31,2017-05-10,2017-05-10,631124000,88326000,22415000,1.6666e+07,5.1918e+07,10,5.1918e+08,,,6.42314e+08,7.7686e+08,1.07779e+08,1.45511e+08
SMCI,2017-06-30,2019-05-17,2019-05-17,678168000,85933000,20495000,1.3255e+07,5.1679e+07,10,5.1679e+08,,,7.36668e+08,7.73676e+08,1.10606e+08,1.61447e+08
SMCI,2017-09-30,2019-12-19,2019-12-19,716737000,86054000,9319000,6.079e+06,5.2449e+07,10,5.2449e+08,,,,7.88135e+08,1.39655e+08,0
SMCI,2017-12-31,2019-12-19,2019-12-19,826983000,105694000,22695000,-783000,4.9335e+07,10,4.9335e+08,,,,7.93014e+08,1.31426e+08,0
SMCI,2018-03-31,2019-12-19,2019-12-19,835110000,105917000,21185000,1.4595e+07,5.1679e+07,10,5.1679e+08,,,,8.13052e+08,1.38137e+08,0
SMCI,2018-06-30,2019-12-19,2019-12-19,981662000,132329000,41515000,2.6274e+07,5.2151e+07,10,5.2151e+08,,,8.53252e+08,8.43495e+08,1.15377e+08,1.16181e+08
SMCI,2018-09-30,2019-12-19,2019-12-19,971118000,123239000,28493000,1.9342e+07,5.2218e+07,10,5.2218e+08,,,8.20973e+08,8.75135e+08,1.05761e+08,7.9299e+07
SMCI,2018-12-31,2019-12-19,2019-12-19,931509000,127922000,25741000,1.822e+07,5.081e+07,10,5.081e+08,,,8.29166e+08,8.98054e+08,1.09783e+08,4.8172e+07
SMCI,2019-03-31,2019-12-19,2019-12-19,743499000,112327000,12859000,1.0646e+07,5.1558e+07,10,5.1558e+08,,,7.61113e+08,9.12998e+08,1.69735e+08,2.266e+07
SMCI,2019-06-30,2019-12-19,2019-12-19,854234000,132034000,30140000,2.371e+07,5.1716e+07,10,5.1716e+08,,,6.70188e+08,9.41015e+08,2.48164e+08,2.3647e+07
SMCI,2019-09-30,2019-12-20,2019-12-20,799804000,130929000,32865000,2.6345e+07,5.1704e+07,10,5.1704e+08,,,6.85231e+08,9.71694e+08,2.393e+08,2.2544e+07
SMCI,2019-12-31,2020-02-07,2020-02-07,870943000,138404000,27815000,2.3706e+07,5.2009e+07,10,5.2009e+08,,,7.0443e+08,1.00139e+09,3.09038e+08,2.325e+07
SMCI,2020-03-31,2020-05-11,2020-05-11,772408000,133360000,15546000,1.5807e+07,5.3693e+07,10,5.3693e+08,,,8.66226e+08,1.03823e+09,3.00859e+08,3.3158e+07
SMCI,2020-06-30,2020-08-31,2020-08-31,896126000,123517000,9428000,1.845e+07,5.2838e+07,10,5.2838e+08,,,8.51498e+08,1.06554e+09,2.10533e+08,2.9401e+07
SMCI,2020-09-30,2020-11-06,2020-11-06,762250000,129915000,30446000,2.6601e+07,5.4426e+07,10,5.4426e+08,,,7.73856e+08,1.07257e+09,3.00089e+08,3.6027e+07
SMCI,2020-12-31,2021-02-05,2021-02-05,830306000,136095000,37365000,2.7674e+07,5.3584e+07,10,5.3584e+08,,,8.07431e+08,1.06405e+09,3.1561e+08,4.5498e+07
SMCI,2021-03-31,2021-05-07,2021-05-07,895881000,123017000,17055000,1.8428e+07,5.3218e+07,10,5.3218e+08,,,9.03903e+08,1.05378e+09,1.77894e+08,8.537e+07
SMCI,2021-06-30,2021-08-27,2021-08-27,1068985000,145511000,39081000,3.9162e+07,5.3507e+07,10,5.3507e+08,,,1.04096e+09,1.09622e+09,2.32266e+08,9.819e+07
SMCI,2021-09-30,2021-11-05,2021-11-05,1032730000,138139000,29128000,2.5437e+07,5.2916e+07,10,5.2916e+08,,,1.18457e+09,1.13262e+09,2.70047e+08,2.78808e+08
SMCI,2021-12-31,2022-02-04,2022-02-04,1172419000,163743000,51049000,4.1932e+07,5.3511e+07,10,5.3511e+08,,,1.39367e+09,1.18667e+09,2.47407e+08,3.15936e+08
SMCI,2022-03-31,2022-05-06,2022-05-06,1355490000,210775000,89777000,7.6972e+07,5.3786e+07,10,5.3786e+08,,,1.58854e+09,1.27374e+09,2.47424e+08,5.47468e+08
SMCI,2022-06-30,2022-08-29,2022-08-29,1635460000,287344000,165213000,1.40822e+08,5.3615e+07,10,5.3615e+08,,,1.54561e+09,1.42558e+09,2.67397e+08,5.96764e+08
SMCI,2022-09-30,2022-11-04,2022-11-04,1852130000,347535000,220123000,1.84416e+08,5.5017e+07,10,5.5017e+08,,,1.73606e+09,1.62504e+09,2.38268e+08,2.49724e+08
SMCI,2022-12-31,2023-02-03,2023-02-03,1803195000,337422000,215182000,1.76167e+08,5.6144e+07,10,5.6144e+08,,,1.42182e+09,1.81868e+09,3.04595e+08,1.42273e+08
SMCI,2023-03-31,2023-05-05,2023-05-05,1283296000,226359000,99082000,8.5846e+07,5.6233e+07,10,5.6233e+08,,,1.54042e+09,1.76841e+09,3.62801e+08,1.33235e+08
SMCI,2023-06-30,2023-08-28,2023-08-28,2184861000,371696000,226755000,1.93569e+08,5.597e+07,10,5.597e+08,,,1.44556e+09,1.972e+09,4.40459e+08,2.90302e+08
SMCI,2023-09-30,2023-11-03,2023-11-03,2119672000,353691000,172510000,1.56995e+08,5.7185e+07,10,5.7185e+08,,,2.0528e+09,2.16538e+09,5.43156e+08,1.05389e+08
SMCI,2023-12-31,2024-02-02,2024-02-02,3664924000,564322000,371464000,2.95968e+08,5.8078e+07,10,5.8078e+08,,,2.467e+09,3.07691e+09,7.2566e+08,9.9322e+07
SMCI,2024-03-31,2024-05-06,2024-05-06,3850066000,597368000,378314000,4.02459e+08,6.1431e+07,10,6.1431e+08,,,4.12459e+09,5.09399e+09,2.11548e+09,8.5646e+07
SMCI,2024-06-30,2025-02-25,2025-02-25,5354589000,546029000,288486000,2.97244e+08,6.02146e+08,1,6.02146e+08,,,4.33303e+09,5.41721e+09,1.66977e+09,0
SMCI,2024-09-30,2025-02-25,2025-02-25,5937256000,775580000,509199000,4.24327e+08,6.39148e+08,1,6.39148e+08,,,4.93062e+09,5.87675e+09,2.08872e+09,0
SMCI,2024-12-31,2025-02-25,2025-02-25,5677962000,670022000,368624000,3.20596e+08,6.36047e+08,1,6.36047e+08,,,3.59614e+09,6.23831e+09,1.43e+09,0
SMCI,2025-03-31,2025-05-12,2025-05-12,4599913000,440218000,146780000,1.08777e+08,6.21809e+08,1,6.21809e+08,,,3.87024e+09,6.37932e+09,2.5361e+09,0
SMCI,2025-06-30,2025-08-28,2025-08-28,5756911000,544102000,228391000,1.95154e+08,6.28402e+08,1,6.28402e+08,,,4.68038e+09,6.30169e+09,5.16991e+09,0
CRWD,2018-04-30,2019-07-19,2019-07-19,47289000,27895000,-33114000,-3.3617e+07,4.3614e+07,1,4.3614e+07,,,,-4.00939e+08,4.9405e+07,0
CRWD,2018-07-31,2019-09-06,2019-09-06,55701000,37126000,-30427000,-3.2877e+07,4.4105e+07,1,4.4105e+07,,,,-4.33429e+08,1.15534e+08,0
CRWD,2018-10-31,2019-12-06,2019-12-06,66379000,44105000,-42091000,-4.2323e+07,4.5287e+07,1,4.5287e+07,,,,-4.61353e+08,8.3462e+07,0
CRWD,2019-01-31,2020-03-23,2020-03-23,80455000,53460000,-31232000,-3.126e+07,4.4863e+07,1,4.4863e+07,,,,-4.87793e+08,1.91655e+08,0
CRWD,2019-04-30,2019-07-19,2019-07-19,96077000,66804000,-25775000,-2.5977e+07,4.7205e+07,1,4.7205e+07,,,,-4.85177e+08,1.75059e+08,0
CRWD,2019-07-31,2019-09-06,2019-09-06,108108000,76526000,-50639000,-5.1889e+07,1.30091e+08,1,1.30091e+08,,,,7.28097e+08,8.26811e+08,0
CRWD,2019-10-31,2019-12-06,2019-12-06,125119000,87764000,-38518000,-3.5505e+07,2.04096e+08,1,2.04096e+08,,,,7.17042e+08,8.33688e+08,0
CRWD,2020-01-31,2020-03-23,2020-03-23,152109000,108692000,-31133000,-2.8408e+07,1.48062e+08,1,1.48062e+08,,,,7.42107e+08,9.12064e+08,0
CRWD,2020-04-30,2020-06-03,2020-06-03,178078000,131183000,-22576000,-1.9222e+07,2.13129e+08,1,2.13129e+08,,,,7.52153e+08,1.00499e+09,0
CRWD,2020-07-31,2020-09-03,2020-09-03,198971000,144580000,-29991000,-2.9874e+07,2.16695e+08,1,2.16695e+08,,,,7.90965e+08,1.06473e+09,0
CRWD,2020-10-31,2020-12-03,2020-12-03,232460000,170933000,-24159000,-2.4531e+07,2.19401e+08,1,2.19401e+08,,,,8.13485e+08,1.05993e+09,0
CRWD,2021-01-31,2021-03-18,2021-03-18,264929000,198197000,-15803000,-1.9002e+07,2.17756e+08,1,2.17756e+08,,,,8.70574e+08,1.91861e+09,7.38029e+08
CRWD,2021-04-30,2021-06-04,2021-06-04,302843000,224338000,-31347000,-8.5049e+07,2.24153e+08,1,2.24153e+08,,,,8.49264e+08,1.685e+09,7.384e+08
CRWD,2021-07-31,2021-09-01,2021-09-01,337690000,247258000,-47403000,-5.7318e+07,2.26362e+08,1,2.26362e+08,,,,9.04268e+08,1.78705e+09,7.38772e+08
CRWD,2021-10-31,2021-12-02,2021-12-02,380051000,278387000,-40264000,-5.0455e+07,2.28293e+08,1,2.28293e+08,,,,9.48182e+08,1.90751e+09,7.39145e+08
CRWD,2022-01-31,2022-03-16,2022-03-16,431010000,318390000,-23534000,-4.198e+07,2.27142e+08,1,2.27142e+08,,,,1.02576e+09,1.99663e+09,7.39517e+08
CRWD,2022-04-30,2022-06-03,2022-06-03,487834000,361002000,-23883000,-3.1523e+07,2.31179e+08,1,2.31179e+08,,,,1.10254e+09,2.15274e+09,7.39889e+08
CRWD,2022-07-31,2022-08-31,2022-08-31,535153000,394586000,-48307000,-4.9285e+07,2.32554e+08,1,2.32554e+08,,,,1.22542e+09,2.31886e+09,7.40261e+08
CRWD,2022-10-31,2022-11-30,2022-11-30,580882000,422654000,-56422000,-5.4956e+07,2.33785e+08,1,2.33785e+08,,,,1.31429e+09,2.46655e+09,7.40633e+08
CRWD,2023-01-31,2023-03-09,2023-03-09,637367000,461763000,-61500000,-4.7481e+07,2.33139e+08,1,2.33139e+08,,,,1.46364e+09,2.70537e+09,7.41005e+08
CRWD,2023-04-30,2023-06-01,2023-06-01,692580000,523350000,-19456000,491000,2.40598e+08,1,2.40598e+08,,,,1.6053e+09,2.92968e+09,7.41377e+08
CRWD,2023-07-31,2023-08-31,2023-08-31,731626000,548709000,-15373000,8.472e+06,2.42144e+08,1,2.42144e+08,,,,1.83821e+09,3.16722e+09,7.4175e+08
CRWD,2023-10-31,2023-11-29,2023-11-29,786014000,591010000,3163000,2.6665e+07,2.43799e+08,1,2.43799e+08,,,,2.02895e+09,3.16639e+09,7.42122e+08
CRWD,2024-01-31,2024-03-07,2024-03-07,845335000,636763000,29671000,5.3699e+07,2.43635e+08,1,2.43635e+08,,,,2.30395e+09,3.47466e+09,7.42494e+08
CRWD,2024-04-30,2024-06-05,2024-06-05,921036000,696033000,6936000,4.282e+07,2.50164e+08,1,2.50164e+08,,,,2.53554e+09,3.70244e+09,7.42866e+08
CRWD,2024-07-31,2024-08-29,2024-08-29,963872000,726471000,13658000,4.7013e+07,2.51265e+08,1,2.51265e+08,,,,2.85292e+09,4.03854e+09,7.43238e+08
CRWD,2024-10-31,2024-11-27,2024-11-27,1010178000,755091000,-55723000,-1.6822e+07,2.45536e+08,1,2.45536e+08,,,,3.05793e+09,4.26032e+09,7.4361e+08
CRWD,2025-01-31,2025-03-10,2025-03-10,1058538000,784548000,-85301000,-9.2282e+07,2.4475e+08,1,2.4475e+08,,,,3.27949e+09,4.3233e+09,7.43983e+08
CRWD,2025-04-30,2025-06-04,2025-06-04,1103434000,814291000,-124656000,-1.10207e+08,2.48432e+08,1,2.48432e+08,,,,3.45088e+09,4.61415e+09,7.44355e+08
CRWD,2025-07-31,2025-08-28,2025-08-28,1168952000,858669000,-112979000,-7.7675e+07,2.49909e+08,1,2.49909e+08,,,,3.75668e+09,4.97244e+09,7.44727e+08
PLTR,2019-09-30,2020-11-13,2020-11-13,190541000,125468000,-144140000,-1.3986e+08,5.80105e+08,1,5.80105e+08,,,,-1.89259e+09,5.07319e+08,0
PLTR,2020-03-31,2021-05-12,2021-05-12,229327000,165033000,-70185000,-5.4274e+07,5.94363e+08,1,5.94363e+08,,,,-1.97662e+09,8.0953e+08,0
PLTR,2020-06-30,2021-08-12,2021-08-12,251889000,183479000,-99145000,-1.10455e+08,6.40669e+08,1,6.40669e+08,,,,-1.3987e+09,1.49759e+09,0
PLTR,2020-09-30,2020-11-13,2020-11-13,289366000,140026000,-847777000,-8.53319e+08,9.05462e+08,1,9.05462e+08,,,,1.25175e+09,1.80019e+09,1.97753e+08
PLTR,2020-12-31,2021-02-26,2021-02-26,322091000,251588000,-156572000,-1.48343e+08,9.7933e+08,1,9.7933e+08,,,,1.52255e+09,2.01132e+09,1.97977e+08
PLTR,2021-03-31,2021-05-12,2021-05-12,341234000,267123000,-114014000,-1.23474e+08,1.82116e+09,1,1.82116e+09,,,,1.80594e+09,2.33944e+09,1.98185e+08
PLTR,2021-06-30,2021-08-12,2021-08-12,375642000,284716000,-146148000,-1.3858e+08,1.89461e+09,1,1.89461e+09,,,,2.06896e+09,2.34116e+09,0
PLTR,2021-09-30,2021-11-09,2021-11-09,392146000,305342000,-91941000,-1.02137e+08,1.9644e+09,1,1.9644e+09,,,,2.24806e+09,2.48314e+09,0
PLTR,2021-12-31,2022-02-24,2022-02-24,432867000,345304000,-58943000,-1.56188e+08,1.92362e+09,1,1.92362e+09,,,,2.29103e+09,2.52483e+09,0
PLTR,2022-03-31,2022-05-09,2022-05-09,446357000,351954000,-39439000,-1.01379e+08,2.03631e+09,1,2.03631e+09,,,,2.36475e+09,2.52197e+09,0
PLTR,2022-06-30,2022-08-08,2022-08-08,473010000,370786000,-41745000,-1.79329e+08,2.0548e+09,1,2.0548e+09,,,,2.34882e+09,2.4576e+09,0
PLTR,2022-09-30,2022-11-07,2022-11-07,477880000,370269000,-62191000,-1.23875e+08,2.07326e+09,1,2.07326e+09,,,,2.38662e+09,2.46863e+09,0
PLTR,2022-12-31,2023-02-21,2023-02-21,508624000,404313000,-17826000,3.0878e+07,2.06379e+09,1,2.06379e+09,,,,2.56533e+09,2.63368e+09,0
PLTR,2023-03-31,2023-05-09,2023-05-09,525186000,417541000,4115000,1.6802e+07,2.21744e+09,1,2.21744e+09,,,,2.72373e+09,2.90454e+09,0
PLTR,2023-06-30,2023-08-08,2023-08-08,533317000,426418000,10074000,2.8127e+07,2.27816e+09,1,2.27816e+09,,,,2.95547e+09,3.10325e+09,0
PLTR,2023-09-30,2023-11-03,2023-11-03,558159000,450237000,39983000,7.1505e+07,2.3256e+09,1,2.3256e+09,,,,3.19002e+09,3.28357e+09,0
PLTR,2023-12-31,2024-02-20,2024-02-20,608350000,499711000,65794000,9.3391e+07,2.29793e+09,1,2.29793e+09,,,,3.47556e+09,3.67418e+09,0
PLTR,2024-03-31,2024-05-07,2024-05-07,634338000,518082000,80881000,1.0553e+08,2.40011e+09,1,2.40011e+09,,,,3.77523e+09,3.8679e+09,0
PLTR,2024-06-30,2024-08-06,2024-08-06,678134000,549572000,105339000,1.34126e+08,2.4147e+09,1,2.4147e+09,,,,4.05052e+09,3.99846e+09,0
PLTR,2024-09-30,2024-11-05,2024-11-05,725516000,578877000,113140000,1.43525e+08,2.45959e+09,1,2.45959e+09,,,,4.49814e+09,4.56466e+09,0
PLTR,2024-12-31,2025-02-18,2025-02-18,827519000,652986000,11043000,7.9009e+07,2.45082e+09,1,2.45082e+09,,,,5.00328e+09,5.22999e+09,0
PLTR,2025-03-31,2025-05-06,2025-05-06,883855000,710885000,176048000,2.14031e+08,2.55282e+09,1,2.55282e+09,,,,5.42416e+09,5.43069e+09,0
PLTR,2025-06-30,2025-08-05,2025-08-05,1003697000,810763000,269317000,3.26727e+08,2.56291e+09,1,2.56291e+09,,,,5.9289e+09,6.00042e+09,0
WDAY,2011-10-31,2012-12-07,2012-12-07,36450000,18771000.0,-19442000,-1.9803e+07,2.9779e+07,1,2.9779e+07,,,,,9.8051e+07,0
WDAY,2012-04-30,2014-03-31,2014-03-31,56818000,31728000.0,-19957000,-2.0256e+07,3.3011e+07,1,3.3011e+07,,,,,2.9541e+07,0
WDAY,2012-07-31,2014-03-31,2014-03-31,62702000,34437000.0,-26360000,-2.7087e+07,3.4734e+07,1,3.4734e+07,,,,,3.6741e+07,0
WDAY,2012-10-31,2012-12-07,2012-12-07,72618000,42424000.0,-40868000,-4.1471e+07,6.196e+07,1,6.196e+07,,,,6.15501e+08,4.4298e+08,0
WDAY,2013-01-31,2014-03-31,2014-03-31,81519000,48533000.0,-30678000,-3.0944e+07,7.4011e+07,1,7.4011e+07,,,,5.92283e+08,8.4158e+07,0
WDAY,2013-04-30,2014-03-31,2014-03-31,91645000,54946000.0,-32624000,-3.3015e+07,1.68074e+08,1,1.68074e+08,,,,5.71785e+08,2.19264e+08,0
WDAY,2013-07-31,2014-03-31,2014-03-31,107555000,66801000.0,-32283000,-3.5978e+07,1.73375e+08,1,1.73375e+08,,,,6.38741e+08,4.37432e+08,0
WDAY,2013-10-31,2014-03-31,2014-03-31,127872000,79281000.0,-40399000,-4.7534e+07,1.74385e+08,1,1.74385e+08,,,,6.13402e+08,1.8346e+08,0
WDAY,2014-01-31,2014-03-31,2014-03-31,141866000,,-47976000,-5.5982e+07,1.71297e+08,1,1.71297e+08,,,,1.18722e+09,5.81326e+08,0
WDAY,2014-04-30,2014-06-06,2014-06-06,159737000,,-52083000,-5.9389e+07,1.83084e+08,1,1.83084e+08,,,,1.15544e+09,2.46001e+08,0
WDAY,2014-07-31,2014-09-02,2014-09-02,186780000,,-61769000,-6.9215e+07,1.84319e+08,1,1.84319e+08,,,,1.13884e+09,2.62634e+08,0
WDAY,2014-10-31,2014-12-05,2014-12-05,215070000,,-51466000,-5.9912e+07,1.8431e+08,1,1.8431e+08,,,,1.12922e+09,1.92142e+08,0
WDAY,2015-01-31,2015-03-25,2015-03-25,226273000,,-50384000,-5.9466e+07,1.83702e+08,1,1.83702e+08,,,,1.12598e+09,2.98192e+08,0
WDAY,2015-04-30,2015-06-05,2015-06-05,250957000,,-53404000,-6.1558e+07,1.8739e+08,1,1.8739e+08,,,,1.11603e+09,2.70484e+08,0
WDAY,2015-07-31,2015-09-04,2015-09-04,282696000,,-67640000,-6.9421e+07,1.8936e+08,1,1.8936e+08,,,,1.13198e+09,2.30578e+08,0
WDAY,2015-10-31,2015-12-04,2015-12-04,305266000,,-70174000,-7.7811e+07,1.90727e+08,1,1.90727e+08,,,,1.12553e+09,2.19893e+08,0
WDAY,2016-01-31,2016-03-22,2016-03-22,323427000,,-73441000,-8.1128e+07,1.90016e+08,1,1.90016e+08,,,,1.13616e+09,3.00087e+08,0
WDAY,2016-04-30,2016-06-01,2016-06-01,345430000,,-73649000,-8.0622e+07,1.94529e+08,1,1.94529e+08,,,,1.12816e+09,4.04604e+08,0
WDAY,2016-07-31,2016-09-02,2016-09-02,377723000,,-86897000,-1.08025e+08,1.97223e+08,1,1.97223e+08,,,,1.14085e+09,4.05529e+08,0
WDAY,2016-10-31,2016-12-02,2016-12-02,409582000,,-109884000,-1.14066e+08,1.99479e+08,1,1.99479e+08,,,,1.13746e+09,3.86557e+08,0
WDAY,2017-01-31,2017-03-20,2017-03-20,436672000,,-106235000,-1.05565e+08,1.98214e+08,1,1.98214e+08,,,,1.16291e+09,5.39923e+08,0
WDAY,2017-04-30,2017-06-02,2017-06-02,479861000,,-60200000,-6.4044e+07,2.03818e+08,1,2.03818e+08,,,,1.32086e+09,4.98931e+08,0
WDAY,2017-07-31,2017-08-31,2017-08-31,525320000,,-81629000,-8.2532e+07,2.07028e+08,1,2.07028e+08,,,,1.3704e+09,7.48599e+08,0
WDAY,2017-10-31,2017-11-30,2017-11-30,555389000,,-80059000,-8.5546e+07,2.09188e+08,1,2.09188e+08,,,,1.54027e+09,1.33698e+09,0
WDAY,2018-01-31,2018-03-14,2018-03-14,582480000,,-81335000,-8.91e+07,2.07774e+08,1,2.07774e+08,,,,1.58036e+09,1.13436e+09,0
WDAY,2018-04-30,2018-06-01,2018-06-01,618643000,,-71264000,-7.441e+07,2.13055e+08,1,2.13055e+08,,,,1.6573e+09,1.03604e+09,0
WDAY,2018-07-31,2018-09-05,2018-09-05,671720000,,-88982000,-8.6156e+07,2.15932e+08,1,2.15932e+08,,,,1.77522e+09,1.69374e+09,0
WDAY,2018-10-31,2018-12-03,2018-12-03,743189000,,-182755000,-1.53331e+08,2.17694e+08,1,2.17694e+08,,,,1.83315e+09,5.4043e+08,0
WDAY,2019-01-31,2019-03-18,2019-03-18,788628000,,-120283000,-1.04361e+08,2.16789e+08,1,2.16789e+08,,,,1.95844e+09,6.38554e+08,0
WDAY,2019-04-30,2019-05-30,2019-05-30,825055000,,-123386000,-1.16275e+08,2.23309e+08,1,2.23309e+08,,,,2.04475e+09,7.81772e+08,0
WDAY,2019-07-31,2019-08-30,2019-08-30,887752000,,-122497000,-1.20712e+08,2.26392e+08,1,2.26392e+08,,,,2.21028e+09,6.19514e+08,0
WDAY,2019-10-31,2019-12-04,2019-12-04,938100000,,-110250000,-1.15729e+08,2.28461e+08,1,2.28461e+08,,,,2.31918e+09,9.12748e+08,0
WDAY,2020-01-31,2020-03-03,2020-03-03,976299000,,-146097000,-1.27958e+08,2.27185e+08,1,2.27185e+08,,,,2.48655e+09,1.94457e+09,1.5066e+09
WDAY,2020-04-30,2020-05-28,2020-05-28,1018385000,,-144457000,-1.58368e+08,2.32939e+08,1,2.32939e+08,,,,2.602e+09,1.21421e+09,2.04106e+09
WDAY,2020-07-31,2020-08-28,2020-08-28,1061967000,,-16754000,-2.8016e+07,2.36002e+08,1,2.36002e+08,,,,2.83848e+09,1.2397e+09,1.827e+09
WDAY,2020-10-31,2020-11-20,2020-11-20,1105960000,,-14077000,-2.434e+07,2.38059e+08,1,2.38059e+08,,,,3.07805e+09,2.94781e+09,2.88328e+09
WDAY,2021-01-31,2021-03-02,2021-03-02,1131684000,,-73311000,-7.1707e+07,2.37019e+08,1,2.37019e+08,,,,3.27783e+09,3.53565e+09,2.89812e+09
WDAY,2021-04-30,2021-05-26,2021-05-26,1175033000,,-38313000,-4.6522e+07,2.43739e+08,1,2.43739e+08,,,,3.40544e+09,2.99453e+09,3.05672e+09
WDAY,2021-07-31,2021-08-26,2021-08-26,1260361000,,-1120000,1.05736e+08,2.60016e+08,1,2.60016e+08,,,,3.86799e+09,3.30796e+09,3.05856e+09
WDAY,2021-10-31,2021-11-18,2021-11-18,1327263000,,23945000,4.3412e+07,2.5476e+08,1,2.5476e+08,,,,4.21582e+09,3.55498e+09,3.06042e+09
WDAY,2022-01-31,2022-02-28,2022-02-28,1376141000,,-100962000,-7.3253e+07,2.54032e+08,1,2.54032e+08,,,,4.53508e+09,3.64416e+09,3.06224e+09
WDAY,2022-04-30,2022-05-26,2022-05-26,1434657000,,-72843000,-1.02173e+08,2.51743e+08,1,2.51743e+08,,,,4.78081e+09,6.25536e+09,5.26932e+09
WDAY,2022-07-31,2022-08-25,2022-08-25,1535798000,,-34078000,-6.4158e+07,2.54355e+08,1,2.54355e+08,,,,5.12781e+09,6.29297e+09,5.27199e+09
WDAY,2022-10-31,2022-11-29,2022-11-29,1599103000,,-26321000,-7.4721e+07,2.55753e+08,1,2.55753e+08,,,,5.40911e+09,5.49208e+09,2.97498e+09
WDAY,2023-01-31,2023-02-27,2023-02-27,1646260000,,-88958000,-1.25697e+08,2.54819e+08,1,2.54819e+08,,,,5.58557e+09,6.12139e+09,2.97593e+09
WDAY,2023-04-30,2023-05-25,2023-05-25,1684312000,,-19800000,136000,2.61371e+08,1,2.61371e+08,,,,5.94186e+09,6.32896e+09,2.97689e+09
WDAY,2023-07-31,2023-08-24,2023-08-24,1786766000,,36257000,7.866e+07,2.64435e+08,1,2.64435e+08,,,,6.27455e+09,6.65709e+09,2.97784e+09
WDAY,2023-10-31,2023-11-28,2023-11-28,1865675000,,87855000,1.13709e+08,2.66377e+08,1,2.66377e+08,,,,6.62492e+09,6.87998e+09,2.9788e+09
WDAY,2024-01-31,2024-03-08,2024-03-08,1922247000,,78688000,1.1885e+09,2.65285e+08,1,2.65285e+08,,,,8.082e+09,7.813e+09,2.98e+09
WDAY,2024-04-30,2024-05-29,2024-05-29,1990000000,,64000000,1.07e+08,2.70298e+08,1,2.70298e+08,,,,8.163e+09,7.182e+09,2.981e+09
WDAY,2024-07-31,2024-08-28,2024-08-28,2085000000,,111000000,1.32e+08,2.67949e+08,1,2.67949e+08,,,,8.345e+09,7.373e+09,2.982e+09
WDAY,2024-10-31,2024-12-05,2024-12-05,2160000000,,165000000,1.93e+08,2.68549e+08,1,2.68549e+08,,,,8.624e+09,7.157e+09,2.983e+09
WDAY,2025-01-31,2025-03-11,2025-03-11,2211000000,,75000000,9.4e+07,2.69205e+08,1,2.69205e+08,,,,9.034e+09,8.017e+09,2.984e+09
WDAY,2025-04-30,2025-05-23,2025-05-23,2240000000,,39000000,6.8e+07,2.70296e+08,1,2.70296e+08,,,,8.919e+09,7.97e+09,2.985e+09
WDAY,2025-07-31,2025-08-22,2025-08-22,2348000000,,248000000,2.28e+08,2.7018e+08,1,2.7018e+08,,,,9.172e+09,8.186e+09,2.985e+09
TRMB,2009-07-03,2010-08-10,2010-08-10,290063000,142800000,28726000,2.0857e+07,1.21897e+08,2,2.43794e+08,,,,,1.78159e+08,0
TRMB,2009-10-02,2010-11-09,2010-11-09,269713000,132458000,20165000,1.5577e+07,1.22854e+08,2,2.45708e+08,,,,,2.15099e+08,0
TRMB,2010-04-02,2011-05-10,2011-05-10,319015000,158997000,36115000,2.7898e+07,1.23829e+08,2,2.47658e+08,,,,,3.07073e+08,0
TRMB,2010-07-02,2010-08-10,2010-08-10,333363000,163426000,40561000,6.353e+06,1.24099e+08,2,2.48198e+08,,,1.59179e+08,1.22892e+09,2.6166e+08,1.53022e+08
TRMB,2010-10-01,2010-11-09,2010-11-09,318210000,159748000,31670000,3.2845e+07,1.22869e+08,2,2.45738e+08,,,1.76853e+08,1.30576e+09,2.11056e+08,1.53093e+08
TRMB,2010-12-31,2012-02-28,2012-02-28,323349000,163330000,19256000,3.6564e+07,1.23798e+08,2,2.47596e+08,,,1.92852e+08,1.36616e+09,2.20788e+08,1.53153e+08
TRMB,2011-04-01,2011-05-10,2011-05-10,384293000,191530000,43675000,3.9703e+07,1.25856e+08,2,2.51712e+08,,,2.03014e+08,1.47029e+09,2.44342e+08,1.533e+08
TRMB,2011-07-01,2011-08-09,2011-08-09,407169000,208734000,51567000,5.3678e+07,1.26192e+08,2,2.52384e+08,,,2.1608e+08,1.54135e+09,2.49811e+08,1.29225e+08
TRMB,2011-09-30,2011-11-08,2011-11-08,417433000,211559000,32448000,2.7971e+07,1.25894e+08,2,2.51788e+08,,,2.15681e+08,1.54411e+09,1.38255e+08,7.04126e+08
TRMB,2011-12-30,2012-02-28,2012-02-28,435170000,217758000,28712000,2.9403e+07,1.26133e+08,2,2.52266e+08,,,2.32063e+08,1.56929e+09,1.54621e+08,6.30354e+08
TRMB,2012-03-30,2012-05-08,2012-05-08,502267000,259150000,59848000,5.0818e+07,1.2776e+08,2,2.5552e+08,,,2.24656e+08,1.68706e+09,2.09146e+08,7.11062e+08
TRMB,2012-06-29,2012-08-07,2012-08-07,517560000,267696000,58921000,5.3692e+07,1.28293e+08,2,2.56586e+08,,,2.27948e+08,1.70677e+09,1.21937e+08,7.77535e+08
TRMB,2012-09-28,2012-11-07,2012-11-07,504763000,262868000,63470000,5.3364e+07,1.28379e+08,2,2.56758e+08,,,2.34301e+08,1.80863e+09,1.4184e+08,7.33016e+08
TRMB,2012-12-28,2013-02-25,2013-02-25,515523000,256463000,30329000,3.3185e+07,1.28387e+08,2,2.56774e+08,,,2.40529e+08,1.89746e+09,1.57771e+08,9.4925e+08
TRMB,2013-03-29,2013-05-02,2013-05-02,556111000,286914000,56457000,4.9808e+07,2.60299e+08,1,2.60299e+08,,,2.60596e+08,1.94979e+09,1.43552e+08,1.01156e+09
TRMB,2013-06-28,2013-08-05,2013-08-05,576293000,302401000,64905000,5.4581e+07,2.60533e+08,1,2.60533e+08,,,2.58709e+08,2.02387e+09,1.29072e+08,1.00875e+09
TRMB,2013-09-27,2013-11-05,2013-11-05,556502000,295053000,63029000,5.4469e+07,2.61137e+08,1,2.61137e+08,,,2.41509e+08,2.12682e+09,1.15257e+08,9.14266e+08
TRMB,2014-01-03,2014-02-25,2014-02-25,599218000,319454000,67346000,5.9997e+07,2.61206e+08,1,2.61206e+08,,,2.54311e+08,2.22091e+09,1.47227e+08,8.6486e+08
TRMB,2014-04-04,2014-05-12,2014-05-12,604721000,326892000,75711000,6.8624e+07,2.64784e+08,1,2.64784e+08,,,2.667e+08,2.34201e+09,1.65226e+08,7.16706e+08
TRMB,2014-07-04,2014-08-08,2014-08-08,642199000,354571000,97134000,7.7834e+07,2.65957e+08,1,2.65957e+08,,,2.74371e+08,2.43906e+09,2.78919e+08,7.16569e+08
TRMB,2014-10-03,2014-11-07,2014-11-07,584796000,316773000,11089000,1.1832e+07,2.64419e+08,1,2.64419e+08,,,2.78027e+08,2.35186e+09,1.39477e+08,7.15759e+08
TRMB,2015-01-02,2015-02-25,2015-02-25,563830000,292608000,76889000,5.5828e+07,2.64456e+08,1,2.64456e+08,,,2.78099e+08,2.35701e+09,1.48e+08,8.02877e+08
TRMB,2015-04-03,2015-05-12,2015-05-12,582600000,307200000,39500000,3.41e+07,2.624e+08,1,2.624e+08,,,2.76e+08,2.3394e+09,1.457e+08,7.965e+08
TRMB,2015-07-03,2015-08-12,2015-08-12,585800000,303900000,36000000,2.59e+07,2.614e+08,1,2.614e+08,,,2.808e+08,2.3381e+09,1.29e+08,7.638e+08
TRMB,2015-10-02,2015-11-10,2015-11-10,562300000,298000000,46000000,3.71e+07,2.572e+08,1,2.572e+08,,,2.714e+08,2.2022e+09,1.236e+08,9.097e+08
TRMB,2016-01-01,2016-02-24,2016-02-24,559700000,293100000,32900000,2.4e+07,2.585e+08,1,2.585e+08,,,2.611e+08,2.2197e+09,1.16e+08,8.48e+08
TRMB,2016-04-01,2016-05-10,2016-05-10,583000000,300600000,29900000,1.98e+07,2.54e+08,1,2.54e+08,,,2.555e+08,2.2859e+09,1.747e+08,8.102e+08
TRMB,2016-07-01,2016-08-10,2016-08-10,609600000,315600000,40500000,3.57e+07,2.537e+08,1,2.537e+08,,,2.417e+08,2.2448e+09,2.319e+08,8.553e+08
TRMB,2016-09-30,2016-11-07,2016-11-07,584100000,309000000,55300000,3.92e+07,2.532e+08,1,2.532e+08,,,2.243e+08,2.3199e+09,2.756e+08,8.151e+08
TRMB,2016-12-30,2017-02-24,2017-02-24,585500000,312800000,55300000,3.77e+07,2.539e+08,1,2.539e+08,,,2.188e+08,2.3058e+09,3.272e+08,7.502e+08
TRMB,2017-03-31,2017-05-08,2017-05-08,613900000,326600000,56600000,5.05e+07,2.559e+08,1,2.559e+08,,,2.211e+08,2.421e+09,4.226e+08,7.864e+08
TRMB,2017-06-30,2017-08-08,2017-08-08,661900000,346500000,62600000,4.99e+07,2.571e+08,1,2.571e+08,,,2.233e+08,2.5178e+09,4.861e+08,7.596e+08
TRMB,2017-09-29,2017-11-07,2017-11-07,670000000,349500000,64000000,5.57e+07,2.579e+08,1,2.579e+08,,,2.547e+08,2.5575e+09,4.092e+08,8.312e+08
TRMB,2017-12-29,2018-02-27,2018-02-27,708400000,370000000,62800000,-3.5e+07,2.567e+08,1,2.567e+08,,,2.718e+08,2.366e+09,5.374e+08,1.0423e+09
TRMB,2018-03-30,2018-05-09,2018-05-09,742200000,396200000,64200000,5.85e+07,2.532e+08,1,2.532e+08,,,2.891e+08,2.4997e+09,2.745e+08,1.5528e+09
TRMB,2018-06-29,2018-08-03,2018-08-03,785500000,422700000,89500000,6.41e+07,2.522e+08,1,2.522e+08,,,2.824e+08,2.5174e+09,5.71e+08,1.287e+09
TRMB,2018-09-28,2018-11-05,2018-11-05,795200000,426900000,77400000,7.37e+07,2.536e+08,1,2.536e+08,,,2.863e+08,2.6484e+09,2.054e+08,2.2388e+09
TRMB,2018-12-28,2020-02-28,2020-02-28,785500000,435200000,89600000,8.65e+07,2.534e+08,1,2.534e+08,,,2.98e+08,2.6744e+09,1.725e+08,2.2247e+09
TRMB,2019-03-29,2019-05-07,2019-05-07,801600000,438300000,86300000,6.23e+07,2.54e+08,1,2.54e+08,,,3.037e+08,2.7417e+09,2.167e+08,2.1414e+09
TRMB,2019-06-28,2019-08-02,2019-08-02,854800000,460600000,109700000,9.46e+07,2.54e+08,1,2.54e+08,,,2.879e+08,2.824e+09,1.996e+08,1.9722e+09
TRMB,2019-09-27,2019-11-04,2019-11-04,783900000,422000000,91700000,7.81e+07,2.521e+08,1,2.521e+08,,,2.901e+08,2.7868e+09,1.846e+08,1.9866e+09
TRMB,2020-01-03,2020-02-28,2020-02-28,824000000,460000000,88200000,2.793e+08,2.529e+08,1,2.529e+08,,,3.121e+08,3.119e+09,1.892e+08,2.0622e+09
TRMB,2020-04-03,2020-05-08,2020-05-08,792300000,441000000,98300000,6.19e+07,2.517e+08,1,2.517e+08,,,3.272e+08,3.1013e+09,2.168e+08,2.2561e+09
TRMB,2020-07-03,2020-08-07,2020-08-07,735200000,405700000,97600000,6.3e+07,2.512e+08,1,2.512e+08,,,3.386e+08,3.2119e+09,1.964e+08,2.1009e+09
TRMB,2020-10-02,2020-11-06,2020-11-06,792800000,439700000,102000000,8.47e+07,2.528e+08,1,2.528e+08,,,3.185e+08,3.35e+09,1.84e+08,1.6702e+09
TRMB,2021-01-01,2021-02-26,2021-02-26,831700000,468500000,121900000,1.803e+08,2.523e+08,1,2.523e+08,,,3.017e+08,3.5969e+09,2.377e+08,1.5472e+09
TRMB,2021-04-02,2021-05-07,2021-05-07,886700000,493300000,140900000,1.145e+08,2.543e+08,1,2.543e+08,,,2.987e+08,3.6736e+09,2.646e+08,1.3894e+09
TRMB,2021-07-02,2021-08-09,2021-08-09,945300000,525400000,144800000,1.389e+08,2.542e+08,1,2.542e+08,,,2.985e+08,3.8386e+09,4.844e+08,1.3814e+09
TRMB,2021-10-01,2021-11-04,2021-11-04,901400000,504500000,147500000,1.24e+08,2.545e+08,1,2.545e+08,,,3.234e+08,3.8818e+09,5.132e+08,1.3219e+09
TRMB,2021-12-31,2022-02-23,2022-02-23,926000000,511500000,127800000,1.153e+08,2.543e+08,1,2.543e+08,,,3.633e+08,3.9447e+09,3.257e+08,1.2932e+09
TRMB,2022-04-01,2022-05-05,2022-05-05,993700000,549600000,156900000,1.103e+08,2.528e+08,1,2.528e+08,,,4.01e+08,3.9879e+09,3.572e+08,1.2937e+09
TRMB,2022-07-01,2022-08-05,2022-08-05,941200000,537500000,134900000,1.68e+08,2.507e+08,1,2.507e+08,,,3.717e+08,3.8945e+09,3.501e+08,1.2941e+09
TRMB,2022-09-30,2022-11-02,2022-11-02,884900000,515400000,122400000,8.58e+07,2.489e+08,1,2.489e+08,,,3.911e+08,3.8448e+09,3.087e+08,1.5882e+09
TRMB,2022-12-30,2023-02-17,2023-02-17,856500000,503100000,96700000,8.56e+07,2.502e+08,1,2.502e+08,,,4.025e+08,4.0502e+09,2.71e+08,1.52e+09
TRMB,2023-03-31,2023-05-03,2023-05-03,915400000,560800000,137000000,1.288e+08,2.487e+08,1,2.487e+08,,,4.094e+08,4.2452e+09,1.0381e+09,2.0869e+09
TRMB,2023-06-30,2023-08-04,2023-08-04,993600000,604500000,93600000,4.46e+07,2.49e+08,1,2.49e+08,,,3.714e+08,4.3313e+09,2.373e+08,3.189e+09
TRMB,2023-09-29,2023-11-03,2023-11-03,957300000,590200000,121300000,7.49e+07,2.497e+08,1,2.497e+08,,,2.572e+08,4.343e+09,2.168e+08,3.0537e+09
TRMB,2023-12-29,2024-02-26,2024-02-26,932400000,577300000,96900000,6.3e+07,2.491e+08,1,2.491e+08,,,2.357e+08,4.5001e+09,2.298e+08,3.0666e+09
TRMB,2024-03-29,2025-01-16,2025-01-16,953300000,593600000,109200000,5.72e+07,2.474e+08,1,2.474e+08,,,2.3e+08,4.3491e+09,2.551e+08,3.0303e+09
TRMB,2024-06-28,2025-01-16,2025-01-16,870800000,545900000,61600000,1.3164e+09,2.464e+08,1,2.464e+08,,,2.231e+08,5.6334e+09,9.441e+08,1.7897e+09
TRMB,2024-09-27,2025-01-16,2025-01-16,875800000,575600000,116400000,4.06e+07,2.469e+08,1,2.469e+08,,,1.921e+08,5.8751e+09,1.0369e+09,1.7902e+09
TRMB,2025-01-03,2025-04-25,2025-04-25,983400000,681200000,173500000,9.02e+07,2.472e+08,1,2.472e+08,,,1.943e+08,5.7453e+09,7.388e+08,1.3906e+09
TRMB,2025-04-04,2025-05-12,2025-05-12,840600000,560800000,97500000,6.67e+07,2.462e+08,1,2.462e+08,,,1.872e+08,5.4191e+09,2.9e+08,1.391e+09
TRMB,2025-07-04,2025-08-06,2025-08-06,875700000,597900000,127800000,8.92e+07,2.396e+08,1,2.396e+08,,,1.797e+08,5.6881e+09,2.659e+08,1.5124e+09
JBL,2009-11-30,2011-01-07,2011-01-07,3088256000,231776000,66264000,2.8288e+07,2.15059e+08,1,2.15059e+08,0.07,0.07,,,8.52067e+08,0
JBL,2010-02-28,2011-04-08,2011-04-08,3004644000,222746000,61779000,2.983e+07,2.1476e+08,1,2.1476e+08,0.07,0.07,,,7.94137e+08,0
JBL,2010-05-31,2011-06-30,2011-06-30,3455578000,262114000,96533000,5.2031e+07,2.16522e+08,1,2.16522e+08,0.07,0.07,,,6.00349e+08,0
JBL,2010-08-31,2011-10-27,2011-10-27,3860933000,287508000,102990000,5.8691e+07,2.17597e+08,1,2.17597e+08,0.07,0.07,2.09414e+09,1.57805e+09,7.44329e+08,1.67566e+08
JBL,2010-11-30,2011-01-07,2011-01-07,4082181000,310591000,156000000,1.06677e+08,2.17405e+08,1,2.17405e+08,0.07,0.07,2.15824e+09,1.69141e+09,6.30154e+08,1.98928e+08
JBL,2011-02-28,2011-04-08,2011-04-08,3928663000,296400000,104641000,5.5403e+07,2.21022e+08,1,2.21022e+08,0.07,0.07,2.16028e+09,1.79219e+09,9.02317e+08,1.37508e+08
JBL,2011-05-31,2011-06-30,2011-06-30,4227688000,318376000,152533000,1.04695e+08,2.22337e+08,1,2.22337e+08,0.07,0.07,2.25798e+09,1.93336e+09,9.11145e+08,8.0449e+07
JBL,2011-08-31,2011-10-27,2011-10-27,4280295000,329203000,165560000,1.14288e+08,2.20719e+08,1,2.20719e+08,0.07,0.07,2.22734e+09,1.86712e+09,8.88611e+08,7.416e+07
JBL,2011-11-30,2012-01-09,2012-01-09,4326769000,340010000,170842000,1.12872e+08,2.09937e+08,1,2.09937e+08,0.08,0.08,2.38456e+09,1.8985e+09,8.61904e+08,8.3859e+07
JBL,2012-02-29,2012-04-06,2012-04-06,4236174000,322164000,150218000,9.7698e+07,2.12148e+08,1,2.12148e+08,0.08,0.08,2.35084e+09,2.00083e+09,7.0735e+08,2.81602e+08
JBL,2012-05-31,2012-07-03,2012-07-03,4250918000,329323000,156603000,1.0132e+08,2.11541e+08,1,2.11541e+08,0.08,0.08,2.37748e+09,2.01357e+09,7.42129e+08,2.96418e+08
JBL,2012-08-31,2012-10-25,2012-10-25,4338080000,317548000,144268000,8.2797e+07,2.11181e+08,1,2.11181e+08,0.08000000000000002,0.08000000000000002,2.26895e+09,2.10506e+09,1.21726e+09,1.2e+06
JBL,2012-11-30,2013-01-08,2013-01-08,4637018000,350595000,170281000,1.05847e+08,2.07816e+08,1,2.07816e+08,0.08,0.08,2.4658e+09,2.07371e+09,1.03003e+09,9.65e+06
JBL,2013-02-28,2013-04-05,2013-04-05,4417251000,324527000,149041000,8.8533e+07,2.06804e+08,1,2.06804e+08,0.08,0.08,2.49662e+09,2.1761e+09,1.06166e+09,1.09598e+08
JBL,2013-05-31,2013-07-02,2013-07-02,4467767000,332495000,103746000,5.0083e+07,2.07569e+08,1,2.07569e+08,0.08,0.08,2.3563e+09,2.20559e+09,1.35173e+09,9.459e+06
JBL,2013-08-31,2013-10-28,2013-10-28,4814858000,352245000,88370000,1.27019e+08,2.07815e+08,1,2.07815e+08,0.08000000000000002,0.08000000000000002,2.30216e+09,2.33529e+09,1.01137e+09,1.21e+07
JBL,2013-11-30,2014-01-09,2014-01-09,4611442000,368770000,172668000,1.17922e+08,2.06813e+08,1,2.06813e+08,0.08,0.08,2.1668e+09,2.39087e+09,7.69223e+08,1.1723e+08
JBL,2014-02-28,2014-04-07,2014-04-07,3577315000,213150000,3641000,-3.8667e+07,2.05251e+08,1,2.05251e+08,0.08,0.08,1.82182e+09,2.29538e+09,6.75129e+08,1.60839e+08
JBL,2014-05-31,2014-06-30,2014-06-30,3785875000,215950000,-1613000,1.88255e+08,2.02008e+08,1,2.02008e+08,0.08,0.08,1.86124e+09,2.40921e+09,1.32227e+09,6.9886e+07
JBL,2014-08-31,2014-10-21,2014-10-21,3787514000,227733000,29378000,-2.6197e+07,2.02497e+08,1,2.02497e+08,0.08000000000000002,0.08000000000000002,2.00808e+09,2.24183e+09,1.00025e+09,1.3e+06
JBL,2014-11-30,2015-01-09,2015-01-09,4550418000,382987000,144755000,7.2162e+07,1.95314e+08,1,1.95314e+08,0.08,0.08,2.09921e+09,2.23516e+09,9.21504e+08,1.1487e+07
JBL,2015-02-28,2015-04-07,2015-04-07,4309323000,367819000,124851000,5.1952e+07,1.95473e+08,1,1.95473e+08,0.08,0.08,2.10518e+09,2.24456e+09,9.66414e+08,1.1258e+07
JBL,2015-05-31,2015-06-22,2015-06-22,4358641000,375837000,135422000,7.2203e+07,1.96304e+08,1,1.96304e+08,0.08,0.08,2.26074e+09,2.31166e+09,9.62794e+08,1.1365e+07
JBL,2015-08-31,2015-10-16,2015-10-16,4680814000,376575000,150383000,8.7702e+07,1.96005e+08,1,1.96005e+08,0.08000000000000002,0.08000000000000002,2.50726e+09,2.31486e+09,9.13963e+08,2.6e+06
JBL,2015-11-30,2016-01-06,2016-01-06,5207977000,483535000,214503000,1.31885e+08,1.93243e+08,1,1.93243e+08,0.08,0.08,2.50362e+09,2.3826e+09,1.13034e+09,3.48312e+08
JBL,2016-02-29,2016-04-05,2016-04-05,4403594000,399433000,154929000,7.893e+07,1.93294e+08,1,1.93294e+08,0.08,0.08,2.29302e+09,2.46699e+09,8.83218e+08,5.38294e+08
JBL,2016-05-31,2016-06-30,2016-06-30,4310752000,321087000,59595000,5.213e+06,1.93069e+08,1,1.93069e+08,0.08,0.08,2.29235e+09,2.49245e+09,8.86991e+08,3.59885e+08
JBL,2016-08-31,2016-10-20,2016-10-20,4430763000,323649000,93806000,3.8067e+07,1.9275e+08,1,1.9275e+08,0.08000000000000002,0.08000000000000002,2.45661e+09,2.43817e+09,9.12059e+08,2.4e+06
JBL,2016-11-30,2017-01-09,2017-01-09,5104898000,431506000,165607000,8.8027e+07,1.87856e+08,1,1.87856e+08,0.08,0.08,2.5062e+09,2.37394e+09,7.47415e+08,4.3198e+07
JBL,2017-02-28,2017-04-05,2017-04-05,4445637000,361904000,83183000,2.0665e+07,1.8501e+08,1,1.8501e+08,0.08,0.08,2.49814e+09,2.41131e+09,7.55098e+08,4.7324e+07
JBL,2017-05-31,2017-06-30,2017-06-30,4489557000,326415000,43383000,-2.5281e+07,1.81038e+08,1,1.81038e+08,0.08,0.08,2.70653e+09,2.32748e+09,7.43931e+08,5.38985e+08
JBL,2017-08-31,2017-10-19,2017-10-19,5023029000,425818000,118057000,4.5679e+07,185838,1,185838,0.08000000000000002,0.08000000000000002,2.94208e+09,2.35351e+09,1.18992e+09,2.49577e+09
JBL,2017-11-30,2018-01-04,2018-01-04,5585532000,469285000,145754000,6.3795e+07,1.80203e+08,1,1.80203e+08,0.08,0.08,3.28322e+09,2.32974e+09,7.46258e+08,4.27019e+08
JBL,2018-02-28,2018-04-05,2018-04-05,5301101000,397133000,129532000,3.7308e+07,1.76953e+08,1,1.76953e+08,0.08,0.08,3.388e+09,2.2821e+09,9.40796e+08,0
JBL,2018-05-31,2018-06-28,2018-06-28,5436952000,398227000,112971000,4.2541e+07,1.73279e+08,1,1.73279e+08,0.08,0.08,3.34378e+09,2.17314e+09,6.77492e+08,0
JBL,2018-08-31,2018-10-19,2018-10-19,5771831000,442147000,153896000,-5.7314e+07,1.75044e+08,1,1.75044e+08,0.08000000000000002,0.08000000000000002,3.45771e+09,1.95026e+09,1.25795e+09,2.5439e+09
JBL,2018-11-30,2019-01-09,2019-01-09,6506275000,519650000,216710000,1.236e+08,1.6367e+08,1,1.6367e+08,,,3.21451e+09,1.89192e+09,8.04409e+08,0
JBL,2019-02-28,2019-04-04,2019-04-04,6066990000,454874000,153983000,6.7354e+07,1.56737e+08,1,1.56737e+08,,,3.24827e+09,1.84718e+09,7.49057e+08,2.83276e+09
JBL,2019-05-31,2019-06-28,2019-06-28,6135602000,443799000,140918000,4.3482e+07,1.55678e+08,1,1.55678e+08,,,3.15937e+09,1.85497e+09,6.94086e+08,3.3865e+09
JBL,2019-08-31,2019-10-22,2019-10-22,6573453000,495078000,189745000,5.2675e+07,1.58647e+08,1,1.58647e+08,,,3.023e+09,1.88744e+09,1.16334e+09,2.87165e+09
JBL,2019-11-30,2020-01-03,2020-01-03,7505698000,553839000,152779000,4.0422e+07,1.56462e+08,1,1.56462e+08,,,3.3422e+09,1.83569e+09,7.19842e+08,2.86608e+09
JBL,2020-02-29,2020-04-01,2020-04-01,6125083000,430125000,90630000,-3.283e+06,1.52058e+08,1,1.52058e+08,,,3.33989e+09,1.74683e+09,6.96745e+08,3.36204e+09
JBL,2020-05-31,2020-06-29,2020-06-29,6335642000,456148000,59384000,-5.0958e+07,1.50723e+08,1,1.50723e+08,,,3.2837e+09,1.6323e+09,7.63337e+08,2.88707e+09
JBL,2020-08-31,2020-10-22,2020-10-22,7300015000,490701000,197053000,6.7731e+07,1.55274e+08,1,1.55274e+08,,,3.13178e+09,1.81138e+09,1.39356e+09,2.77868e+09
JBL,2020-11-30,2021-01-08,2021-01-08,7832529000,634560000,313950000,2.00442e+08,1.52918e+08,1,1.52918e+08,,,3.27184e+09,1.97937e+09,1.10757e+09,2.7794e+09
JBL,2021-02-28,2021-04-02,2021-04-02,6828546000,569925000,236350000,1.51654e+08,1.52975e+08,1,1.52975e+08,,,3.55897e+09,2.08916e+09,8.38099e+08,2.78021e+09
JBL,2021-05-31,2021-07-02,2021-07-02,7214645000,567800000,239774000,1.6948e+08,1.51976e+08,1,1.51976e+08,,,3.97933e+09,2.13801e+09,1.24073e+09,2.97694e+09
JBL,2021-08-31,2021-10-22,2021-10-22,7409280000,586715000,264926000,1.74424e+08,1.521e+08,1,1.521e+08,,,4.414e+09,2.136e+09,1.567e+09,2.878e+09
JBL,2021-11-30,2022-01-07,2022-01-07,8567000000,675000000,350000000,2.41e+08,1.477e+08,1,1.477e+08,,,4.681e+09,2.206e+09,1.229e+09,3.379e+09
JBL,2022-02-28,2022-04-01,2022-04-01,7553000000,609000000,313000000,2.22e+08,1.464e+08,1,1.464e+08,,,5.395e+09,2.337e+09,1.093e+09,3.382e+09
JBL,2022-05-31,2022-07-01,2022-07-01,8328000000,619000000,321000000,2.18e+08,1.433e+08,1,1.433e+08,,,5.981e+09,2.356e+09,1.07e+09,2.876e+09
JBL,2022-08-31,2022-10-25,2022-10-25,9030000000,729000000,409000000,3.15e+08,1.444e+08,1,1.444e+08,,,6.128e+09,2.451e+09,1.478e+09,3.175e+09
JBL,2022-11-30,2023-01-06,2023-01-06,9635000000,743000000,362000000,2.23e+08,1.38e+08,1,1.38e+08,0.08,0.08,6.429e+09,2.529e+09,1.217e+09,3.176e+09
JBL,2023-02-28,2023-04-05,2023-04-05,8134000000,661000000,359000000,2.07e+08,1.363e+08,1,1.363e+08,0.08,0.08,6.519e+09,2.673e+09,1.2e+09,3.223e+09
JBL,2023-05-31,2023-06-30,2023-06-30,8475000000,697000000,375000000,2.33e+08,1.351e+08,1,1.351e+08,0.08,0.08,6.084e+09,2.736e+09,1.48e+09,3.474e+09
JBL,2023-08-31,2023-10-20,2023-10-20,8458000000,766000000,441000000,1.55e+08,1.359e+08,1,1.359e+08,0.08,0.08,5.206e+09,2.866e+09,1.804e+09,2.875e+09
JBL,2023-11-30,2024-01-09,2024-01-09,8387000000,775000000,303000000,1.94e+08,1.321e+08,1,1.321e+08,0.08,0.08,5.124e+09,2.535e+09,1.55e+09,2.876e+09
JBL,2024-02-29,2024-04-05,2024-04-05,6767000000,630000000,1131000000,9.27e+08,1.269e+08,1,1.269e+08,0.08,0.08,4.821e+09,2.658e+09,2.566e+09,2.878e+09
JBL,2024-05-31,2024-07-09,2024-07-09,6765000000,608000000,261000000,1.29e+08,1.217e+08,1,1.217e+08,0.08,0.08,4.439e+09,2.276e+09,2.457e+09,2.879e+09
JBL,2024-08-31,2024-10-28,2024-10-28,6964000000,663000000,318000000,1.38e+08,1.243e+08,1,1.243e+08,0.08,0.08,4.276e+09,1.737e+09,2.201e+09,2.88e+09
JBL,2024-11-30,2025-01-10,2025-01-10,6994000000,606000000,197000000,1e+08,1.14e+08,1,1.14e+08,0.08,0.08,4.32e+09,1.593e+09,2.058e+09,2.882e+09
JBL,2025-02-28,2025-04-08,2025-04-08,6728000000,576000000,245000000,1.17e+08,1.111e+08,1,1.111e+08,0.08,0.08,4.435e+09,1.358e+09,1.592e+09,2.883e+09
JBL,2025-05-31,2025-06-30,2025-06-30,7828000000,681000000,403000000,2.22e+08,1.093e+08,1,1.093e+08,0.08,0.08,4.772e+09,1.285e+09,1.523e+09,3.383e+09
EA,2008-06-30,2009-08-10,2009-08-10,804000000,508000000,-97000000,-9.5e+07,,1,,,,,,1.199e+09,0
EA,2008-09-30,2009-11-10,2009-11-10,894000000,337000000,-364000000,-3.1e+08,,1,,,,,,1.297e+09,0
EA,2008-12-31,2010-02-09,2010-02-09,1654000000,729000000,-304000000,-6.41e+08,,1,,,,,,1.379e+09,0
EA,2009-03-31,2010-05-28,2010-05-28,860000000,511000000,-62000000,-4.2e+07,,1,,,,2.17e+08,3.134e+09,1.621e+09,0
EA,2009-06-30,2009-08-10,2009-08-10,644000000,323000000,-245000000,-2.34e+08,3.23e+08,1,3.23e+08,,,2.15e+08,3.001e+09,1.205e+09,0
EA,2009-09-30,2009-11-10,2009-11-10,788000000,195000000,-417000000,-3.91e+08,3.23e+08,1,3.23e+08,,,2.5e+08,2.656e+09,1.042e+09,0
EA,2009-12-31,2010-02-09,2010-02-09,1243000000,589000000,-107000000,-8.2e+07,3.23e+08,1,3.23e+08,,,1.44e+08,2.599e+09,1.114e+09,0
EA,2010-03-31,2011-05-24,2011-05-24,979000000,681000000,83000000,3e+07,3.25e+08,1,3.25e+08,,,1e+08,2.729e+09,1.273e+09,0
EA,2010-06-30,2010-08-09,2010-08-09,815000000,593000000,98000000,9.6e+07,3.32e+08,1,3.32e+08,,,8.2e+07,2.752e+09,1.057e+09,0
EA,2010-09-30,2010-11-08,2010-11-08,631000000,268000000,-252000000,-2.01e+08,3.29508e+08,1,3.29508e+08,,,1.55e+08,2.638e+09,1.056e+09,0
EA,2010-12-31,2011-02-07,2011-02-07,1053000000,467000000,-303000000,-3.22e+08,3.31959e+08,1,3.31959e+08,,,1.05e+08,2.358e+09,1.353e+09,0
EA,2011-03-31,2011-05-24,2011-05-24,1090000000,762000000,145000000,1.51e+08,3.3e+08,1,3.3e+08,,,7.7e+07,2.564e+09,1.579e+09,0
EA,2011-06-30,2011-08-09,2011-08-09,999000000,759000000,227000000,2.21e+08,3.37e+08,1,3.37e+08,,,7.5e+07,2.75e+09,1.173e+09,0
EA,2011-09-30,2011-11-08,2011-11-08,715000000,283000000,-374000000,-3.4e+08,3.31e+08,1,3.31e+08,,,9e+07,2.54e+09,9.3e+08,-6.33e+08
EA,2011-12-31,2012-02-07,2012-02-07,1061000000,509000000,-183000000,-2.05e+08,3.32e+08,1,3.32e+08,,,6.9e+07,2.265e+09,1.242e+09,6.33e+08
EA,2012-03-31,2012-05-25,2012-05-25,1368000000,994000000,365000000,4e+08,3.36e+08,1,3.36e+08,,,5.9e+07,2.458e+09,1.293e+09,6.33e+08
EA,2012-06-30,2012-08-03,2012-08-03,955000000,750000000,215000000,2.01e+08,3.2e+08,1,3.2e+08,,,6e+07,2.552e+09,9.19e+08,6.33e+08
EA,2012-09-30,2012-11-06,2012-11-06,711000000,266000000,-364000000,-3.81e+08,3.16e+08,1,3.16e+08,,,7.1e+07,2.154e+09,8.71e+08,6.33e+08
EA,2012-12-31,2013-02-05,2013-02-05,922000000,493000000,-39000000,-4.5e+07,3.04e+08,1,3.04e+08,,,5.9e+07,1.958e+09,1.158e+09,6.325e+08
EA,2013-03-31,2013-05-22,2013-05-22,1209000000,900000000,309000000,3.23e+08,3.13e+08,1,3.13e+08,,,4.2e+07,2.267e+09,1.292e+09,6.325e+08
EA,2013-06-30,2013-08-02,2013-08-02,949000000,755000000,233000000,2.22e+08,3.12e+08,1,3.12e+08,,,4.1e+07,2.492e+09,1.056e+09,6.325e+08
EA,2013-09-30,2013-11-05,2013-11-05,695000000,282000000,-252000000,-2.73e+08,3.08e+08,1,3.08e+08,,,5.8e+07,2.286e+09,1.09e+09,6.325e+08
EA,2013-12-31,2014-02-04,2014-02-04,808000000,291000000,-292000000,-3.08e+08,3.09e+08,1,3.09e+08,,,5.5e+07,2.004e+09,1.746e+09,6.33e+08
EA,2014-03-31,2014-05-21,2014-05-21,1123000000,900000000,344000000,3.67e+08,3.16e+08,1,3.16e+08,,,5.6e+07,2.422e+09,1.782e+09,6.33e+08
EA,2014-06-30,2014-08-05,2014-08-05,1214000000,847000000,362000000,3.35e+08,3.22e+08,1,3.22e+08,,,3.7e+07,2.713e+09,1.554e+09,6.33e+08
EA,2014-09-30,2014-11-04,2014-11-04,990000000,563000000,24000000,3e+06,3.22e+08,1,3.22e+08,,,6.7e+07,2.67e+09,1.624e+09,6.33e+08
EA,2014-12-31,2015-02-04,2015-02-04,1126000000,725000000,162000000,1.42e+08,3.23e+08,1,3.23e+08,,,3.9e+07,2.687e+09,2.166e+09,0
EA,2015-03-31,2015-05-21,2015-05-21,1185000000,951000000,400000000,3.95e+08,3.25e+08,1,3.25e+08,,,3.6e+07,3.036e+09,2.068e+09,0
EA,2015-06-30,2015-08-11,2015-08-11,1203000000,1030000000,512000000,4.42e+08,3.35e+08,1,3.35e+08,,,3.4e+07,3.336e+09,1.81e+09,0
EA,2015-09-30,2015-11-10,2015-11-10,815000000,406000000,-119000000,-1.4e+08,3.12e+08,1,3.12e+08,,,6.2e+07,3.146e+09,1.598e+09,0
EA,2015-12-31,2016-02-08,2016-02-08,1070000000,524000000,-31000000,-4.5e+07,3.11e+08,1,3.11e+08,,,4.2e+07,3.012e+09,2.263e+09,0
EA,2016-03-31,2016-05-27,2016-05-27,1308000000,1082000000,536000000,8.99e+08,3.3e+08,1,3.3e+08,,,3.3e+07,3.396e+09,2.493e+09,0
EA,2016-06-30,2016-08-09,2016-08-09,1271000000,1092000000,560000000,4.4e+08,3.15e+08,1,3.15e+08,,,2.6e+07,3.716e+09,2.042e+09,0
EA,2016-09-30,2016-11-08,2016-11-08,898000000,497000000,-49000000,-3.8e+07,3.01e+08,1,3.01e+08,,,5e+07,3.608e+09,1.746e+09,0
EA,2016-12-31,2017-02-07,2017-02-07,1149000000,633000000,-4000000,-1e+06,3.03e+08,1,3.03e+08,,,3.5e+07,3.549e+09,2.483e+09,0
EA,2017-03-31,2017-05-24,2017-05-24,1527000000,1325000000,717000000,5.66e+08,3.14e+08,1,3.14e+08,,,,4.06e+09,2.565e+09,0
EA,2017-06-30,2017-08-08,2017-08-08,1449000000,1295000000,743000000,6.44e+08,3.13e+08,1,3.13e+08,,,,4.486e+09,2.248e+09,0
EA,2017-09-30,2017-11-07,2017-11-07,959000000,570000000,-41000000,-2.2e+07,3.09e+08,1,3.09e+08,,,,4.388e+09,2.067e+09,0
EA,2017-12-31,2018-02-06,2018-02-06,1160000000,659000000,-21000000,-1.86e+08,3.08e+08,1,3.08e+08,,,,4.086e+09,2.566e+09,0
EA,2018-03-31,2018-05-23,2018-05-23,1582000000,1349000000,753000000,6.07e+08,3.12e+08,1,3.12e+08,,,,4.595e+09,4.258e+09,0
EA,2018-06-30,2018-08-08,2018-08-08,1137000000,922000000,300000000,2.93e+08,3.1e+08,1,3.1e+08,,,,5.26e+09,3.876e+09,0
EA,2018-09-30,2018-11-06,2018-11-06,1286000000,868000000,258000000,2.55e+08,3.07e+08,1,3.07e+08,,,,5.317e+09,2.881e+09,0
EA,2018-12-31,2019-02-06,2019-02-06,1289000000,876000000,242000000,2.62e+08,3.04e+08,1,3.04e+08,,,,5.344e+09,3.887e+09,0
EA,2019-03-31,2019-05-24,2019-05-24,1238000000,962000000,196000000,2.09e+08,3.06e+08,1,3.06e+08,,,,5.331e+09,4.708e+09,0
EA,2019-06-30,2019-08-06,2019-08-06,1209000000,1022000000,415000000,1.421e+09,2.99e+08,1,2.99e+08,,,,6.485e+09,3.533e+09,0
EA,2019-09-30,2019-11-06,2019-11-06,1348000000,943000000,268000000,8.54e+08,2.96e+08,1,2.96e+08,,,,7.158e+09,2.94e+09,0
EA,2019-12-31,2020-02-04,2020-02-04,1593000000,1085000000,361000000,3.46e+08,2.94e+08,1,2.94e+08,,,,7.237e+09,3.603e+09,0
EA,2020-03-31,2020-05-20,2020-05-20,1387000000,1118000000,401000000,4.18e+08,2.95e+08,1,2.95e+08,,,,7.461e+09,3.768e+09,0
EA,2020-06-30,2020-08-07,2020-08-07,1459000000,1171000000,471000000,3.65e+08,2.92e+08,1,2.92e+08,,,,7.782e+09,4.013e+09,0
EA,2020-09-30,2020-11-10,2020-11-10,1151000000,865000000,149000000,1.85e+08,2.93e+08,1,2.93e+08,,,,8.075e+09,4.059e+09,0
EA,2020-12-31,2021-02-08,2021-02-08,1673000000,1072000000,251000000,2.11e+08,2.92e+08,1,2.92e+08,0.17,0.17,,7.963e+09,4.772e+09,0
EA,2021-03-31,2021-05-26,2021-05-26,1346000000,1027000000,175000000,7.6e+07,2.92e+08,1,2.92e+08,,,,7.84e+09,5.26e+09,0
EA,2021-06-30,2021-08-10,2021-08-10,1551000000,1236000000,322000000,2.04e+08,2.89e+08,1,2.89e+08,0.17,0.17,,7.728e+09,2.838e+09,0
EA,2021-09-30,2021-11-09,2021-11-09,1826000000,1332000000,340000000,2.94e+08,2.87e+08,1,2.87e+08,0.17,0.17,,7.856e+09,1.63e+09,0
EA,2021-12-31,2022-02-08,2022-02-08,1789000000,1158000000,102000000,6.6e+07,2.85e+08,1,2.85e+08,0.17,0.17,,7.617e+09,2.67e+09,0
EA,2022-03-31,2022-05-25,2022-05-25,1825000000,1406000000,365000000,2.25e+08,2.86e+08,1,2.86e+08,0.17000000000000004,0.17000000000000004,,7.625e+09,2.732e+09,0
EA,2022-06-30,2022-08-09,2022-08-09,1767000000,1453000000,441000000,3.11e+08,2.81e+08,1,2.81e+08,0.19,0.19,,7.641e+09,2.082e+09,0
EA,2022-09-30,2022-11-08,2022-11-08,1904000000,1442000000,427000000,2.99e+08,2.79e+08,1,2.79e+08,0.19,0.19,,7.798e+09,1.539e+09,0
EA,2022-12-31,2023-02-07,2023-02-07,1881000000,1313000000,289000000,2.04e+08,2.78e+08,1,2.78e+08,0.19,0.19,,7.551e+09,2.202e+09,0
EA,2023-03-31,2023-05-24,2023-05-24,1874000000,1426000000,175000000,-1.2e+07,2.78e+08,1,2.78e+08,0.18999999999999995,0.18999999999999995,,7.293e+09,2.424e+09,0
EA,2023-06-30,2023-08-08,2023-08-08,1924000000,1556000000,542000000,4.02e+08,2.74e+08,1,2.74e+08,0.19,0.19,,7.334e+09,2.259e+09,0
EA,2023-09-30,2023-11-07,2023-11-07,1914000000,1458000000,377000000,3.99e+08,2.72e+08,1,2.72e+08,0.19,0.19,,7.575e+09,1.946e+09,0
EA,2023-12-31,2024-02-06,2024-02-06,1945000000,1416000000,365000000,2.9e+08,2.71e+08,1,2.71e+08,0.19,0.19,,7.533e+09,2.742e+09,0
EA,2024-03-31,2024-05-22,2024-05-22,1779000000,1422000000,234000000,1.82e+08,2.72e+08,1,2.72e+08,0.18999999999999995,0.18999999999999995,,7.513e+09,2.9e+09,0
EA,2024-06-30,2024-08-02,2024-08-02,1660000000,1397000000,364000000,2.8e+08,2.68e+08,1,2.68e+08,0.19,0.19,,7.4e+09,2.4e+09,0
EA,2024-09-30,2024-11-01,2024-11-01,2025000000,1569000000,384000000,2.94e+08,2.66e+08,1,2.66e+08,0.19,0.19,,7.408e+09,2.197e+09,0
EA,2024-12-31,2025-02-05,2025-02-05,1883000000,1427000000,377000000,2.93e+08,2.65e+08,1,2.65e+08,0.19,0.19,,7.412e+09,2.776e+09,0
EA,2025-03-31,2025-05-13,2025-05-13,1895000000,1527000000,395000000,2.54e+08,2.64e+08,1,2.64e+08,0.18999999999999995,0.18999999999999995,,6.386e+09,2.136e+09,0
EA,2025-06-30,2025-08-01,2025-08-01,1671000000,1392000000,271000000,2.01e+08,2.54e+08,1,2.54e+08,0.19,0.19,,6.082e+09,1.518e+09,0
TTWO,2009-07-31,2010-09-03,2010-09-03,94929000,17990000,-52594000,-5.6465e+07,7.73493e+07,1,7.73493e+07,,,,,1.74789e+08,0
TTWO,2009-12-31,2011-02-09,2011-02-09,360364000,156626000,44462000,3.792e+07,8.8186e+07,1,8.8186e+07,,,,,7.7943e+07,0
TTWO,2010-06-30,2011-08-09,2011-08-09,375390000,131344000,35391000,2.6314e+07,9.228e+07,1,9.228e+07,,,,,1.82543e+08,0
TTWO,2010-07-31,2010-09-03,2010-09-03,354076000,113817000,20685000,5.92e+06,8.45714e+07,1,8.45714e+07,,,2.1267e+07,5.48198e+08,2.32127e+08,1.02217e+08
TTWO,2010-09-30,2011-11-08,2011-11-08,244972000,108330000,13029000,3.339e+06,7.9794e+07,1,7.9794e+07,,,,,2.04819e+08,0
TTWO,2010-12-31,2011-02-09,2011-02-09,334259000,145609000,48682000,4.0859e+07,9.3682e+07,1,9.3682e+07,,,2.8592e+07,6.1909e+08,2.97118e+08,1.05305e+08
TTWO,2011-03-31,2012-05-23,2012-05-23,182255000,62212000,-19960000,-2.2054e+07,8.0524e+07,1,8.0524e+07,,,2.4578e+07,6.15279e+08,2.80359e+08,1.07239e+08
TTWO,2011-06-30,2011-08-09,2011-08-09,334380000,123161000,-1863000,-8.713e+06,8.2505e+07,1,8.2505e+07,,,2.5941e+07,6.15267e+08,2.48759e+08,1.09236e+08
TTWO,2011-09-30,2011-11-08,2011-11-08,107034000,32331000,-41509000,-4.7371e+07,8.294e+07,1,8.294e+07,,,4.5077e+07,5.65882e+08,2.6974e+08,1.11299e+08
TTWO,2011-12-31,2012-02-03,2012-02-03,236325000,109858000,20248000,1.4104e+07,8.3565e+07,1,8.3565e+07,,,2.2516e+07,6.41485e+08,4.53316e+08,3.11906e+08
TTWO,2012-03-31,2012-05-23,2012-05-23,148084000,31618000,-61142000,-6.6836e+07,8.3356e+07,1,8.3356e+07,,,2.2477e+07,5.95727e+08,4.20279e+08,3.88e+08
TTWO,2012-06-30,2012-08-01,2012-08-01,226139000,39408000,-100882000,-1.10838e+08,8.501e+07,1,8.501e+07,,,2.7987e+07,4.77035e+08,3.67056e+08,3.20883e+08
TTWO,2012-09-30,2012-10-31,2012-10-31,273084000,114597000,-3933000,-1.2491e+07,8.5396e+07,1,8.5396e+07,,,6.0568e+07,4.84509e+08,3.28284e+08,3.25539e+08
TTWO,2012-12-31,2013-02-06,2013-02-06,415773000,199474000,80992000,7.1365e+07,1.11763e+08,1,1.11763e+08,,,2.9687e+07,5.64814e+08,4.48723e+08,3.30311e+08
TTWO,2013-03-31,2013-05-14,2013-05-14,299487000,145167000,29062000,2.2473e+07,8.5581e+07,1,8.5581e+07,,,3.0218e+07,5.87995e+08,4.02502e+08,3.88e+08
TTWO,2013-06-30,2013-07-31,2013-07-31,142667000,48825000,-49564000,-6.1914e+07,8.6992e+07,1,8.6992e+07,,,2.7852e+07,6.06981e+08,6.46315e+08,5.36693e+08
TTWO,2013-09-30,2013-10-30,2013-10-30,148824000,56361000,-117891000,-1.2412e+08,8.8822e+07,1,8.8822e+07,,,8.4033e+07,4.98862e+08,6.61923e+08,4.43526e+08
TTWO,2013-12-31,2014-02-04,2014-02-04,1863869000,744135000,606295000,5.78426e+08,1.11812e+08,1,1.11812e+08,,,4.5035e+07,8.21999e+08,9.7217e+08,4.48737e+08
TTWO,2014-03-31,2014-05-14,2014-05-14,195208000,86920000,-23584000,-3.0787e+07,9.5347e+07,1,9.5347e+07,,,2.978e+07,8.01806e+08,9.354e+08,5.375e+08
TTWO,2014-06-30,2014-08-06,2014-08-06,125425000,71269000,-33209000,-3.5403e+07,7.9369e+07,1,7.9369e+07,,,2.3147e+07,7.83037e+08,8.41369e+08,4.59408e+08
TTWO,2014-09-30,2014-10-30,2014-10-30,126277000,74261000,-48513000,-4.1369e+07,8.0355e+07,1,8.0355e+07,,,5.5948e+07,7.55009e+08,8.03777e+08,4.64871e+08
TTWO,2014-12-31,2015-02-06,2015-02-06,531147000,253134000,65612000,4.0093e+07,1.07114e+08,1,1.07114e+08,,,2.4617e+07,8.15389e+08,9.76592e+08,4.7042e+08
TTWO,2015-03-31,2015-05-22,2015-05-22,300089000,-110593000,-242353000,-2.42791e+08,8.0367e+07,1,8.0367e+07,,,2.0051e+07,5.63088e+08,1.09805e+09,5.375e+08
TTWO,2015-06-30,2015-08-10,2015-08-10,275297000,72682000,-62637000,-6.7023e+07,8.2833e+07,1,8.2833e+07,,,1.2453e+07,5.26839e+08,1.1908e+09,4.81784e+08
TTWO,2015-09-30,2015-11-06,2015-11-06,346974000,203034000,66431000,5.4735e+07,1.14015e+08,1,1.14015e+08,,,2.402e+07,5.64065e+08,1.06467e+09,4.87601e+08
TTWO,2015-12-31,2016-02-04,2016-02-04,414221000,156360000,-59197000,-4.2413e+07,8.3426e+07,1,8.3426e+07,,,2.0207e+07,5.26974e+08,1.21468e+09,4.91576e+08
TTWO,2016-03-31,2016-05-19,2016-05-19,377206000,167749000,44575000,4.6399e+07,8.3417e+07,1,8.3417e+07,,,1.5888e+07,5.81385e+08,1.26956e+09,5.375e+08
TTWO,2016-06-30,2016-08-05,2016-08-05,311552000,120172000,-38983000,-3.8567e+07,8.4588e+07,1,8.4588e+07,,,1.2734e+07,5.3354e+08,1.18882e+09,5.04385e+08
TTWO,2016-09-30,2016-11-03,2016-11-03,420167000,214562000,47194000,3.6432e+07,1.15202e+08,1,1.15202e+08,,,7.7561e+07,5.82753e+08,1.17459e+09,5.11636e+08
TTWO,2016-12-31,2017-02-08,2017-02-08,476473000,165399000,-28409000,-2.9842e+07,9.0428e+07,1,9.0428e+07,,,2.6665e+07,8.20921e+08,1.44395e+09,2.58876e+08
TTWO,2017-03-31,2017-05-24,2017-05-24,571555000,256657000,111503000,9.928e+07,9.4073e+07,1,9.4073e+07,,,1.6323e+07,1.00373e+09,1.39233e+09,2.68149e+08
TTWO,2017-06-30,2017-08-03,2017-08-03,418216000,223647000,50219000,6.0276e+07,1.18782e+08,1,1.18782e+08,,,1.1636e+07,1.09976e+09,1.28106e+09,2.12864e+08
TTWO,2017-09-30,2017-11-08,2017-11-08,443562000,197014000,-11319000,-2.736e+06,1.0943e+08,1,1.0943e+08,,,3.6431e+07,1.47245e+09,1.26314e+09,5.2369e+07
TTWO,2017-12-31,2018-02-08,2018-02-08,480840000,212857000,8852000,2.514e+07,1.17918e+08,1,1.17918e+08,,,3.0857e+07,1.40082e+09,1.32178e+09,1.3838e+07
TTWO,2018-03-31,2018-05-17,2018-05-17,450274000,261063000,87825000,9.0853e+07,1.12864e+08,1,1.12864e+08,,,1.5162e+07,1.48897e+09,1.42438e+09,8.16e+06
TTWO,2018-06-30,2018-08-03,2018-08-03,387982000,256617000,70846000,7.1693e+07,1.15985e+08,1,1.15985e+08,,,1.0642e+07,1.8522e+09,1.10226e+09,5.232e+06
TTWO,2018-09-30,2018-11-08,2018-11-08,492667000,257787000,25986000,2.5367e+07,1.16095e+08,1,1.16095e+08,,,4.0541e+07,1.94444e+09,1.0253e+09,0
TTWO,2018-12-31,2019-02-06,2019-02-06,1248738000,350254000,51779000,1.79948e+08,1.14737e+08,1,1.14737e+08,,,3.9786e+07,2.02747e+09,1.60064e+09,0
TTWO,2019-03-31,2019-05-14,2019-05-14,539007000,280092000,58061000,5.6829e+07,1.15198e+08,1,1.15198e+08,,,2.82e+07,2.04058e+09,1.57101e+09,0
TTWO,2019-06-30,2019-08-06,2019-08-06,540459000,298990000,51730000,4.628e+07,1.13728e+08,1,1.13728e+08,,,2.3847e+07,2.08633e+09,1.54228e+09,0
TTWO,2019-09-30,2019-11-08,2019-11-08,857841000,389593000,74820000,7.1815e+07,1.14077e+08,1,1.14077e+08,,,3.9293e+07,2.18176e+09,1.50464e+09,0
TTWO,2019-12-31,2020-02-07,2020-02-07,930129000,493036000,176833000,1.63642e+08,1.14254e+08,1,1.14254e+08,,,2.4426e+07,2.40204e+09,1.98413e+09,0
TTWO,2020-03-31,2020-05-22,2020-05-22,760541000,364901000,121884000,1.22722e+08,1.14136e+08,1,1.14136e+08,,,1.9108e+07,2.53924e+09,2.00167e+09,0
TTWO,2020-06-30,2020-08-04,2020-08-04,831310000,354621000,82143000,8.8505e+07,1.14956e+08,1,1.14956e+08,,,1.9486e+07,2.65103e+09,2.28495e+09,0
TTWO,2020-09-30,2020-11-06,2020-11-06,841142000,408637000,115367000,9.9321e+07,1.15414e+08,1,1.15414e+08,,,2.6934e+07,2.90128e+09,2.38588e+09,0
TTWO,2020-12-31,2021-02-09,2021-02-09,860889000,514645000,176057000,1.82248e+08,1.16117e+08,1,1.16117e+08,,,2.6733e+07,3.15529e+09,2.42252e+09,0
TTWO,2021-03-31,2021-05-19,2021-05-19,839431000,559784000,255817000,2.18812e+08,1.15744e+08,1,1.15744e+08,,,1.7742e+07,3.33189e+09,2.73158e+09,0
TTWO,2021-06-30,2021-08-03,2021-08-03,813346000,483631000,170474000,1.52256e+08,1.1713e+08,1,1.1713e+08,,,1.1491e+07,3.61893e+09,2.53606e+09,0
TTWO,2021-09-30,2021-11-04,2021-11-04,858198000,401516000,20151000,1.0297e+07,1.16803e+08,1,1.16803e+08,,,1.2579e+07,3.46967e+09,2.29753e+09,0
TTWO,2021-12-31,2022-02-08,2022-02-08,903252000,552873000,154106000,1.44497e+08,1.16708e+08,1,1.16708e+08,,,1.1678e+07,3.66574e+09,2.46575e+09,0
TTWO,2022-03-31,2022-05-17,2022-05-17,930004000,531379000,128864000,1.10972e+08,1.16775e+08,1,1.16775e+08,,,1.3224e+07,3.80966e+09,2.55211e+09,0
TTWO,2022-06-30,2022-08-09,2022-08-09,1102400000,666700000,-37400000,-1.04e+08,1.365e+08,1,1.365e+08,,,,9.6623e+09,1.3066e+09,3.2855e+09
TTWO,2022-09-30,2022-11-08,2022-11-08,1393500000,679600000,-252500000,-2.57e+08,1.669e+08,1,1.669e+08,,,,9.4335e+09,1.3044e+09,3.2855e+09
TTWO,2022-12-31,2023-02-07,2023-02-07,1407800000,715900000,-172900000,-1.534e+08,1.68e+08,1,1.68e+08,,,,9.5504e+09,1.1295e+09,3.0855e+09
TTWO,2023-03-31,2023-05-26,2023-05-26,1446200000,223100000,-702400000,-6.103e+08,1.599e+08,1,1.599e+08,,,,9.0425e+09,1.0144e+09,3.0798e+09
TTWO,2023-06-30,2023-08-09,2023-08-09,1284700000,679200000,-204300000,-2.06e+08,1.694e+08,1,1.694e+08,,,,8.9402e+09,8.85e+08,3.0768e+09
TTWO,2023-09-30,2023-11-09,2023-11-09,1299200000,415400000,-543700000,-5.436e+08,1.699e+08,1,1.699e+08,,,,8.4301e+09,8.019e+08,3.0802e+09
TTWO,2023-12-31,2024-02-09,2024-02-09,1366300000,678100000,-129500000,-9.16e+07,1.703e+08,1,1.703e+08,,,,8.5086e+09,9.222e+08,3.0814e+09
TTWO,2024-03-31,2024-05-22,2024-05-22,1399400000,469100000,-2713100000,-2.903e+09,1.701e+08,1,1.701e+08,,,,5.6679e+09,7.76e+08,3.0829e+09
TTWO,2024-06-30,2024-08-09,2024-08-09,1338200000,771100000,-184900000,-2.62e+08,1.723e+08,1,1.723e+08,,,,5.9915e+09,1.0965e+09,3.6533e+09
TTWO,2024-09-30,2024-11-07,2024-11-07,1353100000,727900000,-297200000,-3.655e+08,1.754e+08,1,1.754e+08,,,,5.7985e+09,8.796e+08,3.6551e+09
TTWO,2024-12-31,2025-02-07,2025-02-07,1359800000,759900000,-132100000,-1.252e+08,1.76e+08,1,1.76e+08,,,,5.7019e+09,1.2101e+09,3.6579e+09
TTWO,2025-03-31,2025-05-20,2025-05-20,1582500000,803300000,-3776900000,-3.7262e+09,1.751e+08,1,1.751e+08,,,,2.1377e+09,1.4655e+09,3.6611e+09
TTWO,2025-06-30,2025-08-07,2025-08-07,1503800000,945000000,21600000,-1.19e+07,1.808e+08,1,1.808e+08,,,,3.4809e+09,2.0351e+09,3.0651e+09
EBAY,2015-09-30,2015-10-28,2015-10-28,2099000000,1666000000,578000000,5.39e+08,1.223e+09,1,1.223e+09,,,,6.492e+09,5.301e+09,7.439e+09
EBAY,2015-12-31,2016-02-01,2016-02-01,2322000000,1829000000,146000000,4.77e+08,1.204e+09,1,1.204e+09,,,,6.576e+09,6.131e+09,6.75e+09
EBAY,2016-03-31,2016-04-27,2016-04-27,2137000000,1660000000,614000000,4.82e+08,1.17e+09,1,1.17e+09,,,,6.317e+09,8.013e+09,9.036e+09
EBAY,2016-06-30,2016-07-21,2016-07-21,2230000000,1737000000,531000000,4.35e+08,1.149e+09,1,1.149e+09,,,,6.453e+09,8.086e+09,9.054e+09
EBAY,2016-09-30,2016-10-20,2016-10-20,2217000000,1719000000,542000000,4.13e+08,1.139e+09,1,1.139e+09,,,,6.819e+09,8.045e+09,9.032e+09
EBAY,2016-12-31,2017-02-06,2017-02-06,2395000000,1856000000,638000000,5.936e+09,1.119e+09,1,1.119e+09,,,,1.0539e+10,7.149e+09,8.959e+09
EBAY,2017-03-31,2017-04-20,2017-04-20,2217000000,1702000000,546000000,1.035e+09,1.102e+09,1,1.102e+09,,,,1.1595e+10,6.754e+09,8.956e+09
EBAY,2017-06-30,2017-07-21,2017-07-21,2328000000,1767000000,478000000,2.7e+07,1.091e+09,1,1.091e+09,,,,1.1474e+10,9.017e+09,1.1451e+10
EBAY,2017-09-30,2017-10-20,2017-10-20,2409000000,1853000000,578000000,5.23e+08,1.078e+09,1,1.078e+09,,,,1.1283e+10,6.03e+09,9.999e+09
EBAY,2017-12-31,2018-02-05,2018-02-05,2613000000,2023000000,663000000,-2.601e+09,1.035e+09,1,1.035e+09,,,,8.063e+09,5.863e+09,1.0015e+10
EBAY,2018-03-31,2018-04-26,2018-04-26,2580000000,2021000000,579000000,4.07e+08,1.029e+09,1,1.029e+09,,,,7.596e+09,4.806e+09,9.208e+09
EBAY,2018-06-30,2018-07-19,2018-07-19,2640000000,2043000000,406000000,6.42e+08,1.004e+09,1,1.004e+09,,,,7.146e+09,4.007e+09,9.201e+09
EBAY,2018-09-30,2018-10-31,2018-10-31,2649000000,2041000000,556000000,7.21e+08,9.83e+08,1,9.83e+08,,,,6.929e+09,4.838e+09,9.211e+09
EBAY,2018-12-31,2019-01-30,2019-01-30,2877000000,2259000000,681000000,7.6e+08,9.5e+08,1,9.5e+08,,,,6.281e+09,4.915e+09,9.235e+09
EBAY,2019-03-31,2019-04-24,2019-04-24,2643000000,2042000000,609000000,5.18e+08,9.08e+08,1,9.08e+08,,,,5.203e+09,4.441e+09,9.25e+09
EBAY,2019-06-30,2019-07-18,2019-07-18,2687000000,2057000000,561000000,4.02e+08,8.67e+08,1,8.67e+08,,,,4.106e+09,4.477e+09,9.293e+09
EBAY,2019-09-30,2019-10-24,2019-10-24,2649000000,2022000000,532000000,3.1e+08,8.37e+08,1,8.37e+08,,,,3.27e+09,3.086e+09,7.735e+09
EBAY,2019-12-31,2020-01-31,2020-01-31,2821000000,2171000000,619000000,5.56e+08,8.12e+08,1,8.12e+08,,,,2.87e+09,2.825e+09,7.738e+09
EBAY,2020-03-31,2020-04-30,2020-04-30,2374000000,1848000000,629000000,3.412e+09,7.57e+08,1,7.57e+08,,,,2.115e+09,4.43e+09,8.724e+09
EBAY,2020-06-30,2020-07-29,2020-07-29,2865000000,2267000000,821000000,7.46e+08,7.11e+08,1,7.11e+08,,,,2.902e+09,5.303e+09,9.171e+09
EBAY,2020-09-30,2020-10-29,2020-10-29,2606000000,1950000000,679000000,6.64e+08,7.08e+08,1,7.08e+08,,,,2.92e+09,3.66e+09,7.75e+09
EBAY,2020-12-31,2021-02-04,2021-02-04,2868000000,2126000000,582000000,8.45e+08,6.97e+08,1,6.97e+08,,,,3.561e+09,3.826e+09,7.745e+09
EBAY,2021-03-31,2021-04-29,2021-04-29,3023000000,2200000000,842000000,6.41e+08,6.93e+08,1,6.93e+08,,,,3.77e+09,3.367e+09,7.355e+09
EBAY,2021-06-30,2021-08-12,2021-08-12,2668000000,1996000000,732000000,1.0734e+10,6.85e+08,1,6.85e+08,,,,1.3016e+10,2.128e+09,9.855e+09
EBAY,2021-09-30,2021-10-28,2021-10-28,2501000000,1823000000,662000000,2.64e+08,6.58e+08,1,6.58e+08,,,,1.0945e+10,1.244e+09,1.046e+10
EBAY,2021-12-31,2022-02-24,2022-02-24,2613000000,1919000000,687000000,1.969e+09,6.06e+08,1,6.06e+08,,,,9.778e+09,7.323e+09,9.082e+09
EBAY,2022-03-31,2022-05-05,2022-05-05,2483000000,1794000000,692000000,-1.341e+09,5.87e+08,1,5.87e+08,,,,7.054e+09,1.798e+09,1.755e+09
EBAY,2022-06-30,2022-08-04,2022-08-04,2422000000,1759000000,525000000,-5.31e+08,5.56e+08,1,5.56e+08,,,,5.243e+09,1.742e+09,1.149e+09
EBAY,2022-09-30,2022-11-03,2022-11-03,2380000000,1733000000,568000000,-6.9e+07,5.48e+08,1,5.48e+08,,,,4.853e+09,2.037e+09,1.15e+09
EBAY,2022-12-31,2023-02-23,2023-02-23,2510000000,1829000000,565000000,6.72e+08,5.58e+08,1,5.58e+08,,,,5.153e+09,4.779e+09,8.871e+09
EBAY,2023-03-31,2023-04-27,2023-04-27,2510000000,1810000000,558000000,5.67e+08,5.41e+08,1,5.41e+08,,,,5.387e+09,2.082e+09,0
EBAY,2023-06-30,2023-07-27,2023-07-27,2540000000,1822000000,518000000,1.71e+08,5.37e+08,1,5.37e+08,,,,5.268e+09,2.268e+09,0
EBAY,2023-09-30,2023-11-08,2023-11-08,2500000000,1795000000,455000000,1.305e+09,5.32e+08,1,5.32e+08,,,,5.899e+09,2.55e+09,7.5e+08
EBAY,2023-12-31,2024-02-28,2024-02-28,2562000000,1852000000,410000000,7.24e+08,5.33e+08,1,5.33e+08,,,,6.396e+09,1.985e+09,7.723e+09
EBAY,2024-03-31,2024-05-02,2024-05-02,2556000000,1856000000,631000000,4.38e+08,5.19e+08,1,5.19e+08,,,,6.273e+09,2.13e+09,1.55e+09
EBAY,2024-06-30,2024-08-01,2024-08-01,2572000000,1837000000,549000000,2.24e+08,5.07e+08,1,5.07e+08,,,,5.525e+09,1.963e+09,1.55e+09
EBAY,2024-09-30,2024-10-31,2024-10-31,2576000000,1849000000,595000000,6.34e+08,4.94e+08,1,4.94e+08,,,,5.42e+09,1.589e+09,8e+08
EBAY,2024-12-31,2025-02-27,2025-02-27,2579000000,1861000000,543000000,6.79e+08,5.01e+08,1,5.01e+08,,,,5.158e+09,2.433e+09,8.225e+09
EBAY,2025-03-31,2025-05-01,2025-05-01,2585000000,1862000000,616000000,5.03e+08,4.75e+08,1,4.75e+08,,,,4.95e+09,3.061e+09,4.25e+08
EBAY,2025-06-30,2025-07-31,2025-07-31,2730000000,1954000000,484000000,3.68e+08,4.7e+08,1,4.7e+08,,,,4.749e+09,2.096e+09,1.175e+09
MSI,2011-04-02,2011-05-02,2011-05-02,1884000000,942000000,170000000,4.97e+08,3.442e+08,1,3.442e+08,0.0,0.0,5.21e+08,6.31e+09,2.773e+09,3.305e+09
MSI,2011-07-02,2011-07-28,2011-07-28,2055000000,1039000000,170000000,3.49e+08,3.485e+08,1,3.485e+08,0.0,0.0,5.22e+08,6.739e+09,2.205e+09,2.806e+09
MSI,2011-10-01,2011-10-27,2011-10-27,2105000000,1060000000,253000000,1.28e+08,3.395e+08,1,3.395e+08,0.22,0.22,5.48e+08,6.098e+09,1.787e+09,2.705e+09
MSI,2011-12-31,2012-02-15,2012-02-15,2300000000,1160000000,276000000,1.84e+08,3.397e+08,1,3.397e+08,0.22,0.22,5.12e+08,5.214e+09,1.883e+09,1.905e+09
MSI,2012-03-31,2012-04-25,2012-04-25,1956000000,973000000,232000000,1.57e+08,3.177e+08,1,3.177e+08,0.22,0.22,4.71e+08,4.085e+09,1.722e+09,1.904e+09
MSI,2012-06-30,2012-07-25,2012-07-25,2148000000,1060000000,278000000,1.82e+08,2.961e+08,1,2.961e+08,0.22,0.22,4.88e+08,3.848e+09,1.774e+09,1.904e+09
MSI,2012-09-29,2012-10-24,2012-10-24,2153000000,1087000000,324000000,2.06e+08,2.874e+08,1,2.874e+08,0.26,0.26,5.38e+08,3.872e+09,1.781e+09,1.904e+09
MSI,2012-12-31,2013-02-12,2013-02-12,2441000000,1229000000,423000000,3.36e+08,2.974e+08,1,2.974e+08,0.26,0.26,5.13e+08,3.265e+09,1.47e+09,1.863e+09
MSI,2013-03-30,2013-04-24,2013-04-24,1973000000,955000000,216000000,1.92e+08,2.807e+08,1,2.807e+08,0.26,0.26,5.15e+08,3.097e+09,1.473e+09,2.454e+09
MSI,2013-06-29,2013-07-24,2013-07-24,2107000000,1029000000,266000000,2.58e+08,2.747e+08,1,2.747e+08,0.26,0.26,4.98e+08,2.791e+09,1.46e+09,2.456e+09
MSI,2013-09-28,2013-10-23,2013-10-23,2112000000,1043000000,320000000,3.07e+08,2.653e+08,1,2.653e+08,0.31,0.31,5.21e+08,2.676e+09,1.723e+09,2.462e+09
MSI,2013-12-31,2014-02-13,2014-02-13,2504000000,1214000000,413000000,3.43e+08,2.705e+08,1,2.705e+08,0.31,0.31,5.22e+08,3.659e+09,3.227e+09,2.461e+09
MSI,2014-03-29,2014-05-01,2014-05-01,1801000000,845000000,170000000,1.27e+08,2.583e+08,1,2.583e+08,0.31,0.31,5.76e+08,3.717e+09,3.401e+09,2.466e+09
MSI,2014-06-28,2014-08-05,2014-08-05,1393000000,656000000,138000000,8.24e+08,2.562e+08,1,2.562e+08,0.31,0.31,3.3e+08,4.139e+09,3.112e+09,2.45e+09
MSI,2014-09-27,2014-11-04,2014-11-04,1436000000,685000000,207000000,1.47e+08,2.482e+08,1,2.482e+08,0.34,0.34,3.31e+08,3.211e+09,3.085e+09,3.405e+09
MSI,2014-12-31,2015-02-13,2015-02-13,1824000000,913000000,-1458000000,2.01e+08,2.456e+08,1,2.456e+08,0.34,0.34,3.45e+08,2.735e+09,4.2e+09,3.4e+09
MSI,2015-04-04,2015-05-06,2015-05-06,1223000000,548000000,119000000,7.4e+07,2.178e+08,1,2.178e+08,0.34,0.34,3.81e+08,2.086e+09,3.621e+09,3.396e+09
MSI,2015-07-04,2015-08-05,2015-08-05,1368000000,648000000,254000000,1.42e+08,2.095e+08,1,2.095e+08,0.34,0.34,3.64e+08,1.815e+09,3.374e+09,3.397e+09
MSI,2015-10-03,2015-11-04,2015-11-04,1422000000,685000000,231000000,1.15e+08,2.013e+08,1,2.013e+08,0.34,0.34,3.34e+08,-3.07e+08,2.476e+09,4.39e+09
MSI,2015-12-31,2016-02-23,2016-02-23,1682000000,838000000,390000000,2.79e+08,2.018e+08,1,2.018e+08,0.41,0.41,2.96e+08,-1.06e+08,1.98e+09,4.39e+09
MSI,2016-04-02,2016-05-06,2016-05-06,1193000000,502000000,100000000,1.7e+07,1.77e+08,1,1.77e+08,0.41,0.41,2.87e+08,-1.47e+08,1.94e+09,5.027e+09
MSI,2016-07-02,2016-08-05,2016-08-05,1430000000,676000000,224000000,1.07e+08,1.748e+08,1,1.748e+08,0.41,0.41,2.84e+08,-6.89e+08,1.545e+09,5.033e+09
MSI,2016-10-01,2016-11-04,2016-11-04,1532000000,762000000,341000000,1.92e+08,1.696e+08,1,1.696e+08,0.41,0.41,2.83e+08,-6.59e+08,1.687e+09,5.049e+09
MSI,2016-12-31,2017-02-21,2017-02-21,1883000000,928000000,403000000,2.43e+08,1.731e+08,1,1.731e+08,0.47,0.47,2.73e+08,-9.64e+08,1.03e+09,4.396e+09
MSI,2017-04-01,2017-05-05,2017-05-05,1281000000,570000000,176000000,7.7e+07,1.699e+08,1,1.699e+08,0.47,0.47,3.45e+08,-1.05e+09,7.66e+08,4.458e+09
MSI,2017-07-01,2017-08-04,2017-08-04,1497000000,690000000,257000000,1.31e+08,1.69e+08,1,1.69e+08,0.47,0.47,3.91e+08,-9.88e+08,7.42e+08,4.467e+09
MSI,2017-09-30,2017-11-03,2017-11-03,1645000000,794000000,338000000,2.12e+08,1.69e+08,1,1.69e+08,0.47,0.47,3.64e+08,-8.3e+08,6.53e+08,4.47e+09
MSI,2017-12-31,2018-02-16,2018-02-16,1957000000,970000000,511000000,-5.75e+08,1.629e+08,1,1.629e+08,0.52,0.52,3.27e+08,-1.742e+09,1.205e+09,4.471e+09
MSI,2018-03-31,2018-05-04,2018-05-04,1468000000,669000000,171000000,1.17e+08,1.706e+08,1,1.706e+08,0.52,0.52,4.41e+08,-1.554e+09,7.95e+08,5.796e+09
MSI,2018-06-30,2018-08-03,2018-08-03,1760000000,822000000,273000000,1.8e+08,1.717e+08,1,1.717e+08,0.52,0.52,3.91e+08,-1.507e+09,8.78e+08,5.645e+09
MSI,2018-09-29,2018-11-02,2018-11-02,1862000000,901000000,294000000,2.47e+08,1.726e+08,1,1.726e+08,0.52,0.52,3.67e+08,-1.411e+09,8.39e+08,5.432e+09
MSI,2018-12-31,2019-02-15,2019-02-15,2254000000,1088000000,516000000,4.23e+08,1.72e+08,1,1.72e+08,0.57,0.57,3.56e+08,-1.293e+09,1.246e+09,5.32e+09
MSI,2019-03-30,2019-05-03,2019-05-03,1657000000,773000000,229000000,1.51e+08,1.746e+08,1,1.746e+08,0.57,0.57,4.25e+08,-1.108e+09,8.86e+08,5.315e+09
MSI,2019-06-29,2019-08-02,2019-08-02,1860000000,931000000,349000000,2.07e+08,1.761e+08,1,1.761e+08,0.57,0.57,4.24e+08,-9.7e+08,9.53e+08,5.343e+09
MSI,2019-09-28,2019-10-31,2019-10-31,1994000000,1007000000,413000000,2.67e+08,1.764e+08,1,1.764e+08,0.57,0.57,4.6e+08,-1.101e+09,1.138e+09,5.729e+09
MSI,2019-12-31,2020-02-14,2020-02-14,2377000000,1220000000,590000000,2.44e+08,1.756e+08,1,1.756e+08,0.64,0.64,4.47e+08,-7e+08,1.001e+09,5.129e+09
MSI,2020-03-28,2020-05-08,2020-05-08,1655000000,787000000,259000000,1.97e+08,1.759e+08,1,1.759e+08,0.64,0.64,4.42e+08,-9.48e+08,1.672e+09,5.925e+09
MSI,2020-06-27,2020-08-07,2020-08-07,1618000000,766000000,218000000,1.35e+08,1.736e+08,1,1.736e+08,0.64,0.64,4.49e+08,-8.3e+08,1.341e+09,5.628e+09
MSI,2020-09-26,2020-10-30,2020-10-30,1868000000,909000000,352000000,2.05e+08,1.735e+08,1,1.735e+08,0.64,0.64,4.89e+08,-7.56e+08,1.007e+09,5.374e+09
MSI,2020-12-31,2021-02-12,2021-02-12,2273000000,1146000000,555000000,4.12e+08,1.741e+08,1,1.741e+08,0.71,0.71,5.08e+08,-5.58e+08,1.254e+09,5.175e+09
MSI,2021-04-03,2021-05-06,2021-05-06,1773000000,860000000,298000000,2.44e+08,1.732e+08,1,1.732e+08,0.71,0.71,5.3e+08,-4.96e+08,1.32e+09,5.175e+09
MSI,2021-07-03,2021-08-05,2021-08-05,1971000000,952000000,370000000,2.93e+08,1.731e+08,1,1.731e+08,0.71,0.71,5.59e+08,-3.58e+08,1.921e+09,5.695e+09
MSI,2021-10-02,2021-11-04,2021-11-04,2107000000,1045000000,451000000,3.07e+08,1.741e+08,1,1.741e+08,0.71,0.71,6.04e+08,-2.63e+08,1.653e+09,5.693e+09
MSI,2021-12-31,2022-02-16,2022-02-16,2320000000,1183000000,548000000,4.01e+08,1.736e+08,1,1.736e+08,0.79,0.79,7.88e+08,-4e+07,1.874e+09,5.693e+09
MSI,2022-04-02,2022-05-12,2022-05-12,1892000000,857000000,239000000,2.67e+08,1.731e+08,1,1.731e+08,0.79,0.79,9.52e+08,-3.16e+08,8.78e+08,5.693e+09
MSI,2022-07-02,2022-08-04,2022-08-04,2140000000,990000000,358000000,2.28e+08,1.709e+08,1,1.709e+08,0.79,0.79,1.071e+09,-4.43e+08,7.17e+08,6.013e+09
MSI,2022-10-01,2022-11-03,2022-11-03,2373000000,1031000000,373000000,2.79e+08,1.715e+08,1,1.715e+08,0.79,0.79,1.157e+09,-4.08e+08,8.22e+08,6.013e+09
MSI,2022-12-31,2023-02-16,2023-02-16,2707000000,1351000000,691000000,5.89e+08,1.719e+08,1,1.719e+08,0.8799999999999999,0.8799999999999999,1.055e+09,1.16e+08,1.325e+09,6.014e+09
MSI,2023-04-01,2023-05-04,2023-05-04,2171000000,1046000000,399000000,2.78e+08,1.726e+08,1,1.726e+08,0.88,0.88,1.082e+09,2.34e+08,1.022e+09,6.015e+09
MSI,2023-07-01,2023-08-03,2023-08-03,2403000000,1189000000,518000000,3.71e+08,1.726e+08,1,1.726e+08,0.88,0.88,1.02e+09,3.37e+08,7.1e+08,6.015e+09
MSI,2023-09-30,2023-11-02,2023-11-02,2556000000,1280000000,639000000,4.64e+08,1.717e+08,1,1.717e+08,0.88,0.88,9.59e+08,3.62e+08,9.1e+08,6.017e+09
MSI,2023-12-31,2024-02-15,2024-02-15,2848000000,1455000000,738000000,5.96e+08,1.721e+08,1,1.721e+08,0.98,0.98,8.27e+08,7.24e+08,1.705e+09,6.018e+09
MSI,2024-03-30,2024-05-02,2024-05-02,2389000000,1192000000,519000000,-3.9e+07,1.663e+08,1,1.663e+08,0.98,0.98,8.4e+08,5.21e+08,1.512e+09,6.307e+09
MSI,2024-06-29,2024-08-01,2024-08-01,2628000000,1339000000,644000000,4.43e+08,1.703e+08,1,1.703e+08,0.98,0.98,8.03e+08,8.02e+08,1.381e+09,6.308e+09
MSI,2024-09-28,2024-11-07,2024-11-07,2790000000,1433000000,711000000,5.62e+08,1.709e+08,1,1.709e+08,0.98,0.98,8.16e+08,1.326e+09,1.404e+09,5.996e+09
MSI,2024-12-31,2025-02-14,2025-02-14,3010000000,1548000000,814000000,6.11e+08,1.708e+08,1,1.708e+08,1.0900000000000003,1.0900000000000003,7.66e+08,1.703e+09,2.102e+09,5.997e+09
MSI,2025-03-29,2025-05-01,2025-05-01,2528000000,1300000000,582000000,4.3e+08,1.698e+08,1,1.698e+08,1.09,1.09,8.33e+08,1.641e+09,1.564e+09,5.999e+09
MSI,2025-06-28,2025-08-07,2025-08-07,2765000000,1413000000,692000000,5.13e+08,1.688e+08,1,1.688e+08,1.09,1.09,8.61e+08,1.968e+09,3.206e+09,7.731e+09
CDW,2010-06-30,2011-09-14,2011-09-14,2223300000,359900000,95600000,-7e+06,,1,,,,,,2.61e+07,0
CDW,2010-09-30,2011-11-14,2011-11-14,2374400000,368400000,104600000,-300000,,1,,,,,,6.7e+07,0
CDW,2011-03-31,2012-05-15,2012-05-15,2129600000,350400000,91700000,-4.2e+06,,1,,,,,,7.37e+07,0
CDW,2011-06-30,2011-09-14,2011-09-14,2412100000,401800000,128200000,-3.48e+07,,1,,,,3.489e+08,-6.93e+07,4.46e+07,0
CDW,2011-09-30,2011-11-14,2011-11-14,2581400000,420800000,139700000,3.71e+07,,1,,,,3.151e+08,-3.55e+07,2.59e+07,0
CDW,2011-12-31,2013-03-08,2013-03-08,2479300000,412300000,111100000,1.9e+07,1.449e+08,1,1.449e+08,,,3.217e+08,-7.3e+06,9.99e+07,4.066e+09
CDW,2012-03-31,2012-05-15,2012-05-15,2319200000,384600000,103600000,1.09e+07,1.55714e+08,1,1.55714e+08,,,3.468e+08,1.06e+07,3.65e+07,3.8716e+09
CDW,2012-06-30,2012-08-10,2012-08-10,2584700000,426900000,136400000,3.68e+07,1.458e+08,1,1.458e+08,,,3.216e+08,5.11e+07,1.587e+08,3.8714e+09
CDW,2012-09-30,2012-11-09,2012-11-09,2623300000,432700000,139700000,3.8e+07,1.459e+08,1,1.459e+08,,,3.469e+08,9.82e+07,1.93e+08,3.8712e+09
CDW,2012-12-31,2013-03-08,2013-03-08,2601000000,425400000,130900000,3.33e+07,1.458e+08,1,1.458e+08,,,3.146e+08,1.365e+08,3.79e+07,3.771e+09
CDW,2013-03-31,2013-05-09,2013-05-09,2411700000,402000000,120100000,2.83e+07,1.461e+08,1,1.461e+08,0.0,0.0,3.584e+08,1.638e+08,1.471e+08,3.6808e+09
CDW,2013-06-30,2013-08-12,2013-08-12,2779300000,451600000,153600000,4.67e+07,1.467e+08,1,1.467e+08,0.0,0.0,3.785e+08,2.09e+08,1.793e+08,3.7244e+09
CDW,2013-09-30,2013-11-07,2013-11-07,2864300000,458400000,92900000,-2.2e+06,1.668e+08,1,1.668e+08,0.0,0.0,3.538e+08,6.598e+08,3.502e+08,3.4101e+09
CDW,2013-12-31,2014-03-05,2014-03-05,2713300000,448300000,142000000,6e+07,1.587e+08,1,1.587e+08,0.0425,0.0425,3.82e+08,7.117e+08,1.881e+08,3.2512e+09
CDW,2014-03-31,2014-05-12,2014-05-12,2652300000,425200000,135800000,5.09e+07,1.723e+08,1,1.723e+08,0.0425,0.0425,3.884e+08,7.548e+08,3.067e+08,3.1724e+09
CDW,2014-06-30,2014-08-13,2014-08-13,3106000000,496900000,188200000,8.66e+07,1.727e+08,1,1.727e+08,0.0425,0.0425,4.496e+08,8.448e+08,2.276e+08,3.126e+09
CDW,2014-09-30,2014-11-12,2014-11-12,3266100000,507300000,184700000,5.56e+07,1.73e+08,1,1.73e+08,0.0425,0.0425,4.235e+08,8.94e+08,3.578e+08,3.1617e+09
CDW,2014-12-31,2015-02-26,2015-02-26,3050100000,491900000,164300000,5.18e+07,1.728e+08,1,1.728e+08,0.0675,0.0675,3.375e+08,9.365e+08,3.445e+08,3.19e+09
CDW,2015-03-31,2015-05-08,2015-05-08,2755200000,456500000,151600000,5.47e+07,1.735e+08,1,1.735e+08,0.0675,0.0675,3.57e+08,9.755e+08,4.474e+08,3.2062e+09
CDW,2015-06-30,2015-08-07,2015-08-07,3314000000,534500000,205900000,1.082e+08,1.725e+08,1,1.725e+08,0.0675,0.0675,4.362e+08,9.958e+08,3.357e+08,3.1696e+09
CDW,2015-09-30,2015-11-06,2015-11-06,3501100000,567200000,204600000,1.509e+08,1.71e+08,1,1.71e+08,0.0675,0.0675,4.114e+08,1.0757e+09,9.75e+07,3.2678e+09
CDW,2015-12-31,2016-02-25,2016-02-25,3418400000,557600000,179900000,8.93e+07,1.718e+08,1,1.718e+08,0.1075,0.1075,3.931e+08,1.0959e+09,3.76e+07,3.2597e+09
CDW,2016-03-31,2016-05-05,2016-05-05,3116700000,524500000,161000000,7.78e+07,1.689e+08,1,1.689e+08,0.1075,0.1075,4.604e+08,1.0399e+09,2.482e+08,3.2519e+09
CDW,2016-06-30,2016-08-04,2016-08-04,3664600000,610500000,223500000,1.175e+08,1.667e+08,1,1.667e+08,0.1075,0.1075,4.873e+08,1.0134e+09,1.294e+08,3.2405e+09
CDW,2016-09-30,2016-11-03,2016-11-03,3708200000,614300000,237500000,1.259e+08,1.649e+08,1,1.649e+08,0.1075,0.1075,4.516e+08,9.905e+08,1.183e+08,3.2414e+09
CDW,2016-12-31,2017-03-01,2017-03-01,3492400000,577900000,197200000,1.032e+08,1.66e+08,1,1.66e+08,0.16,0.16,4.52e+08,1.0455e+09,2.637e+08,3.2344e+09
CDW,2017-03-31,2017-05-04,2017-05-04,3324700000,552600000,169800000,5.76e+07,1.628e+08,1,1.628e+08,0.16,0.16,4.934e+08,9.073e+08,2.517e+08,3.2805e+09
CDW,2017-06-30,2017-08-04,2017-08-04,3994400000,641100000,231100000,1.41e+08,1.59e+08,1,1.59e+08,0.16,0.16,5.136e+08,8.491e+08,7.9e+07,3.2963e+09
CDW,2017-09-30,2017-11-02,2017-11-02,4033900000,642000000,243700000,1.292e+08,1.562e+08,1,1.562e+08,0.16,0.16,5.49e+08,8.065e+08,9.79e+07,3.4299e+09
CDW,2017-12-31,2018-03-01,2018-03-01,3838600000,614400000,221600000,1.952e+08,1.582e+08,1,1.582e+08,0.21,0.21,4.495e+08,9.829e+08,1.442e+08,3.2355e+09
CDW,2018-03-31,2018-05-03,2018-05-03,3606400000,603900000,204100000,1.27e+08,1.548e+08,1,1.548e+08,0.21,0.21,4.858e+08,9.969e+08,2.21e+08,3.2355e+09
CDW,2018-06-30,2018-08-03,2018-08-03,4186100000,695600000,265500000,1.73e+08,1.539e+08,1,1.539e+08,0.21,0.21,5.769e+08,1.0689e+09,1.007e+08,3.2403e+09
CDW,2018-09-30,2018-10-31,2018-10-31,4373200000,713600000,274800000,1.837e+08,1.537e+08,1,1.537e+08,0.21,0.21,4.811e+08,1.1607e+09,2.551e+08,3.2194e+09
CDW,2018-12-31,2019-02-27,2019-02-27,4074800000,693800000,242900000,1.593e+08,1.536e+08,1,1.536e+08,0.295,0.295,4.543e+08,9.752e+08,2.058e+08,3.2086e+09
CDW,2019-03-31,2019-05-01,2019-05-01,3957900000,672100000,228900000,1.529e+08,1.492e+08,1,1.492e+08,0.295,0.295,5.907e+08,9.273e+08,2.85e+08,3.2834e+09
CDW,2019-06-30,2019-07-31,2019-07-31,4629900000,773800000,300300000,1.966e+08,1.483e+08,1,1.483e+08,0.295,0.295,6.522e+08,9.361e+08,1.945e+08,3.2788e+09
CDW,2019-09-30,2019-10-31,2019-10-31,4907700000,816500000,320600000,2.017e+08,1.472e+08,1,1.472e+08,0.295,0.295,6.036e+08,9.351e+08,1.669e+08,3.2844e+09
CDW,2019-12-31,2020-02-28,2020-02-28,4536900000,777500000,283800000,1.856e+08,1.478e+08,1,1.478e+08,0.3799999999999999,0.3799999999999999,6.112e+08,9.603e+08,1.54e+08,3.3173e+09
CDW,2020-03-31,2020-05-06,2020-05-06,4389200000,756500000,245800000,1.679e+08,1.449e+08,1,1.449e+08,0.38,0.38,6.721e+08,8.897e+08,2.144e+08,3.4722e+09
CDW,2020-06-30,2020-08-05,2020-08-05,4365700000,747200000,283400000,1.891e+08,1.443e+08,1,1.443e+08,0.38,0.38,6.948e+08,1.0556e+09,9.584e+08,3.8995e+09
CDW,2020-09-30,2020-11-02,2020-11-02,4756400000,825500000,317800000,1.932e+08,1.448e+08,1,1.448e+08,0.38,0.38,6.481e+08,1.2385e+09,1.2495e+09,3.9309e+09
CDW,2020-12-31,2021-02-26,2021-02-26,4956200000,880900000,332200000,2.383e+08,1.448e+08,1,1.448e+08,0.3999999999999999,0.3999999999999999,7.6e+08,1.2971e+09,1.4102e+09,3.9272e+09
CDW,2021-03-31,2021-05-05,2021-05-05,4837500000,795200000,323400000,2.326e+08,1.431e+08,1,1.431e+08,0.4,0.4,7.451e+08,1.1703e+09,8.786e+08,3.9307e+09
CDW,2021-06-30,2021-08-04,2021-08-04,5146400000,882800000,369900000,2.741e+08,1.417e+08,1,1.417e+08,0.4,0.4,8.887e+08,1.0488e+09,5.012e+08,3.929e+09
CDW,2021-09-30,2021-11-03,2021-11-03,5300000000,914900000,386400000,2.666e+08,1.394e+08,1,1.394e+08,0.4,0.4,8.444e+08,8.37e+08,2.451e+08,4.0662e+09
CDW,2021-12-31,2022-02-28,2022-02-28,5536900000,975600000,339300000,2.153e+08,1.405e+08,1,1.405e+08,0.4999999999999998,0.4999999999999998,9.276e+08,7.057e+08,2.581e+08,6.8585e+09
CDW,2022-03-31,2022-05-04,2022-05-04,5949100000,1104100000,386900000,2.502e+08,1.367e+08,1,1.367e+08,0.5,0.5,1.0546e+09,8.931e+08,3.869e+08,6.5987e+09
CDW,2022-06-30,2022-08-03,2022-08-03,6145800000,1168200000,435300000,2.793e+08,1.368e+08,1,1.368e+08,0.5,0.5,1.0201e+09,1.1062e+09,5.416e+08,6.5869e+09
CDW,2022-09-30,2022-11-02,2022-11-02,6215500000,1233200000,466400000,2.978e+08,1.371e+08,1,1.371e+08,0.5,0.5,9.145e+08,1.326e+09,3.846e+08,6.1578e+09
CDW,2022-12-31,2023-02-24,2023-02-24,5438300000,1181100000,446600000,2.872e+08,1.37e+08,1,1.37e+08,0.5899999999999999,0.5899999999999999,8.002e+08,1.6033e+09,3.152e+08,5.9227e+09
CDW,2023-03-31,2023-05-03,2023-05-03,5103100000,1089400000,355300000,2.301e+08,1.373e+08,1,1.373e+08,0.59,0.59,7.811e+08,1.5689e+09,2.794e+08,5.7956e+09
CDW,2023-06-30,2023-08-02,2023-08-02,5626100000,1181500000,412200000,2.626e+08,1.361e+08,1,1.361e+08,0.59,0.59,7.898e+08,1.6132e+09,2.039e+08,5.7632e+09
CDW,2023-09-30,2023-11-01,2023-11-01,5628300000,1227700000,478400000,3.155e+08,1.359e+08,1,1.359e+08,0.59,0.59,7.064e+08,1.81e+09,4.407e+08,5.7015e+09
CDW,2023-12-31,2024-02-26,2024-02-26,5018500000,1153800000,435000000,2.961e+08,1.363e+08,1,1.363e+08,0.6200000000000001,0.6200000000000001,6.681e+08,2.0425e+09,5.887e+08,5.6449e+09
CDW,2024-03-31,2024-05-01,2024-05-01,4872700000,1063300000,328000000,2.161e+08,1.36e+08,1,1.36e+08,0.62,0.62,6.708e+08,2.1387e+09,8.038e+08,5.6323e+09
CDW,2024-06-30,2024-07-31,2024-07-31,5423400000,1183100000,433100000,2.811e+08,1.356e+08,1,1.356e+08,0.62,0.62,7.248e+08,2.1749e+09,6.653e+08,5.6283e+09
CDW,2024-09-30,2024-10-30,2024-10-30,5516600000,1200700000,481600000,3.164e+08,1.349e+08,1,1.349e+08,0.62,0.62,6.825e+08,2.3493e+09,1.1584e+09,6.0307e+09
CDW,2024-12-31,2025-02-21,2025-02-21,5186000000,1155300000,408600000,2.642e+08,1.352e+08,1,1.352e+08,0.625,0.625,6.053e+08,2.3527e+09,7.177e+08,5.8428e+09
CDW,2025-03-31,2025-05-07,2025-05-07,5199100000,1122300000,361400000,2.249e+08,1.335e+08,1,1.335e+08,0.625,0.625,7.202e+08,2.3231e+09,6.881e+08,5.853e+09
CDW,2025-06-30,2025-08-06,2025-08-06,5976600000,1241200000,420200000,2.712e+08,1.324e+08,1,1.324e+08,0.625,0.625,7.616e+08,2.4672e+09,4.81e+08,5.6327e+09
VRSN,2008-06-30,2009-08-06,2009-08-06,242033000,186285000,-17039000,-6.9178e+07,1.95515e+08,1,1.95515e+08,,,,,6.21017e+08,0
VRSN,2008-09-30,2009-11-06,2009-11-06,245934000,188669000,67173000,-2.0109e+08,1.9593e+08,1,1.9593e+08,,,,,4.03525e+08,0
VRSN,2009-03-31,2010-04-28,2010-04-28,253557000,190678000,74857000,6.502e+07,1.92804e+08,1,1.92804e+08,,,,,9.42386e+08,0
VRSN,2009-06-30,2009-08-06,2009-08-06,256619000,199143000,84140000,3.4874e+07,1.93426e+08,1,1.93426e+08,,,,6.74308e+08,1.30835e+09,0
VRSN,2009-09-30,2009-11-06,2009-11-06,257995000,201259000,75130000,5.3611e+07,1.93472e+08,1,1.93472e+08,,,,7.32058e+08,1.43231e+09,0
VRSN,2009-12-31,2010-02-26,2010-02-26,262448000,193643000,79600000,9.2048e+07,1.92575e+08,1,1.92575e+08,,,,5.49741e+08,1.47735e+09,0
VRSN,2010-03-31,2010-04-28,2010-04-28,264402000,204673000,88725000,5.1356e+07,1.84259e+08,1,1.84259e+08,,,,5.83482e+08,1.55043e+09,0
VRSN,2010-06-30,2010-08-03,2010-08-03,168684000,128094000,50592000,3.5213e+07,1.82753e+08,1,1.82753e+08,,,,4.2389e+08,1.33728e+09,0
VRSN,2010-09-30,2010-10-29,2010-10-29,172649000,132383000,59449000,7.84903e+08,1.75034e+08,1,1.75034e+08,,,,1.24546e+09,2.54914e+09,0
VRSN,2010-12-31,2011-02-24,2011-02-24,74843000,58752000,33517000,-4.0505e+07,1.78965e+08,1,1.78965e+08,,,,6.7643e+08,2.06087e+09,0
VRSN,2011-03-31,2011-04-29,2011-04-29,181523000,140654000,65510000,4.0771e+07,1.71979e+08,1,1.71979e+08,,,,5.45328e+08,1.94684e+09,0
VRSN,2011-06-30,2011-07-29,2011-07-29,189844000,149177000,82059000,-1.061e+07,1.67471e+08,1,1.67471e+08,,,,-4.203e+06,1.39475e+09,0
VRSN,2011-09-30,2011-10-28,2011-10-28,196965000,155271000,88947000,5.8916e+07,1.63902e+08,1,1.63902e+08,,,,-1.66738e+08,1.23492e+09,0
VRSN,2011-12-31,2012-02-24,2012-02-24,203646000,161630000,92873000,5.3814e+07,1.66887e+08,1,1.66887e+08,,,,-8.8107e+07,1.34621e+09,1e+08
VRSN,2012-03-31,2012-04-27,2012-04-27,205726000,164470000,98930000,6.8009e+07,1.62881e+08,1,1.62881e+08,,,,-7.1333e+07,1.38584e+09,1e+08
VRSN,2012-06-30,2012-07-27,2012-07-27,214142000,171298000,106980000,6.8472e+07,1.64178e+08,1,1.64178e+08,,,,-5.9195e+07,1.43802e+09,1e+08
VRSN,2012-09-30,2012-10-25,2012-10-25,223528000,182068000,116062000,7.791e+07,1.66575e+08,1,1.66575e+08,,,,-2.6612e+07,1.49225e+09,1e+08
VRSN,2012-12-31,2013-02-28,2013-02-28,230196000,188156000,135355000,1.05641e+08,1.63909e+08,1,1.63909e+08,,,,-9.323e+06,1.55644e+09,1e+08
VRSN,2013-03-31,2013-04-25,2013-04-25,236447000,189193000,133264000,8.4513e+07,1.61346e+08,1,1.61346e+08,,,,-3.9136e+07,1.56245e+09,1e+08
VRSN,2013-06-30,2013-07-25,2013-07-25,239332000,192702000,132081000,8.689e+07,1.58641e+08,1,1.58641e+08,,,,-2.73932e+08,1.99746e+09,0
VRSN,2013-09-30,2013-10-24,2013-10-24,243678000,197124000,132713000,8.0898e+07,1.52951e+08,1,1.52951e+08,,,,-4.93817e+08,1.80681e+09,0
VRSN,2013-12-31,2014-02-21,2014-02-21,245630000,199055000,130174000,2.92149e+08,1.55786e+08,1,1.55786e+08,,,,-4.23558e+08,1.72328e+09,0
VRSN,2014-03-31,2014-04-24,2014-04-24,248796000,200770000,139585000,9.4423e+07,1.486e+08,1,1.486e+08,,,,-4.57619e+08,1.71721e+09,0
VRSN,2014-06-30,2014-07-24,2014-07-24,250382000,204393000,143121000,1.00176e+08,1.41142e+08,1,1.41142e+08,,,,-6.32852e+08,1.54547e+09,0
VRSN,2014-09-30,2014-10-23,2014-10-23,255022000,208089000,139500000,9.5189e+07,1.38112e+08,1,1.38112e+08,,,,-7.48754e+08,1.47472e+09,0
VRSN,2014-12-31,2015-02-13,2015-02-13,255917000,208440000,142221000,6.5472e+07,1.40895e+08,1,1.40895e+08,,,,-8.83466e+08,1.42468e+09,0
VRSN,2015-03-31,2015-04-23,2015-04-23,258422000,210069000,144237000,8.8238e+07,1.3385e+08,1,1.3385e+08,,,,-9.47877e+08,1.87132e+09,0
VRSN,2015-06-30,2015-07-23,2015-07-23,262539000,214318000,148965000,9.3011e+07,1.33251e+08,1,1.33251e+08,,,,-9.94316e+08,1.88481e+09,0
VRSN,2015-09-30,2015-10-22,2015-10-22,265780000,218562000,154462000,9.2457e+07,1.31721e+08,1,1.31721e+08,,,,-1.03141e+09,1.89096e+09,0
VRSN,2015-12-31,2016-02-19,2016-02-19,272625000,223629000,158282000,1.0153e+08,1.33031e+08,1,1.33031e+08,,,,-1.07045e+09,1.91543e+09,0
VRSN,2016-03-31,2016-04-28,2016-04-28,281876000,231294000,166767000,1.07456e+08,1.31581e+08,1,1.31581e+08,,,,-1.10802e+09,1.89583e+09,0
VRSN,2016-06-30,2016-07-28,2016-07-28,286466000,237713000,176267000,1.1321e+08,1.30588e+08,1,1.30588e+08,,,,-1.12733e+09,1.907e+09,0
VRSN,2016-09-30,2016-10-27,2016-10-27,287554000,237747000,174776000,1.14427e+08,1.2775e+08,1,1.2775e+08,,,,-1.16924e+09,1.75771e+09,0
VRSN,2016-12-31,2017-02-17,2017-02-17,286271000,237171000,168762000,1.05552e+08,1.28833e+08,1,1.28833e+08,,,,-1.2006e+09,1.79791e+09,0
VRSN,2017-03-31,2017-04-27,2017-04-27,288614000,237945000,175271000,1.16412e+08,1.24464e+08,1,1.24464e+08,,,,-1.18775e+09,1.78637e+09,0
VRSN,2017-06-30,2017-07-27,2017-07-27,288552000,240908000,174960000,1.231e+08,1.2398e+08,1,1.2398e+08,,,,-1.20316e+09,1.80844e+09,0
VRSN,2017-09-30,2017-10-26,2017-10-26,292428000,245095000,181059000,1.14899e+08,1.24074e+08,1,1.24074e+08,,,,-1.22994e+09,2.36573e+09,0
VRSN,2017-12-31,2018-02-16,2018-02-16,295501000,247821000,176432000,1.02837e+08,1.2418e+08,1,1.2418e+08,,,,-1.26027e+09,2.41475e+09,0
VRSN,2018-03-31,2018-04-26,2018-04-26,299288000,251136000,185419000,1.34263e+08,1.23506e+08,1,1.23506e+08,,,,-1.23473e+09,2.35646e+09,0
VRSN,2018-06-30,2018-07-26,2018-07-26,302452000,255087000,193010000,1.28351e+08,1.232e+08,1,1.232e+08,,,,-1.38099e+09,1.17128e+09,0
VRSN,2018-09-30,2018-10-25,2018-10-25,305777000,257528000,194997000,1.3768e+08,1.22261e+08,1,1.22261e+08,,,,-1.4011e+09,1.17897e+09,0
VRSN,2018-12-31,2019-02-15,2019-02-15,307452000,259084000,193966000,1.82195e+08,1.22661e+08,1,1.22661e+08,,,,-1.38547e+09,1.26967e+09,0
VRSN,2019-03-31,2019-04-25,2019-04-25,306408000,260904000,200252000,1.62527e+08,1.20317e+08,1,1.20317e+08,,,,-1.40613e+09,1.25299e+09,0
VRSN,2019-06-30,2019-07-25,2019-07-25,306289000,262223000,201693000,1.47534e+08,1.19361e+08,1,1.19361e+08,,,,-1.42517e+09,1.22494e+09,0
VRSN,2019-09-30,2019-10-24,2019-10-24,308421000,263978000,205616000,1.53913e+08,1.18569e+08,1,1.18569e+08,,,,-1.45192e+09,1.23001e+09,0
VRSN,2019-12-31,2020-02-14,2020-02-14,310543000,264089000,198566000,1.48325e+08,1.18968e+08,1,1.18968e+08,,,,-1.4901e+09,1.21806e+09,0
VRSN,2020-03-31,2020-04-23,2020-04-23,312524000,266951000,206264000,3.34116e+08,1.1673e+08,1,1.1673e+08,,,,-1.40911e+09,1.13863e+09,0
VRSN,2020-06-30,2020-07-23,2020-07-23,314365000,270757000,206780000,1.52479e+08,1.15544e+08,1,1.15544e+08,,,,-1.40032e+09,1.19457e+09,0
VRSN,2020-09-30,2020-10-22,2020-10-22,317879000,272855000,206649000,1.70979e+08,1.14831e+08,1,1.14831e+08,,,,-1.38625e+09,1.15036e+09,0
VRSN,2020-12-31,2021-02-19,2021-02-19,320284000,274312000,204508000,1.57314e+08,1.15298e+08,1,1.15298e+08,,,,-1.3902e+09,1.16691e+09,0
VRSN,2021-03-31,2021-04-22,2021-04-22,323621000,276653000,210407000,1.50354e+08,1.13296e+08,1,1.13296e+08,,,,-1.40376e+09,1.18118e+09,0
VRSN,2021-06-30,2021-07-22,2021-07-22,329405000,281609000,212979000,1.47772e+08,1.12517e+08,1,1.12517e+08,,,,-1.41778e+09,1.12299e+09,0
VRSN,2021-09-30,2021-10-28,2021-10-28,334242000,286441000,221305000,1.56622e+08,1.11793e+08,1,1.11793e+08,,,,-1.41758e+09,1.19842e+09,0
VRSN,2021-12-31,2022-02-18,2022-02-18,340308000,290940000,222112000,3.30082e+08,1.12166e+08,1,1.12166e+08,,,,-1.26052e+09,1.2058e+09,0
VRSN,2022-03-31,2022-04-28,2022-04-28,346900000,296200000,224800000,1.575e+08,1.103e+08,1,1.103e+08,,,,-1.2851e+09,1.2096e+09,0
VRSN,2022-06-30,2022-07-28,2022-07-28,351900000,302400000,236000000,1.673e+08,1.088e+08,1,1.088e+08,,,,-1.455e+09,9.969e+08,0
VRSN,2022-09-30,2022-10-27,2022-10-27,356900000,306900000,236800000,1.695e+08,1.071e+08,1,1.071e+08,,,,-1.5424e+09,9.802e+08,0
VRSN,2022-12-31,2023-02-17,2023-02-17,369200000,318700000,245500000,1.795e+08,1.08e+08,1,1.08e+08,,,,-1.5622e+09,9.804e+08,0
VRSN,2023-03-31,2023-04-27,2023-04-27,364400000,314500000,241300000,1.787e+08,1.05e+08,1,1.05e+08,,,,-1.5938e+09,1.015e+09,0
VRSN,2023-06-30,2023-07-27,2023-07-27,372000000,321700000,248700000,1.857e+08,1.04e+08,1,1.04e+08,,,,-1.6179e+09,9.356e+08,0
VRSN,2023-09-30,2023-10-26,2023-10-26,376300000,327700000,254300000,1.885e+08,1.03e+08,1,1.03e+08,,,,-1.6334e+09,9.435e+08,0
VRSN,2023-12-31,2024-02-15,2024-02-15,380400000,331900000,256300000,2.647e+08,1.035e+08,1,1.035e+08,,,,-1.581e+09,9.264e+08,0
VRSN,2024-03-31,2024-04-25,2024-04-25,384300000,335200000,258900000,1.941e+08,1.009e+08,1,1.009e+08,,,,-1.6357e+09,9.247e+08,0
VRSN,2024-06-30,2024-07-25,2024-07-25,387100000,340000000,266200000,1.988e+08,9.9e+07,1,9.9e+07,0.0,0.0,,-1.8164e+09,6.899e+08,0
VRSN,2024-09-30,2024-10-24,2024-10-24,390600000,343800000,269300000,2.013e+08,9.73e+07,1,9.73e+07,,,,-1.9006e+09,6.449e+08,0
VRSN,2024-12-31,2025-02-13,2025-02-13,395400000,347000000,263800000,1.915e+08,9.82e+07,1,9.82e+07,,,,-1.9579e+09,5.999e+08,0
VRSN,2025-03-31,2025-04-24,2025-04-24,402300000,352900000,271200000,1.993e+08,9.48e+07,1,9.48e+07,,,,-1.977e+09,6.485e+08,0
VRSN,2025-06-30,2025-07-24,2025-07-24,409900000,360800000,280700000,2.074e+08,9.4e+07,1,9.4e+07,0.77,0.77,,-1.9938e+09,5.938e+08,0
