ticker,cik,name,sector,sic,splits
AIR,1750,AAR,gics_indu,3720.0,2024-09-30×1.25;2025-12-31×1.25
CECO,3197,CECO ENVIRONMENTAL,gics_indu,3564.0,2020-12-31×1.25;2023-12-31×1.25
MATX,3453,MATSON INC,gics_indu,4400.0,2020-12-31×1.25
UNM,5513,UNUM,gics_fin,6321.0,2024-03-31×0.8
AAL,6201,AMERICAN AIRLINES GROUP,gics_indu,4512.0,
APOG,6845,APOGEE ENTERPRISES INC,gics_indu,3231.0,2020-12-31×1.25;2022-06-30×0.8;2023-12-31×1.25
EPAC,6955,ENERPAC TOOL GROUP CLASS A,gics_indu,3590.0,2020-12-31×1.25
AWI,7431,ARMSTRONG WORLD INDUSTRIES,gics_indu,3089.0,
ARW,7536,ARROW ELECTRONICS,gics_discr,5065.0,
ASB,7789,ASSOCIATED BANCORP,gics_fin,6022.0,2023-06-30×1.25;2023-12-31×1.25;2024-12-31×1.25;2026-09-30×1.25
ATRO,8063,ASTRONICS,gics_indu,3728.0,2023-12-31×1.25;2024-09-30×1.25;2026-06-30×0.666667
AVT,8858,AVNET INC,gics_discr,5065.0,
AZZ,8947,AZZ INC,gics_indu,3470.0,2020-12-31×1.25;2023-12-31×1.25;2024-06-30×1.25
BMI,9092,BADGER METER,gics_it,3824.0,2020-12-31×1.25;2023-12-31×1.25
BCPC,9326,BALCHEM,gics_mat,2800.0,2020-12-31×1.25;2023-12-31×1.25
BIO,12208,BIO RAD LABORATORIES CLASS A,gics_it,3826.0,
HRB,12659,H&R BLOCK INC,gics_discr,7200.0,
CAL,14707,Caleres Inc,gics_indu,3140.0,
BC,14930,BRUNSWICK CORP,gics_indu,3510.0,
MTZ,15615,MASTEC INC,gics_indu,1623.0,2020-06-30×0.8
CBT,16040,CABOT CORP,gics_indu,2890.0,2023-12-31×1.25
CACI,16058,CACI INTERNATIONAL INC CLASS A,gics_it,7373.0,
CALM,16160,CAL MAINE FOODS,gics_indu,200.0,2020-09-30×1.25;2020-12-31×1.25;2021-12-31×1.25;2023-12-31×1.25
CRS,17843,Carpenter Technology Corp,gics_mat,3312.0,2023-12-31×1.25
GCO,18498,Genesco Inc,gics_discr,5661.0,2020-12-31×1.25;2024-09-30×1.25
LUMN,18926,LUMEN TECHNOLOGIES,gics_comm,4813.0,2023-12-31×1.25
CHE,19584,CHEMED,gics_health,8082.0,
CPK,19745,CHESAPEAKE UTILITIES,gics_util,4923.0,2020-12-31×1.25;2023-12-31×1.5
CHDN,20212,CHURCHILL DOWNS,gics_discr,7948.0,2020-12-31×1.25;2023-06-30×2
COHU,21535,COHU,gics_it,3825.0,2021-03-31×1.25;2023-12-31×1.25
CBSH,22356,COMMERCE BANCSHARES,gics_fin,6022.0,
CMC,22444,COMMERCIAL METALS,gics_mat,3312.0,2020-12-31×1.25;2023-12-31×1.25
CRK,23194,COMSTOCK RESOURCES,gics_energy,1311.0,2020-03-31×0.8;2020-06-30×1.25;2020-09-30×1.25;2020-12-31×1.25;2023-12-31×1.25;2024-09-30×1.25;2025-06-30×0.8;2025-09-30×0.8
CUZ,25232,COUSINS PROPERTIES REIT INC,gics_re,6798.0,2024-12-31×1.25
CXT,25445,CRANE NXT,gics_indu,3490.0,
CRD-A,25475,CRAWFORD CLASS A,gics_fin,6411.0,
CTS,26058,CTS CORP,gics_it,3672.0,2020-12-31×1.25
CW,26324,CURTISS WRIGHT,gics_indu,3590.0,
DAN,26780,DANA INCORPORATED INC,gics_discr,3714.0,2020-12-31×1.25;2023-12-31×1.25;2024-09-30×1.25
DLX,27996,DELUXE,gics_comm,2780.0,2020-12-31×1.25;2023-12-31×1.25;2024-09-30×1.25
DBD,28823,DIEBOLD NIXDORF INC,gics_it,3578.0,2020-12-31×1.25
DDS,28917,Dillard's Inc,gics_discr,5311.0,2020-06-30×0.8;2021-06-30×0.8;2022-06-30×0.8;2023-12-31×1.25
DIOD,29002,DIODES,gics_it,3674.0,
DCI,29644,DONALDSON,gics_indu,3564.0,
DCO,30305,DUCOMMUN,gics_indu,3728.0,2023-09-30×1.25;2023-12-31×1.25;2024-09-30×1.25
FLS,30625,FLOWSERVE,gics_indu,3561.0,
WEN,30697,WENDYS,gics_discr,5810.0,
KODK,31235,EASTMAN KODAK,gics_indu,3861.0,2020-12-31×1.25;2022-06-30×1.25;2023-12-31×1.25;2024-09-30×1.25;2025-12-31×0.8;2026-03-31×1.25;2026-06-30×1.25
SRCE,34782,1ST SOURCE,gics_fin,6022.0,2020-12-31×1.25;2023-12-31×1.25;2024-03-31×0.8;2024-09-30×1.25
FFIN,36029,FIRST FINANCIAL BANKSHARES INC,gics_fin,6022.0,2020-12-31×1.25;2023-12-31×1.25
TRMK,36146,TRUSTMARK,gics_fin,6021.0,2020-12-31×1.25
FHB,36377,FIRST HAWAIIAN,gics_fin,6022.0,
FHN,36966,FIRST HORIZON,gics_fin,6021.0,
FMC,37785,FMC CORP,gics_mat,2800.0,
FNB,37808,FNB CORP,gics_fin,6021.0,
FELE,38725,FRANKLIN ELECTRIC,gics_it,3621.0,2020-12-31×1.25;2023-12-31×1.25;2025-06-30×0.8
CFR,39263,CULLEN FROST BANKERS,gics_fin,6021.0,2022-09-30×1.25
IBCP,39311,INDEPENDENT BANK CORP,gics_fin,6022.0,
FUL,39368,HB FULLER,gics_indu,2891.0,
GAP,39911,GAP,gics_discr,5651.0,
GATX,40211,GATX,gics_indu,4700.0,2020-12-31×1.25;2023-12-31×1.25
ALLY,40729,ALLY FINANCIAL INC,gics_fin,6022.0,
MAGN,41719,MAGNERA,gics_mat,2621.0,
GT,42582,GOODYEAR TIRE & RUBBER,gics_indu,3011.0,
GGG,42888,GRACO,gics_indu,3561.0,
GTN,43196,GRAY MEDIA INC,gics_comm,4833.0,2020-12-31×1.25;2023-12-31×1.25;2024-09-30×1.25
GEF,43920,GREIF INC CLASS A,gics_indu,3412.0,2020-12-31×1.25;2023-12-31×1.25;2024-09-30×1.25
BOH,46195,BANK OF HAWAII,gics_fin,6022.0,
HWKN,46250,HAWKINS INC,gics_discr,5160.0,2020-12-31×1.25;2021-03-31×2;2023-12-31×1.25
HP,46765,HELMERICH & PAYNE,gics_energy,1381.0,
HNI,48287,HNI,gics_indu,2522.0,2020-12-31×1.25;2023-06-30×1.25;2023-12-31×1.25;2024-09-30×1.25;2025-12-31×1.5
EGP,49600,EASTGROUP PROPERTIES REIT,gics_re,6798.0,2020-12-31×1.25
IMKTA,50493,INGLES MARKETS CLASS A,gics_staples,5411.0,2020-12-31×1.25;2023-12-31×1.25;2024-09-30×1.25
GFF,50725,GRIFFON,gics_indu,3442.0,2020-09-30×1.25;2020-12-31×1.25;2023-09-30×0.8;2024-03-31×0.8
RYN,52827,RAYONIER REIT,gics_re,6798.0,2026-03-31×2
KELYA,55135,Kelly Services Inc,gics_indu,7363.0,2020-12-31×1.25
KMT,55242,KENNAMETAL,gics_indu,3541.0,2020-12-31×1.25;2023-12-31×1.25
KEX,56047,KIRBY CORP,gics_indu,4400.0,
KFY,56679,KORN FERRY,gics_indu,7361.0,2023-12-31×1.25
KLIC,56978,KULICKE AND SOFFA INDUSTRIES INC,gics_it,3674.0,2023-12-31×1.25
LZB,57131,LA-Z-BOY INC,gics_indu,2510.0,2020-12-31×1.25;2023-12-31×1.25
MZTI,57515,MARZETTI,gics_staples,2030.0,2020-12-31×1.25;2023-12-31×1.25
VHI,59255,VALHI INC,gics_mat,2810.0,2023-06-30×1.25;2023-12-31×1.25;2026-06-30×1.25
LECO,59527,LINCOLN ELECTRIC HOLDINGS,gics_indu,3540.0,
LNC,59558,LINCOLN NATIONAL CORP,gics_fin,6311.0,
LPX,60519,LOUISIANA PACIFIC,gics_indu,2400.0,
MTW,61986,MANITOWOC INC,gics_indu,3531.0,2020-12-31×1.25;2023-12-31×1.25;2024-09-30×1.25
MAT,63276,MATTEL INC,gics_indu,3942.0,
MATW,63296,MATTHEWS INTERNATIONAL CORP,gics_mat,3360.0,2020-12-31×1.25;2023-12-31×1.25
MCY,64996,MERCURY GENERAL,gics_fin,6331.0,2023-12-31×1.25;2024-03-31×0.8;2024-09-30×1.25
MEI,65270,Methode Electronics Inc,gics_it,3678.0,2020-12-31×1.25;2024-09-30×1.25
MSEX,66004,MIDDLESEX WATER,gics_util,4941.0,2020-12-31×1.25;2023-12-31×1.25
MLKN,66382,MILLERKNOLL,gics_indu,2520.0,2020-12-31×1.25;2021-09-30×1.25
MSA,66570,MSA SAFETY INC,gics_health,3842.0,
DY,67215,Dycom Industries Inc,gics_indu,1623.0,2020-12-31×1.25;2023-12-31×1.25
MOD,67347,Modine Manufacturing Co.,gics_discr,3714.0,2023-12-31×1.25
MDU,67716,MDU RESOURCES GROUP,gics_mat,1400.0,
MOG-A,67887,Moog Inc,gics_indu,3590.0,2020-12-31×1.25;2023-12-31×1.25
NSSC,69633,NAPCO SECURITY TECHNOLOGIES,gics_it,3669.0,2020-12-31×1.25;2021-03-31×1.25;2022-03-31×2;2023-12-31×1.25;2024-09-30×1.25
FIZZ,69891,NATIONAL BEVERAGE,gics_staples,2086.0,2020-12-31×1.25;2021-03-31×2;2023-12-31×1.25
NFG,70145,NATIONAL FUEL GAS,gics_util,4924.0,
THC,70318,TENET HEALTHCARE CORP,gics_health,8062.0,
VYX,70866,NCR VOYIX,gics_it,3578.0,
NYT,71691,NEW YORK TIMES CLASS A,gics_comm,2711.0,2021-09-30×1.25
OII,73756,OCEANEERING INTERNATIONAL INC,gics_energy,1389.0,2023-12-31×1.25;2025-06-30×0.8
ORI,74260,OLD REPUBLIC INTERNATIONAL,gics_fin,6351.0,
OLN,74303,OLIN CORP,gics_mat,2800.0,2020-09-30×0.8
ACH,75252,Minor Inc,gics_discr,5047.0,2020-12-31×1.25;2023-12-31×1.25;2024-09-30×1.25
OXM,75288,"Oxford Industries, Inc.",gics_discr,2320.0,2023-12-31×1.25
PKOH,76282,PARK OHIO HOLDINGS CORP,gics_indu,3460.0,2021-09-30×0.8;2023-12-31×1.25;2024-09-30×1.25;2026-06-30×1.25
PATK,76605,PATRICK INDUSTRIES,gics_discr,3714.0,2020-12-31×1.25;2023-12-31×1.25;2024-03-31×0.8;2024-09-30×1.25;2024-12-31×1.5
TPC,77543,TUTOR PERINI,gics_indu,1540.0,2020-12-31×1.25;2023-12-31×1.25;2024-09-30×1.25
WTRG,78128,ESSENTIAL UTILITIES INC,gics_util,4941.0,
PVH,78239,PVH,gics_discr,2320.0,2025-06-30×0.8
AGYS,78749,AGILYSYS INC,gics_it,7373.0,2020-06-30×0.8;2020-12-31×1.25;2023-12-31×1.25;2024-09-30×1.25
PBI,78814,PITNEY BOWES,gics_it,3579.0,2021-12-31×0.8
BCO,78890,BRINKS,gics_indu,4731.0,2023-12-31×1.25
POWL,80420,POWELL INDUSTRIES INC,gics_it,3613.0,2020-12-31×1.25;2023-12-31×1.25;2026-06-30×3
KWR,81362,QUAKER HOUGHTON CORP,gics_energy,2990.0,2020-12-31×1.25;2023-12-31×1.25;2024-09-30×1.25
USLM,82020,UNITED STATES LIME AND MINERALS IN,gics_mat,1400.0,
RRX,82811,REGAL REXNORD,gics_indu,3569.0,
RLI,84246,RLI CORP,gics_fin,6331.0,2020-12-31×1.25;2025-03-31×2
ROG,84748,ROGERS,gics_mat,2821.0,2020-12-31×1.25;2023-09-30×0.8;2023-12-31×1.25;2024-09-30×1.25
RGLD,85535,ROYAL GOLD,gics_fin,6795.0,2025-12-31×1.25
R,85961,RYDER SYSTEM,gics_indu,7510.0,
SPXC,88205,SPX Technologies Inc,gics_indu,3540.0,2023-12-31×1.25;2024-09-30×1.25
SMTC,88941,Semtech Corporation,gics_it,3674.0,2020-12-31×1.25;2023-03-31×2;2023-12-31×1.25;2024-09-30×1.25;2024-12-31×1.25
SENEA,88948,Seneca Foods Corp,gics_staples,2033.0,2020-06-30×0.8;2020-12-31×1.25;2022-09-30×0.8;2023-12-31×1.25;2024-03-31×0.8
SCI,89089,SERVICE,gics_discr,7200.0,
MLI,89439,Mueller Industries Inc,gics_mat,3350.0,2020-12-31×1.25;2023-12-31×2.5;2026-09-30×2
SFNC,90498,SIMMONS FIRST NATIONAL CLASS A,gics_fin,6021.0,2022-06-30×1.25;2025-09-30×1.25
SKY,90896,CHAMPION HOMES INC,gics_indu,2451.0,2020-12-31×1.25;2023-12-31×1.25
SON,91767,SONOCO PRODUCTS,gics_mat,2650.0,
SMP,93389,STANDARD MOTOR PRODUCTS INC,gics_discr,3714.0,2020-12-31×1.25;2026-06-30×1.25
SCL,94049,STEPAN,gics_staples,2840.0,2020-12-31×1.25;2023-12-31×1.25
STC,94344,STEWART INFO SERVICES CORP,gics_fin,6361.0,2020-09-30×1.25;2025-03-31×1.25
JEF,96223,JEFFERIES FINANCIAL GROUP INC,gics_fin,6211.0,
TFX,96943,TELEFLEX,gics_health,3841.0,
TNC,97134,TENNANT,gics_indu,3580.0,2020-12-31×1.25;2023-12-31×1.25;2024-09-30×1.25
TEX,97216,TEREX,gics_indu,3537.0,2023-12-31×1.25
TDW,98222,TIDEWATER,gics_indu,4400.0,2020-06-30×0.8;2024-09-30×1.25
TKR,98362,TIMKEN,gics_indu,3562.0,
TRN,99780,TRINITY INDUSTRIES INC,gics_indu,3743.0,2022-09-30×1.25;2023-12-31×1.25
AGX,100591,ARGAN,gics_indu,1700.0,2020-12-31×1.25;2023-12-31×1.25
UFCS,101199,UNITED FIRE GROUP INC,gics_fin,6331.0,2020-12-31×1.25;2023-12-31×1.25
UMBF,101382,UMB FINANCIAL,gics_fin,6021.0,2020-12-31×1.25;2023-12-31×1.25;2024-09-30×1.25;2025-03-31×1.5
UVV,102037,UNIVERSAL,gics_discr,5150.0,2020-12-31×1.25;2023-12-31×1.25
UVSP,102212,UNIVEST FINANCIAL CORP,gics_fin,6022.0,2020-12-31×1.25;2023-12-31×1.25;2024-03-31×0.8;2024-09-30×1.25;2025-06-30×0.8
VMI,102729,VALMONT INDS,gics_indu,3440.0,
VSEC,102752,VSE CORP,gics_indu,8711.0,2020-12-31×1.25;2023-09-30×1.25;2023-12-31×1.25;2024-09-30×1.5;2024-12-31×1.25;2025-12-31×1.25;2026-03-31×1.25
VECO,103145,VEECO INSTRUMENTS,gics_indu,3559.0,2020-12-31×1.25;2023-12-31×1.25;2024-09-30×1.25
VFC,103379,VF Corp,gics_discr,2320.0,
VLGEA,103595,VILLAGE SUPER MARKET INC CLASS A,gics_staples,5411.0,2020-12-31×1.25;2021-09-30×0.8;2023-12-31×1.25;2024-09-30×1.25
VSH,103730,VISHAY INTERTECHNOLOGY INC,gics_it,3670.0,2020-12-31×1.25;2023-12-31×1.25;2026-09-30×1.25
GHC,104889,GRAHAM HOLDINGS COMPANY CLASS B,gics_indu,8200.0,
ELME,104894,Elme Communities,gics_re,6798.0,2020-12-31×1.25
AVA,104918,AVISTA,gics_util,4931.0,2020-12-31×1.25;2023-12-31×1.25;2024-09-30×1.25
WSO,105016,WATSCO,gics_discr,5070.0,
WDFC,105132,WD-40,gics_indu,2890.0,2020-12-31×1.25;2023-12-31×1.25
WMK,105418,WEIS MARKETS,gics_staples,5411.0,2020-12-31×1.25;2021-06-30×1.5;2023-12-31×1.25;2025-12-31×0.8;2026-09-30×1.25
EME,105634,EMCOR Group Inc,gics_indu,1731.0,2020-12-31×1.25
WHR,106640,WHIRLPOOL,gics_it,3630.0,2026-03-31×1.25
WLY,107140,JOHN WILEY AND SONS CLASS A,gics_comm,2731.0,
WGO,107687,WINNEBAGO INDUSTRIES,gics_discr,3716.0,2020-12-31×1.25;2023-12-31×1.25
WWD,108312,WOODWARD,gics_it,3620.0,
WOR,108516,WORTHINGTON ENTERPRISES,gics_mat,3310.0,2020-12-31×1.25;2023-12-31×1.25;2024-09-30×1.25
SPB,109177,SPECTRUM BRANDS HOLDINGS,gics_it,3690.0,
ZION,109380,ZIONS BANCORPORATION,gics_fin,6021.0,
AIT,109563,Applied Industrial Technologie,gics_discr,5080.0,2020-12-31×1.25;2023-12-31×1.25
WWW,110471,WOLVERINE WORLD WIDE,gics_indu,3140.0,2020-12-31×1.25;2023-12-31×1.25;2024-09-30×1.25
RPM,110621,RPM INTERNATIONAL INC,gics_indu,2851.0,
WSBC,203596,WESBANCO,gics_fin,6021.0,2020-12-31×1.25;2023-12-31×1.25;2025-03-31×1.5
CDE,215466,COEUR MINING,gics_mat,1040.0,2020-12-31×1.25;2023-06-30×1.25;2023-12-31×1.25;2024-09-30×1.25;2025-03-31×1.5;2026-03-31×1.5
ITT,216228,ITT INC,gics_indu,3561.0,
SIGI,230557,SELECTIVE INSURANCE GROUP,gics_fin,6331.0,2020-12-31×1.25;2023-12-31×1.25
PSN,275880,PARSONS CORP,gics_it,7373.0,2020-12-31×1.25;2022-06-30×1.25;2023-06-30×1.25;2023-12-31×1.25
FSS,277509,FEDERAL SIGNAL CORP,gics_discr,3711.0,2020-12-31×1.25;2023-12-31×1.25
CVCO,278166,CAVCO INDUSTRIES,gics_indu,2451.0,2020-12-31×1.25;2023-12-31×1.25
SXT,310142,SENSIENT TECHNOLOGIES,gics_indu,2860.0,2020-12-31×1.25;2023-12-31×1.25
SXI,310354,STANDEX INTERNATIONAL CORP,gics_indu,3580.0,2020-12-31×1.25;2023-12-31×1.25
WABC,311094,WESTAMERICA BANCORPORATION,gics_fin,6021.0,2025-06-30×0.8
HAE,313143,HAEMONETICS CORP,gics_health,3841.0,2023-12-31×1.25
BUSE,314489,FIRST BUSEY,gics_fin,6022.0,2020-12-31×1.25;2023-06-30×1.25;2023-12-31×1.25;2024-09-30×1.25;2025-03-31×1.5
VAL,314808,VALARIS LTD,gics_energy,1381.0,
RHI,315213,ROBERT HALF,gics_indu,7363.0,
IBOC,315709,INTERNATIONAL BANCSHARES CORP,gics_fin,6022.0,2020-12-31×1.25;2023-12-31×1.25;2024-09-30×1.25
RRC,315852,Range Resources Corp,gics_energy,1311.0,2020-09-30×1.25;2020-12-31×1.25
COKE,317540,Coca-Cola Consolidated Inc,gics_staples,2086.0,2020-12-31×1.25;2023-12-31×1.25;2024-09-30×1.25;2025-06-30×10
PEBO,318300,PEOPLES BANCORP INC,gics_fin,6022.0,2020-12-31×1.25;2021-06-30×0.8;2021-09-30×1.5;2022-12-31×1.25;2023-06-30×1.5;2023-12-31×1.25;2024-03-31×0.8;2024-09-30×1.25;2026-06-30×1.25
AN,350698,AUTONATION,gics_discr,5500.0,2021-09-30×0.8;2023-09-30×0.8
CTBI,350852,COMMUNITY TRUST BANCORP,gics_fin,6022.0,
SEIC,350894,SEI INVESTMENTS,gics_fin,6211.0,2026-09-30×1.25
ABCB,351569,AMERIS BANCORP,gics_fin,6022.0,2023-12-31×1.25
CVBF,354647,CVB FINANCIAL CORP,gics_fin,6022.0,2020-12-31×1.25;2026-06-30×1.25
HE,354707,HAWAIIAN ELECTRIC INDUSTRIES,gics_util,4911.0,
GNTX,355811,GENTEX,gics_discr,3714.0,
TCBK,356171,TRICO BANCSHARES,gics_fin,6022.0,2020-12-31×1.25;2023-12-31×1.25;2024-03-31×0.8;2024-09-30×1.25
NJR,356309,NEW JERSEY RESOURCES CORP,gics_util,4924.0,2020-12-31×1.25;2023-12-31×1.25
OSBC,357173,OLD SECOND BANCORP INC,gics_fin,6022.0,2020-12-31×1.25;2021-06-30×0.8;2022-06-30×1.5;2023-12-31×1.25;2024-03-31×0.8;2024-09-30×1.25
HOV,357294,HOVNANIAN ENTERPRISES CLASS A,gics_indu,1531.0,2023-12-31×1.25;2024-09-30×1.25
TRST,357301,TRUSTCO BANK CORP,gics_fin,6022.0,2021-06-30×0.2
FULT,700564,FULTON FINANCIAL,gics_fin,6021.0,2020-12-31×1.25;2024-06-30×1.25
FMBH,700565,FIRST MID BANCSHARES INC,gics_fin,6022.0,2020-12-31×1.25;2023-06-30×1.25;2023-12-31×1.5;2024-09-30×1.25;2026-06-30×1.25
MYRG,700923,MYR GROUP INC,gics_indu,1623.0,2023-12-31×1.25
CPF,701347,CENTRAL PACIFIC FINANCIAL CORP,gics_fin,6022.0,
BBWI,701985,BATH AND BODY WORKS,gics_discr,5990.0,
EAT,703351,BRINKER INTERNATIONAL INC,gics_discr,5812.0,2020-12-31×1.25;2023-12-31×1.25
DSGR,703604,DISTRIBUTION SOLUTIONS GROUP,gics_discr,5080.0,2020-12-31×1.25;2023-09-30×2;2023-12-31×1.25;2024-09-30×1.25
ONTO,704532,Onto Innovation Inc,gics_it,3829.0,2020-12-31×1.25;2023-12-31×1.25
SBSI,705432,SOUTHSIDE BANCSHARES INC,gics_fin,6022.0,2020-12-31×1.25
HBNC,706129,HORIZON BANCORP INC,gics_fin,6022.0,2020-12-31×1.25;2023-12-31×1.25;2024-09-30×1.25;2026-06-30×1.25
ONB,707179,Old National Bancorp/IN,gics_fin,6021.0,2022-03-31×2;2023-12-31×1.25
PAR,708821,PAR TECHNOLOGY,gics_it,3578.0,2020-12-31×1.25;2021-06-30×1.25;2023-12-31×1.25;2024-09-30×1.5
FFBC,708955,FIRST FINANCIAL BANCORP,gics_fin,6021.0,
FMNB,709337,FARMERS NATIONAL BANC CORP,gics_fin,6022.0,2020-12-31×1.25;2021-12-31×1.25;2023-06-30×1.25;2023-12-31×1.25;2024-09-30×1.25;2026-03-31×1.5;2026-06-30×1.25
NEOG,711377,NEOGEN,gics_health,2835.0,2020-12-31×1.25;2021-06-30×2;2022-09-30×2;2023-12-31×1.25
ACCO,712034,ACCO BRANDS CORP,gics_comm,2780.0,2020-12-31×1.25;2023-12-31×1.25;2024-09-30×1.25;2026-06-30×1.25
FRME,712534,FIRST MERCHANTS,gics_fin,6021.0,2023-06-30×1.25;2023-12-31×1.25
FCF,712537,FIRST COMMONWEALTH FINANCIAL CORP,gics_fin,6021.0,2023-03-31×1.25
CNOB,712771,CONNECTONE BANCORP,gics_fin,6022.0,2020-12-31×1.25;2023-06-30×1.25;2023-12-31×1.25;2024-03-31×0.8;2025-06-30×1.25
VLY,714310,VALLEY NATIONAL,gics_fin,6021.0,2020-12-31×1.25;2023-12-31×1.25;2024-12-31×1.25
GABC,714395,GERMAN AMERICAN BANCORP INC,gics_fin,6022.0,2020-12-31×1.25;2022-12-31×1.25;2023-06-30×1.25;2023-12-31×1.25;2024-03-31×0.8;2024-09-30×1.25;2026-06-30×1.25
THFF,714562,FIRST FINANCIAL CORPORATION CORP,gics_fin,6022.0,
RNST,715072,RENASANT CORP,gics_fin,6022.0,2024-09-30×1.25;2025-06-30×1.5
TILE,715787,INTERFACE,gics_indu,2273.0,2023-12-31×1.25
MUR,717423,MURPHY OIL CORP,gics_energy,1311.0,2023-12-31×1.25;2024-09-30×1.25
HXL,717605,HEXCEL,gics_mat,2821.0,
UNF,717954,UNIFIRST,gics_discr,7200.0,2020-12-31×1.25;2023-12-31×1.25
STAA,718937,STAAR SURGICAL,gics_health,3851.0,2020-12-31×1.25;2023-12-31×1.25;2026-03-31×0.666667;2026-09-30×0.8
STBA,719220,S AND T BANCORP INC,gics_fin,6022.0,
HL,719413,Hecla Mining Co,gics_mat,1400.0,2020-12-31×1.25;2023-06-30×1.25;2023-12-31×1.25
SF,720672,STIFEL FINANCIAL,gics_fin,6211.0,2020-12-31×1.5;2026-03-31×1.5
LKFN,721994,LAKELAND FINANCIAL CORP,gics_fin,6022.0,2020-12-31×1.25
CBU,723188,COMMUNITY FINANCIAL SYSTEM INC,gics_fin,6021.0,
CAR,723612,AVIS BUDGET GROUP INC,gics_indu,7510.0,2020-06-30×0.8;2020-12-31×1.25;2021-12-31×0.8;2022-09-30×0.8;2023-09-30×0.8
CHCO,726854,CITY HOLDING,gics_fin,6021.0,
CASY,726958,Casey'S General Stores Inc.,gics_discr,5500.0,
BELFA,729580,Bel Fuse Inc,gics_it,3677.0,2020-12-31×1.25;2023-12-31×1.25;2024-09-30×0.666667
UBSI,729986,UNITED BANKSHARES,gics_fin,6022.0,2020-06-30×1.25;2020-12-31×1.25;2023-12-31×1.25;2024-09-30×1.25
THO,730263,THOR INDUSTRIES,gics_discr,3716.0,
RGEN,730272,REPLIGEN,gics_health,2836.0,
CVSA,730464,COVISTA,gics_indu,8200.0,2020-12-31×1.25
SBCF,730708,SEACOAST BANKING OF FLORIDA,gics_fin,6022.0,2021-12-31×1.25;2023-03-31×1.25;2023-09-30×1.25;2025-12-31×1.25
HCSG,731012,HEALTHCARE SERVICES GROUP,gics_health,8050.0,2020-12-31×1.25;2023-12-31×1.25
RAMP,733269,LIVERAMP HOLDINGS INC,gics_it,7374.0,2020-12-31×1.25;2023-12-31×1.25;2024-09-30×1.25
CCNE,736772,CNB FINANCIAL CORP,gics_fin,6022.0,2020-12-31×1.25;2022-12-31×1.25;2023-06-30×1.25;2023-12-31×1.25;2024-09-30×1.25;2025-09-30×1.25;2026-06-30×1.25
WASH,737468,WASHINGTON TRUST BANCORP INC,gics_fin,6022.0,2020-12-31×1.25;2022-09-30×3;2022-12-31×0.4;2023-06-30×1.25;2023-12-31×1.25;2024-03-31×0.8;2024-09-30×1.25;2026-06-30×1.25
TTC,737758,TORO,gics_indu,3524.0,
RES,742278,RPC INC,gics_energy,1389.0,2020-12-31×1.25;2021-09-30×1.25;2022-09-30×1.25;2023-06-30×1.25;2023-12-31×1.25;2026-06-30×1.25
CLDX,744218,CELLDEX THERAPEUTICS,gics_health,2835.0,2023-12-31×1.25;2024-03-31×1.25;2024-09-30×1.25;2026-06-30×1.25
JOE,745308,ST JOE,gics_re,6552.0,2023-12-31×1.25;2024-09-30×1.25
BRC,746598,BRADY NONVOTING CLASS A,gics_indu,3990.0,2020-12-31×1.25
UIS,746838,Unisys Corp,gics_it,7373.0,2020-06-30×1.25;2020-09-30×1.25
HWC,750577,HANCOCK WHITNEY,gics_fin,6022.0,2023-12-31×1.25
CAC,750686,CAMDEN NATIONAL CORP,gics_fin,6021.0,2020-12-31×1.25;2023-06-30×1.25;2023-12-31×1.25;2024-09-30×1.25;2026-06-30×1.25
NNN,751364,NNN REIT,gics_re,6798.0,
VICR,751978,Vicor Corp,gics_it,3679.0,2020-09-30×1.25;2020-12-31×1.25;2023-12-31×1.25;2024-09-30×1.25
UMH,752642,UMH PROPERTIES INC,gics_re,6798.0,2020-12-31×1.25;2023-06-30×1.25;2023-12-31×1.25;2024-09-30×1.25;2024-12-31×1.25
MGRC,752714,MCGRATH RENT,gics_indu,7359.0,2020-12-31×1.25;2023-12-31×1.25
UTL,755001,UNITIL CORP,gics_util,4931.0,2020-12-31×1.25
BANF,760498,BANCFIRST CORP,gics_fin,6021.0,2020-12-31×1.25;2021-06-30×0.8;2023-06-30×1.25;2023-09-30×0.8;2023-12-31×1.25;2024-09-30×1.25
LCII,763744,LCI INDUSTRIES,gics_discr,3714.0,2020-12-31×1.25;2023-12-31×1.25
SSB,764038,SOUTHSTATE BANK CORP,gics_fin,6022.0,
CLF,764065,Cleveland-Cliffs Inc,gics_mat,1000.0,2020-03-31×1.5;2021-03-31×1.25;2025-12-31×1.25
ALK,766421,Alaska Air Group Inc,gics_indu,4512.0,
HTO,766829,H2O AMERICA,gics_util,4941.0,2020-12-31×1.25;2023-06-30×1.25;2023-12-31×1.25
TBI,768899,TrueBlue Inc,gics_indu,7363.0,2020-06-30×0.8;2020-12-31×1.25;2023-12-31×1.25;2024-09-30×1.25
MIDD,769520,MIDDLEBY,gics_indu,3580.0,2025-09-30×0.8
ABM,771497,ABM INDUSTRIES INC,gics_indu,7340.0,2020-12-31×1.25;2023-12-31×1.25;2024-03-31×0.8
CRUS,772406,CIRRUS LOGIC,gics_it,3674.0,
OSK,775158,OSHKOSH CORP,gics_discr,3711.0,
HBT,775215,HBT FINANCIAL INC,gics_fin,6022.0,2020-12-31×1.25;2021-09-30×0.8;2022-12-31×1.25;2023-06-30×1.5;2023-12-31×1.25;2026-06-30×1.5
INDB,776901,INDEPENDENT BANK CORP,gics_fin,6022.0,
ITRI,780571,ITRON,gics_it,3825.0,2020-12-31×1.25;2021-03-31×1.25;2023-12-31×1.25
AORT,784199,ARTIVION,gics_health,3841.0,2020-12-31×1.25;2023-12-31×1.25;2026-09-30×1.25
POR,784977,PORTLAND GENERAL ELECTRIC,gics_util,4911.0,2020-12-31×1.25;2023-06-30×1.25;2023-12-31×1.25
EHC,785161,ENCOMPASS HEALTH,gics_health,8060.0,
PLXS,785786,PLEXUS CORP,gics_it,3672.0,2020-12-31×1.25;2023-12-31×1.25
JJSF,785956,J AND J SNACK FOODS CORP,gics_staples,2052.0,
WKC,789460,WORLD KINECT,gics_discr,5172.0,2020-12-31×1.25;2023-12-31×1.25
CSL,790051,CARLISLE COMPANIES,gics_indu,3060.0,
NBTB,790359,NBT BANCORP,gics_fin,6021.0,2023-12-31×1.25
RDNT,790526,RADNET,gics_health,8071.0,2020-12-31×1.25;2023-06-30×1.25;2023-09-30×1.25;2023-12-31×1.25;2024-09-30×1.25
OPY,791963,"Oppenheimer Holdings, Inc.",gics_fin,6211.0,2020-12-31×1.25;2022-09-30×0.8
ASTE,792987,ASTEC INDUSTRIES,gics_indu,3531.0,2020-12-31×1.25;2023-12-31×1.25
WERN,793074,WERNER ENTERPRISES,gics_indu,4213.0,2020-06-30×1.25;2020-12-31×1.25;2023-12-31×1.25
SKYW,793733,SKYWEST,gics_indu,4512.0,2020-12-31×1.25;2023-06-30×0.8
HOG,793952,HARLEY DAVIDSON,gics_indu,3751.0,
TOL,794170,TOLL BROTHERS INC,gics_indu,1531.0,
M,794367,Macy's Inc,gics_discr,5311.0,
KBH,795266,KB HOME,gics_indu,1531.0,2020-12-31×1.25
WTS,795403,Watts Water Technologies Inc,gics_indu,3490.0,2020-12-31×1.25;2023-12-31×1.25
VSAT,797721,VIASAT INC,gics_comm,4899.0,2025-06-30×0.8
CSR,798359,CENTERSPACE,gics_re,6798.0,2023-12-31×1.25;2024-12-31×1.25
MRTN,799167,MARTEN TRANSPORT,gics_indu,4213.0,2020-09-30×1.5;2020-12-31×1.25;2023-12-31×1.25
LE,799288,LAND END,gics_discr,5651.0,2020-09-30×0.8;2023-06-30×1.25;2023-12-31×1.25;2025-06-30×0.8;2025-12-31×0.8;2026-06-30×1.25
MHO,799292,M I HOMES INC,gics_indu,1531.0,2020-12-31×1.25
CRMT,799850,America's Car-Mart Inc/TX,gics_discr,5500.0,2020-12-31×1.25;2024-12-31×1.25
CIK801337,801337,WEBSTER FINANCIAL CORP,gics_fin,6021.0,
PPC,802481,PILGRIMS PRIDE CORP,gics_staples,2015.0,
PRK,805676,PARK NATIONAL CORP,gics_fin,6021.0,2020-12-31×1.25;2023-12-31×1.25;2026-03-31×1.25;2026-06-30×1.25
JACK,807882,Jack in the Box Inc,gics_discr,5812.0,2020-12-31×1.25;2023-12-31×1.25
PLAB,810136,PHOTRONICS,gics_it,3674.0,2020-12-31×1.25;2023-12-31×1.25;2024-09-30×1.25
RJET,810332,REPUBLIC AIRWAYS HOLDINGS,gics_indu,4512.0,
FBNC,811589,FIRST BANCORP,gics_fin,6022.0,
KALU,811596,KAISER ALUMINIUM,gics_mat,3350.0,2023-12-31×1.25
MTN,812011,VAIL RESORTS,gics_discr,7990.0,
OI,812074,O I GLASS,gics_indu,3221.0,2020-12-31×1.25;2023-12-31×1.25
NWL,814453,NEWELL BRANDS INC,gics_indu,3089.0,
TDC,816761,TERADATA,gics_it,7372.0,
CNMD,816956,CONMED CORP,gics_health,3845.0,2020-12-31×1.25;2023-12-31×1.25
SYNA,817720,SYNAPTICS,gics_it,3674.0,2020-12-31×1.25;2023-12-31×1.25
XRAY,818479,DENTSPLY SIRONA,gics_health,3843.0,
AIN,819793,ALBANY INTERNATIONAL CORP CLASS A,gics_indu,2221.0,2020-12-31×1.25;2023-12-31×1.25
COHR,820318,Coherent Corp,gics_it,3827.0,2022-09-30×5;2022-12-31×1.25;2024-09-30×1.25
GIII,821002,G III APPAREL GROUP LTD,gics_discr,2300.0,2023-12-31×1.25
ANDE,821026,ANDERSONS INC,gics_discr,5150.0,2020-12-31×1.25;2023-12-31×1.25;2024-09-30×1.25
PARR,821483,PAR PACIFIC HOLDINGS,gics_energy,1311.0,2022-09-30×1.25;2023-06-30×1.25;2023-12-31×1.25
IPAR,822663,INTERPARFUMS INC,gics_staples,2844.0,2023-12-31×1.25
CLH,822818,CLEAN HARBORS INC,gics_util,4955.0,
AAON,824142,AAON Inc,gics_indu,3585.0,2020-12-31×1.25;2023-09-30×1.5;2023-12-31×1.25
SMG,825542,SCOTTS MIRACLE GRO,gics_indu,2870.0,
ORRF,826154,ORRSTOWN FINANCIAL SERVICES INC,gics_fin,6022.0,2020-12-31×1.25;2023-12-31×1.25;2025-06-30×0.8;2026-06-30×1.25
CLSK,827876,CLEANSPARK,gics_fin,6199.0,2022-03-31×1.25;2022-12-31×1.25;2023-03-31×1.25;2023-09-30×1.5;2024-09-30×1.25
WSFS,828944,WSFS FINANCIAL,gics_fin,6021.0,2022-03-31×1.5
TTEK,831641,TETRA TECH,gics_indu,8711.0,2020-12-31×1.25;2024-09-30×5
SSP,832428,EW Scripps Co/The,gics_comm,4833.0,2020-12-31×1.25;2023-12-31×1.25
SIG,832988,SIGNET JEWELERS,gics_discr,5944.0,2026-09-30×0.666667
MTH,833079,MERITAGE CORP,gics_indu,1531.0,2020-12-31×1.25;2023-12-31×1.25;2025-03-31×2
POWI,833640,POWER INTEGRATIONS,gics_it,3674.0,2020-09-30×2;2020-12-31×1.25;2023-12-31×1.25
BLFS,834365,BIOLIFE SOLUTIONS,gics_health,3845.0,2020-03-31×1.25;2020-12-31×1.25;2021-06-30×1.5;2022-06-30×3;2023-12-31×1.25
SYBT,835324,STOCK YARDS BANCORP INC,gics_fin,6022.0,2020-12-31×1.25;2021-09-30×1.25;2023-12-31×1.25;2024-03-31×0.8
LNN,836157,LINDSAY,gics_indu,3523.0,2020-12-31×1.25;2023-12-31×1.25
CALY,837465,CALLAWAY GOLF COMPANY,gics_indu,3949.0,2020-12-31×1.25;2021-06-30×1.25;2022-06-30×1.25;2022-09-30×1.25;2023-12-31×1.25;2025-06-30×0.8;2026-06-30×1.25;2026-09-30×1.25
FCFS,840489,FIRSTCASH HOLDINGS INC,gics_discr,5900.0,2020-12-31×1.25;2023-12-31×1.25;2024-09-30×1.25
LEA,842162,LEAR,gics_discr,3714.0,
TRS,842633,TRIMAS,gics_indu,3460.0,2023-12-31×1.25;2025-06-30×0.8
AGM,845877,FEDERAL AGRICULTURAL MORTGAGE NON,gics_fin,6111.0,2020-12-31×1.25;2023-12-31×1.25
DCOM,846617,DIME COMMERCIAL BANCSHARES,gics_fin,6021.0,
SLGN,849869,SILGAN HOLDINGS,gics_indu,3411.0,
HMN,850141,HORACE MANN EDUCATORS CORP,gics_fin,6331.0,
CGNX,851205,COGNEX,gics_it,3823.0,
EXPO,851520,Exponent Inc,gics_indu,8742.0,2020-12-31×1.25;2023-12-31×1.25
LSTR,853816,LANDSTAR SYSTEM,gics_indu,4213.0,
GSBC,854560,GREAT SOUTHERN BANCORP INC,gics_fin,6022.0,2020-12-31×1.25;2021-03-31×1.25;2021-06-30×0.8;2022-06-30×0.8;2022-12-31×1.25;2023-12-31×1.25
DGII,854775,DIGI INTERNATIONAL,gics_it,3576.0,2020-12-31×1.25;2021-03-31×1.25;2023-12-31×1.25
LSCC,855658,LATTICE SEMICONDUCTOR,gics_it,3674.0,2020-12-31×1.25
MMSI,856982,MERIT MEDICAL SYSTEMS INC,gics_health,3841.0,2020-09-30×0.8;2020-12-31×1.25;2022-09-30×1.25;2023-12-31×1.25
UCB,857855,UNITED COMMUNITY BANKS INC,gics_fin,6022.0,2022-03-31×1.25;2023-09-30×1.25
FIBK,860413,FIRST INTERSTATE BANCSYSTEM,gics_fin,6022.0,2020-12-31×1.25;2022-03-31×2;2023-12-31×1.25
CDP,860546,COPT DEFENSE PROPERTIES,gics_re,6798.0,2023-12-31×1.25
KMPR,860748,KEMPER,gics_fin,6331.0,2026-09-30×1.25
GVA,861459,GRANITE CONSTRUCTION,gics_indu,1600.0,2020-12-31×1.25;2023-12-31×1.25
CATY,861842,CATHAY GENERAL BANCORP,gics_fin,6022.0,2020-12-31×1.25;2023-12-31×1.25
RS,861884,RELIANCE STEEL & ALUMINUM,gics_discr,5051.0,
FISI,862831,FINANCIAL INSTITUTIONS INC,gics_fin,6021.0,2020-12-31×1.25;2021-06-30×0.8;2023-12-31×1.25;2024-09-30×1.25;2026-06-30×1.25
BHE,863436,BENCHMARK ELECTRONICS INC,gics_it,3672.0,2020-12-31×1.25;2023-12-31×1.25
ALGM,866291,ALLEGRO MICROSYSTEMS INC,gics_it,3674.0,2024-09-30×2;2024-12-31×0.8
FLEX,866374,Flex Ltd,gics_it,3672.0,
ESE,866706,ESCO TECHNOLOGIES,gics_it,3669.0,2020-12-31×1.25;2023-12-31×1.25
SCHL,866729,SCHOLASTIC,gics_comm,2731.0,2020-12-31×1.25;2023-12-31×1.25;2024-03-31×0.8;2026-06-30×0.8;2026-09-30×0.8
HOS,866829,HORNBECK OFFSHORE SERVICES,gics_energy,1389.0,
GBCI,868671,Glacier Bancorp Inc,gics_fin,6022.0,2020-12-31×1.25;2021-12-31×1.25;2023-12-31×1.25;2024-09-30×1.25
DORM,868780,DORMAN PRODUCTS,gics_discr,3714.0,2020-12-31×1.25;2023-12-31×1.25
ACM,868857,AECOM,gics_indu,8711.0,
MAN,871763,MANPOWER,gics_indu,7363.0,
SRPT,873303,SAREPTA THERAPEUTICS,gics_health,2834.0,
ONIT,873860,ONITY GROUP INC,gics_fin,6162.0,2023-06-30×0.666667;2023-12-31×1.25
STRL,874238,Sterling Infrastructure Inc,gics_indu,1600.0,2020-12-31×1.25;2023-12-31×1.25
GPOR,874499,GULFPORT ENERGY,gics_energy,1311.0,2020-06-30×0.8;2023-12-31×1.25;2024-09-30×1.25
CRVL,874866,CORVEL,gics_fin,6411.0,2020-12-31×1.25;2023-12-31×1.25;2024-09-30×1.25;2024-12-31×3
PRGS,876167,PROGRESS SOFTWARE CORP,gics_it,7372.0,2020-12-31×1.25;2023-12-31×1.25
MNRO,876427,Monro Inc,gics_indu,7500.0,2020-12-31×1.25;2023-12-31×1.25;2024-03-31×0.8
MTG,876437,MGIC INVESTMENT,gics_fin,6351.0,
EZPW,876523,EZCORP NON VOTING INC CLASS A,gics_discr,5900.0,2020-12-31×1.25
STGW,876883,STAGWELL CLASS A,gics_indu,7311.0,2022-06-30×1.25;2023-06-30×1.5;2023-09-30×0.8;2023-12-31×1.25;2024-09-30×1.25;2025-06-30×1.25
NHI,877860,NATIONAL HEALTH INVESTORS REIT,gics_re,6798.0,2020-12-31×1.25;2023-12-31×1.25;2024-09-30×1.25
ARWR,879407,Arrowhead Pharmaceuticals Inc,gics_health,2834.0,2023-12-31×1.25;2024-03-31×1.25;2024-09-30×1.25
WNC,879526,Wabash National Corp,gics_discr,3715.0,2020-12-31×1.25;2023-12-31×1.25;2024-03-31×0.8
MPB,879635,MID PENN BANCORP INC,gics_fin,6022.0,2020-12-31×1.25;2021-06-30×1.25;2021-12-31×1.5;2022-12-31×1.25;2023-12-31×1.25;2024-09-30×1.25;2026-06-30×1.25
JBSS,880117,JOHN B SANFILIPPO AND SON,gics_staples,2060.0,
AGCO,880266,AGCO,gics_indu,3523.0,
WT,880631,WISDOMTREE,gics_fin,6211.0,2023-09-30×1.25;2023-12-31×1.25;2024-09-30×1.25;2025-06-30×0.8;2026-06-30×1.25
AMSC,880807,AMERICAN SUPERCONDUCTOR CORP,gics_it,3621.0,
BCRX,882796,BIOCRYST PHARMACEUTICALS,gics_health,2836.0,2023-12-31×1.25;2024-09-30×1.25
VRTS,883237,VIRTUS INVESTMENT PARTNERS,gics_fin,6282.0,2020-12-31×1.25;2023-12-31×1.25;2024-03-31×0.8
FOSL,883569,Fossil Group Inc,gics_indu,3873.0,2020-12-31×1.25;2023-12-31×1.25
AUB,883948,ATLANTIC UNION BANKSHARES,gics_fin,6022.0,2020-12-31×1.25;2024-06-30×1.25;2025-06-30×1.5
ICUI,883984,ICU MEDICAL,gics_health,3841.0,2024-09-30×1.25
UGI,884614,UGI,gics_util,4932.0,
BKE,885245,BUCKLE,gics_discr,5651.0,2020-12-31×1.25;2023-12-31×1.25;2024-09-30×1.25
CACC,885550,CREDIT ACCEPTANCE CORP,gics_fin,6141.0,
KSS,885639,KOHLS CORP,gics_discr,5311.0,
LGND,886163,LIGAND PHARMACEUTICALS,gics_health,2834.0,2020-06-30×0.8;2020-12-31×1.25;2023-06-30×1.25;2023-12-31×1.25;2024-09-30×1.25
KAI,886346,KADANT INC,gics_indu,3550.0,2020-12-31×1.25;2023-12-31×1.25
GERN,886744,GERON,gics_health,2834.0,2020-09-30×1.5;2020-12-31×1.25;2022-06-30×1.25;2023-06-30×1.25;2023-12-31×1.25;2024-09-30×1.25
COLB,887343,Columbia Banking System Inc,gics_fin,6022.0,2021-12-31×1.25;2025-09-30×1.5
VCEL,887359,VERICEL,gics_health,2836.0,2023-12-31×1.25;2024-09-30×1.25
CAKE,887596,CHEESECAKE FACTORY INC,gics_discr,5812.0,2020-12-31×1.25;2023-12-31×1.25;2024-09-30×1.25
CENT,887733,CENTRAL GARDEN AND PET,gics_discr,5190.0,
LTC,887905,LTC PROPERTIES REIT,gics_re,6798.0,2020-12-31×1.25;2023-06-30×1.25;2024-09-30×1.25
FCN,887936,FTI CONSULTING,gics_indu,8742.0,
OHI,888491,OMEGA HEALTHCARE INVESTORS REIT,gics_re,6798.0,
LFUS,889331,LITTELFUSE,gics_it,3613.0,
PTEN,889900,PATTERSON UTI ENERGY INC,gics_energy,1381.0,2020-09-30×1.5;2021-12-31×1.25;2022-06-30×1.25;2023-09-30×1.5;2023-12-31×1.25;2024-09-30×1.25;2025-06-30×0.8
EFOR,890564,EVERFORTH,gics_indu,7363.0,2020-12-31×1.25;2023-12-31×1.25
RDN,890926,RADIAN GROUP,gics_fin,6351.0,2020-06-30×0.8;2020-12-31×1.25;2024-12-31×1.25
MTX,891014,MINERALS TECHNOLOGIES,gics_mat,2810.0,2020-12-31×1.25;2023-12-31×1.25
UVE,891166,Universal Insurance Holdings I,gics_fin,6331.0,2020-12-31×1.25;2023-12-31×1.25;2024-09-30×1.25
SM,893538,SM ENERGY,gics_energy,1311.0,2023-12-31×1.25
MD,893949,PEDIATRIX MEDICAL GROUP INC,gics_health,8060.0,2020-12-31×1.25;2022-06-30×1.25;2023-12-31×1.25
ARCB,894405,ARCBEST,gics_indu,4213.0,2020-12-31×1.25;2023-12-31×1.25
ELS,895417,EQUITY LIFESTYLE PROPERTIES REIT I,gics_re,6798.0,
SHOE,895447,Shoe Carnival Inc,gics_discr,5661.0,2020-12-31×1.25;2021-06-30×0.8;2021-09-30×2;2023-12-31×1.25
ATR,896622,APTARGROUP,gics_indu,3089.0,
ALG,897077,ALAMO GROUP,gics_indu,3523.0,2020-12-31×1.25;2023-12-31×1.25
SANM,897723,Sanmina Corp,gics_it,3672.0,2023-12-31×1.25
RGA,898174,REINSURANCE GROUP OF AMERICA,gics_fin,6311.0,
MNKD,899460,MANNKIND,gics_health,2834.0,2023-12-31×1.25
AKR,899629,ACADIA REALTY TRUST REIT,gics_re,6798.0,2023-12-31×1.25;2024-09-30×1.25;2024-12-31×1.25
VNO,899689,VORNADO REALTY TRUST REIT,gics_re,6798.0,
SKT,899715,TANGER,gics_re,6798.0,2023-12-31×1.25;2024-09-30×1.25
TWI,899751,"Titan International, Inc.",gics_mat,3312.0,2023-12-31×1.25;2026-06-30×1.25
PZZA,901491,PAPA JOHNS INTERNATIONAL INC,gics_discr,5812.0,2020-06-30×1.25;2020-09-30×1.5;2020-12-31×1.25;2023-06-30×1.25;2023-12-31×1.25;2024-09-30×1.25
BBSI,902791,BARRETT BUSINESS SERVICES INC,gics_indu,7363.0,2020-12-31×1.25;2023-12-31×1.25;2024-06-30×4
THRM,903129,GENTHERM,gics_discr,3714.0,2020-12-31×1.25;2023-12-31×1.25
ALRS,903419,ALERUS FINANCIAL CORP,gics_fin,6021.0,2020-12-31×1.25;2023-06-30×1.25;2023-12-31×1.25;2024-09-30×1.25;2024-12-31×1.25
INOD,903651,INNODATA,gics_it,7374.0,2023-12-31×1.25;2024-09-30×1.25
QCRH,906465,QCR HOLDINGS INC,gics_fin,6022.0,2020-12-31×1.25;2023-06-30×1.25;2023-12-31×1.25;2024-03-31×0.8;2024-09-30×1.25
BYD,906553,BOYD GAMING,gics_discr,7011.0,2020-12-31×1.25
CASH,907471,PATHWARD FINANCIAL INC,gics_fin,6021.0,
BWA,908255,BorgWarner Inc,gics_discr,3714.0,
WINA,908315,WINMARK,gics_discr,5900.0,2020-12-31×1.25;2022-06-30×0.8
SIRI,908937,SIRIUSXM HOLDINGS,gics_comm,4832.0,
FLG,910073,FLAGSTAR BANK NATIONAL ASSOCIATION,gics_fin,6036.0,
LXP,910108,LXP INDUSTRIAL TRUST,gics_re,6798.0,2020-06-30×1.25;2020-12-31×1.25;2023-12-31×1.25;2025-12-31×0.2
HAIN,910406,Hain Celestial Group Inc/The,gics_staples,2000.0,2021-12-31×1.25;2022-12-31×1.25;2023-12-31×1.25
CWST,911177,CASELLA WASTE SYSTEMS CLASS A,gics_util,4953.0,2020-12-31×1.25;2023-06-30×1.25;2023-12-31×1.25;2024-09-30×1.25
VIAV,912093,Viavi Solutions Inc,gics_it,3674.0,2020-12-31×1.25;2023-12-31×1.25
MAC,912242,MACERICH REIT,gics_re,6798.0,2020-12-31×1.25;2021-06-30×1.25;2021-09-30×1.25;2023-12-31×1.25;2024-12-31×1.25
ROCK,912562,GIBRALTAR INDUSTRIES,gics_mat,3310.0,2020-12-31×1.25;2023-12-31×1.25
SUI,912593,SUN COMMUNITIES REIT INC,gics_re,6798.0,
URBN,912615,URBAN OUTFITTERS,gics_discr,5651.0,2020-12-31×1.25;2023-12-31×1.25
FWRD,912728,FORWARD AIR CORP,gics_indu,4731.0,2020-12-31×1.25;2023-12-31×1.25;2024-03-31×1.25;2025-09-30×0.8
LAUR,912766,LAUREATE EDUCATION,gics_indu,8200.0,2020-06-30×0.8;2020-12-31×1.25;2022-12-31×1.25;2023-12-31×1.25;2024-09-30×1.25
UFPI,912767,UFP Industries Inc,gics_indu,2421.0,2020-12-31×1.25;2023-12-31×1.25
BDC,913142,BELDEN,gics_mat,3357.0,2020-09-30×1.25;2020-12-31×1.25;2023-12-31×1.25
RNR,913144,RENAISSANCERE HOLDING,gics_fin,6331.0,2023-06-30×1.25
SHOO,913241,STEVEN MADDEN,gics_indu,3140.0,2023-12-31×1.25
SNEX,913760,STONEX GROUP INC,gics_fin,6200.0,2020-12-31×1.25;2023-12-31×1.5;2024-09-30×1.25;2025-03-31×1.5;2026-03-31×1.5;2026-09-30×1.5
UFPT,914156,UFP TECHNOLOGIES INC,gics_health,3841.0,2020-06-30×0.8;2020-12-31×1.25;2023-12-31×1.25;2024-09-30×1.25
NBIX,914475,NEUROCRINE BIOSCIENCES,gics_health,2836.0,
DAKT,915779,Daktronics Inc,gics_indu,3990.0,2020-12-31×1.25;2021-06-30×0.8;2023-12-31×1.25
BZH,915840,BEAZER HOMES,gics_indu,1531.0,2020-12-31×1.25;2023-12-31×1.25
DAR,916540,Darling Ingredients Inc,gics_staples,2070.0,
HELE,916789,HELEN OF TROY LTD,gics_it,3634.0,2020-12-31×1.25
SMBC,916907,SOUTHERN MISSOURI BANCORP INC,gics_fin,6036.0,2020-12-31×1.25;2022-12-31×1.25;2023-06-30×1.25;2023-12-31×1.25;2024-09-30×1.25
ADC,917251,Agree Realty Corp,gics_re,6798.0,2020-06-30×1.25;2020-12-31×1.25;2021-03-31×1.25;2022-12-31×1.25
RMBS,917273,Rambus Inc,gics_it,3674.0,2020-12-31×1.25;2023-12-31×1.25
IART,917520,INTEGRA LIFESCIENCES HOLDINGS,gics_health,3841.0,
EXP,918646,EAGLE MATERIALS INC,gics_indu,3241.0,
SCSC,918965,SCANSOURCE,gics_discr,5045.0,2023-12-31×1.25;2026-09-30×0.8
AEO,919012,AMERICAN EAGLE OUTFITTERS,gics_discr,5651.0,2020-12-31×1.25;2023-06-30×1.25;2023-12-31×1.25;2025-06-30×0.8
SSD,920371,Simpson Manufacturing Co Inc,gics_indu,3420.0,2020-12-31×1.25;2023-12-31×1.25
HIW,921082,HIGHWOODS PROPERTIES REIT,gics_re,6798.0,
RBCAA,921557,REPUBLIC BANCORP INC CLASS A,gics_fin,6022.0,2020-12-31×1.25;2021-06-30×0.8;2023-12-31×1.25;2024-09-30×1.25
IMAX,921582,IMAX,gics_indu,3861.0,2020-06-30×0.8;2020-12-31×1.25;2023-12-31×1.25
SSRM,921638,SSR MINING,gics_fin,6795.0,2026-06-30×1.25
PENN,921738,PENN ENTERTAINMENT,gics_discr,7011.0,2020-12-31×1.25
FR,921825,FIRST INDUSTRIAL REALTY TRUST,gics_re,6798.0,
AIV,922864,Management Co.,gics_re,6798.0,
GBX,923120,GREENBRIER,gics_indu,3743.0,2020-12-31×1.25;2023-12-31×1.25
GEO,923796,GEO GROUP,gics_indu,1520.0,2023-12-31×1.25;2024-09-30×1.25
ADTN,926282,ADTRAN Holdings Inc,gics_it,3661.0,2022-09-30×1.5;2022-12-31×1.25;2023-12-31×1.25;2024-09-30×1.25
OMCL,926326,OMNICELL INC,gics_it,3571.0,2023-12-31×1.25
AEIS,927003,Advanced Energy Industries Inc,gics_it,3679.0,2020-12-31×1.25;2023-12-31×1.25
CVLG,928658,COVENANT LOGISTICS GROUP INC CLASS,gics_indu,4213.0,2020-12-31×1.25;2022-09-30×0.8;2023-12-31×1.25;2025-03-31×2
WCC,929008,WESCO INTERNATIONAL,gics_discr,5063.0,2021-06-30×0.8
STRZ,929351,STARZ ENTERTAINMENT,gics_comm,7812.0,
RWT,930236,REDWOOD TRUST INC,gics_re,6798.0,2023-12-31×1.25
KFRC,930420,KFORCE,gics_indu,7363.0,2020-12-31×1.25;2023-12-31×1.25
PII,931015,POLARIS INC,gics_indu,3790.0,
NSIT,932696,INSIGHT ENTERPRISES INC,gics_discr,5961.0,2020-12-31×1.25;2023-12-31×1.25
UPBD,933036,UPBOUND GROUP,gics_indu,7359.0,2020-12-31×1.25;2021-06-30×1.25;2022-06-30×0.8;2023-06-30×1.25;2023-09-30×0.8;2023-12-31×1.25
AZTA,933974,AZENTA,gics_indu,3559.0,2020-12-31×1.25;2025-09-30×1.25
ACIW,935036,ACI WORLDWIDE,gics_it,7372.0,2020-12-31×1.25;2023-12-31×1.25
CIEN,936395,Ciena Corp,gics_it,3661.0,
WAFD,936528,WAFD INC,gics_fin,6021.0,2020-12-31×1.25;2024-12-31×1.25
TNET,937098,TRINET GROUPINARY,gics_indu,7389.0,2020-06-30×0.8;2020-12-31×1.25;2025-06-30×0.8
EXEL,939767,EXELIXIS INC,gics_health,2836.0,
HUBG,940942,HUB GROUP CLASS A,gics_indu,4731.0,2020-12-31×1.25;2023-12-31×1.25;2024-03-31×2
CBZ,944148,CBIZ,gics_indu,7389.0,2020-12-31×1.25;2023-12-31×1.25
THG,944695,HANOVER INSURANCE GROUP,gics_fin,6331.0,
CIVB,944745,CIVISTA BANCSHARES INC,gics_fin,6022.0,2020-12-31×1.25;2022-12-31×1.25;2023-12-31×1.25;2026-06-30×1.25
GIC,945114,GLOBAL INDUSTRIAL,gics_discr,5084.0,2024-09-30×1.25
SVC,945394,Service Properties Trust,gics_re,6798.0,2020-12-31×1.25;2023-12-31×1.25;2024-09-30×1.25;2026-09-30×0.2
CENX,949157,CENTURY ALUMINUM,gics_mat,3334.0,2020-12-31×1.25;2026-06-30×1.25;2026-09-30×1.25
SAM,949870,BOSTON BEER CLASS A,gics_staples,2082.0,
MATV,1000623,Mativ Holdings Inc,gics_mat,2621.0,2020-12-31×1.25;2022-09-30×2;2023-12-31×1.25
NVAX,1000694,NOVAVAX,gics_health,2836.0,2020-12-31×1.25;2023-12-31×1.25;2024-09-30×1.5;2024-12-31×1.25
NSP,1000753,INSPERITY,gics_indu,7363.0,2020-12-31×1.25;2024-09-30×1.25
TGTX,1001316,TG THERAPEUTICS,gics_health,2834.0,2020-09-30×1.25
MSM,1003078,MSC INDUSTRIAL CLASS A,gics_discr,5084.0,
AMG,1004434,AFFILIATED MANAGERS GROUP,gics_fin,6282.0,
OCFC,1004702,OCEANFIRST FINANCIAL,gics_fin,6021.0,2020-12-31×1.25;2023-06-30×1.25;2026-06-30×1.5
CMCO,1005229,COLUMBUS MCKINNON CORP,gics_indu,3531.0,2020-12-31×1.25;2023-12-31×1.25
OLED,1005284,UNIVERSAL DISPLAY CORP,gics_it,3670.0,
IDT,1005731,IDT CLASS B,gics_comm,4813.0,2022-03-31×0.666667;2023-12-31×1.25
CIK1005757,1005757,CSG Systems International Inc.,gics_it,7374.0,2020-12-31×1.25
TMP,1005817,TOMPKINS FINANCIAL CORP,gics_fin,6022.0,2020-12-31×1.25;2023-12-31×1.25
VATE,1006837,INNOVATE CORP,gics_indu,3440.0,2023-09-30×1.25;2023-12-31×1.25
RUSHB,1012019,RUSH ENTERPRISES CLASS B,gics_discr,5500.0,2023-09-30×1.5;2026-09-30×1.5
BJRI,1013488,BJS RESTAURANTS INC,gics_discr,5812.0,2020-06-30×1.25;2020-09-30×1.25;2020-12-31×1.25;2023-12-31×1.25
PEGA,1013857,PEGASYSTEMS,gics_it,7374.0,
TTEC,1013880,TTEC Holdings Inc,gics_indu,7363.0,2020-03-31×1.25;2020-12-31×1.25;2023-06-30×1.25;2023-12-31×1.25;2024-09-30×1.25;2025-03-31×0.8
STRA,1013934,STRATEGIC EDUCATION,gics_indu,8200.0,2020-12-31×1.25;2021-09-30×1.25;2023-12-31×1.25
OPCH,1014739,OPTION CARE HEALTH INC,gics_health,8082.0,2020-03-31×0.25;2020-09-30×1.25;2020-12-31×1.25;2021-06-30×1.25;2021-09-30×1.25;2022-09-30×1.25;2023-12-31×1.25;2024-09-30×1.25
WTFC,1015328,WINTRUST FINANCIAL,gics_fin,6022.0,
ANF,1018840,ABERCROMBIE AND FITCH CLASS A,gics_discr,5651.0,
ATI,1018963,ATI Inc,gics_mat,3317.0,2023-12-31×1.25;2024-12-31×1.25
AMSF,1018979,AMERISAFE INC,gics_fin,6331.0,2020-12-31×1.25;2023-12-31×1.25;2024-03-31×0.8;2026-06-30×1.25
PAG,1019849,PENSKE AUTOMOTIVE GROUP VOTING INC,gics_discr,5500.0,
DXPE,1020710,DXP ENTERPRISES,gics_discr,5084.0,2020-12-31×1.25;2022-06-30×0.8
UNFI,1020859,UNITED NATURAL FOODS INC,gics_discr,5141.0,2020-12-31×1.25;2023-12-31×1.25
NUS,1021561,Nu Skin Enterprises Inc,gics_discr,5122.0,2023-12-31×1.25;2024-03-31×0.8;2024-09-30×1.25
OGE,1021635,OGE ENERGY,gics_util,4911.0,
NOV,1021860,NOV,gics_indu,3533.0,
PLUS,1022408,EPLUS,gics_discr,5045.0,2020-12-31×1.25;2021-12-31×2;2023-12-31×1.25
ANIP,1023024,ANI PHARMACEUTICALS,gics_health,2834.0,2020-12-31×1.25;2021-12-31×1.25;2022-03-31×1.25;2022-06-30×1.25;2023-09-30×1.25;2023-12-31×1.25;2024-09-30×1.5;2026-06-30×1.25
LAD,1023128,Lithia Motors Inc,gics_discr,5500.0,2020-12-31×1.25
FORR,1023313,Forrester Research Inc,gics_indu,8700.0,2020-12-31×1.25;2023-12-31×1.25;2024-09-30×1.25
COTY,1024305,COTY INC CLASS A,gics_staples,2844.0,2021-09-30×1.25
HLIO,1024795,HELIOS TECHNOLOGIES INC,gics_indu,3490.0,2020-12-31×1.25;2023-12-31×1.25
WPC,1025378,W. P. CAREY REIT,gics_re,6798.0,
EFSC,1025835,ENTERPRISE FINANCIAL SERVICES CORP,gics_fin,6022.0,2020-12-31×1.25;2021-09-30×1.25;2023-06-30×1.25;2023-12-31×1.25;2024-09-30×1.25
KRC,1025996,KILROY REALTY REIT,gics_re,6798.0,
EEFT,1029199,EURONET WORLDWIDE INC,gics_fin,6099.0,
OFG,1030469,OFG BANCORP,gics_fin,6022.0,
GPI,1031203,GROUP AUTOMOTIVE INC,gics_discr,5500.0,2020-12-31×1.25;2023-12-31×1.25
BSY,1031308,BENTLEY SYSTEMS INC CLASS B,gics_it,7372.0,
SLM,1032033,SLM CORP,gics_fin,6141.0,2020-06-30×0.8
MMS,1032220,MAXIMUS,gics_indu,7389.0,2020-06-30×0.8;2020-12-31×1.25;2023-12-31×1.25
ALV,1034670,AUTOLIV,gics_discr,3714.0,
SHBI,1035092,SHORE BANCSHARES INC,gics_fin,6021.0,2020-12-31×1.25;2022-12-31×1.25;2023-06-30×1.25;2023-09-30×1.5;2023-12-31×1.25;2024-09-30×1.25;2025-06-30×0.8;2026-06-30×1.25
CWT,1035201,CALIFORNIA WATER SERVICE GROUP,gics_util,4941.0,2020-12-31×1.25;2023-12-31×1.25
FIX,1035983,Comfort Systems USA Inc,gics_indu,1731.0,2020-12-31×1.25;2023-12-31×1.25
JLL,1037976,JONES LANG LASALLE,gics_re,6531.0,
SLAB,1038074,SILICON LABORATORIES,gics_it,3674.0,2020-12-31×1.25;2023-12-31×1.25
SMBK,1038773,SMARTFINANCIAL INC,gics_fin,6021.0,2020-12-31×1.25;2021-03-31×1.25;2022-12-31×1.25;2023-12-31×1.25;2024-09-30×1.25;2025-06-30×0.8;2026-06-30×1.25
OSIS,1039065,OSI SYSTEMS,gics_it,3674.0,2020-12-31×1.25;2023-12-31×1.25
FORM,1039399,FORMFACTOR INC,gics_it,3674.0,2023-12-31×1.25
RHP,1040829,RYMAN HOSPITALITY PROPERTIES REIT,gics_re,6798.0,2023-06-30×1.25;2023-12-31×1.25
SLG,1040971,SL GREEN REALTY REIT CORP,gics_re,6798.0,2023-06-30×1.25;2023-12-31×1.25;2024-03-31×1.25;2024-09-30×1.25
PSMT,1041803,PRICESMART,gics_discr,5331.0,2020-12-31×1.25
PLCE,1041859,Children's Place Inc/The,gics_discr,5651.0,2023-12-31×1.25
AFG,1042046,AMERICAN FINANCIAL GROUP,gics_fin,6331.0,
MBWM,1042729,MERCANTILE BANK CORP,gics_fin,6022.0,2020-12-31×1.25;2021-06-30×0.8;2023-12-31×1.25;2024-03-31×0.8;2024-09-30×1.25;2026-06-30×1.25
PDM,1042776,PIEDMONT REALTY TRUST CLASS A,gics_re,6512.0,2020-12-31×1.25;2023-12-31×1.25
SAH,1043509,SONIC AUTOMOTIVE INC CLASS A,gics_discr,5500.0,2020-12-31×1.25;2021-06-30×0.8;2026-06-30×0.8
EPR,1045450,EPR PROPERTIES REIT,gics_re,6798.0,
HFWA,1046025,HERITAGE FINANCIAL CORP,gics_fin,6036.0,2026-03-31×1.25;2026-06-30×1.25
RBA,1046102,RB GLOBAL,gics_indu,7389.0,
INGR,1046257,INGREDION INC,gics_staples,2040.0,
CHH,1046311,CHOICE HOTELS INTERNATIONAL,gics_discr,7011.0,2021-09-30×1.25
PRDO,1046568,PERDOCEO EDUCATION,gics_indu,8200.0,2020-12-31×1.25
AMKR,1047127,AMKOR TECHNOLOGY,gics_it,3674.0,2020-12-31×1.25;2023-12-31×1.25;2026-09-30×1.25
NHC,1047335,NATIONAL HEALTHCARE CORP,gics_health,8051.0,2020-12-31×1.25;2023-12-31×1.25;2024-09-30×1.25
DMC,1047340,DEL MONTE,gics_indu,100.0,
IESC,1048268,IES INC,gics_indu,1731.0,2020-12-31×1.25;2023-12-31×1.25
BMRN,1048477,BIOMARIN PHARMACEUTICAL,gics_health,2834.0,
MKSI,1049502,MKS,gics_it,3823.0,2023-09-30×1.25
MRCY,1049521,MERCURY SYSTEMS INC,gics_it,3670.0,2024-09-30×1.25
CNXN,1050377,PC CONNECTION INC,gics_discr,5045.0,2020-12-31×1.25;2023-12-31×1.25;2026-09-30×0.8
EGBN,1050441,EAGLE BANCORP,gics_fin,6022.0,
PGC,1050743,PEAPACK GLADSTONE FINANCIAL CORP,gics_fin,6029.0,2020-12-31×1.25;2023-12-31×1.25;2024-03-31×0.8;2024-09-30×1.25;2025-06-30×0.8
COLM,1050797,COLUMBIA SPORTSWEAR,gics_discr,2300.0,2021-09-30×1.25;2025-09-30×0.8
TDS,1051512,TELEPHONE AND DATA SYSTEMS,gics_comm,4813.0,2023-12-31×1.25
GTY,1052752,GETTY REALTY REIT,gics_re,6500.0,2020-12-31×1.25;2023-12-31×1.25;2024-09-30×1.25
CRAI,1053706,CRA INTERNATIONAL INC,gics_indu,8111.0,2020-12-31×1.25;2023-12-31×1.25
IOSP,1054905,INNOSPEC INC,gics_mat,2800.0,2020-12-31×1.25;2023-12-31×1.25
MFA,1055160,MFA FINANCIAL,gics_re,6798.0,2020-12-31×1.25;2022-06-30×0.25;2023-12-31×1.25;2024-03-31×0.8
FHI,1056288,FEDERATED HERMES INC CLASS B,gics_fin,6282.0,2020-12-31×1.25
MANH,1056696,MANHATTAN ASSOCIATES,gics_it,7372.0,
AWR,1056903,AMERICAN STATES WATER,gics_util,4941.0,2020-12-31×1.25;2023-12-31×1.25
PFIS,1056943,PEOPLES FINANCIAL SERVICES CORP,gics_fin,6021.0,2020-12-31×1.25;2021-06-30×0.8;2023-12-31×1.25;2024-09-30×1.25;2026-06-30×1.25
HZO,1057060,MARINEMAX INC,gics_discr,5531.0,2020-12-31×1.25;2023-09-30×0.8;2023-12-31×1.25;2025-06-30×0.8
FBP,1057706,FIRST BANCORP,gics_fin,6022.0,
IDA,1057877,IDACORP,gics_util,4911.0,
IMMR,1058811,IMMERSION CORP,gics_it,3577.0,2020-06-30×0.5;2023-09-30×1.5;2023-12-31×1.25;2026-06-30×1.25
CRI,1060822,CARTERS,gics_discr,2300.0,
BXMT,1061630,BLACKSTONE MORTGAGE TRUST REIT CLA,gics_re,6798.0,2020-12-31×1.25;2023-12-31×1.25;2024-09-30×1.25
CYTK,1061983,Cytokinetics Inc,gics_health,2834.0,2020-09-30×1.25;2020-12-31×1.25;2022-09-30×1.25;2023-06-30×1.25;2024-06-30×1.25;2024-09-30×1.25;2026-06-30×1.25
DCH,1062231,DAUCH CORPORATION,gics_discr,3714.0,2020-12-31×1.25;2023-12-31×1.25;2024-09-30×1.25;2026-03-31×2
BTU,1064728,PEABODY ENERGY CORP,gics_mat,1221.0,2020-12-31×1.25;2022-06-30×1.25;2024-09-30×1.25
LEU,1065059,CENTRUS ENERGY CLASS A,gics_mat,1400.0,2023-12-31×1.25;2024-09-30×1.25;2026-06-30×1.25
CBRL,1067294,CRACKER BARREL OLD COUNTRY STORE I,gics_discr,5812.0,2020-12-31×1.25;2023-12-31×1.25;2024-09-30×1.25
PB,1068851,PROSPERITY BANCSHARES,gics_fin,6022.0,2026-09-30×1.25
EWBC,1069157,EAST WEST BANCORP,gics_fin,6022.0,
KTOS,1069258,KRATOS DEFENSE AND SECURITY SOLUTI,gics_indu,3760.0,
TREX,1069878,TREX,gics_indu,2400.0,2020-09-30×2
PAHC,1069899,PHIBRO ANIMAL HEALTH CORP CLASS A,gics_health,2834.0,2020-12-31×1.25;2023-12-31×1.25
PTCT,1070081,PTC THERAPEUTICS,gics_health,2834.0,2020-12-31×1.25;2023-12-31×1.25;2024-09-30×1.25
CNX,1070412,CNX RESOURCES,gics_energy,1311.0,2020-09-30×1.25;2020-12-31×1.25
ACAD,1070494,ACADIA PHARMACEUTICALS,gics_health,2834.0,2023-12-31×1.25
CXW,1070985,CORECIVIC REIT,gics_re,6798.0,2020-12-31×1.25;2023-12-31×1.25
DHC,1075415,Diversified Healthcare Trust,gics_re,6798.0,2020-06-30×0.8;2020-09-30×1.25;2020-12-31×1.25
NOVT,1076930,NOVANTA,gics_it,3690.0,2020-12-31×1.25;2023-12-31×1.25
TCBI,1077428,TEXAS CAPITAL BANCSHARES,gics_fin,6022.0,2023-12-31×1.25
NTCT,1078075,NETSCOUT SYSTEMS,gics_it,7373.0,2020-12-31×1.25;2023-12-31×1.25;2024-03-31×0.8;2024-09-30×1.25
EXTR,1078271,EXTREME NETWORKS,gics_it,3576.0,2023-12-31×1.25
INVA,1080014,INNOVIVA,gics_health,2834.0,2020-12-31×1.25;2021-09-30×0.666667;2022-06-30×1.5;2023-12-31×1.25;2025-12-31×1.25;2026-03-31×1.25
UTHR,1082554,UNITED THERAPEUTICS,gics_health,2834.0,
WULF,1083301,"Terawulf, Inc.",gics_fin,6199.0,2023-09-30×2.5;2024-12-31×1.25
ASTH,1083446,ASTRANA HEALTH,gics_indu,8742.0,2020-06-30×1.25;2020-12-31×1.25;2023-06-30×1.25;2023-12-31×1.25
ZD,1084048,ZIFF DAVIS INC,gics_comm,4822.0,2021-09-30×1.25;2023-12-31×1.25;2026-09-30×0.8
FLWS,1084869,1-800 FLOWERS.COM CLASS A,gics_discr,5990.0,2020-12-31×1.25;2023-12-31×1.25;2025-06-30×0.8
ECPG,1084961,ENCORE CAPITAL GROUP,gics_fin,6153.0,2020-09-30×1.25;2020-12-31×1.25;2021-12-31×0.8;2022-03-31×0.8;2023-12-31×1.25;2024-09-30×1.25
CORT,1088856,CORCEPT THERAPEUTICS INC,gics_health,2834.0,2020-12-31×1.25;2023-12-31×1.25
DKS,1089063,DICKS SPORTING,gics_discr,5940.0,2025-09-30×1.25
LAMR,1090425,LAMAR ADVERTISING COMPANY CLAS,gics_re,6798.0,
SPSC,1092699,SPS COMMERCE,gics_it,7372.0,2020-12-31×1.25;2023-12-31×1.25;2024-09-30×1.25
PLUG,1093691,PLUG POWER,gics_it,3620.0,2020-03-31×1.25;2021-03-31×1.25;2025-09-30×1.25;2026-03-31×1.25
BGC,1094831,BGC GROUP INC CLASS A,gics_fin,6200.0,2023-12-31×1.25;2024-03-31×0.8;2024-09-30×1.25
SAFE,1095651,SAFEHOLD INC,gics_re,6798.0,2020-03-31×1.25;2020-06-30×1.25;2020-12-31×1.25;2021-12-31×1.25;2022-09-30×1.25;2022-12-31×1.25;2023-03-31×1.5;2023-06-30×0.8;2023-09-30×1.5;2023-12-31×1.25;2024-09-30×1.25
EPC,1096752,EDGEWELL PERSONAL CARE,gics_staples,2844.0,2020-12-31×1.25
BFH,1101215,BREAD FINANCIAL HOLDINGS,gics_fin,6141.0,
ENTG,1101302,ENTEGRIS INC,gics_indu,3089.0,
NOG,1104485,NORTHERN OIL AND GAS,gics_energy,1311.0,2023-06-30×1.25;2023-12-31×1.25;2024-09-30×1.25;2026-06-30×1.25
INSM,1104506,"Insmed, Inc.",gics_health,2834.0,2020-12-31×1.25;2022-12-31×1.25;2023-12-31×1.25;2024-09-30×1.25;2024-12-31×1.25
MTRN,1104657,MATERION,gics_indu,3460.0,2020-12-31×1.25;2023-12-31×1.25
QLYS,1107843,Qualys Inc,gics_it,7372.0,2020-12-31×1.25;2022-06-30×1.25;2023-09-30×1.25;2023-12-31×1.25
CYH,1108109,Community Health Systems Inc,gics_health,8062.0,2021-06-30×1.5;2023-12-31×1.25
BBT,1108134,BEACON FINANCIAL,gics_fin,6036.0,2025-03-31×1.25;2025-09-30×2
TXNM,1108426,TXNM ENERGY INC,gics_util,4911.0,2020-12-31×1.25;2023-12-31×1.25;2024-09-30×1.25
HAFC,1109242,HANMI FINANCIAL CORP,gics_fin,6021.0,2025-06-30×1.25
BRKR,1109354,BRUKER,gics_it,3826.0,2024-09-30×1.25
ILMN,1110803,ILLUMINA INC,gics_it,3826.0,
VC,1111335,VISTEON,gics_discr,3714.0,
IPGP,1111928,IPG PHOTONICS CORP,gics_it,3674.0,
ACLS,1113232,AXCELIS TECHNOLOGIES,gics_indu,3559.0,2020-12-31×1.25;2023-12-31×1.25
ITGR,1114483,INTEGER HOLDINGS CORP,gics_health,3845.0,2020-12-31×1.25;2023-12-31×1.25
PI,1114995,IMPINJ,gics_it,3679.0,2020-12-31×1.25;2023-06-30×1.25
TTMI,1116942,TTM Technologies Inc,gics_it,3672.0,2020-12-31×1.25;2023-12-31×1.25
QNST,1117297,QUINSTREET INC,gics_indu,7389.0,2020-12-31×1.25;2023-12-31×1.25
NTGR,1122904,NETGEAR Inc,gics_it,3576.0,2020-12-31×1.25;2023-12-31×1.25
AVNT,1122976,AVIENT CORP,gics_mat,2821.0,2020-12-31×1.25;2023-12-31×1.25
FLR,1124198,FLUOR CORP,gics_indu,1600.0,2020-09-30×0.8;2021-09-30×1.25;2023-12-31×1.25;2024-09-30×1.25
LASR,1124796,NLIGHT,gics_it,3674.0,2020-12-31×1.25;2021-06-30×1.25;2023-12-31×1.25;2024-09-30×1.25;2026-06-30×1.25
ENSG,1125376,Ensign Group Inc/The,gics_health,8051.0,2020-12-31×1.25;2023-12-31×1.25;2024-09-30×1.25
SR,1126956,SPIRE INC,gics_util,4924.0,2020-12-31×1.25;2023-12-31×1.25;2024-09-30×1.25
CWBC,1127371,COMMUNITY WEST BANCSHARES,gics_fin,6022.0,2024-09-30×1.25;2026-06-30×1.5
HOPE,1128361,HOPE BANCORP INC,gics_fin,6021.0,2020-12-31×1.25;2024-12-31×1.25
FLO,1128928,FLOWERS FOODS INC,gics_staples,2000.0,
BKH,1130464,BLACK HILLS CORP,gics_util,4911.0,2020-12-31×1.25;2023-12-31×1.25
NXH,1130713,NEIGHBORHOOD INTELLIGENCE,gics_discr,5961.0,
SPWH,1132105,"Sportsman's Warehouse Holdings, Inc.",gics_discr,5940.0,2020-12-31×1.25
CIK1141103,1141103,Cross Country Healthcare Inc,gics_indu,7363.0,2020-12-31×1.25;2023-12-31×1.25
NXST,1142417,NEXSTAR MEDIA GROUP INC,gics_comm,4833.0,
AMN,1142750,AMN HEALTHCARE,gics_indu,7363.0,2020-12-31×1.25
AYI,1144215,ACUITY,gics_it,3640.0,
APLD,1144879,Applied Digital Corp.,gics_it,7374.0,2023-03-31×1.25;2023-12-31×1.5;2025-06-30×0.8;2025-12-31×1.25
ABG,1144980,ASBURY AUTOMOTIVE GROUP INC,gics_discr,5500.0,2020-12-31×1.25;2021-12-31×1.25;2023-12-31×1.25
LRN,1157408,STRIDE INC,gics_indu,8200.0,2023-12-31×1.25
AAOI,1158114,Applied Optoelectronics Inc,gics_it,3674.0,2020-12-31×1.25;2021-03-31×1.25;2025-12-31×1.25
CCOI,1158324,COGENT COMMUNICATIONS HOLDINGS INC,gics_comm,4899.0,2020-12-31×1.25;2023-12-31×1.25
AAP,1158449,ADVANCE AUTO PARTS INC,gics_discr,5531.0,
JBLU,1158463,JETBLUE AIRWAYS,gics_indu,4512.0,2020-12-31×1.25;2023-12-31×1.25;2024-09-30×0.8;2026-06-30×1.25
LMAT,1158895,LEMAITRE VASCULAR,gics_health,3841.0,2020-12-31×1.25;2023-12-31×1.25;2024-09-30×1.25
HALO,1159036,HALOZYME THERAPEUTICS,gics_health,2836.0,2023-12-31×1.25
MGEE,1161728,MGE ENERGY,gics_util,4900.0,2020-12-31×1.25
SPFI,1163668,SOUTH PLAINS FINANCIAL INC,gics_fin,6022.0,2020-12-31×1.25;2023-06-30×1.25;2023-12-31×1.25;2024-09-30×1.25;2026-06-30×1.25
NBR,1163739,NABORS INDUSTRIES,gics_energy,1381.0,
NPO,1164863,ENPRO,gics_indu,3050.0,2020-12-31×1.25;2023-12-31×1.25
XPO,1166003,XPO,gics_indu,4700.0,2021-03-31×1.25;2022-09-30×1.25
RIOT,1167419,RIOT PLATFORMS,gics_fin,6199.0,2022-03-31×1.25;2022-12-31×1.25;2024-09-30×1.5
CVLT,1169561,COMMVAULT SYSTEMS,gics_it,7372.0,2020-12-31×1.25;2023-12-31×1.25
BANC,1169770,BANC OF CALIFORNIA,gics_fin,6021.0,2020-12-31×1.25;2021-12-31×1.25;2024-03-31×1.25
RRGB,1171759,Red Robin Gourmet Burgers Inc,gics_discr,5812.0,2020-09-30×1.25;2020-12-31×1.25;2023-12-31×1.25
SAFT,1172052,SAFETY INSURANCE GROUP INC,gics_fin,6331.0,2024-09-30×1.25;2026-06-30×1.25
HY,1173514,HYSTER YALE INC CLASS A,gics_indu,3537.0,2023-12-31×1.25;2024-09-30×1.25
NIC,1174850,NICOLET BANKSHARES INC,gics_fin,6021.0,2020-12-31×1.25;2021-09-30×1.25;2021-12-31×1.25;2023-12-31×1.25;2024-09-30×1.25;2026-03-31×1.25
ARES,1176948,Ares Management Corp,gics_fin,6282.0,
SNX,1177394,TD SYNNEX,gics_discr,5045.0,2023-09-30×1.25;2024-03-31×1.25;2024-06-30×1.5
FIVE,1177609,FIVE BELOW,gics_discr,5331.0,
SAIA,1177702,Saia Inc,gics_indu,4213.0,2020-12-31×1.25
PFS,1178970,PROVIDENT FINANCIAL SERVICES INC,gics_fin,6035.0,2020-09-30×1.25;2020-12-31×1.25;2024-06-30×1.5;2024-09-30×1.5
HLF,1180262,HERBALIFE LTD,gics_discr,5122.0,
PRAA,1185348,PRA Group Inc.,gics_fin,6153.0,2020-12-31×1.25;2023-12-31×1.25
GKOS,1192448,GLAUKOS,gics_health,3841.0,2020-12-31×1.25;2023-12-31×1.25;2024-09-30×1.25
SGI,1206264,SOMNIGROUP INTERNATIONAL,gics_indu,2510.0,2020-12-31×4;2026-09-30×1.25
FA,1210677,FIRST ADVANTAGE,gics_it,7374.0,2021-12-31×2;2023-12-31×1.25;2024-12-31×1.25;2025-06-30×1.25;2026-09-30×1.25
WAL,1212545,WESTERN ALLIANCE,gics_fin,6022.0,
CDNA,1217234,CAREDX,gics_health,8071.0,
CCK,1219601,CROWN HOLDINGS INC,gics_indu,3411.0,
CNO,1224608,CNO FINANCIAL GROUP,gics_fin,6321.0,2020-12-31×1.25;2023-12-31×1.25
EQBK,1227500,EQUITY BANCSHARES INC CLASS A,gics_fin,6022.0,2020-12-31×1.25;2021-06-30×0.8;2022-12-31×1.25;2023-06-30×1.25;2023-12-31×1.25;2024-03-31×0.8;2024-09-30×1.25;2026-06-30×1.25
CMP,1227654,Compass Minerals International,gics_mat,1400.0,2020-12-31×1.25;2023-12-31×1.25
PIPR,1230245,PIPER SANDLER COMPANIES,gics_fin,6211.0,
JAZZ,1232524,JAZZ PHARMACEUTICALS PLC,gics_health,2834.0,
AHT,1232582,"Ashford Hospitality Trust, Inc.",gics_re,6798.0,2021-09-30×0.166667;2022-06-30×2
GMED,1237831,GLOBUS MEDICAL CLASS A,gics_health,3841.0,2023-09-30×1.5
ABR,1253986,ARBOR REALTY TRUST REIT,gics_re,6798.0,2020-12-31×1.25;2023-12-31×1.25
KRO,1257640,KRONOS WORLDWIDE,gics_mat,2810.0,2020-12-31×1.25;2023-12-31×1.25;2024-03-31×0.8
NNI,1258602,NELNET CLASS A,gics_fin,6141.0,2020-12-31×1.25;2022-06-30×0.8;2024-09-30×1.25;2025-12-31×0.8;2026-06-30×1.25
DOCU,1261333,DOCUSIGN,gics_it,7372.0,
UTI,1261654,UNIVERSAL TECHNICAL INSTITUTE,gics_indu,8200.0,2020-12-31×1.25;2022-06-30×0.8;2023-12-31×1.25;2024-03-31×1.25;2025-03-31×1.25
WLK,1262823,WESTLAKE CORP,gics_indu,2860.0,
CMPR,1262976,CIMPRESS PLC,gics_comm,2750.0,
HTH,1265131,HILLTOP HOLDINGS,gics_fin,6022.0,2020-12-31×1.25;2022-06-30×0.8;2022-09-30×0.8;2023-12-31×1.25;2024-09-30×1.25
COLL,1267565,COLLEGIUM PHARMACEUTICAL,gics_health,2834.0,2020-12-31×1.25
AGO,1273813,ASSURED GUARANTY LTD,gics_fin,6351.0,
UCTT,1275014,ULTRA CLEAN HOLDINGS INC,gics_it,3674.0,2020-12-31×1.25;2023-12-31×1.25
FSBC,1275168,FIVE STAR BANCORP,gics_fin,6022.0,2022-12-31×1.25;2023-06-30×1.25;2023-12-31×1.25;2024-09-30×1.5
GNW,1276520,GENWORTH FINANCIAL INC,gics_fin,6311.0,2020-12-31×1.25
BGS,1278027,B AND G FOODS INC,gics_staples,2000.0,
BLKB,1280058,BLACKBAUD,gics_it,7372.0,2020-12-31×1.25;2021-09-30×0.8;2023-12-31×1.25
AMBA,1280263,AMBARELLA,gics_it,3674.0,
NEU,1282637,NEWMARKET,gics_indu,2860.0,
CNS,1284812,COHEN & STEERS INC,gics_fin,6282.0,2020-12-31×1.25;2023-12-31×1.25;2024-03-31×0.8;2024-09-30×1.25
KRG,1286043,Kite Realty Group Trust,gics_re,6798.0,2020-12-31×1.25;2023-12-31×1.25
LZ,1286139,LEGALZOOM COM,gics_it,7374.0,2023-06-30×1.25;2023-12-31×1.25;2024-09-30×1.25;2025-06-30×0.8
MPT,1287865,MEDICAL PROPERTIES TRUST REIT,gics_re,6798.0,2025-09-30×0.8
MXL,1288469,MAXLINEAR,gics_it,3674.0,2023-12-31×1.25;2024-09-30×1.25
FIVN,1288847,FIVE9,gics_it,7374.0,
ENS,1289308,ENERSYS,gics_it,3690.0,2020-12-31×1.25;2023-12-31×1.25
MORN,1289419,MORNINGSTAR,gics_fin,6282.0,
TXRH,1289460,TEXAS ROADHOUSE INC,gics_discr,5812.0,2020-12-31×1.25
HURN,1289848,HURON CONSULTING GROUP,gics_indu,8742.0,2020-12-31×1.25;2023-12-31×1.25
TPB,1290677,TURNING POINT BRANDS,gics_staples,2100.0,2020-09-30×1.5;2020-12-31×1.25;2021-06-30×1.25;2023-06-30×1.25;2023-12-31×1.25
TBBK,1295401,BANCORP INC,gics_fin,6021.0,2020-12-31×1.25;2021-09-30×0.666667;2022-06-30×1.25;2022-09-30×1.25;2023-06-30×1.5;2023-12-31×1.25;2024-09-30×1.25;2025-12-31×1.25;2026-03-31×1.25;2026-06-30×0.8;2026-09-30×0.8
SHO,1295810,SUNSTONE HOTEL INVESTORS REIT INC,gics_discr,7011.0,2020-06-30×0.8;2020-12-31×1.25;2022-12-31×1.25;2023-12-31×1.25
PBH,1295947,PRESTIGE CONSUMER HEALTHCARE,gics_health,2834.0,2020-12-31×1.25;2023-12-31×1.25
ORA,1296445,ORMAT TECH INC,gics_util,4911.0,2020-12-31×1.25;2022-12-31×1.25;2023-12-31×1.25
EXLS,1297989,ExlService Holdings Inc,gics_indu,7389.0,2020-12-31×1.25;2023-09-30×5;2023-12-31×1.25
CUBE,1298675,CUBESMART REIT,gics_re,6798.0,
DRH,1298946,DIAMONDROCK HOSPITALITY,gics_re,6798.0,2023-12-31×1.25
AX,1299709,AXOS FINANCIAL,gics_fin,6035.0,
BXC,1301787,BLUELINX HOLDINGS,gics_discr,5031.0,
HLI,1302215,HOULIHAN LOKEY CLASS A,gics_fin,6282.0,2020-09-30×1.25;2020-12-31×1.25
CE,1306830,CELANESE CORP,gics_mat,2820.0,
IVT,1307748,INVENTRUST PROPERTIES,gics_re,6798.0,2023-12-31×1.25;2024-12-31×1.25
HUN,1307954,HUNTSMAN CORP,gics_mat,2800.0,
ULH,1308208,UNIVERSAL LOGISTICS HOLDINGS INC,gics_indu,4213.0,2020-12-31×1.25;2021-09-30×0.8;2023-12-31×1.25;2024-09-30×1.25
DLB,1308547,DOLBY LABORATORIES CLASS A,gics_fin,6794.0,
WEX,1309108,WEX,gics_indu,7389.0,
GPRE,1309402,Green Plains Inc,gics_indu,2860.0,2020-12-31×1.25;2021-09-30×1.25;2022-09-30×1.25;2024-06-30×1.25;2024-09-30×1.25
LAZ,1311370,LAZARD,gics_fin,6282.0,
SONO,1314727,SONOS,gics_it,3651.0,2020-12-31×1.25;2023-12-31×1.25;2026-09-30×0.8
KOP,1315257,KOPPERS HOLDINGS INC,gics_indu,2400.0,2020-12-31×1.25;2023-12-31×1.25;2024-09-30×1.25
WMG,1319161,WARNER MUSIC GROUP CLASS A,gics_discr,7900.0,
DBI,1319947,Designer Brands Inc,gics_discr,5661.0,2020-12-31×1.25;2024-09-30×1.25
CPS,1320461,Cooper-Standard Holdings Inc,gics_discr,3714.0,2023-12-31×1.25
PEN,1321732,PENUMBRA,gics_health,3841.0,
ATRC,1323885,ATRICURE,gics_health,3841.0,2020-12-31×1.25;2023-12-31×1.25;2024-09-30×1.25
RBC,1324948,RBC BEARINGS,gics_indu,3562.0,2020-12-31×1.25
GME,1326380,GameStop Corp,gics_discr,5734.0,2020-09-30×0.8;2022-09-30×4;2024-09-30×1.5
BCC,1328581,BOISE CASCADE,gics_discr,5030.0,2020-12-31×1.25;2023-12-31×1.25
HOMB,1331520,HOME BANCSHARES INC,gics_fin,6022.0,
FNF,1331875,FIDELITY NATIONAL FINANCIAL INC,gics_fin,6361.0,2023-12-31×1.5;2024-06-30×1.5
BKD,1332349,BROOKDALE SENIOR LIVING INC,gics_health,8050.0,2023-12-31×1.25;2024-09-30×1.25
MERC,1333274,Mercer International Inc,gics_mat,2611.0,
EQH,1333986,EQUITABLE HOLDINGS,gics_fin,6411.0,2026-06-30×1.25
CROX,1334036,Crocs Inc,gics_indu,3021.0,2020-12-31×1.25
UEC,1334933,URANIUM ENERGY,gics_mat,1090.0,2021-12-31×1.25;2022-12-31×1.25;2023-12-31×1.25;2024-09-30×1.25;2025-12-31×1.25
CCO,1334978,CLEAR CHANNEL OUTDOOR HOLDINGS INC,gics_indu,7310.0,2023-12-31×1.25
UA,1336917,UNDER ARMOUR INC CLASS C,gics_discr,2300.0,2024-09-30×0.8
BWB,1341317,BRIDGEWATER BANCSHARES INC,gics_fin,6022.0,2020-06-30×0.8;2020-12-31×1.25;2023-06-30×1.25;2023-12-31×1.25;2024-03-31×0.8
CELH,1341766,Celsius Holdings Inc,gics_staples,2086.0,2020-03-31×1.25;2021-06-30×1.25;2021-09-30×1.25;2023-09-30×1.25;2023-12-31×3;2026-09-30×1.25
YELP,1345016,YELP,gics_discr,7200.0,2023-12-31×1.25
CODI,1345126,COMPASS DIVERSIFIED,gics_indu,2510.0,2023-12-31×1.25;2024-09-30×1.25
MWA,1350593,MUELLER WATER PRODUCTS SERIES A,gics_indu,3490.0,2020-12-31×1.25;2023-12-31×1.25
ATEC,1350653,ALPHATEC HOLDNGS,gics_health,3841.0,2021-06-30×1.25;2023-12-31×1.25;2024-09-30×1.25
SUPN,1356576,SUPERNUS PHARMACEUTICALS,gics_health,2834.0,2020-12-31×1.25;2023-12-31×1.25;2024-09-30×1.25
KBR,1357615,KBR INC,gics_indu,1600.0,2020-12-31×1.25
HROW,1360214,HARROW,gics_health,2834.0,2020-12-31×1.25;2023-09-30×1.25;2023-12-31×1.25
HR,1360604,HEALTHCARE REALTY TRUST INC CLASS,gics_re,6798.0,2020-12-31×1.25;2022-09-30×2.5
EVR,1360901,EVERCORE CLASS A,gics_fin,6282.0,
VRNS,1361113,VARONIS SYSTEMS,gics_it,7372.0,2020-12-31×1.25;2023-12-31×1.25;2024-09-30×1.25
PRIM,1361538,PRIMORIS SERVICES,gics_indu,1623.0,2020-12-31×1.25;2023-12-31×1.25;2024-09-30×1.25
TNL,1361658,TRAVEL LEISURE,gics_discr,7011.0,
ICFI,1362004,ICF INTERNATIONAL,gics_indu,8742.0,2020-12-31×1.25;2023-12-31×1.25
ALGT,1362468,ALLEGIANT TRAVEL,gics_indu,4512.0,2020-12-31×1.25;2023-12-31×1.25
DEI,1364250,DOUGLAS EMMETT REIT,gics_re,6798.0,2023-09-30×1.5;2023-12-31×1.25;2024-12-31×1.25
HRI,1364479,HERC HOLDINGS,gics_indu,7350.0,2023-06-30×1.25;2023-12-31×1.25
WU,1365135,WESTERN UNION,gics_indu,7389.0,2023-03-31×0.8;2026-06-30×1.5
GSAT,1366868,"Globalstar, Inc.",gics_comm,4899.0,2023-12-31×1.25;2025-03-31×0.0666667
SBH,1368458,SALLY BEAUTY HOLDINGS,gics_discr,5990.0,2020-12-31×1.25;2023-12-31×1.25
ADMA,1368514,ADMA BIOLOGICS,gics_health,2836.0,2020-03-31×1.5;2020-12-31×1.25;2023-12-31×1.25
AVAV,1368622,AeroVironment Inc,gics_indu,3721.0,2020-12-31×1.25;2022-09-30×1.25;2023-12-31×1.25;2025-09-30×1.25;2025-12-31×1.25;2026-09-30×1.25
CIK1369568,1369568,CATALYST PHARMACEUTICALS INC,gics_health,2834.0,2020-12-31×1.25;2023-12-31×1.25
WLDN,1370450,WILLDAN GROUP,gics_indu,8711.0,2023-06-30×1.25;2023-12-31×1.25;2024-09-30×1.25
ETSY,1370637,ETSY,gics_indu,7389.0,
OC,1370946,OWENS CORNING,gics_indu,3290.0,
TRUP,1371285,TRUPANION,gics_fin,6324.0,2020-12-31×1.25;2021-06-30×1.25;2023-12-31×1.25;2024-03-31×0.8
BOX,1372612,BOX INC CLASS A,gics_it,7372.0,2020-12-31×1.25;2023-12-31×1.25
GRBK,1373670,GREEN BRICK PARTNERS,gics_indu,1531.0,2020-06-30×0.8;2020-12-31×1.25;2021-03-31×1.25;2023-12-31×1.25;2024-09-30×1.25
CVI,1376139,CVR ENERGY INC,gics_energy,2911.0,2020-12-31×1.25;2023-12-31×1.25;2024-09-30×1.25;2025-06-30×0.8;2025-09-30×0.8
PTGX,1377121,PROTAGONIST THERAPEUTICS,gics_health,2834.0,2020-09-30×1.25;2020-12-31×1.25;2021-03-31×1.25;2023-06-30×1.25;2023-12-31×1.25;2024-09-30×1.25
EIG,1379041,EMPLOYERS HOLDINGS,gics_fin,6331.0,2026-03-31×0.8
VCYT,1384101,VERACYTE,gics_health,8071.0,2020-09-30×1.25;2020-12-31×1.25;2021-03-31×1.25;2023-12-31×1.25;2024-09-30×1.25
RNG,1384905,RINGCENTRAL INC CLASS A,gics_it,7374.0,
CNK,1385280,CINEMARK HOLDINGS INC,gics_comm,7830.0,2023-12-31×1.25
UUUU,1385849,ENERGY FUELS,gics_mat,1400.0,2023-12-31×1.25;2024-09-30×1.25;2026-06-30×1.25
GDOT,1386278,Green Dot Corp,gics_fin,6199.0,2025-03-31×1.25;2025-06-30×1.25
NAGE,1386570,NIAGEN BIOSCIENCE INC,gics_health,2833.0,2020-12-31×1.25;2024-09-30×1.25;2024-12-31×1.25
IRTC,1388658,IRHYTHM HOLDINGS INC,gics_health,3841.0,2020-12-31×1.25;2023-12-31×1.25;2024-09-30×1.25
AROC,1389050,ARCHROCK,gics_util,4922.0,2023-12-31×1.25;2024-09-30×1.25
OCUL,1393434,OCULAR THERAPEUTIX,gics_health,2834.0,2020-09-30×1.25;2023-12-31×1.25;2024-09-30×1.5;2025-06-30×0.8;2025-12-31×1.25;2026-06-30×1.25
TIPT,1393726,TIPTREE INC,gics_fin,6331.0,2020-12-31×1.25;2021-06-30×0.8;2023-12-31×1.25;2024-09-30×1.25;2026-06-30×1.25
SNDX,1395937,SYNDAX PHARMACEUTICALS,gics_health,2834.0,2020-06-30×1.25;2020-12-31×1.25;2021-03-31×1.25;2021-06-30×1.5;2023-06-30×1.25;2023-12-31×1.25;2024-09-30×1.25
OPLN,1395942,OPENLANE,gics_discr,5500.0,2020-12-31×1.25;2023-12-31×1.25
PCRX,1396814,PACIRA BIOSCIENCES,gics_health,2834.0,2020-12-31×1.25;2023-12-31×1.25
G,1398659,GENPACT,gics_indu,8742.0,2026-09-30×1.25
HCI,1400810,HCI GROUP INC,gics_fin,6331.0,2020-12-31×1.25;2021-12-31×1.25;2022-06-30×1.25;2023-09-30×0.8;2024-03-31×1.25;2024-09-30×1.25;2025-09-30×1.25
IHRT,1400891,IHEARTMEDIA CLASS A,gics_comm,4832.0,2020-12-31×1.25
HUBS,1404655,HUBSPOT,gics_it,7372.0,
IDCC,1405495,InterDigital Inc,gics_fin,6794.0,2020-12-31×1.25;2023-12-31×1.25
FOR,1406587,FORESTAR GROUP INC,gics_re,6500.0,2020-03-31×1.25;2023-12-31×1.25;2024-09-30×1.25
CALX,1406666,CALIX NETWORKS,gics_comm,4899.0,2023-12-31×1.25
GPK,1408075,GRAPHIC PACKAGING HOLDING,gics_mat,2650.0,
CIK1408100,1408100,Kennedy-Wilson Holdings Inc,gics_re,6500.0,2020-12-31×1.25;2023-12-31×1.25
FN,1408710,Fabrinet,gics_it,3661.0,2023-12-31×1.25
TITN,1409171,TITAN MACHINERY INC,gics_discr,5990.0,2023-12-31×1.25
HAPN,1409970,HAPPEN,gics_fin,6141.0,2021-06-30×1.25;2023-12-31×1.25;2024-03-31×0.8
CRMD,1410098,CORMEDIX,gics_health,2834.0,2020-12-31×1.25;2021-03-31×1.25;2023-09-30×1.25;2023-12-31×1.25;2024-12-31×1.25
QTWO,1410384,Q2 HOLDINGS INC,gics_it,7372.0,2020-12-31×1.25;2023-12-31×1.25;2024-09-30×1.25
ALSN,1411207,ALLISON TRANSMISSION HOLDINGS,gics_discr,3714.0,
EFC,1411342,ELLINGTON FINANCIAL,gics_re,6500.0,2020-12-31×1.25;2021-09-30×1.25;2021-12-31×1.25;2023-12-31×1.25;2024-09-30×1.25;2026-03-31×1.25
AMC,1411579,AMC ENTERTAINMENT HOLDINGS INC CLA,gics_comm,7830.0,2020-12-31×1.5;2021-09-30×1.25;2025-03-31×1.25;2025-12-31×1.25
PHR,1412408,PHREESIA,gics_indu,7389.0,2020-03-31×2.5;2021-09-30×1.25;2023-12-31×1.25;2024-09-30×1.25
ECHO,1415404,EchoStar Corp,gics_comm,4899.0,2023-12-31×1.25
APLE,1418121,APPLE HOSPITALITY REIT INC,gics_re,6798.0,2023-12-31×1.25;2024-09-30×1.25
IRDM,1418819,IRIDIUM COMMUNICATIONS,gics_comm,4899.0,2020-09-30×1.25;2020-12-31×1.25
SEDG,1419612,SOLAREDGE TECHNOLOGIES,gics_it,3674.0,
ENOV,1420800,ENOVIS CORP,gics_health,3842.0,
NX,1423221,QUANEX BUILDING PRODUCTS CORP,gics_mat,3350.0,2020-12-31×1.25;2023-12-31×1.25;2024-09-30×1.5
AGNC,1423689,AGNC INVESTMENT REIT,gics_re,6798.0,
BNL,1424182,BROADSTONE NET LEASE,gics_re,6798.0,2023-06-30×1.25;2023-12-31×1.25
FOXF,1424929,FOX FACTORY HOLDING,gics_indu,3751.0,2020-12-31×1.25;2023-12-31×1.25
HQY,1428336,HEALTHEQUITY,gics_indu,7389.0,2020-12-31×1.25;2023-12-31×1.25
ROKU,1428439,ROKU CLASS A,gics_comm,4841.0,
SFBS,1430723,SERVISFIRST BANCSHARES INC,gics_fin,6022.0,2020-12-31×1.25;2023-12-31×1.25;2026-09-30×2
APPF,1433195,APPFOLIO CLASS A,gics_it,7372.0,2020-12-31×1.25;2023-12-31×1.25
AR,1433270,ANTERO RESOURCES,gics_energy,1311.0,
HLNE,1433642,HAMILTON LANE CLASS A,gics_fin,6282.0,2020-09-30×1.5;2020-12-31×1.25;2023-12-31×1.25;2024-09-30×1.25
JBTM,1433660,JBT MAREL,gics_indu,3550.0,2020-12-31×1.25;2023-12-31×1.25;2024-12-31×1.5;2025-03-31×1.5
LOPE,1434588,GRAND CANYON EDUCATION INC,gics_indu,8200.0,2022-06-30×0.8
TREE,1434621,LendingTree Inc,gics_fin,6163.0,2020-12-31×1.5;2022-12-31×1.25;2023-03-31×0.8;2023-06-30×1.25;2024-03-31×0.8
ARDX,1437402,ARDELYX,gics_health,2834.0,2020-03-31×1.25;2020-12-31×1.25;2023-12-31×1.25
BFAM,1437578,BRIGHT HORIZONS FAMILY SOLUTIONS,gics_indu,8351.0,
CCB,1437958,COASTAL FINANCIAL CORP,gics_fin,6022.0,2023-12-31×1.25;2024-03-31×0.8;2024-09-30×1.25
TNDM,1438133,TANDEM DIABETES CARE,gics_health,3841.0,2024-09-30×1.25
TVTX,1438533,TRAVERE THERAPEUTICS,gics_health,2834.0,2021-03-31×1.25;2023-06-30×1.25;2023-12-31×1.25
AGIO,1439222,AGIOS PHARMACEUTICALS,gics_health,2834.0,2023-12-31×1.25;2024-09-30×1.25
ZWS,1439288,ZURN ELKAY WATER SOLUTIONS CORP,gics_indu,3560.0,2023-06-30×1.25;2023-12-31×1.25
CLW,1441236,Clearwater Paper Corp,gics_mat,2631.0,2020-12-31×1.25
BAH,1443646,BOOZ ALLEN HAMILTON HOLDING CLASS,gics_indu,8742.0,
PRLB,1443669,PROTO LABS,gics_indu,3440.0,2020-12-31×1.25;2023-12-31×1.25
WK,1445305,WORKIVA CLASS A,gics_it,7372.0,2023-12-31×1.25;2024-09-30×1.25
TWLO,1447669,TWILIO CLASS A,gics_it,7372.0,
ESNT,1448893,ESSENT GROUP,gics_fin,6351.0,2026-09-30×0.8
RIG,1451505,TRANSOCEAN,gics_energy,1381.0,
SITM,1451809,SiTime Corp,gics_it,3674.0,2020-12-31×1.25;2021-03-31×1.25;2021-12-31×1.25;2023-12-31×1.25;2024-09-30×1.25
TEAD,1454938,Teads Holding Co.,gics_it,7370.0,2022-03-31×2.5;2023-12-31×1.25
ALRM,1459200,ALARM.COM HOLDINGS,gics_it,7372.0,2022-09-30×1.25;2023-12-31×1.25
SIBN,1459839,SI BONE,gics_health,3841.0,2020-06-30×1.25;2020-12-31×1.25;2023-12-31×1.25;2024-09-30×1.25;2025-06-30×0.8;2026-06-30×1.25
LOB,1462120,LIVE OAK BANCSHARES,gics_fin,6022.0,2023-06-30×1.25;2023-12-31×1.25;2024-03-31×0.8;2024-09-30×1.25
ATLC,1464343,ATLANTICUS HOLDINGS CORP,gics_fin,6141.0,2021-06-30×1.25;2023-12-31×1.25;2024-09-30×1.25
PMT,1464423,PENNYMAC MORTGAGE INVESTMENT TRUST,gics_re,6798.0,2020-12-31×1.25;2023-12-31×1.25;2024-09-30×1.25;2026-06-30×1.25
STWD,1465128,STARWOOD PROPERTY TRUST REIT INC,gics_re,6798.0,
MSBI,1466026,MIDLAND STATES BANCORP INC,gics_fin,6022.0,2020-12-31×1.25;2023-12-31×1.25
IRT,1466085,Independence Realty Trust Inc,gics_re,6798.0,2020-12-31×1.25;2023-12-31×1.25
OTTR,1466593,OTTER TAIL,gics_util,4911.0,2020-12-31×1.25;2023-12-31×1.25;2025-06-30×0.8
DBX,1467623,DROPBOX INC CLASS A,gics_it,7372.0,
ARI,1467760,"Apollo Commercial Real Estate Finance, Inc.",gics_re,6798.0,2023-12-31×1.25
H,1468174,HYATT HOTELS CORP CLASS A,gics_discr,7011.0,
ADUS,1468328,ADDUS HOMECARE CORP,gics_health,8082.0,2020-12-31×1.25;2023-12-31×1.25;2024-09-30×1.25
RUN,1469367,SUNRUN INC,gics_indu,1700.0,2020-12-31×1.5;2021-09-30×1.25;2024-06-30×3
NWBI,1471265,NORTHWEST BANCSHARES INC,gics_fin,6021.0,2020-06-30×1.25
FAF,1472787,FIRST AMERICAN FINANCIAL CORP,gics_fin,6361.0,
PEB,1474098,PEBBLEBROOK HOTEL TRUST REIT,gics_re,6798.0,2020-12-31×1.25;2023-12-31×1.25;2024-09-30×1.25
P,1474432,EVERPURE INC,gics_it,3572.0,
NBHC,1475841,NATIONAL BANK HOLDINGS CORP CLASS,gics_fin,6021.0,2022-12-31×1.25;2023-12-31×1.25;2024-12-31×1.25;2026-06-30×1.25
PRI,1475922,PRIMERICA,gics_fin,6311.0,
MCB,1476034,METROPOLITAN BANK HOLDING CORP,gics_fin,6022.0,2020-12-31×1.25;2021-12-31×1.25;2023-12-31×1.25;2024-03-31×0.8;2024-09-30×1.25;2025-06-30×0.8;2026-06-30×1.25
TRNO,1476150,TERRENO REALTY REIT,gics_re,6500.0,2020-12-31×1.25;2023-12-31×1.25;2024-09-30×1.25
PECO,1476204,PHILLIPS EDISON AND COMPANY,gics_re,6798.0,
ST,1477294,SENSATA TECHNOLOGIES HOLDING PLC,gics_it,3823.0,
TDOC,1477449,TELADOC HEALTH INC,gics_health,8011.0,
ASAN,1477720,ASANA CLASS A,gics_it,7372.0,2023-06-30×1.25;2023-12-31×1.25;2026-06-30×1.25
SG,1477815,SWEETGREEN CLASS A,gics_discr,5812.0,2023-12-31×1.25
ADPT,1478320,ADAPTIVE BIOTECHNOLOGIES,gics_health,2836.0,2023-12-31×1.25;2024-09-30×1.25;2025-06-30×1.25
STAG,1479094,STAG INDUSTRIAL REIT,gics_re,6798.0,2020-12-31×1.25
RYZ,1481582,RYERSON HOLDING,gics_discr,5051.0,2023-06-30×1.25;2023-12-31×1.25;2026-03-31×1.5
QUAD,1481792,QUAD GRAPHICS INC CLASS A,gics_comm,2750.0,2020-03-31×1.25;2020-12-31×1.25;2022-06-30×0.8;2023-12-31×1.25;2026-06-30×1.25
HPP,1482512,Hudson Pacific Properties Inc,gics_re,6500.0,2025-06-30×2;2025-09-30×1.25
COCO,1482981,THE VITA COCO COMPANY,gics_staples,2080.0,2023-12-31×1.25;2024-03-31×1.25;2024-09-30×1.25
CHRD,1486159,CHORD ENERGY,gics_energy,1311.0,2023-12-31×1.25;2024-06-30×1.5
BWXT,1486957,BWX TECHNOLOGIES INC,gics_indu,3510.0,
AMRC,1488139,AMERESCO INC CLASS A,gics_indu,1700.0,2020-12-31×1.25;2021-06-30×1.25;2023-12-31×1.25
CUBI,1488813,CUSTOMERS BANCORP,gics_fin,6022.0,2024-09-30×1.25
CFFN,1490906,CAPITOL FEDERAL FINANCIAL INC,gics_fin,6035.0,2023-12-31×1.25
SDGR,1490978,SCHRODINGER INC,gics_health,2834.0,2020-09-30×2;2021-06-30×1.5;2022-06-30×1.25;2023-12-31×1.25;2024-09-30×1.25
SBRA,1492298,SABRA HEALTH CARE REIT,gics_re,6798.0,2020-12-31×1.25;2023-12-31×1.25
KNX,1492691,KNIGHT-SWIFT TRANSPORTATION HOLDIN,gics_indu,4213.0,2021-09-30×1.25
CIK1493225,1493225,Northfield Bancorp Inc,gics_fin,6035.0,2020-12-31×1.25;2024-09-30×1.25;2026-06-30×1.25
MTSI,1493594,MACOM TECHNOLOGY SOLUTIONS,gics_it,3674.0,2023-12-31×1.25
CARG,1494259,CARGURUS CLASS A,gics_it,7374.0,2020-12-31×1.25;2023-12-31×1.25;2024-06-30×0.8
AGNT,1495932,AGNT,gics_re,6531.0,2020-12-31×1.25;2021-03-31×2;2021-06-30×1.25;2023-12-31×1.25;2024-09-30×1.25;2026-06-30×1.25
WD,1497770,WALKER & DUNLOP INC,gics_fin,6199.0,
AAT,1500217,AMERICAN ASSETS TRUST REIT,gics_re,6798.0,2020-12-31×1.25;2023-12-31×1.25
BKU,1504008,BANKUNITED,gics_fin,6035.0,
WRBY,1504776,WARBY PARKER CLASS A,gics_health,3851.0,2023-12-31×1.25;2024-09-30×1.25
PINS,1506293,PINTEREST CLASS A,gics_it,7370.0,2026-06-30×0.8
FND,1507079,FLOOR DECOR HOLDINGS CLASS A,gics_discr,5211.0,
MARA,1507605,MARA HOLDINGS,gics_fin,6199.0,2024-09-30×1.5;2025-03-31×1.25
KOS,1509991,KOSMOS ENERGY,gics_energy,1311.0,2023-12-31×1.25;2024-09-30×1.25;2026-06-30×1.25
RLJ,1511337,RLJ LODGING TRUST REIT,gics_re,6798.0,2023-12-31×1.25
MITT,1514281,TPG MORTGAGE INVESTMENT TRUST INC,gics_re,6798.0,
SXC,1514705,SunCoke Energy Inc,gics_mat,3312.0,2020-12-31×1.25;2023-12-31×1.25;2024-09-30×1.25
AMCX,1514991,AMC Networks Inc,gics_comm,4841.0,2020-12-31×0.8;2023-12-31×1.25;2024-09-30×1.25
RARE,1515673,ULTRAGENYX PHARMACEUTICAL,gics_health,2834.0,
DOCS,1516513,DOXIMITY CLASS A,gics_it,7371.0,
OBK,1516912,ORIGIN BANCORP INC,gics_fin,6022.0,2020-12-31×1.25;2023-06-30×1.5;2023-12-31×1.25;2024-03-31×0.8;2024-09-30×1.25
AKBA,1517022,AKEBIA THERAPEUTICS INC,gics_health,2834.0,2020-12-31×1.25
CHEF,1517175,CHEFS WAREHOUSE INC,gics_discr,5141.0,2020-06-30×1.25;2020-09-30×1.25;2023-12-31×1.25
VISN,1517228,VISTANCE NETWORKS INC,gics_it,3663.0,2023-12-31×1.25
APAM,1517302,ARTISAN PARTNERS ASSET MANAGEMENT,gics_fin,6282.0,2020-12-31×1.25;2023-09-30×2;2023-12-31×1.25;2024-09-30×1.25
SPT,1517375,SPROUT SOCIAL CLASS A,gics_it,7372.0,2020-06-30×0.8;2020-12-31×1.25;2023-12-31×1.25;2024-09-30×1.25
FSLY,1517413,FASTLY CLASS A,gics_it,7372.0,2023-12-31×1.25;2024-09-30×1.25;2026-06-30×1.25
MCHB,1518715,HomeStreet Inc,gics_fin,6022.0,2023-12-31×1.5;2024-03-31×0.8;2024-09-30×1.25;2025-06-30×0.8
SKWD,1519449,SKYWARD SPECIALTY INSURANCE GROUP,gics_fin,6331.0,2023-06-30×1.25;2023-12-31×1.25;2024-09-30×1.5;2026-06-30×1.25
FBIN,1519751,FORTUNE BRANDS INNOVATIONS,gics_indu,2430.0,
MTDR,1520006,Matador Resources Co,gics_energy,1311.0,2020-12-31×1.25;2023-12-31×1.25
ALKS,1520262,ALKERMES,gics_health,2834.0,2026-09-30×1.25
ACHC,1520697,ACADIA HEALTHCARE COMPANY,gics_health,8093.0,
LNTH,1521036,Lantheus Holdings Inc,gics_health,2835.0,2020-06-30×1.25;2020-09-30×1.25;2020-12-31×1.25;2023-12-31×1.25
MQ,1522540,MARQETA CLASS A,gics_it,7372.0,2023-06-30×1.25;2025-06-30×0.8;2026-09-30×0.25
VAC,1524358,MARRIOTT VACATIONS WORLDWIDE,gics_re,6531.0,2020-12-31×1.25;2025-09-30×0.8
VTOL,1525221,BRISTOW GROUP,gics_indu,4522.0,2020-12-31×1.25;2023-12-31×1.25;2024-09-30×1.25
PLAY,1525769,DAVE AND BUSTERS ENTERTAINMENT,gics_discr,5812.0,
GNL,1526113,GLOBAL NET LEASE INC,gics_re,6798.0,2020-12-31×1.25;2023-09-30×2;2023-12-31×1.25;2024-09-30×1.25
TRIP,1526520,TRIPADVISOR,gics_it,7370.0,
CG,1527166,CARLYLE GROUP INC,gics_fin,6282.0,2025-09-30×1.25
RC,1527590,Ready Capital Corp,gics_re,6798.0,2020-12-31×1.25;2021-03-31×1.5;2022-03-31×1.25;2022-06-30×1.25;2022-09-30×1.5;2023-06-30×1.5;2023-12-31×1.25;2024-09-30×1.25
GWRE,1528396,GUIDEWIRE SOFTWARE,gics_it,7372.0,
RH,1528849,RH,gics_discr,5712.0,2020-12-31×1.25;2022-09-30×1.25
ALKT,1529274,ALKAMI TECHNOLOGY,gics_it,7372.0,2022-06-30×1.25;2023-06-30×1.25;2023-12-31×1.25;2024-09-30×1.25;2024-12-31×1.25
ENVA,1529864,ENOVA INTERNATIONAL,gics_fin,6141.0,2020-06-30×0.8;2020-12-31×1.25;2022-06-30×0.8
CPRI,1530721,CAPRI HOLDINGS LTD,gics_indu,3100.0,
TROX,1530804,TRONOX HOLDINGS PLC,gics_mat,2810.0,
POST,1530950,POST HOLDINGS,gics_staples,2040.0,
BJ,1531152,BJS WHOLESALE CLUB HOLDINGS,gics_discr,5331.0,2020-12-31×1.25
PBF,1534504,PBF Energy Inc,gics_energy,2911.0,2020-12-31×1.25;2022-09-30×1.25;2023-03-31×1.25;2025-06-30×0.8;2025-09-30×0.8;2026-06-30×1.25;2026-09-30×1.25
TGLS,1534675,TECNOGLASS HOLDINGS,gics_indu,3211.0,
VOYA,1535929,VOYA FINANCIAL,gics_fin,6311.0,
GOGO,1537054,Gogo Inc,gics_comm,4899.0,2020-12-31×1.25;2022-06-30×0.8;2022-12-31×1.5;2023-06-30×1.5;2025-09-30×1.25
IBTA,1538379,IBOTTA CLASS A,gics_indu,7310.0,2025-06-30×0.8;2026-03-31×0.8
TFIN,1539638,TRIUMPH FINANCIAL,gics_fin,6022.0,2020-12-31×1.25;2023-12-31×1.25
ESRT,1541401,EMPIRE STATE REALTY REIT CLASS A,gics_re,6798.0,2023-12-31×1.25
FRSH,1544522,FRESHWORKS CLASS A,gics_it,7372.0,2023-12-31×1.25;2024-09-30×1.5
BLMN,1546417,Bloomin' Brands Inc,gics_discr,5812.0,2020-12-31×1.25;2022-09-30×1.25;2023-12-31×1.25;2024-09-30×0.8
NGVC,1547459,NATURAL GROCERS BY VITAMIN COTTAGE,gics_staples,5411.0,2020-12-31×1.25;2022-03-31×0.8;2023-06-30×1.25;2023-12-31×1.25;2024-09-30×1.25;2025-06-30×1.25
NMIH,1547903,NMI HOLDINGS,gics_fin,6351.0,2020-06-30×1.25;2020-09-30×1.25;2020-12-31×1.25;2023-12-31×1.25
NRIX,1549595,NURIX THERAPEUTICS,gics_health,2834.0,2020-12-31×1.25;2021-03-31×2;2021-06-30×1.25;2022-06-30×1.5;2023-12-31×1.25;2024-09-30×1.5;2024-12-31×1.25
PGNY,1551306,PROGYNY,gics_health,8090.0,2020-12-31×1.25;2021-09-30×2;2022-06-30×1.25;2023-12-31×1.25;2024-09-30×1.25;2025-06-30×0.8
TRU,1552033,TRANSUNION,gics_indu,7320.0,
RITM,1556593,RITHM CAPITAL,gics_re,6798.0,
EVTC,1559865,EVERTEC INC,gics_it,7374.0,2022-09-30×1.25;2023-06-30×1.25;2023-12-31×1.25
RPD,1560327,RAPID7,gics_it,7372.0,2020-12-31×1.25;2023-12-31×1.25;2024-09-30×1.25
HASI,1561894,HA SUSTAINABLE INFRASTRUCTURE CAPI,gics_fin,6799.0,2020-12-31×1.25;2023-06-30×1.25;2023-12-31×1.25;2024-09-30×1.25
DUOL,1562088,DUOLINGO CLASS A,gics_it,7372.0,2023-06-30×1.25;2023-12-31×1.25
AMH,1562401,AMERICAN HOMES RENT REIT CLASS A,gics_re,6798.0,
INBK,1562463,FIRST INTERNET BANCORP,gics_fin,6022.0,2021-06-30×0.8;2025-06-30×0.8
CIK1562476,1562476,TAYLOR MORRISON HOME CORP,gics_indu,1531.0,2020-03-31×1.25;2020-12-31×1.25;2023-12-31×1.25
FBRT,1562528,FRANKLIN BSP REALTY TRUST INC,gics_re,6798.0,2022-06-30×2;2023-12-31×1.25
COMP,1563190,COMPASS INC CLASS A,gics_re,6531.0,2023-06-30×1.25;2025-06-30×1.25;2026-03-31×1.25
PRKS,1564902,UNITED PARKS AND RESORTS,gics_discr,7990.0,
INTA,1565687,INTAPP,gics_it,7372.0,2022-03-31×1.25;2023-06-30×1.25;2023-09-30×1.5;2023-12-31×1.5;2024-03-31×1.25
CNH,1567094,CNH INDUSTRIAL N.V.,gics_indu,3531.0,
CWEN,1567683,CLEARWAY ENERGY INC CLASS C,gics_util,4911.0,2020-12-31×1.25;2024-03-31×1.25;2026-06-30×2
PD,1568100,PAGERDUTY,gics_it,7372.0,2023-12-31×1.25;2024-09-30×1.25
OSCR,1568651,OSCAR HEALTH CLASS A,gics_fin,6324.0,2023-06-30×1.5;2024-09-30×1.25;2025-06-30×0.8
CXM,1569345,SPRINKLR CLASS A,gics_it,7372.0,2023-09-30×1.25;2023-12-31×1.25;2024-06-30×1.5;2024-09-30×1.25
VCTR,1570827,VICTORY CAPITAL HOLDINGS CLASS A,gics_fin,6282.0,2023-12-31×1.25;2024-03-31×0.8
SAIC,1571123,SCIENCE APPLICATIONS INTERNATIONAL,gics_it,7373.0,2020-09-30×1.25
REXR,1571283,REXFORD INDUSTRIAL REALTY REIT,gics_re,6798.0,2021-12-31×1.25;2022-12-31×1.25
MUSA,1573516,MURPHY USA,gics_discr,5500.0,2020-06-30×0.8;2020-12-31×1.25
SFM,1575515,SPROUTS FARMERS MARKET INC,gics_staples,5411.0,2023-12-31×1.25
GLPI,1575965,GAMING AND LEISURE PROPERTIES REIT,gics_re,6798.0,
SPNT,1576018,SIRIUSPOINT,gics_fin,6331.0,
GH,1576280,"Guardant Health, Inc.",gics_health,8071.0,2023-12-31×1.25;2024-09-30×1.25
CCS,1576940,CENTURY COMMUNITIES INC,gics_indu,1531.0,2020-12-31×1.25;2023-12-31×1.25
SFIX,1576942,STITCH FIX CLASS A,gics_discr,5961.0,2021-12-31×1.5;2023-12-31×1.25;2024-12-31×1.25
AI,1577526,C3 AI CLASS A,gics_it,7372.0,2023-12-31×1.5;2024-09-30×1.25;2024-12-31×1.25
LADR,1577670,LADDER CAPITAL CORP CLASS A,gics_re,6798.0,2020-12-31×1.25;2023-12-31×1.25;2024-09-30×1.25
CART,1579091,MAPLEBEAR,gics_indu,7389.0,
BURL,1579298,BURLINGTON STORES,gics_discr,5311.0,
AXSM,1579428,"Axsome Therapeutics, Inc.",gics_health,2834.0,2020-12-31×1.25;2023-12-31×1.25;2024-09-30×1.25
TDAY,1579684,Gannett Co Inc,gics_comm,2711.0,2023-12-31×1.25
VITL,1579733,Vital Farms Inc.,gics_staples,2000.0,2020-12-31×1.25;2022-06-30×1.25;2023-12-31×1.25;2024-09-30×1.25;2026-06-30×1.25
OUT,1579877,OUTFRONT MEDIA,gics_re,6798.0,2022-12-31×1.5;2023-03-31×1.25;2023-12-31×1.25;2026-06-30×1.25;2026-09-30×1.25
FLYW,1580560,FLYWIRE,gics_indu,7389.0,2022-03-31×0.8;2023-12-31×1.25;2024-09-30×1.25
LGIH,1580670,LGI HOMES,gics_indu,1531.0,2020-12-31×1.25;2023-12-31×1.25
ATEN,1580808,A10 NETWORKS,gics_it,3576.0,2020-06-30×1.25;2020-12-31×1.25;2022-09-30×1.25;2023-06-30×1.25;2023-12-31×1.25
IBP,1580905,INSTALLED BUILDING PRODUCTS,gics_indu,1520.0,2020-12-31×1.25;2023-12-31×1.25
BRX,1581068,BRIXMOR PROPERTY GROUP REIT INC,gics_re,6798.0,
TWST,1581280,TWIST BIOSCIENCE,gics_health,2836.0,2020-03-31×1.25;2021-03-31×1.5;2022-03-31×1.25
LIF,1581760,LIFE360,gics_it,7374.0,2025-12-31×1.25
XENE,1582313,XENON PHARMACEUTICALS,gics_health,2834.0,2026-06-30×1.25
DOCN,1582961,DigitalOcean Holdings Inc,gics_it,7370.0,2022-06-30×1.5;2023-12-31×1.25;2024-09-30×1.25;2026-09-30×1.25
ARMK,1584509,ARAMARK,gics_discr,5812.0,
PRGO,1585364,PERRIGO PLC,gics_health,2834.0,
SMA,1585389,SMARTSTOP SELF STORAGE REIT INC,gics_re,6798.0,2025-09-30×1.25
KN,1587523,KNOWLES,gics_it,3651.0,2020-12-31×1.25;2023-12-31×1.25
OGS,1587732,ONE GAS,gics_util,4924.0,2020-12-31×1.25;2023-12-31×1.25;2024-09-30×1.25
PRCT,1588978,PROCEPT BIOROBOTICS,gics_health,3841.0,2023-06-30×1.5;2023-12-31×1.25;2024-09-30×1.25
BLBD,1589526,BLUE BIRD,gics_discr,3713.0,2023-12-31×1.5;2024-09-30×1.25
FTAI,1590364,FTAI Aviation Ltd.,gics_indu,7350.0,2024-09-30×1.25
ESI,1590714,ELEMENT SOLUTIONS INC,gics_indu,2890.0,
CTRE,1590717,CareTrust REIT Inc,gics_re,6798.0,2020-12-31×1.25;2023-12-31×1.25;2024-09-30×1.25;2024-12-31×1.25;2025-09-30×1.25
VRDN,1590750,VIRIDIAN THERAPEUTICS ORS,gics_health,2834.0,2023-06-30×1.25;2023-12-31×1.25;2024-12-31×1.25;2025-12-31×1.25;2026-06-30×1.25
GOLD,1591588,GOLD INC,gics_discr,5094.0,2020-12-31×1.25;2022-06-30×2;2023-12-31×1.25;2024-03-31×0.8;2026-06-30×1.25
PCTY,1591698,PAYLOCITY HOLDING CORP,gics_it,7372.0,
VIRT,1592386,VIRTU FINANCIAL INC CLASS A,gics_fin,6211.0,
HG,1593275,HAMILTON INSURANCE GROUP CLASS B,gics_fin,6331.0,
NAVI,1593538,NAVIENT,gics_fin,6211.0,2022-06-30×0.8;2022-09-30×0.8;2023-09-30×0.8;2023-12-31×1.25;2024-03-31×0.8
MGNI,1595974,MAGNITE,gics_it,7370.0,2021-09-30×1.25;2023-12-31×1.25
RDNW,1596961,RIDENOW GROUP INC CLASS B,gics_it,7371.0,2024-09-30×1.5;2026-06-30×0.8;2026-09-30×1.25
LPG,1596993,DORIAN LPG,gics_indu,4412.0,
SABR,1597033,SABRE,gics_it,7370.0,2023-12-31×1.25;2024-09-30×1.25;2026-09-30×0.8
RYAM,1597672,Rayonier Advanced Materials In,gics_mat,2611.0,2020-09-30×1.25;2023-12-31×1.25;2024-09-30×1.25
MTUS,1598428,METALLUS INC,gics_mat,3312.0,2020-12-31×1.25;2023-12-31×1.25;2025-06-30×0.8
SMMT,1599298,"Summit Therapeutics, Inc.",gics_health,2834.0,2023-12-31×1.25
DNOW,1599617,DNOW,gics_indu,3533.0,2020-12-31×1.25;2023-12-31×1.25;2025-12-31×2
ELF,1600033,elf Beauty Inc,gics_staples,2844.0,2020-12-31×1.25;2021-09-30×1.25;2023-12-31×1.25
AUPH,1600620,AURINIA PHARMACEUTICALS,gics_health,2834.0,2023-12-31×1.25;2025-06-30×0.8
VVX,1601548,V2X,gics_indu,8744.0,2020-12-31×1.25;2023-12-31×1.25;2024-09-30×1.25;2024-12-31×1.25;2025-03-31×1.25;2025-09-30×1.25;2025-12-31×1.25;2026-06-30×1.25
RXRX,1601830,RECURSION PHARMACEUTICALS CLASS A,gics_health,2836.0,2021-09-30×1.25;2022-06-30×1.25;2023-12-31×1.25;2024-09-30×2;2025-06-30×1.25;2026-03-31×1.25;2026-06-30×1.25
WFRD,1603923,WEATHERFORD INTERNATIONAL PLC,gics_indu,3533.0,
WMS,1604028,ADVANCED DRAINAGE SYSTEMS INC,gics_indu,3086.0,2020-12-31×1.25;2023-09-30×1.25
QRVO,1604778,QORVO,gics_it,3674.0,
NTRA,1604821,Natera Inc,gics_health,8071.0,2020-12-31×1.25
LMB,1606163,LIMBACH HOLDINGS INC,gics_indu,1700.0,2023-12-31×1.25;2024-09-30×1.25
KE,1606757,KIMBALL ELECTRONICS INC,gics_it,3672.0,2020-12-31×1.25;2024-09-30×1.25
CRC,1609253,CALIFORNIA RESOURCES,gics_energy,1311.0,2025-06-30×0.8
INSP,1609550,INSPIRE MEDICAL SYSTEMS,gics_health,3841.0,2020-12-31×1.25
OEC,1609804,ORION SA,gics_indu,2890.0,
BOOT,1610250,BOOT BARN HOLDINGS,gics_discr,5661.0,2020-12-31×1.25;2023-12-31×1.25
UE,1611547,URBAN EDGE PROPERTIES,gics_re,6500.0,2020-12-31×1.25;2023-12-31×1.25;2024-09-30×1.25
FRPT,1611647,FRESHPET,gics_staples,2040.0,2020-12-31×1.25
XHR,1616000,XENIA HOTELS RESORTS REIT,gics_discr,7011.0,
PENG,1616533,PENGUIN SOLUTIONS INC,gics_it,3674.0,
AXTA,1616862,AXALTA COATING SYSTEMS,gics_indu,2851.0,
KRNY,1617242,KEARNY FINANCIAL CORP,gics_fin,6035.0,2020-06-30×0.8;2020-12-31×1.25;2021-06-30×0.8;2023-12-31×1.25;2024-03-31×0.8;2024-09-30×1.25;2026-06-30×1.25
PK,1617406,PARK HOTELS RESORTS INC,gics_discr,7011.0,
PFGC,1618673,PERFORMANCE FOOD GROUP,gics_discr,5141.0,2020-12-31×1.25;2021-09-30×1.25
NTNX,1618732,NUTANIX CLASS A,gics_it,7372.0,
SHAK,1620533,SHAKE SHACK INC CLASS A,gics_discr,5810.0,2020-06-30×1.25;2020-12-31×1.25;2023-12-31×1.25
DEA,1622194,EASTERLY GOVERNMENT PROPERTIES INC,gics_re,6798.0,2020-12-31×1.25;2023-06-30×1.25;2023-12-31×1.25;2025-06-30×0.4
COGT,1622229,COGENT BIOSCIENCES,gics_health,2834.0,2022-06-30×1.25;2023-06-30×1.25;2023-09-30×1.25;2023-12-31×1.25;2024-09-30×1.25;2026-06-30×1.25
TLN,1622536,TALEN ENERGY,gics_util,4911.0,
AM,1623925,ANTERO MIDSTREAM,gics_util,4922.0,2021-09-30×1.25
BFST,1624322,BUSINESS FIRST BANCSHARES INC,gics_fin,6022.0,2020-09-30×1.5;2020-12-31×1.25;2022-12-31×1.25;2023-06-30×1.25;2023-12-31×1.25;2024-09-30×1.25;2026-06-30×1.25
CSW,1624794,CSW INDUSTRIALS,gics_indu,2891.0,2020-06-30×0.8;2020-12-31×1.25;2023-12-31×1.25;2024-09-30×1.25
PJT,1626115,PJT PARTNERS CLASS A,gics_fin,6282.0,2020-12-31×1.25;2024-06-30×1.25
CC,1627223,CHEMOURS,gics_mat,2800.0,
UPWK,1627475,UPWORK,gics_it,7374.0,2021-06-30×1.25;2023-12-31×1.25
RVMD,1628171,"Revolution Medicines, Inc.",gics_health,2836.0,2020-12-31×1.25;2021-03-31×1.25;2021-06-30×1.25;2022-09-30×1.25;2023-06-30×1.25;2023-12-31×1.5;2024-09-30×1.25;2024-12-31×1.25
CWK,1628369,CUSHMAN AND WAKEFIELD LTD,gics_re,6500.0,
EVH,1628908,EVOLENT HEALTH CLASS A,gics_indu,8741.0,2020-12-31×1.25;2023-06-30×1.5;2023-12-31×1.25;2024-09-30×1.25
MBIN,1629019,MERCHANTS BANCORP,gics_fin,6022.0,2020-12-31×1.25;2022-03-31×1.5;2022-06-30×0.8;2023-06-30×1.25;2023-12-31×1.25;2024-09-30×1.25;2025-06-30×1.25;2026-09-30×1.25
WVE,1631574,WAVE LIFE SCIENCES INC,gics_health,2834.0,
KREF,1631596,KKR Real Estate Finance Trust,gics_re,6798.0,2020-12-31×1.25;2021-09-30×1.5;2021-12-31×1.25;2022-06-30×1.5;2022-09-30×1.25;2023-12-31×1.25
CABO,1632127,Cable One Inc,gics_comm,4841.0,
ENR,1632790,ENERGIZER HOLDINGS INC,gics_it,3690.0,2023-12-31×1.25;2025-06-30×0.8
AHR,1632970,AMERICAN HEALTHCARE REIT,gics_re,6798.0,2026-09-30×1.25
LITE,1633978,Lumentum Holdings Inc,gics_it,3669.0,
BNED,1634117,BARNES AND NOBLE EDUCATION INC,gics_discr,5940.0,
ROIV,1635088,ROIVANT SCIENCES LTD,gics_health,2834.0,
WING,1636222,Wingstop Inc,gics_discr,5812.0,2020-12-31×1.25
SYRE,1636282,SPYRE THERAPEUTICS INC,gics_health,2834.0,2025-06-30×1.25
MSGS,1636519,MADISON SQUARE GARDEN SPORTS CLASS,gics_discr,7990.0,
PLNT,1637207,PLANET FITNESS INC CLASS A,gics_discr,7997.0,
ACVA,1637873,ACV AUCTIONS CLASS A,gics_indu,7389.0,2023-06-30×1.25;2023-12-31×1.25;2024-09-30×1.25
MCFT,1638290,MASTERCRAFT BOAT HOLDINGS INC,gics_indu,3730.0,2020-12-31×1.25;2024-09-30×1.25;2026-06-30×1.25
TTAN,1638826,SERVICETITAN CLASS A,gics_it,7372.0,
SGRY,1638833,SURGERY PARTNERS,gics_health,8062.0,2020-12-31×1.25;2021-03-31×1.25;2021-06-30×1.25;2022-06-30×1.25;2022-12-31×1.25;2023-06-30×1.5;2023-12-31×1.25;2024-09-30×1.25
OLLI,1639300,OLLIES BARGAIN OUTLET HOLDINGS,gics_discr,5331.0,
CAVA,1639438,CAVA GROUP,gics_discr,5812.0,2025-09-30×1.25
LIVN,1639691,LIVANOVA PLC,gics_health,3845.0,
PTON,1639825,PELOTON INTERACTIVE CLASS A,gics_indu,3949.0,
ONT,1643615,ONTERRIS,gics_indu,8742.0,2020-12-31×1.25;2021-12-31×1.25;2023-12-31×1.25;2024-09-30×1.25
NVCR,1645113,NOVOCURE,gics_health,3841.0,
ACI,1646972,ALBERTSONS COMPANY CLASS A,gics_staples,5411.0,
WSC,1647088,WILLSCOT HOLDINGS CLASS A,gics_indu,7350.0,2020-12-31×1.25
UPST,1647639,UPSTART HOLDINGS,gics_fin,6199.0,2023-12-31×1.25
FBK,1649749,FB FINANCIAL,gics_fin,6022.0,2020-12-31×1.25;2023-06-30×1.25;2023-12-31×1.25;2024-09-30×1.25;2025-09-30×1.25;2026-09-30×1.25
RYTM,1649904,RHYTHM PHARMACEUTICALS,gics_health,2834.0,2020-12-31×1.25;2021-03-31×1.25;2023-06-30×1.25;2024-09-30×1.25
FCPT,1650132,FOUR CORNERS PROPERTY INC TRUST,gics_re,6798.0,2020-12-31×1.25;2023-12-31×1.25
TOST,1650164,TOAST CLASS A,gics_it,7374.0,
SITE,1650729,SiteOne Landscape Supply Inc,gics_discr,5040.0,2020-12-31×1.25
COUR,1651562,COURSERA,gics_it,7372.0,2021-12-31×1.25;2022-06-30×1.5;2023-06-30×1.25;2023-12-31×1.25;2024-09-30×1.25;2026-06-30×1.5
NTLA,1652130,INTELLIA THERAPEUTICS,gics_health,2835.0,2020-09-30×1.25;2021-03-31×1.25;2022-12-31×1.25;2023-12-31×1.25;2024-09-30×1.25;2026-06-30×1.25
NGVT,1653477,INGEVITY,gics_mat,2800.0,2020-12-31×1.25;2023-12-31×1.25
RRR,1653653,RED ROCK RESORTS ORS CLASS A,gics_discr,7011.0,2020-12-31×1.25;2023-12-31×1.25;2024-09-30×1.25
XMTR,1657573,XOMETRY CLASS A,gics_indu,7389.0,2022-06-30×1.5
HTZ,1657853,HERTZ GLOBAL HOLDINGS INC,gics_indu,7510.0,2023-09-30×0.8;2026-06-30×1.25
CIK1658247,1658247,"Crinetics Pharmaceuticals, Inc.",gics_health,2834.0,2020-12-31×1.25;2021-06-30×1.25;2021-12-31×1.25;2023-12-31×1.25;2024-09-30×1.25;2024-12-31×1.25
PR,1658566,PERMIAN RESOURCES CLASS A,gics_energy,1311.0,2023-06-30×1.25;2023-12-31×1.5;2024-03-31×1.25;2024-09-30×1.25
OKTA,1660134,OKTA CLASS A,gics_it,7372.0,
TENB,1660280,TENABLE HOLDINGS,gics_it,7372.0,2020-12-31×1.25;2021-06-30×1.25;2022-06-30×1.25;2023-12-31×1.25;2024-09-30×1.25
SEZL,1662991,SEZZLE INC,gics_indu,7389.0,2025-03-31×6
BE,1664703,Bloom Energy Corp.,gics_it,3620.0,2020-12-31×1.25;2021-06-30×1.5;2022-06-30×1.25;2023-06-30×1.25;2023-12-31×1.25;2024-09-30×1.25
USFD,1665918,US FOODS HOLDING,gics_discr,5140.0,
BL,1666134,BLACKLINE,gics_it,7372.0,2020-12-31×1.25;2023-12-31×1.25;2025-06-30×0.8
ATKR,1666138,ATKORE,gics_it,3690.0,
MEDP,1668397,Medpace Holdings Inc,gics_health,8731.0,2020-12-31×1.25
KNSL,1669162,Kinsale Capital Group Inc,gics_fin,6331.0,2020-12-31×1.25
CWH,1669779,CAMPING WORLD HOLDINGS INC CLASS A,gics_discr,5500.0,2020-12-31×1.25;2021-06-30×1.25;2023-06-30×1.25;2023-12-31×1.25;2024-09-30×1.25;2024-12-31×1.5
DFIN,1669811,DONNELLEY FINANCIAL SOLUTIONS,gics_indu,7380.0,2020-12-31×1.25;2023-12-31×1.25;2024-09-30×1.25
ULCC,1670076,FRONTIER GROUP HOLDINGS,gics_indu,4512.0,2023-12-31×1.25;2024-09-30×1.25;2025-06-30×2
ADNT,1670541,ADIENT PLC,gics_discr,3714.0,
YETI,1670592,YETI Holdings Inc,gics_indu,3949.0,2020-03-31×1.5;2020-12-31×1.25;2021-09-30×1.25
SPRY,1671858,ARS PHARMACEUTICALS,gics_health,2834.0,2023-09-30×1.25;2023-12-31×1.25
GOLF,1672013,ACUSHNET HOLDINGS CORP,gics_indu,3949.0,2020-12-31×1.25;2023-12-31×1.25
ASIX,1673985,AdvanSix Inc,gics_mat,2821.0,2020-12-31×1.25;2023-12-31×1.25
HGV,1674168,HILTON GRAND VACATIONS,gics_discr,7000.0,2020-12-31×1.25;2023-12-31×1.25;2025-06-30×0.8
JELD,1674335,"JELD-WEN Holding, Inc.",gics_indu,2430.0,2020-12-31×1.25;2021-06-30×1.25;2023-12-31×1.25;2024-09-30×1.25
CRSP,1674416,CRISPR THERAPEUTICS AG,gics_health,2836.0,
ASH,1674862,ASHLAND,gics_discr,5160.0,2020-09-30×0.8
VVV,1674910,VALVOLINE,gics_energy,2990.0,2023-06-30×0.8
AA,1675149,ALCOA CORP,gics_mat,3334.0,2024-09-30×1.5
BRZE,1676238,BRAZE CLASS A,gics_it,7372.0,2023-09-30×1.5;2023-12-31×1.25;2024-09-30×1.5;2026-06-30×1.25
IDYA,1676725,IDEAYA BIOSCIENCES,gics_health,2834.0,2020-09-30×1.25;2020-12-31×1.25;2021-06-30×1.5;2021-09-30×1.25;2022-12-31×1.25;2023-12-31×1.25;2024-09-30×1.5
IIPR,1677576,INNOVATIVE INDUSTRIAL PROPERTIES I,gics_re,6500.0,2020-03-31×1.5;2020-09-30×1.25;2020-12-31×1.25;2022-06-30×1.25;2023-12-31×1.25;2024-09-30×1.25
CNDT,1677703,CONDUENT,gics_indu,7389.0,2023-12-31×1.25
INSW,1679049,INTERNATIONAL SEAWAYS,gics_indu,4400.0,
DBRG,1679688,DIGITALBRIDGE GROUP INC CLASS A,gics_fin,6282.0,2022-06-30×1.25;2022-09-30×0.25;2023-12-31×1.25
ACMR,1680062,ACM RESEARCH CLASS A,gics_indu,3559.0,2023-12-31×1.25;2024-09-30×1.25
PUMP,1680247,ProPetro Holding Corp,gics_energy,1389.0,2023-06-30×1.25;2023-09-30×0.8;2026-03-31×1.25;2026-09-30×1.25
HFFG,1680873,"HF Foods Group, Inc.",gics_discr,5140.0,2020-03-31×3;2020-06-30×1.5;2020-12-31×1.25;2021-09-30×0.8;2023-06-30×1.25;2023-12-31×1.25
FTI,1681459,TECHNIPFMC PLC,gics_indu,3533.0,
VRRM,1682745,VERRA MOBILITY CORP,gics_indu,4700.0,2020-12-31×1.25;2023-09-30×1.25;2023-12-31×1.25;2024-09-30×1.25
BHF,1685040,BRIGHTHOUSE FINANCIAL,gics_fin,6311.0,2020-06-30×0.8
DXC,1688568,DXC TECHNOLOGY,gics_it,7374.0,
ESTA,1688757,ESTABLISHMENT LABS INC,gics_health,3842.0,
JBGS,1689796,JBG SMITH PROPERTIES,gics_re,6798.0,2025-06-30×0.8;2025-09-30×0.8
NMRK,1690680,NEWMARK GROUP INC CLASS A,gics_re,6531.0,2025-09-30×1.25
CVNA,1690820,Carvana Co.,gics_discr,5500.0,2023-12-31×1.25
HCC,1691303,WARRIOR MET COAL INC,gics_mat,1220.0,2020-12-31×1.25;2023-12-31×1.25
LMND,1691421,LEMONADE INC,gics_fin,6331.0,2023-06-30×1.25;2023-12-31×1.25;2024-09-30×1.25;2026-06-30×1.25
SNDR,1692063,SCHNEIDER NATIONAL CLASS B,gics_indu,4213.0,
SWX,1692115,SOUTHWEST GAS HOLDINGS,gics_util,4923.0,2020-12-31×1.25;2023-12-31×1.25;2026-06-30×1.25;2026-09-30×1.25
KNTK,1692787,KINETIK HOLDINGS CLASS A,gics_util,4922.0,2023-12-31×1.25;2024-09-30×1.25;2026-06-30×1.25;2026-09-30×1.25
WTTR,1693256,SELECT WATER SOLUTIONS CLASS A,gics_energy,1389.0,2020-12-31×1.25;2023-06-30×1.25;2024-09-30×1.25;2026-06-30×1.25
LBRT,1694028,LIBERTY ENERGY CLASS A,gics_energy,1389.0,2020-12-31×1.25;2021-03-31×1.25;2022-06-30×1.5;2023-06-30×1.25;2023-12-31×1.25
DK,1694426,DELEK US HOLDINGS INC,gics_energy,2911.0,2020-06-30×0.8;2020-12-31×1.25;2023-12-31×1.25
SEI,1697500,SOLARIS ENERGY INFRASTRUCTURE INC,gics_indu,3533.0,2020-09-30×0.8;2020-12-31×1.25;2025-03-31×1.25;2025-12-31×1.25;2026-06-30×1.25
MGY,1698990,MAGNOLIA OIL GAS CORP CLASS A,gics_energy,1311.0,
ACEL,1698991,ACCEL ENTERTAINMENT CLASS A,gics_discr,7900.0,2020-12-31×1.25
GRAL,1699031,GRAIL INC,gics_health,8071.0,2025-12-31×1.25;2026-06-30×1.25
WHD,1699136,CACTUS CLASS A,gics_indu,3533.0,2020-12-31×1.25;2023-12-31×1.25
SMPL,1702744,THE SIMPLY GOOD FOODS COMPANY,gics_staples,2000.0,2020-12-31×1.25;2023-12-31×1.25
BY,1702750,BYLINE BANCORP INC,gics_fin,6022.0,2020-12-31×1.25;2023-06-30×1.25;2023-12-31×1.25;2024-03-31×0.8;2024-09-30×1.5;2025-06-30×0.8;2026-06-30×1.25
OPTU,1702780,OPTIMUM COMMUNICATIONS INC CLASS A,gics_comm,4841.0,
ADT,1703056,ADT INC,gics_indu,7381.0,
ABCL,1703057,"AbCellera Biologics, Inc.",gics_health,2834.0,
AMR,1704715,ALPHA METALLURGICAL RESOURCE,gics_mat,1221.0,
CNNE,1704720,CANNAE HOLDINGS INC,gics_discr,5810.0,2020-12-31×1.25;2023-12-31×1.25;2024-03-31×0.8;2025-12-31×0.8;2026-03-31×0.8
ANGI,1705110,Angi Inc,gics_indu,7310.0,2025-09-30×0.8;2026-06-30×0.8
ECVT,1708035,ECOVYST,gics_mat,2800.0,2022-09-30×1.25;2023-06-30×1.25;2024-09-30×1.5;2025-06-30×0.8
FSUN,1709442,FIRSTSUN CAPITAL BANCORP,gics_fin,6021.0,2025-09-30×1.25;2026-09-30×1.25
CTOS,1709682,CUSTOM TRUCK ONE SOURCE,gics_indu,7359.0,2022-03-31×1.25
EYE,1710155,NATIONAL VISION HOLDINGS,gics_health,3851.0,2020-12-31×1.25;2023-12-31×1.25
CNR,1710366,CORE NATURAL RESOURCES,gics_mat,1220.0,
KRYS,1711279,KRYSTAL BIOTECH INC,gics_health,2836.0,2020-09-30×1.25;2020-12-31×1.25;2021-03-31×1.25;2021-06-30×1.25;2023-12-31×1.25;2024-09-30×1.25
LILA,1712184,LIBERTY LATIN AMERICA CLASS A,gics_comm,4841.0,
DNLI,1714899,DENALI THERAPEUTICS,gics_health,2836.0,2021-06-30×1.25;2022-12-31×1.25;2023-06-30×1.25;2023-12-31×1.25;2024-09-30×1.25
ILPT,1717307,Industrial Logistics Propertie,gics_re,6798.0,2020-03-31×1.25;2020-12-31×1.25;2024-09-30×1.25;2025-06-30×0.8
ROAD,1718227,CONSTRUCTION PARTNERS CLASS A,gics_indu,1600.0,2020-09-30×1.25;2020-12-31×1.25;2022-03-31×1.25;2023-12-31×1.25
GTES,1718512,GATES INDUSTRIAL PLC,gics_indu,3560.0,
RPAY,1720592,REPAY HOLDINGS CORP CLASS A,gics_indu,7389.0,2020-09-30×1.5;2020-12-31×1.25;2023-12-31×1.25;2024-09-30×1.25;2025-06-30×0.8
NVT,1720635,NVENT ELECTRIC PLC,gics_indu,3550.0,
AVTR,1722482,AVANTOR,gics_it,3826.0,
WH,1722684,WYNDHAM HOTELS RESORTS,gics_discr,7011.0,
AMRX,1723128,AMNEAL PHARMACEUTICALS INC CLASS A,gics_health,2834.0,2020-06-30×0.8;2020-12-31×1.25;2023-12-31×1.25;2024-09-30×1.5;2026-06-30×1.25
TALO,1724965,TALOS ENERGY,gics_energy,1311.0,2020-06-30×0.5;2020-09-30×1.25;2020-12-31×1.5;2021-09-30×1.25;2023-06-30×1.5;2024-03-31×1.25;2024-09-30×1.25;2025-06-30×0.8
AHCO,1725255,ADAPTHEALTH,gics_health,8082.0,2023-09-30×1.25;2023-12-31×1.25;2024-09-30×1.25;2025-06-30×0.8
GSHD,1726978,GOOSEHEAD INSURANCE CLASS A,gics_fin,6411.0,2020-12-31×1.25;2021-06-30×1.25;2023-06-30×1.25;2023-12-31×1.25;2024-09-30×1.25
SRRK,1727196,SCHOLAR ROCK HOLDING,gics_health,2836.0,2020-06-30×1.25;2023-09-30×1.5;2024-09-30×1.25;2026-06-30×1.25
FTDR,1727263,FRONTDOOR INC,gics_indu,7340.0,
EPRT,1728951,ESSENTIAL PROPERTIES REALTY TRUST,gics_re,6798.0,2020-03-31×1.25;2020-12-31×1.25;2021-06-30×1.5;2022-09-30×1.25;2023-06-30×1.25;2023-12-31×1.25;2024-09-30×1.25;2026-06-30×1.25
KNSA,1730430,KINIKSA PHARMACEUTICALS INTERNATIO,gics_health,2834.0,
NWN,1733998,NORTHWEST NATURAL HOLDING COMPANY,gics_util,4924.0,2020-12-31×1.25;2023-12-31×1.25;2024-09-30×1.25
AMTB,1734342,AMERANT BANCORP CLASS A,gics_fin,6021.0,2021-06-30×0.8;2021-12-31×1.25;2023-12-31×1.25;2024-09-30×1.25;2024-12-31×1.25
BV,1734713,BRIGHTVIEW HOLDINGS,gics_indu,700.0,2020-09-30×1.25;2020-12-31×1.25;2023-12-31×1.25;2024-09-30×1.5;2025-09-30×1.25
PATH,1734722,UIPATH INC CLASS A,gics_it,7372.0,
GTX,1735707,Garrett Motion Inc,gics_discr,3714.0,2025-12-31×1.25
ARLO,1736946,ARLO TECHNOLOGIES,gics_indu,7381.0,2020-12-31×1.25;2023-12-31×1.25;2024-09-30×1.25;2026-06-30×1.25
ELAN,1739104,ELANCO ANIMAL HEALTH,gics_health,2834.0,
ACA,1739445,ARCOSA,gics_indu,3440.0,2020-12-31×1.25;2023-12-31×1.25
UTZ,1739566,UTZ BRANDS CLASS A,gics_staples,2090.0,2023-06-30×1.25;2023-12-31×1.25
REZI,1740332,RESIDEO TECHNOLOGIES,gics_discr,5072.0,2023-12-31×1.25;2026-06-30×1.25
CRSR,1743759,CORSAIR GAMING INC,gics_it,3577.0,2021-03-31×1.5;2022-06-30×1.5;2022-09-30×1.25;2023-12-31×1.25;2024-09-30×1.25
BBIO,1743881,"Bridgebio Pharma, Inc.",gics_health,2834.0,2021-03-31×1.25;2023-06-30×1.25;2023-12-31×1.25;2024-09-30×1.25
PFSI,1745916,PENNYMAC FINANCIAL SERVICES,gics_fin,6162.0,2020-12-31×1.25;2021-06-30×0.8;2022-09-30×0.8;2023-12-31×1.25;2024-09-30×1.25
BEAM,1745999,BEAM THERAPEUTICS,gics_health,2836.0,2022-06-30×1.25;2023-06-30×1.25;2023-12-31×1.25;2024-09-30×1.25;2025-03-31×1.25
BFC,1746109,BANK FIRST CORP,gics_fin,6021.0,2020-12-31×1.25;2022-12-31×1.25;2023-06-30×1.25;2023-12-31×1.25;2024-09-30×1.25
RVLV,1746618,REVOLVE GROUP CLASS A,gics_discr,5961.0,2022-06-30×1.25;2023-12-31×1.25
BALY,1747079,BALLY S,gics_discr,7011.0,2022-06-30×1.25;2022-09-30×0.8;2023-12-31×1.25;2025-09-30×1.25;2025-12-31×1.25;2026-06-30×1.25
AAMI,1748824,ACADIAN ASSET MANAGEMENT,gics_fin,6282.0,2020-06-30×0.8;2020-12-31×1.25;2021-12-31×0.666667;2023-12-31×1.25;2024-03-31×0.8;2024-06-30×0.8
NFE,1749723,"New Fortress Energy, Inc.",gics_util,4924.0,
TMDX,1756262,TRANSMEDICS GROUP,gics_health,3845.0,2020-06-30×1.25;2020-09-30×1.25;2020-12-31×1.25;2023-12-31×1.25
ARDT,1756655,ARDENT HEALTH INC,gics_health,8062.0,2024-12-31×1.25;2025-03-31×2;2026-06-30×1.25
NVST,1757073,ENVISTA HOLDINGS,gics_health,3843.0,
QUBT,1758009,QUANTUM COMPUTING,gics_it,7372.0,2025-09-30×1.5;2025-12-31×1.5
OSW,1758488,ONESPAWORLD HOLDINGS LTD,gics_discr,7997.0,
MIRM,1759425,MIRUM PHARMACEUTICALS,gics_health,2834.0,2020-12-31×1.25;2022-09-30×1.25;2023-06-30×1.5;2023-12-31×1.25;2026-06-30×1.25
LYFT,1759509,LYFT CLASS A,gics_indu,7389.0,
PRVA,1759655,PRIVIA HEALTH GROUP INC,gics_health,8000.0,2021-12-31×0.8;2023-06-30×1.5;2023-09-30×1.5;2023-12-31×1.25
ALTG,1759824,ALTA EQUIPMENT GROUP INC CLASS A,gics_discr,5084.0,2020-12-31×1.25;2023-09-30×1.25;2023-12-31×1.25;2024-09-30×1.25;2025-06-30×0.8
KTB,1760965,KONTOOR BRANDS,gics_discr,2320.0,2023-12-31×1.25
PLMR,1761312,PALOMAR HOLDINGS,gics_fin,6331.0,2020-03-31×1.5;2020-06-30×0.8;2020-09-30×1.25;2020-12-31×1.25;2021-06-30×1.25;2023-12-31×1.25;2024-09-30×1.25
CLVT,1764046,CLARIVATE PLC,gics_it,7374.0,
PNTG,1766400,Pennant Group Inc/The,gics_health,8000.0,2020-12-31×1.25;2023-06-30×1.25;2023-12-31×1.25;2024-12-31×1.25
CHWY,1766502,CHEWY INC CLASS A,gics_discr,5961.0,2025-06-30×1.25
KGS,1767042,KODIAK GAS SERVICES INC,gics_util,4922.0,2023-12-31×1.25;2024-09-30×1.25;2025-03-31×1.5;2025-09-30×1.25;2025-12-31×1.25;2026-06-30×1.25
XPEL,1767258,XPEL,gics_indu,3470.0,2022-06-30×1.25;2022-09-30×1.25;2023-12-31×1.25;2024-09-30×1.25
XRX,1770450,Xerox Holdings Corp,gics_it,3577.0,2021-09-30×0.8;2023-12-31×1.25
TXG,1770787,10X GENOMICS CLASS A,gics_it,3826.0,
GO,1771515,GROCERY OUTLET HOLDING,gics_staples,5411.0,2020-09-30×1.25;2023-09-30×1.25
BRBR,1772016,BellRing Intermediate Holdings Inc.,gics_staples,2000.0,2020-12-31×1.25;2022-09-30×1.25;2023-12-31×1.25
ONEW,1772921,ONEWATER MARINE CLASS A INC,gics_discr,5531.0,2021-03-31×1.25;2023-12-31×1.25;2024-09-30×1.25
DT,1773383,DYNATRACE INC,gics_it,7372.0,2023-09-30×1.25;2024-09-30×1.25
HIMS,1773751,HIMS HERS HEALTH CLASS A,gics_health,8011.0,
ADV,1776661,ADVANTAGE SOLUTIONS CLASS A,gics_indu,7389.0,2023-06-30×1.25;2023-12-31×1.25;2024-09-30×1.5;2025-06-30×0.8;2026-03-31×0.04
PWP,1777835,PERELLA WEINBERG PARTNERS CLASS A,gics_fin,6199.0,2023-06-30×1.25;2023-12-31×1.25;2024-09-30×1.5;2026-06-30×1.25
AVPT,1777921,AVEPOINT CLASS A,gics_it,7372.0,2023-06-30×1.25;2026-06-30×1.25
ASTS,1780312,"AST SpaceMobile, Inc.",gics_comm,4899.0,2023-09-30×1.25;2023-12-31×1.25;2024-03-31×1.25
TCBX,1781730,THIRD COAST BANCSHARES INC,gics_fin,6036.0,2023-12-31×1.25;2026-06-30×1.25
BWIN,1781755,BALDWIN INSURANCE GROUP CLASS A,gics_fin,6411.0,2024-09-30×1.25;2026-03-31×1.25
RELY,1782170,REMITLY GLOBAL,gics_indu,7389.0,2022-09-30×1.25;2023-12-31×1.25;2024-09-30×1.25;2026-09-30×1.5
PRCH,1784535,PORCH GROUP,gics_fin,6321.0,
BILL,1786352,BILL HOLDINGS,gics_it,7372.0,
REYN,1786431,REYNOLDS CONSUMER PRODUCTS INC,gics_mat,2673.0,
VNT,1786842,VONTIER,gics_it,3824.0,
ARQT,1787306,ARCUTIS BIOTHERAPEUTICS,gics_health,2834.0,2020-12-31×1.25;2021-03-31×1.25;2021-06-30×1.25;2022-06-30×1.25;2022-09-30×1.25;2023-06-30×1.25;2024-09-30×1.5
ROOT,1788882,ROOT INC CLASS A,gics_fin,6331.0,2025-06-30×1.25
AEVA,1789029,AEVA TECHNOLOGIES,gics_discr,3714.0,2021-12-31×1.5;2023-12-31×1.25;2024-03-31×0.2;2024-09-30×1.5;2025-12-31×1.25;2026-06-30×0.8;2026-09-30×1.25
FWRG,1789940,FIRST WATCH RESTAURANT GROUP,gics_discr,5812.0,2022-03-31×1.25;2022-12-31×1.5;2023-09-30×1.5;2023-12-31×1.25;2024-09-30×1.5;2025-03-31×1.25;2025-12-31×1.25
OVV,1792580,OVINTIV,gics_energy,1311.0,2026-03-31×1.25
CURV,1792781,TORRID HOLDINGS INC,gics_discr,5600.0,2022-03-31×1.25;2024-12-31×1.5;2025-09-30×1.25;2026-06-30×1.25
RSI,1793659,RUSH STREET INTERACTIVE CLASS A,gics_discr,7990.0,2022-06-30×1.25;2023-06-30×1.25;2023-12-31×1.25;2024-09-30×1.25;2026-06-30×1.25;2026-09-30×1.25
GTM,1794515,ZOOMINFO TECHNOLOGIES,gics_it,7372.0,2023-09-30×1.25
FOUR,1794669,SHIFT4 PAYMENTS CLASS A,gics_indu,7389.0,
SLQT,1794783,Selectquote Inc,gics_fin,6411.0,2020-12-31×1.25;2023-12-31×1.25
SPHR,1795250,SPHERE ENTERTAINMENT CLASS A,gics_discr,7900.0,2023-12-31×1.25
STEP,1796022,STEPSTONE GROUP CLASS A,gics_fin,6282.0,2021-06-30×2;2022-06-30×1.25;2023-12-31×1.25;2024-09-30×1.25
APG,1796209,API GROUP,gics_indu,7340.0,2020-12-31×1.25;2021-06-30×1.25;2023-12-31×1.25;2025-09-30×1.5
NTST,1798100,NETSTREIT,gics_re,6798.0,2020-12-31×1.25;2022-06-30×1.25;2022-09-30×1.25;2023-09-30×1.25;2023-12-31×1.25;2024-09-30×1.25;2025-09-30×1.25;2026-06-30×1.25;2026-09-30×1.25
PPLI,1800227,PEOPLE,gics_it,7370.0,
FROG,1800667,JFROG,gics_it,7372.0,
OPEN,1801169,OPENDOOR TECHNOLOGIES CLASS A,gics_re,6531.0,2024-09-30×1.25
CLOV,1801170,CLOVER HEALTH INVESTMENTS CLASS A,gics_fin,6324.0,
MP,1801368,MP MATERIALS CLASS A,gics_mat,1000.0,
HRMY,1802665,HARMONY BIOSCIENCES HLDG,gics_health,2834.0,2022-06-30×1.25;2022-09-30×1.25;2023-06-30×1.25;2023-12-31×1.25;2024-12-31×1.25;2026-09-30×1.25
AVO,1802974,MISSION PRODUCE INC,gics_indu,700.0,2023-06-30×1.25;2023-12-31×1.25;2026-06-30×1.5
CNXC,1803599,CONCENTRIX,gics_indu,7389.0,2026-09-30×1.25
ADEA,1803696,ADEIA,gics_comm,4841.0,2023-12-31×1.25;2024-09-30×1.25
DRVN,1804745,DRIVEN BRANDS HOLDINGS,gics_indu,7500.0,
EOSE,1805077,EOS ENERGY ENTERPRISES CLASS A,gics_it,3690.0,2021-09-30×2.5;2023-12-31×1.25;2024-03-31×1.25;2025-12-31×1.25;2026-06-30×1.25
EVLV,1805385,EVOLV TECHNOLOGIES HOLDINGS CLASS,gics_it,3577.0,2023-12-31×1.25;2024-09-30×1.25;2025-06-30×0.8;2025-12-31×1.25;2026-06-30×1.25
WEST,1806347,WESTROCK COFFEE,gics_staples,2080.0,2023-12-31×1.25;2024-09-30×1.25
VERX,1806837,VERTEX CLASS A,gics_it,7372.0,
CRDO,1807794,Credo Technology Group Holding Ltd.,gics_it,3674.0,
PRG,1808834,PROG HOLDINGS INC,gics_indu,7359.0,2021-12-31×0.8;2022-03-31×0.8;2023-12-31×1.25;2024-03-31×0.8
MIR,1809987,MIRION TECHNOLOGIES CLASS A,gics_it,3829.0,2023-06-30×1.5;2023-12-31×1.25
RXT,1810019,RACKSPACE TECHNOLOGY INC,gics_it,7370.0,2020-12-31×1.25;2021-06-30×1.5;2023-09-30×0.8;2024-09-30×1.25;2026-09-30×1.25
EBC,1810546,EASTERN BANKSHARES INC,gics_fin,6035.0,2023-12-31×1.25;2024-09-30×1.5;2025-12-31×1.25
LCID,1811210,LUCID GROUP,gics_discr,3711.0,
KYMR,1815442,KYMERA THERAPEUTICS,gics_health,2836.0,2021-09-30×1.25;2024-09-30×1.25;2025-12-31×1.25;2026-06-30×1.25
OUST,1816581,OUSTER,gics_indu,3569.0,2022-03-31×0.8;2023-03-31×2;2024-09-30×0.166667
ASO,1817358,ACADEMY SPORTS AND OUTDOORS,gics_discr,5940.0,2021-09-30×1.25
JANX,1817713,JANUX THERAPEUTICS,gics_health,2834.0,2022-03-31×1.25;2023-12-31×1.25;2025-06-30×1.25
WGS,1818331,GENEDX HOLDINGS CLASS A,gics_health,8000.0,2025-06-30×1.5
MAX,1818383,MEDIAALPHA CLASS A,gics_indu,7389.0,2022-06-30×1.25;2023-06-30×1.25;2023-09-30×0.8;2023-12-31×1.25
LQDA,1819576,LIQUIDIA,gics_health,2834.0,2020-09-30×1.25;2020-12-31×1.25;2024-09-30×1.25;2024-12-31×1.25
TARS,1819790,TARSUS PHARMACEUTICALS,gics_health,2836.0,2021-06-30×1.5;2022-06-30×2;2023-12-31×1.5;2024-09-30×1.5;2026-06-30×1.25
RDW,1819810,REDWIRE,gics_indu,3760.0,2023-06-30×0.8;2023-09-30×0.8;2023-12-31×1.25;2025-09-30×1.5;2025-12-31×1.5;2026-03-31×1.5;2026-09-30×1.25
DV,1819928,DOUBLEVERIFY HOLDINGS,gics_it,7370.0,2023-09-30×1.5
CIFR,1819989,CIPHER DIGITAL INC,gics_fin,6199.0,2023-06-30×1.25;2024-12-31×1.25;2025-12-31×1.25
GRND,1820144,GRINDR INC,gics_it,7370.0,2023-12-31×1.25;2024-09-30×0.666667;2025-06-30×1.25
BKKT,1820302,BAKKT INC CLASS A,gics_fin,6199.0,2022-12-31×1.25;2023-06-30×1.25;2024-06-30×0.04;2025-06-30×1.5
ARRY,1820721,ARRAY TECHNOLOGIES INC,gics_it,3674.0,2022-06-30×1.25;2023-12-31×1.25
GBTG,1820872,GLOBAL BUSINESS TRAVEL GROUP CLASS,gics_indu,4700.0,
NVTS,1821769,NAVITAS SEMICONDUCTOR,gics_it,3674.0,2023-12-31×1.25;2024-09-30×1.25;2025-12-31×1.25;2026-03-31×1.25;2026-09-30×1.25
LESL,1821806,Leslie's Inc,gics_discr,5990.0,2023-09-30×1.25;2023-12-31×1.25
OGN,1821825,ORGANON,gics_health,2834.0,
SHC,1822479,SOTERA HEALTH COMPANY,gics_health,8090.0,2024-03-31×1.25;2024-09-30×1.25;2025-12-31×1.25;2026-03-31×1.25;2026-06-30×1.25
HLMN,1822492,HILLMAN SOLUTIONS,gics_indu,3420.0,2023-06-30×1.25;2023-09-30×1.25;2023-12-31×1.25
SMR,1822966,NUSCALE POWER CORP CLASS A,gics_indu,3443.0,2023-12-31×1.25;2024-09-30×1.5;2026-03-31×1.25;2026-06-30×2
JXN,1822993,JACKSON FINANCIAL CLASS A,gics_fin,6311.0,2023-06-30×1.25;2023-12-31×1.25
ACT,1823529,ENACT HOLDINGS INC,gics_fin,6411.0,2023-12-31×1.25;2024-03-31×0.8;2024-09-30×1.25;2026-06-30×1.25
AMAL,1823608,AMALGAMATED FINANCIAL CORP,gics_fin,6022.0,2022-12-31×1.5;2023-06-30×1.25;2023-12-31×1.25;2024-03-31×0.8;2024-09-30×1.25
ARKO,1823794,ARKO,gics_staples,5412.0,2022-03-31×0.666667;2023-12-31×1.25
IONQ,1824920,"IonQ, Inc.",gics_it,7373.0,2023-12-31×1.25;2024-09-30×1.5;2025-09-30×1.25;2025-12-31×1.25
DFH,1825088,DREAM FINDERS HOMES INC CLASS A,gics_indu,1531.0,2023-12-31×1.25;2024-09-30×1.25
WOOF,1826470,PETCO HEALTH AND WELLNESS COMPANY,gics_discr,5990.0,
CERT,1827090,CERTARA,gics_it,7372.0,
PLTK,1828016,PLAYTIKA HOLDING CORP,gics_it,7374.0,
ENVX,1828318,ENOVIX,gics_it,3690.0,2023-06-30×1.25;2023-12-31×1.25;2024-09-30×1.25
FOA,1828937,FINANCE OF AMERICA COMPANIES INC C,gics_fin,6162.0,
RUM,1830081,RUM GROUP CLASS A,gics_it,7370.0,2025-09-30×1.5;2026-06-30×1.25;2026-09-30×1.25
AGL,1831097,AGILON HEALTH,gics_health,8090.0,
LDI,1831631,LOANDEPOT CLASS A,gics_fin,6199.0,2026-06-30×1.25
AVAH,1832332,AVEANNA HEALTHCARE HOLDINGS INC,gics_health,8082.0,2025-06-30×0.8;2025-12-31×1.5;2026-03-31×0.8;2026-06-30×1.5
ALHC,1832466,ALIGNMENT HEALTHCARE,gics_fin,6324.0,2022-12-31×1.25;2023-12-31×1.25;2024-09-30×1.25;2025-06-30×1.25;2025-09-30×1.25;2025-12-31×1.25
PIII,1832511,"P3 Health Partners, Inc.",gics_health,8000.0,2023-03-31×1.5;2023-12-31×1.25
DRS,1833756,"Leonardo DRS, Inc.",gics_indu,3812.0,2023-12-31×1.5;2024-12-31×1.25
HAYW,1834622,HAYWARD HOLDINGS,gics_indu,3580.0,2025-09-30×1.5
PL,1836833,Planet Labs PBC,gics_it,3663.0,2023-03-31×1.25;2023-12-31×1.25;2024-09-30×1.25
BBAI,1836981,BIGBEAR.AI HOLDINGS,gics_it,7372.0,2023-12-31×1.25;2024-03-31×1.5;2024-09-30×2;2025-12-31×1.5;2026-06-30×1.25
RGTI,1838359,RIGETTI COMPUTING,gics_it,7371.0,2025-03-31×1.25
BKV,1838406,BKV,gics_energy,1311.0,2025-12-31×1.25;2026-06-30×1.5;2026-09-30×1.25
CORZ,1839341,CORE SCIENTIFIC INC,gics_fin,6199.0,2022-09-30×1.25
JBI,1839839,JANUS INTERNATIONAL GROUP,gics_indu,3442.0,2024-09-30×2
TBLA,1840502,TABOOLA.COM LTD,gics_it,7370.0,
SOUN,1840856,SOUNDHOUND AI CLASS A,gics_it,7372.0,2023-12-31×1.25
PAY,1841156,PAYMENTUS HOLDINGS INC CLASS A,gics_indu,7389.0,
DAVE,1841408,DAVE CLASS A,gics_fin,6199.0,2025-12-31×1.25
DTM,1842022,DT MIDSTREAM,gics_util,4922.0,
LUNR,1844452,INTUITIVE MACHINES INC CLASS A,gics_indu,3812.0,2025-03-31×1.5;2026-06-30×1.25
LFST,1845257,LIFESTANCE HEALTH GROUP,gics_health,8000.0,2022-03-31×1.5;2023-06-30×1.5;2023-12-31×1.25;2025-12-31×1.25;2026-09-30×1.25
PAYO,1845815,PAYONEER GLOBAL INC,gics_indu,7389.0,2023-06-30×1.25;2024-12-31×1.25
RYAN,1849253,RYAN SPECIALTY HOLDINGS CLASS A,gics_fin,6411.0,
DJT,1849635,TRUMP MEDIA TECHNOLOGY GROUP,gics_it,7370.0,
ZETA,1851003,ZETA GLOBAL HOLDINGS CLASS A,gics_it,7372.0,2023-06-30×1.25;2023-12-31×1.25;2026-06-30×1.25
NXT,1852131,NEXTPOWER INC,gics_it,3674.0,2023-09-30×1.5;2023-12-31×1.25;2024-09-30×1.25
GXO,1852244,GXO LOGISTICS,gics_indu,4700.0,2022-09-30×1.25
CIK1853513,1853513,Mister Car Wash Inc,gics_indu,7500.0,
TYGO,1855447,TIGO ENERGY,gics_it,3674.0,
YOU,1856314,CLEAR SECURE CLASS A,gics_it,7372.0,2023-06-30×1.5;2023-12-31×1.25;2025-06-30×0.8;2026-06-30×1.25
VSXY,1856437,VICTORIA S SECRET,gics_discr,5621.0,
SLVM,1856485,SYLVAMO CORP,gics_mat,2621.0,
CNM,1856525,CORE & MAIN INC CLASS A,gics_discr,5099.0,
DNUT,1857154,KRISPY KREME,gics_staples,5400.0,2023-06-30×1.25;2023-12-31×1.25
GCT,1857816,GIGACLOUD TECHNOLOGY INC CLASS A,gics_discr,5961.0,
NN,1865631,NEXTNAV,gics_indu,3812.0,2022-09-30×1.25;2024-09-30×1.5;2026-06-30×1.25
BTSG,1865782,BRIGHTSPRING HEALTH SERVICES INC,gics_health,8082.0,2025-06-30×1.5;2025-12-31×1.25;2026-03-31×1.25
CRGY,1866175,CRESCENT ENERGY CLASS A,gics_energy,1311.0,2022-12-31×1.25;2024-09-30×2;2024-12-31×1.25;2025-12-31×1.25;2026-09-30×1.25
CIK1866368,1866368,"Clearwater Analytics Holdings, Inc.",gics_it,7372.0,2024-12-31×1.25;2025-06-30×1.25;2025-12-31×1.25
BROS,1866581,DUTCH BROS CLASS A,gics_discr,5810.0,
AMPL,1866692,AMPLITUDE CLASS A,gics_it,7372.0,2023-06-30×1.25;2023-12-31×1.25;2024-09-30×1.25
KD,1867072,KYNDRYL HOLDINGS,gics_it,7373.0,2022-09-30×1.25;2023-09-30×1.25
FLNC,1868941,FLUENCE ENERGY INC CLASS A,gics_it,3690.0,2023-06-30×1.25;2024-09-30×1.25;2025-12-31×0.8
LTH,1869198,LIFE TIME GROUP HOLDINGS,gics_discr,7997.0,2023-12-31×1.25;2024-09-30×1.5;2025-03-31×1.25;2025-06-30×1.5;2025-12-31×1.25;2026-09-30×1.25
PTLO,1871509,PORTILLO S INC CLASS A,gics_discr,5812.0,2022-12-31×1.25;2023-06-30×1.5;2023-12-31×1.25;2024-09-30×1.25;2025-12-31×1.25
EMBC,1872789,Embecta Corp.,gics_health,3841.0,2023-12-31×1.25
KLC,1873529,KINDERCARE LEARNING COMPANIES INC,gics_indu,8351.0,
ARHS,1875444,ARHAUS CLASS A,gics_discr,5712.0,
ESAB,1877322,ESAB CORP,gics_indu,3569.0,2022-12-31×1.25;2023-09-30×1.25
DOUG,1878897,Douglas Elliman Inc,gics_re,6531.0,2023-06-30×1.25;2023-12-31×1.25;2025-06-30×0.8
IE,1879016,IVANHOE ELECTRIC,gics_mat,1000.0,2022-12-31×1.25;2023-06-30×1.25;2023-12-31×1.25;2024-09-30×1.5;2025-12-31×1.25;2026-06-30×1.25
PRM,1880319,PERIMETER SOLUTIONS,gics_mat,2800.0,2026-06-30×1.25
ACDC,1881487,PROFRAC HOLDING CLASS A,gics_energy,1389.0,2023-12-31×1.25;2024-09-30×0.8
SVV,1883313,SAVERS VALUE VILLAGE,gics_discr,5900.0,2023-12-31×1.25
EE,1888447,EXCELERATE ENERGY CLASS A,gics_util,4924.0,2025-06-30×1.25
CRBG,1889539,COREBRIDGE FINANCIAL INC,gics_fin,6311.0,
NE,1895262,NOBLE CORPORATION PLC,gics_energy,1381.0,
FIP,1899883,FTAI INFRASTRUCTURE,gics_indu,4011.0,2023-12-31×1.25;2024-09-30×1.25
ULS,1901440,UL SOLUTIONS INC CLASS A,gics_indu,8734.0,
NCNO,1902733,NCINO,gics_it,7372.0,
QDEL,1906324,QUIDELORTHO CORP,gics_health,2835.0,2024-12-31×1.25
QBTS,1907982,D WAVE QUANTUM,gics_it,7374.0,2025-03-31×2
DINO,1915657,HF SINCLAIR,gics_indu,4610.0,2023-09-30×1.25
ATMU,1921963,ATMUS FILTRATION TECHNOLOGIES,gics_discr,3714.0,2023-12-31×1.25
RXO,1929561,RXO INC,gics_indu,4700.0,2023-12-31×1.25;2024-09-30×1.25;2024-12-31×1.25
FG,1934850,F&G ANNUITIES AND LIFE INC,gics_fin,6311.0,
MBC,1941365,MASTERBRAND,gics_indu,2511.0,2023-12-31×1.25;2026-06-30×1.5
CR,1944013,CRANE,gics_indu,3490.0,
MSGE,1952073,MADISON SQUARE GARDEN ENTERTAINMEN,gics_discr,7990.0,2021-09-30×1.5
KNF,1955520,KNIFE RIVER CORP,gics_mat,1400.0,2023-12-31×1.25
BATRA,1958140,ATLANTA BRAVES HOLDINGS SERIES A,gics_discr,7900.0,2024-09-30×1.25;2025-06-30×0.8;2026-06-30×1.25
BHRB,1964333,BURKE HERBERT FINANCIAL SERVICES C,gics_fin,6021.0,
HUT,1964789,HUT CORP,gics_fin,6199.0,
FTRE,1965040,FORTREA HOLDINGS INC,gics_health,8071.0,
VSTS,1967649,VESTIS,gics_discr,5190.0,2024-09-30×0.8;2026-03-31×0.8
WS,1968487,WORTHINGTON STEEL INC,gics_mat,3310.0,2024-09-30×1.25
PHIN,1968915,PHINIA,gics_discr,3714.0,
SBGI,1971213,SINCLAIR CLASS A,gics_comm,4833.0,2023-12-31×1.25;2026-06-30×1.25
TKO,1973266,TKO Group Holdings Inc,gics_discr,7900.0,2024-09-30×1.25
NATL,1974138,NCR ATLEOS,gics_it,3578.0,
NBBK,1979330,NB BANCORP INC,gics_fin,6036.0,2025-06-30×0.8
CTRI,1981599,CENTURI HOLDINGS INC,gics_util,4923.0,2024-12-31×1.25;2025-12-31×1.25
AESI,1984060,ATLAS ENERGY SOLUTIONS,gics_energy,1311.0,2023-12-31×1.25;2025-03-31×1.25;2026-06-30×1.25
WAY,1990354,WAYSTAR HOLDING,gics_it,7373.0,2025-09-30×1.25
CGON,1991792,CG ONCOLOGY,gics_health,2836.0,2026-06-30×1.25
NWE,1993004,NORTHWESTERN ENERGY GROUP,gics_util,4931.0,2020-12-31×1.25;2023-12-31×1.25
WBTN,1997859,WEBTOON ENTERTAINMENT INC,gics_comm,2741.0,2026-06-30×1.25
FUN,1999001,SIX FLAGS ENTERTAINMENT CORP,gics_discr,7900.0,
PACS,2001184,PACS GROUP,gics_health,8051.0,2026-06-30×1.25
CLMT,2013745,CALUMET,gics_energy,2911.0,2025-09-30×1.25
CON,2014596,CONCENTRA GROUP HOLDINGS PARENT IN,gics_health,8093.0,
ECG,2015845,EVERUS CONSTRUCTION GROUP,gics_indu,1531.0,
SARO,2025410,STANDARDAERO,gics_indu,3724.0,2026-09-30×1.25
CURB,2027317,CURBLINE PROPERTIES,gics_re,6500.0,
