date,open,high,low,close,adjclose,volume
2016-09-19,28.797500610351562,29.045000076293945,28.3125,28.395000457763672,25.974109649658203,188092000
2016-09-20,28.262500762939453,28.530000686645508,28.127500534057617,28.392499923706055,25.971826553344727,138057200
2016-09-21,28.462499618530273,28.497499465942383,28.110000610351562,28.387500762939453,25.96725845336914,144012800
2016-09-22,28.587499618530273,28.735000610351562,28.5,28.655000686645508,26.211942672729492,124296000
2016-09-23,28.604999542236328,28.697500228881836,27.887500762939453,28.177499771118164,25.775161743164062,209924800
2016-09-26,27.90999984741211,28.34749984741211,27.887500762939453,28.219999313354492,25.814035415649414,119477600
2016-09-27,28.25,28.295000076293945,28.084999084472656,28.272499084472656,25.862060546875,98429600
2016-09-28,28.422500610351562,28.65999984741211,28.357500076293945,28.487499237060547,26.058731079101562,118564400
2016-09-29,28.290000915527344,28.450000762939453,27.950000762939453,28.045000076293945,25.65395736694336,143548000
2016-09-30,28.114999771118164,28.342500686645508,27.950000762939453,28.262500762939453,25.852916717529297,145516400
2016-10-03,28.177499771118164,28.262500762939453,28.06999969482422,28.1299991607666,25.731706619262695,86807200
2016-10-04,28.264999389648438,28.577499389648438,28.157499313354492,28.25,25.841472625732422,118947200
2016-10-05,28.350000381469727,28.415000915527344,28.172500610351562,28.262500762939453,25.852916717529297,85812400
2016-10-06,28.424999237060547,28.584999084472656,28.282499313354492,28.47249984741211,26.045005798339844,115117200
2016-10-07,28.577499389648438,28.639999389648438,28.377500534057617,28.514999389648438,26.083885192871094,97433600
2016-10-10,28.7549991607666,29.1875,28.68000030517578,29.012500762939453,26.538970947265625,144944000
2016-10-11,29.424999237060547,29.672500610351562,29.049999237060547,29.075000762939453,26.596134185791016,256164000
2016-10-12,29.337499618530273,29.4950008392334,29.1875,29.334999084472656,26.833974838256836,150347200
2016-10-13,29.197500228881836,29.360000610351562,28.93000030517578,29.2450008392334,26.751646041870117,140769600
2016-10-14,29.469999313354492,29.542499542236328,29.282499313354492,29.407499313354492,26.900293350219727,142608800
2016-10-17,29.332500457763672,29.459999084472656,29.19499969482422,29.387500762939453,26.881990432739258,94499600
2016-10-18,29.545000076293945,29.552499771118164,29.362499237060547,29.36750030517578,26.86370277404785,98214000
2016-10-19,29.3125,29.440000534057617,28.450000762939453,29.280000686645508,26.783658981323242,80138400
2016-10-20,29.21500015258789,29.344999313354492,29.082500457763672,29.264999389648438,26.76993179321289,96503200
2016-10-21,29.202499389648438,29.227500915527344,29.06999969482422,29.149999618530273,26.664745330810547,92770800
2016-10-24,29.274999618530273,29.434999465942383,29.25,29.412500381469727,26.904869079589844,94154800
2016-10-25,29.487499237060547,29.59000015258789,29.327499389648438,29.5625,27.042076110839844,192516000
2016-10-26,28.577499389648438,28.924999237060547,28.327499389648438,28.897499084472656,26.43376922607422,264536800
2016-10-27,28.84749984741211,28.96500015258789,28.524999618530273,28.6200008392334,26.179927825927734,138248000
2016-10-28,28.467500686645508,28.802499771118164,28.362499237060547,28.43000030517578,26.006126403808594,151446800
2016-10-31,28.412500381469727,28.5575008392334,28.299999237060547,28.385000228881836,25.964969635009766,105677600
2016-11-01,28.364999771118164,28.4424991607666,27.63249969482422,27.872499465942383,25.49616050720215,175303200
2016-11-02,27.850000381469727,28.087499618530273,27.8075008392334,27.897499084472656,25.51902198791504,113326800
2016-11-03,27.7450008392334,27.864999771118164,27.387500762939453,27.457500457763672,25.24549674987793,107730400
2016-11-04,27.13249969482422,27.5625,27.02750015258789,27.209999084472656,25.017934799194336,123348000
2016-11-07,27.520000457763672,27.627500534057617,27.364999771118164,27.602500915527344,25.378816604614258,130240000
2016-11-08,27.577499389648438,27.93000030517578,27.424999237060547,27.764999389648438,25.52822494506836,97016800
2016-11-09,27.469999313354492,27.829999923706055,27.012500762939453,27.719999313354492,25.486848831176758,236705600
2016-11-10,27.772499084472656,27.772499084472656,26.457500457763672,26.947500228881836,24.77659034729004,228538000
2016-11-11,26.780000686645508,27.217500686645508,26.637500762939453,27.107500076293945,24.923694610595703,136575600
2016-11-14,26.927499771118164,26.952499389648438,26.020000457763672,26.427499771118164,24.298471450805664,204702000
2016-11-15,26.642499923706055,26.920000076293945,26.540000915527344,26.77750015258789,24.62027359008789,129058000
2016-11-16,26.674999237060547,27.5575008392334,26.649999618530273,27.497499465942383,25.282272338867188,235362000
2016-11-17,27.452499389648438,27.587499618530273,27.207500457763672,27.487499237060547,25.27308464050293,110528000
2016-11-18,27.43000030517578,27.635000228881836,27.415000915527344,27.514999389648438,25.29836654663086,113715600
2016-11-21,27.530000686645508,27.997499465942383,27.502500534057617,27.9325008392334,25.682226181030273,117058400
2016-11-22,27.987499237060547,28.104999542236328,27.850000381469727,27.950000762939453,25.698322296142578,103862000
2016-11-23,27.84000015258789,27.877500534057617,27.582500457763672,27.8075008392334,25.56730079650879,109705600
2016-11-25,27.782499313354492,27.967500686645508,27.737499237060547,27.947500228881836,25.696020126342773,45903600
2016-11-28,27.857500076293945,28.11750030517578,27.84749984741211,27.892499923706055,25.64544677734375,108776000
2016-11-29,27.69499969482422,28.00749969482422,27.517499923706055,27.864999771118164,25.62017250061035,114115200
2016-11-30,27.899999618530273,28.049999237060547,27.5674991607666,27.6299991607666,25.40409278869629,144649200
2016-12-01,27.592500686645508,27.735000610351562,27.25749969482422,27.372499465942383,25.16735076904297,148347600
2016-12-02,27.292499542236328,27.522499084472656,27.212499618530273,27.475000381469727,25.261592864990234,106112000
2016-12-05,27.5,27.50749969482422,27.0625,27.27750015258789,25.079999923706055,137298000
2016-12-06,27.375,27.59000015258789,27.297500610351562,27.487499237060547,25.27308464050293,104782000
2016-12-07,27.315000534057617,27.797500610351562,27.290000915527344,27.75749969482422,25.52132225036621,119994800
2016-12-08,27.71500015258789,28.107500076293945,27.649999618530273,28.030000686645508,25.771883010864258,108273200
2016-12-09,28.077499389648438,28.674999237060547,28.077499389648438,28.487499237060547,26.192522048950195,137610400
2016-12-12,28.322500228881836,28.75,28.122499465942383,28.325000762939453,26.043115615844727,105497600
2016-12-13,28.459999084472656,28.979999542236328,28.4375,28.797500610351562,26.477542877197266,174935200
2016-12-14,28.760000228881836,29.049999237060547,28.7450008392334,28.797500610351562,26.477542877197266,136127200
2016-12-15,28.844999313354492,29.1825008392334,28.8075008392334,28.954999923706055,26.622352600097656,186098000
2016-12-16,29.11750030517578,29.125,28.912500381469727,28.99250030517578,26.65683937072754,177404400
2016-12-19,28.950000762939453,29.344999313354492,28.9375,29.15999984741211,26.81084442138672,111117600
2016-12-20,29.184999465942383,29.375,29.170000076293945,29.237499237060547,26.882099151611328,85700000
2016-12-21,29.200000762939453,29.350000381469727,29.19499969482422,29.264999389648438,26.907384872436523,95132800
2016-12-22,29.087499618530273,29.127500534057617,28.90999984741211,29.072500228881836,26.73039436340332,104343600
2016-12-23,28.897499084472656,29.1299991607666,28.897499084472656,29.1299991607666,26.78325653076172,56998000
2016-12-27,29.1299991607666,29.450000762939453,29.122499465942383,29.315000534057617,26.953353881835938,73187600
2016-12-28,29.3799991607666,29.5049991607666,29.049999237060547,29.190000534057617,26.83842658996582,83623600
2016-12-29,29.112499237060547,29.27750015258789,29.100000381469727,29.1825008392334,26.8315372467041,60158000
2016-12-30,29.162500381469727,29.299999237060547,28.857500076293945,28.954999923706055,26.622352600097656,122345200
2017-01-03,28.950000762939453,29.082500457763672,28.690000534057617,29.037500381469727,26.698213577270508,115127600
2017-01-04,28.962499618530273,29.127500534057617,28.9375,29.0049991607666,26.668331146240234,84472400
2017-01-05,28.979999542236328,29.21500015258789,28.952499389648438,29.15250015258789,26.8039493560791,88774400
2017-01-06,29.19499969482422,29.540000915527344,29.11750030517578,29.477500915527344,27.102764129638672,127007600
2017-01-09,29.487499237060547,29.857500076293945,29.485000610351562,29.747499465942383,27.351009368896484,134247600
2017-01-10,29.6924991607666,29.844999313354492,29.575000762939453,29.77750015258789,27.378599166870117,97848400
2017-01-11,29.684999465942383,29.982500076293945,29.649999618530273,29.9375,27.52570343017578,110354400
2017-01-12,29.725000381469727,29.825000762939453,29.552499771118164,29.8125,27.410776138305664,108344800
2017-01-13,29.77750015258789,29.905000686645508,29.702499389648438,29.760000228881836,27.362510681152344,104447600
2017-01-17,29.584999084472656,30.059999465942383,29.55500030517578,30.0,27.583171844482422,137759200
2017-01-18,30.0,30.125,29.927499771118164,29.997499465942383,27.580875396728516,94852000
2017-01-19,29.850000381469727,30.022499084472656,29.842500686645508,29.94499969482422,27.532604217529297,102389200
2017-01-20,30.112499237060547,30.112499237060547,29.9325008392334,30.0,27.583171844482422,130391600
2017-01-23,30.0,30.202499389648438,29.9424991607666,30.020000457763672,27.601558685302734,88200800
2017-01-24,29.887500762939453,30.024999618530273,29.875,29.99250030517578,27.57627296447754,92844000
2017-01-25,30.104999542236328,30.524999618530273,30.06999969482422,30.469999313354492,28.015300750732422,129510400
2017-01-26,30.417499542236328,30.610000610351562,30.399999618530273,30.485000610351562,28.029094696044922,105350400
2017-01-27,30.53499984741211,30.587499618530273,30.399999618530273,30.487499237060547,28.03139305114746,82251600
2017-01-30,30.232500076293945,30.407499313354492,30.165000915527344,30.407499313354492,27.957841873168945,121510000
2017-01-31,30.287500381469727,30.34749984741211,30.155000686645508,30.337499618530273,27.893476486206055,196804000
2017-02-01,31.75749969482422,32.622501373291016,31.752500534057617,32.1875,29.594444274902344,447940000
2017-02-02,31.9950008392334,32.34749984741211,31.94499969482422,32.13249969482422,29.54387855529785,134841600
2017-02-03,32.07749938964844,32.29750061035156,32.040000915527344,32.27000045776367,29.670291900634766,98029200
2017-02-06,32.282501220703125,32.625,32.224998474121094,32.5724983215332,29.948429107666016,107383600
2017-02-07,32.6349983215332,33.022499084472656,32.61249923706055,32.88249969482422,30.233455657958984,152735200
2017-02-08,32.837501525878906,33.05500030517578,32.80500030517578,33.0099983215332,30.350688934326172,92016400
2017-02-09,32.912498474121094,33.11249923706055,32.779998779296875,33.10499954223633,30.569997787475586,113399600
2017-02-10,33.1150016784668,33.23500061035156,33.01250076293945,33.029998779296875,30.500736236572266,80262000
2017-02-13,33.27000045776367,33.45500183105469,33.1875,33.3224983215332,30.770835876464844,92141600
2017-02-14,33.36750030517578,33.772499084472656,33.3125,33.755001068115234,31.17022132873535,132904800
2017-02-15,33.880001068115234,34.067501068115234,33.654998779296875,33.877498626708984,31.283340454101562,142492400
2017-02-16,33.91749954223633,33.974998474121094,33.709999084472656,33.837501525878906,31.246400833129883,90338400
2017-02-17,33.775001525878906,33.95750045776367,33.775001525878906,33.93000030517578,31.331817626953125,88792800
2017-02-21,34.057498931884766,34.1875,33.994998931884766,34.17499923706055,31.558059692382812,98028800
2017-02-22,34.10749816894531,34.279998779296875,34.02750015258789,34.27750015258789,31.652708053588867,83347600
2017-02-23,34.345001220703125,34.369998931884766,34.07500076293945,34.13249969482422,31.51880645751953,83152800
2017-02-24,33.977500915527344,34.165000915527344,33.81999969482422,34.165000915527344,31.548830032348633,87106400
2017-02-27,34.28499984741211,34.36000061035156,34.06999969482422,34.23249816894531,31.611156463623047,81029600
2017-02-28,34.27000045776367,34.36000061035156,34.17499923706055,34.247501373291016,31.62500762939453,93931600
2017-03-01,34.47249984741211,35.037498474121094,34.400001525878906,34.9474983215332,32.27140808105469,145658400
2017-03-02,35.0,35.06999969482422,34.689998626708984,34.7400016784668,32.07979965209961,104844000
2017-03-03,34.69499969482422,34.95750045776367,34.647499084472656,34.94499969482422,32.26910400390625,84432400
2017-03-06,34.842498779296875,34.942501068115234,34.650001525878906,34.834999084472656,32.16753387451172,87000000
2017-03-07,34.76499938964844,34.994998931884766,34.6974983215332,34.880001068115234,32.209083557128906,69785200
2017-03-08,34.73749923706055,34.95000076293945,34.70500183105469,34.75,32.08903121948242,74828800
2017-03-09,34.685001373291016,34.6974983215332,34.26250076293945,34.66999816894531,32.015159606933594,88623600
2017-03-10,34.8125,34.84000015258789,34.65999984741211,34.78499984741211,32.12135314941406,78451200
2017-03-13,34.712501525878906,34.85749816894531,34.70500183105469,34.79999923706055,32.13520812988281,69686800
2017-03-14,34.82500076293945,34.912498474121094,34.709999084472656,34.747501373291016,32.08671569824219,61236400
2017-03-15,34.852500915527344,35.1875,34.75749969482422,35.1150016784668,32.42607879638672,102767200
2017-03-16,35.18000030517578,35.255001068115234,35.064998626708984,35.17250061035156,32.47917556762695,76928000
2017-03-17,35.25,35.25,34.97249984741211,34.997501373291016,32.317569732666016,175540000
2017-03-20,35.099998474121094,35.375,35.057498931884766,35.3650016784668,32.656944274902344,86168000
2017-03-21,35.52750015258789,35.70000076293945,34.932498931884766,34.959999084472656,32.28294372558594,158119600
2017-03-22,34.962501525878906,35.400001525878906,34.939998626708984,35.35499954223633,32.647708892822266,103440800
2017-03-23,35.314998626708984,35.39500045776367,35.15250015258789,35.22999954223633,32.53227233886719,81385200
2017-03-24,35.375,35.435001373291016,35.087501525878906,35.15999984741211,32.46764373779297,89582400
2017-03-27,34.84749984741211,35.30500030517578,34.654998779296875,35.220001220703125,32.52303695678711,94300400
2017-03-28,35.227500915527344,36.0099983215332,35.154998779296875,35.95000076293945,33.19713592529297,133499200
2017-03-29,35.91999816894531,36.122501373291016,35.79750061035156,36.029998779296875,33.27101135253906,116760000
2017-03-30,36.04750061035156,36.125,35.875,35.98249816894531,33.227142333984375,84829200
2017-03-31,35.93000030517578,36.067501068115234,35.752498626708984,35.915000915527344,33.16482162475586,78646800
2017-04-03,35.9275016784668,36.029998779296875,35.76250076293945,35.92499923706055,33.17405700683594,79942800
2017-04-04,35.8125,36.22249984741211,35.79249954223633,36.192501068115234,33.42107009887695,79565600
2017-04-05,36.05500030517578,36.3650016784668,35.95249938964844,36.005001068115234,33.247920989990234,110871600
2017-04-06,36.0724983215332,36.130001068115234,35.86249923706055,35.915000915527344,33.16482162475586,84596000
2017-04-07,35.932498931884766,36.04499816894531,35.817501068115234,35.834999084472656,33.0909423828125,66688800
2017-04-10,35.900001525878906,35.970001220703125,35.724998474121094,35.79249954223633,33.05170822143555,75733600
2017-04-11,35.73500061035156,35.837501525878906,35.01499938964844,35.407501220703125,32.69618225097656,121517600
2017-04-12,35.400001525878906,35.537498474121094,35.252498626708984,35.45000076293945,32.73543167114258,81400000
2017-04-13,35.477500915527344,35.595001220703125,35.26250076293945,35.26250076293945,32.562278747558594,71291600
2017-04-17,35.369998931884766,35.470001220703125,35.217498779296875,35.45750045776367,32.742347717285156,66328400
2017-04-18,35.352500915527344,35.5099983215332,35.27750015258789,35.29999923706055,32.596920013427734,58790000
2017-04-19,35.470001220703125,35.5,35.11249923706055,35.16999816894531,32.476871490478516,69313600
2017-04-20,35.30500030517578,35.72999954223633,35.290000915527344,35.61000061035156,32.88317108154297,93278400
2017-04-21,35.61000061035156,35.66999816894531,35.462501525878906,35.567501068115234,32.84392166137695,69283600
2017-04-24,35.875,35.98749923706055,35.79499816894531,35.90999984741211,33.16020584106445,68537200
2017-04-25,35.977500915527344,36.224998474121094,35.967498779296875,36.13249969482422,33.365657806396484,75486000
2017-04-26,36.11750030517578,36.150001525878906,35.845001220703125,35.91999816894531,33.16943359375,80164800
2017-04-27,35.97999954223633,36.040000915527344,35.82749938964844,35.9474983215332,33.19482421875,56985200
2017-04-28,36.022499084472656,36.07500076293945,35.817501068115234,35.912498474121094,33.16250991821289,83441600
2017-05-01,36.275001525878906,36.79999923706055,36.2400016784668,36.64500045776367,33.83892059326172,134411600
2017-05-02,36.8849983215332,37.022499084472656,36.709999084472656,36.877498626708984,34.053627014160156,181408800
2017-05-03,36.397499084472656,36.872501373291016,36.067501068115234,36.76499938964844,33.94973373413086,182788000
2017-05-04,36.630001068115234,36.78499984741211,36.45249938964844,36.63249969482422,33.827388763427734,93487600
2017-05-05,36.689998626708984,37.244998931884766,36.689998626708984,37.2400016784668,34.388362884521484,109310800
2017-05-08,37.25749969482422,38.42499923706055,37.25749969482422,38.252498626708984,35.32332992553711,195009600
2017-05-09,38.467498779296875,38.720001220703125,38.36249923706055,38.497501373291016,35.54957580566406,156521600
2017-05-10,38.407501220703125,38.48500061035156,38.02750015258789,38.314998626708984,35.38104248046875,103222800
2017-05-11,38.11249923706055,38.51750183105469,38.07749938964844,38.48749923706055,35.68703079223633,109020400
2017-05-12,38.67499923706055,39.10499954223633,38.66749954223633,39.025001525878906,36.18541717529297,130108000
2017-05-15,39.002498626708984,39.162498474121094,38.76250076293945,38.92499923706055,36.09269714355469,104038800
2017-05-16,38.98500061035156,39.01499938964844,38.68000030517578,38.86750030517578,36.03938293457031,80194000
2017-05-17,38.400001525878906,38.64250183105469,37.4275016784668,37.5625,34.829322814941406,203070800
2017-05-18,37.817501068115234,38.334999084472656,37.782501220703125,38.1349983215332,35.36018371582031,134272800
2017-05-19,38.345001220703125,38.494998931884766,38.157501220703125,38.26499938964844,35.480716705322266,107843200
2017-05-22,38.5,38.64500045776367,38.227500915527344,38.497501373291016,35.6963005065918,91865600
2017-05-23,38.724998474121094,38.724998474121094,38.32749938964844,38.45000076293945,35.65226364135742,79675600
2017-05-24,38.459999084472656,38.54249954223633,38.16749954223633,38.334999084472656,35.54563522338867,76712000
2017-05-25,38.432498931884766,38.587501525878906,38.25749969482422,38.467498779296875,35.66849136352539,76942400
2017-05-26,38.5,38.560001373291016,38.32749938964844,38.40250015258789,35.60820388793945,87710400
2017-05-30,38.35499954223633,38.60749816894531,38.33250045776367,38.41749954223633,35.62211227416992,80507600
2017-05-31,38.49250030517578,38.54249954223633,38.095001220703125,38.189998626708984,35.41117477416992,97804800
2017-06-01,38.29249954223633,38.33250045776367,38.05500030517578,38.29499816894531,35.50853729248047,65616400
2017-06-02,38.39500045776367,38.86249923706055,38.22249984741211,38.86249923706055,36.03474426269531,111082800
2017-06-05,38.584999084472656,38.61249923706055,38.3650016784668,38.48249816894531,35.682395935058594,101326800
2017-06-06,38.474998474121094,38.95249938964844,38.44499969482422,38.61249923706055,35.80293273925781,106499600
2017-06-07,38.755001068115234,38.994998931884766,38.619998931884766,38.842498779296875,36.01619338989258,84278400
2017-06-08,38.8125,38.8849983215332,38.599998474121094,38.747501373291016,35.92811584472656,85003200
2017-06-09,38.79750061035156,38.79750061035156,36.505001068115234,37.244998931884766,34.534934997558594,259530800
2017-06-12,36.435001373291016,36.522499084472656,35.627498626708984,36.35499954223633,33.70969772338867,289229200
2017-06-13,36.790000915527344,36.86249923706055,36.287498474121094,36.647499084472656,33.98090744018555,136661600
2017-06-14,36.875,36.875,35.959999084472656,36.290000915527344,33.64942932128906,126124800
2017-06-15,35.83000183105469,36.119998931884766,35.5525016784668,36.0724983215332,33.447750091552734,128661600
2017-06-16,35.94499969482422,36.125,35.54999923706055,35.567501068115234,32.97949981689453,201444400
2017-06-19,35.915000915527344,36.685001373291016,35.915000915527344,36.584999084472656,33.92295837402344,130165600
2017-06-20,36.717498779296875,36.717498779296875,36.23500061035156,36.252498626708984,33.614654541015625,99600400
2017-06-21,36.380001068115234,36.51750183105469,36.15250015258789,36.467498779296875,33.81402587890625,85063200
2017-06-22,36.442501068115234,36.67499923706055,36.279998779296875,36.407501220703125,33.75838088989258,76425200
2017-06-23,36.282501220703125,36.790000915527344,36.27750015258789,36.56999969482422,33.909053802490234,141757600
2017-06-26,36.79249954223633,37.06999969482422,36.345001220703125,36.45500183105469,33.80242156982422,102769600
2017-06-27,36.252498626708984,36.540000915527344,35.904998779296875,35.932498931884766,33.31795120239258,99047600
2017-06-28,36.122501373291016,36.52750015258789,35.790000915527344,36.45750045776367,33.80472946166992,88329600
2017-06-29,36.1775016784668,36.282501220703125,35.56999969482422,35.91999816894531,33.306339263916016,125997600
2017-06-30,36.11249923706055,36.2400016784668,35.94499969482422,36.005001068115234,33.38517379760742,92096400
2017-07-03,36.220001220703125,36.32500076293945,35.775001525878906,35.875,33.26462173461914,57111200
2017-07-05,35.92250061035156,36.1974983215332,35.68000030517578,36.022499084472656,33.401397705078125,86278400
2017-07-06,35.755001068115234,35.875,35.602500915527344,35.682498931884766,33.08613204956055,96515200
2017-07-07,35.724998474121094,36.1875,35.724998474121094,36.04499816894531,33.4222412109375,76806800
2017-07-10,36.02750015258789,36.48749923706055,35.842498779296875,36.26499938964844,33.62623977661133,84362400
2017-07-11,36.182498931884766,36.462501525878906,36.095001220703125,36.38249969482422,33.735191345214844,79127200
2017-07-12,36.467498779296875,36.54499816894531,36.20500183105469,36.435001373291016,33.78388214111328,99538000
2017-07-13,36.375,37.122501373291016,36.36000061035156,36.942501068115234,34.25444030761719,100797600
2017-07-14,36.99250030517578,37.33250045776367,36.83250045776367,37.2599983215332,34.548851013183594,80528400
2017-07-17,37.20500183105469,37.724998474121094,37.14250183105469,37.38999938964844,34.66938781738281,95174000
2017-07-18,37.29999923706055,37.532501220703125,37.16749954223633,37.52000045776367,34.78992462158203,71475200
2017-07-19,37.619998931884766,37.85499954223633,37.48749923706055,37.755001068115234,35.00782775878906,83692000
2017-07-20,37.875,37.935001373291016,37.54750061035156,37.584999084472656,34.85020065307617,68974800
2017-07-21,37.497501373291016,37.61000061035156,37.220001220703125,37.567501068115234,34.83396530151367,105010400
2017-07-24,37.64500045776367,38.11000061035156,37.474998474121094,38.022499084472656,35.25586700439453,85972800
2017-07-25,37.95000076293945,38.459999084472656,37.95000076293945,38.185001373291016,35.40653610229492,75415600
2017-07-26,38.337501525878906,38.48249816894531,38.26499938964844,38.3650016784668,35.573463439941406,63124000
2017-07-27,38.4375,38.497501373291016,36.82500076293945,37.63999938964844,34.901206970214844,129905200
2017-07-28,37.47249984741211,37.557498931884766,37.29750061035156,37.375,34.655479431152344,68854800
2017-07-31,37.474998474121094,37.58250045776367,37.032501220703125,37.182498931884766,34.47697830200195,79383600
2017-08-01,37.275001525878906,37.55500030517578,37.102500915527344,37.51250076293945,34.7829704284668,141474400
2017-08-02,39.81999969482422,39.9375,39.040000915527344,39.28499984741211,36.42649459838867,279747200
2017-08-03,39.26250076293945,39.3025016784668,38.755001068115234,38.89250183105469,36.06256866455078,108389200
2017-08-04,39.01750183105469,39.349998474121094,38.92250061035156,39.09749984741211,36.25264358520508,82239600
2017-08-07,39.26499938964844,39.72999954223633,39.16749954223633,39.70249938964844,36.81361770629883,87481200
2017-08-08,39.650001525878906,40.45750045776367,39.567501068115234,40.02000045776367,37.10801315307617,144823600
2017-08-09,39.814998626708984,40.317501068115234,39.77750015258789,40.26499938964844,37.3351936340332,104526000
2017-08-10,39.974998474121094,40.0,38.657501220703125,38.83000183105469,36.1460075378418,163217200
2017-08-11,39.150001525878906,39.64250183105469,39.01750183105469,39.369998931884766,36.64866638183594,105028400
2017-08-14,39.83000183105469,40.0525016784668,39.6875,39.962501525878906,37.20020294189453,88490800
2017-08-15,40.165000915527344,40.54999923706055,40.03499984741211,40.400001525878906,37.607479095458984,117862000
2017-08-16,40.48500061035156,40.627498626708984,40.037498474121094,40.23749923706055,37.45621109008789,110686400
2017-08-17,40.130001068115234,40.1775016784668,39.459999084472656,39.46500015258789,36.737098693847656,111762400
2017-08-18,39.46500015258789,39.875,39.18000030517578,39.375,36.6533317565918,109712400
2017-08-21,39.375,39.47249984741211,38.77750015258789,39.3025016784668,36.58583068847656,105474000
2017-08-22,39.557498931884766,40.0,39.505001068115234,39.94499969482422,37.18392562866211,86418400
2017-08-23,39.76750183105469,40.11750030517578,39.720001220703125,39.994998931884766,37.230464935302734,77596400
2017-08-24,40.10749816894531,40.185001373291016,39.63750076293945,39.817501068115234,37.065242767333984,79275600
2017-08-25,39.912498474121094,40.13999938964844,39.817501068115234,39.96500015258789,37.202545166015625,101920400
2017-08-28,40.03499984741211,40.5,39.98249816894531,40.36750030517578,37.57722091674805,103864000
2017-08-29,40.025001525878906,40.779998779296875,40.0,40.727500915527344,37.912353515625,118067600
2017-08-30,40.95000076293945,40.97249984741211,40.65250015258789,40.837501525878906,38.014732360839844,109078400
2017-08-31,40.90999984741211,41.130001068115234,40.869998931884766,41.0,38.16600036621094,107140400
2017-09-01,41.20000076293945,41.23500061035156,40.907501220703125,41.01250076293945,38.17763900756836,66364400
2017-09-05,40.9375,41.0625,40.13999938964844,40.52000045776367,37.71918487548828,117874000
2017-09-06,40.6775016784668,40.747501373291016,40.130001068115234,40.477500915527344,37.67961883544922,86606800
2017-09-07,40.522499084472656,40.560001373291016,40.09000015258789,40.314998626708984,37.528343200683594,87714000
2017-09-08,40.21500015258789,40.287498474121094,39.63249969482422,39.657501220703125,36.91630935668945,114446000
2017-09-11,40.125,40.51250076293945,39.97249984741211,40.375,37.584205627441406,126323200
2017-09-12,40.65250015258789,40.9900016784668,39.692501068115234,40.21500015258789,37.43526840209961,286856000
2017-09-13,39.967498779296875,39.9900016784668,39.477500915527344,39.912498474121094,37.15367126464844,179629600
2017-09-14,39.747501373291016,39.849998474121094,39.522499084472656,39.56999969482422,36.834835052490234,95042800
2017-09-15,39.61750030517578,40.24250030517578,39.5,39.970001220703125,37.207191467285156,196458400
2017-09-18,40.02750015258789,40.125,39.5,39.66749954223633,36.92560958862305,113077600
2017-09-19,39.877498626708984,39.942501068115234,39.61000061035156,39.682498931884766,36.9395751953125,83242400
2017-09-20,39.474998474121094,39.564998626708984,38.45750045776367,39.01750183105469,36.3205451965332,211805600
2017-09-21,38.95000076293945,38.95000076293945,38.1875,38.34749984741211,35.69684600830078,150046800
2017-09-22,37.8849983215332,38.067501068115234,37.63999938964844,37.97249984741211,35.34775924682617,186581600
2017-09-25,37.497501373291016,37.95750045776367,37.290000915527344,37.63750076293945,35.035926818847656,177549200
2017-09-26,37.94499969482422,38.47999954223633,37.92250061035156,38.28499984741211,35.638671875,146640000
2017-09-27,38.45000076293945,38.68000030517578,38.3849983215332,38.557498931884766,35.892330169677734,102016800
2017-09-28,38.47249984741211,38.56999969482422,38.17499923706055,38.31999969482422,35.6712532043457,88022000
2017-09-29,38.3025016784668,38.532501220703125,38.0,38.529998779296875,35.86672592163086,105199200
2017-10-02,38.564998626708984,38.61249923706055,38.18000030517578,38.45249938964844,35.79459762573242,74795200
2017-10-03,38.502498626708984,38.772499084472656,38.477500915527344,38.619998931884766,35.95051574707031,64921200
2017-10-04,38.407501220703125,38.46500015258789,38.1150016784668,38.369998931884766,35.717796325683594,80655200
2017-10-05,38.54499816894531,38.86000061035156,38.51250076293945,38.84749984741211,36.16228103637695,85135200
2017-10-06,38.74250030517578,38.872501373291016,38.63999938964844,38.82500076293945,36.141334533691406,69630400
2017-10-09,38.95249938964844,39.182498931884766,38.872501373291016,38.959999084472656,36.26701354980469,65051600
2017-10-10,39.01499938964844,39.5,38.775001525878906,38.974998474121094,36.280975341796875,62468000
2017-10-11,38.99250030517578,39.244998931884766,38.9375,39.13750076293945,36.432247161865234,67622400
2017-10-12,39.087501525878906,39.342498779296875,38.932498931884766,39.0,36.304237365722656,64500400
2017-10-13,39.182498931884766,39.31999969482422,39.102500915527344,39.247501373291016,36.53464889526367,65576800
2017-10-16,39.474998474121094,40.0,39.412498474121094,39.970001220703125,37.207191467285156,96486000
2017-10-17,39.94499969482422,40.217498779296875,39.807498931884766,40.11750030517578,37.344505310058594,75989200
2017-10-18,40.10499954223633,40.1775016784668,39.900001525878906,39.939998626708984,37.17927169799805,65496800
2017-10-19,39.1875,39.27000045776367,38.755001068115234,38.994998931884766,36.299583435058594,170336800
2017-10-20,39.15250015258789,39.4375,38.9900016784668,39.0625,36.362422943115234,95896400
2017-10-23,39.22249984741211,39.42250061035156,38.875,39.04249954223633,36.343814849853516,87937200
2017-10-24,39.0724983215332,39.35499954223633,39.04999923706055,39.275001525878906,36.56024169921875,71028800
2017-10-25,39.227500915527344,39.38750076293945,38.817501068115234,39.102500915527344,36.39967346191406,84828400
2017-10-26,39.307498931884766,39.45750045776367,39.19499969482422,39.352500915527344,36.632381439208984,68002000
2017-10-27,39.8224983215332,40.900001525878906,39.67499923706055,40.76250076293945,37.94492721557617,177816800
2017-10-30,40.97249984741211,42.01750183105469,40.93000030517578,41.68000030517578,38.79901123046875,178803200
2017-10-31,41.974998474121094,42.412498474121094,41.73500061035156,42.2599983215332,39.33891677856445,144187200
2017-11-01,42.467498779296875,42.48500061035156,41.40250015258789,41.72249984741211,38.838558197021484,134551200
2017-11-02,41.650001525878906,42.125,41.31999969482422,42.02750015258789,39.12248992919922,165573600
2017-11-03,43.5,43.564998626708984,42.779998779296875,43.125,40.14411926269531,237594400
2017-11-06,43.092498779296875,43.747501373291016,42.93000030517578,43.5625,40.551387786865234,140105200
2017-11-07,43.477500915527344,43.8125,43.400001525878906,43.70249938964844,40.681705474853516,97446000
2017-11-08,43.665000915527344,44.060001373291016,43.58250045776367,44.060001373291016,41.01448440551758,97638000
2017-11-09,43.77750015258789,44.025001525878906,43.28499984741211,43.970001220703125,40.93071365356445,117930400
2017-11-10,43.77750015258789,43.845001220703125,43.567501068115234,43.66749954223633,40.79525375366211,100582000
2017-11-13,43.375,43.625,43.349998474121094,43.49250030517578,40.63176727294922,67928400
2017-11-14,43.2599983215332,43.369998931884766,42.79499816894531,42.834999084472656,40.017513275146484,99130000
2017-11-15,42.49250030517578,42.58000183105469,42.095001220703125,42.27000045776367,39.48967361450195,116632400
2017-11-16,42.79499816894531,42.967498779296875,42.57500076293945,42.775001525878906,39.961456298828125,94550000
2017-11-17,42.7599983215332,42.84749984741211,42.40999984741211,42.537498474121094,39.73957443237305,87598000
2017-11-20,42.5724983215332,42.63999938964844,42.38999938964844,42.494998931884766,39.69987487792969,65049600
2017-11-21,42.69499969482422,43.42499923706055,42.69499969482422,43.28499984741211,40.43790054321289,100525200
2017-11-22,43.34000015258789,43.75,43.26250076293945,43.7400016784668,40.86297607421875,102355600
2017-11-24,43.775001525878906,43.875,43.662498474121094,43.74250030517578,40.865318298339844,56106800
2017-11-27,43.76250076293945,43.77000045776367,43.334999084472656,43.522499084472656,40.6597900390625,82867200
2017-11-28,43.57500076293945,43.717498779296875,42.96500015258789,43.26750183105469,40.42155838012695,105715200
2017-11-29,43.157501220703125,43.22999954223633,41.790000915527344,42.369998931884766,39.583091735839844,166665600
2017-11-30,42.60749816894531,43.03499984741211,42.11000061035156,42.962501525878906,40.1366081237793,166108800
2017-12-01,42.48749923706055,42.91749954223633,42.125,42.76250076293945,39.94977569580078,159037200
2017-12-04,43.119998931884766,43.154998779296875,42.407501220703125,42.45000076293945,39.6578369140625,130169600
2017-12-05,42.26499938964844,42.880001068115234,42.099998474121094,42.40999984741211,39.62046432495117,109400800
2017-12-06,41.875,42.54999923706055,41.6150016784668,42.252498626708984,39.47331237792969,114240000
2017-12-07,42.25749969482422,42.61000061035156,42.227500915527344,42.33000183105469,39.545745849609375,102693200
2017-12-08,42.622501373291016,42.75,42.20500183105469,42.342498779296875,39.55740737915039,93420800
2017-12-11,42.29999923706055,43.22249984741211,42.1974983215332,43.16749954223633,40.32814025878906,141095200
2017-12-12,43.037498474121094,43.09749984741211,42.8650016784668,42.92499923706055,40.101585388183594,77636800
2017-12-13,43.125,43.3849983215332,43.0,43.067501068115234,40.23471450805664,95273600
2017-12-14,43.099998474121094,43.282501220703125,42.912498474121094,43.05500030517578,40.22303771972656,81906000
2017-12-15,43.407501220703125,43.54249954223633,43.1150016784668,43.49250030517578,40.63176727294922,160677200
2017-12-18,43.720001220703125,44.29999923706055,43.71500015258789,44.10499954223633,41.20397186279297,117684400
2017-12-19,43.75749969482422,43.84749984741211,43.522499084472656,43.6349983215332,40.7648811340332,109745600
2017-12-20,43.717498779296875,43.85499954223633,43.3125,43.587501525878906,40.720516204833984,93902400
2017-12-21,43.54249954223633,44.005001068115234,43.525001525878906,43.752498626708984,40.874656677246094,83799600
2017-12-22,43.66999816894531,43.85499954223633,43.625,43.752498626708984,40.874656677246094,65397600
2017-12-26,42.70000076293945,42.86750030517578,42.41999816894531,42.64250183105469,39.83766555786133,132742000
2017-12-27,42.525001525878906,42.69499969482422,42.4275016784668,42.650001525878906,39.84468078613281,85992800
2017-12-28,42.75,42.962501525878906,42.619998931884766,42.77000045776367,39.956787109375,65920800
2017-12-29,42.630001068115234,42.647499084472656,42.30500030517578,42.307498931884766,39.524688720703125,103999600
2018-01-02,42.540000915527344,43.07500076293945,42.314998626708984,43.064998626708984,40.232391357421875,102223600
2018-01-03,43.13249969482422,43.63750076293945,42.9900016784668,43.057498931884766,40.22536849975586,118071600
2018-01-04,43.1349983215332,43.36750030517578,43.02000045776367,43.25749969482422,40.41221618652344,89738400
2018-01-05,43.36000061035156,43.842498779296875,43.26250076293945,43.75,40.872314453125,94640000
2018-01-08,43.587501525878906,43.90250015258789,43.48249816894531,43.587501525878906,40.720516204833984,82271200
2018-01-09,43.63750076293945,43.76499938964844,43.352500915527344,43.58250045776367,40.71583557128906,86336000
2018-01-10,43.290000915527344,43.57500076293945,43.25,43.5724983215332,40.70648956298828,95839600
2018-01-11,43.647499084472656,43.872501373291016,43.622501373291016,43.81999969482422,40.937713623046875,74670800
2018-01-12,44.04499816894531,44.34000015258789,43.912498474121094,44.272499084472656,41.36045837402344,101672400
2018-01-16,44.474998474121094,44.84749984741211,44.03499984741211,44.04750061035156,41.15025329589844,118263600
2018-01-17,44.037498474121094,44.8125,43.76750183105469,44.775001525878906,41.82990264892578,137547200
2018-01-18,44.842498779296875,45.025001525878906,44.5625,44.814998626708984,41.86726760864258,124773600
2018-01-19,44.65250015258789,44.89500045776367,44.352500915527344,44.6150016784668,41.680423736572266,129700400
2018-01-22,44.32500076293945,44.44499969482422,44.150001525878906,44.25,41.33942794799805,108434400
2018-01-23,44.32500076293945,44.86000061035156,44.20500183105469,44.2599983215332,41.3487663269043,130756400
2018-01-24,44.3125,44.32500076293945,43.29999923706055,43.55500030517578,40.690155029296875,204420400
2018-01-25,43.627498626708984,43.73749923706055,42.63249969482422,42.77750015258789,39.963783264160156,166116000
2018-01-26,43.0,43.0,42.51499938964844,42.877498626708984,40.05720520019531,156572000
2018-01-29,42.540000915527344,42.540000915527344,41.76750183105469,41.9900016784668,39.22808837890625,202561600
2018-01-30,41.38249969482422,41.842498779296875,41.17499923706055,41.74250030517578,38.99686050415039,184192800
2018-01-31,41.717498779296875,42.11000061035156,41.625,41.85749816894531,39.104312896728516,129915600
2018-02-01,41.79249954223633,42.154998779296875,41.689998626708984,41.94499969482422,39.18605041503906,188923200
2018-02-02,41.5,41.70000076293945,40.025001525878906,40.125,37.48576354980469,346375200
2018-02-05,39.775001525878906,40.970001220703125,39.0,39.122501373291016,36.549198150634766,290954000
2018-02-06,38.70750045776367,40.93000030517578,38.5,40.75749969482422,38.076656341552734,272975200
2018-02-07,40.772499084472656,40.849998474121094,39.76750183105469,39.8849983215332,37.26152801513672,206434400
2018-02-08,40.0724983215332,40.25,38.75749969482422,38.787498474121094,36.23624038696289,217562000
2018-02-09,39.26750183105469,39.47249984741211,37.560001373291016,39.102500915527344,36.67945861816406,282690400
2018-02-12,39.625,40.97249984741211,39.377498626708984,40.6775016784668,38.156856536865234,243278000
2018-02-13,40.48749923706055,41.1875,40.412498474121094,41.084999084472656,38.539100646972656,130196800
2018-02-14,40.7599983215332,41.8849983215332,40.720001220703125,41.842498779296875,39.24965286254883,162579600
2018-02-15,42.4474983215332,43.272499084472656,42.25,43.247501373291016,40.56761169433594,204588800
2018-02-16,43.09000015258789,43.70500183105469,42.942501068115234,43.10749816894531,40.43626022338867,160704400
2018-02-20,43.01250076293945,43.564998626708984,42.85499954223633,42.962501525878906,40.30025100708008,135722000
2018-02-21,43.20750045776367,43.529998779296875,42.752498626708984,42.76750183105469,40.11734390258789,149886400
2018-02-22,42.95000076293945,43.48749923706055,42.9275016784668,43.125,40.45269775390625,123967600
2018-02-23,43.41749954223633,43.912498474121094,43.3849983215332,43.875,41.156211853027344,135249600
2018-02-26,44.087501525878906,44.84749984741211,44.0525016784668,44.74250030517578,41.969970703125,152648800
2018-02-27,44.775001525878906,45.119998931884766,44.540000915527344,44.59749984741211,41.833953857421875,155712400
2018-02-28,44.814998626708984,45.154998779296875,44.51250076293945,44.529998779296875,41.7706184387207,151128400
2018-03-01,44.6349983215332,44.94499969482422,43.165000915527344,43.75,41.03895950317383,195208000
2018-03-02,43.20000076293945,44.07500076293945,43.11249923706055,44.0525016784668,41.322715759277344,153816000
2018-03-05,43.8025016784668,44.435001373291016,43.630001068115234,44.20500183105469,41.46576690673828,113605600
2018-03-06,44.477500915527344,44.5625,44.032501220703125,44.16749954223633,41.43059158325195,95154000
2018-03-07,43.73500061035156,43.962501525878906,43.567501068115234,43.75749969482422,41.04600524902344,126814000
2018-03-08,43.869998931884766,44.279998779296875,43.76750183105469,44.23500061035156,41.49391174316406,95096400
2018-03-09,44.4900016784668,45.0,44.34749984741211,44.994998931884766,42.206809997558594,128740800
2018-03-12,45.0724983215332,45.59749984741211,45.0525016784668,45.43000030517578,42.61486053466797,128828400
2018-03-13,45.647499084472656,45.875,44.810001373291016,44.99250030517578,42.204471588134766,126774000
2018-03-14,45.08000183105469,45.130001068115234,44.45249938964844,44.61000061035156,41.845664978027344,117473600
2018-03-15,44.625,45.060001373291016,44.51750183105469,44.662498474121094,41.89491653442383,90975200
2018-03-16,44.662498474121094,44.779998779296875,44.404998779296875,44.505001068115234,41.74718475341797,157618800
2018-03-19,44.33000183105469,44.36750030517578,43.415000915527344,43.82500076293945,41.109310150146484,133787200
2018-03-20,43.810001373291016,44.20000076293945,43.73500061035156,43.810001373291016,41.09524917602539,78597600
2018-03-21,43.7599983215332,43.772499084472656,42.814998626708984,42.817501068115234,40.16423034667969,148219600
2018-03-22,42.5,43.16999816894531,42.150001525878906,42.212501525878906,39.596736907958984,165963200
2018-03-23,42.09749984741211,42.47999954223633,41.23500061035156,41.23500061035156,38.6798095703125,164115200
2018-03-26,42.01750183105469,43.275001525878906,41.61000061035156,43.192501068115234,40.51600646972656,150164800
2018-03-27,43.41999816894531,43.787498474121094,41.72999954223633,42.084999084472656,39.47714614868164,163690400
2018-03-28,41.8125,42.505001068115234,41.29750061035156,41.619998931884766,39.040950775146484,166674000
2018-03-29,41.95249938964844,42.9375,41.724998474121094,41.94499969482422,39.34581756591797,153594000
2018-04-02,41.65999984741211,42.23500061035156,41.11750030517578,41.66999816894531,39.087860107421875,150347200
2018-04-03,41.90999984741211,42.1875,41.220001220703125,42.09749984741211,39.48884582519531,121112000
2018-04-04,41.220001220703125,43.002498626708984,41.192501068115234,42.90250015258789,40.24398422241211,138422000
2018-04-05,43.14500045776367,43.557498931884766,43.02000045776367,43.20000076293945,40.52304458618164,107732800
2018-04-06,42.74250030517578,43.119998931884766,42.04999923706055,42.095001220703125,39.48652648925781,140021200
2018-04-09,42.470001220703125,43.272499084472656,42.462501525878906,42.51250076293945,39.878143310546875,116070800
2018-04-10,43.25,43.5,42.88249969482422,43.3125,40.628578186035156,113634400
2018-04-11,43.057498931884766,43.47999954223633,42.92499923706055,43.11000061035156,40.438636779785156,89726400
2018-04-12,43.352500915527344,43.75,43.2599983215332,43.53499984741211,40.83729934692383,91557200
2018-04-13,43.69499969482422,43.959999084472656,43.462501525878906,43.682498931884766,40.97564697265625,100497200
2018-04-16,43.75749969482422,44.04750061035156,43.70750045776367,43.95500183105469,41.23126983642578,86313600
2018-04-17,44.122501373291016,44.73500061035156,44.102500915527344,44.560001373291016,41.798770904541016,106421600
2018-04-18,44.45249938964844,44.70500183105469,44.220001220703125,44.459999084472656,41.704952239990234,83018000
2018-04-19,43.439998626708984,43.84749984741211,43.165000915527344,43.20000076293945,40.52304458618164,139235200
2018-04-20,42.650001525878906,42.80500030517578,41.35749816894531,41.43000030517578,38.86272048950195,261964400
2018-04-23,41.70750045776367,41.72999954223633,41.022499084472656,41.310001373291016,38.75016403198242,146062000
2018-04-24,41.41749954223633,41.58250045776367,40.30500030517578,40.73500061035156,38.21079635620117,134768000
2018-04-25,40.654998779296875,41.35499954223633,40.602500915527344,40.912498474121094,38.37730026245117,113528400
2018-04-26,41.029998779296875,41.432498931884766,40.842498779296875,41.05500030517578,38.510955810546875,111852000
2018-04-27,41.0,41.08250045776367,40.157501220703125,40.58000183105469,38.065399169921875,142623200
2018-04-30,40.532501220703125,41.814998626708984,40.459999084472656,41.314998626708984,38.754852294921875,169709600
2018-05-01,41.602500915527344,42.29999923706055,41.317501068115234,42.275001525878906,39.65537643432617,214277600
2018-05-02,43.807498931884766,44.4375,43.45000076293945,44.14250183105469,41.407142639160156,266157600
2018-05-03,43.970001220703125,44.375,43.61000061035156,44.22249984741211,41.48219680786133,136272800
2018-05-04,44.5625,46.0625,44.54249954223633,45.95750045776367,43.10966873168945,224805200
2018-05-07,46.29499816894531,46.91749954223633,46.1875,46.290000915527344,43.421566009521484,169805600
2018-05-08,46.247501373291016,46.55500030517578,45.91749954223633,46.51250076293945,43.630287170410156,113611200
2018-05-09,46.63750076293945,46.849998474121094,46.30500030517578,46.84000015258789,43.9374885559082,92844800
2018-05-10,46.935001373291016,47.592498779296875,46.912498474121094,47.5099983215332,44.565975189208984,111957200
2018-05-11,47.372501373291016,47.51499938964844,46.86249923706055,47.147499084472656,44.39646911621094,104848800
2018-05-14,47.252498626708984,47.38249969482422,46.96500015258789,47.037498474121094,44.29288101196289,83115200
2018-05-15,46.69499969482422,46.76750183105469,46.275001525878906,46.61000061035156,43.89033508300781,94780800
2018-05-16,46.51750183105469,47.1150016784668,46.5,47.04499816894531,44.29995346069336,76732400
2018-05-17,47.0,47.227500915527344,46.59000015258789,46.747501373291016,44.01980972290039,69176000
2018-05-18,46.79750061035156,46.95249938964844,46.532501220703125,46.57749938964844,43.85972595214844,73190800
2018-05-21,47.0,47.317501068115234,46.727500915527344,46.907501220703125,44.17047882080078,73603200
2018-05-22,47.095001220703125,47.220001220703125,46.69499969482422,46.790000915527344,44.05984115600586,60962800
2018-05-23,46.587501525878906,47.125,46.439998626708984,47.09000015258789,44.34233474731445,80233600
2018-05-24,47.192501068115234,47.209999084472656,46.5525016784668,47.037498474121094,44.29288101196289,92936000
2018-05-25,47.057498931884766,47.412498474121094,46.912498474121094,47.14500045776367,44.39412307739258,69844000
2018-05-29,46.900001525878906,47.1875,46.717498779296875,46.974998474121094,44.23404312133789,90056400
2018-05-30,46.93000030517578,47.0,46.69499969482422,46.875,44.13987731933594,74762000
2018-05-31,46.80500030517578,47.057498931884766,46.53499984741211,46.717498779296875,43.99155044555664,109931200
2018-06-01,46.997501373291016,47.564998626708984,46.9375,47.560001373291016,44.78489685058594,93770000
2018-06-04,47.90999984741211,48.35499954223633,47.837501525878906,47.95750045776367,45.15919876098633,105064800
2018-06-05,48.26750183105469,48.48500061035156,48.09000015258789,48.32749938964844,45.50761795043945,86264000
2018-06-06,48.407501220703125,48.52000045776367,47.97999954223633,48.494998931884766,45.665340423583984,83734400
2018-06-07,48.53499984741211,48.54999923706055,48.084999084472656,48.3650016784668,45.542930603027344,85388800
2018-06-08,47.79249954223633,48.0,47.442501068115234,47.92499923706055,45.12860107421875,106627200
2018-06-11,47.837501525878906,47.99250030517578,47.5525016784668,47.807498931884766,45.01795959472656,73234000
2018-06-12,47.84749984741211,48.15250015258789,47.787498474121094,48.06999969482422,45.26515197753906,67644400
2018-06-13,48.10499954223633,48.220001220703125,47.61000061035156,47.67499923706055,44.89319610595703,86553600
2018-06-14,47.88750076293945,47.89250183105469,47.55500030517578,47.70000076293945,44.91674041748047,86440400
2018-06-15,47.50749969482422,47.540000915527344,47.064998626708984,47.209999084472656,44.45531463623047,246876800
2018-06-18,46.970001220703125,47.30500030517578,46.79999923706055,47.185001373291016,44.431793212890625,73939600
2018-06-19,46.28499984741211,46.58250045776367,45.86249923706055,46.42250061035156,43.71377944946289,134314000
2018-06-20,46.587501525878906,46.79999923706055,46.432498931884766,46.625,43.90446472167969,82514800
2018-06-21,46.8125,47.087501525878906,46.23500061035156,46.3650016784668,43.65962600708008,102847600
2018-06-22,46.529998779296875,46.537498474121094,46.17499923706055,46.22999954223633,43.532508850097656,108801600
2018-06-25,45.849998474121094,46.22999954223633,45.182498931884766,45.54249954223633,42.8851203918457,126652400
2018-06-26,45.747501373291016,46.63249969482422,45.6349983215332,46.10749816894531,43.41714859008789,98276800
2018-06-27,46.307498931884766,46.81999969482422,46.00749969482422,46.040000915527344,43.35359191894531,101141200
2018-06-28,46.025001525878906,46.5525016784668,45.95000076293945,46.375,43.66904830932617,69460800
2018-06-29,46.5724983215332,46.79750061035156,45.727500915527344,46.27750015258789,43.57722854614258,90950800
2018-07-02,45.95500183105469,46.82500076293945,45.85499954223633,46.79499816894531,44.064544677734375,70925200
2018-07-03,46.9474983215332,46.98749923706055,45.8849983215332,45.97999954223633,43.297088623046875,55819200
2018-07-05,46.314998626708984,46.602500915527344,46.06999969482422,46.349998474121094,43.6455078125,66416800
2018-07-06,46.35499954223633,47.10749816894531,46.29999923706055,46.99250030517578,44.250518798828125,69940800
2018-07-09,47.375,47.66999816894531,47.32500076293945,47.64500045776367,44.86495590209961,79026400
2018-07-10,47.6775016784668,47.81999969482422,47.54499816894531,47.587501525878906,44.810791015625,63756400
2018-07-11,47.125,47.44499969482422,46.90250015258789,46.970001220703125,44.22932434082031,75326000
2018-07-12,47.38249969482422,47.852500915527344,47.32749938964844,47.75749969482422,44.97087478637695,72164400
2018-07-13,47.77000045776367,47.959999084472656,47.724998474121094,47.83250045776367,45.04151153564453,50055600
2018-07-16,47.880001068115234,48.162498474121094,47.60499954223633,47.727500915527344,44.942630767822266,60172400
2018-07-17,47.4375,47.967498779296875,47.29999923706055,47.86249923706055,45.06975173950195,62138000
2018-07-18,47.94499969482422,47.95000076293945,47.48249816894531,47.599998474121094,44.82256317138672,65573600
2018-07-19,47.42250061035156,48.13750076293945,47.42250061035156,47.970001220703125,45.170989990234375,81147200
2018-07-20,47.94499969482422,48.10749816894531,47.54249954223633,47.86000061035156,45.0673942565918,82704800
2018-07-23,47.66999816894531,47.9900016784668,47.38999938964844,47.90250015258789,45.1074104309082,63957600
2018-07-24,48.11249923706055,48.415000915527344,48.01250076293945,48.25,45.43463897705078,74791600
2018-07-25,48.26499938964844,48.712501525878906,48.10749816894531,48.70500183105469,45.863094329833984,66839600
2018-07-26,48.65250015258789,48.9900016784668,48.40250015258789,48.5525016784668,45.7194938659668,76304000
2018-07-27,48.747501373291016,48.79750061035156,47.525001525878906,47.744998931884766,44.959102630615234,96096000
2018-07-30,47.974998474121094,48.04999923706055,47.26750183105469,47.477500915527344,44.70722198486328,84118000
2018-07-31,47.57500076293945,48.03499984741211,47.334999084472656,47.5724983215332,44.79667282104492,157492000
2018-08-01,49.782501220703125,50.439998626708984,49.32749938964844,50.375,47.435638427734375,271742800
2018-08-02,50.14500045776367,52.095001220703125,50.087501525878906,51.84749984741211,48.82222366333008,249616000
2018-08-03,51.75749969482422,52.185001373291016,51.369998931884766,51.997501373291016,48.963478088378906,133789600
2018-08-06,52.0,52.3125,51.76750183105469,52.26750183105469,49.217735290527344,101701600
2018-08-07,52.33000183105469,52.375,51.689998626708984,51.77750015258789,48.756309509277344,102349600
2018-08-08,51.51250076293945,51.95249938964844,51.130001068115234,51.8125,48.78927230834961,90102000
2018-08-09,52.38249969482422,52.44499969482422,51.79999923706055,52.220001220703125,49.172996520996094,93970400
2018-08-10,51.84000015258789,52.275001525878906,51.66749954223633,51.88249969482422,49.02650833129883,98444800
2018-08-13,52.32749938964844,52.73749923706055,51.92499923706055,52.217498779296875,49.34309387207031,103563600
2018-08-14,52.540000915527344,52.63999938964844,52.064998626708984,52.4375,49.55097961425781,82992000
2018-08-15,52.30500030517578,52.685001373291016,52.08250045776367,52.560001373291016,49.6667366027832,115230400
2018-08-16,52.9375,53.45249938964844,52.86750030517578,53.33000183105469,50.39434814453125,114001600
2018-08-17,53.36000061035156,54.48749923706055,53.290000915527344,54.39500045776367,51.40072250366211,141708000
2018-08-20,54.525001525878906,54.79499816894531,53.77750015258789,53.8650016784668,50.89990234375,121150800
2018-08-21,54.20000076293945,54.29750061035156,53.50749969482422,53.7599983215332,50.80067443847656,104639200
2018-08-22,53.525001525878906,54.09000015258789,53.459999084472656,53.76250076293945,50.803035736083984,76072400
2018-08-23,53.662498474121094,54.26250076293945,53.650001525878906,53.872501373291016,50.90699768066406,75532800
2018-08-24,54.150001525878906,54.224998474121094,53.77750015258789,54.040000915527344,51.06526184082031,73905600
2018-08-27,54.287498474121094,54.685001373291016,54.08250045776367,54.48500061035156,51.48576736450195,82100400
2018-08-28,54.752498626708984,55.1349983215332,54.72999954223633,54.92499923706055,51.90155029296875,91107200
2018-08-29,55.037498474121094,55.872501373291016,54.852500915527344,55.744998931884766,52.67639923095703,109019200
2018-08-30,55.8125,57.064998626708984,55.599998474121094,56.25749969482422,53.16069412231445,195175200
2018-08-31,56.627498626708984,57.217498779296875,56.5,56.907501220703125,53.77492141723633,173360400
2018-09-04,57.102500915527344,57.29499816894531,56.657501220703125,57.09000015258789,53.94736862182617,109560400
2018-09-05,57.247501373291016,57.41749954223633,56.275001525878906,56.717498779296875,53.59535598754883,133332000
2018-09-06,56.557498931884766,56.837501525878906,55.32500076293945,55.775001525878906,52.70475769042969,137160000
2018-09-07,55.462501525878906,56.342498779296875,55.1775016784668,55.32500076293945,52.279518127441406,150479200
2018-09-10,55.23749923706055,55.462501525878906,54.11750030517578,54.58250045776367,51.577903747558594,158066000
2018-09-11,54.502498626708984,56.07500076293945,54.13999938964844,55.962501525878906,52.88194274902344,142996000
2018-09-12,56.23500061035156,56.25,54.959999084472656,55.26750183105469,52.22520065307617,197114800
2018-09-13,55.880001068115234,57.087501525878906,55.64250183105469,56.602500915527344,53.486717224121094,166825600
2018-09-14,56.4375,56.709999084472656,55.630001068115234,55.959999084472656,52.879573822021484,127997200
2018-09-17,55.537498474121094,55.73749923706055,54.317501068115234,54.470001220703125,51.471595764160156,148780400
2018-09-18,54.4474983215332,55.462501525878906,54.279998779296875,54.560001373291016,51.556640625,126286800
2018-09-19,54.625,54.904998779296875,53.82500076293945,54.592498779296875,51.58734130859375,108495200
2018-09-20,55.060001373291016,55.56999969482422,54.787498474121094,55.00749969482422,51.97950744628906,106435200
2018-09-21,55.19499969482422,55.34000015258789,54.3224983215332,54.415000915527344,51.41961669921875,384986800
2018-09-24,54.20500183105469,55.314998626708984,54.157501220703125,55.1974983215332,52.15904235839844,110773600
2018-09-25,54.9375,55.70500183105469,54.92499923706055,55.54750061035156,52.489776611328125,98217600
2018-09-26,55.25,55.9375,54.939998626708984,55.10499954223633,52.0716438293457,95938800
2018-09-27,55.95500183105469,56.61000061035156,55.8849983215332,56.23749923706055,53.14179992675781,120724800
2018-09-28,56.1974983215332,56.459999084472656,56.005001068115234,56.435001373291016,53.32843017578125,91717600
2018-10-01,56.98749923706055,57.35499954223633,56.587501525878906,56.814998626708984,53.68751525878906,94403200
2018-10-02,56.8125,57.5,56.657501220703125,57.31999969482422,54.16469955444336,99152800
2018-10-03,57.51250076293945,58.36750030517578,57.44499969482422,58.01750183105469,54.82382583618164,114619200
2018-10-04,57.69499969482422,58.087501525878906,56.682498931884766,56.997501373291016,53.85997009277344,128168000
2018-10-05,56.9900016784668,57.102500915527344,55.14500045776367,56.0724983215332,52.98588562011719,134322000
2018-10-08,55.5525016784668,56.20000076293945,55.04999923706055,55.942501068115234,52.86305236816406,118655600
2018-10-09,55.90999984741211,56.817501068115234,55.5625,56.717498779296875,53.59535598754883,107564000
2018-10-10,56.3650016784668,56.587501525878906,54.01250076293945,54.09000015258789,51.11250686645508,167962400
2018-10-11,53.630001068115234,54.875,53.08000183105469,53.61249923706055,50.661293029785156,212497600
2018-10-12,55.10499954223633,55.720001220703125,54.209999084472656,55.52750015258789,52.470890045166016,161351600
2018-10-15,55.290000915527344,55.45750045776367,54.317501068115234,54.34000015258789,51.34876251220703,123164000
2018-10-16,54.73249816894531,55.747501373291016,54.189998626708984,55.537498474121094,52.48033905029297,116736000
2018-10-17,55.57500076293945,55.65999984741211,54.834999084472656,55.29750061035156,52.253543853759766,91541600
2018-10-18,54.46500015258789,54.935001373291016,53.25,54.005001068115234,51.03218460083008,130325200
2018-10-19,54.51499938964844,55.314998626708984,54.35749816894531,54.82749938964844,51.809417724609375,132314800
2018-10-22,54.9474983215332,55.84000015258789,54.73500061035156,55.162498474121094,52.12596893310547,115168400
2018-10-23,53.95750045776367,55.8125,53.67499923706055,55.682498931884766,52.61735534667969,155071200
2018-10-24,55.650001525878906,56.057498931884766,53.6349983215332,53.772499084472656,50.8125,163702000
2018-10-25,54.4275016784668,55.345001220703125,54.1875,54.95000076293945,51.925167083740234,119423200
2018-10-26,53.974998474121094,55.04750061035156,53.16749954223633,54.07500076293945,51.09834289550781,189033600
2018-10-29,54.79750061035156,54.92250061035156,51.522499084472656,53.060001373291016,50.139217376708984,183742000
2018-10-30,52.787498474121094,53.79499816894531,52.317501068115234,53.32500076293945,50.389625549316406,146640000
2018-10-31,54.220001220703125,55.11249923706055,54.154998779296875,54.71500015258789,51.70310974121094,153435600
2018-11-01,54.76250076293945,55.59000015258789,54.20249938964844,55.55500030517578,52.49686813354492,233292800
2018-11-02,52.38750076293945,53.412498474121094,51.35749816894531,51.869998931884766,49.01471710205078,365314800
2018-11-05,51.07500076293945,51.09749984741211,49.54249954223633,50.397499084472656,47.623268127441406,264654800
2018-11-06,50.47999954223633,51.18000030517578,50.42250061035156,50.942501068115234,48.138275146484375,127531600
2018-11-07,51.49250030517578,52.51499938964844,51.032501220703125,52.48749923706055,49.59822463989258,133697600
2018-11-08,52.494998931884766,52.529998779296875,51.6875,52.122501373291016,49.4251708984375,101450400
2018-11-09,51.38750076293945,51.502498626708984,50.5625,51.11750030517578,48.472171783447266,137463200
2018-11-12,49.75,49.962501525878906,48.4474983215332,48.54249954223633,46.03043746948242,204542000
2018-11-13,47.907501220703125,49.29499816894531,47.86249923706055,48.057498931884766,45.57052993774414,187531600
2018-11-14,48.474998474121094,48.619998931884766,46.48249816894531,46.70000076293945,44.28327178955078,243204000
2018-11-15,47.09749984741211,47.99250030517578,46.724998474121094,47.852500915527344,45.37614059448242,185915200
2018-11-16,47.625,48.74250030517578,47.3650016784668,48.38249969482422,45.87870788574219,147713200
2018-11-19,47.5,47.67499923706055,46.247501373291016,46.46500015258789,44.060447692871094,167701200
2018-11-20,44.592498779296875,45.36750030517578,43.877498626708984,44.244998931884766,41.955326080322266,271300800
2018-11-21,44.932498931884766,45.067501068115234,44.13750076293945,44.19499969482422,41.90790939331055,124496800
2018-11-23,43.73500061035156,44.150001525878906,43.025001525878906,43.0724983215332,40.843502044677734,94496000
2018-11-26,43.560001373291016,43.73749923706055,42.564998626708984,43.654998779296875,41.39586639404297,179994000
2018-11-27,42.877498626708984,43.692501068115234,42.720001220703125,43.560001373291016,41.3057746887207,165549600
2018-11-28,44.182498931884766,45.3224983215332,43.73249816894531,45.23500061035156,42.894100189208984,184250000
2018-11-29,45.665000915527344,45.70000076293945,44.42499923706055,44.88750076293945,42.564579010009766,167080000
2018-11-30,45.0724983215332,45.08250045776367,44.25749969482422,44.64500045776367,42.33462142944336,158126000
2018-12-03,46.1150016784668,46.23500061035156,45.3025016784668,46.20500183105469,43.813907623291016,163210000
2018-12-04,45.23749923706055,45.59749984741211,44.067501068115234,44.17250061035156,41.8865852355957,165377200
2018-12-06,42.939998626708984,43.69499969482422,42.60499954223633,43.68000030517578,41.419578552246094,172393600
2018-12-07,43.372501373291016,43.622501373291016,42.07500076293945,42.122501373291016,39.94266891479492,169126400
2018-12-10,41.25,42.522499084472656,40.83250045776367,42.400001525878906,40.205806732177734,248104000
2018-12-11,42.915000915527344,42.9474983215332,41.75,42.157501220703125,39.975860595703125,189126800
2018-12-12,42.599998474121094,42.97999954223633,42.255001068115234,42.275001525878906,40.08727264404297,142510800
2018-12-13,42.622501373291016,43.14250183105469,42.38750076293945,42.73749923706055,40.52584457397461,127594400
2018-12-14,42.25,42.27000045776367,41.31999969482422,41.369998931884766,39.22911071777344,162814800
2018-12-17,41.36249923706055,42.087501525878906,40.682498931884766,40.98500061035156,38.86404037475586,177151600
2018-12-18,41.345001220703125,41.88249969482422,41.09749984741211,41.51750183105469,39.368980407714844,135366000
2018-12-19,41.5,41.86249923706055,39.772499084472656,40.22249984741211,38.14099884033203,196189200
2018-12-20,40.099998474121094,40.52750015258789,38.82500076293945,39.20750045776367,37.17852020263672,259092000
2018-12-21,39.21500015258789,39.540000915527344,37.407501220703125,37.682498931884766,35.73243713378906,382978400
2018-12-24,37.037498474121094,37.88750076293945,36.647499084472656,36.70750045776367,34.80789566040039,148676800
2018-12-26,37.07500076293945,39.307498931884766,36.68000030517578,39.29249954223633,37.25910949707031,234330000
2018-12-27,38.959999084472656,39.192501068115234,37.51750183105469,39.037498474121094,37.01731491088867,212468400
2018-12-28,39.375,39.630001068115234,38.63750076293945,39.057498931884766,37.0362663269043,169165600
2018-12-31,39.63249969482422,39.84000015258789,39.119998931884766,39.435001373291016,37.39424514770508,140014000
2019-01-02,38.72249984741211,39.712501525878906,38.557498931884766,39.47999954223633,37.43692398071289,148158800
2019-01-03,35.994998931884766,36.43000030517578,35.5,35.54750061035156,33.70791244506836,365248800
2019-01-04,36.13249969482422,37.13750076293945,35.95000076293945,37.064998626708984,35.14689254760742,234428400
2019-01-07,37.17499923706055,37.20750045776367,36.474998474121094,36.98249816894531,35.06864547729492,219111200
2019-01-08,37.38999938964844,37.95500183105469,37.130001068115234,37.6875,35.73717498779297,164101200
2019-01-09,37.8224983215332,38.63249969482422,37.407501220703125,38.32749938964844,36.344058990478516,180396400
2019-01-10,38.125,38.49250030517578,37.71500015258789,38.45000076293945,36.46022415161133,143122800
2019-01-11,38.220001220703125,38.42499923706055,37.877498626708984,38.0724983215332,36.10225296020508,108092800
2019-01-14,37.712501525878906,37.817501068115234,37.30500030517578,37.5,35.55938720703125,129756800
2019-01-15,37.567501068115234,38.34749984741211,37.51250076293945,38.26750183105469,36.28716278076172,114843600
2019-01-16,38.27000045776367,38.970001220703125,38.25,38.73500061035156,36.73046875,122278800
2019-01-17,38.54999923706055,39.415000915527344,38.314998626708984,38.96500015258789,36.948577880859375,119284800
2019-01-18,39.375,39.470001220703125,38.994998931884766,39.20500183105469,37.17615509033203,135004000
2019-01-22,39.102500915527344,39.182498931884766,38.154998779296875,38.32500076293945,36.34169006347656,121576000
2019-01-23,38.537498474121094,38.78499984741211,37.92499923706055,38.47999954223633,36.48866653442383,92522400
2019-01-24,38.52750015258789,38.619998931884766,37.935001373291016,38.17499923706055,36.1994514465332,101766000
2019-01-25,38.869998931884766,39.532501220703125,38.58000183105469,39.439998626708984,37.39898681640625,134142000
2019-01-28,38.9474983215332,39.08250045776367,38.415000915527344,39.07500076293945,37.052879333496094,104768400
2019-01-29,39.0625,39.532501220703125,38.52750015258789,38.66999816894531,36.6688346862793,166348800
2019-01-30,40.8125,41.537498474121094,40.057498931884766,41.3125,39.17458724975586,244439200
2019-01-31,41.52750015258789,42.25,41.13999938964844,41.61000061035156,39.45669937133789,162958400
2019-02-01,41.7400016784668,42.244998931884766,41.48249816894531,41.630001068115234,39.47564697265625,130672400
2019-02-04,41.852500915527344,42.915000915527344,41.81999969482422,42.8125,40.59695053100586,125982000
2019-02-05,43.21500015258789,43.77000045776367,43.087501525878906,43.54499816894531,41.29155731201172,144406400
2019-02-06,43.662498474121094,43.89250183105469,43.212501525878906,43.560001373291016,41.3057746887207,112958400
2019-02-07,43.099998474121094,43.48500061035156,42.584999084472656,42.73500061035156,40.52347183227539,126966800
2019-02-08,42.247501373291016,42.665000915527344,42.10499954223633,42.602500915527344,40.57109451293945,95280000
2019-02-11,42.76250076293945,42.8025016784668,42.3125,42.35749816894531,40.3377685546875,83973600
2019-02-12,42.525001525878906,42.75,42.42499923706055,42.72249984741211,40.68537139892578,89134000
2019-02-13,42.84749984741211,43.119998931884766,42.47999954223633,42.54499816894531,40.51631164550781,89960800
2019-02-14,42.4275016784668,42.814998626708984,42.345001220703125,42.70000076293945,40.6639404296875,87342800
2019-02-15,42.8125,42.92499923706055,42.4375,42.60499954223633,40.573463439941406,98507200
2019-02-19,42.4275016784668,42.86000061035156,42.372501373291016,42.73249816894531,40.69488525390625,75891200
2019-02-20,42.79750061035156,43.33000183105469,42.747501373291016,43.00749969482422,40.95677947998047,104457600
2019-02-21,42.95000076293945,43.092498779296875,42.57500076293945,42.76499938964844,40.72583770751953,68998800
2019-02-22,42.89500045776367,43.25,42.845001220703125,43.24250030517578,41.180572509765625,75652800
2019-02-25,43.540000915527344,43.967498779296875,43.48749923706055,43.557498931884766,41.48054504394531,87493600
2019-02-26,43.4275016784668,43.82500076293945,43.29249954223633,43.58250045776367,41.50436019897461,68280800
2019-02-27,43.3025016784668,43.75,43.182498931884766,43.717498779296875,41.6329231262207,111341600
2019-02-28,43.58000183105469,43.727500915527344,43.22999954223633,43.287498474121094,41.22341537475586,112861600
2019-03-01,43.56999969482422,43.787498474121094,43.22249984741211,43.74250030517578,41.65673065185547,103544800
2019-03-04,43.92250061035156,44.4375,43.49250030517578,43.962501525878906,41.866233825683594,109744800
2019-03-05,43.98500061035156,44.0,43.6349983215332,43.88249969482422,41.790042877197266,78949600
2019-03-06,43.66749954223633,43.872501373291016,43.48500061035156,43.630001068115234,41.549591064453125,83241600
2019-03-07,43.467498779296875,43.61000061035156,43.005001068115234,43.125,41.06867980957031,99185600
2019-03-08,42.58000183105469,43.26750183105469,42.375,43.227500915527344,41.16628646850586,95997600
2019-03-11,43.872501373291016,44.779998779296875,43.837501525878906,44.724998474121094,42.592376708984375,128044000
2019-03-12,45.0,45.66749954223633,44.842498779296875,45.227500915527344,43.070926666259766,129870400
2019-03-13,45.5625,45.82500076293945,45.22999954223633,45.4275016784668,43.26137161254883,124130000
2019-03-14,45.974998474121094,46.025001525878906,45.63999938964844,45.932498931884766,43.742305755615234,94318000
2019-03-15,46.212501525878906,46.83250045776367,45.935001373291016,46.529998779296875,44.311309814453125,156171600
2019-03-18,46.45000076293945,47.09749984741211,46.4474983215332,47.005001068115234,44.763671875,104879200
2019-03-19,47.087501525878906,47.247501373291016,46.47999954223633,46.63249969482422,44.40892028808594,126585600
2019-03-20,46.557498931884766,47.372501373291016,46.182498931884766,47.040000915527344,44.79698944091797,124140800
2019-03-21,47.505001068115234,49.08250045776367,47.45249938964844,48.772499084472656,46.44688415527344,204136800
2019-03-22,48.834999084472656,49.42250061035156,47.69499969482422,47.76250076293945,45.48504638671875,169630800
2019-03-25,47.877498626708984,47.994998931884766,46.650001525878906,47.185001373291016,44.93508529663086,175381200
2019-03-26,47.915000915527344,48.220001220703125,46.14500045776367,46.6974983215332,44.4708251953125,199202000
2019-03-27,47.1875,47.439998626708984,46.63750076293945,47.11750030517578,44.87079620361328,119393600
2019-03-28,47.23749923706055,47.38999938964844,46.88249969482422,47.18000030517578,44.93031311035156,83121600
2019-03-29,47.45750045776367,47.52000045776367,47.1349983215332,47.48749923706055,45.22314453125,94256000
2019-04-01,47.90999984741211,47.91999816894531,47.095001220703125,47.810001373291016,45.5302848815918,111448000
2019-04-02,47.772499084472656,48.6150016784668,47.76250076293945,48.505001068115234,46.192142486572266,91062800
2019-04-03,48.3125,49.125,48.287498474121094,48.837501525878906,46.508792877197266,93087200
2019-04-04,48.6974983215332,49.092498779296875,48.28499984741211,48.92250061035156,46.589717864990234,76457200
2019-04-05,49.11249923706055,49.275001525878906,48.98249816894531,49.25,46.901607513427734,74106400
2019-04-08,49.10499954223633,50.057498931884766,49.084999084472656,50.025001525878906,47.63965606689453,103526800
2019-04-09,50.08000183105469,50.712501525878906,49.807498931884766,49.875,47.4968147277832,143072800
2019-04-10,49.66999816894531,50.185001373291016,49.54499816894531,50.154998779296875,47.763458251953125,86781200
2019-04-11,50.212501525878906,50.25,49.61000061035156,49.73749923706055,47.365867614746094,83603200
2019-04-12,49.79999923706055,50.03499984741211,49.0525016784668,49.717498779296875,47.346824645996094,111042800
2019-04-15,49.64500045776367,49.962501525878906,49.502498626708984,49.807498931884766,47.432525634765625,70146400
2019-04-16,49.8650016784668,50.342498779296875,49.63999938964844,49.8125,47.437294006347656,102785600
2019-04-17,49.8849983215332,50.845001220703125,49.65250015258789,50.782501220703125,48.36103057861328,115627200
2019-04-18,50.779998779296875,51.037498474121094,50.630001068115234,50.96500015258789,48.53483200073242,96783200
2019-04-22,50.70750045776367,51.23500061035156,50.584999084472656,51.13249969482422,48.69435501098633,77758000
2019-04-23,51.10749816894531,51.9375,50.974998474121094,51.869998931884766,49.39668273925781,93292000
2019-04-24,51.84000015258789,52.119998931884766,51.76250076293945,51.790000915527344,49.32049560546875,70162400
2019-04-25,51.70750045776367,51.939998626708984,51.279998779296875,51.31999969482422,48.872920989990234,74172800
2019-04-26,51.224998474121094,51.25,50.529998779296875,51.07500076293945,48.63959503173828,74596400
2019-04-29,51.099998474121094,51.49250030517578,50.96500015258789,51.15250015258789,48.71339797973633,88818800
2019-04-30,50.76499938964844,50.849998474121094,49.77750015258789,50.16749954223633,47.77536392211914,186139600
2019-05-01,52.470001220703125,53.82749938964844,52.307498931884766,52.630001068115234,50.12044143676758,259309200
2019-05-02,52.459999084472656,53.162498474121094,52.032501220703125,52.287498474121094,49.79427719116211,127985200
2019-05-03,52.72249984741211,52.959999084472656,52.557498931884766,52.9375,50.41328430175781,83569600
2019-05-06,51.0724983215332,52.209999084472656,50.875,52.119998931884766,49.634765625,129772400
2019-05-07,51.470001220703125,51.85499954223633,50.20750045776367,50.71500015258789,48.29676055908203,155054800
2019-05-08,50.474998474121094,51.334999084472656,50.4375,50.724998474121094,48.306270599365234,105358000
2019-05-09,50.099998474121094,50.41999816894531,49.165000915527344,50.18000030517578,47.78726577758789,139634400
2019-05-10,49.35499954223633,49.712501525878906,48.192501068115234,49.29499816894531,47.12526321411133,164834800
2019-05-13,46.9275016784668,47.369998931884766,45.712501525878906,46.43000030517578,44.38636779785156,229722400
2019-05-14,46.602500915527344,47.42499923706055,46.352500915527344,47.165000915527344,45.08899688720703,146118800
2019-05-15,46.567501068115234,47.9375,46.505001068115234,47.72999954223633,45.6291389465332,106178800
2019-05-16,47.477500915527344,48.11750030517578,47.209999084472656,47.52000045776367,45.42837905883789,132125600
2019-05-17,46.73249816894531,47.724998474121094,46.689998626708984,47.25,45.17026138305664,131516400
2019-05-20,45.880001068115234,46.087501525878906,45.06999969482422,45.772499084472656,43.75779724121094,154449200
2019-05-21,46.30500030517578,47.0,46.17499923706055,46.650001525878906,44.5966796875,113459200
2019-05-22,46.165000915527344,46.4275016784668,45.63750076293945,45.69499969482422,43.6837158203125,118994400
2019-05-23,44.95000076293945,45.1349983215332,44.45249938964844,44.915000915527344,42.938045501708984,146118800
2019-05-24,45.04999923706055,45.53499984741211,44.654998779296875,44.74250030517578,42.773128509521484,94858800
2019-05-28,44.72999954223633,45.147499084472656,44.477500915527344,44.557498931884766,42.596275329589844,111792800
2019-05-29,44.10499954223633,44.837501525878906,44.0,44.345001220703125,42.39313507080078,113924800
2019-05-30,44.48749923706055,44.807498931884766,44.16749954223633,44.57500076293945,42.613006591796875,84873600
2019-05-31,44.057498931884766,44.497501373291016,43.747501373291016,43.76750183105469,41.84104537963867,108174400
2019-06-03,43.900001525878906,44.47999954223633,42.567501068115234,43.32500076293945,41.41801834106445,161584400
2019-06-04,43.86000061035156,44.95750045776367,43.630001068115234,44.90999984741211,42.93325424194336,123872000
2019-06-05,46.06999969482422,46.247501373291016,45.28499984741211,45.6349983215332,43.626346588134766,119093600
2019-06-06,45.77000045776367,46.36750030517578,45.537498474121094,46.30500030517578,44.26686096191406,90105200
2019-06-07,46.627498626708984,47.97999954223633,46.442501068115234,47.537498474121094,45.445106506347656,122737600
2019-06-10,47.95249938964844,48.842498779296875,47.904998779296875,48.14500045776367,46.025875091552734,104883600
2019-06-11,48.71500015258789,49.0,48.400001525878906,48.70249938964844,46.558837890625,107731600
2019-06-12,48.48749923706055,48.99250030517578,48.34749984741211,48.54750061035156,46.4106559753418,73012800
2019-06-13,48.67499923706055,49.1974983215332,48.400001525878906,48.537498474121094,46.40108871459961,86698400
2019-06-14,47.88750076293945,48.397499084472656,47.57500076293945,48.185001373291016,46.06410217285156,75046000
2019-06-17,48.224998474121094,48.7400016784668,48.04249954223633,48.47249984741211,46.338951110839844,58676400
2019-06-18,49.01250076293945,50.0724983215332,48.8025016784668,49.61249923706055,47.42877197265625,106204000
2019-06-19,49.91999816894531,49.970001220703125,49.32749938964844,49.467498779296875,47.2901611328125,84496800
2019-06-20,50.092498779296875,50.15250015258789,49.50749969482422,49.8650016784668,47.670162200927734,86056000
2019-06-21,49.70000076293945,50.212501525878906,49.537498474121094,49.69499969482422,47.507652282714844,191202400
2019-06-24,49.6349983215332,50.040000915527344,49.54249954223633,49.64500045776367,47.45984649658203,72881600
2019-06-25,49.60749816894531,49.814998626708984,48.8224983215332,48.89250183105469,46.74046325683594,84281200
2019-06-26,49.442501068115234,50.247501373291016,49.337501525878906,49.95000076293945,47.751434326171875,104270000
2019-06-27,50.0724983215332,50.39250183105469,49.89250183105469,49.935001373291016,47.73707962036133,83598800
2019-06-28,49.66999816894531,49.875,49.26250076293945,49.47999954223633,47.30210494995117,124442400
2019-07-01,50.79249954223633,51.122501373291016,50.162498474121094,50.38750076293945,48.16966247558594,109012000
2019-07-02,50.352500915527344,50.782501220703125,50.34000015258789,50.682498931884766,48.451683044433594,67740800
2019-07-03,50.81999969482422,51.11000061035156,50.67250061035156,51.102500915527344,48.85319900512695,45448000
2019-07-05,50.837501525878906,51.27000045776367,50.724998474121094,51.057498931884766,48.81017303466797,69062000
2019-07-08,50.20249938964844,50.349998474121094,49.602500915527344,50.005001068115234,47.804012298583984,101354400
2019-07-09,49.79999923706055,50.377498626708984,49.70249938964844,50.310001373291016,48.0955810546875,82312000
2019-07-10,50.462501525878906,50.932498931884766,50.38999938964844,50.807498931884766,48.5711784362793,71588400
2019-07-11,50.82749938964844,51.09749984741211,50.4275016784668,50.4375,48.21746826171875,80767200
2019-07-12,50.61249923706055,51.0,50.54999923706055,50.82500076293945,48.58790588378906,70380800
2019-07-15,51.022499084472656,51.467498779296875,51.0,51.3025016784668,49.044395446777344,67789600
2019-07-16,51.147499084472656,51.52750015258789,50.875,51.125,48.87470245361328,67467200
2019-07-17,51.01250076293945,51.272499084472656,50.817501068115234,50.837501525878906,48.599857330322266,56430000
2019-07-18,51.0,51.470001220703125,50.92499923706055,51.415000915527344,49.15194320678711,74162400
2019-07-19,51.4474983215332,51.625,50.59000015258789,50.647499084472656,48.418212890625,83717200
2019-07-22,50.912498474121094,51.807498931884766,50.90250015258789,51.80500030517578,49.52476501464844,89111600
2019-07-23,52.1150016784668,52.227500915527344,51.8224983215332,52.209999084472656,49.91194534301758,73420800
2019-07-24,51.91749954223633,52.287498474121094,51.79249954223633,52.16749954223633,49.87131881713867,59966400
2019-07-25,52.22249984741211,52.310001373291016,51.682498931884766,51.755001068115234,49.47697830200195,55638400
2019-07-26,51.869998931884766,52.432498931884766,51.78499984741211,51.935001373291016,49.649051666259766,70475600
2019-07-29,52.1150016784668,52.65999984741211,52.11000061035156,52.41999816894531,50.11269760131836,86693600
2019-07-30,52.189998626708984,52.540000915527344,51.82749938964844,52.19499969482422,49.89760208129883,135742800
2019-07-31,54.10499954223633,55.342498779296875,52.82500076293945,53.2599983215332,50.91572952270508,277125600
2019-08-01,53.474998474121094,54.50749969482422,51.685001373291016,52.10749816894531,49.81395721435547,216071600
2019-08-02,51.38249969482422,51.60749816894531,50.407501220703125,51.005001068115234,48.759979248046875,163448400
2019-08-05,49.497501373291016,49.662498474121094,48.14500045776367,48.334999084472656,46.2075080871582,209572000
2019-08-06,49.07749938964844,49.51750183105469,48.5099983215332,49.25,47.08222961425781,143299200
2019-08-07,48.852500915527344,49.88999938964844,48.45500183105469,49.7599983215332,47.56978225708008,133457600
2019-08-08,50.04999923706055,50.88249969482422,49.84749984741211,50.85749816894531,48.61896896362305,108038000
2019-08-09,50.32500076293945,50.689998626708984,49.8224983215332,50.247501373291016,48.21833038330078,98478800
2019-08-12,49.904998779296875,50.51250076293945,49.787498474121094,50.119998931884766,48.09599685668945,89927600
2019-08-13,50.255001068115234,53.03499984741211,50.119998931884766,52.24250030517578,50.13277816772461,188874000
2019-08-14,50.790000915527344,51.61000061035156,50.647499084472656,50.6875,48.64055633544922,146189600
2019-08-15,50.8650016784668,51.28499984741211,49.91749954223633,50.435001373291016,48.39826583862305,108909600
2019-08-16,51.06999969482422,51.790000915527344,50.959999084472656,51.625,49.54021453857422,110481600
2019-08-19,52.654998779296875,53.182498931884766,52.50749969482422,52.587501525878906,50.46383285522461,97654400
2019-08-20,52.720001220703125,53.337501525878906,52.58000183105469,52.59000015258789,50.46622848510742,107537200
2019-08-21,53.247501373291016,53.412498474121094,52.900001525878906,53.15999984741211,51.01321792602539,86141600
2019-08-22,53.29750061035156,53.61000061035156,52.6875,53.1150016784668,50.97004318237305,89014800
2019-08-23,52.35749816894531,53.01250076293945,50.25,50.65999984741211,48.61418533325195,187272000
2019-08-26,51.46500015258789,51.79750061035156,51.26499938964844,51.622501373291016,49.537811279296875,104174400
2019-08-27,51.96500015258789,52.13750076293945,50.88249969482422,51.040000915527344,48.97883987426758,103493200
2019-08-28,51.025001525878906,51.43000030517578,50.83000183105469,51.38249969482422,49.307491302490234,63755200
2019-08-29,52.125,52.33000183105469,51.665000915527344,52.252498626708984,50.142364501953125,83962000
2019-08-30,52.540000915527344,52.61249923706055,51.79999923706055,52.185001373291016,50.077598571777344,84573600
2019-09-03,51.60749816894531,51.744998931884766,51.05500030517578,51.42499923706055,49.34827423095703,80092000
2019-09-04,52.09749984741211,52.369998931884766,51.83000183105469,52.29750061035156,50.1855583190918,76752400
2019-09-05,53.0,53.49250030517578,52.877498626708984,53.31999969482422,51.166744232177734,95654800
2019-09-06,53.51250076293945,53.60499954223633,53.127498626708984,53.314998626708984,51.16195297241211,77449200
2019-09-09,53.709999084472656,54.11000061035156,52.76750183105469,53.54249954223633,51.380271911621094,109237600
2019-09-10,53.46500015258789,54.19499969482422,52.9275016784668,54.17499923706055,51.987220764160156,127111600
2019-09-11,54.51750183105469,55.9275016784668,54.432498931884766,55.897499084472656,53.64017105102539,177158400
2019-09-12,56.20000076293945,56.60499954223633,55.71500015258789,55.772499084472656,53.52021026611328,128906800
2019-09-13,55.0,55.1974983215332,54.255001068115234,54.6875,52.47903060913086,159053200
2019-09-16,54.432498931884766,55.032501220703125,54.38999938964844,54.974998474121094,52.754913330078125,84632400
2019-09-17,54.9900016784668,55.20500183105469,54.779998779296875,55.17499923706055,52.94684600830078,73274800
2019-09-18,55.26499938964844,55.712501525878906,54.86000061035156,55.692501068115234,53.44345474243164,101360000
2019-09-19,55.502498626708984,55.939998626708984,55.092498779296875,55.2400016784668,53.009220123291016,88242400
2019-09-20,55.345001220703125,55.63999938964844,54.36750030517578,54.432498931884766,52.23434066772461,221652400
2019-09-23,54.73749923706055,54.959999084472656,54.412498474121094,54.68000030517578,52.47183609008789,76662000
2019-09-24,55.25749969482422,55.622501373291016,54.29750061035156,54.41999816894531,52.22234344482422,124763200
2019-09-25,54.63750076293945,55.375,54.28499984741211,55.25749969482422,53.02600860595703,87613600
2019-09-26,55.0,55.23500061035156,54.70750045776367,54.97249984741211,52.75252151489258,75334000
2019-09-27,55.1349983215332,55.2400016784668,54.31999969482422,54.70500183105469,52.4958381652832,101408000
2019-09-30,55.224998474121094,56.14500045776367,55.1974983215332,55.99250030517578,53.73133087158203,103909600
2019-10-01,56.26750183105469,57.05500030517578,56.04999923706055,56.147499084472656,53.88007354736328,139223200
2019-10-02,55.76499938964844,55.89500045776367,54.48249816894531,54.7400016784668,52.52941131591797,138449200
2019-10-03,54.60749816894531,55.2400016784668,53.782501220703125,55.20500183105469,52.97563934326172,114426000
2019-10-04,56.40999984741211,56.872501373291016,55.97249984741211,56.752498626708984,54.46063995361328,138478800
2019-10-07,56.567501068115234,57.48249816894531,56.459999084472656,56.76499938964844,54.47262954711914,122306000
2019-10-08,56.45500183105469,57.01499938964844,56.08250045776367,56.099998474121094,53.83449172973633,111820000
2019-10-09,56.75749969482422,56.9474983215332,56.40999984741211,56.75749969482422,54.46543502807617,74770400
2019-10-10,56.98249816894531,57.61000061035156,56.82500076293945,57.522499084472656,55.19953918457031,113013600
2019-10-11,58.23749923706055,59.40999984741211,58.07749938964844,59.0525016784668,56.66776657104492,166795600
2019-10-14,58.724998474121094,59.532501220703125,58.66749954223633,58.967498779296875,56.58618927001953,96427600
2019-10-15,59.09749984741211,59.412498474121094,58.720001220703125,58.83000183105469,56.45425796508789,87360000
2019-10-16,58.342498779296875,58.810001373291016,58.29999923706055,58.592498779296875,56.22633361816406,73903200
2019-10-17,58.772499084472656,59.037498474121094,58.380001068115234,58.81999969482422,56.44465255737305,67585200
2019-10-18,58.647499084472656,59.39500045776367,58.5724983215332,59.102500915527344,56.71573257446289,97433600
2019-10-21,59.380001068115234,60.247501373291016,59.33000183105469,60.127498626708984,57.69933319091797,87247200
2019-10-22,60.290000915527344,60.54999923706055,59.904998779296875,59.9900016784668,57.56740951538086,82293600
2019-10-23,60.525001525878906,60.810001373291016,60.30500030517578,60.79499816894531,58.33988571166992,75828800
2019-10-24,61.127498626708984,61.20000076293945,60.45249938964844,60.89500045776367,58.435855865478516,69275200
2019-10-25,60.790000915527344,61.682498931884766,60.720001220703125,61.64500045776367,59.15556716918945,73477200
2019-10-28,61.85499954223633,62.3125,61.68000030517578,62.26250076293945,59.748138427734375,96572800
2019-10-29,62.24250030517578,62.4375,60.64250183105469,60.8224983215332,58.36627960205078,142839600
2019-10-30,61.189998626708984,61.32500076293945,60.3025016784668,60.814998626708984,58.35908508300781,124522000
2019-10-31,61.810001373291016,62.29249954223633,59.314998626708984,62.189998626708984,59.67855453491211,139162000
2019-11-01,62.3849983215332,63.98249816894531,62.290000915527344,63.95500183105469,61.37228775024414,151125200
2019-11-04,64.3324966430664,64.4625015258789,63.845001220703125,64.375,61.77531433105469,103272000
2019-11-05,64.26249694824219,64.54750061035156,64.08000183105469,64.28250122070312,61.68653869628906,79897600
2019-11-06,64.19249725341797,64.37249755859375,63.842498779296875,64.30999755859375,61.71294403076172,75864400
2019-11-07,64.68499755859375,65.0875015258789,64.52749633789062,64.85749816894531,62.42519760131836,94940400
2019-11-08,64.67250061035156,65.11000061035156,64.2125015258789,65.03500366210938,62.596031188964844,69986400
2019-11-11,64.57499694824219,65.61750030517578,64.56999969482422,65.55000305175781,63.09170150756836,81821200
2019-11-12,65.38749694824219,65.69750213623047,65.2300033569336,65.48999786376953,63.03398132324219,87388800
2019-11-13,65.28250122070312,66.19499969482422,65.26750183105469,66.11750030517578,63.637935638427734,102734400
2019-11-14,65.9375,66.22000122070312,65.5250015258789,65.66000366210938,63.19759750366211,89182800
2019-11-15,65.91999816894531,66.44499969482422,65.75250244140625,66.44000244140625,63.94833755493164,100206400
2019-11-18,66.44999694824219,66.85749816894531,66.05750274658203,66.7750015258789,64.27078247070312,86703200
2019-11-19,66.9749984741211,67.0,66.34750366210938,66.57250213623047,64.07588195800781,76167200
2019-11-20,66.38500213623047,66.5199966430664,65.0999984741211,65.79750061035156,63.32994842529297,106234400
2019-11-21,65.92250061035156,66.00250244140625,65.29499816894531,65.50250244140625,63.04601287841797,121395200
2019-11-22,65.64749908447266,65.79499816894531,65.20999908447266,65.44499969482422,62.99066162109375,65325200
2019-11-25,65.67749786376953,66.61000061035156,65.62999725341797,66.59249877929688,64.09513854980469,84020400
2019-11-26,66.73500061035156,66.79000091552734,65.625,66.07250213623047,63.59465026855469,105207600
2019-11-27,66.3949966430664,66.99500274658203,66.32749938964844,66.95999908447266,64.4488525390625,65235600
2019-11-29,66.6500015258789,67.0,66.4749984741211,66.8125,64.30687713623047,46617600
2019-12-02,66.81749725341797,67.0625,65.86250305175781,66.04000091552734,63.563350677490234,94487200
2019-12-03,64.57749938964844,64.88249969482422,64.07250213623047,64.86250305175781,62.429996490478516,114430400
2019-12-04,65.26750183105469,65.82749938964844,65.16999816894531,65.43499755859375,62.98102569580078,67181600
2019-12-05,65.94750213623047,66.47250366210938,65.68250274658203,66.3949966430664,63.905033111572266,74424400
2019-12-06,66.87000274658203,67.75,66.82499694824219,67.67749786376953,65.13944244384766,106075600
2019-12-09,67.5,67.69999694824219,66.22750091552734,66.7300033569336,64.22745513916016,128042400
2019-12-10,67.1500015258789,67.51750183105469,66.46499633789062,67.12000274658203,64.60283660888672,90420400
2019-12-11,67.20249938964844,67.7750015258789,67.125,67.69249725341797,65.15386962890625,78756800
2019-12-12,66.94499969482422,68.13999938964844,66.83000183105469,67.86499786376953,65.31990051269531,137310400
2019-12-13,67.86499786376953,68.82499694824219,67.73249816894531,68.7874984741211,66.20779418945312,133587600
2019-12-16,69.25,70.19750213623047,69.24500274658203,69.96499633789062,67.34113311767578,128186000
2019-12-17,69.89250183105469,70.44249725341797,69.69999694824219,70.10250091552734,67.47349548339844,114158400
2019-12-18,69.94999694824219,70.4749984741211,69.77999877929688,69.93499755859375,67.31226348876953,116028400
2019-12-19,69.875,70.29499816894531,69.73750305175781,70.00499725341797,67.37965393066406,98369200
2019-12-20,70.55750274658203,70.6624984741211,69.63999938964844,69.86000061035156,67.24009704589844,275978000
2019-12-23,70.13249969482422,71.0625,70.09249877929688,71.0,68.33733367919922,98572000
2019-12-24,71.17250061035156,71.22250366210938,70.7300033569336,71.06749725341797,68.40229797363281,48478800
2019-12-26,71.20500183105469,72.49500274658203,71.17500305175781,72.47750091552734,69.75941467285156,93121200
2019-12-27,72.77999877929688,73.49250030517578,72.02999877929688,72.44999694824219,69.73294830322266,146266000
2019-12-30,72.36499786376953,73.17250061035156,71.30500030517578,72.87999725341797,70.14684295654297,144114400
2019-12-31,72.48249816894531,73.41999816894531,72.37999725341797,73.4124984741211,70.65934753417969,100805600
2020-01-02,74.05999755859375,75.1500015258789,73.79750061035156,75.0875015258789,72.27155303955078,135480400
2020-01-03,74.2874984741211,75.1449966430664,74.125,74.35749816894531,71.56891632080078,146322800
2020-01-06,73.44750213623047,74.98999786376953,73.1875,74.94999694824219,72.13919830322266,118387200
2020-01-07,74.95999908447266,75.2249984741211,74.37000274658203,74.59750366210938,71.79991149902344,108872000
2020-01-08,74.29000091552734,76.11000061035156,74.29000091552734,75.79750061035156,72.95492553710938,132079200
2020-01-09,76.80999755859375,77.60749816894531,76.55000305175781,77.40750122070312,74.50454711914062,170108400
2020-01-10,77.6500015258789,78.1675033569336,77.0625,77.5824966430664,74.67298889160156,140644800
2020-01-13,77.91000366210938,79.26750183105469,77.7874984741211,79.23999786376953,76.268310546875,121532000
2020-01-14,79.17500305175781,79.39250183105469,78.0425033569336,78.16999816894531,75.23845672607422,161954400
2020-01-15,77.9625015258789,78.875,77.38749694824219,77.83499908447266,74.91598510742188,121923600
2020-01-16,78.39749908447266,78.92500305175781,78.02249908447266,78.80999755859375,75.85446166992188,108829200
2020-01-17,79.06749725341797,79.68499755859375,78.75,79.68250274658203,76.69420623779297,137816400
2020-01-21,79.29750061035156,79.75499725341797,79.0,79.14250183105469,76.17447662353516,110843200
2020-01-22,79.6449966430664,79.99749755859375,79.32749938964844,79.42500305175781,76.44636535644531,101832400
2020-01-23,79.4800033569336,79.88999938964844,78.9124984741211,79.80750274658203,76.81453704833984,104472000
2020-01-24,80.0625,80.8324966430664,79.37999725341797,79.57749938964844,76.5931625366211,146537600
2020-01-27,77.51499938964844,77.94249725341797,76.22000122070312,77.23750305175781,74.3409194946289,161940000
2020-01-28,78.1500015258789,79.5999984741211,78.04750061035156,79.42250061035156,76.4439697265625,162234000
2020-01-29,81.11250305175781,81.9625015258789,80.34500122070312,81.08499908447266,78.04410552978516,216229200
2020-01-30,80.13500213623047,81.02249908447266,79.6875,80.96749877929688,77.93102264404297,126743200
2020-01-31,80.23249816894531,80.66999816894531,77.07250213623047,77.37750244140625,74.47566986083984,199588400
2020-02-03,76.07499694824219,78.37249755859375,75.55500030517578,77.16500091552734,74.27115631103516,173788400
2020-02-04,78.82749938964844,79.91000366210938,78.40750122070312,79.7125015258789,76.72311401367188,136616400
2020-02-05,80.87999725341797,81.19000244140625,79.73750305175781,80.36250305175781,77.3487319946289,118826800
2020-02-06,80.64250183105469,81.30500030517578,80.06500244140625,81.30249786376953,78.25344848632812,105425600
2020-02-07,80.59249877929688,80.8499984741211,79.5,80.00749969482422,77.18978118896484,117684000
2020-02-10,78.54499816894531,80.38749694824219,78.4625015258789,80.38749694824219,77.5564193725586,109348800
2020-02-11,80.9000015258789,80.9749984741211,79.67749786376953,79.90249633789062,77.08848571777344,94323200
2020-02-12,80.36750030517578,81.80500030517578,80.36750030517578,81.80000305175781,78.91917419433594,113730400
2020-02-13,81.04750061035156,81.55500030517578,80.8375015258789,81.21749877929688,78.35719299316406,94747600
2020-02-14,81.18499755859375,81.49500274658203,80.7125015258789,81.23750305175781,78.37646484375,80113600
2020-02-18,78.83999633789062,79.9375,78.65249633789062,79.75,76.94135284423828,152531200
2020-02-19,80.0,81.14250183105469,80.0,80.90499877929688,78.0556640625,93984000
2020-02-20,80.65750122070312,81.1624984741211,79.55249786376953,80.07499694824219,77.25492095947266,100566000
2020-02-21,79.65499877929688,80.11250305175781,77.625,78.26249694824219,75.50626373291016,129554000
2020-02-24,74.31500244140625,76.04499816894531,72.30750274658203,74.54499816894531,71.9196548461914,222195200
2020-02-25,75.23750305175781,75.63249969482422,71.53250122070312,72.0199966430664,69.48358917236328,230673600
2020-02-26,71.63249969482422,74.47000122070312,71.625,73.1624984741211,70.58586883544922,198054800
2020-02-27,70.2750015258789,71.5,68.23999786376953,68.37999725341797,65.97179412841797,320605600
2020-02-28,64.31500244140625,69.60250091552734,64.09249877929688,68.33999633789062,65.93317413330078,426510000
2020-03-02,70.56999969482422,75.36000061035156,69.43000030517578,74.70249938964844,72.07161712646484,341397200
2020-03-03,75.9175033569336,76.0,71.44999694824219,72.33000183105469,69.78268432617188,319475600
2020-03-04,74.11000061035156,75.8499984741211,73.28250122070312,75.68499755859375,73.01952362060547,219178400
2020-03-05,73.87999725341797,74.88749694824219,72.85250091552734,73.2300033569336,70.65099334716797,187572800
2020-03-06,70.5,72.70500183105469,70.30750274658203,72.25749969482422,69.71273040771484,226176800
2020-03-09,65.9375,69.52249908447266,65.75,66.5425033569336,64.19901275634766,286744800
2020-03-10,69.28500366210938,71.61000061035156,67.34249877929688,71.33499908447266,68.82271575927734,285290000
2020-03-11,69.34750366210938,70.30500030517578,67.96499633789062,68.85749816894531,66.4324722290039,255598800
2020-03-12,63.98500061035156,67.5,62.0,62.057498931884766,59.8719482421875,418474000
2020-03-13,66.22250366210938,69.9800033569336,63.23749923706055,69.49250030517578,67.04511260986328,370732000
2020-03-16,60.48749923706055,64.7699966430664,60.0,60.5525016784668,58.41995620727539,322423600
2020-03-17,61.877498626708984,64.40249633789062,59.599998474121094,63.21500015258789,60.98868942260742,324056000
2020-03-18,59.942501068115234,62.5,59.279998779296875,61.66749954223633,59.495689392089844,300233600
2020-03-19,61.84749984741211,63.209999084472656,60.65250015258789,61.19499969482422,59.039825439453125,271857200
2020-03-20,61.79499816894531,62.95750045776367,57.0,57.310001373291016,55.291656494140625,401693200
2020-03-23,57.02000045776367,57.125,53.15250015258789,56.092498779296875,54.11703109741211,336752800
2020-03-24,59.09000015258789,61.92250061035156,58.57500076293945,61.720001220703125,59.54633712768555,287531200
2020-03-25,62.6875,64.5625,61.07500076293945,61.380001068115234,59.21830749511719,303602000
2020-03-26,61.630001068115234,64.66999816894531,61.59000015258789,64.61000061035156,62.334564208984375,252087200
2020-03-27,63.1875,63.967498779296875,61.76250076293945,61.935001373291016,59.75377655029297,204216800
2020-03-30,62.685001373291016,63.880001068115234,62.349998474121094,63.70249938964844,61.459022521972656,167976400
2020-03-31,63.900001525878906,65.62249755859375,63.0,63.5724983215332,61.333595275878906,197002000
2020-04-01,61.625,62.18000030517578,59.782501220703125,60.227500915527344,58.106407165527344,176218400
2020-04-02,60.084999084472656,61.287498474121094,59.224998474121094,61.23249816894531,59.076011657714844,165934000
2020-04-03,60.70000076293945,61.42499923706055,59.74250030517578,60.352500915527344,58.22698974609375,129880000
2020-04-06,62.724998474121094,65.77749633789062,62.345001220703125,65.61750030517578,63.30659484863281,201820400
2020-04-07,67.69999694824219,67.92500305175781,64.75,64.85749816894531,62.573341369628906,202887200
2020-04-08,65.68499755859375,66.84249877929688,65.30750274658203,66.51750183105469,64.17488098144531,168895200
2020-04-09,67.17500305175781,67.51750183105469,66.17500305175781,66.99749755859375,64.63798522949219,161834800
2020-04-13,67.07749938964844,68.42500305175781,66.4574966430664,68.3125,65.90666961669922,131022800
2020-04-14,70.0,72.0625,69.51249694824219,71.76249694824219,69.23516845703125,194994800
2020-04-15,70.5999984741211,71.5824966430664,70.15750122070312,71.10749816894531,68.60324096679688,131154400
2020-04-16,71.84500122070312,72.05000305175781,70.5875015258789,71.67250061035156,69.14834594726562,157125200
2020-04-17,71.17250061035156,71.73750305175781,69.21499633789062,70.69999694824219,68.21009063720703,215250000
2020-04-20,69.48750305175781,70.41999816894531,69.2125015258789,69.23249816894531,66.79427337646484,130015200
2020-04-21,69.06999969482422,69.3125,66.35749816894531,67.09249877929688,64.72962188720703,180991600
2020-04-22,68.40249633789062,69.4749984741211,68.05000305175781,69.0250015258789,66.59407806396484,116862400
2020-04-23,68.96749877929688,70.4375,68.71749877929688,68.75749969482422,66.33602142333984,124814400
2020-04-24,69.30000305175781,70.75250244140625,69.25,70.74250030517578,68.2510757446289,126161200
2020-04-27,70.44999694824219,71.13500213623047,69.98750305175781,70.7925033569336,68.2993392944336,117087600
2020-04-28,71.2699966430664,71.4574966430664,69.55000305175781,69.6449966430664,67.19225311279297,112004800
2020-04-29,71.18250274658203,72.4175033569336,70.97250366210938,71.93250274658203,69.39918518066406,137280800
2020-04-30,72.48999786376953,73.63249969482422,72.0875015258789,73.44999694824219,70.86322021484375,183064000
2020-05-01,71.5625,74.75,71.4625015258789,72.26750183105469,69.7223892211914,240616800
2020-05-04,72.2925033569336,73.42250061035156,71.58000183105469,73.29000091552734,70.70889282226562,133568000
2020-05-05,73.76499938964844,75.25,73.61499786376953,74.38999938964844,71.77013397216797,147751200
2020-05-06,75.11499786376953,75.80999755859375,74.71749877929688,75.15750122070312,72.5105972290039,142333600
2020-05-07,75.80500030517578,76.2925033569336,75.49250030517578,75.93499755859375,73.2607192993164,115215200
2020-05-08,76.41000366210938,77.5875015258789,76.07250213623047,77.53250122070312,75.00446319580078,133838400
2020-05-11,77.0250015258789,79.26249694824219,76.80999755859375,78.75250244140625,76.1846923828125,145946400
2020-05-12,79.4574966430664,79.92250061035156,77.72750091552734,77.85250091552734,75.31401824951172,162301200
2020-05-13,78.0374984741211,78.98750305175781,75.80249786376953,76.9124984741211,74.40467071533203,200622400
2020-05-14,76.12750244140625,77.44750213623047,75.38249969482422,77.38500213623047,74.86177825927734,158929200
2020-05-15,75.0875015258789,76.9749984741211,75.05249786376953,76.92749786376953,74.41917419433594,166348400
2020-05-18,78.2925033569336,79.125,77.58000183105469,78.73999786376953,76.17254638671875,135178400
2020-05-19,78.75749969482422,79.62999725341797,78.25250244140625,78.28500366210938,75.73241424560547,101729600
2020-05-20,79.16999816894531,79.87999725341797,79.12999725341797,79.80750274658203,77.20525360107422,111504800
2020-05-21,79.66500091552734,80.22250366210938,78.96749877929688,79.2125015258789,76.62966918945312,102688800
2020-05-22,78.94249725341797,79.80750274658203,78.8375015258789,79.72250366210938,77.123046875,81803200
2020-05-26,80.875,81.05999755859375,79.125,79.18250274658203,76.60066223144531,125522000
2020-05-27,79.03500366210938,79.67749786376953,78.27249908447266,79.52749633789062,76.93439483642578,112945200
2020-05-28,79.19249725341797,80.86000061035156,78.90750122070312,79.5625,76.96826171875,133560800
2020-05-29,79.8125,80.2874984741211,79.11750030517578,79.48500061035156,76.8932876586914,153532400
2020-06-01,79.4375,80.5875015258789,79.30249786376953,80.4625015258789,77.83891296386719,80791200
2020-06-02,80.1875,80.86000061035156,79.73249816894531,80.83499908447266,78.19926452636719,87642800
2020-06-03,81.16500091552734,81.55000305175781,80.57499694824219,81.27999877929688,78.62974548339844,104491200
2020-06-04,81.09750366210938,81.40499877929688,80.19499969482422,80.58000183105469,77.95257568359375,87560400
2020-06-05,80.8375015258789,82.9375,80.80750274658203,82.875,80.17274475097656,137250400
2020-06-08,82.5625,83.4000015258789,81.83000183105469,83.36499786376953,80.64676666259766,95654400
2020-06-09,83.03500366210938,86.40249633789062,83.00250244140625,85.99749755859375,83.19343566894531,147712400
2020-06-10,86.9749984741211,88.69249725341797,86.52249908447266,88.20999908447266,85.33377838134766,166651600
2020-06-11,87.32749938964844,87.76499938964844,83.87000274658203,83.9749984741211,81.23688507080078,201662400
2020-06-12,86.18000030517578,86.94999694824219,83.55500030517578,84.69999694824219,81.93824768066406,200146000
2020-06-15,83.3125,86.41999816894531,83.1449966430664,85.74749755859375,82.95158386230469,138808800
2020-06-16,87.86499786376953,88.30000305175781,86.18000030517578,88.0199966430664,85.14997863769531,165428800
2020-06-17,88.7874984741211,88.8499984741211,87.77249908447266,87.89749908447266,85.03148651123047,114406400
2020-06-18,87.85250091552734,88.36250305175781,87.30500030517578,87.93250274658203,85.06534576416016,96820400
2020-06-19,88.66000366210938,89.13999938964844,86.2874984741211,87.43000030517578,84.57923889160156,264476000
2020-06-22,87.83499908447266,89.86499786376953,87.7874984741211,89.71749877929688,86.79214477539062,135445200
2020-06-23,91.0,93.09500122070312,90.56749725341797,91.63249969482422,88.64471435546875,212155600
2020-06-24,91.25,92.19750213623047,89.62999725341797,90.01499938964844,87.07991790771484,192623200
2020-06-25,90.17500305175781,91.25,89.39250183105469,91.20999908447266,88.23596954345703,137522400
2020-06-26,91.10250091552734,91.33000183105469,88.25499725341797,88.40750122070312,85.52484893798828,205256800
2020-06-29,88.3125,90.5425033569336,87.81999969482422,90.44499969482422,87.49592590332031,130646000
2020-06-30,90.0199966430664,91.49500274658203,90.0,91.19999694824219,88.226318359375,140223200
2020-07-01,91.27999877929688,91.83999633789062,90.97750091552734,91.02749633789062,88.0594253540039,110737200
2020-07-02,91.9625015258789,92.61750030517578,90.91000366210938,91.02749633789062,88.0594253540039,114041600
2020-07-06,92.5,93.94499969482422,92.46749877929688,93.4625015258789,90.41503143310547,118655600
2020-07-07,93.85250091552734,94.65499877929688,93.05750274658203,93.17250061035156,90.13446807861328,112424400
2020-07-08,94.18000030517578,95.375,94.08999633789062,95.34249877929688,92.23371887207031,117092000
2020-07-09,96.26249694824219,96.31749725341797,94.67250061035156,95.75250244140625,92.63036346435547,125642800
2020-07-10,95.33499908447266,95.9800033569336,94.70500183105469,95.91999816894531,92.79241943359375,90257200
2020-07-13,97.26499938964844,99.95500183105469,95.25749969482422,95.47750091552734,92.36430358886719,191649200
2020-07-14,94.83999633789062,97.25499725341797,93.87750244140625,97.05750274658203,93.89281463623047,170989200
2020-07-15,98.98999786376953,99.24749755859375,96.48999786376953,97.7249984741211,94.53852844238281,153198000
2020-07-16,96.5625,97.40499877929688,95.90499877929688,96.52249908447266,93.375244140625,110577600
2020-07-17,96.98750305175781,97.14749908447266,95.83999633789062,96.32749938964844,93.18659210205078,92186800
2020-07-20,96.4175033569336,98.5,96.0625,98.35749816894531,95.15040588378906,90318000
2020-07-21,99.17250061035156,99.25,96.74250030517578,97.0,93.8371810913086,103433200
2020-07-22,96.69249725341797,97.9749984741211,96.60250091552734,97.27249908447266,94.10079956054688,89001600
2020-07-23,96.99749755859375,97.07749938964844,92.01000213623047,92.84500122070312,89.8176498413086,197004400
2020-07-24,90.98750305175781,92.97000122070312,89.1449966430664,92.61499786376953,89.59517669677734,185438800
2020-07-27,93.70999908447266,94.90499877929688,93.4800033569336,94.80999755859375,91.71859741210938,121214000
2020-07-28,94.36750030517578,94.55000305175781,93.24749755859375,93.25250244140625,90.21185302734375,103625600
2020-07-29,93.75,95.2300033569336,93.7125015258789,95.04000091552734,91.94107055664062,90329200
2020-07-30,94.1875,96.29750061035156,93.76750183105469,96.19000244140625,93.05361938476562,158130000
2020-07-31,102.88500213623047,106.41500091552734,100.82499694824219,106.26000213623047,102.79524993896484,374336800
2020-08-03,108.19999694824219,111.63749694824219,107.89250183105469,108.9375,105.38543701171875,308151200
2020-08-04,109.13249969482422,110.79000091552734,108.38749694824219,109.66500091552734,106.08922576904297,173071600
2020-08-05,109.37750244140625,110.39250183105469,108.89749908447266,110.0625,106.4737548828125,121776800
2020-08-06,110.40499877929688,114.4124984741211,109.79750061035156,113.90249633789062,110.18853759765625,202428800
2020-08-07,113.20500183105469,113.67500305175781,110.2925033569336,111.11250305175781,107.6833267211914,198045600
2020-08-10,112.5999984741211,113.7750015258789,110.0,112.72750091552734,109.24848175048828,212403600
2020-08-11,111.97000122070312,112.48249816894531,109.10749816894531,109.375,105.99944305419922,187902400
2020-08-12,110.49749755859375,113.2750015258789,110.29750061035156,113.01000213623047,109.52227783203125,165598000
2020-08-13,114.43000030517578,116.0425033569336,113.92749786376953,115.01000213623047,111.46053314208984,210082000
2020-08-14,114.83000183105469,115.0,113.04499816894531,114.90750122070312,111.36119842529297,165565200
2020-08-17,116.0625,116.0875015258789,113.9625015258789,114.60749816894531,111.0704574584961,119561600
2020-08-18,114.35250091552734,116.0,114.00749969482422,115.5625,111.9959945678711,105633600
2020-08-19,115.98249816894531,117.1624984741211,115.61000061035156,115.7074966430664,112.1364974975586,145538000
2020-08-20,115.75,118.39250183105469,115.73249816894531,118.2750015258789,114.62477111816406,126907200
2020-08-21,119.26249694824219,124.86750030517578,119.25,124.37000274658203,120.53167724609375,338054800
2020-08-24,128.69749450683594,128.78500366210938,123.9375,125.85749816894531,121.97325134277344,345937600
2020-08-25,124.69750213623047,125.18000030517578,123.05249786376953,124.82499694824219,120.97262573242188,211495600
2020-08-26,126.18000030517578,126.99250030517578,125.0824966430664,126.52249908447266,122.61773681640625,163022400
2020-08-27,127.14250183105469,127.48500061035156,123.8324966430664,125.01000213623047,121.15193176269531,155552400
2020-08-28,126.01249694824219,126.44249725341797,124.57749938964844,124.80750274658203,120.9556884765625,187630000
2020-08-31,127.58000183105469,131.0,126.0,129.0399932861328,125.05755615234375,225702700
2020-09-01,132.75999450683594,134.8000030517578,130.52999877929688,134.17999267578125,130.0388946533203,151948100
2020-09-02,137.58999633789062,137.97999572753906,127.0,131.39999389648438,127.3447494506836,200119000
2020-09-03,126.91000366210938,128.83999633789062,120.5,120.87999725341797,117.14936065673828,257599600
2020-09-04,120.06999969482422,123.69999694824219,110.88999938964844,120.95999908447266,117.22689056396484,332607200
2020-09-08,113.94999694824219,118.98999786376953,112.68000030517578,112.81999969482422,109.338134765625,231366600
2020-09-09,117.26000213623047,119.13999938964844,115.26000213623047,117.31999969482422,113.69926452636719,176940500
2020-09-10,120.36000061035156,120.5,112.5,113.48999786376953,109.9874496459961,182274400
2020-09-11,114.56999969482422,115.2300033569336,110.0,112.0,108.5434341430664,180860300
2020-09-14,114.72000122070312,115.93000030517578,112.80000305175781,115.36000061035156,111.79974365234375,140150100
2020-09-15,118.33000183105469,118.83000183105469,113.61000061035156,115.54000091552734,111.97418212890625,184642000
2020-09-16,115.2300033569336,116.0,112.04000091552734,112.12999725341797,108.66941833496094,154679000
2020-09-17,109.72000122070312,112.19999694824219,108.70999908447266,110.33999633789062,106.93466186523438,178011000
2020-09-18,110.4000015258789,110.87999725341797,106.08999633789062,106.83999633789062,103.54266357421875,287104900
2020-09-21,104.54000091552734,110.19000244140625,103.0999984741211,110.08000183105469,106.68269348144531,195713800
2020-09-22,112.68000030517578,112.86000061035156,109.16000366210938,111.80999755859375,108.35930633544922,183055400
2020-09-23,111.62000274658203,112.11000061035156,106.7699966430664,107.12000274658203,103.81403350830078,150718700
2020-09-24,105.16999816894531,110.25,105.0,108.22000122070312,104.88009643554688,167743300
2020-09-25,108.43000030517578,112.44000244140625,107.66999816894531,112.27999877929688,108.8147964477539,149981400
2020-09-28,115.01000213623047,115.31999969482422,112.77999877929688,114.95999908447266,111.41207122802734,137672400
2020-09-29,114.55000305175781,115.30999755859375,113.56999969482422,114.08999633789062,110.56892395019531,99382200
2020-09-30,113.79000091552734,117.26000213623047,113.62000274658203,115.80999755859375,112.23585510253906,142675200
2020-10-01,117.63999938964844,117.72000122070312,115.83000183105469,116.79000091552734,113.18560791015625,116120400
2020-10-02,112.88999938964844,115.37000274658203,112.22000122070312,113.0199966430664,109.53193664550781,144712000
2020-10-05,113.91000366210938,116.6500015258789,113.55000305175781,116.5,112.90454864501953,106243800
2020-10-06,115.69999694824219,116.12000274658203,112.25,113.16000366210938,109.66763305664062,161498200
2020-10-07,114.62000274658203,115.55000305175781,114.12999725341797,115.08000183105469,111.52837371826172,96849000
2020-10-08,116.25,116.4000015258789,114.58999633789062,114.97000122070312,111.42178344726562,83477200
2020-10-09,115.27999877929688,117.0,114.91999816894531,116.97000122070312,113.36006164550781,100506900
2020-10-12,120.05999755859375,125.18000030517578,119.27999877929688,124.4000015258789,120.56074523925781,240226800
2020-10-13,125.2699966430664,125.38999938964844,119.6500015258789,121.0999984741211,117.36258697509766,262330500
2020-10-14,121.0,123.02999877929688,119.62000274658203,121.19000244140625,117.44981384277344,150712000
2020-10-15,118.72000122070312,121.19999694824219,118.1500015258789,120.70999908447266,116.984619140625,112559200
2020-10-16,121.27999877929688,121.55000305175781,118.80999755859375,119.0199966430664,115.34677124023438,115393800
2020-10-19,119.95999908447266,120.41999816894531,115.66000366210938,115.9800033569336,112.40059661865234,120639300
2020-10-20,116.19999694824219,118.9800033569336,115.62999725341797,117.51000213623047,113.88340759277344,124423700
2020-10-21,116.66999816894531,118.70999908447266,116.44999694824219,116.87000274658203,113.26313781738281,89946000
2020-10-22,117.44999694824219,118.04000091552734,114.58999633789062,115.75,112.1777114868164,101988000
2020-10-23,116.38999938964844,116.55000305175781,114.27999877929688,115.04000091552734,111.48961639404297,82572600
2020-10-26,114.01000213623047,116.55000305175781,112.87999725341797,115.05000305175781,111.49929809570312,111850700
2020-10-27,115.48999786376953,117.27999877929688,114.54000091552734,116.5999984741211,113.00148010253906,92276800
2020-10-28,115.05000305175781,115.43000030517578,111.0999984741211,111.19999694824219,107.76814270019531,143937800
2020-10-29,112.37000274658203,116.93000030517578,112.19999694824219,115.31999969482422,111.76095581054688,146129200
2020-10-30,111.05999755859375,111.98999786376953,107.72000122070312,108.86000061035156,105.5003433227539,190272600
2020-11-02,109.11000061035156,110.68000030517578,107.31999969482422,108.7699966430664,105.41313171386719,122866900
2020-11-03,109.66000366210938,111.48999786376953,108.7300033569336,110.44000244140625,107.0316162109375,107624400
2020-11-04,114.13999938964844,115.58999633789062,112.3499984741211,114.94999694824219,111.40237426757812,138235500
2020-11-05,117.94999694824219,119.62000274658203,116.87000274658203,119.02999877929688,115.35647583007812,126387100
2020-11-06,118.31999969482422,119.19999694824219,116.12999725341797,118.69000244140625,115.22541809082031,114457900
2020-11-09,120.5,121.98999786376953,116.05000305175781,116.31999969482422,112.92459869384766,154515300
2020-11-10,115.55000305175781,117.58999633789062,114.12999725341797,115.97000122070312,112.58480072021484,138023400
2020-11-11,117.19000244140625,119.62999725341797,116.44000244140625,119.48999786376953,116.00205993652344,112295000
2020-11-12,119.62000274658203,120.52999877929688,118.56999969482422,119.20999908447266,115.730224609375,103162300
2020-11-13,119.44000244140625,119.66999816894531,117.87000274658203,119.26000213623047,115.7787857055664,81581900
2020-11-16,118.91999816894531,120.98999786376953,118.1500015258789,120.30000305175781,116.7884292602539,91183000
2020-11-17,119.55000305175781,120.66999816894531,118.95999908447266,119.38999938964844,115.90497589111328,74271000
2020-11-18,118.61000061035156,119.81999969482422,118.0,118.02999877929688,114.58467102050781,76322100
2020-11-19,117.58999633789062,119.05999755859375,116.80999755859375,118.63999938964844,115.17686462402344,74113000
2020-11-20,118.63999938964844,118.7699966430664,117.29000091552734,117.33999633789062,113.91480255126953,73604300
2020-11-23,117.18000030517578,117.62000274658203,113.75,113.8499984741211,110.52666473388672,127959300
2020-11-24,113.91000366210938,115.8499984741211,112.58999633789062,115.16999816894531,111.80817413330078,113874200
2020-11-25,115.55000305175781,116.75,115.16999816894531,116.02999877929688,112.64305877685547,76499200
2020-11-27,116.56999969482422,117.48999786376953,116.22000122070312,116.58999633789062,113.18672943115234,46691300
2020-11-30,116.97000122070312,120.97000122070312,116.80999755859375,119.05000305175781,115.57490539550781,169410200
2020-12-01,121.01000213623047,123.47000122070312,120.01000213623047,122.72000122070312,119.13777923583984,127728200
2020-12-02,122.0199966430664,123.37000274658203,120.88999938964844,123.08000183105469,119.48726654052734,89004200
2020-12-03,123.5199966430664,123.77999877929688,122.20999908447266,122.94000244140625,119.35135650634766,78967600
2020-12-04,122.5999984741211,122.86000061035156,121.5199966430664,122.25,118.68150329589844,78260400
2020-12-07,122.30999755859375,124.56999969482422,122.25,123.75,120.13772583007812,86712000
2020-12-08,124.37000274658203,124.9800033569336,123.08999633789062,124.37999725341797,120.74932861328125,82225500
2020-12-09,124.52999877929688,125.94999694824219,121.0,121.77999877929688,118.2252197265625,115089200
2020-12-10,120.5,123.87000274658203,120.1500015258789,123.23999786376953,119.6426010131836,81312200
2020-12-11,122.43000030517578,122.76000213623047,120.55000305175781,122.41000366210938,118.83683013916016,86939800
2020-12-14,122.5999984741211,123.3499984741211,121.54000091552734,121.77999877929688,118.2252197265625,79184500
2020-12-15,124.33999633789062,127.9000015258789,124.12999725341797,127.87999725341797,124.14717102050781,157243700
2020-12-16,127.41000366210938,128.3699951171875,126.55999755859375,127.80999755859375,124.0792007446289,98208600
2020-12-17,128.89999389648438,129.5800018310547,128.0399932861328,128.6999969482422,124.94322204589844,94359800
2020-12-18,128.9600067138672,129.10000610351562,126.12000274658203,126.66000366210938,122.96277618408203,192541500
2020-12-21,125.0199966430664,128.30999755859375,123.44999694824219,128.22999572753906,124.4869384765625,121251600
2020-12-22,131.61000061035156,134.41000366210938,129.64999389648438,131.8800048828125,128.03038024902344,168904800
2020-12-23,132.16000366210938,132.42999267578125,130.77999877929688,130.9600067138672,127.13728332519531,88223700
2020-12-24,131.32000732421875,133.4600067138672,131.10000610351562,131.97000122070312,128.1177520751953,54930100
2020-12-28,133.99000549316406,137.33999633789062,133.50999450683594,136.69000244140625,132.69993591308594,124486200
2020-12-29,138.0500030517578,138.7899932861328,134.33999633789062,134.8699951171875,130.93309020996094,121047300
2020-12-30,135.5800018310547,135.99000549316406,133.39999389648438,133.72000122070312,129.8166961669922,96452100
2020-12-31,134.0800018310547,134.74000549316406,131.72000122070312,132.69000244140625,128.8167724609375,99116600
2021-01-04,133.52000427246094,133.61000061035156,126.76000213623047,129.41000366210938,125.63249206542969,143301900
2021-01-05,128.88999938964844,131.74000549316406,128.42999267578125,131.00999450683594,127.18576049804688,97664900
2021-01-06,127.72000122070312,131.0500030517578,126.37999725341797,126.5999984741211,122.9045181274414,155088000
2021-01-07,128.36000061035156,131.6300048828125,127.86000061035156,130.9199981689453,127.09841918945312,109578200
2021-01-08,132.42999267578125,132.6300048828125,130.22999572753906,132.0500030517578,128.19541931152344,105158200
2021-01-11,129.19000244140625,130.1699981689453,128.5,128.97999572753906,125.21501922607422,100384500
2021-01-12,128.5,129.69000244140625,126.86000061035156,128.8000030517578,125.04029846191406,91951100
2021-01-13,128.75999450683594,131.4499969482422,128.49000549316406,130.88999938964844,127.06929016113281,88636800
2021-01-14,130.8000030517578,131.0,128.75999450683594,128.91000366210938,125.14710998535156,90221800
2021-01-15,128.77999877929688,130.22000122070312,127.0,127.13999938964844,123.42875671386719,111598500
2021-01-19,127.77999877929688,128.7100067138672,126.94000244140625,127.83000183105469,124.0986099243164,90757300
2021-01-20,128.66000366210938,132.49000549316406,128.5500030517578,132.02999877929688,128.1759796142578,104319500
2021-01-21,133.8000030517578,139.6699981689453,133.58999633789062,136.8699951171875,132.87474060058594,120150900
2021-01-22,136.27999877929688,139.85000610351562,135.02000427246094,139.07000732421875,135.01052856445312,114459400
2021-01-25,143.07000732421875,145.08999633789062,136.5399932861328,142.9199981689453,138.7481231689453,157611700
2021-01-26,143.60000610351562,144.3000030517578,141.3699951171875,143.16000366210938,138.98114013671875,98390600
2021-01-27,143.42999267578125,144.3000030517578,140.41000366210938,142.05999755859375,137.91319274902344,140843800
2021-01-28,139.52000427246094,141.99000549316406,136.6999969482422,137.08999633789062,133.08834838867188,142621100
2021-01-29,135.8300018310547,136.74000549316406,130.2100067138672,131.9600067138672,128.10809326171875,177523800
2021-02-01,133.75,135.3800048828125,130.92999267578125,134.13999938964844,130.22442626953125,106239800
2021-02-02,135.72999572753906,136.30999755859375,134.61000061035156,134.99000549316406,131.0496368408203,83305400
2021-02-03,135.75999450683594,135.77000427246094,133.61000061035156,133.94000244140625,130.0302734375,89880900
2021-02-04,136.3000030517578,137.39999389648438,134.58999633789062,137.38999938964844,133.3795623779297,84183100
2021-02-05,137.35000610351562,137.4199981689453,135.86000061035156,136.75999450683594,132.96632385253906,75693800
2021-02-08,136.02999877929688,136.9600067138672,134.9199981689453,136.91000366210938,133.1122283935547,71297200
2021-02-09,136.6199951171875,137.8800048828125,135.85000610351562,136.00999450683594,132.2371368408203,76774200
2021-02-10,136.47999572753906,136.99000549316406,134.39999389648438,135.38999938964844,131.63433837890625,73046600
2021-02-11,135.89999389648438,136.38999938964844,133.77000427246094,135.1300048828125,131.38156127929688,64280000
2021-02-12,134.35000610351562,135.52999877929688,133.69000244140625,135.3699951171875,131.61489868164062,60145100
2021-02-16,135.49000549316406,136.00999450683594,132.7899932861328,133.19000244140625,129.49533081054688,80576300
2021-02-17,131.25,132.22000122070312,129.47000122070312,130.83999633789062,127.21051788330078,97918500
2021-02-18,129.1999969482422,130.0,127.41000366210938,129.7100067138672,126.11187744140625,96856700
2021-02-19,130.24000549316406,130.7100067138672,128.8000030517578,129.8699951171875,126.26746368408203,87668800
2021-02-22,128.00999450683594,129.72000122070312,125.5999984741211,126.0,122.50481414794922,103916400
2021-02-23,123.76000213623047,126.70999908447266,118.38999938964844,125.86000061035156,122.36870574951172,158273000
2021-02-24,124.94000244140625,125.55999755859375,122.2300033569336,125.3499984741211,121.87283325195312,111039900
2021-02-25,124.68000030517578,126.45999908447266,120.54000091552734,120.98999786376953,117.63380432128906,148199500
2021-02-26,122.58999633789062,124.8499984741211,121.19999694824219,121.26000213623047,117.89628601074219,164560400
2021-03-01,123.75,127.93000030517578,122.79000091552734,127.79000091552734,124.24517059326172,116307900
2021-03-02,128.41000366210938,128.72000122070312,125.01000213623047,125.12000274658203,121.64923858642578,102260900
2021-03-03,124.80999755859375,125.70999908447266,121.83999633789062,122.05999755859375,118.67411804199219,112966300
2021-03-04,121.75,123.5999984741211,118.62000274658203,120.12999725341797,116.79766082763672,178155000
2021-03-05,120.9800033569336,121.94000244140625,117.56999969482422,121.41999816894531,118.0518798828125,153766600
2021-03-08,120.93000030517578,121.0,116.20999908447266,116.36000061035156,113.1322250366211,154376600
2021-03-09,119.02999877929688,122.05999755859375,118.79000091552734,121.08999633789062,117.73103332519531,129525800
2021-03-10,121.69000244140625,122.16999816894531,119.44999694824219,119.9800033569336,116.65180969238281,111943300
2021-03-11,122.54000091552734,123.20999908447266,121.26000213623047,121.95999908447266,118.57688903808594,103026500
2021-03-12,120.4000015258789,121.16999816894531,119.16000366210938,121.02999877929688,117.67269134521484,88105100
2021-03-15,121.41000366210938,124.0,120.41999816894531,123.98999786376953,120.55059051513672,92403800
2021-03-16,125.69999694824219,127.22000122070312,124.72000122070312,125.56999969482422,122.08674621582031,115227900
2021-03-17,124.05000305175781,125.86000061035156,122.33999633789062,124.76000213623047,121.29922485351562,111932600
2021-03-18,122.87999725341797,123.18000030517578,120.31999969482422,120.52999877929688,117.18656921386719,121229700
2021-03-19,119.9000015258789,121.43000030517578,119.68000030517578,119.98999786376953,116.66154479980469,185549500
2021-03-22,120.33000183105469,123.87000274658203,120.26000213623047,123.38999938964844,119.96723175048828,111912300
2021-03-23,123.33000183105469,124.23999786376953,122.13999938964844,122.54000091552734,119.14080047607422,95467100
2021-03-24,122.81999969482422,122.9000015258789,120.06999969482422,120.08999633789062,116.7587661743164,88530500
2021-03-25,119.54000091552734,121.66000366210938,119.0,120.58999633789062,117.24486541748047,98844700
2021-03-26,120.3499984741211,121.4800033569336,118.91999816894531,121.20999908447266,117.84770202636719,94071200
2021-03-29,121.6500015258789,122.58000183105469,120.7300033569336,121.38999938964844,118.022705078125,80819200
2021-03-30,120.11000061035156,120.4000015258789,118.86000061035156,119.9000015258789,116.57403564453125,85671900
2021-03-31,121.6500015258789,123.5199966430664,121.1500015258789,122.1500015258789,118.76162719726562,118323800
2021-04-01,123.66000366210938,124.18000030517578,122.48999786376953,123.0,119.58804321289062,75089100
2021-04-05,123.87000274658203,126.16000366210938,123.06999969482422,125.9000015258789,122.4075927734375,88651200
2021-04-06,126.5,127.12999725341797,125.6500015258789,126.20999908447266,122.70899963378906,80171300
2021-04-07,125.83000183105469,127.91999816894531,125.13999938964844,127.9000015258789,124.35211181640625,83466700
2021-04-08,128.9499969482422,130.38999938964844,128.52000427246094,130.36000061035156,126.74388122558594,88844600
2021-04-09,129.8000030517578,133.0399932861328,129.47000122070312,133.0,129.31063842773438,106686700
2021-04-12,132.52000427246094,132.85000610351562,130.6300048828125,131.24000549316406,127.59944915771484,91420000
2021-04-13,132.44000244140625,134.66000366210938,131.92999267578125,134.42999267578125,130.70103454589844,91266500
2021-04-14,134.94000244140625,135.0,131.66000366210938,132.02999877929688,128.36753845214844,87222800
2021-04-15,133.82000732421875,135.0,133.63999938964844,134.5,130.76905822753906,89347100
2021-04-16,134.3000030517578,134.6699981689453,133.27999877929688,134.16000366210938,130.4384765625,84922400
2021-04-19,133.50999450683594,135.47000122070312,133.33999633789062,134.83999633789062,131.099609375,94264200
2021-04-20,135.02000427246094,135.52999877929688,131.80999755859375,133.11000061035156,129.4175567626953,94812300
2021-04-21,132.36000061035156,133.75,131.3000030517578,133.5,129.79676818847656,68847100
2021-04-22,133.0399932861328,134.14999389648438,131.41000366210938,131.94000244140625,128.28004455566406,84566500
2021-04-23,132.16000366210938,135.1199951171875,132.16000366210938,134.32000732421875,130.59400939941406,78657500
2021-04-26,134.8300018310547,135.05999755859375,133.55999755859375,134.72000122070312,130.9829559326172,66905100
2021-04-27,135.00999450683594,135.41000366210938,134.11000061035156,134.38999938964844,130.66204833984375,66015800
2021-04-28,134.30999755859375,135.02000427246094,133.0800018310547,133.5800018310547,129.87457275390625,107760100
2021-04-29,136.47000122070312,137.07000732421875,132.4499969482422,133.47999572753906,129.77728271484375,151101000
2021-04-30,131.77999877929688,133.55999755859375,131.07000732421875,131.4600067138672,127.81334686279297,109839500
2021-05-03,132.0399932861328,134.07000732421875,131.8300018310547,132.5399932861328,128.86341857910156,75135100
2021-05-04,131.19000244140625,131.49000549316406,126.69999694824219,127.8499984741211,124.30350494384766,137564700
2021-05-05,129.1999969482422,130.4499969482422,127.97000122070312,128.10000610351562,124.54656219482422,84000900
2021-05-06,127.88999938964844,129.75,127.12999725341797,129.74000549316406,126.14111328125,78128300
2021-05-07,130.85000610351562,131.25999450683594,129.47999572753906,130.2100067138672,126.8131103515625,78973300
2021-05-10,129.41000366210938,129.5399932861328,126.80999755859375,126.8499984741211,123.54073333740234,88071200
2021-05-11,123.5,126.2699966430664,122.7699966430664,125.91000366210938,122.625244140625,126142800
2021-05-12,123.4000015258789,124.63999938964844,122.25,122.7699966430664,119.56716918945312,112172300
2021-05-13,124.58000183105469,126.1500015258789,124.26000213623047,124.97000122070312,121.70978546142578,105861300
2021-05-14,126.25,127.88999938964844,125.8499984741211,127.44999694824219,124.12507629394531,81918000
2021-05-17,126.81999969482422,126.93000030517578,125.16999816894531,126.2699966430664,122.97586059570312,74244600
2021-05-18,126.55999755859375,126.98999786376953,124.77999877929688,124.8499984741211,121.59288787841797,63342900
2021-05-19,123.16000366210938,124.91999816894531,122.86000061035156,124.69000244140625,121.43706512451172,92612000
2021-05-20,125.2300033569336,127.72000122070312,125.0999984741211,127.30999755859375,123.98872375488281,76857100
2021-05-21,127.81999969482422,128.0,125.20999908447266,125.43000030517578,122.15777587890625,79295400
2021-05-24,126.01000213623047,127.94000244140625,125.94000244140625,127.0999984741211,123.78423309326172,63092900
2021-05-25,127.81999969482422,128.32000732421875,126.31999969482422,126.9000015258789,123.58943176269531,72009500
2021-05-26,126.95999908447266,127.38999938964844,126.41999816894531,126.8499984741211,123.54073333740234,56575900
2021-05-27,126.44000244140625,127.63999938964844,125.08000183105469,125.27999877929688,122.01168823242188,94625600
2021-05-28,125.56999969482422,125.80000305175781,124.55000305175781,124.61000061035156,121.35916900634766,71311100
2021-06-01,125.08000183105469,125.3499984741211,123.94000244140625,124.27999877929688,121.03778076171875,67637100
2021-06-02,124.27999877929688,125.23999786376953,124.05000305175781,125.05999755859375,121.79744720458984,59278900
2021-06-03,124.68000030517578,124.8499984741211,123.12999725341797,123.54000091552734,120.31709289550781,76229200
2021-06-04,124.06999969482422,126.16000366210938,123.8499984741211,125.88999938964844,122.60578155517578,75169300
2021-06-07,126.16999816894531,126.31999969482422,124.83000183105469,125.9000015258789,122.61551666259766,71057600
2021-06-08,126.5999984741211,128.4600067138672,126.20999908447266,126.73999786376953,123.43360137939453,74403800
2021-06-09,127.20999908447266,127.75,126.5199966430664,127.12999725341797,123.81342315673828,56877900
2021-06-10,127.0199966430664,128.19000244140625,125.94000244140625,126.11000061035156,122.82005310058594,71186400
2021-06-11,126.52999877929688,127.44000244140625,126.0999984741211,127.3499984741211,124.02767944335938,53522400
2021-06-14,127.81999969482422,130.5399932861328,127.06999969482422,130.47999572753906,127.07601928710938,96906500
2021-06-15,129.94000244140625,130.60000610351562,129.38999938964844,129.63999938964844,126.25794219970703,62746300
2021-06-16,130.3699951171875,130.88999938964844,128.4600067138672,130.14999389648438,126.75464630126953,91815000
2021-06-17,129.8000030517578,132.5500030517578,129.64999389648438,131.7899932861328,128.35182189941406,96721700
2021-06-18,130.7100067138672,131.50999450683594,130.24000549316406,130.4600067138672,127.05656433105469,108953300
2021-06-21,130.3000030517578,132.41000366210938,129.2100067138672,132.3000030517578,128.8485565185547,79663300
2021-06-22,132.1300048828125,134.0800018310547,131.6199951171875,133.97999572753906,130.48468017578125,74783600
2021-06-23,133.77000427246094,134.32000732421875,133.22999572753906,133.6999969482422,130.2120361328125,60214200
2021-06-24,134.4499969482422,134.63999938964844,132.92999267578125,133.41000366210938,129.9296112060547,68711000
2021-06-25,133.4600067138672,133.88999938964844,132.80999755859375,133.11000061035156,129.63742065429688,70783700
2021-06-28,133.41000366210938,135.25,133.35000610351562,134.77999877929688,131.26388549804688,62111300
2021-06-29,134.8000030517578,136.49000549316406,134.35000610351562,136.3300018310547,132.77340698242188,64556100
2021-06-30,136.1699981689453,137.41000366210938,135.8699951171875,136.9600067138672,133.386962890625,63261400
2021-07-01,136.60000610351562,137.3300018310547,135.75999450683594,137.27000427246094,133.6888885498047,52485800
2021-07-02,137.89999389648438,140.0,137.75,139.9600067138672,136.30874633789062,78852600
2021-07-06,140.07000732421875,143.14999389648438,140.07000732421875,142.02000427246094,138.3149871826172,108181800
2021-07-07,143.5399932861328,144.88999938964844,142.66000366210938,144.57000732421875,140.7984161376953,104911600
2021-07-08,141.5800018310547,144.05999755859375,140.6699981689453,143.24000549316406,139.50314331054688,105575500
2021-07-09,142.75,145.64999389648438,142.64999389648438,145.11000061035156,141.3243408203125,99890800
2021-07-12,146.2100067138672,146.32000732421875,144.0,144.5,140.73025512695312,76299700
2021-07-13,144.02999877929688,147.4600067138672,143.6300048828125,145.63999938964844,141.84054565429688,100827100
2021-07-14,148.10000610351562,149.57000732421875,147.67999267578125,149.14999389648438,145.2589874267578,127050800
2021-07-15,149.24000549316406,150.0,147.08999633789062,148.47999572753906,144.60643005371094,106820300
2021-07-16,148.4600067138672,149.75999450683594,145.8800048828125,146.38999938964844,142.5709686279297,93251400
2021-07-19,143.75,144.07000732421875,141.6699981689453,142.4499969482422,138.7337646484375,121434600
2021-07-20,143.4600067138672,147.10000610351562,142.9600067138672,146.14999389648438,142.33724975585938,96350000
2021-07-21,145.52999877929688,146.1300048828125,144.6300048828125,145.39999389648438,141.60678100585938,74993500
2021-07-22,145.94000244140625,148.1999969482422,145.80999755859375,146.8000030517578,142.97027587890625,77338200
2021-07-23,147.5500030517578,148.72000122070312,146.9199981689453,148.55999755859375,144.684326171875,71447400
2021-07-26,148.27000427246094,149.8300018310547,147.6999969482422,148.99000549316406,145.10313415527344,72434100
2021-07-27,149.1199951171875,149.2100067138672,145.5500030517578,146.77000427246094,142.94107055664062,104818600
2021-07-28,144.80999755859375,146.97000122070312,142.5399932861328,144.97999572753906,141.19775390625,118931200
2021-07-29,144.69000244140625,146.5500030517578,144.5800018310547,145.63999938964844,141.84054565429688,56699500
2021-07-30,144.3800048828125,146.3300018310547,144.11000061035156,145.86000061035156,142.0548095703125,70440600
2021-08-02,146.36000061035156,146.9499969482422,145.25,145.52000427246094,141.7236785888672,62880000
2021-08-03,145.80999755859375,148.0399932861328,145.17999267578125,147.36000061035156,143.5157012939453,64786600
2021-08-04,147.27000427246094,147.7899932861328,146.27999877929688,146.9499969482422,143.11631774902344,56368300
2021-08-05,146.97999572753906,147.83999633789062,146.1699981689453,147.05999755859375,143.2235107421875,46397700
2021-08-06,146.35000610351562,147.11000061035156,145.6300048828125,146.13999938964844,142.540771484375,54126800
2021-08-09,146.1999969482422,146.6999969482422,145.52000427246094,146.08999633789062,142.491943359375,48908700
2021-08-10,146.44000244140625,147.7100067138672,145.3000030517578,145.60000610351562,142.01406860351562,69023100
2021-08-11,146.0500030517578,146.72000122070312,145.52999877929688,145.86000061035156,142.26766967773438,48493500
2021-08-12,146.19000244140625,149.0500030517578,145.83999633789062,148.88999938964844,145.22299194335938,72282600
2021-08-13,148.97000122070312,149.44000244140625,148.27000427246094,149.10000610351562,145.42782592773438,59375000
2021-08-16,148.5399932861328,151.19000244140625,146.47000122070312,151.1199951171875,147.3980712890625,103296000
2021-08-17,150.22999572753906,151.67999267578125,149.08999633789062,150.19000244140625,146.49102783203125,92229700
2021-08-18,149.8000030517578,150.72000122070312,146.14999389648438,146.36000061035156,142.75531005859375,86326000
2021-08-19,145.02999877929688,148.0,144.5,146.6999969482422,143.08694458007812,86960300
2021-08-20,147.44000244140625,148.5,146.77999877929688,148.19000244140625,144.54026794433594,60549600
2021-08-23,148.30999755859375,150.19000244140625,147.88999938964844,149.7100067138672,146.02284240722656,60131800
2021-08-24,149.4499969482422,150.86000061035156,149.14999389648438,149.6199951171875,145.93502807617188,48606400
2021-08-25,149.80999755859375,150.32000732421875,147.8000030517578,148.36000061035156,144.70606994628906,58991300
2021-08-26,148.35000610351562,149.1199951171875,147.50999450683594,147.5399932861328,143.9062957763672,48597200
2021-08-27,147.47999572753906,148.75,146.8300018310547,148.60000610351562,144.94017028808594,55802400
2021-08-30,149.0,153.49000549316406,148.61000061035156,153.1199951171875,149.3488006591797,90956700
2021-08-31,152.66000366210938,152.8000030517578,151.2899932861328,151.8300018310547,148.09060668945312,86453100
2021-09-01,152.8300018310547,154.97999572753906,152.33999633789062,152.50999450683594,148.7538299560547,80313700
2021-09-02,153.8699951171875,154.72000122070312,152.39999389648438,153.64999389648438,149.86578369140625,71115500
2021-09-03,153.75999450683594,154.6300048828125,153.08999633789062,154.3000030517578,150.499755859375,57808700
2021-09-07,154.97000122070312,157.25999450683594,154.38999938964844,156.69000244140625,152.83096313476562,82278300
2021-09-08,156.97999572753906,157.0399932861328,153.97999572753906,155.11000061035156,151.28982543945312,74420200
2021-09-09,155.49000549316406,156.11000061035156,153.9499969482422,154.07000732421875,150.27545166015625,57305700
2021-09-10,155.0,155.47999572753906,148.6999969482422,148.97000122070312,145.30105590820312,140893200
2021-09-13,150.6300048828125,151.4199981689453,148.75,149.5500030517578,145.86676025390625,102404300
2021-09-14,150.35000610351562,151.07000732421875,146.91000366210938,148.1199951171875,144.4719696044922,109296300
2021-09-15,148.55999755859375,149.44000244140625,146.3699951171875,149.02999877929688,145.3595428466797,83281300
2021-09-16,148.44000244140625,148.97000122070312,147.22000122070312,148.7899932861328,145.12545776367188,68034100
2021-09-17,148.82000732421875,148.82000732421875,145.75999450683594,146.05999755859375,142.4626922607422,129868800
2021-09-20,143.8000030517578,144.83999633789062,141.27000427246094,142.94000244140625,139.41954040527344,123478900
2021-09-21,143.92999267578125,144.60000610351562,142.77999877929688,143.42999267578125,139.89747619628906,75834000
2021-09-22,144.4499969482422,146.42999267578125,143.6999969482422,145.85000610351562,142.25787353515625,76404300
2021-09-23,146.64999389648438,147.0800018310547,145.63999938964844,146.8300018310547,143.21372985839844,64838200
2021-09-24,145.66000366210938,147.47000122070312,145.55999755859375,146.9199981689453,143.30154418945312,53477900
2021-09-27,145.47000122070312,145.9600067138672,143.82000732421875,145.3699951171875,141.78970336914062,74150700
2021-09-28,143.25,144.75,141.69000244140625,141.91000366210938,138.4149169921875,108972300
2021-09-29,142.47000122070312,144.4499969482422,142.02999877929688,142.8300018310547,139.312255859375,74602000
2021-09-30,143.66000366210938,144.3800048828125,141.27999877929688,141.5,138.01499938964844,89056700
2021-10-01,141.89999389648438,142.9199981689453,139.11000061035156,142.64999389648438,139.13668823242188,94639600
2021-10-04,141.75999450683594,142.2100067138672,138.27000427246094,139.13999938964844,135.71315002441406,98322000
2021-10-05,139.49000549316406,142.24000549316406,139.36000061035156,141.11000061035156,137.63461303710938,80861100
2021-10-06,139.47000122070312,142.14999389648438,138.3699951171875,142.0,138.50270080566406,83221100
2021-10-07,143.05999755859375,144.22000122070312,142.72000122070312,143.2899932861328,139.7609100341797,61732700
2021-10-08,144.02999877929688,144.17999267578125,142.55999755859375,142.89999389648438,139.38052368164062,58773200
2021-10-11,142.27000427246094,144.80999755859375,141.80999755859375,142.80999755859375,139.29273986816406,64452200
2021-10-12,143.22999572753906,143.25,141.0399932861328,141.50999450683594,138.0247344970703,73035900
2021-10-13,141.24000549316406,141.39999389648438,139.1999969482422,140.91000366210938,137.43955993652344,78762700
2021-10-14,142.11000061035156,143.8800048828125,141.50999450683594,143.75999450683594,140.21934509277344,69907100
2021-10-15,143.77000427246094,144.89999389648438,143.50999450683594,144.83999633789062,141.27276611328125,67940300
2021-10-18,143.4499969482422,146.83999633789062,143.16000366210938,146.5500030517578,142.94064331054688,85589200
2021-10-19,147.00999450683594,149.1699981689453,146.5500030517578,148.75999450683594,145.09619140625,76378900
2021-10-20,148.6999969482422,149.75,148.1199951171875,149.25999450683594,145.5839080810547,58418800
2021-10-21,148.80999755859375,149.63999938964844,147.8699951171875,149.47999572753906,145.7984619140625,61421000
2021-10-22,149.69000244140625,150.17999267578125,148.63999938964844,148.69000244140625,145.02792358398438,58883400
2021-10-25,148.67999267578125,149.3699951171875,147.6199951171875,148.63999938964844,144.9791717529297,50720600
2021-10-26,149.3300018310547,150.83999633789062,149.00999450683594,149.32000732421875,145.64242553710938,60893400
2021-10-27,149.36000061035156,149.72999572753906,148.49000549316406,148.85000610351562,145.18399047851562,56094900
2021-10-28,149.82000732421875,153.1699981689453,149.72000122070312,152.57000732421875,148.81236267089844,100077900
2021-10-29,147.22000122070312,149.94000244140625,146.41000366210938,149.8000030517578,146.11058044433594,124953200
2021-11-01,148.99000549316406,149.6999969482422,147.8000030517578,148.9600067138672,145.29129028320312,74588300
2021-11-02,148.66000366210938,151.57000732421875,148.64999389648438,150.02000427246094,146.32518005371094,69122000
2021-11-03,150.38999938964844,151.97000122070312,149.82000732421875,151.49000549316406,147.75897216796875,54511500
2021-11-04,151.5800018310547,152.42999267578125,150.63999938964844,150.9600067138672,147.24203491210938,60394600
2021-11-05,151.88999938964844,152.1999969482422,150.05999755859375,151.27999877929688,147.7694854736328,65463900
2021-11-08,151.41000366210938,151.57000732421875,150.16000366210938,150.44000244140625,146.94898986816406,55020900
2021-11-09,150.1999969482422,151.42999267578125,150.05999755859375,150.80999755859375,147.31040954589844,56787900
2021-11-10,150.02000427246094,150.1300048828125,147.85000610351562,147.9199981689453,144.4874725341797,65187100
2021-11-11,148.9600067138672,149.42999267578125,147.67999267578125,147.8699951171875,144.43861389160156,41000000
2021-11-12,148.42999267578125,150.39999389648438,147.47999572753906,149.99000549316406,146.5094451904297,63804000
2021-11-15,150.3699951171875,151.8800048828125,149.42999267578125,150.0,146.51918029785156,59222800
2021-11-16,149.94000244140625,151.49000549316406,149.33999633789062,151.0,147.49600219726562,59256200
2021-11-17,151.0,155.0,150.99000549316406,153.49000549316406,149.92822265625,88807000
2021-11-18,153.7100067138672,158.6699981689453,153.0500030517578,157.8699951171875,154.20657348632812,137827700
2021-11-19,157.64999389648438,161.02000427246094,156.52999877929688,160.5500030517578,156.82443237304688,117305600
2021-11-22,161.67999267578125,165.6999969482422,161.0,161.02000427246094,157.28347778320312,117467900
2021-11-23,161.1199951171875,161.8000030517578,159.05999755859375,161.41000366210938,157.6644287109375,96041900
2021-11-24,160.75,162.13999938964844,159.63999938964844,161.94000244140625,158.18211364746094,69463600
2021-11-26,159.57000732421875,160.4499969482422,156.36000061035156,156.80999755859375,153.17117309570312,76959800
2021-11-29,159.3699951171875,161.19000244140625,158.7899932861328,160.24000549316406,156.5216064453125,88748200
2021-11-30,159.99000549316406,165.52000427246094,159.9199981689453,165.3000030517578,161.46417236328125,174048100
2021-12-01,167.47999572753906,170.3000030517578,164.52999877929688,164.77000427246094,160.94642639160156,152052500
2021-12-02,158.74000549316406,164.1999969482422,157.8000030517578,163.75999450683594,159.95986938476562,136739200
2021-12-03,164.02000427246094,164.9600067138672,159.72000122070312,161.83999633789062,158.08441162109375,118023100
2021-12-06,164.2899932861328,167.8800048828125,164.27999877929688,165.32000732421875,161.48370361328125,107497000
2021-12-07,169.0800018310547,171.5800018310547,168.33999633789062,171.17999267578125,167.2076873779297,120405400
2021-12-08,172.1300048828125,175.9600067138672,170.6999969482422,175.0800018310547,171.01719665527344,116998900
2021-12-09,174.91000366210938,176.75,173.9199981689453,174.55999755859375,170.50926208496094,108923700
2021-12-10,175.2100067138672,179.6300048828125,174.69000244140625,179.4499969482422,175.2858123779297,115402700
2021-12-13,181.1199951171875,182.1300048828125,175.52999877929688,175.74000549316406,171.66188049316406,153237000
2021-12-14,175.25,177.74000549316406,172.2100067138672,174.3300018310547,170.2845916748047,139380400
2021-12-15,175.11000061035156,179.5,172.30999755859375,179.3000030517578,175.1392822265625,131063300
2021-12-16,179.27999877929688,181.13999938964844,170.75,172.25999450683594,168.26266479492188,150185800
2021-12-17,169.92999267578125,173.47000122070312,169.69000244140625,171.13999938964844,167.16864013671875,195432700
2021-12-20,168.27999877929688,170.5800018310547,167.4600067138672,169.75,165.81085205078125,107499100
2021-12-21,171.55999755859375,173.1999969482422,169.1199951171875,172.99000549316406,168.9757080078125,91185900
2021-12-22,173.0399932861328,175.86000061035156,172.14999389648438,175.63999938964844,171.56422424316406,92135300
2021-12-23,175.85000610351562,176.85000610351562,175.27000427246094,176.27999877929688,172.1893310546875,68356600
2021-12-27,177.08999633789062,180.4199981689453,177.07000732421875,180.3300018310547,176.1453399658203,74919600
2021-12-28,180.16000366210938,181.3300018310547,178.52999877929688,179.2899932861328,175.12953186035156,79144300
2021-12-29,179.3300018310547,180.6300048828125,178.13999938964844,179.3800048828125,175.21739196777344,62348900
2021-12-30,179.47000122070312,180.57000732421875,178.08999633789062,178.1999969482422,174.06480407714844,59773000
2021-12-31,178.08999633789062,179.22999572753906,177.25999450683594,177.57000732421875,173.44944763183594,64062300
2022-01-03,177.8300018310547,182.8800048828125,177.7100067138672,182.00999450683594,177.78640747070312,104487900
2022-01-04,182.6300048828125,182.94000244140625,179.1199951171875,179.6999969482422,175.52999877929688,99310400
2022-01-05,179.61000061035156,180.1699981689453,174.63999938964844,174.9199981689453,170.8609161376953,94537600
2022-01-06,172.6999969482422,175.3000030517578,171.63999938964844,172.0,168.00869750976562,96904000
2022-01-07,172.88999938964844,174.13999938964844,171.02999877929688,172.1699981689453,168.17474365234375,86709100
2022-01-10,169.0800018310547,172.5,168.1699981689453,172.19000244140625,168.1942901611328,106765600
2022-01-11,172.32000732421875,175.17999267578125,170.82000732421875,175.0800018310547,171.01719665527344,76138300
2022-01-12,176.1199951171875,177.17999267578125,174.82000732421875,175.52999877929688,171.45675659179688,74805200
2022-01-13,175.77999877929688,176.6199951171875,171.7899932861328,172.19000244140625,168.1942901611328,84505800
2022-01-14,171.33999633789062,173.77999877929688,171.08999633789062,173.07000732421875,169.05386352539062,80440800
2022-01-18,171.50999450683594,172.5399932861328,169.41000366210938,169.8000030517578,165.85971069335938,90956700
2022-01-19,170.0,171.0800018310547,165.94000244140625,166.22999572753906,162.37257385253906,94815000
2022-01-20,166.97999572753906,169.67999267578125,164.17999267578125,164.50999450683594,160.69247436523438,91420500
2022-01-21,164.4199981689453,166.3300018310547,162.3000030517578,162.41000366210938,158.64122009277344,122848900
2022-01-24,160.02000427246094,162.3000030517578,154.6999969482422,161.6199951171875,157.86953735351562,162294600
2022-01-25,158.97999572753906,162.75999450683594,157.02000427246094,159.77999877929688,156.072265625,115798400
2022-01-26,163.5,164.38999938964844,157.82000732421875,159.69000244140625,155.98434448242188,108275300
2022-01-27,162.4499969482422,163.83999633789062,158.27999877929688,159.22000122070312,155.52523803710938,121954600
2022-01-28,165.7100067138672,170.35000610351562,162.8000030517578,170.3300018310547,166.37741088867188,179935700
2022-01-31,170.16000366210938,175.0,169.50999450683594,174.77999877929688,170.72418212890625,115541600
2022-02-01,174.00999450683594,174.83999633789062,172.30999755859375,174.61000061035156,170.55810546875,86213900
2022-02-02,174.75,175.8800048828125,173.3300018310547,175.83999633789062,171.7595672607422,84914300
2022-02-03,174.47999572753906,176.24000549316406,172.1199951171875,172.89999389648438,168.88778686523438,89418100
2022-02-04,171.67999267578125,174.10000610351562,170.67999267578125,172.38999938964844,168.60415649414062,82465400
2022-02-07,172.86000061035156,173.9499969482422,170.9499969482422,171.66000366210938,167.8901824951172,77251200
2022-02-08,171.72999572753906,175.35000610351562,171.42999267578125,174.8300018310547,170.9906005859375,74829200
2022-02-09,176.0500030517578,176.64999389648438,174.89999389648438,176.27999877929688,172.40875244140625,71285000
2022-02-10,174.13999938964844,175.47999572753906,171.5500030517578,172.1199951171875,168.340087890625,90865900
2022-02-11,172.3300018310547,173.0800018310547,168.0399932861328,168.63999938964844,164.9365234375,98670700
2022-02-14,167.3699951171875,169.5800018310547,166.55999755859375,168.8800048828125,165.17124938964844,86185500
2022-02-15,170.97000122070312,172.9499969482422,170.25,172.7899932861328,168.9954071044922,62527400
2022-02-16,171.85000610351562,173.33999633789062,170.0500030517578,172.5500030517578,168.76065063476562,61177400
2022-02-17,171.02999877929688,171.91000366210938,168.47000122070312,168.8800048828125,165.17124938964844,69589300
2022-02-18,169.82000732421875,170.5399932861328,166.19000244140625,167.3000030517578,163.62594604492188,82772700
2022-02-22,164.97999572753906,166.69000244140625,162.14999389648438,164.32000732421875,160.71142578125,91162800
2022-02-23,165.5399932861328,166.14999389648438,159.75,160.07000732421875,156.5547332763672,90009200
2022-02-24,152.5800018310547,162.85000610351562,152.0,162.74000549316406,159.16610717773438,141147500
2022-02-25,163.83999633789062,165.1199951171875,160.8699951171875,164.85000610351562,161.22975158691406,91974200
2022-02-28,163.05999755859375,165.4199981689453,162.42999267578125,165.1199951171875,161.4938201904297,95056600
2022-03-01,164.6999969482422,166.60000610351562,161.97000122070312,163.1999969482422,159.61599731445312,83474400
2022-03-02,164.38999938964844,167.36000061035156,162.9499969482422,166.55999755859375,162.90220642089844,79724800
2022-03-03,168.47000122070312,168.91000366210938,165.5500030517578,166.22999572753906,162.57943725585938,76678400
2022-03-04,164.49000549316406,165.5500030517578,162.10000610351562,163.1699981689453,159.58663940429688,83737200
2022-03-07,163.36000061035156,165.02000427246094,159.0399932861328,159.3000030517578,155.8016357421875,96418800
2022-03-08,158.82000732421875,162.8800048828125,155.8000030517578,157.44000244140625,153.9824981689453,131148300
2022-03-09,161.47999572753906,163.41000366210938,159.41000366210938,162.9499969482422,159.3714599609375,91454900
2022-03-10,160.1999969482422,160.38999938964844,155.97999572753906,158.52000427246094,155.03878784179688,105342000
2022-03-11,158.92999267578125,159.27999877929688,154.5,154.72999572753906,151.33197021484375,96970100
2022-03-14,151.4499969482422,154.1199951171875,150.10000610351562,150.6199951171875,147.312255859375,108732100
2022-03-15,150.89999389648438,155.57000732421875,150.3800048828125,155.08999633789062,151.68409729003906,92964300
2022-03-16,157.0500030517578,160.0,154.4600067138672,159.58999633789062,156.08526611328125,102300200
2022-03-17,158.61000061035156,161.0,157.6300048828125,160.6199951171875,157.0926513671875,75615400
2022-03-18,160.50999450683594,164.47999572753906,159.75999450683594,163.97999572753906,160.3788604736328,123511700
2022-03-21,163.50999450683594,166.35000610351562,163.00999450683594,165.3800048828125,161.74815368652344,95811400
2022-03-22,165.50999450683594,169.4199981689453,164.91000366210938,168.82000732421875,165.112548828125,81532000
2022-03-23,167.99000549316406,172.63999938964844,167.64999389648438,170.2100067138672,166.47206115722656,98062700
2022-03-24,171.05999755859375,174.13999938964844,170.2100067138672,174.07000732421875,170.2472686767578,90131400
2022-03-25,173.8800048828125,175.27999877929688,172.75,174.72000122070312,170.8830108642578,80546200
2022-03-28,172.1699981689453,175.72999572753906,172.0,175.60000610351562,171.7437286376953,90371900
2022-03-29,176.69000244140625,179.00999450683594,176.33999633789062,178.9600067138672,175.02989196777344,100589400
2022-03-30,178.5500030517578,179.61000061035156,176.6999969482422,177.77000427246094,173.86599731445312,92633200
2022-03-31,177.83999633789062,178.02999877929688,174.39999389648438,174.61000061035156,170.77542114257812,103049300
2022-04-01,174.02999877929688,174.8800048828125,171.94000244140625,174.30999755859375,170.4819793701172,78751300
2022-04-04,174.57000732421875,178.49000549316406,174.44000244140625,178.44000244140625,174.5213165283203,76468400
2022-04-05,177.5,178.3000030517578,174.4199981689453,175.05999755859375,171.2155303955078,73401800
2022-04-06,172.36000061035156,173.6300048828125,170.1300048828125,171.8300018310547,168.05650329589844,89058800
2022-04-07,171.16000366210938,173.36000061035156,169.85000610351562,172.13999938964844,168.35968017578125,77594700
2022-04-08,171.77999877929688,171.77999877929688,169.1999969482422,170.08999633789062,166.35467529296875,76575500
2022-04-11,168.7100067138672,169.02999877929688,165.5,165.75,162.10997009277344,72246700
2022-04-12,168.02000427246094,169.8699951171875,166.63999938964844,167.66000366210938,163.97802734375,79265200
2022-04-13,167.38999938964844,171.0399932861328,166.77000427246094,170.39999389648438,166.65786743164062,70618900
2022-04-14,170.6199951171875,171.27000427246094,165.0399932861328,165.2899932861328,161.6600799560547,75329400
2022-04-18,163.9199981689453,166.60000610351562,163.57000732421875,165.07000732421875,161.44488525390625,69023900
2022-04-19,165.02000427246094,167.82000732421875,163.91000366210938,167.39999389648438,163.72378540039062,67723800
2022-04-20,168.75999450683594,168.8800048828125,166.10000610351562,167.22999572753906,163.5574951171875,67929800
2022-04-21,168.91000366210938,171.52999877929688,165.91000366210938,166.4199981689453,162.76528930664062,87227800
2022-04-22,166.4600067138672,167.8699951171875,161.5,161.7899932861328,158.2369384765625,84882400
2022-04-25,161.1199951171875,163.1699981689453,158.4600067138672,162.8800048828125,159.3030242919922,96046400
2022-04-26,162.25,162.33999633789062,156.72000122070312,156.8000030517578,153.35653686523438,95623200
2022-04-27,155.91000366210938,159.7899932861328,155.3800048828125,156.57000732421875,153.131591796875,88063200
2022-04-28,159.25,164.52000427246094,158.92999267578125,163.63999938964844,160.04632568359375,130216800
2022-04-29,161.83999633789062,166.1999969482422,157.25,157.64999389648438,154.18788146972656,131747600
2022-05-02,156.7100067138672,158.22999572753906,153.27000427246094,157.9600067138672,154.4910888671875,123055300
2022-05-03,158.14999389648438,160.7100067138672,156.32000732421875,159.47999572753906,155.9776611328125,88966500
2022-05-04,159.6699981689453,166.47999572753906,159.25999450683594,166.02000427246094,162.3740692138672,108256500
2022-05-05,163.85000610351562,164.0800018310547,154.9499969482422,156.77000427246094,153.3271942138672,130525300
2022-05-06,156.00999450683594,159.44000244140625,154.17999267578125,157.27999877929688,154.05198669433594,116124600
2022-05-09,154.92999267578125,155.8300018310547,151.49000549316406,152.05999755859375,148.93914794921875,131577900
2022-05-10,155.52000427246094,156.74000549316406,152.92999267578125,154.50999450683594,151.33888244628906,115366700
2022-05-11,153.5,155.4499969482422,145.80999755859375,146.5,143.49327087402344,142689800
2022-05-12,142.77000427246094,146.1999969482422,138.8000030517578,142.55999755859375,139.63412475585938,182602000
2022-05-13,144.58999633789062,148.10000610351562,143.11000061035156,147.11000061035156,144.0907440185547,113990900
2022-05-16,145.5500030517578,147.52000427246094,144.17999267578125,145.5399932861328,142.55296325683594,86643800
2022-05-17,148.86000061035156,149.77000427246094,146.67999267578125,149.24000549316406,146.17703247070312,78336300
2022-05-18,146.85000610351562,147.36000061035156,139.89999389648438,140.82000732421875,137.92982482910156,109742900
2022-05-19,139.8800048828125,141.66000366210938,136.60000610351562,137.35000610351562,134.5310516357422,136095600
2022-05-20,139.08999633789062,140.6999969482422,132.61000061035156,137.58999633789062,134.76609802246094,137426100
2022-05-23,137.7899932861328,143.25999450683594,137.64999389648438,143.11000061035156,140.17283630371094,117726300
2022-05-24,140.80999755859375,141.97000122070312,137.3300018310547,140.36000061035156,137.479248046875,104132700
2022-05-25,138.42999267578125,141.7899932861328,138.33999633789062,140.52000427246094,137.635986328125,92482700
2022-05-26,137.38999938964844,144.33999633789062,137.13999938964844,143.77999877929688,140.82908630371094,90601500
2022-05-27,145.38999938964844,149.67999267578125,145.25999450683594,149.63999938964844,146.56881713867188,90978500
2022-05-31,149.07000732421875,150.66000366210938,146.83999633789062,148.83999633789062,145.78518676757812,103718400
2022-06-01,149.89999389648438,151.74000549316406,147.67999267578125,148.7100067138672,145.6578826904297,74286600
2022-06-02,147.8300018310547,151.27000427246094,146.86000061035156,151.2100067138672,148.10659790039062,72348100
2022-06-03,146.89999389648438,147.97000122070312,144.4600067138672,145.3800048828125,142.396240234375,88570300
2022-06-06,147.02999877929688,148.57000732421875,144.89999389648438,146.13999938964844,143.140625,71598400
2022-06-07,144.35000610351562,149.0,144.10000610351562,148.7100067138672,145.6578826904297,67808200
2022-06-08,148.5800018310547,149.8699951171875,147.4600067138672,147.9600067138672,144.9232940673828,53950200
2022-06-09,147.0800018310547,147.9499969482422,142.52999877929688,142.63999938964844,139.7124786376953,69473000
2022-06-10,140.27999877929688,140.75999450683594,137.05999755859375,137.1300048828125,134.31556701660156,91437900
2022-06-13,132.8699951171875,135.1999969482422,131.44000244140625,131.8800048828125,129.17332458496094,122207100
2022-06-14,133.1300048828125,133.88999938964844,131.47999572753906,132.75999450683594,130.03524780273438,84784300
2022-06-15,134.2899932861328,137.33999633789062,132.16000366210938,135.42999267578125,132.65045166015625,91533000
2022-06-16,132.0800018310547,132.38999938964844,129.0399932861328,130.05999755859375,127.3906478881836,108123900
2022-06-17,130.07000732421875,133.0800018310547,129.80999755859375,131.55999755859375,128.85989379882812,134520300
2022-06-21,133.4199981689453,137.05999755859375,133.32000732421875,135.8699951171875,133.08139038085938,81000500
2022-06-22,134.7899932861328,137.75999450683594,133.91000366210938,135.35000610351562,132.57208251953125,73409200
2022-06-23,136.82000732421875,138.58999633789062,135.6300048828125,138.27000427246094,135.43215942382812,72433800
2022-06-24,139.89999389648438,141.91000366210938,139.77000427246094,141.66000366210938,138.75259399414062,89116800
2022-06-27,142.6999969482422,143.49000549316406,140.97000122070312,141.66000366210938,138.75259399414062,70207900
2022-06-28,142.1300048828125,143.4199981689453,137.32000732421875,137.44000244140625,134.61923217773438,67083400
2022-06-29,137.4600067138672,140.6699981689453,136.6699981689453,139.22999572753906,136.37246704101562,66242400
2022-06-30,137.25,138.3699951171875,133.77000427246094,136.72000122070312,133.91397094726562,98964500
2022-07-01,136.0399932861328,139.0399932861328,135.66000366210938,138.92999267578125,136.07861328125,71051600
2022-07-05,137.77000427246094,141.61000061035156,136.92999267578125,141.55999755859375,138.65463256835938,73353800
2022-07-06,141.35000610351562,144.1199951171875,141.0800018310547,142.9199981689453,139.98675537109375,74064300
2022-07-07,143.2899932861328,146.5500030517578,143.27999877929688,146.35000610351562,143.3463592529297,66253700
2022-07-08,145.25999450683594,147.5500030517578,145.0,147.0399932861328,144.0221405029297,64547800
2022-07-11,145.6699981689453,146.63999938964844,143.77999877929688,144.8699951171875,141.89671325683594,63141600
2022-07-12,145.75999450683594,148.4499969482422,145.0500030517578,145.86000061035156,142.8663787841797,77588800
2022-07-13,142.99000549316406,146.4499969482422,142.1199951171875,145.49000549316406,142.50399780273438,71185600
2022-07-14,144.0800018310547,148.9499969482422,143.25,148.47000122070312,145.4228515625,78140700
2022-07-15,149.77999877929688,150.86000061035156,148.1999969482422,150.1699981689453,147.08795166015625,76259900
2022-07-18,150.74000549316406,151.57000732421875,146.6999969482422,147.07000732421875,144.0515899658203,81420900
2022-07-19,147.9199981689453,151.22999572753906,146.91000366210938,151.0,147.90087890625,82982400
2022-07-20,151.1199951171875,153.72000122070312,150.3699951171875,153.0399932861328,149.8990020751953,64823400
2022-07-21,154.5,155.57000732421875,151.94000244140625,155.35000610351562,152.16162109375,65086600
2022-07-22,155.38999938964844,156.27999877929688,153.41000366210938,154.08999633789062,150.9274444580078,66675400
2022-07-25,154.00999450683594,155.0399932861328,152.27999877929688,152.9499969482422,149.8108367919922,53623900
2022-07-26,152.25999450683594,153.08999633789062,150.8000030517578,151.60000610351562,148.48861694335938,55138700
2022-07-27,152.5800018310547,157.3300018310547,152.16000366210938,156.7899932861328,153.57205200195312,78620700
2022-07-28,156.97999572753906,157.63999938964844,154.41000366210938,157.35000610351562,154.12057495117188,81378700
2022-07-29,161.24000549316406,163.6300048828125,159.5,162.50999450683594,159.17465209960938,101786900
2022-08-01,161.00999450683594,163.58999633789062,160.88999938964844,161.50999450683594,158.19517517089844,67829400
2022-08-02,160.10000610351562,162.41000366210938,159.6300048828125,160.00999450683594,156.72598266601562,59907000
2022-08-03,160.83999633789062,166.58999633789062,160.75,166.1300048828125,162.72042846679688,82507500
2022-08-04,166.00999450683594,167.19000244140625,164.42999267578125,165.80999755859375,162.40695190429688,55474100
2022-08-05,163.2100067138672,165.85000610351562,163.0,165.35000610351562,162.1813507080078,56697000
2022-08-08,166.3699951171875,167.80999755859375,164.1999969482422,164.8699951171875,161.71055603027344,60276900
2022-08-09,164.02000427246094,165.82000732421875,163.25,164.9199981689453,161.75958251953125,63135500
2022-08-10,167.67999267578125,169.33999633789062,166.89999389648438,169.24000549316406,165.99681091308594,70170500
2022-08-11,170.05999755859375,170.99000549316406,168.19000244140625,168.49000549316406,165.2611846923828,57149200
2022-08-12,169.82000732421875,172.1699981689453,169.39999389648438,172.10000610351562,168.80198669433594,68039400
2022-08-15,171.52000427246094,173.38999938964844,171.35000610351562,173.19000244140625,169.87110900878906,54091700
2022-08-16,172.77999877929688,173.7100067138672,171.66000366210938,173.02999877929688,169.71417236328125,56377100
2022-08-17,172.77000427246094,176.14999389648438,172.57000732421875,174.5500030517578,171.20504760742188,79542000
2022-08-18,173.75,174.89999389648438,173.1199951171875,174.14999389648438,170.81272888183594,62290100
2022-08-19,173.02999877929688,173.74000549316406,171.30999755859375,171.52000427246094,168.23312377929688,70346300
2022-08-22,169.69000244140625,169.86000061035156,167.13999938964844,167.57000732421875,164.35879516601562,69026800
2022-08-23,167.0800018310547,168.7100067138672,166.64999389648438,167.22999572753906,164.0253143310547,54147100
2022-08-24,167.32000732421875,168.11000061035156,166.25,167.52999877929688,164.319580078125,53841500
2022-08-25,168.77999877929688,170.13999938964844,168.35000610351562,170.02999877929688,166.7716827392578,51218200
2022-08-26,170.57000732421875,171.0500030517578,163.55999755859375,163.6199951171875,160.48448181152344,78961000
2022-08-29,161.14999389648438,162.89999389648438,159.82000732421875,161.3800048828125,158.2874298095703,73314000
2022-08-30,162.1300048828125,162.55999755859375,157.72000122070312,158.91000366210938,155.86474609375,77906200
2022-08-31,160.30999755859375,160.5800018310547,157.13999938964844,157.22000122070312,154.2071533203125,87991100
2022-09-01,156.63999938964844,158.4199981689453,154.6699981689453,157.9600067138672,154.93296813964844,74229900
2022-09-02,159.75,160.36000061035156,154.97000122070312,155.80999755859375,152.82415771484375,76957800
2022-09-06,156.47000122070312,157.08999633789062,153.69000244140625,154.52999877929688,151.5686798095703,73714800
2022-09-07,154.82000732421875,156.6699981689453,153.61000061035156,155.9600067138672,152.97129821777344,87449600
2022-09-08,154.63999938964844,156.36000061035156,152.67999267578125,154.4600067138672,151.5,84923800
2022-09-09,155.47000122070312,157.82000732421875,154.75,157.3699951171875,154.35423278808594,68028800
2022-09-12,159.58999633789062,164.25999450683594,159.3000030517578,163.42999267578125,160.29812622070312,104956000
2022-09-13,159.89999389648438,160.5399932861328,153.3699951171875,153.83999633789062,150.89190673828125,122656600
2022-09-14,154.7899932861328,157.10000610351562,153.61000061035156,155.30999755859375,152.33375549316406,87965400
2022-09-15,154.64999389648438,155.24000549316406,151.3800048828125,152.3699951171875,149.45004272460938,90481100
2022-09-16,151.2100067138672,151.35000610351562,148.3699951171875,150.6999969482422,147.8120880126953,162278800
2022-09-19,149.30999755859375,154.55999755859375,149.10000610351562,154.47999572753906,151.51962280273438,81474200
2022-09-20,153.39999389648438,158.0800018310547,153.0800018310547,156.89999389648438,153.89328002929688,107689800
2022-09-21,157.33999633789062,158.74000549316406,153.60000610351562,153.72000122070312,150.77423095703125,101696800
2022-09-22,152.3800048828125,154.47000122070312,150.91000366210938,152.74000549316406,149.81300354003906,86652500
2022-09-23,151.19000244140625,151.47000122070312,148.55999755859375,150.42999267578125,147.5472412109375,96029900
2022-09-26,149.66000366210938,153.77000427246094,149.63999938964844,150.77000427246094,147.88075256347656,93339400
2022-09-27,152.74000549316406,154.72000122070312,149.9499969482422,151.75999450683594,148.8517608642578,84442700
2022-09-28,147.63999938964844,150.63999938964844,144.83999633789062,149.83999633789062,146.96856689453125,146691400
2022-09-29,146.10000610351562,146.72000122070312,140.67999267578125,142.47999572753906,139.74957275390625,128138200
2022-09-30,141.27999877929688,143.10000610351562,138.0,138.1999969482422,135.55160522460938,124925300
2022-10-03,138.2100067138672,143.07000732421875,137.69000244140625,142.4499969482422,139.72018432617188,114311700
2022-10-04,145.02999877929688,146.22000122070312,144.25999450683594,146.10000610351562,143.30026245117188,87830100
2022-10-05,144.07000732421875,147.3800048828125,143.00999450683594,146.39999389648438,143.59449768066406,79471000
2022-10-06,145.80999755859375,147.5399932861328,145.22000122070312,145.42999267578125,142.64303588867188,68402200
2022-10-07,142.5399932861328,143.10000610351562,139.4499969482422,140.08999633789062,137.4053955078125,85925600
2022-10-10,140.4199981689453,141.88999938964844,138.57000732421875,140.4199981689453,137.7290802001953,74899000
2022-10-11,139.89999389648438,141.35000610351562,138.22000122070312,138.97999572753906,136.31668090820312,77033700
2022-10-12,139.1300048828125,140.36000061035156,138.16000366210938,138.33999633789062,135.68896484375,70433700
2022-10-13,134.99000549316406,143.58999633789062,134.3699951171875,142.99000549316406,140.2498321533203,113224000
2022-10-14,144.30999755859375,144.52000427246094,138.19000244140625,138.3800048828125,135.7281951904297,88598000
2022-10-17,141.07000732421875,142.89999389648438,140.27000427246094,142.41000366210938,139.68096923828125,85250900
2022-10-18,145.49000549316406,146.6999969482422,140.61000061035156,143.75,140.99526977539062,99136600
2022-10-19,141.69000244140625,144.9499969482422,141.5,143.86000061035156,141.1031494140625,61758300
2022-10-20,143.02000427246094,145.88999938964844,142.64999389648438,143.38999938964844,140.6421356201172,64522000
2022-10-21,142.8699951171875,147.85000610351562,142.64999389648438,147.27000427246094,144.4478302001953,86548600
2022-10-24,147.19000244140625,150.22999572753906,146.0,149.4499969482422,146.5860595703125,75981900
2022-10-25,150.08999633789062,152.49000549316406,149.36000061035156,152.33999633789062,149.42063903808594,74732300
2022-10-26,150.9600067138672,151.99000549316406,148.0399932861328,149.35000610351562,146.48797607421875,88194300
2022-10-27,148.07000732421875,149.0500030517578,144.1300048828125,144.8000030517578,142.025146484375,109180200
2022-10-28,148.1999969482422,157.5,147.82000732421875,155.74000549316406,152.75550842285156,164762400
2022-10-31,153.16000366210938,154.24000549316406,151.9199981689453,153.33999633789062,150.40150451660156,97943200
2022-11-01,155.0800018310547,155.4499969482422,149.1300048828125,150.64999389648438,147.7630157470703,80379300
2022-11-02,148.9499969482422,152.1699981689453,145.0,145.02999877929688,142.25076293945312,93604600
2022-11-03,142.05999755859375,142.8000030517578,138.75,138.8800048828125,136.21859741210938,97918500
2022-11-04,142.08999633789062,142.6699981689453,134.3800048828125,138.3800048828125,135.95335388183594,140814800
2022-11-07,137.11000061035156,139.14999389648438,135.6699981689453,138.9199981689453,136.48388671875,83374600
2022-11-08,140.41000366210938,141.42999267578125,137.49000549316406,139.5,137.05369567871094,89908500
2022-11-09,138.5,138.5500030517578,134.58999633789062,134.8699951171875,132.5048828125,74917800
2022-11-10,141.24000549316406,146.8699951171875,139.5,146.8699951171875,144.29441833496094,118854000
2022-11-11,145.82000732421875,150.00999450683594,144.3699951171875,149.6999969482422,147.07481384277344,93979700
2022-11-14,148.97000122070312,150.27999877929688,147.42999267578125,148.27999877929688,145.6797332763672,73374100
2022-11-15,152.22000122070312,153.58999633789062,148.55999755859375,150.0399932861328,147.40882873535156,89868300
2022-11-16,149.1300048828125,149.8699951171875,147.2899932861328,148.7899932861328,146.1807861328125,64218300
2022-11-17,146.42999267578125,151.47999572753906,146.14999389648438,150.72000122070312,148.07693481445312,80389400
2022-11-18,152.30999755859375,152.6999969482422,149.97000122070312,151.2899932861328,148.636962890625,74829600
2022-11-21,150.16000366210938,150.3699951171875,147.72000122070312,148.00999450683594,145.41444396972656,58724100
2022-11-22,148.1300048828125,150.4199981689453,146.92999267578125,150.17999267578125,147.54641723632812,51804100
2022-11-23,149.4499969482422,151.8300018310547,149.33999633789062,151.07000732421875,148.42080688476562,58301400
2022-11-25,148.30999755859375,148.8800048828125,147.1199951171875,148.11000061035156,145.51271057128906,35195900
2022-11-28,145.13999938964844,146.63999938964844,143.3800048828125,144.22000122070312,141.69091796875,69246000
2022-11-29,144.2899932861328,144.80999755859375,140.35000610351562,141.1699981689453,138.6943817138672,83763800
2022-11-30,141.39999389648438,148.72000122070312,140.5500030517578,148.02999877929688,145.43409729003906,111380900
2022-12-01,148.2100067138672,149.1300048828125,146.61000061035156,148.30999755859375,145.70919799804688,71250400
2022-12-02,145.9600067138672,148.0,145.64999389648438,147.80999755859375,145.2179718017578,65447400
2022-12-05,147.77000427246094,150.9199981689453,145.77000427246094,146.6300048828125,144.0586700439453,68826400
2022-12-06,147.07000732421875,147.3000030517578,141.9199981689453,142.91000366210938,140.40390014648438,64727200
2022-12-07,142.19000244140625,143.3699951171875,140.0,140.94000244140625,138.46844482421875,69721100
2022-12-08,142.36000061035156,143.52000427246094,141.10000610351562,142.64999389648438,140.1484375,62128300
2022-12-09,142.33999633789062,145.57000732421875,140.89999389648438,142.16000366210938,139.6670684814453,76097000
2022-12-12,142.6999969482422,144.5,141.05999755859375,144.49000549316406,141.95619201660156,70462700
2022-12-13,149.5,149.97000122070312,144.24000549316406,145.47000122070312,142.9190216064453,93886200
2022-12-14,145.35000610351562,146.66000366210938,141.16000366210938,143.2100067138672,140.69863891601562,82291200
2022-12-15,141.11000061035156,141.8000030517578,136.02999877929688,136.5,134.1062774658203,98931900
2022-12-16,136.69000244140625,137.64999389648438,133.72999572753906,134.50999450683594,132.15118408203125,160156900
2022-12-19,135.11000061035156,135.1999969482422,131.32000732421875,132.3699951171875,130.04872131347656,79592600
2022-12-20,131.38999938964844,133.25,129.88999938964844,132.3000030517578,129.9799346923828,77432800
2022-12-21,132.97999572753906,136.80999755859375,132.75,135.4499969482422,133.07467651367188,85928000
2022-12-22,134.35000610351562,134.55999755859375,130.3000030517578,132.22999572753906,129.91114807128906,77852100
2022-12-23,130.9199981689453,132.4199981689453,129.63999938964844,131.86000061035156,129.5476837158203,63814900
2022-12-27,131.3800048828125,131.41000366210938,128.72000122070312,130.02999877929688,127.74976348876953,69007800
2022-12-28,129.6699981689453,131.02999877929688,125.87000274658203,126.04000091552734,123.82972717285156,85438400
2022-12-29,127.98999786376953,130.47999572753906,127.7300033569336,129.61000061035156,127.33712768554688,75703700
2022-12-30,128.41000366210938,129.9499969482422,127.43000030517578,129.92999267578125,127.6514892578125,77034200
2023-01-03,130.27999877929688,130.89999389648438,124.16999816894531,125.06999969482422,122.87673950195312,112117500
2023-01-04,126.88999938964844,128.66000366210938,125.08000183105469,126.36000061035156,124.14411926269531,89113600
2023-01-05,127.12999725341797,127.7699966430664,124.76000213623047,125.0199966430664,122.82762908935547,80962700
2023-01-06,126.01000213623047,130.2899932861328,124.88999938964844,129.6199951171875,127.34693908691406,87754700
2023-01-09,130.47000122070312,133.41000366210938,129.88999938964844,130.14999389648438,127.86766052246094,70790800
2023-01-10,130.25999450683594,131.25999450683594,128.1199951171875,130.72999572753906,128.4375,63896200
2023-01-11,131.25,133.50999450683594,130.4600067138672,133.49000549316406,131.1490936279297,69458900
2023-01-12,133.8800048828125,134.25999450683594,131.44000244140625,133.41000366210938,131.0704803466797,71379600
2023-01-13,132.02999877929688,134.9199981689453,131.66000366210938,134.75999450683594,132.39682006835938,57809700
2023-01-17,134.8300018310547,137.2899932861328,134.1300048828125,135.94000244140625,133.5561065673828,63646600
2023-01-18,136.82000732421875,138.61000061035156,135.02999877929688,135.2100067138672,132.8389434814453,69672800
2023-01-19,134.0800018310547,136.25,133.77000427246094,135.27000427246094,132.8978729248047,58280400
2023-01-20,135.27999877929688,138.02000427246094,134.22000122070312,137.8699951171875,135.45225524902344,80223600
2023-01-23,138.1199951171875,143.32000732421875,137.89999389648438,141.11000061035156,138.63548278808594,81760300
2023-01-24,140.30999755859375,143.16000366210938,140.3000030517578,142.52999877929688,140.03057861328125,66435100
2023-01-25,140.88999938964844,142.42999267578125,138.80999755859375,141.86000061035156,139.37228393554688,65799300
2023-01-26,143.1699981689453,144.25,141.89999389648438,143.9600067138672,141.43548583984375,54105100
2023-01-27,143.16000366210938,147.22999572753906,143.0800018310547,145.92999267578125,143.37091064453125,70555800
2023-01-30,144.9600067138672,145.5500030517578,142.85000610351562,143.0,140.49232482910156,64015300
2023-01-31,142.6999969482422,144.33999633789062,142.27999877929688,144.2899932861328,141.75970458984375,65874500
2023-02-01,143.97000122070312,146.61000061035156,141.32000732421875,145.42999267578125,142.87966918945312,77663600
2023-02-02,148.89999389648438,151.17999267578125,148.1699981689453,150.82000732421875,148.1751708984375,118339000
2023-02-03,148.02999877929688,157.3800048828125,147.8300018310547,154.5,151.7906494140625,154357300
2023-02-06,152.57000732421875,153.10000610351562,150.77999877929688,151.72999572753906,149.0692138671875,69858300
2023-02-07,150.63999938964844,155.22999572753906,150.63999938964844,154.64999389648438,151.9380340576172,83322600
2023-02-08,153.8800048828125,154.5800018310547,151.1699981689453,151.9199981689453,149.2559051513672,64120100
2023-02-09,153.77999877929688,154.3300018310547,150.4199981689453,150.8699951171875,148.2242889404297,56007100
2023-02-10,149.4600067138672,151.33999633789062,149.22000122070312,151.00999450683594,148.58837890625,57450700
2023-02-13,150.9499969482422,154.25999450683594,150.9199981689453,153.85000610351562,151.38284301757812,62199000
2023-02-14,152.1199951171875,153.77000427246094,150.86000061035156,153.1999969482422,150.74325561523438,61707600
2023-02-15,153.11000061035156,155.5,152.8800048828125,155.3300018310547,152.83909606933594,65573800
2023-02-16,153.50999450683594,156.3300018310547,153.35000610351562,153.7100067138672,151.24510192871094,68167900
2023-02-17,152.35000610351562,153.0,150.85000610351562,152.5500030517578,150.10366821289062,59144100
2023-02-21,150.1999969482422,151.3000030517578,148.41000366210938,148.47999572753906,146.09893798828125,58867200
2023-02-22,148.8699951171875,149.9499969482422,147.16000366210938,148.91000366210938,146.52206420898438,51011300
2023-02-23,150.08999633789062,150.33999633789062,147.24000549316406,149.39999389648438,147.00418090820312,48394200
2023-02-24,147.11000061035156,147.19000244140625,145.72000122070312,146.7100067138672,144.35733032226562,55469600
2023-02-27,147.7100067138672,149.1699981689453,147.4499969482422,147.9199981689453,145.5479278564453,44998500
2023-02-28,147.0500030517578,149.0800018310547,146.8300018310547,147.41000366210938,145.04611206054688,50547000
2023-03-01,146.8300018310547,147.22999572753906,145.00999450683594,145.30999755859375,142.97979736328125,55479000
2023-03-02,144.3800048828125,146.7100067138672,143.89999389648438,145.91000366210938,143.5701904296875,52238100
2023-03-03,148.0399932861328,151.11000061035156,147.3300018310547,151.02999877929688,148.60804748535156,70732300
2023-03-06,153.7899932861328,156.3000030517578,153.4600067138672,153.8300018310547,151.36314392089844,87558000
2023-03-07,153.6999969482422,154.02999877929688,151.1300048828125,151.60000610351562,149.16893005371094,56182000
2023-03-08,152.80999755859375,153.47000122070312,151.8300018310547,152.8699951171875,150.41851806640625,47204800
2023-03-09,153.55999755859375,154.5399932861328,150.22999572753906,150.58999633789062,148.17510986328125,53833600
2023-03-10,150.2100067138672,150.94000244140625,147.61000061035156,148.5,146.11862182617188,68572400
2023-03-13,147.80999755859375,153.13999938964844,147.6999969482422,150.47000122070312,148.05703735351562,84457100
2023-03-14,151.27999877929688,153.39999389648438,150.10000610351562,152.58999633789062,150.14305114746094,73695900
2023-03-15,151.19000244140625,153.25,149.9199981689453,152.99000549316406,150.53662109375,77167900
2023-03-16,152.16000366210938,156.4600067138672,151.63999938964844,155.85000610351562,153.35076904296875,76161100
2023-03-17,156.0800018310547,156.74000549316406,154.27999877929688,155.0,152.51438903808594,98944600
2023-03-20,155.07000732421875,157.82000732421875,154.14999389648438,157.39999389648438,154.87588500976562,73641400
2023-03-21,157.32000732421875,159.39999389648438,156.5399932861328,159.27999877929688,156.72579956054688,73938300
2023-03-22,159.3000030517578,162.13999938964844,157.80999755859375,157.8300018310547,155.29901123046875,75701800
2023-03-23,158.8300018310547,161.5500030517578,157.67999267578125,158.92999267578125,156.38136291503906,67622100
2023-03-24,158.86000061035156,160.33999633789062,157.85000610351562,160.25,157.68020629882812,59196500
2023-03-27,159.94000244140625,160.77000427246094,157.8699951171875,158.27999877929688,155.74176025390625,52390300
2023-03-28,157.97000122070312,158.49000549316406,155.97999572753906,157.64999389648438,155.1219024658203,45992200
2023-03-29,159.3699951171875,161.0500030517578,159.35000610351562,160.77000427246094,158.1918487548828,51305700
2023-03-30,161.52999877929688,162.47000122070312,161.27000427246094,162.36000061035156,159.75636291503906,49501700
2023-03-31,162.44000244140625,165.0,161.91000366210938,164.89999389648438,162.25564575195312,68749800
2023-04-03,164.27000427246094,166.2899932861328,164.22000122070312,166.1699981689453,163.50526428222656,56976200
2023-04-04,166.60000610351562,166.83999633789062,165.11000061035156,165.6300048828125,162.97390747070312,46278300
2023-04-05,164.74000549316406,165.0500030517578,161.8000030517578,163.75999450683594,161.13389587402344,51511700
2023-04-06,162.42999267578125,164.9600067138672,162.0,164.66000366210938,162.0194854736328,45390100
2023-04-10,161.4199981689453,162.02999877929688,160.0800018310547,162.02999877929688,159.431640625,47716900
2023-04-11,162.35000610351562,162.36000061035156,160.50999450683594,160.8000030517578,158.22137451171875,47644200
2023-04-12,161.22000122070312,162.05999755859375,159.77999877929688,160.10000610351562,157.5325927734375,50133100
2023-04-13,161.6300048828125,165.8000030517578,161.4199981689453,165.55999755859375,162.905029296875,68445600
2023-04-14,164.58999633789062,166.32000732421875,163.82000732421875,165.2100067138672,162.5606689453125,49386500
2023-04-17,165.08999633789062,165.38999938964844,164.02999877929688,165.22999572753906,162.58035278320312,41516200
2023-04-18,166.10000610351562,167.41000366210938,165.64999389648438,166.47000122070312,163.80044555664062,49923000
2023-04-19,165.8000030517578,168.16000366210938,165.5399932861328,167.6300048828125,164.94183349609375,47720200
2023-04-20,166.08999633789062,167.8699951171875,165.55999755859375,166.64999389648438,163.97755432128906,52456400
2023-04-21,165.0500030517578,166.4499969482422,164.49000549316406,165.02000427246094,162.37371826171875,58337300
2023-04-24,165.0,165.60000610351562,163.88999938964844,165.3300018310547,162.67872619628906,41949600
2023-04-25,165.19000244140625,166.30999755859375,163.72999572753906,163.77000427246094,161.14376831054688,48714100
2023-04-26,163.05999755859375,165.27999877929688,162.8000030517578,163.75999450683594,161.13389587402344,45498800
2023-04-27,165.19000244140625,168.55999755859375,165.19000244140625,168.41000366210938,165.7093505859375,64902300
2023-04-28,168.49000549316406,169.85000610351562,167.8800048828125,169.67999267578125,166.95896911621094,55275900
2023-05-01,169.27999877929688,170.4499969482422,168.63999938964844,169.58999633789062,166.87042236328125,52472900
2023-05-02,170.08999633789062,170.35000610351562,167.5399932861328,168.5399932861328,165.83726501464844,48425700
2023-05-03,169.5,170.9199981689453,167.16000366210938,167.4499969482422,164.76473999023438,65136000
2023-05-04,164.88999938964844,167.0399932861328,164.30999755859375,165.7899932861328,163.13137817382812,81235400
2023-05-05,170.97999572753906,174.3000030517578,170.75999450683594,173.57000732421875,170.78662109375,113453200
2023-05-08,172.47999572753906,173.85000610351562,172.11000061035156,173.5,170.7177276611328,55962800
2023-05-09,173.0500030517578,173.5399932861328,171.60000610351562,171.77000427246094,169.0154571533203,45326900
2023-05-10,173.02000427246094,174.02999877929688,171.89999389648438,173.55999755859375,170.7767791748047,53724500
2023-05-11,173.85000610351562,174.58999633789062,172.1699981689453,173.75,170.9636993408203,49514700
2023-05-12,173.6199951171875,174.05999755859375,171.0,172.57000732421875,170.0375213623047,45533100
2023-05-15,173.16000366210938,173.2100067138672,171.47000122070312,172.07000732421875,169.5448455810547,37266700
2023-05-16,171.99000549316406,173.13999938964844,171.8000030517578,172.07000732421875,169.5448455810547,42110300
2023-05-17,171.7100067138672,172.92999267578125,170.4199981689453,172.69000244140625,170.15574645996094,57951600
2023-05-18,173.0,175.24000549316406,172.5800018310547,175.0500030517578,172.4811248779297,65496700
2023-05-19,176.38999938964844,176.38999938964844,174.94000244140625,175.16000366210938,172.58949279785156,55809500
2023-05-22,173.97999572753906,174.7100067138672,173.4499969482422,174.1999969482422,171.64358520507812,43570900
2023-05-23,173.1300048828125,173.3800048828125,171.27999877929688,171.55999755859375,169.04232788085938,50747300
2023-05-24,171.08999633789062,172.4199981689453,170.52000427246094,171.83999633789062,169.31820678710938,45143500
2023-05-25,172.41000366210938,173.89999389648438,171.69000244140625,172.99000549316406,170.45135498046875,56058300
2023-05-26,173.32000732421875,175.77000427246094,173.11000061035156,175.42999267578125,172.8555450439453,54835000
2023-05-30,176.9600067138672,178.99000549316406,176.57000732421875,177.3000030517578,174.69808959960938,55964400
2023-05-31,177.3300018310547,179.35000610351562,176.75999450683594,177.25,174.64883422851562,99625300
2023-06-01,177.6999969482422,180.1199951171875,176.92999267578125,180.08999633789062,177.4471435546875,68901800
2023-06-02,181.02999877929688,181.77999877929688,179.25999450683594,180.9499969482422,178.29452514648438,61996900
2023-06-05,182.6300048828125,184.9499969482422,178.0399932861328,179.5800018310547,176.94464111328125,121946500
2023-06-06,179.97000122070312,180.1199951171875,177.42999267578125,179.2100067138672,176.58009338378906,64848400
2023-06-07,178.44000244140625,181.2100067138672,177.32000732421875,177.82000732421875,175.21046447753906,61944600
2023-06-08,177.89999389648438,180.83999633789062,177.4600067138672,180.57000732421875,177.9201202392578,50214900
2023-06-09,181.5,182.22999572753906,180.6300048828125,180.9600067138672,178.3043975830078,48900000
2023-06-12,181.27000427246094,183.88999938964844,180.97000122070312,183.7899932861328,181.09283447265625,54274900
2023-06-13,182.8000030517578,184.14999389648438,182.44000244140625,183.30999755859375,180.61988830566406,54929100
2023-06-14,183.3699951171875,184.38999938964844,182.02000427246094,183.9499969482422,181.25048828125,57462900
2023-06-15,183.9600067138672,186.52000427246094,183.77999877929688,186.00999450683594,183.2802276611328,65433200
2023-06-16,186.72999572753906,186.99000549316406,184.27000427246094,184.9199981689453,182.206298828125,101256200
2023-06-20,184.41000366210938,186.10000610351562,184.41000366210938,185.00999450683594,182.29495239257812,49799100
2023-06-21,184.89999389648438,185.41000366210938,182.58999633789062,183.9600067138672,181.2603759765625,49515700
2023-06-22,183.74000549316406,187.0500030517578,183.6699981689453,187.0,184.25572204589844,51245300
2023-06-23,185.5500030517578,187.55999755859375,185.00999450683594,186.67999267578125,183.94044494628906,53117000
2023-06-26,186.8300018310547,188.0500030517578,185.22999572753906,185.27000427246094,182.55113220214844,48088700
2023-06-27,185.88999938964844,188.38999938964844,185.6699981689453,188.05999755859375,185.3001708984375,50730800
2023-06-28,187.92999267578125,189.89999389648438,187.60000610351562,189.25,186.4727325439453,51216800
2023-06-29,189.0800018310547,190.07000732421875,188.94000244140625,189.58999633789062,186.8077392578125,46347300
2023-06-30,191.6300048828125,194.47999572753906,191.25999450683594,193.97000122070312,191.1234588623047,85213200
2023-07-03,193.77999877929688,193.8800048828125,191.75999450683594,192.4600067138672,189.63560485839844,31458200
2023-07-05,191.57000732421875,192.97999572753906,190.6199951171875,191.3300018310547,188.5221710205078,46920300
2023-07-06,189.83999633789062,192.02000427246094,189.1999969482422,191.80999755859375,188.9951629638672,45094300
2023-07-07,191.41000366210938,192.6699981689453,190.24000549316406,190.67999267578125,187.88172912597656,46815000
2023-07-10,189.25999450683594,189.99000549316406,187.0399932861328,188.61000061035156,185.8421173095703,59922200
2023-07-11,189.16000366210938,189.3000030517578,186.60000610351562,188.0800018310547,185.3199005126953,46638100
2023-07-12,189.67999267578125,191.6999969482422,188.47000122070312,189.77000427246094,186.98509216308594,60750200
2023-07-13,190.5,191.19000244140625,189.77999877929688,190.5399932861328,187.74378967285156,41342300
2023-07-14,190.22999572753906,191.17999267578125,189.6300048828125,190.69000244140625,187.8916015625,41616200
2023-07-17,191.89999389648438,194.32000732421875,191.80999755859375,193.99000549316406,191.14315795898438,50520200
2023-07-18,193.35000610351562,194.3300018310547,192.4199981689453,193.72999572753906,190.88697814941406,48288200
2023-07-19,193.10000610351562,198.22999572753906,192.64999389648438,195.10000610351562,192.2368927001953,80507300
2023-07-20,195.08999633789062,196.47000122070312,192.5,193.1300048828125,190.29579162597656,59581200
2023-07-21,194.10000610351562,194.97000122070312,191.22999572753906,191.94000244140625,189.1232452392578,71951700
2023-07-24,193.41000366210938,194.91000366210938,192.25,192.75,189.92135620117188,45377800
2023-07-25,193.3300018310547,194.44000244140625,192.9199981689453,193.6199951171875,190.77857971191406,37283200
2023-07-26,193.6699981689453,195.63999938964844,193.32000732421875,194.5,191.6456756591797,47471900
2023-07-27,196.02000427246094,197.1999969482422,192.5500030517578,193.22000122070312,190.38446044921875,47460200
2023-07-28,194.6699981689453,196.6300048828125,194.13999938964844,195.8300018310547,192.9561767578125,48291400
2023-07-31,196.05999755859375,196.49000549316406,195.25999450683594,196.4499969482422,193.5670623779297,38824100
2023-08-01,196.24000549316406,196.72999572753906,195.27999877929688,195.61000061035156,192.73936462402344,35175100
2023-08-02,195.0399932861328,195.17999267578125,191.85000610351562,192.5800018310547,189.7538604736328,50389300
2023-08-03,191.57000732421875,192.3699951171875,190.69000244140625,191.1699981689453,188.36453247070312,61235200
2023-08-04,185.52000427246094,187.3800048828125,181.9199981689453,181.99000549316406,179.3192596435547,115956800
2023-08-07,182.1300048828125,183.1300048828125,177.35000610351562,178.85000610351562,176.22537231445312,97576100
2023-08-08,179.69000244140625,180.27000427246094,177.5800018310547,179.8000030517578,177.16139221191406,67823000
2023-08-09,180.8699951171875,180.92999267578125,177.00999450683594,178.19000244140625,175.57501220703125,60378500
2023-08-10,179.47999572753906,180.75,177.60000610351562,177.97000122070312,175.35826110839844,54686900
2023-08-11,177.32000732421875,178.6199951171875,176.5500030517578,177.7899932861328,175.41746520996094,52036700
2023-08-14,177.97000122070312,179.69000244140625,177.30999755859375,179.4600067138672,177.065185546875,43675600
2023-08-15,178.8800048828125,179.47999572753906,177.0500030517578,177.4499969482422,175.0819854736328,43622600
2023-08-16,177.1300048828125,178.5399932861328,176.5,176.57000732421875,174.21376037597656,46964900
2023-08-17,177.13999938964844,177.50999450683594,173.47999572753906,174.0,171.67803955078125,66062900
2023-08-18,172.3000030517578,175.10000610351562,171.9600067138672,174.49000549316406,172.16148376464844,61172200
2023-08-21,175.07000732421875,176.1300048828125,173.74000549316406,175.83999633789062,173.49349975585938,46311900
2023-08-22,177.05999755859375,177.67999267578125,176.25,177.22999572753906,174.8649444580078,42038900
2023-08-23,178.52000427246094,181.5500030517578,178.3300018310547,181.1199951171875,178.7030029296875,52722800
2023-08-24,180.6699981689453,181.10000610351562,176.00999450683594,176.3800048828125,174.02630615234375,54945800
2023-08-25,177.3800048828125,179.14999389648438,175.82000732421875,178.61000061035156,176.22647094726562,51449600
2023-08-28,180.08999633789062,180.58999633789062,178.5500030517578,180.19000244140625,177.78543090820312,43820700
2023-08-29,179.6999969482422,184.89999389648438,179.5,184.1199951171875,181.66299438476562,53003900
2023-08-30,184.94000244140625,187.85000610351562,184.74000549316406,187.64999389648438,185.14588928222656,60813900
2023-08-31,187.83999633789062,189.1199951171875,187.47999572753906,187.8699951171875,185.36293029785156,60794500
2023-09-01,189.49000549316406,189.9199981689453,188.27999877929688,189.4600067138672,186.93173217773438,45766500
2023-09-05,188.27999877929688,189.97999572753906,187.61000061035156,189.6999969482422,187.16851806640625,45280000
2023-09-06,188.39999389648438,188.85000610351562,181.47000122070312,182.91000366210938,180.46914672851562,81755800
2023-09-07,175.17999267578125,178.2100067138672,173.5399932861328,177.55999755859375,175.19053649902344,112488800
2023-09-08,178.35000610351562,180.24000549316406,177.7899932861328,178.17999267578125,175.80226135253906,65551300
2023-09-11,180.07000732421875,180.3000030517578,177.33999633789062,179.36000061035156,176.96649169921875,58953100
2023-09-12,179.49000549316406,180.1300048828125,174.82000732421875,176.3000030517578,173.94737243652344,90370200
2023-09-13,176.50999450683594,177.3000030517578,173.97999572753906,174.2100067138672,171.88522338867188,84267900
2023-09-14,174.0,176.10000610351562,173.5800018310547,175.74000549316406,173.39483642578125,60895800
2023-09-15,176.47999572753906,176.5,173.82000732421875,175.00999450683594,172.674560546875,109259500
2023-09-18,176.47999572753906,179.3800048828125,176.1699981689453,177.97000122070312,175.59506225585938,67257600
2023-09-19,177.52000427246094,179.6300048828125,177.1300048828125,179.07000732421875,176.68035888671875,51826900
2023-09-20,179.25999450683594,179.6999969482422,175.39999389648438,175.49000549316406,173.1481475830078,58436200
2023-09-21,174.5500030517578,176.3000030517578,173.86000061035156,173.92999267578125,171.60897827148438,63149100
2023-09-22,174.6699981689453,177.0800018310547,174.0500030517578,174.7899932861328,172.45748901367188,56725400
2023-09-25,174.1999969482422,176.97000122070312,174.14999389648438,176.0800018310547,173.7302703857422,46172700
2023-09-26,174.82000732421875,175.1999969482422,171.66000366210938,171.9600067138672,169.66526794433594,64588900
2023-09-27,172.6199951171875,173.0399932861328,169.0500030517578,170.42999267578125,168.15565490722656,66921800
2023-09-28,169.33999633789062,172.02999877929688,167.6199951171875,170.69000244140625,168.41220092773438,56294400
2023-09-29,172.02000427246094,173.07000732421875,170.33999633789062,171.2100067138672,168.92527770996094,51861100
2023-10-02,171.22000122070312,174.3000030517578,170.92999267578125,173.75,171.43136596679688,52164500
2023-10-03,172.25999450683594,173.6300048828125,170.82000732421875,172.39999389648438,170.09938049316406,49594600
2023-10-04,171.08999633789062,174.2100067138672,170.97000122070312,173.66000366210938,171.3425750732422,53020300
2023-10-05,173.7899932861328,175.4499969482422,172.67999267578125,174.91000366210938,172.57589721679688,48527900
2023-10-06,173.8000030517578,177.99000549316406,173.17999267578125,177.49000549316406,175.1214599609375,57266700
2023-10-09,176.80999755859375,179.0500030517578,175.8000030517578,178.99000549316406,176.60145568847656,42390800
2023-10-10,178.10000610351562,179.72000122070312,177.9499969482422,178.38999938964844,176.0094451904297,43698000
2023-10-11,178.1999969482422,179.85000610351562,177.60000610351562,179.8000030517578,177.400634765625,47551100
2023-10-12,180.07000732421875,182.33999633789062,179.0399932861328,180.7100067138672,178.2984619140625,56743100
2023-10-13,181.4199981689453,181.92999267578125,178.13999938964844,178.85000610351562,176.4633331298828,51427100
2023-10-16,176.75,179.0800018310547,176.50999450683594,178.72000122070312,176.33505249023438,52517000
2023-10-17,176.64999389648438,178.4199981689453,174.8000030517578,177.14999389648438,174.78599548339844,57549400
2023-10-18,175.5800018310547,177.5800018310547,175.11000061035156,175.83999633789062,173.49349975585938,54764400
2023-10-19,176.0399932861328,177.83999633789062,175.19000244140625,175.4600067138672,173.1185760498047,59302900
2023-10-20,175.30999755859375,175.4199981689453,172.63999938964844,172.8800048828125,170.57298278808594,64244000
2023-10-23,170.91000366210938,174.00999450683594,169.92999267578125,173.0,170.69139099121094,55980100
2023-10-24,173.0500030517578,173.6699981689453,171.4499969482422,173.44000244140625,171.12550354003906,43816600
2023-10-25,171.8800048828125,173.05999755859375,170.64999389648438,171.10000610351562,168.81674194335938,57157000
2023-10-26,170.3699951171875,171.3800048828125,165.6699981689453,166.88999938964844,164.6629180908203,70625300
2023-10-27,166.91000366210938,168.9600067138672,166.8300018310547,168.22000122070312,165.97515869140625,58499100
2023-10-30,169.02000427246094,171.1699981689453,168.8699951171875,170.2899932861328,168.0175323486328,51131000
2023-10-31,169.35000610351562,170.89999389648438,167.89999389648438,170.77000427246094,168.49111938476562,44846000
2023-11-01,171.0,174.22999572753906,170.1199951171875,173.97000122070312,171.64842224121094,56934900
2023-11-02,175.52000427246094,177.77999877929688,175.4600067138672,177.57000732421875,175.2003936767578,77334800
2023-11-03,174.24000549316406,176.82000732421875,173.35000610351562,176.64999389648438,174.29269409179688,79829200
2023-11-06,176.3800048828125,179.42999267578125,176.2100067138672,179.22999572753906,176.83824157714844,63841300
2023-11-07,179.17999267578125,182.44000244140625,178.97000122070312,181.82000732421875,179.39369201660156,70530000
2023-11-08,182.35000610351562,183.4499969482422,181.58999633789062,182.88999938964844,180.44940185546875,49340300
2023-11-09,182.9600067138672,184.1199951171875,181.80999755859375,182.41000366210938,179.975830078125,53763500
2023-11-10,183.97000122070312,186.57000732421875,183.52999877929688,186.39999389648438,184.15484619140625,66133400
2023-11-13,185.82000732421875,186.02999877929688,184.2100067138672,184.8000030517578,182.57412719726562,43627500
2023-11-14,187.6999969482422,188.11000061035156,186.3000030517578,187.44000244140625,185.18235778808594,60108400
2023-11-15,187.85000610351562,189.5,187.77999877929688,188.00999450683594,185.74545288085938,53790500
2023-11-16,189.57000732421875,190.9600067138672,188.64999389648438,189.7100067138672,187.42498779296875,54412900
2023-11-17,190.25,190.3800048828125,188.57000732421875,189.69000244140625,187.40525817871094,50922700
2023-11-20,189.88999938964844,191.91000366210938,189.8800048828125,191.4499969482422,189.14404296875,46505100
2023-11-21,191.41000366210938,191.52000427246094,189.74000549316406,190.63999938964844,188.34381103515625,38134500
2023-11-22,191.49000549316406,192.92999267578125,190.8300018310547,191.30999755859375,189.00572204589844,39617700
2023-11-24,190.8699951171875,190.89999389648438,189.25,189.97000122070312,187.68186950683594,24048300
2023-11-27,189.9199981689453,190.6699981689453,188.89999389648438,189.7899932861328,187.50401306152344,40552600
2023-11-28,189.77999877929688,191.0800018310547,189.39999389648438,190.39999389648438,188.10667419433594,38415400
2023-11-29,190.89999389648438,192.08999633789062,188.97000122070312,189.3699951171875,187.08908081054688,43014200
2023-11-30,189.83999633789062,190.32000732421875,188.19000244140625,189.9499969482422,187.66209411621094,48794400
2023-12-01,190.3300018310547,191.55999755859375,189.22999572753906,191.24000549316406,188.9365692138672,45704800
2023-12-04,189.97999572753906,190.0500030517578,187.4499969482422,189.42999267578125,187.14837646484375,43389500
2023-12-05,190.2100067138672,194.39999389648438,190.17999267578125,193.4199981689453,191.09030151367188,66628400
2023-12-06,194.4499969482422,194.75999450683594,192.11000061035156,192.32000732421875,190.00355529785156,41089700
2023-12-07,193.6300048828125,195.0,193.58999633789062,194.27000427246094,191.9300537109375,47477700
2023-12-08,194.1999969482422,195.99000549316406,193.6699981689453,195.7100067138672,193.3527374267578,53406400
2023-12-11,193.11000061035156,193.49000549316406,191.4199981689453,193.17999267578125,190.8531951904297,60943700
2023-12-12,193.0800018310547,194.72000122070312,191.72000122070312,194.7100067138672,192.36477661132812,52696900
2023-12-13,195.08999633789062,198.0,194.85000610351562,197.9600067138672,195.5756072998047,70404200
2023-12-14,198.02000427246094,199.6199951171875,196.16000366210938,198.11000061035156,195.7238006591797,66831600
2023-12-15,197.52999877929688,198.39999389648438,197.0,197.57000732421875,195.19033813476562,128538400
2023-12-18,196.08999633789062,196.6300048828125,194.38999938964844,195.88999938964844,193.53054809570312,55751900
2023-12-19,196.16000366210938,196.9499969482422,195.88999938964844,196.94000244140625,194.5679168701172,40714100
2023-12-20,196.89999389648438,197.67999267578125,194.8300018310547,194.8300018310547,192.48330688476562,52242800
2023-12-21,196.10000610351562,197.0800018310547,193.5,194.67999267578125,192.33511352539062,46482500
2023-12-22,195.17999267578125,195.41000366210938,192.97000122070312,193.60000610351562,191.2681427001953,37149600
2023-12-26,193.61000061035156,193.88999938964844,192.8300018310547,193.0500030517578,190.72476196289062,28919300
2023-12-27,192.49000549316406,193.5,191.08999633789062,193.14999389648438,190.82354736328125,48087700
2023-12-28,194.13999938964844,194.66000366210938,193.1699981689453,193.5800018310547,191.24838256835938,34049900
2023-12-29,193.89999389648438,194.39999389648438,191.72999572753906,192.52999877929688,190.21102905273438,42672100
2024-01-02,187.14999389648438,188.44000244140625,183.88999938964844,185.63999938964844,183.4040069580078,82488700
2024-01-03,184.22000122070312,185.8800048828125,183.42999267578125,184.25,182.03076171875,58414500
2024-01-04,182.14999389648438,183.08999633789062,180.8800048828125,181.91000366210938,179.7189178466797,71983600
2024-01-05,181.99000549316406,182.75999450683594,180.1699981689453,181.17999267578125,178.99774169921875,62379700
2024-01-08,182.08999633789062,185.60000610351562,181.5,185.55999755859375,183.32498168945312,59144500
2024-01-09,183.9199981689453,185.14999389648438,182.72999572753906,185.13999938964844,182.91004943847656,42841800
2024-01-10,184.35000610351562,186.39999389648438,183.9199981689453,186.19000244140625,183.94737243652344,46792900
2024-01-11,186.5399932861328,187.0500030517578,183.6199951171875,185.58999633789062,183.35459899902344,49128400
2024-01-12,186.05999755859375,186.74000549316406,185.19000244140625,185.9199981689453,183.6806640625,40477800
2024-01-16,182.16000366210938,184.25999450683594,180.92999267578125,183.6300048828125,181.41822814941406,65603000
2024-01-17,181.27000427246094,182.92999267578125,180.3000030517578,182.67999267578125,180.47962951660156,47317400
2024-01-18,186.08999633789062,189.13999938964844,185.8300018310547,188.6300048828125,186.3580322265625,78005800
2024-01-19,189.3300018310547,191.9499969482422,188.82000732421875,191.55999755859375,189.25270080566406,68903000
2024-01-22,192.3000030517578,195.3300018310547,192.25999450683594,193.88999938964844,191.55465698242188,60133900
2024-01-23,195.02000427246094,195.75,193.8300018310547,195.17999267578125,192.8291015625,42355600
2024-01-24,195.4199981689453,196.3800048828125,194.33999633789062,194.5,192.1573028564453,53631300
2024-01-25,195.22000122070312,196.27000427246094,193.11000061035156,194.1699981689453,191.8312530517578,54822100
2024-01-26,194.27000427246094,194.75999450683594,191.94000244140625,192.4199981689453,190.10235595703125,44594000
2024-01-29,192.00999450683594,192.1999969482422,189.5800018310547,191.72999572753906,189.42063903808594,47145600
2024-01-30,190.94000244140625,191.8000030517578,187.47000122070312,188.0399932861328,185.7751007080078,55859400
2024-01-31,187.0399932861328,187.10000610351562,184.35000610351562,184.39999389648438,182.17893981933594,55467800
2024-02-01,183.99000549316406,186.9499969482422,183.82000732421875,186.86000061035156,184.60931396484375,64885400
2024-02-02,179.86000061035156,187.3300018310547,179.25,185.85000610351562,183.61148071289062,102551700
2024-02-05,188.14999389648438,189.25,185.83999633789062,187.67999267578125,185.41943359375,69668800
2024-02-06,186.86000061035156,189.30999755859375,186.77000427246094,189.3000030517578,187.0199432373047,43490800
2024-02-07,190.63999938964844,191.0500030517578,188.61000061035156,189.41000366210938,187.1286163330078,53439000
2024-02-08,189.38999938964844,189.5399932861328,187.35000610351562,188.32000732421875,186.0517578125,40962000
2024-02-09,188.64999389648438,189.99000549316406,188.0,188.85000610351562,186.8134307861328,45155200
2024-02-12,188.4199981689453,188.6699981689453,186.7899932861328,187.14999389648438,185.1317596435547,41781900
2024-02-13,185.77000427246094,186.2100067138672,183.50999450683594,185.0399932861328,183.04452514648438,56529500
2024-02-14,185.32000732421875,185.52999877929688,182.44000244140625,184.14999389648438,182.16409301757812,54630500
2024-02-15,183.5500030517578,184.49000549316406,181.35000610351562,183.86000061035156,181.87722778320312,65434500
2024-02-16,183.4199981689453,184.85000610351562,181.6699981689453,182.30999755859375,180.3439483642578,49752500
2024-02-20,181.7899932861328,182.42999267578125,180.0,181.55999755859375,179.60202026367188,53665600
2024-02-21,181.94000244140625,182.88999938964844,180.66000366210938,182.32000732421875,180.3538360595703,41371400
2024-02-22,183.47999572753906,184.9600067138672,182.4600067138672,184.3699951171875,182.38174438476562,52292200
2024-02-23,185.00999450683594,185.0399932861328,182.22999572753906,182.52000427246094,180.5517120361328,45119700
2024-02-26,182.24000549316406,182.75999450683594,180.64999389648438,181.16000366210938,179.2063751220703,40867400
2024-02-27,181.10000610351562,183.9199981689453,179.55999755859375,182.6300048828125,180.6605224609375,54318900
2024-02-28,182.50999450683594,183.1199951171875,180.1300048828125,181.4199981689453,179.4635467529297,48953900
2024-02-29,181.27000427246094,182.57000732421875,179.52999877929688,180.75,178.80076599121094,136682600
2024-03-01,179.5500030517578,180.52999877929688,177.3800048828125,179.66000366210938,177.72251892089844,73563100
2024-03-04,176.14999389648438,176.89999389648438,173.7899932861328,175.10000610351562,173.21170043945312,81510100
2024-03-05,170.75999450683594,172.0399932861328,169.6199951171875,170.1199951171875,168.28541564941406,95132400
2024-03-06,171.05999755859375,171.24000549316406,168.67999267578125,169.1199951171875,167.2961883544922,68587700
2024-03-07,169.14999389648438,170.72999572753906,168.49000549316406,169.0,167.17750549316406,71765100
2024-03-08,169.0,173.6999969482422,168.94000244140625,170.72999572753906,168.88882446289062,76267000
2024-03-11,172.94000244140625,174.3800048828125,172.0500030517578,172.75,170.88706970214844,60139500
2024-03-12,173.14999389648438,174.02999877929688,171.00999450683594,173.22999572753906,171.36187744140625,59825400
2024-03-13,172.77000427246094,173.19000244140625,170.75999450683594,171.1300048828125,169.28451538085938,52488700
2024-03-14,172.91000366210938,174.30999755859375,172.0500030517578,173.0,171.13436889648438,72913500
2024-03-15,171.1699981689453,172.6199951171875,170.2899932861328,172.6199951171875,170.75843811035156,121752700
2024-03-18,175.57000732421875,177.7100067138672,173.52000427246094,173.72000122070312,171.84657287597656,75604200
2024-03-19,174.33999633789062,176.61000061035156,173.02999877929688,176.0800018310547,174.18113708496094,55215200
2024-03-20,175.72000122070312,178.6699981689453,175.08999633789062,178.6699981689453,176.74319458007812,53423100
2024-03-21,177.0500030517578,177.49000549316406,170.83999633789062,171.3699951171875,169.52191162109375,106181300
2024-03-22,171.75999450683594,173.0500030517578,170.05999755859375,172.27999877929688,170.42208862304688,71160100
2024-03-25,170.57000732421875,171.94000244140625,169.4499969482422,170.85000610351562,169.00755310058594,54288300
2024-03-26,170.0,171.4199981689453,169.5800018310547,169.7100067138672,167.8798370361328,57388400
2024-03-27,170.41000366210938,173.60000610351562,170.11000061035156,173.30999755859375,171.4409942626953,60273300
2024-03-28,171.75,172.22999572753906,170.50999450683594,171.47999572753906,169.63075256347656,65672700
2024-04-01,171.19000244140625,171.25,169.47999572753906,170.02999877929688,168.19638061523438,46240500
2024-04-02,169.0800018310547,169.33999633789062,168.22999572753906,168.83999633789062,167.0192108154297,49329500
2024-04-03,168.7899932861328,170.67999267578125,168.5800018310547,169.64999389648438,167.8204803466797,47691700
2024-04-04,170.2899932861328,171.9199981689453,168.82000732421875,168.82000732421875,166.99940490722656,53704400
2024-04-05,169.58999633789062,170.38999938964844,168.9499969482422,169.5800018310547,167.75123596191406,42104800
2024-04-08,169.02999877929688,169.1999969482422,168.24000549316406,168.4499969482422,166.63339233398438,37425500
2024-04-09,168.6999969482422,170.0800018310547,168.35000610351562,169.6699981689453,167.84027099609375,42373800
2024-04-10,168.8000030517578,169.08999633789062,167.11000061035156,167.77999877929688,165.9706573486328,49709300
2024-04-11,168.33999633789062,175.4600067138672,168.16000366210938,175.0399932861328,173.15235900878906,91070300
2024-04-12,174.25999450683594,178.36000061035156,174.2100067138672,176.5500030517578,174.64605712890625,101670900
2024-04-15,175.36000061035156,176.6300048828125,172.5,172.69000244140625,170.8276824951172,73531800
2024-04-16,171.75,173.75999450683594,168.27000427246094,169.3800048828125,167.5533905029297,73711200
2024-04-17,169.61000061035156,170.64999389648438,168.0,168.0,166.1882781982422,50901200
2024-04-18,168.02999877929688,168.63999938964844,166.5500030517578,167.0399932861328,165.2386016845703,43122900
2024-04-19,166.2100067138672,166.39999389648438,164.0800018310547,165.0,163.22064208984375,68149400
2024-04-22,165.52000427246094,167.25999450683594,164.77000427246094,165.83999633789062,164.05157470703125,48116400
2024-04-23,165.35000610351562,167.0500030517578,164.9199981689453,166.89999389648438,165.1001434326172,49537800
2024-04-24,166.5399932861328,169.3000030517578,166.2100067138672,169.02000427246094,167.19728088378906,48251800
2024-04-25,169.52999877929688,170.61000061035156,168.14999389648438,169.88999938964844,168.05789184570312,50558300
2024-04-26,169.8800048828125,171.33999633789062,169.17999267578125,169.3000030517578,167.4742431640625,44838400
2024-04-29,173.3699951171875,176.02999877929688,173.10000610351562,173.5,171.6289520263672,68169400
2024-04-30,173.3300018310547,174.99000549316406,170.0,170.3300018310547,168.49314880371094,65934800
2024-05-01,169.5800018310547,172.7100067138672,169.11000061035156,169.3000030517578,167.4742431640625,50383100
2024-05-02,172.50999450683594,173.4199981689453,170.88999938964844,173.02999877929688,171.16403198242188,94214900
2024-05-03,186.64999389648438,187.0,182.66000366210938,183.3800048828125,181.40243530273438,163224100
2024-05-06,182.35000610351562,184.1999969482422,180.4199981689453,181.7100067138672,179.7504425048828,78569700
2024-05-07,183.4499969482422,184.89999389648438,181.32000732421875,182.39999389648438,180.43295288085938,77305800
2024-05-08,182.85000610351562,183.07000732421875,181.4499969482422,182.74000549316406,180.76931762695312,45057100
2024-05-09,182.55999755859375,184.66000366210938,182.11000061035156,184.57000732421875,182.57960510253906,48983000
2024-05-10,184.89999389648438,185.08999633789062,182.1300048828125,183.0500030517578,181.3215789794922,50759500
2024-05-13,185.44000244140625,187.10000610351562,184.6199951171875,186.27999877929688,184.52108764648438,72044800
2024-05-14,187.50999450683594,188.3000030517578,186.2899932861328,187.42999267578125,185.66021728515625,52393600
2024-05-15,187.91000366210938,190.64999389648438,187.3699951171875,189.72000122070312,187.92857360839844,70400000
2024-05-16,190.47000122070312,191.10000610351562,189.66000366210938,189.83999633789062,188.04745483398438,52845200
2024-05-17,189.50999450683594,190.80999755859375,189.17999267578125,189.8699951171875,188.0771942138672,41282900
2024-05-20,189.3300018310547,191.9199981689453,189.00999450683594,191.0399932861328,189.2361297607422,44361300
2024-05-21,191.08999633789062,192.72999572753906,190.9199981689453,192.35000610351562,190.53375244140625,42309400
2024-05-22,192.27000427246094,192.82000732421875,190.27000427246094,190.89999389648438,189.0974578857422,34648500
2024-05-23,190.97999572753906,191.0,186.6300048828125,186.8800048828125,185.1154022216797,51005900
2024-05-24,188.82000732421875,190.5800018310547,188.0399932861328,189.97999572753906,188.1861572265625,36327000
2024-05-28,191.50999450683594,193.0,189.10000610351562,189.99000549316406,188.196044921875,52280100
2024-05-29,189.61000061035156,192.25,189.50999450683594,190.2899932861328,188.4932098388672,53068000
2024-05-30,190.75999450683594,192.17999267578125,190.6300048828125,191.2899932861328,189.48377990722656,49889100
2024-05-31,191.44000244140625,192.57000732421875,189.91000366210938,192.25,190.43472290039062,75158300
2024-06-03,192.89999389648438,194.99000549316406,192.52000427246094,194.02999877929688,192.19789123535156,50080500
2024-06-04,194.63999938964844,195.32000732421875,193.02999877929688,194.35000610351562,192.51487731933594,47471400
2024-06-05,195.39999389648438,196.89999389648438,194.8699951171875,195.8699951171875,194.02052307128906,54156800
2024-06-06,195.69000244140625,196.5,194.1699981689453,194.47999572753906,192.6436309814453,41181800
2024-06-07,194.64999389648438,196.94000244140625,194.13999938964844,196.88999938964844,195.0308837890625,53103900
2024-06-10,196.89999389648438,197.3000030517578,192.14999389648438,193.1199951171875,191.29649353027344,97010200
2024-06-11,193.64999389648438,207.16000366210938,193.6300048828125,207.14999389648438,205.19400024414062,172373300
2024-06-12,207.3699951171875,220.1999969482422,206.89999389648438,213.07000732421875,211.05812072753906,198134300
2024-06-13,214.74000549316406,216.75,211.60000610351562,214.24000549316406,212.21705627441406,97862700
2024-06-14,213.85000610351562,215.1699981689453,211.3000030517578,212.49000549316406,210.48361206054688,70122700
2024-06-17,213.3699951171875,218.9499969482422,212.72000122070312,216.6699981689453,214.62411499023438,93728300
2024-06-18,217.58999633789062,218.6300048828125,213.0,214.2899932861328,212.2666015625,79943300
2024-06-20,213.92999267578125,214.24000549316406,208.85000610351562,209.67999267578125,207.70010375976562,86172500
2024-06-21,210.38999938964844,211.88999938964844,207.11000061035156,207.49000549316406,205.53079223632812,241805100
2024-06-24,207.72000122070312,212.6999969482422,206.58999633789062,208.13999938964844,206.17465209960938,80727000
2024-06-25,209.14999389648438,211.3800048828125,208.61000061035156,209.07000732421875,207.0959014892578,55549700
2024-06-26,211.5,214.86000061035156,210.63999938964844,213.25,211.23638916015625,66213200
2024-06-27,214.69000244140625,215.74000549316406,212.35000610351562,214.10000610351562,212.07839965820312,49772700
2024-06-28,215.77000427246094,216.07000732421875,210.3000030517578,210.6199951171875,208.63124084472656,82542700
2024-07-01,212.08999633789062,217.50999450683594,211.9199981689453,216.75,214.703369140625,60402900
2024-07-02,216.14999389648438,220.3800048828125,215.10000610351562,220.27000427246094,218.19015502929688,58046200
2024-07-03,220.0,221.5500030517578,219.02999877929688,221.5500030517578,219.45802307128906,37369800
2024-07-05,221.64999389648438,226.4499969482422,221.64999389648438,226.33999633789062,224.20281982421875,60412400
2024-07-08,227.08999633789062,227.85000610351562,223.25,227.82000732421875,225.66883850097656,59085900
2024-07-09,227.92999267578125,229.39999389648438,226.3699951171875,228.67999267578125,226.52072143554688,48076100
2024-07-10,229.3000030517578,233.0800018310547,229.25,232.97999572753906,230.7801055908203,62627700
2024-07-11,231.38999938964844,232.38999938964844,225.77000427246094,227.57000732421875,225.4212188720703,64710600
2024-07-12,228.9199981689453,232.63999938964844,228.67999267578125,230.5399932861328,228.36314392089844,53046500
2024-07-15,236.47999572753906,237.22999572753906,233.08999633789062,234.39999389648438,232.1866912841797,62631300
2024-07-16,235.0,236.27000427246094,232.3300018310547,234.82000732421875,232.60275268554688,43234300
2024-07-17,229.4499969482422,231.4600067138672,226.63999938964844,228.8800048828125,226.71885681152344,57345900
2024-07-18,230.27999877929688,230.44000244140625,222.27000427246094,224.17999267578125,222.063232421875,66034600
2024-07-19,224.82000732421875,226.8000030517578,223.27999877929688,224.30999755859375,222.19200134277344,49151500
2024-07-22,227.00999450683594,227.77999877929688,223.08999633789062,223.9600067138672,221.8452911376953,48201800
2024-07-23,224.3699951171875,226.94000244140625,222.67999267578125,225.00999450683594,222.88534545898438,39960300
2024-07-24,224.0,224.8000030517578,217.1300048828125,218.5399932861328,216.47645568847656,61777600
2024-07-25,218.92999267578125,220.85000610351562,214.6199951171875,217.49000549316406,215.4363555908203,51391200
2024-07-26,218.6999969482422,219.49000549316406,216.00999450683594,217.9600067138672,215.90196228027344,41601300
2024-07-29,216.9600067138672,219.3000030517578,215.75,218.24000549316406,216.17930603027344,36311800
2024-07-30,219.19000244140625,220.3300018310547,216.1199951171875,218.8000030517578,216.73399353027344,41643800
2024-07-31,221.44000244140625,223.82000732421875,220.6300048828125,222.0800018310547,219.98304748535156,50036300
2024-08-01,224.3699951171875,224.47999572753906,217.02000427246094,218.36000061035156,216.29815673828125,62501000
2024-08-02,219.14999389648438,225.60000610351562,217.7100067138672,219.86000061035156,217.78399658203125,105568600
2024-08-05,199.08999633789062,213.5,196.0,209.27000427246094,207.2939910888672,119548600
2024-08-06,205.3000030517578,209.99000549316406,201.07000732421875,207.22999572753906,205.27325439453125,69660500
2024-08-07,206.89999389648438,213.63999938964844,206.38999938964844,209.82000732421875,207.83880615234375,63516400
2024-08-08,213.11000061035156,214.1999969482422,208.8300018310547,213.30999755859375,211.2958526611328,47161100
2024-08-09,212.10000610351562,216.77999877929688,211.97000122070312,216.24000549316406,214.1981964111328,42201600
2024-08-12,216.07000732421875,219.50999450683594,215.60000610351562,217.52999877929688,215.72540283203125,38028100
2024-08-13,219.00999450683594,221.88999938964844,219.00999450683594,221.27000427246094,219.4344024658203,44155300
2024-08-14,220.57000732421875,223.02999877929688,219.6999969482422,221.72000122070312,219.8806610107422,41960600
2024-08-15,224.60000610351562,225.35000610351562,222.75999450683594,224.72000122070312,222.85577392578125,46414000
2024-08-16,223.9199981689453,226.8300018310547,223.64999389648438,226.0500030517578,224.1747283935547,44340200
2024-08-19,225.72000122070312,225.99000549316406,223.0399932861328,225.88999938964844,224.01605224609375,40687800
2024-08-20,225.77000427246094,227.1699981689453,225.4499969482422,226.50999450683594,224.63088989257812,30299000
2024-08-21,226.52000427246094,227.97999572753906,225.0500030517578,226.39999389648438,224.52182006835938,34765500
2024-08-22,227.7899932861328,228.33999633789062,223.89999389648438,224.52999877929688,222.66734313964844,43695300
2024-08-23,225.66000366210938,228.22000122070312,224.3300018310547,226.83999633789062,224.9581756591797,38677300
2024-08-26,226.75999450683594,227.27999877929688,223.88999938964844,227.17999267578125,225.29534912109375,30602200
2024-08-27,226.0,228.85000610351562,224.88999938964844,228.02999877929688,226.1383056640625,35934600
2024-08-28,227.9199981689453,229.86000061035156,225.67999267578125,226.49000549316406,224.61109924316406,38052200
2024-08-29,230.10000610351562,232.9199981689453,228.8800048828125,229.7899932861328,227.8837127685547,51906300
2024-08-30,230.19000244140625,230.39999389648438,227.47999572753906,229.0,227.10025024414062,52990800
2024-09-03,228.5500030517578,229.0,221.1699981689453,222.77000427246094,220.92193603515625,50190600
2024-09-04,221.66000366210938,221.77999877929688,217.47999572753906,220.85000610351562,219.01785278320312,43840200
2024-09-05,221.6300048828125,225.47999572753906,221.52000427246094,222.3800048828125,220.53517150878906,36615400
2024-09-06,223.9499969482422,225.24000549316406,219.77000427246094,220.82000732421875,218.98809814453125,48423000
2024-09-09,220.82000732421875,221.27000427246094,216.7100067138672,220.91000366210938,219.07737731933594,67180000
2024-09-10,218.9199981689453,221.47999572753906,216.72999572753906,220.11000061035156,218.2840118408203,51591000
2024-09-11,221.4600067138672,223.08999633789062,217.88999938964844,222.66000366210938,220.81283569335938,44587100
2024-09-12,222.5,223.5500030517578,219.82000732421875,222.77000427246094,220.92193603515625,37455600
2024-09-13,223.5800018310547,224.0399932861328,221.91000366210938,222.5,220.65419006347656,36766600
2024-09-16,216.5399932861328,217.22000122070312,213.9199981689453,216.32000732421875,214.5254669189453,59357400
2024-09-17,215.75,216.89999389648438,214.5,216.7899932861328,214.99156188964844,45519300
2024-09-18,217.5500030517578,222.7100067138672,217.5399932861328,220.69000244140625,218.85922241210938,59894900
2024-09-19,224.99000549316406,229.82000732421875,224.6300048828125,228.8699951171875,226.97134399414062,66781300
2024-09-20,229.97000122070312,233.08999633789062,227.6199951171875,228.1999969482422,226.30690002441406,318679900
2024-09-23,227.33999633789062,229.4499969482422,225.80999755859375,226.47000122070312,224.5912322998047,54146000
2024-09-24,228.64999389648438,229.35000610351562,225.72999572753906,227.3699951171875,225.48377990722656,43556100
2024-09-25,224.92999267578125,227.2899932861328,224.02000427246094,226.3699951171875,224.4920654296875,42308700
2024-09-26,227.3000030517578,228.5,225.41000366210938,227.52000427246094,225.63255310058594,36636700
2024-09-27,228.4600067138672,229.52000427246094,227.3000030517578,227.7899932861328,225.90029907226562,34026000
2024-09-30,230.0399932861328,233.0,229.64999389648438,233.0,231.06707763671875,54541900
2024-10-01,229.52000427246094,229.64999389648438,223.74000549316406,226.2100067138672,224.3334197998047,63285000
2024-10-02,225.88999938964844,227.3699951171875,223.02000427246094,226.77999877929688,224.89866638183594,32880600
2024-10-03,225.13999938964844,226.80999755859375,223.32000732421875,225.6699981689453,223.7978973388672,34044200
2024-10-04,227.89999389648438,228.0,224.1300048828125,226.8000030517578,224.9185028076172,37245100
2024-10-07,224.5,225.69000244140625,221.3300018310547,221.69000244140625,219.8509063720703,39505400
2024-10-08,224.3000030517578,225.97999572753906,223.25,225.77000427246094,223.89706420898438,31855700
2024-10-09,225.22999572753906,229.75,224.8300018310547,229.5399932861328,227.63575744628906,33591100
2024-10-10,227.77999877929688,229.5,227.1699981689453,229.0399932861328,227.13990783691406,28183500
2024-10-11,229.3000030517578,229.41000366210938,227.33999633789062,227.5500030517578,225.66229248046875,31759200
2024-10-14,228.6999969482422,231.72999572753906,228.60000610351562,231.3000030517578,229.3811798095703,39882100
2024-10-15,233.61000061035156,237.49000549316406,232.3699951171875,233.85000610351562,231.91001892089844,64751400
2024-10-16,231.60000610351562,232.1199951171875,229.83999633789062,231.77999877929688,229.85720825195312,34082200
2024-10-17,233.42999267578125,233.85000610351562,230.52000427246094,232.14999389648438,230.22412109375,32993800
2024-10-18,236.17999267578125,236.17999267578125,234.00999450683594,235.0,233.05047607421875,46431500
2024-10-21,234.4499969482422,236.85000610351562,234.4499969482422,236.47999572753906,234.51820373535156,36254500
2024-10-22,233.88999938964844,236.22000122070312,232.60000610351562,235.86000061035156,233.9033660888672,38846600
2024-10-23,234.0800018310547,235.13999938964844,227.75999450683594,230.75999450683594,228.8456573486328,52287000
2024-10-24,229.97999572753906,230.82000732421875,228.41000366210938,230.57000732421875,228.6572265625,31109500
2024-10-25,229.74000549316406,233.22000122070312,229.57000732421875,231.41000366210938,229.49026489257812,38802300
2024-10-28,233.32000732421875,234.72999572753906,232.5500030517578,233.39999389648438,231.4637451171875,36087100
2024-10-29,233.10000610351562,234.3300018310547,232.32000732421875,233.6699981689453,231.7315216064453,35417200
2024-10-30,232.61000061035156,233.47000122070312,229.5500030517578,230.10000610351562,228.19114685058594,47070900
2024-10-31,229.33999633789062,229.8300018310547,225.3699951171875,225.91000366210938,224.035888671875,64370100
2024-11-01,220.97000122070312,225.35000610351562,220.27000427246094,222.91000366210938,221.060791015625,65276700
2024-11-04,220.99000549316406,222.7899932861328,219.7100067138672,222.00999450683594,220.16824340820312,44944500
2024-11-05,221.8000030517578,223.9499969482422,221.13999938964844,223.4499969482422,221.5963134765625,28111300
2024-11-06,222.61000061035156,226.07000732421875,221.19000244140625,222.72000122070312,220.87237548828125,54561100
2024-11-07,224.6300048828125,227.8800048828125,224.57000732421875,227.47999572753906,225.5928497314453,42137700
2024-11-08,227.1699981689453,228.66000366210938,226.41000366210938,226.9600067138672,225.3248291015625,38328800
2024-11-11,225.0,225.6999969482422,221.5,224.22999572753906,222.614501953125,42005600
2024-11-12,224.5500030517578,225.58999633789062,223.36000061035156,224.22999572753906,222.614501953125,40398300
2024-11-13,224.00999450683594,226.64999389648438,222.75999450683594,225.1199951171875,223.49806213378906,48566200
2024-11-14,225.02000427246094,228.8699951171875,225.0,228.22000122070312,226.57574462890625,44923900
2024-11-15,226.39999389648438,226.9199981689453,224.27000427246094,225.0,223.37893676757812,47923700
2024-11-18,225.25,229.74000549316406,225.1699981689453,228.02000427246094,226.37716674804688,44633700
2024-11-19,226.97999572753906,230.16000366210938,226.66000366210938,228.27999877929688,226.6352996826172,36211800
2024-11-20,228.05999755859375,229.92999267578125,225.88999938964844,229.0,227.35011291503906,35169600
2024-11-21,228.8800048828125,230.16000366210938,225.7100067138672,228.52000427246094,226.87359619140625,42108300
2024-11-22,228.05999755859375,230.72000122070312,228.05999755859375,229.8699951171875,228.21383666992188,38168300
2024-11-25,231.4600067138672,233.25,229.74000549316406,232.8699951171875,231.19219970703125,90152800
2024-11-26,233.3300018310547,235.57000732421875,233.3300018310547,235.05999755859375,233.366455078125,45986200
2024-11-27,234.47000122070312,235.69000244140625,233.80999755859375,234.92999267578125,233.2373809814453,33498400
2024-11-29,234.80999755859375,237.80999755859375,233.97000122070312,237.3300018310547,235.62010192871094,28481400
2024-12-02,237.27000427246094,240.7899932861328,237.16000366210938,239.58999633789062,237.86383056640625,48137100
2024-12-03,239.80999755859375,242.75999450683594,238.89999389648438,242.64999389648438,240.90174865722656,38861000
2024-12-04,242.8699951171875,244.11000061035156,241.25,243.00999450683594,241.25917053222656,44383900
2024-12-05,243.99000549316406,244.5399932861328,242.1300048828125,243.0399932861328,241.28897094726562,40033900
2024-12-06,242.91000366210938,244.6300048828125,242.0800018310547,242.83999633789062,241.0904083251953,36870600
2024-12-09,241.8300018310547,247.24000549316406,241.75,246.75,244.97222900390625,44649200
2024-12-10,246.88999938964844,248.2100067138672,245.33999633789062,247.77000427246094,245.98489379882812,36914800
2024-12-11,247.9600067138672,250.8000030517578,246.25999450683594,246.49000549316406,244.71412658691406,45205800
2024-12-12,246.88999938964844,248.74000549316406,245.67999267578125,247.9600067138672,246.17352294921875,32777500
2024-12-13,247.82000732421875,249.2899932861328,246.24000549316406,248.1300048828125,246.34228515625,33155300
2024-12-16,247.99000549316406,251.3800048828125,247.64999389648438,251.0399932861328,249.2313232421875,51694800
2024-12-17,250.0800018310547,253.8300018310547,249.77999877929688,253.47999572753906,251.6537322998047,51356400
2024-12-18,252.16000366210938,254.27999877929688,247.74000549316406,248.0500030517578,246.26287841796875,56774100
2024-12-19,247.5,252.0,247.08999633789062,249.7899932861328,247.99034118652344,60882300
2024-12-20,248.0399932861328,255.0,245.69000244140625,254.49000549316406,252.65647888183594,147495300
2024-12-23,254.77000427246094,255.64999389648438,253.4499969482422,255.27000427246094,253.4308319091797,40858800
2024-12-24,255.49000549316406,258.2099914550781,255.2899932861328,258.20001220703125,256.3397521972656,23234700
2024-12-26,258.19000244140625,260.1000061035156,257.6300048828125,259.0199890136719,257.1538391113281,27237100
2024-12-27,257.8299865722656,258.70001220703125,253.05999755859375,255.58999633789062,253.74853515625,42355300
2024-12-30,252.22999572753906,253.5,250.75,252.1999969482422,250.38296508789062,35557500
2024-12-31,252.44000244140625,253.27999877929688,249.42999267578125,250.4199981689453,248.6157989501953,39480700
2025-01-02,248.92999267578125,249.10000610351562,241.82000732421875,243.85000610351562,242.0931396484375,55740700
2025-01-03,243.36000061035156,244.17999267578125,241.88999938964844,243.36000061035156,241.6066436767578,40244100
2025-01-06,244.30999755859375,247.3300018310547,243.1999969482422,245.0,243.23486328125,45045600
2025-01-07,242.97999572753906,245.5500030517578,241.35000610351562,242.2100067138672,240.46493530273438,40856000
2025-01-08,241.9199981689453,243.7100067138672,240.0500030517578,242.6999969482422,240.95140075683594,37628900
2025-01-10,240.00999450683594,240.16000366210938,233.0,236.85000610351562,235.14358520507812,61710900
2025-01-13,233.52999877929688,234.6699981689453,229.72000122070312,234.39999389648438,232.71119689941406,49630700
2025-01-14,234.75,236.1199951171875,232.47000122070312,233.27999877929688,231.59927368164062,39435300
2025-01-15,234.63999938964844,238.9600067138672,234.42999267578125,237.8699951171875,236.1562042236328,39832000
2025-01-16,237.35000610351562,238.00999450683594,228.02999877929688,228.25999450683594,226.61541748046875,71759100
2025-01-17,232.1199951171875,232.2899932861328,228.47999572753906,229.97999572753906,228.32305908203125,68488300
2025-01-21,224.0,224.4199981689453,219.3800048828125,222.63999938964844,221.0359344482422,98070400
2025-01-22,219.7899932861328,224.1199951171875,219.7899932861328,223.8300018310547,222.21734619140625,64126500
2025-01-23,224.74000549316406,227.02999877929688,222.3000030517578,223.66000366210938,222.04859924316406,60234800
2025-01-24,224.77999877929688,225.6300048828125,221.41000366210938,222.77999877929688,221.17494201660156,54697900
2025-01-27,224.02000427246094,232.14999389648438,223.97999572753906,229.86000061035156,228.20391845703125,94863400
2025-01-28,230.85000610351562,240.19000244140625,230.80999755859375,238.25999450683594,236.5433807373047,75707600
2025-01-29,234.1199951171875,239.86000061035156,234.00999450683594,239.36000061035156,237.63546752929688,45486100
2025-01-30,238.6699981689453,240.7899932861328,237.2100067138672,237.58999633789062,235.87823486328125,55658300
2025-01-31,247.19000244140625,247.19000244140625,233.44000244140625,236.0,234.2996826171875,100959800
2025-02-03,229.99000549316406,231.8300018310547,225.6999969482422,228.00999450683594,226.36724853515625,73063300
2025-02-04,227.25,233.1300048828125,226.64999389648438,232.8000030517578,231.1227264404297,45067300
2025-02-05,228.52999877929688,232.6699981689453,228.27000427246094,232.47000122070312,230.79510498046875,39620300
2025-02-06,231.2899932861328,233.8000030517578,230.42999267578125,233.22000122070312,231.53970336914062,29925300
2025-02-07,232.60000610351562,234.0,227.25999450683594,227.6300048828125,225.98997497558594,39707200
2025-02-10,229.57000732421875,230.58999633789062,227.1999969482422,227.64999389648438,226.25833129882812,33115600
2025-02-11,228.1999969482422,235.22999572753906,228.1300048828125,232.6199951171875,231.1979522705078,53718400
2025-02-12,231.1999969482422,236.9600067138672,230.67999267578125,236.8699951171875,235.42198181152344,45243300
2025-02-13,236.91000366210938,242.33999633789062,235.57000732421875,241.52999877929688,240.05349731445312,53614100
2025-02-14,241.25,245.5500030517578,240.99000549316406,244.60000610351562,243.10472106933594,40896200
2025-02-18,244.14999389648438,245.17999267578125,241.83999633789062,244.47000122070312,242.97552490234375,48822500
2025-02-19,244.66000366210938,246.00999450683594,243.16000366210938,244.8699951171875,243.373046875,32204200
2025-02-20,244.94000244140625,246.77999877929688,244.2899932861328,245.8300018310547,244.32717895507812,32316900
2025-02-21,245.9499969482422,248.69000244140625,245.22000122070312,245.5500030517578,244.0489044189453,53197400
2025-02-24,244.92999267578125,248.86000061035156,244.4199981689453,247.10000610351562,245.5894317626953,51326400
2025-02-25,248.0,250.0,244.91000366210938,247.0399932861328,245.52980041503906,48013300
2025-02-26,244.3300018310547,244.97999572753906,239.1300048828125,240.36000061035156,238.890625,44433600
2025-02-27,239.41000366210938,242.4600067138672,237.05999755859375,237.3000030517578,235.84934997558594,41153600
2025-02-28,236.9499969482422,242.08999633789062,230.1999969482422,241.83999633789062,240.36158752441406,56833400
2025-03-03,241.7899932861328,244.02999877929688,236.11000061035156,238.02999877929688,236.57489013671875,47184000
2025-03-04,237.7100067138672,240.07000732421875,234.67999267578125,235.92999267578125,234.4877166748047,53798100
2025-03-05,235.4199981689453,236.5500030517578,229.22999572753906,235.74000549316406,234.2988739013672,47227600
2025-03-06,234.44000244140625,237.86000061035156,233.16000366210938,235.3300018310547,233.89138793945312,45170400
2025-03-07,235.11000061035156,241.3699951171875,234.75999450683594,239.07000732421875,237.60853576660156,46273600
2025-03-10,235.5399932861328,236.16000366210938,224.22000122070312,227.47999572753906,226.08937072753906,72071200
2025-03-11,223.80999755859375,225.83999633789062,217.4499969482422,220.83999633789062,219.48995971679688,76137400
2025-03-12,220.13999938964844,221.75,214.91000366210938,216.97999572753906,215.65357971191406,62547500
2025-03-13,215.9499969482422,216.83999633789062,208.4199981689453,209.67999267578125,208.398193359375,61368300
2025-03-14,211.25,213.9499969482422,209.5800018310547,213.49000549316406,212.18490600585938,60107600
2025-03-17,213.30999755859375,215.22000122070312,209.97000122070312,214.0,212.69178771972656,48073400
2025-03-18,214.16000366210938,215.14999389648438,211.49000549316406,212.69000244140625,211.3898162841797,42432400
2025-03-19,214.22000122070312,218.75999450683594,213.75,215.24000549316406,213.92422485351562,54385400
2025-03-20,213.99000549316406,217.49000549316406,212.22000122070312,214.10000610351562,212.7911834716797,48862900
2025-03-21,211.55999755859375,218.83999633789062,211.27999877929688,218.27000427246094,216.9356689453125,94127800
2025-03-24,221.0,221.47999572753906,218.5800018310547,220.72999572753906,219.38063049316406,44299500
2025-03-25,220.77000427246094,224.10000610351562,220.0800018310547,223.75,222.3821563720703,34493600
2025-03-26,223.50999450683594,225.02000427246094,220.47000122070312,221.52999877929688,220.17575073242188,34466100
2025-03-27,221.38999938964844,224.99000549316406,220.55999755859375,223.85000610351562,222.4815673828125,37094800
2025-03-28,221.6699981689453,223.80999755859375,217.67999267578125,217.89999389648438,216.56793212890625,39818600
2025-03-31,217.00999450683594,225.6199951171875,216.22999572753906,222.1300048828125,220.77207946777344,65299300
2025-04-01,219.80999755859375,223.67999267578125,218.89999389648438,223.19000244140625,221.82559204101562,36412700
2025-04-02,221.32000732421875,225.19000244140625,221.02000427246094,223.88999938964844,222.52133178710938,35905900
2025-04-03,205.5399932861328,207.49000549316406,201.25,203.19000244140625,201.94786071777344,103419000
2025-04-04,193.88999938964844,199.8800048828125,187.33999633789062,188.3800048828125,187.2283935546875,125910900
2025-04-07,177.1999969482422,194.14999389648438,174.6199951171875,181.4600067138672,180.35072326660156,160466300
2025-04-08,186.6999969482422,190.33999633789062,169.2100067138672,172.4199981689453,171.365966796875,120859500
2025-04-09,171.9499969482422,200.61000061035156,171.88999938964844,198.85000610351562,197.63441467285156,184395900
2025-04-10,189.07000732421875,194.77999877929688,183.0,190.4199981689453,189.2559356689453,121880000
2025-04-11,186.10000610351562,199.5399932861328,186.05999755859375,198.14999389648438,196.9386749267578,87435900
2025-04-14,211.44000244140625,212.94000244140625,201.16000366210938,202.52000427246094,201.281982421875,101352900
2025-04-15,201.86000061035156,203.50999450683594,199.8000030517578,202.13999938964844,200.90428161621094,51343900
2025-04-16,198.36000061035156,200.6999969482422,192.3699951171875,194.27000427246094,193.08238220214844,59732400
2025-04-17,197.1999969482422,198.8300018310547,194.4199981689453,196.97999572753906,195.7758026123047,52164700
2025-04-21,193.27000427246094,193.8000030517578,189.80999755859375,193.16000366210938,191.9792022705078,46742500
2025-04-22,196.1199951171875,201.58999633789062,195.97000122070312,199.74000549316406,198.5189666748047,52976400
2025-04-23,206.0,208.0,202.8000030517578,204.60000610351562,203.3492431640625,52929200
2025-04-24,204.88999938964844,208.8300018310547,202.94000244140625,208.3699951171875,207.09620666503906,47311000
2025-04-25,206.3699951171875,209.75,206.1999969482422,209.27999877929688,208.0006103515625,38222300
2025-04-28,210.0,211.5,207.4600067138672,210.13999938964844,208.85537719726562,38743100
2025-04-29,208.69000244140625,212.24000549316406,208.3699951171875,211.2100067138672,209.9188232421875,36827600
2025-04-30,209.3000030517578,213.5800018310547,206.6699981689453,212.5,211.20095825195312,52286500
2025-05-01,209.0800018310547,214.55999755859375,208.89999389648438,213.32000732421875,212.0159454345703,57365700
2025-05-02,206.08999633789062,206.99000549316406,202.16000366210938,205.35000610351562,204.09466552734375,101010600
2025-05-05,203.10000610351562,204.10000610351562,198.2100067138672,198.88999938964844,197.6741485595703,69018500
2025-05-06,198.2100067138672,200.64999389648438,197.02000427246094,198.50999450683594,197.2964630126953,51216500
2025-05-07,199.1699981689453,199.44000244140625,193.25,196.25,195.05027770996094,68536700
2025-05-08,197.72000122070312,200.0500030517578,194.67999267578125,197.49000549316406,196.28271484375,50478900
2025-05-09,199.0,200.5399932861328,197.5399932861328,198.52999877929688,197.3163604736328,36453900
2025-05-12,210.97000122070312,211.27000427246094,206.75,210.7899932861328,209.776123046875,63775800
2025-05-13,210.42999267578125,213.39999389648438,209.0,212.92999267578125,211.9058380126953,51909300
2025-05-14,212.42999267578125,213.94000244140625,210.5800018310547,212.3300018310547,211.3087158203125,49325800
2025-05-15,210.9499969482422,212.9600067138672,209.5399932861328,211.4499969482422,210.4329376220703,45029500
2025-05-16,212.36000061035156,212.57000732421875,209.77000427246094,211.25999450683594,210.24386596679688,54737900
2025-05-19,207.91000366210938,209.47999572753906,204.25999450683594,208.77999877929688,207.7758026123047,46140500
2025-05-20,207.6699981689453,208.47000122070312,205.02999877929688,206.86000061035156,205.86502075195312,42496600
2025-05-21,205.1699981689453,207.0399932861328,200.7100067138672,202.08999633789062,201.11798095703125,59211800
2025-05-22,200.7100067138672,202.75,199.6999969482422,201.36000061035156,200.39149475097656,46742400
2025-05-23,193.6699981689453,197.6999969482422,193.4600067138672,195.27000427246094,194.33078002929688,78432900
2025-05-27,198.3000030517578,200.74000549316406,197.42999267578125,200.2100067138672,199.2470245361328,56288500
2025-05-28,200.58999633789062,202.72999572753906,199.89999389648438,200.4199981689453,199.45602416992188,45339700
2025-05-29,203.5800018310547,203.80999755859375,198.50999450683594,199.9499969482422,198.98826599121094,51396800
2025-05-30,199.3699951171875,201.9600067138672,196.77999877929688,200.85000610351562,199.8839569091797,70819900
2025-06-02,200.27999877929688,202.1300048828125,200.1199951171875,201.6999969482422,200.72987365722656,35423300
2025-06-03,201.35000610351562,203.77000427246094,200.9600067138672,203.27000427246094,202.29229736328125,46381600
2025-06-04,202.91000366210938,206.24000549316406,202.10000610351562,202.82000732421875,201.844482421875,43604000
2025-06-05,203.5,204.75,200.14999389648438,200.6300048828125,199.6649932861328,55126100
2025-06-06,203.0,205.6999969482422,202.0500030517578,203.9199981689453,202.93917846679688,46607700
2025-06-09,204.38999938964844,206.0,200.02000427246094,201.4499969482422,200.48104858398438,72862600
2025-06-10,200.60000610351562,204.35000610351562,200.57000732421875,202.6699981689453,201.69517517089844,54672600
2025-06-11,203.5,204.5,198.41000366210938,198.77999877929688,197.8238983154297,60989900
2025-06-12,199.0800018310547,199.67999267578125,197.36000061035156,199.1999969482422,198.24188232421875,43904600
2025-06-13,199.72999572753906,200.3699951171875,195.6999969482422,196.4499969482422,195.50511169433594,51447300
2025-06-16,197.3000030517578,198.69000244140625,196.55999755859375,198.4199981689453,197.4656219482422,43020700
2025-06-17,197.1999969482422,198.38999938964844,195.2100067138672,195.63999938964844,194.69900512695312,38856200
2025-06-18,195.94000244140625,197.57000732421875,195.07000732421875,196.5800018310547,195.6344757080078,45394700
2025-06-20,198.24000549316406,201.6999969482422,196.86000061035156,201.0,200.03323364257812,96813500
2025-06-23,201.6300048828125,202.3000030517578,198.9600067138672,201.5,200.53082275390625,55814300
2025-06-24,202.58999633789062,203.44000244140625,200.1999969482422,200.3000030517578,199.3365936279297,54064000
2025-06-25,201.4499969482422,203.6699981689453,200.6199951171875,201.55999755859375,200.59051513671875,39525700
2025-06-26,201.42999267578125,202.63999938964844,199.4600067138672,201.0,200.03323364257812,50799100
2025-06-27,201.88999938964844,203.22000122070312,200.0,201.0800018310547,200.11285400390625,73188600
2025-06-30,202.00999450683594,207.38999938964844,199.25999450683594,205.1699981689453,204.18316650390625,91912800
2025-07-01,206.6699981689453,210.19000244140625,206.13999938964844,207.82000732421875,206.82041931152344,78788900
2025-07-02,208.91000366210938,213.33999633789062,208.13999938964844,212.44000244140625,211.418212890625,67941800
2025-07-03,212.14999389648438,214.64999389648438,211.80999755859375,213.5500030517578,212.52285766601562,34955800
2025-07-07,212.67999267578125,216.22999572753906,208.8000030517578,209.9499969482422,208.94017028808594,50229000
2025-07-08,210.10000610351562,211.42999267578125,208.4499969482422,210.00999450683594,208.9998779296875,42848900
2025-07-09,209.52999877929688,211.3300018310547,207.22000122070312,211.13999938964844,210.1244354248047,48749400
2025-07-10,210.50999450683594,213.47999572753906,210.02999877929688,212.41000366210938,211.3883514404297,44443600
2025-07-11,210.57000732421875,212.1300048828125,209.86000061035156,211.16000366210938,210.14434814453125,39765800
2025-07-14,209.92999267578125,210.91000366210938,207.5399932861328,208.6199951171875,207.6165771484375,38840100
2025-07-15,209.22000122070312,211.88999938964844,208.9199981689453,209.11000061035156,208.10423278808594,42296300
2025-07-16,210.3000030517578,212.39999389648438,208.63999938964844,210.16000366210938,209.149169921875,47490500
2025-07-17,210.57000732421875,211.8000030517578,209.58999633789062,210.02000427246094,209.00985717773438,48068100
2025-07-18,210.8699951171875,211.7899932861328,209.6999969482422,211.17999267578125,210.16424560546875,48974600
2025-07-21,212.10000610351562,215.77999877929688,211.6300048828125,212.47999572753906,211.45799255371094,51377400
2025-07-22,213.13999938964844,214.9499969482422,212.22999572753906,214.39999389648438,213.36875915527344,46404100
2025-07-23,215.0,215.14999389648438,212.41000366210938,214.14999389648438,213.11996459960938,46989300
2025-07-24,213.89999389648438,215.69000244140625,213.52999877929688,213.75999450683594,212.73184204101562,46022600
2025-07-25,214.6999969482422,215.24000549316406,213.39999389648438,213.8800048828125,212.8512725830078,40268800
2025-07-28,214.02999877929688,214.85000610351562,213.05999755859375,214.0500030517578,213.0204620361328,37858000
2025-07-29,214.17999267578125,214.80999755859375,210.82000732421875,211.27000427246094,210.2538299560547,51411700
2025-07-30,211.89999389648438,212.38999938964844,207.72000122070312,209.0500030517578,208.04449462890625,45512500
2025-07-31,208.49000549316406,209.83999633789062,207.16000366210938,207.57000732421875,206.57164001464844,80698400
2025-08-01,210.8699951171875,213.5800018310547,201.5,202.3800048828125,201.40660095214844,104434500
2025-08-04,204.50999450683594,207.8800048828125,201.67999267578125,203.35000610351562,202.37193298339844,75109300
2025-08-05,203.39999389648438,205.33999633789062,202.16000366210938,202.9199981689453,201.9439697265625,44155100
2025-08-06,205.6300048828125,215.3800048828125,205.58999633789062,213.25,212.2242889404297,108483100
2025-08-07,218.8800048828125,220.85000610351562,216.5800018310547,220.02999877929688,218.97171020507812,90224800
2025-08-08,220.8300018310547,231.0,219.25,229.35000610351562,228.2468719482422,113854000
2025-08-11,227.9199981689453,229.55999755859375,224.75999450683594,227.17999267578125,226.3438720703125,61806100
2025-08-12,228.00999450683594,230.8000030517578,227.07000732421875,229.64999389648438,228.80479431152344,55626200
2025-08-13,231.07000732421875,235.0,230.42999267578125,233.3300018310547,232.47125244140625,69878500
2025-08-14,234.05999755859375,235.1199951171875,230.85000610351562,232.77999877929688,231.92327880859375,51916300
2025-08-15,234.0,234.27999877929688,229.33999633789062,231.58999633789062,230.7376708984375,56038700
2025-08-18,231.6999969482422,233.1199951171875,230.11000061035156,230.88999938964844,230.0402374267578,37476200
2025-08-19,231.27999877929688,232.8699951171875,229.35000610351562,230.55999755859375,229.71145629882812,39402600
2025-08-20,229.97999572753906,230.47000122070312,225.77000427246094,226.00999450683594,225.1781768798828,42263900
2025-08-21,226.27000427246094,226.52000427246094,223.77999877929688,224.89999389648438,224.07228088378906,30621200
2025-08-22,226.1699981689453,229.08999633789062,225.41000366210938,227.75999450683594,226.92176818847656,42477800
2025-08-25,226.47999572753906,229.3000030517578,226.22999572753906,227.16000366210938,226.323974609375,30983100
2025-08-26,226.8699951171875,229.49000549316406,224.69000244140625,229.30999755859375,228.46603393554688,54575100
2025-08-27,228.61000061035156,230.89999389648438,228.25999450683594,230.49000549316406,229.6417236328125,31259500
2025-08-28,230.82000732421875,233.41000366210938,229.33999633789062,232.55999755859375,231.70408630371094,38074700
2025-08-29,232.50999450683594,233.3800048828125,231.3699951171875,232.13999938964844,231.28562927246094,39418400
2025-09-02,229.25,230.85000610351562,226.97000122070312,229.72000122070312,228.87454223632812,44075600
2025-09-03,237.2100067138672,238.85000610351562,234.36000061035156,238.47000122070312,237.5923309326172,66427800
2025-09-04,238.4499969482422,239.89999389648438,236.74000549316406,239.77999877929688,238.8975067138672,47549400
2025-09-05,240.0,241.32000732421875,238.49000549316406,239.69000244140625,238.80784606933594,54870400
2025-09-08,239.3000030517578,240.14999389648438,236.33999633789062,237.8800048828125,237.0045166015625,48999500
2025-09-09,237.0,238.77999877929688,233.36000061035156,234.35000610351562,233.4875030517578,66313900
2025-09-10,232.19000244140625,232.4199981689453,225.9499969482422,226.7899932861328,225.95530700683594,83440800
2025-09-11,226.8800048828125,230.4499969482422,226.64999389648438,230.02999877929688,229.18341064453125,50208600
2025-09-12,229.22000122070312,234.50999450683594,229.02000427246094,234.07000732421875,233.2085418701172,55824200
2025-09-15,237.0,238.19000244140625,235.02999877929688,236.6999969482422,235.82884216308594,42699500
2025-09-16,237.17999267578125,241.22000122070312,236.32000732421875,238.14999389648438,237.2735137939453,63421100
2025-09-17,238.97000122070312,240.10000610351562,237.72999572753906,238.99000549316406,238.1104278564453,46508000
2025-09-18,239.97000122070312,241.1999969482422,236.64999389648438,237.8800048828125,237.0045166015625,44249600
2025-09-19,241.22999572753906,246.3000030517578,240.2100067138672,245.5,244.59646606445312,163741300
2025-09-22,248.3000030517578,256.6400146484375,248.1199951171875,256.0799865722656,255.13751220703125,105517400
2025-09-23,255.8800048828125,257.3399963378906,253.5800018310547,254.42999267578125,253.49359130859375,60275200
2025-09-24,255.22000122070312,255.74000549316406,251.0399932861328,252.30999755859375,251.38140869140625,42303700
2025-09-25,253.2100067138672,257.1700134277344,251.7100067138672,256.8699951171875,255.9246063232422,55202100
2025-09-26,254.10000610351562,257.6000061035156,253.77999877929688,255.4600067138672,254.5198211669922,46076300
2025-09-29,254.55999755859375,255.0,253.00999450683594,254.42999267578125,253.49359130859375,40127700
2025-09-30,254.86000061035156,255.9199981689453,253.11000061035156,254.6300048828125,253.69288635253906,37704300
2025-10-01,255.0399932861328,258.7900085449219,254.92999267578125,255.4499969482422,254.5098419189453,48713900
2025-10-02,256.5799865722656,258.17999267578125,254.14999389648438,257.1300048828125,256.1836242675781,42630200
2025-10-03,254.6699981689453,259.239990234375,253.9499969482422,258.0199890136719,257.07037353515625,49155600
2025-10-06,257.989990234375,259.07000732421875,255.0500030517578,256.69000244140625,255.74530029296875,44664100
2025-10-07,256.80999755859375,257.3999938964844,255.42999267578125,256.4800109863281,255.5360870361328,31955800
2025-10-08,256.5199890136719,258.5199890136719,256.1099853515625,258.05999755859375,257.1102294921875,36496900
2025-10-09,257.80999755859375,258.0,253.13999938964844,254.0399932861328,253.1050262451172,38322000
2025-10-10,254.94000244140625,256.3800048828125,244.0,245.27000427246094,244.3673095703125,61999100
2025-10-13,249.3800048828125,249.69000244140625,245.55999755859375,247.66000366210938,246.74851989746094,38142900
2025-10-14,246.60000610351562,248.85000610351562,244.6999969482422,247.77000427246094,246.8581085205078,35478000
2025-10-15,249.49000549316406,251.82000732421875,247.47000122070312,249.33999633789062,248.42233276367188,33893600
2025-10-16,248.25,249.0399932861328,245.1300048828125,247.4499969482422,246.53929138183594,39777000
2025-10-17,248.02000427246094,253.3800048828125,247.27000427246094,252.2899932861328,251.36148071289062,49147000
2025-10-20,255.88999938964844,264.3800048828125,255.6300048828125,262.239990234375,261.27484130859375,90483000
2025-10-21,261.8800048828125,265.2900085449219,261.8299865722656,262.7699890136719,261.8028869628906,46695900
2025-10-22,262.6499938964844,262.8500061035156,255.42999267578125,258.45001220703125,257.49884033203125,45015300
2025-10-23,259.94000244140625,260.6199951171875,258.010009765625,259.5799865722656,258.6246337890625,32754900
2025-10-24,261.19000244140625,264.1300048828125,259.17999267578125,262.82000732421875,261.85272216796875,38253700
2025-10-27,264.8800048828125,269.1199951171875,264.6499938964844,268.80999755859375,267.8206787109375,44888200
2025-10-28,268.989990234375,269.8900146484375,268.1499938964844,269.0,268.00994873046875,41534800
2025-10-29,269.2799987792969,271.4100036621094,267.1099853515625,269.70001220703125,268.7073974609375,51086700
2025-10-30,271.989990234375,274.1400146484375,268.4800109863281,271.3999938964844,270.4011535644531,69886500
2025-10-31,276.989990234375,277.32000732421875,269.1600036621094,270.3699951171875,269.37493896484375,86167100
2025-11-03,270.4200134277344,270.8500061035156,266.25,269.04998779296875,268.0597839355469,50194600
2025-11-04,268.3299865722656,271.489990234375,267.6199951171875,270.0400085449219,269.0461730957031,49274800
2025-11-05,268.6099853515625,271.70001220703125,266.92999267578125,270.1400146484375,269.14581298828125,43683100
2025-11-06,267.8900146484375,273.3999938964844,267.8900146484375,269.7699890136719,268.7771301269531,51204000
2025-11-07,269.79998779296875,272.2900085449219,266.7699890136719,268.4700012207031,267.4819030761719,48227400
2025-11-10,268.9599914550781,273.7300109863281,267.4599914550781,269.42999267578125,268.6985778808594,41312400
2025-11-11,269.80999755859375,275.9100036621094,269.79998779296875,275.25,274.5028076171875,46208300
2025-11-12,275.0,275.7300109863281,271.70001220703125,273.4700012207031,272.7276611328125,48398000
2025-11-13,274.1099853515625,276.70001220703125,272.0899963378906,272.95001220703125,272.2090759277344,49602800
2025-11-14,271.04998779296875,275.9599914550781,269.6000061035156,272.4100036621094,271.6705322265625,47431300
2025-11-17,268.82000732421875,270.489990234375,265.7300109863281,267.4599914550781,266.7339782714844,45018300
2025-11-18,269.989990234375,270.7099914550781,265.32000732421875,267.44000244140625,266.7139892578125,45677300
2025-11-19,265.5299987792969,272.2099914550781,265.5,268.55999755859375,267.83099365234375,40424500
2025-11-20,270.8299865722656,275.42999267578125,265.9200134277344,266.25,265.5272521972656,45823600
2025-11-21,265.95001220703125,273.3299865722656,265.6700134277344,271.489990234375,270.75299072265625,59030800
2025-11-24,270.8999938964844,277.0,270.8999938964844,275.9200134277344,275.1710205078125,65585800
2025-11-25,275.2699890136719,280.3800048828125,275.25,276.9700012207031,276.2181701660156,46914200
2025-11-26,276.9599914550781,279.5299987792969,276.6300048828125,277.54998779296875,276.79656982421875,33431400
2025-11-28,277.260009765625,279.0,275.989990234375,278.8500061035156,278.0930480957031,20135600
2025-12-01,278.010009765625,283.4200134277344,276.1400146484375,283.1000061035156,282.3315124511719,46587700
2025-12-02,283.0,287.3999938964844,282.6300048828125,286.19000244140625,285.4131164550781,53669500
2025-12-03,286.20001220703125,288.6199951171875,283.29998779296875,284.1499938964844,283.3786315917969,43538700
2025-12-04,284.1000061035156,284.7300109863281,278.5899963378906,280.70001220703125,279.9380187988281,43989100
2025-12-05,280.5400085449219,281.1400146484375,278.04998779296875,278.7799987792969,278.0232238769531,47265800
2025-12-08,278.1300048828125,279.6700134277344,276.1499938964844,277.8900146484375,277.13568115234375,38211800
2025-12-09,278.1600036621094,280.0299987792969,276.9200134277344,277.17999267578125,276.4275817871094,32193300
2025-12-10,277.75,279.75,276.44000244140625,278.7799987792969,278.0232238769531,33038300
2025-12-11,279.1000061035156,279.5899963378906,273.80999755859375,278.0299987792969,277.2752685546875,33248000
2025-12-12,277.8999938964844,279.2200012207031,276.82000732421875,278.2799987792969,277.52459716796875,39532900
2025-12-15,280.1499938964844,280.1499938964844,272.8399963378906,274.1099853515625,273.3658752441406,50409100
2025-12-16,272.82000732421875,275.5,271.7900085449219,274.6099853515625,273.8645324707031,37648600
2025-12-17,275.010009765625,276.1600036621094,271.6400146484375,271.8399963378906,271.1020812988281,50138700
2025-12-18,273.6099853515625,273.6300048828125,266.95001220703125,272.19000244140625,271.45111083984375,51630700
2025-12-19,272.1499938964844,274.6000061035156,269.8999938964844,273.6700134277344,272.9271545410156,144632000
2025-12-22,272.8599853515625,273.8800048828125,270.510009765625,270.9700012207031,270.23443603515625,36571800
2025-12-23,270.8399963378906,272.5,269.55999755859375,272.3599853515625,271.62066650390625,29642000
2025-12-24,272.3399963378906,275.42999267578125,272.20001220703125,273.80999755859375,273.06671142578125,17910600
2025-12-26,274.1600036621094,275.3699951171875,272.8599853515625,273.3999938964844,272.6578369140625,21521800
2025-12-29,272.69000244140625,274.3599853515625,272.3500061035156,273.760009765625,273.0168762207031,23715200
2025-12-30,272.80999755859375,274.0799865722656,272.2799987792969,273.0799865722656,272.33868408203125,22139600
2025-12-31,273.05999755859375,273.67999267578125,271.75,271.8599853515625,271.12200927734375,27293600
2026-01-02,272.260009765625,277.8399963378906,269.0,271.010009765625,270.27435302734375,37838100
2026-01-05,270.6400146484375,271.510009765625,266.1400146484375,267.260009765625,266.5345458984375,45647200
2026-01-06,267.0,267.54998779296875,262.1199951171875,262.3599853515625,261.6477966308594,52352100
2026-01-07,263.20001220703125,263.67999267578125,259.80999755859375,260.3299865722656,259.6233215332031,48309800
2026-01-08,257.0199890136719,259.2900085449219,255.6999969482422,259.0400085449219,258.3368225097656,50419300
2026-01-09,259.0799865722656,260.2099914550781,256.2200012207031,259.3699951171875,258.6659240722656,39997000
2026-01-12,259.1600036621094,261.29998779296875,256.79998779296875,260.25,259.54351806640625,45263800
2026-01-13,258.7200012207031,261.80999755859375,258.3900146484375,261.04998779296875,260.34136962890625,45730800
2026-01-14,259.489990234375,261.82000732421875,256.7099914550781,259.9599914550781,259.2543029785156,40019400
2026-01-15,260.6499938964844,261.0400085449219,257.04998779296875,258.2099914550781,257.5090637207031,39388600
2026-01-16,257.8999938964844,258.8999938964844,254.92999267578125,255.52999877929688,254.8363494873047,72142800
2026-01-20,252.72999572753906,254.7899932861328,243.4199981689453,246.6999969482422,246.0303192138672,80267500
2026-01-21,248.6999969482422,251.55999755859375,245.17999267578125,247.64999389648438,246.9777374267578,54641700
2026-01-22,249.1999969482422,251.0,248.14999389648438,248.35000610351562,247.67584228515625,39708300
2026-01-23,247.32000732421875,249.41000366210938,244.67999267578125,248.0399932861328,247.36666870117188,41689000
2026-01-26,251.47999572753906,256.55999755859375,249.8000030517578,255.41000366210938,254.71669006347656,55969200
2026-01-27,259.1700134277344,261.95001220703125,258.2099914550781,258.2699890136719,257.56890869140625,49648300
2026-01-28,257.6499938964844,258.8599853515625,254.50999450683594,256.44000244140625,255.74386596679688,41288000
2026-01-29,258.0,259.6499938964844,254.41000366210938,258.2799987792969,257.5788879394531,67253000
2026-01-30,255.1699981689453,261.8999938964844,252.17999267578125,259.4800109863281,258.7756652832031,92443400
2026-02-02,260.0299987792969,270.489990234375,259.2099914550781,270.010009765625,269.2770690917969,73913400
2026-02-03,269.20001220703125,271.8800048828125,267.6099853515625,269.4800109863281,268.7485046386719,64394700
2026-02-04,272.2900085449219,278.95001220703125,272.2900085449219,276.489990234375,275.7394104003906,90545700
2026-02-05,278.1300048828125,279.5,273.2300109863281,275.9100036621094,275.1610107421875,52977400
2026-02-06,277.1199951171875,280.9100036621094,276.92999267578125,278.1199951171875,277.3650207519531,50453400
2026-02-09,277.9100036621094,278.20001220703125,271.70001220703125,274.6199951171875,274.13079833984375,44623400
2026-02-10,274.8900146484375,275.3699951171875,272.94000244140625,273.67999267578125,273.19244384765625,34376900
2026-02-11,274.70001220703125,280.17999267578125,274.45001220703125,275.5,275.00921630859375,51931300
2026-02-12,275.5899963378906,275.7200012207031,260.17999267578125,261.7300109863281,261.2637939453125,81077200
2026-02-13,262.010009765625,262.2300109863281,255.4499969482422,255.77999877929688,255.32435607910156,56290700
2026-02-17,258.04998779296875,266.2900085449219,255.5399932861328,263.8800048828125,263.4099426269531,58469100
2026-02-18,263.6000061035156,266.82000732421875,262.45001220703125,264.3500061035156,263.8791198730469,34203300
2026-02-19,262.6000061035156,264.4800109863281,260.04998779296875,260.5799865722656,260.11578369140625,30845300
2026-02-20,258.9700012207031,264.75,258.1600036621094,264.5799865722656,264.1086730957031,42070500
2026-02-23,263.489990234375,269.42999267578125,263.3800048828125,266.17999267578125,265.705810546875,37308200
2026-02-24,267.8599853515625,274.8900146484375,267.7099914550781,272.1400146484375,271.6552429199219,47014600
2026-02-25,271.7799987792969,274.94000244140625,271.04998779296875,274.2300109863281,273.74151611328125,33714300
2026-02-26,274.95001220703125,276.1099853515625,270.79998779296875,272.95001220703125,272.4637756347656,32345100
2026-02-27,272.80999755859375,272.80999755859375,262.8900146484375,264.17999267578125,263.7093811035156,72366500
2026-03-02,262.4100036621094,266.5299987792969,260.20001220703125,264.7200012207031,264.2484130859375,41827900
2026-03-03,263.4800109863281,265.55999755859375,260.1300048828125,263.75,263.2801818847656,38568900
2026-03-04,264.6499938964844,266.1499938964844,261.4200134277344,262.5199890136719,262.0523376464844,39803100
2026-03-05,260.7900085449219,261.55999755859375,257.25,260.2900085449219,259.8263244628906,49658600
2026-03-06,258.6300048828125,258.7699890136719,254.3699951171875,257.4599914550781,257.0013427734375,41120000
2026-03-09,255.69000244140625,261.1499938964844,253.67999267578125,259.8800048828125,259.41705322265625,38218500
2026-03-10,257.6499938964844,262.4800109863281,256.95001220703125,260.8299865722656,260.3653564453125,30590800
2026-03-11,261.0899963378906,262.1300048828125,259.54998779296875,260.80999755859375,260.3453674316406,26218900
2026-03-12,258.6600036621094,258.95001220703125,254.17999267578125,255.75999450683594,255.30438232421875,40794000
2026-03-13,255.47999572753906,256.3299865722656,249.52000427246094,250.1199951171875,249.6744384765625,36930000
2026-03-16,252.11000061035156,253.88999938964844,249.8800048828125,252.82000732421875,252.36964416503906,32074200
2026-03-17,252.9600067138672,255.1300048828125,252.17999267578125,254.22999572753906,253.77711486816406,32361600
2026-03-18,252.6300048828125,254.94000244140625,249.0,249.94000244140625,249.49476623535156,35757900
2026-03-19,249.39999389648438,251.8300018310547,247.3000030517578,248.9600067138672,248.5165252685547,34864100
2026-03-20,247.97999572753906,249.1999969482422,246.0,247.99000549316406,247.54823303222656,88331100
2026-03-23,253.97000122070312,254.60000610351562,250.27999877929688,251.49000549316406,251.04200744628906,40546100
2026-03-24,250.35000610351562,254.8300018310547,249.5500030517578,251.63999938964844,251.1917266845703,45152300
2026-03-25,254.10000610351562,255.0,251.60000610351562,252.6199951171875,252.16998291015625,28476700
2026-03-26,252.1199951171875,257.0,250.77000427246094,252.88999938964844,252.43951416015625,41796700
2026-03-27,253.89999389648438,255.49000549316406,248.07000732421875,248.8000030517578,248.35679626464844,47900000
2026-03-30,250.07000732421875,250.8699951171875,245.50999450683594,246.6300048828125,246.19065856933594,39446200
2026-03-31,247.91000366210938,255.47999572753906,247.10000610351562,253.7899932861328,253.337890625,49598100
2026-04-01,254.0800018310547,256.17999267578125,253.3300018310547,255.6300048828125,255.17462158203125,40059400
2026-04-02,254.1999969482422,256.1300048828125,250.64999389648438,255.9199981689453,255.464111328125,31289400
2026-04-06,256.510009765625,262.1600036621094,256.4599914550781,258.8599853515625,258.3988342285156,29329900
2026-04-07,256.1600036621094,256.20001220703125,245.6999969482422,253.5,253.0484161376953,62148000
2026-04-08,258.45001220703125,259.75,256.5299987792969,258.8999938964844,258.43878173828125,41032800
2026-04-09,259.0,261.1199951171875,256.07000732421875,260.489990234375,260.02593994140625,28121600
2026-04-10,259.9800109863281,262.19000244140625,259.0199890136719,260.4800109863281,260.0159912109375,31291500
2026-04-13,259.7300109863281,260.17999267578125,256.6600036621094,259.20001220703125,258.73828125,36234700
2026-04-14,259.25,261.92999267578125,257.19000244140625,258.8299865722656,258.368896484375,48370700
2026-04-15,258.1600036621094,266.55999755859375,257.80999755859375,266.42999267578125,265.95538330078125,49913500
2026-04-16,266.79998779296875,267.1600036621094,261.2699890136719,263.3999938964844,262.9307556152344,43323100
2026-04-17,266.9599914550781,272.29998779296875,266.7200012207031,270.2300109863281,269.7486267089844,61436200
2026-04-20,270.3299865722656,274.2799987792969,270.2900085449219,273.04998779296875,272.5635681152344,36590200
2026-04-21,271.5,272.79998779296875,265.3999938964844,266.1700134277344,265.69586181640625,50209800
2026-04-22,267.82000732421875,273.739990234375,266.8699951171875,273.1700134277344,272.68341064453125,43249200
2026-04-23,275.04998779296875,275.7699890136719,271.6499938964844,273.42999267578125,272.9429016113281,33399600
2026-04-24,272.760009765625,273.05999755859375,269.6499938964844,271.05999755859375,270.5771179199219,38157100
2026-04-27,266.0899963378906,268.3599853515625,265.07000732421875,267.6099853515625,267.1332702636719,41466800
2026-04-28,272.3399963378906,273.2300109863281,268.6600036621094,270.7099914550781,270.2277526855469,40018900
2026-04-29,267.54998779296875,271.0400085449219,267.0400085449219,270.1700134277344,269.688720703125,30047900
2026-04-30,270.5,276.0,268.1400146484375,271.3500061035156,270.86663818359375,91848200
2026-05-01,278.8599853515625,287.2200012207031,278.3699951171875,280.1400146484375,279.6409606933594,79915400
2026-05-04,279.6600036621094,280.6300048828125,274.8599853515625,276.8299865722656,276.33685302734375,46668400
2026-05-05,276.92999267578125,284.57000732421875,276.5,284.17999267578125,283.67376708984375,49311700
2026-05-06,281.9200134277344,288.0299987792969,281.07000732421875,287.510009765625,286.9978332519531,58336100
2026-05-07,289.2699890136719,292.1300048828125,285.7799987792969,287.44000244140625,286.9279479980469,45224300
2026-05-08,290.010009765625,294.760009765625,290.0,293.32000732421875,292.7974853515625,52692800
2026-05-11,291.9800109863281,293.8800048828125,290.2300109863281,292.67999267578125,292.42779541015625,42247300
2026-05-12,292.55999755859375,295.2699890136719,292.55999755859375,294.79998779296875,294.54595947265625,45748100
2026-05-13,293.5,300.9200134277344,293.5,298.8699951171875,298.6124572753906,52684300
2026-05-14,299.82000732421875,300.45001220703125,295.3800048828125,298.2099914550781,297.9530334472656,35324900
2026-05-15,297.8999938964844,303.20001220703125,296.5199890136719,300.2300109863281,299.9713134765625,54862800
2026-05-18,300.239990234375,300.6600036621094,294.9100036621094,297.8399963378906,297.5833435058594,34483000
2026-05-19,296.9700012207031,300.510009765625,296.3500061035156,298.9700012207031,298.7123718261719,42243600
2026-05-20,298.17999267578125,302.79998779296875,298.0799865722656,302.25,301.98956298828125,38229800
2026-05-21,301.05999755859375,305.5400085449219,300.3999938964844,304.989990234375,304.7271728515625,42965100
2026-05-22,306.1199951171875,311.3999938964844,305.8399963378906,308.82000732421875,308.55389404296875,43670200
2026-05-26,309.55999755859375,311.82000732421875,307.6700134277344,308.3299865722656,308.0643005371094,48000500
2026-05-27,308.3299865722656,313.260009765625,308.29998779296875,310.8500061035156,310.5821533203125,50430900
2026-05-28,310.67999267578125,312.79998779296875,309.57000732421875,312.510009765625,312.24072265625,48220400
2026-05-29,311.7799987792969,315.0,309.5299987792969,312.05999755859375,311.7911071777344,70026800
2026-06-01,309.6300048828125,310.94000244140625,305.0199890136719,306.30999755859375,306.0460510253906,48849900
2026-06-02,307.4599914550781,315.45001220703125,306.69000244140625,315.20001220703125,314.92840576171875,44534700
2026-06-03,314.17999267578125,316.94000244140625,308.8500061035156,310.260009765625,309.9926452636719,50836700
2026-06-04,313.2300109863281,313.5400085449219,309.6499938964844,311.2300109863281,310.9618225097656,44869100
2026-06-05,312.8599853515625,315.1700134277344,307.1499938964844,307.3399963378906,307.0751647949219,65310500
2026-06-08,308.739990234375,317.3999938964844,301.1700134277344,301.5400085449219,301.2801818847656,77949100
2026-06-09,300.2799987792969,300.75,287.7799987792969,290.54998779296875,290.29962158203125,70108800
2026-06-10,290.739990234375,294.75,287.3800048828125,291.5799865722656,291.3287353515625,52793300
2026-06-11,293.7200012207031,297.0,289.5899963378906,295.6300048828125,295.375244140625,42572500
2026-06-12,296.0299987792969,297.1400146484375,289.6199951171875,291.1300048828125,290.879150390625,38742100
2026-06-15,294.1199951171875,297.7799987792969,291.70001220703125,296.4200134277344,296.1645812988281,45732600
2026-06-16,295.25,300.4800109863281,293.9700012207031,299.239990234375,298.9821472167969,39874400
2026-06-17,300.8500061035156,302.07000732421875,294.3599853515625,295.95001220703125,295.6949768066406,42745100
2026-06-18,298.1099853515625,300.57000732421875,295.6199951171875,298.010009765625,297.7532043457031,85962200
2026-06-22,297.30999755859375,302.4200134277344,296.760009765625,297.010009765625,296.75408935546875,44879900
2026-06-23,297.5400085449219,301.6400146484375,294.17999267578125,294.29998779296875,294.04638671875,52010900
2026-06-24,295.3599853515625,299.70001220703125,292.94000244140625,293.0799865722656,292.8274230957031,53081900
2026-06-25,287.3999938964844,288.79998779296875,273.75,275.1499938964844,274.91290283203125,107013700
2026-06-26,275.0,285.95001220703125,274.2099914550781,283.7799987792969,283.53546142578125,261775500
2026-06-29,286.7300109863281,288.3699951171875,279.8500061035156,281.739990234375,281.4972229003906,66427000
2026-06-30,281.1700134277344,289.94000244140625,280.70001220703125,289.3599853515625,289.11065673828125,65100200
2026-07-01,293.44000244140625,296.5899963378906,289.20001220703125,294.3800048828125,294.1263427734375,50164200
2026-07-02,294.1199951171875,309.4200134277344,293.67999267578125,308.6300048828125,308.3640441894531,75352800
2026-07-06,307.3599853515625,314.20001220703125,307.0,312.6600036621094,312.3905944824219,53590000
2026-07-07,315.2900085449219,315.4800109863281,310.1499938964844,310.6600036621094,310.3923034667969,42490000
2026-07-08,311.9100036621094,314.82000732421875,307.04998779296875,313.3900146484375,313.1199645996094,41323500
2026-07-09,310.510009765625,316.5299987792969,308.1600036621094,316.2200012207031,315.947509765625,48124500
2026-07-10,314.7200012207031,316.9100036621094,312.1700134277344,315.32000732421875,315.0483093261719,34132300
2026-07-13,317.0199890136719,323.45001220703125,315.7799987792969,317.30999755859375,317.03656005859375,43257800
2026-07-14,313.760009765625,316.19000244140625,311.9100036621094,314.8599853515625,314.58868408203125,36336800
2026-07-15,317.6199951171875,328.7300109863281,317.32000732421875,327.5,327.2178039550781,60957600
2026-07-16,328.010009765625,334.67999267578125,326.7900085449219,333.260009765625,332.97283935546875,62970600
2026-07-17,331.9800109863281,334.989990234375,329.0,333.739990234375,333.452392578125,63407100
2026-07-20,333.510009765625,333.7099914550781,323.67999267578125,326.5899963378906,326.3085632324219,53468000
2026-07-21,323.1300048828125,329.6000061035156,322.2200012207031,327.739990234375,327.45758056640625,41338900
2026-07-22,327.8699951171875,329.0,323.3399963378906,325.8900146484375,325.60919189453125,38755900
2026-07-23,321.7300109863281,323.29998779296875,319.3500061035156,321.6600036621094,321.3828430175781,40840800
2026-07-24,321.7900085449219,334.3699951171875,321.6199951171875,333.0199890136719,332.7330322265625,47489400
2026-07-27,334.5400085449219,339.57000732421875,334.0199890136719,336.9100036621094,336.61968994140625,49604300
2026-07-28,340.0299987792969,342.8900146484375,335.6000061035156,340.0799865722656,339.78692626953125,51859000
2026-07-29,339.7300109863281,344.57000732421875,337.3500061035156,338.19000244140625,337.8985900878906,56090800
2026-07-30,333.1000061035156,334.75,329.5899963378906,333.42999267578125,333.1426696777344,74817800
2026-07-31,304.80999755859375,310.69000244140625,300.0,308.9100036621094,308.6438293457031,132489100
2026-08-03,309.5799865722656,311.79998779296875,302.55999755859375,303.4200134277344,303.1585693359375,75052000
2026-08-04,302.7300109863281,310.4200134277344,301.32000732421875,309.3800048828125,309.1134033203125,68001000
2026-08-05,309.3599853515625,311.7099914550781,305.6700134277344,311.0,310.7320251464844,49438800
2026-08-06,314.3399963378906,316.2900085449219,309.2300109863281,312.4100036621094,312.14080810546875,46139900
2026-08-07,311.45001220703125,314.80999755859375,310.739990234375,313.3299865722656,313.05999755859375,34437200
2026-08-10,306.8299865722656,308.260009765625,304.6099853515625,308.260009765625,308.260009765625,44812500
2026-08-11,307.75,309.9700012207031,302.7900085449219,304.9100036621094,304.9100036621094,37476700
2026-08-12,305.1000061035156,305.6600036621094,300.57000732421875,302.25,302.25,41657800
2026-08-13,304.2099914550781,306.0,302.04998779296875,305.260009765625,305.260009765625,40349300
2026-08-14,306.0,307.489990234375,304.29998779296875,305.92999267578125,305.92999267578125,28229400
2026-08-17,306.2099914550781,307.6600036621094,302.94000244140625,305.5899963378906,305.5899963378906,38169300
2026-08-18,307.5799865722656,311.489990234375,305.739990234375,310.0299987792969,310.0299987792969,53424500
2026-08-19,310.1400146484375,319.2799987792969,309.6000061035156,316.8299865722656,316.8299865722656,50505600
2026-08-20,317.4599914550781,320.2799987792969,310.6499938964844,311.29998779296875,311.29998779296875,40959200
2026-08-21,312.04998779296875,312.3800048828125,307.010009765625,309.3500061035156,309.3500061035156,46876800
2026-08-24,311.4700012207031,313.3599853515625,309.9700012207031,310.3399963378906,310.3399963378906,34673600
2026-08-25,310.7900085449219,313.5899963378906,308.2099914550781,309.8999938964844,309.8999938964844,25869800
2026-08-26,310.29998779296875,315.42999267578125,308.79998779296875,313.45001220703125,313.45001220703125,34024500
2026-08-27,310.54998779296875,315.3999938964844,309.3999938964844,314.5799865722656,314.5799865722656,32419200
2026-08-28,316.8500061035156,322.3699951171875,315.45001220703125,319.70001220703125,319.70001220703125,38649400
2026-08-31,319.6000061035156,321.239990234375,312.79998779296875,316.8500061035156,316.8500061035156,41242700
2026-09-01,316.9800109863281,327.29998779296875,314.7300109863281,325.1300048828125,325.1300048828125,53167400
2026-09-02,326.8699951171875,328.3999938964844,323.5299987792969,324.9599914550781,324.9599914550781,33776400
2026-09-03,324.8699951171875,330.80999755859375,324.1099853515625,328.2099914550781,328.2099914550781,37225800
2026-09-04,328.30999755859375,328.92999267578125,317.8599853515625,319.9700012207031,319.9700012207031,39606900
2026-09-08,317.1000061035156,320.70001220703125,314.8999938964844,316.2200012207031,316.2200012207031,35477100
2026-09-09,315.489990234375,319.1499938964844,309.8999938964844,315.3399963378906,315.3399963378906,65640000
2026-09-10,316.6700134277344,326.739990234375,316.510009765625,326.57000732421875,326.57000732421875,70011900
2026-09-11,327.45001220703125,336.2200012207031,326.29998779296875,332.2699890136719,332.2699890136719,50716900
2026-09-14,334.7900085449219,335.5,331.3399963378906,333.0799865722656,333.0799865722656,39269100
2026-09-15,330.1400146484375,331.7799987792969,328.3500061035156,331.3399963378906,331.3399963378906,31748200
2026-09-16,332.5299987792969,335.4800109863281,330.70001220703125,332.4100036621094,332.4100036621094,35981000
2026-09-17,334.7699890136719,338.3399963378906,330.17999267578125,337.0,337.0,36700200
2026-09-18,337.9100036621094,338.489990234375,332.5299987792969,336.1300048828125,336.1300048828125,86433100