date,open,high,low,close,adjclose,volume
2016-09-19,29.90999984741211,30.1200008392334,29.8700008392334,29.93000030517578,23.731338500976562,7696400
2016-09-20,30.15999984741211,30.239999771118164,29.889999389648438,29.899999618530273,23.707550048828125,5763300
2016-09-21,30.09000015258789,30.559999465942383,30.049999237060547,30.5,24.183284759521484,8097200
2016-09-22,30.760000228881836,30.950000762939453,30.510000228881836,30.65999984741211,24.31015396118164,5329000
2016-09-23,30.649999618530273,30.670000076293945,30.020000457763672,30.1200008392334,23.881988525390625,7959800
2016-09-26,30.020000457763672,30.06999969482422,29.709999084472656,29.84000015258789,23.65997314453125,4363300
2016-09-27,29.799999237060547,30.43000030517578,29.649999618530273,30.399999618530273,24.104000091552734,5707200
2016-09-28,30.469999313354492,30.5,30.1299991607666,30.329999923706055,24.048494338989258,4125100
2016-09-29,30.309999465942383,30.649999618530273,30.170000076293945,30.399999618530273,24.104000091552734,5985800
2016-09-30,30.290000915527344,30.68000030517578,30.229999542236328,30.59000015258789,24.254648208618164,5725700
2016-10-03,30.639999389648438,30.809999465942383,30.56999969482422,30.719999313354492,24.35772705078125,4198500
2016-10-04,30.81999969482422,30.920000076293945,30.360000610351562,30.389999389648438,24.0960693359375,5104800
2016-10-05,30.670000076293945,30.709999084472656,30.5,30.530000686645508,24.207073211669922,6205000
2016-10-06,30.700000762939453,30.809999465942383,30.3799991607666,30.770000457763672,24.39736557006836,4099900
2016-10-07,30.8799991607666,31.209999084472656,30.649999618530273,31.18000030517578,24.722454071044922,5753400
2016-10-10,31.190000534057617,31.479999542236328,31.15999984741211,31.280000686645508,24.801748275756836,7810500
2016-10-11,30.989999771118164,30.989999771118164,30.510000228881836,30.729999542236328,24.36565399169922,10157600
2016-10-12,30.899999618530273,31.40999984741211,30.700000762939453,31.350000381469727,24.857248306274414,9587000
2016-10-13,30.93000030517578,30.93000030517578,29.520000457763672,30.530000686645508,24.207073211669922,17323000
2016-10-14,31.059999465942383,31.270000457763672,30.56999969482422,30.65999984741211,24.31015396118164,9822900
2016-10-17,30.520000457763672,30.760000228881836,30.3799991607666,30.56999969482422,24.238788604736328,7598400
2016-10-18,30.90999984741211,30.979999542236328,30.690000534057617,30.860000610351562,24.46872329711914,5487500
2016-10-19,30.950000762939453,31.040000915527344,30.65999984741211,30.979999542236328,24.563873291015625,6733000
2016-10-20,30.93000030517578,31.149999618530273,30.799999237060547,31.059999465942383,24.627307891845703,7329800
2016-10-21,30.920000076293945,31.139999389648438,30.760000228881836,31.079999923706055,24.643169403076172,3817100
2016-10-24,31.139999389648438,31.40999984741211,31.079999923706055,31.40999984741211,24.904821395874023,3768900
2016-10-25,31.399999618530273,31.6200008392334,31.3799991607666,31.549999237060547,25.015827178955078,3214700
2016-10-26,31.190000534057617,31.43000030517578,31.06999969482422,31.209999084472656,24.746244430541992,4121500
2016-10-27,31.229999542236328,31.260000228881836,30.75,30.770000457763672,24.39736557006836,6243200
2016-10-28,30.940000534057617,31.100000381469727,30.760000228881836,30.770000457763672,24.39736557006836,5210800
2016-10-31,30.93000030517578,31.1299991607666,30.84000015258789,31.100000381469727,24.65902328491211,3212300
2016-11-01,31.1200008392334,31.200000762939453,30.479999542236328,30.709999084472656,24.349796295166016,5815800
2016-11-02,30.670000076293945,30.729999542236328,30.239999771118164,30.389999389648438,24.0960693359375,5274700
2016-11-03,30.350000381469727,30.5,30.18000030517578,30.280000686645508,24.00885009765625,4890800
2016-11-04,30.209999084472656,30.450000762939453,30.020000457763672,30.239999771118164,23.97713279724121,4431900
2016-11-07,30.719999313354492,31.3799991607666,30.68000030517578,31.350000381469727,24.857248306274414,3981800
2016-11-08,31.200000762939453,31.5,31.010000228881836,31.34000015258789,24.849323272705078,4077100
2016-11-09,30.639999389648438,30.989999771118164,30.309999465942383,30.59000015258789,24.254648208618164,8996700
2016-11-10,30.549999237060547,30.549999237060547,29.3700008392334,29.440000534057617,23.342819213867188,10104300
2016-11-11,29.059999465942383,30.079999923706055,28.760000228881836,29.93000030517578,23.731338500976562,7506800
2016-11-14,29.280000686645508,29.600000381469727,28.809999465942383,28.850000381469727,22.875011444091797,8551400
2016-11-15,29.309999465942383,29.440000534057617,28.770000457763672,29.200000762939453,23.15252685546875,11135600
2016-11-16,29.09000015258789,29.899999618530273,29.09000015258789,29.860000610351562,23.67583465576172,8802600
2016-11-17,30.0,30.020000457763672,29.350000381469727,29.469999313354492,23.36660385131836,7065100
2016-11-18,29.43000030517578,29.56999969482422,29.190000534057617,29.469999313354492,23.36660385131836,5136600
2016-11-21,29.600000381469727,29.739999771118164,29.459999084472656,29.649999618530273,23.509323120117188,4477100
2016-11-22,29.969999313354492,30.149999618530273,29.770000457763672,29.90999984741211,23.715478897094727,8937500
2016-11-23,29.899999618530273,30.1299991607666,29.739999771118164,29.889999389648438,23.69961929321289,4017500
2016-11-25,29.75,29.809999465942383,29.610000610351562,29.65999984741211,23.517255783081055,2101800
2016-11-28,29.709999084472656,29.940000534057617,29.540000915527344,29.65999984741211,23.517255783081055,5435000
2016-11-29,29.579999923706055,29.75,29.139999389648438,29.549999237060547,23.430034637451172,9254600
2016-11-30,29.549999237060547,29.81999969482422,29.399999618530273,29.690000534057617,23.541044235229492,6403400
2016-12-01,29.5,29.520000457763672,28.34000015258789,28.549999237060547,22.63713836669922,12499600
2016-12-02,28.520000457763672,28.8700008392334,28.389999389648438,28.860000610351562,22.88294219970703,5195800
2016-12-05,28.940000534057617,29.290000915527344,28.8700008392334,29.020000457763672,23.009801864624023,3953100
2016-12-06,29.309999465942383,29.610000610351562,29.200000762939453,29.510000228881836,23.3983211517334,4336200
2016-12-07,29.479999542236328,29.940000534057617,29.25,29.93000030517578,23.731338500976562,3911600
2016-12-08,30.270000457763672,30.270000457763672,29.860000610351562,30.040000915527344,23.81855583190918,4094600
2016-12-09,30.31999969482422,30.6299991607666,29.959999084472656,30.1200008392334,23.881988525390625,4387400
2016-12-12,29.969999313354492,29.969999313354492,29.6299991607666,29.899999618530273,23.707550048828125,3428000
2016-12-13,30.059999465942383,30.639999389648438,30.030000686645508,30.360000610351562,24.072280883789062,5857700
2016-12-14,30.260000228881836,30.389999389648438,29.850000381469727,29.8700008392334,23.68376350402832,6108400
2016-12-15,30.15999984741211,30.290000915527344,30.030000686645508,30.15999984741211,23.9137020111084,5073300
2016-12-16,30.049999237060547,30.079999923706055,29.389999389648438,29.479999542236328,23.374534606933594,6662100
2016-12-19,29.489999771118164,29.540000915527344,29.170000076293945,29.270000457763672,23.208026885986328,6157000
2016-12-20,29.350000381469727,29.559999465942383,29.139999389648438,29.309999465942383,23.23974609375,5570800
2016-12-21,29.229999542236328,29.280000686645508,28.90999984741211,29.139999389648438,23.10495376586914,6267500
2016-12-22,28.989999771118164,29.0,28.5,28.739999771118164,22.78779411315918,7455900
2016-12-23,28.780000686645508,29.1299991607666,28.690000534057617,29.049999237060547,23.033592224121094,4853500
2016-12-27,29.0,29.229999542236328,29.0,29.100000381469727,23.073238372802734,3083000
2016-12-28,29.260000228881836,29.31999969482422,29.040000915527344,29.1200008392334,23.089094161987305,3663300
2016-12-29,28.989999771118164,29.15999984741211,28.809999465942383,29.1299991607666,23.097017288208008,5323900
2016-12-30,29.200000762939453,29.229999542236328,28.6200008392334,28.75,22.795719146728516,4862800
2017-01-03,29.25,29.510000228881836,29.059999465942383,29.309999465942383,23.23974609375,6280300
2017-01-04,29.389999389648438,29.459999084472656,29.200000762939453,29.299999237060547,23.231813430786133,4391800
2017-01-05,29.530000686645508,29.90999984741211,29.520000457763672,29.799999237060547,23.62825584411621,4775700
2017-01-06,29.739999771118164,29.850000381469727,29.459999084472656,29.6299991607666,23.493465423583984,4878700
2017-01-09,29.790000915527344,30.139999389648438,29.719999313354492,30.040000915527344,23.81855583190918,8371700
2017-01-10,30.040000915527344,30.299999237060547,29.899999618530273,30.06999969482422,23.842342376708984,7582000
2017-01-11,29.780000686645508,30.200000762939453,29.719999313354492,30.170000076293945,23.921634674072266,7467300
2017-01-12,29.31999969482422,29.860000610351562,28.979999542236328,29.290000915527344,23.223886489868164,13032200
2017-01-13,29.5,29.649999618530273,29.219999313354492,29.440000534057617,23.342819213867188,9811100
2017-01-17,29.610000610351562,29.649999618530273,29.459999084472656,29.6200008392334,23.485544204711914,7679800
2017-01-18,29.549999237060547,29.68000030517578,29.440000534057617,29.489999771118164,23.382463455200195,7692800
2017-01-19,29.489999771118164,29.690000534057617,29.389999389648438,29.6299991607666,23.493465423583984,8493200
2017-01-20,29.6200008392334,30.260000228881836,29.56999969482422,30.06999969482422,23.842342376708984,7399400
2017-01-23,30.309999465942383,30.489999771118164,30.209999084472656,30.329999923706055,24.048494338989258,6959800
2017-01-24,30.530000686645508,30.899999618530273,30.510000228881836,30.81999969482422,24.437021255493164,7213600
2017-01-25,31.100000381469727,31.329999923706055,30.940000534057617,31.309999465942383,24.825529098510742,8025800
2017-01-26,31.260000228881836,31.450000762939453,31.010000228881836,31.110000610351562,24.66695213317871,8308700
2017-01-27,31.170000076293945,31.350000381469727,31.0,31.25,24.7779598236084,5982200
2017-01-30,31.06999969482422,31.200000762939453,30.940000534057617,31.190000534057617,24.730390548706055,7253100
2017-01-31,31.040000915527344,31.15999984741211,30.729999542236328,30.90999984741211,24.508371353149414,6263100
2017-02-01,31.239999771118164,31.309999465942383,30.84000015258789,31.079999923706055,24.643169403076172,5036900
2017-02-02,30.709999084472656,30.889999389648438,30.6200008392334,30.780000686645508,24.405292510986328,5794800
2017-02-03,30.959999084472656,31.079999923706055,30.799999237060547,30.969999313354492,24.555946350097656,5249100
2017-02-06,30.950000762939453,30.950000762939453,30.700000762939453,30.8700008392334,24.47665786743164,3523700
2017-02-07,30.90999984741211,30.969999313354492,30.5,30.520000457763672,24.199146270751953,6209500
2017-02-08,30.690000534057617,30.700000762939453,30.290000915527344,30.329999923706055,24.048494338989258,7776600
2017-02-09,30.329999923706055,30.5,30.170000076293945,30.209999084472656,23.953350067138672,8547000
2017-02-10,30.440000534057617,30.809999465942383,30.350000381469727,30.709999084472656,24.349796295166016,6749400
2017-02-13,30.940000534057617,31.799999237060547,30.940000534057617,31.690000534057617,25.1268310546875,10203800
2017-02-14,31.469999313354492,31.469999313354492,31.110000610351562,31.329999923706055,24.841392517089844,5208600
2017-02-15,31.5,31.799999237060547,31.5,31.75,25.174402236938477,4577200
2017-02-16,31.719999313354492,32.4900016784668,31.6299991607666,32.31999969482422,25.626354217529297,13197100
2017-02-17,32.099998474121094,32.380001068115234,32.02000045776367,32.34000015258789,25.642210006713867,7518200
2017-02-21,32.38999938964844,32.470001220703125,32.16999816894531,32.33000183105469,25.634286880493164,5475400
2017-02-22,32.20000076293945,32.20000076293945,31.90999984741211,32.06999969482422,25.428133010864258,5296200
2017-02-23,32.150001525878906,32.150001525878906,31.729999542236328,31.75,25.174402236938477,5291200
2017-02-24,31.610000610351562,31.920000076293945,31.469999313354492,31.920000076293945,25.30919647216797,3687100
2017-02-27,31.81999969482422,31.81999969482422,31.479999542236328,31.530000686645508,24.999969482421875,5841900
2017-02-28,31.59000015258789,31.68000030517578,31.399999618530273,31.469999313354492,24.952390670776367,6040800
2017-03-01,31.420000076293945,31.600000381469727,31.260000228881836,31.579999923706055,25.039609909057617,4910300
2017-03-02,31.190000534057617,31.239999771118164,30.790000915527344,30.8700008392334,24.47665786743164,8561100
2017-03-03,30.8700008392334,30.920000076293945,30.540000915527344,30.850000381469727,24.46080207824707,6120700
2017-03-06,30.799999237060547,30.940000534057617,30.709999084472656,30.850000381469727,24.46080207824707,5467400
2017-03-07,31.010000228881836,31.399999618530273,30.959999084472656,31.309999465942383,24.825529098510742,7014000
2017-03-08,31.469999313354492,31.520000457763672,31.200000762939453,31.219999313354492,24.754169464111328,4528500
2017-03-09,30.889999389648438,31.059999465942383,30.719999313354492,30.979999542236328,24.563873291015625,6120700
2017-03-10,30.8700008392334,31.079999923706055,30.81999969482422,31.059999465942383,24.627307891845703,5655300
2017-03-13,31.270000457763672,31.56999969482422,31.239999771118164,31.5,24.976181030273438,3965700
2017-03-14,31.3799991607666,31.469999313354492,31.200000762939453,31.209999084472656,24.746244430541992,5967200
2017-03-15,31.3799991607666,32.029998779296875,31.34000015258789,31.90999984741211,25.301267623901367,4571400
2017-03-16,32.25,32.470001220703125,32.20000076293945,32.40999984741211,25.697715759277344,6489000
2017-03-17,32.599998474121094,32.7599983215332,32.439998626708984,32.59000015258789,25.840436935424805,6199800
2017-03-20,32.79999923706055,33.11000061035156,32.709999084472656,32.849998474121094,26.04659080505371,5126700
2017-03-21,33.2400016784668,33.529998779296875,32.439998626708984,32.47999954223633,25.75321388244629,9159900
2017-03-22,32.56999969482422,32.849998474121094,32.47999954223633,32.689998626708984,25.919727325439453,6713500
2017-03-23,32.470001220703125,32.65999984741211,32.369998931884766,32.560001373291016,25.816652297973633,5909900
2017-03-24,32.72999954223633,33.099998474121094,32.61000061035156,32.810001373291016,26.014873504638672,5899900
2017-03-27,32.849998474121094,33.2599983215332,32.779998779296875,33.16999816894531,26.300308227539062,5661500
2017-03-28,33.36000061035156,33.43000030517578,33.130001068115234,33.349998474121094,26.443037033081055,4527000
2017-03-29,32.95000076293945,32.970001220703125,32.77000045776367,32.93000030517578,26.11001968383789,4083900
2017-03-30,32.84000015258789,33.150001525878906,32.779998779296875,33.06999969482422,26.221027374267578,3890600
2017-03-31,32.70000076293945,32.939998626708984,32.56999969482422,32.84000015258789,26.038660049438477,4853500
2017-04-03,32.939998626708984,33.0,32.709999084472656,32.88999938964844,26.078306198120117,4283100
2017-04-04,32.79999923706055,32.95000076293945,32.77000045776367,32.86000061035156,26.054521560668945,3756600
2017-04-05,33.060001373291016,33.33000183105469,32.869998931884766,32.900001525878906,26.086231231689453,5112900
2017-04-06,32.880001068115234,32.939998626708984,32.72999954223633,32.86000061035156,26.054521560668945,3990800
2017-04-07,32.86000061035156,33.040000915527344,32.77000045776367,32.869998931884766,26.06244468688965,3366300
2017-04-10,32.869998931884766,32.869998931884766,32.41999816894531,32.52000045776367,25.784934997558594,4937100
2017-04-11,32.689998626708984,32.689998626708984,31.979999542236328,32.400001525878906,25.689788818359375,6293800
2017-04-12,32.470001220703125,32.63999938964844,32.02000045776367,32.279998779296875,25.59463882446289,6136500
2017-04-13,32.099998474121094,32.45000076293945,31.81999969482422,31.829999923706055,25.23784065246582,8781700
2017-04-17,32.040000915527344,32.06999969482422,31.770000457763672,32.029998779296875,25.39641761779785,6918900
2017-04-18,31.760000228881836,31.860000610351562,31.6299991607666,31.790000915527344,25.20612144470215,5468600
2017-04-19,31.920000076293945,31.950000762939453,31.489999771118164,31.610000610351562,25.063400268554688,4739200
2017-04-20,31.770000457763672,31.8700008392334,31.639999389648438,31.790000915527344,25.20612144470215,4237700
2017-04-21,32.09000015258789,32.13999938964844,31.950000762939453,32.08000183105469,25.43606185913086,4530400
2017-04-24,32.58000183105469,32.79999923706055,32.4900016784668,32.70000076293945,25.927658081054688,5717000
2017-04-25,32.7599983215332,33.18000030517578,32.75,33.06999969482422,26.221027374267578,5614300
2017-04-26,33.060001373291016,33.11000061035156,32.81999969482422,33.0,26.165523529052734,6027700
2017-04-27,33.11000061035156,33.29999923706055,33.0099983215332,33.02000045776367,26.18138313293457,5625600
2017-04-28,33.150001525878906,33.25,33.040000915527344,33.06999969482422,26.221027374267578,5250500
2017-05-01,33.15999984741211,33.40999984741211,33.13999938964844,33.400001525878906,26.482683181762695,4015100
2017-05-02,33.56999969482422,33.9900016784668,33.56999969482422,33.93000030517578,26.902915954589844,5989300
2017-05-03,33.880001068115234,34.290000915527344,33.84000015258789,34.290000915527344,27.188358306884766,6660700
2017-05-04,34.189998626708984,34.189998626708984,33.970001220703125,34.13999938964844,27.06941795349121,5697300
2017-05-05,34.15999984741211,34.439998626708984,34.029998779296875,34.41999816894531,27.291433334350586,5249800
2017-05-08,34.70000076293945,35.099998474121094,34.630001068115234,34.97999954223633,27.735456466674805,6906900
2017-05-09,35.130001068115234,35.459999084472656,35.130001068115234,35.40999984741211,28.076398849487305,7297900
2017-05-10,35.27000045776367,35.630001068115234,35.08000183105469,35.40999984741211,28.076398849487305,9936700
2017-05-11,35.619998931884766,35.79999923706055,35.369998931884766,35.560001373291016,28.19533348083496,6648900
2017-05-12,35.5,35.52000045776367,35.25,35.369998931884766,28.044679641723633,4905000
2017-05-15,35.36000061035156,35.38999938964844,34.880001068115234,35.060001373291016,27.798891067504883,9784700
2017-05-16,35.0099983215332,35.029998779296875,34.79999923706055,35.029998779296875,27.775102615356445,6046200
2017-05-17,34.79999923706055,34.810001373291016,34.38999938964844,34.41999816894531,27.291433334350586,8128100
2017-05-18,34.439998626708984,34.9900016784668,34.40999984741211,34.900001525878906,27.67202377319336,8303700
2017-05-19,35.08000183105469,35.22999954223633,34.939998626708984,35.20000076293945,27.90989112854004,7283300
2017-05-22,35.38999938964844,35.5099983215332,35.2599983215332,35.400001525878906,28.068471908569336,5914200
2017-05-23,35.38999938964844,35.4900016784668,35.29999923706055,35.400001525878906,28.068471908569336,6612800
2017-05-24,35.41999816894531,35.59000015258789,35.34000015258789,35.52000045776367,28.16362953186035,7812500
2017-05-25,35.65999984741211,35.790000915527344,35.4900016784668,35.56999969482422,28.20326805114746,4514900
2017-05-26,35.54999923706055,35.58000183105469,35.33000183105469,35.5099983215332,28.155683517456055,3109800
2017-05-30,35.68000030517578,35.810001373291016,35.47999954223633,35.779998779296875,28.369766235351562,4219300
2017-05-31,35.31999969482422,35.36000061035156,35.099998474121094,35.36000061035156,28.036758422851562,7663100
2017-06-01,35.70000076293945,35.91999816894531,35.529998779296875,35.88999938964844,28.456987380981445,6016100
2017-06-02,35.90999984741211,36.22999954223633,35.849998474121094,36.18000030517578,28.686925888061523,5779200
2017-06-05,36.560001373291016,36.66999816894531,36.29999923706055,36.38999938964844,28.853437423706055,4819600
2017-06-06,36.380001068115234,36.58000183105469,36.2400016784668,36.43000030517578,28.885156631469727,5028000
2017-06-07,36.59000015258789,36.709999084472656,36.380001068115234,36.459999084472656,28.908939361572266,6537700
2017-06-08,36.75,36.900001525878906,36.540000915527344,36.83000183105469,29.202312469482422,7593900
2017-06-09,36.58000183105469,36.70000076293945,35.20000076293945,35.790000915527344,28.37770652770996,12040100
2017-06-12,35.790000915527344,35.790000915527344,35.0099983215332,35.2400016784668,27.941606521606445,11057000
2017-06-13,35.459999084472656,35.59000015258789,35.25,35.560001373291016,28.19533348083496,4969400
2017-06-14,35.470001220703125,35.77000045776367,35.369998931884766,35.650001525878906,28.266695022583008,7016400
2017-06-15,35.11000061035156,35.470001220703125,35.0099983215332,35.439998626708984,28.100181579589844,4623300
2017-06-16,35.869998931884766,35.95000076293945,35.720001220703125,35.869998931884766,28.441137313842773,7432400
2017-06-19,36.130001068115234,36.36000061035156,36.06999969482422,36.209999084472656,28.71071434020996,4523700
2017-06-20,36.52000045776367,36.7400016784668,36.119998931884766,36.130001068115234,28.64728355407715,4987400
2017-06-21,36.209999084472656,36.779998779296875,36.209999084472656,36.709999084472656,29.107154846191406,6329400
2017-06-22,36.720001220703125,36.91999816894531,36.630001068115234,36.709999084472656,29.107154846191406,6273400
2017-06-23,36.720001220703125,36.779998779296875,36.540000915527344,36.72999954223633,29.123023986816406,5558600
2017-06-26,36.439998626708984,36.52000045776367,35.91999816894531,36.130001068115234,29.5806884765625,10127200
2017-06-27,35.790000915527344,35.790000915527344,34.970001220703125,35.09000015258789,28.729217529296875,8081100
2017-06-28,35.27000045776367,35.38999938964844,34.75,35.349998474121094,28.942081451416016,8306200
2017-06-29,35.22999954223633,35.22999954223633,34.529998779296875,34.810001373291016,28.49996566772461,7332200
2017-06-30,34.84000015258789,35.09000015258789,34.70000076293945,34.959999084472656,28.62278175354004,5177500
2017-07-03,35.040000915527344,35.16999816894531,34.83000183105469,34.880001068115234,28.557273864746094,4470600
2017-07-05,35.08000183105469,35.08000183105469,34.630001068115234,34.81999969482422,28.508153915405273,9222200
2017-07-06,34.5,34.63999938964844,34.310001373291016,34.5,28.246158599853516,6493700
2017-07-07,34.54999923706055,34.66999816894531,34.47999954223633,34.630001068115234,28.352596282958984,7937800
2017-07-10,34.61000061035156,35.15999984741211,34.54999923706055,35.0,28.65553092956543,7779700
2017-07-11,35.43000030517578,35.43000030517578,35.04999923706055,35.380001068115234,28.966644287109375,9300800
2017-07-12,35.650001525878906,35.79999923706055,35.5,35.689998626708984,29.22044563293457,9211200
2017-07-13,35.459999084472656,36.15999984741211,35.459999084472656,36.150001525878906,29.597068786621094,9943900
2017-07-14,36.130001068115234,36.349998474121094,35.97999954223633,36.25,29.678939819335938,7196600
2017-07-17,36.029998779296875,36.060001373291016,35.63999938964844,35.90999984741211,29.40056037902832,4649800
2017-07-18,35.880001068115234,36.040000915527344,35.720001220703125,35.869998931884766,29.367826461791992,6185300
2017-07-19,36.060001373291016,36.41999816894531,36.060001373291016,36.40999984741211,29.8099308013916,7033800
2017-07-20,36.40999984741211,36.40999984741211,36.08000183105469,36.099998474121094,29.55612564086914,6996600
2017-07-21,36.060001373291016,36.060001373291016,35.70000076293945,35.849998474121094,29.3514461517334,5023500
2017-07-24,36.11000061035156,36.220001220703125,36.0099983215332,36.220001220703125,29.654382705688477,6842100
2017-07-25,36.0099983215332,36.25,35.970001220703125,36.099998474121094,29.55612564086914,5276300
2017-07-26,36.099998474121094,36.25,35.939998626708984,36.220001220703125,29.654382705688477,4342200
2017-07-27,36.540000915527344,36.61000061035156,35.959999084472656,36.18000030517578,29.621623992919922,7243100
2017-07-28,36.04999923706055,36.06999969482422,35.70000076293945,35.86000061035156,29.35964012145996,3678400
2017-07-31,36.029998779296875,36.400001525878906,35.849998474121094,35.959999084472656,29.441503524780273,7757600
2017-08-01,35.95000076293945,35.9900016784668,35.709999084472656,35.84000015258789,29.343257904052734,5437300
2017-08-02,36.400001525878906,36.470001220703125,35.86000061035156,36.06999969482422,29.531570434570312,6064600
2017-08-03,36.11000061035156,36.11000061035156,35.650001525878906,35.790000915527344,29.302330017089844,3919800
2017-08-04,35.93000030517578,36.08000183105469,35.7599983215332,36.029998779296875,29.498811721801758,4071400
2017-08-07,36.2599983215332,36.81999969482422,36.2599983215332,36.790000915527344,30.121055603027344,4860200
2017-08-08,36.709999084472656,36.959999084472656,36.63999938964844,36.70000076293945,30.04736328125,3301200
2017-08-09,36.20000076293945,36.470001220703125,36.029998779296875,36.459999084472656,29.85087013244629,3153700
2017-08-10,36.0,36.029998779296875,35.34000015258789,35.34000015258789,28.93389320373535,5605400
2017-08-11,35.52000045776367,36.20000076293945,35.43000030517578,36.13999938964844,29.5888729095459,4291100
2017-08-14,36.029998779296875,36.099998474121094,35.849998474121094,36.04999923706055,29.515193939208984,3875600
2017-08-15,36.189998626708984,36.4900016784668,36.09000015258789,36.41999816894531,29.81812286376953,3820400
2017-08-16,36.20000076293945,36.439998626708984,36.13999938964844,36.34000015258789,29.75263214111328,3232000
2017-08-17,36.29999923706055,36.34000015258789,35.77000045776367,35.790000915527344,29.302330017089844,3324000
2017-08-18,36.0,36.099998474121094,35.61000061035156,35.86000061035156,29.35964012145996,3692800
2017-08-21,35.90999984741211,36.0099983215332,35.630001068115234,35.97999954223633,29.457876205444336,3588100
2017-08-22,36.470001220703125,36.66999816894531,36.34000015258789,36.52000045776367,29.899995803833008,3202300
2017-08-23,36.470001220703125,36.599998474121094,36.369998931884766,36.58000183105469,29.949119567871094,2956400
2017-08-24,36.779998779296875,36.93000030517578,36.58000183105469,36.83000183105469,30.153804779052734,4544500
2017-08-25,36.93000030517578,37.060001373291016,36.75,36.849998474121094,30.170175552368164,2975200
2017-08-28,36.59000015258789,36.869998931884766,36.56999969482422,36.77000045776367,30.10468292236328,2199900
2017-08-29,36.52000045776367,36.970001220703125,36.5,36.880001068115234,30.194725036621094,2997700
2017-08-30,36.880001068115234,37.08000183105469,36.79999923706055,36.93000030517578,30.23567008972168,2838900
2017-08-31,36.95000076293945,36.97999954223633,36.70000076293945,36.970001220703125,30.2684268951416,4288600
2017-09-01,37.0,37.2400016784668,36.90999984741211,37.220001220703125,30.473098754882812,4100000
2017-09-05,37.25,37.400001525878906,36.650001525878906,36.849998474121094,30.170175552368164,7123000
2017-09-06,37.060001373291016,37.369998931884766,37.0,37.27000045776367,30.51404571533203,4187700
2017-09-07,37.2400016784668,37.540000915527344,37.18000030517578,37.540000915527344,30.735097885131836,3597500
2017-09-08,37.56999969482422,37.68000030517578,37.349998474121094,37.5,30.70234489440918,5581800
2017-09-11,37.38999938964844,37.880001068115234,37.349998474121094,37.84000015258789,30.980724334716797,6920100
2017-09-12,37.849998474121094,37.939998626708984,37.650001525878906,37.86000061035156,30.99709129333496,3524500
2017-09-13,37.66999816894531,37.790000915527344,37.4900016784668,37.529998779296875,30.726905822753906,4983400
2017-09-14,37.5,37.72999954223633,37.369998931884766,37.380001068115234,30.60409164428711,5799000
2017-09-15,37.52000045776367,37.66999816894531,37.400001525878906,37.650001525878906,30.82516098022461,7245600
2017-09-18,37.869998931884766,38.119998931884766,37.83000183105469,38.06999969482422,31.169021606445312,6179600
2017-09-19,38.18000030517578,38.43000030517578,38.130001068115234,38.29999923706055,31.357332229614258,6559400
2017-09-20,38.36000061035156,38.38999938964844,37.439998626708984,37.81999969482422,30.964353561401367,7961100
2017-09-21,37.790000915527344,38.33000183105469,37.66999816894531,38.2400016784668,31.308216094970703,8458000
2017-09-22,37.70000076293945,37.83000183105469,37.59000015258789,37.77000045776367,30.92340087890625,4529900
2017-09-25,37.5,37.5,36.86000061035156,37.06999969482422,30.350296020507812,5895000
2017-09-26,37.09000015258789,37.31999969482422,36.93000030517578,37.13999938964844,30.40760612487793,5995400
2017-09-27,37.290000915527344,37.36000061035156,37.0099983215332,37.25,30.497663497924805,4802700
2017-09-28,36.959999084472656,37.099998474121094,36.790000915527344,37.04999923706055,30.333921432495117,7618700
2017-09-29,37.2599983215332,37.599998474121094,37.2599983215332,37.54999923706055,30.743289947509766,3818500
2017-10-02,37.83000183105469,38.18000030517578,37.77000045776367,38.130001068115234,31.2181453704834,5096200
2017-10-03,38.36000061035156,38.470001220703125,38.25,38.439998626708984,31.471952438354492,3727100
2017-10-04,38.25,38.34000015258789,38.130001068115234,38.27000045776367,31.33277130126953,2717200
2017-10-05,38.65999984741211,38.849998474121094,38.38999938964844,38.459999084472656,31.48833465576172,4456400
2017-10-06,38.40999984741211,38.47999954223633,38.209999084472656,38.459999084472656,31.48833465576172,3086100
2017-10-09,38.599998474121094,38.810001373291016,38.5,38.77000045776367,31.742136001586914,1963500
2017-10-10,39.11000061035156,39.15999984741211,38.81999969482422,38.970001220703125,31.9058837890625,4112000
2017-10-11,39.79999923706055,40.38999938964844,39.68000030517578,40.349998474121094,33.035728454589844,9015400
2017-10-12,40.4900016784668,40.65999984741211,40.31999969482422,40.439998626708984,33.10940933227539,5524100
2017-10-13,40.70000076293945,40.86000061035156,40.630001068115234,40.81999969482422,33.4205322265625,3913100
2017-10-16,40.880001068115234,40.91999816894531,40.650001525878906,40.88999938964844,33.47785186767578,2707000
2017-10-17,40.83000183105469,41.25,40.540000915527344,41.25,33.772586822509766,7582200
2017-10-18,41.400001525878906,41.720001220703125,40.93000030517578,41.5,33.97725296020508,6653200
2017-10-19,41.02000045776367,41.290000915527344,40.5,41.06999969482422,33.62520980834961,5710500
2017-10-20,41.02000045776367,41.119998931884766,40.83000183105469,41.119998931884766,33.6661491394043,5251600
2017-10-23,41.369998931884766,41.47999954223633,41.11000061035156,41.209999084472656,33.739837646484375,5092400
2017-10-24,41.2599983215332,41.380001068115234,40.970001220703125,41.31999969482422,33.82989501953125,4251600
2017-10-25,41.29999923706055,41.40999984741211,40.70000076293945,41.15999984741211,33.69890213012695,3360000
2017-10-26,41.18000030517578,41.34000015258789,41.06999969482422,41.20000076293945,33.73164749145508,3651500
2017-10-27,41.47999954223633,42.18000030517578,41.41999816894531,42.150001525878906,34.50944137573242,4822800
2017-10-30,42.36000061035156,42.65999984741211,42.08000183105469,42.130001068115234,34.493072509765625,5200800
2017-10-31,42.18000030517578,42.52000045776367,42.099998474121094,42.33000183105469,34.65681838989258,3704500
2017-11-01,42.47999954223633,42.5,41.86000061035156,42.099998474121094,34.46849822998047,4235700
2017-11-02,42.09000015258789,42.2400016784668,41.95000076293945,42.150001525878906,34.50944137573242,3255800
2017-11-03,41.900001525878906,42.22999954223633,41.59000015258789,42.189998626708984,34.54219436645508,6140900
2017-11-06,42.189998626708984,42.47999954223633,42.08000183105469,42.43000030517578,34.73868942260742,5650500
2017-11-07,42.63999938964844,42.709999084472656,42.2599983215332,42.5099983215332,34.80418014526367,2761600
2017-11-08,42.41999816894531,42.540000915527344,42.209999084472656,42.43000030517578,34.73868942260742,2378400
2017-11-09,42.13999938964844,42.220001220703125,41.290000915527344,41.63999938964844,34.091880798339844,4680100
2017-11-10,41.790000915527344,41.81999969482422,41.59000015258789,41.720001220703125,34.157386779785156,5333900
2017-11-13,41.720001220703125,42.0099983215332,41.5099983215332,42.0099983215332,34.39482879638672,2222000
2017-11-14,41.779998779296875,41.88999938964844,41.5099983215332,41.86000061035156,34.272010803222656,2799400
2017-11-15,41.38999938964844,41.650001525878906,41.279998779296875,41.540000915527344,34.01001739501953,3417300
2017-11-16,41.75,42.2400016784668,41.75,42.099998474121094,34.46849822998047,3304500
2017-11-17,42.2400016784668,42.41999816894531,41.970001220703125,42.06999969482422,34.443939208984375,3702000
2017-11-20,42.06999969482422,42.279998779296875,41.959999084472656,42.209999084472656,34.558563232421875,4455300
2017-11-21,42.619998931884766,42.869998931884766,42.54999923706055,42.58000183105469,34.86149215698242,3668500
2017-11-22,42.59000015258789,42.7400016784668,42.290000915527344,42.40999984741211,34.72230529785156,2768600
2017-11-24,42.66999816894531,43.02000045776367,42.61000061035156,42.9900016784668,35.197174072265625,1499700
2017-11-27,41.66999816894531,41.68000030517578,41.060001373291016,41.09000015258789,33.6415901184082,8188400
2017-11-28,41.029998779296875,41.220001220703125,40.810001373291016,40.93000030517578,33.51058578491211,4864800
2017-11-29,40.880001068115234,40.90999984741211,39.2400016784668,39.40999984741211,32.26611328125,11796100
2017-11-30,39.599998474121094,39.7400016784668,39.16999816894531,39.599998474121094,32.42167663574219,9357100
2017-12-01,39.95000076293945,39.9900016784668,39.0,39.70000076293945,32.50355911254883,7192200
2017-12-04,40.04999923706055,40.130001068115234,39.29999923706055,39.38999938964844,32.2497444152832,7109000
2017-12-05,39.20000076293945,39.52000045776367,38.93000030517578,39.20000076293945,32.09418869018555,4504000
2017-12-06,38.959999084472656,39.09000015258789,38.52000045776367,38.68000030517578,31.668458938598633,8622000
2017-12-07,38.75,39.029998779296875,38.61000061035156,39.0099983215332,31.93863296508789,11285400
2017-12-08,39.380001068115234,39.54999923706055,38.95000076293945,39.0,31.930450439453125,5071600
2017-12-11,39.189998626708984,39.58000183105469,39.18000030517578,39.369998931884766,32.23335647583008,5272500
2017-12-12,39.220001220703125,39.380001068115234,39.08000183105469,39.29999923706055,32.17607116699219,5488100
2017-12-13,39.470001220703125,39.4900016784668,39.220001220703125,39.290000915527344,32.16787338256836,4227100
2017-12-14,39.5,39.650001525878906,39.31999969482422,39.400001525878906,32.257930755615234,4737600
2017-12-15,39.400001525878906,39.619998931884766,39.25,39.5,32.33980941772461,7156400
2017-12-18,39.380001068115234,39.470001220703125,39.20000076293945,39.400001525878906,32.257930755615234,5746900
2017-12-19,39.209999084472656,39.40999984741211,39.119998931884766,39.34000015258789,32.20880889892578,4454900
2017-12-20,39.380001068115234,39.61000061035156,39.16999816894531,39.439998626708984,32.29068374633789,6330100
2017-12-21,39.560001373291016,39.65999984741211,39.20000076293945,39.22999954223633,32.118751525878906,3563100
2017-12-22,39.599998474121094,39.630001068115234,39.29999923706055,39.630001068115234,32.446231842041016,2523600
2017-12-26,39.310001373291016,39.310001373291016,38.810001373291016,38.95000076293945,31.8895206451416,2861500
2017-12-27,39.0,39.11000061035156,38.880001068115234,39.08000183105469,31.995943069458008,3092900
2017-12-28,39.5099983215332,39.88999938964844,39.400001525878906,39.7400016784668,32.536312103271484,4279500
2017-12-29,39.849998474121094,40.220001220703125,39.650001525878906,39.650001525878906,32.46261215209961,3870900
2018-01-02,40.5099983215332,41.04999923706055,40.41999816894531,41.02000045776367,33.58427810668945,4984000
2018-01-03,41.59000015258789,41.810001373291016,41.439998626708984,41.709999084472656,34.149200439453125,6963200
2018-01-04,41.91999816894531,42.0,41.45000076293945,41.4900016784668,33.969078063964844,4876600
2018-01-05,41.88999938964844,42.56999969482422,41.790000915527344,42.459999084472656,34.76325225830078,5330800
2018-01-08,42.400001525878906,42.47999954223633,42.189998626708984,42.439998626708984,34.74687957763672,3538200
2018-01-09,42.4900016784668,42.5,42.130001068115234,42.18000030517578,34.53400802612305,5729900
2018-01-10,41.349998474121094,41.45000076293945,40.720001220703125,41.29999923706055,33.81351852416992,7102700
2018-01-11,41.220001220703125,41.400001525878906,40.95000076293945,41.029998779296875,33.592464447021484,5701800
2018-01-12,41.040000915527344,41.29999923706055,40.7599983215332,41.189998626708984,33.72346878051758,5028000
2018-01-16,42.0099983215332,42.349998474121094,41.810001373291016,42.22999954223633,34.57493209838867,9081600
2018-01-17,42.65999984741211,43.27000045776367,42.5,43.130001068115234,35.311805725097656,7117700
2018-01-18,43.86000061035156,44.849998474121094,43.5,44.56999969482422,36.49077224731445,11866200
2018-01-19,45.06999969482422,45.540000915527344,44.58000183105469,44.66999816894531,36.572635650634766,6543700
2018-01-22,46.0,46.400001525878906,45.939998626708984,46.380001068115234,37.9726676940918,8335800
2018-01-23,46.47999954223633,46.56999969482422,46.060001373291016,46.279998779296875,37.890785217285156,5659600
2018-01-24,45.63999938964844,45.66999816894531,45.25,45.33000183105469,37.11300277709961,7400600
2018-01-25,45.709999084472656,45.779998779296875,45.040000915527344,45.099998474121094,36.92469787597656,7655700
2018-01-26,45.5,45.7400016784668,45.029998779296875,45.720001220703125,37.43230056762695,7057300
2018-01-29,45.470001220703125,45.689998626708984,45.20000076293945,45.400001525878906,37.17030334472656,11604400
2018-01-30,44.56999969482422,45.029998779296875,44.400001525878906,44.880001068115234,36.744571685791016,10224600
2018-01-31,45.43000030517578,45.79999923706055,45.119998931884766,45.310001373291016,37.09661865234375,6333300
2018-02-01,45.33000183105469,45.93000030517578,45.29999923706055,45.45000076293945,37.21125411987305,6706500
2018-02-02,45.0099983215332,45.31999969482422,44.45000076293945,44.5099983215332,36.4416389465332,12051800
2018-02-05,44.04999923706055,44.810001373291016,42.810001373291016,42.95000076293945,35.1644172668457,11748300
2018-02-06,42.27000045776367,43.70000076293945,42.099998474121094,43.59000015258789,35.68840026855469,13414100
2018-02-07,42.9900016784668,42.9900016784668,41.880001068115234,41.880001068115234,34.28838348388672,15239500
2018-02-08,42.11000061035156,42.119998931884766,40.36000061035156,40.36000061035156,33.04392623901367,11356000
2018-02-09,40.7400016784668,41.68000030517578,39.959999084472656,41.470001220703125,33.95270919799805,10588400
2018-02-12,42.029998779296875,42.790000915527344,41.959999084472656,42.529998779296875,34.820560455322266,6573300
2018-02-13,42.540000915527344,42.65999984741211,41.880001068115234,42.380001068115234,34.69774627685547,5831900
2018-02-14,42.16999816894531,43.09000015258789,41.91999816894531,43.04999923706055,35.24629211425781,6860100
2018-02-15,43.52000045776367,43.75,42.75,43.52000045776367,35.63109588623047,6116500
2018-02-16,43.349998474121094,43.959999084472656,43.310001373291016,43.47999954223633,35.598350524902344,4792100
2018-02-20,43.08000183105469,44.15999984741211,43.0,43.7400016784668,35.81122589111328,9291700
2018-02-21,43.65999984741211,43.81999969482422,42.869998931884766,42.88999938964844,35.115299224853516,6612600
2018-02-22,42.66999816894531,42.7400016784668,42.18000030517578,42.38999938964844,34.70594024658203,7984000
2018-02-23,43.38999938964844,43.900001525878906,43.11000061035156,43.900001525878906,35.94221878051758,7204900
2018-02-26,44.11000061035156,44.40999984741211,43.79999923706055,44.40999984741211,36.35977554321289,3897600
2018-02-27,44.04999923706055,44.29999923706055,43.61000061035156,43.619998931884766,35.71297073364258,5999100
2018-02-28,43.66999816894531,43.90999984741211,43.290000915527344,43.349998474121094,35.491912841796875,6400100
2018-03-01,43.349998474121094,43.560001373291016,42.310001373291016,42.720001220703125,34.97611999511719,7792400
2018-03-02,42.38999938964844,43.04999923706055,42.150001525878906,43.0099983215332,35.21354293823242,4819600
2018-03-05,43.04999923706055,43.7599983215332,42.869998931884766,43.4900016784668,35.606536865234375,5977200
2018-03-06,44.34000015258789,44.400001525878906,43.43000030517578,43.540000915527344,35.64746856689453,8632000
2018-03-07,43.310001373291016,44.279998779296875,43.18000030517578,44.20000076293945,36.18783950805664,4482900
2018-03-08,44.29999923706055,44.38999938964844,43.59000015258789,43.79999923706055,35.8603401184082,7092400
2018-03-09,44.04999923706055,44.599998474121094,43.52000045776367,44.59000015258789,36.507144927978516,8336200
2018-03-12,44.790000915527344,45.349998474121094,44.75,45.220001220703125,37.02294158935547,5176100
2018-03-13,45.5,45.75,44.90999984741211,44.9900016784668,36.83462142944336,5842300
2018-03-14,45.43000030517578,45.45000076293945,44.83000183105469,45.150001525878906,36.96562957763672,4300500
2018-03-15,45.099998474121094,45.650001525878906,44.88999938964844,45.310001373291016,37.09661865234375,3942200
2018-03-16,45.0,45.52000045776367,44.93000030517578,44.970001220703125,36.81826400756836,8125600
2018-03-19,44.720001220703125,44.869998931884766,44.189998626708984,44.599998474121094,36.51531982421875,5116500
2018-03-20,44.70000076293945,44.90999984741211,44.52000045776367,44.83000183105469,36.70363235473633,6404200
2018-03-21,44.56999969482422,44.849998474121094,44.25,44.70000076293945,36.59720230102539,7036400
2018-03-22,44.099998474121094,44.369998931884766,43.689998626708984,43.689998626708984,35.77028274536133,6318500
2018-03-23,43.630001068115234,43.70000076293945,42.58000183105469,42.58000183105469,34.86149215698242,5923500
2018-03-26,43.810001373291016,44.279998779296875,43.18000030517578,44.27000045776367,36.24515151977539,5395200
2018-03-27,44.720001220703125,44.84000015258789,43.130001068115234,43.290000915527344,35.44280242919922,6995000
2018-03-28,42.97999954223633,43.16999816894531,42.439998626708984,42.689998626708984,34.9515495300293,8563100
2018-03-29,43.0,43.91999816894531,42.959999084472656,43.7599983215332,35.827598571777344,7758900
2018-04-02,43.34000015258789,43.59000015258789,42.41999816894531,42.5,34.79600143432617,6361200
2018-04-03,44.27000045776367,44.279998779296875,43.029998779296875,43.47999954223633,35.598350524902344,6174500
2018-04-04,42.369998931884766,43.939998626708984,42.349998474121094,43.939998626708984,35.9749641418457,5497100
2018-04-05,44.029998779296875,44.22999954223633,43.13999938964844,43.31999969482422,35.46735382080078,6115100
2018-04-06,42.880001068115234,43.16999816894531,42.2599983215332,42.41999816894531,34.730499267578125,5133100
2018-04-09,43.09000015258789,44.040000915527344,42.90999984741211,43.06999969482422,35.26268005371094,6696400
2018-04-10,43.869998931884766,44.220001220703125,43.029998779296875,43.58000183105469,35.68022918701172,5682300
2018-04-11,43.25,43.790000915527344,43.25,43.380001068115234,35.51646423339844,4788000
2018-04-12,43.33000183105469,43.849998474121094,43.04999923706055,43.849998474121094,35.901283264160156,7574700
2018-04-13,43.689998626708984,43.7400016784668,42.560001373291016,42.650001525878906,34.918800354003906,5749900
2018-04-16,42.810001373291016,43.0099983215332,42.68000030517578,42.869998931884766,35.09892654418945,5206900
2018-04-17,42.09000015258789,42.36000061035156,41.77000045776367,42.310001373291016,34.64043426513672,9831100
2018-04-18,42.099998474121094,42.2599983215332,41.209999084472656,41.91999816894531,34.32114028930664,8947400
2018-04-19,39.93000030517578,40.08000183105469,39.11000061035156,39.529998779296875,32.36436462402344,27527000
2018-04-20,39.369998931884766,39.540000915527344,38.81999969482422,38.95000076293945,31.8895206451416,15313300
2018-04-23,38.959999084472656,39.08000183105469,38.529998779296875,38.75,31.72576141357422,11178300
2018-04-24,39.040000915527344,39.209999084472656,38.29999923706055,38.75,31.72576141357422,13004000
2018-04-25,38.36000061035156,38.4900016784668,38.02000045776367,38.16999816894531,31.250898361206055,12359200
2018-04-26,38.08000183105469,38.560001373291016,38.08000183105469,38.16999816894531,31.250898361206055,7685800
2018-04-27,38.7400016784668,38.7400016784668,37.9900016784668,38.16999816894531,31.250898361206055,8276100
2018-04-30,38.689998626708984,38.84000015258789,38.380001068115234,38.45000076293945,31.480144500732422,7968000
2018-05-01,38.34000015258789,38.939998626708984,38.2599983215332,38.93000030517578,31.873138427734375,5507000
2018-05-02,38.599998474121094,38.599998474121094,37.650001525878906,37.75,30.907028198242188,11522200
2018-05-03,37.54999923706055,38.189998626708984,37.29999923706055,38.099998474121094,31.193580627441406,7021400
2018-05-04,38.0,38.65999984741211,37.939998626708984,38.59000015258789,31.594768524169922,9474000
2018-05-07,38.45000076293945,38.650001525878906,38.2400016784668,38.45000076293945,31.480144500732422,4590100
2018-05-08,38.97999954223633,39.380001068115234,38.939998626708984,39.18000030517578,32.07781219482422,8116600
2018-05-09,39.369998931884766,39.459999084472656,39.15999984741211,39.349998474121094,32.21699523925781,5861400
2018-05-10,39.56999969482422,39.869998931884766,39.439998626708984,39.77000045776367,32.56087875366211,7957900
2018-05-11,40.040000915527344,40.18000030517578,39.63999938964844,39.90999984741211,32.67548370361328,4184400
2018-05-14,40.130001068115234,40.54999923706055,39.880001068115234,39.95000076293945,32.708229064941406,5014000
2018-05-15,39.36000061035156,39.400001525878906,38.959999084472656,39.29999923706055,32.17607116699219,5622800
2018-05-16,39.400001525878906,39.83000183105469,39.279998779296875,39.790000915527344,32.577247619628906,7671500
2018-05-17,39.06999969482422,39.2400016784668,38.66999816894531,38.959999084472656,31.897703170776367,7964200
2018-05-18,38.470001220703125,38.54999923706055,38.279998779296875,38.41999816894531,31.455591201782227,7783900
2018-05-21,39.34000015258789,39.70000076293945,39.119998931884766,39.470001220703125,32.31525421142578,7902200
2018-05-22,39.470001220703125,39.790000915527344,39.45000076293945,39.63999938964844,32.45442581176758,5752000
2018-05-23,39.13999938964844,39.650001525878906,39.09000015258789,39.650001525878906,32.46261215209961,4815400
2018-05-24,39.369998931884766,39.45000076293945,38.779998779296875,39.27000045776367,32.1515007019043,7930800
2018-05-25,39.099998474121094,39.4900016784668,38.93000030517578,39.29999923706055,32.17607116699219,5403000
2018-05-29,38.4900016784668,38.560001373291016,38.029998779296875,38.15999984741211,31.242708206176758,7198200
2018-05-30,38.29999923706055,38.400001525878906,38.06999969482422,38.34000015258789,31.390077590942383,8413400
2018-05-31,38.33000183105469,38.86000061035156,38.290000915527344,38.70000076293945,31.684823989868164,8129400
2018-06-01,38.9900016784668,39.20000076293945,38.79999923706055,39.20000076293945,32.09418869018555,5970000
2018-06-04,39.849998474121094,40.0,39.66999816894531,39.970001220703125,32.72462463378906,8927200
2018-06-05,39.70000076293945,39.86000061035156,39.400001525878906,39.540000915527344,32.372562408447266,6345900
2018-06-06,39.849998474121094,39.93000030517578,39.560001373291016,39.560001373291016,32.38893127441406,9829700
2018-06-07,39.560001373291016,39.939998626708984,39.459999084472656,39.52000045776367,32.356178283691406,8216900
2018-06-08,39.15999984741211,39.15999984741211,38.52000045776367,38.93000030517578,31.873138427734375,8081300
2018-06-11,39.0,39.150001525878906,38.7599983215332,38.7599983215332,31.73394203186035,4511600
2018-06-12,39.130001068115234,39.36000061035156,38.97999954223633,39.20000076293945,32.09418869018555,6582600
2018-06-13,39.72999954223633,39.88999938964844,39.04999923706055,39.04999923706055,31.97138786315918,9616600
2018-06-14,39.029998779296875,39.06999969482422,38.599998474121094,38.599998474121094,31.602947235107422,7636000
2018-06-15,38.81999969482422,38.939998626708984,38.54999923706055,38.689998626708984,31.6766357421875,11235700
2018-06-18,38.310001373291016,38.36000061035156,37.84000015258789,38.25,31.316402435302734,8921400
2018-06-19,37.70000076293945,37.970001220703125,37.349998474121094,37.560001373291016,30.75147247314453,9848900
2018-06-20,38.34000015258789,38.59000015258789,38.0099983215332,38.349998474121094,31.39826202392578,8668600
2018-06-21,37.869998931884766,38.0099983215332,37.54999923706055,37.619998931884766,30.80059242248535,9246700
2018-06-22,38.27000045776367,38.310001373291016,37.970001220703125,38.119998931884766,31.2099552154541,10338500
2018-06-25,36.29999923706055,36.560001373291016,36.04999923706055,36.5099983215332,30.985063552856445,10528100
2018-06-26,36.33000183105469,36.70000076293945,36.11000061035156,36.459999084472656,30.94263458251953,8817000
2018-06-27,36.25,36.31999969482422,35.5099983215332,35.5099983215332,30.13638687133789,8798100
2018-06-28,35.5,35.939998626708984,35.349998474121094,35.939998626708984,30.50131607055664,7199000
2018-06-29,36.54999923706055,36.77000045776367,36.439998626708984,36.560001373291016,31.027490615844727,8088200
2018-07-02,36.209999084472656,36.56999969482422,36.040000915527344,36.540000915527344,31.010520935058594,7365500
2018-07-03,36.38999938964844,36.61000061035156,36.349998474121094,36.38999938964844,30.883222579956055,6512600
2018-07-05,36.400001525878906,36.599998474121094,36.2400016784668,36.59000015258789,31.052961349487305,9230900
2018-07-06,36.81999969482422,37.349998474121094,36.7599983215332,37.27000045776367,31.630050659179688,7251600
2018-07-09,37.869998931884766,38.029998779296875,37.56999969482422,37.83000183105469,32.10531234741211,7124100
2018-07-10,37.470001220703125,37.95000076293945,37.470001220703125,37.93000030517578,32.190181732177734,7211500
2018-07-11,37.33000183105469,37.349998474121094,36.900001525878906,36.970001220703125,31.375446319580078,7316200
2018-07-12,37.33000183105469,37.59000015258789,37.20000076293945,37.310001373291016,31.663999557495117,5275300
2018-07-13,37.540000915527344,37.79999923706055,37.47999954223633,37.77000045776367,32.05439758300781,4947500
2018-07-16,37.880001068115234,37.88999938964844,37.650001525878906,37.790000915527344,32.07136154174805,5399200
2018-07-17,37.5,38.119998931884766,37.349998474121094,38.040000915527344,32.28354263305664,6238500
2018-07-18,38.040000915527344,38.470001220703125,37.880001068115234,38.40999984741211,32.5975456237793,10532200
2018-07-19,39.439998626708984,40.38999938964844,38.619998931884766,39.810001373291016,33.78568649291992,17762300
2018-07-20,39.9900016784668,40.849998474121094,39.84000015258789,40.72999954223633,34.56647491455078,14481000
2018-07-23,40.81999969482422,40.97999954223633,40.630001068115234,40.7400016784668,34.574947357177734,6832800
2018-07-24,41.099998474121094,41.209999084472656,40.380001068115234,40.38999938964844,34.27791976928711,7018300
2018-07-25,40.529998779296875,40.900001525878906,40.310001373291016,40.88999938964844,34.70225524902344,7725700
2018-07-26,40.70000076293945,40.939998626708984,40.439998626708984,40.81999969482422,34.642845153808594,8476600
2018-07-27,40.939998626708984,41.91999816894531,40.939998626708984,41.45000076293945,35.1775016784668,9468500
2018-07-30,41.45000076293945,41.52000045776367,40.88999938964844,41.09000015258789,34.871986389160156,5174300
2018-07-31,41.2599983215332,41.58000183105469,41.09000015258789,41.209999084472656,34.97382354736328,4908300
2018-08-01,41.439998626708984,41.72999954223633,41.31999969482422,41.709999084472656,35.398162841796875,6115000
2018-08-02,41.099998474121094,41.650001525878906,41.0,41.54999923706055,35.26237106323242,4669300
2018-08-03,41.63999938964844,41.95000076293945,41.560001373291016,41.689998626708984,35.381195068359375,4575200
2018-08-06,41.20000076293945,41.41999816894531,41.0,41.06999969482422,34.85501480102539,7245800
2018-08-07,41.06999969482422,41.25,40.84000015258789,41.2400016784668,34.99929428100586,7494900
2018-08-08,41.560001373291016,42.11000061035156,41.45000076293945,41.970001220703125,35.61881637573242,5089600
2018-08-09,41.939998626708984,41.95000076293945,41.68000030517578,41.84000015258789,35.508487701416016,4513300
2018-08-10,41.29999923706055,41.29999923706055,40.790000915527344,41.029998779296875,34.82106018066406,7053200
2018-08-13,40.689998626708984,40.9900016784668,40.470001220703125,40.709999084472656,34.54949188232422,6708600
2018-08-14,41.0,41.189998626708984,40.869998931884766,40.90999984741211,34.71923828125,5339100
2018-08-15,40.45000076293945,40.54999923706055,40.119998931884766,40.45000076293945,34.328834533691406,6052800
2018-08-16,40.45000076293945,40.72999954223633,40.369998931884766,40.40999984741211,34.294898986816406,5544000
2018-08-17,40.189998626708984,40.220001220703125,39.790000915527344,40.130001068115234,34.0572624206543,7897200
2018-08-20,40.02000045776367,40.2400016784668,39.900001525878906,40.099998474121094,34.03179931640625,4156700
2018-08-21,40.369998931884766,41.040000915527344,40.36000061035156,40.88999938964844,34.70225524902344,6075100
2018-08-22,40.849998474121094,41.04999923706055,40.540000915527344,40.900001525878906,34.71074676513672,5512700
2018-08-23,41.29999923706055,41.349998474121094,40.68000030517578,40.68000030517578,34.52402877807617,4126100
2018-08-24,40.93000030517578,41.40999984741211,40.83000183105469,41.2400016784668,34.99929428100586,4232000
2018-08-27,41.43000030517578,41.709999084472656,41.369998931884766,41.529998779296875,35.24540328979492,5733000
2018-08-28,42.38999938964844,42.7599983215332,42.25,42.349998474121094,35.94131088256836,10683500
2018-08-29,43.189998626708984,44.380001068115234,43.09000015258789,44.130001068115234,37.45194625854492,12278200
2018-08-30,44.349998474121094,44.4900016784668,43.40999984741211,43.459999084472656,36.88333511352539,7826200
2018-08-31,43.119998931884766,43.61000061035156,42.959999084472656,43.599998474121094,37.00215530395508,8782900
2018-09-04,43.2599983215332,44.119998931884766,43.189998626708984,44.11000061035156,37.43498611450195,8174900
2018-09-05,44.09000015258789,44.56999969482422,44.02000045776367,44.220001220703125,37.5283317565918,7262400
2018-09-06,43.939998626708984,44.06999969482422,43.58000183105469,44.04999923706055,37.384063720703125,10424900
2018-09-07,44.0,45.2400016784668,43.97999954223633,44.880001068115234,38.08846664428711,14256000
2018-09-10,45.0,45.060001373291016,44.52000045776367,44.619998931884766,37.8677978515625,6824900
2018-09-11,43.63999938964844,44.56999969482422,43.58000183105469,44.54999923706055,37.808406829833984,12509700
2018-09-12,43.91999816894531,44.29999923706055,43.81999969482422,43.939998626708984,37.290714263916016,10303700
2018-09-13,43.9900016784668,43.9900016784668,43.27000045776367,43.43000030517578,36.857872009277344,9624500
2018-09-14,44.02000045776367,44.560001373291016,43.95000076293945,44.40999984741211,37.68958282470703,5295400
2018-09-17,43.630001068115234,44.13999938964844,43.470001220703125,43.7599983215332,37.13794708251953,6210300
2018-09-18,43.5,44.09000015258789,43.349998474121094,43.560001373291016,36.968223571777344,8814200
2018-09-19,44.20000076293945,44.38999938964844,43.7400016784668,44.02000045776367,37.358604431152344,6393200
2018-09-20,44.25,44.43000030517578,43.900001525878906,44.16999816894531,37.485904693603516,4728000
2018-09-21,44.25,44.40999984741211,44.02000045776367,44.060001373291016,37.39255142211914,6668600
2018-09-24,43.84000015258789,44.939998626708984,43.790000915527344,44.88999938964844,38.09695053100586,8229100
2018-09-25,44.79999923706055,44.90999984741211,44.130001068115234,44.16999816894531,37.485904693603516,6678200
2018-09-26,44.25,44.72999954223633,44.25,44.27000045776367,37.570770263671875,4564300
2018-09-27,44.599998474121094,45.22999954223633,44.58000183105469,44.7599983215332,37.98662185668945,6711700
2018-09-28,44.5,44.619998931884766,43.970001220703125,44.15999984741211,37.4774169921875,7727700
2018-10-01,44.54999923706055,44.959999084472656,44.41999816894531,44.65999984741211,37.90174102783203,5029800
2018-10-02,43.75,43.9900016784668,43.45000076293945,43.619998931884766,37.019126892089844,5440300
2018-10-03,44.040000915527344,44.2400016784668,43.56999969482422,43.959999084472656,37.30768585205078,5631100
2018-10-04,43.06999969482422,43.08000183105469,41.970001220703125,42.43000030517578,36.00922393798828,7885000
2018-10-05,41.880001068115234,42.06999969482422,41.16999816894531,41.630001068115234,35.33027267456055,7921400
2018-10-08,40.7599983215332,41.16999816894531,40.400001525878906,40.959999084472656,34.76166915893555,7761800
2018-10-09,41.0,41.29999923706055,40.58000183105469,40.900001525878906,34.71074676513672,5678700
2018-10-10,40.349998474121094,40.439998626708984,39.349998474121094,39.349998474121094,33.39529037475586,12853500
2018-10-11,38.5,39.599998474121094,38.33000183105469,38.939998626708984,33.04733657836914,10209000
2018-10-12,40.13999938964844,40.58000183105469,39.189998626708984,39.65999984741211,33.658390045166016,7578600
2018-10-15,39.470001220703125,39.59000015258789,38.720001220703125,38.75,32.8860969543457,8209000
2018-10-16,39.84000015258789,40.060001373291016,39.400001525878906,40.0099983215332,33.955421447753906,10748100
2018-10-17,40.0,40.09000015258789,39.18000030517578,39.56999969482422,33.58200454711914,8173600
2018-10-18,39.79999923706055,39.95000076293945,38.459999084472656,38.540000915527344,32.70787811279297,9555600
2018-10-19,39.15999984741211,39.31999969482422,38.34000015258789,38.45000076293945,32.631492614746094,11266200
2018-10-22,39.189998626708984,39.22999954223633,38.540000915527344,38.720001220703125,32.86063003540039,8165700
2018-10-23,37.41999816894531,38.18000030517578,37.2599983215332,38.0,32.24958419799805,12350000
2018-10-24,37.560001373291016,37.560001373291016,36.43000030517578,36.47999954223633,30.959609985351562,13312400
2018-10-25,36.779998779296875,37.54999923706055,36.4900016784668,37.38999938964844,31.731901168823242,9927300
2018-10-26,36.54999923706055,37.290000915527344,36.13999938964844,36.66999816894531,31.120845794677734,11973200
2018-10-29,37.16999816894531,37.40999984741211,35.970001220703125,36.33000183105469,30.83230972290039,8269300
2018-10-30,36.84000015258789,37.79999923706055,36.66999816894531,37.779998779296875,32.06288146972656,12106400
2018-10-31,38.689998626708984,38.9900016784668,38.029998779296875,38.099998474121094,32.33445358276367,12610900
2018-11-01,38.779998779296875,39.08000183105469,38.38999938964844,39.04999923706055,33.14068603515625,14348600
2018-11-02,39.18000030517578,39.4900016784668,38.43000030517578,38.779998779296875,32.91154861450195,9736200
2018-11-05,38.720001220703125,38.81999969482422,38.310001373291016,38.47999954223633,32.656951904296875,8591900
2018-11-06,38.5,38.849998474121094,38.41999816894531,38.72999954223633,32.86912536621094,8578100
2018-11-07,39.290000915527344,39.29999923706055,38.720001220703125,39.18000030517578,33.25101852416992,6568700
2018-11-08,38.790000915527344,39.060001373291016,38.689998626708984,38.70000076293945,32.84365463256836,7953700
2018-11-09,38.09000015258789,38.38999938964844,37.810001373291016,38.06999969482422,32.308990478515625,5975400
2018-11-12,37.86000061035156,37.91999816894531,37.0099983215332,37.060001373291016,31.45183753967285,11666700
2018-11-13,37.38999938964844,38.119998931884766,37.2400016784668,37.400001525878906,31.740388870239258,15057100
2018-11-14,38.20000076293945,38.34000015258789,37.369998931884766,37.84000015258789,32.113800048828125,10404900
2018-11-15,38.06999969482422,38.56999969482422,37.88999938964844,38.52000045776367,32.69089126586914,10840400
2018-11-16,37.06999969482422,37.20000076293945,36.65999984741211,36.869998931884766,31.290586471557617,16382400
2018-11-19,36.63999938964844,36.68000030517578,35.959999084472656,36.04999923706055,30.594667434692383,15191700
2018-11-20,35.400001525878906,35.9900016784668,35.220001220703125,35.63999938964844,30.2467098236084,11673500
2018-11-21,36.41999816894531,36.720001220703125,36.13999938964844,36.16999816894531,30.696514129638672,7013100
2018-11-23,35.83000183105469,36.20000076293945,35.75,35.959999084472656,30.518293380737305,2320500
2018-11-26,36.709999084472656,36.88999938964844,36.470001220703125,36.84000015258789,31.265127182006836,7077300
2018-11-27,36.38999938964844,36.81999969482422,36.38999938964844,36.79999923706055,31.23118019104004,6870200
2018-11-28,37.27000045776367,38.02000045776367,37.06999969482422,38.0099983215332,32.25807189941406,8380200
2018-11-29,37.95000076293945,38.369998931884766,37.869998931884766,37.93000030517578,32.190181732177734,7056600
2018-11-30,37.2400016784668,37.599998474121094,37.08000183105469,37.59000015258789,31.901634216308594,8734400
2018-12-03,38.81999969482422,39.0,38.380001068115234,38.72999954223633,32.86912536621094,7457600
2018-12-04,38.529998779296875,38.779998779296875,37.43000030517578,37.439998626708984,31.77432632446289,13321200
2018-12-06,35.70000076293945,36.86000061035156,35.61000061035156,36.86000061035156,31.2820987701416,12075700
2018-12-07,36.650001525878906,36.939998626708984,36.13999938964844,36.52000045776367,30.993549346923828,10802700
2018-12-10,36.310001373291016,36.83000183105469,36.08000183105469,36.43000030517578,30.917171478271484,12439100
2018-12-11,37.2400016784668,37.349998474121094,36.29999923706055,36.70000076293945,31.146312713623047,8635800
2018-12-12,37.61000061035156,37.70000076293945,37.27000045776367,37.380001068115234,31.723413467407227,8405400
2018-12-13,37.4900016784668,37.65999984741211,37.189998626708984,37.33000183105469,31.68097686767578,5825900
2018-12-14,36.79999923706055,37.11000061035156,36.529998779296875,36.529998779296875,31.002042770385742,5969600
2018-12-17,36.630001068115234,36.939998626708984,36.119998931884766,36.220001220703125,30.738943099975586,10733100
2018-12-18,36.61000061035156,37.0,36.61000061035156,36.7599983215332,31.19723129272461,7100400
2018-12-19,36.619998931884766,37.279998779296875,36.099998474121094,36.22999954223633,30.747440338134766,11786400
2018-12-20,36.40999984741211,36.75,35.540000915527344,35.880001068115234,30.45040512084961,12540400
2018-12-21,36.63999938964844,36.93000030517578,35.650001525878906,35.709999084472656,30.30612564086914,16981000
2018-12-24,35.560001373291016,35.88999938964844,35.27000045776367,35.290000915527344,29.94968032836914,6288500
2018-12-26,35.33000183105469,36.77000045776367,35.33000183105469,36.7599983215332,31.19723129272461,10063400
2018-12-27,36.20000076293945,36.79999923706055,35.959999084472656,36.779998779296875,31.214210510253906,8688600
2018-12-28,37.130001068115234,37.68000030517578,37.02000045776367,37.13999938964844,31.519731521606445,7369000
2018-12-31,37.43000030517578,37.59000015258789,36.77000045776367,36.90999984741211,31.324541091918945,4600600
2019-01-02,36.20000076293945,36.75,36.0,36.52000045776367,30.993549346923828,5273100
2019-01-03,35.34000015258789,35.52000045776367,34.27000045776367,34.36000061035156,29.160419464111328,15998000
2019-01-04,34.459999084472656,35.029998779296875,34.209999084472656,34.970001220703125,29.6781063079834,14178200
2019-01-07,35.0099983215332,35.470001220703125,34.970001220703125,35.22999954223633,29.898767471313477,6850800
2019-01-08,35.11000061035156,35.18000030517578,34.63999938964844,34.939998626708984,29.65264320373535,11462600
2019-01-09,35.33000183105469,35.959999084472656,35.33000183105469,35.61000061035156,30.22126579284668,11770300
2019-01-10,35.459999084472656,36.47999954223633,35.400001525878906,36.41999816894531,30.9086856842041,7894600
2019-01-11,36.45000076293945,36.77000045776367,36.2400016784668,36.61000061035156,31.069931030273438,7232700
2019-01-14,36.130001068115234,36.189998626708984,35.720001220703125,35.7599983215332,30.34855842590332,6146200
2019-01-15,36.040000915527344,36.22999954223633,35.79999923706055,36.040000915527344,30.586183547973633,10165800
2019-01-16,35.900001525878906,36.029998779296875,35.63999938964844,35.63999938964844,30.2467098236084,8727400
2019-01-17,34.91999816894531,36.54999923706055,34.83000183105469,36.290000915527344,30.798355102539062,21916900
2019-01-18,36.2400016784668,37.0099983215332,36.15999984741211,36.84000015258789,31.265127182006836,12905900
2019-01-22,36.5,36.7599983215332,36.099998474121094,36.369998931884766,30.866254806518555,13381700
2019-01-23,36.529998779296875,36.7400016784668,36.2400016784668,36.4900016784668,30.96809959411621,13918600
2019-01-24,36.880001068115234,37.63999938964844,36.779998779296875,37.63999938964844,31.94407081604004,14094100
2019-01-25,38.0,38.2599983215332,37.880001068115234,38.13999938964844,32.36840057373047,16763700
2019-01-28,36.91999816894531,37.65999984741211,36.900001525878906,37.439998626708984,31.77432632446289,14086500
2019-01-29,37.290000915527344,37.290000915527344,36.29999923706055,36.33000183105469,30.83230972290039,10100800
2019-01-30,36.810001373291016,37.45000076293945,36.290000915527344,37.380001068115234,31.723413467407227,9281600
2019-01-31,37.310001373291016,38.099998474121094,37.310001373291016,37.619998931884766,31.927093505859375,7633400
2019-02-01,37.75,37.869998931884766,37.439998626708984,37.56999969482422,31.8846492767334,6438300
2019-02-04,37.5,38.0099983215332,37.380001068115234,37.939998626708984,32.19866943359375,7283800
2019-02-05,37.91999816894531,38.27000045776367,37.880001068115234,38.25,32.46175765991211,7314000
2019-02-06,38.41999816894531,38.81999969482422,38.310001373291016,38.7400016784668,32.87760543823242,8795200
2019-02-07,38.369998931884766,38.459999084472656,37.83000183105469,38.119998931884766,32.351417541503906,7916200
2019-02-08,37.709999084472656,37.91999816894531,37.5,37.790000915527344,32.07136154174805,7147200
2019-02-11,37.91999816894531,38.290000915527344,37.83000183105469,38.290000915527344,32.49570846557617,8860700
2019-02-12,38.63999938964844,38.77000045776367,38.439998626708984,38.63999938964844,32.79274368286133,8831200
2019-02-13,38.369998931884766,38.47999954223633,38.04999923706055,38.130001068115234,32.35991668701172,7155600
2019-02-14,37.91999816894531,38.209999084472656,37.7599983215332,38.060001373291016,32.30051040649414,7782800
2019-02-15,37.90999984741211,38.279998779296875,37.869998931884766,38.09000015258789,32.32597732543945,6257600
2019-02-19,38.220001220703125,38.65999984741211,38.099998474121094,38.459999084472656,32.63998031616211,8105700
2019-02-20,38.93000030517578,39.5099983215332,38.88999938964844,39.0,33.09825897216797,7178600
2019-02-21,39.06999969482422,39.18000030517578,38.79999923706055,38.97999954223633,33.0812873840332,4607300
2019-02-22,39.119998931884766,39.40999984741211,39.08000183105469,39.38999938964844,33.42924880981445,5117800
2019-02-25,39.869998931884766,39.91999816894531,39.47999954223633,39.58000183105469,33.590492248535156,5101500
2019-02-26,39.40999984741211,39.66999816894531,39.380001068115234,39.599998474121094,33.60746383666992,5587300
2019-02-27,39.5099983215332,39.59000015258789,39.060001373291016,39.45000076293945,33.480159759521484,8194900
2019-02-28,39.119998931884766,39.290000915527344,39.0,39.04999923706055,33.14068603515625,5705100
2019-03-01,39.36000061035156,39.52000045776367,39.20000076293945,39.38999938964844,33.42924880981445,5299200
2019-03-04,39.33000183105469,39.33000183105469,38.709999084472656,39.150001525878906,33.225563049316406,7081100
2019-03-05,38.95000076293945,39.22999954223633,38.65999984741211,39.02000045776367,33.1152229309082,7192400
2019-03-06,39.060001373291016,39.220001220703125,38.779998779296875,38.790000915527344,32.9200325012207,4433400
2019-03-07,38.77000045776367,38.880001068115234,38.369998931884766,38.630001068115234,32.78425979614258,4231300
2019-03-08,37.95000076293945,38.380001068115234,37.939998626708984,38.20000076293945,32.41931915283203,5066200
2019-03-11,38.22999954223633,38.689998626708984,38.20000076293945,38.63999938964844,32.79274368286133,6005400
2019-03-12,39.04999923706055,39.16999816894531,38.86000061035156,38.900001525878906,33.01339340209961,5580200
2019-03-13,39.220001220703125,39.439998626708984,39.02000045776367,39.209999084472656,33.276485443115234,6086400
2019-03-14,39.0,39.04999923706055,38.7400016784668,38.81999969482422,32.94550323486328,4935000
2019-03-15,39.40999984741211,40.06999969482422,39.40999984741211,39.650001525878906,33.64988708496094,8871300
2019-03-18,39.86000061035156,39.97999954223633,39.63999938964844,39.849998474121094,33.81963348388672,6290900
2019-03-19,39.97999954223633,40.08000183105469,39.599998474121094,39.7599983215332,33.743247985839844,8033600
2019-03-20,39.77000045776367,40.150001525878906,39.63999938964844,39.849998474121094,33.81963348388672,5394000
2019-03-21,40.25,41.2400016784668,40.220001220703125,41.040000915527344,34.829559326171875,6509600
2019-03-22,40.84000015258789,41.02000045776367,40.34000015258789,40.43000030517578,34.311866760253906,6759100
2019-03-25,40.0,40.459999084472656,39.77000045776367,39.91999816894531,33.87904357910156,4901800
2019-03-26,40.11000061035156,40.630001068115234,40.06999969482422,40.400001525878906,34.28639602661133,5573500
2019-03-27,40.189998626708984,40.2599983215332,39.79999923706055,40.20000076293945,34.11667251586914,7660300
2019-03-28,40.2400016784668,40.540000915527344,40.20000076293945,40.34000015258789,34.23548126220703,6632700
2019-03-29,40.81999969482422,41.04999923706055,40.599998474121094,40.959999084472656,34.76166915893555,6116300
2019-04-01,41.08000183105469,41.369998931884766,40.7400016784668,41.369998931884766,35.10961151123047,6834200
2019-04-02,41.18000030517578,41.36000061035156,41.0,41.27000045776367,35.024742126464844,5580200
2019-04-03,41.599998474121094,41.959999084472656,41.5099983215332,41.790000915527344,35.4660530090332,6821100
2019-04-04,41.72999954223633,42.18000030517578,41.650001525878906,42.040000915527344,35.67823028564453,7610300
2019-04-05,42.34000015258789,42.34000015258789,42.060001373291016,42.22999954223633,35.839473724365234,4430600
2019-04-08,42.2400016784668,42.4900016784668,42.08000183105469,42.38999938964844,35.97526931762695,6830300
2019-04-09,42.2400016784668,42.29999923706055,42.029998779296875,42.209999084472656,35.822505950927734,5049900
2019-04-10,42.2599983215332,42.5,42.18000030517578,42.369998931884766,35.95828628540039,4040200
2019-04-11,42.09000015258789,42.20000076293945,41.95000076293945,42.099998474121094,35.72914505004883,5172200
2019-04-12,42.470001220703125,42.650001525878906,42.279998779296875,42.58000183105469,36.13650894165039,6555700
2019-04-15,42.58000183105469,42.77000045776367,42.459999084472656,42.61000061035156,36.16197204589844,5274400
2019-04-16,42.83000183105469,43.08000183105469,42.75,43.0099983215332,36.501434326171875,6639100
2019-04-17,43.900001525878906,44.459999084472656,43.86000061035156,44.38999938964844,37.67261505126953,15795700
2019-04-18,44.060001373291016,45.63999938964844,44.0,45.400001525878906,38.529762268066406,16569800
2019-04-22,44.790000915527344,45.15999984741211,44.59000015258789,45.150001525878906,38.317596435546875,10872000
2019-04-23,45.150001525878906,45.41999816894531,45.060001373291016,45.41999816894531,38.54673767089844,11437500
2019-04-24,45.08000183105469,45.59000015258789,44.939998626708984,45.40999984741211,38.53825378417969,10776800
2019-04-25,44.93000030517578,45.040000915527344,44.43000030517578,44.47999954223633,37.74897766113281,10149800
2019-04-26,43.650001525878906,44.0,43.31999969482422,43.939998626708984,37.290714263916016,12745000
2019-04-29,43.849998474121094,43.91999816894531,43.58000183105469,43.83000183105469,37.197357177734375,9272100
2019-04-30,43.400001525878906,43.939998626708984,43.2599983215332,43.81999969482422,37.188865661621094,11863900
2019-05-01,44.290000915527344,44.560001373291016,43.81999969482422,43.81999969482422,37.188865661621094,7319000
2019-05-02,43.86000061035156,44.470001220703125,43.75,44.400001525878906,37.681095123291016,10717200
2019-05-03,44.93000030517578,45.13999938964844,44.560001373291016,44.709999084472656,37.94419479370117,5479900
2019-05-06,43.31999969482422,43.81999969482422,43.209999084472656,43.7599983215332,37.13794708251953,10756400
2019-05-07,43.83000183105469,44.04999923706055,43.290000915527344,43.7599983215332,37.13794708251953,10225200
2019-05-08,43.52000045776367,44.0,43.459999084472656,43.70000076293945,37.087032318115234,8112600
2019-05-09,42.91999816894531,43.29999923706055,42.279998779296875,43.25,36.70513153076172,11229400
2019-05-10,42.86000061035156,43.09000015258789,42.189998626708984,42.83000183105469,36.34867858886719,8313900
2019-05-13,41.369998931884766,41.5099983215332,40.7400016784668,40.9900016784668,34.7871208190918,11046000
2019-05-14,41.59000015258789,42.08000183105469,41.400001525878906,41.970001220703125,35.61881637573242,7107800
2019-05-15,41.54999923706055,42.33000183105469,41.459999084472656,41.970001220703125,35.61881637573242,5347700
2019-05-16,41.630001068115234,41.63999938964844,41.220001220703125,41.529998779296875,35.24540328979492,9214700
2019-05-17,40.38999938964844,40.95000076293945,40.09000015258789,40.25,34.159095764160156,11271000
2019-05-20,39.25,39.29999923706055,38.52000045776367,38.65999984741211,32.80970764160156,13979700
2019-05-21,39.150001525878906,39.34000015258789,38.65999984741211,39.29999923706055,33.35286331176758,11806400
2019-05-22,39.20000076293945,39.38999938964844,38.88999938964844,38.900001525878906,33.01339340209961,12217600
2019-05-23,37.97999954223633,38.18000030517578,37.40999984741211,38.06999969482422,32.308990478515625,14708800
2019-05-24,38.41999816894531,38.7400016784668,38.20000076293945,38.20000076293945,32.41931915283203,10540700
2019-05-28,38.130001068115234,38.20000076293945,37.650001525878906,37.650001525878906,31.952545166015625,12484600
2019-05-29,37.459999084472656,37.75,37.18000030517578,37.689998626708984,31.986494064331055,13043000
2019-05-30,37.95000076293945,38.369998931884766,37.84000015258789,38.040000915527344,32.28354263305664,7351600
2019-05-31,38.27000045776367,38.970001220703125,38.25,38.349998474121094,32.54661560058594,9302700
2019-06-03,38.959999084472656,39.09000015258789,38.65999984741211,38.81999969482422,32.94550323486328,9618300
2019-06-04,38.63999938964844,39.099998474121094,38.41999816894531,39.060001373291016,33.14917755126953,6985600
2019-06-05,39.2400016784668,39.2599983215332,38.099998474121094,38.22999954223633,32.44478225708008,8219800
2019-06-06,38.18000030517578,38.59000015258789,37.91999816894531,38.439998626708984,32.62300109863281,6234000
2019-06-07,38.7400016784668,39.0,38.560001373291016,38.81999969482422,32.94550323486328,4456900
2019-06-10,39.4900016784668,40.130001068115234,39.45000076293945,39.619998931884766,33.62444305419922,8351800
2019-06-11,40.470001220703125,40.599998474121094,39.939998626708984,39.959999084472656,33.91299057006836,6100600
2019-06-12,40.0,40.189998626708984,39.45000076293945,39.459999084472656,33.4886474609375,6163200
2019-06-13,39.619998931884766,39.619998931884766,39.029998779296875,39.45000076293945,33.480159759521484,6646800
2019-06-14,38.630001068115234,38.70000076293945,37.83000183105469,37.84000015258789,32.113800048828125,11281500
2019-06-17,37.91999816894531,38.04999923706055,37.65999984741211,37.65999984741211,31.961048126220703,6500700
2019-06-18,38.27000045776367,39.41999816894531,38.220001220703125,39.209999084472656,33.276485443115234,12303200
2019-06-19,39.939998626708984,39.959999084472656,39.29999923706055,39.400001525878906,33.437721252441406,10217600
2019-06-20,40.45000076293945,40.720001220703125,40.13999938964844,40.5099983215332,34.37975311279297,10400000
2019-06-21,40.52000045776367,40.70000076293945,40.41999816894531,40.52000045776367,34.38825225830078,12766200
2019-06-24,39.560001373291016,40.06999969482422,39.439998626708984,39.97999954223633,35.03317642211914,6571000
2019-06-25,39.52000045776367,39.52000045776367,38.90999984741211,38.91999816894531,34.10432815551758,6790500
2019-06-26,39.380001068115234,39.380001068115234,38.97999954223633,39.08000183105469,34.24452590942383,9133300
2019-06-27,39.58000183105469,39.7599983215332,39.290000915527344,39.59000015258789,34.691444396972656,11375200
2019-06-28,39.72999954223633,39.72999954223633,39.119998931884766,39.16999816894531,34.32339859008789,7040000
2019-07-01,41.540000915527344,41.900001525878906,41.150001525878906,41.380001068115234,36.259944915771484,11046800
2019-07-02,41.189998626708984,41.310001373291016,40.7400016784668,40.79999923706055,35.751708984375,4445600
2019-07-03,40.349998474121094,40.369998931884766,40.0099983215332,40.33000183105469,35.33987045288086,3125000
2019-07-05,39.869998931884766,40.099998474121094,39.63999938964844,39.93000030517578,34.98936080932617,3149300
2019-07-08,39.56999969482422,39.689998626708984,39.2400016784668,39.31999969482422,34.4548454284668,6772300
2019-07-09,39.650001525878906,40.0099983215332,39.41999816894531,39.66999816894531,34.76153564453125,6577000
2019-07-10,40.83000183105469,41.13999938964844,40.54999923706055,40.709999084472656,35.6728401184082,7945000
2019-07-11,41.13999938964844,41.189998626708984,40.83000183105469,40.900001525878906,35.83933639526367,6126600
2019-07-12,41.11000061035156,41.27000045776367,40.81999969482422,41.22999954223633,36.128501892089844,4695800
2019-07-15,41.75,41.93000030517578,41.65999984741211,41.81999969482422,36.645511627197266,5784300
2019-07-16,41.79999923706055,41.95000076293945,41.56999969482422,41.77000045776367,36.60169982910156,6529500
2019-07-17,41.68000030517578,41.90999984741211,41.52000045776367,41.630001068115234,36.479007720947266,5514600
2019-07-18,42.52000045776367,43.22999954223633,42.310001373291016,43.189998626708984,37.84599685668945,11257600
2019-07-19,43.08000183105469,44.02000045776367,43.06999969482422,43.83000183105469,38.40681076049805,11438800
2019-07-22,44.20000076293945,44.880001068115234,44.130001068115234,44.599998474121094,39.08153533935547,10035800
2019-07-23,44.540000915527344,44.58000183105469,44.2400016784668,44.41999816894531,38.923805236816406,6565800
2019-07-24,44.5,44.630001068115234,44.2400016784668,44.540000915527344,39.02894592285156,7130400
2019-07-25,44.209999084472656,44.2400016784668,43.619998931884766,43.619998931884766,38.22279357910156,6593900
2019-07-26,43.72999954223633,43.88999938964844,43.380001068115234,43.459999084472656,38.08258056640625,4399000
2019-07-29,43.52000045776367,43.95000076293945,43.400001525878906,43.939998626708984,38.50320816040039,4138600
2019-07-30,43.400001525878906,43.400001525878906,42.77000045776367,43.11000061035156,37.77589797973633,4938500
2019-07-31,43.029998779296875,43.16999816894531,42.04999923706055,42.630001068115234,37.35529708862305,7592300
2019-08-01,42.75,43.38999938964844,41.599998474121094,41.869998931884766,36.68931579589844,9662800
2019-08-02,41.150001525878906,41.779998779296875,41.0099983215332,41.650001525878906,36.496559143066406,9317000
2019-08-05,40.40999984741211,40.52000045776367,39.779998779296875,39.869998931884766,34.93678665161133,6668400
2019-08-06,41.18000030517578,41.5099983215332,40.88999938964844,41.2599983215332,36.15480041503906,8667700
2019-08-07,41.04999923706055,41.45000076293945,40.79999923706055,41.2599983215332,36.15480041503906,5484700
2019-08-08,41.849998474121094,42.18000030517578,41.75,41.900001525878906,36.71561050415039,7795900
2019-08-09,41.59000015258789,41.709999084472656,41.0,41.40999984741211,36.2862434387207,3480500
2019-08-12,41.04999923706055,41.27000045776367,40.849998474121094,40.959999084472656,35.891929626464844,3463500
2019-08-13,40.630001068115234,41.9900016784668,40.54999923706055,41.84000015258789,36.66303253173828,7697800
2019-08-14,40.849998474121094,41.09000015258789,40.25,40.43000030517578,35.427486419677734,9621800
2019-08-15,40.380001068115234,40.9900016784668,40.34000015258789,40.86000061035156,35.80428695678711,7690100
2019-08-16,41.18000030517578,41.72999954223633,41.150001525878906,41.540000915527344,36.40016174316406,4845700
2019-08-19,42.15999984741211,42.209999084472656,41.650001525878906,41.779998779296875,36.6104621887207,3797600
2019-08-20,42.0,42.220001220703125,41.720001220703125,41.939998626708984,36.75065612792969,7540300
2019-08-21,42.40999984741211,42.63999938964844,42.290000915527344,42.58000183105469,37.311458587646484,3914600
2019-08-22,42.38999938964844,42.4900016784668,41.72999954223633,42.130001068115234,36.917152404785156,3145600
2019-08-23,41.939998626708984,42.150001525878906,40.86000061035156,40.95000076293945,35.88315963745117,7526900
2019-08-26,41.369998931884766,41.54999923706055,41.130001068115234,41.34000015258789,36.22489547729492,5519000
2019-08-27,41.54999923706055,41.68000030517578,41.27000045776367,41.349998474121094,36.23365783691406,4192800
2019-08-28,41.31999969482422,41.77000045776367,41.04999923706055,41.650001525878906,36.496559143066406,3586000
2019-08-29,42.34000015258789,42.56999969482422,42.22999954223633,42.279998779296875,37.04859161376953,5171600
2019-08-30,42.709999084472656,42.88999938964844,42.36000061035156,42.630001068115234,37.35529708862305,5382200
2019-09-03,42.150001525878906,42.15999984741211,41.58000183105469,41.720001220703125,36.55787658691406,4748000
2019-09-04,42.61000061035156,43.150001525878906,42.38999938964844,43.150001525878906,37.81094741821289,4460900
2019-09-05,43.7599983215332,44.5099983215332,43.7599983215332,44.2400016784668,38.76607131958008,7698300
2019-09-06,44.0,44.040000915527344,43.689998626708984,43.709999084472656,38.301658630371094,4325300
2019-09-09,43.90999984741211,44.08000183105469,43.540000915527344,43.849998474121094,38.4243278503418,4677000
2019-09-10,43.599998474121094,44.099998474121094,43.36000061035156,44.099998474121094,38.64339828491211,5001600
2019-09-11,43.90999984741211,44.27000045776367,43.84000015258789,44.220001220703125,38.7485466003418,4016800
2019-09-12,44.290000915527344,44.459999084472656,43.93000030517578,44.06999969482422,38.617122650146484,6577900
2019-09-13,44.43000030517578,44.83000183105469,44.189998626708984,44.7400016784668,39.2042121887207,6231100
2019-09-16,44.529998779296875,44.7400016784668,44.4900016784668,44.599998474121094,39.08153533935547,3716300
2019-09-17,44.279998779296875,45.150001525878906,44.209999084472656,45.130001068115234,39.54595947265625,6110900
2019-09-18,45.16999816894531,45.20000076293945,44.61000061035156,45.040000915527344,39.467105865478516,4044800
2019-09-19,44.79999923706055,45.220001220703125,44.7599983215332,44.900001525878906,39.62771987915039,6422700
2019-09-20,44.77000045776367,44.900001525878906,43.869998931884766,43.869998931884766,38.71866989135742,7249200
2019-09-23,44.18000030517578,44.290000915527344,43.849998474121094,44.06999969482422,38.89518737792969,4347000
2019-09-24,44.400001525878906,44.54999923706055,44.060001373291016,44.119998931884766,38.93931198120117,7592200
2019-09-25,44.20000076293945,45.099998474121094,44.0,45.0099983215332,39.724796295166016,6719500
2019-09-26,45.099998474121094,46.5099983215332,45.099998474121094,46.459999084472656,41.00453186035156,15832500
2019-09-27,46.0,46.47999954223633,45.189998626708984,45.5099983215332,40.16608810424805,9610400
2019-09-30,46.56999969482422,46.7400016784668,46.119998931884766,46.47999954223633,41.02219009399414,8396900
2019-10-01,46.959999084472656,47.849998474121094,46.959999084472656,47.189998626708984,41.648826599121094,11575200
2019-10-02,46.709999084472656,46.939998626708984,46.33000183105469,46.43000030517578,40.978065490722656,5785200
2019-10-03,46.45000076293945,47.13999938964844,46.2400016784668,47.130001068115234,41.59586715698242,6091600
2019-10-04,47.029998779296875,47.45000076293945,46.779998779296875,47.41999816894531,41.8518180847168,5704200
2019-10-07,47.72999954223633,48.150001525878906,47.43000030517578,47.95000076293945,42.319583892822266,11059000
2019-10-08,48.2599983215332,48.400001525878906,47.599998474121094,47.86000061035156,42.24015426635742,13089700
2019-10-09,48.20000076293945,49.060001373291016,48.16999816894531,48.68000030517578,42.9638671875,11033100
2019-10-10,48.90999984741211,49.38999938964844,48.4900016784668,48.93000030517578,43.184513092041016,9566500
2019-10-11,49.45000076293945,49.790000915527344,49.33000183105469,49.41999816894531,43.616973876953125,7499100
2019-10-14,49.41999816894531,50.130001068115234,49.29999923706055,49.90999984741211,44.049434661865234,7974000
2019-10-15,50.20000076293945,50.63999938964844,50.11000061035156,50.38999938964844,44.473079681396484,9323200
2019-10-16,50.34000015258789,51.130001068115234,50.06999969482422,50.130001068115234,44.243614196777344,13615700
2019-10-17,51.13999938964844,51.209999084472656,49.2599983215332,49.75,43.90821838378906,12410200
2019-10-18,49.650001525878906,50.09000015258789,49.130001068115234,49.279998779296875,43.49341583251953,9169200
2019-10-21,49.529998779296875,50.11000061035156,49.33000183105469,50.0,44.12886047363281,6538900
2019-10-22,50.29999923706055,50.83000183105469,50.18000030517578,50.63999938964844,44.69371032714844,10697300
2019-10-23,50.099998474121094,50.400001525878906,49.91999816894531,50.16999816894531,44.278907775878906,7118800
2019-10-24,50.4900016784668,51.04999923706055,50.22999954223633,50.95000076293945,44.96731185913086,7006600
2019-10-25,50.79999923706055,51.22999954223633,50.689998626708984,51.130001068115234,45.126182556152344,6303500
2019-10-28,51.400001525878906,51.47999954223633,51.04999923706055,51.310001373291016,45.2850456237793,7725500
2019-10-29,51.5,51.84000015258789,51.439998626708984,51.470001220703125,45.42625045776367,5303900
2019-10-30,51.790000915527344,52.060001373291016,51.56999969482422,51.90999984741211,45.81459045410156,5198100
2019-10-31,51.88999938964844,51.93000030517578,51.349998474121094,51.630001068115234,45.56747817993164,5140800
2019-11-01,51.88999938964844,52.099998474121094,51.70000076293945,52.099998474121094,45.98228073120117,5226600
2019-11-04,53.54999923706055,53.790000915527344,53.119998931884766,53.4900016784668,47.20906066894531,7233400
2019-11-05,53.630001068115234,53.970001220703125,53.4900016784668,53.54999923706055,47.26201248168945,5287100
2019-11-06,53.70000076293945,53.75,53.099998474121094,53.63999938964844,47.34144973754883,4545100
2019-11-07,53.900001525878906,54.369998931884766,53.52000045776367,53.66999816894531,47.367919921875,7890900
2019-11-08,53.529998779296875,53.529998779296875,52.529998779296875,52.83000183105469,46.62656021118164,6558400
2019-11-11,52.38999938964844,52.75,52.15999984741211,52.599998474121094,46.42356491088867,4046500
2019-11-12,52.689998626708984,52.689998626708984,52.029998779296875,52.150001525878906,46.02640151977539,8625100
2019-11-13,52.58000183105469,52.939998626708984,52.150001525878906,52.880001068115234,46.670684814453125,5336200
2019-11-14,52.5,52.72999954223633,52.130001068115234,52.47999954223633,46.317657470703125,5308600
2019-11-15,53.0099983215332,53.38999938964844,52.880001068115234,53.290000915527344,47.03254318237305,5986400
2019-11-18,53.38999938964844,53.959999084472656,53.38999938964844,53.41999816894531,47.147274017333984,4774400
2019-11-19,54.04999923706055,54.13999938964844,53.68000030517578,53.7599983215332,47.447357177734375,4731100
2019-11-20,53.54999923706055,53.779998779296875,53.209999084472656,53.5,47.21788787841797,5264800
2019-11-21,53.5,53.5099983215332,52.939998626708984,52.97999954223633,46.758934020996094,6037000
2019-11-22,52.91999816894531,53.15999984741211,52.7400016784668,52.790000915527344,46.59124755859375,4172300
2019-11-25,53.09000015258789,53.939998626708984,52.79999923706055,53.7599983215332,47.447357177734375,5021500
2019-11-26,53.5,53.790000915527344,53.380001068115234,53.630001068115234,47.332618713378906,5672800
2019-11-27,54.029998779296875,54.060001373291016,53.540000915527344,53.88999938964844,47.56208419799805,2786100
2019-11-29,53.060001373291016,53.15999984741211,52.79999923706055,53.09000015258789,46.85602951049805,3391700
2019-12-02,53.54999923706055,53.59000015258789,52.779998779296875,52.97999954223633,46.758934020996094,4475800
2019-12-03,52.41999816894531,52.93000030517578,52.18000030517578,52.779998779296875,46.58243179321289,5468100
2019-12-04,53.27000045776367,53.56999969482422,53.11000061035156,53.18000030517578,46.93545913696289,3905200
2019-12-05,53.619998931884766,54.540000915527344,53.4900016784668,54.400001525878906,48.01219940185547,7624300
2019-12-06,54.5,55.029998779296875,54.5,54.939998626708984,48.488792419433594,5429100
2019-12-09,55.04999923706055,55.189998626708984,54.31999969482422,54.459999084472656,48.065155029296875,6541900
2019-12-10,54.68000030517578,55.060001373291016,54.33000183105469,54.52000045776367,48.11811065673828,4364800
2019-12-11,55.040000915527344,56.20000076293945,55.029998779296875,55.900001525878906,49.3360710144043,11028000
2019-12-12,57.25,58.619998931884766,57.02000045776367,58.61000061035156,51.72785568237305,15788700
2019-12-13,59.04999923706055,59.52000045776367,58.25,58.25,51.41012954711914,9886900
2019-12-16,58.290000915527344,58.70000076293945,58.290000915527344,58.540000915527344,51.666080474853516,5779400
2019-12-17,59.709999084472656,59.709999084472656,58.779998779296875,59.22999954223633,52.27505874633789,8407500
2019-12-18,59.599998474121094,59.63999938964844,58.720001220703125,59.099998474121094,52.16031265258789,10021200
2019-12-19,58.5,58.5,57.880001068115234,57.959999084472656,51.51153564453125,7228700
2019-12-20,57.779998779296875,58.29999923706055,57.31999969482422,57.93000030517578,51.48487091064453,8043800
2019-12-23,58.029998779296875,58.34000015258789,57.95000076293945,58.220001220703125,51.74261474609375,4022000
2019-12-24,57.9900016784668,58.09000015258789,57.54999923706055,57.7599983215332,51.33378982543945,2692200
2019-12-26,57.79999923706055,58.349998474121094,57.7599983215332,58.25,51.7692756652832,2490400
2019-12-27,58.529998779296875,58.709999084472656,58.33000183105469,58.459999084472656,51.955902099609375,2847800
2019-12-30,58.65999984741211,58.689998626708984,57.619998931884766,57.849998474121094,51.41377639770508,3519900
2019-12-31,57.68000030517578,58.130001068115234,57.459999084472656,58.099998474121094,51.635955810546875,2950200
2020-01-02,59.599998474121094,60.119998931884766,59.599998474121094,60.040000915527344,53.360130310058594,8432600
2020-01-03,58.970001220703125,58.97999954223633,58.040000915527344,58.060001373291016,51.60041046142578,10546400
2020-01-06,57.599998474121094,57.689998626708984,57.130001068115234,57.38999938964844,51.00495147705078,8897200
2020-01-07,57.45000076293945,58.599998474121094,56.7400016784668,58.31999969482422,51.831485748291016,7444300
2020-01-08,58.189998626708984,58.97999954223633,58.11000061035156,58.75,52.213653564453125,5381500
2020-01-09,59.689998626708984,59.709999084472656,58.70000076293945,59.22999954223633,52.64023208618164,5112700
2020-01-10,59.70000076293945,59.70000076293945,58.77000045776367,58.86000061035156,52.311397552490234,4807700
2020-01-13,60.150001525878906,60.15999984741211,59.45000076293945,60.060001373291016,53.377891540527344,6613700
2020-01-14,60.15999984741211,60.63999938964844,59.91999816894531,60.31999969482422,53.608970642089844,6715200
2020-01-15,59.66999816894531,59.70000076293945,58.2599983215332,58.38999938964844,51.8936882019043,10075100
2020-01-16,59.20000076293945,59.689998626708984,58.29999923706055,58.75,52.213653564453125,11215700
2020-01-17,58.63999938964844,58.75,58.0099983215332,58.58000183105469,52.062557220458984,8125700
2020-01-21,57.9900016784668,59.0,57.470001220703125,58.2400016784668,51.76039123535156,9873700
2020-01-22,58.900001525878906,58.939998626708984,58.31999969482422,58.349998474121094,51.85813903808594,8124500
2020-01-23,57.86000061035156,58.06999969482422,56.619998931884766,57.47999954223633,51.08494186401367,9999200
2020-01-24,58.09000015258789,58.13999938964844,57.459999084472656,57.72999954223633,51.3071174621582,10402200
2020-01-27,55.619998931884766,55.9900016784668,55.060001373291016,55.2599983215332,49.11192321777344,9675500
2020-01-28,55.72999954223633,57.119998931884766,55.47999954223633,57.09000015258789,50.73833084106445,8124400
2020-01-29,57.52000045776367,57.52000045776367,56.849998474121094,57.189998626708984,50.82719802856445,7693400
2020-01-30,55.08000183105469,56.040000915527344,55.060001373291016,55.79999923706055,49.59185028076172,10295700
2020-01-31,55.43000030517578,55.47999954223633,53.599998474121094,53.939998626708984,47.938785552978516,13467200
2020-02-03,54.349998474121094,54.939998626708984,54.13999938964844,54.77000045776367,48.67644500732422,9594300
2020-02-04,56.91999816894531,57.63999938964844,56.900001525878906,57.52000045776367,51.12049865722656,12746600
2020-02-05,58.099998474121094,58.150001525878906,57.16999816894531,57.91999816894531,51.47598648071289,6594400
2020-02-06,58.27000045776367,58.279998779296875,57.279998779296875,58.02000045776367,51.564857482910156,4236300
2020-02-07,57.13999938964844,57.13999938964844,56.060001373291016,56.20000076293945,49.94734573364258,6808400
2020-02-10,56.439998626708984,57.04999923706055,56.34000015258789,57.02000045776367,50.676116943359375,4281200
2020-02-11,57.95000076293945,58.900001525878906,57.810001373291016,58.65999984741211,52.1336555480957,6523200
2020-02-12,59.25,59.75,58.900001525878906,59.630001068115234,52.99574279785156,5962900
2020-02-13,59.130001068115234,59.70000076293945,58.7400016784668,59.33000183105469,52.72911834716797,6460100
2020-02-14,59.02000045776367,59.16999816894531,57.869998931884766,58.189998626708984,51.7159309387207,6932400
2020-02-18,56.099998474121094,56.560001373291016,55.630001068115234,56.18000030517578,49.92957305908203,10989000
2020-02-19,57.25,57.939998626708984,57.0,57.63999938964844,51.227142333984375,7866300
2020-02-20,56.939998626708984,57.040000915527344,55.810001373291016,56.47999954223633,50.19619369506836,7192900
2020-02-21,56.650001525878906,56.650001525878906,55.52000045776367,55.59000015258789,49.40521240234375,6816600
2020-02-24,53.54999923706055,54.689998626708984,53.18000030517578,54.119998931884766,48.098758697509766,9968800
2020-02-25,55.33000183105469,55.470001220703125,53.83000183105469,53.86000061035156,47.86769104003906,12670700
2020-02-26,54.4900016784668,55.40999984741211,54.380001068115234,55.029998779296875,48.90751647949219,10969300
2020-02-27,54.20000076293945,54.599998474121094,53.27000045776367,53.290000915527344,47.361106872558594,11878900
2020-02-28,51.349998474121094,54.04999923706055,51.0,53.84000015258789,47.849918365478516,13604500
2020-03-02,54.369998931884766,56.0099983215332,53.83000183105469,55.97999954223633,49.751827239990234,13797700
2020-03-03,56.29999923706055,56.369998931884766,54.040000915527344,54.880001068115234,48.77421951293945,14661800
2020-03-04,55.970001220703125,57.09000015258789,55.54999923706055,57.08000183105469,50.72945022583008,9878200
2020-03-05,56.11000061035156,56.38999938964844,55.25,55.72999954223633,49.529640197753906,10004200
2020-03-06,54.599998474121094,55.08000183105469,53.970001220703125,55.06999969482422,48.94307327270508,12971200
2020-03-09,51.54999923706055,54.13999938964844,51.060001373291016,51.83000183105469,46.063533782958984,13781100
2020-03-10,53.709999084472656,54.619998931884766,52.4900016784668,54.5099983215332,48.445377349853516,11698700
2020-03-11,53.11000061035156,53.560001373291016,52.09000015258789,52.2400016784668,46.42793655395508,14498000
2020-03-12,49.65999984741211,50.9900016784668,48.5099983215332,48.689998626708984,43.27288818359375,15942200
2020-03-13,51.900001525878906,52.459999084472656,49.290000915527344,52.22999954223633,46.419029235839844,14948700
2020-03-16,46.34000015258789,48.349998474121094,44.900001525878906,44.900001525878906,39.9045524597168,16628200
2020-03-17,45.75,48.560001373291016,45.029998779296875,48.540000915527344,43.13957595825195,13415700
2020-03-18,43.79999923706055,46.09000015258789,43.2599983215332,44.369998931884766,39.433528900146484,15018500
2020-03-19,43.7400016784668,45.18000030517578,42.70000076293945,43.88999938964844,39.37698745727539,11182600
2020-03-20,48.02000045776367,48.279998779296875,44.47999954223633,44.529998779296875,39.95119094848633,14157700
2020-03-23,45.119998931884766,45.61000061035156,43.52000045776367,45.2599983215332,40.60612487792969,10508600
2020-03-24,48.0,48.91999816894531,47.5,48.869998931884766,43.84492111206055,12216200
2020-03-25,49.29999923706055,50.04999923706055,48.04999923706055,49.0,43.96155548095703,9796600
2020-03-26,49.099998474121094,50.459999084472656,48.91999816894531,49.869998931884766,44.742095947265625,10577500
2020-03-27,47.22999954223633,48.09000015258789,46.5099983215332,46.90999984741211,42.08646011352539,12158500
2020-03-30,47.18000030517578,48.15999984741211,46.77000045776367,47.81999969482422,42.90290069580078,8428300
2020-03-31,47.79999923706055,49.029998779296875,47.65999984741211,47.790000915527344,42.8759765625,9595700
2020-04-01,46.83000183105469,47.560001373291016,46.29999923706055,46.5099983215332,41.72759246826172,8755200
2020-04-02,46.91999816894531,48.220001220703125,46.61000061035156,48.130001068115234,43.181026458740234,6174700
2020-04-03,47.790000915527344,48.150001525878906,46.779998779296875,47.060001373291016,42.221038818359375,5486200
2020-04-06,48.630001068115234,50.099998474121094,48.5099983215332,49.970001220703125,44.831825256347656,7370300
2020-04-07,51.290000915527344,51.31999969482422,49.65999984741211,49.720001220703125,44.60752487182617,6568700
2020-04-08,50.209999084472656,50.599998474121094,49.540000915527344,50.27000045776367,45.10096740722656,6325900
2020-04-09,50.279998779296875,50.65999984741211,47.720001220703125,48.33000183105469,43.36045455932617,12274000
2020-04-13,48.7400016784668,49.09000015258789,47.959999084472656,48.75,43.737266540527344,9873200
2020-04-14,50.0,51.27000045776367,49.95000076293945,50.630001068115234,45.4239616394043,11068800
2020-04-15,49.7599983215332,49.970001220703125,49.040000915527344,49.65999984741211,44.553688049316406,9398100
2020-04-16,51.810001373291016,53.13999938964844,51.68000030517578,52.400001525878906,47.0119514465332,18615900
2020-04-17,54.130001068115234,54.189998626708984,53.0,53.689998626708984,48.16931915283203,11288500
2020-04-20,53.0,53.81999969482422,52.560001373291016,52.59000015258789,47.18241882324219,9901700
2020-04-21,51.599998474121094,51.810001373291016,50.52000045776367,51.369998931884766,46.087867736816406,13102500
2020-04-22,52.47999954223633,53.11000061035156,52.40999984741211,52.95000076293945,47.50539779663086,8255500
2020-04-23,52.810001373291016,53.130001068115234,52.2599983215332,52.63999938964844,47.22727584838867,7619900
2020-04-24,52.599998474121094,52.88999938964844,52.0,52.72999954223633,47.308021545410156,5701800
2020-04-27,53.150001525878906,53.75,52.970001220703125,53.5099983215332,48.00782012939453,5812300
2020-04-28,53.5099983215332,53.72999954223633,52.68000030517578,52.7599983215332,47.334938049316406,8561100
2020-04-29,53.75,54.689998626708984,53.43000030517578,54.47999954223633,48.87807846069336,8565500
2020-04-30,54.20000076293945,54.40999984741211,52.959999084472656,53.130001068115234,47.666893005371094,6337900
2020-05-01,52.47999954223633,52.560001373291016,51.09000015258789,51.099998474121094,45.84562683105469,10238700
2020-05-04,51.790000915527344,52.18000030517578,51.279998779296875,52.150001525878906,46.78766632080078,7514000
2020-05-05,52.209999084472656,52.58000183105469,51.58000183105469,51.709999084472656,46.39289474487305,7780700
2020-05-06,52.11000061035156,52.619998931884766,52.0,52.130001068115234,46.769718170166016,8206700
2020-05-07,52.95000076293945,52.97999954223633,52.099998474121094,52.33000183105469,46.94915008544922,5493400
2020-05-08,52.619998931884766,53.34000015258789,52.470001220703125,52.90999984741211,47.469512939453125,6086000
2020-05-11,52.61000061035156,52.83000183105469,52.380001068115234,52.400001525878906,47.0119514465332,6459300
2020-05-12,52.63999938964844,52.63999938964844,51.08000183105469,51.099998474121094,45.84562683105469,8584500
2020-05-13,51.90999984741211,52.02000045776367,50.47999954223633,50.91999816894531,45.68413162231445,8611000
2020-05-14,50.43000030517578,52.150001525878906,49.790000915527344,52.099998474121094,46.7428092956543,13695600
2020-05-15,50.560001373291016,51.04999923706055,49.380001068115234,49.79999923706055,44.679298400878906,17777200
2020-05-18,50.939998626708984,52.189998626708984,50.77000045776367,51.869998931884766,46.536460876464844,12726500
2020-05-19,51.349998474121094,51.459999084472656,50.79999923706055,50.810001373291016,45.58545684814453,12940300
2020-05-20,51.58000183105469,52.09000015258789,50.5,51.84000015258789,46.50954055786133,8406200
2020-05-21,52.099998474121094,52.209999084472656,50.689998626708984,50.75,45.53160858154297,7842600
2020-05-22,50.84000015258789,50.86000061035156,49.61000061035156,49.79999923706055,44.679298400878906,12462300
2020-05-26,51.29999923706055,51.400001525878906,50.790000915527344,50.81999969482422,45.594417572021484,8872000
2020-05-27,51.029998779296875,51.7400016784668,50.75,51.7400016784668,46.41981506347656,11405700
2020-05-28,51.459999084472656,51.619998931884766,50.099998474121094,50.279998779296875,45.10995101928711,8178700
2020-05-29,50.34000015258789,50.72999954223633,49.86000061035156,50.33000183105469,45.15480422973633,10918500
2020-06-01,50.90999984741211,51.279998779296875,50.540000915527344,51.029998779296875,45.7828254699707,6187300
2020-06-02,51.45000076293945,52.040000915527344,51.290000915527344,52.0099983215332,46.66206359863281,6063600
2020-06-03,52.63999938964844,53.25,52.41999816894531,53.060001373291016,47.60409164428711,8380200
2020-06-04,53.060001373291016,54.369998931884766,53.029998779296875,54.279998779296875,48.69864273071289,13269500
2020-06-05,55.5,56.34000015258789,55.060001373291016,55.20000076293945,49.524044036865234,9776100
2020-06-08,55.7400016784668,55.779998779296875,54.709999084472656,55.56999969482422,49.855995178222656,6302100
2020-06-09,55.290000915527344,56.630001068115234,54.95000076293945,56.61000061035156,50.789058685302734,9355100
2020-06-10,56.81999969482422,58.040000915527344,56.81999969482422,57.54999923706055,51.63240051269531,9194300
2020-06-11,55.849998474121094,56.40999984741211,55.0099983215332,55.040000915527344,49.380496978759766,9877100
2020-06-12,56.5,56.869998931884766,55.349998474121094,56.0,50.24178695678711,9838800
2020-06-15,54.709999084472656,56.119998931884766,54.52000045776367,56.02000045776367,50.25971984863281,7509700
2020-06-16,56.59000015258789,57.0,55.540000915527344,55.79999923706055,50.06235122680664,8827200
2020-06-17,56.150001525878906,56.81999969482422,55.88999938964844,56.599998474121094,50.780086517333984,8248700
2020-06-18,56.040000915527344,56.540000915527344,55.790000915527344,56.150001525878906,50.75297546386719,6831500
2020-06-19,56.47999954223633,56.5,55.27000045776367,55.310001373291016,49.99371337890625,6965100
2020-06-22,55.5,56.0,55.31999969482422,56.0,50.61738586425781,4480400
2020-06-23,56.63999938964844,57.15999984741211,56.529998779296875,56.7599983215332,51.30432891845703,7836500
2020-06-24,56.709999084472656,57.060001373291016,56.15999984741211,56.58000183105469,51.14164352416992,7080200
2020-06-25,56.560001373291016,57.09000015258789,55.95000076293945,57.040000915527344,51.55742645263672,4509600
2020-06-26,57.0,57.2599983215332,56.209999084472656,56.33000183105469,50.91566848754883,6229300
2020-06-29,56.34000015258789,56.40999984741211,55.65999984741211,56.38999938964844,50.96989059448242,5016600
2020-06-30,56.25,56.9900016784668,56.189998626708984,56.77000045776367,51.31338119506836,7158700
2020-07-01,56.970001220703125,57.470001220703125,56.7599983215332,56.81999969482422,51.358577728271484,6866500
2020-07-02,57.95000076293945,59.06999969482422,57.95000076293945,58.619998931884766,52.985557556152344,10021200
2020-07-06,60.66999816894531,62.130001068115234,60.560001373291016,61.880001068115234,55.932212829589844,12725600
2020-07-07,61.2599983215332,61.5,60.68000030517578,60.709999084472656,54.874664306640625,6672300
2020-07-08,61.63999938964844,62.7400016784668,61.5,62.59000015258789,56.573974609375,8721900
2020-07-09,62.95000076293945,64.97000122070312,62.88999938964844,64.77999877929688,58.553470611572266,16903300
2020-07-10,64.47000122070312,64.55999755859375,63.189998626708984,63.849998474121094,57.712860107421875,10700000
2020-07-13,65.19999694824219,67.08000183105469,64.9800033569336,65.06999969482422,58.81559371948242,16667700
2020-07-14,66.0,67.02999877929688,65.33000183105469,66.95999908447266,60.523921966552734,10482700
2020-07-15,67.18000030517578,67.20999908447266,65.16000366210938,66.05999755859375,59.7104377746582,12432500
2020-07-16,65.37999725341797,66.62999725341797,64.31999969482422,66.58999633789062,60.18949890136719,15709400
2020-07-17,67.30999755859375,68.0,66.37000274658203,66.4000015258789,60.01776123046875,11716600
2020-07-20,66.69999694824219,66.9800033569336,65.80000305175781,66.88999938964844,60.46065902709961,6357300
2020-07-21,68.83999633789062,69.25,67.70999908447266,67.80999755859375,61.292236328125,10619700
2020-07-22,68.0999984741211,68.9000015258789,68.02999877929688,68.52999877929688,61.94304275512695,7366100
2020-07-23,68.26000213623047,68.5,66.75,67.37000274658203,60.8945198059082,8559500
2020-07-24,71.4000015258789,76.88999938964844,71.3499984741211,73.9000015258789,66.79685974121094,41226800
2020-07-27,81.36000061035156,83.4000015258789,80.43000030517578,83.25,75.24817657470703,39899200
2020-07-28,79.3499984741211,79.58000183105469,76.48999786376953,76.91999816894531,69.52662658691406,31500100
2020-07-29,77.11000061035156,83.37000274658203,77.05999755859375,82.66999816894531,74.72390747070312,28304000
2020-07-30,80.01000213623047,81.27999877929688,78.61000061035156,79.93000030517578,72.2472915649414,16820300
2020-07-31,79.62999725341797,79.7699966430664,77.51000213623047,78.88999938964844,71.3072509765625,12021200
2020-08-03,77.7699966430664,79.1500015258789,77.41000366210938,78.94999694824219,71.3614730834961,10129800
2020-08-04,79.33000183105469,80.19000244140625,78.73999786376953,80.19000244140625,72.48229217529297,12569400
2020-08-05,80.9800033569336,84.0,80.56999969482422,81.62999725341797,73.78388977050781,14436300
2020-08-06,82.04000091552734,82.0999984741211,80.22000122070312,80.5199966430664,72.78057861328125,9838700
2020-08-07,80.48999786376953,80.79000091552734,79.41000366210938,80.02999877929688,72.33768463134766,8705800
2020-08-10,80.55000305175781,80.8499984741211,79.22000122070312,79.87000274658203,72.19303894042969,7421400
2020-08-11,79.08999633789062,79.19999694824219,77.94000244140625,77.94000244140625,70.44856262207031,7056300
2020-08-12,78.16000366210938,79.55000305175781,77.7300033569336,79.38999938964844,71.75919342041016,8354400
2020-08-13,79.0,79.0999984741211,77.83000183105469,78.30000305175781,70.77396392822266,6551800
2020-08-14,78.41999816894531,79.2300033569336,78.05000305175781,78.41000366210938,70.87338256835938,5611200
2020-08-17,79.80000305175781,80.88999938964844,79.66000366210938,80.19000244140625,72.48229217529297,8663900
2020-08-18,80.22000122070312,80.81999969482422,79.25,79.41000366210938,71.7772445678711,6804800
2020-08-19,79.01000213623047,79.2300033569336,78.25,78.54000091552734,70.99089050292969,7976800
2020-08-20,76.31999969482422,77.0999984741211,75.9800033569336,76.80999755859375,69.42718505859375,11457100
2020-08-21,78.0199966430664,78.7300033569336,77.86000061035156,78.33999633789062,70.81010437011719,7942300
2020-08-24,79.7300033569336,79.91000366210938,78.48999786376953,78.9000015258789,71.31627655029297,6405600
2020-08-25,79.8499984741211,80.4800033569336,79.47000122070312,80.04000091552734,72.34671020507812,6113100
2020-08-26,81.25,82.16999816894531,81.01000213623047,81.75,73.89234161376953,7821600
2020-08-27,82.18000030517578,82.30999755859375,80.16999816894531,80.5999984741211,72.85287475585938,8018200
2020-08-28,80.05999755859375,80.87999725341797,79.91000366210938,80.44000244140625,72.70826721191406,5699500
2020-08-31,79.0,79.76000213623047,78.69000244140625,79.25,71.63262939453125,9812900
2020-09-01,80.12000274658203,81.5999984741211,79.98999786376953,81.55000305175781,73.7115707397461,10193300
2020-09-02,81.3499984741211,82.70999908447266,79.87999725341797,82.16999816894531,74.27196502685547,12567800
2020-09-03,81.12000274658203,81.80999755859375,78.37999725341797,81.18000030517578,73.37714385986328,20090100
2020-09-04,80.5,81.47000122070312,77.41000366210938,78.91000366210938,71.3253173828125,13638700
2020-09-08,78.0199966430664,79.1500015258789,77.22000122070312,77.31999969482422,69.88814544677734,11553500
2020-09-09,78.62000274658203,79.69999694824219,78.55000305175781,79.4000015258789,71.76823425292969,7867500
2020-09-10,80.73999786376953,81.2300033569336,78.76000213623047,78.9000015258789,71.31627655029297,11241800
2020-09-11,80.01000213623047,80.30000305175781,78.5999984741211,78.81999969482422,71.24397277832031,7853500
2020-09-14,80.5,81.12000274658203,79.94999694824219,80.5,72.76248168945312,7091100
2020-09-15,81.55999755859375,86.79000091552734,81.37999725341797,85.8499984741211,77.5982437133789,21048400
2020-09-16,86.48999786376953,86.48999786376953,83.04000091552734,83.12999725341797,75.13968658447266,14492600
2020-09-17,81.0,82.29000091552734,80.61000061035156,81.91000366210938,74.41923522949219,10090200
2020-09-18,82.37000274658203,82.83999633789062,80.11000061035156,80.2300033569336,72.89286804199219,10528300
2020-09-21,79.80000305175781,80.6500015258789,79.08000183105469,80.58999633789062,73.21996307373047,8417100
2020-09-22,80.83000183105469,80.88999938964844,79.4000015258789,80.4800033569336,73.1200180053711,6375200
2020-09-23,79.69999694824219,79.93000030517578,77.88999938964844,77.91999816894531,70.79412078857422,9094700
2020-09-24,76.81999969482422,79.0,76.16999816894531,78.37999725341797,71.21204376220703,9940900
2020-09-25,78.16999816894531,78.91999816894531,77.38999938964844,78.87999725341797,71.66632080078125,6057500
2020-09-28,80.30999755859375,80.37000274658203,79.47000122070312,79.7699966430664,72.47493743896484,5999300
2020-09-29,79.69999694824219,81.23999786376953,79.30999755859375,80.51000213623047,73.14726257324219,6114600
2020-09-30,80.58999633789062,81.94000244140625,80.56999969482422,81.06999969482422,73.65604400634766,5878900
2020-10-01,82.05999755859375,82.72000122070312,81.73999786376953,82.62000274658203,75.0643081665039,6253800
2020-10-02,80.70999908447266,82.19999694824219,80.61000061035156,80.80000305175781,73.4107437133789,6145900
2020-10-05,81.55000305175781,84.62999725341797,81.55000305175781,84.54000091552734,76.80870819091797,10129100
2020-10-06,83.7699966430664,84.44999694824219,82.7699966430664,83.12000274658203,75.51856994628906,7795600
2020-10-07,84.77999877929688,87.0,84.77999877929688,86.91999816894531,78.9710464477539,11446400
2020-10-08,88.86000061035156,88.86000061035156,86.5199966430664,87.80000305175781,79.77059173583984,10920800
2020-10-09,88.33999633789062,88.80000305175781,87.63999938964844,88.77999877929688,80.66095733642578,7608800
2020-10-12,89.12000274658203,91.2699966430664,88.68000030517578,90.91000366210938,82.59614562988281,10022000
2020-10-13,90.5,90.6500015258789,89.43000030517578,89.63999938964844,81.44229888916016,8247000
2020-10-14,89.6500015258789,89.87999725341797,88.2699966430664,88.5999984741211,80.4974365234375,8159000
2020-10-15,87.29000091552734,89.48999786376953,87.19000244140625,88.1500015258789,80.08857727050781,10327900
2020-10-16,88.55000305175781,88.58999633789062,86.44000244140625,86.69999694824219,78.77118682861328,7457200
2020-10-19,88.33999633789062,89.62000274658203,87.29000091552734,87.55999755859375,79.5525131225586,7994500
2020-10-20,87.79000091552734,88.9800033569336,87.7699966430664,88.26000213623047,80.18850708007812,7357600
2020-10-21,88.0,88.87000274658203,87.56999969482422,87.63999938964844,79.62520599365234,7387600
2020-10-22,88.44000244140625,88.94000244140625,87.87999725341797,88.20999908447266,80.1430892944336,5656200
2020-10-23,88.25,88.44999694824219,87.43000030517578,88.30999755859375,80.23395538330078,4165400
2020-10-26,87.20999908447266,87.77999877929688,85.7699966430664,86.7300033569336,78.79843139648438,5568000
2020-10-27,86.95999908447266,87.22000122070312,85.9800033569336,86.70999908447266,78.78025817871094,5315800
2020-10-28,85.1500015258789,85.41000366210938,83.83999633789062,83.8499984741211,76.18181610107422,8727300
2020-10-29,84.2699966430664,85.33000183105469,84.0199966430664,84.88999938964844,77.126708984375,5845600
2020-10-30,84.43000030517578,84.75,83.16000366210938,83.87000274658203,76.19998168945312,4963600
2020-11-02,84.5999984741211,85.95999908447266,84.52999877929688,85.70999908447266,77.87171936035156,6597100
2020-11-03,86.19000244140625,88.23999786376953,86.05999755859375,87.69000244140625,79.67062377929688,6274700
2020-11-04,88.72000122070312,89.7699966430664,88.45999908447266,89.44999694824219,81.26969146728516,7620800
2020-11-05,90.41999816894531,90.95999908447266,89.7699966430664,90.43000030517578,82.16008758544922,6670100
2020-11-06,89.80999755859375,91.5,89.05000305175781,91.41000366210938,83.05045318603516,6403000
2020-11-09,92.19999694824219,92.4800033569336,88.94000244140625,89.02999877929688,80.88810729980469,8978000
2020-11-10,88.4000015258789,88.80000305175781,86.69999694824219,87.66000366210938,79.64338684082031,8350100
2020-11-11,89.5,91.18000030517578,89.36000061035156,90.87999725341797,82.56891632080078,7707300
2020-11-12,90.87999725341797,91.88999938964844,89.77999877929688,89.81999969482422,81.6058349609375,7474600
2020-11-13,91.54000091552734,93.80999755859375,91.20999908447266,93.22000122070312,84.69489288330078,9170900
2020-11-16,96.41999816894531,102.44000244140625,96.36000061035156,99.2699966430664,90.1916275024414,18436200
2020-11-17,97.9800033569336,98.08999633789062,95.69000244140625,95.70999908447266,86.95720672607422,10843700
2020-11-18,98.5199966430664,98.80000305175781,96.37000274658203,96.93000030517578,88.06563568115234,8526600
2020-11-19,96.7699966430664,96.86000061035156,95.62000274658203,96.61000061035156,87.77490234375,5542800
2020-11-20,96.66000366210938,97.19999694824219,95.30000305175781,95.33000183105469,86.6119613647461,5329800
2020-11-23,97.16000366210938,98.93000030517578,96.8499984741211,98.12999725341797,89.1558837890625,8802400
2020-11-24,98.48999786376953,98.58999633789062,96.0199966430664,96.63999938964844,87.80216217041016,7022800
2020-11-25,96.19999694824219,97.98999786376953,96.13999938964844,97.48999786376953,88.57440948486328,5194900
2020-11-27,98.54000091552734,99.2699966430664,98.05000305175781,98.73999786376953,89.7101058959961,4367100
2020-11-30,97.55999755859375,97.94999694824219,96.19999694824219,97.0199966430664,88.14740753173828,13840500
2020-12-01,98.69000244140625,104.30000305175781,98.5199966430664,100.86000061035156,91.63623809814453,16157300
2020-12-02,102.0,102.04000091552734,99.5199966430664,99.54000091552734,90.43695068359375,8676300
2020-12-03,101.05999755859375,101.19000244140625,99.43000030517578,99.5,90.40059661865234,7359000
2020-12-04,101.51000213623047,103.75,100.69999694824219,103.7300033569336,94.2437744140625,10824500
2020-12-07,106.0199966430664,107.61000061035156,104.97000122070312,106.38999938964844,96.66050720214844,11793000
2020-12-08,107.77999877929688,107.83999633789062,105.11000061035156,105.63999938964844,95.97909545898438,9876200
2020-12-09,106.01000213623047,106.5999984741211,103.51000213623047,104.41999816894531,94.87064361572266,8204100
2020-12-10,103.0,105.11000061035156,102.19999694824219,104.2300033569336,94.69804382324219,7135000
2020-12-11,104.01000213623047,105.12000274658203,103.22000122070312,104.02999877929688,94.5163345336914,7492600
2020-12-14,103.7699966430664,104.9000015258789,103.5,103.55999755859375,94.08931732177734,5878000
2020-12-15,105.68000030517578,106.37999725341797,104.41999816894531,105.08999633789062,95.47938537597656,7399900
2020-12-16,105.6500015258789,105.66999816894531,103.95999908447266,105.19999694824219,95.57933807373047,5986900
2020-12-17,104.9000015258789,105.31999969482422,103.8499984741211,103.9000015258789,94.79650115966797,7779300
2020-12-18,104.0,104.80000305175781,103.16000366210938,104.27999877929688,95.14320373535156,7417000
2020-12-21,103.55999755859375,104.95999908447266,103.31999969482422,104.83000183105469,95.64503479003906,6116400
2020-12-22,105.06999969482422,105.22000122070312,102.91000366210938,103.94000244140625,94.83300018310547,5597100
2020-12-23,104.66999816894531,104.87000274658203,103.5999984741211,103.76000213623047,94.66876220703125,3320800
2020-12-24,104.76000213623047,106.33999633789062,104.66999816894531,105.97000122070312,96.68513488769531,3172100
2020-12-28,107.5999984741211,108.16999816894531,105.94999694824219,106.1500015258789,96.849365234375,5157000
2020-12-29,107.0,107.1500015258789,105.22000122070312,105.55999755859375,96.31105041503906,4602400
2020-12-30,107.69999694824219,109.69999694824219,107.4000015258789,108.9000015258789,99.3584213256836,9571800
2020-12-31,109.66000366210938,109.66999816894531,108.44000244140625,109.04000091552734,99.48614501953125,4909500
2021-01-04,111.47000122070312,114.0999984741211,110.44999694824219,111.69999694824219,101.91309356689453,11262100
2021-01-05,112.41000366210938,114.94999694824219,112.01000213623047,112.7699966430664,102.88932800292969,10583600
2021-01-06,113.8499984741211,116.38999938964844,112.55000305175781,115.61000061035156,105.48049926757812,10609300
2021-01-07,119.33999633789062,122.94000244140625,117.58999633789062,121.43000030517578,110.79056549072266,13556100
2021-01-08,125.91000366210938,126.29000091552734,116.9800033569336,118.69000244140625,108.29063415527344,18976800
2021-01-11,119.73999786376953,123.5999984741211,118.80000305175781,122.5999984741211,111.85804748535156,12006800
2021-01-12,125.16000366210938,125.19999694824219,121.68000030517578,123.0,112.22301483154297,14163200
2021-01-13,124.4000015258789,124.80000305175781,118.0,119.2300033569336,108.7833251953125,20650500
2021-01-14,123.44999694824219,134.64999389648438,121.66999816894531,126.44999694824219,115.37074279785156,37125400
2021-01-15,128.47000122070312,128.5399932861328,123.20999908447266,125.2300033569336,114.25762176513672,17343100
2021-01-19,130.58999633789062,134.0500030517578,128.44000244140625,131.3000030517578,119.79576873779297,20443800
2021-01-20,135.19000244140625,136.1300048828125,130.10000610351562,130.63999938964844,119.19358825683594,17360700
2021-01-21,133.25,135.39999389648438,132.33999633789062,134.16000366210938,122.40519714355469,15460100
2021-01-22,130.0399932861328,131.25,128.80999755859375,129.13999938964844,117.82502746582031,19163200
2021-01-25,131.8300018310547,132.1699981689453,127.3499984741211,130.52000427246094,119.08412170410156,20469300
2021-01-26,129.0500030517578,129.32000732421875,126.25,126.6500015258789,115.55318450927734,17084600
2021-01-27,124.94999694824219,125.0999984741211,121.5,121.73999786376953,111.0733871459961,16732700
2021-01-28,124.5,127.58000183105469,123.58000183105469,125.83000183105469,114.80506134033203,14148100
2021-01-29,124.0,124.36000061035156,120.55000305175781,121.5199966430664,110.8726577758789,15169200
2021-02-01,124.54000091552734,126.8499984741211,123.37999725341797,126.66000366210938,115.56232452392578,10179900
2021-02-02,129.47000122070312,130.25,127.44999694824219,128.44000244140625,117.18637084960938,9302400
2021-02-03,129.0,129.13999938964844,126.05999755859375,127.5,116.32872009277344,9676600
2021-02-04,127.5,128.1999969482422,125.97000122070312,128.14999389648438,116.92176818847656,7445100
2021-02-05,128.7899932861328,128.8800048828125,126.69999694824219,127.77999877929688,116.58415985107422,6226800
2021-02-08,128.6999969482422,133.25,128.6999969482422,132.5500030517578,120.93623352050781,11160000
2021-02-09,133.97999572753906,134.41000366210938,131.75,132.67999267578125,121.05484008789062,7929100
2021-02-10,134.1199951171875,136.0,132.50999450683594,133.69000244140625,121.97639465332031,12196300
2021-02-11,135.39999389648438,139.22999572753906,134.05999755859375,139.16000366210938,126.96709442138672,12347900
2021-02-12,138.9199981689453,139.80999755859375,137.16000366210938,138.05999755859375,125.96343994140625,11114100
2021-02-16,141.61000061035156,142.1999969482422,139.4199981689453,140.0500030517578,127.77909851074219,11833600
2021-02-17,139.2100067138672,139.63999938964844,136.10000610351562,136.27000427246094,124.33033752441406,12311200
2021-02-18,134.85000610351562,135.8800048828125,133.39999389648438,134.6300048828125,122.83399963378906,11614600
2021-02-19,136.14999389648438,137.9499969482422,135.72000122070312,136.66000366210938,124.68611145019531,10771900
2021-02-22,133.58999633789062,135.27999877929688,133.17999267578125,133.57000732421875,121.86688995361328,10363800
2021-02-23,129.10000610351562,131.74000549316406,125.37999725341797,129.10000610351562,117.78853607177734,18444700
2021-02-24,129.50999450683594,132.3800048828125,127.68000030517578,132.3000030517578,120.70818328857422,12782900
2021-02-25,131.52000427246094,131.5399932861328,125.72000122070312,126.0,114.96015167236328,13581200
2021-02-26,125.43000030517578,127.38999938964844,122.83000183105469,125.94000244140625,114.9054183959961,17281000
2021-03-01,129.6300048828125,130.3000030517578,127.23999786376953,129.1300048828125,117.8158950805664,9714900
2021-03-02,128.42999267578125,128.52000427246094,126.0,126.0,114.96015167236328,8274500
2021-03-03,126.72000122070312,127.76000213623047,122.70999908447266,122.88999938964844,112.12265014648438,10660300
2021-03-04,121.94999694824219,123.1500015258789,113.48999786376953,115.58999633789062,105.46224212646484,24454200
2021-03-05,120.9000015258789,121.30000305175781,115.37999725341797,120.80000305175781,110.21577453613281,17448700
2021-03-08,120.54000091552734,121.0,113.69999694824219,113.93000030517578,103.94767761230469,17246900
2021-03-09,117.06999969482422,118.4000015258789,115.33000183105469,116.37999725341797,106.18302917480469,17717100
2021-03-10,117.80000305175781,118.02999877929688,113.41000366210938,113.83000183105469,103.85646057128906,15240300
2021-03-11,118.23999786376953,120.80000305175781,117.06999969482422,120.58000183105469,110.01506042480469,15091600
2021-03-12,119.0,119.0,117.27999877929688,118.30000305175781,107.93479919433594,8171000
2021-03-15,118.6500015258789,119.11000061035156,116.70999908447266,119.08000183105469,108.646484375,8935000
2021-03-16,119.72000122070312,121.25,118.0999984741211,119.3499984741211,108.89280700683594,10793400
2021-03-17,117.75,119.5199966430664,115.38999938964844,118.76000213623047,108.76276397705078,9890400
2021-03-18,118.0,118.33000183105469,114.0999984741211,114.5,104.86139678955078,10283800
2021-03-19,114.37999725341797,114.88999938964844,113.20999908447266,113.62999725341797,104.06461334228516,11536000
2021-03-22,114.79000091552734,118.33000183105469,114.79000091552734,117.18000030517578,107.31576538085938,9376400
2021-03-23,116.0999984741211,116.75,114.62000274658203,114.88999938964844,105.2185287475586,8977400
2021-03-24,112.47000122070312,114.69000244140625,108.8499984741211,108.95999908447266,99.7877426147461,24196100
2021-03-25,108.0,112.75,107.88999938964844,110.44999694824219,101.15230560302734,16772400
2021-03-26,112.0,116.69999694824219,111.19999694824219,116.55999755859375,106.74796295166016,12910900
2021-03-29,116.55000305175781,116.76000213623047,112.38999938964844,114.38999938964844,104.76062774658203,10863600
2021-03-30,115.27999877929688,116.08999633789062,114.29000091552734,115.06999969482422,105.38336181640625,8206200
2021-03-31,115.79000091552734,118.36000061035156,115.55999755859375,118.27999877929688,108.32315826416016,9806500
2021-04-01,122.80999755859375,124.87999725341797,121.63999938964844,124.80000305175781,114.29429626464844,17904000
2021-04-05,127.06999969482422,127.4000015258789,122.68000030517578,124.5,114.01956176757812,14113900
2021-04-06,124.0,124.01000213623047,121.54000091552734,122.44000244140625,112.13297271728516,13042300
2021-04-07,122.44000244140625,122.61000061035156,119.83999633789062,119.88999938964844,109.7976303100586,11193200
2021-04-08,121.37999725341797,123.81999969482422,121.37999725341797,123.43000030517578,113.03963470458984,10226700
2021-04-09,122.75,123.44000244140625,121.69999694824219,122.80000305175781,112.462646484375,8315200
2021-04-12,122.20999908447266,122.45999908447266,119.23999786376953,120.9000015258789,110.72262573242188,9868400
2021-04-13,122.4000015258789,122.9000015258789,120.3499984741211,121.2699966430664,111.06148529052734,8384800
2021-04-14,121.98999786376953,122.43000030517578,120.5,120.83999633789062,110.66767120361328,9521900
2021-04-15,121.69999694824219,122.0,116.55999755859375,118.3499984741211,108.38725280761719,18709100
2021-04-16,119.19000244140625,120.5999984741211,117.8499984741211,118.83999633789062,108.83602142333984,9512100
2021-04-19,118.0,118.87999725341797,115.19999694824219,115.4000015258789,105.68562316894531,12630300
2021-04-20,116.05000305175781,116.77999877929688,114.55000305175781,114.94999694824219,105.27349090576172,9299200
2021-04-21,114.5,117.48999786376953,113.7699966430664,117.4000015258789,107.51721954345703,8472200
2021-04-22,117.5,117.5,114.41000366210938,115.31999969482422,105.61233520507812,7411800
2021-04-23,116.58000183105469,118.72000122070312,115.93000030517578,118.63999938964844,108.6528549194336,8380300
2021-04-26,120.0,121.54000091552734,119.4000015258789,121.5199966430664,111.2904052734375,8444000
2021-04-27,121.5,121.6500015258789,119.88999938964844,121.2699966430664,111.06148529052734,5491800
2021-04-28,120.0,120.41999816894531,118.7300033569336,119.66000366210938,109.58699798583984,6476500
2021-04-29,120.72000122070312,120.83000183105469,117.61000061035156,119.0999984741211,109.07413482666016,8831800
2021-04-30,118.01000213623047,118.18000030517578,116.6500015258789,116.73999786376953,106.91281127929688,7950700
2021-05-03,117.47000122070312,117.55000305175781,115.7300033569336,115.94000244140625,106.18016052246094,10229500
2021-05-04,115.0,115.81999969482422,113.73999786376953,115.36000061035156,105.64895629882812,9638300
2021-05-05,116.0,116.48999786376953,114.8499984741211,115.37999725341797,105.66729736328125,7059000
2021-05-06,115.30000305175781,117.63999938964844,114.45999908447266,117.0,107.15090942382812,8581700
2021-05-07,118.4000015258789,119.41999816894531,116.05000305175781,116.83000183105469,106.99523162841797,9614300
2021-05-10,114.9800033569336,115.37999725341797,112.2300033569336,112.30999755859375,102.85572052001953,12281200
2021-05-11,109.7300033569336,112.98999786376953,109.12999725341797,112.8499984741211,103.35028076171875,10007700
2021-05-12,109.3499984741211,110.08999633789062,108.05999755859375,108.20999908447266,99.10086059570312,15058900
2021-05-13,109.36000061035156,111.43000030517578,107.9000015258789,108.75,99.59541320800781,10552000
2021-05-14,110.61000061035156,112.83000183105469,110.23999786376953,112.45999908447266,102.99311065673828,8425200
2021-05-17,109.06999969482422,110.02999877929688,107.87000274658203,109.80000305175781,100.55701446533203,10688600
2021-05-18,113.0,113.4800033569336,110.73999786376953,110.83999633789062,101.50946044921875,7476600
2021-05-19,108.5,112.48999786376953,108.0,112.4000015258789,102.93814849853516,7280500
2021-05-20,112.38999938964844,113.72000122070312,112.0999984741211,113.27999877929688,103.74407958984375,6442500
2021-05-21,114.0,114.0,111.69000244140625,111.8499984741211,102.4344482421875,5979400
2021-05-24,112.26000213623047,114.54000091552734,112.12000274658203,113.62999725341797,104.06461334228516,6653600
2021-05-25,114.8499984741211,114.94000244140625,113.5999984741211,114.27999877929688,104.65989685058594,5331700
2021-05-26,114.0,116.0,114.0,116.0,106.235107421875,6605100
2021-05-27,116.0,116.52999877929688,115.0,115.7699966430664,106.02445983886719,6513700
2021-05-28,116.30000305175781,117.83999633789062,115.94999694824219,117.36000061035156,107.4806137084961,5386500
2021-06-01,119.70999908447266,120.04000091552734,117.43000030517578,118.51000213623047,108.53380584716797,7596100
2021-06-02,118.9000015258789,119.44999694824219,117.91999816894531,118.94999694824219,108.93675994873047,5383400
2021-06-03,118.05000305175781,118.26000213623047,116.45999908447266,116.81999969482422,106.98605346679688,4912200
2021-06-04,118.2300033569336,119.8499984741211,118.05000305175781,119.51000213623047,109.44962310791016,5352100
2021-06-07,118.13999938964844,118.75,117.56999969482422,118.22000122070312,108.2682113647461,6266000
2021-06-08,117.55000305175781,117.68000030517578,115.05999755859375,115.91999816894531,106.16183471679688,11564800
2021-06-09,116.0,117.6500015258789,115.97000122070312,117.12999725341797,107.26998138427734,6401600
2021-06-10,117.04000091552734,118.8499984741211,116.62999725341797,118.23999786376953,108.2865219116211,8566600
2021-06-11,118.29000091552734,118.41999816894531,117.16000366210938,118.25,108.29570007324219,6036600
2021-06-14,118.55000305175781,121.0,118.45999908447266,120.98999786376953,110.80503845214844,7610300
2021-06-15,120.3499984741211,122.0,119.2699966430664,119.44999694824219,109.39466857910156,8196900
2021-06-16,119.55000305175781,119.9000015258789,117.5,118.0199966430664,108.08504486083984,8059400
2021-06-17,117.68000030517578,120.23999786376953,117.58999633789062,119.12000274658203,109.51093292236328,7608100
2021-06-18,117.51000213623047,117.88999938964844,115.20999908447266,115.79000091552734,106.44956970214844,12532800
2021-06-21,115.37999725341797,115.4000015258789,113.0199966430664,114.13999938964844,104.93264770507812,11116200
2021-06-22,113.5,114.48999786376953,112.01000213623047,114.33000183105469,105.10733795166016,11792400
2021-06-23,116.19999694824219,117.41999816894531,115.80999755859375,116.05000305175781,106.68858337402344,8913700
2021-06-24,116.72000122070312,117.66999816894531,116.2699966430664,117.23999786376953,107.7825927734375,6772200
2021-06-25,117.44999694824219,117.93000030517578,116.52999877929688,116.52999877929688,107.12986755371094,6712800
2021-06-28,117.29000091552734,119.94999694824219,117.18000030517578,119.61000061035156,109.96141815185547,11026600
2021-06-29,119.4000015258789,120.29000091552734,118.41999816894531,120.2300033569336,110.53140258789062,7874900
2021-06-30,120.16000366210938,120.76000213623047,119.01000213623047,120.16000366210938,110.467041015625,7936400
2021-07-01,120.0999984741211,120.20999908447266,118.02999877929688,118.41999816894531,108.86739349365234,8295600
2021-07-02,118.75,119.18000030517578,118.41000366210938,118.91000366210938,109.31787872314453,5144300
2021-07-06,119.8499984741211,120.95999908447266,118.22000122070312,120.05000305175781,110.36591339111328,7181500
2021-07-07,120.63999938964844,121.05000305175781,118.20999908447266,118.25,108.71112060546875,7391800
2021-07-08,115.87000274658203,118.27999877929688,115.37999725341797,117.87000274658203,108.36177062988281,7565400
2021-07-09,118.0,120.79000091552734,117.62000274658203,120.55999755859375,110.83477783203125,8374200
2021-07-12,121.19000244140625,122.7300033569336,119.5199966430664,122.62999725341797,112.7378158569336,10668700
2021-07-13,123.19000244140625,125.4800033569336,122.12999725341797,123.9000015258789,113.90535736083984,13460200
2021-07-14,125.1500015258789,125.77999877929688,124.06999969482422,124.38999938964844,114.3558120727539,10587700
2021-07-15,120.12000274658203,120.69999694824219,116.87000274658203,117.52999877929688,108.04920959472656,23734500
2021-07-16,118.75,118.98999786376953,115.16999816894531,115.73999786376953,106.40359497070312,12110000
2021-07-19,114.0,115.62000274658203,113.2300033569336,115.3499984741211,106.04505157470703,9230200
2021-07-20,115.87999725341797,116.87000274658203,114.43000030517578,116.4000015258789,107.0103759765625,7108000
2021-07-21,116.2300033569336,117.87000274658203,115.93000030517578,117.87000274658203,108.36177062988281,5564700
2021-07-22,118.08999633789062,118.08999633789062,116.20999908447266,116.55999755859375,107.1574478149414,5746500
2021-07-23,117.6500015258789,117.6500015258789,115.33000183105469,116.79000091552734,107.368896484375,5773900
2021-07-26,115.79000091552734,116.0999984741211,114.87000274658203,115.6500015258789,106.32083892822266,6440600
2021-07-27,115.31999969482422,115.4000015258789,112.05000305175781,113.54000091552734,104.38104248046875,11127500
2021-07-28,113.94000244140625,115.51000213623047,113.87999725341797,115.06999969482422,105.78763580322266,6819700
2021-07-29,116.0,117.11000061035156,115.61000061035156,116.1500015258789,106.78052520751953,7162000
2021-07-30,115.5,117.41999816894531,115.19000244140625,116.63999938964844,107.23099517822266,6482600
2021-08-02,117.5,118.37999725341797,116.66000366210938,116.86000061035156,107.43324279785156,6028800
2021-08-03,117.30999755859375,118.63999938964844,116.83999633789062,118.41000366210938,108.85822296142578,5874700
2021-08-04,118.43000030517578,119.55000305175781,118.27999877929688,118.73999786376953,109.16159057617188,4254000
2021-08-05,119.06999969482422,119.23999786376953,118.23999786376953,119.22000122070312,109.60287475585938,4452300
2021-08-06,118.37000274658203,118.5999984741211,117.44999694824219,118.20999908447266,108.67435455322266,4338100
2021-08-09,118.41999816894531,118.79000091552734,117.31999969482422,118.22000122070312,108.68354797363281,4280200
2021-08-10,118.5,119.05000305175781,114.08000183105469,116.36000061035156,106.9736099243164,5132800
2021-08-11,116.5,117.29000091552734,115.19999694824219,115.98999786376953,106.6334228515625,4490400
2021-08-12,115.55000305175781,115.94999694824219,114.44000244140625,115.69999694824219,106.36681365966797,6338400
2021-08-13,115.06999969482422,115.5199966430664,114.48999786376953,115.5,106.18295288085938,4593200
2021-08-16,115.0999984741211,115.4800033569336,114.0999984741211,114.62999725341797,105.38311004638672,5435900
2021-08-17,113.7300033569336,113.8499984741211,110.75,111.11000061035156,102.14707946777344,13398800
2021-08-18,111.73999786376953,113.0,110.37999725341797,110.44999694824219,101.5403060913086,9167300
2021-08-19,109.0,110.97000122070312,107.68000030517578,110.5199966430664,101.60468292236328,12146900
2021-08-20,109.13999938964844,109.70999908447266,107.7300033569336,108.12000274658203,99.3982925415039,13042000
2021-08-23,110.08000183105469,111.33000183105469,109.2699966430664,110.95999908447266,102.00920104980469,9533500
2021-08-24,111.81999969482422,113.06999969482422,111.80000305175781,112.11000061035156,103.0664291381836,6719800
2021-08-25,115.70999908447266,119.18000030517578,115.61000061035156,117.02999877929688,107.58952331542969,22106800
2021-08-26,117.9800033569336,118.45999908447266,116.3499984741211,118.0999984741211,108.57321166992188,9892100
2021-08-27,118.33000183105469,119.30000305175781,117.69000244140625,118.48999786376953,108.93175506591797,6827700
2021-08-30,118.87999725341797,119.5,118.47000122070312,118.98999786376953,109.39142608642578,6434200
2021-08-31,120.01000213623047,120.80000305175781,118.69999694824219,119.01000213623047,109.40982818603516,8424900
2021-09-01,120.22000122070312,121.36000061035156,119.55999755859375,120.45999908447266,110.74284362792969,8603900
2021-09-02,120.94000244140625,121.38999938964844,120.45999908447266,120.79000091552734,111.04622650146484,6866400
2021-09-03,121.58000183105469,124.4800033569336,121.26000213623047,123.97000122070312,113.96969604492188,10361400
2021-09-07,124.62000274658203,125.27999877929688,123.88999938964844,124.69999694824219,114.64081573486328,9739900
2021-09-08,122.97000122070312,123.13999938964844,121.2300033569336,121.88999938964844,112.05747985839844,7983300
2021-09-09,122.19000244140625,123.48999786376953,121.87999725341797,122.68000030517578,112.78375244140625,5101300
2021-09-10,123.0199966430664,124.33999633789062,122.88999938964844,122.97000122070312,113.05038452148438,5163900
2021-09-13,122.94000244140625,124.0999984741211,122.19999694824219,123.62000274658203,113.6479263305664,6622800
2021-09-14,123.62999725341797,123.62999725341797,122.4000015258789,123.08999633789062,113.16069793701172,5110500
2021-09-15,122.41000366210938,122.5,120.87999725341797,121.5,111.69895935058594,5566500
2021-09-16,120.0,121.12999725341797,119.3499984741211,120.79000091552734,111.50233459472656,7301400
2021-09-17,120.19000244140625,120.47000122070312,117.69000244140625,117.75,108.69609832763672,10722700
2021-09-20,115.19999694824219,116.01000213623047,113.55000305175781,114.69999694824219,105.8805923461914,8991000
2021-09-21,115.6500015258789,115.87000274658203,114.55000305175781,114.95999908447266,106.12060546875,8182200
2021-09-22,115.2300033569336,116.23999786376953,114.91000366210938,115.87000274658203,106.96065521240234,5345600
2021-09-23,116.97000122070312,116.97000122070312,115.58999633789062,116.19000244140625,107.25604248046875,5484700
2021-09-24,116.0,116.55999755859375,115.52999877929688,115.63999938964844,106.74832916259766,4455900
2021-09-27,115.69999694824219,116.56999969482422,115.01000213623047,116.1500015258789,107.21910858154297,5198800
2021-09-28,114.33000183105469,115.04000091552734,111.8499984741211,111.9000015258789,103.29588317871094,9792300
2021-09-29,112.30000305175781,112.8499984741211,111.0199966430664,111.62000274658203,103.03742980957031,6522400
2021-09-30,112.43000030517578,113.3499984741211,111.6500015258789,111.6500015258789,103.06512451171875,6433400
2021-10-01,112.0,112.30000305175781,110.30000305175781,111.55999755859375,102.98204803466797,5315200
2021-10-04,111.0,111.43000030517578,108.5199966430664,109.0199966430664,100.63734436035156,8514500
2021-10-05,109.80000305175781,110.3499984741211,109.22000122070312,109.26000213623047,100.85887145996094,8039600
2021-10-06,108.44000244140625,109.5199966430664,107.58000183105469,109.33999633789062,100.93274688720703,7553600
2021-10-07,111.0,111.70999908447266,110.48999786376953,110.83000183105469,102.30815124511719,7821900
2021-10-08,110.9800033569336,111.06999969482422,109.51000213623047,110.04000091552734,101.57890319824219,5143400
2021-10-11,110.08000183105469,111.70999908447266,109.9000015258789,110.26000213623047,101.781982421875,5318500
2021-10-12,110.47000122070312,111.02999877929688,108.55999755859375,109.19999694824219,100.80347442626953,9294600
2021-10-13,109.31999969482422,110.05000305175781,108.94999694824219,109.9800033569336,101.52352905273438,7845100
2021-10-14,114.13999938964844,114.73999786376953,111.16000366210938,112.55999755859375,103.90513610839844,16930500
2021-10-15,114.77999877929688,114.94999694824219,112.95999908447266,114.86000061035156,106.02827453613281,11558800
2021-10-18,113.41999816894531,115.3499984741211,113.41999816894531,115.33999633789062,106.47138214111328,6773800
2021-10-19,115.80000305175781,116.9800033569336,115.62999725341797,116.95999908447266,107.96684265136719,5406100
2021-10-20,116.87999725341797,117.02999877929688,115.55000305175781,115.58999633789062,106.7021713256836,8205800
2021-10-21,115.01000213623047,116.3499984741211,114.61000061035156,116.29000091552734,107.34832763671875,4640300
2021-10-22,116.23999786376953,117.1500015258789,114.2300033569336,114.2300033569336,105.44674682617188,6283000
2021-10-25,114.4000015258789,114.55000305175781,113.11000061035156,113.63999938964844,104.902099609375,6667700
2021-10-26,114.94000244140625,115.30000305175781,113.72000122070312,114.18000030517578,105.40057373046875,4852300
2021-10-27,114.02999877929688,115.05999755859375,113.70999908447266,113.75,105.00365447998047,5394500
2021-10-28,113.66000366210938,116.0199966430664,113.54000091552734,116.01000213623047,107.08988189697266,5714300
2021-10-29,114.06999969482422,114.19000244140625,113.22000122070312,113.69999694824219,104.9574966430664,7118900
2021-11-01,113.58000183105469,114.33999633789062,113.3499984741211,114.12000274658203,105.34518432617188,4955700
2021-11-02,113.58999633789062,114.80000305175781,113.54000091552734,114.11000061035156,105.3359375,4479700
2021-11-03,113.44000244140625,114.0999984741211,112.7300033569336,114.01000213623047,105.24365997314453,6073000
2021-11-04,113.37000274658203,117.8499984741211,112.41000366210938,117.79000091552734,108.7330093383789,14682800
2021-11-05,118.16999816894531,119.52999877929688,116.25,117.80000305175781,108.74223327636719,8668100
2021-11-08,118.38999938964844,122.25,117.05000305175781,120.91000366210938,111.61309814453125,15776300
2021-11-09,121.25,123.2699966430664,120.16999816894531,121.77999877929688,112.41622924804688,10874100
2021-11-10,119.5999984741211,120.80000305175781,117.68000030517578,118.19999694824219,109.11148071289062,9046100
2021-11-11,119.26000213623047,120.47000122070312,117.80000305175781,118.19000244140625,109.10223388671875,6994000
2021-11-12,118.38999938964844,118.81999969482422,117.2699966430664,118.69000244140625,109.56380462646484,6947200
2021-11-15,119.31999969482422,119.63999938964844,117.51000213623047,118.12000274658203,109.03762817382812,5157000
2021-11-16,117.69000244140625,118.37999725341797,117.16000366210938,118.08000183105469,109.0007095336914,5555100
2021-11-17,118.0,119.55000305175781,117.51000213623047,119.05999755859375,109.90534973144531,6391400
2021-11-18,119.97000122070312,123.55999755859375,119.80000305175781,123.38999938964844,113.90240478515625,13229700
2021-11-19,122.02999877929688,124.80000305175781,122.0199966430664,124.26000213623047,114.70552062988281,9071800
2021-11-22,123.5,128.08999633789062,123.20999908447266,124.75,115.1578369140625,16076100
2021-11-23,122.72000122070312,123.19999694824219,119.5199966430664,121.36000061035156,112.02851867675781,10984000
2021-11-24,120.0,120.87000274658203,118.4000015258789,120.70999908447266,111.42847442626953,6992600
2021-11-26,117.5,119.04000091552734,116.5199966430664,117.08999633789062,108.08683013916016,6766900
2021-11-29,118.36000061035156,119.87999725341797,117.9000015258789,119.27999877929688,110.10842895507812,7634000
2021-11-30,118.0999984741211,120.16999816894531,115.76000213623047,117.1500015258789,108.14222717285156,10561800
2021-12-01,119.22000122070312,123.51000213623047,119.22000122070312,120.62999725341797,111.35462188720703,12924400
2021-12-02,120.3499984741211,123.4000015258789,120.0199966430664,121.69999694824219,112.34234619140625,8425500
2021-12-03,121.0,121.8499984741211,117.9800033569336,119.33000183105469,110.15459442138672,7809000
2021-12-06,118.88999938964844,119.5,116.58000183105469,119.13999938964844,109.97920227050781,5681200
2021-12-07,120.54000091552734,122.58000183105469,120.26000213623047,122.31999969482422,112.91468048095703,7459200
2021-12-08,121.62999725341797,122.22000122070312,120.11000061035156,121.80000305175781,112.43466186523438,5795700
2021-12-09,121.18000030517578,122.08999633789062,119.48999786376953,119.5,110.3115234375,6103900
2021-12-10,120.0,120.79000091552734,118.23999786376953,119.12999725341797,109.96997833251953,5973900
2021-12-13,118.86000061035156,119.02999877929688,116.38999938964844,116.41999816894531,107.46834564208984,5854300
2021-12-14,115.44000244140625,116.9800033569336,115.25,116.29000091552734,107.34832763671875,6267300
2021-12-15,116.79000091552734,120.51000213623047,116.4800033569336,120.4000015258789,111.142333984375,6700700
2021-12-16,120.33999633789062,120.75,116.13999938964844,116.56999969482422,108.05194091796875,9116100
2021-12-17,116.29000091552734,117.48999786376953,115.93000030517578,116.31999969482422,107.82020568847656,11725600
2021-12-20,115.91999816894531,116.62000274658203,113.91000366210938,114.94000244140625,106.5410385131836,6980800
2021-12-21,116.06999969482422,117.5,115.08000183105469,117.44000244140625,108.85836791992188,6122900
2021-12-22,116.91999816894531,121.44000244140625,116.83000183105469,121.30000305175781,112.43631744384766,9300100
2021-12-23,120.95999908447266,121.79000091552734,119.83999633789062,120.68000030517578,111.86161041259766,6512500
2021-12-27,121.22000122070312,123.26000213623047,121.19999694824219,122.69999694824219,113.73399353027344,6309900
2021-12-28,123.37999725341797,123.66000366210938,121.87000274658203,122.05999755859375,113.14075469970703,6321000
2021-12-29,121.80000305175781,123.1500015258789,120.97000122070312,121.41000366210938,112.53827667236328,5847700
2021-12-30,121.0,121.55000305175781,120.19000244140625,120.41999816894531,111.62060546875,4187800
2021-12-31,121.3499984741211,121.75,120.22000122070312,120.30999755859375,111.51863861083984,3888200
2022-01-03,124.12999725341797,129.58999633789062,124.0,128.8000030517578,119.38827514648438,18592000
2022-01-04,130.8699951171875,135.5,130.3000030517578,133.39999389648438,123.65215301513672,25554900
2022-01-05,130.7100067138672,130.8800048828125,126.87999725341797,127.05999755859375,117.7754135131836,17891200
2022-01-06,127.0,129.0,124.80999755859375,128.47000122070312,119.08238220214844,16249000
2022-01-07,126.55000305175781,127.13999938964844,123.30999755859375,123.5,114.47554779052734,21248100
2022-01-10,125.11000061035156,125.87000274658203,123.26000213623047,125.01000213623047,115.8752212524414,11857700
2022-01-11,126.54000091552734,129.5500030517578,125.5,129.1699981689453,119.73121643066406,12113100
2022-01-12,130.5,132.9199981689453,130.22000122070312,132.22999572753906,122.56761169433594,16389200
2022-01-13,140.75,145.0,138.9199981689453,139.19000244140625,129.01905822753906,52020000
2022-01-14,136.08999633789062,143.8800048828125,136.08999633789062,140.66000366210938,130.38162231445312,28255300
2022-01-18,136.75,137.17999267578125,133.2899932861328,133.8300018310547,124.05072784423828,15191400
2022-01-19,134.6199951171875,135.89999389648438,130.94000244140625,131.00999450683594,121.43677520751953,11155100
2022-01-20,131.9199981689453,132.75,128.1999969482422,128.3300018310547,118.95259094238281,11421900
2022-01-21,127.08000183105469,127.9800033569336,124.2699966430664,124.52999877929688,115.4302749633789,15573700
2022-01-24,123.7699966430664,126.06999969482422,120.12999725341797,125.95999908447266,116.75577545166016,17083400
2022-01-25,125.48999786376953,125.81999969482422,121.69999694824219,122.4800033569336,113.53009796142578,11370500
2022-01-26,125.37999725341797,126.66999816894531,121.88999938964844,123.08000183105469,114.08624267578125,13592100
2022-01-27,124.0,124.13999938964844,116.02999877929688,116.37999725341797,107.87581634521484,18599800
2022-01-28,118.70999908447266,119.5999984741211,114.19000244140625,117.61000061035156,109.01594543457031,14005900
2022-01-31,119.5199966430664,122.7699966430664,118.80999755859375,122.62999725341797,113.66914367675781,10189100
2022-02-01,122.9000015258789,123.23999786376953,120.0999984741211,123.05000305175781,114.05844116210938,6956300
2022-02-02,126.2300033569336,126.47000122070312,122.55000305175781,124.1500015258789,115.07805633544922,8562900
2022-02-03,121.44999694824219,123.87999725341797,119.25,119.83999633789062,111.08297729492188,9926800
2022-02-04,120.44000244140625,121.83000183105469,119.38999938964844,121.0199966430664,112.17676544189453,5743200
2022-02-07,122.55999755859375,124.0999984741211,121.87999725341797,122.30999755859375,113.37252044677734,6562900
2022-02-08,122.0,123.86000061035156,121.61000061035156,123.70999908447266,114.67020416259766,7036200
2022-02-09,124.87999725341797,125.55000305175781,122.76000213623047,125.5199966430664,116.34794616699219,10979700
2022-02-10,124.80000305175781,128.66000366210938,124.36000061035156,124.70999908447266,115.59712219238281,10474900
2022-02-11,125.5,126.58000183105469,120.44999694824219,121.01000213623047,112.16749572753906,9845700
2022-02-14,119.94999694824219,121.55000305175781,118.0,119.7699966430664,111.01811218261719,8081800
2022-02-15,122.0199966430664,124.61000061035156,121.45999908447266,124.5199966430664,115.42100524902344,9248700
2022-02-16,123.13999938964844,124.29000091552734,121.56999969482422,123.5999984741211,114.56822204589844,5749500
2022-02-17,122.48999786376953,122.75,119.6500015258789,119.76000213623047,111.00885009765625,7976700
2022-02-18,120.5199966430664,120.69000244140625,118.44999694824219,119.30999755859375,110.59172058105469,8389000
2022-02-22,117.5,119.36000061035156,115.72000122070312,116.91000366210938,108.36710357666016,9793500
2022-02-23,118.55000305175781,119.43000030517578,115.76000213623047,115.9000015258789,107.430908203125,8114700
2022-02-24,108.0,111.9800033569336,104.37999725341797,111.87999725341797,103.70465850830078,27539100
2022-02-25,112.29000091552734,113.0,109.36000061035156,111.2300033569336,103.1021499633789,14258900
2022-02-28,109.37000274658203,109.7699966430664,105.0,107.01000213623047,99.19049835205078,26390800
2022-03-01,110.0,111.11000061035156,107.05000305175781,108.05000305175781,100.154541015625,20377900
2022-03-02,108.4000015258789,109.97000122070312,107.86000061035156,109.61000061035156,101.60051727294922,13342400
2022-03-03,109.91000366210938,110.0,107.5999984741211,108.79000091552734,100.84043884277344,10841700
2022-03-04,107.0,108.12000274658203,103.80999755859375,105.05999755859375,97.38299560546875,22372100
2022-03-07,103.29000091552734,104.08999633789062,99.05999755859375,99.29000091552734,92.0346450805664,29422900
2022-03-08,100.20999908447266,103.11000061035156,98.62000274658203,100.0,92.69275665283203,25650000
2022-03-09,104.51000213623047,105.72000122070312,102.76000213623047,104.94999694824219,97.28103637695312,14348400
2022-03-10,104.19000244140625,105.52999877929688,102.5199966430664,103.95999908447266,96.36339569091797,11811000
2022-03-11,105.36000061035156,105.36000061035156,101.30000305175781,101.41000366210938,93.99972534179688,18116400
2022-03-14,101.5199966430664,101.86000061035156,99.06999969482422,99.30000305175781,92.04391479492188,17959400
2022-03-15,98.02999877929688,102.13999938964844,97.62000274658203,102.08999633789062,94.63001251220703,13415600
2022-03-16,102.98999786376953,105.79000091552734,102.80999755859375,105.69000244140625,98.439453125,20347100
2022-03-17,105.75,106.52999877929688,104.75,106.48999786376953,99.18455505371094,8042000
2022-03-18,105.70999908447266,107.04000091552734,104.88999938964844,106.72000122070312,99.39878845214844,10218200
2022-03-21,106.72000122070312,107.22000122070312,105.12999725341797,106.91999816894531,99.58506774902344,10366100
2022-03-22,106.38999938964844,107.95999908447266,106.2300033569336,107.04000091552734,99.69685363769531,10401200
2022-03-23,106.5,108.19000244140625,105.3499984741211,105.3499984741211,98.12275695800781,12905300
2022-03-24,106.77999877929688,107.9800033569336,105.83000183105469,107.91999816894531,100.51644134521484,10834000
2022-03-25,107.69000244140625,107.9800033569336,105.83999633789062,106.7300033569336,99.4081039428711,7432100
2022-03-28,105.62000274658203,106.72000122070312,104.61000061035156,106.33000183105469,99.03555297851562,8151200
2022-03-29,107.91999816894531,109.76000213623047,106.79000091552734,109.25,101.75521850585938,14076200
2022-03-30,107.79000091552734,109.33999633789062,106.51000213623047,106.7300033569336,99.4081039428711,15456300
2022-03-31,106.95999908447266,107.1500015258789,104.19000244140625,104.26000213623047,97.10755157470703,13021600
2022-04-01,105.7699966430664,105.94999694824219,102.20999908447266,102.79000091552734,95.73839569091797,12085100
2022-04-04,104.0199966430664,105.56999969482422,103.27999877929688,104.79000091552734,97.60118103027344,9077200
2022-04-05,104.4800033569336,104.5999984741211,102.11000061035156,102.5,95.4682846069336,12291000
2022-04-06,100.41999816894531,102.13999938964844,99.72000122070312,101.18000030517578,94.23883819580078,14902600
2022-04-07,100.41999816894531,101.2300033569336,99.6500015258789,100.5199966430664,93.62413787841797,12431000
2022-04-08,100.62000274658203,100.69999694824219,99.12000274658203,99.29000091552734,92.47850036621094,11796200
2022-04-11,98.22000122070312,98.37999725341797,96.91000366210938,97.56999969482422,90.8764877319336,12480500
2022-04-12,100.0,100.1500015258789,97.44000244140625,97.44000244140625,90.75540161132812,13291500
2022-04-13,99.80000305175781,102.22000122070312,99.5,101.5,94.5368881225586,15776800
2022-04-14,104.0,104.5,98.33000183105469,98.36000061035156,91.61229705810547,17828500
2022-04-18,97.94999694824219,99.83999633789062,97.47000122070312,98.7699966430664,91.99414825439453,10277400
2022-04-19,98.44000244140625,99.44999694824219,97.70999908447266,99.44999694824219,92.62751007080078,10103000
2022-04-20,100.4000015258789,101.0,98.9000015258789,99.01000213623047,92.21770477294922,8596900
2022-04-21,99.75,100.6500015258789,97.41000366210938,97.66000366210938,90.96033477783203,13038500
2022-04-22,97.02999877929688,97.79000091552734,95.36000061035156,95.68000030517578,89.11614227294922,11650100
2022-04-25,95.05000305175781,96.27999877929688,94.44999694824219,96.23999786376953,89.63772583007812,10654400
2022-04-26,94.94000244140625,95.0199966430664,92.7699966430664,92.7699966430664,86.40576934814453,14176000
2022-04-27,91.83999633789062,92.69000244140625,90.22000122070312,90.26000213623047,84.06798553466797,15846300
2022-04-28,92.16000366210938,96.19999694824219,91.77999877929688,95.22000122070312,88.68770599365234,15176200
2022-04-29,93.18000030517578,95.58999633789062,92.7699966430664,92.93000030517578,86.5548095703125,10629300
2022-05-02,92.5,94.2699966430664,91.23999786376953,93.76000213623047,87.3278579711914,8251900
2022-05-03,92.77999877929688,94.05000305175781,92.51000213623047,93.62999725341797,87.20677947998047,9511900
2022-05-04,93.91000366210938,96.06999969482422,91.91999816894531,95.98999786376953,89.40487670898438,9082500
2022-05-05,94.04000091552734,94.37999725341797,91.22000122070312,92.1500015258789,85.82830810546875,11517200
2022-05-06,91.4000015258789,92.87999725341797,90.2699966430664,91.62999725341797,85.3439712524414,7944900
2022-05-09,89.94000244140625,90.19000244140625,87.01000213623047,87.30000305175781,81.31102752685547,11428600
2022-05-10,90.0199966430664,90.29000091552734,88.08999633789062,88.81999969482422,82.72676849365234,11690400
2022-05-11,88.87000274658203,90.56999969482422,87.80000305175781,87.83000183105469,81.8046875,11531300
2022-05-12,86.22000122070312,88.20999908447266,85.38999938964844,87.69000244140625,81.67428588867188,11592900
2022-05-13,88.87000274658203,91.36000061035156,88.16000366210938,90.95999908447266,84.71995544433594,11180600
2022-05-16,89.87000274658203,91.37000274658203,89.5,90.41000366210938,84.20767211914062,6729100
2022-05-17,93.30000305175781,93.48999786376953,92.37000274658203,93.31999969482422,86.91805267333984,7668800
2022-05-18,92.06999969482422,93.2300033569336,90.37000274658203,90.52999877929688,84.31945037841797,9610900
2022-05-19,89.83999633789062,92.0999984741211,89.55999755859375,90.20999908447266,84.02140808105469,7739000
2022-05-20,93.04000091552734,93.04000091552734,88.83000183105469,90.77999877929688,84.55231475830078,10469900
2022-05-23,91.0199966430664,91.91000366210938,90.6500015258789,91.5,85.22290802001953,6920500
2022-05-24,89.5199966430664,89.80000305175781,88.5199966430664,88.72000122070312,82.63361358642578,8788600
2022-05-25,89.33000183105469,90.91999816894531,89.04000091552734,90.41000366210938,84.20767211914062,9113500
2022-05-26,89.41000366210938,91.37000274658203,89.04000091552734,91.0,84.7572021484375,9762700
2022-05-27,92.62000274658203,93.81999969482422,92.52999877929688,93.7699966430664,87.3371810913086,6279000
2022-05-31,95.54000091552734,96.29000091552734,94.51000213623047,95.30000305175781,88.76221466064453,9621700
2022-06-01,95.5999984741211,96.36000061035156,93.83000183105469,94.75,88.24996948242188,6152400
2022-06-02,93.98999786376953,96.37000274658203,93.62000274658203,96.33999633789062,89.73086547851562,6335000
2022-06-03,94.36000061035156,94.58000183105469,92.9000015258789,93.7699966430664,87.3371810913086,9137100
2022-06-06,95.0,95.54000091552734,92.87000274658203,93.11000061035156,86.72245025634766,9440200
2022-06-07,92.66999816894531,93.86000061035156,91.7699966430664,93.83999633789062,87.4023666381836,7360200
2022-06-08,94.0,94.93000030517578,93.13999938964844,93.47000122070312,87.0577621459961,6446300
2022-06-09,93.0,93.5,90.80000305175781,90.8499984741211,84.61750030517578,8086700
2022-06-10,90.54000091552734,90.72000122070312,88.62999725341797,88.68000030517578,82.59637451171875,10460400
2022-06-13,86.05999755859375,86.83000183105469,85.0199966430664,85.55000305175781,79.68109130859375,14603700
2022-06-14,86.73999786376953,87.87999725341797,86.29000091552734,87.19000244140625,81.20858764648438,10449600
2022-06-15,87.51000213623047,89.80999755859375,87.37000274658203,89.12999725341797,83.01548767089844,11742500
2022-06-16,85.22000122070312,85.93000030517578,83.98999786376953,84.5199966430664,79.13639831542969,10505200
2022-06-17,85.0,85.5999984741211,83.94999694824219,85.0,79.58583068847656,9735500
2022-06-21,86.0,87.75,86.0,86.94999694824219,81.41159057617188,9604000
2022-06-22,84.63999938964844,86.18000030517578,84.55000305175781,84.91000366210938,79.50155639648438,7868700
2022-06-23,84.12999725341797,84.2300033569336,82.76000213623047,84.12000274658203,78.76187896728516,10370300
2022-06-24,84.1500015258789,86.55000305175781,84.1500015258789,85.91999816894531,80.44723510742188,10670100
2022-06-27,86.91999816894531,87.0,85.58000183105469,85.86000061035156,80.39104461669922,7358000
2022-06-28,86.1500015258789,86.80999755859375,84.33999633789062,84.33999633789062,78.96785736083984,8289200
2022-06-29,84.43000030517578,84.61000061035156,83.33000183105469,83.6500015258789,78.32182312011719,7981300
2022-06-30,81.45999908447266,82.22000122070312,80.12000274658203,81.75,76.54283905029297,14201600
2022-07-01,79.04000091552734,79.22000122070312,76.18000030517578,77.0,72.09539031982422,19531700
2022-07-05,74.55000305175781,76.1500015258789,73.73999786376953,76.11000061035156,71.26207733154297,22253100
2022-07-06,74.29000091552734,76.30000305175781,73.77999877929688,75.55999755859375,70.74710083007812,11530500
2022-07-07,78.5999984741211,80.95999908447266,78.33999633789062,80.6500015258789,75.51289367675781,15847800
2022-07-08,79.91999816894531,82.16000366210938,79.76000213623047,81.51000213623047,76.31813049316406,10004200
2022-07-11,79.7699966430664,80.2699966430664,78.81999969482422,79.11000061035156,74.07098388671875,9519600
2022-07-12,81.16000366210938,81.4800033569336,78.93000030517578,79.0999984741211,74.06160736083984,10363700
2022-07-13,79.27999877929688,81.72000122070312,78.9000015258789,81.29000091552734,76.11214447021484,14706500
2022-07-14,82.94999694824219,84.04000091552734,80.51000213623047,83.66999816894531,78.34056091308594,23377000
2022-07-15,85.58000183105469,86.04000091552734,83.97000122070312,85.62999725341797,80.1756820678711,14061000
2022-07-18,86.05999755859375,86.08000183105469,83.37000274658203,83.58000183105469,78.25625610351562,11352500
2022-07-19,85.0,86.47000122070312,84.55999755859375,86.1500015258789,80.6625747680664,10673100
2022-07-20,85.18000030517578,86.75,85.11000061035156,86.55999755859375,81.04645538330078,11664800
2022-07-21,86.68000030517578,87.80000305175781,86.4000015258789,87.79000091552734,82.19810485839844,7135000
2022-07-22,87.41000366210938,87.7300033569336,85.80000305175781,86.31999969482422,80.82173156738281,8612100
2022-07-25,86.30000305175781,86.69999694824219,85.62999725341797,86.30000305175781,80.80301666259766,5960900
2022-07-26,84.76000213623047,85.19999694824219,83.8499984741211,84.41999816894531,79.04275512695312,6977700
2022-07-27,85.30999755859375,87.9000015258789,85.30999755859375,87.62999725341797,82.04829406738281,9399500
2022-07-28,87.12999725341797,88.62000274658203,86.44999694824219,88.61000061035156,82.96586608886719,10668200
2022-07-29,87.81999969482422,89.20999908447266,87.79000091552734,88.4800033569336,82.84414672851562,10366200
2022-08-01,85.30000305175781,86.88999938964844,84.30000305175781,86.30999755859375,80.81238555908203,20102600
2022-08-02,84.5199966430664,87.51000213623047,84.16999816894531,86.05000305175781,80.56893920898438,15541600
2022-08-03,85.95999908447266,86.7699966430664,84.55999755859375,86.51000213623047,80.99962615966797,20779400
2022-08-04,87.0,88.41999816894531,86.62000274658203,88.41999816894531,82.78797912597656,13472500
2022-08-05,88.02999877929688,90.9800033569336,88.01000213623047,89.7699966430664,84.05199432373047,13293500
2022-08-08,88.9800033569336,89.0999984741211,86.91000366210938,87.94000244140625,82.33856964111328,12120300
2022-08-09,86.94000244140625,87.13999938964844,84.44000244140625,85.20999908447266,79.78244018554688,13075000
2022-08-10,86.80999755859375,88.66999816894531,86.30999755859375,88.66999816894531,83.02205657958984,10704600
2022-08-11,89.95999908447266,91.0,89.30999755859375,89.5199966430664,83.81790161132812,11158800
2022-08-12,89.68000030517578,91.3499984741211,89.63999938964844,90.86000061035156,85.07254791259766,12098800
2022-08-15,90.01000213623047,91.94000244140625,90.0,91.56999969482422,85.73734283447266,15949500
2022-08-16,91.13999938964844,91.3499984741211,88.56999969482422,89.94999694824219,84.22051239013672,10566100
2022-08-17,89.0,89.7699966430664,88.4800033569336,89.19999694824219,83.51828002929688,9093100
2022-08-18,88.70999908447266,89.66999816894531,88.41999816894531,89.2699966430664,83.58383178710938,10947700
2022-08-19,88.5,88.58999633789062,87.0199966430664,87.19999694824219,81.64566802978516,9602800
2022-08-22,85.41000366210938,86.02999877929688,84.94000244140625,85.23999786376953,79.8105239868164,8054000
2022-08-23,85.16000366210938,86.5999984741211,84.98999786376953,86.02999877929688,80.55020141601562,8462500
2022-08-24,85.80000305175781,86.12999725341797,85.19999694824219,85.55999755859375,80.11015319824219,7085800
2022-08-25,86.33000183105469,87.58999633789062,86.01000213623047,87.56999969482422,81.99211120605469,6602100
2022-08-26,87.5,87.79000091552734,84.6500015258789,84.73999786376953,79.3423843383789,9381500
2022-08-29,83.91000366210938,84.31999969482422,82.77999877929688,82.8499984741211,77.57275390625,9639700
2022-08-30,83.77999877929688,83.9800033569336,81.7300033569336,82.79000091552734,77.5165786743164,8392300
2022-08-31,84.11000061035156,84.87000274658203,83.05999755859375,83.3499984741211,78.04090881347656,8887100
2022-09-01,81.44999694824219,81.83000183105469,80.12000274658203,81.63999938964844,76.4398422241211,11566000
2022-09-02,81.55000305175781,82.9800033569336,80.61000061035156,80.9000015258789,75.7469711303711,8850100
2022-09-06,81.02999877929688,81.02999877929688,79.5199966430664,80.02999877929688,74.932373046875,12704400
2022-09-07,78.38999938964844,80.18000030517578,78.2300033569336,79.94999694824219,74.85749053955078,9843500
2022-09-08,79.01000213623047,80.73999786376953,78.7699966430664,80.23999786376953,75.12899780273438,8181700
2022-09-09,80.83000183105469,81.66000366210938,80.73999786376953,81.52999877929688,76.33685302734375,7084700
2022-09-12,81.97000122070312,82.5,81.76000213623047,82.1500015258789,76.9173355102539,7903000
2022-09-13,80.41999816894531,81.13999938964844,78.5199966430664,78.80999755859375,73.79008483886719,12835100
2022-09-14,79.73999786376953,80.16000366210938,78.9800033569336,79.66000366210938,74.5859603881836,8849600
2022-09-15,78.58000183105469,79.25,77.66999816894531,77.9800033569336,73.4259033203125,10533100
2022-09-16,77.11000061035156,78.0,76.91999816894531,77.88999938964844,73.3411636352539,10604500
2022-09-19,76.55000305175781,78.2300033569336,76.55000305175781,78.2300033569336,73.66130828857422,10378600
2022-09-20,77.54000091552734,78.44000244140625,77.51000213623047,78.1500015258789,73.58597564697266,8202800
2022-09-21,77.58000183105469,79.30999755859375,77.13999938964844,77.13999938964844,72.63497161865234,10869000
2022-09-22,76.44999694824219,76.75,75.36000061035156,75.62999725341797,71.21314239501953,10817900
2022-09-23,74.30000305175781,74.38999938964844,73.08999633789062,73.87000274658203,69.55593872070312,12685500
2022-09-26,73.47000122070312,74.19000244140625,72.91999816894531,73.01000213623047,68.74614715576172,13441500
2022-09-27,73.51000213623047,74.04000091552734,72.3499984741211,73.02999877929688,68.76498413085938,12430600
2022-09-28,71.11000061035156,72.29000091552734,70.69999694824219,72.12999725341797,67.91754913330078,12943600
2022-09-29,70.5199966430664,70.68000030517578,68.4800033569336,69.27999877929688,65.23397064208984,16120300
2022-09-30,67.80999755859375,69.6500015258789,67.73999786376953,68.55999755859375,64.55603790283203,10472400
2022-10-03,68.08000183105469,69.56999969482422,67.6500015258789,69.25,65.20574188232422,11945100
2022-10-04,70.80000305175781,72.93000030517578,70.72000122070312,72.80999755859375,68.55782318115234,14900700
2022-10-05,72.91999816894531,74.91000366210938,72.58000183105469,74.4800033569336,70.13029479980469,14037100
2022-10-06,73.97000122070312,74.91999816894531,73.86000061035156,74.3499984741211,70.00788116455078,11796800
2022-10-07,71.80999755859375,72.02999877929688,69.75,69.75,65.6765365600586,14758600
2022-10-10,69.8499984741211,69.87999725341797,67.01000213623047,67.44000244140625,63.501441955566406,16042200
2022-10-11,64.19999694824219,64.91000366210938,62.619998931884766,63.45000076293945,59.744468688964844,28699300
2022-10-12,63.599998474121094,64.2300033569336,63.369998931884766,64.11000061035156,60.36592483520508,16468700
2022-10-13,63.060001373291016,70.19999694824219,62.31999969482422,66.62000274658203,62.729347229003906,36639300
2022-10-14,67.26000213623047,67.44999694824219,63.779998779296875,63.91999816894531,60.187015533447266,19440900
2022-10-17,64.9800033569336,65.3499984741211,64.04000091552734,64.88999938964844,61.10035705566406,11280100
2022-10-18,65.9000015258789,66.11000061035156,62.779998779296875,63.709999084472656,59.989280700683594,16656100
2022-10-19,62.7400016784668,64.11000061035156,62.16999816894531,63.65999984741211,59.94220733642578,12385200
2022-10-20,63.75,65.27999877929688,63.380001068115234,63.58000183105469,59.86687088012695,11300900
2022-10-21,62.02000045776367,63.779998779296875,62.02000045776367,63.75,60.02694320678711,13699000
2022-10-24,60.58000183105469,61.619998931884766,59.68000030517578,61.290000915527344,57.710609436035156,25010800
2022-10-25,59.959999084472656,61.36000061035156,59.5099983215332,61.13999938964844,57.56937026977539,21700600
2022-10-26,60.86000061035156,61.97999954223633,60.43000030517578,60.84000015258789,57.28689956665039,14006000
2022-10-27,61.849998474121094,62.45000076293945,60.90999984741211,60.95000076293945,57.390464782714844,12937600
2022-10-28,60.77000045776367,62.029998779296875,60.06999969482422,62.0099983215332,58.388553619384766,11972300
2022-10-31,61.59000015258789,62.27000045776367,61.06999969482422,61.54999923706055,57.95542907714844,10802800
2022-11-01,63.2599983215332,63.43000030517578,61.58000183105469,61.58000183105469,57.983673095703125,11561900
2022-11-02,62.5,62.88999938964844,60.52000045776367,60.52000045776367,56.98558044433594,16547200
2022-11-03,60.0,60.88999938964844,59.43000030517578,60.279998779296875,56.75959396362305,11040900
2022-11-04,61.5099983215332,62.5,61.02000045776367,62.47999954223633,58.83111572265625,14662800
2022-11-07,62.619998931884766,62.93000030517578,61.970001220703125,62.7599983215332,59.09476852416992,8507100
2022-11-08,64.37000274658203,65.75,64.22000122070312,65.0199966430664,61.222774505615234,14102800
2022-11-09,66.52999877929688,66.5999984741211,64.94999694824219,65.0,61.20395278930664,15086800
2022-11-10,67.73999786376953,70.87000274658203,67.31999969482422,70.83999633789062,66.702880859375,21367900
2022-11-11,72.73999786376953,74.5999984741211,72.37999725341797,73.83000183105469,69.51825714111328,15524700
2022-11-14,73.23999786376953,73.68000030517578,72.23999786376953,72.80000305175781,68.54842376708984,11575300
2022-11-15,81.91999816894531,82.93000030517578,80.01000213623047,80.45999908447266,75.76107025146484,48742400
2022-11-16,80.55999755859375,80.56999969482422,78.9000015258789,79.44999694824219,74.81006622314453,24006600
2022-11-17,79.30000305175781,82.94000244140625,78.69000244140625,81.4800033569336,76.72148895263672,24278400
2022-11-18,82.77999877929688,82.83999633789062,81.0,82.2699966430664,77.46534729003906,18578400
2022-11-21,80.80999755859375,81.02999877929688,79.47000122070312,79.93000030517578,75.26201629638672,18659700
2022-11-22,81.3499984741211,83.19000244140625,81.2300033569336,82.54000091552734,77.71959686279297,16504700
2022-11-23,82.44000244140625,82.94999694824219,81.7300033569336,81.97000122070312,77.1828842163086,14683800
2022-11-25,82.13999938964844,82.37000274658203,81.4000015258789,81.4000015258789,76.64617156982422,5908300
2022-11-28,80.2699966430664,81.08000183105469,78.88999938964844,79.22000122070312,74.5934829711914,13214200
2022-11-29,79.91000366210938,80.20999908447266,78.95999908447266,79.33000183105469,74.69705963134766,11502300
2022-11-30,80.62999725341797,83.43000030517578,80.47000122070312,82.9800033569336,78.13390350341797,21667300
2022-12-01,83.04000091552734,83.62999725341797,81.13999938964844,82.68000030517578,77.8514175415039,15975100
2022-12-02,81.80999755859375,82.16000366210938,81.1500015258789,81.5,76.74031829833984,10519800
2022-12-05,81.94000244140625,82.18000030517578,80.94999694824219,81.62000274658203,76.85331726074219,11523300
2022-12-06,81.4000015258789,81.44000244140625,79.16000366210938,79.55999755859375,74.91361999511719,13992100
2022-12-07,79.0,79.70999908447266,78.58999633789062,79.23999786376953,74.6123275756836,14925300
2022-12-08,79.44999694824219,80.97000122070312,79.0999984741211,80.80000305175781,76.08123016357422,11197500
2022-12-09,80.8499984741211,82.19000244140625,80.69000244140625,80.69000244140625,75.9776382446289,13787900
2022-12-12,79.79000091552734,80.43000030517578,78.80000305175781,80.43000030517578,75.73282623291016,11516600
2022-12-13,82.08999633789062,82.08999633789062,79.62999725341797,80.51000213623047,75.80815124511719,16938000
2022-12-14,80.81999969482422,81.51000213623047,79.5199966430664,80.0199966430664,75.34675598144531,17910000
2022-12-15,79.20999908447266,79.20999908447266,77.38999938964844,77.61000061035156,73.4917221069336,17080200
2022-12-16,77.61000061035156,78.05999755859375,76.2300033569336,76.30000305175781,72.251220703125,11929100
2022-12-19,76.91999816894531,77.12000274658203,75.76000213623047,76.0999984741211,72.06183624267578,12561300
2022-12-20,75.11000061035156,76.19999694824219,74.9000015258789,75.62000274658203,71.60731506347656,12080600
2022-12-21,75.86000061035156,77.41999816894531,75.7699966430664,77.13999938964844,73.0466537475586,10806100
2022-12-22,76.27999877929688,76.43000030517578,74.0199966430664,75.27999877929688,71.28535461425781,13019700
2022-12-23,74.88999938964844,75.3499984741211,74.16999816894531,74.88999938964844,70.91604614257812,7452600
2022-12-27,74.33000183105469,74.73999786376953,74.16000366210938,74.31999969482422,70.37630462646484,8974800
2022-12-28,74.19000244140625,74.55000305175781,72.83999633789062,73.05999755859375,69.18314361572266,10275700
2022-12-29,74.3499984741211,76.04000091552734,74.1500015258789,76.0,71.96714782714844,11142500
2022-12-30,74.29000091552734,74.56999969482422,73.6500015258789,74.48999786376953,70.53727722167969,7784100
2023-01-03,75.8499984741211,75.97000122070312,73.7699966430664,74.02999877929688,70.10167694091797,9276200
2023-01-04,74.98999786376953,76.61000061035156,74.47000122070312,76.31999969482422,72.27017211914062,12316400
2023-01-05,76.0,76.44000244140625,75.33999633789062,75.7300033569336,71.71148681640625,10039200
2023-01-06,76.5,78.73999786376953,76.1500015258789,78.06999969482422,73.92729949951172,13744100
2023-01-09,80.55999755859375,81.22000122070312,80.05999755859375,80.30999755859375,76.04844665527344,22247600
2023-01-10,80.51000213623047,81.58000183105469,80.45999908447266,81.2699966430664,76.95752716064453,10269000
2023-01-11,81.56999969482422,81.88999938964844,80.62999725341797,81.77999877929688,77.4404525756836,11771400
2023-01-12,84.95999908447266,88.83000183105469,84.41999816894531,87.0,82.38345336914062,36086800
2023-01-13,85.41000366210938,87.0999984741211,84.9000015258789,86.80000305175781,82.19406127929688,18719900
2023-01-17,86.22000122070312,89.7300033569336,86.16000366210938,88.98999786376953,84.26785278320312,21850000
2023-01-18,90.4800033569336,91.22000122070312,89.36000061035156,89.47000122070312,84.72236633300781,19209800
2023-01-19,89.02999877929688,90.01000213623047,88.26000213623047,88.4000015258789,83.70915985107422,13651100
2023-01-20,90.0,91.02999877929688,89.19999694824219,91.02999877929688,86.19960021972656,14287200
2023-01-23,91.76000213623047,95.7300033569336,91.72000122070312,95.66000366210938,90.58392333984375,22875100
2023-01-24,95.79000091552734,98.0,91.55000305175781,94.55999755859375,89.54228210449219,11370500
2023-01-25,92.68000030517578,93.0,91.12000274658203,92.41000366210938,87.50639343261719,14147300
2023-01-26,93.88999938964844,94.27999877929688,92.63999938964844,93.44999694824219,88.49118041992188,15759400
2023-01-27,92.81999969482422,94.12000274658203,92.23999786376953,93.30000305175781,88.34915924072266,13646600
2023-01-30,92.8499984741211,94.25,92.58000183105469,93.12999725341797,88.18817901611328,14079800
2023-01-31,91.0,92.76000213623047,90.0,92.7300033569336,87.80939483642578,13342100
2023-02-01,93.0,95.7699966430664,92.56999969482422,94.73999786376953,89.71272277832031,16788500
2023-02-02,96.5999984741211,97.5,95.83999633789062,96.6500015258789,91.52137756347656,14925300
2023-02-03,95.04000091552734,96.94999694824219,94.30999755859375,94.66000366210938,89.63699340820312,12242200
2023-02-06,91.80000305175781,92.05000305175781,90.73999786376953,91.83000183105469,86.95716094970703,12425200
2023-02-07,91.77999877929688,94.69999694824219,91.68000030517578,94.55000305175781,89.5328140258789,15258900
2023-02-08,95.0199966430664,95.94000244140625,94.2300033569336,94.27999877929688,89.27714538574219,12899700
2023-02-09,96.0,98.56999969482422,95.62000274658203,96.69000244140625,91.55925750732422,16997400
2023-02-10,95.94999694824219,96.5,94.25,95.37000274658203,90.3093032836914,11511400
2023-02-13,95.47000122070312,96.38999938964844,94.91000366210938,96.11000061035156,91.0100326538086,7803500
2023-02-14,95.81999969482422,98.98999786376953,95.22000122070312,97.95999908447266,92.76187133789062,15345100
2023-02-15,92.33000183105469,93.68000030517578,90.7699966430664,92.76000213623047,87.83779907226562,30208300
2023-02-16,90.9800033569336,91.79000091552734,89.87999725341797,90.81999969482422,86.00074005126953,15568400
2023-02-17,89.97000122070312,90.30000305175781,88.94000244140625,90.0999984741211,85.31893920898438,11235300
2023-02-21,88.37999725341797,89.41999816894531,87.4800033569336,87.63999938964844,82.98947143554688,14007600
2023-02-22,87.75,88.08999633789062,86.66000366210938,86.83000183105469,82.22248077392578,10106400
2023-02-23,90.30000305175781,91.98999786376953,89.45999908447266,90.08000183105469,85.30001068115234,15468300
2023-02-24,88.08999633789062,88.1500015258789,87.23999786376953,88.11000061035156,83.4345474243164,8817600
2023-02-27,88.69999694824219,88.8499984741211,87.23999786376953,87.30000305175781,82.66752624511719,10609400
2023-02-28,87.13999938964844,88.1500015258789,86.9000015258789,87.06999969482422,82.44973754882812,7520400
2023-03-01,89.04000091552734,90.04000091552734,88.2699966430664,88.41999816894531,83.72809600830078,8176700
2023-03-02,87.63999938964844,89.33999633789062,87.12000274658203,89.02999877929688,84.30573272705078,9761600
2023-03-03,88.66999816894531,89.8499984741211,87.87999725341797,89.79000091552734,85.02540588378906,10844000
2023-03-06,90.08000183105469,91.33000183105469,89.51000213623047,89.58000183105469,84.82653045654297,9960000
2023-03-07,89.94999694824219,90.23999786376953,88.30000305175781,88.8499984741211,84.13529205322266,8761100
2023-03-08,88.3499984741211,90.83999633789062,88.13999938964844,90.83000183105469,86.01021575927734,8813000
2023-03-09,89.70999908447266,90.69000244140625,88.56999969482422,88.87999725341797,84.16368103027344,10354700
2023-03-10,88.02999877929688,89.16999816894531,87.19999694824219,87.25,82.62017822265625,11928800
2023-03-13,86.37999725341797,89.0,86.30999755859375,87.73999786376953,83.08417510986328,11847600
2023-03-14,88.02999877929688,89.62999725341797,87.70999908447266,89.29000091552734,84.55194854736328,11100100
2023-03-15,87.19999694824219,87.23999786376953,85.44000244140625,86.69999694824219,82.09934997558594,12171500
2023-03-16,85.94999694824219,89.47000122070312,85.81999969482422,89.30000305175781,85.0016098022461,13184600
2023-03-17,89.05999755859375,90.02999877929688,89.0,89.47000122070312,85.16342163085938,13287700
2023-03-20,89.20999908447266,90.37000274658203,88.66000366210938,90.04000091552734,85.70597839355469,8217500
2023-03-21,91.0,93.0,90.80000305175781,92.5,88.04756927490234,12299700
2023-03-22,93.5,95.02999877929688,92.54000091552734,92.62000274658203,88.16180419921875,12812400
2023-03-23,94.48999786376953,95.81999969482422,93.43000030517578,94.58999633789062,90.03697204589844,11169700
2023-03-24,93.94999694824219,94.18000030517578,92.08999633789062,92.79000091552734,88.32362365722656,7653700
2023-03-27,92.04000091552734,92.18000030517578,90.55000305175781,90.66000366210938,86.29613494873047,9349800
2023-03-28,90.66000366210938,90.87000274658203,89.91999816894531,90.80999755859375,86.43891143798828,7521300
2023-03-29,91.76000213623047,93.22000122070312,91.44999694824219,92.76000213623047,88.2950668334961,9264000
2023-03-30,93.3499984741211,93.5199966430664,92.02999877929688,92.47000122070312,88.01900482177734,10232800
2023-03-31,91.23999786376953,93.26000213623047,91.12999725341797,93.0199966430664,88.54254150390625,8701800
2023-04-03,93.01000213623047,93.5999984741211,91.70999908447266,92.83999633789062,88.37120056152344,6863600
2023-04-04,93.04000091552734,93.27999877929688,91.72000122070312,92.16999816894531,87.73345184326172,6338400
2023-04-05,91.5999984741211,92.18000030517578,89.05000305175781,90.19999694824219,85.85829162597656,9171800
2023-04-06,89.66000366210938,90.91000366210938,89.4000015258789,90.23999786376953,85.89635467529297,5874500
2023-04-10,88.41999816894531,89.02999877929688,86.47000122070312,89.0199966430664,84.73506164550781,12232900
2023-04-11,88.63999938964844,89.83999633789062,88.47000122070312,89.23999786376953,84.9444808959961,11079200
2023-04-12,88.91000366210938,89.5,86.86000061035156,86.87000274658203,82.6885757446289,11299100
2023-04-13,86.55999755859375,87.62999725341797,85.97000122070312,87.05000305175781,82.85990142822266,7910500
2023-04-14,87.94999694824219,88.37000274658203,86.54000091552734,87.19999694824219,83.002685546875,7656400
2023-04-17,87.75,88.05000305175781,87.16000366210938,87.98999786376953,83.75464630126953,8163600
2023-04-18,88.19999694824219,88.4000015258789,87.5,88.13999938964844,83.89743041992188,8468200
2023-04-19,86.2300033569336,87.37999725341797,86.04000091552734,87.2300033569336,83.03123474121094,11191300
2023-04-20,88.31999969482422,91.87999725341797,88.0999984741211,89.29000091552734,84.99210357666016,19206300
2023-04-21,87.77999877929688,87.91000366210938,85.27999877929688,85.37000274658203,81.26077270507812,13175400
2023-04-24,85.4000015258789,85.95999908447266,83.98999786376953,84.63999938964844,80.5658950805664,10567600
2023-04-25,83.2699966430664,83.4000015258789,82.26000213623047,82.29000091552734,78.32903289794922,13423700
2023-04-26,82.23999786376953,82.37999725341797,81.20999908447266,82.25,78.29094696044922,11583500
2023-04-27,82.9000015258789,83.86000061035156,82.16000366210938,83.66999816894531,79.64258575439453,10013700
2023-04-28,84.4800033569336,84.51000213623047,83.72000122070312,84.30000305175781,80.2422866821289,8262600
2023-05-01,84.30000305175781,84.69000244140625,83.9000015258789,83.9800033569336,79.93766784667969,4931100
2023-05-02,83.5,84.05000305175781,82.55000305175781,82.95999908447266,78.96676635742188,6875000
2023-05-03,82.62000274658203,83.76000213623047,82.44000244140625,82.69999694824219,78.71930694580078,7151600
2023-05-04,83.0,83.76000213623047,82.63999938964844,83.48999786376953,79.47125244140625,7290600
2023-05-05,84.30000305175781,85.56999969482422,83.75,84.97000122070312,80.88003540039062,6865000
2023-05-08,84.5,85.54000091552734,84.41000366210938,85.54000091552734,81.4225845336914,6746600
2023-05-09,85.25,85.4800033569336,84.30000305175781,85.05999755859375,80.96569061279297,7287800
2023-05-10,84.51000213623047,85.1500015258789,84.16999816894531,84.9000015258789,80.81339263916016,7442300
2023-05-11,84.13999938964844,84.13999938964844,82.52999877929688,83.43000030517578,79.41415405273438,8730900
2023-05-12,83.37999725341797,83.93000030517578,82.94999694824219,83.43000030517578,79.41415405273438,5069800
2023-05-15,83.33000183105469,85.66999816894531,83.2300033569336,85.66000366210938,81.53680419921875,8707300
2023-05-16,85.69000244140625,86.75,85.58999633789062,85.87999725341797,81.7462387084961,11283200
2023-05-17,88.30000305175781,91.80000305175781,88.05999755859375,90.87999725341797,86.50554656982422,23215600
2023-05-18,91.25,93.4000015258789,91.06999969482422,92.6500015258789,88.19035339355469,14879000
2023-05-19,92.12999725341797,92.79000091552734,91.55999755859375,92.58000183105469,88.12372589111328,9295200
2023-05-22,92.06999969482422,92.44000244140625,91.19999694824219,91.72000122070312,87.30511474609375,9259800
2023-05-23,91.0,91.33999633789062,90.33000183105469,90.44000244140625,86.08674621582031,7656700
2023-05-24,89.27999877929688,90.1500015258789,89.18000030517578,90.12999725341797,85.79163360595703,9443900
2023-05-25,97.05999755859375,102.37000274658203,96.9800033569336,100.94999694824219,96.09082794189453,60793200
2023-05-26,100.8499984741211,104.44000244140625,100.7300033569336,103.20999908447266,98.2420654296875,26135800
2023-05-30,103.79000091552734,105.23999786376953,101.52999877929688,101.9800033569336,97.0712661743164,25248000
2023-05-31,99.7300033569336,99.9800033569336,98.05999755859375,98.58999633789062,93.84442138671875,22206700
2023-06-01,98.68000030517578,100.58999633789062,98.5999984741211,98.83999633789062,94.08238983154297,14998500
2023-06-02,101.25,101.30000305175781,98.62000274658203,98.94000244140625,94.17758178710938,13085100
2023-06-05,98.01000213623047,98.80999755859375,94.25,98.05000305175781,93.33041381835938,10568500
2023-06-06,97.61000061035156,100.5999984741211,97.41999816894531,99.81999969482422,95.0152359008789,13827600
2023-06-07,101.37999725341797,103.0199966430664,99.54000091552734,100.29000091552734,95.46261596679688,14367500
2023-06-08,98.98999786376953,100.69999694824219,98.62999725341797,99.94000244140625,95.12946319580078,9074200
2023-06-09,102.69999694824219,104.68000030517578,102.25,102.80000305175781,97.8517837524414,14902400
2023-06-12,104.33999633789062,107.38999938964844,104.30999755859375,107.05999755859375,101.90673828125,20568100
2023-06-13,110.0,110.69000244140625,106.73999786376953,106.80000305175781,101.65925598144531,17858600
2023-06-14,106.02999877929688,107.69999694824219,105.22000122070312,107.41000366210938,102.2398910522461,12862600
2023-06-15,106.2699966430664,106.66000366210938,105.06999969482422,105.18000030517578,100.53656768798828,11987900
2023-06-16,105.43000030517578,105.75,104.3499984741211,104.56999969482422,99.9534912109375,11430800
2023-06-20,104.18000030517578,104.87999725341797,103.06999969482422,103.9800033569336,99.38954162597656,9295500
2023-06-21,103.1500015258789,103.7300033569336,101.62000274658203,101.63999938964844,97.15284729003906,9340400
2023-06-22,101.41999816894531,103.43000030517578,101.33000183105469,103.12999725341797,98.57706451416016,8575900
2023-06-23,101.5199966430664,102.19000244140625,101.01000213623047,101.91000366210938,97.41093444824219,8919000
2023-06-26,102.0199966430664,103.04000091552734,100.08999633789062,100.11000061035156,95.69039916992188,8560000
2023-06-27,101.1500015258789,102.79000091552734,100.0199966430664,102.08000183105469,97.57342529296875,9732000
2023-06-28,100.5,101.87999725341797,100.22000122070312,100.91999816894531,96.46460723876953,8160900
2023-06-29,101.33999633789062,101.5199966430664,100.0199966430664,100.63999938964844,96.19699096679688,7383900
2023-06-30,101.4000015258789,101.88999938964844,100.41000366210938,100.91999816894531,96.46460723876953,11704600
2023-07-03,102.25,103.68000030517578,102.06999969482422,103.1500015258789,98.59617614746094,5638400
2023-07-05,101.4000015258789,103.08999633789062,100.95999908447266,100.98999786376953,96.53153991699219,9010800
2023-07-06,99.0999984741211,99.55999755859375,98.5999984741211,99.41000366210938,95.02130126953125,9140800
2023-07-07,99.08000183105469,101.94000244140625,99.0,100.2300033569336,95.80508422851562,8036600
2023-07-10,100.25,100.75,99.4000015258789,99.7699966430664,95.36538696289062,8041600
2023-07-11,102.33000183105469,102.33000183105469,100.13999938964844,101.26000213623047,96.78961944580078,7677800
2023-07-12,102.83000183105469,104.43000030517578,102.76000213623047,103.9000015258789,99.31307983398438,10202000
2023-07-13,105.0,105.6500015258789,102.5199966430664,105.56999969482422,100.90933990478516,9265900
2023-07-14,106.0,107.30000305175781,104.86000061035156,105.13999938964844,100.49832153320312,9518300
2023-07-17,104.68000030517578,105.02999877929688,102.58999633789062,104.79000091552734,100.16378784179688,10722600
2023-07-18,103.69000244140625,103.7300033569336,102.01000213623047,103.1500015258789,98.59617614746094,10343600
2023-07-19,103.9000015258789,104.79000091552734,102.56999969482422,103.05999755859375,98.51013946533203,11204800
2023-07-20,98.55000305175781,100.44999694824219,97.05000305175781,97.86000061035156,93.53971099853516,22810200
2023-07-21,97.87999725341797,97.98999786376953,96.33000183105469,97.25,92.95665740966797,15381200
2023-07-24,97.2699966430664,98.2699966430664,96.77999877929688,98.25,93.9124984741211,9054900
2023-07-25,99.5199966430664,100.88999938964844,99.11000061035156,100.31999969482422,95.89109802246094,9202200
2023-07-26,99.48999786376953,100.12999725341797,98.56999969482422,99.41000366210938,95.02130126953125,8993500
2023-07-27,101.5,101.76000213623047,98.91000366210938,99.3499984741211,94.96395111083984,8049800
2023-07-28,100.11000061035156,100.98999786376953,99.77999877929688,100.86000061035156,96.40728759765625,6758700
2023-07-31,99.18000030517578,99.77999877929688,98.41999816894531,99.1500015258789,94.77276611328125,8647900
2023-08-01,99.13999938964844,99.19000244140625,98.08999633789062,98.4000015258789,94.0558853149414,6428500
2023-08-02,97.5,97.5,95.20999908447266,95.69999694824219,91.4750747680664,9820900
2023-08-03,94.83999633789062,95.80999755859375,94.58000183105469,94.9800033569336,90.78687286376953,8571700
2023-08-04,95.27999877929688,97.58000183105469,95.12999725341797,96.16000366210938,91.91477966308594,7562600
2023-08-07,96.7300033569336,96.94000244140625,95.2300033569336,96.3499984741211,92.09638977050781,6601400
2023-08-08,94.87999725341797,94.9000015258789,93.66999816894531,94.48999786376953,90.31849670410156,7659000
2023-08-09,95.83000183105469,95.8499984741211,93.70999908447266,93.9800033569336,89.83100891113281,6426900
2023-08-10,95.44999694824219,95.97000122070312,94.27999877929688,94.80000305175781,90.61480712890625,7459600
2023-08-11,93.5,93.5,91.97000122070312,91.98999786376953,87.92886352539062,10658400
2023-08-14,91.69000244140625,93.29000091552734,91.30000305175781,93.06999969482422,88.96118927001953,7489700
2023-08-15,92.5199966430664,92.70999908447266,91.48999786376953,91.68000030517578,87.63255310058594,6069500
2023-08-16,91.44000244140625,92.72000122070312,91.31999969482422,91.77999877929688,87.72814178466797,7439500
2023-08-17,92.91999816894531,92.91999816894531,91.3499984741211,91.63999938964844,87.59431457519531,7712500
2023-08-18,90.06999969482422,91.33000183105469,89.55999755859375,91.0999984741211,87.07816314697266,9066200
2023-08-21,90.5,92.91000366210938,90.5,92.55999755859375,88.47370147705078,8618300
2023-08-22,93.3499984741211,93.48999786376953,91.80999755859375,92.23999786376953,88.16783905029297,7059000
2023-08-23,93.79000091552734,95.0999984741211,93.23999786376953,94.22000122070312,90.06040954589844,10362600
2023-08-24,96.52999877929688,96.77999877929688,92.47000122070312,92.52999877929688,88.44503784179688,12254400
2023-08-25,92.25,93.41000366210938,91.41000366210938,93.0999984741211,88.98985290527344,10356000
2023-08-28,93.81999969482422,94.1500015258789,93.25,94.0,89.8501205444336,5174800
2023-08-29,93.7699966430664,95.62000274658203,93.51000213623047,95.08000183105469,90.8824462890625,8910300
2023-08-30,95.44999694824219,95.91999816894531,94.62999725341797,94.77999877929688,90.595703125,6073400
2023-08-31,93.33999633789062,94.4000015258789,93.2699966430664,93.56999969482422,89.4391098022461,8661200
2023-09-01,94.30000305175781,94.58000183105469,93.08999633789062,93.19000244140625,89.07588195800781,7094600
2023-09-05,93.4000015258789,95.05000305175781,92.87000274658203,94.5999984741211,90.42362976074219,6396500
2023-09-06,93.8499984741211,93.95999908447266,91.58999633789062,92.26000213623047,88.18696594238281,7933700
2023-09-07,90.06999969482422,90.29000091552734,88.43000030517578,90.05000305175781,86.07453155517578,14684400
2023-09-08,90.75,91.06999969482422,89.31999969482422,89.63999938964844,85.6826171875,5820800
2023-09-11,90.0999984741211,90.38999938964844,89.16000366210938,89.5999984741211,85.64437866210938,7268600
2023-09-12,90.45999908447266,91.56999969482422,90.41999816894531,90.4800033569336,86.48554229736328,8242600
2023-09-13,90.5999984741211,91.88999938964844,90.4800033569336,91.22000122070312,87.19286346435547,5757800
2023-09-14,92.77999877929688,92.93000030517578,91.2699966430664,91.47000122070312,87.88560485839844,6506300
2023-09-15,90.51000213623047,91.13999938964844,88.86000061035156,89.25,85.75259399414062,19940500
2023-09-18,88.54000091552734,89.66999816894531,88.43000030517578,88.83000183105469,85.34906768798828,6647400
2023-09-19,88.44999694824219,88.83999633789062,87.79000091552734,88.16999816894531,84.71492004394531,7172100
2023-09-20,88.5199966430664,89.31999969482422,87.29000091552734,87.29000091552734,83.8694076538086,6935300
2023-09-21,86.04000091552734,86.13999938964844,85.3499984741211,85.36000061035156,82.01502990722656,10652500
2023-09-22,86.25,86.7699966430664,85.44999694824219,85.63999938964844,82.28404998779297,7967200
2023-09-25,85.38999938964844,86.23999786376953,85.0199966430664,86.23999786376953,82.86054229736328,8758000
2023-09-26,84.94999694824219,85.2300033569336,84.0199966430664,84.29000091552734,80.98696899414062,8877600
2023-09-27,85.16999816894531,85.55999755859375,84.0999984741211,85.44000244140625,82.0919189453125,7860700
2023-09-28,85.25,87.12999725341797,84.9800033569336,86.41000366210938,83.02388763427734,6647700
2023-09-29,87.75,88.02999877929688,86.69999694824219,86.9000015258789,83.49468994140625,7338300
2023-10-02,87.18000030517578,88.41999816894531,87.0199966430664,87.6500015258789,84.21529388427734,6305000
2023-10-03,87.0,87.31999969482422,85.05999755859375,85.41000366210938,82.0630874633789,8201700
2023-10-04,85.47000122070312,86.76000213623047,85.37999725341797,86.66999816894531,83.27369689941406,7658500
2023-10-05,86.83000183105469,87.94000244140625,86.52999877929688,87.02999877929688,83.61959075927734,6651700
2023-10-06,88.08999633789062,90.0199966430664,87.37999725341797,89.29000091552734,85.7910385131836,9777100
2023-10-09,88.80000305175781,89.33999633789062,88.04000091552734,88.98999786376953,85.5028076171875,4781300
2023-10-10,89.2699966430664,90.66000366210938,89.13999938964844,90.61000061035156,87.05931091308594,7182900
2023-10-11,91.26000213623047,92.01000213623047,90.62999725341797,92.0,88.39482879638672,8051700
2023-10-12,92.51000213623047,93.44000244140625,91.83999633789062,92.41999816894531,88.79837036132812,8897800
2023-10-13,92.75,92.94000244140625,90.19999694824219,90.45999908447266,86.9151840209961,7985100
2023-10-16,90.4800033569336,91.9000015258789,90.43000030517578,91.22000122070312,87.64540100097656,8791800
2023-10-17,89.80999755859375,91.69999694824219,88.5199966430664,91.0,87.43402099609375,7997100
2023-10-18,88.87999725341797,90.01000213623047,88.58000183105469,89.5999984741211,86.0888900756836,9982700
2023-10-19,93.08999633789062,94.76000213623047,92.36000061035156,92.91000366210938,89.26918029785156,22751600
2023-10-20,92.0,94.31999969482422,91.08999633789062,91.30999755859375,87.73187255859375,12197300
2023-10-23,89.9800033569336,92.26000213623047,89.16000366210938,91.11000061035156,87.53971099853516,8227900
2023-10-24,91.19999694824219,92.0,90.86000061035156,91.63999938964844,88.04893493652344,7374800
2023-10-25,90.80000305175781,90.8499984741211,86.68000030517578,87.63999938964844,84.20569610595703,13027100
2023-10-26,87.12000274658203,88.13999938964844,86.54000091552734,87.44999694824219,84.02312469482422,9377300
2023-10-27,87.54000091552734,87.77999877929688,85.88999938964844,85.98999786376953,82.62034606933594,12480700
2023-10-30,87.30999755859375,88.30000305175781,86.0,86.05999755859375,82.6875991821289,9785500
2023-10-31,86.1500015258789,86.43000030517578,84.94999694824219,86.30999755859375,82.92780303955078,9004900
2023-11-01,86.47000122070312,87.87000274658203,86.33999633789062,87.80000305175781,84.35942840576172,9508800
2023-11-02,90.4000015258789,91.05000305175781,89.47000122070312,90.4800033569336,86.93441009521484,11032600
2023-11-03,91.6500015258789,92.44999694824219,90.83999633789062,91.79000091552734,88.19306182861328,9226700
2023-11-06,92.0,92.61000061035156,91.29000091552734,92.5999984741211,88.97132110595703,8402700
2023-11-07,92.25,93.05000305175781,91.75,92.41000366210938,88.78876495361328,6241300
2023-11-08,93.33000183105469,93.44000244140625,91.93000030517578,92.0,88.39482879638672,6537700
2023-11-09,92.62999725341797,93.37000274658203,91.5999984741211,91.62000274658203,88.02972412109375,8166000
2023-11-10,94.04000091552734,97.75,93.61000061035156,97.44000244140625,93.62167358398438,19281700
2023-11-13,97.01000213623047,97.18000030517578,95.72000122070312,96.41999816894531,92.64163208007812,9526300
2023-11-14,98.0,99.69000244140625,97.94999694824219,98.91000366210938,95.03407287597656,13873200
2023-11-15,99.94999694824219,100.69999694824219,98.41999816894531,98.80000305175781,94.9283676147461,10422900
2023-11-16,98.23999786376953,99.0999984741211,97.91000366210938,98.54000091552734,94.67855072021484,8459000
2023-11-17,98.94000244140625,99.72000122070312,98.31999969482422,99.58000183105469,95.67779541015625,7243000
2023-11-20,99.9000015258789,100.58999633789062,99.54000091552734,99.95999908447266,96.04290008544922,6448900
2023-11-21,100.0,100.1500015258789,98.23999786376953,98.41000366210938,94.55365753173828,10112600
2023-11-22,98.72000122070312,99.6500015258789,97.94999694824219,98.6500015258789,94.78425598144531,7413500
2023-11-24,98.4800033569336,98.7300033569336,97.47000122070312,97.83000183105469,93.99639129638672,4297600
2023-11-27,97.41999816894531,97.55000305175781,96.41999816894531,97.20999908447266,93.40068817138672,6856100
2023-11-28,97.87000274658203,98.25,97.23999786376953,97.9800033569336,94.14048767089844,6358100
2023-11-29,99.0,99.7300033569336,98.5999984741211,98.87999725341797,95.0052261352539,7091100
2023-11-30,98.93000030517578,98.9800033569336,96.9000015258789,97.30999755859375,93.49676513671875,9681400
2023-12-01,97.69999694824219,98.77999877929688,97.0199966430664,98.55000305175781,94.68814849853516,7500400
2023-12-04,97.05000305175781,97.19999694824219,95.25,97.01000213623047,93.20852661132812,10619400
2023-12-05,96.45999908447266,97.0199966430664,95.87999725341797,96.69000244140625,92.90104675292969,8009600
2023-12-06,97.80000305175781,98.56999969482422,97.44999694824219,97.8499984741211,94.01559448242188,11262300
2023-12-07,97.95999908447266,99.63999938964844,97.88999938964844,99.29000091552734,95.39915466308594,11373700
2023-12-08,99.12000274658203,100.37000274658203,98.94999694824219,100.3499984741211,96.41761016845703,10572500
2023-12-11,99.56999969482422,101.20999908447266,99.37000274658203,100.94999694824219,96.99410247802734,9482800
2023-12-12,100.1500015258789,101.6500015258789,99.94999694824219,101.5999984741211,97.61865234375,7378600
2023-12-13,101.4000015258789,102.68000030517578,100.91000366210938,102.12000274658203,98.1182632446289,8988800
2023-12-14,103.3499984741211,103.80999755859375,102.80000305175781,103.44999694824219,99.86457061767578,10074500
2023-12-15,103.5,104.76000213623047,102.38999938964844,102.54000091552734,98.98609924316406,16379200
2023-12-18,102.83999633789062,103.30999755859375,102.08000183105469,102.93000030517578,99.36259460449219,5660600
2023-12-19,103.23999786376953,103.9800033569336,103.08999633789062,103.87000274658203,100.27001953125,8498500
2023-12-20,102.69999694824219,103.08999633789062,99.94000244140625,100.04000091552734,96.57276916503906,10814100
2023-12-21,101.30000305175781,102.72000122070312,101.16000366210938,102.55000305175781,98.99576568603516,9068200
2023-12-22,102.93000030517578,103.58999633789062,102.70999908447266,103.1500015258789,99.57498168945312,5566400
2023-12-26,103.61000061035156,104.95999908447266,103.56999969482422,104.44999694824219,100.82989501953125,6407500
2023-12-27,105.05000305175781,105.37000274658203,104.08000183105469,104.6500015258789,101.02299499511719,5889700
2023-12-28,105.0,105.5199966430664,104.69999694824219,104.69999694824219,101.07124328613281,5335100
2023-12-29,104.72000122070312,104.97000122070312,103.66999816894531,104.0,100.39550018310547,4409600
2024-01-02,102.25,102.62000274658203,100.58999633789062,101.52999877929688,98.01112365722656,9020900
2024-01-03,100.33999633789062,101.25,99.66000366210938,100.16999816894531,96.69824981689453,6650600
2024-01-04,99.52999877929688,100.44000244140625,99.12000274658203,99.12999725341797,95.69428253173828,7996700
2024-01-05,99.0,100.63999938964844,98.80000305175781,99.61000061035156,96.15766143798828,7347300
2024-01-08,100.62999725341797,102.79000091552734,100.5,102.23999786376953,98.6965103149414,12455600
2024-01-09,101.05000305175781,101.97000122070312,100.20999908447266,101.88999938964844,98.358642578125,7764000
2024-01-10,102.5199966430664,102.77999877929688,99.9800033569336,100.80000305175781,97.3064193725586,6975700
2024-01-11,101.69999694824219,102.16000366210938,99.98999786376953,101.22000122070312,97.71186828613281,7862700
2024-01-12,100.88999938964844,102.37999725341797,100.87000274658203,101.23999786376953,97.7311782836914,6519700
2024-01-16,100.52999877929688,102.3499984741211,100.19999694824219,101.66999816894531,98.1462631225586,11185500
2024-01-17,100.87000274658203,103.33000183105469,100.0,102.94999694824219,99.38189697265625,17649500
2024-01-18,111.19999694824219,113.38999938964844,109.4800033569336,113.02999877929688,109.112548828125,58783700
2024-01-19,113.22000122070312,115.1500015258789,111.0199966430664,114.19999694824219,110.24198913574219,37812600
2024-01-22,114.77999877929688,115.0999984741211,112.5199966430664,113.02999877929688,109.112548828125,17755500
2024-01-23,113.5199966430664,114.62000274658203,113.16000366210938,114.12999725341797,110.1744155883789,11667900
2024-01-24,115.33000183105469,118.8499984741211,114.61000061035156,116.5199966430664,112.4815902709961,21859200
2024-01-25,118.0199966430664,118.83999633789062,116.4800033569336,116.55999755859375,112.52020263671875,15485300
2024-01-26,116.9000015258789,118.04000091552734,116.30000305175781,117.26000213623047,113.19593811035156,10196400
2024-01-29,117.16999816894531,117.87000274658203,115.76000213623047,116.9800033569336,112.92564392089844,10042200
2024-01-30,116.36000061035156,118.01000213623047,115.55999755859375,116.05999755859375,112.03752136230469,11030800
2024-01-31,113.5,114.73999786376953,112.87999725341797,112.95999908447266,109.04496765136719,12853900
2024-02-01,113.80000305175781,114.02999877929688,112.61000061035156,113.38999938964844,109.4600601196289,8807600
2024-02-02,114.86000061035156,115.95999908447266,113.91999816894531,115.75,111.73828125,10044000
2024-02-05,117.12999725341797,119.54000091552734,116.58000183105469,118.79000091552734,114.67292022705078,13267600
2024-02-06,120.12000274658203,120.98999786376953,118.27999877929688,119.37999725341797,115.24246215820312,11503800
2024-02-07,120.01000213623047,125.0,120.0,124.9800033569336,120.64837646484375,18172500
2024-02-08,127.0,134.75,126.11000061035156,133.72999572753906,129.0950927734375,33367000
2024-02-09,134.5,135.1699981689453,130.58999633789062,133.11000061035156,128.4966278076172,16984200
2024-02-12,133.27000427246094,133.50999450683594,130.25999450683594,130.4600067138672,125.9384536743164,14203800
2024-02-13,127.93000030517578,129.9199981689453,126.4800033569336,127.55000305175781,123.12930297851562,14494000
2024-02-14,129.6300048828125,130.7899932861328,127.95999908447266,129.27000427246094,124.78970336914062,13069700
2024-02-15,130.8000030517578,131.1300048828125,128.35000610351562,129.02999877929688,124.5580062866211,12554000
2024-02-16,127.12999725341797,128.63999938964844,125.80999755859375,126.69000244140625,122.29910278320312,13104400
2024-02-20,126.88999938964844,127.05999755859375,124.1500015258789,125.33000183105469,120.98624420166016,12038800
2024-02-21,124.43000030517578,125.37999725341797,122.91000366210938,125.33999633789062,120.99590301513672,11469700
2024-02-22,129.69000244140625,131.47999572753906,129.0,129.07000732421875,124.59662628173828,17014100
2024-02-23,130.5,131.00999450683594,127.7300033569336,129.52999877929688,125.04066467285156,10123300
2024-02-26,130.02000427246094,131.22999572753906,128.55999755859375,130.63999938964844,126.11222839355469,9526700
2024-02-27,130.77000427246094,131.97000122070312,128.58999633789062,128.58999633789062,124.13323974609375,8851800
2024-02-28,128.5,128.5800018310547,126.6500015258789,127.37999725341797,122.9651870727539,6519100
2024-02-29,128.02999877929688,129.19000244140625,127.1500015258789,128.6699981689453,124.21047973632812,9369900
2024-03-01,130.1300048828125,136.64999389648438,130.10000610351562,133.89999389648438,129.2592315673828,24393000
2024-03-04,139.94000244140625,141.99000549316406,137.67999267578125,138.25999450683594,133.46810913085938,26544600
2024-03-05,137.1199951171875,137.42999267578125,133.72999572753906,134.97000122070312,130.29212951660156,13694700
2024-03-06,138.8000030517578,144.0,138.61000061035156,141.57000732421875,136.6633758544922,22292700
2024-03-07,144.89999389648438,151.60000610351562,144.14999389648438,149.1999969482422,144.02894592285156,34675700
2024-03-08,153.89999389648438,158.39999389648438,144.92999267578125,146.3699951171875,141.29701232910156,43856900
2024-03-11,143.6199951171875,144.39999389648438,138.92999267578125,139.02000427246094,134.20175170898438,29227100
2024-03-12,144.52000427246094,146.6999969482422,140.57000732421875,144.39999389648438,139.39529418945312,21218500
2024-03-13,143.0500030517578,143.22999572753906,141.3699951171875,142.13999938964844,137.21363830566406,12923100
2024-03-14,142.61000061035156,143.10000610351562,139.02000427246094,139.6199951171875,134.78097534179688,14961900
2024-03-15,135.44000244140625,137.6999969482422,134.6300048828125,136.97999572753906,132.23245239257812,22751200
2024-03-18,140.17999267578125,141.5399932861328,136.61000061035156,136.63999938964844,132.43991088867188,14732900
2024-03-19,135.3000030517578,136.27000427246094,133.02999877929688,134.8699951171875,130.72430419921875,17341100
2024-03-20,136.52999877929688,137.30999755859375,135.00999450683594,136.75,132.54652404785156,12750200
2024-03-21,142.5500030517578,142.60000610351562,139.0399932861328,139.4499969482422,135.16354370117188,17809400
2024-03-22,139.39999389648438,141.33999633789062,139.11000061035156,140.5399932861328,136.22003173828125,9944100
2024-03-25,140.16000366210938,141.67999267578125,139.25999450683594,140.22999572753906,135.91957092285156,9922200
2024-03-26,140.61000061035156,140.9600067138672,138.63999938964844,138.83999633789062,134.57225036621094,10786400
2024-03-27,138.86000061035156,139.27999877929688,135.14999389648438,136.69000244140625,132.48834228515625,13842800
2024-03-28,135.67999267578125,136.8000030517578,135.44000244140625,136.0500030517578,131.86802673339844,10019400
2024-04-01,137.2899932861328,142.9600067138672,137.0500030517578,141.49000549316406,137.14080810546875,14222700
2024-04-02,140.3800048828125,141.0399932861328,139.35000610351562,140.22000122070312,135.9098663330078,9869200
2024-04-03,138.5800018310547,142.92999267578125,138.38999938964844,142.0,137.63514709472656,9707500
2024-04-04,144.0,146.75,139.42999267578125,139.66000366210938,135.3670654296875,15759500
2024-04-05,140.0,142.0,138.9199981689453,141.36000061035156,137.01483154296875,8263600
2024-04-08,145.24000549316406,146.0,142.75999450683594,142.7899932861328,138.40084838867188,16307400
2024-04-09,146.25999450683594,148.1699981689453,142.9499969482422,145.39999389648438,140.93064880371094,18443400
2024-04-10,146.6300048828125,148.42999267578125,145.25999450683594,146.22000122070312,141.7254180908203,18861300
2024-04-11,147.1999969482422,147.55999755859375,144.1300048828125,147.1999969482422,142.67529296875,11818800
2024-04-12,145.0,146.50999450683594,142.14999389648438,142.52000427246094,138.13916015625,12024000
2024-04-15,145.02000427246094,145.47999572753906,139.8800048828125,140.13999938964844,135.8323211669922,13458800
2024-04-16,137.88999938964844,140.5399932861328,137.05999755859375,139.8000030517578,135.5027618408203,14218200
2024-04-17,141.1300048828125,142.57000732421875,137.36000061035156,139.02999877929688,134.7564239501953,18823200
2024-04-18,132.88999938964844,135.1300048828125,130.3000030517578,132.27000427246094,128.20423889160156,39306100
2024-04-19,129.3699951171875,131.5500030517578,126.63999938964844,127.69999694824219,123.77469635009766,28284000
2024-04-22,126.75,130.66000366210938,125.77999877929688,129.75,125.76168823242188,18556800
2024-04-23,131.36000061035156,133.7100067138672,130.66000366210938,133.42999267578125,129.3285675048828,12573800
2024-04-24,136.08999633789062,136.2899932861328,131.5399932861328,132.97000122070312,128.8827362060547,15558000
2024-04-25,130.0,137.83999633789062,128.86000061035156,136.5800018310547,132.3817596435547,18034300
2024-04-26,136.80999755859375,138.74000549316406,135.9499969482422,138.3000030517578,134.0488739013672,9453400
2024-04-29,138.0,138.64999389648438,135.91000366210938,138.5,134.2427215576172,9997100
2024-04-30,137.94000244140625,139.6999969482422,137.25999450683594,137.33999633789062,133.11839294433594,10980600
2024-05-01,137.4199981689453,139.42999267578125,133.2100067138672,134.94000244140625,130.7921600341797,12561800
2024-05-02,135.60000610351562,136.74000549316406,133.22000122070312,136.22999572753906,132.04249572753906,9261900
2024-05-03,138.89999389648438,142.11000061035156,138.75999450683594,141.55999755859375,137.2086639404297,13264300
2024-05-06,140.47000122070312,142.8300018310547,139.80999755859375,142.8300018310547,138.4396209716797,8601600
2024-05-07,141.8699951171875,142.2899932861328,140.50999450683594,141.11000061035156,136.77249145507812,8682900
2024-05-08,141.11000061035156,144.25999450683594,140.8000030517578,143.60000610351562,139.1859588623047,10202300
2024-05-09,142.94000244140625,143.35000610351562,141.1300048828125,142.7899932861328,138.40084838867188,8012700
2024-05-10,147.22000122070312,150.5,146.92999267578125,149.25999450683594,144.67198181152344,23671400
2024-05-13,148.02000427246094,148.44000244140625,146.3000030517578,146.41000366210938,141.9095916748047,8278700
2024-05-14,146.49000549316406,152.00999450683594,146.25,151.9499969482422,147.279296875,12316500
2024-05-15,153.36000061035156,156.0,152.72999572753906,155.5800018310547,150.79771423339844,14027100
2024-05-16,154.10000610351562,155.05999755859375,152.2100067138672,152.22999572753906,147.55067443847656,13394100
2024-05-17,154.0,154.0,150.83999633789062,151.67999267578125,147.01756286621094,7711200
2024-05-20,151.6699981689453,154.24000549316406,150.82000732421875,153.5500030517578,148.8301239013672,9261200
2024-05-21,152.3000030517578,153.99000549316406,151.9499969482422,153.6699981689453,148.94642639160156,7919400
2024-05-22,155.8800048828125,157.22999572753906,154.5399932861328,156.14999389648438,151.35015869140625,13455200
2024-05-23,159.17999267578125,160.77999877929688,155.8699951171875,157.08999633789062,152.26129150390625,20873000
2024-05-24,157.1999969482422,160.66000366210938,156.7100067138672,160.0,155.08184814453125,11908200
2024-05-28,159.67999267578125,160.3800048828125,157.60000610351562,159.41000366210938,154.50997924804688,13964400
2024-05-29,156.75,156.8800048828125,153.2100067138672,154.33999633789062,149.5958251953125,15780000
2024-05-30,153.58999633789062,154.0500030517578,151.88999938964844,152.9600067138672,148.2582550048828,9687800
2024-05-31,151.47999572753906,152.5,147.80999755859375,151.0399932861328,146.39724731445312,13782600
2024-06-03,155.1199951171875,157.14999389648438,152.4600067138672,154.9499969482422,150.1870880126953,12924400
2024-06-04,153.39999389648438,153.7899932861328,150.99000549316406,152.47000122070312,147.78330993652344,10066700
2024-06-05,158.58999633789062,163.72999572753906,157.9499969482422,162.9199981689453,157.91207885742188,23192600
2024-06-06,164.52000427246094,164.6999969482422,160.36000061035156,162.07000732421875,157.0882568359375,14819100
2024-06-07,163.57000732421875,166.1199951171875,161.9600067138672,164.38999938964844,159.33692932128906,14023300
2024-06-10,164.0,169.83999633789062,162.4199981689453,168.16000366210938,162.99102783203125,12418900
2024-06-11,168.17999267578125,168.41000366210938,163.7899932861328,165.7100067138672,160.61634826660156,11508600
2024-06-12,173.36000061035156,176.05999755859375,171.5399932861328,172.97999572753906,167.66285705566406,20309500
2024-06-13,172.9499969482422,174.07000732421875,170.50999450683594,172.91000366210938,168.1237335205078,15591800
2024-06-14,172.0,173.63999938964844,170.36000061035156,172.50999450683594,167.7348175048828,9192500
2024-06-17,177.83999633789062,178.6699981689453,173.47999572753906,177.24000549316406,172.33389282226562,18593700
2024-06-18,180.02000427246094,184.86000061035156,178.99000549316406,179.69000244140625,174.716064453125,27155100
2024-06-20,182.5800018310547,183.1699981689453,173.5,175.3800048828125,170.52537536621094,28403200
2024-06-21,172.7100067138672,177.47999572753906,172.2100067138672,173.9600067138672,169.14468383789062,20175600
2024-06-24,170.42999267578125,171.4199981689453,167.1199951171875,167.80999755859375,163.1649169921875,19741700
2024-06-25,169.9499969482422,172.63999938964844,169.00999450683594,172.60000610351562,167.8223114013672,13346800
2024-06-26,172.1199951171875,173.69000244140625,170.1999969482422,172.07000732421875,167.30699157714844,11901500
2024-06-27,173.7899932861328,175.47999572753906,171.14999389648438,171.6300048828125,166.87918090820312,10864600
2024-06-28,172.80999755859375,176.82000732421875,172.80999755859375,173.80999755859375,168.99884033203125,11216100
2024-07-01,174.24000549316406,175.3000030517578,170.4499969482422,172.3300018310547,167.55979919433594,10717000
2024-07-02,171.1300048828125,176.7100067138672,171.02999877929688,175.6999969482422,170.83653259277344,10655500
2024-07-03,177.99000549316406,182.49000549316406,177.8800048828125,182.49000549316406,177.43856811523438,11808700
2024-07-05,184.13999938964844,185.0800018310547,182.3000030517578,183.99000549316406,178.8970489501953,11372900
2024-07-08,190.0,192.8000030517578,185.1300048828125,186.6300048828125,181.4639892578125,22582400
2024-07-09,188.08999633789062,188.44000244140625,182.5,184.52000427246094,179.4123992919922,19935200
2024-07-10,188.27999877929688,191.4199981689453,186.6999969482422,191.0500030517578,185.76162719726562,19293500
2024-07-11,193.08999633789062,193.47000122070312,183.00999450683594,184.5,179.39292907714844,21584200
2024-07-12,183.07000732421875,190.3800048828125,182.75,187.35000610351562,182.16404724121094,19220300
2024-07-15,188.67999267578125,190.05999755859375,184.0800018310547,185.22000122070312,180.09300231933594,15683100
2024-07-16,188.27000427246094,189.58999633789062,185.02000427246094,186.0399932861328,180.89027404785156,16663300
2024-07-17,175.22000122070312,176.5800018310547,170.50999450683594,171.1999969482422,166.4610595703125,45052600
2024-07-18,175.5,178.69000244140625,164.50999450683594,171.8699951171875,167.11251831054688,52903600
2024-07-19,169.1699981689453,170.52000427246094,165.22000122070312,165.77000427246094,161.18141174316406,22585300
2024-07-22,166.61000061035156,170.8800048828125,166.17999267578125,169.35000610351562,164.66229248046875,21037200
2024-07-23,169.4199981689453,171.5399932861328,167.97000122070312,169.82000732421875,165.11927795410156,11690700
2024-07-24,165.08999633789062,165.4499969482422,159.58999633789062,159.8000030517578,155.37661743164062,19536600
2024-07-25,158.16000366210938,163.39999389648438,152.11000061035156,160.27999877929688,155.84336853027344,25731800
2024-07-26,164.3000030517578,164.58999633789062,159.19000244140625,161.94000244140625,157.45741271972656,13089200
2024-07-29,162.67999267578125,163.22999572753906,158.6300048828125,160.00999450683594,155.580810546875,12663100
2024-07-30,160.44000244140625,161.14999389648438,152.5500030517578,154.5399932861328,150.26222229003906,22018000
2024-07-31,163.77000427246094,166.64999389648438,162.07000732421875,165.8000030517578,161.2105712890625,19860400
2024-08-01,163.47999572753906,167.6699981689453,156.83999633789062,158.17999267578125,153.80145263671875,21095600
2024-08-02,151.25,153.86000061035156,146.88999938964844,149.86000061035156,145.71180725097656,31095300
2024-08-05,133.86000061035156,150.0,133.57000732421875,147.9499969482422,143.85464477539062,31193100
2024-08-06,150.44000244140625,157.7100067138672,147.72000122070312,155.38999938964844,151.08872985839844,24528100
2024-08-07,161.5500030517578,162.64999389648438,154.52000427246094,155.0399932861328,150.74838256835938,22379000
2024-08-08,159.27000427246094,164.75,155.5399932861328,164.5500030517578,159.99514770507812,18889600
2024-08-09,166.32000732421875,167.8000030517578,163.24000549316406,167.1199951171875,162.49400329589844,20519400
2024-08-12,166.0,169.52999877929688,165.5399932861328,167.6300048828125,162.9899139404297,14727300
2024-08-13,168.0,172.4499969482422,166.33999633789062,172.33999633789062,167.5695037841797,15243500
2024-08-14,171.8800048828125,172.50999450683594,167.19000244140625,169.97000122070312,165.26513671875,11510300
2024-08-15,172.42999267578125,175.44000244140625,170.82000732421875,173.9600067138672,169.14468383789062,15393500
2024-08-16,173.38999938964844,175.0,172.25,174.5399932861328,169.7086181640625,10710000
2024-08-19,174.75999450683594,175.4499969482422,171.10000610351562,175.4499969482422,170.5934295654297,11511000
2024-08-20,175.39999389648438,175.39999389648438,169.85000610351562,172.0399932861328,167.27781677246094,13555500
2024-08-21,170.36000061035156,173.0800018310547,169.91000366210938,171.44000244140625,166.69444274902344,9434800
2024-08-22,172.0,173.27999877929688,166.05999755859375,166.44000244140625,161.8328399658203,13546100
2024-08-23,169.0,173.2899932861328,167.9199981689453,171.27999877929688,166.53884887695312,12189100
2024-08-26,170.3800048828125,171.0500030517578,167.82000732421875,169.07000732421875,164.3900604248047,9611300
2024-08-27,166.4199981689453,170.5800018310547,165.0399932861328,170.5500030517578,165.8290557861328,9186000
2024-08-28,171.32000732421875,172.47000122070312,166.1999969482422,169.1999969482422,164.5164337158203,10581400
2024-08-29,168.64999389648438,175.4199981689453,167.50999450683594,169.14999389648438,164.46780395507812,13213200
2024-08-30,170.05999755859375,172.22999572753906,168.75,171.6999969482422,166.94723510742188,9481400
2024-09-03,168.0,168.67999267578125,159.8000030517578,160.49000549316406,156.0475311279297,18464400
2024-09-04,159.3000030517578,163.8800048828125,158.9499969482422,160.8699951171875,156.41702270507812,11317400
2024-09-05,161.5399932861328,164.58999633789062,161.0500030517578,163.6999969482422,159.16868591308594,10260600
2024-09-06,164.88999938964844,165.41000366210938,156.00999450683594,156.82000732421875,152.4791259765625,14964400
2024-09-09,160.75999450683594,163.10000610351562,160.25,162.77999877929688,158.27413940429688,10339000
2024-09-10,162.88999938964844,162.88999938964844,157.69000244140625,162.42999267578125,157.933837890625,11910800
2024-09-11,163.8000030517578,170.3800048828125,161.4199981689453,170.22999572753906,165.51791381835938,15059500
2024-09-12,170.60000610351562,172.14999389648438,169.0,171.42999267578125,167.2999267578125,13399900
2024-09-13,172.24000549316406,174.77000427246094,171.4499969482422,172.5,168.3441619873047,8787800
2024-09-16,169.91000366210938,170.55999755859375,166.77000427246094,169.0800018310547,165.0065460205078,12194300
2024-09-17,169.35000610351562,170.24000549316406,166.36000061035156,167.35000610351562,163.3182373046875,8629100
2024-09-18,168.4600067138672,171.60000610351562,167.0,167.27999877929688,163.24990844726562,9116000
2024-09-19,174.3800048828125,177.77999877929688,172.6300048828125,176.22000122070312,171.9745330810547,15855000
2024-09-20,174.8699951171875,176.02000427246094,173.64999389648438,174.0800018310547,169.88609313964844,18429800
2024-09-23,174.83999633789062,175.39999389648438,173.6999969482422,174.75999450683594,170.54969787597656,5794200
2024-09-24,179.5,182.77999877929688,177.0500030517578,181.97000122070312,177.5860137939453,14576100
2024-09-25,181.52000427246094,183.82000732421875,181.2100067138672,182.35000610351562,177.95687866210938,8280900
2024-09-26,188.5,189.3300018310547,183.8000030517578,186.8300018310547,182.32891845703125,15103400
2024-09-27,185.83999633789062,185.94000244140625,177.39999389648438,177.97000122070312,173.68235778808594,17908400
2024-09-30,174.27000427246094,176.82000732421875,171.92999267578125,173.6699981689453,169.48599243164062,13540200
2024-10-01,175.30999755859375,175.99000549316406,170.77999877929688,172.07000732421875,167.92453002929688,11850200
2024-10-02,172.9600067138672,176.97000122070312,170.7899932861328,175.8000030517578,171.5646514892578,11164400
2024-10-03,175.8000030517578,180.7899932861328,175.1199951171875,179.47999572753906,175.156005859375,12555000
2024-10-04,179.6999969482422,181.22999572753906,177.5500030517578,181.16000366210938,176.79551696777344,9993800
2024-10-07,181.60000610351562,185.0,180.92999267578125,184.50999450683594,180.06480407714844,12054200
2024-10-08,184.9600067138672,186.5399932861328,182.02999877929688,186.0500030517578,181.5677032470703,10394200
2024-10-09,187.8000030517578,188.0,182.25999450683594,187.13999938964844,182.63143920898438,11925000
2024-10-10,185.86000061035156,187.0800018310547,184.39999389648438,185.77999877929688,181.30419921875,6443800
2024-10-11,188.1699981689453,191.49000549316406,188.00999450683594,190.80999755859375,186.21304321289062,12163900
2024-10-14,190.61000061035156,194.25,190.5,192.2100067138672,187.57933044433594,11714400
2024-10-15,192.9600067138672,193.6199951171875,184.25,187.1300048828125,182.62171936035156,21812700
2024-10-16,189.77999877929688,190.00999450683594,186.66000366210938,187.47999572753906,182.9632568359375,18689200
2024-10-17,203.35000610351562,212.60000610351562,201.97000122070312,205.83999633789062,200.8809356689453,62274700
2024-10-18,205.9499969482422,205.9499969482422,200.75999450683594,200.77999877929688,195.94284057617188,21030800
2024-10-21,200.80999755859375,203.44000244140625,199.66000366210938,201.9499969482422,197.0846405029297,14820000
2024-10-22,199.07000732421875,200.1699981689453,197.11000061035156,198.47999572753906,193.69825744628906,11165100
2024-10-23,196.67999267578125,203.1300048828125,196.22999572753906,200.86000061035156,196.02090454101562,16535700
2024-10-24,198.9600067138672,200.5,197.41000366210938,197.92999267578125,193.16146850585938,9935800
2024-10-25,200.25,205.1999969482422,200.0,203.44000244140625,198.53875732421875,13434900
2024-10-28,199.25999450683594,199.74000549316406,194.52000427246094,194.67999267578125,189.98977661132812,20135300
2024-10-29,194.38999938964844,198.7899932861328,193.60000610351562,196.94000244140625,192.1953582763672,13779100
2024-10-30,194.3800048828125,195.4499969482422,192.61000061035156,194.47999572753906,189.7946014404297,10007800
2024-10-31,192.86000061035156,192.86000061035156,187.66000366210938,190.5399932861328,185.94952392578125,13062700
2024-11-01,194.1999969482422,198.1699981689453,192.5500030517578,192.9499969482422,188.3014678955078,12691200
2024-11-04,193.6999969482422,194.36000061035156,190.60000610351562,191.55999755859375,186.9449462890625,10917300
2024-11-05,193.5800018310547,198.33999633789062,193.49000549316406,195.75999450683594,191.0437469482422,10339200
2024-11-06,192.0399932861328,194.25999450683594,188.5,193.22000122070312,188.5649871826172,19834900
2024-11-07,196.30999755859375,202.00999450683594,196.25,201.19000244140625,196.34295654296875,14865200
2024-11-08,203.88999938964844,206.61000061035156,200.02000427246094,201.1999969482422,196.35272216796875,13112100
2024-11-11,197.9600067138672,198.1999969482422,191.49000549316406,194.0500030517578,189.37498474121094,16610000
2024-11-12,193.8300018310547,194.0,189.72000122070312,191.77000427246094,187.14991760253906,11819000
2024-11-13,192.44000244140625,192.47999572753906,186.5,186.66000366210938,182.16302490234375,13882200
2024-11-14,188.39999389648438,192.66000366210938,187.5399932861328,188.5,183.9586944580078,11453900
2024-11-15,188.17999267578125,188.8000030517578,184.80999755859375,186.00999450683594,181.52867126464844,9834800
2024-11-18,184.35000610351562,188.0,183.49000549316406,187.47999572753906,182.9632568359375,10681500
2024-11-19,189.1300048828125,190.02000427246094,188.02000427246094,189.6699981689453,185.1005096435547,9390100
2024-11-20,188.85000610351562,188.85000610351562,184.05999755859375,188.36000061035156,183.82205200195312,10624500
2024-11-21,189.41000366210938,192.3000030517578,186.74000549316406,191.24000549316406,186.63265991210938,18137300
2024-11-22,192.9499969482422,193.0,189.42999267578125,190.0800018310547,185.50064086914062,8838900
2024-11-25,188.08999633789062,188.25,183.7100067138672,185.0800018310547,180.62107849121094,14380000
2024-11-26,185.39999389648438,185.89999389648438,182.3300018310547,183.83999633789062,179.4109344482422,10186600
2024-11-27,182.0,182.4499969482422,178.0500030517578,181.19000244140625,176.8247833251953,9895200
2024-11-29,181.50999450683594,186.9499969482422,181.17999267578125,184.66000366210938,180.211181640625,8045300
2024-12-02,189.33999633789062,195.2899932861328,188.94000244140625,194.39999389648438,189.71653747558594,16646900
2024-12-03,193.5,199.0,192.60000610351562,198.88999938964844,194.09837341308594,11217700
2024-12-04,199.85000610351562,202.60000610351562,198.27000427246094,200.69000244140625,195.85501098632812,12761100
2024-12-05,201.25,205.6300048828125,200.75,204.3000030517578,199.37802124023438,12483700
2024-12-06,202.0,203.19000244140625,199.92999267578125,203.02000427246094,198.12887573242188,9672900
2024-12-09,200.92999267578125,203.1300048828125,198.97999572753906,199.1699981689453,194.3716278076172,9699700
2024-12-10,199.10000610351562,199.91000366210938,190.3699951171875,191.94000244140625,187.31581115722656,15307900
2024-12-11,194.6699981689453,196.0,193.25999450683594,194.60000610351562,189.91171264648438,9027600
2024-12-12,194.6300048828125,195.4199981689453,191.2899932861328,191.4600067138672,187.4407196044922,7944900
2024-12-13,198.50999450683594,202.5399932861328,197.27000427246094,200.99000549316406,196.77064514160156,19477000
2024-12-16,203.1999969482422,205.5,200.8699951171875,202.22000122070312,197.97483825683594,15139300
2024-12-17,201.0,202.39999389648438,197.47000122070312,200.66000366210938,196.4475860595703,11169400
2024-12-18,203.0,205.24000549316406,193.9600067138672,195.55999755859375,191.45462036132812,14721100
2024-12-19,198.39999389648438,198.57000732421875,193.9499969482422,194.63999938964844,190.55397033691406,10553400
2024-12-20,192.60000610351562,198.0800018310547,191.97999572753906,197.2100067138672,193.0700225830078,16170100
2024-12-23,201.0,208.0500030517578,200.91000366210938,207.36000061035156,203.00692749023438,17847000
2024-12-24,205.9199981689453,207.1999969482422,204.5500030517578,206.3300018310547,201.99855041503906,7634500
2024-12-26,205.5,208.16000366210938,202.88999938964844,203.05999755859375,198.7971954345703,8044900
2024-12-27,204.5,204.5,199.0500030517578,201.6300048828125,197.39720153808594,10664400
2024-12-30,199.83999633789062,201.97000122070312,198.47999572753906,200.38999938964844,196.18324279785156,11235200
2024-12-31,200.7899932861328,201.77999877929688,197.36000061035156,197.49000549316406,193.34413146972656,6427900
2025-01-02,197.0,203.77000427246094,196.69000244140625,201.5800018310547,197.3482666015625,10951400
2025-01-03,204.10000610351562,208.8000030517578,203.6999969482422,208.61000061035156,204.23068237304688,10261900
2025-01-06,218.77000427246094,222.1999969482422,215.69000244140625,220.00999450683594,215.39138793945312,24339900
2025-01-07,221.24000549316406,221.47999572753906,211.32000732421875,211.4199981689453,206.98167419433594,17010000
2025-01-08,209.97000122070312,210.3000030517578,205.9199981689453,207.1199951171875,202.77194213867188,13262700
2025-01-10,207.60000610351562,209.97999572753906,203.22999572753906,208.3699951171875,203.9957275390625,17265200
2025-01-13,200.52000427246094,203.58999633789062,200.0500030517578,201.36000061035156,197.1328887939453,16612400
2025-01-14,205.19000244140625,206.25999450683594,198.5,201.4499969482422,197.22097778320312,14182900
2025-01-15,202.49000549316406,209.0399932861328,199.35000610351562,206.8000030517578,202.4586944580078,18286500
2025-01-16,218.88999938964844,221.9499969482422,213.1699981689453,214.7899932861328,210.2809600830078,38539600
2025-01-17,215.1699981689453,215.67999267578125,211.05999755859375,211.5,207.0600128173828,21606100
2025-01-21,214.4600067138672,220.14999389648438,212.0500030517578,218.6999969482422,214.10885620117188,19061300
2025-01-22,221.9499969482422,225.42999267578125,219.30999755859375,223.1999969482422,218.51438903808594,17294500
2025-01-23,220.10000610351562,224.6999969482422,219.41000366210938,224.6199951171875,219.9045867919922,8986800
2025-01-24,226.22000122070312,226.39999389648438,220.9600067138672,221.8800048828125,217.22210693359375,13183800
2025-01-27,197.0399932861328,207.0,187.6699981689453,192.30999755859375,188.27284240722656,68667500
2025-01-28,195.64999389648438,202.83999633789062,192.4600067138672,202.39999389648438,198.1510467529297,31738800
2025-01-29,204.49000549316406,206.4499969482422,199.75,202.3300018310547,198.08253479003906,15199500
2025-01-30,206.57000732421875,209.6199951171875,205.4199981689453,208.14999389648438,203.7803497314453,13539000
2025-01-31,209.92999267578125,215.0,208.1999969482422,209.32000732421875,204.92578125,15746900
2025-02-03,199.6300048828125,204.99000549316406,197.97999572753906,199.8000030517578,195.6056365966797,17719800
2025-02-04,204.07000732421875,205.75,202.0800018310547,204.0500030517578,199.7664337158203,12692900
2025-02-05,206.0,210.47999572753906,203.8300018310547,208.57000732421875,204.19154357910156,10997800
2025-02-06,210.05999755859375,211.17999267578125,207.0,210.5,206.08103942871094,8491400
2025-02-07,213.00999450683594,213.17999267578125,205.72000122070312,206.1199951171875,201.79295349121094,11616200
2025-02-10,208.0,209.97999572753906,206.52999877929688,207.9499969482422,203.5845184326172,9296500
2025-02-11,205.1300048828125,209.83999633789062,201.0,208.74000549316406,204.35797119140625,9224500
2025-02-12,204.89999389648438,207.07000732421875,203.00999450683594,206.3800048828125,202.04750061035156,7373700
2025-02-13,201.8800048828125,202.3000030517578,199.22999572753906,201.8300018310547,197.59300231933594,15580900
2025-02-14,199.97999572753906,206.25,197.4600067138672,203.89999389648438,199.6195526123047,23220300
2025-02-18,204.75999450683594,205.85000610351562,200.52000427246094,202.74000549316406,198.48394775390625,14988100
2025-02-19,202.00999450683594,202.60000610351562,200.02000427246094,200.9499969482422,196.73146057128906,13163100
2025-02-20,200.27999877929688,200.33999633789062,197.61000061035156,200.10000610351562,195.89932250976562,10639300
2025-02-21,201.3300018310547,202.69000244140625,196.00999450683594,198.24000549316406,194.07838439941406,13757300
2025-02-24,196.8800048828125,198.7899932861328,191.4600067138672,191.64999389648438,187.62672424316406,15114300
2025-02-25,190.64999389648438,193.52999877929688,187.47000122070312,189.3699951171875,185.39456176757812,20581000
2025-02-26,191.08999633789062,196.0800018310547,191.08999633789062,194.6199951171875,190.53439331054688,14112300
2025-02-27,194.69000244140625,194.77000427246094,181.0800018310547,181.08999633789062,177.2884063720703,24219200
2025-02-28,179.30999755859375,182.16000366210938,175.52000427246094,180.52999877929688,176.74017333984375,27929400
2025-03-03,181.14999389648438,181.57000732421875,171.07000732421875,172.97000122070312,169.3388671875,37403000
2025-03-04,175.05999755859375,183.60000610351562,174.17999267578125,180.0,176.22128295898438,29395200
2025-03-05,183.0,184.74000549316406,180.72000122070312,184.27999877929688,180.4114227294922,17334000
2025-03-06,178.5800018310547,181.5500030517578,175.7899932861328,175.85000610351562,172.1584014892578,17864300
2025-03-07,175.7899932861328,178.47000122070312,171.02000427246094,177.10000610351562,173.38217163085938,21012700
2025-03-10,172.47000122070312,174.88999938964844,167.91000366210938,170.64999389648438,167.06756591796875,18265100
2025-03-11,170.64999389648438,173.3300018310547,168.10000610351562,170.97000122070312,167.38084411621094,16561100
2025-03-12,175.60000610351562,178.1300048828125,174.75999450683594,177.1699981689453,173.45069885253906,14737600
2025-03-13,173.88999938964844,173.88999938964844,170.5,171.58999633789062,167.9878387451172,14381600
2025-03-14,172.64999389648438,174.3699951171875,171.92999267578125,174.08999633789062,170.43536376953125,11449400
2025-03-17,173.9499969482422,177.16000366210938,173.82000732421875,176.24000549316406,172.54022216796875,9678100
2025-03-18,174.3800048828125,174.5800018310547,170.42999267578125,173.1300048828125,170.15589904785156,9986000
2025-03-19,173.0,175.72999572753906,171.74000549316406,173.75999450683594,170.7750701904297,10678500
2025-03-20,174.85000610351562,178.6699981689453,174.5500030517578,177.47000122070312,174.4213409423828,12209700
2025-03-21,174.91000366210938,177.1999969482422,173.7899932861328,176.72999572753906,173.6940460205078,9993200
2025-03-24,179.99000549316406,182.92999267578125,179.67999267578125,181.16000366210938,178.0479736328125,11440000
2025-03-25,182.47000122070312,182.50999450683594,179.8000030517578,180.89999389648438,177.79241943359375,8718800
2025-03-26,179.22999572753906,179.5500030517578,171.47000122070312,173.5,170.51954650878906,14612400
2025-03-27,171.38999938964844,171.61000061035156,167.5500030517578,168.24000549316406,165.34991455078125,17559100
2025-03-28,168.0399932861328,168.6300048828125,164.05999755859375,165.25,162.4112548828125,16332000
2025-03-31,160.36000061035156,166.1300048828125,159.72999572753906,166.0,163.14837646484375,19408300
2025-04-01,166.38999938964844,168.8699951171875,165.05999755859375,168.63999938964844,165.74302673339844,9180000
2025-04-02,166.85000610351562,171.75,166.35000610351562,170.38999938964844,167.4629669189453,10072700
2025-04-03,160.05999755859375,161.8000030517578,157.2100067138672,157.3800048828125,154.6764678955078,28370500
2025-04-04,150.88999938964844,151.30999755859375,144.83999633789062,146.8000030517578,144.27822875976562,36085100
2025-04-07,134.50999450683594,153.75,134.25,146.1699981689453,143.65904235839844,46388300
2025-04-08,151.97999572753906,152.61000061035156,138.97999572753906,141.3699951171875,138.94149780273438,30479700
2025-04-09,140.1999969482422,160.6199951171875,137.89999389648438,158.75,156.02291870117188,45612500
2025-04-10,155.5,156.0,146.91000366210938,151.1300048828125,148.53384399414062,24503500
2025-04-11,156.0,158.00999450683594,153.25,157.0800018310547,154.38160705566406,19632200
2025-04-14,158.3000030517578,158.58999633789062,154.02999877929688,155.83999633789062,153.1629180908203,17509400
2025-04-15,156.49000549316406,158.25,156.0500030517578,157.3300018310547,154.6273193359375,14306600
2025-04-16,150.60000610351562,153.5399932861328,148.49000549316406,151.6699981689453,149.06454467773438,23806100
2025-04-17,156.0500030517578,157.5,151.4499969482422,151.74000549316406,149.1333465576172,27239900
2025-04-21,149.99000549316406,150.27999877929688,145.83999633789062,147.86000061035156,145.32000732421875,15170500
2025-04-22,148.0,152.60000610351562,147.44000244140625,151.39999389648438,148.7991943359375,12668600
2025-04-23,159.3699951171875,160.3800048828125,156.0,157.80999755859375,155.09909057617188,17667900
2025-04-24,157.77999877929688,164.5500030517578,157.38999938964844,164.17999267578125,161.35964965820312,18761100
2025-04-25,163.92999267578125,165.91000366210938,161.16000366210938,165.10000610351562,162.26385498046875,14654800
2025-04-28,165.0,165.32000732421875,160.5,163.39999389648438,160.59303283691406,11415600
2025-04-29,164.3800048828125,166.0,163.5,164.47999572753906,161.6544952392578,9830100
2025-04-30,163.5399932861328,166.9199981689453,161.75,166.69000244140625,163.82655334472656,10073000
2025-05-01,172.8000030517578,174.77999877929688,170.9499969482422,172.72000122070312,169.75294494628906,22670600
2025-05-02,179.8000030517578,180.64999389648438,177.13999938964844,179.27999877929688,176.2002716064453,21691200
2025-05-05,179.0,180.0800018310547,176.25,176.39999389648438,173.36972045898438,14618900
2025-05-06,172.60000610351562,174.74000549316406,170.58999633789062,172.27999877929688,169.3204803466797,14565600
2025-05-07,174.10000610351562,175.97999572753906,171.3699951171875,174.5399932861328,171.5417022705078,9682500
2025-05-08,175.33999633789062,177.4499969482422,173.66000366210938,175.22000122070312,172.2100067138672,10343000
2025-05-09,179.8000030517578,180.4600067138672,176.47000122070312,176.52000427246094,173.4876708984375,11582800
2025-05-12,187.27999877929688,189.1699981689453,184.61000061035156,186.97999572753906,183.76797485351562,22064900
2025-05-13,187.72000122070312,194.27999877929688,187.72000122070312,193.99000549316406,190.65757751464844,19996000
2025-05-14,195.27999877929688,196.22000122070312,193.22999572753906,194.75999450683594,191.41432189941406,12359000
2025-05-15,193.10000610351562,194.49000549316406,191.6300048828125,194.22000122070312,190.88360595703125,10241800
2025-05-16,194.52999877929688,195.0800018310547,192.57000732421875,194.22000122070312,190.88360595703125,9146700
2025-05-19,189.0,193.5,188.80999755859375,193.5,190.1759796142578,10144400
2025-05-20,191.8000030517578,193.72999572753906,190.80999755859375,193.4499969482422,190.12684631347656,7054100
2025-05-21,193.10000610351562,195.27000427246094,190.52999877929688,191.75999450683594,188.4658660888672,7375700
2025-05-22,191.33999633789062,196.8300018310547,191.33999633789062,196.19000244140625,192.81976318359375,11825000
2025-05-23,192.02000427246094,192.8000030517578,190.02999877929688,191.97999572753906,188.68206787109375,9403100
2025-05-27,194.10000610351562,198.30999755859375,193.6999969482422,197.67999267578125,194.28416442871094,12228200
2025-05-28,196.08999633789062,198.07000732421875,195.47999572753906,196.13999938964844,192.77061462402344,17787600
2025-05-29,199.4600067138672,199.8000030517578,196.0800018310547,197.14999389648438,193.76327514648438,14609900
2025-05-30,195.77000427246094,195.91000366210938,190.55999755859375,193.32000732421875,189.99905395507812,11998300
2025-06-02,193.0399932861328,195.16000366210938,192.1999969482422,194.83999633789062,191.4929656982422,7447400
2025-06-03,194.35000610351562,198.1699981689453,193.63999938964844,197.61000061035156,194.2153778076172,9548300
2025-06-04,201.3800048828125,204.02999877929688,200.3800048828125,202.39999389648438,198.92308044433594,13531100
2025-06-05,204.8800048828125,205.75999450683594,202.27999877929688,203.33999633789062,199.84693908691406,12214300
2025-06-06,203.5800018310547,206.2899932861328,203.22999572753906,205.17999267578125,201.6553192138672,8532000
2025-06-09,206.39999389648438,209.27000427246094,205.8699951171875,207.0,203.4440460205078,11472300
2025-06-10,211.61000061035156,213.22999572753906,209.9600067138672,212.4600067138672,208.81028747558594,14514000
2025-06-11,215.0,217.42999267578125,212.9499969482422,214.10000610351562,210.42210388183594,13326400
2025-06-12,212.9199981689453,215.8800048828125,211.91000366210938,215.42999267578125,212.50343322753906,9796100
2025-06-13,210.11000061035156,213.25999450683594,209.39999389648438,211.10000610351562,208.2322540283203,10152500
2025-06-16,213.0,217.60000610351562,212.72999572753906,215.67999267578125,212.75003051757812,10932900
2025-06-17,213.88999938964844,215.94000244140625,213.5,213.89999389648438,210.9942169189453,8389700
2025-06-18,214.6999969482422,215.1699981689453,212.88999938964844,213.5,210.5996551513672,6932000
2025-06-20,215.1999969482422,215.5,208.14999389648438,209.50999450683594,206.66384887695312,16992000
2025-06-23,206.6300048828125,210.58999633789062,206.1999969482422,210.32000732421875,207.46286010742188,7535500
2025-06-24,214.38999938964844,220.3699951171875,213.8800048828125,220.08999633789062,217.10011291503906,14814700
2025-06-25,220.8000030517578,223.5,220.8000030517578,222.74000549316406,219.71414184570312,9168400
2025-06-26,224.97999572753906,225.22000122070312,222.6999969482422,224.00999450683594,220.96688842773438,7982200
2025-06-27,224.3000030517578,228.8800048828125,224.02999877929688,228.57000732421875,225.46493530273438,13133000
2025-06-30,227.44000244140625,228.14999389648438,224.8000030517578,226.49000549316406,223.41319274902344,9279800
2025-07-01,227.42999267578125,228.60000610351562,221.17999267578125,224.67999267578125,221.62779235839844,9990200
2025-07-02,224.47999572753906,233.82000732421875,224.0,233.60000610351562,230.42660522460938,12012500
2025-07-03,233.8699951171875,237.5800018310547,233.27000427246094,234.8000030517578,231.61029052734375,7779600
2025-07-07,231.6300048828125,232.5500030517578,227.44000244140625,229.1699981689453,226.05679321289062,13817500
2025-07-08,229.77999877929688,230.3300018310547,227.5399932861328,227.86000061035156,224.76458740234375,8854400
2025-07-09,230.4499969482422,233.27000427246094,230.24000549316406,231.83999633789062,228.69052124023438,9475300
2025-07-10,232.77999877929688,233.0500030517578,227.77000427246094,229.75999450683594,226.6387481689453,13124700
2025-07-11,231.0,232.27000427246094,229.39999389648438,230.39999389648438,227.2700653076172,8817800
2025-07-14,229.3300018310547,229.85000610351562,226.30999755859375,228.6699981689453,225.56358337402344,10673500
2025-07-15,234.4600067138672,237.7100067138672,233.85000610351562,236.9499969482422,233.73110961914062,14270100
2025-07-16,236.39999389648438,238.30999755859375,234.14999389648438,237.55999755859375,234.3328094482422,15092800
2025-07-17,245.7899932861328,248.27999877929688,241.38999938964844,245.60000610351562,242.2635955810547,27395700
2025-07-18,245.30999755859375,245.97000122070312,238.69000244140625,240.39999389648438,237.1342315673828,16252000
2025-07-21,240.1199951171875,242.33999633789062,238.7100067138672,238.85000610351562,235.6052703857422,11971800
2025-07-22,237.8300018310547,238.0,231.75999450683594,234.60000610351562,231.41302490234375,11919500
2025-07-23,238.52000427246094,240.5,236.3800048828125,240.3300018310547,237.065185546875,9885400
2025-07-24,240.2100067138672,241.9499969482422,238.02999877929688,241.60000610351562,238.31793212890625,9081900
2025-07-25,241.32000732421875,246.24000549316406,240.94000244140625,245.60000610351562,242.2635955810547,11593400
2025-07-28,243.0,243.9499969482422,241.0500030517578,242.75,239.45230102539062,11892200
2025-07-29,241.5,243.97000122070312,239.82000732421875,241.3300018310547,238.0515899658203,9411500
2025-07-30,242.1199951171875,244.57000732421875,241.22000122070312,242.91000366210938,239.61013793945312,6823800
2025-07-31,245.97999572753906,247.41000366210938,239.8000030517578,241.6199951171875,238.337646484375,13490700
2025-08-01,235.6199951171875,237.19000244140625,231.83999633789062,235.2100067138672,232.0147247314453,13549800
2025-08-04,237.91000366210938,239.0,236.38999938964844,239.0,235.7532501220703,6450700
2025-08-05,238.3300018310547,238.6300048828125,230.1699981689453,232.47000122070312,229.31195068359375,11868900
2025-08-06,231.02999877929688,232.1999969482422,228.82000732421875,231.3699951171875,228.22691345214844,9457200
2025-08-07,244.47000122070312,247.83999633789062,240.8000030517578,242.6199951171875,239.32406616210938,17691000
2025-08-08,243.16000366210938,243.16000366210938,238.97000122070312,241.8300018310547,238.54478454589844,10552500
2025-08-11,242.0399932861328,245.35000610351562,241.5399932861328,242.08999633789062,238.80126953125,8272900
2025-08-12,243.72000122070312,244.77000427246094,241.6999969482422,244.2899932861328,240.97137451171875,7295800
2025-08-13,246.42999267578125,246.42999267578125,239.94000244140625,241.44000244140625,238.16009521484375,7971900
2025-08-14,237.97000122070312,241.3800048828125,236.82000732421875,241.0,237.72607421875,11040500
2025-08-15,240.3300018310547,240.8000030517578,237.25999450683594,238.8800048828125,235.6348876953125,8155500
2025-08-18,239.99000549316406,242.86000061035156,239.99000549316406,241.41000366210938,238.13050842285156,6919800
2025-08-19,240.02000427246094,240.1699981689453,232.5800018310547,232.6999969482422,229.53883361816406,14594700
2025-08-20,228.13999938964844,229.02999877929688,223.6999969482422,228.60000610351562,225.49453735351562,17165200
2025-08-21,228.14999389648438,230.3300018310547,226.25999450683594,227.3300018310547,224.2417755126953,7449100
2025-08-22,228.0,234.4499969482422,226.1699981689453,232.99000549316406,229.82489013671875,10299500
2025-08-25,234.3000030517578,237.27999877929688,232.25,235.58999633789062,232.38955688476562,7655000
2025-08-26,236.3699951171875,238.8300018310547,235.72999572753906,238.72000122070312,235.47705078125,9793100
2025-08-27,236.8699951171875,239.39999389648438,235.44000244140625,239.2899932861328,236.039306640625,9516400
2025-08-28,236.3000030517578,240.66000366210938,236.0,238.27000427246094,235.03317260742188,8466200
2025-08-29,235.83999633789062,235.9499969482422,230.5800018310547,230.8699951171875,227.7336883544922,15526000
2025-09-02,226.14999389648438,229.33999633789062,225.6300048828125,228.38999938964844,225.28738403320312,13974900
2025-09-03,231.52000427246094,232.4499969482422,228.60000610351562,231.38999938964844,228.2466278076172,7198500
2025-09-04,231.35000610351562,235.30999755859375,230.3000030517578,235.2100067138672,232.0147247314453,6241900
2025-09-05,240.24000549316406,244.5500030517578,237.89999389648438,243.41000366210938,240.10333251953125,14056600
2025-09-08,241.99000549316406,247.8800048828125,241.6199951171875,247.19000244140625,243.8319854736328,12986600
2025-09-09,246.92999267578125,254.72999572753906,246.92999267578125,250.9199981689453,247.5113067626953,13443400
2025-09-10,258.8699951171875,264.5799865722656,257.75,260.44000244140625,256.9020080566406,18822400
2025-09-11,260.3500061035156,261.6400146484375,258.2300109863281,258.9100036621094,255.39276123046875,10005000
2025-09-12,260.8500061035156,260.95001220703125,258.3800048828125,259.3299865722656,255.80706787109375,8496600
2025-09-15,260.0,262.79998779296875,258.75,261.3800048828125,257.8292541503906,8147700
2025-09-16,265.9200134277344,266.44000244140625,260.6099853515625,262.05999755859375,259.31549072265625,10381900
2025-09-17,264.3399963378906,264.80999755859375,259.7300109863281,262.7900085449219,260.037841796875,10422000
2025-09-18,258.0,270.5400085449219,257.9800109863281,268.6400146484375,265.8265686035156,16917300
2025-09-19,266.3699951171875,266.57000732421875,262.80999755859375,264.8699951171875,262.0960388183594,17640200
2025-09-22,266.5400085449219,276.3599853515625,265.45001220703125,272.6300048828125,269.7747802734375,15630300
2025-09-23,282.3999938964844,286.0,280.0,282.7099914550781,279.7492370605469,17830300
2025-09-24,280.30999755859375,281.2099914550781,276.7200012207031,280.7099914550781,277.77020263671875,10231000
2025-09-25,273.1199951171875,277.1400146484375,270.19000244140625,276.6600036621094,273.7626037597656,11863400
2025-09-26,273.8900146484375,275.5,270.6199951171875,273.3599853515625,270.4971618652344,10451900
2025-09-29,276.489990234375,279.8699951171875,273.2300109863281,273.2300109863281,270.3685302734375,8046200
2025-09-30,275.32000732421875,279.489990234375,273.8299865722656,279.2900085449219,276.3650817871094,8348800
2025-10-01,278.44000244140625,290.4800109863281,277.1700134277344,288.4700012207031,285.4488830566406,14620100
2025-10-02,296.5199890136719,296.7200012207031,287.0299987792969,288.1099853515625,285.0926818847656,10198000
2025-10-03,292.8599853515625,296.05999755859375,290.489990234375,292.19000244140625,289.1299743652344,10572500
2025-10-06,300.010009765625,307.29998779296875,299.94000244140625,302.3999938964844,299.2330017089844,15785000
2025-10-07,306.6199951171875,307.1000061035156,293.2799987792969,294.0299987792969,290.9506530761719,13081000
2025-10-08,295.0,306.3999938964844,293.9800109863281,304.5199890136719,301.3308410644531,12821200
2025-10-09,302.30999755859375,302.8299865722656,297.4200134277344,299.8800048828125,296.7394104003906,10259900
2025-10-10,299.9599914550781,300.20001220703125,280.3299865722656,280.6600036621094,277.7206726074219,23398000
2025-10-13,298.239990234375,304.6300048828125,292.32000732421875,302.8900146484375,299.7178955078125,20318300
2025-10-14,295.6300048828125,301.75,291.3399963378906,295.94000244140625,292.8406982421875,16567900
2025-10-15,306.2900085449219,306.6099853515625,300.07000732421875,304.7099914550781,301.518798828125,20788000
2025-10-16,310.92999267578125,311.3699951171875,296.69000244140625,299.8399963378906,296.6998291015625,26341500
2025-10-17,298.3999938964844,303.29998779296875,294.9200134277344,295.0799865722656,291.9896545410156,17633300
2025-10-20,300.0,303.6499938964844,297.05999755859375,297.70001220703125,294.5822448730469,13391600
2025-10-21,299.0,299.3699951171875,293.6600036621094,294.510009765625,291.4256896972656,11190500
2025-10-22,293.0,295.20001220703125,284.3999938964844,288.8800048828125,285.8546447753906,15409100
2025-10-23,289.79998779296875,294.0899963378906,289.6300048828125,290.7300109863281,287.68524169921875,10379900
2025-10-24,295.57000732421875,297.95001220703125,294.3900146484375,294.9599914550781,291.87091064453125,8747000
2025-10-27,298.6499938964844,300.4800109863281,293.69000244140625,298.25,295.12652587890625,13615000
2025-10-28,298.32000732421875,302.1300048828125,296.0799865722656,301.5299987792969,298.3721618652344,11804200
2025-10-29,305.79998779296875,307.9599914550781,302.3800048828125,305.0899963378906,301.89483642578125,16177300
2025-10-30,303.0799865722656,307.30999755859375,300.82000732421875,303.2200012207031,300.0444030761719,14507100
2025-10-31,305.989990234375,307.67999267578125,296.67999267578125,300.42999267578125,297.28363037109375,12667900
2025-11-03,302.5899963378906,310.1199951171875,302.1199951171875,304.8599853515625,301.667236328125,12466600
2025-11-04,296.8800048828125,301.989990234375,293.510009765625,294.04998779296875,290.9704895019531,16224300
2025-11-05,292.6199951171875,298.2200012207031,291.5,293.6400146484375,290.56475830078125,10502500
2025-11-06,294.1000061035156,294.6400146484375,287.3800048828125,289.239990234375,286.2108154296875,11516900
2025-11-07,285.2099914550781,287.8900146484375,277.1300048828125,286.5,283.4995422363281,15715700
2025-11-10,294.3599853515625,297.1300048828125,291.75,295.2699890136719,292.17767333984375,10869200
2025-11-11,292.05999755859375,294.9200134277344,288.9100036621094,291.1700134277344,288.1206359863281,9666300
2025-11-12,293.70001220703125,294.8699951171875,289.5799865722656,290.6199951171875,287.5763854980469,9715900
2025-11-13,289.1700134277344,289.5,280.0,282.20001220703125,279.2445983886719,13827600
2025-11-14,275.9100036621094,286.8599853515625,273.2300109863281,284.82000732421875,281.8371276855469,11486800
2025-11-17,281.44000244140625,286.5299987792969,279.79998779296875,282.010009765625,279.05657958984375,10227100
2025-11-18,277.54998779296875,280.19000244140625,272.7200012207031,277.9100036621094,274.99951171875,11850400
2025-11-19,276.9200134277344,284.54998779296875,276.32000732421875,282.3699951171875,279.41278076171875,11179200
2025-11-20,292.2099914550781,292.8500061035156,276.4100036621094,277.5,274.5937805175781,15747300
2025-11-21,272.80999755859375,278.69000244140625,266.82000732421875,275.05999755859375,272.1793518066406,20872800
2025-11-24,273.19000244140625,285.05999755859375,273.19000244140625,284.6400146484375,281.6590270996094,13570300
2025-11-25,282.7300109863281,285.3999938964844,273.0799865722656,284.67999267578125,281.6985778808594,13726800
2025-11-26,289.1000061035156,292.80999755859375,287.7300109863281,289.9599914550781,286.92327880859375,12220300
2025-11-28,292.4800109863281,292.6700134277344,289.0,291.510009765625,288.45703125,5515400
2025-12-01,286.9200134277344,291.1600036621094,283.19000244140625,287.67999267578125,284.6671447753906,7713000
2025-12-02,292.0,294.5,289.17999267578125,292.0899963378906,289.0309753417969,10746400
2025-12-03,292.17999267578125,296.6199951171875,286.07000732421875,295.45001220703125,292.3558349609375,9599200
2025-12-04,293.9800109863281,294.0299987792969,290.20001220703125,292.92999267578125,289.8622131347656,6753000
2025-12-05,296.04998779296875,300.79998779296875,293.25,294.7200012207031,291.6334533691406,10275300
2025-12-08,301.20001220703125,302.6199951171875,296.7200012207031,301.8699951171875,298.7085876464844,16643100
2025-12-09,299.989990234375,304.67999267578125,298.5,303.4100036621094,300.23248291015625,11349100
2025-12-10,305.3699951171875,313.9800109863281,302.5,310.1400146484375,306.8919982910156,12429200
2025-12-11,305.32000732421875,305.8399963378906,299.6400146484375,304.8500061035156,302.4717102050781,15028400
2025-12-12,304.2799987792969,304.2799987792969,290.9800109863281,292.0400085449219,289.76165771484375,19306100
2025-12-15,295.1499938964844,295.79998779296875,287.54998779296875,287.739990234375,285.4952087402344,12082400
2025-12-16,287.260009765625,288.4599914550781,283.32000732421875,286.8699951171875,284.6319885253906,11418400
2025-12-17,288.5299987792969,289.1000061035156,275.0799865722656,276.9599914550781,274.7992858886719,16823000
2025-12-18,285.0,287.1600036621094,281.75,284.67999267578125,282.4590759277344,11260300
2025-12-19,286.3800048828125,292.1700134277344,286.3800048828125,288.95001220703125,286.6957702636719,12735800
2025-12-22,294.6700134277344,295.010009765625,291.2099914550781,293.2799987792969,290.9919738769531,6091100
2025-12-23,293.3999938964844,297.9100036621094,292.20001220703125,296.95001220703125,294.63336181640625,6802300
2025-12-24,297.739990234375,299.1600036621094,296.2300109863281,298.79998779296875,296.4689025878906,2753900
2025-12-26,299.8999938964844,303.3800048828125,298.5199890136719,302.8399963378906,300.4773864746094,5125900
2025-12-29,301.7799987792969,304.5,298.6499938964844,300.9200134277344,298.5723876953125,6205100
2025-12-30,302.3599853515625,304.54998779296875,299.45001220703125,299.5799865722656,297.2427978515625,6190600
2025-12-31,304.0,307.3900146484375,303.42999267578125,303.8900146484375,301.51922607421875,8175100
2026-01-02,311.9800109863281,321.5899963378906,311.70001220703125,319.6099853515625,317.1165466308594,18526900
2026-01-05,330.3999938964844,331.25,321.5,322.25,319.7359619140625,17446300
2026-01-06,330.2200012207031,333.0799865722656,324.5899963378906,327.42999267578125,324.87554931640625,15599600
2026-01-07,324.6700134277344,326.29998779296875,318.5400085449219,318.67999267578125,316.1938171386719,11744800
2026-01-08,324.3900146484375,324.5,316.1400146484375,318.010009765625,315.529052734375,10850800
2026-01-09,319.8299865722656,324.7699890136719,318.25,323.6300048828125,321.1051940917969,12325100
2026-01-12,322.1000061035156,333.54998779296875,321.05999755859375,331.7699890136719,329.18170166015625,12714800
2026-01-13,332.8699951171875,336.4200134277344,330.7799987792969,331.2099914550781,328.6260681152344,11473600
2026-01-14,329.8599853515625,329.8599853515625,324.82000732421875,327.1099853515625,324.55804443359375,11210800
2026-01-15,342.80999755859375,351.3299865722656,337.9200134277344,341.6400146484375,338.9747314453125,42188500
2026-01-16,346.510009765625,349.8500061035156,341.4599914550781,342.3999938964844,339.728759765625,18246100
2026-01-20,340.7900085449219,342.1499938964844,326.8999938964844,327.1600036621094,324.607666015625,22809900
2026-01-21,333.42999267578125,333.6400146484375,325.67999267578125,326.1199951171875,323.5757751464844,16789800
2026-01-22,333.4200134277344,335.04998779296875,326.8999938964844,327.3699951171875,324.8160400390625,12801000
2026-01-23,332.07000732421875,337.1499938964844,331.3699951171875,334.8699951171875,332.25750732421875,12904400
2026-01-26,332.7900085449219,335.1000061035156,330.2300109863281,332.7099914550781,330.1143798828125,8646400
2026-01-27,336.5,341.25,334.55999755859375,338.3399963378906,335.700439453125,11298100
2026-01-28,343.0299987792969,345.5,338.6600036621094,342.29998779296875,339.6295471191406,12140100
2026-01-29,339.79998779296875,343.739990234375,328.20001220703125,339.54998779296875,336.9010009765625,13844800
2026-01-30,335.4200134277344,339.8999938964844,329.1000061035156,330.55999755859375,327.98114013671875,12028100
2026-02-02,330.760009765625,344.20001220703125,329.1000061035156,341.3599853515625,338.6968688964844,12459100
2026-02-03,345.07000732421875,347.04998779296875,330.0199890136719,335.75,333.1306457519531,12540000
2026-02-04,335.6000061035156,338.79998779296875,319.07000732421875,325.739990234375,323.19873046875,18176000
2026-02-05,322.82000732421875,334.57000732421875,319.6499938964844,330.7300109863281,328.1498107910156,14812000
2026-02-06,337.5,349.7200012207031,336.6499938964844,348.8500061035156,346.12847900390625,17025500
2026-02-09,348.760009765625,359.6000061035156,347.79998779296875,355.4100036621094,352.63726806640625,14594900
2026-02-10,364.3299865722656,364.760009765625,356.3900146484375,361.9100036621094,359.0865478515625,14622100
2026-02-11,370.0799865722656,379.5799865722656,368.3900146484375,374.0899963378906,371.1715393066406,18651300
2026-02-12,379.0,380.0,322.1000061035156,368.1000061035156,365.228271484375,16835400
2026-02-13,369.1499938964844,371.1099853515625,360.7699890136719,366.3599853515625,363.5018615722656,10468200
2026-02-17,361.8699951171875,366.20001220703125,356.239990234375,364.20001220703125,361.3587341308594,10063800
2026-02-18,363.8599853515625,369.3900146484375,360.7099914550781,362.260009765625,359.433837890625,7310500
2026-02-19,359.7200012207031,362.79998779296875,357.44000244140625,360.3900146484375,357.57843017578125,6346500
2026-02-20,359.7799987792969,372.20001220703125,359.1000061035156,370.5400085449219,367.64923095703125,9009200
2026-02-23,367.010009765625,373.42999267578125,366.4599914550781,370.0400085449219,367.15313720703125,9550200
2026-02-24,379.3999938964844,389.17999267578125,376.04998779296875,385.75,382.7405700683594,13269500
2026-02-25,390.2099914550781,390.2099914550781,384.8299865722656,387.7300109863281,384.70513916015625,10948400
2026-02-26,386.17999267578125,386.4700012207031,369.70001220703125,376.80999755859375,373.8703308105469,14535700
2026-02-27,370.1400146484375,376.67999267578125,368.6199951171875,374.5799865722656,371.65771484375,9186600
2026-03-02,365.3599853515625,373.1000061035156,364.6499938964844,369.1099853515625,366.2303466796875,12571600
2026-03-03,349.54998779296875,355.9800109863281,344.1400146484375,353.1300048828125,350.37506103515625,18580200
2026-03-04,357.42999267578125,361.0899963378906,354.54998779296875,357.44000244140625,354.6514587402344,12131100
2026-03-05,354.8999938964844,359.4700012207031,343.79998779296875,353.8599853515625,351.099365234375,16249800
2026-03-06,343.5,348.7200012207031,336.69000244140625,338.8900146484375,336.24615478515625,13803000
2026-03-09,335.6000061035156,349.3999938964844,331.9200134277344,348.70001220703125,345.9796447753906,19182800
2026-03-10,348.4700012207031,353.5,344.30999755859375,347.0899963378906,344.3821716308594,12985600
2026-03-11,353.92999267578125,357.3500061035156,350.3599853515625,354.55999755859375,351.79388427734375,10683300
2026-03-12,345.92999267578125,346.8900146484375,336.3800048828125,336.7099914550781,334.0831604003906,17549400
2026-03-13,343.9200134277344,344.5199890136719,336.2200012207031,338.30999755859375,335.670654296875,17299900
2026-03-16,341.25,344.6300048828125,339.82000732421875,340.2300109863281,337.5757141113281,11123500
2026-03-17,340.6000061035156,346.760009765625,338.3999938964844,345.9800109863281,344.2481384277344,11434600
2026-03-18,345.7799987792969,347.95001220703125,339.3399963378906,339.57000732421875,337.8702392578125,12632600
2026-03-19,329.2200012207031,339.8999938964844,325.19000244140625,338.7900085449219,337.0941467285156,15411600
2026-03-20,336.67999267578125,337.6000061035156,325.8999938964844,329.239990234375,327.5919189453125,17424200
2026-03-23,331.1000061035156,343.4100036621094,331.1000061035156,338.45001220703125,336.7558288574219,15857200
2026-03-24,335.57000732421875,344.8800048828125,334.0199890136719,343.25,341.5318298339844,9725000
2026-03-25,346.0,350.45001220703125,343.5,347.75,346.00927734375,12166900
2026-03-26,339.82000732421875,340.9100036621094,325.3699951171875,326.1099853515625,324.4775695800781,14560200
2026-03-27,324.8299865722656,329.55999755859375,322.30999755859375,326.739990234375,325.10443115234375,14484500
2026-03-30,327.20001220703125,329.6000061035156,313.79998779296875,316.5,314.91571044921875,15740000
2026-03-31,322.30999755859375,338.4100036621094,321.1400146484375,337.95001220703125,336.2583312988281,18488000
2026-04-01,343.8999938964844,348.67999267578125,339.75,341.489990234375,339.7806091308594,15011600
2026-04-02,326.8399963378906,342.07000732421875,326.79998779296875,339.0400085449219,337.3428955078125,8994600
2026-04-06,339.75,344.20001220703125,338.6199951171875,341.760009765625,340.04925537109375,5884800
2026-04-07,339.44000244140625,345.5299987792969,335.6499938964844,345.32000732421875,343.5914611816406,6823500
2026-04-08,370.2900085449219,374.29998779296875,359.239990234375,365.8999938964844,364.06842041015625,16356900
2026-04-09,363.29998779296875,368.1700134277344,360.7200012207031,365.489990234375,363.66046142578125,9246000
2026-04-10,375.5899963378906,378.0,369.75,370.6000061035156,368.7449035644531,13168200
2026-04-13,370.260009765625,371.4599914550781,366.04998779296875,369.57000732421875,367.7200622558594,9596300
2026-04-14,379.0400085449219,382.1600036621094,373.2200012207031,379.8900146484375,377.9884033203125,12859500
2026-04-15,381.4100036621094,381.9800109863281,372.2099914550781,375.1000061035156,373.2223815917969,14955500
2026-04-16,368.8599853515625,370.20001220703125,360.54998779296875,363.3500061035156,361.53118896484375,26405800
2026-04-17,373.20001220703125,375.5799865722656,365.1400146484375,370.5,368.6454162597656,18419400
2026-04-20,369.2200012207031,370.07000732421875,364.25,366.239990234375,364.4067077636719,11638300
2026-04-21,368.0799865722656,370.75,365.1099853515625,368.0799865722656,366.2375183105469,9808200
2026-04-22,371.7799987792969,387.9100036621094,370.6400146484375,387.44000244140625,385.5006103515625,16317200
2026-04-23,384.25,388.760009765625,375.80999755859375,382.6600036621094,380.7445068359375,12224900
2026-04-24,396.1400146484375,409.489990234375,393.8500061035156,402.4599914550781,400.4454345703125,21603600
2026-04-27,413.75,414.5,400.3999938964844,404.9800109863281,402.95281982421875,16561200
2026-04-28,392.1199951171875,397.8699951171875,384.70001220703125,392.3399963378906,390.3760681152344,14715800
2026-04-29,392.9100036621094,395.8500061035156,388.17999267578125,393.8299865722656,391.8586120605469,10313000
2026-04-30,397.80999755859375,398.7900085449219,385.7099914550781,396.05999755859375,394.07745361328125,12788100
2026-05-01,393.44000244140625,403.989990234375,392.1300048828125,397.6700134277344,395.6794128417969,9926400
2026-05-04,404.5199890136719,407.70001220703125,395.20001220703125,401.6099853515625,399.59967041015625,9978500
2026-05-05,404.6000061035156,406.1300048828125,392.6000061035156,394.4100036621094,392.4356994628906,14579000
2026-05-06,402.3999938964844,419.70001220703125,400.6499938964844,419.5,417.400146484375,17736400
2026-05-07,418.0899963378906,420.0,408.1099853515625,414.1499938964844,412.076904296875,13403200
2026-05-08,416.95001220703125,417.0,400.8800048828125,411.67999267578125,409.6192626953125,18531200
2026-05-11,406.739990234375,407.7300109863281,398.19000244140625,404.5400085449219,402.5150146484375,14680000
2026-05-12,397.75,402.239990234375,386.1199951171875,397.2799987792969,395.2913513183594,18121800
2026-05-13,398.2699890136719,404.67999267578125,391.4700012207031,399.79998779296875,397.7987365722656,13127800
2026-05-14,403.2099914550781,421.9700012207031,402.1000061035156,417.7200012207031,415.6290588378906,18577100
2026-05-15,406.5,409.8699951171875,398.8299865722656,404.3500061035156,402.3259582519531,11868600
2026-05-18,406.8800048828125,406.8800048828125,391.04998779296875,395.95001220703125,393.968017578125,12117200
2026-05-19,389.510009765625,398.8800048828125,385.05999755859375,392.6099853515625,390.64471435546875,14083000
2026-05-20,397.0,403.8800048828125,395.95001220703125,401.6199951171875,399.609619140625,10254300
2026-05-21,399.510009765625,411.4599914550781,399.510009765625,407.1499938964844,405.1119384765625,8937900
2026-05-22,409.42999267578125,410.6700134277344,402.8599853515625,404.5199890136719,402.4950866699219,7111900
2026-05-26,413.1199951171875,416.489990234375,410.07000732421875,412.32000732421875,410.2560729980469,10132000
2026-05-27,427.0199890136719,430.54998779296875,415.3800048828125,422.7300109863281,420.61395263671875,14695600
2026-05-28,422.2200012207031,427.6000061035156,414.7099914550781,424.8599853515625,422.7332763671875,8905800
2026-05-29,427.07000732421875,430.44000244140625,417.25,418.45001220703125,416.35540771484375,11232300
2026-06-01,424.8800048828125,449.3900146484375,422.5,435.6300048828125,433.44940185546875,18040400
2026-06-02,440.5799865722656,448.3800048828125,436.010009765625,446.69000244140625,444.45404052734375,10147900
2026-06-03,449.989990234375,450.1600036621094,434.5299987792969,436.69000244140625,434.50408935546875,10245200
2026-06-04,430.6300048828125,448.010009765625,427.29998779296875,444.9200134277344,442.6929016113281,10974100
2026-06-05,429.7699890136719,433.8999938964844,412.7900085449219,415.1700134277344,413.091796875,19644200
2026-06-08,423.7699890136719,433.80999755859375,422.5299987792969,426.79998779296875,424.66357421875,11245400
2026-06-09,430.8800048828125,438.1600036621094,405.510009765625,427.9200134277344,425.7779846191406,21199500
2026-06-10,413.9599914550781,426.32000732421875,407.70001220703125,408.75,406.70391845703125,13139700
2026-06-11,413.260009765625,422.25,408.8599853515625,421.07000732421875,419.94342041015625,13826500
2026-06-12,420.04998779296875,426.94000244140625,417.2099914550781,423.92999267578125,422.7957458496094,10362500
2026-06-15,438.67999267578125,442.5799865722656,431.92999267578125,441.3999938964844,440.2190246582031,11184900
2026-06-16,436.0199890136719,440.3299865722656,425.20001220703125,425.8299865722656,424.690673828125,10943500
2026-06-17,434.75,442.5,431.6400146484375,432.1499938964844,430.9937744140625,10934100
2026-06-18,438.8800048828125,465.2200012207031,438.3900146484375,462.1199951171875,460.8835754394531,25817100
2026-06-22,476.0899963378906,476.7900085449219,465.1700134277344,467.6700134277344,466.4187316894531,13686200
2026-06-23,439.17999267578125,447.3299865722656,434.19000244140625,436.3900146484375,435.2224426269531,20364500
2026-06-24,433.9800109863281,443.8599853515625,432.5799865722656,440.8299865722656,439.6505432128906,9991200
2026-06-25,452.8999938964844,452.8999938964844,432.44000244140625,434.989990234375,433.826171875,14769500
2026-06-26,425.0,436.1300048828125,419.19000244140625,432.3500061035156,431.1932373046875,17974100
2026-06-29,437.0,456.1000061035156,431.0899963378906,455.1000061035156,453.88238525390625,14881400
2026-06-30,455.6099853515625,479.0,453.0,477.57000732421875,476.2922668457031,15074300
2026-07-01,467.6700134277344,468.510009765625,443.4700012207031,444.2300109863281,443.0414733886719,18534800
2026-07-02,450.5400085449219,461.4700012207031,429.5,434.1600036621094,432.9983825683594,18375000
2026-07-06,447.7799987792969,460.0299987792969,445.6000061035156,451.7900085449219,450.58123779296875,12788500
2026-07-07,438.0199890136719,439.79998779296875,428.1099853515625,432.57000732421875,431.41265869140625,14898400
2026-07-08,429.0,440.489990234375,428.75,436.9800109863281,435.81085205078125,11411200
2026-07-09,446.7300109863281,447.69000244140625,436.3900146484375,436.9599914550781,435.7908935546875,11455600
2026-07-10,438.6700134277344,439.6600036621094,428.1000061035156,434.1099853515625,432.9485168457031,9595100
2026-07-13,433.82000732421875,437.989990234375,420.2900085449219,421.5799865722656,420.4520263671875,14329800
2026-07-14,430.8699951171875,431.05999755859375,418.8599853515625,420.3900146484375,419.2652587890625,14279000
2026-07-15,425.75,428.8900146484375,410.75,419.4800109863281,418.357666015625,17012300
2026-07-16,405.2900085449219,415.95001220703125,403.5,409.739990234375,408.6437072753906,24891300
2026-07-17,392.1199951171875,404.70001220703125,386.0199890136719,398.3699951171875,397.30413818359375,20986500
2026-07-20,407.7099914550781,409.8900146484375,400.0799865722656,402.29998779296875,401.2236328125,11653600
2026-07-21,418.739990234375,425.3999938964844,413.55999755859375,424.6099853515625,423.47393798828125,18210100
2026-07-22,414.9100036621094,424.80999755859375,414.2099914550781,421.2099914550781,420.0830383300781,10259500
2026-07-23,415.8399963378906,420.8399963378906,411.79998779296875,415.5799865722656,414.46807861328125,11048800
2026-07-24,411.3500061035156,412.9200134277344,400.79998779296875,403.4100036621094,402.3306579589844,11525100
2026-07-27,406.0799865722656,407.42999267578125,388.79998779296875,399.0899963378906,398.022216796875,17932300
2026-07-28,385.0,395.3599853515625,381.29998779296875,392.30999755859375,391.2603454589844,18276300
2026-07-29,388.0799865722656,391.25,372.7200012207031,374.6700134277344,373.6675720214844,21700200
2026-07-30,392.489990234375,406.7699890136719,387.6000061035156,403.30999755859375,402.2309265136719,17474200
2026-07-31,419.5,420.3500061035156,398.79998779296875,404.25,403.1684265136719,11956100
2026-08-03,400.5899963378906,407.44000244140625,398.20001220703125,406.1099853515625,405.0234375,12676900
2026-08-04,418.0,420.25,412.1099853515625,417.1700134277344,416.0538635253906,13929100
2026-08-05,419.32000732421875,426.29998779296875,413.07000732421875,414.0,412.892333984375,12790400
2026-08-06,409.5400085449219,423.9100036621094,407.989990234375,418.20001220703125,417.08111572265625,10628900
2026-08-07,424.7900085449219,424.7900085449219,413.1000061035156,420.0400085449219,418.9161682128906,9159600
2026-08-10,420.3399963378906,425.8800048828125,416.0,418.4700012207031,417.3503723144531,11776100
2026-08-11,424.20001220703125,424.8999938964844,418.8699951171875,422.05999755859375,420.9307556152344,9703600
2026-08-12,432.6499938964844,433.2799987792969,427.0199890136719,429.1499938964844,428.0018005371094,9534200
2026-08-13,429.1499938964844,436.0400085449219,428.3900146484375,430.489990234375,429.33819580078125,8194000
2026-08-14,429.20001220703125,429.2699890136719,424.1000061035156,426.3500061035156,425.20928955078125,6324700
2026-08-17,429.9700012207031,435.7099914550781,426.79998779296875,430.9700012207031,429.8169250488281,9479400
2026-08-18,417.0,419.6300048828125,410.7699890136719,413.4100036621094,412.3039245605469,14030100
2026-08-19,418.1300048828125,419.6000061035156,407.8800048828125,412.0899963378906,410.9874267578125,8424700
2026-08-20,408.6000061035156,417.9599914550781,407.7200012207031,416.0,414.886962890625,10447900
2026-08-21,423.0199890136719,425.67999267578125,416.70001220703125,418.95001220703125,417.8291015625,8947200
2026-08-24,413.8699951171875,414.3399963378906,405.1499938964844,410.1199951171875,409.022705078125,10645600
2026-08-25,414.5899963378906,419.7699890136719,414.0299987792969,417.4100036621094,416.293212890625,7049800
2026-08-26,418.45001220703125,420.75,414.4100036621094,417.69000244140625,416.57244873046875,7449300
2026-08-27,423.0199890136719,429.6400146484375,420.5299987792969,427.29998779296875,426.15673828125,12749800
2026-08-28,427.489990234375,429.1199951171875,417.32000732421875,417.5199890136719,416.40289306640625,8896900
2026-08-31,417.2300109863281,423.79998779296875,414.6000061035156,415.32000732421875,414.20880126953125,6748000
2026-09-01,417.79998779296875,418.6199951171875,412.07000732421875,414.0,412.892333984375,7920800
2026-09-02,413.20001220703125,416.5,411.2699890136719,415.5,414.3883056640625,6301000
2026-09-03,413.2900085449219,417.29998779296875,407.82000732421875,417.010009765625,415.894287109375,7827800
2026-09-04,421.8800048828125,429.82000732421875,419.4200134277344,428.9100036621094,427.762451171875,12276300
2026-09-08,438.0199890136719,444.2900085449219,433.7200012207031,439.0,437.825439453125,13079900
2026-09-09,434.4599914550781,439.3999938964844,431.8699951171875,435.3599853515625,434.1951599121094,7499300
2026-09-10,426.44000244140625,432.5299987792969,424.04998779296875,428.0299987792969,426.8847961425781,8368100
2026-09-11,431.54998779296875,435.3699951171875,428.8999938964844,433.239990234375,432.0808410644531,10629200
2026-09-14,416.010009765625,424.45001220703125,416.010009765625,418.010009765625,416.8916015625,14305900
2026-09-15,421.94000244140625,421.94000244140625,412.54998779296875,413.75,412.64300537109375,9452600
2026-09-16,418.20001220703125,419.8500061035156,413.8800048828125,417.7200012207031,417.7200012207031,10490900
2026-09-17,424.3999938964844,430.5299987792969,423.3900146484375,430.260009765625,430.260009765625,12447700
2026-09-18,429.0400085449219,434.82000732421875,428.9800109863281,434.6700134277344,434.6700134277344,12884300