ticker,name,tier,in_sp500,sector,price_date,px,eps0,period_end,eps_refreshed,eps_refresh_ratio,dy,vol36,y10,cons_0y,cons_1y,earnings_ts,currency,orbit_px_6,orbit_px_12,orbit_px_24
A,Agilent Technologies Inc. Common Stock,S&P 500,True,gics_health,2026-10-06,169.33,5.08834,2026-07-31,False,,0.00609708,0.306753,0.046,6.20123,6.75811,1.78777e+09,USD,177.115,185.259,202.685
AA,Alcoa Corporation Common Stock ,S&P 400,False,gics_indu,2026-10-06,43.17,4.80075,2026-06-30,False,,0.00905229,0.535426,0.046,6.49305,5.77643,1.79209e+09,USD,45.0882,47.0915,51.3693
AAL,American Airlines Group Inc. Common Stock,S&P 400,False,gics_discr,2026-10-06,13,-0.491992,2026-06-30,False,,0,0.641743,0.046,-0.64147,1.64539,1.79267e+09,USD,13.6392,14.3099,15.7517
AAON,AAON Inc. Common Stock,S&P 400,False,gics_indu,2026-10-06,88.07,1.9026,2026-06-30,False,,0.00476995,0.897834,0.046,2.35667,3.49833,1.78636e+09,USD,92.1803,96.4825,105.699
AAP,Advance Auto Parts Inc.,S&P 600,False,gics_discr,2026-10-06,41.24,1.37705,2026-07-18,False,,0.0240909,0.439533,0.046,2.99398,3.91486,1.78723e+09,USD,42.7497,44.3148,47.6188
AAPL,Apple Inc. Common Stock,S&P 500,True,hardware,2026-10-06,333.63,8.75534,2026-06-27,False,,0.00313303,0.246892,0.046,8.83145,9.58285,1.79365e+09,USD,349.487,366.097,401.725
AARD,Aardvark Therapeutics Inc. Common Stock,,False,gics_health,2026-10-06,5.04,-3.19913,2026-06-30,False,,0,1.6202,0.046,-3.1675,-2.38125,,USD,5.28782,5.54783,6.10682
AAT,American Assets Trust Inc. Common Stock,S&P 600,False,gics_re,2026-10-06,21.5,0.233674,2026-06-30,False,,0.0638725,0.329983,0.046,,,1.79313e+09,USD,21.8482,22.202,22.9268
ABBV,AbbVie Inc. Common Stock,S&P 500,True,gics_health,2026-10-06,266.69,3.55693,2026-06-30,False,,0.025493,0.218571,0.046,13.8806,16.2617,1.79336e+09,USD,276.259,286.172,307.078
ABCB,Ameris Bancorp Common Stock,S&P 600,False,gics_fin,2026-10-06,79.95,5.55319,2026-06-30,False,,0.00986731,0.216401,0.046,6.62714,7.02,1.7927e+09,USD,83.4684,87.1416,94.98
ABG,Asbury Automotive Group Inc Common Stock,S&P 600,False,gics_discr,2026-10-06,169.76,26.8158,2026-06-30,False,,0,0.269634,0.046,26.0025,29.9463,1.7931e+09,USD,178.107,186.865,205.693
ABM,ABM Industries Incorporated Common Stock,S&P 600,False,gics_discr,2026-10-06,48.4,2.80607,2026-07-31,False,,0.0224596,0.282093,0.046,4.00738,4.3525,1.78887e+09,USD,50.2128,52.0935,56.0689
ABNB,Airbnb Inc. Class A Common Stock,S&P 500,True,gics_discr,2026-10-06,160.39,4.42599,2026-06-30,False,,0,0.306326,0.046,5.27846,6.19194,1.79391e+09,USD,168.276,176.551,194.34
ABSI,Absci Corporation Common Stock,Russell 2000,False,gics_health,2026-10-06,10.27,-0.768881,2026-06-30,False,,0,1.02221,0.046,-0.80569,-0.67516,1.78648e+09,USD,10.775,11.3048,12.4439
ABT,Abbott Laboratories Common Stock,S&P 500,True,gics_health,2026-10-06,98.16,3.10519,2026-06-30,False,,0.0235707,0.272021,0.046,5.51899,6.06559,1.79259e+09,USD,101.78,105.533,113.461
ABX,Abacus Global Management Inc. Class A Common Stock,Russell 2000,False,gics_fin,2026-10-06,8.39,0.283239,2026-06-30,False,,0,0.453604,0.046,1.04167,1.19167,1.78605e+09,USD,8.80254,9.23537,10.1659
ACA,Arcosa Inc. Common Stock ,S&P 600,False,gics_indu,2026-10-06,146.5,9.9878,2026-06-30,False,,0.00137563,0.378718,0.046,4.29167,5.1195,1.78596e+09,USD,153.598,161.04,177.022
ACAD,ACADIA Pharmaceuticals Inc. Common Stock,S&P 600,False,gics_health,2026-10-06,19.74,2.20123,2026-06-30,False,,0,0.350177,0.046,0.59933,0.88853,1.78587e+09,USD,20.7106,21.729,23.9184
ACEL,Accel Entertainment Inc. ,Russell 2000,False,gics_discr,2026-10-06,10.94,0.674031,2026-06-30,False,,0,0.240784,0.046,0.82822,1.08,1.78587e+09,USD,11.4779,12.0423,13.2557
ACHC,Acadia Healthcare Company Inc. Common Stock,S&P 600,False,gics_health,2026-10-06,29.04,-12.3256,2026-06-30,False,,0,0.7696,0.046,1.55283,1.84676,1.78527e+09,USD,30.4679,31.966,35.1869
ACI,Albertsons Companies Inc. Class A Common Stock,S&P 400,False,gics_staples,2026-10-06,11.48,0.120066,2026-06-20,False,,0.0513542,0.289523,0.046,1.79259,1.84959,1.79189e+09,USD,11.7391,12.0041,12.5522
ACIW,ACI Worldwide Inc. Common Stock,S&P 600,False,gics_it,2026-10-06,50.71,2.19451,2026-06-30,False,,0,0.347152,0.046,3.59,3.89,1.78602e+09,USD,53.2034,55.8195,61.4438
ACLS,Axcelis Technologies Inc. Common Stock,S&P 600,False,gics_it,2026-10-06,141.15,2.98028,2026-06-30,False,,0,0.672005,0.046,4.106,5.268,1.78602e+09,USD,148.09,155.372,171.027
ACM,AECOM Common Stock,S&P 400,False,gics_discr,2026-10-06,60.16,2.22881,2026-06-30,False,,0.0186755,0.262934,0.046,4.00115,6.39541,1.78639e+09,USD,62.5315,64.9964,70.2217
ACR,ACRES Commercial Realty Corp. Common Stock,Russell 2000,False,gics_re,2026-10-06,10.3,3.14091,2026-06-30,False,,0,0.341823,0.046,0.24,1.225,1.78536e+09,USD,10.8065,11.3378,12.4802
ACT,Enact Holdings Inc. Common Stock,S&P 600,False,gics_fin,2026-10-06,46.32,4.79036,2026-06-30,False,,0.0179851,0.188435,0.046,4.84718,5.06858,1.78596e+09,USD,48.1625,50.0783,54.1416
ACVA,ACV Auctions Inc. Class A Common Stock,Russell 2000,False,gics_discr,2026-10-06,10.44,-0.36425,2026-06-30,False,,0,0.891372,0.046,0.19868,0.33191,1.78639e+09,USD,10.9533,11.4919,12.6498
AD,Array Digital Infrastructure Inc. Common Shares,,False,gics_comm,2026-10-06,34.32,6.19008,2026-06-30,False,,0,0.434722,0.046,,0.97,1.78611e+09,USD,36.0075,37.7781,41.5845
ADAM,Adamas Trust Inc. Common Stock,S&P 600,False,gics_re,2026-10-06,7.72,2.18879,2026-06-30,False,,0.104663,0.38499,0.046,1.23025,1.23972,1.78536e+09,USD,7.68663,7.65341,7.5874
ADBE,Adobe Inc. Common Stock,S&P 500,True,software,2026-10-06,238.12,18.0969,2026-08-28,False,,0,0.372149,0.046,24.4808,27.6733,1.79685e+09,USD,249.829,262.113,288.523
ADC,Agree Realty Corporation Common Stock,S&P 400,False,gics_re,2026-10-06,65.79,1.86625,2026-06-30,False,,0.0469349,0.199536,0.046,1.91786,1.913,1.79253e+09,USD,67.424,69.0985,72.5734
ADEA,Adeia Inc. Common Stock,S&P 600,False,gics_comm,2026-10-06,24.6,1.07238,2026-06-30,False,,0.00771775,0.532248,0.046,1.42375,1.60075,1.78579e+09,USD,25.7102,26.8705,29.3505
ADI,Analog Devices Inc. Common Stock,S&P 500,True,semis,2026-10-06,420.55,8.4309,2026-08-01,False,,0.0107833,0.3056,0.046,12.895,16.3481,1.78714e+09,USD,438.856,457.959,498.696
ADM,Archer-Daniels-Midland Company Common Stock,S&P 500,True,gics_staples,2026-10-06,82.21,3.64948,2026-06-30,False,,0.0251876,0.276315,0.046,5.48887,5.70649,1.79371e+09,USD,85.1729,88.2426,94.7178
ADNT,Adient plc Ordinary Shares ,S&P 600,False,gics_discr,2026-10-06,17.51,0.605296,2026-06-30,False,,0,0.548039,0.046,1.93715,3.03839,1.78593e+09,USD,18.371,19.2743,21.2164
ADP,Automatic Data Processing Inc. Common Stock,S&P 500,True,gics_indu,2026-10-06,262.36,10.9435,2026-06-30,False,,0.0246427,0.196051,0.046,12.2622,13.4012,1.79319e+09,USD,271.89,281.765,302.606
ADPT,Adaptive Biotechnologies Corporation Common Stock,Russell 2000,False,gics_health,2026-10-06,26.9,-0.399449,2026-06-30,False,,0,0.565982,0.046,-0.54251,-0.18045,1.78536e+09,USD,28.2227,29.6104,32.5939
ADSK,Autodesk Inc. Common Stock,S&P 500,True,software,2026-10-06,231.28,7.74528,2026-07-31,False,,0,0.346541,0.046,12.6124,14.1994,1.78786e+09,USD,242.652,254.584,280.235
ADT,ADT Inc. Common Stock,S&P 600,False,gics_discr,2026-10-06,6.36,0.838741,2026-06-30,False,,0,0.376656,0.046,0.92238,0.98523,1.78541e+09,USD,6.67273,7.00083,7.70622
ADTN,ADTRAN Holdings Inc. Common Stock,Russell 2000,False,gics_util,2026-10-06,7.62,-0.322232,2026-06-30,False,,0,0.783324,0.046,0.28857,0.58286,1.78579e+09,USD,7.99468,8.38778,9.23293
ADUS,Addus HomeCare Corporation Common Stock,S&P 600,False,gics_health,2026-10-06,113.16,5.69653,2026-06-30,False,,0,0.226473,0.046,7.04703,7.541,1.78579e+09,USD,118.724,124.562,137.113
ADV,Advantage Solutions Inc. Class A Common Stock,Russell 2000,False,gics_discr,2026-10-06,27.25,-21.083,2026-06-30,False,,0,4.67092,0.046,1.79,7.66,1.78593e+09,USD,28.5899,29.9957,33.018
AEE,Ameren Corporation Common Stock,S&P 500,True,gics_util,2026-10-06,101.68,5.60818,2026-06-30,False,,0.0290455,0.157805,0.046,5.39011,5.80127,1.78544e+09,USD,105.142,108.721,116.25
AEIS,Advanced Energy Industries Inc. Common Stock,S&P 400,False,gics_it,2026-10-06,302.77,5.18676,2026-06-30,False,,0.0014025,0.552493,0.046,11.2445,15.3397,1.78579e+09,USD,317.435,332.81,365.83
AEO,American Eagle Outfitters Inc. Common Stock,S&P 600,False,gics_discr,2026-10-06,17.89,1.95459,2026-08-01,False,,0.0306418,0.543603,0.046,2.18123,1.92264,1.78898e+09,USD,18.4843,19.0983,20.3882
AEP,American Electric Power Company Inc. Common Stock,S&P 500,True,gics_util,2026-10-06,121.67,5.70476,2026-06-30,False,,0.0318137,0.17942,0.046,6.38203,6.85684,1.79319e+09,USD,125.638,129.736,138.336
AES,The AES Corporation Common Stock,S&P 500,True,gics_util,2026-10-06,14.93,2.61818,2026-06-30,False,,0.0474402,0.41875,0.046,2.2985,2.3705,,USD,15.2969,15.6729,16.4527
AESI,Atlas Energy Solutions Inc. Common Stock,S&P 600,False,gics_indu,2026-10-06,12.71,-0.94707,2026-06-30,False,,0.0217054,0.647394,0.046,-0.826,0.08,1.78579e+09,USD,13.191,13.6902,14.7461
AEVA,Aeva Technologies Inc. Common Stock,Russell 2000,False,gics_discr,2026-10-06,14.57,-0.501325,2026-06-30,False,,0,0.893923,0.046,-1.534,-1.608,1.78596e+09,USD,15.2864,16.0381,17.654
AFG,American Financial Group Inc. Common Stock,S&P 400,False,gics_fin,2026-10-06,140.07,11.4406,2026-06-30,False,,0.0494852,0.1457,0.046,12.3971,12.0957,1.78587e+09,USD,143.366,146.739,153.726
AFL,AFLAC Incorporated Common Stock,S&P 500,True,gics_fin,2026-10-06,113.63,9.44472,2026-06-30,False,,0.0198722,0.184374,0.046,7.01681,7.57808,1.79382e+09,USD,118.039,122.618,132.317
AFRM,Affirm Holdings Inc. Class A Common Stock,大型股,False,gics_fin,2026-10-06,74.88,5.53192,2026-06-30,False,,0,0.680032,0.046,3.83097,4.82789,1.79391e+09,USD,78.5619,82.4248,90.7299
AGCO,AGCO Corporation Common Stock,S&P 400,False,gics_indu,2026-10-06,116.19,7.337,2026-06-30,False,,0.00955697,0.311331,0.046,5.62288,7.46318,1.78541e+09,USD,121.322,126.681,138.119
AGIO,Agios Pharmaceuticals Inc. Common Stock,Russell 2000,False,gics_health,2026-10-06,31.72,-6.91366,2026-06-30,False,,0,0.380996,0.046,-5.63375,-3.95714,1.78541e+09,USD,33.2797,34.9161,38.4342
AGL,agilon health inc. Common Stock,Russell 2000,False,gics_health,2026-10-06,83.4,-13.4908,2026-06-30,False,,0,5.4155,0.046,-0.15833,2.36143,1.79382e+09,USD,87.5008,91.8033,101.053
AGM,Federal Agricultural Mortgage Corporation Common Stock,Russell 2000,False,gics_fin,2026-10-06,213.92,20.9669,2026-06-30,False,,0,0.316302,0.046,20.88,23.14,1.78544e+09,USD,224.439,235.474,259.201
AGX,Argan Inc. Common Stock,S&P 600,False,gics_discr,2026-10-06,419.64,12.6304,2026-07-31,False,,0.00528881,0.750086,0.046,13.2695,16.1073,1.78838e+09,USD,439.111,459.486,503.115
AGYS,Agilysys Inc. Common Stock (DE),S&P 600,False,gics_it,2026-10-06,98.79,1.50925,2026-06-30,False,,0,0.638567,0.046,2.45625,3.20125,1.78518e+09,USD,103.648,108.744,119.701
AHR,American Healthcare REIT Inc. Common Stock,S&P 400,False,gics_re,2026-10-06,50.49,0.625924,2026-06-30,False,,0.0192468,0.253135,0.046,,0.99,1.79391e+09,USD,52.4653,54.5179,58.8671
AHRT,AH Realty Trust Inc. Common Stock,Russell 2000,False,gics_fin,2026-10-06,6.04,-0.491834,2026-06-30,False,,0.16734,0.340837,0.046,,,1.79365e+09,USD,5.82835,5.62412,5.23687
AI,C3.ai Inc. Class A Common Stock,Russell 2000,False,gics_it,2026-10-06,11.24,-2.8801,2026-07-31,False,,0,0.598554,0.046,-0.75982,-0.47567,1.78838e+09,USD,11.7927,12.3725,13.6192
AIG,American International Group Inc. New Common Stock,S&P 500,True,gics_fin,2026-10-06,75.11,5.46886,2026-06-30,False,,0.0238445,0.19913,0.046,8.05522,8.79908,1.79374e+09,USD,77.8693,80.7299,86.7703
AII,American Integrity Insurance Group Inc. Common Stock,Russell 2000,False,gics_fin,2026-10-06,25.77,4.49648,2026-06-30,False,,0.0408492,0.539123,0.046,3.78167,3.24,1.78648e+09,USD,26.4905,27.2312,28.7752
AIN,Albany International Corporation Common Stock,S&P 600,False,gics_discr,2026-10-06,59.31,-1.79044,2026-06-30,False,,0.0180096,0.509306,0.046,3.565,3.1717,1.78585e+09,USD,61.6685,64.1208,69.3218
AIR,AAR Corp. Common Stock,S&P 600,False,gics_indu,2026-10-06,104.03,4.88,2026-08-31,True,1.02696,0,0.452653,0.046,5.8,6.71286,1.79063e+09,USD,109.145,114.512,126.05
AIT,Applied Industrial Technologies Inc. Common Stock,S&P 400,False,gics_discr,2026-10-06,344.99,10.9498,2026-06-30,False,,0.00573558,0.244115,0.046,12.0325,13.2271,1.78662e+09,USD,360.917,377.579,413.247
AIZ,Assurant Inc. Common Stock,S&P 500,True,gics_fin,2026-10-06,270.96,21.1863,2026-06-30,False,,0.0130879,0.227681,0.046,22.3581,23.4335,1.79374e+09,USD,282.429,294.383,319.832
AJG,Arthur J. Gallagher & Co. Common Stock,S&P 500,True,gics_fin,2026-10-06,229.85,6.09879,2026-06-30,False,,0.011759,0.253137,0.046,13.1116,14.8598,1.78544e+09,USD,239.738,250.052,272.029
AKAM,Akamai Technologies Inc. Common Stock,S&P 500,True,internet,2026-10-06,108.62,2.67406,2026-06-30,False,,0,0.368884,0.046,6.63954,6.84915,1.78605e+09,USD,113.961,119.564,131.612
ALAB,Astera Labs Inc. Common Stock,大型股,False,gics_it,2026-10-06,389.8,2.01535,2026-06-30,False,,0,1.25719,0.046,4.0322,6.39348,1.79374e+09,USD,408.967,429.076,472.309
ALB,Albemarle Corporation Common Stock,S&P 500,True,gics_mat,2026-10-06,106.35,1.64579,2026-06-30,False,,0.0137645,0.482867,0.046,11.5691,11.2945,1.79382e+09,USD,110.814,115.465,125.362
ALCO,Alico Inc. Common Stock,Russell 2000,False,gics_staples,2026-10-06,38.27,0.200524,2026-06-30,False,,0.00507548,0.142282,0.046,-0.11,-2.27,1.78639e+09,USD,40.05,41.9128,45.9023
ALG,Alamo Group Inc. Common Stock,S&P 600,False,gics_indu,2026-10-06,162.11,8.33353,2026-06-30,False,,0.0077405,0.432358,0.046,10.528,12.176,1.78579e+09,USD,169.424,177.068,193.406
ALGM,Allegro MicroSystems Inc. Common Stock,S&P 400,False,gics_it,2026-10-06,38.76,0.0756297,2026-06-26,False,,0,1.00371,0.046,1.01892,1.479,1.78541e+09,USD,40.6659,42.6654,46.9643
ALGN,Align Technology Inc. Common Stock,S&P 500,True,gics_health,2026-10-06,141.45,5.7751,2026-06-30,False,,0,0.444592,0.046,11.2702,12.4796,1.79322e+09,USD,148.405,155.702,171.391
ALGT,Allegiant Travel Company Common Stock,S&P 600,False,gics_discr,2026-10-06,77.54,1.1371,2026-06-30,False,,0,0.72067,0.046,5.97709,10.1588,1.78587e+09,USD,81.3527,85.3529,93.9529
ALHC,Alignment Healthcare Inc. Common Stock,S&P 600,False,gics_health,2026-10-06,8.37,0.189276,2026-06-30,False,,0,1.08561,0.046,0.495,0.7525,1.78544e+09,USD,8.78156,9.21335,10.1417
ALIT,Alight Inc. Class A Common Stock,,False,gics_discr,2026-10-06,9.06,-75.2809,2026-06-30,False,,0.0095322,4.64012,0.046,4.76746,5.22,1.78587e+09,USD,9.46029,9.87827,10.7704
ALK,Alaska Air Group Inc. Common Stock,S&P 400,False,gics_discr,2026-10-06,39.89,-1.53114,2026-06-30,False,,0,0.696155,0.046,-2.85085,3.50122,1.78466e+09,USD,41.8514,43.9093,48.3335
ALL,Allstate Corporation (The) Common Stock,S&P 500,True,gics_fin,2026-10-06,224.27,50.5598,2026-06-30,False,,0.0179483,0.212322,0.046,35.3898,27.7815,1.79382e+09,USD,233.195,242.476,262.16
ALLE,Allegion plc Ordinary Shares,S&P 500,True,gics_indu,2026-10-06,155.2,7.60508,2026-06-30,False,,0.0136296,0.237983,0.046,8.95781,9.78221,1.78481e+09,USD,161.725,168.525,182.994
ALLY,Ally Financial Inc. Common Stock,S&P 400,False,gics_fin,2026-10-06,37.62,4.64212,2026-06-30,False,,0.0315723,0.299265,0.046,5.12548,6.25527,1.7925e+09,USD,38.8516,40.1236,42.7937
ALRM,Alarm.com Holdings Inc. Common Stock,S&P 600,False,gics_it,2026-10-06,56.11,2.09331,2026-06-30,False,,0,0.291091,0.046,2.89294,3.07,1.78605e+09,USD,58.869,61.7636,67.9868
ALSN,Allison Transmission Holdings Inc. Common Stock,S&P 400,False,gics_discr,2026-10-06,114.75,6.29762,2026-06-30,False,,0.00973878,0.366694,0.046,9.96193,11.3177,1.78579e+09,USD,119.808,125.088,136.357
ALTG,Alta Equipment Group Inc. Class A Common Stock,Russell 2000,False,gics_indu,2026-10-06,6.74,-2.44927,2026-06-30,False,,0.0153052,0.740269,0.046,-0.93,-0.6175,1.78605e+09,USD,7.0175,7.30643,7.92046
ALX,Alexander's Inc. Common Stock,Russell 2000,False,gics_re,2026-10-06,245.49,33.0539,2026-06-30,False,,0.0726162,0.229058,0.046,,13.01,1.79362e+09,USD,248.377,251.298,257.244
AM,Antero Midstream Corporation Common Stock,S&P 400,False,gics_util,2026-10-06,21.14,0.835094,2026-06-30,False,,0.0424711,0.254732,0.046,1.38526,1.61188,1.78536e+09,USD,21.7134,22.3024,23.5288
AMAT,Applied Materials Inc. Common Stock,S&P 500,True,semicap,2026-10-06,530.27,11.5838,2026-07-26,False,,0.00398494,0.486149,0.046,12.7856,18.4658,1.79451e+09,USD,555.236,581.378,637.412
AMBA,Ambarella Inc. Ordinary Shares,Russell 2000,False,gics_it,2026-10-06,67.94,-1.27993,2026-07-31,False,,0,0.825505,0.046,0.80441,1.12058,1.78847e+09,USD,71.2807,74.7856,82.3209
AMBQ,Ambiq Micro Inc. Common Stock,Russell 2000,False,gics_it,2026-10-06,63.24,-1.70018,2026-06-30,False,,0,1.37746,0.046,-0.53375,-0.2312,1.78645e+09,USD,66.3496,69.612,76.626
AMCX,AMC Global Media Inc. Class A Common Stock,Russell 2000,False,gics_comm,2026-10-06,10.98,-0.452724,2026-06-30,False,,0,0.52422,0.046,2.25212,2.63879,1.78541e+09,USD,11.5199,12.0863,13.3041
AMD,Advanced Micro Devices Inc. Common Stock,S&P 500,True,semis,2026-10-06,649.42,3.87824,2026-06-27,False,,0,0.601118,0.046,7.5868,15.7219,1.79374e+09,USD,681.352,714.855,786.883
AME,AMETEK Inc.,S&P 500,True,gics_indu,2026-10-06,253.72,6.85767,2026-06-30,False,,0.00524385,0.187879,0.046,8.35682,9.5506,1.78585e+09,USD,265.499,277.824,304.218
AMG,Affiliated Managers Group Inc. Common Stock,S&P 400,False,gics_fin,2026-10-06,379.72,31.1345,2026-06-30,False,,4.14538e-05,0.28671,0.046,37.046,42.837,1.78541e+09,USD,398.383,417.963,460.057
AMGN,Amgen Inc. Common Stock,S&P 500,True,gics_health,2026-10-06,402.6,16.0717,2026-06-30,False,,0.0239663,0.249231,0.046,23.0556,24.4732,1.79374e+09,USD,417.365,432.671,464.988
AMH,American Homes 4 Rent Common Shares of Beneficial Interest,S&P 400,False,gics_re,2026-10-06,30.47,1.27545,2026-06-30,False,,0.0408077,0.21726,0.046,0.82335,0.67623,1.78544e+09,USD,31.3226,32.199,34.0261
AMKR,Amkor Technology Inc. Common Stock,S&P 400,False,gics_it,2026-10-06,53.39,2.22201,2026-06-30,False,,0.00621116,0.910061,0.046,2.57216,2.80635,1.79304e+09,USD,55.8415,58.4056,63.8924
AMN,AMN Healthcare Services Inc,S&P 600,False,gics_discr,2026-10-06,36.73,2.64064,2026-06-30,False,,0,0.407705,0.046,3.28733,0.93659,1.78605e+09,USD,38.536,40.4309,44.5047
AMP,Ameriprise Financial Inc. Common Stock,S&P 500,True,gics_fin,2026-10-06,496.61,41.7778,2026-06-30,False,,0.0124577,0.243544,0.046,46.5208,51.6192,1.79328e+09,USD,517.793,539.88,586.921
AMPH,Amphastar Pharmaceuticals Inc. Common Stock,S&P 600,False,gics_health,2026-10-06,25.91,1.69071,2026-06-30,False,,0,0.507293,0.046,2.97155,3.18156,1.78605e+09,USD,27.184,28.5207,31.3944
AMPX,Amprius Technologies Inc. Common Stock,Russell 2000,False,other,2026-10-06,9.47,-0.254292,2026-06-30,False,,0,1.04718,0.046,-0.06667,0.1,1.78587e+09,USD,9.93565,10.4242,11.4745
AMR,Alpha Metallurgical Resources Inc. Common Stock,S&P 600,False,gics_energy,2026-10-06,176.98,-3.59921,2026-06-30,False,,0,0.86501,0.046,-4.77024,18.2583,1.78611e+09,USD,185.682,194.812,214.441
AMRX,Amneal Pharmaceuticals Inc. Class A Common Stock,S&P 600,False,gics_health,2026-10-06,20.295,0.478404,2026-06-30,False,,0,0.435634,0.046,1.02413,1.19257,1.78541e+09,USD,21.2929,22.3399,24.5909
AMSC,American Superconductor Corporation Common Stock,Russell 2000,False,gics_discr,2026-10-06,31.85,2.8982,2026-06-30,False,,0,0.690998,0.046,0.8825,1.355,1.78596e+09,USD,33.4161,35.0592,38.5917
AMSF,AMERISAFE Inc. Common Stock,Russell 2000,False,gics_fin,2026-10-06,23.6,2.49059,2026-06-30,False,,0.106096,0.310448,0.046,1.95,2.01667,1.79322e+09,USD,23.4812,23.3629,23.1282
AMT,American Tower Corporation (REIT) Common Stock,S&P 500,True,gics_re,2026-10-06,164.78,7.28526,2026-06-30,False,,0.0407467,0.253198,0.046,6.98352,7.01004,1.7931e+09,USD,169.396,174.141,184.034
AMTB,Amerant Bancorp Inc. Class A Common Stock,Russell 2000,False,gics_fin,2026-10-06,29.06,1.39155,2026-06-30,False,,0.0125946,0.178477,0.046,2.1875,2.79,1.7927e+09,USD,30.2975,31.5877,34.3353
AMTM,Amentum Holdings Inc. Common Stock,S&P 600,False,gics_discr,2026-10-06,18.77,0.832653,2026-07-03,False,,0,0.469691,0.046,2.46208,2.63953,1.78639e+09,USD,19.6929,20.6612,22.7431
AMWL,American Well Corporation Class A Common Stock,,False,gics_discr,2026-10-06,12.27,-4.66039,2026-06-30,False,,0,0.558127,0.046,-2.56,-1.58,1.78587e+09,USD,12.8733,13.5063,14.8672
AMZN,Amazon.com Inc. Common Stock,S&P 500,True,internet,2026-10-06,256.29,12.4077,2026-06-30,False,,0,0.292739,0.046,8.3075,10.4757,1.78544e+09,USD,268.892,282.114,310.539
AN,AutoNation Inc. Common Stock,S&P 400,False,gics_discr,2026-10-06,158.14,22.0712,2026-06-30,False,,0,0.280344,0.046,21.3308,24.5561,1.7855e+09,USD,165.916,174.074,191.614
ANAB,AnaptysBio Inc. Common Stock,Russell 2000,False,gics_health,2026-10-06,47.89,-0.96,2026-06-30,True,1.03064,0,0.40099,0.046,4.35026,5.06828,1.79002e+09,USD,50.2448,52.7154,58.0269
ANDE,Andersons Inc. (The) Common Stock,S&P 600,False,gics_indu,2026-10-06,66.605,5.17399,2026-06-30,False,,0.0117543,0.346585,0.046,6.11,6.38333,1.79374e+09,USD,69.4705,72.4593,78.8282
ANET,Arista Networks Inc. Common Stock,S&P 500,True,hardware,2026-10-06,215.36,3.16975,2026-06-30,False,,0,0.400853,0.046,4.1121,5.20199,1.79374e+09,USD,225.949,237.059,260.945
ANF,Abercrombie & Fitch Company Common Stock,S&P 400,False,gics_discr,2026-10-06,141.39,11.7341,2026-08-01,False,,0,0.652807,0.046,13.4741,12.9462,1.78775e+09,USD,148.342,155.636,171.318
ANGI,Angi Inc. Class A Common Stock,Russell 2000,False,gics_discr,2026-10-06,5.96,-5.48249,2026-06-30,False,,0,0.716457,0.046,-5.06986,0.86554,1.78587e+09,USD,6.25306,6.56052,7.22156
ANGO,AngioDynamics Inc. Common Stock,Russell 2000,False,gics_health,2026-10-06,14.42,-0.883306,2026-05-31,False,,0,0.442566,0.046,-0.26667,-0.045,1.79146e+09,USD,15.129,15.8729,17.4723
ANIK,Anika Therapeutics Inc. Common Stock,Russell 2000,False,gics_health,2026-10-06,19.12,-0.275862,2026-06-30,False,,0,0.520198,0.046,1.05,0.95,1.78533e+09,USD,20.0601,21.0465,23.1671
AOMR,Angel Oak Mortgage REIT Inc. Common Stock,Russell 2000,False,gics_fin,2026-10-06,7.38,0.755331,2026-06-30,False,,0.167941,0.255997,0.046,1.24467,1.40925,1.78585e+09,USD,7.11926,6.86772,6.39101
AON,Aon plc Class A Ordinary Shares (Ireland),S&P 500,True,gics_fin,2026-10-06,273.99,18.1708,2026-06-30,False,,0.0108316,0.244964,0.046,18.586,20.2243,1.78533e+09,USD,285.91,298.348,324.871
AORT,Artivion Inc. Common Stock,S&P 600,False,gics_health,2026-10-06,21.84,-0.0636424,2026-06-30,False,,0,0.534858,0.046,0.398,0.74833,1.78605e+09,USD,22.9139,24.0406,26.4629
AOS,A.O. Smith Corporation Common Stock,S&P 500,True,gics_indu,2026-10-06,56.9,3.59495,2026-06-30,False,,0.0245045,0.24386,0.046,3.73932,4.08631,1.79328e+09,USD,58.9708,61.117,65.6466
AOUT,American Outdoor Brands Inc. Common Stock ,,False,gics_discr,2026-10-06,16.09,-0.3104,2026-07-31,False,,0,0.730907,0.046,0.8,0.77,1.78847e+09,USD,16.8812,17.7112,19.4958
AP,Ampco-Pittsburgh Corporation Common Stock,Russell 2000,False,gics_indu,2026-10-06,9.42,-2.76401,2026-06-30,False,,0,0.995556,0.046,,,1.78645e+09,USD,9.88319,10.3692,11.4139
APAM,Artisan Partners Asset Management Inc. Class A Common Stock,S&P 600,False,gics_fin,2026-10-06,35,4.52854,2026-06-30,False,,0.1199,0.368717,0.046,3.83,3.8725,1.78527e+09,USD,34.5842,34.1734,33.3664
APD,Air Products and Chemicals Inc. Common Stock,S&P 500,True,gics_mat,2026-10-06,281,-0.212203,2026-06-30,False,,0.0249968,0.228981,0.046,13.4547,14.4433,1.79388e+09,USD,291.155,301.677,323.876
APEI,American Public Education Inc. Common Stock,Russell 2000,False,gics_re,2026-10-06,46.22,2.42807,2026-06-30,False,,0,0.392838,0.046,3.025,3.76,1.78639e+09,USD,48.4927,50.8771,56.0034
APG,APi Group Corporation Common Stock,S&P 400,False,gics_discr,2026-10-06,41.4,0.79195,2026-06-30,False,,0,0.402629,0.046,1.72655,1.98925,1.78541e+09,USD,43.4357,45.5714,50.1632
APH,Amphenol Corporation Common Stock,S&P 500,True,hardware,2026-10-06,88.62,3.98806,2026-06-30,False,,0.00962571,0.509995,0.046,2.67382,3.31264,1.79319e+09,USD,92.5311,96.6148,105.331
APLD,Applied Digital Corporation Common Stock,,False,gics_it,2026-10-06,25.34,-0.887512,2026-05-31,False,,0,1.20069,0.046,-1.08801,-0.48351,1.7914e+09,USD,26.586,27.8932,30.7037
APLE,Apple Hospitality REIT Inc. Common Shares,S&P 600,False,gics_re,2026-10-06,16.33,0.742199,2026-06-30,False,,0.0605399,0.293844,0.046,0.74202,0.727,1.79391e+09,USD,16.6221,16.9195,17.5302
APO,Apollo Global Management Inc. (New) Common Stock,S&P 500,True,gics_fin,2026-10-06,115.95,3.07265,2026-06-30,False,,0.016985,0.312745,0.046,8.71657,10.7088,1.79371e+09,USD,120.623,125.483,135.801
APOG,Apogee Enterprises Inc. Common Stock,S&P 600,False,gics_discr,2026-10-06,40,3.16,2026-08-30,True,0.99473,0.0282315,0.440009,0.046,2.865,3.95,1.79129e+09,USD,41.3786,42.8047,45.8061
APP,Applovin Corporation Class A Common Stock,大型股,False,gics_it,2026-10-06,278.78,13.0191,2026-06-30,False,,0,0.743421,0.046,16.6681,20.9808,1.78596e+09,USD,292.488,306.87,337.79
AR,Antero Resources Corporation Common Stock,S&P 400,False,gics_energy,2026-10-06,35.72,3.47991,2026-06-30,False,,0,0.415621,0.046,4.31887,4.38766,1.78536e+09,USD,37.4764,39.3191,43.2809
ARCB,ArcBest Corporation Common Stock,S&P 600,False,gics_indu,2026-10-06,128.24,0.729212,2026-06-30,False,,0.00364199,0.443034,0.046,6.92296,9.56674,1.7938e+09,USD,134.301,140.648,154.257
ARDT,Ardent Health Inc. Common Stock,Russell 2000,False,gics_health,2026-10-06,10.68,0.546841,2026-06-30,False,,0,0.347101,0.046,1.0875,1.255,1.78587e+09,USD,11.2051,11.7561,12.9406
ARE,Alexandria Real Estate Equities Inc. Common Stock,S&P 500,True,gics_re,2026-10-06,45.92,-5.99741,2026-06-30,False,,0.0794024,0.334229,0.046,,-0.81,1.79304e+09,USD,46.3027,46.6885,47.4699
ARES,Ares Management Corporation Class A Common Stock,大型股,False,gics_fin,2026-10-06,117.74,2.03198,2026-06-30,False,,0.00243818,0.514097,0.046,5.8027,7.14053,1.79328e+09,USD,123.379,129.288,141.968
ARHS,Arhaus Inc. Class A Common Stock,Russell 2000,False,gics_discr,2026-10-06,9.92,0.487821,2026-06-30,False,,0.0388538,0.56593,0.046,0.53373,0.57287,1.78602e+09,USD,10.2075,10.5034,11.1211
ARI,Apollo Commercial Real Estate Finance Inc,,False,gics_re,2026-10-06,6.25,0.944787,2026-06-30,False,,0.163854,0.517741,0.046,-0.73673,0.22698,,USD,6.04151,5.83998,5.45686
ARL,American Realty Investors Inc. Common Stock,Russell 2000,False,gics_fin,2026-10-06,15.85,0.516962,2026-06-30,False,,0,0.726644,0.046,,,,USD,16.6294,17.447,19.205
ARLO,Arlo Technologies Inc. Common Stock,S&P 600,False,gics_discr,2026-10-06,12.8,0.275603,2026-06-28,False,,0,0.190131,0.046,0.94714,1.02571,1.79391e+09,USD,13.4294,14.0897,15.5094
ARMK,Aramark Common Stock,S&P 400,False,gics_discr,2026-10-06,55.45,1.42591,2026-07-03,False,,0.0082072,0.232363,0.046,2.27677,2.81236,1.78645e+09,USD,57.9383,60.5382,66.0933
AROC,Archrock Inc. Common Stock,S&P 600,False,gics_util,2026-10-06,30.83,1.88009,2026-06-30,False,,0.0282695,0.435882,0.046,1.8286,2.19146,1.78587e+09,USD,31.8919,32.9905,35.3023
AROW,Arrow Financial Corporation Common Stock,Russell 2000,False,gics_fin,2026-10-06,37.2,3.11441,2026-06-30,False,,0,0.203358,0.046,3.5125,4.3075,1.78481e+09,USD,39.0291,40.9482,45.0741
ARQT,Arcutis Biotherapeutics Inc. Common Stock,S&P 600,False,gics_health,2026-10-06,23.92,0.209856,2026-06-30,False,,0,0.542549,0.046,0.43,1.36,1.78596e+09,USD,25.0962,26.3302,28.9832
ARTNA,Artesian Resources Corporation Class A Common Stock,,False,gics_util,2026-10-06,33.69,2.28519,2026-06-30,False,,0.0371573,0.14737,0.046,,2.09,1.79434e+09,USD,34.6959,35.7319,37.8975
ARVN,Arvinas Inc. Common Stock,Russell 2000,False,gics_health,2026-10-06,7.31,0.141553,2026-06-30,False,,0,0.428286,0.046,-0.13698,-3.23187,1.78585e+09,USD,7.66944,8.04655,8.85731
ARW,Arrow Electronics Inc. Common Stock,S&P 400,False,gics_it,2026-10-06,240.4,15.648,2026-07-04,False,,0,0.4605,0.046,21.635,23.925,1.78605e+09,USD,252.221,264.622,291.286
ARWR,Arrowhead Pharmaceuticals Inc. Common Stock,S&P 400,False,gics_health,2026-10-06,61.54,-2.23152,2026-06-30,False,,0,0.45432,0.046,-3.54004,-4.93101,1.78587e+09,USD,64.566,67.7407,74.5662
ASAN,Asana Inc. Class A Common Stock,Russell 2000,False,gics_it,2026-10-06,9.29,-0.647621,2026-07-31,False,,0,0.695265,0.046,0.37297,0.45473,1.78847e+09,USD,9.7468,10.2261,11.2564
ASB,Associated Banc-Corp Common Stock,S&P 400,False,gics_fin,2026-10-06,28.9,2.65962,2026-06-30,False,,0.0332573,0.257477,0.046,2.9637,3.3656,1.7927e+09,USD,29.821,30.7714,32.7639
ASH,Ashland Inc. Common Stock,S&P 400,False,gics_discr,2026-10-06,70.97,1.1137,2026-06-30,False,,0.0240269,0.357195,0.046,3.52432,4.30065,1.79374e+09,USD,73.5705,76.2662,81.9577
ASIX,AdvanSix Inc. Common Stock ,Russell 2000,False,gics_indu,2026-10-06,16.7,-0.642234,2026-06-30,False,,0.0382964,0.527154,0.046,0.185,2.385,1.7938e+09,USD,17.1888,17.692,18.7429
ASMB,Assembly Biosciences Inc. Common Stock,Russell 2000,False,gics_health,2026-10-06,22.18,-0.00222769,2026-06-30,False,,0,0.592005,0.046,-0.11774,-2.57377,,USD,23.2706,24.4148,26.8749
ASO,Academy Sports and Outdoors Inc. Common Stock,S&P 600,False,gics_discr,2026-10-06,52.31,6.00273,2026-08-01,False,,0.0113242,0.349623,0.046,6.6769,7.07476,1.78896e+09,USD,54.5722,56.9323,61.9631
ASPN,Aspen Aerogels Inc. Common Stock,Russell 2000,False,gics_discr,2026-10-06,5.87,-1.52248,2026-06-30,False,,0,0.7774,0.046,-0.62767,-0.155,1.78602e+09,USD,6.15863,6.46146,7.11251
ASTE,Astec Industries Inc. Common Stock,S&P 600,False,gics_indu,2026-10-06,41.255,0.841507,2026-06-30,False,,0.0125364,0.664708,0.046,3.2825,3.98,1.78593e+09,USD,43.0131,44.8461,48.7497
ASTS,AST SpaceMobile Inc. Class A Common Stock,大型股,False,gics_discr,2026-10-06,63.12,-2.06901,2026-06-30,False,,0,1.27001,0.046,-2.03407,-1.28668,1.78639e+09,USD,66.2237,69.4799,76.4806
ASYS,Amtech Systems Inc. Common Stock,Russell 2000,False,gics_it,2026-10-06,17.76,0.249377,2026-06-30,False,,0,0.876102,0.046,0.41,1.25,1.78596e+09,USD,18.6333,19.5495,21.5193
ATEC,Alphatec Holdings Inc. Common Stock,Russell 2000,False,gics_health,2026-10-06,10.54,-0.7025,2026-06-30,False,,0,0.569652,0.046,0.32622,0.60038,1.78587e+09,USD,11.0583,11.602,12.771
ATEN,A10 Networks Inc. Common Stock,S&P 600,False,gics_comm,2026-10-06,28.58,0.568003,2026-06-30,False,,0.00873652,0.583115,0.046,1.04404,1.18563,1.78596e+09,USD,29.8546,31.186,34.0297
ATI,ATI Inc. Common Stock,S&P 400,False,gics_indu,2026-10-06,194.69,3.4329,2026-06-28,False,,0,0.49805,0.046,5.11692,6.37289,1.78602e+09,USD,204.263,214.307,235.9
ATKR,Atkore Inc. Common Stock,Russell 2000,False,other,2026-10-06,94.72,-4.78798,2026-06-26,False,,0,0.475362,0.046,5.70686,6.39452,1.78576e+09,USD,99.3774,104.264,114.769
ATLC,Atlanticus Holdings Corporation Common Stock,Russell 2000,False,gics_fin,2026-10-06,93.07,8.03407,2026-06-30,False,,0,0.699759,0.046,9.6325,13.35,1.78605e+09,USD,97.6463,102.448,112.77
ATMU,Atmus Filtration Technologies Inc. Common Stock,S&P 600,False,gics_discr,2026-10-06,45.96,2.62317,2026-06-30,False,,0,0.430227,0.046,2.96,3.278,1.78611e+09,USD,48.2199,50.5909,55.6884
ATNI,ATN International Inc. Common Stock,Russell 2000,False,gics_comm,2026-10-06,28.34,10.7083,2026-06-30,False,,0.0377836,0.414715,0.046,0.78,1.08,1.78596e+09,USD,29.177,30.0388,31.8395
ATO,Atmos Energy Corporation Common Stock,S&P 500,True,gics_util,2026-10-06,159.74,8.28016,2026-06-30,False,,0.0244042,0.157689,0.046,8.4583,9.03064,1.79382e+09,USD,165.562,171.596,184.332
ATR,AptarGroup Inc. Common Stock,S&P 400,False,gics_indu,2026-10-06,120.25,5.59148,2026-06-30,False,,0.0149963,0.277234,0.046,5.51286,6.28143,1.7933e+09,USD,125.22,130.396,141.398
ATRA,Atara Biotherapeutics Inc. Common Stock,,False,gics_health,2026-10-06,9.75,-1.11009,2026-06-30,False,,0,1.8358,0.046,-0.95,1.545,1.78656e+09,USD,10.2294,10.7324,11.8138
ATRO,Astronics Corporation Common Stock,Russell 2000,False,gics_indu,2026-10-06,69.16,1.70016,2026-07-04,False,,0,0.666721,0.046,2.72,3.1475,1.78648e+09,USD,72.5606,76.1285,83.7991
AUB,Atlantic Union Bankshares Corporation Common Stock,S&P 600,False,gics_fin,2026-10-06,38.14,3.42384,2026-06-30,False,,0,0.27217,0.046,3.76222,4.03222,1.7925e+09,USD,40.0154,41.983,46.2131
AVA,Avista Corporation Common Stock,S&P 600,False,gics_util,2026-10-06,35.19,2.73135,2026-06-30,False,,0.0554246,0.161076,0.046,2.61357,2.78843,1.7938e+09,USD,35.9112,36.6472,38.1648
AVAH,Aveanna Healthcare Holdings Inc. Common Stock,Russell 2000,False,gics_health,2026-10-06,12.22,1.2219,2026-07-04,False,,0,0.508565,0.046,0.82424,0.90768,1.78662e+09,USD,12.8209,13.4513,14.8066
AVAV,AeroVironment Inc. Common Stock,S&P 400,False,gics_indu,2026-10-06,143.54,-4.0708,2026-08-01,False,,0,0.766616,0.046,3.2663,4.46066,1.78898e+09,USD,150.598,158.003,173.923
AVBC,Avidia Bancorp Inc. Common Stock,Russell 2000,False,gics_fin,2026-10-06,22.2,0.946955,2026-06-30,False,,0.00499984,,0.046,1.44,1.48,,USD,23.2334,24.315,26.6314
AVBH,Avidbank Holdings Inc. Common stock,Russell 2000,False,gics_fin,2026-10-06,31.42,-1.31002,2026-06-30,False,,0,0.16471,0.046,3.372,3.864,1.78484e+09,USD,32.9649,34.5858,38.0707
AVGO,Broadcom Inc. Common Stock,S&P 500,True,semis,2026-10-06,375.81,7.82996,2026-08-02,False,,0.00697699,0.42547,0.046,11.6576,19.3938,1.79685e+09,USD,392.916,410.8,449.048
AVNT,Avient Corporation Common Stock,S&P 400,False,gics_indu,2026-10-06,41.49,1.84382,2026-06-30,False,,0.0264988,0.381257,0.046,3.19982,3.49501,1.7938e+09,USD,42.9571,44.4762,47.6773
AVNW,Aviat Networks Inc. Common Stock,Russell 2000,False,gics_it,2026-10-06,21.1,0.194903,2026-07-03,False,,0,0.385787,0.046,2.54571,2.99,1.78783e+09,USD,22.1375,23.226,25.5662
AVO,Mission Produce Inc. Common Stock,Russell 2000,False,gics_staples,2026-10-06,12.75,0.0193126,2026-07-31,False,,0,0.33974,0.046,0.63,0.78,1.7889e+09,USD,13.3769,14.0347,15.4488
AVPT,AvePoint Inc. Class A Common Stock,Russell 2000,False,gics_it,2026-10-06,14.59,0.316138,2026-06-30,False,,0,0.38763,0.046,0.45213,0.49749,1.78605e+09,USD,15.3074,16.0601,17.6783
AVT,Avnet Inc. Common Stock,S&P 400,False,gics_it,2026-10-06,106.37,4.00874,2026-06-27,False,,0.0135577,0.478784,0.046,10.5725,11.0467,1.78593e+09,USD,110.846,115.511,125.438
AVTR,Avantor Inc. Common Stock,S&P 400,False,gics_indu,2026-10-06,15.43,-0.853514,2026-06-30,False,,0,0.50274,0.046,0.81216,0.87721,1.79319e+09,USD,16.1887,16.9847,18.6961
AVY,Avery Dennison Corporation Common Stock,S&P 500,True,gics_mat,2026-10-06,168.45,9.15455,2026-06-30,False,,0.021998,0.183751,0.046,10.1831,11.1856,1.79328e+09,USD,174.8,181.388,195.321
AWI,Armstrong World Industries Inc Common Stock,S&P 600,False,gics_indu,2026-10-06,164.87,7.29861,2026-06-30,False,,0.00820563,0.211903,0.046,8.43504,9.57788,1.7931e+09,USD,172.269,179.999,196.516
AWK,American Water Works Company Inc. Common Stock,S&P 500,True,gics_util,2026-10-06,128.04,5.7551,2026-06-30,False,,0.0253255,0.183542,0.046,6.08475,6.56585,1.79322e+09,USD,132.645,137.417,147.48
AWR,American States Water Company Common Stock,S&P 600,False,gics_util,2026-10-06,81.56,3.62556,2026-06-30,False,,0.0241605,0.150957,0.046,3.68,3.8,1.78596e+09,USD,84.5429,87.6348,94.1621
AX,Axos Financial Inc. Common Stock,S&P 600,False,gics_fin,2026-10-06,89.03,8.64487,2026-06-30,False,,0,0.328619,0.046,9.67667,10.875,1.7933e+09,USD,93.4077,98.0006,107.875
AXON,Axon Enterprise Inc. Common Stock,S&P 500,True,gics_indu,2026-10-06,418.62,2.41453,2026-06-30,False,,0,0.486172,0.046,7.65309,10.5439,1.78596e+09,USD,439.204,460.8,507.23
AXP,American Express Company Common Stock,S&P 500,True,gics_fin,2026-10-06,304.55,16.6837,2026-06-30,False,,0.0116323,0.251617,0.046,17.6371,20.1634,1.79276e+09,USD,317.672,331.359,360.528
AXR,AMREP Corporation Common Stock,,False,gics_re,2026-10-06,21.14,1.08882,2026-07-31,False,,0,0.297596,0.046,,,,USD,22.1795,23.27,25.6147
AXTA,Axalta Coating Systems Ltd. Common Shares,S&P 400,False,gics_discr,2026-10-06,33.4,1.62552,2026-06-30,False,,0,0.40476,0.046,2.63578,2.8674,1.79328e+09,USD,35.0423,36.7654,40.4698
AXTI,AXT Inc Common Stock,S&P 600,False,gics_it,2026-10-06,84.06,0.0638687,2026-06-30,False,,0,1.35648,0.046,0.868,2.25,1.7933e+09,USD,88.1933,92.5298,101.853
AYI,Acuity Inc. Common Stock,S&P 400,False,gics_discr,2026-10-06,302.98,16.95,2026-08-31,True,1.12553,0.0023962,0.378316,0.046,21.3394,23.2867,1.79086e+09,USD,317.497,332.71,365.357
AZO,AutoZone Inc. Common Stock,S&P 500,True,gics_discr,2026-10-06,2898.57,152.55,2026-08-09,True,1.04459,0,0.205343,0.046,170.782,192.371,1.79008e+09,USD,3041.09,3190.63,3512.11
AZTA,Azenta Inc.,S&P 600,False,gics_it,2026-10-06,39.35,-2.66802,2026-06-30,False,,0,0.686936,0.046,0.3325,0.5525,1.78587e+09,USD,41.2849,43.3149,47.6792
AZZ,AZZ Inc.,S&P 600,False,gics_indu,2026-10-06,141.59,6.56575,2026-05-31,False,,0.00575832,0.304211,0.046,7.07,7.79375,1.79192e+09,USD,148.125,154.962,169.596
BA,Boeing Company (The) Common Stock,S&P 500,True,gics_indu,2026-10-06,189.82,3.07994,2026-06-30,False,,0.00222686,0.333216,0.046,-1.09958,4.12683,1.7931e+09,USD,198.932,208.481,228.977
BAC,Bank of America Corporation Common Stock,S&P 500,True,gics_fin,2026-10-06,54.09,4.53482,2026-06-30,False,,0,0.243246,0.046,4.58586,5.25183,1.79198e+09,USD,56.7496,59.5401,65.5393
BAH,Booz Allen Hamilton Holding Corporation Common Stock,S&P 400,False,gics_discr,2026-10-06,68.14,6.3575,2026-06-30,False,,0.0303118,0.421345,0.046,6.36263,6.72707,1.79276e+09,USD,70.4152,72.7663,77.7066
BALL,Ball Corporation Common Stock,S&P 500,True,gics_mat,2026-10-06,57.43,3.54137,2026-06-30,False,,0.0134969,0.276468,0.046,4.02356,4.52255,1.79371e+09,USD,59.8486,62.3691,67.733
BANC,Banc of California Inc. Common Stock,S&P 600,False,gics_fin,2026-10-06,17.43,-0.13912,2026-06-30,False,,0.0191925,0.283368,0.046,1.70974,2.13808,1.79313e+09,USD,18.1124,18.8215,20.3241
BAND,Bandwidth Inc. Class A Common Stock,Russell 2000,False,gics_it,2026-10-06,60.09,0.0676009,2026-06-30,False,,0,1.19659,0.046,1.75,1.91833,1.78533e+09,USD,63.0447,66.1446,72.8093
BANF,BancFirst Corporation Common Stock,S&P 600,False,gics_fin,2026-10-06,106.79,7.39435,2026-06-30,False,,0.0177663,0.159575,0.046,7.685,7.94,,USD,111.05,115.48,124.877
BARK,BARK Inc. Class A Common Stock,,False,gics_discr,2026-10-06,8.17,-3.55551,2026-06-30,False,,0,0.810694,0.046,-1.37,-0.995,1.78605e+09,USD,8.57172,8.9932,9.89935
BATRA,Atlanta Braves Holdings Inc. Series A Common Stock,Russell 2000,False,gics_discr,2026-10-06,57.75,-0.988009,2026-06-30,False,,0,0.180682,0.046,,-0.46,1.78593e+09,USD,60.5896,63.5688,69.974
BAX,Baxter International Inc. Common Stock,S&P 500,True,gics_health,2026-10-06,24.36,-2.05212,2026-06-30,False,,0.0152496,0.384621,0.046,2.04697,2.03958,1.79328e+09,USD,25.3637,26.4087,28.6297
BBIO,BridgeBio Pharma Inc. Common Stock,大型股,False,gics_health,2026-10-06,66.96,-3.53378,2026-06-30,False,,0,0.339154,0.046,-2.58425,0.02747,1.78639e+09,USD,70.2525,73.7068,81.1335
BBSI,Barrett Business Services Inc. Common Stock,Russell 2000,False,gics_discr,2026-10-06,31.28,1.40154,2026-06-30,False,,0.009611,0.477405,0.046,1.71,2.025,1.78596e+09,USD,32.6607,34.1024,37.1795
BBT,Beacon Financial Corporation Common stock,S&P 600,False,gics_fin,2026-10-06,27.93,1.90361,2026-06-30,False,,0.0395365,0.255054,0.046,3.04143,3.32286,1.79261e+09,USD,28.7297,29.5524,31.269
BBW,Build-A-Bear Workshop Inc. Common Stock,Russell 2000,False,gics_discr,2026-10-06,25.64,4.0808,2026-08-01,False,,0.0345199,0.504728,0.046,3.57,3.95,1.78783e+09,USD,26.4404,27.2658,28.9947
BBWI,Bath & Body Works Inc.,S&P 400,False,gics_discr,2026-10-06,17.93,3.86634,2026-08-01,False,,0.0464889,0.439905,0.046,2.71293,2.78732,1.78775e+09,USD,18.3794,18.8401,19.7963
BBY,Best Buy Co. Inc. Common Stock,S&P 500,True,gics_discr,2026-10-06,84.85,5.98025,2026-08-01,False,,0.0417055,0.323683,0.046,6.83188,7.21321,1.79552e+09,USD,87.185,89.5842,94.5826
BC,Brunswick Corporation Common Stock,S&P 400,False,gics_indu,2026-10-06,64.98,-1.30898,2026-07-04,False,,0.0260156,0.344821,0.046,4.56155,5.42165,1.78541e+09,USD,67.294,69.6905,74.7425
BCC,Boise Cascade L.L.C. Common Stock,S&P 600,False,gics_discr,2026-10-06,75.45,2.93412,2026-06-30,False,,0.0120765,0.282124,0.046,3.93,5.28833,1.78579e+09,USD,78.6834,82.0553,89.2389
BCML,BayCom Corp Common Stock,Russell 2000,False,gics_fin,2026-10-06,30.97,1.19925,2026-06-30,False,,0.0353756,0.198387,0.046,1.865,2.415,1.78484e+09,USD,31.9231,32.9056,34.9622
BCO,Brinks Company (The) Common Stock,S&P 400,False,gics_indu,2026-10-06,103.5,4.35904,2026-06-30,False,,0.0095962,0.495688,0.046,9.19667,10.3533,1.78593e+09,USD,108.069,112.841,123.024
BCPC,Balchem Corporation Common Stock,S&P 600,False,gics_indu,2026-10-06,165.29,5.09274,2026-06-30,False,,0.00566952,0.224757,0.046,5.83881,6.27235,1.7855e+09,USD,172.927,180.916,198.019
BCRX,BioCryst Pharmaceuticals Inc. Common Stock,Russell 2000,False,gics_health,2026-10-06,7.95,-1.45069,2026-06-30,False,,0,0.379491,0.046,0.745,0.94,1.78593e+09,USD,8.34091,8.75103,9.63278
BDC,Belden Inc Common Stock,S&P 400,False,gics_indu,2026-10-06,113.21,6.19728,2026-06-28,False,,0.00173308,0.589809,0.046,8.64518,10.0349,1.78541e+09,USD,118.674,124.401,136.699
BDX,Becton Dickinson and Company Common Stock,S&P 500,True,gics_health,2026-10-06,180.3,3.35305,2026-06-30,False,,0.0227274,0.249452,0.046,12.6265,13.3096,1.78602e+09,USD,187.028,194.007,208.756
BE,Bloom Energy Corporation Class A Common Stock,大型股,False,gics_energy,2026-10-06,295.78,0.759002,2026-06-30,False,,0,1.35513,0.046,2.70689,4.9421,1.78527e+09,USD,310.324,325.583,358.388
BEAM,Beam Therapeutics Inc. Common Stock,Russell 2000,False,gics_health,2026-10-06,25.23,-0.829318,2026-06-30,False,,0,0.590412,0.046,-4.45352,-4.74137,1.78585e+09,USD,26.4706,27.7722,30.5704
BELFB,Bel Fuse Inc. Class B Common Stock,Russell 2000,False,other,2026-10-06,260.26,3.71621,2026-06-30,False,,0,0.525554,0.046,9.8298,10.6782,1.78536e+09,USD,273.057,286.484,315.349
BEN,Franklin Templeton Inc. Common Stock,S&P 500,True,gics_fin,2026-10-06,32.44,1.56851,2026-06-30,False,,0.0409953,0.34462,0.046,2.89706,3.1843,1.79397e+09,USD,33.3446,34.2743,36.2124
BFAM,Bright Horizons Family Solutions Inc. Common Stock,S&P 600,False,gics_discr,2026-10-06,66.42,3.19966,2026-06-30,False,,0,0.477569,0.046,5.111,5.89698,1.78544e+09,USD,69.6859,73.1124,80.4792
BFH,Bread Financial Holdings Inc. Common Stock,S&P 600,False,gics_discr,2026-10-06,97.8,13.1481,2026-06-30,False,,0.00880353,0.361459,0.046,12.3321,13.7024,1.79267e+09,USD,102.158,106.711,116.433
BFLY,Butterfly Network Inc. Class A Common Stock,Russell 2000,False,gics_health,2026-10-06,8.7,-0.285577,2026-06-30,False,,0,0.905349,0.046,-0.0925,-0.05667,1.78541e+09,USD,9.12778,9.5766,10.5415
BFS,Saul Centers Inc. Common Stock,S&P 600,False,gics_re,2026-10-06,29.9,1.42712,2026-06-30,False,,0.0792403,0.231688,0.046,,,1.79391e+09,USD,30.1516,30.4053,30.9192
BFST,Business First Bancshares Inc. Common Stock,Russell 2000,False,gics_fin,2026-10-06,30.74,2.83521,2026-06-30,False,,0.0193577,0.14665,0.046,3.0075,3.328,1.79302e+09,USD,31.9409,33.1886,35.8323
BG,Bunge Limited Common Shares,S&P 500,True,gics_staples,2026-10-06,107.33,5.14475,2026-06-30,False,,0.0261724,0.267002,0.046,9.55417,11.262,1.79328e+09,USD,111.143,115.092,123.416
BGC,BGC Group Inc. Class A Common Stock,S&P 600,False,gics_fin,2026-10-06,11.85,0.415027,2026-06-30,False,,0.00669021,0.225037,0.046,1.425,1.6,1.78541e+09,USD,12.3912,12.957,14.1675
BH,Biglari Holdings Inc. Class B Common Stock,Russell 2000,False,gics_discr,2026-10-06,369.87,-12.7867,2026-06-30,False,,0,0.661285,0.046,,-7.45,1.794e+09,USD,388.057,407.138,448.161
BHE,Benchmark Electronics Inc. Common Stock,S&P 600,False,gics_it,2026-10-06,85.96,1.46004,2026-06-30,False,,0.00807972,0.566001,0.046,2.94333,3.30667,1.78536e+09,USD,89.8231,93.8598,102.486
BHF,Brighthouse Financial Inc. Common Stock,S&P 400,False,gics_fin,2026-10-06,50.03,14.3671,2026-06-30,False,,0,0.245519,0.046,18.4075,20.14,,USD,52.49,55.071,60.6199
BIIB,Biogen Inc. Common Stock,S&P 500,True,gics_health,2026-10-06,222.89,5.61264,2026-06-30,False,,0,0.226317,0.046,12.5446,16.5389,1.79319e+09,USD,233.85,245.348,270.069
BILL,BILL Holdings Inc. Common Stock,S&P 400,False,gics_it,2026-10-06,43.96,-0.099763,2026-06-30,False,,0,0.463235,0.046,3.70244,4.33135,1.78717e+09,USD,46.1215,48.3894,53.265
BIO,Bio-Rad Laboratories Inc. Class A Common Stock,S&P 400,False,gics_indu,2026-10-06,368.83,8.24987,2026-06-30,False,,0,0.386645,0.046,9.45,9.91667,1.78587e+09,USD,386.966,405.993,446.9
BJ,BJ's Wholesale Club Holdings Inc. Common Stock,S&P 400,False,gics_discr,2026-10-06,95.62,4.59486,2026-08-01,False,,0,0.159985,0.046,4.71293,5.02578,1.78732e+09,USD,100.322,105.255,115.86
BJRI,BJ's Restaurants Inc. Common Stock,S&P 600,False,gics_discr,2026-10-06,61.33,1.86936,2026-06-30,False,,0,0.419723,0.046,2.37064,2.72291,1.78544e+09,USD,64.3456,67.5096,74.3118
BKD,Brookdale Senior Living Inc. Common Stock,Russell 2000,False,gics_health,2026-10-06,10.9,-0.567108,2026-06-30,False,,0,0.549575,0.046,-0.61737,0.12,1.78639e+09,USD,11.436,11.9983,13.2072
BKE,Buckle Inc. (The) Common Stock,S&P 600,False,gics_discr,2026-10-06,43.46,4.32954,2026-08-01,False,,0.107149,0.391008,0.046,4.29943,4.14712,1.78732e+09,USD,43.2184,42.9782,42.5017
BKH,Black Hills Corporation Common Stock,S&P 400,False,gics_util,2026-10-06,70.74,3.92904,2026-06-30,False,,0.0394042,0.147876,0.046,4.338,4.612,1.78596e+09,USD,72.7704,74.859,79.2179
BKNG,Booking Holdings Inc. Common Stock,S&P 500,True,gics_discr,2026-10-06,157.63,9.07935,2026-06-30,False,,0.0103013,0.29783,0.046,10.4489,12.3645,1.79374e+09,USD,164.531,171.734,187.101
BKR,Baker Hughes Company Class A Common Stock,S&P 500,True,gics_energy,2026-10-06,57.13,3.11885,2026-06-30,False,,0.0158409,0.344024,0.046,2.58769,2.95512,1.79313e+09,USD,59.4662,61.898,67.064
BKSY,BlackSky Technology Inc. Class A Common Stock,Russell 2000,False,gics_it,2026-10-06,22.66,-1.73602,2026-06-30,False,,0,1.14499,0.046,-1.095,-0.36,1.78602e+09,USD,23.7742,24.9432,27.4565
BKU,BankUnited Inc. Common Stock,S&P 600,False,gics_fin,2026-10-06,42.9,3.70339,2026-06-30,False,,0.0297045,0.203832,0.046,3.883,4.46522,1.79259e+09,USD,44.3459,45.8405,48.9825
BKV,BKV Corporation Common Stock,Russell 2000,False,gics_energy,2026-10-06,22.05,2.48923,2026-06-30,False,,0,0.216599,0.046,1.6766,1.9326,1.78602e+09,USD,23.1342,24.2717,26.7173
BL,BlackLine Inc. Common Stock,S&P 600,False,gics_it,2026-10-06,28.17,0.498002,2026-06-30,False,,0,0.498322,0.046,2.49055,2.76288,1.78587e+09,USD,29.5551,31.0084,34.1328
BLDR,Builders FirstSource Inc. Common Stock,S&P 500,True,gics_indu,2026-10-06,56.22,0.933376,2026-06-30,False,,0,0.487323,0.046,3.1533,4.36192,1.79328e+09,USD,58.9844,61.8847,68.1201
BLK,BlackRock Inc. Common Stock,S&P 500,False,gics_fin,2026-10-06,1079.42,39.8543,2026-06-30,False,,0,0.26121,0.046,55.9824,64.1844,1.79198e+09,USD,1132.5,1188.18,1307.9
BLKB,Blackbaud Inc. Common Stock,S&P 600,False,gics_it,2026-10-06,43.51,3.25078,2026-06-30,False,,0,0.721431,0.046,5.245,5.97,1.78533e+09,USD,45.6494,47.894,52.7198
BLMN,Bloomin' Brands Inc. Common Stock,Russell 2000,False,gics_discr,2026-10-06,8.335,0.320842,2026-06-28,False,,0.0175384,0.576341,0.046,0.96591,1.09002,1.78593e+09,USD,8.66849,9.01532,9.75116
BMI,Badger Meter Inc. Common Stock,S&P 600,False,gics_indu,2026-10-06,123.73,4.28082,2026-06-30,False,,0.0119652,0.419876,0.046,4.49069,4.96806,1.79267e+09,USD,129.04,134.577,146.375
BMNR,BitMine Immersion Technologies Inc. Common Stock,大型股,False,gics_fin,2026-10-06,26.2,-15.8661,2026-05-31,False,,0,0.819006,0.046,,0.94,,USD,27.4883,28.8399,31.7458
BMRC,Bank of Marin Bancorp Common Stock,Russell 2000,False,gics_fin,2026-10-06,27.4,-0.891689,2026-06-30,False,,0.0366537,0.137682,0.046,2.26667,2.41667,1.79302e+09,USD,28.2252,29.0753,30.8531
BMRN,BioMarin Pharmaceutical Inc. Common Stock,S&P 400,False,gics_health,2026-10-06,56.22,0.369159,2026-06-30,False,,0,0.252376,0.046,4.9412,6.61975,1.78605e+09,USD,58.9844,61.8847,68.1201
BMY,Bristol-Myers Squibb Company Common Stock,S&P 500,True,gics_health,2026-10-06,59.59,4.53223,2026-06-30,False,,0.0407774,0.27035,0.046,6.95037,6.56484,1.79328e+09,USD,61.2583,62.9733,66.5486
BNED,Barnes & Noble Education Inc Common Stock,Russell 2000,False,gics_discr,2026-10-06,11.64,0.642194,2026-08-01,False,,0.00716866,0.397206,0.046,1.11,1.01,1.7889e+09,USD,12.1687,12.7213,13.9031
BNL,Broadstone Net Lease Inc. Common Stock,S&P 600,False,gics_re,2026-10-06,18.63,0.72783,2026-06-30,False,,0.0583036,0.197984,0.046,0.73988,0.68797,1.79322e+09,USD,18.9845,19.3457,20.0889
BNY,The Bank of New York Mellon Corporation Common Stock,S&P 500,True,gics_fin,2026-10-06,143.73,9.02224,2026-06-30,False,,0.0156279,0.195232,0.046,9.27861,10.2403,1.79207e+09,USD,149.624,155.759,168.794
BOC,Boston Omaha Corporation Class A Common Stock,Russell 2000,False,gics_fin,2026-10-06,13.02,-0.428525,2026-06-30,False,,0,0.144934,0.046,,-0.02,,USD,13.6602,14.3319,15.776
BOH,Bank of Hawaii Corporation Common Stock,S&P 600,False,gics_fin,2026-10-06,67.3,5.89052,2026-06-30,False,,0.040159,0.236,0.046,5.9604,6.65342,1.79302e+09,USD,69.2055,71.165,75.252
BOKF,BOK Financial Corporation Common Stock,,False,gics_fin,2026-10-06,128.15,10.8271,2026-06-30,False,,0.018764,0.171879,0.046,10.275,10.7161,1.79244e+09,USD,133.196,138.44,149.556
BOOM,DMC Global Inc. Common Stock,,False,gics_indu,2026-10-06,5.98,-0.978611,2026-06-30,False,,0,0.798724,0.046,-0.055,0.43,1.78536e+09,USD,6.27404,6.58254,7.24579
BOOT,Boot Barn Holdings Inc. Common Stock,S&P 600,False,gics_discr,2026-10-06,124.32,7.89276,2026-06-27,False,,0,0.542285,0.046,9.01502,9.96487,1.78536e+09,USD,130.433,136.846,150.635
BOW,Bowhead Specialty Holdings Inc. Common Stock,Russell 2000,False,gics_fin,2026-10-06,33.78,1.85253,2026-06-30,False,,0,0.341938,0.046,2.01329,2.44944,1.78576e+09,USD,35.441,37.1836,40.9302
BOX,Box Inc. Class A Common Stock,S&P 600,False,gics_it,2026-10-06,35.27,0.932581,2026-07-31,False,,0,0.387117,0.046,1.53991,1.73662,1.78769e+09,USD,37.0042,38.8238,42.7356
BPOP,Popular Inc. Common Stock,大型股,False,gics_fin,2026-10-06,158.29,14.942,2026-06-30,False,,0.0189162,0.240822,0.046,15.7629,17.2757,1.79267e+09,USD,164.51,170.974,184.675
BPRN,Princeton Bancorp Inc. Common Stock (PA),Russell 2000,False,gics_fin,2026-10-06,43.32,3.78939,2026-06-30,False,,0.0314127,0.145032,0.046,3.83667,3.83,1.78484e+09,USD,44.7418,46.2103,49.2933
BR,Broadridge Financial Solutions Inc. Common Stock,S&P 500,True,gics_indu,2026-10-06,158.66,9.6012,2026-06-30,False,,0.0231051,0.256307,0.046,10.5486,11.5758,1.78585e+09,USD,164.549,170.657,183.562
BRBR,BellRing Brands Inc. Common Stock ,Russell 2000,False,gics_staples,2026-10-06,7.69,1.45872,2026-06-30,False,,0,1.00183,0.046,1.04388,1.32138,1.78585e+09,USD,8.06812,8.46484,9.31775
BRC,Brady Corporation Common Stock,S&P 600,False,gics_discr,2026-10-06,85.11,4.29535,2026-07-31,False,,0.0115258,0.249253,0.046,6.55,7.215,1.78844e+09,USD,88.7818,92.612,100.775
BRCC,BRC Inc. Class A Common Stock,Russell 2000,False,gics_staples,2026-10-06,9.44,-0.152425,2026-06-30,False,,0,2.42632,0.046,0.07,0.42,1.78579e+09,USD,9.90417,10.3912,11.4382
BRKR,Bruker Corporation Common Stock,S&P 400,False,gics_indu,2026-10-06,60.5,-0.466274,2026-06-30,False,,0.00248739,0.625622,0.046,2.11871,2.3926,1.78585e+09,USD,63.3959,66.4305,72.9423
BRO,Brown & Brown Inc. Common Stock,S&P 500,True,gics_fin,2026-10-06,60.97,3.57864,2026-06-30,False,,0.0107996,0.291471,0.046,4.48078,4.81684,1.79304e+09,USD,63.6235,66.3924,72.297
BROS,Dutch Bros Inc. Class A Common Stock,S&P 400,False,gics_discr,2026-10-06,39.06,0.68543,2026-06-30,False,,0,0.571595,0.046,0.98137,1.3347,1.78596e+09,USD,40.9806,42.9956,47.3279
BRT,BRT Apartments Corp. (MD) Common Stock,Russell 2000,False,gics_re,2026-10-06,13.64,-0.715855,2026-06-30,False,,0.0607495,0.173884,0.046,-0.745,-0.735,,USD,13.8825,14.1294,14.6363
BRX,Brixmor Property Group Inc. Common Stock,S&P 400,False,gics_re,2026-10-06,27.46,1.40498,2026-06-30,False,,0,0.23875,0.046,1.01858,0.97568,1.79304e+09,USD,28.8102,30.2268,33.2725
BRZE,Braze Inc. Class A Common Stock,Russell 2000,False,gics_it,2026-10-06,26.34,-1.01613,2026-07-31,False,,0,0.841544,0.046,0.64251,0.98195,1.7889e+09,USD,27.6352,28.994,31.9154
BSET,Bassett Furniture Industries Incorporated Common Stock,,False,gics_discr,2026-10-06,21.12,0.79,2026-08-30,True,1.24658,0.0453392,0.415002,0.046,0.925,1.345,1.7908e+09,USD,21.6618,22.2175,23.3721
BSRR,Sierra Bancorp Common Stock,Russell 2000,False,gics_fin,2026-10-06,39.48,3.4383,2026-06-30,False,,0.0260098,0.215247,0.046,3.55,3.788,1.78516e+09,USD,40.8861,42.3422,45.4119
BSVN,Bank7 Corp. Common stock,Russell 2000,False,gics_fin,2026-10-06,55.68,4.37103,2026-06-30,False,,0.0188145,0.199594,0.046,4.44333,5.13,1.79207e+09,USD,57.8708,60.1479,64.9743
BSX,Boston Scientific Corporation Common Stock,S&P 500,True,gics_health,2026-10-06,42.19,2.45819,2026-06-30,False,,0,0.283052,0.046,3.26088,3.40348,1.79319e+09,USD,44.2645,46.441,51.1204
BSY,Bentley Systems Incorporated Class B Common Stock,S&P 400,False,gics_it,2026-10-06,35.97,0.900986,2026-06-30,False,,0.00794447,0.320548,0.046,1.39464,1.57886,1.78602e+09,USD,37.5891,39.281,42.8968
BTSG,BrightSpring Health Services Inc. Common Stock,S&P 400,False,gics_health,2026-10-06,63.75,1.65358,2026-06-30,False,,0,0.401338,0.046,1.81999,2.27823,1.79336e+09,USD,66.8846,70.1734,77.244
BTU,Peabody Energy Corporation Common Stock ,S&P 600,False,gics_energy,2026-10-06,25.43,-1.49754,2026-06-30,False,,0.0113399,0.604557,0.046,-0.33,2.85333,1.78533e+09,USD,26.5296,27.6767,30.1218
BURL,Burlington Stores Inc. Common Stock,S&P 400,False,gics_discr,2026-10-06,276.43,11.1341,2026-08-01,False,,0,0.389911,0.046,11.8011,13.6808,1.78783e+09,USD,290.022,304.283,334.942
BUSE,First Busey Corporation Class A Common Stock,Russell 2000,False,gics_fin,2026-10-06,29.4,2.6301,2026-06-30,False,,0.04184,0.140036,0.046,2.69429,2.74714,1.79313e+09,USD,30.207,31.0362,32.7635
BV,BrightView Holdings Inc. Common Stock,Russell 2000,False,gics_staples,2026-10-06,10.49,0.215999,2026-06-30,False,,0,0.434742,0.046,0.50185,0.61074,1.78587e+09,USD,11.0058,11.547,12.7104
BVS,Bioventus Inc. Class A Common Stock,Russell 2000,False,gics_health,2026-10-06,13.1,0.768848,2026-06-27,False,,0,0.287139,0.046,0.778,0.92,1.78593e+09,USD,13.7441,14.4199,15.8729
BW,Babcock & Wilcox Enterprises Inc. Common Stock,Russell 2000,False,gics_indu,2026-10-06,5.91,-0.11876,2026-06-30,False,,0,1.10041,0.046,0.13667,0.4475,1.78639e+09,USD,6.2006,6.50549,7.16097
BWA,BorgWarner Inc. Common Stock,S&P 400,False,gics_discr,2026-10-06,63.36,1.99232,2026-06-30,False,,0.0109142,0.425289,0.046,5.21942,5.9336,1.79328e+09,USD,66.1137,68.987,75.1138
BWIN,The Baldwin Insurance Group Inc. Class A Common Stock,Russell 2000,False,gics_fin,2026-10-06,31.83,-0.839034,2026-06-30,False,,0,0.578683,0.046,2.0124,2.47883,1.78544e+09,USD,33.3951,35.0372,38.5675
BWXT,BWX Technologies Inc. Common Stock,S&P 400,False,gics_indu,2026-10-06,145.7,3.86032,2026-06-30,False,,0.00737556,0.347843,0.046,4.7428,5.23013,1.79365e+09,USD,152.301,159.202,173.955
BX,Blackstone Inc. Common Stock,S&P 500,True,gics_fin,2026-10-06,113.36,4.39936,2026-06-30,False,,0.0680183,0.344844,0.046,5.96702,7.42762,1.79267e+09,USD,114.957,116.577,119.885
BXC,Bluelinx Holdings Inc. Common Stock,Russell 2000,False,gics_discr,2026-10-06,74.82,-0.245263,2026-07-04,False,,0,0.536777,0.046,1.88667,2.85333,1.78587e+09,USD,78.4989,82.3588,90.6572
BXMT,Blackstone Mortgage Trust Inc. Common Stock,S&P 600,False,gics_re,2026-10-06,11.25,0.0913068,2026-06-30,False,,0.149213,0.237198,0.046,1.272,1.48613,1.78541e+09,USD,10.9546,10.667,10.1142
BXP,BXP Inc. Common Stock,S&P 500,True,gics_re,2026-10-06,59.79,1.85922,2026-06-30,False,,0.0550261,0.265229,0.046,2.0872,2.18075,1.79313e+09,USD,61.0275,62.2907,64.896
BY,Byline Bancorp Inc. Common Stock,Russell 2000,False,gics_fin,2026-10-06,37.34,3.31842,2026-06-30,False,,0.0120806,0.183349,0.046,3.394,3.43,1.7927e+09,USD,38.9401,40.6088,44.1637
BYD,Boyd Gaming Corporation Common Stock,S&P 400,False,gics_discr,2026-10-06,70.41,23.6682,2026-06-30,False,,0.0102327,0.243778,0.046,7.10033,7.77324,1.7927e+09,USD,73.4951,76.7154,83.5855
BYND,Beyond Meat Inc. Common Stock,,False,gics_staples,2026-10-06,7.99,17.4409,2026-06-27,False,,0,3.66089,0.046,-11.829,-10.4244,1.78596e+09,USD,8.38287,8.79506,9.68125
BZH,Beazer Homes USA Inc. Common Stock,Russell 2000,False,gics_discr,2026-10-06,33.41,-0.275956,2026-06-30,False,,0,0.53485,0.046,-0.67,1.52,1.78611e+09,USD,35.0528,36.7764,40.4819
C,Citigroup Inc. Common Stock,S&P 500,True,gics_fin,2026-10-06,128.52,10.0445,2026-06-30,False,,0.0227605,0.258493,0.046,11.188,12.9401,1.79189e+09,USD,133.314,138.286,148.794
CABO,Cable One Inc. Common Stock,Russell 2000,False,gics_comm,2026-10-06,12.97,-172.581,2026-06-30,False,,0,0.891907,0.046,,14.54,1.78605e+09,USD,13.6077,14.2768,15.7154
CAC,Camden National Corporation Common Stock,Russell 2000,False,gics_fin,2026-10-06,56.76,5.20778,2026-06-30,False,,0.0297694,0.115932,0.046,5.386,5.74,1.7931e+09,USD,58.6711,60.6465,64.7992
CACC,Credit Acceptance Corporation Common Stock,S&P 600,False,gics_fin,2026-10-06,536.58,45.8185,2026-06-30,False,,0,0.362397,0.046,47.725,54.805,1.78587e+09,USD,562.964,590.645,650.158
CACI,CACI International Inc. Class A Common Stock,S&P 400,False,gics_it,2026-10-06,599.64,24.1616,2026-06-30,False,,0,0.454024,0.046,33.6039,37.6352,1.78596e+09,USD,629.125,660.059,726.566
CAG,ConAgra Brands Inc. Common Stock,S&P 500,True,gics_staples,2026-10-06,13.45,-4.06,2026-08-31,True,1.01659,0.0945265,0.23558,0.046,1.45874,1.52449,1.79077e+09,USD,13.4599,13.4698,13.4897
CAI,Caris Life Sciences Inc. Common Stock,,False,gics_health,2026-10-06,27.455,0.371652,2026-06-30,False,,0,0.668073,0.046,0.13307,0.36377,1.78596e+09,USD,28.805,30.2213,33.2664
CAKE,Cheesecake Factory Incorporated (The) Common Stock,S&P 600,False,gics_discr,2026-10-06,108.23,3.68356,2026-06-30,False,,0.0109143,0.497425,0.046,4.54685,4.9967,1.79313e+09,USD,112.934,117.842,128.308
CAL,Caleres Inc. Common Stock,Russell 2000,False,gics_discr,2026-10-06,12.46,1.60146,2026-08-01,False,,0.0234808,0.428782,0.046,1.60667,2.19333,1.78896e+09,USD,12.9201,13.3972,14.4048
CALM,Cal-Maine Foods Inc. Common Stock,S&P 600,False,gics_staples,2026-10-06,63.4,1.23,2026-08-30,True,0.185583,0.0670607,0.207068,0.046,-2.985,1.015,1.79077e+09,USD,64.324,65.2616,67.1778
CALX,Calix Inc Common Stock,S&P 600,False,gics_discr,2026-10-06,35.29,0.746551,2026-06-27,False,,0,0.318368,0.046,1.72167,2.30226,1.79365e+09,USD,37.0252,38.8458,42.7599
CALY,Callaway Golf Company Common Stock,S&P 600,False,gics_discr,2026-10-06,14.28,-1.29946,2026-06-30,False,,0,0.458895,0.046,0.74428,0.88624,1.78587e+09,USD,14.9822,15.7188,17.3027
CAR,Avis Budget Group Inc. Common Stock,S&P 400,False,gics_discr,2026-10-06,112.65,-17.8151,2026-06-30,False,,0,0.735563,0.046,3.26957,6.04591,1.78527e+09,USD,118.189,124.001,136.495
CARE,Carter Bankshares Inc. Common Stock,Russell 2000,False,gics_fin,2026-10-06,30.46,5.8849,2026-06-30,False,,0,0.274364,0.046,5.76333,2.6,1.79328e+09,USD,31.9577,33.5291,36.9075
CARG,CarGurus Inc. Class A Common Stock ,S&P 600,False,gics_it,2026-10-06,28.73,1.85009,2026-06-30,False,,0,0.404879,0.046,2.61808,3.02787,1.78605e+09,USD,30.1427,31.6248,34.8113
CARL,Carlsmed Inc. Common Stock,Russell 2000,False,gics_health,2026-10-06,14.64,-1.33667,2026-06-30,False,,0,0.848845,0.046,-1.41,-1.38,1.78596e+09,USD,15.3599,16.1151,17.7389
CARR,Carrier Global Corporation Common Stock ,S&P 500,True,gics_indu,2026-10-06,56.1,1.44756,2026-06-30,False,,0.0167029,0.284449,0.046,2.88135,3.31258,1.78524e+09,USD,58.369,60.7297,65.7415
CARS,Cars.com Inc. Common Stock ,Russell 2000,False,gics_it,2026-10-06,9.45,0.575511,2026-06-30,False,,0,0.555042,0.046,1.99737,2.35914,1.78602e+09,USD,9.91466,10.4022,11.4503
CART,Maplebear Inc. Common Stock,S&P 400,False,gics_discr,2026-10-06,45.47,1.89277,2026-06-30,False,,0,0.419476,0.046,4.15184,4.89699,1.78605e+09,USD,47.7058,50.0515,55.0947
CASH,Pathward Financial Inc. Common Stock,S&P 600,False,gics_fin,2026-10-06,73.06,8.09596,2026-06-30,False,,0.00270969,0.360417,0.046,7.88,9.59667,1.78475e+09,USD,76.5486,80.2038,88.0462
CASS,Cass Information Systems Inc Common Stock,Russell 2000,False,gics_discr,2026-10-06,53.9,2.79152,2026-06-30,False,,0.0229204,0.157009,0.046,2.985,3.625,1.78481e+09,USD,55.9059,57.9865,62.3828
CASY,Casey's General Stores Inc. Common Stock,大型股,False,gics_discr,2026-10-06,620.8,20.729,2026-07-31,False,,0.00385603,0.369387,0.046,21.3548,23.453,1.7889e+09,USD,650.071,680.721,746.426
CAT,Caterpillar Inc. Common Stock,S&P 500,True,gics_indu,2026-10-06,863.44,23.2804,2026-06-30,False,,0.00740204,0.328735,0.046,27.2088,32.431,1.79328e+09,USD,902.549,943.43,1030.83
CATY,Cathay General Bancorp Common Stock,S&P 600,False,gics_fin,2026-10-06,60.16,5.15321,2026-06-30,False,,0.0235086,0.187673,0.046,5.56,5.94833,1.78475e+09,USD,62.3805,64.683,69.5461
CAVA,CAVA Group Inc. Common Stock,S&P 400,False,gics_discr,2026-10-06,52.64,0.559652,2026-07-12,False,,0,0.589791,0.046,0.5517,0.74485,1.78648e+09,USD,55.2283,57.944,63.7823
CBAN,Colony Bankcorp Inc. Common Stock,Russell 2000,False,gics_fin,2026-10-06,20.43,1.54192,2026-06-30,False,,0.0228926,0.145322,0.046,2.02,2.37,1.78475e+09,USD,21.1906,21.9795,23.6466
CBL,CBL & Associates Properties Inc. Common Stock,Russell 2000,False,gics_re,2026-10-06,50,7.0258,2026-06-30,False,,0.0403727,0.212394,0.046,3.24,,1.78605e+09,USD,51.4102,52.8602,55.884
CBLL,CeriBell Inc. Common Stock,Russell 2000,False,gics_health,2026-10-06,24.34,-1.73531,2026-06-30,False,,0,0.309732,0.046,-1.96311,-1.61315,1.78639e+09,USD,25.5368,26.7925,29.4921
CBNK,Capital Bancorp Inc. Common Stock,Russell 2000,False,gics_fin,2026-10-06,39.59,3.42864,2026-06-30,False,,0.0133326,0.141376,0.046,3.478,3.832,1.78518e+09,USD,41.2607,43.0019,46.7078
CBRE,CBRE Group Inc Common Stock Class A,S&P 500,True,gics_re,2026-10-06,130.66,4.38066,2026-06-30,False,,0,0.307939,0.046,7.82404,9.09036,1.79267e+09,USD,137.085,143.825,158.317
CBRL,Cracker Barrel Old Country Store Inc Common Stock,S&P 600,False,gics_discr,2026-10-06,56.32,1.4,2026-08-01,True,1.20115,0.0217237,0.63345,0.046,2.01433,2.12415,1.79017e+09,USD,58.4509,60.6625,65.3399
CBSH,Commerce Bancshares Inc. Common Stock,S&P 400,False,gics_fin,2026-10-06,54.78,4.00332,2026-06-30,False,,0.0197412,0.203032,0.046,4.29111,4.56667,1.7842e+09,USD,56.9091,59.1209,63.8057
CBT,Cabot Corporation Common Stock,S&P 400,False,gics_indu,2026-10-06,77.11,3.63985,2026-06-30,False,,0.0233027,0.238792,0.046,6.36859,6.987,1.78579e+09,USD,79.9644,82.9245,89.1774
CBU,Community Financial System Inc. Common Stock,S&P 600,False,gics_fin,2026-10-06,59.58,4.32058,2026-06-30,False,,0.030765,0.22065,0.046,4.60167,5.195,1.7931e+09,USD,61.5554,63.5963,67.8833
CC,Chemours Company (The) Common Stock,S&P 600,False,gics_indu,2026-10-06,14.08,-2.01025,2026-06-30,False,,0.0243046,0.599113,0.046,0.99411,1.92874,1.78587e+09,USD,14.5939,15.1265,16.2509
CCB,Coastal Financial Corporation Common Stock,Russell 2000,False,gics_fin,2026-10-06,40.76,-0.249695,2026-06-30,False,,0,0.624669,0.046,1.92333,5.76,1.78541e+09,USD,42.7642,44.8669,49.3877
CCBG,Capital City Bank Group Common Stock,Russell 2000,False,gics_fin,2026-10-06,49.26,3.60557,2026-06-30,False,,0.0217261,0.136167,0.046,3.71333,3.75,1.7925e+09,USD,51.1238,53.058,57.1489
CCI,Crown Castle Inc. Common Stock,S&P 500,True,gics_re,2026-10-06,68.28,1.97254,2026-06-30,False,,0,0.281761,0.046,2.48236,2.89994,1.79261e+09,USD,71.6374,75.1598,82.7329
CCK,Crown Holdings Inc.,S&P 400,False,gics_indu,2026-10-06,107.69,6.96889,2026-06-30,False,,0.0110384,0.2973,0.046,8.40004,9.05385,1.79244e+09,USD,112.363,117.239,127.636
CCL,Carnival Corporation Ltd. Common Shares,S&P 500,True,gics_discr,2026-10-06,26.58,2.27,2026-08-31,True,1.02994,0.0136624,0.471164,0.046,2.2583,2.56092,1.79068e+09,USD,27.6971,28.8612,31.3381
CCNE,CNB Financial Corporation Common Stock,Russell 2000,False,gics_fin,2026-10-06,33.83,3.25623,2026-06-30,False,,0.0236818,0.150803,0.046,3.55,3.73167,,USD,35.0756,36.3672,39.0946
CCOI,Cogent Communications Holdings Inc.,Russell 2000,False,gics_discr,2026-10-06,9.31,-0.933962,2026-06-30,False,,0.141776,0.736889,0.046,-2.515,-2.58333,1.78602e+09,USD,9.09933,8.89343,8.4955
CCS,Century Communities Inc. Common Stock,S&P 600,False,gics_discr,2026-10-06,58.89,4.58342,2026-06-30,False,,0.0195837,0.480603,0.046,4.86,4.59,1.79322e+09,USD,61.1836,63.5666,68.6145
CCSI,Consensus Cloud Solutions Inc. Common Stock,Russell 2000,False,gics_it,2026-10-06,36.35,4.93416,2026-06-30,False,,0,0.636045,0.046,5.8625,6.125,1.79391e+09,USD,38.1374,40.0126,44.0442
CDE,Coeur Mining Inc. Common Stock,S&P 400,False,gics_mat,2026-10-06,17.17,0.822105,2026-06-30,False,,0.00103302,0.798989,0.046,1.27429,1.98531,1.78596e+09,USD,18.005,18.8805,20.7614
CDNS,Cadence Design Systems Inc. Common Stock,S&P 500,True,software,2026-10-06,359.55,4.98979,2026-06-30,False,,0,0.308765,0.046,8.14566,9.56722,1.79304e+09,USD,377.229,395.778,435.656
CDP,COPT Defense Properties Common Shares of Beneficial Interest,S&P 400,False,gics_re,2026-10-06,33.68,1.42314,2026-06-30,False,,0.0363129,0.204481,0.046,,1.46,1.7933e+09,USD,34.7003,35.7515,37.9503
CDRE,Cadre Holdings Inc. Common Stock,Russell 2000,False,gics_health,2026-10-06,25.5,0.83109,2026-06-30,False,,0.0142554,0.562054,0.046,1.42208,1.64156,1.78596e+09,USD,26.5638,27.6721,30.0291
CDW,CDW Corporation Common Stock,S&P 500,True,itservices,2026-10-06,135.67,8.34208,2026-06-30,False,,0.017048,0.303882,0.046,10.9588,12.0152,1.78593e+09,USD,141.133,146.816,158.877
CE,Celanese Corporation Common Stock,S&P 600,False,gics_indu,2026-10-06,44.85,-10.6032,2026-06-30,False,,0.00244152,0.473818,0.046,5.97691,6.14549,1.79365e+09,USD,46.9979,49.2487,54.0787
CECO,CECO Environmental Corp. Common Stock,Russell 2000,False,gics_indu,2026-10-06,75.45,-0.706734,2026-06-30,False,,0,0.486166,0.046,2.29805,3.15155,1.78636e+09,USD,79.1599,83.0523,91.4205
CEG,Constellation Energy Corporation Common Stock ,S&P 500,True,gics_util,2026-10-06,300.4,9.625,2026-06-30,False,,0.00620571,0.491723,0.046,12.144,13.3202,1.78602e+09,USD,314.194,328.622,359.496
CENT,Central Garden & Pet Company Common Stock,S&P 600,False,gics_discr,2026-10-06,40.02,2.68475,2026-06-27,False,,0,0.287119,0.046,2.97309,3.05594,1.78596e+09,USD,41.9878,44.0524,48.4911
CENX,Century Aluminum Company Common Stock,S&P 600,False,gics_indu,2026-10-06,37.18,5.75859,2026-06-30,False,,0,0.609382,0.046,9.87487,11.8794,1.78605e+09,USD,39.0082,40.9262,45.0499
CERT,Certara Inc. Common Stock,S&P 600,False,gics_it,2026-10-06,9.27,-0.433604,2026-06-30,False,,0,0.521805,0.046,0.34087,0.38885,1.78585e+09,USD,9.72581,10.204,11.2322
CEVA,CEVA Inc. Common Stock,Russell 2000,False,gics_it,2026-10-06,36.17,-0.392056,2026-06-30,False,,0,1.00718,0.046,0.548,0.80249,1.78636e+09,USD,37.9485,39.8145,43.8261
CF,CF Industries Holdings Inc. Common Stock,S&P 500,True,gics_mat,2026-10-06,116.02,13.5858,2026-06-30,False,,0.0164833,0.338363,0.046,14.8438,11.0397,1.79382e+09,USD,120.726,125.622,136.019
CFFI,C&F Financial Corporation Common Stock,Russell 2000,False,gics_fin,2026-10-06,102.21,8.94359,2026-06-30,False,,0.0205675,0.260153,0.046,9.65,9.99,1.78483e+09,USD,106.139,110.218,118.854
CFFN,Capitol Federal Financial Inc. Common Stock,S&P 600,False,gics_fin,2026-10-06,8.52,0.654144,2026-06-30,False,,0.0438868,0.153182,0.046,0.685,0.775,1.79319e+09,USD,8.74492,8.97578,9.45594
CFG,Citizens Financial Group Inc. Common Stock,S&P 500,True,gics_fin,2026-10-06,64.09,4.9454,2026-06-30,False,,0.0279358,0.302885,0.046,5.28624,6.53774,1.79215e+09,USD,66.3087,68.6041,73.4362
CFR,Cullen/Frost Bankers Inc. Common Stock,S&P 400,False,gics_fin,2026-10-06,152.96,10.8346,2026-06-30,False,,0.0263194,0.217103,0.046,10.9981,11.8806,1.78541e+09,USD,158.383,163.998,175.834
CG,The Carlyle Group Inc. Common Stock,S&P 400,False,gics_fin,2026-10-06,38.88,0.990739,2026-06-30,False,,0.0343076,0.363528,0.046,3.602,5.0786,1.79382e+09,USD,40.098,41.3541,43.9857
CGNX,Cognex Corporation Common Stock,S&P 400,False,gics_indu,2026-10-06,66.35,1.02823,2026-07-05,False,,0.00569573,0.567513,0.046,1.69289,2.02738,1.78596e+09,USD,69.4145,72.6206,79.4837
CGON,CG Oncology Inc. Common stock,Russell 2000,False,gics_health,2026-10-06,63.64,-2.54393,2026-06-30,False,,0,0.392795,0.046,-3.22994,-3.02065,1.78602e+09,USD,66.7692,70.0523,77.1107
CHCO,City Holding Company Common Stock,S&P 600,False,gics_fin,2026-10-06,141.57,9.2328,2026-06-30,False,,0.0245713,0.110357,0.046,9.28,9.66,1.78472e+09,USD,146.717,152.052,163.31
CHCT,Community Healthcare Trust Incorporated Common Stock,Russell 2000,False,gics_re,2026-10-06,13.63,0.776577,2026-06-30,False,,0.141568,0.302021,0.046,,0.4,1.78587e+09,USD,13.323,13.0228,12.4427
CHD,Church & Dwight Company Inc. Common Stock,S&P 500,True,gics_staples,2026-10-06,96.54,3.12678,2026-06-30,False,,0.0124517,0.175388,0.046,3.77282,4.03581,1.7855e+09,USD,100.658,104.952,114.098
CHDN,Churchill Downs Incorporated Common Stock,S&P 400,False,gics_discr,2026-10-06,78.21,5.9,2026-06-30,False,,0.00564294,0.351536,0.046,6.91927,7.40609,1.79322e+09,USD,81.8244,85.6059,93.7013
CHE,Chemed Corp,S&P 400,False,gics_health,2026-10-06,509.84,20.0871,2026-06-30,False,,0.00478242,0.234185,0.046,25.4938,27.5179,1.79313e+09,USD,533.632,558.533,611.878
CHEF,The Chefs' Warehouse Inc. Common Stock,S&P 600,False,gics_discr,2026-10-06,111.21,1.99582,2026-06-26,False,,0,0.476171,0.046,2.53816,3.05859,1.78533e+09,USD,116.678,122.415,134.75
CHH,Choice Hotels International Inc. Common Stock,S&P 400,False,gics_discr,2026-10-06,103.06,7.13227,2026-06-30,False,,0.0112945,0.236435,0.046,7.01306,7.57705,1.78593e+09,USD,107.519,112.17,122.086
CHMG,Chemung Financial Corp Common Stock,Russell 2000,False,gics_fin,2026-10-06,81.62,6.93347,2026-06-30,False,,0.0167006,0.245829,0.046,7.59,8.2,1.7927e+09,USD,84.9212,88.356,95.6478
CHPT,ChargePoint Holdings Inc. Common Stock,Russell 2000,False,other,2026-10-06,8.67,-6.6759,2026-07-31,False,,0,0.975294,0.046,-1.98019,-1.14714,1.78838e+09,USD,9.09631,9.54358,10.5052
CHRD,Chord Energy Corporation Common Stock,S&P 400,False,gics_energy,2026-10-06,137.53,14.9421,2026-06-30,False,,0.0377206,0.493321,0.046,21.3508,16.251,1.78596e+09,USD,141.597,145.783,154.532
CHRW,C.H. Robinson Worldwide Inc. Common Stock,S&P 500,True,gics_indu,2026-10-06,135.05,5.23367,2026-06-30,False,,0.0167629,0.352345,0.046,6.2772,7.50588,1.78536e+09,USD,140.508,146.186,158.241
CHTR,Charter Communications Inc. Class A Common Stock New,S&P 500,True,gics_comm,2026-10-06,108.64,38.8177,2026-06-30,False,,0,0.488528,0.046,39.3775,47.04,1.7849e+09,USD,113.982,119.586,131.636
CHWY,Chewy Inc. Class A Common Stock,S&P 400,False,gics_discr,2026-10-06,18.14,0.653066,2026-08-02,False,,0,0.398032,0.046,1.54242,1.86954,1.78896e+09,USD,19.032,19.9678,21.9797
CHYM,Chime Financial Inc. Class A Common Stock,大型股,False,gics_fin,2026-10-06,27.65,-0.0454284,2026-06-30,False,,0,0.767391,0.046,,1.61,1.78596e+09,USD,29.0096,30.436,33.5027
CI,The Cigna Group Common Stock,S&P 500,True,gics_health,2026-10-06,274.37,24.3015,2026-06-30,False,,0.0227609,0.309514,0.046,30.5101,33.4846,1.79388e+09,USD,284.604,295.219,317.652
CIEN,Ciena Corporation Common Stock,大型股,False,gics_util,2026-10-06,443.65,4.47264,2026-08-01,False,,0,0.605177,0.046,7.16563,11.8283,1.78844e+09,USD,465.465,488.352,537.558
CIFR,Cipher Digital Inc. Common Stock,Russell 2000,False,gics_fin,2026-10-06,15.5,-2.7342,2026-06-30,False,,0,0.907887,0.046,-0.67208,0.13181,1.78585e+09,USD,16.2621,17.0618,18.7809
CINF,Cincinnati Financial Corporation Common Stock,S&P 500,True,gics_fin,2026-10-06,163.08,21.1911,2026-06-30,False,,0.0212716,0.210387,0.046,8.50382,9.05963,1.78518e+09,USD,169.289,175.734,189.369
CL,Colgate-Palmolive Company Common Stock,S&P 500,True,gics_staples,2026-10-06,87.25,2.53136,2026-06-30,False,,0,0.189181,0.046,3.87027,4.09802,1.79336e+09,USD,91.5401,96.0412,105.718
CLDT,Chatham Lodging Trust (REIT) Common Shares of Beneficial Interest,Russell 2000,False,gics_re,2026-10-06,13.71,0.251518,2026-06-30,False,,0.0295651,0.320668,0.046,,-0.12,1.78585e+09,USD,14.1731,14.6518,15.6582
CLF,Cleveland-Cliffs Inc. Common Stock,S&P 400,False,gics_mat,2026-10-06,12.25,-1.53415,2026-06-30,False,,0,0.817649,0.046,-0.18108,0.85785,1.79241e+09,USD,12.8523,13.4843,14.843
CLH,Clean Harbors Inc. Common Stock,S&P 400,False,gics_indu,2026-10-06,318.06,8.28529,2026-06-30,False,,0,0.237041,0.046,9.85899,10.0022,1.78533e+09,USD,333.699,350.107,385.384
CLMT,Calumet Inc. Common Stock,Russell 2000,False,gics_energy,2026-10-06,56.21,-1.56189,2026-06-30,False,,0,0.360066,0.046,-2.68,0.63,1.79397e+09,USD,58.9739,61.8737,68.108
CLW,Clearwater Paper Corporation Common Stock,Russell 2000,False,gics_mat,2026-10-06,19.82,-3.05717,2026-06-30,False,,0,0.50871,0.046,-3.53667,-0.87667,1.78527e+09,USD,20.7946,21.817,24.0153
CLX,Clorox Company (The) Common Stock,S&P 500,True,gics_staples,2026-10-06,83.52,4.80628,2026-06-30,False,,0.0586832,0.299914,0.046,5.74774,6.21059,1.78579e+09,USD,85.093,86.6956,89.9919
CMC,Commercial Metals Company Common Stock,S&P 400,False,gics_indu,2026-10-06,64.91,5.31738,2026-05-31,False,,0.0113118,0.436444,0.046,6.41319,7.27948,1.79207e+09,USD,67.7176,70.6466,76.8902
CMCO,Columbus McKinnon Corporation Common Stock,Russell 2000,False,gics_indu,2026-10-06,17.02,-10.9876,2026-06-30,False,,0.0169122,0.57529,0.046,2.01308,2.64332,1.78541e+09,USD,17.7065,18.4207,19.9367
CME,CME Group Inc. Class A Common Stock,S&P 500,True,gics_fin,2026-10-06,270.18,11.8739,2026-06-30,False,,0.0415394,0.244663,0.046,12.2644,12.9562,1.79259e+09,USD,277.638,285.302,301.271
CMG,Chipotle Mexican Grill Inc. Common Stock,S&P 500,True,gics_discr,2026-10-06,30.9,1.09029,2026-06-30,False,,0,0.318027,0.046,1.14963,1.36869,1.79322e+09,USD,32.4194,34.0135,37.4406
CMI,Cummins Inc. Common Stock,S&P 500,True,gics_indu,2026-10-06,535.31,19.5605,2026-06-30,False,,0.0151851,0.300573,0.046,29.7053,34.5766,1.79388e+09,USD,557.383,580.367,629.217
CMP,Compass Minerals Intl Inc Common Stock,Russell 2000,False,gics_indu,2026-10-06,22.7,0.434403,2026-06-30,False,,0,0.539356,0.046,0.89442,1.26621,1.78596e+09,USD,23.8162,24.9872,27.5049
CMS,CMS Energy Corporation Common Stock,S&P 500,True,gics_util,2026-10-06,65.07,3.30116,2026-06-30,False,,0,0.163388,0.046,3.87096,4.1555,1.7931e+09,USD,68.2695,71.6264,78.8434
CNA,CNA Financial Corporation Common Stock,大型股,False,gics_fin,2026-10-06,46.21,4.54278,2026-06-30,False,,0.0827282,0.252333,0.046,4.3,4.8,1.78576e+09,USD,46.5177,46.8274,47.453
CNC,Centene Corporation Common Stock,S&P 500,True,gics_health,2026-10-06,64.61,-10.2484,2026-06-30,False,,0,0.634981,0.046,4.88462,5.34776,1.7931e+09,USD,67.7869,71.12,78.286
CNK,Cinemark Holdings Inc Cinemark Holdings Inc. Common Stock,S&P 600,False,gics_discr,2026-10-06,35.28,1.86082,2026-06-30,False,,0,0.348879,0.046,2.48629,2.62774,1.78541e+09,USD,37.0147,38.8348,42.7477
CNM,Core & Main Inc. Class A Common Stock,S&P 400,False,gics_discr,2026-10-06,42.1,2.34564,2026-08-02,False,,0,0.191121,0.046,3.16244,3.50188,1.78896e+09,USD,44.1701,46.342,51.0113
CNNE,Cannae Holdings Inc. Common Stock,Russell 2000,False,gics_discr,2026-10-06,15.5,-3.39869,2026-06-30,False,,0.036328,0.374341,0.046,-0.435,-1.415,1.78639e+09,USD,15.9694,16.4531,17.4647
CNO,CNO Financial Group Inc. Common Stock,S&P 400,False,gics_fin,2026-10-06,54.04,2.90829,2026-06-30,False,,0.0126331,0.209224,0.046,4.67,5.028,1.78544e+09,USD,56.3402,58.7383,63.845
CNOB,ConnectOne Bancorp Inc. Common Stock,Russell 2000,False,gics_fin,2026-10-06,30.4,3.17397,2026-06-30,False,,0.0246975,0.201228,0.046,3.274,3.666,1.78481e+09,USD,31.5033,32.6467,35.0595
CNP,CenterPoint Energy Inc (Holding Co) Common Stock,S&P 500,True,gics_util,2026-10-06,38.56,1.67718,2026-06-30,False,,0.0240398,0.168577,0.046,1.91077,2.0874,1.7931e+09,USD,39.9727,41.4371,44.5288
CNR,Core Natural Resources Inc. Common Stock,S&P 600,False,gics_energy,2026-10-06,90.21,1.96101,2026-06-30,False,,0.00434643,0.543072,0.046,4,6.645,1.78602e+09,USD,94.4402,98.8688,108.359
CNS,Cohen & Steers Inc Common Stock,S&P 600,False,gics_fin,2026-10-06,72.56,3.24523,2026-06-30,False,,0.0340248,0.224769,0.046,3.53333,3.98,,USD,74.8437,77.1992,82.135
CNX,CNX Resources Corporation Common Stock,S&P 400,False,gics_energy,2026-10-06,33.24,5.92335,2026-06-30,False,,0,0.253427,0.046,3.17879,3.81237,1.79328e+09,USD,34.8744,36.5892,40.2759
CNXC,Concentrix Corporation Common Stock,S&P 600,False,gics_it,2026-10-06,24.84,-38.36,2026-08-31,True,1.789,0.0487928,0.394319,0.046,11.0725,11.6575,1.79071e+09,USD,25.4333,26.0407,27.2995
CNXN,PC Connection Inc. Common Stock,S&P 600,False,gics_discr,2026-10-06,92.39,3.78243,2026-06-30,False,,0.00784612,0.185678,0.046,4.175,4.465,1.78536e+09,USD,96.5533,100.904,110.203
COCO,The Vita Coco Company Inc. Common Stock,S&P 600,False,gics_staples,2026-10-06,54.48,1.80491,2026-06-30,False,,0,0.625072,0.046,2.03,2.34,1.78481e+09,USD,57.1588,59.9694,66.0118
CODI,D/B/A Compass Diversified Holdings Shares of Beneficial Interest,Russell 2000,False,gics_discr,2026-10-06,11.02,-1.26103,2026-06-30,False,,0,0.635795,0.046,0.036,0.644,1.78639e+09,USD,11.5619,12.1304,13.3526
COF,Capital One Financial Corporation Common Stock,S&P 500,True,gics_fin,2026-10-06,195.82,16.8752,2026-06-30,False,,0.0160753,0.274141,0.046,20.3603,23.8225,1.79253e+09,USD,203.804,212.113,229.762
COHR,Coherent Corp. Common Stock,大型股,False,gics_it,2026-10-06,338.36,4.09946,2026-06-30,False,,0,0.641758,0.046,9.42042,14.0456,1.78656e+09,USD,354.997,372.453,409.981
COHU,Cohu Inc. Common Stock,S&P 600,False,gics_indu,2026-10-06,73.1,-0.820149,2026-06-27,False,,0,0.787329,0.046,0.95,1.84625,1.78544e+09,USD,76.6944,80.4655,88.5731
COIN,Coinbase Global Inc. Class A Common Stock,S&P 500,True,gics_fin,2026-10-06,185.74,-3.73059,2026-06-30,False,,0,0.787585,0.046,-1.94429,2.83687,1.78544e+09,USD,194.873,204.455,225.056
COKE,Coca-Cola Consolidated Inc. Common Stock,S&P 400,False,gics_staples,2026-10-06,194.61,8.2621,2026-07-03,False,,0,0.45802,0.046,,38.94,1.78596e+09,USD,204.179,214.219,235.803
COLB,Columbia Banking System Inc. Common Stock,S&P 400,False,gics_fin,2026-10-06,28.89,2.4336,2026-06-30,False,,0.0522251,0.256403,0.046,3.03085,3.29732,1.7927e+09,USD,29.5293,30.1827,31.5333
COLD,Americold Realty Trust Inc. Common Stock,,False,gics_re,2026-10-06,13.86,-1.58977,2026-06-30,False,,0.0642743,0.435555,0.046,-0.81,-0.21,1.79388e+09,USD,14.0816,14.3068,14.7679
COLL,Collegium Pharmaceutical Inc. Common Stock,S&P 600,False,gics_health,2026-10-06,21.88,1.19591,2026-06-30,False,,0,0.571476,0.046,7.34186,6.65043,1.78602e+09,USD,22.9559,24.0846,26.5114
COLM,Columbia Sportswear Company Common Stock,S&P 400,False,gics_discr,2026-10-06,57.45,3.90932,2026-06-30,False,,0.0209639,0.38129,0.046,4.67302,4.18623,1.7933e+09,USD,59.6464,61.9267,66.7522
COMP,Compass Inc. Class A Common Stock,Russell 2000,False,gics_fin,2026-10-06,9.29,0.0801304,2026-06-30,False,,0,0.831557,0.046,0.87267,0.84498,1.78587e+09,USD,9.7468,10.2261,11.2564
CON,Concentra Group Holdings Parent Inc. Common Stock,S&P 600,False,gics_health,2026-10-06,36.4,1.54665,2026-06-30,False,,0.00717557,0.274367,0.046,1.65059,1.84129,1.78605e+09,USD,38.053,39.7812,43.4764
COO,The Cooper Companies Inc. Common Stock,S&P 500,True,gics_health,2026-10-06,56.43,2.92462,2026-07-31,False,,0,0.318435,0.046,4.52963,4.69647,1.78898e+09,USD,59.2047,62.1158,68.3746
COOK,Traeger Inc. Common Stock,,False,gics_discr,2026-10-06,51.06,-40.9899,2026-06-30,False,,0,4.09944,0.046,-0.04571,0.42833,1.78596e+09,USD,53.5707,56.2048,61.8679
COP,ConocoPhillips Common Stock,S&P 500,True,gics_energy,2026-10-06,129.35,7.57739,2026-06-30,False,,0.0257374,0.270894,0.046,10.7155,9.67241,1.79388e+09,USD,133.975,138.765,148.866
COR,Cencora Inc. Common Stock,S&P 500,True,gics_health,2026-10-06,316.37,13.4341,2026-06-30,False,,0.00768792,0.242606,0.046,17.8776,19.8272,1.7938e+09,USD,330.653,345.58,377.487
CORZ,Core Scientific Inc. Common Stock,Russell 2000,False,gics_fin,2026-10-06,16.68,-4.39729,2026-06-30,False,,0,0.876089,0.046,-3.79214,0.16276,1.78524e+09,USD,17.5002,18.3607,20.2107
COSO,CoastalSouth Bancshares Inc. Common Stock,Russell 2000,False,gics_fin,2026-10-06,27,2.21236,2026-06-30,False,,0.00368651,0.134833,0.046,2.33,2.585,1.78458e+09,USD,28.2754,29.6111,32.4748
COST,Costco Wholesale Corporation Common Stock,S&P 500,True,gics_staples,2026-10-06,935.68,20.76,2026-08-10,True,1.04395,0.00573508,0.194705,0.046,22.7856,25.0145,1.79693e+09,USD,978.877,1024.07,1120.81
COUR,Coursera Inc. Common Stock,Russell 2000,False,gics_it,2026-10-06,5.12,-0.583976,2026-06-30,False,,0,0.495631,0.046,0.63252,0.82313,1.78536e+09,USD,5.37175,5.63589,6.20375
CPAY,Corpay Inc. Common Stock,S&P 500,True,gics_fin,2026-10-06,406.79,16.6679,2026-06-30,False,,0,0.271369,0.046,27.3941,31.5074,1.78596e+09,USD,426.792,447.778,492.895
CPB,The Campbell's Company Common Stock,S&P 500,True,gics_staples,2026-10-06,19,1.34333,2026-08-02,False,,0.077218,0.235037,0.046,1.69647,1.8363,1.78844e+09,USD,19.1793,19.3602,19.7273
CPF,Central Pacific Financial Corp New,S&P 600,False,gics_fin,2026-10-06,36.28,3.14202,2026-06-30,False,,0.0308713,0.182736,0.046,3.274,3.58,1.7849e+09,USD,37.4809,38.7215,41.3273
CPIX,Cumberland Pharmaceuticals Inc. Common Stock,,False,gics_health,2026-10-06,7.14,-0.728792,2026-06-30,False,,0,0.745855,0.046,,0.14,1.78587e+09,USD,7.49108,7.85942,8.65133
CPK,Chesapeake Utilities Corporation Common Stock,S&P 600,False,gics_util,2026-10-06,128.08,6.2307,2026-06-30,False,,0.0155185,0.130707,0.046,6.448,7.36843,1.78605e+09,USD,133.339,138.814,150.448
CPNG,Coupang Inc. Class A Common Stock,大型股,False,gics_discr,2026-10-06,14.42,-0.420274,2026-06-30,False,,0,0.386736,0.046,-0.44327,0.27245,1.78587e+09,USD,15.129,15.8729,17.4723
CPRT,Copart Inc. (DE) Common Stock,S&P 500,True,gics_indu,2026-10-06,26.82,1.55,2026-07-30,True,0.97308,0,0.319361,0.046,1.62139,1.75062,1.78907e+09,USD,28.1388,29.5224,32.497
CPS,Cooper-Standard Holdings Inc. Common Stock,Russell 2000,False,gics_discr,2026-10-06,22.19,-3.12779,2026-06-30,False,,0,0.632178,0.046,2.27873,4.51791,1.78596e+09,USD,23.2811,24.4258,26.887
CPT,Camden Property Trust Common Stock,S&P 500,True,gics_re,2026-10-06,97.65,3.10974,2026-06-30,False,,0.0442703,0.20698,0.046,2.29518,1.09,1.78544e+09,USD,100.209,102.834,108.294
CR,Crane Company Common Stock,S&P 400,False,gics_indu,2026-10-06,208.92,5.72572,2026-06-30,False,,0.00466437,0.435942,0.046,7.01663,7.82821,1.79313e+09,USD,218.682,228.9,250.792
CRAI,CRA International Inc. Common Stock,Russell 2000,False,gics_discr,2026-10-06,171.43,7.483,2026-07-04,False,,0.0135165,0.278868,0.046,8.47,9.56333,1.78602e+09,USD,178.648,186.17,202.177
CRBG,Corebridge Financial Inc. Common Stock,S&P 400,False,gics_fin,2026-10-06,35.17,1.91552,2026-06-30,False,,0.0278778,0.387826,0.046,4.57431,5.77601,1.79365e+09,USD,36.3886,37.6493,40.3035
CRC,California Resources Corporation Common Stock,S&P 600,False,gics_energy,2026-10-06,52.47,-1.35498,2026-06-30,False,,0.0302718,0.384433,0.046,4.00012,4.14248,1.78636e+09,USD,54.223,56.0346,59.8414
CRCL,Circle Internet Group Inc. Class A Common Stock,大型股,False,gics_fin,2026-10-06,84.13,1.67987,2026-06-30,False,,0,0.7599,0.046,1.14838,1.41211,1.78593e+09,USD,88.2667,92.6069,101.938
CRCT,Cricut Inc. Class A Common Stock,Russell 2000,False,gics_it,2026-10-06,6.38,0.412495,2026-06-30,False,,0.159332,0.392301,0.046,0.35,0.23633,1.78587e+09,USD,6.18114,5.98847,5.62097
CRDO,Credo Technology Group Holding Ltd Ordinary Shares,大型股,False,gics_it,2026-10-06,220.83,2.76937,2026-08-01,False,,0,1.00036,0.046,6.30634,9.69063,1.78829e+09,USD,231.688,243.081,267.573
CRGY,Crescent Energy Company Class A Common Stock,S&P 600,False,gics_energy,2026-10-06,13.62,0.165715,2026-06-30,False,,0.0343151,0.544857,0.046,2.5075,2.38248,1.78579e+09,USD,14.0466,14.4866,15.4083
CRI,Carter's Inc. Common Stock,S&P 600,False,gics_discr,2026-10-06,33.83,5.48045,2026-07-04,False,,0.0346348,0.468282,0.046,3.27196,3.69236,1.7855e+09,USD,34.8841,35.971,38.2475
CRK,Comstock Resources Inc. Common Stock,S&P 600,False,gics_energy,2026-10-06,13.65,1.74294,2026-06-30,False,,0,0.510334,0.046,0.35708,0.6346,1.79382e+09,USD,14.3212,15.0254,16.5393
CRL,Charles River Laboratories International Inc. Common Stock,S&P 500,True,gics_health,2026-10-06,304.96,-4.87136,2026-06-27,False,,0,0.445913,0.046,11.3487,12.7369,1.78593e+09,USD,319.955,335.687,369.511
CRM,Salesforce Inc. Common Stock,S&P 500,True,software,2026-10-06,224.99,11.093,2026-07-31,False,,0.00709795,0.41664,0.046,16.7543,16.0207,1.78777e+09,USD,235.217,245.908,268.771
CRNC,Cerence Inc. Common Stock,Russell 2000,False,gics_it,2026-10-06,8.07,-0.322428,2026-06-30,False,,0,0.88543,0.046,0.7325,0.785,1.78605e+09,USD,8.46681,8.88313,9.77818
CROX,Crocs Inc. Common Stock,S&P 400,False,gics_discr,2026-10-06,120.22,11.703,2026-06-30,False,,0,0.431632,0.046,13.9504,14.9467,1.78541e+09,USD,126.131,132.333,145.667
CRS,Carpenter Technology Corporation Common Stock,S&P 400,False,gics_indu,2026-10-06,395.71,10.5328,2026-06-30,False,,0.00202819,0.59525,0.046,13.3766,15.8804,1.79267e+09,USD,414.747,434.699,477.529
CRSR,Corsair Gaming Inc. Common Stock,S&P 600,False,gics_it,2026-10-06,13.64,0.336917,2026-06-30,False,,0,0.849686,0.046,0.89898,0.82892,1.78605e+09,USD,14.3107,15.0144,16.5272
CRUS,Cirrus Logic Inc. Common Stock,S&P 400,False,gics_it,2026-10-06,118.87,8.15119,2026-06-27,False,,0,0.47522,0.046,8.4312,8.9002,1.78596e+09,USD,124.715,130.847,144.031
CRVL,CorVel Corp. Common Stock,S&P 600,False,gics_fin,2026-10-06,75.83,2.23407,2026-06-30,False,,0,0.396237,0.046,,,1.78593e+09,USD,79.5586,83.4706,91.881
CRWD,CrowdStrike Holdings Inc. Class A Common Stock,S&P 500,True,software,2026-10-06,278.86,0.0430793,2026-07-31,False,,0,0.545245,0.046,1.25609,1.60591,1.78777e+09,USD,292.572,306.958,337.886
CRWV,CoreWeave Inc. Class A Common Stock,大型股,False,gics_it,2026-10-06,91.72,-3.49909,2026-06-30,False,,0,0.889986,0.046,-3.94355,-1.80844,1.78648e+09,USD,96.2299,100.962,111.134
CSCO,Cisco Systems Inc. Common Stock (DE),S&P 500,True,hardware,2026-10-06,117.94,3.32756,2026-07-25,False,,0.015445,0.240669,0.046,5.1453,5.62033,1.79451e+09,USD,122.787,127.834,138.558
CSGP,CoStar Group Inc. Common Stock,S&P 500,True,gics_re,2026-10-06,27.63,0.178744,2026-06-30,False,,0,0.358162,0.046,1.35437,1.77716,1.79313e+09,USD,28.9886,30.414,33.4785
CSL,Carlisle Companies Incorporated Common Stock,S&P 400,False,gics_indu,2026-10-06,325.74,17.6277,2026-06-30,False,,0.0134707,0.371671,0.046,21.168,24.0045,1.78536e+09,USD,339.463,353.764,384.198
CSR,D/B/A Centerspace Common Stock,S&P 600,False,gics_re,2026-10-06,55.45,1.27549,2026-06-30,False,,0.0536847,0.318206,0.046,,-0.36,1.79365e+09,USD,56.6357,57.8467,60.3471
CSV,Carriage Services Inc. Common Stock,Russell 2000,False,gics_discr,2026-10-06,32.89,2.81568,2026-06-30,False,,0.0142027,0.277348,0.046,3.364,3.638,1.78596e+09,USD,34.263,35.6934,38.7358
CSW,CSW Industrials Inc. Common Stock,S&P 600,False,gics_indu,2026-10-06,296.89,7.23307,2026-06-30,False,,0.0037119,0.297103,0.046,12.5896,13.6645,1.78541e+09,USD,310.911,325.594,357.072
CSX,CSX Corporation Common Stock,S&P 500,True,gics_indu,2026-10-06,47.5,1.73093,2026-06-30,False,,0.0114075,0.228251,0.046,2.00257,2.27405,1.79261e+09,USD,49.5522,51.693,56.2561
CTAS,Cintas Corporation Common Stock,S&P 500,True,gics_indu,2026-10-06,195.96,5.07,2026-08-31,True,1.02973,0.00898779,0.247093,0.046,5.54025,6.16096,1.79017e+09,USD,204.674,213.775,233.209
CTBI,Community Trust Bancorp Inc. Common Stock,Russell 2000,False,gics_fin,2026-10-06,76.11,5.96729,2026-06-30,False,,0.0284244,0.143107,0.046,6.38,6.5,1.79259e+09,USD,78.7255,81.4309,87.1239
CTEV,Claritev Corporation Class A Common Stock,Russell 2000,False,gics_discr,2026-10-06,24.09,-16.6879,2026-06-30,False,,0,1.32461,0.046,5.81,7.33,1.78611e+09,USD,25.2745,26.5173,29.1891
CTKB,Cytek Biosciences Inc. Common Stock,Russell 2000,False,gics_indu,2026-10-06,5.38,-0.622414,2026-06-30,False,,0,0.331115,0.046,-0.12,0.07,1.78596e+09,USD,5.64454,5.92208,6.51879
CTO,CTO Realty Growth Inc. Common Stock,Russell 2000,False,gics_re,2026-10-06,20.53,1.50083,2026-06-30,False,,0.076092,0.221383,0.046,,0.62,1.79313e+09,USD,20.7354,20.9428,21.3639
CTRE,CareTrust REIT Inc. Common Stock,S&P 400,False,gics_re,2026-10-06,36.55,1.51721,2026-06-30,False,,0.0375105,0.227321,0.046,1.775,1.774,1.78605e+09,USD,37.6347,38.7515,41.0857
CTRI,Centuri Holdings Inc. Common Stock,Russell 2000,False,gics_util,2026-10-06,21.2,0.284314,2026-06-28,False,,0,0.555725,0.046,0.683,0.96637,1.78585e+09,USD,22.2424,23.3361,25.6874
CTRN,Citi Trends Inc. Common Stock,Russell 2000,False,gics_discr,2026-10-06,49.19,0.865268,2026-08-01,False,,0,0.491903,0.046,1.93,2.805,1.78766e+09,USD,51.6087,54.1463,59.6021
CTS,CTS Corporation Common Stock,S&P 600,False,gics_it,2026-10-06,61.1,2.40618,2026-06-30,False,,0.00267291,0.401557,0.046,2.65333,2.86667,1.78524e+09,USD,64.0187,67.0768,73.6384
CTSH,Cognizant Technology Solutions Corporation Class A Common Stock,S&P 500,True,itservices,2026-10-06,57.22,4.65409,2026-06-30,False,,0.0217974,0.413407,0.046,5.75512,6.33896,1.79328e+09,USD,59.3828,61.6274,66.3742
CTVA,Corteva Inc. Common Stock ,S&P 500,True,gics_mat,2026-10-06,13.91,1.49792,2026-06-30,False,,0.00890476,0.210171,0.046,2.25,1.15452,1.79443e+09,USD,14.5291,15.1758,16.5568
CUBE,CubeSmart Common Shares,S&P 400,False,gics_re,2026-10-06,37.76,1.46401,2026-06-30,False,,0.0550684,0.214647,0.046,1.51949,1.60202,1.7933e+09,USD,38.5408,39.3376,40.9812
CUBI,Customers Bancorp Inc Common Stock,S&P 600,False,gics_fin,2026-10-06,75,8.25314,2026-06-30,False,,0,0.234358,0.046,8.39254,9.54903,1.78484e+09,USD,78.6878,82.5569,90.8753
CURB,Curbline Properties Corp. Common Stock,S&P 600,False,gics_fin,2026-10-06,27.89,0.27004,2026-06-30,False,,0.0240387,0.2741,0.046,0.25,0.37,1.78524e+09,USD,28.9118,29.971,32.2072
CUZ,Cousins Properties Incorporated Common Stock,S&P 400,False,gics_re,2026-10-06,27.66,0.038612,2026-06-30,False,,0.0455941,0.294856,0.046,,0.4,1.7933e+09,USD,28.366,29.09,30.5939
CVBF,CVB Financial Corporation Common Stock,S&P 600,False,gics_fin,2026-10-06,21.89,1.23749,2026-06-30,False,,0.0348053,0.147368,0.046,1.74333,2.00167,1.79261e+09,USD,22.5701,23.2714,24.7399
CVCO,Cavco Industries Inc. Common Stock When Issued,S&P 600,False,gics_discr,2026-10-06,572.8,22.8013,2026-06-27,False,,0,0.355048,0.046,22.5862,28.8175,1.78544e+09,USD,600.965,630.515,694.045
CVI,CVR Energy Inc. Common Stock,S&P 600,False,gics_energy,2026-10-06,57.42,0.686567,2026-06-30,False,,0.0019209,0.645972,0.046,1.65608,3.50959,1.78536e+09,USD,60.1855,63.0843,69.3073
CVLG,Covenant Logistics Group Inc. Class A Common Stock,Russell 2000,False,gics_indu,2026-10-06,33.09,0.142578,2026-06-30,False,,0.00775828,0.557407,0.046,1.672,2.74,1.7933e+09,USD,34.5826,36.1426,39.4769
CVLT,Commvault Systems Inc. Common Stock,S&P 400,False,gics_it,2026-10-06,154.98,1.52954,2026-06-30,False,,0,0.714276,0.046,5.45579,6.20053,1.7931e+09,USD,162.6,170.596,187.785
CVNA,Carvana Co. Class A Common Stock,大型股,False,gics_discr,2026-10-06,63.88,2.11903,2026-06-30,False,,0,1.99724,0.046,1.62496,2.26985,1.79322e+09,USD,67.021,70.3165,77.4015
CVS,CVS Health Corporation Common Stock,S&P 500,True,gics_health,2026-10-06,86.43,3.79953,2026-06-30,False,,0.0311663,0.394442,0.046,8.04327,8.53485,1.7938e+09,USD,89.2777,92.2192,98.3962
CVSA,Covista Inc. Common Shares,S&P 600,False,gics_re,2026-10-06,127.37,7.04371,2026-06-30,False,,0,0.310476,0.046,9.045,10.005,1.7933e+09,USD,133.633,140.204,154.33
CVX,Chevron Corporation Common Stock,S&P 500,True,gics_energy,2026-10-06,207.58,10.3686,2026-06-30,False,,0.0347706,0.252188,0.046,16.874,14.5815,1.79336e+09,USD,214.033,220.687,234.622
CW,Curtiss-Wright Corporation Common Stock,S&P 400,False,gics_it,2026-10-06,553.35,14.5793,2026-06-30,False,,0,0.442354,0.046,15.2934,17.1388,1.79382e+09,USD,580.559,609.105,670.478
CWEN,Clearway Energy Inc. Class C Common Stock,S&P 600,False,gics_util,2026-10-06,30.73,0.49204,2026-06-30,False,,0,0.255981,0.046,1.2,1.63751,1.78596e+09,USD,32.241,33.8263,37.2346
CWK,Cushman & Wakefield Ltd. Common Shares,S&P 600,False,gics_fin,2026-10-06,11.94,0.292425,2026-06-30,False,,0,,0.046,1.47173,1.72262,1.78593e+09,USD,12.5271,13.1431,14.4673
CWST,Casella Waste Systems Inc. Class A Common Stock,S&P 600,False,gics_util,2026-10-06,82.06,0.0895658,2026-06-30,False,,0,0.311783,0.046,1.2568,1.46537,1.78605e+09,USD,86.0949,90.3283,99.4297
CWT,California Water Service Group Common Stock,S&P 600,False,gics_util,2026-10-06,45.55,2.20429,2026-06-30,False,,0.0274707,0.178876,0.046,2.60667,2.75,1.78541e+09,USD,47.1378,48.781,52.2411
CXM,Sprinklr Inc. Class A Common Stock,S&P 600,False,gics_it,2026-10-06,5.16,0.0952434,2026-07-31,False,,0,0.760188,0.046,0.4776,0.53464,1.78835e+09,USD,5.41372,5.67992,6.25222
CXT,Crane NXT Co. Common Stock,S&P 400,False,gics_indu,2026-10-06,49.77,2.41897,2026-06-30,False,,0.0143144,0.417848,0.046,4.31974,4.7252,1.78596e+09,USD,51.8448,54.0062,58.6029
CXW,CoreCivic Inc. Common Stock,S&P 600,False,gics_re,2026-10-06,31.78,1.29335,2026-06-30,False,,0,0.401586,0.046,1.6825,2.4175,1.79382e+09,USD,33.3426,34.9821,38.5069
CYTK,Cytokinetics Incorporated Common Stock,S&P 400,False,gics_health,2026-10-06,61.35,-6.43059,2026-06-30,False,,0,0.432748,0.046,-5.94458,-4.45188,1.78605e+09,USD,64.3666,67.5316,74.336
CZR,Caesars Entertainment Inc. Common Stock,S&P 500,True,gics_discr,2026-10-06,29.65,-2.27941,2026-06-30,False,,0,0.317596,0.046,-0.72,0.72333,1.79313e+09,USD,31.1079,32.6375,35.926
D,Dominion Energy Inc. Common Stock,S&P 500,True,gics_util,2026-10-06,62,2.87269,2026-06-30,False,,0.0435706,0.168755,0.046,3.58485,3.81423,1.7855e+09,USD,63.6468,65.3373,68.8543
DAKT,Daktronics Inc. Common Stock,Russell 2000,False,gics_discr,2026-10-06,17.85,0.978818,2026-08-01,False,,0,0.506636,0.046,1.21,1.465,1.78835e+09,USD,18.7277,19.6485,21.6283
DAL,Delta Air Lines Inc. Common Stock,S&P 500,True,gics_indu,2026-10-06,83.66,6.00304,2026-06-30,False,,0.0092706,0.391101,0.046,5.82645,8.11481,1.79155e+09,USD,87.3677,91.2397,99.5062
DAN,Dana Incorporated Common Stock ,S&P 600,False,gics_discr,2026-10-06,28.43,10.1456,2026-06-30,False,,0.0148217,0.538141,0.046,1.89973,4.18621,1.78602e+09,USD,29.6077,30.8342,33.4416
DAR,Darling Ingredients Inc. Common Stock,S&P 400,False,gics_staples,2026-10-06,61.17,3.71312,2026-07-04,False,,0,0.380041,0.046,6.82673,6.2801,1.79328e+09,USD,64.1778,67.3334,74.1179
DASH,DoorDash Inc. Class A Common Stock,S&P 500,True,gics_discr,2026-10-06,193.62,1.90131,2026-06-30,False,,0,0.407236,0.046,5.87132,8.25163,1.78596e+09,USD,203.14,213.129,234.604
DBD,Diebold Nixdorf Incorporated Common stock,S&P 600,False,other,2026-10-06,65.48,3.11485,2026-06-30,False,,0,0.422091,0.046,5.37333,7.02,1.78533e+09,USD,68.6997,72.0777,79.3402
DBI,Designer Brands Inc. Class A Common Stock,Russell 2000,False,gics_discr,2026-10-06,5.94,0.314843,2026-08-01,False,,0.0297469,0.778878,0.046,0.50774,0.69982,1.78904e+09,USD,6.14007,6.34687,6.78162
DBRG,DigitalBridge Group Inc.,Russell 2000,False,gics_re,2026-09-29,16,1.88798,2026-06-30,False,,0.00254434,0.0174007,0.046,,0.4,1.78587e+09,USD,16.7654,17.5674,19.2883
DBX,Dropbox Inc. Class A Common Stock,S&P 400,False,gics_it,2026-10-06,33.73,1.87072,2026-06-30,False,,0,0.299024,0.046,3.05869,3.30363,1.78605e+09,USD,35.3885,37.1286,40.8696
DCH,Dauch Corporation Common Stock,S&P 600,False,gics_discr,2026-10-06,5.85,-0.696421,2026-06-30,False,,0,0.617109,0.046,0.97245,1.16367,1.78611e+09,USD,6.13765,6.43944,7.08827
DCI,Donaldson Company Inc. Common Stock,S&P 400,False,gics_indu,2026-10-06,90.11,3.85,2026-07-30,True,1.0362,0.013518,0.282256,0.046,4.33,4.85625,1.78775e+09,USD,93.9039,97.8576,106.271
DCO,Ducommun Incorporated Common Stock,Russell 2000,False,gics_indu,2026-10-06,175.33,-1.35868,2026-07-04,False,,0,0.333047,0.046,4.3803,5.36269,1.78602e+09,USD,183.951,192.996,212.442
DCOM,Dime Commercial Bancshares Inc. Common Stock,S&P 600,False,gics_fin,2026-10-06,39.47,2.98304,2026-06-30,False,,0.0250034,0.165442,0.046,3.342,4.318,1.78481e+09,USD,40.8963,42.3741,45.4919
DD,DuPont de Nemours Inc. Common Stock,S&P 500,True,gics_mat,2026-10-06,133.28,0.39971,2026-06-30,False,,0.0229458,0.27647,0.046,7.25753,7.97083,1.79371e+09,USD,138.238,143.381,154.248
DDOG,Datadog Inc. Class A Common Stock,S&P 500,True,gics_it,2026-10-06,278.24,0.478633,2026-06-30,False,,0,0.501259,0.046,2.52764,2.97446,1.78602e+09,USD,291.921,306.275,337.135
DE,Deere & Company Common Stock,S&P 500,True,gics_indu,2026-10-06,682.79,17.9948,2026-08-02,False,,0.00912181,0.26651,0.046,18.1119,22.7105,1.79561e+09,USD,713.103,744.763,812.36
DEA,Easterly Government Properties Inc. Common Stock,S&P 600,False,gics_re,2026-10-06,23.27,0.218848,2026-06-30,False,,0.0831899,0.202802,0.046,,0.26,1.79302e+09,USD,23.4195,23.57,23.8739
DECK,Deckers Outdoor Corporation Common Stock,S&P 500,True,gics_discr,2026-10-06,81.66,6.96026,2026-06-30,False,,0,0.455871,0.046,7.52189,8.32562,1.78484e+09,USD,85.6753,89.888,98.945
DEI,Douglas Emmett Inc. Common Stock,S&P 600,False,gics_re,2026-10-06,9.81,-0.136591,2026-06-30,False,,0.0768448,0.330681,0.046,-0.11684,-0.13398,1.79374e+09,USD,9.90441,9.99972,10.1931
DELL,Dell Technologies Inc. Class C Common Stock ,S&P 500,True,hardware,2026-10-06,574,17.3445,2026-07-31,False,,0.00427497,0.46189,0.046,25.8976,29.1171,1.78829e+09,USD,600.938,629.14,689.578
DFH,Dream Finders Homes Inc. Class A Common Stock,S&P 600,False,gics_discr,2026-10-06,9.74,1.58706,2026-06-30,False,,0,0.505912,0.046,1.065,0.785,1.78541e+09,USD,10.2189,10.7214,11.8017
DFIN,Donnelley Financial Solutions Inc. Common Stock ,S&P 600,False,gics_discr,2026-10-06,49.57,1.3384,2026-06-30,False,,0,0.410118,0.046,4.82,5.46,1.78541e+09,USD,52.0074,54.5646,60.0625
DG,Dollar General Corporation Common Stock,S&P 500,True,gics_staples,2026-10-06,123.27,7.68824,2026-07-31,False,,0.0194957,0.373542,0.046,7.84886,8.29358,1.78783e+09,USD,128.077,133.071,143.651
DGICB,Donegal Group Inc. Class B Common Stock,Russell 2000,False,gics_fin,2026-10-06,16.7713,1.91506,2026-06-30,False,,0,0.421535,0.046,,,1.79328e+09,USD,17.596,18.4612,20.3213
DGII,Digi International Inc. Common Stock,S&P 600,False,gics_comm,2026-10-06,73.94,1.25222,2026-06-30,False,,0,0.390616,0.046,2.692,3.132,1.78596e+09,USD,77.5757,81.3901,89.5909
DGX,Quest Diagnostics Incorporated Common Stock,S&P 500,True,gics_health,2026-10-06,228.39,9.48214,2026-06-30,False,,0.0138495,0.217933,0.046,11.1929,12.059,1.79267e+09,USD,237.967,247.945,269.173
DHC,Diversified Healthcare Trust Common Shares of Beneficial Interest,Russell 2000,False,gics_re,2026-10-06,7.58,-1.1047,2026-06-30,False,,0.00494864,0.432184,0.046,,-0.435,1.79365e+09,USD,7.93306,8.30257,9.09401
DHI,D.R. Horton Inc. Common Stock,S&P 500,True,gics_discr,2026-10-06,136.75,10.5637,2026-06-30,False,,0.0123301,0.373545,0.046,10.4354,11.5515,1.79328e+09,USD,142.592,148.684,161.66
DHR,Danaher Corporation Common Stock,S&P 500,False,gics_indu,2026-10-06,215.61,5.62992,2026-06-26,False,,0.00611201,0.206946,0.046,8.50733,9.297,1.79259e+09,USD,225.521,235.888,258.074
DINO,HF Sinclair Corporation Common Stock,S&P 400,False,gics_energy,2026-10-06,114.6,10.6004,2026-06-30,False,,0.0188166,0.269645,0.046,16.9988,13.2206,1.79319e+09,USD,119.109,123.796,133.729
DIOD,Diodes Incorporated Common Stock,S&P 600,False,gics_it,2026-10-06,107.74,1.85355,2026-06-30,False,,0,0.605108,0.046,3.22,5.83,1.78596e+09,USD,113.038,118.596,130.545
DIS,Walt Disney Company (The) Common Stock,S&P 500,True,gics_comm,2026-10-06,104.03,4.85327,2026-06-27,False,,0,0.303612,0.046,6.9255,7.4776,1.78593e+09,USD,109.145,114.512,126.05
DK,Delek US Holdings Inc. Common Stock,S&P 600,False,gics_energy,2026-10-06,75.67,3.59279,2026-06-30,False,,0.014,0.377881,0.046,15.5837,8.25707,1.78593e+09,USD,78.8369,82.1364,89.1555
DKNG,DraftKings Inc. Class A Common Stock,大型股,False,gics_discr,2026-10-06,19.75,-0.326855,2026-06-30,False,,0,0.392723,0.046,0.88399,1.68031,1.78605e+09,USD,20.7211,21.74,23.9305
DKS,Dick's Sporting Goods Inc Common Stock,S&P 400,False,gics_discr,2026-10-06,134.88,9.27829,2026-08-01,False,,0.0379168,0.562424,0.046,11.4061,13.1489,1.78766e+09,USD,138.855,142.946,151.495
DLB,Dolby Laboratories Common Stock,S&P 400,False,other,2026-10-06,58.46,2.36796,2026-06-26,False,,0.024106,0.3995,0.046,4.3225,4.58,1.78544e+09,USD,60.5997,62.8177,67.5002
DLR,Digital Realty Trust Inc. Common Stock,S&P 500,True,gics_re,2026-10-06,184.65,2.21004,2026-06-30,False,,0.0275688,0.209407,0.046,3.18687,2.76208,1.7933e+09,USD,191.077,197.728,211.733
DLTR,Dollar Tree Inc. Common Stock,S&P 500,True,gics_staples,2026-10-06,116.19,8.16869,2026-08-01,False,,0,0.364586,0.046,7.92978,7.91169,1.78783e+09,USD,121.903,127.897,140.784
DLX,Deluxe Corporation Common Stock,S&P 600,False,gics_discr,2026-10-06,22.54,2.1681,2026-06-30,False,,0.0512982,0.403115,0.046,3.7825,4.05,1.78596e+09,USD,23.0495,23.5704,24.648
DNA,Ginkgo Bioworks Holdings Inc. Class A Common Stock,Russell 2000,False,gics_health,2026-10-06,12.41,-4.68324,2026-06-30,False,,0,0.991657,0.046,-3.2,-2.9,1.78596e+09,USD,13.0202,13.6604,15.0368
DNOW,DNOW Inc. Common Stock,S&P 600,False,gics_discr,2026-10-06,15.88,-1.01744,2026-06-30,False,,0,0.403676,0.046,0.346,0.824,1.78602e+09,USD,16.6608,17.4801,19.2413
DOC,Healthpeak Properties Inc. Common Stock,S&P 500,True,gics_re,2026-10-06,19,0.349983,2026-06-30,False,,0.0595209,0.250019,0.046,0.09,0.14,1.79365e+09,USD,19.3497,19.7059,20.438
DOCN,DigitalOcean Holdings Inc. Common Stock,S&P 400,False,gics_it,2026-10-06,131.01,1.85889,2026-06-30,False,,0,0.771854,0.046,1.45695,1.84163,1.78585e+09,USD,137.452,144.21,158.741
DOCS,Doximity Inc. Class A Common Stock,S&P 400,False,gics_it,2026-10-06,27.79,0.839225,2026-06-30,False,,0,0.598959,0.046,1.3537,1.55704,1.78605e+09,USD,29.1565,30.5901,33.6723
DOCU,DocuSign Inc. Common Stock,S&P 400,False,gics_it,2026-10-06,68.22,1.67925,2026-07-31,False,,0,0.523371,0.046,4.62106,5.21004,1.78847e+09,USD,71.5744,75.0938,82.6602
DORM,Dorman Products Inc. Common Stock,S&P 600,False,gics_discr,2026-10-06,126.58,7.20843,2026-06-27,False,,0,0.284179,0.046,8.66125,9.195,1.79304e+09,USD,132.804,139.334,153.373
DOV,Dover Corporation Common Stock,S&P 500,True,gics_indu,2026-10-06,191.88,8.3502,2026-06-30,False,,0.0108825,0.218796,0.046,10.6607,11.6395,1.79267e+09,USD,200.222,208.928,227.49
DOW,Dow Inc. Common Stock ,S&P 500,True,gics_mat,2026-10-06,28.16,-1.7832,2026-06-30,False,,0.0488723,0.353104,0.046,2.41735,1.72546,1.79267e+09,USD,28.8314,29.5189,30.9433
DPZ,Domino's Pizza Inc Common Stock,S&P 500,True,gics_discr,2026-10-06,302.87,17.6408,2026-06-14,False,,0.024324,0.286964,0.046,19.0597,20.8752,1.79189e+09,USD,313.921,325.375,349.553
DRH,Diamondrock Hospitality Company Common Stock,S&P 600,False,gics_re,2026-10-06,12.375,0.743154,2026-06-30,False,,0.030315,0.237145,0.046,,0.59,1.79374e+09,USD,12.7882,13.2151,14.1123
DRI,Darden Restaurants Inc. Common Stock,S&P 500,True,gics_discr,2026-10-06,203.14,10.45,2026-08-31,True,1.00715,0.027813,0.178247,0.046,11.2544,12.3999,1.79025e+09,USD,210.185,217.475,232.821
DRVN,Driven Brands Holdings Inc. Common Stock,Russell 2000,False,gics_discr,2026-10-06,11.76,0.902914,2026-06-27,False,,0,0.454433,0.046,1.20225,1.43642,1.78602e+09,USD,12.3382,12.9449,14.2492
DSGR,Distribution Solutions Group Inc. Common Stock,Russell 2000,False,gics_discr,2026-10-06,35.05,0.190452,2026-06-30,False,,0,0.345548,0.046,1.53,1.755,1.78602e+09,USD,36.7734,38.5816,42.4691
DSP,Viant Technology Inc. Class A Common Stock,Russell 2000,False,gics_it,2026-10-06,11.93,0.133235,2026-06-30,False,,0,0.382062,0.046,0.60167,0.786,1.78639e+09,USD,12.5166,13.1321,14.4552
DT,Dynatrace Inc. Common Stock,S&P 400,False,gics_it,2026-10-06,61.05,0.498359,2026-06-30,False,,0,0.333757,0.046,1.97453,2.29352,1.78593e+09,USD,64.0519,67.2013,73.9725
DTE,DTE Energy Company Common Stock,S&P 500,False,gics_util,2026-10-06,128.22,6.33173,2026-06-30,False,,0.0354095,0.172942,0.046,7.70895,8.36462,1.78524e+09,USD,132.164,136.229,144.738
DTM,DT Midstream Inc. Common Stock ,S&P 400,False,gics_util,2026-10-06,124.6,4.55696,2026-06-30,False,,0.0261872,0.205895,0.046,4.69611,4.89801,1.78541e+09,USD,129.026,133.61,143.27
DUK,Duke Energy Corporation (Holding Company) Common Stock,S&P 500,True,gics_util,2026-10-06,115.66,6.73556,2026-06-30,False,,0,0.136658,0.046,6.71042,7.17137,1.79388e+09,USD,121.347,127.314,140.142
DUOL,Duolingo Inc. Class A Common Stock,S&P 400,False,gics_it,2026-10-06,148.13,8.21025,2026-06-30,False,,0,0.522761,0.046,6.61286,7.63857,1.78596e+09,USD,155.414,163.055,179.485
DV,DoubleVerify Holdings Inc. Common Stock,S&P 600,False,gics_it,2026-10-06,13.48,0.35866,2026-06-30,False,,0,0.377279,0.046,1.02932,1.15902,1.78605e+09,USD,14.1428,14.8382,16.3333
DVA,DaVita Inc. Common Stock,S&P 500,True,gics_health,2026-10-06,180.4,12.3046,2026-06-30,False,,0,0.448536,0.046,14.8247,17.1436,1.78587e+09,USD,189.27,198.577,218.585
DVN,Devon Energy Corporation Common Stock,S&P 500,True,gics_energy,2026-10-06,48.02,3.48936,2026-06-30,False,,0,0.291019,0.046,5.45671,5.4311,1.78587e+09,USD,50.3812,52.8585,58.1844
DXC,DXC Technology Company Common Stock ,S&P 600,False,gics_it,2026-10-06,11.83,0.694095,2026-06-30,False,,0,0.403283,0.046,2.59189,2.95755,1.78544e+09,USD,12.4117,13.022,14.3341
DXCM,DexCom Inc. Common Stock,S&P 500,True,gics_health,2026-10-06,83.39,2.53989,2026-06-30,False,,0,0.514222,0.046,2.66234,3.11686,1.78544e+09,USD,87.4903,91.7923,101.041
DXPE,DXP Enterprises Inc. Common Stock,S&P 600,False,gics_indu,2026-10-06,191.65,5.69067,2026-06-30,False,,2.86551e-05,0.362359,0.046,6.46,7.66,1.78596e+09,USD,201.071,210.954,232.203
DY,Dycom Industries Inc. Common Stock,S&P 400,False,gics_indu,2026-10-06,290.43,10.8479,2026-08-01,False,,0,0.779764,0.046,17.0463,20.7822,1.78775e+09,USD,304.711,319.693,351.905
EAF,GrafTech International Ltd. Common Stock,Russell 2000,False,gics_energy,2026-10-06,9.4,-6.75484,2026-06-30,False,,0,1.43436,0.046,-6.6,-4.3,1.79276e+09,USD,9.8622,10.3471,11.3897
EAT,Brinker International Inc. Common Stock,S&P 400,False,gics_discr,2026-10-06,190.44,10.8705,2026-06-24,False,,0,0.42224,0.046,13.2389,14.5532,1.78654e+09,USD,199.804,209.629,230.751
EBAY,eBay Inc. Common Stock,S&P 500,True,internet,2026-10-06,107.06,4.87965,2026-06-30,False,,0.0107253,0.250873,0.046,6.13289,6.71256,1.78596e+09,USD,111.723,116.59,126.968
EBC,Eastern Bankshares Inc. Common Stock,S&P 600,False,gics_fin,2026-10-06,21.2,1.68376,2026-06-30,False,,0.0262079,0.212285,0.046,1.8625,2.139,1.7927e+09,USD,21.9529,22.7324,24.3757
EBF,Ennis Inc. Common Stock,Russell 2000,False,gics_discr,2026-10-06,22.56,1.53,2026-08-31,True,0.920439,0.0453627,0.152967,0.046,1.57,1.61,1.78999e+09,USD,23.1385,23.7318,24.9645
EBS,Emergent BioSolutions Inc. Common Stock,Russell 2000,False,gics_health,2026-10-06,6.95,-3.1292,2026-06-30,False,,0,0.525725,0.046,0.3596,1.04643,1.78596e+09,USD,7.29174,7.65028,8.42111
ECG,Everus Construction Group Inc. Common Stock,S&P 600,False,gics_discr,2026-10-06,132.74,4.968,2026-06-30,False,,0,0.538583,0.046,5.33667,6.26,1.78587e+09,USD,139.267,146.115,160.837
ECHO,EchoStar  Corporation Common Stock,大型股,False,gics_discr,2026-10-06,100.01,-16.1335,2026-06-30,False,,0,,0.046,39.335,22.73,1.78576e+09,USD,104.928,110.087,121.179
ECL,Ecolab Inc. Common Stock,S&P 500,True,gics_mat,2026-10-06,280.82,7.45999,2026-06-30,False,,0.0101485,0.205387,0.046,8.16488,9.41287,1.7931e+09,USD,293.137,305.994,333.425
ECPG,Encore Capital Group Inc Common Stock,S&P 600,False,gics_fin,2026-10-06,99.19,13.2315,2026-06-30,False,,0,0.285459,0.046,,13.355,1.79382e+09,USD,104.067,109.184,120.186
ECVT,Ecovyst Inc. Common Stock,Russell 2000,False,gics_indu,2026-10-06,10.37,-0.548658,2026-06-30,False,,0,0.340784,0.046,0.69331,0.86967,1.78593e+09,USD,10.8799,11.4149,12.565
ED,Consolidated Edison Inc. Common Stock,S&P 500,True,gics_util,2026-10-06,105.12,5.99459,2026-06-30,False,,0.0325196,0.170411,0.046,6.10762,6.49989,1.78605e+09,USD,108.51,112.009,119.35
EE,Excelerate Energy Inc. Class A Common Stock,Russell 2000,False,gics_util,2026-10-06,34.6,0.418687,2026-06-30,False,,0.00947481,0.455906,0.046,1.6854,2.2408,1.79382e+09,USD,36.1297,37.7271,41.1368
EEFT,Euronet Worldwide Inc. Common Stock,S&P 400,False,gics_fin,2026-10-06,63.54,6.13746,2026-06-30,False,,0,0.286885,0.046,10.6925,11.9113,1.78541e+09,USD,66.6643,69.9422,76.9895
EFC,Ellington Financial Inc. Common Stock ,S&P 600,False,gics_fin,2026-10-06,11.67,1.52477,2026-06-30,False,,0.146489,0.209161,0.046,2.09025,1.97736,1.78605e+09,USD,11.3791,11.0954,10.5491
EFOR,Everforth Inc. Common Stock,S&P 600,False,gics_discr,2026-10-06,35.97,2.00483,2026-06-30,False,,0,,0.046,3.63711,4.30355,1.78536e+09,USD,37.7387,39.5943,43.5838
EFSC,Enterprise Financial Services Corporation Common Stock,Russell 2000,False,gics_fin,2026-10-06,59.61,5.12269,2026-06-30,False,,0.0215269,0.2133,0.046,5.29286,5.91143,1.78475e+09,USD,61.8715,64.2188,69.184
EFX,Equifax Inc. Common Stock,S&P 500,True,gics_indu,2026-10-06,142.48,5.72268,2026-06-30,False,,0.0135076,0.341105,0.046,8.5471,10.1234,1.7925e+09,USD,148.48,154.732,168.037
EGP,EastGroup Properties Inc. Common Stock,S&P 400,False,gics_re,2026-10-06,192.86,5.66772,2026-06-30,False,,0,0.177714,0.046,5.28813,5.55826,1.79261e+09,USD,202.343,212.292,233.683
EGY,VAALCO Energy Inc.  Common Stock,Russell 2000,False,gics_energy,2026-10-06,5.78,-1.03992,2026-06-30,False,,0.0439745,0.592168,0.046,-0.503,0.12667,1.78605e+09,USD,5.93233,6.08867,6.41382
EHC,Encompass Health Corporation Common Stock,S&P 400,False,gics_health,2026-10-06,124.69,6.17296,2026-06-30,False,,0.00607869,0.305451,0.046,6.11238,6.678,1.79322e+09,USD,130.424,136.422,149.258
EIG,Employers Holdings Inc Common Stock,S&P 600,False,gics_fin,2026-10-06,48.9,0.389627,2026-06-30,False,,0.0269121,0.242786,0.046,2.4,2.55,1.79322e+09,USD,50.6187,52.3978,56.1459
EIX,Edison International Common Stock,S&P 500,True,gics_util,2026-10-06,54.25,9.677,2026-06-30,False,,0.0634357,0.399535,0.046,6.12131,6.50218,1.7933e+09,USD,55.1405,56.0457,57.9008
EL,Estee Lauder Companies Inc. (The) Common Stock,S&P 500,True,gics_staples,2026-10-06,93.36,0.498084,2026-06-30,False,,0.0140991,0.535054,0.046,3.32636,3.92154,1.79362e+09,USD,97.2625,101.328,109.976
ELAN,Elanco Animal Health Incorporated Common Stock,S&P 400,False,gics_health,2026-10-06,22.48,-0.393281,2026-06-30,False,,0,0.263728,0.046,1.13475,1.28479,1.79397e+09,USD,23.5854,24.7451,27.2384
ELF,e.l.f. Beauty Inc. Common Stock,S&P 400,False,gics_discr,2026-10-06,102.79,0.997965,2026-06-30,False,,0,0.80428,0.046,3.62729,3.86582,1.78596e+09,USD,107.844,113.147,124.548
ELS,Equity Lifestyle Properties Inc. Common Stock,S&P 400,False,gics_re,2026-10-06,58.74,2.07375,2026-06-30,False,,0.0337643,0.168592,0.046,2.04807,2.18272,1.78475e+09,USD,60.5966,62.5119,66.526
ELV,Elevance Health Inc. Common Stock,S&P 500,True,gics_health,2026-10-06,400.09,22.5181,2026-06-30,False,,0.0170041,0.354497,0.046,27.2265,29.5396,1.79259e+09,USD,416.209,432.977,468.568
EMBC,Embecta Corp. Common Stock,Russell 2000,False,gics_health,2026-10-06,5.95,1.47557,2026-06-30,False,,0.0824048,1.30467,0.046,1.835,1.7625,1.78611e+09,USD,5.99058,6.03144,6.114
EME,EMCOR Group Inc. Common Stock,大型股,False,gics_indu,2026-10-06,824.52,32.2052,2026-06-30,False,,0.00172161,0.314093,0.046,32.8569,36.749,1.78541e+09,USD,864.318,906.037,995.613
EMN,Eastman Chemical Company Common Stock,S&P 500,True,gics_mat,2026-10-06,64.11,3.83348,2026-06-30,False,,0.0495873,0.262949,0.046,6.35243,6.79331,1.7933e+09,USD,65.6152,67.1556,70.346
EMR,Emerson Electric Company Common Stock,S&P 500,True,gics_indu,2026-10-06,161.4,4.57904,2026-06-30,False,,0.0141382,0.308679,0.046,6.56174,7.26876,1.78587e+09,USD,168.143,175.168,190.111
ENOV,Enovis Corporation Common Stock,S&P 600,False,gics_health,2026-10-06,18.2,-19.1262,2026-07-03,False,,0,0.513671,0.046,3.62729,3.59031,1.78602e+09,USD,19.0949,20.0338,22.0524
ENR,Energizer Holdings Inc. Common Stock,S&P 600,False,other,2026-10-06,21.59,1.17775,2026-06-30,False,,0.0555078,0.407873,0.046,3.29692,3.37945,1.78585e+09,USD,22.0316,22.4822,23.4112
ENS,EnerSys Common Stock,S&P 400,False,other,2026-10-06,192.49,9.24253,2026-07-05,False,,0.00568002,0.436527,0.046,13.32,14.376,1.78656e+09,USD,201.382,210.685,230.6
ENSG,The Ensign Group Inc. Common Stock,S&P 400,False,gics_health,2026-10-06,172.06,6.35761,2026-06-30,False,,0.00142383,0.342091,0.046,7.7943,8.55858,1.78516e+09,USD,180.392,189.127,207.887
ENTA,Enanta Pharmaceuticals Inc. Common Stock,Russell 2000,False,gics_health,2026-10-06,12.17,-2.1736,2026-06-30,False,,0,0.427812,0.046,-2.2925,-2.374,,USD,12.7684,13.3962,14.746
ENTG,Entegris Inc. Common Stock,S&P 400,False,gics_indu,2026-10-06,166.89,1.98893,2026-06-27,False,,0.00264454,0.712761,0.046,3.9257,5.01982,1.79328e+09,USD,174.865,183.221,201.149
ENVA,Enova International Inc. Common Stock,S&P 600,False,gics_fin,2026-10-06,182.88,13.4902,2026-06-30,False,,0,0.715488,0.046,17.27,20.955,1.78484e+09,USD,191.872,201.307,221.59
EOG,EOG Resources Inc. Common Stock,S&P 500,True,gics_energy,2026-10-06,144.28,12.8523,2026-06-30,False,,0,0.235031,0.046,17.4688,15.3391,1.79391e+09,USD,151.374,158.818,174.82
EPAC,Enerpac Tool Group Corp. Common Stock,S&P 600,False,gics_it,2026-10-06,35.7,1.78428,2026-05-31,False,,0.00110304,0.236845,0.046,1.865,2.06,1.78345e+09,USD,37.4347,39.2538,43.1613
EPAM,EPAM Systems Inc. Common Stock,S&P 500,True,itservices,2026-10-06,109.31,7.41321,2026-06-30,False,,0,0.544383,0.046,13.1511,14.0599,1.79388e+09,USD,114.685,120.324,132.448
EPC,Edgewell Personal Care Company Common Stock,S&P 600,False,gics_discr,2026-10-06,26.87,-1.99145,2026-06-30,False,,0.0223663,0.664352,0.046,1.93396,2.01538,1.78593e+09,USD,27.8777,28.9232,31.1333
EPD,Enterprise Products Partners L.P. Common Stock,大型股,False,gics_util,2026-10-06,37.26,2.88249,2026-06-30,False,,0,0.150878,0.046,3.05442,3.18169,1.78541e+09,USD,39.0921,41.0143,45.1468
EPR,EPR Properties Common Stock,S&P 400,False,gics_re,2026-10-06,55.27,3.41828,2026-06-30,False,,0.0680861,0.351663,0.046,,3.18,1.79322e+09,USD,56.0468,56.8345,58.4434
EPRT,Essential Properties Realty Trust Inc. Common Stock,S&P 600,False,gics_re,2026-10-06,25.58,1.22877,2026-06-30,False,,0.0454018,0.229437,0.046,1.34016,1.38342,1.79261e+09,USD,26.2354,26.9076,28.3041
EQBK,Equity Bancshares Inc. Class A Common Stock,Russell 2000,False,gics_fin,2026-10-06,47.5,1.68489,2026-06-30,False,,0.0140193,0.111803,0.046,5.1075,5.47286,1.79201e+09,USD,49.4875,51.5582,55.963
EQH,Equitable Holdings Inc. Common Stock,S&P 400,False,gics_fin,2026-10-06,54.5,-3.26286,2026-06-30,False,,0.0210025,0.344229,0.046,7.1703,9.02871,1.79365e+09,USD,56.5825,58.7445,63.3196
EQIX,Equinix Inc. Common Stock REIT,S&P 500,True,gics_re,2026-10-06,1047.36,15.4636,2026-06-30,False,,0.0191358,0.228713,0.046,17.7075,18.62,1.79322e+09,USD,1088.4,1131.04,1221.4
EQT,EQT Corporation Common Stock,S&P 500,True,gics_energy,2026-10-06,52.47,4.30956,2026-06-30,False,,0.0127604,0.271113,0.046,3.96489,3.77104,,USD,54.6999,57.0245,61.9744
ERIE,Erie Indemnity Company Class A Common Stock,S&P 500,True,gics_fin,2026-10-06,223.22,12.4922,2026-06-30,False,,0,0.334993,0.046,12.7,14.01,1.7933e+09,USD,234.196,245.711,270.469
ERII,Energy Recovery Inc. Common Stock,Russell 2000,False,gics_it,2026-10-06,7.08,0.291284,2026-06-30,False,,0,0.49747,0.046,-0.02,0.335,1.79382e+09,USD,7.42813,7.79337,8.57863
ES,Eversource Energy (D/B/A) Common Stock,S&P 500,True,gics_util,2026-10-06,65.26,3.84451,2026-06-30,False,,0.0466102,0.216085,0.046,4.65102,4.91647,1.78544e+09,USD,66.8917,68.5641,72.0355
ESAB,ESAB Corporation Common Stock,S&P 400,False,gics_indu,2026-10-06,71.83,2.79923,2026-07-03,False,,0.00590336,0.43753,0.046,5.44628,6.48359,1.7938e+09,USD,75.1398,78.6021,86.0127
ESE,ESCO Technologies Inc. Common Stock,S&P 600,False,gics_comm,2026-10-06,268.22,12.1174,2026-06-30,False,,0.00120001,0.444578,0.046,8.35666,9.22561,1.78605e+09,USD,281.24,294.892,324.215
ESI,Element Solutions Inc. Common Stock,S&P 600,False,gics_indu,2026-10-06,37.74,0.732267,2026-06-30,False,,0.00910726,0.524107,0.046,1.81346,2.11837,1.78518e+09,USD,39.4158,41.166,44.9031
ESS,Essex Property Trust Inc. Common Stock,S&P 500,True,gics_re,2026-10-06,272.49,6.41998,2026-06-30,False,,0,0.207558,0.046,5.49674,6.29964,1.79313e+09,USD,285.889,299.946,330.168
ESTC,Elastic N.V. Ordinary Shares,,False,gics_it,2026-10-06,94.6,3.50343,2026-07-31,False,,0,0.682923,0.046,3.35937,3.95506,1.78786e+09,USD,99.2515,104.132,114.624
ETD,Ethan Allen Interiors Inc. Common Stock,Russell 2000,False,gics_discr,2026-10-06,21.07,1.55732,2026-06-30,False,,0.085986,0.176373,0.046,1.225,1.275,1.78536e+09,USD,21.1758,21.2821,21.4962
ETR,Entergy Corporation Common Stock,S&P 500,True,gics_util,2026-10-06,103.25,3.85389,2026-06-30,False,,0.0251485,0.187539,0.046,4.3987,5.1044,1.79362e+09,USD,106.973,110.831,118.968
ETSY,Etsy Inc. Common Stock,S&P 600,False,gics_discr,2026-10-06,71.39,1.72907,2026-06-30,False,,0,0.561705,0.046,5.93941,6.89209,1.78596e+09,USD,74.9003,78.5832,86.5012
EVC,Entravision Communications Corporation Common Stock,Russell 2000,False,gics_indu,2026-10-06,6.7,0.0406582,2026-06-30,False,,0.0244381,1.27155,0.046,,-0.19,1.78639e+09,USD,6.94407,7.19704,7.73095
EVCM,EverCommerce Inc. Common Stock,Russell 2000,False,gics_it,2026-10-06,9.27,0.188708,2026-06-30,False,,0,0.405782,0.046,0.75282,0.78948,1.78596e+09,USD,9.72581,10.204,11.2322
EVR,Evercore Inc. Class A Common Stock,S&P 400,False,gics_fin,2026-10-06,268.08,17.8028,2026-06-30,False,,0.013791,0.381652,0.046,19.3128,22.2155,1.78533e+09,USD,279.329,291.05,315.988
EVRG,Evergy Inc. Common Stock,S&P 500,True,gics_util,2026-10-06,80.35,3.91459,2026-06-30,False,,0.033856,0.140351,0.046,4.25934,4.56503,1.78602e+09,USD,82.8858,85.5017,90.9837
EW,Edwards Lifesciences Corporation Common Stock,S&P 500,True,gics_health,2026-10-06,86.48,1.7305,2026-06-30,False,,0,0.312171,0.046,2.99905,3.3775,1.79382e+09,USD,90.7323,95.1936,104.785
EWBC,East West Bancorp Inc. Common Stock,S&P 400,False,gics_fin,2026-10-06,127.12,10.4101,2026-06-30,False,,0,0.278455,0.046,10.6964,11.516,1.79253e+09,USD,133.371,139.928,154.028
EXC,Exelon Corporation Common Stock,S&P 500,True,gics_util,2026-10-06,41.68,2.70817,2026-06-30,False,,0.0402164,0.167486,0.046,2.85674,3.0383,1.79336e+09,USD,42.8589,44.0711,46.5994
EXE,Expand Energy Corporation Common Stock,S&P 500,True,gics_energy,2026-10-06,88.23,11.551,2026-06-30,False,,0.0366427,0.257444,0.046,8.67806,8.29981,1.78527e+09,USD,90.8878,93.6256,99.3513
EXEL,Exelixis Inc. Common Stock,S&P 400,False,gics_health,2026-10-06,58.33,3.21942,2026-07-03,False,,0,0.208225,0.046,3.58,4.236,1.78596e+09,USD,61.1981,64.2073,70.6767
EXLS,ExlService Holdings Inc. Common Stock,S&P 400,False,gics_discr,2026-10-06,35.41,1.59332,2026-06-30,False,,0,0.545076,0.046,2.28879,2.59702,1.78527e+09,USD,37.1511,38.9779,42.9053
EXP,Eagle Materials Inc Common Stock,S&P 400,False,gics_indu,2026-10-06,171.54,12.5047,2026-06-30,False,,0.00563499,0.369022,0.046,12.7289,14.0875,1.78533e+09,USD,179.468,187.763,205.521
EXPD,Expeditors International of Washington Inc. Common Stock,S&P 500,True,gics_indu,2026-10-06,191.8,6.85282,2026-06-30,False,,0.00428186,0.198704,0.046,7.80352,8.03629,1.79371e+09,USD,200.801,210.224,230.417
EXPE,Expedia Group Inc. Common Stock,S&P 500,True,gics_discr,2026-10-06,260.07,16.6134,2026-06-30,False,,0.00654236,0.434114,0.046,21.0213,24.5513,1.78596e+09,USD,271.967,284.408,311.023
EXPO,Exponent Inc. Common Stock,S&P 400,False,gics_discr,2026-10-06,69.18,2.23009,2026-07-03,False,,0.018607,0.288182,0.046,2.4096,2.72036,1.78544e+09,USD,71.9095,74.7467,80.7613
EXR,Extra Space Storage Inc Common Stock,S&P 500,True,gics_re,2026-10-06,133.89,4.34665,2026-06-30,False,,0.0469012,0.293021,0.046,4.6634,4.85188,1.79313e+09,USD,137.218,140.628,147.705
EXTR,Extreme Networks Inc. Common Stock,S&P 600,False,gics_comm,2026-10-06,24.54,0.312062,2026-06-30,False,,0,0.712317,0.046,1.30506,1.52032,1.79319e+09,USD,25.7466,27.0126,29.7344
EYE,National Vision Holdings Inc. Common Stock,S&P 600,False,gics_health,2026-10-06,16.74,0.617067,2026-07-04,False,,0,0.405614,0.046,1.00789,1.20822,1.78654e+09,USD,17.5631,18.4267,20.2834
EZPW,EZCORP Inc. Class A Non Voting Common Stock,S&P 600,False,gics_discr,2026-10-06,30.85,1.89797,2026-06-30,False,,0,0.402382,0.046,2.0325,2.215,1.78596e+09,USD,32.3669,33.9584,37.38
F,Ford Motor Company Common Stock,S&P 500,True,gics_discr,2026-10-06,12.28,-1.81675,2026-06-30,False,,0.046164,0.352211,0.046,1.85901,1.95621,1.79322e+09,USD,12.5898,12.9075,13.567
FA,First Advantage Corporation Common Stock,S&P 600,False,gics_it,2026-10-06,18.49,0.143743,2026-06-30,False,,0,0.424886,0.046,1.27564,1.50571,1.78602e+09,USD,19.3992,20.353,22.4038
FAF,First American Corporation (New) Common Stock,S&P 400,False,gics_fin,2026-10-06,62.31,7.21297,2026-06-30,False,,0.0318973,0.325227,0.046,7.13033,7.33,1.79261e+09,USD,64.3395,66.435,70.8332
FANG,Diamondback Energy Inc. Common Stock,S&P 500,True,gics_energy,2026-10-06,184.98,5.18756,2026-06-30,False,,0.022276,0.256593,0.046,20.9609,18.7429,1.79365e+09,USD,191.926,199.133,214.368
FAST,Fastenal Company Common Stock,S&P 500,True,gics_indu,2026-10-06,50.81,1.17473,2026-06-30,False,,0.0179987,0.210859,0.046,1.2649,1.40279,1.79198e+09,USD,52.8308,54.9319,59.3882
FBIN,Fortune Brands Innovations Inc. Common Stock,S&P 400,False,gics_mat,2026-10-06,39.35,1.23794,2026-06-27,False,,0.0260288,0.616861,0.046,3.35116,3.38319,1.78587e+09,USD,40.751,42.202,45.2607
FBIZ,First Business Financial Services Inc. Common Stock,Russell 2000,False,gics_fin,2026-10-06,70.71,6.76243,2026-06-30,False,,0.018829,0.163402,0.046,6.55,6.95,1.7933e+09,USD,73.4917,76.3828,82.5108
FBK,FB Financial Corporation Common Stock,S&P 600,False,gics_fin,2026-10-06,52.66,3.76463,2026-06-30,False,,0.0153622,0.212091,0.046,4.68375,5.155,1.79189e+09,USD,54.8266,57.0823,61.876
FBNC,First Bancorp Common Stock,S&P 600,False,gics_fin,2026-10-06,59.74,3.21409,2026-06-30,False,,0.0149482,0.203547,0.046,4.722,5.0725,1.78475e+09,USD,62.2107,64.7837,70.2532
FBRT,Franklin BSP Realty Trust Inc. Common Stock,Russell 2000,False,gics_re,2026-10-06,6.14,0.738149,2026-06-30,False,,0.2,0.225043,0.046,0.842,1.124,1.78536e+09,USD,5.82888,5.53352,4.98695
FC,Franklin Covey Company Common Stock,Russell 2000,False,gics_discr,2026-10-06,17.45,0.1909,2026-05-31,False,,0,0.814412,0.046,1.255,1.405,,USD,18.308,19.2082,21.1437
FCBC,First Community Bankshares Inc. (VA) Common Stock,Russell 2000,False,gics_fin,2026-10-06,47.79,3.11407,2026-06-30,False,,0.0471199,0.200124,0.046,3.025,3.07,,USD,48.9724,50.184,52.698
FCF,First Commonwealth Financial Corporation Common Stock,S&P 600,False,gics_fin,2026-10-06,20.06,1.64404,2026-06-30,False,,0.0264366,0.121087,0.046,1.72571,1.95143,1.78527e+09,USD,20.77,21.5051,23.0544
FCFS,FirstCash Holdings Inc. Common Stock,S&P 400,False,gics_discr,2026-10-06,213,8.7721,2026-06-30,False,,0.00770681,0.177555,0.046,11.3025,12.9325,1.78481e+09,USD,222.614,232.662,254.138
FCN,FTI Consulting Inc. Common Stock,S&P 400,False,gics_discr,2026-10-06,137.61,8.33493,2026-06-30,False,,0,0.258662,0.046,9.27333,10.8667,1.78541e+09,USD,144.376,151.475,166.738
FCNCA,First Citizens BancShares Inc. Class A Common Stock,大型股,False,gics_fin,2026-10-06,2088.13,197.402,2026-06-30,False,,0.00743192,0.178817,0.046,194.1,202.126,1.79276e+09,USD,2182.68,2281.51,2492.8
FCPT,Four Corners Property Trust Inc. Common Stock,S&P 600,False,gics_re,2026-10-06,21.3,1.08004,2026-06-30,False,,0.0644647,0.187789,0.046,1.11062,1.05014,1.79322e+09,USD,21.6385,21.9824,22.6867
FCX,Freeport-McMoRan Inc. Common Stock,S&P 500,True,gics_mat,2026-10-06,72.56,2.03947,2026-06-30,False,,0.00826721,0.37445,0.046,3.08455,4.27185,1.7931e+09,USD,75.8138,79.2135,86.4771
FDMT,4D Molecular Therapeutics Inc. Common Stock,Russell 2000,False,gics_health,2026-10-06,12.56,-2.54973,2026-06-30,False,,0,0.507758,0.046,-4.15055,-4.0939,,USD,13.1776,13.8255,15.2186
FDS,FactSet Research Systems Inc. Common Stock,S&P 500,True,gics_fin,2026-10-06,272.01,14.57,2026-08-31,True,0.954127,0.0157637,0.265878,0.046,19.6258,21.7204,1.79077e+09,USD,283.144,294.735,319.358
FDX,FedEx Corporation Common Stock,S&P 500,True,gics_indu,2026-10-06,289.03,18.5481,2026-05-31,False,,0.0198052,0.331026,0.046,18.2085,20.8522,1.79322e+09,USD,300.254,311.913,336.608
FE,FirstEnergy Corp. Common Stock,S&P 500,True,gics_util,2026-10-06,44.26,1.87069,2026-06-30,False,,0.0411677,0.150374,0.046,2.73338,2.9494,1.79313e+09,USD,45.4902,46.7546,49.3899
FELE,Franklin Electric Co. Inc. Common Stock,S&P 600,False,gics_discr,2026-10-06,99.25,3.49128,2026-06-30,False,,0.0114379,0.215015,0.046,4.65,5.1625,1.78524e+09,USD,103.536,108.008,117.539
FET,Forum Energy Technologies Inc. Common Stock,Russell 2000,False,gics_discr,2026-10-06,84.43,-0.13446,2026-06-30,False,,0,0.655893,0.046,4.01,4.96,1.78544e+09,USD,88.5815,92.9371,102.301
FF,FutureFuel Corp.  Common shares,Russell 2000,False,gics_indu,2026-10-06,5.16,-0.597754,2026-06-30,False,,0.036548,0.426933,0.046,,0.8,1.78639e+09,USD,5.31569,5.47607,5.81151
FFBC,First Financial Bancorp. Common Stock,S&P 600,False,gics_fin,2026-10-06,31.37,2.71799,2026-06-30,False,,0.032212,0.254569,0.046,3.21857,3.52833,1.79313e+09,USD,32.3866,33.4362,35.6386
FFIN,First Financial Bankshares Inc. Common Stock,S&P 400,False,gics_fin,2026-10-06,31.92,1.87206,2026-06-30,False,,0.0237741,0.246469,0.046,2.04571,2.15571,1.78423e+09,USD,33.0938,34.3107,36.8806
FFIV,F5 Inc. Common Stock,S&P 500,True,hardware,2026-10-06,469.79,12.624,2026-06-30,False,,0,0.24402,0.046,17.3315,18.0768,1.78518e+09,USD,492.89,517.126,569.231
FG,F&G Annuities & Life Inc. Common Stock,S&P 600,False,gics_fin,2026-10-06,20.72,3.00719,2026-06-30,False,,0,0.489223,0.046,3.03,4.632,1.79391e+09,USD,21.7388,22.8077,25.1058
FHB,First Hawaiian Inc. Common Stock,S&P 600,False,gics_fin,2026-10-06,25,2.31001,2026-06-30,False,,0.0420411,0.26704,0.046,2.35377,2.51636,1.79276e+09,USD,25.6837,26.386,27.8489
FHI,Federated Hermes Inc. Common Stock,S&P 400,False,gics_fin,2026-10-06,56.56,5.66911,2026-06-30,False,,0.0254381,0.193996,0.046,5.5,5.846,1.78544e+09,USD,58.5911,60.6952,65.1326
FHN,First Horizon Corporation Common Stock,S&P 400,False,gics_fin,2026-10-06,23.34,2.16691,2026-06-30,False,,0.0273138,0.224286,0.046,2.14488,2.3185,1.79207e+09,USD,24.1555,24.9995,26.7769
FIBK,First Interstate BancSystem Inc. Common Stock (DE),S&P 600,False,gics_fin,2026-10-06,35.52,3.2678,2026-06-30,False,,0.0521501,0.210399,0.046,2.70953,2.854,1.7927e+09,USD,36.3074,37.1122,38.7758
FICO,Fair Isaac Corporation Common Stock,S&P 500,True,software,2026-10-06,695.46,34.3194,2026-06-30,False,,0,0.458203,0.046,42.8873,50.2741,1.78536e+09,USD,729.656,765.534,842.668
FIG,Figma Inc. Class A Common Stock,大型股,False,gics_it,2026-10-06,21.93,-2.99193,2026-06-30,False,,0,0.919606,0.046,0.28744,0.35,1.78596e+09,USD,23.0083,24.1396,26.5719
FIGS,FIGS Inc. Class A Common Stock,Russell 2000,False,gics_discr,2026-10-06,14.1,0.315773,2026-06-30,False,,0,0.734963,0.046,0.361,0.38114,1.78605e+09,USD,14.7933,15.5207,17.0846
FIRY,Firy Inc. Class A Common Stock,,False,gics_it,2026-10-06,12.48,-4.40232,2026-06-30,False,,0,,0.046,,,1.78665e+09,USD,13.0936,13.7375,15.1216
FIS,Fidelity National Information Services Inc. Common Stock,S&P 500,True,gics_fin,2026-10-06,33.42,6.52224,2026-06-30,False,,0.0486385,0.292782,0.046,6.19353,6.68942,1.78585e+09,USD,34.2209,35.0409,36.7404
FISI,Financial Institutions Inc. Common Stock,Russell 2000,False,gics_fin,2026-10-06,39.28,4.14352,2026-06-30,False,,0.0313287,0.168641,0.046,4.19,4.3,1.7933e+09,USD,40.5709,41.9042,44.7038
FISV,Fiserv Inc. Common Stock,S&P 500,True,gics_fin,2026-10-06,45.48,5.2316,2026-06-30,False,,0,0.327929,0.046,7.24489,8.02349,1.79371e+09,USD,47.7163,50.0625,55.1068
FITB,Fifth Third Bancorp Common Stock,S&P 500,True,gics_fin,2026-10-06,51,2.56016,2026-06-30,False,,0.0324298,0.288803,0.046,4.15854,4.95249,1.79241e+09,USD,52.6471,54.3473,57.9144
FIVE,Five Below Inc. Common Stock,S&P 400,False,gics_discr,2026-10-06,209.92,11.1349,2026-08-01,False,,0,0.490835,0.046,10.2462,11.063,1.78838e+09,USD,220.242,231.071,254.354
FIX,Comfort Systems USA Inc. Common Stock,大型股,False,gics_indu,2026-10-06,1817.96,40.6876,2026-06-30,False,,0.00159521,0.55241,0.046,49.007,60.1785,1.78484e+09,USD,1905.83,1997.95,2195.75
FIZZ,National Beverage Corp. Common Stock,S&P 600,False,gics_staples,2026-10-06,30.02,1.86707,2026-08-01,False,,0.105985,0.295991,0.046,1.8236,1.95505,,USD,29.8705,29.7217,29.4264
FLG,Flagstar Bank N.A. Common Stock,S&P 400,False,gics_fin,2026-10-06,11.56,0.101346,2026-06-30,False,,0.00292774,0.233449,0.046,0.31635,1.30328,1.7849e+09,USD,12.1107,12.6876,13.9251
FLNC,Fluence Energy Inc. Class A Common Stock,Russell 2000,False,other,2026-10-06,8.03,-0.585452,2026-06-30,False,,0,1.38212,0.046,-0.89193,-0.26634,1.78596e+09,USD,8.42484,8.8391,9.72971
FLO,Flowers Foods Inc. Common Stock,S&P 600,False,gics_staples,2026-10-06,5.74,0.259544,2026-07-18,False,,0.150437,0.355316,0.046,0.7748,0.71439,1.78726e+09,USD,5.58587,5.43588,5.14788
FLOC,Flowco Holdings Inc. Class A Common Stock,Russell 2000,False,gics_discr,2026-10-06,18.56,0.0924748,2026-06-30,False,,0,0.456779,0.046,1.46,1.57,1.78645e+09,USD,19.4726,20.4301,22.4886
FLR,Fluor Corporation Common Stock,S&P 400,False,gics_indu,2026-10-06,52,-13.4865,2026-06-30,False,,0,0.425359,0.046,2.70598,3.36608,1.79397e+09,USD,54.5569,57.2395,63.0069
FLS,Flowserve Corporation Common Stock,S&P 400,False,gics_indu,2026-10-06,73.34,2.88654,2026-06-30,False,,0.010909,0.504267,0.046,4.11222,4.6445,1.78536e+09,USD,76.5276,79.8538,86.9461
FLXS,Flexsteel Industries Inc. Common Stock,Russell 2000,False,gics_discr,2026-10-06,87.81,5.84887,2026-06-30,False,,0.00918838,0.509808,0.046,5.29,6.05,1.787e+09,USD,91.7054,95.7736,104.459
FLYW,Flywire Corporation Voting Common Stock,Russell 2000,False,gics_discr,2026-10-06,18.215,0.266011,2026-06-30,False,,0,0.381399,0.046,1.05422,1.34717,1.78587e+09,USD,19.1106,20.0503,22.0706
FMC,FMC Corporation Common Stock,S&P 600,False,gics_indu,2026-10-06,9.03,-21.9929,2026-06-30,False,,0.133909,0.398251,0.046,1.28186,1.60693,1.7933e+09,USD,8.86045,8.69409,8.37067
FNB,F.N.B. Corporation Common Stock,S&P 400,False,gics_fin,2026-10-06,17.28,1.67669,2026-06-30,False,,0.0284003,0.217232,0.046,1.68929,1.86815,1.79244e+09,USD,17.874,18.4885,19.7815
FND,Floor & Decor Holdings Inc. Common Stock,S&P 400,False,gics_discr,2026-10-06,46.96,2.13958,2026-06-25,False,,0,0.504293,0.046,1.9757,2.20411,1.78544e+09,USD,49.2691,51.6916,56.9
FNF,Fidelity National Financial Inc. Common Stock,S&P 400,False,gics_fin,2026-10-06,39.08,2.86989,2026-06-30,False,,0.0490324,0.295814,0.046,5.11571,5.69266,1.79391e+09,USD,40.0086,40.9593,42.9289
FNKO,Funko Inc. Class A Common Stock,Russell 2000,False,gics_discr,2026-10-06,6.11,-0.0343366,2026-06-30,False,,0,0.927374,0.046,0.445,0.44,1.78605e+09,USD,6.41043,6.72564,7.40331
FNLC,First Bancorp Inc  (ME) Common Stock,Russell 2000,False,gics_fin,2026-10-06,33.75,3.35262,2026-06-30,False,,0.0435417,0.21661,0.046,,,1.79261e+09,USD,34.6469,35.5677,37.4834
FOA,Finance of America Companies Inc. Class A Common Stock,Russell 2000,False,gics_fin,2026-10-06,12.99,-0.0175697,2026-06-30,False,,0,0.731995,0.046,4.57,5.11333,1.78587e+09,USD,13.6287,14.2989,15.7396
FOR,Forestar Group Inc Common Stock ,Russell 2000,False,gics_fin,2026-10-06,26.31,3.32288,2026-06-30,False,,0,0.388908,0.046,2.88,2.85333,1.79328e+09,USD,27.6037,28.961,31.8791
FORM,FormFactor Inc. FormFactor Inc. Common Stock,S&P 600,False,gics_it,2026-10-06,141.3,1.45044,2026-06-27,False,,0,0.749569,0.046,3.05661,3.7869,1.78536e+09,USD,148.248,155.537,171.209
FORR,Forrester Research Inc. Common Stock,,False,gics_indu,2026-10-06,11.225,-2.18828,2026-06-30,False,,0,0.531339,0.046,0.775,0.905,1.78544e+09,USD,11.7769,12.356,13.601
FOSL,Fossil Group Inc. Common Stock,Russell 2000,False,gics_discr,2026-10-06,7.06,-1.18346,2026-07-04,False,,0,0.524985,0.046,-1.6,0.13,1.78656e+09,USD,7.40714,7.77136,8.55439
FOUR,Shift4 Payments Inc. Class A Common Stock,S&P 400,False,gics_discr,2026-10-06,38.5,1.3236,2026-06-30,False,,0,0.364912,0.046,5.19882,6.0635,1.78602e+09,USD,40.3931,42.3792,46.6493
FOXA,Fox Corporation Class A Common Stock,S&P 500,True,gics_comm,2026-10-06,62.08,3.83827,2026-06-30,False,,0.010121,0.332212,0.046,5.92961,5.84755,1.78602e+09,USD,64.8037,67.647,73.7132
FOXF,Fox Factory Holding Corp. Common Stock,S&P 600,False,gics_discr,2026-10-06,19.39,-7.06261,2026-07-03,False,,0,0.28186,0.046,1.55833,1.82167,1.78605e+09,USD,20.3434,21.3437,23.4943
FPI,Farmland Partners Inc. Common Stock,Russell 2000,False,gics_re,2026-10-06,10.74,0.591542,2026-06-30,False,,0.0428015,0.370396,0.046,,0.24,1.78536e+09,USD,11.0295,11.3268,11.9457
FR,First Industrial Realty Trust Inc. Common Stock,S&P 400,False,gics_re,2026-10-06,59.26,2.74634,2026-06-30,False,,0.0307774,0.210046,0.046,2.13724,1.88521,1.78475e+09,USD,61.2244,63.2539,67.517
FRME,First Merchants Corporation Common Stock,Russell 2000,False,gics_fin,2026-10-06,39.67,2.97194,2026-06-30,False,,0.0366733,0.172778,0.046,3.87667,4.495,1.79261e+09,USD,40.8644,42.0947,44.6676
FROG,JFrog Ltd. Ordinary Shares,Russell 2000,False,gics_it,2026-10-06,98.51,-0.3618,2026-06-30,False,,0,0.742252,0.046,0.98017,1.14501,1.78605e+09,USD,103.354,108.436,119.362
FRPH,FRP Holdings Inc. Common Stock,Russell 2000,False,gics_fin,2026-10-06,20.25,0.00503725,2026-06-30,False,,0,0.263465,0.046,,0.42,1.78587e+09,USD,21.2457,22.2904,24.5363
FRSH,Freshworks Inc. Class A Common Stock,Russell 2000,False,gics_it,2026-10-06,13.76,0.653623,2026-06-30,False,,0,0.56004,0.046,0.66969,0.82947,1.78587e+09,USD,14.4366,15.1464,16.6726
FRT,Federal Realty Investment Trust Common Stock,S&P 500,True,gics_re,2026-10-06,106.2,5.03328,2026-06-30,False,,0,0.1644,0.046,4.255,3.14217,1.79336e+09,USD,111.422,116.901,128.679
FSBC,Five Star Bancorp Common Stock,Russell 2000,False,gics_fin,2026-10-06,43.32,3.37445,2026-06-30,False,,0.0208022,0.243576,0.046,3.49,3.718,1.78475e+09,USD,44.9798,46.7032,50.3506
FSLR,First Solar Inc. Common Stock,S&P 500,True,gics_it,2026-10-06,179.8,16.207,2026-06-30,False,,0,0.570433,0.046,17.5889,23.2143,1.78544e+09,USD,188.641,197.916,217.858
FSLY,Fastly Inc. Class A Common Stock,Russell 2000,False,gics_it,2026-10-06,25.51,-0.514626,2026-06-30,False,,0,1.01478,0.046,0.52526,0.6305,1.78596e+09,USD,26.7643,28.0804,30.9097
FSS,Federal Signal Corporation Common Stock,S&P 600,False,gics_indu,2026-10-06,118.14,4.64065,2026-06-30,False,,0.00507044,0.314,0.046,5.23102,5.779,1.78541e+09,USD,123.635,129.386,141.702
FSTR,L.B. Foster Company Common Stock,Russell 2000,False,gics_indu,2026-10-06,36.1,1.07296,2026-06-30,False,,0,0.444,0.046,1.62,2.025,1.78636e+09,USD,37.8751,39.7374,43.7413
FSUN,FirstSun Capital Bancorp Common Stock,Russell 2000,False,gics_fin,2026-10-06,39.19,0.999827,2026-06-30,False,,0.0139452,0.24602,0.046,3.3125,4.7,1.78518e+09,USD,40.8313,42.5413,46.1793
FTAI,FTAI Aviation Ltd. Common Stock,大型股,False,gics_indu,2026-10-06,179.44,4.58138,2026-06-30,False,,0.00795075,0.700874,0.046,5.83,12.615,1.79328e+09,USD,187.516,195.956,213.992
FTDR,Frontdoor Inc. Common Stock,S&P 600,False,gics_discr,2026-10-06,78.77,3.78116,2026-06-30,False,,0,0.456779,0.046,4.71161,5.19397,1.78602e+09,USD,82.6432,86.7068,95.4433
FTK,Flotek Industries Inc. Common Stock,Russell 2000,False,gics_indu,2026-10-06,29.97,0.987653,2026-06-30,False,,0,0.460759,0.046,0.735,0.875,1.78587e+09,USD,31.4436,32.9897,36.3138
FTNT,Fortinet Inc. Common Stock,S&P 500,True,software,2026-10-06,191.27,2.85501,2026-06-30,False,,0,0.404981,0.046,3.45008,3.77777,1.79322e+09,USD,200.675,210.542,231.756
FTRE,Fortrea Holdings Inc. Common Stock,S&P 600,False,gics_health,2026-10-06,20.78,-0.898734,2026-06-30,False,,0,0.802921,0.046,0.84433,1.14482,1.79328e+09,USD,21.8018,22.8738,25.1785
FTV,Fortive Corporation Common Stock ,S&P 500,True,gics_indu,2026-10-06,57.89,1.70844,2026-07-03,False,,0.00306787,0.236539,0.046,3.01376,3.2531,1.79319e+09,USD,60.6434,63.5277,69.7145
FUBO,FuboTV Inc. Class A Common Stock,Russell 2000,False,gics_discr,2026-10-06,8.83,-0.322052,2026-06-30,False,,0,2.54646,0.046,-0.455,0.552,1.78593e+09,USD,9.26418,9.7197,10.6991
FUL,H. B. Fuller Company Common Stock,S&P 600,False,gics_indu,2026-10-06,50.63,3.59119,2026-08-29,False,,0.0187095,0.2285,0.046,4.84869,5.18077,1.79019e+09,USD,52.6249,54.6984,59.0938
FULT,Fulton Financial Corporation Common Stock,S&P 600,False,gics_fin,2026-10-06,22.4,2.05495,2026-06-30,False,,0.0346314,0.225587,0.046,2.21571,2.38429,1.79261e+09,USD,23.098,23.8177,25.3252
FUN,Six Flags Entertainment Corporation Common Stock New,S&P 600,False,gics_discr,2026-10-06,12.08,-17.2116,2026-06-28,False,,0,0.488996,0.046,-2.79708,0.0266,1.78602e+09,USD,12.674,13.2972,14.637
FUNC,First United Corporation Common Stock,Russell 2000,False,gics_fin,2026-10-06,43.64,3.85818,2026-06-30,False,,0.0233535,0.197242,0.046,3.33,4.8,1.78458e+09,USD,45.2543,46.9283,50.4644
FVR,FrontView REIT Inc. Common Stock,Russell 2000,False,gics_re,2026-10-06,16.41,0.0630335,2026-06-30,False,,0.0412802,0.314415,0.046,,0.04434,1.78602e+09,USD,16.8652,17.333,18.3079
FWONK,Liberty Media Corporation Series C Common Stock,大型股,False,gics_indu,2026-10-06,95.54,1.62739,2026-06-30,False,,0,0.216949,0.046,1.61174,1.95839,1.78602e+09,USD,100.238,105.167,115.763
FWRD,Forward Air Corporation Common Stock,Russell 2000,False,gics_indu,2026-10-06,15.26,-8.81115,2026-06-30,False,,0,1.28168,0.046,-1.01,0.43,1.78596e+09,USD,16.0103,16.7976,18.4901
FWRG,First Watch Restaurant Group Inc. Common Stock,Russell 2000,False,gics_discr,2026-10-06,10.61,0.285873,2026-06-28,False,,0,0.582195,0.046,0.13326,0.2458,1.78585e+09,USD,11.1317,11.6791,12.8558
GABC,German American Bancorp Inc. Common Stock,Russell 2000,False,gics_fin,2026-10-06,49.06,3.78234,2026-06-30,False,,0.0246821,0.114105,0.046,3.92333,4.12333,1.79304e+09,USD,50.841,52.6866,56.5814
GAP,Gap Inc. (The) Common Stock,S&P 400,False,gics_discr,2026-10-06,23.79,3.29894,2026-08-01,False,,0.031135,0.451695,0.046,2.40837,2.63541,1.78786e+09,USD,24.5742,25.3843,27.0854
GATX,GATX Corporation Common Stock,S&P 400,False,gics_discr,2026-10-06,170.88,10.2821,2026-06-30,False,,0.0139764,0.301267,0.046,10.2155,11.2456,1.78541e+09,USD,178.034,185.487,201.343
GBCI,Glacier Bancorp Inc. Common Stock,S&P 400,False,gics_fin,2026-10-06,43.58,2.3912,2026-06-30,False,,0.0312055,0.303243,0.046,3.11333,3.59833,1.7927e+09,USD,45.015,46.4972,49.6097
GBLI,Global Indemnity Group LLC Class A Common Stock ,,False,gics_fin,2026-10-06,24.03,2.37809,2026-06-30,False,,0.0567928,0.246354,0.046,,3.3,1.78593e+09,USD,24.5057,24.9909,25.9901
GBX,Greenbrier Companies Inc. (The) Common Stock,S&P 600,False,gics_indu,2026-10-06,40.09,3.37376,2026-05-31,False,,0.0305786,0.280486,0.046,3.03333,3.75,,USD,41.4231,42.8004,45.6941
GCO,Genesco Inc. Common Stock,Russell 2000,False,gics_discr,2026-10-06,36.14,3.8135,2026-08-01,False,,0,0.383137,0.046,2.3625,2.95,1.78844e+09,USD,37.917,39.7814,43.7898
GD,General Dynamics Corporation Common Stock,S&P 500,True,gics_indu,2026-10-06,331.33,16.3682,2026-07-05,False,,0.0175068,0.126725,0.046,17.0054,18.6019,1.78533e+09,USD,344.592,358.385,387.649
GDDY,GoDaddy Inc. Class A Common Stock,S&P 500,True,gics_it,2026-10-06,98.18,6.77866,2026-06-30,False,,0,0.354731,0.046,9.6225,11.0275,1.78544e+09,USD,103.008,108.073,118.962
GDOT,Green Dot Corporation Class A Common Stock $0.001 par value,Russell 2000,False,gics_fin,2026-10-06,12.4,-0.447256,2026-06-30,False,,0,0.172386,0.046,1.44,1.5,,USD,13.0097,13.6494,15.0247
GE,GE Aerospace Common Stock,S&P 500,True,gics_indu,2026-10-06,309.39,8.51233,2026-06-30,False,,0,0.323813,0.046,7.91617,9.08532,1.7925e+09,USD,324.603,340.564,374.879
GEF,Greif Inc. Class A Common Stock,S&P 400,False,other,2026-10-06,82.54,2.21,2026-06-30,True,0.333438,0,0.25811,0.046,4.32833,4.76833,1.79374e+09,USD,86.5985,90.8567,100.011
GEHC,GE HealthCare Technologies Inc. Common Stock ,S&P 500,True,gics_health,2026-10-06,64.77,4.34136,2026-06-30,False,,0.00212133,0.322214,0.046,4.92659,5.40991,1.78533e+09,USD,67.8827,71.1451,78.1476
GEN,Gen Digital Inc. Common Stock,S&P 500,True,gics_it,2026-10-06,22.8,1.70113,2026-07-03,False,,0.0192566,0.374294,0.046,2.92464,3.3091,1.78605e+09,USD,23.6919,24.6186,26.5823
GEO,Geo Group Inc (The) REIT,S&P 600,False,gics_discr,2026-10-06,29.94,2.1748,2026-06-30,False,,0,0.40428,0.046,1.3075,1.6675,1.78602e+09,USD,31.4122,32.9567,36.2774
GEV,GE Vernova Inc. Common Stock,S&P 500,False,gics_it,2026-10-06,1029.21,35.0331,2026-06-30,False,,0.00157701,0.429909,0.046,15.0558,25.1748,1.79319e+09,USD,1078.97,1131.13,1243.14
GFF,Griffon Corporation Common Stock,S&P 600,False,gics_indu,2026-10-06,94.51,3.91712,2026-06-30,False,,0.00882248,0.404909,0.046,5.39836,6.15482,1.78593e+09,USD,98.7207,103.119,112.512
GGG,Graco Inc. Common Stock,S&P 400,False,gics_indu,2026-10-06,78.89,3.16957,2026-06-26,False,,0.0143474,0.205648,0.046,3.28667,3.49556,1.79261e+09,USD,82.1774,85.6019,92.8848
GH,Guardant Health Inc. Common Stock,大型股,False,gics_health,2026-10-06,170.69,-3.41271,2026-06-30,False,,0,0.623586,0.046,-1.47417,-0.41793,1.78544e+09,USD,179.083,187.889,206.82
GHM,Graham Corporation Common Stock,Russell 2000,False,gics_indu,2026-10-06,88.28,1.00914,2026-06-30,False,,0,0.511114,0.046,1.80607,2.27602,1.78602e+09,USD,92.6208,97.175,106.966
GIC,Global Industrial Company Common Stock,Russell 2000,False,gics_indu,2026-10-06,43.44,2.27415,2026-06-30,False,,0.0261407,0.264062,0.046,2.305,2.205,1.78587e+09,USD,44.9842,46.5832,49.9538
GIII,G-III Apparel Group LTD. Common Stock,S&P 600,False,gics_discr,2026-10-06,26.78,3.05001,2026-07-31,False,,0.00710584,0.395202,0.046,2.24906,2.39454,1.78835e+09,USD,27.9971,29.2696,31.9906
GILD,Gilead Sciences Inc. Common Stock,S&P 500,True,gics_health,2026-10-06,144.23,-2.58373,2026-06-30,False,,0.0214749,0.214209,0.046,-0.42627,9.88911,1.78587e+09,USD,149.706,155.389,167.412
GIS,General Mills Inc. Common Stock,S&P 500,True,gics_staples,2026-10-06,32.18,-1.66351,2026-08-30,False,,0.0682885,0.220808,0.046,3.07881,3.15332,1.79017e+09,USD,32.629,33.0842,34.0139
GKOS,Glaukos Corporation Common Stock,S&P 600,False,gics_health,2026-10-06,161.59,-3.19712,2026-06-30,False,,0,0.497356,0.046,-0.29057,0.52356,1.78536e+09,USD,169.535,177.872,195.794
GL,Globe Life Inc. Common Stock,S&P 500,True,gics_fin,2026-10-06,166.28,15.2018,2026-06-30,False,,0.00665327,0.342763,0.046,15.7094,16.5101,1.78475e+09,USD,173.877,181.82,198.813
GLIBK,Liberty Capital Corporation Series C GCI Group Common Stock,Russell 2000,False,gics_comm,2026-10-06,23.73,-8.425,2026-06-30,False,,0,0.501822,0.046,,,1.78602e+09,USD,24.8968,26.121,28.7529
GLPI,Gaming and Leisure Properties Inc. Common Stock,S&P 400,False,gics_re,2026-10-06,38.08,3.38887,2026-06-30,False,,0.0794617,0.214296,0.046,3.10952,3.32861,1.7933e+09,USD,38.3962,38.715,39.3606
GLUE,Monte Rosa Therapeutics Inc. Common Stock,Russell 2000,False,gics_health,2026-10-06,9.87,-1.58768,2026-06-30,False,,0,0.883256,0.046,-1.42808,-1.94748,1.78602e+09,USD,10.3553,10.8645,11.9592
GLW,Corning Incorporated Common Stock,S&P 500,True,hardware,2026-10-06,168.97,2.17143,2026-06-30,False,,0,0.47439,0.046,3.28356,4.36835,1.7931e+09,USD,177.278,185.995,204.736
GLXY,Galaxy Digital Inc. Class A Common Stock,大型股,False,gics_fin,2026-10-06,22.15,-0.712541,2026-06-30,False,,0,0.820225,0.046,-0.82714,-0.34071,1.78593e+09,USD,23.2391,24.3818,26.8385
GM,General Motors Company Common Stock,S&P 500,True,gics_discr,2026-10-06,82.01,2.10583,2026-06-30,False,,0.0150203,0.254944,0.046,13.5138,15.0497,1.7925e+09,USD,85.3987,88.9275,96.4284
GME,GameStop Corporation Common Stock,S&P 400,False,gics_discr,2026-10-06,24.76,1.50742,2026-08-01,False,,0,0.4751,0.046,1.8,1.86,1.78887e+09,USD,25.9775,27.2548,30.001
GMED,Globus Medical Inc. Class A Common Stock,S&P 400,False,gics_health,2026-10-06,76.43,3.87457,2026-06-30,False,,0,0.260238,0.046,5.0004,5.39819,1.78605e+09,USD,80.1881,84.131,92.608
GNE,Genie Energy Ltd. Class B Common Stock Stock,Russell 2000,False,gics_util,2026-10-06,16.42,0.983137,2026-06-30,False,,0.0191187,0.137847,0.046,,,1.78602e+09,USD,17.0635,17.7322,19.1492
GNK,Genco Shipping & Trading Limited Ordinary Shares New (Marshall Islands),Russell 2000,False,gics_discr,2026-10-06,27.28,0.904502,2026-06-30,False,,0.0434573,0.209875,0.046,2.6438,1.72929,1.78596e+09,USD,28.0062,28.7517,30.3028
GNL,Global Net Lease Inc. Common Stock,S&P 600,False,gics_re,2026-10-06,8.14,-0.267567,2026-06-30,False,,0.0883722,0.172891,0.046,,-0.13,1.78596e+09,USD,8.1711,8.20233,8.26513
GNRC,Generac Holdlings Inc. Common Stock,S&P 500,True,gics_indu,2026-10-06,223.62,4.32956,2026-06-30,False,,0,0.546944,0.046,9.68813,12.8637,1.78533e+09,USD,234.616,246.152,270.954
GNTX,Gentex Corporation Common Stock,S&P 400,False,gics_discr,2026-10-06,21.55,1.92509,2026-06-30,False,,0.0219726,0.199221,0.046,2.08918,2.19878,1.79276e+09,USD,22.3626,23.2058,24.9889
GNW,Genworth Financial Inc Common Stock,S&P 600,False,gics_fin,2026-10-06,9.63,0.538481,2026-06-30,False,,0,0.23719,0.046,1.1,1.1,1.78596e+09,USD,10.1035,10.6003,11.6684
GO,Grocery Outlet Holding Corp. Common Stock,S&P 600,False,gics_staples,2026-10-06,11.41,-3.82119,2026-07-04,False,,0,0.60765,0.046,0.54506,0.67296,1.78656e+09,USD,11.971,12.5597,13.8252
GOLD,Gold.com Inc. Common Stock,Russell 2000,False,gics_indu,2026-10-06,41.57,2.89888,2026-06-30,False,,0.0195108,0.797429,0.046,3.73,3.73,1.78838e+09,USD,43.1906,44.8744,48.4415
GOLF,Acushnet Holdings Corp. Common Stock,S&P 600,False,gics_discr,2026-10-06,82.96,3.66374,2026-06-30,False,,0.0116835,0.559101,0.046,4.158,4.236,1.78602e+09,USD,86.5322,90.2583,98.1986
GOOD,Gladstone Commercial Corporation Real Estate Investment Trust,Russell 2000,False,gics_re,2026-10-06,12.71,0.511371,2026-06-30,False,,0.116999,0.248271,0.046,,0.15,1.78596e+09,USD,12.5772,12.4459,12.1873
GOOGL,Alphabet Inc. Class A Common Stock,S&P 500,True,internet,2026-10-06,347.68,19.8395,2026-06-30,False,,0.0018438,0.304066,0.046,12.15,15.0715,1.79322e+09,USD,364.44,382.007,419.723
GOSS,Gossamer Bio Inc. Common Stock,,False,gics_health,2026-10-06,10.78,-20.4733,2026-06-30,False,,0,5.56467,0.046,-18.01,-15.612,,USD,11.3101,11.8662,13.0618
GPC,Genuine Parts Company Common Stock,S&P 500,True,gics_discr,2026-10-06,127.38,0.237383,2026-06-30,False,,0.0321782,0.281844,0.046,7.73859,8.31394,1.7925e+09,USD,131.51,135.775,144.723
GPGI,GPGI Inc. Class A Common Stock,Russell 2000,False,gics_fin,2026-10-06,13.17,-1.08125,2026-06-30,False,,0.000442616,0.598768,0.046,0.99255,1.25799,1.78602e+09,USD,13.8145,14.4906,15.9436
GPI,Group 1 Automotive Inc. Common Stock,S&P 600,False,gics_discr,2026-10-06,236.96,24.4202,2026-06-30,False,,0.00841852,0.268634,0.046,38.3722,42.5846,1.78541e+09,USD,247.567,258.649,282.324
GPK,Graphic Packaging Holding Company,S&P 400,False,gics_discr,2026-10-06,8.61,0.653859,2026-06-30,False,,0.0452072,0.464686,0.046,0.70028,1.07244,1.79371e+09,USD,8.83146,9.05862,9.53062
GPMT,Granite Point Mortgage Trust Inc. Common Stock,,False,gics_re,2026-10-06,7.6,-1.70022,2026-06-30,False,,0.2,0.448873,0.046,-15.3,-7.43333,1.78596e+09,USD,7.2149,6.84931,6.17277
GPN,Global Payments Inc. Common Stock,S&P 500,True,gics_fin,2026-10-06,81.79,-3.41909,2026-06-30,False,,0.0116813,0.327556,0.046,13.6487,16.016,1.78593e+09,USD,85.3119,88.9855,96.8141
GPOR,Gulfport Energy Corporation Common Shares,S&P 600,False,gics_energy,2026-10-06,161.24,26.5703,2026-06-30,False,,0,0.319938,0.046,23.4114,25.9596,1.78579e+09,USD,169.168,177.486,195.37
GPRE,Green Plains Inc. Common Stock,Russell 2000,False,gics_indu,2026-10-06,15.16,1.467,2026-06-30,False,,0,0.440815,0.046,2.12299,1.70483,1.78602e+09,USD,15.9054,16.6875,18.3689
GRAL,GRAIL Inc. Common Stock ,Russell 2000,False,gics_health,2026-10-06,137.28,-9.08289,2026-06-30,False,,0,0.989066,0.046,-7.50988,-8.23808,1.78596e+09,USD,144.03,151.112,166.338
GRBK,Green Brick Partners Inc. Common Stock,S&P 600,False,gics_discr,2026-10-06,67,6.72283,2026-06-30,False,,0.00098244,0.413674,0.046,6.145,5.995,1.79322e+09,USD,70.2599,73.6784,81.0226
GRC,Gorman-Rupp Company (The) Common Stock,Russell 2000,False,gics_indu,2026-10-06,77.22,2.36157,2026-06-30,False,,0,0.416331,0.046,2.81,3.16333,1.79276e+09,USD,81.017,85.0006,93.5652
GRDN,Guardian Pharmacy Services Inc. Class A Common Stock,Russell 2000,False,gics_staples,2026-10-06,41.2,1.04051,2026-06-30,False,,0,0.235441,0.046,1.30143,1.43429,1.78605e+09,USD,43.2258,45.3513,49.9208
GRPN,Groupon Inc. Common Stock,Russell 2000,False,gics_discr,2026-10-06,18.84,-3.10007,2026-06-30,False,,0,0.792185,0.046,1.47,2.35,1.78605e+09,USD,19.7664,20.7383,22.8279
GS,Goldman Sachs Group Inc. (The) Common Stock,S&P 500,True,gics_fin,2026-10-06,897.18,68.0942,2026-06-30,False,,0.0210447,0.283981,0.046,67.7843,72.5533,1.79189e+09,USD,931.442,967.013,1042.28
GSAT,Globalstar Inc. Common Stock,大型股,False,gics_discr,2026-10-06,83.63,-0.421981,2026-06-30,False,,0.00100639,0.36686,0.046,0.49288,0.2463,1.78602e+09,USD,87.698,91.9639,101.128
GSBC,Great Southern Bancorp Inc. Common Stock,Russell 2000,False,gics_fin,2026-10-06,79.2,6.12468,2026-06-30,False,,0.0216478,0.145417,0.046,5.9,5.65,1.79261e+09,USD,82.1998,85.3131,91.8981
GSHD,Goosehead Insurance Inc. Class A Common Stock,S&P 600,False,gics_fin,2026-10-06,43.39,0.963237,2026-06-30,False,,0,0.931258,0.046,2.12861,2.68343,1.78475e+09,USD,45.5235,47.7619,52.5744
GSIT,GSI Technology Common Stock,Russell 2000,False,gics_it,2026-10-06,5.58,-0.423633,2026-06-30,False,,0,1.12872,0.046,-0.45,-0.42,1.78544e+09,USD,5.85437,6.14224,6.76112
GTLB,GitLab Inc. Class A Common Stock,,False,gics_it,2026-10-06,51.63,-0.31003,2026-07-31,False,,0,0.706688,0.046,0.86621,1.03835,1.78829e+09,USD,54.1687,56.8322,62.5585
GTY,Getty Realty Corporation Common Stock,S&P 600,False,gics_fin,2026-10-06,27.89,1.6399,2026-06-30,False,,0.0682035,0.237862,0.046,1.50785,1.45232,1.79261e+09,USD,28.2803,28.6761,29.4844
GVA,Granite Construction Incorporated Common Stock,S&P 600,False,gics_indu,2026-10-06,120.92,-3.7691,2026-06-30,False,,0.00420109,0.458286,0.046,7.1089,8.05566,1.78541e+09,USD,126.6,132.546,145.289
GWRE,Guidewire Software Inc. Common Stock,S&P 400,False,gics_it,2026-10-06,164.52,1.63085,2026-07-31,False,,0,0.756708,0.046,4.18833,5.34509,1.78847e+09,USD,172.61,181.097,199.344
GWW,W.W. Grainger Inc. Common Stock,S&P 500,True,gics_indu,2026-10-06,1275.56,39.4515,2026-06-30,False,,0.00818306,0.200018,0.046,46.4476,51.0012,1.7938e+09,USD,1332.82,1392.64,1520.47
GXO,GXO Logistics Inc. Common Stock ,S&P 400,False,gics_discr,2026-10-06,46.4,1.13087,2026-06-30,False,,0,0.418094,0.046,3.02992,3.53595,1.78587e+09,USD,48.6815,51.0752,56.2215
H,Hyatt Hotels Corporation Class A Common Stock,S&P 400,False,gics_discr,2026-10-06,159.12,0.815433,2026-06-30,False,,0.00376992,0.41188,0.046,3.5939,4.87236,1.79328e+09,USD,166.63,174.494,191.353
HAE,Haemonetics Corporation Common Stock,S&P 400,False,gics_health,2026-10-06,103.52,2.03334,2026-06-27,False,,0,0.509653,0.046,5.30928,5.77717,1.79388e+09,USD,108.61,113.951,125.432
HAFC,Hanmi Financial Corporation Common Stock,S&P 600,False,gics_fin,2026-10-06,31.68,2.99782,2026-06-30,False,,0.0351256,0.198052,0.046,3.18667,3.385,1.78466e+09,USD,32.6591,33.6684,35.7816
HAL,Halliburton Company Common Stock,S&P 500,True,gics_energy,2026-10-06,32.72,1.90942,2026-06-30,False,,0.0205074,0.307676,0.046,2.34621,2.90072,1.7925e+09,USD,33.9787,35.2857,38.0527
HALO,Halozyme Therapeutics Inc. Common Stock,S&P 400,False,gics_health,2026-10-06,109.72,3.36599,2026-06-30,False,,0,0.445153,0.046,8.57694,10.3931,1.78605e+09,USD,115.115,120.775,132.944
HAPN,Happen Inc. Common Stock,Russell 2000,False,gics_fin,2026-10-06,15.35,1.66687,2026-06-30,False,,0,,0.046,1.85167,2.37667,1.79322e+09,USD,16.1048,16.8967,18.5991
HAS,Hasbro Inc. Common Stock,S&P 500,True,gics_discr,2026-10-06,91.03,5.54539,2026-06-28,False,,0.0320399,0.268837,0.046,6.14553,6.50255,1.7925e+09,USD,93.9882,97.0425,103.452
HASI,HA Sustainable Infrastructure Capital Inc. Common Stock,S&P 600,False,gics_fin,2026-10-06,36.57,0.602913,2026-06-30,False,,0.0444339,0.235127,0.046,3.03013,3.33381,1.78605e+09,USD,37.5251,38.5052,40.5429
HAYW,Hayward Holdings Inc. Common Stock,S&P 600,False,gics_indu,2026-10-06,12.31,0.725706,2026-06-27,False,,0,0.418235,0.046,0.86635,0.97338,1.78533e+09,USD,12.9153,13.5503,14.9157
HBAN,Huntington Bancshares Incorporated Common Stock,S&P 500,True,gics_fin,2026-10-06,15.33,1.17072,2026-06-30,False,,0.0383076,0.263767,0.046,1.53827,1.76852,1.79267e+09,USD,15.7787,16.2404,17.2049
HBB,Hamilton Beach Brands Holding Company Class A Common Stock ,Russell 2000,False,gics_discr,2026-10-06,35.8,4.22724,2026-06-30,False,,0.0139675,0.406015,0.046,,1.6,1.78596e+09,USD,37.2989,38.8606,42.1828
HBCP,Home Bancorp Inc. Common Stock,Russell 2000,False,gics_fin,2026-10-06,67.21,5.95225,2026-06-30,False,,0.0181704,0.102737,0.046,5.9575,6.325,1.79244e+09,USD,69.877,72.6499,78.53
HBNC,Horizon Bancorp Inc. Common Stock,Russell 2000,False,gics_fin,2026-10-06,19.31,-2.80661,2026-06-30,False,,0.0340145,0.181383,0.046,2.128,2.24,1.79261e+09,USD,19.9178,20.5448,21.8586
HBT,HBT Financial Inc. Common Stock,Russell 2000,False,gics_fin,2026-10-06,36.29,2.132,2026-06-30,False,,0.0247646,0.153437,0.046,3.038,3.46,1.78516e+09,USD,37.6059,38.9694,41.8467
HCA,HCA Healthcare Inc. Common Stock,S&P 500,True,gics_health,2026-10-06,432.2,30.1784,2026-06-30,False,,0.00676798,0.290021,0.046,29.4785,32.0063,1.7931e+09,USD,451.92,472.539,516.643
HCC,Warrior Met Coal Inc. Common Stock,S&P 600,False,gics_energy,2026-10-06,92.42,4.1484,2026-06-30,False,,0.00365244,0.588601,0.046,6.345,6.93695,1.78596e+09,USD,96.7874,101.361,111.168
HCI,HCI Group Inc. Common Stock,S&P 600,False,gics_fin,2026-10-06,184.43,24.0668,2026-06-30,False,,0.00913393,0.325523,0.046,19.646,19.474,1.78605e+09,USD,192.617,201.167,219.423
HCKT,Hackett Group Inc (The). Common Stock,Russell 2000,False,gics_discr,2026-10-06,10.725,0.666293,2026-06-26,False,,0.0459602,0.365848,0.046,1.44667,1.59333,1.79374e+09,USD,10.9967,11.2753,11.8539
HCSG,Healthcare Services Group Inc. Common Stock,S&P 600,False,gics_health,2026-10-06,21.13,1.73054,2026-06-30,False,,0,0.404374,0.046,1.20204,1.23083,1.79259e+09,USD,22.169,23.259,25.6026
HD,Home Depot Inc. (The) Common Stock,S&P 500,True,gics_discr,2026-10-06,286.69,14.2841,2026-08-02,False,,0.0312168,0.236416,0.046,15.0264,16.0248,1.79492e+09,USD,296.128,305.877,326.349
HE,Hawaiian Electric Industries Inc. Common Stock,S&P 600,False,gics_util,2026-10-06,8.93,1.30795,2026-06-30,False,,0,0.438515,0.046,0.82233,1.01833,1.78613e+09,USD,9.36909,9.82978,10.8202
HEI,Heico Corporation Common Stock,大型股,False,gics_indu,2026-10-06,303.26,6.00078,2026-07-31,False,,0.000795859,0.419085,0.046,6.34374,7.21137,1.78769e+09,USD,318.045,333.551,366.867
HESM,Hess Midstream LP Class A Representing Limited Partner Interests,,False,gics_energy,2026-10-06,38.69,2.92168,2026-06-30,False,,0,0.12959,0.046,2.95645,3.10594,1.78576e+09,USD,40.5924,42.5884,46.8795
HFWA,Heritage Financial Corporation Common Stock,S&P 600,False,gics_fin,2026-10-06,27.69,1.8752,2026-06-30,False,,0.0329128,0.193412,0.046,2.33833,2.635,1.79267e+09,USD,28.5774,29.4932,31.4138
HGTY,Hagerty Inc. Class A Common Stock,,False,gics_fin,2026-10-06,13.83,0.20192,2026-06-30,False,,0,0.308731,0.046,0.026,0.58542,1.78593e+09,USD,14.51,15.2235,16.7574
HGV,Hilton Grand Vacations Inc. Common Stock ,S&P 400,False,gics_discr,2026-10-06,34.73,1.80406,2026-06-30,False,,0,0.494682,0.046,4.82902,5.27497,1.78541e+09,USD,36.4377,38.2294,42.0813
HHH,Howard Hughes Holdings Inc. Common Stock,,False,gics_re,2026-10-06,73.28,4.93794,2026-06-30,False,,0,0.316899,0.046,,1.02,1.78596e+09,USD,76.8832,80.6636,88.7912
HIG,The Hartford Insurance Group Inc. Common Stock,S&P 500,True,gics_fin,2026-10-06,126.79,15.5949,2026-06-30,False,,0.0175307,0.201502,0.046,12.8314,13.7122,1.79304e+09,USD,131.863,137.14,148.335
HII,Huntington Ingalls Industries Inc. Common Stock,S&P 500,True,gics_indu,2026-10-06,263.75,16.7342,2026-06-30,False,,0.0203324,0.396516,0.046,18.5117,20.7984,1.78541e+09,USD,273.92,284.482,306.843
HIMS,Hims & Hers Health Inc. Class A Common Stock,S&P 400,False,gics_health,2026-10-06,29.47,-0.612869,2026-06-30,False,,0,1.04227,0.046,0.28247,0.73726,1.78639e+09,USD,30.9191,32.4394,35.7079
HIPO,Hippo Holdings Inc. Common Stock,Russell 2000,False,gics_fin,2026-10-06,32.48,4.56837,2026-06-30,False,,0,0.309775,0.046,2.45333,3.515,1.78541e+09,USD,34.0771,35.7527,39.3551
HIW,Highwoods Properties Inc. Common Stock,S&P 600,False,gics_re,2026-10-06,29.64,1.48147,2026-06-30,False,,0.0662672,0.338726,0.046,0.59,0.7,1.79313e+09,USD,30.0839,30.5345,31.456
HL,Hecla Mining Company Common Stock,S&P 400,False,gics_indu,2026-10-06,17.1,0.494141,2026-06-30,False,,0.00087067,0.676556,0.046,0.79857,1.0325,1.78587e+09,USD,17.933,18.8066,20.6835
HLI,Houlihan Lokey Inc. Class A Common Stock,S&P 400,False,gics_fin,2026-10-06,127.94,5.92822,2026-06-30,False,,0.0205457,0.296548,0.046,7.05753,8.7243,1.78536e+09,USD,132.859,137.967,148.78
HLIO,Helios Technologies Inc. Common Stock,Russell 2000,False,gics_indu,2026-10-06,71.38,2.14114,2026-07-04,False,,0.00557739,0.462731,0.046,3.18776,3.58532,1.78639e+09,USD,74.6812,78.1352,85.5296
HLIT,Harmonic Inc. Common Stock,S&P 600,False,gics_it,2026-10-06,11.22,-0.426119,2026-07-03,False,,0,0.738302,0.046,0.71467,0.80771,1.78656e+09,USD,11.7717,12.3505,13.5949
HLNE,Hamilton Lane Incorporated Class A Common Stock,S&P 400,False,gics_fin,2026-10-06,86.5,5.00622,2026-06-30,False,,0,0.574635,0.046,7.43346,7.33638,1.79371e+09,USD,90.7533,95.2157,104.809
HLT,Hilton Worldwide Holdings Inc. Common Stock ,S&P 500,True,gics_discr,2026-10-06,322.61,6.82759,2026-06-30,False,,0.0019337,0.194442,0.046,9.04281,10.455,1.7931e+09,USD,338.146,354.43,389.388
HMN,Horace Mann Educators Corporation Common Stock,S&P 600,False,gics_fin,2026-10-06,45.51,4.3034,2026-06-30,False,,0.029897,0.208004,0.046,4.86,5.38,1.78596e+09,USD,47.0393,48.62,51.9425
HNGE,Hinge Health Inc. Class A Common Stock,Russell 2000,False,gics_it,2026-10-06,98.35,1.30741,2026-06-30,False,,0,0.686099,0.046,2.39907,3.05731,1.79365e+09,USD,103.186,108.26,119.168
HNI,HNI Corporation Common Stock,S&P 600,False,gics_discr,2026-10-06,46.74,0.0610264,2026-07-04,False,,0.029225,0.587498,0.046,4.2425,4.8025,1.78541e+09,USD,48.3269,49.9676,53.4181
HNST,The Honest Company Inc. Common Stock,Russell 2000,False,gics_discr,2026-10-06,5.03,-0.107554,2026-06-30,False,,0,0.471776,0.046,0.11976,0.1171,1.78596e+09,USD,5.27733,5.53682,6.0947
HNVR,Hanover Bancorp Inc. Common Stock,Russell 2000,False,gics_fin,2026-10-06,25.41,1.3079,2026-06-30,False,,0.0158143,0.202117,0.046,2.365,3.0525,1.78484e+09,USD,26.4495,27.5314,29.83
HOFT,Hooker Furnishings Corporation Common Stock,,False,gics_discr,2026-10-06,12.91,-1.66144,2026-08-02,False,,0.0438148,0.500258,0.046,0.99,1.21,1.78913e+09,USD,13.2513,13.6016,14.3302
HOG,Harley-Davidson Inc. Common Stock,S&P 400,False,gics_discr,2026-10-06,26.94,1.82944,2026-06-30,False,,0.027651,0.287115,0.046,0.678,2.00198,1.78481e+09,USD,27.8766,28.8457,30.8862
HOMB,Home BancShares Inc. Common Stock,S&P 400,False,gics_fin,2026-10-06,28.55,2.37993,2026-06-30,False,,0.0287167,0.146247,0.046,2.51738,2.60315,1.79201e+09,USD,29.5268,30.537,32.6624
HON,Honeywell International Inc. Common Stock,S&P 500,True,gics_indu,2026-10-06,212.87,25.7299,2026-06-30,False,,0.0452279,0.193649,0.046,8.30025,9.84157,1.79267e+09,USD,218.343,223.957,235.621
HOOD,Robinhood Markets Inc. Class A Common Stock,大型股,False,gics_fin,2026-10-06,112,2.26438,2026-06-30,False,,0,0.599909,0.046,2.54995,3.43718,1.79313e+09,USD,117.507,123.285,135.707
HOPE,Hope Bancorp Inc. Common Stock,S&P 600,False,gics_fin,2026-10-06,13.48,0.992926,2026-06-30,False,,0,0.20549,0.046,1.13,1.568,1.78516e+09,USD,14.1428,14.8382,16.3333
HOV,Hovnanian Enterprises Inc. Class A Common Stock,Russell 2000,False,gics_discr,2026-10-06,114.58,0.887936,2026-07-31,False,,0,0.464001,0.046,,12.83,1.78723e+09,USD,120.214,126.125,138.833
HP,Helmerich & Payne Inc. Common Stock,S&P 600,False,gics_energy,2026-10-06,39.61,-1.36955,2026-06-30,False,,0.025683,0.454066,0.046,-0.16624,1.55464,1.78596e+09,USD,41.0274,42.4955,45.5912
HPE,Hewlett Packard Enterprise Company Common Stock,S&P 500,True,hardware,2026-10-06,70.48,1.92616,2026-07-31,False,,0.00853024,0.379916,0.046,3.82611,4.70878,1.78838e+09,USD,73.6308,76.9225,83.954
HPP,Hudson Pacific Properties Inc. Common Stock,Russell 2000,False,gics_fin,2026-10-06,11.58,-8.87301,2026-06-30,False,,0.000730021,0.857952,0.046,,-2.82,1.79388e+09,USD,12.145,12.7375,14.0107
HPQ,HP Inc. Common Stock,S&P 500,True,hardware,2026-10-06,31.73,2.64401,2026-07-31,False,,0.0364527,0.336789,0.046,3.24467,3.13797,1.78777e+09,USD,32.6889,33.6768,35.7431
HQY,HealthEquity Inc. Common Stock,S&P 400,False,gics_discr,2026-10-06,91.05,2.78209,2026-07-31,False,,0,0.246372,0.046,4.72388,5.50011,1.78783e+09,USD,95.527,100.224,110.323
HR,Healthcare Realty Trust Incorporated Common Stock,S&P 400,False,gics_re,2026-10-06,17.04,-0.250164,2026-06-30,False,,0.0537442,0.268748,0.046,,0.07,1.7933e+09,USD,17.4038,17.7755,18.5427
HRB,H&R Block Inc. Common Stock,S&P 400,False,gics_discr,2026-10-06,42.63,5.6927,2026-06-30,False,,0.0385752,0.546792,0.046,6.15,6.92,1.78648e+09,USD,43.8718,45.1497,47.8183
HRI,Herc Holdings Inc. Common Stock ,S&P 600,False,gics_indu,2026-10-06,134.73,1.46269,2026-06-30,False,,0.0206257,0.662166,0.046,7.13505,10.9275,1.78524e+09,USD,139.904,145.278,156.651
HRL,Hormel Foods Corporation Common Stock,S&P 500,True,gics_staples,2026-10-06,19.88,0.621897,2026-07-26,False,,0.0584129,0.247166,0.046,1.48493,1.56853,1.78783e+09,USD,20.2571,20.6415,21.4321
HRTG,Heritage Insurance Holdings Inc. Common Stock,Russell 2000,False,gics_fin,2026-10-06,34.17,7.00349,2026-06-30,False,,0,0.558065,0.046,5.175,5.18333,1.78596e+09,USD,35.8502,37.6129,41.4028
HSIC,Henry Schein Inc. Common Stock,S&P 500,True,gics_health,2026-10-06,84.84,3.4723,2026-06-27,False,,0,0.245779,0.046,5.38752,5.9887,1.78585e+09,USD,89.0116,93.3884,102.798
HST,Host Hotels & Resorts Inc. Common Stock,S&P 500,True,gics_re,2026-10-06,22.48,1.48992,2026-06-30,False,,0.0426689,0.227082,0.046,1.3736,1.05559,1.79382e+09,USD,23.0875,23.7114,25.0103
HSTM,HealthStream Inc. Common Stock,S&P 600,False,gics_it,2026-10-06,31.31,0.7205,2026-06-30,False,,0.00456605,0.223518,0.046,0.73,0.885,1.78579e+09,USD,32.7746,34.3078,37.5925
HSY,The Hershey Company Common Stock,S&P 500,True,gics_staples,2026-10-06,160.8,7.3413,2026-06-28,False,,0.032705,0.24408,0.046,8.4893,9.85867,1.78541e+09,USD,165.97,171.307,182.5
HTB,HomeTrust Bancshares Inc. Common Stock,Russell 2000,False,gics_fin,2026-10-06,46.47,3.88949,2026-06-30,False,,0.0117155,0.13788,0.046,3.75,4.4,1.78481e+09,USD,48.4702,50.5565,55.0024
HTFL,Heartflow Inc. Common Stock,Russell 2000,False,gics_health,2026-10-06,50.69,-1.37008,2026-06-30,False,,0,0.877658,0.046,-0.41521,-0.2573,1.78665e+09,USD,53.1825,55.7975,61.4196
HTGC,Hercules Capital Inc. Common Stock,,False,gics_fin,2026-10-06,16.57,1.92004,2026-06-30,False,,0.101891,0.306988,0.046,1.93232,1.96702,1.78544e+09,USD,16.5213,16.4727,16.3759
HTH,Hilltop Holdings Inc.,S&P 600,False,gics_fin,2026-10-06,37.1,2.73211,2026-06-30,False,,0.0198107,0.182145,0.046,2.41333,2.4825,1.78484e+09,USD,38.5406,40.0371,43.2067
HTLD,Heartland Express Inc. Common Stock,S&P 600,False,gics_indu,2026-10-06,11.33,-0.283434,2026-06-30,False,,0.00684211,0.464404,0.046,0.18134,0.502,1.78541e+09,USD,11.8465,12.3866,13.5416
HTO,H2O America Common Stock,S&P 600,False,gics_util,2026-10-06,58.18,2.49512,2026-06-30,False,,0.027132,0.132894,0.046,2.7505,2.7225,1.78518e+09,USD,60.2183,62.3279,66.7716
HUBB,Hubbell Inc Common Stock,S&P 500,True,gics_indu,2026-10-06,485.41,16.9212,2026-06-30,False,,0,0.286413,0.046,20.4941,22.9566,1.78524e+09,USD,509.278,534.319,588.157
HUBS,HubSpot Inc. Common Stock,S&P 400,False,gics_it,2026-10-06,217.09,2.79307,2026-06-30,False,,0,0.57684,0.046,13.3036,16.8407,1.78596e+09,USD,227.764,238.964,263.042
HUM,Humana Inc. Common Stock,S&P 500,True,gics_health,2026-10-06,404.27,10.5585,2026-06-30,False,,0.00949477,0.500744,0.046,9.15907,16.5923,1.79397e+09,USD,422.139,440.799,480.628
HUN,Huntsman Corporation Common Stock,Russell 2000,False,gics_indu,2026-10-06,8.77,-1.03806,2026-06-30,False,,0.0578669,0.580127,0.046,-0.23991,0.24083,1.79365e+09,USD,8.93882,9.11089,9.46502
HURC,Hurco Companies Inc. Common Stock,,False,gics_indu,2026-10-06,22.07,-1.01077,2026-07-31,False,,0,0.464554,0.046,,,1.78852e+09,USD,23.1552,24.2938,26.7416
HURN,Huron Consulting Group Inc. Common Stock,Russell 2000,False,gics_discr,2026-10-06,157.26,6.6388,2026-06-30,False,,0,0.588071,0.046,9.198,10.59,1.78527e+09,USD,164.993,173.105,190.547
HUT,Hut 8 Corp. Common Stock,Russell 2000,False,gics_fin,2026-10-06,92.22,-5.06073,2026-06-30,False,,0,1.12556,0.046,-3.64552,-5.31846,1.78585e+09,USD,96.7545,101.512,111.74
HVT,Haverty Furniture Companies Inc. Common Stock,Russell 2000,False,gics_discr,2026-10-06,27.92,1.46406,2026-06-30,False,,0,0.243412,0.046,1.55,2.625,1.78585e+09,USD,29.2928,30.7332,33.8298
HWBK,Hawthorn Bancshares Inc. Common Stock,Russell 2000,False,gics_fin,2026-10-06,38.54,3.67163,2026-06-30,False,,0.0212392,0.129764,0.046,,,,USD,40.0079,41.5317,44.7557
HWC,Hancock Whitney Corporation Common Stock,S&P 400,False,gics_fin,2026-10-06,72.72,5.19591,2026-06-30,False,,0.0261469,0.222324,0.046,6.47805,7.32613,1.79253e+09,USD,75.3047,77.9813,83.6233
HWKN,Hawkins Inc. Common Stock,S&P 600,False,gics_discr,2026-10-06,132.25,3.8648,2026-06-28,False,,0.00614304,0.303976,0.046,4.213,4.7975,1.79304e+09,USD,138.327,144.684,158.287
HWM,Howmet Aerospace Inc. Common Stock,S&P 500,True,gics_indu,2026-10-06,231.6,4.64268,2026-06-30,False,,0,0.360295,0.046,5.33752,6.46317,1.79328e+09,USD,242.988,254.936,280.623
HXL,Hexcel Corporation Common Stock,S&P 400,False,gics_indu,2026-10-06,86.01,2.0013,2026-06-30,False,,0.0079629,0.409603,0.046,2.40019,3.1314,1.79261e+09,USD,89.8806,93.9254,102.569
HY,Hyster-Yale Inc. Class A common stock,Russell 2000,False,gics_indu,2026-10-06,32.13,-6.52635,2026-06-30,False,,0.044118,0.40296,0.046,-3.19,2.06,1.78587e+09,USD,32.9744,33.841,35.643
HZO,MarineMax Inc.  (FL) Common Stock,S&P 600,False,gics_discr,2026-10-06,52.39,0.172123,2026-06-30,False,,0,0.57368,0.046,0.71146,1.5744,1.78481e+09,USD,54.9661,57.6688,63.4794
IA,Innovative Solutions and Support Inc. Common Stock,Russell 2000,False,gics_it,2026-10-06,19.77,1.04325,2026-06-30,False,,0,,0.046,1.11,1.08667,,USD,20.7421,21.762,23.9547
IART,Integra LifeSciences Holdings Corporation Common Stock,S&P 600,False,gics_health,2026-10-06,13.32,-0.0926594,2026-06-30,False,,0,0.720958,0.046,2.40002,2.59741,1.79259e+09,USD,13.975,14.6621,16.1395
IBCP,Independent Bank Corporation Common Stock,Russell 2000,False,gics_fin,2026-10-06,35.79,3.44855,2026-06-30,False,,0.0304314,0.164525,0.046,3.568,3.878,1.7931e+09,USD,36.9828,38.2153,40.805
IBKR,Interactive Brokers Group Inc. Class A Common Stock,S&P 500,True,gics_fin,2026-10-06,90.58,2.50173,2026-06-30,False,,0.00358966,0.365031,0.046,2.7001,3.23022,1.79209e+09,USD,94.8635,99.3495,108.968
IBM,International Business Machines Corporation Common Stock,S&P 500,True,itservices,2026-10-06,221.29,11.2508,2026-06-30,False,,0.0285091,0.355625,0.046,12.3104,13.1477,1.79261e+09,USD,228.885,236.741,253.27
IBOC,International Bancshares Corporation Common Stock,S&P 400,False,gics_fin,2026-10-06,68.94,6.63776,2026-06-30,False,,0.0206654,0.156984,0.046,,,1.78604e+09,USD,71.5863,74.3342,80.1505
IBP,Installed Building Products Inc. Common Stock,S&P 600,False,gics_discr,2026-10-06,192.85,9.29712,2026-06-30,False,,0.0162558,0.556335,0.046,10.4376,11.4586,1.78602e+09,USD,200.695,208.858,226.196
IBRX,ImmunityBio Inc. Common Stock,Russell 2000,False,gics_health,2026-10-06,9.69,-0.945039,2026-06-30,False,,0,1.43261,0.046,-0.915,-0.14,1.78585e+09,USD,10.1665,10.6664,11.7411
IBTA,Ibotta Inc. Class A Common Stock,Russell 2000,False,gics_discr,2026-10-06,40.96,-0.456449,2026-06-30,False,,0,0.410077,0.046,1.5945,1.88336,1.78579e+09,USD,42.974,45.0871,49.63
ICE,Intercontinental Exchange Inc. Common Stock,S&P 500,True,gics_fin,2026-10-06,153.49,7.08421,2026-06-30,False,,0.012778,0.242951,0.046,8.13715,8.82802,1.79328e+09,USD,160.012,166.81,181.287
ICFI,ICF International Inc. Common Stock,Russell 2000,False,gics_discr,2026-10-06,83.09,4.82618,2026-06-30,False,,0.00667615,0.365316,0.046,7.108,7.71,1.79391e+09,USD,86.8851,90.8535,99.3424
ICHR,Ichor Holdings Ordinary Shares,S&P 600,False,gics_it,2026-10-06,62.44,-1.10971,2026-06-26,False,,0,1.22277,0.046,1.57,3.26857,1.78579e+09,USD,65.5102,68.7314,75.6567
ICUI,ICU Medical Inc. Common Stock,S&P 600,False,gics_health,2026-10-06,159.73,1.19486,2026-06-30,False,,0,0.379505,0.046,8.7525,9.64625,1.78605e+09,USD,167.584,175.824,193.54
IDA,IDACORP Inc. Common Stock,S&P 400,False,gics_util,2026-10-06,132.68,5.91662,2026-06-30,False,,0.0268716,0.20523,0.046,6.3755,6.95389,1.78541e+09,USD,137.346,142.176,152.353
IDCC,InterDigital Inc. Common Stock,S&P 400,False,other,2026-10-06,339.29,8.56505,2026-06-30,False,,0.00614134,0.648962,0.046,11.555,11.5875,1.78541e+09,USD,354.882,371.19,406.089
IDT,IDT Corporation Class B Common Stock,Russell 2000,False,gics_comm,2026-10-06,80.31,3.46,2026-07-30,True,1.05969,0.00368375,0.18568,0.046,4.22,4.46,1.79063e+09,USD,84.1038,88.0769,96.595
IDXX,IDEXX Laboratories Inc. Common Stock,S&P 500,True,gics_health,2026-10-06,515.41,14.2169,2026-06-30,False,,0,0.30912,0.046,14.8272,16.7372,1.79362e+09,USD,540.753,567.342,624.507
IEP,Icahn Enterprises L.P. Common Stock,,False,gics_energy,2026-10-06,6.63,-0.739891,2026-06-30,False,,0,0.25595,0.046,,0.81,1.78593e+09,USD,6.956,7.29803,8.03338
IEX,IDEX Corporation Common Stock,S&P 500,True,gics_indu,2026-10-06,236.28,6.98253,2026-06-30,False,,0.0124267,0.249707,0.046,8.82618,9.62584,1.79319e+09,USD,246.363,256.875,279.266
IFF,International Flavors & Fragrances Inc. Common Stock,S&P 500,True,gics_mat,2026-10-06,83.92,1.07782,2026-06-30,False,,0.018586,0.251782,0.046,3.27708,3.96023,1.78587e+09,USD,87.232,90.6747,97.973
IIIN,Insteel Industries Inc. Common Stock,Russell 2000,False,gics_indu,2026-10-06,30.17,1.8593,2026-06-27,False,,0.0376312,0.42298,0.046,1.605,2.42,1.79267e+09,USD,31.0635,31.9834,33.9058
IIIV,i3 Verticals Inc. Class A Common Stock,Russell 2000,False,gics_it,2026-10-06,14.96,0.278557,2026-06-30,False,,0,0.385239,0.046,1.0725,1.22,1.78605e+09,USD,15.6956,16.4674,18.1266
IIPR,Innovative Industrial Properties Inc. Common Stock,S&P 600,False,gics_fin,2026-10-06,50.26,4.59475,2026-06-30,False,,0.135667,0.274033,0.046,4.15,4.39,1.78579e+09,USD,49.273,48.3054,46.4267
ILMN,Illumina Inc. Common Stock,大型股,False,gics_health,2026-10-06,273.54,5.35714,2026-06-28,False,,0,0.457665,0.046,5.3564,6.10839,1.78544e+09,USD,286.99,301.102,331.44
ILPT,Industrial Logistics Properties Trust Common Shares of Beneficial Interest,Russell 2000,False,gics_re,2026-10-06,7.195,-0.713261,2026-06-30,False,,0.0269583,0.431677,0.046,,-0.88,1.79322e+09,USD,7.44771,7.7093,8.26037
IMKTA,Ingles Markets Incorporated Class A Common Stock,Russell 2000,False,gics_staples,2026-10-06,85.42,5.475,2026-06-27,False,,0,0.234075,0.046,,4.7,1.78602e+09,USD,89.6202,94.0268,103.501
IMMR,Immersion Corporation Common Stock,Russell 2000,False,gics_it,2026-10-06,7.17,0.310182,2026-07-31,False,,0.0432806,0.288807,0.046,,0.55,1.78939e+09,USD,7.36151,7.55814,7.96729
INBK,First Internet Bancorp Common Stock,Russell 2000,False,gics_fin,2026-10-06,26.73,-3.56242,2026-06-30,False,,0.00908739,0.266755,0.046,2.365,4.5275,1.78544e+09,USD,27.9172,29.1571,31.8046
INCY,Incyte Corp. Common Stock,S&P 500,True,gics_health,2026-10-06,112.73,7.7438,2026-06-30,False,,0,0.263348,0.046,3.28655,8.74786,1.78524e+09,USD,118.273,124.089,136.592
INDB,Independent Bank Corp. Common Stock,S&P 600,False,gics_fin,2026-10-06,79.39,5.53787,2026-06-30,False,,0.0298187,0.204408,0.046,7.16986,8.247,1.79209e+09,USD,82.061,84.8219,90.6254
INGM,Ingram Micro Holding Corporation Common Stock,,False,gics_it,2026-10-06,28.17,1.83318,2026-06-27,False,,0.0118522,0.410195,0.046,3.40184,3.75413,1.78544e+09,USD,29.3805,30.643,33.3332
INGN,Inogen Inc Common Stock,Russell 2000,False,gics_health,2026-10-06,5.77,-0.900176,2026-06-30,False,,0,0.373129,0.046,-0.28,-0.16,1.78605e+09,USD,6.05371,6.35138,6.99134
INGR,Ingredion Incorporated Common Stock,S&P 400,False,gics_staples,2026-10-06,96.75,9.25,2026-06-30,False,,0.033567,0.187966,0.046,10.5061,11.2628,1.78585e+09,USD,99.8178,102.983,109.617
INN,Summit Hotel Properties Inc. Common Stock,Russell 2000,False,gics_re,2026-10-06,5.99,-0.228195,2026-06-30,False,,0.063846,0.407853,0.046,,-0.29,1.79374e+09,USD,6.08708,6.18573,6.38786
INNV,InnovAge Holding Corp. Common Stock,Russell 2000,False,gics_health,2026-10-06,9,-0.018695,2026-06-30,False,,0,0.845746,0.046,0.45,0.5,1.7889e+09,USD,9.44254,9.90683,10.905
INR,Infinity Natural Resources Inc. Class A Common Stock,Russell 2000,False,gics_energy,2026-10-06,13.5,1.66535,2026-06-30,False,,0,0.441839,0.046,3.32,3.302,1.78639e+09,USD,14.1638,14.8602,16.3576
INSM,Insmed Incorporated Common Stock,大型股,False,gics_health,2026-10-06,105.23,-4.02716,2026-06-30,False,,0,0.330304,0.046,-1.54473,0.7748,1.79328e+09,USD,110.404,115.833,127.504
INSP,Inspire Medical Systems Inc. Common Stock,S&P 600,False,gics_health,2026-10-06,68.2,4.66614,2026-06-30,False,,0,0.610101,0.046,1.2458,1.547,1.79365e+09,USD,71.5534,75.0718,82.6359
INSW,International Seaways Inc. Common Stock ,S&P 600,False,gics_discr,2026-10-06,116.46,15.6269,2026-06-30,False,,0.0812381,0.326286,0.046,14.9894,6.42167,1.78636e+09,USD,117.323,118.192,119.95
INTA,Intapp Inc. Common Stock,Russell 2000,False,gics_it,2026-10-06,37.03,-0.518853,2026-06-30,False,,0,0.914201,0.046,1.59937,1.95569,1.78587e+09,USD,38.8508,40.7611,44.8682
INTC,Intel Corporation Common Stock,S&P 500,True,semis,2026-10-06,112.5,-2.21179,2026-06-27,False,,0,0.768524,0.046,1.52147,2.08267,1.7933e+09,USD,118.032,123.835,136.313
INTU,Intuit Inc. Common Stock,S&P 500,True,software,2026-10-06,289.81,16.4838,2026-07-31,False,,0.0168635,0.423635,0.046,23.9439,27.0754,1.78769e+09,USD,301.507,313.676,339.508
INVA,Innoviva Inc. Common Stock,S&P 600,False,gics_health,2026-10-06,20.83,4.21026,2026-06-30,False,,0,0.256001,0.046,,2.21,,USD,21.8542,22.9288,25.2391
INVH,Invitation Homes Inc. Common Stock,S&P 500,True,gics_re,2026-10-06,26.39,1.08976,2026-06-30,False,,0.0440629,0.19777,0.046,0.79574,0.71089,1.78536e+09,USD,27.0843,27.7968,29.2787
INVX,Innovex International Inc. Common Stock,S&P 600,False,gics_discr,2026-10-06,27.62,0.8854,2026-06-30,False,,0,0.369422,0.046,1.53893,1.87143,1.78579e+09,USD,28.9781,30.403,33.4663
IONQ,IonQ Inc. Common Stock,大型股,False,gics_it,2026-10-06,43.29,-3.6734,2026-06-30,False,,0,1.14252,0.046,-1.2375,-1.2925,1.78596e+09,USD,45.4186,47.6519,52.4532
IONS,Ionis Pharmaceuticals Inc. Common Stock,,False,gics_health,2026-10-06,44,-3.41662,2026-06-30,False,,0,0.600175,0.046,-2.70215,-1.1123,1.78533e+09,USD,46.1635,48.4334,53.3135
IOSP,Innospec Inc. Common Stock,S&P 600,False,gics_indu,2026-10-06,98.55,4.89052,2026-06-30,False,,0,0.204452,0.046,4.93667,6.15,1.79374e+09,USD,103.396,108.48,119.41
IOT,Samsara Inc. Class A Common Stock,大型股,False,gics_it,2026-10-06,41.74,0.153361,2026-08-01,False,,0,0.360644,0.046,0.77089,0.94792,1.78847e+09,USD,43.7924,45.9457,50.5751
IP,International Paper Company Common Stock,S&P 500,True,gics_mat,2026-10-06,32.14,-6.46484,2026-06-30,False,,0.0523786,0.313051,0.046,1.31306,3.02165,1.79319e+09,USD,32.8487,33.573,35.0699
IPAR,Interparfums Inc. Common Stock,S&P 600,False,gics_discr,2026-10-06,112.85,5.23792,2026-06-30,False,,0.0272353,0.302988,0.046,4.888,5.204,1.78587e+09,USD,116.798,120.883,129.488
IPGP,IPG Photonics Corporation Common Stock,S&P 400,False,gics_it,2026-10-06,83.69,0.642207,2026-06-30,False,,0,0.700473,0.046,1.86286,2.30714,1.78585e+09,USD,87.8051,92.1225,101.405
IQV,IQVIA Holdings Inc. Common Stock,S&P 500,True,gics_health,2026-10-06,259.98,8.09776,2026-06-30,False,,0,0.39465,0.046,12.9652,14.4469,1.7931e+09,USD,272.763,286.175,315.01
IR,Ingersoll Rand Inc. Common Stock,S&P 500,True,gics_indu,2026-10-06,79.21,2.43426,2026-06-30,False,,0.00103918,0.288408,0.046,3.55203,3.91157,1.78544e+09,USD,83.0616,87.1006,95.7772
IRDM,Iridium Communications Inc Common Stock,S&P 600,False,gics_discr,2026-10-06,49.04,0.859839,2026-06-30,False,,0.00956486,0.5251,0.046,1.08,1.715,1.78472e+09,USD,51.2059,53.4674,58.2944
IRM,Iron Mountain Incorporated (Delaware)Common Stock REIT,S&P 500,True,gics_re,2026-10-06,116.5,1.39622,2026-06-30,False,,0.0290026,0.293352,0.046,2.47818,2.72684,1.78593e+09,USD,120.469,124.573,133.205
IRT,Independence Realty Trust Inc. Common Stock,S&P 400,False,gics_re,2026-10-06,14.73,0.183904,2026-06-30,False,,0.0468794,0.236383,0.046,,0.08,1.78579e+09,USD,15.0963,15.4716,16.2506
IRTC,iRhythm Holdings Inc. Common Stock,Russell 2000,False,gics_health,2026-10-06,107.2,-0.423985,2026-06-30,False,,0,0.316386,0.046,0.57368,1.28157,1.78605e+09,USD,112.471,118.001,129.891
ISRG,Intuitive Surgical Inc. Common Stock,S&P 500,True,gics_health,2026-10-06,404.76,8.72374,2026-06-30,False,,0,0.265361,0.046,10.778,12.1114,1.79253e+09,USD,424.662,445.543,490.436
IT,Gartner Inc. Common Stock,S&P 500,True,itservices,2026-10-06,184.92,11.082,2026-06-30,False,,0,0.491949,0.046,14.4746,16.3557,1.78585e+09,USD,194.013,203.552,224.062
ITGR,Integer Holdings Corporation Common Stock,S&P 600,False,gics_health,2026-10-06,126.47,3.72889,2026-07-03,False,,0,0.315691,0.046,6.1628,6.86873,1.78576e+09,USD,132.689,139.213,153.24
ITIC,Investors Title Company Common Stock,Russell 2000,False,gics_fin,2026-10-06,293.23,21.3469,2026-06-30,False,,0.0361667,0.269281,0.046,,,1.78602e+09,USD,302.135,311.31,330.506
ITRI,Itron Inc. Common Stock,S&P 600,False,gics_indu,2026-10-06,88.39,6.02534,2026-06-30,False,,0,0.262914,0.046,6.41503,6.99504,1.7931e+09,USD,92.7362,97.2961,107.1
ITT,ITT Inc. Common Stock ,S&P 400,False,gics_indu,2026-10-06,207.31,4.69376,2026-07-04,False,,0.00696053,0.303501,0.046,8.25608,9.60936,1.78602e+09,USD,216.748,226.615,247.719
ITW,Illinois Tool Works Inc. Common Stock,S&P 500,True,gics_indu,2026-10-06,267.14,11.0481,2026-06-30,False,,0.0231179,0.179093,0.046,11.451,12.3847,1.78524e+09,USD,277.054,287.337,309.061
IVR,INVESCO MORTGAGE CAPITAL INC Common Stock,Russell 2000,False,gics_re,2026-10-06,5.72,1.26512,2026-06-30,False,,0,0.23217,0.046,1.94625,1.74469,1.78544e+09,USD,6.00126,6.29634,6.93076
IVT,InvenTrust Properties Corp. Common Stock,S&P 600,False,gics_re,2026-10-06,29.75,0.193513,2026-06-30,False,,0.0314173,0.211161,0.046,-0.21152,-0.22268,1.79313e+09,USD,30.7263,31.7347,33.8519
IVZ,Invesco Ltd Common Stock,S&P 500,True,gics_fin,2026-10-06,30.38,-0.680458,2026-06-30,False,,0.0273248,0.363983,0.046,2.80922,3.27854,1.7931e+09,USD,31.4413,32.5397,34.8528
J,Jacobs Solutions Inc. Common Stock,S&P 500,False,gics_indu,2026-10-06,139.23,2.84636,2026-06-26,False,,0.00961103,0.216652,0.046,7.26731,8.26698,1.78587e+09,USD,145.376,151.793,165.489
JACK,Jack In The Box Inc. Common Stock,Russell 2000,False,gics_discr,2026-10-06,12.28,1.7321,2026-07-05,False,,0,0.989983,0.046,3.15658,3.17948,1.78656e+09,USD,12.8838,13.5173,14.8793
JAKK,JAKKS Pacific Inc. Common Stock,Russell 2000,False,gics_discr,2026-10-06,27.43,1.36076,2026-06-30,False,,0.0402217,0.312379,0.046,1.99,3.265,1.7927e+09,USD,28.2058,29.0035,30.6672
JBGS,JBG SMITH Properties Common Shares ,S&P 600,False,gics_re,2026-10-06,10.86,-2.57231,2026-06-30,False,,0.0643211,0.258076,0.046,,-1.64,1.78636e+09,USD,11.0334,11.2095,11.5703
JBHT,J.B. Hunt Transport Services Inc. Common Stock,S&P 500,True,gics_indu,2026-10-06,225.93,7.08484,2026-06-30,False,,0.00750993,0.276367,0.046,7.29781,9.9577,1.79209e+09,USD,236.151,246.834,269.672
JBL,Jabil Inc. Common Stock,S&P 500,True,hardware,2026-10-06,309.19,9.75,2026-08-31,True,1.20914,0.0010488,0.368894,0.046,17.6917,22.1681,1.79077e+09,USD,324.223,339.987,373.851
JBSS,John B. Sanfilippo & Son Inc. Common Stock,S&P 600,False,gics_staples,2026-10-06,67.76,5.24938,2026-06-25,False,,0.0586835,0.296971,0.046,,4.76,1.78717e+09,USD,69.0362,70.3363,73.0106
JBTM,JBT Marel Corporation Common Stock,S&P 600,False,gics_indu,2026-10-06,108.69,3.67366,2026-06-30,False,,0.00353309,0.381932,0.046,8.02938,9.22862,1.78579e+09,USD,113.833,119.22,130.769
JCAP,Jefferson Capital Inc. Common Stock,Russell 2000,False,gics_fin,2026-10-06,19.86,2.78848,2026-06-30,False,,0.0689808,0.355028,0.046,3,3.075,1.78665e+09,USD,20.1301,20.4039,20.9627
JEF,Jefferies Financial Group Inc. Common Stock,S&P 400,False,gics_fin,2026-10-06,44.96,3.64,2026-08-31,True,0.985926,0.0363323,0.516212,0.046,3.72474,4.52104,1.79063e+09,USD,46.3215,47.7243,50.6586
JILL,J. Jill Inc. Common Stock,Russell 2000,False,gics_discr,2026-10-06,24.76,1.80085,2026-08-01,False,,0.0139121,0.493345,0.046,2.226,2.482,1.78896e+09,USD,25.7974,26.8782,29.1777
JKHY,Jack Henry & Associates Inc. Common Stock,S&P 500,True,gics_fin,2026-10-06,144.43,6.97883,2026-06-30,False,,0.0158832,0.197773,0.046,7.24769,7.90385,1.78708e+09,USD,150.333,156.477,169.53
JLL,Jones Lang LaSalle Incorporated Common Stock,S&P 400,False,gics_fin,2026-10-06,303.62,20.9008,2026-06-30,False,,0,0.401924,0.046,25.1135,28.4731,1.79319e+09,USD,318.549,334.212,367.887
JNJ,Johnson & Johnson Common Stock,S&P 500,True,gics_health,2026-10-06,254.78,8.60339,2026-06-28,False,,0,0.178887,0.046,11.0719,12.1017,1.79189e+09,USD,267.308,280.451,308.709
JOBY,Joby Aviation Inc. Common Stock,Russell 2000,False,gics_indu,2026-10-06,5.78,-0.905403,2026-06-30,False,,0,0.700479,0.046,-0.77,-0.645,1.78596e+09,USD,6.06421,6.36239,7.00346
JOE,St. Joe Company (The) Common Stock,S&P 600,False,gics_re,2026-10-06,65.98,2.13969,2026-06-30,False,,0.00940148,0.26034,0.046,,0.11,1.78536e+09,USD,68.8996,71.9485,78.4568
JOUT,Johnson Outdoors Inc. Class A Common Stock,Russell 2000,False,gics_discr,2026-10-06,44.82,-0.769446,2026-07-03,False,,0.0299027,0.301769,0.046,1.3,1.41,1.78611e+09,USD,46.326,47.8826,51.1544
JPM,JP Morgan Chase & Co. Common Stock,S&P 500,True,gics_fin,2026-10-06,331.28,23.9199,2026-06-30,False,,0.0187181,0.207948,0.046,24.0624,25.0295,1.79189e+09,USD,344.332,357.897,386.653
JXN,Jackson Financial Inc. Class A Common Stock ,S&P 600,False,gics_fin,2026-10-06,132.91,1.46532,2026-06-30,False,,0.0256426,0.350433,0.046,26.9263,30.901,1.79374e+09,USD,137.669,142.598,152.992
KAI,Kadant Inc Common Stock,S&P 600,False,gics_indu,2026-10-06,263.66,9.2837,2026-07-04,False,,0.00495104,0.311586,0.046,12.0375,13.5125,1.78587e+09,USD,275.94,288.793,316.321
KALU,Kaiser Aluminum Corporation Common Stock,S&P 600,False,gics_indu,2026-10-06,153.77,13.4177,2026-06-30,False,,0.0198681,0.557656,0.046,14.0702,11.5859,1.79261e+09,USD,159.736,165.934,179.06
KBH,KB Home Common Stock,S&P 400,False,gics_discr,2026-10-06,45.4,3.55,2026-08-31,True,0.831397,0.0208521,0.476923,0.046,3.24962,3.72578,1.79011e+09,USD,47.1383,48.9432,52.7629
KBR,KBR Inc. Common Stock,S&P 400,False,gics_indu,2026-10-06,34.61,3.33858,2026-07-03,False,,0.0188278,0.252085,0.046,3.99462,4.06487,1.79328e+09,USD,35.9716,37.3867,40.3862
KD,Kyndryl Holdings Inc. Common Stock,S&P 400,False,gics_it,2026-10-06,11.48,0.372113,2026-06-30,False,,0,0.803984,0.046,1.85452,2.49103,1.7938e+09,USD,12.0445,12.6367,13.91
KDP,Keurig Dr Pepper Inc. Common Stock,S&P 500,True,gics_staples,2026-10-06,31.13,1.0458,2026-06-30,False,,0.0288426,0.22685,0.046,2.29202,2.53047,1.79371e+09,USD,32.1931,33.2924,35.605
KE,Kimball Electronics Inc. Common Stock,Russell 2000,False,gics_it,2026-10-06,28.805,1.12888,2026-06-30,False,,0,0.356304,0.046,1.6,1.8275,1.78656e+09,USD,30.2214,31.7074,34.9022
KELYB,Kelly Services Inc. Class B Common Stock,Russell 2000,False,gics_discr,2026-09-29,22.4,-7.76705,2026-06-28,False,,0.0140868,0.676823,0.046,,,1.78602e+09,USD,23.3365,24.3121,26.3874
KEX,Kirby Corporation Common Stock,S&P 400,False,gics_discr,2026-10-06,138.5,6.57679,2026-06-30,False,,0,0.248559,0.046,7.09762,8.30341,1.79319e+09,USD,145.31,152.455,167.816
KEY,KeyCorp Common Stock,S&P 500,True,gics_fin,2026-10-06,20.14,1.85495,2026-06-30,False,,0.0469224,0.279239,0.046,1.83674,2.14131,1.7925e+09,USD,20.6403,21.1531,22.2171
KEYS,Keysight Technologies Inc. Common Stock,S&P 500,True,hardware,2026-10-06,388.03,7.28324,2026-07-31,False,,0,0.332282,0.046,11.474,13.8716,1.78708e+09,USD,407.11,427.128,470.165
KFRC,Kforce Inc. Common Stock,Russell 2000,False,gics_discr,2026-10-06,50.68,2.12124,2026-06-30,False,,0.0298827,0.638094,0.046,2.53858,3.08764,1.79304e+09,USD,52.3834,54.1441,57.8449
KFY,Korn Ferry Common Stock,S&P 600,False,gics_discr,2026-10-06,71.06,5.32693,2026-07-31,False,,0.028164,0.275745,0.046,5.57,6.38295,1.78896e+09,USD,73.5116,76.0477,81.3855
KGS,Kodiak Gas Services Inc. Common Stock,S&P 600,False,gics_util,2026-10-06,55.89,0.830432,2026-06-30,False,,0.0365513,0.473093,0.046,2.60124,3.2132,1.78605e+09,USD,57.5762,59.3133,62.9464
KHC,The Kraft Heinz Company Common Stock,S&P 500,True,gics_staples,2026-10-06,22.03,-2.85859,2026-06-27,False,,0.067156,0.197877,0.046,2.0462,2.08157,1.78593e+09,USD,22.35,22.6747,23.3382
KIM,Kimco Realty Corporation (HC) Common Stock,S&P 500,True,gics_re,2026-10-06,22.14,0.902432,2026-06-30,False,,0,0.199341,0.046,0.84333,0.9,1.79328e+09,USD,23.2286,24.3708,26.8264
KKR,KKR & Co. Inc. Common Stock,S&P 500,True,gics_fin,2026-10-06,90.67,3.51049,2026-06-30,False,,0.00769952,0.401637,0.046,6.48089,7.39053,1.79423e+09,USD,94.7628,99.0403,108.183
KLAC,KLA Corporation Common Stock,S&P 500,True,semicap,2026-10-06,197.46,3.66069,2026-06-30,False,,0.00426511,1.26867,0.046,5.46439,6.70539,1.79322e+09,USD,206.728,216.431,237.224
KMB,Kimberly-Clark Corporation Common Stock,S&P 500,True,gics_staples,2026-10-06,96.77,5.86559,2026-06-30,False,,0.0515764,0.21034,0.046,7.37845,7.46609,1.78585e+09,USD,98.9435,101.166,105.761
KMI,Kinder Morgan Inc. Common Stock,S&P 500,True,gics_energy,2026-10-06,32.16,1.5582,2026-06-30,False,,0.0376497,0.1774,0.046,1.55787,1.54454,,USD,33.1121,34.0924,36.1409
KMPR,Kemper Corporation,S&P 600,False,gics_fin,2026-10-06,26.07,-8.41742,2026-06-30,False,,0.0488093,0.419414,0.046,2.04936,4.22955,1.78596e+09,USD,26.6924,27.3298,28.6504
KMT,Kennametal Inc. Common Stock,S&P 600,False,gics_indu,2026-10-06,33.41,4.40326,2026-06-30,False,,0.0263003,0.457302,0.046,4.95486,2.46821,1.78593e+09,USD,34.5949,35.8217,38.4076
KMTS,Kestra Medical Technologies Ltd. Common Stock,Russell 2000,False,gics_health,2026-10-06,27.1,-2.55902,2026-07-31,False,,0,0.451426,0.046,-2.45,-2.055,1.78942e+09,USD,28.4325,29.8306,32.8363
KMX,CarMax Inc,S&P 500,True,gics_discr,2026-10-06,55.29,2.11,2026-08-31,True,1.39961,0,0.373539,0.046,3.35771,3.56732,1.79751e+09,USD,58.0086,60.861,66.9933
KN,Knowles Corporation Common Stock,S&P 600,False,gics_staples,2026-10-06,39.19,0.767918,2026-06-30,False,,0,0.460904,0.046,1.335,1.6175,1.7927e+09,USD,41.117,43.1387,47.4854
KNF,Knife Riv Holding Co. Common Stock,S&P 400,False,gics_indu,2026-10-06,53.23,2.45944,2026-06-30,False,,0,0.576102,0.046,2.57,3.49667,1.78585e+09,USD,55.8474,58.5934,64.4972
KNSA,Kiniksa Pharmaceuticals International plc Class A Ordinary Shares,Russell 2000,False,gics_health,2026-10-06,77.09,0.967145,2026-06-30,False,,0,0.361843,0.046,1.1575,1.6175,1.78524e+09,USD,80.8806,84.8575,93.4077
KNSL,Kinsale Capital Group Inc. Common Stock,S&P 400,False,gics_fin,2026-10-06,336.45,24.6647,2026-06-30,False,,0.00246864,0.303857,0.046,21.3256,21.6894,1.7927e+09,USD,352.558,369.437,405.659
KNTK,Kinetik Holdings Inc. Class A Common Stock,S&P 600,False,gics_util,2026-10-06,53.95,1.20925,2026-06-30,False,,0.0595789,0.241396,0.046,1.47371,2.1805,1.78596e+09,USD,54.9415,55.9511,58.0265
KNX,Knight-Swift Transportation Holdings Inc.,S&P 400,False,gics_indu,2026-10-06,64.63,0.262955,2026-06-30,False,,0.0113535,0.339163,0.046,2.31387,4.04108,1.79261e+09,USD,67.4241,70.3389,76.5521
KO,Coca-Cola Company (The) Common Stock,S&P 500,True,gics_staples,2026-10-06,86.17,3.3185,2026-07-03,False,,0.0291038,0.145586,0.046,3.30149,3.52514,1.7931e+09,USD,89.101,92.1316,98.5057
KODK,Eastman Kodak Company Common New,Russell 2000,False,gics_discr,2026-10-06,9.87,-0.914397,2026-06-30,False,,0.00419222,0.71754,0.046,,,1.79374e+09,USD,10.3336,10.819,11.8593
KOP,Koppers Holdings Inc. Common Stock,S&P 600,False,gics_mat,2026-10-06,46.03,-4.31866,2026-06-30,False,,0.00757688,0.265102,0.046,4.05667,4.89667,1.78602e+09,USD,48.1107,50.2855,54.9344
KR,Kroger Company (The) Common Stock,S&P 500,True,gics_staples,2026-10-06,58.41,1.76423,2026-08-15,False,,0.0244921,0.20989,0.046,5.18629,5.51023,1.78913e+09,USD,60.5362,62.7397,67.3904
KRC,Kilroy Realty Corporation Common Stock,S&P 400,False,gics_re,2026-10-06,33.9,1.4392,2026-06-30,False,,0.0639206,0.352436,0.046,0.26,0.34,1.7927e+09,USD,34.4481,35.0051,36.1463
KREF,KKR Real Estate Finance Trust Inc. Common Stock,Russell 2000,False,gics_re,2026-10-06,6.26,-2.85991,2026-06-30,False,,0.165758,0.381399,0.046,-0.7,0.035,1.78466e+09,USD,6.04542,5.8382,5.44482
KRG,Kite Realty Group Trust Common Stock,S&P 400,False,gics_re,2026-10-06,24.13,1.63694,2026-06-30,False,,0.0217973,0.244028,0.046,,0.34,1.79336e+09,USD,25.0421,25.9886,27.9904
KRMN,Karman Holdings Inc. Common Stock,S&P 600,False,gics_indu,2026-10-06,33.29,0.280561,2026-06-30,False,,0,0.747676,0.046,0.58881,0.95852,1.78605e+09,USD,34.9269,36.6443,40.3365
KRNY,Kearny Financial Corp Common Stock,Russell 2000,False,gics_fin,2026-10-06,9.22,0.573335,2026-06-30,False,,0.0472151,0.206539,0.046,0.78667,0.995,1.79267e+09,USD,9.44766,9.68095,10.1649
KRO,Kronos Worldwide Inc Common Stock,Russell 2000,False,gics_mat,2026-10-06,7.86,-0.950478,2026-06-30,False,,0.0237197,0.428401,0.046,0.39857,0.61368,1.78596e+09,USD,8.14926,8.44916,9.08248
KRT,Karat Packaging Inc. Common Stock,Russell 2000,False,gics_indu,2026-10-06,53.69,2.49698,2026-06-30,False,,0.0336983,0.328318,0.046,2.72,2.33,1.78605e+09,USD,55.3888,57.1414,60.8146
KRYS,Krystal Biotech Inc. Common Stock,S&P 400,False,gics_health,2026-10-06,326.81,7.87634,2026-06-30,False,,0,0.379667,0.046,7.86507,9.31949,1.78576e+09,USD,342.879,359.739,395.986
KSS,Kohl's Corporation Common Stock,S&P 600,False,gics_discr,2026-10-06,19.63,2.29661,2026-08-01,False,,0.0286497,0.584445,0.046,2.08001,1.56284,1.78775e+09,USD,20.3023,20.9976,22.4605
KTB,Kontoor Brands Inc. Common Stock ,S&P 600,False,gics_indu,2026-10-06,65.8,4.78502,2026-07-04,False,,0.0318065,0.311901,0.046,5.28648,6.57988,1.78654e+09,USD,67.9462,70.1625,74.8141
KTOS,Kratos Defense & Security Solutions Inc. Common Stock,S&P 400,False,gics_indu,2026-10-06,43.71,0.162546,2026-06-28,False,,0,0.754464,0.046,0.81351,1.10315,1.78587e+09,USD,45.8592,48.1142,52.9621
KVHI,KVH Industries Inc. Common Stock,Russell 2000,False,gics_discr,2026-10-06,6.86,-0.297569,2026-06-30,False,,0,0.600414,0.046,0.16,0.75,1.78602e+09,USD,7.19731,7.55121,8.31206
KVUE,Kenvue Inc. Common Stock,S&P 500,True,gics_staples,2026-10-06,17.59,0.862194,2026-06-28,False,,0.0468519,0.261497,0.046,1.1823,1.23981,1.78602e+09,USD,18.0276,18.4761,19.4069
KVYO,Klaviyo Inc. Series A Common Stock,,False,gics_it,2026-10-06,16.6,0.0222072,2026-06-30,False,,0,0.685102,0.046,0.82453,1.05767,1.78596e+09,USD,17.4162,18.2726,20.1137
KWR,Quaker Houghton Common Stock,S&P 600,False,gics_indu,2026-10-06,161.08,5.60987,2026-06-30,False,,0.0126346,0.319739,0.046,7.86528,9.52839,1.78544e+09,USD,167.936,175.084,190.306
KYNB,Kyntra Bio Inc. Common Stock,,False,gics_health,2026-10-06,5.96,45.2549,2026-06-30,False,,0,0.298225,0.046,-12.41,-14.23,1.78665e+09,USD,6.25306,6.56052,7.22156
L,Loews Corporation Common Stock,S&P 500,True,gics_fin,2026-10-06,106.46,8.1786,2026-06-30,False,,0.00238977,0.151028,0.046,,2.9,1.78576e+09,USD,111.561,116.907,128.379
LAD,Lithia Motors Inc. Common Stock,S&P 400,False,gics_discr,2026-10-06,292.51,30.5299,2026-06-30,False,,0.00713834,0.448885,0.046,36.1445,42.6254,1.79259e+09,USD,305.8,319.693,349.402
LADR,Ladder Capital Corp Class A Common Stock,Russell 2000,False,gics_re,2026-10-06,8.68,0.414195,2026-06-30,False,,0,0.130947,0.046,1.00714,1.11857,1.78481e+09,USD,9.1068,9.55459,10.5173
LAMR,Lamar Advertising Company Class A Common Stock,S&P 400,False,gics_re,2026-10-06,144.74,5.47362,2026-06-30,False,,0.0329945,0.24376,0.046,6.056,6.48,1.78602e+09,USD,149.372,154.153,164.178
LASR,nLIGHT Inc. Common Stock,Russell 2000,False,gics_it,2026-10-06,40.03,-0.208037,2026-06-30,False,,0,0.864776,0.046,0.49556,0.63,1.78605e+09,USD,41.9983,44.0634,48.5032
LAUR,Laureate Education Inc. Common Stock,S&P 600,False,gics_re,2026-10-06,38.25,2.25977,2026-06-30,False,,2.20674e-05,0.17325,0.046,2.12177,2.43017,1.79328e+09,USD,40.1303,42.1031,46.3444
LBRT,Liberty Energy Inc. Class A common stock,S&P 600,False,gics_energy,2026-10-06,20.12,0.730179,2026-06-30,False,,0.0190595,0.600388,0.046,0.23071,0.31254,1.78475e+09,USD,20.9091,21.7292,23.467
LCII,LCI Industries,S&P 600,False,gics_discr,2026-10-06,82.19,8.48011,2026-06-30,False,,0.0532038,0.376655,0.046,8.5,9.45273,1.78593e+09,USD,83.9677,85.7838,89.5347
LCUT,Lifetime Brands Inc. Common Stock,Russell 2000,False,gics_discr,2026-10-06,9.16,1.40633,2026-06-30,False,,0.0202026,0.690171,0.046,2.075,1.08,1.78602e+09,USD,9.51381,9.8813,10.6594
LDOS,Leidos Holdings Inc. Common Stock,S&P 500,True,gics_indu,2026-10-06,116.69,10.75,2026-07-03,False,,0,0.35686,0.046,12.3931,12.7503,1.79371e+09,USD,122.428,128.448,141.39
LEA,Lear Corporation Common Stock,S&P 400,False,gics_discr,2026-10-06,122,10.7862,2026-07-04,False,,0.0253387,0.360447,0.046,15.0238,16.8762,1.79336e+09,USD,126.387,130.933,140.519
LECO,Lincoln Electric Holdings Inc. Common Shares,S&P 400,False,gics_indu,2026-10-06,275.54,10.0069,2026-06-30,False,,0.0116041,0.293643,0.046,11.2091,12.5256,1.7931e+09,USD,287.416,299.804,326.205
LEE,Lee Enterprises Incorporated Common Stock,Russell 2000,False,gics_discr,2026-10-06,7.065,-0.426206,2026-06-28,False,,0,0.854175,0.046,,,1.78602e+09,USD,7.41239,7.77686,8.56045
LEGH,Legacy Housing Corporation Common Stock (TX),Russell 2000,False,gics_discr,2026-10-06,28.91,2.14977,2026-06-30,False,,0,0.234829,0.046,2.64,2.23,1.78596e+09,USD,30.3315,31.8229,35.0294
LEN,Lennar Corporation Class A Common Stock,S&P 500,False,gics_discr,2026-10-06,77.41,5.49,2026-08-31,True,0.830753,0.0246885,0.35456,0.046,4.95086,5.27069,1.78959e+09,USD,80.2199,83.1318,89.2766
LEU,Centrus Energy Corp. Class A Common Stock,S&P 600,False,gics_indu,2026-10-06,153.88,2.16074,2026-06-30,False,,0,0.624179,0.046,3.49126,3.82257,1.78596e+09,USD,161.446,169.385,186.452
LEVI,Levi Strauss & Co Class A Common Stock,,False,gics_discr,2026-10-06,20.53,1.62153,2026-05-31,False,,0.0280344,0.426302,0.046,1.53887,1.70502,1.7914e+09,USD,21.2397,21.9738,23.5192
LFST,LifeStance Health Group Inc. Common Stock,S&P 600,False,gics_health,2026-10-06,12.12,0.128074,2026-06-30,False,,0,0.404216,0.046,0.35951,0.43075,1.78602e+09,USD,12.7159,13.3412,14.6854
LFUS,Littelfuse Inc. Common Stock,S&P 400,False,gics_energy,2026-10-06,454.28,-0.314637,2026-06-27,False,,0.00705216,0.461939,0.046,17.015,20.0925,1.78533e+09,USD,474.94,496.539,542.729
LGIH,LGI Homes Inc. Common Stock,S&P 600,False,gics_discr,2026-10-06,46.09,2.84237,2026-06-30,False,,0,0.646243,0.046,2.78,3.42,1.79371e+09,USD,48.3563,50.734,55.8459
LH,Labcorp Holdings Inc. Common Stock,S&P 500,True,gics_health,2026-10-06,311.71,12.0905,2026-06-30,False,,0.00946569,0.216324,0.046,18.3487,19.8363,1.79319e+09,USD,325.493,339.885,370.607
LHX,L3Harris Technologies Inc. Common Stock,S&P 500,True,gics_indu,2026-10-06,237.9,9.96279,2026-07-03,False,,0.0204606,0.226442,0.046,12.0922,13.5539,1.79328e+09,USD,247.057,256.567,276.699
LIF,Life360 Inc. Common Stock,S&P 600,False,gics_it,2026-10-06,41.375,1.71911,2026-06-30,False,,0,0.663012,0.046,1.37072,1.78479,1.78639e+09,USD,43.4094,45.5439,50.1329
LII,Lennox International Inc. Common Stock,S&P 500,True,gics_indu,2026-10-06,365.63,22.5314,2026-06-30,False,,0.0139109,0.346841,0.046,23.5659,26.0574,1.78533e+09,USD,380.949,396.911,430.867
LILA,Liberty Latin America Ltd. Class A Common Stock,Russell 2000,False,gics_comm,2026-10-06,8.89,-0.488314,2026-06-30,False,,0,0.229045,0.046,-0.10159,0.20076,1.78596e+09,USD,9.32713,9.78575,10.7718
LIN,Linde plc Ordinary Shares,S&P 500,True,gics_mat,2026-10-06,489.95,15.5344,2026-06-30,False,,0.0130773,0.152413,0.046,17.8799,19.5811,1.79328e+09,USD,510.691,532.31,578.332
LINC,Lincoln Educational Services Corporation Common Stock,Russell 2000,False,gics_re,2026-10-06,22.74,0.725744,2026-06-30,False,,0,0.83789,0.046,0.774,1.046,1.78636e+09,USD,23.8581,25.0313,27.5534
LINE,Lineage Inc. Common Stock,,False,gics_re,2026-10-06,34.44,-0.741228,2026-06-30,False,,0.0650391,0.485344,0.046,-0.71,-0.69,1.78593e+09,USD,34.9773,35.523,36.64
LITE,Lumentum Holdings Inc. Common Stock,大型股,False,gics_comm,2026-10-06,1133.4,-72.0904,2026-06-27,False,,0,0.735329,0.046,21.781,35.5659,1.79391e+09,USD,1189.13,1247.6,1373.31
LKFN,Lakeland Financial Corporation Common Stock,S&P 600,False,gics_fin,2026-10-06,57.98,4.36292,2026-06-30,False,,0.0347975,0.119682,0.046,4.378,4.508,1.79302e+09,USD,59.7817,61.6394,65.5297
LKQ,LKQ Corporation Common Stock,S&P 500,True,gics_discr,2026-10-06,22.39,1.80148,2026-06-30,False,,0.0512661,0.290003,0.046,2.67913,3.09042,1.79328e+09,USD,22.8964,23.4143,24.4855
LLY,Eli Lilly and Company Common Stock,S&P 500,True,gics_health,2026-10-06,1157.49,29.8147,2026-06-30,False,,0.00560467,0.343215,0.046,36.95,47.5924,1.79328e+09,USD,1211.01,1267,1386.86
LMND,Lemonade Inc. Common Stock,Russell 2000,False,gics_fin,2026-10-06,46.3,-1.79778,2026-06-30,False,,0,0.757828,0.046,-1.82,-0.87,1.78533e+09,USD,48.5766,50.9651,56.1003
LMNR,Limoneira Co Common Stock,Russell 2000,False,gics_staples,2026-10-06,12.18,-2.36783,2026-07-31,False,,0.0125517,0.264732,0.046,-0.65667,0.45,1.78898e+09,USD,12.699,13.24,14.3923
LMT,Lockheed Martin Corporation Common Stock,S&P 500,True,gics_indu,2026-10-06,510.12,27.2047,2026-06-28,False,,0.0260792,0.264806,0.046,30.4818,32.7276,1.79267e+09,USD,528.269,547.065,586.685
LNC,Lincoln National Corporation Common Stock,S&P 600,False,gics_fin,2026-10-06,42.08,12.0104,2026-06-30,False,,0.043338,0.283554,0.046,7.94194,8.72952,1.79388e+09,USD,43.2027,44.3554,46.7538
LNG,Cheniere Energy Inc. Common Stock,大型股,False,gics_util,2026-10-06,275.26,13.8575,2026-06-30,False,,0.00784098,0.417307,0.046,23.1645,21.0602,1.79328e+09,USD,287.665,300.628,328.335
LNN,Lindsay Corporation Common Stock,S&P 600,False,gics_indu,2026-10-06,114.73,5.26426,2026-05-31,False,,0.0126434,0.271402,0.046,5.1825,5.88,,USD,119.613,124.703,135.544
LNT,Alliant Energy Corporation Common Stock,S&P 500,True,gics_util,2026-10-06,65.49,3.13147,2026-06-30,False,,0.0323914,0.162634,0.046,3.42422,3.68723,1.7933e+09,USD,67.6063,69.7911,74.3746
LOAR,Loar Holdings Inc. Common Stock,,False,gics_indu,2026-10-06,61.28,0.725831,2026-06-30,False,,0,0.474942,0.046,1.37023,1.61703,1.78602e+09,USD,64.2932,67.4545,74.2512
LOB,Live Oak Bancshares Inc. Common Stock,Russell 2000,False,gics_fin,2026-10-06,36.49,2.99523,2026-06-30,False,,0.00321567,0.386374,0.046,3.094,4.224,1.78475e+09,USD,38.2227,40.0377,43.9304
LOCO,El Pollo Loco Holdings Inc. Common Stock,Russell 2000,False,gics_discr,2026-10-06,14.39,1.15847,2026-07-01,False,,0,0.35707,0.046,1.02667,1.10667,1.78605e+09,USD,15.0976,15.8399,17.4359
LOGI,Logitech International S.A. Ordinary Shares,大型股,False,gics_it,2026-10-06,102.41,5.40368,2026-06-30,False,,0,0.3207,0.046,5.75741,6.07976,1.79313e+09,USD,107.446,112.729,124.087
LOPE,Grand Canyon Education Inc. Common Stock,S&P 400,False,gics_re,2026-10-06,155.55,8.34441,2026-06-30,False,,0,0.207142,0.046,10.2133,11.31,1.79382e+09,USD,163.198,171.223,188.475
LOW,Lowe's Companies Inc. Common Stock,S&P 500,True,gics_discr,2026-10-06,183.67,11.8607,2026-07-31,False,,0.0251209,0.241044,0.046,12.3117,13.0228,1.795e+09,USD,190.296,197.161,211.643
LPG,Dorian LPG Ltd. Common Stock,S&P 600,False,gics_discr,2026-10-06,56.45,7.53235,2026-06-30,False,,0.0557188,0.478956,0.046,7.7525,4.10667,1.78593e+09,USD,57.5985,58.7703,61.186
LPLA,LPL Financial Holdings Inc. Common Stock,大型股,False,gics_fin,2026-10-06,332.39,12.5161,2026-06-30,False,,0.00397083,0.506921,0.046,23.9128,29.9359,1.79313e+09,USD,348.042,364.431,399.561
LPX,Louisiana-Pacific Corporation Common Stock,S&P 400,False,gics_mat,2026-10-06,66.89,0.771429,2026-06-30,False,,0.0170118,0.267773,0.046,1.07734,3.02851,1.79371e+09,USD,69.5846,72.3878,78.3375
LQDT,Liquidity Services Inc. Common Stock,S&P 600,False,gics_discr,2026-10-06,41.51,1.01242,2026-06-30,False,,0,0.222809,0.046,1.65,1.84,1.78602e+09,USD,43.5511,45.6925,50.2964
LRCX,Lam Research Corporation Common Stock,S&P 500,True,semicap,2026-10-06,333.89,5.76115,2026-06-28,False,,0.00327619,0.464634,0.046,9.47481,11.7642,1.79261e+09,USD,349.734,366.33,401.922
LRN,Stride Inc. Common Stock,S&P 600,False,gics_re,2026-10-06,79.75,7.14497,2026-06-30,False,,0,0.369918,0.046,8.72667,9.27667,1.78587e+09,USD,83.6714,87.7855,96.6307
LSCC,Lattice Semiconductor Corporation Common Stock,S&P 400,False,gics_it,2026-10-06,134.47,0.259035,2026-07-04,False,,0,0.564354,0.046,2.13437,3.21479,1.78587e+09,USD,141.082,148.019,162.933
LSTR,Landstar System Inc. Common Stock,S&P 400,False,gics_indu,2026-10-06,169.05,3.871,2026-06-27,False,,0.021538,0.308886,0.046,5.92914,7.67686,1.79313e+09,USD,175.463,182.118,196.197
LTC,LTC Properties Inc. Common Stock,S&P 600,False,gics_re,2026-10-06,42.44,2.59454,2026-06-30,False,,0.0547236,0.176646,0.046,,1.575,1.78596e+09,USD,43.325,44.2284,46.0922
LTH,Life Time Group Holdings Inc. Common Stock,S&P 600,False,gics_discr,2026-10-06,40.38,1.82403,2026-06-30,False,,0,0.401203,0.046,1.7544,2.04147,1.79328e+09,USD,42.3655,44.4487,48.9273
LUCK,Lucky Strike Entertainment Corporation Class A Common Stock,,False,gics_discr,2026-10-06,5.29,-0.25727,2026-06-28,False,,0.0473998,0.35699,0.046,-0.045,0.15,1.78783e+09,USD,5.42012,5.55344,5.83001
LUMN,Lumen Technologies Inc. Common Stock,S&P 600,False,gics_comm,2026-10-06,5.62,-1.01981,2026-06-30,False,,0,0.726096,0.046,-0.82044,-0.2964,1.78587e+09,USD,5.89634,6.18627,6.80959
LUV,Southwest Airlines Company Common Stock,S&P 500,True,gics_indu,2026-10-06,42.45,1.66402,2026-06-30,False,,0.0176098,0.423253,0.046,3.03161,4.54183,1.79261e+09,USD,44.1469,45.9116,49.6554
LVS,Las Vegas Sands Corp. Common Stock,S&P 500,True,gics_discr,2026-10-06,36.31,2.57377,2026-06-30,False,,0.0355656,0.34281,0.046,3.09066,3.5108,1.78475e+09,USD,37.4239,38.572,40.975
LW,Lamb Weston Holdings Inc. Common Stock ,S&P 500,True,gics_staples,2026-10-06,47.91,1.83,2026-08-31,True,0.87903,0.0330376,0.397099,0.046,3.0137,3.36846,1.79129e+09,USD,49.4423,51.0235,54.3394
LXP,LXP Industrial Trust Common Stock (Maryland REIT),S&P 600,False,gics_re,2026-10-06,60.95,1.11524,2026-06-30,False,,0.0471752,0.173304,0.046,,-0.02,1.78533e+09,USD,62.4562,63.9997,67.202
LXU,LSB Industries Inc. Common Stock,Russell 2000,False,gics_mat,2026-10-06,10.17,0.502881,2026-06-30,False,,0,0.564568,0.046,0.94942,1.0653,1.78536e+09,USD,10.6701,11.1947,12.3227
LYEL,Lyell Immunopharma Inc. Common Stock,Russell 2000,False,gics_health,2026-10-06,8.61,-10.635,2026-06-30,False,,0,0.529499,0.046,-6.92,-6.32,,USD,9.03336,9.47754,10.4325
LYFT,Lyft Inc. Class A Common Stock,S&P 600,False,gics_discr,2026-10-06,15.76,7.11991,2026-06-30,False,,0,0.417388,0.046,1.50961,2.15466,1.78605e+09,USD,16.5349,17.348,19.0959
LYTS,LSI Industries Inc. Common Stock,Russell 2000,False,gics_discr,2026-10-06,20.94,0.666933,2026-06-30,False,,0.00974746,0.517089,0.046,1.345,1.74,1.78723e+09,USD,21.8628,22.8263,24.8825
LYV,Live Nation Entertainment Inc. Common Stock,S&P 500,True,gics_comm,2026-10-06,171.8,0.551967,2026-06-30,False,,0,0.253055,0.046,-0.45643,1.9511,1.78544e+09,USD,180.248,189.11,208.165
LZ,LegalZoom.com Inc. Common Stock,S&P 600,False,gics_it,2026-10-06,5.77,0.0952077,2026-06-30,False,,0,0.585747,0.046,0.71114,0.80569,1.78596e+09,USD,6.05371,6.35138,6.99134
LZB,La-Z-Boy Incorporated Common Stock,S&P 600,False,gics_discr,2026-10-06,29.66,1.97114,2026-07-25,False,,0.0313449,0.361987,0.046,2.51667,2.81333,1.78708e+09,USD,30.6345,31.641,33.7544
M,Macy's Inc Common Stock,S&P 400,False,gics_discr,2026-10-06,22.46,2.74661,2026-08-01,False,,0.0325072,0.342758,0.046,2.3225,2.39114,1.78904e+09,USD,23.1845,23.9323,25.5011
MA,Mastercard Incorporated Common Stock,S&P 500,True,gics_fin,2026-10-06,566.58,18.2049,2026-06-30,False,,0.00581752,0.16793,0.046,19.9303,23.0248,1.78541e+09,USD,592.713,620.05,678.567
MAA,Mid-America Apartment Communities Inc. Common Stock,S&P 500,True,gics_re,2026-10-06,116.99,3.45398,2026-06-30,False,,0.0517344,0.205716,0.046,,3.27957,1.79322e+09,USD,119.608,122.285,127.82
MAC,Macerich Company (The) Common Stock,S&P 600,False,gics_re,2026-10-06,22.95,-0.619411,2026-06-30,False,,0.0327036,0.325069,0.046,-0.1725,0.1375,1.78587e+09,USD,23.6879,24.4496,26.0472
MAN,ManpowerGroup Common Stock,S&P 600,False,gics_discr,2026-10-06,51.87,2.19831,2026-06-30,False,,0,0.628433,0.046,3.62035,4.85192,1.79207e+09,USD,54.4205,57.0964,62.8493
MANH,Manhattan Associates Inc. Common Stock,S&P 400,False,gics_it,2026-10-06,202.84,3.50167,2026-06-30,False,,0,0.520145,0.046,5.49582,6.1432,1.78527e+09,USD,212.814,223.278,245.775
MAR,Marriott International Class A Common Stock,S&P 500,True,gics_discr,2026-10-06,361.28,9.6964,2026-06-30,False,,0.00772108,0.225298,0.046,11.7345,13.1577,1.78576e+09,USD,377.584,394.624,431.044
MAS,Masco Corporation Common Stock,S&P 500,True,gics_indu,2026-10-06,69.93,4.33824,2026-06-30,False,,0.0184273,0.326109,0.046,4.54008,4.65513,1.79319e+09,USD,72.6956,75.5706,81.6662
MAT,Mattel Inc. Common Stock,S&P 400,False,gics_discr,2026-10-06,15.93,1.41997,2026-06-30,False,,0,0.36261,0.046,1.30641,1.58255,1.78587e+09,USD,16.7133,17.5351,19.3019
MATV,Mativ Holdings Inc. Common Stock,Russell 2000,False,gics_mat,2026-10-06,12.21,1.60742,2026-06-30,False,,0.0331713,0.677753,0.046,0.97,1.25,1.78596e+09,USD,12.5997,13.0018,13.8448
MATW,Matthews International Corporation Class A Common Stock,Russell 2000,False,gics_comm,2026-10-06,19.42,-0.932575,2026-06-30,False,,0.0543011,0.327675,0.046,0.51333,0.78333,1.78605e+09,USD,19.8291,20.2469,21.109
MATX,Matson Inc. Common Stock,S&P 600,False,gics_discr,2026-10-06,224.78,15.1569,2026-06-30,False,,0.00643878,0.307897,0.046,16.18,16.7072,1.78579e+09,USD,235.075,245.841,268.874
MAX,MediaAlpha Inc. Class A Common Stock,Russell 2000,False,gics_discr,2026-10-06,9.68,1.56621,2026-06-30,False,,0,0.663931,0.046,1.50141,1.67262,1.78536e+09,USD,10.156,10.6553,11.729
MBC,MasterBrand Inc. Common Stock,S&P 600,False,gics_discr,2026-10-06,7.1,-0.630859,2026-06-28,False,,0,0.439903,0.046,-0.02,0.24,1.79391e+09,USD,7.44911,7.81539,8.60286
MBWM,Mercantile Bank Corporation Common Stock,Russell 2000,False,gics_fin,2026-10-06,58.83,5.51046,2026-06-30,False,,0.0258452,0.150604,0.046,5.68167,5.755,1.7925e+09,USD,60.9302,63.1054,67.6916
MCB,Metropolitan Bank Holding Corp. Common Stock,Russell 2000,False,gics_fin,2026-10-06,88.73,6.92125,2026-06-30,False,,0.00520783,0.302211,0.046,9.45426,11.412,1.79253e+09,USD,92.8508,97.163,106.398
MCBS,MetroCity Bankshares Inc. Common Stock,Russell 2000,False,gics_fin,2026-10-06,34.86,2.74875,2026-06-30,False,,0.0303228,0.162652,0.046,3.25,3.27,1.78492e+09,USD,36.0238,37.2264,39.7534
MCD,McDonald's Corporation Common Stock,S&P 500,True,gics_discr,2026-10-06,232.45,12.3672,2026-06-30,False,,0.0308668,0.164132,0.046,12.884,13.7868,1.7938e+09,USD,240.145,248.094,264.791
MCHB,Mechanics Bancorp Class A Common Stock,Russell 2000,False,gics_fin,2026-10-06,14.89,1.26433,2026-06-30,False,,0.0918198,0.171974,0.046,1.04,1.1925,1.78533e+09,USD,14.9212,14.9524,15.015
MCHP,Microchip Technology Incorporated Common Stock,S&P 500,True,semis,2026-10-06,81.26,0.869028,2026-06-30,False,,0.0238709,0.45719,0.046,3.64613,4.58355,1.78605e+09,USD,84.2441,87.3378,93.8701
MCK,McKesson Corporation Common Stock,S&P 500,True,gics_health,2026-10-06,921.67,37.0024,2026-06-30,False,,0.00363599,0.26596,0.046,44.6743,50.4614,1.79382e+09,USD,965.233,1010.85,1108.67
MCO,Moody's Corporation Common Stock,S&P 500,True,gics_fin,2026-10-06,452.32,15.7642,2026-06-30,False,,0.00831203,0.215669,0.046,16.9615,18.9289,1.79259e+09,USD,472.593,493.774,539.027
MCRI,Monarch Casino & Resort Inc. Common Stock,S&P 600,False,gics_discr,2026-10-06,119.23,6.27759,2026-06-30,False,,0.0099475,0.340947,0.046,6.64,6.895,1.78458e+09,USD,124.472,129.944,141.622
MCS,Marcus Corporation (The) Common Stock,Russell 2000,False,gics_discr,2026-10-06,26.44,0.730362,2026-06-30,False,,0.0111792,0.377152,0.046,,0.84,1.78541e+09,USD,27.5854,28.7805,31.3282
MCY,Mercury General Corporation Common Stock,S&P 600,False,gics_fin,2026-10-06,103,16.9144,2026-06-30,False,,0,0.206892,0.046,13.5,12.25,1.78587e+09,USD,108.065,113.378,124.802
MD,Pediatrix Medical Group Inc. Common Stock,S&P 600,False,gics_health,2026-10-06,26,2.1042,2026-06-30,False,,0,0.211596,0.046,2.34837,2.44132,1.78585e+09,USD,27.2784,28.6197,31.5034
MDGL,Madrigal Pharmaceuticals Inc. Common Stock,大型股,False,gics_health,2026-10-06,496.45,-11.1543,2026-06-30,False,,0,0.29362,0.046,-6.4925,9.625,1.78541e+09,USD,520.861,546.472,601.534
MDLZ,Mondelez International Inc. Class A Common Stock,S&P 500,True,gics_staples,2026-10-06,59.62,2.73193,2026-06-30,False,,0.0320185,0.160691,0.046,3.04769,3.3628,1.78527e+09,USD,61.5581,63.5593,67.7588
MDT,Medtronic plc. Ordinary Shares,S&P 500,True,gics_health,2026-10-06,87.09,4.06102,2026-07-31,False,,0.0317423,0.216014,0.046,5.97587,6.41446,1.78827e+09,USD,89.9335,92.8699,99.0334
MDU,MDU Resources Group Inc. Common Stock (Holding Company),S&P 600,False,gics_indu,2026-10-06,18.95,0.929341,2026-06-30,False,,0.0294923,0.152021,0.046,0.97914,1.06079,1.78602e+09,USD,19.5908,20.2532,21.646
MEC,Mayville Engineering Company Inc. Common Stock,Russell 2000,False,gics_indu,2026-10-06,16.46,-0.759974,2026-06-30,False,,0,0.95277,0.046,0.25854,1.01659,1.78587e+09,USD,17.2693,18.1185,19.9441
MED,MEDIFAST INC Common Stock,,False,gics_staples,2026-10-06,11.51,-2.29924,2026-06-30,False,,0.00128525,0.401462,0.046,-1.15,-0.28,1.78579e+09,USD,12.0682,12.6535,13.9105
MEDP,Medpace Holdings Inc. Common Stock,S&P 400,False,gics_health,2026-10-06,602.9,16.9705,2026-06-30,False,,0,0.466203,0.046,17.7123,19.3183,1.79261e+09,USD,632.545,663.648,730.516
MEI,Methode Electronics Inc. Common Stock,Russell 2000,False,gics_it,2026-10-06,15.1,-1.03157,2026-08-01,False,,0.0138397,1.14,0.046,-0.44333,0.41,1.78838e+09,USD,15.7332,16.393,17.7967
MET,MetLife Inc. Common Stock,S&P 500,True,gics_fin,2026-10-06,97.16,5.52997,2026-06-30,False,,0.02347,0.204336,0.046,10.1054,11.1183,1.78596e+09,USD,100.748,104.469,112.328
META,Meta Platforms Inc. Class A Common Stock,S&P 500,True,internet,2026-10-06,738.88,26.5386,2026-06-30,False,,0.00279876,0.421992,0.046,30.7894,34.9059,1.78536e+09,USD,774.127,811.056,890.282
METC,Ramaco Resources Inc. Class A Common Stock,Russell 2000,False,gics_energy,2026-10-06,8.22,-1.39844,2026-06-30,False,,0,0.738191,0.046,-0.95,0.22333,1.78587e+09,USD,8.62418,9.04824,9.95993
MFA,MFA Financial Inc.,Russell 2000,False,gics_re,2026-10-06,7.28,1.39455,2026-06-30,False,,0.172765,0.176417,0.046,1.08,1.388,1.78593e+09,USD,7.00587,6.74206,6.24387
MFIN,Medallion Financial Corp. Common Stock,Russell 2000,False,gics_fin,2026-10-06,11.81,1.31831,2026-06-30,False,,0.0418699,0.333326,0.046,1.14667,1.51,1.78536e+09,USD,12.134,12.4669,13.1603
MG,Mistras Group Inc Common Stock,Russell 2000,False,gics_discr,2026-10-06,21.03,0.819311,2026-06-30,False,,0,0.399191,0.046,1.025,1.265,1.78639e+09,USD,22.0641,23.149,25.4814
MGM,MGM Resorts International Common Stock,S&P 500,True,gics_discr,2026-10-06,30.54,1.64528,2026-06-30,False,,0,0.320693,0.046,1.83505,1.97512,1.79322e+09,USD,32.0417,33.6172,37.0044
MGNI,Magnite Inc. Common Stock,Russell 2000,False,gics_it,2026-10-06,24.84,1.12704,2026-06-30,False,,0,0.478788,0.046,1.103,1.322,1.79382e+09,USD,26.0614,27.3429,30.0979
MGPI,MGP Ingredients Inc.,Russell 2000,False,gics_staples,2026-10-06,13.02,-11.2912,2026-06-30,False,,0.0374481,0.374854,0.046,1.646,1.964,1.78533e+09,USD,13.4068,13.8051,14.6376
MGRC,McGrath RentCorp Common Stock,Russell 2000,False,gics_discr,2026-10-06,117.98,6.19652,2026-06-30,False,,0.0174193,0.201679,0.046,6.35,6.945,1.79322e+09,USD,122.708,127.625,138.058
MGTX,MeiraGTx Holdings plc Ordinary Shares,Russell 2000,False,gics_health,2026-10-06,10.6,0.841978,2026-06-30,False,,0,0.365372,0.046,0.51,-1.525,1.78662e+09,USD,11.1212,11.668,12.8437
MGY,Magnolia Oil & Gas Corporation Class A Common Stock,S&P 600,False,gics_energy,2026-10-06,23.94,2.30683,2026-06-30,False,,0.0259835,0.340238,0.046,2.91495,2.98716,1.79382e+09,USD,24.7929,25.6763,27.5385
MHK,Mohawk Industries Inc. Common Stock,S&P 500,True,gics_discr,2026-10-06,126.05,7.52026,2026-07-04,False,,0,0.406512,0.046,9.83239,10.0265,1.7933e+09,USD,132.248,138.751,152.731
MHO,M/I Homes Inc. Common Stock,S&P 600,False,gics_discr,2026-10-06,133.29,11.9479,2026-06-30,False,,0,0.375663,0.046,12.1925,14.08,1.79259e+09,USD,139.844,146.72,161.504
MIDD,Middleby Corporation (The) Common Stock,S&P 400,False,gics_indu,2026-10-06,105.92,-9.97608,2026-07-04,False,,0,0.559122,0.046,6.88464,7.80645,1.78645e+09,USD,111.128,116.592,128.34
MIR,Mirion Technologies Inc. Class A Common Stock,S&P 600,False,gics_indu,2026-10-06,16.27,0.0890692,2026-06-30,False,,0,0.39211,0.046,0.54606,0.67451,1.78527e+09,USD,17.07,17.9093,19.7139
MKC,McCormick & Company Incorporated Common Stock,S&P 500,True,gics_staples,2026-10-06,45.4,5.51,2026-08-31,True,0.917199,0.0377729,0.258481,0.046,3.08974,3.21443,1.79086e+09,USD,46.7412,48.122,51.0072
MKL,Markel Group Inc. Common Stock,大型股,False,gics_fin,2026-10-06,1738.33,180.895,2026-06-30,False,,0,0.192245,0.046,94.08,112.953,1.78536e+09,USD,1823.8,1913.48,2106.28
MKSI,MKS Inc. Common Stock,S&P 400,False,gics_indu,2026-10-06,281.41,6.05227,2026-06-30,False,,0.00343181,0.822046,0.046,13.1464,17.6497,1.78596e+09,USD,294.741,308.703,338.644
MKTX,MarketAxess Holdings Inc. Common Stock,S&P 500,True,gics_fin,2026-10-06,164.03,8.65879,2026-06-30,False,,0,0.428201,0.046,7.97825,8.75012,1.78541e+09,USD,172.095,180.558,198.75
MLAB,Mesa Laboratories Inc. Common Stock,Russell 2000,False,gics_indu,2026-10-06,136.06,0.833768,2026-06-30,False,,0.00474101,0.439829,0.046,9.95,10.27,1.79425e+09,USD,142.412,149.061,163.304
MLI,Mueller Industries Inc. Common Stock,S&P 400,False,gics_indu,2026-10-06,63.13,3.83426,2026-06-27,False,,0.00976707,0.415852,0.046,4.2,4.38,1.78464e+09,USD,65.9115,68.8155,75.013
MLKN,MillerKnoll Inc. Common Stock,S&P 600,False,gics_discr,2026-10-06,20.72,1.41,2026-08-30,True,1.06824,0.0368813,0.598577,0.046,2.0175,2.2725,1.79008e+09,USD,21.3416,21.9819,23.3206
MLM,Martin Marietta Materials Inc. Common Stock,S&P 500,True,gics_mat,2026-10-06,489.01,40.6788,2026-06-30,False,,0.00681913,0.266354,0.046,17.3196,22.0335,1.78541e+09,USD,511.309,534.624,584.493
MLP,Maui Land & Pineapple Company Inc. Common Stock,Russell 2000,False,gics_fin,2026-10-06,15.64,-0.232513,2026-06-30,False,,0,0.241988,0.046,,,,USD,16.409,17.2159,18.9505
MLR,Miller Industries Inc. Common Stock,Russell 2000,False,gics_discr,2026-10-06,54.12,1.24176,2026-06-30,False,,0.0149306,0.192021,0.046,1.95,2.78,1.78596e+09,USD,56.3588,58.6902,63.6464
MMI,Marcus & Millichap Inc. Common Stock,S&P 600,False,gics_fin,2026-10-06,28.6,0.375828,2026-06-30,False,,0.0175683,0.157701,0.046,0.48,0.93,1.78602e+09,USD,29.7439,30.9335,33.4573
MMM,3M Company Common Stock,S&P 500,False,gics_health,2026-10-06,163.64,5.625,2026-06-30,False,,0.0174912,0.278599,0.046,8.93971,9.82595,1.7925e+09,USD,170.191,177.005,191.461
MMS,Maximus Inc. Common Stock,S&P 400,False,gics_discr,2026-10-06,54.68,6.79467,2026-06-30,False,,0,0.355325,0.046,8.01,8.36,1.78602e+09,USD,57.3687,60.1895,66.2541
MMSI,Merit Medical Systems Inc. Common Stock,S&P 600,False,gics_health,2026-10-06,84.96,2.42546,2026-06-30,False,,0,0.36148,0.046,4.3022,4.6115,1.7933e+09,USD,89.1375,93.5205,102.944
MNRO,Monro Inc. Common Stock,Russell 2000,False,gics_discr,2026-10-06,13.67,0.267839,2026-06-27,False,,0.0812098,0.596512,0.046,0.108,0.396,1.78533e+09,USD,13.7715,13.8737,14.0804
MNST,Monster Beverage Corporation,S&P 500,True,gics_staples,2026-10-06,43.25,0.724047,2026-06-30,False,,0,0.533059,0.046,1.15475,1.30821,1.78605e+09,USD,45.3766,47.6078,52.4047
MNTN,MNTN Inc. Class A Common Stock,Russell 2000,False,gics_discr,2026-10-06,10.05,0.71477,2026-06-30,False,,0,0.573955,0.046,1.04803,1.30615,1.78587e+09,USD,10.5442,11.0626,12.1773
MO,Altria Group Inc.,S&P 500,True,gics_staples,2026-10-06,68.55,4.76569,2026-06-30,False,,0.0610941,0.181481,0.046,5.67712,5.86403,1.79328e+09,USD,69.7569,70.9851,73.5066
MOD,Modine Manufacturing Company Common Stock,大型股,False,gics_discr,2026-10-06,189.91,2.67037,2026-06-30,False,,0,0.641588,0.046,6.50333,10.1533,1.78536e+09,USD,199.248,209.045,230.108
MOH,Molina Healthcare Inc Common Stock,S&P 500,True,gics_health,2026-10-06,195.17,-0.136452,2026-06-30,False,,0,0.578657,0.046,5.24983,9.74502,1.79261e+09,USD,204.767,214.835,236.482
MORN,Morningstar Inc. Common Stock,S&P 400,False,gics_fin,2026-10-06,195.69,10.7277,2026-06-30,False,,0.00951885,0.460037,0.046,12.3654,14.0008,1.79322e+09,USD,204.337,213.367,232.64
MOS,Mosaic Company (The) Common Stock,S&P 500,True,gics_mat,2026-10-06,20.94,-2.00849,2026-06-30,False,,0.036096,0.281675,0.046,0.41161,1.57917,1.78587e+09,USD,21.5767,22.2327,23.6053
MOV,Movado Group Inc. Common Stock,Russell 2000,False,gics_discr,2026-10-06,32.85,1.79229,2026-07-31,False,,0.0423628,0.415484,0.046,,,1.78775e+09,USD,33.7429,34.6601,36.5699
MP,MP Materials Corp. Common Stock,S&P 400,False,gics_mat,2026-10-06,48.53,-0.33977,2026-06-30,False,,0,0.659244,0.046,0.01859,0.82304,1.78605e+09,USD,50.9163,53.4198,58.8024
MPAA,Motorcar Parts  of America Inc. Common Stock,Russell 2000,False,gics_discr,2026-10-06,10.68,-0.203663,2026-06-30,False,,0,0.549215,0.046,1.665,1.72,1.78636e+09,USD,11.2051,11.7561,12.9406
MPC,Marathon Petroleum Corporation Common Stock,S&P 500,True,gics_energy,2026-10-06,432.36,28.9966,2026-06-30,False,,0.0100116,0.297659,0.046,58.1158,50.6869,1.79371e+09,USD,451.354,471.183,513.492
MPWR,Monolithic Power Systems Inc. Common Stock,S&P 500,True,semis,2026-10-06,1473.69,16.2799,2026-06-30,False,,0.00498155,0.487298,0.046,27.4576,34.9754,1.78544e+09,USD,1542.31,1614.12,1767.92
MQ,Marqeta Inc. Class A Common Stock,Russell 2000,False,gics_it,2026-10-06,16.55,0.0997418,2026-06-30,False,,0,0.278916,0.046,0.27,0.5,1.79374e+09,USD,17.3638,18.2176,20.0531
MRBK,Meridian Corporation Common Stock,Russell 2000,False,gics_fin,2026-10-06,18.81,1.77904,2026-06-30,False,,0.0271914,0.206476,0.046,1.63,2.23,1.7933e+09,USD,19.4684,20.1499,21.5852
MRCY,Mercury Systems Inc Common Stock,S&P 600,False,gics_it,2026-10-06,82.8,-0.499041,2026-07-03,False,,0,0.701341,0.046,1.67061,2.23,1.78708e+09,USD,86.8713,91.1429,100.326
MRK,Merck & Company Inc. Common Stock (new),S&P 500,True,gics_health,2026-10-06,141.94,1.28358,2026-06-30,False,,0.0225388,0.222902,0.046,2.71839,9.46936,1.79328e+09,USD,147.25,152.76,164.404
MRNA,Moderna Inc. Common Stock,S&P 500,True,gics_health,2026-10-06,187.46,-7.91709,2026-06-30,False,,0,0.778483,0.046,-8.39733,-4.45074,1.7855e+09,USD,196.678,206.348,227.14
MRSH,Marsh Common Stock,S&P 500,True,gics_fin,2026-10-06,171.74,8.1893,2026-06-30,False,,0.0212094,0.192481,0.046,10.4487,11.4224,1.79207e+09,USD,178.284,185.077,199.45
MRTN,Marten Transport Ltd. Common Stock,S&P 600,False,gics_indu,2026-10-06,12.87,0.154886,2026-06-30,False,,0.0182246,0.391918,0.046,0.26,0.65,1.7927e+09,USD,13.3803,13.9109,15.036
MRVI,Maravai LifeSciences Holdings Inc. Class A Common Stock,Russell 2000,False,gics_health,2026-10-06,7.85,-0.522893,2026-06-30,False,,0,0.566215,0.046,-0.10739,-0.09824,1.78605e+09,USD,8.23599,8.64096,9.51161
MRVL,Marvell Technology Inc. Common Stock,大型股,False,gics_it,2026-10-06,287.01,2.86572,2026-08-01,False,,0.000904425,0.878977,0.046,4.2113,7.05567,1.78786e+09,USD,300.986,315.643,347.133
MS,Morgan Stanley Common Stock,S&P 500,True,gics_fin,2026-10-06,191.02,12.7887,2026-06-30,False,,0.0216,0.268367,0.046,12.802,13.5655,1.79198e+09,USD,198.26,205.774,221.667
MSA,MSA Safety Incorporated Common Stock,S&P 400,False,gics_health,2026-10-06,182.45,8.0544,2026-06-30,False,,0.0116001,0.319499,0.046,9.09996,9.96542,1.78544e+09,USD,190.314,198.517,215.999
MSBI,Midland States Bancorp Inc. Common Stock,Russell 2000,False,gics_fin,2026-10-06,32.78,2.0196,2026-06-30,False,,0.0398866,0.23287,0.046,3.366,3.39,1.78484e+09,USD,33.7127,34.672,36.6732
MSCI,MSCI Inc. Common Stock,S&P 500,True,gics_fin,2026-10-06,554.92,18.5014,2026-06-30,False,,0.0137935,0.242174,0.046,19.7176,22.477,1.7925e+09,USD,578.204,602.466,654.085
MSEX,Middlesex Water Company Common Stock,S&P 600,False,gics_util,2026-10-06,52.9,2.55868,2026-06-30,False,,0.0264541,0.157446,0.046,2.67,2.99,1.78544e+09,USD,54.7718,56.7099,60.7942
MSFT,Microsoft Corporation Common Stock,S&P 500,True,software,2026-10-06,529.3,17.9457,2026-06-30,False,,0.00708547,0.303139,0.046,19.7687,23.6773,1.78536e+09,USD,553.362,578.518,632.313
MSGE,Madison Square Garden Entertainment Corp. Class A Common Stock,Russell 2000,False,gics_discr,2026-10-06,79.99,1.37509,2026-06-30,False,,0,0.321014,0.046,2.76,2.905,1.78654e+09,USD,83.9232,88.0497,96.9215
MSGS,Madison Square Garden Sports Corp. Class A Common Stock (New),S&P 600,False,gics_discr,2026-10-06,402.07,0.319932,2026-06-30,False,,4.95134e-05,0.210679,0.046,-0.89593,-0.45514,1.78662e+09,USD,421.83,442.56,487.128
MSI,Motorola Solutions Inc. Common Stock,S&P 500,True,hardware,2026-10-06,456.28,12.7024,2026-07-04,False,,0.00988712,0.233243,0.046,17.7246,19.4307,1.78596e+09,USD,476.355,497.313,542.036
MSM,MSC Industrial Direct Company Inc. Common Stock,S&P 400,False,gics_indu,2026-10-06,130.32,4.12924,2026-05-30,False,,0,0.208124,0.046,4.60254,5.44679,1.79267e+09,USD,136.728,143.451,157.905
MSTR,Strategy Inc Common Stock Class A,大型股,False,gics_it,2026-10-06,164.55,-86.2723,2026-06-30,False,,0,0.839803,0.046,-17.44,49.49,1.78544e+09,USD,172.641,181.13,199.38
MTB,M&T Bank Corporation Common Stock,S&P 500,False,gics_fin,2026-10-06,218.74,20.2053,2026-06-30,False,,0.0269689,0.242969,0.046,19.2936,21.0242,1.79215e+09,USD,226.422,234.373,251.124
MTCH,Match Group Inc. Common Stock,S&P 500,True,gics_comm,2026-10-06,40.62,2.8145,2026-06-30,False,,0.0176287,0.286087,0.046,3.95459,4.57754,1.78587e+09,USD,42.2433,43.9315,47.513
MTDR,Matador Resources Company Common Stock,S&P 400,False,gics_energy,2026-10-06,52.91,5.82888,2026-06-30,False,,0.0275415,0.445761,0.046,8.03168,9.15694,1.78596e+09,USD,54.7524,56.659,60.6736
MTG,MGIC Investment Corporation Common Stock,S&P 400,False,gics_fin,2026-10-06,27.36,3.24426,2026-06-30,False,,0.0205471,0.300591,0.046,3.276,3.475,1.78536e+09,USD,28.4119,29.5043,31.8166
MTN,Vail Resorts Inc. Common Stock,S&P 400,False,gics_discr,2026-10-06,145.2,4.12,2026-07-30,True,0.940019,0.0627812,0.247958,0.046,5.74313,6.63364,1.79063e+09,USD,147.632,150.104,155.174
MTRN,Materion Corporation,S&P 600,False,gics_indu,2026-10-06,312.15,4.27597,2026-07-03,False,,0.00219612,0.571804,0.046,7.02,8.43333,1.78593e+09,USD,327.139,342.848,376.565
MTRX,Matrix Service Company Common Stock,Russell 2000,False,gics_discr,2026-10-06,10.75,-0.0904216,2026-06-30,False,,0,0.478861,0.046,0.595,0.695,1.78838e+09,USD,11.2786,11.8332,13.0255
MTSI,MACOM Technology Solutions Holdings Inc. Common Stock,S&P 400,False,gics_it,2026-10-06,350.67,3.07268,2026-07-03,False,,0,0.731771,0.046,5.51229,8.4902,1.78602e+09,USD,367.913,386.003,424.897
MTUS,Metallus Inc. Common Shares,S&P 600,False,gics_indu,2026-10-06,20.92,0.1875,2026-06-30,False,,0,0.330869,0.046,0.8625,1.3925,1.78579e+09,USD,21.9487,23.0279,25.3481
MTW,Manitowoc Company Inc. (The) Common Stock,Russell 2000,False,gics_indu,2026-10-06,23.38,0.552977,2026-06-30,False,,0,0.668293,0.046,0.917,0.916,1.78605e+09,USD,24.5296,25.7357,28.3289
MTX,Minerals Technologies Inc. Common Stock,S&P 600,False,gics_mat,2026-10-06,65.98,-2.16077,2026-07-05,False,,0.00704526,0.204175,0.046,5.9025,6.915,1.7933e+09,USD,68.9809,72.1182,78.8274
MTZ,MasTec Inc. Common Stock,S&P 400,False,gics_indu,2026-10-06,228.3,6.26766,2026-06-30,False,,0,0.671467,0.046,9.29712,12.3997,1.78544e+09,USD,239.526,251.303,276.624
MU,Micron Technology Inc. Common Stock,S&P 500,True,memory,2026-10-06,1045.56,74.33,2026-08-28,True,1.68634,0.000464826,0.66939,0.046,176.151,206.332,1.7908e+09,USD,1096.72,1150.37,1265.7
MUR,Murphy Oil Corporation Common Stock,S&P 400,False,gics_energy,2026-10-06,37.79,2.01207,2026-06-30,False,,0.036951,0.385626,0.046,3.28364,3.18204,1.79382e+09,USD,38.9224,40.0887,42.5271
MUSA,Murphy USA Inc. Common Stock,S&P 400,False,gics_discr,2026-10-06,513.03,32.9912,2026-06-30,False,,0.00472294,0.391884,0.046,34.9443,30.675,1.79322e+09,USD,536.986,562.062,615.779
MWA,MUELLER WATER PRODUCTS Common Stock,S&P 600,False,gics_indu,2026-10-06,21.96,1.41169,2026-06-30,False,,0.0126676,0.297405,0.046,1.569,1.58683,1.78596e+09,USD,22.8943,23.8684,25.9426
MXL,MaxLinear Inc. Common Stock,S&P 600,False,gics_it,2026-10-06,109.3,-1.06602,2026-06-30,False,,0,1.84377,0.046,1.75,2.61305,1.7927e+09,USD,114.674,120.313,132.436
MYE,Myers Industries Inc. Common Stock,Russell 2000,False,gics_indu,2026-10-06,31.83,0.96905,2026-06-30,False,,0.0170592,0.389451,0.046,1.86,2,1.78541e+09,USD,33.1115,34.4445,37.2738
MYFW,First Western Financial Inc. Common Stock,Russell 2000,False,gics_fin,2026-10-06,30.19,1.85309,2026-06-30,False,,0,0.21668,0.046,2.43333,2.66667,1.78484e+09,USD,31.6745,33.2319,36.5803
MYRG,MYR Group Inc. Common Stock,S&P 600,False,gics_indu,2026-10-06,324.51,10.5075,2026-06-30,False,,0,0.734742,0.046,12.185,14.5833,1.78536e+09,USD,340.466,357.207,393.199
MZTI,The Marzetti Company Common Stock,S&P 400,False,gics_staples,2026-10-06,100.2,6.99139,2026-06-30,False,,0.038839,0.273627,0.046,6.734,7.234,1.78766e+09,USD,103.105,106.094,112.336
NATH,Nathan's Famous Inc. Common Stock,Russell 2000,False,gics_discr,2026-10-06,101.84,4.82465,2026-06-28,False,,0,0.108384,0.046,,,1.79397e+09,USD,106.848,112.101,123.397
NATL,NCR Atleos Corporation Common Stock,S&P 600,False,other,2026-10-06,45.67,2.58575,2026-06-30,False,,0,0.187006,0.046,4.79667,5.36,1.78593e+09,USD,47.9156,50.2717,55.337
NAVI,Navient Corporation Common Stock,S&P 600,False,gics_fin,2026-10-06,8.93,-0.520833,2026-06-30,False,,0.06866,0.45222,0.046,0.7611,0.97224,1.78605e+09,USD,9.05291,9.17751,9.43189
NBHC,National Bank Holdings Corporation Common Stock,S&P 600,False,gics_fin,2026-10-06,38.26,2.19531,2026-06-30,False,,0.0317247,0.218932,0.046,3.115,3.9625,1.79313e+09,USD,39.5096,40.7999,43.5085
NBIX,Neurocrine Biosciences Inc. Common Stock,S&P 400,False,gics_health,2026-10-06,145.51,6.77063,2026-06-30,False,,0,0.309648,0.046,10.2144,11.8774,1.78544e+09,USD,152.665,160.171,176.31
NBTB,NBT Bancorp Inc. Common Stock,S&P 600,False,gics_fin,2026-10-06,50.67,4.10859,2026-06-30,False,,0.0294911,0.13905,0.046,4.18167,4.56571,1.79313e+09,USD,52.3833,54.1546,57.8788
NC,NACCO Industries Inc. Common Stock,Russell 2000,False,gics_energy,2026-10-06,36.41,2.28906,2026-06-30,False,,0.0280289,0.322089,0.046,,,1.78596e+09,USD,37.6687,38.9709,41.7119
NCLH,Norwegian Cruise Line Holdings Ltd. Ordinary Shares,S&P 500,True,gics_discr,2026-10-06,15.51,1.63204,2026-06-30,False,,0,0.505747,0.046,1.53782,1.65947,1.78541e+09,USD,16.2726,17.0728,18.793
NCNO,nCino Inc. Common Stock,Russell 2000,False,gics_it,2026-10-06,19.12,0.306938,2026-07-31,False,,0,0.62433,0.046,1.29958,1.58235,1.78769e+09,USD,20.0601,21.0465,23.1671
NDAQ,Nasdaq Inc. Common Stock,S&P 500,True,gics_fin,2026-10-06,92.27,3.44034,2026-06-30,False,,0.0115907,0.259646,0.046,4.13182,4.68004,1.79267e+09,USD,96.2476,100.397,109.239
NDLS,Noodles & Company Class A Common Stock,,False,gics_discr,2026-10-06,13.87,-3.93553,2026-06-30,False,,0,0.805446,0.046,-0.22,0.46,1.7849e+09,USD,14.552,15.2675,16.8059
NDSN,Nordson Corporation Common Stock,S&P 500,True,gics_indu,2026-10-06,334.22,9.89622,2026-07-31,False,,0.010139,0.270762,0.046,11.9457,12.9829,1.78717e+09,USD,348.881,364.184,396.835
NE,Noble Corporation plc A Ordinary Shares,S&P 600,False,gics_energy,2026-10-06,41.45,0.925758,2026-06-30,False,,0.0451794,0.488622,0.046,0.50864,2.01588,1.78518e+09,USD,42.5168,43.611,45.8846
NEE,NextEra Energy Inc. Common Stock,S&P 500,True,gics_util,2026-10-06,77.88,4.44253,2026-06-30,False,,0.0308464,0.229362,0.046,4.04813,4.38998,1.7849e+09,USD,80.4589,83.1231,88.7192
NEM,Newmont Corporation,S&P 500,True,gics_mat,2026-10-06,116.39,7.90892,2026-06-30,False,,0.00819672,0.4019,0.046,9.19083,10.2315,1.7927e+09,USD,121.614,127.071,138.733
NEOG,Neogen Corporation Common Stock,S&P 600,False,gics_health,2026-10-06,11.96,-0.26,2026-08-31,True,7.16378,0,0.567999,0.046,0.31,0.38,1.79132e+09,USD,12.5481,13.1651,14.4916
NET,Cloudflare Inc. Class A Common Stock,大型股,False,gics_it,2026-10-06,355.01,-0.582148,2026-06-30,False,,0,0.274177,0.046,1.26316,1.67614,1.78605e+09,USD,372.466,390.78,430.155
NEU,NewMarket Corp Common Stock,S&P 400,False,gics_indu,2026-10-06,926.28,46.4943,2026-06-30,False,,0.0132358,0.310871,0.046,,25.82,1.79322e+09,USD,965.416,1006.2,1093.03
NFE,New Fortress Energy Inc. Class A Common Stock,,False,gics_util,2026-10-06,5.51,-116.006,2026-06-30,False,,0.000256954,3.92373,0.046,-4.19,2.08,,USD,5.78019,6.06362,6.67287
NFG,National Fuel Gas Company Common Stock,S&P 400,False,gics_util,2026-10-06,78.35,7.05349,2026-06-30,False,,0.0269424,0.224508,0.046,7.272,7.47,1.78536e+09,USD,81.1026,83.9519,89.9542
NFLX,Netflix Inc. Common Stock,S&P 500,True,internet,2026-10-06,68.69,3.17549,2026-06-30,False,,0,0.326366,0.046,3.58933,3.80713,1.79253e+09,USD,72.0675,75.6111,83.2296
NGS,Natural Gas Services Group Inc. Common Stock,Russell 2000,False,gics_energy,2026-10-06,34.06,1.59469,2026-06-30,False,,0.0139826,0.270504,0.046,1.88,2.61,1.78639e+09,USD,35.4858,36.9713,40.1314
NGVC,Natural Grocers by Vitamin Cottage Inc. Common Stock,Russell 2000,False,gics_staples,2026-10-06,29.84,2.04789,2026-06-30,False,,0.0190294,0.231643,0.046,2.10667,2.32333,1.78605e+09,USD,31.0108,32.2275,34.806
NGVT,Ingevity Corporation Common Stock ,S&P 600,False,gics_indu,2026-10-06,72.8,1.49921,2026-06-30,False,,0,0.217521,0.046,5.24333,6.01333,1.78536e+09,USD,76.3796,80.1353,88.2096
NHI,National Health Investors Inc. Common Stock,S&P 600,False,gics_re,2026-10-06,65.54,3.43574,2026-06-30,False,,0.0545125,0.191225,0.046,14.5514,3.24664,1.78639e+09,USD,66.9137,68.3163,71.2102
NI,NiSource Inc Common Stock,S&P 500,True,gics_util,2026-10-06,40.67,1.88092,2026-06-30,False,,0.0298393,0.155192,0.046,2.05067,2.25108,1.78593e+09,USD,42.0379,43.4518,46.4238
NIC,Nicolet Bankshares Inc. Common Stock,S&P 600,False,gics_fin,2026-10-06,163.62,7.09451,2026-06-30,False,,0.00813571,0.301123,0.046,12.054,13.454,1.79253e+09,USD,170.968,178.647,195.054
NIQ,NIQ Global Intelligence plc Ordinary Shares,,False,gics_it,2026-10-06,17.25,-1.19093,2026-06-30,False,,0,,0.046,1.09233,1.29064,1.78639e+09,USD,18.0982,18.9881,20.9013
NJR,NewJersey Resources Corporation Common Stock,S&P 400,False,gics_util,2026-10-06,51.55,3.59759,2026-06-30,False,,0.0356534,0.165729,0.046,3.56934,3.44781,1.78579e+09,USD,53.1291,54.7566,58.1628
NKE,Nike Inc. Common Stock,S&P 500,True,gics_discr,2026-10-06,34.61,2.08,2026-08-31,True,0.991548,0.0450937,0.339716,0.046,1.32755,1.70102,1.79088e+09,USD,35.5022,36.4175,38.3194
NL,NLI Holdings Inc. Common Stock,Russell 2000,False,gics_mat,2026-10-06,6.95,-0.522698,2026-06-30,False,,0.085019,0.397618,0.046,,,1.78596e+09,USD,6.98826,7.02674,7.10432
NLOP,Net Lease Office Properties Common Shares of Beneficial Interest,Russell 2000,False,gics_re,2026-10-06,9.66,-3.06533,2026-06-30,False,,0,0.514312,0.046,,,,USD,10.135,10.6333,11.7047
NMAX,Newsmax Inc. Class B Common Stock,Russell 2000,False,gics_indu,2026-10-06,10.01,-0.0495638,2026-06-30,False,,1.69571e-09,0.679128,0.046,,0.07,1.78665e+09,USD,10.5022,11.0186,12.1288
NMRK,Newmark Group Inc. Class A Common Stock,Russell 2000,False,gics_fin,2026-10-06,12.59,0.579009,2026-06-30,False,,0,0.317495,0.046,1.95243,2.20657,1.79328e+09,USD,13.2091,13.8586,15.2549
NNI,Nelnet Inc. Common Stock,Russell 2000,False,gics_fin,2026-10-06,124.32,8.37774,2026-06-30,False,,0.0102382,0.177063,0.046,,8.5,1.78605e+09,USD,129.767,135.452,147.582
NOC,Northrop Grumman Corporation Common Stock,S&P 500,True,gics_indu,2026-10-06,483.11,31.5509,2026-06-30,False,,0.0182522,0.248958,0.046,28.9971,30.4343,1.7925e+09,USD,502.26,522.169,564.387
NOG,Northern Oil and Gas Inc. Common Stock,S&P 600,False,gics_energy,2026-10-06,23.91,-4.49643,2026-06-30,False,,0.0769118,0.599102,0.046,3.9514,4.55429,1.78605e+09,USD,24.1393,24.3708,24.8404
NOV,NOV Inc. Common Stock,S&P 400,False,gics_discr,2026-10-06,19,0.260989,2026-06-30,False,,0.0204599,0.317951,0.046,0.92808,1.28265,1.79313e+09,USD,19.7314,20.4909,22.0987
NOVT,Novanta Inc. Common Stock,S&P 400,False,other,2026-10-06,149.1,1.50044,2026-07-03,False,,0,0.461015,0.046,3.69333,4.36667,1.78593e+09,USD,156.431,164.123,180.66
NOW,ServiceNow Inc. Common Stock,S&P 500,True,software,2026-10-06,137.97,1.60595,2026-06-30,False,,0,0.419682,0.046,4.06673,5.00551,1.78475e+09,USD,144.754,151.872,167.174
NPB,Northpointe Bancshares Inc. Common Stock,Russell 2000,False,gics_fin,2026-10-06,15.55,2.5332,2026-06-30,False,,0.00634729,0.23774,0.046,2.46667,2.74333,1.79253e+09,USD,16.2629,17.0085,18.6038
NPK,National Presto Industries Inc. Common Stock,S&P 600,False,gics_indu,2026-10-06,148.96,5.97401,2026-07-05,False,,0.00684408,0.337295,0.046,,0.87,,USD,155.751,162.851,178.037
NPKI,NPK International Inc. Common Stock,Russell 2000,False,gics_indu,2026-10-06,12.01,0.49717,2026-06-30,False,,0,0.322047,0.046,0.55,0.62667,1.78536e+09,USD,12.6005,13.2201,14.5522
NPO,Enpro Inc. Common Stock,S&P 600,False,gics_indu,2026-10-06,332.06,2.06075,2026-06-30,False,,0.00411884,0.387728,0.046,9.58873,10.8859,1.78585e+09,USD,347.671,364.016,399.047
NRC,NRC Health Common Stock,Russell 2000,False,gics_health,2026-10-06,20.08,0.25217,2026-06-30,False,,0.0266663,0.630114,0.046,0.98,1.05,1.79313e+09,USD,20.7883,21.5216,23.0667
NRDY,Nerdy Inc. Class A Common Stock,,False,gics_re,2026-10-06,6.75,-2.36848,2026-06-30,False,,0,2.94137,0.046,-1.05001,-0.3,1.78605e+09,USD,7.0819,7.43012,8.17878
NRG,NRG Energy Inc. Common Stock,S&P 500,True,gics_util,2026-10-06,103.6,4.00472,2026-06-30,False,,0,0.431589,0.046,8.8327,11.1892,1.78585e+09,USD,108.694,114.039,125.529
NRIM,Northrim BanCorp Inc Common Stock,Russell 2000,False,gics_fin,2026-10-06,24.65,3.03498,2026-06-30,False,,0.0264128,0.302414,0.046,2.63667,2.76333,,USD,25.5228,26.4264,28.3308
NSC,Norfolk Southern Corporation Common Stock,S&P 500,True,gics_indu,2026-10-06,316.31,11.7156,2026-06-30,False,,0.0171,0.25412,0.046,12.9219,14.2784,1.79267e+09,USD,329.038,342.278,370.377
NSIT,Insight Enterprises Inc. Common Stock,S&P 600,False,gics_discr,2026-10-06,159.49,6.82133,2026-06-30,False,,0,0.652403,0.046,12.5041,13.2523,1.78602e+09,USD,167.332,175.56,193.249
NSP,Insperity Inc. Common Stock,S&P 600,False,gics_discr,2026-10-06,46.42,-0.410256,2026-06-30,False,,0.0487046,0.901171,0.046,2.11328,2.69772,1.79328e+09,USD,47.5308,48.6682,51.0253
NSSC,NAPCO Security Technologies Inc. Common Stock,S&P 600,False,gics_comm,2026-10-06,36.64,1.19882,2026-06-30,False,,0.0157769,0.495542,0.046,1.61667,1.805,1.78757e+09,USD,38.1396,39.7005,43.0166
NTAP,NetApp Inc. Common Stock,S&P 500,True,hardware,2026-10-06,228.45,7.05473,2026-07-31,False,,0.010428,0.339637,0.046,10.0057,11.1557,1.79616e+09,USD,238.437,248.86,271.093
NTCT,NetScout Systems Inc. Common Stock,S&P 600,False,gics_it,2026-10-06,40.99,1.62265,2026-06-30,False,,0,0.279426,0.046,2.74,2.79667,1.78602e+09,USD,43.0055,45.1201,49.6664
NTGR,NETGEAR Inc. Common Stock,Russell 2000,False,gics_util,2026-10-06,23.04,-0.920542,2026-06-28,False,,0,0.354526,0.046,0.285,0.53667,1.78605e+09,USD,24.1729,25.3615,27.9169
NTNX,Nutanix Inc. Class A Common Stock,S&P 400,False,gics_it,2026-10-06,73.41,5.56912,2026-07-31,False,,0,0.485698,0.046,2.31407,2.65956,1.78777e+09,USD,77.0196,80.8067,88.9487
NTRA,Natera Inc. Common Stock,大型股,False,gics_health,2026-10-06,400.65,-1.34246,2026-06-30,False,,0,0.43156,0.046,-1.4448,-0.17003,1.78605e+09,USD,420.35,441.019,485.456
NTRS,Northern Trust Corporation Common Stock,S&P 500,True,gics_fin,2026-10-06,169.46,12.0152,2026-06-30,False,,0.0181853,0.276995,0.046,11.4941,12.824,1.79259e+09,USD,176.183,183.173,197.996
NTST,NetSTREIT Corp. Common Stock,S&P 600,False,gics_re,2026-10-06,17.64,0.135326,2026-06-30,False,,0.0461073,0.247532,0.046,,0.41,1.79261e+09,USD,18.0856,18.5424,19.491
NUE,Nucor Corporation Common Stock,S&P 500,True,gics_mat,2026-10-06,251.07,12.5774,2026-07-04,False,,0.00902345,0.372636,0.046,18.9078,20.133,1.79304e+09,USD,262.229,273.885,298.773
NVAX,Novavax Inc. Common Stock,Russell 2000,False,gics_health,2026-10-06,11.32,-1.50528,2026-06-30,False,,0,0.71408,0.046,-0.47191,-0.61391,1.78602e+09,USD,11.8766,12.4606,13.7161
NVDA,NVIDIA Corporation Common Stock,S&P 500,True,semis,2026-10-06,239.24,7.90779,2026-07-26,False,,0.00122774,0.375967,0.046,9.31242,15.7992,1.79495e+09,USD,250.85,263.022,289.169
NVR,NVR Inc. Common Stock,S&P 500,True,gics_discr,2026-10-06,6046.6,389.851,2026-06-30,False,,0,0.238707,0.046,359.046,394.996,1.79267e+09,USD,6343.92,6655.85,7326.49
NVST,Envista Holdings Corporation Common Stock,S&P 400,False,gics_health,2026-10-06,23.27,0.570913,2026-07-03,False,,0,0.454187,0.046,1.53133,1.66542,1.79382e+09,USD,24.4142,25.6147,28.1956
NWBI,Northwest Bancshares Inc. Common Stock,S&P 600,False,gics_fin,2026-10-06,14.93,1.0444,2026-06-30,False,,0.0534576,0.134942,0.046,1.40714,1.45125,1.79304e+09,USD,15.251,15.5789,16.2559
NWE,NorthWestern Energy Group Inc. Common Stock,S&P 400,False,gics_util,2026-10-06,68.92,2.77418,2026-06-30,False,,0.038483,0.147626,0.046,3.73176,3.95948,1.78536e+09,USD,70.9308,73.0003,77.3221
NWL,Newell Brands Inc. Common Stock,S&P 600,False,gics_indu,2026-10-06,5.55,-0.513715,2026-06-30,False,,0.0524117,0.860342,0.046,0.7601,0.68627,1.79336e+09,USD,5.67229,5.79726,6.05555
NWN,Northwest Natural Holding Company Common Stock,S&P 600,False,gics_util,2026-10-06,47.46,2.98715,2026-06-30,False,,0.040272,0.160541,0.046,3.078,3.232,1.78593e+09,USD,48.801,50.1799,53.0558
NWPX,NWPX Infrastructure Inc. Common Stock,Russell 2000,False,gics_indu,2026-10-06,105.48,4.97927,2026-06-30,False,,0,0.624401,0.046,5.45824,5.2356,1.78536e+09,USD,110.667,116.108,127.807
NWS,News Corporation Class B Common Stock,S&P 500,True,gics_comm,2026-10-06,31.52,1.02615,2026-06-30,False,,0.011653,0.218279,0.046,1.31961,1.51172,1.78596e+09,USD,32.8777,34.294,37.312
NX,Quanex Building Products Corporation Common Stock,S&P 600,False,gics_indu,2026-10-06,18.85,0.993342,2026-07-31,False,,0.0160685,0.377205,0.046,1.8175,1.9725,1.78847e+09,USD,19.6186,20.4186,22.1176
NXDT,NexPoint Diversified Real Estate Trust Common Stock,Russell 2000,False,gics_re,2026-10-06,5.18,-1.21661,2026-06-30,False,,0.0261199,0.386277,0.046,,,1.78671e+09,USD,5.36419,5.55493,5.95699
NXRT,NexPoint Residential Trust Inc. Common Stock,Russell 2000,False,gics_re,2026-10-06,20.18,-1.31136,2026-06-30,False,,0.103596,0.31061,0.046,-1.54,-2.21,1.79371e+09,USD,20.1035,20.0273,19.8757
NXST,Nexstar Media Group Inc. Common Stock,S&P 400,False,gics_indu,2026-10-06,157.36,6.03221,2026-06-30,False,,0.0442375,0.463171,0.046,33.5009,23.3038,1.79388e+09,USD,161.486,165.72,174.524
NXT,Nextpower Inc. Common Stock,S&P 400,False,gics_it,2026-10-06,88.09,3.82911,2026-07-03,False,,0,0.6535,0.046,4.66988,5.76795,1.78544e+09,USD,92.4214,96.9659,106.736
NYT,New York Times Company (The) Common Stock,S&P 400,False,gics_discr,2026-10-06,64.07,2.39968,2026-06-30,False,,0.0124437,0.248607,0.046,2.86214,3.14012,1.78593e+09,USD,66.8034,69.6535,75.7235
O,Realty Income Corporation Common Stock,S&P 500,True,gics_re,2026-10-06,54.25,1.35619,2026-06-30,False,,0.0583699,0.186463,0.046,1.62228,1.55302,1.79365e+09,USD,55.2804,56.3303,58.4904
OBK,Origin Bancorp Inc. Common Stock,Russell 2000,False,gics_fin,2026-10-06,52.82,3.19446,2026-06-30,False,,0.0132931,0.220562,0.046,4.09667,4.42333,1.78475e+09,USD,55.0501,57.3743,62.3213
OC,Owens Corning Inc Common Stock New,S&P 400,False,gics_indu,2026-10-06,119.78,-8.27374,2026-06-30,False,,0.0238686,0.438249,0.046,9.93923,11.9087,1.78593e+09,USD,124.179,128.739,138.368
OCFC,OceanFirst Financial Corp. Common Stock,Russell 2000,False,gics_fin,2026-10-06,16.75,0.681957,2026-06-30,False,,0.0449984,0.190691,0.046,1.76167,2.29857,1.79313e+09,USD,17.1826,17.6264,18.5487
ODC,Oil-Dri Corporation Of America Common Stock,Russell 2000,False,gics_discr,2026-10-06,88.13,3.83798,2026-04-30,False,,0,0.41541,0.046,,,1.79149e+09,USD,92.4634,97.0099,106.785
ODFL,Old Dominion Freight Line Inc. Common Stock,S&P 500,True,gics_indu,2026-10-06,178.02,5.20395,2026-06-30,False,,0.00636787,0.317423,0.046,5.84877,6.70204,1.79319e+09,USD,186.18,194.713,212.972
OGE,OGE Energy Corp Common Stock,S&P 400,False,gics_util,2026-10-06,45.84,2.24735,2026-06-30,False,,0.0378969,0.169101,0.046,2.426,2.60671,1.79319e+09,USD,47.1913,48.5823,51.4887
OGN,Organon & Co. Common Stock ,S&P 600,False,gics_health,2026-10-06,13.74,0.772789,2026-06-30,False,,0.00495654,1.09388,0.046,3.33627,3.61504,1.7855e+09,USD,14.3799,15.0497,16.4841
OHI,Omega Healthcare Investors Inc. Common Stock,S&P 400,False,gics_re,2026-10-06,44.77,2.71439,2026-06-30,False,,0.0553581,0.197485,0.046,1.97894,2.02246,1.79374e+09,USD,45.6891,46.627,48.5611
OI,O-I Glass Inc. Common Stock,S&P 600,False,gics_discr,2026-10-06,5.75,-7.5115,2026-06-30,False,,0,0.440022,0.046,0.50418,1.45037,1.79313e+09,USD,6.03273,6.32936,6.96711
OII,Oceaneering International Inc. Common Stock,S&P 600,False,gics_energy,2026-10-06,44.97,3.47537,2026-06-30,False,,0,0.416034,0.046,2.05826,2.31969,1.79261e+09,USD,47.1812,49.5011,54.4888
OIS,Oil States International Inc. Common Stock,Russell 2000,False,gics_discr,2026-10-06,8.28,-1.84775,2026-06-30,False,,0,0.746271,0.046,0.4875,0.715,1.78541e+09,USD,8.68713,9.11429,10.0326
OKE,ONEOK Inc. Common Stock,S&P 500,True,gics_energy,2026-10-06,89.23,5.78481,2026-06-30,False,,0.0463334,0.23636,0.046,5.89426,6.23675,1.79313e+09,USD,91.4736,93.7737,98.5487
OKTA,Okta Inc. Class A Common Stock,S&P 400,False,gics_it,2026-10-06,218.67,1.65541,2026-07-31,False,,0,0.488114,0.046,3.92899,4.37848,1.78777e+09,USD,229.422,240.703,264.956
OLED,Universal Display Corporation Common Stock,S&P 400,False,gics_it,2026-10-06,79.66,4.14532,2026-06-30,False,,0.0246459,0.259219,0.046,4.19378,4.7612,1.78544e+09,USD,82.5533,85.5518,91.8793
OLN,Olin Corporation Common Stock,S&P 400,False,gics_indu,2026-10-06,16.21,-1.73222,2026-06-30,False,,0.0475592,0.499018,0.046,-0.55482,0.59749,1.7933e+09,USD,16.6074,17.0146,17.859
OLP,One Liberty Properties Inc. Common Stock,Russell 2000,False,gics_re,2026-10-06,22.11,1.64086,2026-06-30,False,,0.0621929,0.211743,0.046,,0.38,1.78596e+09,USD,22.4869,22.8703,23.6566
OMC,Omnicom Group Inc. Common Stock,S&P 500,True,gics_comm,2026-10-06,75.1,1.30414,2026-06-30,False,,0.0400274,0.249,0.046,10.5761,11.6568,1.78527e+09,USD,77.2315,79.4234,83.9957
OMCL,Omnicell Inc. Common Stock ($0.001 par value),S&P 600,False,gics_it,2026-10-06,35.46,0.844089,2026-06-30,False,,0,0.665293,0.046,2.26875,2.09,1.78541e+09,USD,37.2036,39.0329,42.9658
OMDA,Omada Health Inc. Common Stock,Russell 2000,False,gics_health,2026-10-06,20.73,0.0673214,2026-06-30,False,,0,0.501888,0.046,0.436,0.55614,1.78605e+09,USD,21.7493,22.8187,25.1179
OMF,OneMain Holdings Inc. Common Stock,,False,gics_fin,2026-10-06,56.18,6.6597,2026-06-30,False,,0.0737718,0.32687,0.046,6.84813,8.50412,1.78533e+09,USD,56.8079,57.4428,58.7339
ON,ON Semiconductor Corporation Common Stock,S&P 500,True,semis,2026-10-06,86.31,1.55836,2026-07-03,False,,0,0.585567,0.046,3.20176,4.5288,1.78579e+09,USD,90.5539,95.0065,104.579
ONB,Old National Bancorp Common Stock,S&P 400,False,gics_fin,2026-10-06,24.895,2.2839,2026-06-30,False,,0.0251264,0.245962,0.046,2.60593,2.88993,1.79259e+09,USD,25.793,26.7234,28.6861
ONIT,Onity Group Inc. Common Stock,Russell 2000,False,gics_fin,2026-10-06,27.77,15.7649,2026-06-30,False,,0,0.477087,0.046,4.905,8.24,1.78602e+09,USD,29.1355,30.5681,33.6481
ONT,Onterris Inc. Common Stock,Russell 2000,False,gics_discr,2026-10-06,14.52,-0.288371,2026-06-30,False,,0.00205975,,0.046,1.49302,1.62205,1.78596e+09,USD,15.2183,15.9501,17.5211
ONTO,Onto Innovation Inc. Common Stock,S&P 400,False,gics_indu,2026-10-06,313.71,2.65189,2026-06-30,False,,0,0.748164,0.046,8.10624,11.6969,1.78605e+09,USD,329.135,345.319,380.113
OOMA,Ooma Inc. Common Stock,Russell 2000,False,gics_it,2026-10-06,19.86,0.378527,2026-07-31,False,,0,0.169836,0.046,1.36857,1.50143,1.78777e+09,USD,20.8365,21.8611,24.0638
OPCH,Option Care Health Inc. Common Stock,S&P 400,False,gics_health,2026-10-06,31,1.32468,2026-06-30,False,,0,0.338823,0.046,1.88225,2.08286,1.7938e+09,USD,32.5243,34.1235,37.5618
OPFI,OppFi Inc. Class A Common Stock,Russell 2000,False,gics_fin,2026-10-06,6.18,1.18016,2026-06-30,False,,0,0.515014,0.046,1.415,1.93,1.78639e+09,USD,6.48387,6.80269,7.48812
OPLN,OPENLANE Inc. Common Stock,S&P 600,False,gics_discr,2026-10-06,34.96,1.7116,2026-06-30,False,,0,0.356278,0.046,1.44388,1.73875,1.78585e+09,USD,36.679,38.4825,42.36
OPRT,Oportun Financial Corporation Common Stock,Russell 2000,False,gics_fin,2026-10-06,8.32,0.394424,2026-06-30,False,,0,0.540335,0.046,1.58,1.952,1.78596e+09,USD,8.7291,9.15832,10.0811
OPY,Oppenheimer Holdings Inc. Class A Common Stock (DE),,False,gics_fin,2026-10-06,120.58,8.95623,2026-06-30,False,,0.0146047,0.452071,0.046,,2.56,1.7855e+09,USD,125.589,130.805,141.897
ORA,Ormat Technologies Inc. Common Stock,S&P 400,False,gics_util,2026-10-06,93.07,2.0252,2026-06-30,False,,0.00493792,0.486286,0.046,2.63242,2.55128,1.79382e+09,USD,97.4055,101.943,111.662
ORC,Orchid Island Capital Inc. Common Stock,Russell 2000,False,gics_re,2026-10-06,5.07,1.21794,2026-06-30,False,,0.2,0.250593,0.046,1.12,0.9875,1.7927e+09,USD,4.8131,4.56921,4.11789
ORCL,Oracle Corporation Common Stock,S&P 500,True,software,2026-10-06,144.77,6.30667,2026-08-31,False,,0.0139851,0.463562,0.046,8.1414,10.9972,1.78907e+09,USD,150.83,157.144,170.575
ORI,Old Republic International Corporation Common Stock,S&P 400,False,gics_fin,2026-10-06,38.01,4.56378,2026-06-30,False,,0.0955914,0.295397,0.046,2.94333,3.3,1.78481e+09,USD,38.0178,38.0255,38.0411
ORLY,O'Reilly Automotive Inc. Common Stock,S&P 500,True,gics_discr,2026-10-06,85.14,3.14578,2026-06-30,False,,0,0.191591,0.046,3.2809,3.65082,1.79322e+09,USD,89.3264,93.7186,103.162
ORN,Orion Group Holdings Inc. Common,Russell 2000,False,gics_indu,2026-10-06,9.36,0.089009,2026-06-30,False,,0,0.778552,0.046,0.2537,0.45007,1.78527e+09,USD,9.82024,10.3031,11.3412
OSBC,Old Second Bancorp Inc. Common Stock,Russell 2000,False,gics_fin,2026-10-06,25.05,1.7339,2026-06-30,False,,0.0110705,0.135432,0.046,2.20667,2.44333,1.79261e+09,USD,26.1367,27.2704,29.6877
OSCR,Oscar Health Inc. Class A Common Stock,Russell 2000,False,gics_health,2026-10-06,32.34,1.65174,2026-06-30,False,,0,0.755216,0.046,1.91293,2.16551,1.78602e+09,USD,33.9302,35.5985,39.1854
OSIS,OSI Systems Inc. Common Stock (DE),S&P 600,False,gics_it,2026-10-06,198.56,8.94749,2026-06-30,False,,0,0.333294,0.046,11.3711,12.8085,1.78726e+09,USD,208.323,218.567,240.589
OSK,Oshkosh Corporation (Holding Company)Common Stock,S&P 400,False,gics_indu,2026-10-06,132.13,8.78818,2026-06-30,False,,0.0157098,0.504307,0.046,10.7134,13.9644,1.78524e+09,USD,137.542,143.176,155.146
OTIS,Otis Worldwide Corporation Common Stock ,S&P 500,True,gics_indu,2026-10-06,66.45,3.89117,2026-06-30,False,,0.0246875,0.22924,0.046,4.0428,4.53432,1.78472e+09,USD,68.8621,71.3618,76.6366
OTTR,Otter Tail Corporation Common Stock,S&P 600,False,gics_util,2026-10-06,89.2,4.63666,2026-06-30,False,,0.024682,0.0971456,0.046,6.075,5.32667,1.78579e+09,USD,92.4382,95.7939,102.875
OUST,Ouster Inc. Common Stock,Russell 2000,False,gics_indu,2026-10-06,44.91,-0.808102,2026-06-30,False,,0,1.01249,0.046,-0.34,-0.125,1.78605e+09,USD,47.1183,49.4351,54.4161
OUT,OUTFRONT Media Inc. Common Stock,S&P 600,False,gics_re,2026-10-06,29.07,1.37859,2026-06-30,False,,0.0428092,0.349303,0.046,1.39525,1.51728,1.78596e+09,USD,29.8535,30.6581,32.333
OWL,Blue Owl Capital Inc. Class A Common Stock,大型股,False,gics_fin,2026-10-06,9.07,0.0518969,2026-06-30,False,,0.0926931,0.601228,0.046,0.88572,0.98458,1.79328e+09,USD,9.08501,9.10004,9.13019
OXM,Oxford Industries Inc. Common Stock,Russell 2000,False,gics_indu,2026-10-06,25.49,-0.451452,2026-08-01,False,,0.107494,0.664802,0.046,1.76469,2.35157,1.78847e+09,USD,25.3439,25.1987,24.9107
OXY,Occidental Petroleum Corporation Common Stock,S&P 500,True,gics_energy,2026-10-06,58.33,6.45327,2026-06-30,False,,0,0.307834,0.046,6.23609,4.08618,1.79425e+09,USD,61.1981,64.2073,70.6767
P,Everpure Inc. Class A common stock,大型股,False,gics_it,2026-10-06,147.2,0.732912,2026-08-02,False,,0,,0.046,2.7777,4.22137,1.78777e+09,USD,154.438,162.032,178.358
PACS,PACS Group Inc. Common Stock,Russell 2000,False,gics_health,2026-10-06,42.81,1.66074,2026-06-30,False,,0,0.555038,0.046,2.51881,2.7311,1.78587e+09,USD,44.915,47.1235,51.8716
PAG,Penske Automotive Group Inc. Common Stock,S&P 400,False,gics_discr,2026-10-06,199.01,13.7675,2026-06-30,False,,0.0263744,0.258159,0.046,13.3154,14.362,1.78533e+09,USD,206.06,213.36,228.745
PANW,Palo Alto Networks Inc. Common Stock,S&P 500,True,software,2026-10-06,419.91,0.383271,2026-07-31,False,,0,0.390004,0.046,4.1889,4.87907,1.78829e+09,USD,440.557,462.22,508.793
PAR,PAR Technology Corporation Common Stock,Russell 2000,False,other,2026-10-06,14.5,-1.74744,2026-06-30,False,,0,0.842134,0.046,0.76715,1.42852,1.78605e+09,USD,15.213,15.961,17.5692
PARR,Par Pacific Holdings Inc.  Common Stock,S&P 600,False,gics_energy,2026-10-06,86.91,17.2653,2026-06-30,False,,0,0.609886,0.046,22.559,14.8424,1.78587e+09,USD,91.1834,95.667,105.306
PATH,UiPath Inc. Class A Common Stock,S&P 400,False,gics_it,2026-10-06,13.1,0.685681,2026-07-31,False,,0,0.816823,0.046,0.78695,0.92094,1.78847e+09,USD,13.7441,14.4199,15.8729
PATK,Patrick Industries Inc. Common Stock,S&P 600,False,gics_discr,2026-10-06,66.64,4.08586,2026-06-28,False,,0.0246305,0.355971,0.046,4.277,5.326,1.78541e+09,USD,69.061,71.5699,76.8645
PAY,Paymentus Holdings Inc. Class A Common Stock,Russell 2000,False,gics_discr,2026-10-06,31.71,0.656209,2026-06-30,False,,0,0.51775,0.046,0.91304,1.09096,1.78579e+09,USD,33.2692,34.9051,38.4221
PAYC,Paycom Software Inc. Common Stock,S&P 500,True,gics_indu,2026-10-06,222.44,9.52883,2026-06-30,False,,0.00666836,0.501887,0.046,12.0967,13.9653,1.78596e+09,USD,232.601,243.226,265.953
PAYX,Paychex Inc. Common Stock,S&P 500,True,gics_indu,2026-10-06,101.02,5.01667,2026-08-31,False,,0.043299,0.225006,0.046,5.96074,6.38856,1.79017e+09,USD,103.717,106.487,112.249
PB,Prosperity Bancshares Inc. Common Stock,S&P 400,False,gics_fin,2026-10-06,67.1,5.57944,2026-06-30,False,,0.0352913,0.188285,0.046,6.40921,7.36744,1.79319e+09,USD,69.168,71.2997,75.7623
PBF,PBF Energy Inc. Class A Common Stock,S&P 400,False,gics_energy,2026-10-06,82.88,11.1773,2026-06-30,False,,0,0.56734,0.046,23.0699,17.4343,1.79328e+09,USD,86.9553,91.2309,100.423
PBH,Prestige Consumer Healthcare Inc. Common Stock,S&P 600,False,gics_health,2026-10-06,46.44,3.53062,2026-06-30,False,,0,0.341062,0.046,4.5675,5.08125,1.78602e+09,USD,48.7235,51.1193,56.27
PBI,Pitney Bowes Inc. Common Stock,S&P 600,False,other,2026-10-06,16.56,1.26806,2026-06-30,False,,0.0213655,0.467239,0.046,1.675,1.82167,1.78536e+09,USD,17.1896,17.8432,19.2259
PBYI,Puma Biotechnology Inc Common Stock,Russell 2000,False,gics_health,2026-10-06,9.5,0.50798,2026-06-30,False,,0,0.425461,0.046,,0.35,1.78605e+09,USD,9.96712,10.4572,11.5109
PCAR,PACCAR Inc. Common Stock,S&P 500,True,gics_indu,2026-10-06,109.32,4.7464,2026-06-30,False,,0.0243733,0.250049,0.046,5.93946,7.17804,1.7931e+09,USD,113.306,117.437,126.158
PCB,PCB Bancorp Common Stock,Russell 2000,False,gics_fin,2026-10-06,28.1,2.93625,2026-06-30,False,,0.030928,0.201235,0.046,2.95,3.00667,,USD,29.0293,29.9893,32.0057
PCG,Pacific Gas & Electric Co. Common Stock,S&P 500,True,gics_util,2026-10-06,12.5,1.33742,2026-06-30,False,,0.00197829,0.335265,0.046,1.64741,1.80162,1.79267e+09,USD,13.1017,13.7323,15.0861
PCOR,Procore Technologies Inc. Common Stock,,False,gics_it,2026-10-06,54.39,-0.254455,2026-06-30,False,,0,0.646493,0.046,1.70009,2.37425,1.78536e+09,USD,57.0644,59.8703,65.9028
PCRX,Pacira BioSciences Inc. Common Stock,S&P 600,False,gics_health,2026-10-06,24.76,0.35781,2026-06-30,False,,0,0.380156,0.046,2.8904,3.44225,1.78587e+09,USD,25.9775,27.2548,30.001
PCTY,Paylocity Holding Corporation Common Stock,S&P 400,False,gics_it,2026-10-06,146.16,4.92498,2026-06-30,False,,0,0.477369,0.046,8.74083,9.71987,1.78587e+09,USD,153.347,160.887,177.098
PD,PagerDuty Inc. Common Stock,Russell 2000,False,gics_it,2026-10-06,15.44,2.31587,2026-07-31,False,,0,0.777386,0.046,1.35556,1.46778,1.78786e+09,USD,16.1992,16.9957,18.7082
PDFS,PDF Solutions Inc. Common Stock,S&P 600,False,gics_it,2026-10-06,54.44,0.246745,2026-06-30,False,,0,0.652909,0.046,1.29375,1.6525,1.78605e+09,USD,57.1169,59.9253,65.9633
PDM,Piedmont Realty Trust Inc. Class A Common Stock,Russell 2000,False,gics_re,2026-10-06,9.03,-0.645411,2026-06-30,False,,0.000137518,0.40252,0.046,,-0.3,1.79304e+09,USD,9.47336,9.93849,10.9384
PEB,Pebblebrook Hotel Trust Common Shares of Beneficial Interest,S&P 600,False,gics_re,2026-10-06,18.98,-0.366744,2026-06-30,False,,0.00215178,0.330081,0.046,-0.28,-0.27,1.7933e+09,USD,19.8918,20.8475,22.8987
PEBO,Peoples Bancorp Inc. Common Stock,Russell 2000,False,gics_fin,2026-10-06,36.73,3.32304,2026-06-30,False,,0.0433386,0.121754,0.046,3.64857,4.216,1.7925e+09,USD,37.71,38.7161,40.8096
PECO,Phillips Edison & Company Inc. Common Stock,S&P 600,False,gics_re,2026-10-06,37.54,1.03242,2026-06-30,False,,0.0319091,0.20289,0.046,0.84174,0.6781,1.79304e+09,USD,38.7625,40.0247,42.674
PEG,Public Service Enterprise Group Incorporated Common Stock,S&P 500,True,gics_util,2026-10-06,71.73,4.024,2026-06-30,False,,0.0385207,0.19077,0.046,4.37042,4.67242,1.78585e+09,USD,73.8214,75.9738,80.4687
PEGA,Pegasystems Inc. Common Stock,S&P 400,False,gics_it,2026-10-06,34.6,1.81187,2026-06-30,False,,0.00323314,0.456077,0.046,2.42772,2.60051,1.78466e+09,USD,36.2427,37.9633,41.6536
PEN,Penumbra Inc. Common Stock,S&P 400,False,gics_health,2026-10-06,317.05,4.05814,2026-06-30,False,,0,0.176904,0.046,4.78747,6.13194,,USD,332.64,348.996,384.16
PENG,Penguin Solutions Inc. Common Stock,S&P 600,False,gics_it,2026-10-06,64.21,1.4,2026-08-29,True,0.79602,0,1.1608,0.046,2.62043,4.3425,1.79132e+09,USD,67.3672,70.6797,77.8014
PENN,PENN Entertainment Inc. Common Stock,S&P 600,False,gics_discr,2026-10-06,15.91,-6.61342,2026-06-30,False,,0,0.502461,0.046,0.96479,1.19463,1.79388e+09,USD,16.6923,17.5131,19.2777
PEP,PepsiCo Inc. Common Stock,S&P 500,True,gics_staples,2026-10-06,125.71,7.6229,2026-06-13,False,,0.0437457,0.162456,0.046,8.55055,8.9102,1.79146e+09,USD,129.038,132.454,139.559
PFE,Pfizer Inc. Common Stock,S&P 500,True,gics_health,2026-10-06,27.5,0.756064,2026-06-28,False,,0,0.183235,0.046,2.97497,2.89684,1.79371e+09,USD,28.8522,30.2709,33.3209
PFG,Principal Financial Group Inc Common Stock,S&P 500,True,gics_fin,2026-10-06,109.7,7.07581,2026-06-30,False,,0.0274422,0.210857,0.046,9.54351,10.3261,1.79304e+09,USD,113.526,117.485,125.822
PFGC,Performance Food Group Company Common Stock,S&P 400,False,gics_discr,2026-10-06,93.78,2.28854,2026-06-27,False,,0,0.341862,0.046,5.66986,6.75093,1.78654e+09,USD,98.3912,103.229,113.63
PFIS,Peoples Financial Services Corp. Common Stock,Russell 2000,False,gics_fin,2026-10-06,69.26,5.65701,2026-06-30,False,,0.036024,0.167827,0.046,6.305,7.2,,USD,71.3684,73.541,78.0867
PFS,Provident Financial Services Inc Common Stock,S&P 600,False,gics_fin,2026-10-06,22.28,2.39466,2026-06-30,False,,0.0425178,0.196045,0.046,2.46,2.59333,1.79322e+09,USD,22.8838,23.504,24.7953
PFSI,PennyMac Financial Services Inc. Common Stock,Russell 2000,False,gics_fin,2026-10-06,62.76,7.28536,2026-06-30,False,,0.017937,0.588532,0.046,7.00652,10.6448,1.78536e+09,USD,65.2581,67.8555,73.3648
PG,Procter & Gamble Company (The) Common Stock,S&P 500,True,gics_staples,2026-10-06,148.41,6.62374,2026-06-30,False,,0.0286282,0.162801,0.046,6.97828,7.40268,1.79267e+09,USD,153.494,158.753,169.817
PGC,Peapack-Gladstone Financial Corporation Common Stock,Russell 2000,False,gics_fin,2026-10-06,44.18,2.78732,2026-06-30,False,,0.00441762,0.251734,0.046,3.5725,4.8075,1.79313e+09,USD,46.2501,48.4172,53.0607
PGNY,Progyny Inc. Common Stock,S&P 600,False,gics_health,2026-10-06,25.91,0.927765,2026-06-30,False,,0,0.65235,0.046,2.08468,2.31977,1.78605e+09,USD,27.184,28.5207,31.3944
PGR,Progressive Corporation (The) Common Stock,S&P 500,True,gics_fin,2026-10-06,212.05,19.9267,2026-06-30,False,,0.0683377,0.243582,0.046,18.2098,16.3541,1.79198e+09,USD,215.003,217.998,224.112
PH,Parker-Hannifin Corporation Common Stock,S&P 500,True,gics_indu,2026-10-06,984.91,28.4856,2026-06-30,False,,0.00752053,0.26611,0.046,35.484,39.4348,1.78602e+09,USD,1029.46,1076.03,1175.57
PHAT,Phathom Pharmaceuticals Inc. Common Stock,Russell 2000,False,gics_health,2026-10-06,6.78,-1.18299,2026-06-30,False,,0,0.510181,0.046,-0.0298,1.0758,1.78541e+09,USD,7.11338,7.46315,8.21513
PHIN,PHINIA Inc. Common Stock,S&P 600,False,gics_discr,2026-10-06,60.76,3.48837,2026-06-30,False,,0.0182293,0.350174,0.046,5.96515,6.90251,1.79328e+09,USD,63.1692,65.674,70.9853
PHM,PulteGroup Inc. Common Stock,S&P 500,True,gics_discr,2026-10-06,116.1,9.85738,2026-06-30,False,,0.00813642,0.342575,0.046,10.1194,10.9338,1.79267e+09,USD,121.314,126.763,138.404
PHR,Phreesia Inc. Common Stock,Russell 2000,False,gics_discr,2026-10-06,10.25,0.16725,2026-07-31,False,,0,0.452854,0.046,1.23418,1.58184,1.78838e+09,USD,10.754,11.2828,12.4196
PI,Impinj Inc. Common Stock,S&P 600,False,gics_it,2026-10-06,184.16,-0.870505,2026-06-30,False,,0,0.663412,0.046,2.09579,2.80329,1.79322e+09,USD,193.215,202.716,223.141
PII,Polaris Inc. Common Stock,S&P 400,False,gics_discr,2026-10-06,52.79,-4.46655,2026-06-30,False,,0.0503036,0.441643,0.046,3.1413,3.39991,1.79304e+09,USD,54.01,55.2583,57.842
PINE,Alpine Income Property Trust Inc. Common Stock,Russell 2000,False,gics_re,2026-10-06,17.75,0.357503,2026-06-30,False,,0.0708685,0.299548,0.046,,0.68333,1.7927e+09,USD,17.9744,18.2017,18.665
PINS,Pinterest Inc. Class A Common Stock,S&P 400,False,gics_it,2026-10-06,20.03,0.391027,2026-06-30,False,,0,0.415754,0.046,2.02147,2.402,1.78587e+09,USD,21.0149,22.0482,24.2698
PIPR,Piper Sandler Companies Common Stock,S&P 600,False,gics_fin,2026-10-06,65.66,4.31382,2026-06-30,False,,0.0274011,0.288113,0.046,4.622,5.494,1.78541e+09,USD,67.9512,70.3223,75.3156
PJT,PJT Partners Inc. Class A Common Stock,S&P 600,False,gics_fin,2026-10-06,139.65,4.86528,2026-06-30,False,,0,0.394722,0.046,7.76098,8.85567,1.78524e+09,USD,146.517,153.721,169.21
PK,Park Hotels & Resorts Inc. Common Stock ,S&P 400,False,gics_discr,2026-10-06,15.25,-0.815,2026-06-30,False,,0.0661903,0.269798,0.046,0.54,0.546,1.79382e+09,USD,15.479,15.7114,16.1868
PKE,Park Aerospace Corp. Common Stock,Russell 2000,False,gics_indu,2026-10-06,30.06,0.599444,2026-05-31,False,,0.0167421,0.3644,0.046,,0.51,1.79149e+09,USD,31.2752,32.5395,35.2234
PKG,Packaging Corporation of America Common Stock,S&P 500,True,gics_mat,2026-10-06,229.74,7.76431,2026-06-30,False,,0.0208113,0.211335,0.046,10.4397,13.1416,1.79261e+09,USD,238.541,247.68,267.021
PKOH,Park-Ohio Holdings Corp. Common Stock,Russell 2000,False,gics_indu,2026-10-06,48.68,1.8662,2026-06-30,False,,0.0118493,0.399918,0.046,3.26333,3.68,1.78596e+09,USD,50.7719,52.9538,57.6027
PL,Planet Labs PBC Class A Common Stock,,False,gics_it,2026-10-06,18.57,-1.00075,2026-07-31,False,,0,1.01281,0.046,-0.055,-0.00125,1.78847e+09,USD,19.4831,20.4411,22.5007
PLAB,Photronics Inc. Common Stock,S&P 600,False,gics_it,2026-10-06,30.82,2.81021,2026-08-02,False,,0,0.561636,0.046,2.01,2.07667,1.78775e+09,USD,32.3354,33.9254,37.3437
PLAY,Dave & Buster's Entertainment Inc. Common Stock,Russell 2000,False,gics_discr,2026-10-06,6.86,-2.53578,2026-08-04,False,,0,0.729259,0.046,-1.6519,-1.3758,1.78942e+09,USD,7.19731,7.55121,8.31206
PLD,Prologis Inc. Common Stock,S&P 500,True,gics_re,2026-10-06,128.68,4.39162,2026-06-30,False,,0.0303005,0.294346,0.046,3.3575,3.33333,1.79207e+09,USD,132.977,137.418,146.75
PLMR,Palomar Holdings Inc. Common stock,S&P 600,False,gics_fin,2026-10-06,126.88,7.43061,2026-06-30,False,,0,0.267438,0.046,10.1019,11.3574,1.78587e+09,USD,133.119,139.664,153.737
PLNT,Planet Fitness Inc. Common Stock,S&P 400,False,gics_discr,2026-10-06,42.25,3.16224,2026-06-30,False,,0,0.305354,0.046,3.26177,3.66263,1.78602e+09,USD,44.3275,46.5071,51.1931
PLOW,Douglas Dynamics Inc. Common Stock,Russell 2000,False,gics_indu,2026-10-06,40.68,2.22764,2026-06-30,False,,0.0303402,0.501348,0.046,3.12,3.2275,1.78576e+09,USD,42.0377,43.4407,46.3887
PLPC,Preformed Line Products Company Common Stock,Russell 2000,False,gics_indu,2026-10-06,421.52,8.7463,2026-06-30,False,,0.00196213,0.412735,0.046,,,,USD,441.813,463.082,508.743
PLTR,Palantir Technologies Inc. Class A Common Stock,S&P 500,True,software,2026-10-06,192.07,1.17339,2026-06-30,False,,0,0.575373,0.046,1.62012,2.34416,1.78579e+09,USD,201.514,211.423,232.726
PLUS,ePlus inc. Common Stock,S&P 600,False,gics_it,2026-10-06,94.16,4.56304,2026-06-30,False,,0.011055,0.269607,0.046,5.475,5.955,1.78587e+09,USD,98.2454,102.508,111.596
PLXS,Plexus Corp. Common Stock,S&P 600,False,gics_it,2026-10-06,272.63,6.7892,2026-07-04,False,,0,0.478623,0.046,8.69,10.12,1.78536e+09,USD,286.035,300.1,330.338
PM,Philip Morris International Inc Common Stock,S&P 500,True,gics_staples,2026-10-06,190.4,6.97051,2026-06-30,False,,0.0302748,0.221919,0.046,8.40168,9.19078,1.79259e+09,USD,196.761,203.334,217.148
PMT,PennyMac Mortgage Investment Trust Common Shares of Beneficial Interest,S&P 600,False,gics_re,2026-10-06,8.03,1.90392,2026-06-30,False,,0.18337,0.26426,0.046,1.06167,1.38667,1.78536e+09,USD,7.68676,7.35819,6.74259
PNC,PNC Financial Services Group Inc. (The) Common Stock,S&P 500,True,gics_fin,2026-10-06,220.16,17.9383,2026-06-30,False,,0.0305868,0.265917,0.046,19.3269,21.46,1.79207e+09,USD,227.48,235.043,250.932
PNTG,The Pennant Group Inc. Common Stock ,Russell 2000,False,gics_health,2026-10-06,39.955,0.898824,2026-06-30,False,,0,0.252471,0.046,1.40143,1.58714,1.79382e+09,USD,41.9196,43.9808,48.4123
PNW,Pinnacle West Capital Corporation Common Stock,S&P 500,True,gics_util,2026-10-06,98.04,5.14165,2026-06-30,False,,0.0380832,0.171739,0.046,4.73909,5.58248,1.79371e+09,USD,100.921,103.886,110.08
PODD,Insulet Corporation Common Stock,S&P 500,True,gics_health,2026-10-06,134.73,5.346,2026-06-30,False,,0,0.443601,0.046,6.50333,7.73103,1.7938e+09,USD,141.355,148.305,163.248
POOL,Pool Corporation Common Stock,S&P 500,True,gics_discr,2026-10-06,158.24,10.9753,2026-06-30,False,,0.0303285,0.313296,0.046,10.9984,11.8142,1.78481e+09,USD,163.522,168.981,180.45
POR,Portland General Electric Co Common Stock,S&P 400,False,gics_util,2026-10-06,44.27,2.20836,2026-06-30,False,,0.044357,0.142987,0.046,3.39686,3.58865,1.79328e+09,USD,45.428,46.6163,49.087
POST,Post Holdings Inc. Common Stock,S&P 400,False,gics_staples,2026-10-06,73.32,5.41774,2026-06-30,False,,0,0.204461,0.046,7.64988,7.19891,1.78605e+09,USD,76.9252,80.7077,88.8397
POWI,Power Integrations Inc. Common Stock,S&P 600,False,gics_it,2026-10-06,53.4,0.44213,2026-06-30,False,,0.0164741,0.753993,0.046,1.39007,1.87312,1.78596e+09,USD,55.5661,57.8201,62.6061
POWL,Powell Industries Inc. Common Stock,S&P 600,False,gics_energy,2026-10-06,204.69,5.2141,2026-06-30,False,,0.00184977,1.03455,0.046,5.38192,6.98984,1.78579e+09,USD,214.556,224.898,247.101
PPC,Pilgrim's Pride Corporation Common Stock,S&P 400,False,gics_staples,2026-10-06,27.89,2.28437,2026-06-28,False,,0,0.344921,0.046,2.35167,2.745,1.78536e+09,USD,29.2614,30.7002,33.7935
PPG,PPG Industries Inc. Common Stock,S&P 500,True,gics_mat,2026-10-06,106.52,7.00535,2026-06-30,False,,0.0263542,0.219806,0.046,7.89664,8.64408,1.79313e+09,USD,110.295,114.203,122.44
PPL,PPL Corporation Common Stock,S&P 500,True,gics_util,2026-10-06,33.7,1.67189,2026-06-30,False,,0.0337939,0.161013,0.046,1.94865,2.11915,1.78611e+09,USD,34.7646,35.8629,38.1647
PPLI,People Incorporated Common Stock,S&P 600,False,gics_it,2026-10-06,41.29,4.38216,2026-06-30,False,,0,,0.046,8.34667,2.46,1.78579e+09,USD,43.3203,45.4503,50.0299
PR,Permian Resources Corporation Class A Common Stock,S&P 400,False,gics_energy,2026-10-06,22.35,1.44383,2026-06-30,False,,0.0296747,0.366261,0.046,2.26869,2.23915,1.78596e+09,USD,23.1036,23.8826,25.5204
PRAA,PRA Group Inc. Common Stock,Russell 2000,False,gics_fin,2026-10-06,20.04,-6.8824,2026-06-30,False,,0,0.800127,0.046,3.4,2.6,1.78605e+09,USD,21.0254,22.0592,24.2819
PRDO,Perdoceo Education Corporation Common Stock,S&P 600,False,gics_re,2026-10-06,32.06,2.78543,2026-06-30,False,,0,0.209786,0.046,3.13,3.3,1.78605e+09,USD,33.6364,35.2903,38.8462
PRG,PROG Holdings Inc. Common Stock,S&P 600,False,gics_discr,2026-10-06,31.28,3.59397,2026-06-30,False,,0.0163925,0.620223,0.046,4.91571,5.54714,1.78533e+09,USD,32.5502,33.8719,36.6786
PRGO,Perrigo Company plc Ordinary Shares,S&P 600,False,gics_health,2026-10-06,14,-12.4262,2026-06-27,False,,0.0831633,0.692548,0.046,2.18825,2.39836,1.78593e+09,USD,14.0901,14.1809,14.3641
PRGS,Progress Software Corporation Common Stock (DE),S&P 600,False,gics_it,2026-10-06,37.2,2.17,2026-08-31,True,1.04131,0.000281037,0.61024,0.046,6.18803,7.17732,1.7908e+09,USD,39.0237,40.9367,45.0488
PRI,Primerica Inc. Common Stock,S&P 400,False,gics_fin,2026-10-06,279.13,25.0179,2026-06-30,False,,0.0162425,0.224728,0.046,25.2662,27.17,1.78596e+09,USD,290.486,302.305,327.403
PRIM,Primoris Services Corporation Common Stock,S&P 600,False,gics_indu,2026-10-06,84.97,2.54745,2026-06-30,False,,0.00429989,0.637666,0.046,2.14116,5.2178,1.78587e+09,USD,88.9566,93.1302,102.074
PRKS,United Parks & Resorts Inc. Common Stock,S&P 600,False,gics_discr,2026-10-06,33.88,2.70304,2026-06-30,False,,0,0.499383,0.046,3.4841,4.3411,1.78585e+09,USD,35.5459,37.2937,41.0514
PRLB,Proto Labs Inc. Common stock,S&P 600,False,gics_indu,2026-10-06,97.28,1.24829,2026-06-30,False,,0,0.347052,0.046,2.214,2.3875,1.7855e+09,USD,102.063,107.082,117.871
PRMB,Primo Brands Corporation Class A Common Stock,,False,gics_staples,2026-10-06,19.22,0.274164,2026-06-30,False,,0.0223222,0.52618,0.046,1.3048,1.48686,1.79388e+09,USD,19.9412,20.6896,22.2715
PROV,Provident Financial Holdings Inc. Common Stock,,False,gics_fin,2026-10-06,18.36,1.02655,2026-06-30,False,,0.0299968,0.105997,0.046,1.22,1.27,1.78524e+09,USD,18.976,19.6127,20.9509
PRSU,Pursuit Attractions and Hospitality Inc. Common Stock,S&P 600,False,gics_discr,2026-10-06,52.73,1.37222,2026-06-30,False,,0,0.302873,0.046,1.69637,1.84208,1.78596e+09,USD,55.3228,58.043,63.8914
PRTA,Prothena Corporation plc Ordinary Shares,Russell 2000,False,gics_health,2026-10-06,8.02,-0.813026,2026-06-30,False,,0,0.346281,0.046,0.65,-1.52,1.78605e+09,USD,8.41435,8.82809,9.7176
PRU,Prudential Financial Inc. Common Stock,S&P 500,True,gics_fin,2026-10-06,113.54,11.2135,2026-06-30,False,,0.0471492,0.181396,0.046,14.4735,14.8597,1.79374e+09,USD,116.347,119.224,125.193
PRVA,Privia Health Group Inc. Common Stock,S&P 600,False,gics_health,2026-10-06,20.28,0.21334,2026-06-30,False,,0,0.622533,0.046,0.887,1.061,1.78602e+09,USD,21.2772,22.3234,24.5727
PSA,Public Storage Common Stock,S&P 500,True,gics_re,2026-10-06,285.85,11.5821,2026-06-30,False,,0,0.267931,0.046,9.77427,9.85394,1.79304e+09,USD,299.905,314.652,346.356
PSMT,PriceSmart Inc. Common Stock,S&P 600,False,gics_discr,2026-10-06,172,5.30192,2026-05-31,False,,0,0.299794,0.046,5.56,6.415,1.79304e+09,USD,180.457,189.331,208.407
PSN,Parsons Corporation Common Stock,S&P 400,False,gics_it,2026-10-06,42.1,1.45226,2026-06-30,False,,0,0.47897,0.046,2.41696,3.41928,1.79319e+09,USD,44.1701,46.342,51.0113
PSTL,Postal Realty Trust Inc. Class A Common Stock,Russell 2000,False,gics_re,2026-10-06,22.69,0.624882,2026-06-30,False,,0.0546695,0.314856,0.046,0.68607,0.76741,1.78587e+09,USD,23.1638,23.6474,24.6453
PSX,Phillips 66 Common Stock,S&P 500,True,gics_energy,2026-10-06,269.79,17.5886,2026-06-30,False,,0.0190993,0.32066,0.046,29.0117,26.6782,1.79319e+09,USD,280.366,291.356,314.645
PTC,PTC Inc. Common Stock,S&P 500,True,software,2026-10-06,193,10.3229,2026-06-30,False,,0,0.332393,0.046,8.20011,8.92088,1.78536e+09,USD,202.49,212.446,233.852
PTCT,PTC Therapeutics Inc. Common Stock,S&P 600,False,gics_health,2026-10-06,63.7,-0.417105,2026-06-30,False,,0,0.319253,0.046,1.71,2.67667,1.78544e+09,USD,66.8322,70.1184,77.1834
PTEN,Patterson-UTI Energy Inc. Common Stock,S&P 600,False,gics_energy,2026-10-06,11.41,-0.235999,2026-06-30,False,,0.0324189,0.569347,0.046,-0.01917,0.35104,1.78536e+09,USD,11.7786,12.159,12.9572
PUMP,ProPetro Holding Corp. Common Stock,Russell 2000,False,gics_energy,2026-10-06,9.53,-0.109026,2026-06-30,False,,0,0.573632,0.046,-0.05044,0.35729,1.78533e+09,USD,9.9986,10.4902,11.5472
PVH,PVH Corp. Common Stock,S&P 400,False,gics_indu,2026-10-06,78.21,-3.64224,2026-08-02,False,,0,0.565557,0.046,12.1002,12.4946,1.78838e+09,USD,82.0556,86.0904,94.7648
PWP,Perella Weinberg Partners Class A Common Stock,Russell 2000,False,gics_fin,2026-10-06,15.53,0.218131,2026-06-30,False,,0.0185133,0.596616,0.046,0.92,1.385,1.7855e+09,USD,16.1435,16.7812,18.1332
PWR,Quanta Services Inc. Common Stock,S&P 500,True,gics_indu,2026-10-06,719.56,8.70431,2026-06-30,False,,0.00066169,0.341654,0.046,16.7426,19.7739,1.78541e+09,USD,754.692,791.538,870.717
PYPL,PayPal Holdings Inc. Common Stock,S&P 500,True,gics_fin,2026-10-06,54.61,5.32826,2026-06-30,False,,0.0053252,0.325428,0.046,5.39109,5.78532,1.7931e+09,USD,57.1429,59.7932,65.4683
PZZA,Papa John's International Inc. Common Stock,S&P 600,False,gics_discr,2026-10-06,19.58,0.832081,2026-06-28,False,,0.0923916,0.426982,0.046,1.1819,1.3318,1.79388e+09,USD,19.6154,19.6508,19.7218
QBTS,D-Wave Quantum Inc. Common Stock,Russell 2000,False,gics_it,2026-10-06,15.79,-0.670631,2026-06-30,False,,0,,0.046,-0.29294,-0.37765,1.78602e+09,USD,16.5664,17.381,19.1323
QCOM,QUALCOMM Incorporated Common Stock,S&P 500,True,semis,2026-10-06,181.03,8.63713,2026-06-28,False,,0,0.449958,0.046,10.4842,10.204,1.79382e+09,USD,189.931,199.27,219.349
QDEL,QuidelOrtho Corporation Common Stock,S&P 600,False,gics_health,2026-10-06,12.57,-15.3499,2026-06-28,False,,0,0.823663,0.046,0.77449,1.44209,1.78605e+09,USD,13.1881,13.8365,15.2307
QLYS,Qualys Inc. Common Stock,S&P 400,False,gics_it,2026-10-06,199.93,5.78895,2026-06-30,False,,0,0.619861,0.046,7.81411,8.45146,1.78587e+09,USD,209.761,220.075,242.249
QNST,QuinStreet Inc. Common Stock,S&P 600,False,gics_discr,2026-10-06,15.02,1.39668,2026-06-30,False,,0,0.524666,0.046,1.59,1.87,1.78605e+09,USD,15.7585,16.5334,18.1993
QRVO,Qorvo Inc. Common Stock,S&P 600,False,gics_it,2026-10-02,114.17,4.26734,2026-06-27,False,,0,0.499466,0.046,7.52238,7.90639,1.78527e+09,USD,119.784,125.674,138.336
QTWO,Q2 Holdings Inc. Common Stock,S&P 600,False,gics_it,2026-10-06,57.42,1.35982,2026-06-30,False,,0,0.548657,0.046,2.87,3.36909,1.78536e+09,USD,60.2434,63.2056,69.5741
QUAD,Quad Graphics Inc Class A Common Stock,Russell 2000,False,gics_discr,2026-10-06,9.39,0.624,2026-06-30,False,,0.0373459,0.375493,0.046,1.31,1.46,1.78527e+09,USD,9.66946,9.95723,10.5587
QVCG,QVC Group Inc. Common Stock,,False,gics_discr,2026-10-06,13.31,-0.340001,2026-06-30,False,,0,,0.046,,,,USD,13.9645,14.6511,16.1273
QXO,QXO Inc. Common Stock,大型股,False,gics_discr,2026-10-06,12.11,-0.666363,2026-06-30,False,,0,0.414314,0.046,0.27488,0.64034,1.78665e+09,USD,12.7055,13.3302,14.6733
R,Ryder System Inc. Common Stock,S&P 400,False,gics_discr,2026-10-06,236.17,12.5218,2026-06-30,False,,0.0153697,0.372828,0.046,14.6659,17.6103,1.79267e+09,USD,245.886,256.001,277.498
RAIL,FreightCar America Inc. Common Stock,Russell 2000,False,gics_indu,2026-10-06,6.6,-0.350413,2026-06-30,False,,0,0.916865,0.046,0.40667,1.06,1.78579e+09,USD,6.92453,7.26501,7.99703
RAL,Ralliant Corporation Common Stock,S&P 600,False,gics_indu,2026-10-06,73.86,-10.8887,2026-07-03,False,,0.00283226,0.591,0.046,2.87204,3.3525,1.78541e+09,USD,77.3821,81.0721,88.9885
RAMP,LiveRamp Holdings Inc. Common Stock,S&P 600,False,gics_it,2026-10-06,37.65,2.39403,2026-06-30,False,,0,0.431621,0.046,2.875,3.45,1.78596e+09,USD,39.5013,41.4436,45.6194
RARE,Ultragenyx Pharmaceutical Inc. Common Stock,Russell 2000,False,gics_health,2026-10-06,14.46,-5.75074,2026-06-30,False,,0,0.844197,0.046,-3.87328,0.67674,1.78587e+09,USD,15.171,15.917,17.5208
RBB,RBB Bancorp Common Stock,Russell 2000,False,gics_fin,2026-10-06,26.1,2.4318,2026-06-30,False,,0.0244941,0.235442,0.046,2.382,2.494,1.79244e+09,USD,27.05,28.0346,30.1127
RBC,RBC Bearings Incorporated Common Stock,S&P 400,False,gics_indu,2026-10-06,514.18,10.1089,2026-06-27,False,,0,0.376587,0.046,14.7637,16.6418,1.7855e+09,USD,539.463,565.988,623.017
RBCAA,Republic Bancorp Inc. Class A Common Stock,Russell 2000,False,gics_fin,2026-10-06,93.29,6.44382,2026-06-30,False,,0.0192545,0.160273,0.046,6.81,6.9,1.7849e+09,USD,96.9394,100.731,108.767
RBLX,Roblox Corporation Class A Common Stock,大型股,False,gics_it,2026-10-06,45.56,-1.39663,2026-06-30,False,,0,0.680193,0.046,-1.50824,-1.24935,1.78544e+09,USD,47.8002,50.1506,55.2037
RBRK,Rubrik Inc. Class A Common Stock,大型股,False,gics_it,2026-10-06,125.8,-1.23449,2026-07-31,False,,0,0.654485,0.046,0.50325,0.76765,1.78786e+09,USD,131.986,138.475,152.428
RCKY,Rocky Brands Inc. Common Stock,Russell 2000,False,gics_discr,2026-10-06,46.56,3.79005,2026-06-30,False,,0.0140341,0.567399,0.046,4.945,4.2,1.78527e+09,USD,48.5078,50.5371,54.8539
RCL,Royal Caribbean Cruises Ltd. Common Stock,S&P 500,True,gics_discr,2026-10-06,288.78,16.2251,2026-06-30,False,,0.0184151,0.41518,0.046,17.8371,20.4475,1.78524e+09,USD,300.203,312.077,337.254
RCUS,Arcus Biosciences Inc. Common Stock,S&P 600,False,gics_health,2026-10-06,24.28,-3.6479,2026-06-30,False,,0,0.418303,0.046,-3.48,-3.26571,1.78596e+09,USD,25.4739,26.7264,29.4194
RDDT,Reddit Inc. Class A Common Stock,大型股,False,gics_it,2026-10-06,148.95,4.30119,2026-06-30,False,,0,0.6278,0.046,7.67514,9.68749,1.78544e+09,USD,156.274,163.958,180.478
RDN,Radian Group Inc. Common Stock,S&P 600,False,gics_fin,2026-10-06,34.11,3.87257,2026-06-30,False,,0.029924,0.266252,0.046,4.91383,5.29667,1.78596e+09,USD,35.2557,36.44,38.9291
RDW,Redwire Corporation Common Stock,Russell 2000,False,gics_indu,2026-10-06,10.62,-1.10719,2026-06-30,False,,0,1.84781,0.046,-0.46667,-0.34,1.78596e+09,USD,11.1422,11.6901,12.8679
REAL,The RealReal Inc. Common Stock,Russell 2000,False,gics_discr,2026-10-06,9.41,-0.645322,2026-06-30,False,,0,0.812642,0.046,0.09927,0.2925,1.78605e+09,USD,9.8727,10.3581,11.4018
REG,Regency Centers Corporation Common Stock,S&P 500,True,gics_re,2026-10-06,71.42,3.03715,2026-06-30,False,,0.0399737,0.146725,0.046,2.47022,2.51433,1.79391e+09,USD,73.449,75.5356,79.8884
REGN,Regeneron Pharmaceuticals Inc. Common Stock,S&P 500,True,gics_health,2026-10-06,738.72,40.1922,2026-06-30,False,,0.00439703,0.308347,0.046,55.3,61.4731,1.79336e+09,USD,773.341,809.585,887.248
RELL,Richardson Electronics Ltd. Common Stock,Russell 2000,False,gics_it,2026-10-06,19.05,0.502757,2026-05-30,False,,0.0158175,0.47441,0.046,0.505,0.74,1.7914e+09,USD,19.8293,20.6404,22.3635
RELY,Remitly Global Inc. Common Stock,S&P 600,False,gics_discr,2026-10-06,23.2,1.37981,2026-06-30,False,,0,0.643272,0.046,1.84936,1.61512,1.78596e+09,USD,24.3408,25.5376,28.1108
RES,RPC Inc. Common Stock,S&P 600,False,gics_energy,2026-10-06,6.04,0.106197,2026-06-30,False,,0.0283502,0.527998,0.046,0.2825,0.2925,1.78541e+09,USD,6.2478,6.46274,6.91507
REX,REX American Resources Corporation,S&P 600,False,gics_indu,2026-10-06,44.04,3.64048,2026-07-31,False,,0,0.396022,0.046,,2.27,1.78835e+09,USD,46.2055,48.4774,53.362
REXR,Rexford Industrial Realty Inc. Common Stock,S&P 400,False,gics_re,2026-10-06,36.8,-1.70145,2026-06-30,False,,0.0456174,0.245562,0.046,0.98361,0.98752,1.7927e+09,USD,37.7388,38.7016,40.7014
REYN,Reynolds Consumer Products Inc. Common Stock,S&P 600,False,gics_discr,2026-10-06,22.32,1.62813,2026-06-30,False,,0.0414505,0.387165,0.046,1.61158,1.70918,1.78533e+09,USD,22.9372,23.5714,24.8929
REZI,Resideo Technologies Inc. Common Stock ,S&P 600,False,gics_indu,2026-10-06,18.92,2.75484,2026-07-04,False,,0,0.893048,0.046,2.1,2.00667,1.78656e+09,USD,19.8503,20.8264,22.9248
RF,Regions Financial Corporation Common Stock,S&P 500,False,gics_fin,2026-10-06,27.05,2.57143,2026-06-30,False,,0.0381109,0.280085,0.046,2.64098,2.848,1.79215e+09,USD,27.8444,28.6621,30.3703
RGA,Reinsurance Group of America Incorporated Common Stock,S&P 400,False,gics_fin,2026-10-06,251.14,22.8485,2026-06-30,False,,0.0148819,0.211068,0.046,29.7865,29.7302,1.78605e+09,USD,261.535,272.361,295.375
RGEN,Repligen Corporation Common Stock,S&P 400,False,gics_health,2026-10-06,174.86,0.73305,2026-06-30,False,,0,0.426046,0.046,2.06161,2.64943,1.78524e+09,USD,183.458,192.479,211.873
RGLD,Royal Gold Inc. Common Stock,S&P 400,False,gics_indu,2026-10-06,234.35,8.67653,2026-06-30,False,,0.0072126,0.568867,0.046,10.4273,12.86,1.78596e+09,USD,244.988,256.109,279.888
RGNX,REGENXBIO Inc. Common Stock,Russell 2000,False,gics_health,2026-10-06,7.45,-3.70515,2026-06-30,False,,0,0.906403,0.046,-3.492,-2.975,1.78602e+09,USD,7.81632,8.20066,9.02695
RGR,Sturm Ruger & Company Inc. Common Stock,Russell 2000,False,gics_indu,2026-10-06,43.65,0.748238,2026-06-27,False,,0.00910424,0.240418,0.046,1.595,2.025,1.78536e+09,USD,45.5883,47.6127,51.9351
RH,RH Common Stock,S&P 400,False,gics_discr,2026-10-06,117.16,5.66924,2026-08-01,False,,0,0.630483,0.046,5.37819,8.53851,1.78907e+09,USD,122.921,128.965,141.959
RHI,Robert Half Inc. Common Stock,S&P 600,False,gics_discr,2026-10-06,33.67,1.14429,2026-06-30,False,,0.0637232,0.415977,0.046,1.26341,1.96703,1.78484e+09,USD,34.2178,34.7745,35.9152
RHLD,Resolute Holdings Management Common Stock ,Russell 2000,False,gics_fin,2026-10-06,115.64,5.51941,2026-06-30,False,,0,0.40539,0.046,,,1.78602e+09,USD,121.326,127.292,140.118
RHP,Ryman Hospitality Properties Inc. (REIT),S&P 600,False,gics_re,2026-10-06,120.91,3.99067,2026-06-30,False,,0.0368794,0.317535,0.046,4.22,4.77,1.79365e+09,USD,124.537,128.274,136.086
RIGL,Rigel Pharmaceuticals Inc. Common Stock,Russell 2000,False,gics_health,2026-10-06,46.11,16.3522,2026-06-30,False,,0,0.610726,0.046,3.54272,4.93916,1.78587e+09,USD,48.3773,50.756,55.8701
RITM,Rithm Capital Corp. Common Stock,S&P 600,False,gics_re,2026-10-06,8.66,0.81916,2026-06-30,False,,0,0.279746,0.046,2.30059,2.35354,1.78524e+09,USD,9.08582,9.53257,10.4931
RIVN,Rivian Automotive Inc. Class A Common Stock,大型股,False,gics_indu,2026-10-06,14.51,-2.44,2026-06-30,False,,0,0.398605,0.046,-2.18972,-1.74323,1.7933e+09,USD,15.2235,15.972,17.5813
RJET,Republic Airways Holdings Inc. Common Stock,Russell 2000,False,gics_discr,2026-10-06,17.59,1.5117,2026-06-30,False,,0,0.633744,0.046,,,1.78541e+09,USD,18.4549,19.3624,21.3133
RJF,Raymond James Financial Inc. Common Stock,S&P 500,True,gics_fin,2026-10-06,159.43,11.5763,2026-06-30,False,,0,0.279001,0.046,12.1038,14.2575,1.79322e+09,USD,167.269,175.494,193.177
RKLB,Rocket Lab Corporation Common Stock,大型股,False,gics_indu,2026-10-06,75.06,-0.262766,2026-06-30,False,,0,1.16864,0.046,-0.0439,0.05399,1.78639e+09,USD,78.7507,82.623,90.948
RKT,Rocket Companies Inc. Class A Common Stock,大型股,False,gics_fin,2026-10-06,11.59,0.165439,2026-06-30,False,,0,0.394359,0.046,0.61005,0.85254,1.78605e+09,USD,12.1599,12.7578,14.0433
RL,Ralph Lauren Corporation Common Stock,S&P 500,True,gics_discr,2026-10-06,368.67,15.7769,2026-06-27,False,,0.0105351,0.347262,0.046,18.9111,20.9674,1.78602e+09,USD,384.766,401.564,437.393
RLI,RLI Corp. Common Stock (DE),S&P 400,False,gics_fin,2026-10-06,56.04,4.75881,2026-06-30,False,,0.0816598,0.31944,0.046,2.85,2.69571,1.79244e+09,USD,56.4433,56.8494,57.6705
RLJ,RLJ Lodging Trust Common Shares of Beneficial Interest $0.01 par value,Russell 2000,False,gics_re,2026-10-06,11.18,0.182795,2026-06-30,False,,0.0558769,0.353808,0.046,0.07,0.0025,1.79382e+09,USD,11.4066,11.6377,12.1141
RM,Regional Management Corp. Common Stock,Russell 2000,False,gics_fin,2026-10-06,32.8,4.84568,2026-06-30,False,,0,0.464897,0.046,4.925,5.89,1.79322e+09,USD,34.4128,36.1049,39.7428
RMBS,Rambus Inc. Common Stock,S&P 400,False,gics_it,2026-10-06,114.09,2.17936,2026-06-30,False,,0,0.84704,0.046,3.0375,3.72125,1.79304e+09,USD,119.7,125.586,138.239
RMD,ResMed Inc. Common Stock,S&P 500,True,gics_health,2026-10-06,220.69,10.4297,2026-06-30,False,,0.0107542,0.266948,0.046,12.0857,13.2301,1.7933e+09,USD,230.3,240.328,261.714
RNG,RingCentral Inc. Class A Common Stock,S&P 600,False,gics_it,2026-10-06,77.26,1.26748,2026-06-30,False,,0.00185734,0.7395,0.046,5.03385,5.57882,1.78484e+09,USD,80.9837,84.8868,93.2666
RNGR,Ranger Energy Services Inc. Class A Common Stock,Russell 2000,False,gics_energy,2026-10-06,15.65,0.594916,2026-06-30,False,,0.0156956,0.269937,0.046,1.17,1.46,1.78518e+09,USD,16.2912,16.9586,18.3766
RNST,Renasant Corporation Common Stock,S&P 600,False,gics_fin,2026-10-06,39.4,3.33291,2026-06-30,False,,0.0237811,0.248218,0.046,3.78286,3.93,1.78527e+09,USD,40.8487,42.3507,45.5224
ROAD,Construction Partners Inc. Class A Common Stock,S&P 600,False,gics_indu,2026-10-06,93.89,2.53261,2026-06-30,False,,0,0.45525,0.046,3.09833,3.85667,1.78611e+09,USD,98.5066,103.35,113.764
ROCK,Gibraltar Industries Inc. Common Stock,S&P 600,False,gics_indu,2026-10-06,40.8,-5.05857,2026-06-30,False,,0,0.34896,0.046,3.855,4.81,1.78593e+09,USD,42.8062,44.911,49.4362
ROG,Rogers Corporation Common Stock,S&P 600,False,gics_indu,2026-10-06,156.6,1.73889,2026-06-30,False,,0,0.412236,0.046,3.76667,4.55,1.78527e+09,USD,164.3,172.379,189.748
ROK,Rockwell Automation Inc. Common Stock,S&P 500,True,gics_indu,2026-10-06,450.74,10.6661,2026-06-30,False,,0.0125417,0.315048,0.046,13.2328,14.9115,1.78585e+09,USD,469.947,489.972,532.619
ROKU,Roku Inc. Class A Common Stock,S&P 400,False,gics_comm,2026-10-06,152.06,2.33849,2026-06-30,False,,0,0.391293,0.046,2.992,3.95189,1.78605e+09,USD,159.537,167.381,184.247
ROL,Rollins Inc. Common Stock,S&P 500,True,gics_indu,2026-10-06,30.35,1.10452,2026-06-30,False,,0.0219551,0.24562,0.046,1.1678,1.28943,,USD,31.4947,32.6826,35.1944
ROOT,Root Inc. Class A Common Stock,Russell 2000,False,gics_fin,2026-10-06,47.17,3.55814,2026-06-30,False,,0,0.499137,0.046,4.74,2.82,1.78596e+09,USD,49.4894,51.9228,57.1545
ROP,Roper Technologies Inc. Common Stock,S&P 500,True,gics_it,2026-10-06,362.28,23.9417,2026-06-30,False,,0.00957337,0.261926,0.046,22.2177,24.379,1.79267e+09,USD,378.279,394.984,430.639
ROST,Ross Stores Inc. Common Stock,S&P 500,True,gics_discr,2026-10-06,224.21,8.27773,2026-08-01,False,,0.00728175,0.219379,0.046,8.4203,8.97296,1.78726e+09,USD,234.38,245.011,267.741
RPC,Ridgepost Capital Inc. Class A Common Stock,Russell 2000,False,gics_fin,2026-10-06,7.97,0.229067,2026-06-30,False,,0.0182583,0.375641,0.046,1.0009,1.16286,1.78593e+09,USD,8.2859,8.61432,9.31073
RPM,RPM International Inc. Common Stock,S&P 400,False,gics_discr,2026-10-06,98.31,5.41,2026-08-31,True,1.04336,0.0212707,0.241935,0.046,5.94229,6.66605,1.79129e+09,USD,102.053,105.938,114.158
RPRX,Royalty Pharma plc Class A Ordinary Shares ,大型股,False,gics_health,2026-10-06,56.44,1.45807,2026-06-30,False,,0,0.187553,0.046,5.34304,5.73404,1.78593e+09,USD,59.2152,62.1268,68.3867
RRBI,Red River Bancshares Inc. Common Stock,Russell 2000,False,gics_fin,2026-10-06,102.89,6.94619,2026-06-30,False,,0.00788865,0.191839,0.046,7.29333,7.68333,1.78541e+09,USD,107.524,112.367,122.717
RRC,Range Resources Corporation Common Stock,S&P 400,False,gics_energy,2026-10-06,40.02,3.63943,2026-06-30,False,,0.00977025,0.331489,0.046,4.09835,3.92666,1.79313e+09,USD,41.7832,43.6241,47.5527
RRGB,Red Robin Gourmet Burgers Inc. Common Stock,,False,gics_discr,2026-10-06,8.36,-1.38628,2026-07-12,False,,0,1.19249,0.046,-0.18,0.28,1.78656e+09,USD,8.77107,9.20235,10.1296
RRR,Red Rock Resorts Inc. Class A Common Stock,S&P 600,False,gics_discr,2026-10-06,52.05,2.84526,2026-06-30,False,,0.0358453,0.359002,0.046,3.156,3.91675,1.78587e+09,USD,53.6393,55.2771,58.7044
RRX,Regal Rexnord Corporation Common Stock,S&P 400,False,gics_indu,2026-10-06,166.36,4.84155,2026-06-30,False,,0.00914434,0.643562,0.046,10.622,12.9968,1.79371e+09,USD,173.744,181.455,197.92
RS,Reliance Inc. Common Stock,S&P 400,False,gics_indu,2026-10-06,401.49,17.1971,2026-06-30,False,,0,0.275762,0.046,23.6148,23.6112,1.79261e+09,USD,421.232,441.944,486.474
RSG,Republic Services Inc. Common Stock,S&P 500,True,gics_indu,2026-10-06,214.74,7.06717,2026-06-30,False,,0.0115108,0.165223,0.046,7.27601,8.05973,1.7933e+09,USD,224.006,233.672,254.272
RSI,Rush Street Interactive Inc. Class A Common Stock,S&P 600,False,gics_discr,2026-10-06,20.56,0.275319,2026-06-30,False,,0,0.631346,0.046,0.62,0.83969,1.78536e+09,USD,21.5709,22.6316,24.9119
RTX,RTX Corporation Common Stock,S&P 500,True,gics_indu,2026-10-06,183.29,5.66886,2026-06-30,False,,0.0142277,0.203376,0.046,7.2444,7.85736,1.7925e+09,USD,190.939,198.908,215.857
RUN,Sunrun Inc. Common Stock,S&P 600,False,other,2026-10-06,7.77,1.47066,2026-06-30,False,,0,0.839105,0.046,1.3932,1.0028,1.78596e+09,USD,8.15206,8.5529,9.41468
RUSHB,Rush Enterprises Inc. Class B,S&P 600,False,gics_discr,2026-10-06,56.54,3.30653,2026-06-30,False,,0.0136018,0.512658,0.046,,,1.79313e+09,USD,58.918,61.3961,66.6693
RVLV,Revolve Group Inc. Class A Common Stock,Russell 2000,False,gics_discr,2026-10-06,21.21,1.00399,2026-06-30,False,,0,0.470363,0.046,0.91,1.14,1.78587e+09,USD,22.2529,23.3471,25.6995
RVSB,Riverview Bancorp Inc Common Stock,,False,gics_fin,2026-10-06,5.86,-0.185797,2026-06-30,False,,0.0135493,0.240119,0.046,0.28,0.37,,USD,6.10663,6.36364,6.91056
RVTY,Revvity Inc. Common Stock,S&P 500,True,gics_health,2026-10-06,153.3,2.12337,2026-07-05,False,,0.00196128,0.333596,0.046,5.35068,5.89256,1.79371e+09,USD,160.68,168.416,185.022
RXO,RXO Inc. Common Stock,S&P 600,False,gics_discr,2026-10-06,28.54,-0.618936,2026-06-30,False,,0,0.653671,0.046,0.13174,0.62291,1.78602e+09,USD,29.9433,31.4157,34.5811
RYAM,Rayonier Advanced Materials Inc. Common Stock,Russell 2000,False,gics_mat,2026-10-06,6.79,-2.07275,2026-06-27,False,,0,0.493848,0.046,-1.08,1.145,1.78587e+09,USD,7.12387,7.47415,8.22724
RYAN,Ryan Specialty Holdings Inc. Class A Common Stock,S&P 400,False,gics_fin,2026-10-06,38.3,0.3871,2026-06-30,False,,0,0.469164,0.046,2.16748,2.43049,1.7933e+09,USD,40.1832,42.1591,46.407
RYN,Rayonier Inc. REIT Common Stock,S&P 400,False,gics_re,2026-10-06,18.09,0.25023,2026-06-30,False,,0.0731497,0.131171,0.046,0.4159,0.62426,1.78596e+09,USD,18.2979,18.5081,18.9359
RYZ,Ryerson Holding Corporation Common Stock,Russell 2000,False,gics_indu,2026-10-06,26.55,-0.621638,2026-06-30,False,,0.0330146,0.52975,0.046,1.405,2.36,1.79322e+09,USD,27.3994,28.276,30.1143
S,SentinelOne Inc. Class A Common Stock,,False,gics_it,2026-10-06,25.8,-0.995782,2026-07-31,False,,0,0.400008,0.046,0.31938,0.46091,1.78786e+09,USD,27.0686,28.3996,31.2611
SAFE,Safehold Inc. New Common Stock ,S&P 600,False,gics_re,2026-10-06,12.1,1.61409,2026-06-30,False,,0.0552131,0.428289,0.046,1.62,1.67571,1.78544e+09,USD,12.3493,12.6037,13.1284
SAFT,Safety Insurance Group Inc. Common Stock,S&P 600,False,gics_fin,2026-10-06,103.94,4.71319,2026-06-30,False,,0.0356081,0.435267,0.046,,6.25,,USD,107.126,110.411,117.284
SAH,Sonic Automotive Inc. Common Stock,S&P 600,False,gics_discr,2026-10-06,61,6.23235,2026-06-30,False,,0,0.506085,0.046,6.83852,7.4863,1.78541e+09,USD,63.9994,67.1463,73.9119
SAIA,Saia Inc. Common Stock,S&P 400,False,gics_indu,2026-10-06,341.65,10.359,2026-06-30,False,,0,0.496215,0.046,11.3684,14.2679,1.79328e+09,USD,358.449,376.074,413.967
SAIC,Science Applications International Corporation Common Stock,S&P 400,False,gics_it,2026-10-06,124.59,8.63636,2026-07-31,False,,0.0112406,0.242127,0.046,10.8138,11.4843,1.78818e+09,USD,129.984,135.611,147.606
SAIL,SailPoint Inc. Common Stock,大型股,False,gics_it,2026-10-06,19.91,-0.347156,2026-07-31,False,,0,0.743823,0.046,0.32554,0.4027,1.78896e+09,USD,20.889,21.9161,24.1244
SAM,Boston Beer Company Inc. (The) Common Stock,S&P 600,False,gics_staples,2026-10-06,170.37,-6.69437,2026-06-27,False,,0,0.372615,0.046,8.92272,10.2458,1.7927e+09,USD,178.747,187.536,206.432
SANM,Sanmina Corporation Common Stock,S&P 400,False,gics_it,2026-10-06,228.07,5.58879,2026-06-27,False,,0,0.805687,0.046,12.0983,13.9174,1.78518e+09,USD,239.284,251.05,276.346
SARO,StandardAero Inc. Common Stock,S&P 400,False,gics_indu,2026-10-06,20.94,0.971821,2026-06-30,False,,0,0.388141,0.046,1.53262,1.76175,1.78605e+09,USD,21.9696,23.0499,25.3724
SBAC,SBA Communications Corporation Class A Common Stock,S&P 500,True,gics_re,2026-10-06,169.7,9.32313,2026-06-30,False,,0.0277345,0.313056,0.046,7.70972,8.18047,1.78579e+09,USD,175.592,181.689,194.525
SBCF,Seacoast Banking Corporation of Florida Common Stock,S&P 600,False,gics_fin,2026-10-06,32.42,1.6574,2026-06-30,False,,0,0.230675,0.046,2.53333,2.772,1.79313e+09,USD,34.0141,35.6866,39.2824
SBGI,Sinclair Inc. Class A Common Stock,Russell 2000,False,gics_indu,2026-10-06,12.96,0.720651,2026-06-30,False,,0.0783198,0.385041,0.046,0.4,-1.965,1.79382e+09,USD,13.0751,13.1912,13.4265
SBH,Sally Beauty Holdings Inc. (Name to be changed from Sally Holdings Inc.) Common Stock,S&P 600,False,gics_discr,2026-10-06,16.26,1.92803,2026-06-30,False,,0,0.341057,0.046,2.066,2.24,1.78576e+09,USD,17.0595,17.8983,19.7018
SBRA,Sabra Health Care REIT Inc. Common Stock,S&P 400,False,gics_re,2026-10-06,19.12,0.255664,2026-06-30,False,,0.060782,0.196912,0.046,,0.81,1.78579e+09,USD,19.4597,19.8054,20.5153
SBSI,Southside Bancshares Inc. Common Stock,S&P 600,False,gics_fin,2026-10-06,30.19,2.54363,2026-06-30,False,,0.0466067,0.179578,0.046,3.282,3.232,1.7849e+09,USD,30.9449,31.7186,33.3246
SBUX,Starbucks Corporation Common Stock,S&P 500,True,gics_discr,2026-10-06,96.11,1.73334,2026-06-28,False,,0.0261455,0.32511,0.046,2.60031,3.12073,1.78536e+09,USD,99.5262,103.064,110.521
SCCO,Southern Copper Corporation Common Stock,大型股,False,gics_mat,2026-10-06,204.26,6.82969,2026-06-30,False,,0.0181235,0.648477,0.046,7.75459,7.47228,,USD,212.37,220.803,238.685
SCHL,Scholastic Corporation Common Stock,S&P 600,False,gics_discr,2026-10-06,37.01,1.42,2026-08-31,True,0.613579,0.0226886,0.400888,0.046,1.41,2.16,1.79028e+09,USD,38.3918,39.8252,42.8545
SCHW,Charles Schwab Corporation (The) Common Stock,S&P 500,True,gics_fin,2026-10-06,96.8,5.76256,2026-06-30,False,,0.0135938,0.265713,0.046,6.48755,7.88061,1.79207e+09,USD,100.872,105.115,114.144
SCI,Service Corporation International Common Stock,S&P 400,False,gics_discr,2026-10-06,77.3,3.84128,2026-06-30,False,,0.0172563,0.209171,0.046,4.19034,4.59812,1.78536e+09,USD,80.4042,83.633,90.4848
SCL,Stepan Company Common Stock,S&P 600,False,gics_discr,2026-10-06,62.39,-0.115687,2026-06-30,False,,0.0239558,0.287091,0.046,2.69,3.69,1.78533e+09,USD,64.6784,67.0507,72.0596
SCM,Stellus Capital Investment Corporation Common Stock,,False,gics_fin,2026-10-06,7.3,1.02837,2026-06-30,False,,0.193011,0.310798,0.046,1.042,1.044,1.78639e+09,USD,6.95436,6.62509,6.01257
SCSC,ScanSource Inc. Common Stock,S&P 600,False,gics_it,2026-10-06,60.94,3.63604,2026-06-30,False,,0,0.290914,0.046,4.837,5.69275,1.78723e+09,USD,63.9365,67.0803,73.8392
SD,SandRidge Energy Inc. Common Stock,Russell 2000,False,gics_energy,2026-10-06,13.76,2.23718,2026-06-30,False,,0.0427545,0.198767,0.046,2.13,1.5,1.78596e+09,USD,14.1312,14.5125,15.3062
SDGR,Schrodinger Inc. Common Stock,S&P 600,False,gics_health,2026-10-06,28.9,-0.71711,2026-06-30,False,,0,0.710015,0.046,-1.83,-1.35,1.78596e+09,USD,30.321,31.8119,35.0173
SDHC,Smith Douglas Homes Corp. Class A Common Stock,,False,gics_discr,2026-10-06,10.19,0.127035,2026-06-30,False,,0,0.537822,0.046,0.29667,0.43,1.78602e+09,USD,10.691,11.2167,12.3469
SEG,Seaport Entertainment Group Inc. Common Stock,Russell 2000,False,gics_discr,2026-10-06,22.55,-9.73606,2026-06-30,False,,0,0.358781,0.046,-1.8,1.5,1.78596e+09,USD,23.6588,24.8221,27.3232
SEI,Solaris Energy Infrastructure Inc. Class A Common Stock,S&P 600,False,gics_discr,2026-10-06,79.7,0.715954,2026-06-30,False,,0,0.704824,0.046,1.4221,3.53995,1.78596e+09,USD,83.6189,87.7305,96.5701
SEIC,SEI Investments Company Common Stock,S&P 400,False,gics_fin,2026-10-06,102.86,5.67778,2026-06-30,False,,0.00978795,0.320873,0.046,6.26172,6.96957,1.78475e+09,USD,107.391,112.121,122.216
SENS,Senseonics Holdings Inc. Common Stock,Russell 2000,False,gics_health,2026-10-06,9.96,-1.89118,2026-06-30,False,,0,0.87531,0.046,-2.29333,-1.95486,1.78605e+09,USD,10.4497,10.9636,12.0682
SF,Stifel Financial Corporation Common Stock,S&P 400,False,gics_fin,2026-10-06,70.12,5.83459,2026-06-30,False,,0,0.299027,0.046,6.44851,7.22198,,USD,73.5678,77.1852,84.9623
SFBS,ServisFirst Bancshares Inc. Common Stock,S&P 600,False,gics_fin,2026-10-06,38.72,5.86293,2026-06-30,False,,0.0162589,0.88095,0.046,3.21,3.52,1.79244e+09,USD,40.295,41.934,45.4148
SFD,Smithfield Foods Inc. Common Stock,,False,gics_staples,2026-10-06,18.78,2.67578,2026-06-28,False,,0.026705,0.277483,0.046,2.18106,2.19451,1.7931e+09,USD,19.4421,20.1275,21.5717
SFM,Sprouts Farmers Market Inc. Common Stock,S&P 400,False,gics_staples,2026-10-06,65.17,5.26087,2026-06-28,False,,0,0.448202,0.046,5.54802,5.95547,1.79322e+09,USD,68.3745,71.7365,78.9646
SFNC,Simmons First National Corporation Class A Common Stock,S&P 600,False,gics_fin,2026-10-06,22.59,-2.40456,2026-06-30,False,,0.0382433,0.223208,0.046,2.05429,2.32429,1.79209e+09,USD,23.2519,23.9331,25.3561
SG,Sweetgreen Inc. Class A Common Stock,Russell 2000,False,gics_discr,2026-10-06,9.14,0.11371,2026-06-28,False,,0,0.824508,0.046,-0.18409,-0.69442,1.78605e+09,USD,9.58942,10.0609,11.0747
SGHT,Sight Sciences Inc. Common Stock,Russell 2000,False,gics_health,2026-10-06,8.56,-0.545942,2026-06-30,False,,0,0.895025,0.046,-0.49264,-0.43215,1.78596e+09,USD,8.9809,9.4225,10.3719
SGI,Somnigroup International Inc. Common Stock,S&P 400,False,gics_discr,2026-10-06,62.74,2.50847,2026-06-30,False,,0.0101782,0.387973,0.046,3.11389,3.93263,1.78602e+09,USD,65.4908,68.3623,74.4884
SGRY,Surgery Partners Inc. Common Stock,Russell 2000,False,gics_health,2026-10-06,13.41,-0.687755,2026-06-30,False,,0,0.528991,0.046,0.35,0.28,1.78636e+09,USD,14.0694,14.7612,16.2485
SGU,Star Group L.P. Common Stock,,False,gics_discr,2026-10-06,12.94,2.65814,2026-06-30,False,,0.0624825,0.108002,0.046,,0.88,1.78596e+09,USD,13.1587,13.3811,13.8372
SHAK,Shake Shack Inc. Class A Common Stock,S&P 600,False,gics_discr,2026-10-06,64.61,0.948789,2026-07-01,False,,0,0.754778,0.046,1.12512,1.41833,1.78593e+09,USD,67.7869,71.12,78.286
SHBI,Shore Bancshares Inc Common Stock,Russell 2000,False,gics_fin,2026-10-06,22.65,1.97702,2026-06-30,False,,0.0220982,0.175316,0.046,2.164,2.266,1.7927e+09,USD,23.5026,24.3873,26.2578
SHC,Sotera Health Company Common Stock,S&P 400,False,gics_health,2026-10-06,18.25,0.567344,2026-06-30,False,,0,0.384225,0.046,0.98483,1.07487,1.78602e+09,USD,19.1474,20.0889,22.113
SHEN,Shenandoah Telecommunications Co Common Stock,Russell 2000,False,gics_comm,2026-10-06,11.5,-0.658241,2026-06-30,False,,0,0.419702,0.046,,-1.01,1.78533e+09,USD,12.0655,12.6587,13.9342
SHO,Sunstone Hotel Investors Inc. Sunstone Hotel Investors Inc. Common Shares,S&P 600,False,gics_discr,2026-10-06,11.22,0.222157,2026-06-30,False,,0.0405144,0.217754,0.046,0.28,0.14,1.79397e+09,USD,11.5356,11.8601,12.5368
SHOE,Shoe Station Group Inc. Common Stock,Russell 2000,False,gics_discr,2026-10-06,13.04,0.888451,2026-08-01,False,,0.0496008,,0.046,0.84333,1.43667,1.78904e+09,USD,13.3461,13.6593,14.308
SHOO,Steven Madden Ltd. Common Stock,S&P 600,False,gics_discr,2026-10-06,45.58,2.04563,2026-06-30,False,,0.0196864,0.36758,0.046,2.2041,2.77769,1.78541e+09,USD,47.3528,49.1945,53.0957
SHW,Sherwin-Williams Company (The) Common Stock,S&P 500,True,gics_mat,2026-10-06,321.16,10.8351,2026-06-30,False,,0.00969545,0.274739,0.046,12.097,13.5742,1.7931e+09,USD,335.322,350.109,381.667
SI,Shoulder Innovations Inc. Common Stock,Russell 2000,False,gics_health,2026-10-06,19.14,-1.6895,2026-06-30,False,,0,,0.046,-1.8612,-1.57992,1.78605e+09,USD,20.0811,21.0685,23.1914
SIGI,Selective Insurance Group Inc. Common Stock,S&P 400,False,gics_fin,2026-10-06,84.82,8.22765,2026-06-30,False,,0.0186224,0.257418,0.046,8.17125,8.79125,1.78484e+09,USD,88.1659,91.6438,99.0165
SIRI,SiriusXM Holdings Inc. Common Stock,S&P 400,False,gics_discr,2026-10-06,26.36,2.5731,2026-06-30,False,,0,0.28319,0.046,3.05058,3.33507,1.79328e+09,USD,27.6561,29.016,31.9396
SITE,SiteOne Landscape Supply Inc. Common Stock,,False,gics_discr,2026-10-06,90.47,3.65132,2026-06-28,False,,0,0.269386,0.046,4.2273,5.14369,1.78533e+09,USD,94.9185,99.5857,109.62
SJM,The J.M. Smucker Company Common Stock,S&P 500,True,gics_staples,2026-10-06,116.8,2.14841,2026-07-31,False,,0.0357602,0.290033,0.046,10.7727,10.9218,1.78775e+09,USD,120.372,124.052,131.755
SKIL,Skillsoft Corp. Class A Common Stock,,False,gics_it,2026-10-06,5.76,-18.1857,2026-07-31,False,,0,1.16876,0.046,4.14,4.64,1.78898e+09,USD,6.04322,6.34037,6.97922
SKWD,Skyward Specialty Insurance Group Inc. Common Stock,Russell 2000,False,gics_fin,2026-10-06,56.49,4.11226,2026-06-30,False,,0,0.411915,0.046,5.02854,5.5315,1.78587e+09,USD,59.2677,62.1819,68.4473
SKY,Champion Homes Inc. Common Stock,S&P 600,False,gics_discr,2026-10-06,85.89,3.38692,2026-06-27,False,,0,0.411317,0.046,3.47815,4.26374,1.78587e+09,USD,90.1133,94.5442,104.07
SKYH,Sky Harbour Group Corporation Class A Common Stock,Russell 2000,False,gics_fin,2026-10-06,9.36,0.0113439,2026-06-30,False,,0,0.232048,0.046,,-0.19,1.78656e+09,USD,9.82024,10.3031,11.3412
SKYW,SkyWest Inc. Common Stock,S&P 600,False,gics_discr,2026-10-06,97.71,10.0793,2026-06-30,False,,0,0.350333,0.046,10.6285,12.1325,1.7933e+09,USD,102.514,107.555,118.392
SLAB,Silicon Laboratories Inc. Common Stock,S&P 400,False,gics_it,2026-10-06,222.62,-1.17777,2026-07-04,False,,0,0.378587,0.046,2.87717,4.36119,,USD,233.566,245.051,269.742
SLDE,Slide Insurance Holdings Inc. Common Stock,Russell 2000,False,gics_fin,2026-10-06,23.89,4.06888,2026-06-30,False,,0,0.355549,0.046,3.77025,3.6944,1.79313e+09,USD,25.0647,26.2971,28.9468
SLG,SL Green Realty Corp Common Stock,S&P 600,False,gics_re,2026-10-06,48.4,-2.48471,2026-06-30,False,,0.0494772,0.398099,0.046,-1.61699,-0.76047,1.79261e+09,USD,49.539,50.7049,53.1196
SLGN,Silgan Holdings Inc. Common Stock,S&P 400,False,gics_indu,2026-10-06,35.21,2.55341,2026-06-30,False,,0.0221538,0.436763,0.046,3.81608,4.08981,1.79328e+09,USD,36.5344,37.9085,40.8139
SLM,SLM Corporation Common Stock,S&P 400,False,gics_fin,2026-10-06,22.58,3.71706,2026-06-30,False,,0.0215998,0.408463,0.046,3.11852,3.36782,1.78484e+09,USD,23.4358,24.324,26.2028
SLP,Simulations Plus Inc. Common Stock,Russell 2000,False,gics_it,2026-10-05,18.5,0.400385,2026-05-31,False,,0,0.593126,0.046,0.86,0.8825,1.78363e+09,USD,19.4097,20.364,22.4159
SLVM,Sylvamo Corporation Common Stock,S&P 600,False,gics_mat,2026-10-06,32.91,1.90955,2026-06-30,False,,0.049687,0.191846,0.046,1.53,5.2,1.79397e+09,USD,33.681,34.47,36.104
SM,SM Energy Company Common Stock,S&P 600,False,gics_energy,2026-10-06,35.1,4.16667,2026-06-30,False,,0.0300934,0.612406,0.046,7.46866,8.0526,1.79374e+09,USD,36.2759,37.4913,40.0454
SMA,SmartStop Self Storage REIT Inc. Common Stock,Russell 2000,False,gics_re,2026-10-06,33.13,0.520707,2026-06-30,False,,0.0505,0.169226,0.046,0.64425,0.6485,1.79382e+09,USD,33.8923,34.6722,36.2863
SMBK,SmartFinancial Inc. Common Stock,Russell 2000,False,gics_fin,2026-10-06,51.25,3.3835,2026-06-30,False,,0.00667231,0.191106,0.046,3.74167,4.19,1.79244e+09,USD,53.5909,56.0387,61.2749
SMC,Summit Midstream Corporation Common Stock,Russell 2000,False,gics_util,2026-10-06,33.15,0.0205767,2026-06-30,False,,0,0.278626,0.046,-1.6,-2.35,1.78639e+09,USD,34.78,36.4902,40.1669
SMCI,Super Micro Computer Inc. Common Stock,S&P 500,True,hardware,2026-10-06,43.46,3.19848,2026-06-30,False,,0,0.927359,0.046,4.33765,5.32592,1.78648e+09,USD,45.597,47.839,52.6592
SMG,Scotts Miracle-Gro Company (The) Common Stock,S&P 400,False,gics_indu,2026-10-06,50.52,1.24831,2026-06-27,False,,0.049768,0.364974,0.046,4.4161,4.72226,1.7938e+09,USD,51.7014,52.9105,55.4141
SMHI,SEACOR Marine Holdings Inc. Common Stock ,Russell 2000,False,gics_discr,2026-10-06,8.38,-0.688332,2026-06-30,False,,0,0.225038,0.046,-2.02,-3.13,,USD,8.79205,9.22436,10.1538
SMP,Standard Motor Products Inc. Common Stock,S&P 600,False,gics_discr,2026-10-06,37.56,2.23193,2026-06-30,False,,0.0335252,0.223444,0.046,4.24,4.88333,1.78585e+09,USD,38.7518,39.9814,42.5589
SMR,NuScale Power Corporation Class A Common Stock,Russell 2000,False,gics_indu,2026-10-06,8.02,-1.1404,2026-06-30,False,,0,0.716178,0.046,-0.48804,-0.6601,1.79391e+09,USD,8.41435,8.82809,9.7176
SMTC,Semtech Corporation Common Stock,S&P 400,False,gics_it,2026-10-06,197.2,1.52742,2026-07-26,False,,0,0.84823,0.046,3.47749,5.85723,1.78769e+09,USD,206.896,217.07,238.941
SNA,Snap-On Incorporated Common Stock,S&P 500,True,gics_indu,2026-10-06,368.61,19.6143,2026-07-04,False,,0.0251494,0.201584,0.046,19.8271,21.4729,1.78481e+09,USD,381.902,395.674,424.724
SNAP,Snap Inc. Class A Common Stock,,False,gics_it,2026-10-06,5.78,-0.184424,2026-06-30,False,,0,0.808517,0.046,0.61316,0.77546,1.78579e+09,USD,6.06421,6.36239,7.00346
SND,Smart Sand Inc. Common Stock,Russell 2000,False,gics_indu,2026-10-06,5.32,0.253505,2026-06-30,False,,0.0493096,0.310758,0.046,,0.31,,USD,5.44566,5.57428,5.84072
SNDA,Sonida Senior Living Inc. Common Stock,Russell 2000,False,gics_health,2026-10-06,37.12,-2.6146,2026-06-30,False,,0,0.34846,0.046,,-1.65,1.78636e+09,USD,38.9452,40.8602,44.9772
SNDK,Sandisk Corporation Common Stock,大型股,False,gics_it,2026-10-06,1660.46,72.8217,2026-07-03,False,,0,1.20779,0.046,214.382,263.486,1.7933e+09,USD,1742.11,1827.77,2011.93
SNDR,Schneider National Inc. Common Stock,S&P 600,False,gics_indu,2026-10-06,31.6,0.634091,2026-06-30,False,,0.0119788,0.346727,0.046,1.06344,1.70546,1.7933e+09,USD,32.9558,34.3698,37.3824
SNDX,Syndax Pharmaceuticals Inc. Common Stock,Russell 2000,False,gics_health,2026-10-06,17.37,-2.48075,2026-06-30,False,,0,0.3395,0.046,-1.94983,-0.85394,1.78587e+09,USD,18.2241,19.1202,21.0467
SNEX,StoneX Group Inc. Common Stock,S&P 600,False,gics_fin,2026-10-06,66,4.23273,2026-06-30,False,,0,0.798281,0.046,4.63,4.73,1.78596e+09,USD,69.2453,72.6501,79.9703
SNOW,Snowflake Inc. Common Stock,大型股,False,gics_it,2026-10-06,335.95,-3.1232,2026-07-31,False,,0,0.729912,0.046,2.22305,3.0052,1.78838e+09,USD,352.469,369.8,407.061
SNPS,Synopsys Inc. Common Stock,S&P 500,True,software,2026-10-06,505.17,5.59778,2026-07-31,False,,0,0.318418,0.046,15.1386,18.583,1.78777e+09,USD,530.01,556.07,612.1
SNX,TD SYNNEX Corporation Common Stock,S&P 400,False,gics_it,2026-10-06,278.38,16.4,2026-08-31,True,1.15729,0.00641142,0.413925,0.046,21.2481,24.2889,1.79025e+09,USD,291.133,304.471,333.007
SO,Southern Company (The) Common Stock,S&P 500,True,gics_util,2026-10-06,85.44,4.08151,2026-06-30,False,,0.0330969,0.148485,0.046,4.5891,4.92321,1.79388e+09,USD,88.1699,90.9871,96.8943
SOFI,SoFi Technologies Inc. Common Stock  ,大型股,False,gics_fin,2026-10-06,15.76,0.461726,2026-06-30,False,,0,0.41504,0.046,0.59361,0.82288,1.7931e+09,USD,16.5349,17.348,19.0959
SOLV,Solventum Corporation Common Stock,S&P 500,False,gics_health,2026-10-06,87.04,8.17094,2026-06-30,False,,0,0.305316,0.046,7.1445,7.23032,1.78596e+09,USD,91.3198,95.8101,105.464
SON,Sonoco Products Company Common Stock,S&P 400,False,gics_discr,2026-10-06,48.02,6.29032,2026-06-28,False,,0.041679,0.306233,0.046,5.78505,6.30351,1.79261e+09,USD,49.3421,50.7006,53.5309
SONO,Sonos Inc. Common Stock,S&P 600,False,gics_staples,2026-10-06,17.43,0.470374,2026-06-27,False,,0,0.488335,0.046,1.22,1.305,1.78536e+09,USD,18.287,19.1862,21.1194
SPB,Spectrum Brands Holdings Inc. Common Stock,Russell 2000,False,other,2026-10-06,76.72,3.40343,2026-06-28,False,,0.0212242,0.286557,0.046,6.26756,5.55707,1.78611e+09,USD,79.6427,82.6767,89.096
SPFI,South Plains Financial Inc. Common Stock,Russell 2000,False,gics_fin,2026-10-06,42.76,3.28671,2026-06-30,False,,0.0146846,0.122175,0.046,3.9025,4.1675,1.78429e+09,USD,44.5343,46.3823,50.3115
SPG,Simon Property Group Inc. Common Stock,S&P 500,True,gics_re,2026-10-06,201.74,14.2083,2026-06-30,False,,0,0.23123,0.046,5.85,6.77333,1.79391e+09,USD,211.66,222.067,244.442
SPGI,S&P Global Inc. Common Stock,S&P 500,True,gics_fin,2026-10-06,396.13,16.5356,2026-06-30,False,,0.00945916,0.220329,0.046,17.8702,20.186,1.7931e+09,USD,413.647,431.939,470.984
SPH,Suburban Propane Partners L.P. Common Stock,,False,gics_discr,2026-10-06,17.08,1.95854,2026-06-27,False,,0,0.190952,0.046,1.93,2.08,1.78602e+09,USD,17.9198,18.801,20.6953
SPHR,Sphere Entertainment Co. Class A Common Stock,S&P 600,False,gics_discr,2026-10-06,105.38,-1.94534,2026-06-30,False,,0,0.551719,0.046,-1.88,-2.05,1.78541e+09,USD,110.562,115.998,127.686
SPIR,Spire Global Inc. Class A Common Stock,Russell 2000,False,gics_discr,2026-10-06,10.98,-2.36537,2026-06-30,False,,0,1.0655,0.046,-1.015,-0.39,1.78656e+09,USD,11.5199,12.0863,13.3041
SPOK,Spok Holdings Inc. Common Stock,Russell 2000,False,gics_comm,2026-10-06,10.96,0.578947,2026-06-30,False,,0.124651,0.139575,0.046,,0.84,1.78536e+09,USD,10.8041,10.6504,10.3496
SPSC,SPS Commerce Inc. Common Stock,S&P 600,False,gics_it,2026-10-06,81.02,2.0833,2026-06-30,False,,0,0.664394,0.046,4.90345,5.32511,1.78544e+09,USD,85.0038,89.1835,98.1695
SPXC,SPX Technologies Inc. Common Stock,S&P 400,False,gics_indu,2026-10-06,175.82,5.5037,2026-06-27,False,,0,0.389025,0.046,8.39714,9.71063,1.78544e+09,USD,184.465,193.535,213.036
SRCE,1st Source Corporation Common Stock,Russell 2000,False,gics_fin,2026-10-06,85.77,7.04125,2026-06-30,False,,0.0197353,0.137834,0.046,7.24,7.39667,1.7927e+09,USD,89.1038,92.5671,99.9029
SRE,DBA Sempra Common Stock,S&P 500,True,gics_util,2026-10-06,79.97,3.47743,2026-06-30,False,,0.0317411,0.196535,0.046,5.10732,5.53974,1.78602e+09,USD,82.5811,85.2775,90.9372
SRI,Stoneridge Inc. Common Stock,Russell 2000,False,gics_discr,2026-10-06,6.5,-4.23005,2026-06-30,False,,0,0.797759,0.046,,,1.78596e+09,USD,6.81961,7.15493,7.87586
SRPT,Sarepta Therapeutics Inc. Common Stock (DE),S&P 600,False,gics_health,2026-10-06,17.31,-1.12147,2026-06-30,False,,0,0.449676,0.046,4.33715,2.41104,1.78596e+09,USD,18.1611,19.0541,20.974
SSB,SouthState Bank Corporation Common Stock,S&P 400,False,gics_fin,2026-10-06,100.95,9.6056,2026-06-30,False,,0.0235291,0.228942,0.046,9.48359,10.3888,1.79261e+09,USD,104.675,108.538,116.695
SSD,Simpson Manufacturing Company Inc. Common Stock,S&P 400,False,gics_discr,2026-10-06,175.02,9.16008,2026-06-30,False,,0.0066085,0.318316,0.046,9.12,9.71,1.78518e+09,USD,183.02,191.386,209.282
SSNC,SS&C Technologies Holdings Inc. Common Stock,大型股,False,gics_it,2026-10-06,77.99,3.4895,2026-06-30,False,,0.0100804,0.347397,0.046,7.06482,7.7298,1.7927e+09,USD,81.4134,84.9872,92.6121
STAG,Stag Industrial Inc. Common Stock,S&P 400,False,gics_re,2026-10-06,36.12,1.29112,2026-06-30,False,,0.0348114,0.169535,0.046,,0.88,1.79313e+09,USD,37.2421,38.3992,40.8221
STBA,S&T Bancorp Inc. Common Stock,S&P 600,False,gics_fin,2026-10-06,48.81,3.783,2026-06-30,False,,0.0289677,0.156546,0.046,3.94143,4.00286,1.79267e+09,USD,50.4736,52.194,55.8126
STC,Stewart Information Services Corporation Common Stock,S&P 600,False,gics_fin,2026-10-06,51.72,4.36641,2026-06-30,False,,0.0344248,0.279782,0.046,5.52333,7.28,1.78475e+09,USD,53.3371,55.0048,58.4981
STE,STERIS plc (Ireland) Ordinary Shares,S&P 500,True,gics_health,2026-10-06,208.65,8.15603,2026-06-30,False,,0.0119422,0.214326,0.046,11.1717,12.2471,1.78596e+09,USD,217.606,226.947,246.848
STEP,StepStone Group Inc. Class A Common Stock,S&P 600,False,gics_fin,2026-10-06,45.16,-7.47844,2026-06-30,False,,0.0375509,0.641106,0.046,2.4771,3.41272,1.78605e+09,USD,46.4993,47.8782,50.7601
STLD,Steel Dynamics Inc.,S&P 500,True,gics_mat,2026-10-06,238.17,11.0599,2026-06-30,False,,0.00862696,0.332494,0.046,17.0353,19.5521,1.79244e+09,USD,248.805,259.916,283.647
STOK,Stoke Therapeutics Inc. Common Stock,Russell 2000,False,gics_health,2026-10-06,24.37,-3.14918,2026-06-30,False,,0,0.31564,0.046,-3.62068,-3.51512,1.78579e+09,USD,25.5683,26.8255,29.5284
STRA,Strategic Education Inc. Common Stock,S&P 600,False,gics_re,2026-10-06,79.82,6.0668,2026-06-30,False,,0.0312111,0.195867,0.046,7.20667,8.44667,1.79388e+09,USD,82.4481,85.1627,90.8629
STRL,Sterling Infrastructure Inc. Common Stock,S&P 400,False,gics_indu,2026-10-06,563.69,13.8548,2026-06-30,False,,0,0.958447,0.046,20.0343,25.3962,1.78579e+09,USD,591.407,620.487,683.007
STRR,Star Equity Holdings Inc. Common Stock,,False,gics_discr,2026-10-06,10.01,-2.43429,2026-06-30,False,,0,0.298231,0.046,-1.03,1.175,1.78671e+09,USD,10.5022,11.0186,12.1288
STT,State Street Corporation Common Stock,S&P 500,True,gics_fin,2026-10-06,175.75,12.2175,2026-06-30,False,,0.0225042,0.225795,0.046,13.7428,15.4231,1.79198e+09,USD,182.329,189.153,203.579
STWD,STARWOOD PROPERTY TRUST INC. Starwood Property Trust Inc.,S&P 400,False,gics_re,2026-10-06,12.93,0.621098,2026-06-30,False,,0.131912,0.115079,0.046,1.51725,1.88598,1.78602e+09,USD,12.6999,12.4739,12.0339
STZ,Constellation Brands Inc. Common Stock,S&P 500,True,gics_staples,2026-10-06,115.67,11.17,2026-08-31,True,1.04561,0,0.220848,0.046,11.7104,12.2663,1.79132e+09,USD,121.358,127.325,140.154
SUI,Sun Communities Inc. Common Stock,S&P 400,False,gics_re,2026-10-06,112.07,-6.93858,2026-06-30,False,,0.00943402,0.164471,0.046,2.33399,3.20453,1.78518e+09,USD,117.027,122.204,133.254
SVC,Service Properties Trust Common Shares of Beneficial Interest,Russell 2000,False,gics_re,2026-10-06,6.49,-3.30049,2026-06-30,False,,0.0308284,0.571208,0.046,,-1.11,1.78596e+09,USD,6.70497,6.92705,7.39353
SVCO,Silvaco Group Inc. Common Stock,Russell 2000,False,gics_it,2026-10-06,8.64,-0.668162,2026-06-30,False,,0,1.19867,0.046,0.05333,0.2,1.78605e+09,USD,9.06483,9.51056,10.4688
SVV,Savers Value Village Inc. Common Stock,Russell 2000,False,gics_discr,2026-10-06,9.2,0.155956,2026-07-04,False,,0,0.490275,0.046,0.49613,0.60463,1.78605e+09,USD,9.65237,10.127,11.1474
SWBI,Smith & Wesson Brands Inc. Common Stock,Russell 2000,False,gics_indu,2026-10-06,14.52,0.538306,2026-07-31,False,,0.0371075,0.350781,0.046,0.55,0.6,1.78847e+09,USD,14.9539,15.4008,16.335
SWIM,Latham Group Inc. Common Stock,Russell 2000,False,gics_indu,2026-10-06,6.39,0.0445538,2026-06-27,False,,0,0.536239,0.046,0.2102,0.28094,1.79374e+09,USD,6.7042,7.03385,7.74257
SWK,Stanley Black & Decker Inc. Common Stock,S&P 500,True,gics_indu,2026-10-06,89.99,4.07182,2026-07-04,False,,0.0360874,0.396453,0.046,5.60582,6.3483,1.7938e+09,USD,92.7266,95.5463,101.446
SWKS,Skyworks Solutions Inc. Common Stock,S&P 500,True,semis,2026-10-06,82.79,1.91612,2026-07-03,False,,0.0306514,0.461217,0.046,5.0296,5.696,1.78527e+09,USD,85.5398,88.3809,94.3494
SXC,SunCoke Energy Inc. Common Stock,Russell 2000,False,gics_indu,2026-10-06,10.04,-0.637529,2026-06-30,False,,0.048345,0.664514,0.046,0.32,0.29,1.78541e+09,USD,10.2821,10.53,11.044
SXI,Standex International Corporation Common Stock,S&P 600,False,gics_indu,2026-10-06,297.12,8.66877,2026-06-30,False,,0.00484702,0.400256,0.046,9.96,11.862,1.78544e+09,USD,310.975,325.476,356.538
SXT,Sensient Technologies Corporation Common Stock,S&P 600,False,gics_indu,2026-10-06,132.91,3.69466,2026-06-30,False,,0.0126915,0.469267,0.046,4.1843,4.99399,1.79336e+09,USD,138.563,144.457,157.007
SYBT,Stock Yards Bancorp Inc. Common Stock,Russell 2000,False,gics_fin,2026-10-06,77.07,4.89096,2026-06-30,False,,0.0166211,0.12912,0.046,5.33333,5.69,1.79319e+09,USD,80.1904,83.4371,90.3302
SYF,Synchrony Financial Common Stock,S&P 500,False,gics_fin,2026-10-06,72.16,10.1676,2026-06-30,False,,0.0167082,0.311275,0.046,9.42663,10.4665,1.7925e+09,USD,75.0783,78.1147,84.5607
SYK,Stryker Corporation Common Stock,S&P 500,True,gics_health,2026-10-06,278.2,9.64812,2026-06-30,False,,0.012466,0.233582,0.046,14.9769,16.7092,1.7933e+09,USD,290.066,302.437,328.786
SYNA,Synaptics Incorporated Common Stock $0.001 Par Value,S&P 400,False,gics_it,2026-10-06,119.39,-12.617,2026-06-27,False,,0,0.851847,0.046,5.17718,6.57731,1.78605e+09,USD,125.26,131.42,144.661
SYY,Sysco Corporation Common Stock,S&P 500,True,gics_staples,2026-10-06,77.45,3.65138,2026-06-27,False,,0.0279652,0.234119,0.046,5.06495,5.36524,1.78585e+09,USD,80.13,82.9027,88.7392
T,AT&T Inc.,S&P 500,True,gics_comm,2026-10-06,24.43,3.06788,2026-06-30,False,,0.0447634,0.226822,0.046,2.33731,2.56907,1.79259e+09,USD,25.0639,25.7143,27.0662
TALO,Talos Energy Inc. Common Stock,S&P 600,False,gics_energy,2026-10-06,16.76,-2.38106,2026-06-30,False,,0,0.504204,0.046,1.18052,1.66344,1.79374e+09,USD,17.5841,18.4487,20.3076
TARS,Tarsus Pharmaceuticals Inc. Common Stock,Russell 2000,False,gics_health,2026-10-06,74.11,-1.07103,2026-06-30,False,,0,0.496911,0.046,-5.77,-0.36,1.78602e+09,USD,77.754,81.5773,89.7969
TASK,TaskUs Inc. Class A Common Stock,,False,gics_it,2026-10-06,7.96,1.15347,2026-06-30,False,,0.2,0.849229,0.046,1.32661,1.48112,1.78596e+09,USD,7.55666,7.17375,6.46517
TBBK,The Bancorp Inc Common Stock,S&P 600,False,gics_fin,2026-10-06,48.44,5.44536,2026-06-30,False,,0,0.509146,0.046,5.98667,8,1.78544e+09,USD,50.8218,53.3208,58.6933
TBI,TrueBlue Inc. Common Stock,Russell 2000,False,gics_discr,2026-10-06,8.97,-1.86151,2026-06-28,False,,0,0.586969,0.046,-0.01667,0.81667,1.78587e+09,USD,9.41106,9.87381,10.8687
TCBI,Texas Capital Bancshares Inc. Common Stock,S&P 400,False,gics_fin,2026-10-06,92.97,8.17479,2026-06-30,False,,0,0.202293,0.046,7.43401,8.2468,1.78475e+09,USD,97.5414,102.338,112.649
TCBK,TriCo Bancshares Common Stock,Russell 2000,False,gics_fin,2026-10-06,52.11,4.18348,2026-06-30,False,,0.0277531,0.234905,0.046,4.288,4.372,1.78481e+09,USD,53.9189,55.7905,59.731
TCBX,Third Coast Bancshares Inc. Common Stock,Russell 2000,False,gics_fin,2026-10-06,43.02,3.65443,2026-06-30,False,,0,0.191784,0.046,3.96001,4.29667,1.79261e+09,USD,45.1353,47.3547,52.1261
TCI,Transcontinental Realty Investors Inc. Common Stock,Russell 2000,False,gics_re,2026-10-06,45.12,0.932597,2026-06-30,False,,0,0.556423,0.046,,,,USD,47.3386,49.6662,54.6706
TDAY,USA TODAY Co. Inc. Common Stock,Russell 2000,False,gics_discr,2026-10-06,7.35,-0.204015,2026-06-30,False,,0,0.478554,0.046,0.355,0.34,1.78602e+09,USD,7.7114,8.09058,8.90578
TDC,Teradata Corporation Common Stock,S&P 600,False,gics_it,2026-10-06,29.62,4.7412,2026-06-30,False,,0,0.421525,0.046,2.70887,2.91215,1.78587e+09,USD,31.0764,32.6045,35.8897
TDG,Transdigm Group Incorporated Common Stock,S&P 500,True,gics_indu,2026-10-06,1103.33,36.5808,2026-06-27,False,,0,0.242236,0.046,41.1995,48.3203,1.78585e+09,USD,1157.58,1214.5,1336.87
TDOC,Teladoc Health Inc. Common Stock,Russell 2000,False,gics_health,2026-10-06,5.77,-0.979942,2026-06-30,False,,0,0.714477,0.046,-0.78667,-0.785,1.78536e+09,USD,6.05371,6.35138,6.99134
TDS,Telephone and Data Systems Inc. Common Shares,S&P 600,False,gics_comm,2026-10-06,35.15,3.58062,2026-06-30,False,,0,0.267067,0.046,,,1.78611e+09,USD,36.8783,38.6917,42.5902
TDW,Tidewater Inc. Common Stock,S&P 600,False,gics_discr,2026-10-06,82.07,4.92509,2026-06-30,False,,0,0.505952,0.046,2.78629,6.01471,1.78579e+09,USD,86.1054,90.3393,99.4418
TDY,Teledyne Technologies Incorporated Common Stock,S&P 500,True,gics_it,2026-10-06,622.22,20.7846,2026-06-28,False,,0,0.233017,0.046,24.7422,26.78,,USD,652.815,684.914,753.926
TECH,Bio-Techne Corp Common Stock,S&P 500,True,gics_health,2026-10-06,72.43,1.15525,2026-06-30,False,,0.00438571,0.381721,0.046,2.01638,2.31258,1.78654e+09,USD,75.825,79.3791,86.9949
TEM,Tempus AI Inc. Class A Common Stock,大型股,False,gics_it,2026-10-06,71.98,-1.40136,2026-06-30,False,,0,0.51375,0.046,-0.26045,-0.00812,1.78544e+09,USD,75.5193,79.2326,87.216
TENB,Tenable Holdings Inc. Common Stock,S&P 600,False,gics_it,2026-10-06,39.465,0.0572856,2026-06-30,False,,0,0.562435,0.046,1.98289,2.18112,1.78536e+09,USD,41.4055,43.4415,47.8186
TER,Teradyne Inc. Common Stock,S&P 500,True,semicap,2026-10-06,430.32,7.29405,2026-06-28,False,,0.0012714,0.520908,0.046,9.09129,11.6525,1.78527e+09,USD,451.192,473.077,520.082
TEX,Terex Corporation Common Stock,S&P 400,False,gics_indu,2026-10-06,56.77,1.30473,2026-06-30,False,,0.0123694,0.488185,0.046,5.00197,5.96658,1.78541e+09,USD,59.1942,61.7219,67.1057
TFC,Truist Financial Corporation Common Stock,S&P 500,False,gics_fin,2026-10-06,46.25,4.36848,2026-06-30,False,,0.0434151,0.26609,0.046,4.72843,4.9911,1.79215e+09,USD,47.4822,48.7471,51.3791
TFIN,Triumph Financial Inc. Common Stock,S&P 600,False,gics_fin,2026-10-06,61.97,1.60039,2026-06-30,False,,0.00217771,0.348458,0.046,2.046,3.186,1.78466e+09,USD,64.9463,68.0657,74.7609
TFSL,TFS Financial Corporation Common Stock,,False,gics_fin,2026-10-06,16.57,0.36427,2026-06-30,False,,0.0129485,0.216438,0.046,0.36,0.39,1.78544e+09,USD,17.2726,18.0049,19.5641
TFX,Teleflex Incorporated Common Stock,S&P 600,False,gics_health,2026-10-06,124.74,-23.3112,2026-06-30,False,,0.0111226,0.355551,0.046,7.07526,10.9481,1.78602e+09,USD,130.148,135.79,147.819
TGT,Target Corporation Common Stock,S&P 500,True,gics_staples,2026-10-06,154.33,9.62111,2026-08-01,False,,0.0290371,0.282328,0.046,10.24,9.54803,1.795e+09,USD,159.585,165.018,176.447
THC,Tenet Healthcare Corporation Common Stock,S&P 400,False,gics_health,2026-10-06,258.47,25.5834,2026-06-30,False,,0,0.58491,0.046,21.2242,21.0845,1.79328e+09,USD,271.179,284.513,313.18
THFF,First Financial Corporation Common Stock,Russell 2000,False,gics_fin,2026-10-06,74.39,7.12773,2026-06-30,False,,0.0287184,0.187315,0.046,7.79333,8.22,1.78524e+09,USD,76.9351,79.5673,85.1049
THG,Hanover Insurance Group Inc,S&P 400,False,gics_fin,2026-10-06,220.04,21.0474,2026-06-30,False,,0.0168719,0.233041,0.046,20.39,19.61,1.79322e+09,USD,228.92,238.159,257.769
THO,Thor Industries Inc. Common Stock,S&P 400,False,gics_indu,2026-10-06,67.63,3.37766,2026-07-31,False,,0,0.317054,0.046,3.75727,4.84942,1.79008e+09,USD,70.9554,74.4443,81.9453
THRM,Gentherm Inc Common Stock,S&P 600,False,gics_discr,2026-10-06,31,0.855741,2026-06-30,False,,0,0.394809,0.046,2.90286,3.24125,1.78481e+09,USD,32.5243,34.1235,37.5618
TILE,Interface Inc. Common Stock,S&P 600,False,gics_discr,2026-10-06,35.05,2.46658,2026-07-05,False,,0.00290532,0.465978,0.046,2.3775,2.42,1.78611e+09,USD,36.7201,38.4697,42.223
TISI,Team Inc. Common Stock,,False,gics_discr,2026-10-06,27.61,-7.30059,2026-06-30,False,,0,0.47562,0.046,,-0.58,1.78639e+09,USD,28.9676,30.392,33.4542
TITN,Titan Machinery Inc. Common Stock,Russell 2000,False,gics_discr,2026-10-06,25.2,-2.47097,2026-07-31,False,,0,0.467486,0.046,-1.575,-0.5675,1.78783e+09,USD,26.4391,27.7391,30.5341
TJX,TJX Companies Inc. (The) Common Stock,S&P 500,True,gics_discr,2026-10-06,137.03,5.41696,2026-08-01,False,,0.0131942,0.171993,0.046,5.24989,5.77352,1.795e+09,USD,142.823,148.86,161.711
TKO,TKO Group Holdings Inc. Class A Common Stock,S&P 500,False,gics_discr,2026-10-06,176.46,1.17944,2026-06-30,False,,0.00900301,0.26529,0.046,3.51,4.68126,1.78579e+09,USD,184.305,192.499,209.996
TKR,Timken Company (The) Common Stock,S&P 400,False,gics_indu,2026-10-06,119.54,3.68494,2026-06-30,False,,0.0120071,0.427895,0.046,6.26524,7.26264,1.78585e+09,USD,124.667,130.014,141.406
TLN,Talen Energy Corporation Common Stock,S&P 400,False,gics_util,2026-10-06,373.11,-3.9004,2026-06-30,False,,0,0.502011,0.046,22.263,30.7547,1.78596e+09,USD,391.456,410.704,452.086
TMO,Thermo Fisher Scientific Inc Common Stock,S&P 500,True,gics_health,2026-10-06,656.58,18.6783,2026-06-27,False,,0.00265415,0.272047,0.046,25.1302,27.5599,1.79259e+09,USD,687.951,720.821,791.347
TMUS,T-Mobile US Inc. Common Stock,S&P 500,True,gics_comm,2026-10-06,165.93,9.58211,2026-06-30,False,,0.0236206,0.22547,0.046,12.3934,14.4371,1.79322e+09,USD,172.045,178.385,191.775
TNC,Tennant Company Common Stock,S&P 600,False,gics_indu,2026-10-06,68.17,1.02782,2026-06-30,False,,0.0182672,0.479855,0.046,3.84667,5.62,1.78596e+09,USD,70.8717,73.6804,79.6363
TNET,TriNet Group Inc. Common Stock,Russell 2000,False,gics_discr,2026-10-06,62.78,3.7234,2026-06-30,False,,0.0171088,0.645779,0.046,4.86636,4.92184,1.78541e+09,USD,65.3059,67.9334,73.5098
TNL,Travel   Leisure Co. Common  Stock,S&P 400,False,gics_discr,2026-10-06,62.82,3.68012,2026-06-30,False,,0.0362663,0.322676,0.046,7.56974,8.82135,1.7931e+09,USD,64.7245,66.6868,70.7916
TNXP,Tonix Pharmaceuticals Holding Corp. Common Stock,Russell 2000,False,gics_health,2026-10-06,7.695,-9.59805,2026-06-30,False,,0,0.577036,0.046,-9.95,-7.875,1.78636e+09,USD,8.07337,8.47034,9.3238
TOL,Toll Brothers Inc. Common Stock,S&P 400,False,gics_discr,2026-10-06,138,12.5151,2026-07-31,False,,0.00748876,0.384541,0.046,12.8559,13.8246,1.78708e+09,USD,144.244,150.771,164.725
TOST,Toast Inc. Class A Common Stock,S&P 400,False,gics_it,2026-10-06,30.25,0.807309,2026-06-30,False,,0,0.414482,0.046,1.38775,1.73492,1.78587e+09,USD,31.7374,33.298,36.653
TPB,Turning Point Brands Inc. Common Stock,Russell 2000,False,gics_discr,2026-10-06,58.27,2.20998,2026-06-30,False,,0.00519087,0.745253,0.046,1.75667,2.24667,1.78585e+09,USD,60.9767,63.8091,69.8748
TPC,Tutor Perini Corporation Common Stock,S&P 600,False,gics_discr,2026-10-06,89.06,2.30523,2026-06-30,False,,0.00143075,0.492526,0.046,5.37588,6.06624,1.78596e+09,USD,93.3723,97.8934,107.603
TPG,TPG Inc. Class A Common Stock,大型股,False,gics_fin,2026-10-06,44.97,0.612829,2026-06-30,False,,0,0.510885,0.046,2.84648,3.60136,1.79328e+09,USD,47.1812,49.5011,54.4888
TPL,Texas Pacific Land Corporation Common Stock,S&P 500,True,gics_energy,2026-10-06,355.16,7.84268,2026-06-30,False,,0.00676452,0.516454,0.046,,73.12,1.78596e+09,USD,371.365,388.31,424.554
TPR,Tapestry Inc. Common Stock,S&P 500,True,gics_discr,2026-10-06,116.75,7.26784,2026-06-27,False,,0.0139886,0.411622,0.046,7.97284,8.89953,1.79388e+09,USD,121.637,126.728,137.56
TR,Tootsie Roll Industries Inc. Common Stock,S&P 600,False,gics_staples,2026-10-06,37.36,1.27176,2026-06-30,False,,0.00942265,0.244289,0.046,,,,USD,39.0128,40.7387,44.4229
TRAK,ReposiTrak Inc. Common Stock,Russell 2000,False,gics_it,2026-10-06,8.01,0.39,2026-06-30,True,1.01967,0.00997065,0.489219,0.046,,0.39,1.79063e+09,USD,8.36207,8.7296,9.51386
TRC,Tejon Ranch Co Common Stock,Russell 2000,False,gics_fin,2026-10-06,16.33,0.223017,2026-06-30,False,,0,0.229894,0.046,,,1.78602e+09,USD,17.133,17.9754,19.7866
TREE,LendingTree Inc. Common Stock,Russell 2000,False,gics_fin,2026-10-06,24.7,12.85,2026-06-30,False,,0,0.849451,0.046,5.3377,6.62102,1.78536e+09,USD,25.9145,27.1887,29.9283
TREX,Trex Company Inc. Common Stock,S&P 400,False,gics_mat,2026-10-06,44.86,1.68693,2026-06-30,False,,0,0.409576,0.046,1.76898,2.01871,1.7938e+09,USD,47.0658,49.3801,54.3555
TRGP,Targa Resources Inc. Common Stock,S&P 500,True,gics_energy,2026-10-06,285.72,10.5225,2026-06-30,False,,0,0.274087,0.046,11.4972,12.0796,1.78602e+09,USD,299.769,314.509,346.199
TRIN,Trinity Capital Inc. Common Stock,,False,gics_fin,2026-10-06,17.38,1.56238,2026-06-30,False,,0,0.288522,0.046,2.08,2.10667,1.7938e+09,USD,18.2346,19.1312,21.0588
TRIP,TripAdvisor Inc. Common Stock,S&P 600,False,gics_it,2026-10-06,8.52,0.0424146,2026-06-30,False,,0,0.686766,0.046,0.83656,1.07364,1.78602e+09,USD,8.93893,9.37847,10.3234
TRMB,Trimble Inc. Common Stock,S&P 500,True,hardware,2026-10-06,60.95,-0.441959,2026-07-03,False,,0,0.321341,0.046,3.67079,4.13702,1.78654e+09,USD,63.947,67.0913,73.8513
TRMK,Trustmark Corporation Common Stock,S&P 600,False,gics_fin,2026-10-06,45.19,3.96658,2026-06-30,False,,0.021526,0.143266,0.046,4,4.32833,1.79313e+09,USD,46.9045,48.684,52.4481
TRN,Trinity Industries Inc. Common Stock,S&P 600,False,gics_indu,2026-10-06,26.21,4.14408,2026-06-30,False,,0.0429217,0.394648,0.046,2.225,2.225,1.78541e+09,USD,26.9149,27.6388,29.1454
TRNO,Terreno Realty Corporation Common Stock,S&P 600,False,gics_fin,2026-10-06,64.23,3.64288,2026-06-30,False,,0.0310073,0.226306,0.046,1.8232,1.7647,1.79382e+09,USD,66.3515,68.5431,73.1459
TROW,T. Rowe Price Group Inc. Common Stock,S&P 500,True,gics_fin,2026-10-06,103.6,10.2096,2026-06-30,False,,0.0499851,0.247692,0.046,10.1945,10.3174,1.79328e+09,USD,106.011,108.479,113.587
TRS,TriMas Corporation Common Stock,Russell 2000,False,gics_indu,2026-10-06,38.97,24.1863,2026-06-30,False,,0.00414692,0.273412,0.046,1.652,2.129,1.79328e+09,USD,40.8015,42.7191,46.8288
TRST,TrustCo Bank Corp NY Common Stock,S&P 600,False,gics_fin,2026-10-06,55.13,3.64024,2026-06-30,False,,0.0271308,0.152768,0.046,,2.87,1.78466e+09,USD,57.0614,59.0606,63.2713
TRTX,TPG RE Finance Trust Inc. Common Stock,Russell 2000,False,gics_re,2026-10-06,6.05,0.734094,2026-06-30,False,,0,0.273465,0.046,0.994,1.102,1.78527e+09,USD,6.34748,6.65959,7.33061
TRU,TransUnion Common Stock,S&P 400,False,gics_fin,2026-10-06,63.42,3.79537,2026-06-30,False,,0.00684405,0.342522,0.046,4.81624,5.55374,1.7931e+09,USD,66.3111,69.334,75.7995
TRV,The Travelers Companies Inc. Common Stock,S&P 500,True,gics_fin,2026-10-06,360.64,38.0174,2026-06-30,False,,0.0123905,0.187067,0.046,34.311,30.3472,1.79215e+09,USD,376.036,392.089,426.281
TSCO,Tractor Supply Company Common Stock,S&P 500,True,gics_discr,2026-10-06,32.29,3.56081,2026-06-27,False,,0.0289861,0.292418,0.046,1.93219,2.04815,1.78481e+09,USD,33.3903,34.528,36.9212
TSLA,Tesla Inc. Common Stock,S&P 500,True,gics_discr,2026-10-06,380.68,1.07458,2026-06-30,False,,0,0.485307,0.046,1.73782,2.14474,1.79261e+09,USD,399.398,419.037,461.259
TSN,Tyson Foods Inc. Common Stock,S&P 500,True,gics_staples,2026-10-06,51.97,1.6169,2026-06-27,False,,0.0385036,0.212235,0.046,3.70612,4.06703,1.79483e+09,USD,53.4857,55.0457,58.3033
TTAN,ServiceTitan Inc. Class A Common Stock,Russell 2000,False,gics_it,2026-10-06,68.67,-1.3457,2026-07-31,False,,0,0.766735,0.046,1.35713,1.65446,1.7889e+09,USD,72.0465,75.5891,83.2054
TTC,Toro Company (The) Common Stock,S&P 400,False,gics_discr,2026-10-06,98.89,3.7415,2026-07-31,False,,0.0159101,0.242514,0.046,4.63667,5.1,1.78844e+09,USD,102.93,107.136,116.069
TTEK,Tetra Tech Inc. Common Stock,S&P 400,False,gics_discr,2026-10-06,33.38,1.66456,2026-06-28,False,,0.00759994,0.397765,0.046,1.57707,1.7378,1.78536e+09,USD,34.8885,36.4651,39.8354
TTI,Tetra Technologies Inc. Common Stock,Russell 2000,False,gics_energy,2026-10-06,6.14,0.0441405,2026-06-30,False,,0,0.646413,0.046,0.245,0.285,1.79365e+09,USD,6.44191,6.75866,7.43966
TTMI,TTM Technologies Inc. Common Stock,S&P 400,False,gics_it,2026-10-06,132.71,2.20086,2026-06-29,False,,0,0.881838,0.046,4.838,6.8925,1.78596e+09,USD,139.235,146.082,160.801
TTWO,Take-Two Interactive Software Inc. Common Stock,S&P 500,True,internet,2026-10-06,202.53,-1.72073,2026-06-30,False,,0,0.286313,0.046,6.87497,10.2922,1.78611e+09,USD,212.489,222.937,245.4
TW,Tradeweb Markets Inc. Class A Common Stock,大型股,False,gics_fin,2026-10-06,107.54,4.20594,2026-06-30,False,,0,0.356695,0.046,4.05552,4.62296,1.79328e+09,USD,112.828,118.376,130.303
TWFG,TWFG Inc. Class A Common Stock,,False,gics_fin,2026-10-06,25.01,0.162733,2026-06-30,False,,0,0.536612,0.046,1.16142,1.18064,1.78596e+09,USD,26.2398,27.53,30.3039
TWI,Titan International Inc. (DE) Common Stock,Russell 2000,False,gics_indu,2026-10-06,7.03,-1.18985,2026-06-30,False,,0,0.609288,0.046,-0.12,0.29,1.78541e+09,USD,7.37567,7.73834,8.51804
TWIN,Twin Disc Incorporated Common Stock,Russell 2000,False,gics_indu,2026-10-06,28.56,1.84617,2026-06-30,False,,0.00615809,0.466642,0.046,,1.14,1.78723e+09,USD,29.8722,31.2447,34.1817
TWLO,Twilio Inc. Class A Common Stock,S&P 400,False,gics_it,2026-10-06,280.41,7.19276,2026-06-30,False,,0,0.441706,0.046,5.92927,6.79063,1.78605e+09,USD,294.198,308.664,339.765
TWST,Twist Bioscience Corporation Common Stock,Russell 2000,False,gics_health,2026-10-06,166.97,-2.19087,2026-06-30,False,,0,0.609012,0.046,-0.95975,-0.7516,1.78576e+09,USD,175.18,183.794,202.313
TXG,10x Genomics Inc. Class A Common Stock,Russell 2000,False,gics_indu,2026-10-06,80.66,-0.577955,2026-06-30,False,,0,0.509956,0.046,0.03667,0.07667,1.78605e+09,USD,84.6261,88.7872,97.7333
TXN,Texas Instruments Incorporated Common Stock,S&P 500,True,semis,2026-10-06,297.23,6.57826,2026-06-30,False,,0.0204875,0.390179,0.046,8.48588,10.6448,1.79261e+09,USD,308.667,320.544,345.686
TXNM,TXNM Energy Inc. Common Stock,S&P 400,False,gics_util,2026-10-06,58.55,1.73546,2026-06-30,False,,0.0285733,0.058412,0.046,2.87066,3.25138,1.7855e+09,USD,60.5576,62.634,67.0028
TXRH,Texas Roadhouse Inc. Common Stock,S&P 400,False,gics_discr,2026-10-06,163.57,6.24884,2026-06-30,False,,0.0172744,0.334844,0.046,6.56528,7.77023,1.79391e+09,USD,170.137,176.968,191.463
TXT,Textron Inc. Common Stock,S&P 500,True,gics_indu,2026-10-06,75.53,5.31851,2026-07-04,False,,0.00131553,0.219069,0.046,6.45852,7.2671,1.79328e+09,USD,79.1918,83.031,91.277
TYL,Tyler Technologies Inc. Common Stock,S&P 500,True,software,2026-10-06,330.91,7.52349,2026-06-30,False,,0,0.280174,0.046,13.0989,15.3515,1.79322e+09,USD,347.181,364.252,400.954
TZOO,Travelzoo Common Stock,,False,gics_discr,2026-10-06,5.48,0.0435545,2026-06-30,False,,0,1.00722,0.046,0.05,0.62333,1.78524e+09,USD,5.74946,6.03216,6.63995
U,Unity Software Inc. Common Stock,大型股,False,gics_it,2026-10-06,44.95,-1.34173,2026-06-30,False,,0,0.994655,0.046,1.21129,1.74095,1.78602e+09,USD,47.1602,49.4791,54.4646
UAL,United Airlines Holdings Inc. Common Stock,S&P 500,True,gics_indu,2026-10-06,111.87,10.7007,2026-06-30,False,,0,0.495873,0.046,8.51501,13.7627,1.79253e+09,USD,117.371,123.142,135.55
UBER,Uber Technologies Inc. Common Stock,S&P 500,True,gics_indu,2026-10-06,69.08,4.62443,2026-06-30,False,,0,0.343477,0.046,3.35361,4.42121,1.7938e+09,USD,72.4767,76.0404,83.7022
UBSI,United Bankshares Inc. Common Stock,S&P 400,False,gics_fin,2026-10-06,46.06,3.67724,2026-06-30,False,,0.0326643,0.164785,0.046,3.68667,3.86667,1.78481e+09,USD,47.542,49.0716,52.2801
UCB,United Community Banks Inc. Common Stock,S&P 600,False,gics_fin,2026-10-06,33.72,3.13011,2026-06-30,False,,0.0298789,0.219778,0.046,2.99286,3.35571,1.7925e+09,USD,34.8534,36.025,38.4875
UCTT,Ultra Clean Holdings Inc. Common Stock,S&P 600,False,gics_it,2026-10-06,73.24,-0.507592,2026-06-26,False,,0,1.10411,0.046,3.13147,6.39117,1.79313e+09,USD,76.8413,80.6196,88.7427
UDR,UDR Inc. Common Stock,S&P 500,True,gics_re,2026-10-06,33.91,1.58095,2026-06-30,False,,0.0510675,0.210194,0.046,,0.56,1.78518e+09,USD,34.6805,35.4684,37.0984
UE,Urban Edge Properties Common Shares of Beneficial Interest,S&P 600,False,gics_fin,2026-10-06,19.6,0.515888,2026-06-30,False,,0.03956,0.220679,0.046,0.48,0.475,1.79319e+09,USD,20.161,20.738,21.9422
UEIC,Universal Electronics Inc. Common Stock,,False,gics_staples,2026-10-06,5.55,-1.12507,2026-06-30,False,,0,0.303154,0.046,0.45,0.55,1.78605e+09,USD,5.8229,6.10921,6.72477
UFCS,United Fire Group Inc. Common Stock,S&P 600,False,gics_fin,2026-10-06,54.87,5.4011,2026-06-30,False,,0.0131395,0.277359,0.046,4.99,4.84,1.78579e+09,USD,57.191,59.6102,64.76
UFI,Unifi Inc. New Common Stock,,False,gics_discr,2026-10-06,6.56,-1.32167,2026-06-28,False,,0,0.422229,0.046,0,0.7,1.78717e+09,USD,6.88256,7.22098,7.94856
UFPI,UFP Industries Inc. Common Stock,S&P 400,False,gics_mat,2026-10-06,79,4.56548,2026-06-27,False,,0.0178368,0.329509,0.046,4.5325,5.52,1.79322e+09,USD,82.1486,85.4226,92.3674
UGI,UGI Corporation Common Stock,S&P 400,False,gics_util,2026-10-06,37.15,3.01295,2026-06-30,False,,0.0400674,0.194359,0.046,2.8,3.22,1.78596e+09,USD,38.2036,39.2871,41.5472
UHAL,U-Haul Holding Company Common Stock,大型股,False,gics_discr,2026-10-06,60.67,0.325004,2026-06-30,False,,0,0.371617,0.046,1.12,2.08,1.78596e+09,USD,63.6532,66.7831,73.5121
UHS,Universal Health Services Inc. Common Stock,S&P 500,True,gics_health,2026-10-06,177.08,24.7458,2026-06-30,False,,0.00438158,0.294148,0.046,22.6146,23.9987,1.79304e+09,USD,185.381,194.07,212.691
UHT,Universal Health Realty Income Trust Common Stock,Russell 2000,False,gics_re,2026-10-06,37.42,1.38794,2026-06-30,False,,0.077679,0.227459,0.046,,,1.78518e+09,USD,37.7644,38.1119,38.8166
UI,Ubiquiti Inc. Common Stock,大型股,False,gics_it,2026-10-06,626.48,15.8539,2026-06-30,False,,0.00557557,0.79637,0.046,17.714,19.579,1.78732e+09,USD,655.455,685.769,750.67
ULCC,Frontier Group Holdings Inc. Common Stock,Russell 2000,False,gics_discr,2026-10-06,6.25,-1.67842,2026-06-30,False,,0,0.788994,0.046,-0.45045,0.3265,1.78533e+09,USD,6.55732,6.87974,7.57294
ULH,Universal Logistics Holdings Inc. Common Stock,Russell 2000,False,gics_indu,2026-10-06,16.95,-3.47091,2026-07-04,False,,0.025848,0.749129,0.046,0.5,1.15,1.78553e+09,USD,17.5551,18.1818,19.5031
ULS,UL Solutions Inc. Class A Common Stock,S&P 400,False,gics_health,2026-10-06,68.37,2.47549,2026-06-30,False,,0.00826662,0.42316,0.046,2.31874,2.60141,1.78585e+09,USD,71.4359,74.6393,81.4835
ULTA,Ulta Beauty Inc. Common Stock,S&P 500,True,gics_discr,2026-10-06,547.29,27.5231,2026-08-01,False,,0,0.368482,0.046,28.9957,32.0872,1.79633e+09,USD,574.201,602.434,663.135
UMBF,UMB Financial Corporation Common Stock,S&P 400,False,gics_fin,2026-10-06,130.08,12.3389,2026-06-30,False,,0.0149374,0.269961,0.046,13.2581,13.917,1.78527e+09,USD,135.461,141.064,152.975
UMH,UMH Properties Inc. Common Stock,Russell 2000,False,gics_re,2026-10-06,15.42,0.125074,2026-06-30,False,,0.0552643,0.186888,0.046,,0.17,1.79365e+09,USD,15.7373,16.0611,16.7289
UNF,Unifirst Corporation Common Stock,S&P 600,False,gics_discr,2026-10-06,251.72,6.3565,2026-05-30,False,,0.00531573,0.193192,0.046,7.4432,7.99939,1.79259e+09,USD,263.396,275.614,301.776
UNFI,United Natural Foods Inc. Common Stock,S&P 600,False,gics_discr,2026-10-06,44.29,1.33758,2026-08-01,False,,0,0.310374,0.046,3.34614,4.06003,1.78887e+09,USD,46.4678,48.7526,53.6649
UNH,UnitedHealth Group Incorporated Common Stock (DE),S&P 500,True,gics_health,2026-10-06,376.32,15.5187,2026-06-30,False,,0.0239954,0.450104,0.046,19.8674,22.6102,1.79189e+09,USD,390.115,404.416,434.61
UNM,Unum Group Common Stock,S&P 400,False,gics_fin,2026-10-06,91.83,4.27434,2026-06-30,False,,0.0195025,0.169332,0.046,8.67421,9.42908,1.78527e+09,USD,95.4104,99.1304,107.011
UNP,Union Pacific Corporation Common Stock,S&P 500,True,gics_indu,2026-10-06,276.61,12.3401,2026-06-30,False,,0.0200168,0.208608,0.046,13.0517,14.201,1.79267e+09,USD,287.321,298.447,322.008
UPBD,Upbound Group Inc. Common Stock,S&P 600,False,gics_discr,2026-10-06,15.36,1.53514,2026-06-30,False,,0.0961847,0.446869,0.046,4.16,4.62167,1.78541e+09,USD,15.3586,15.3572,15.3543
UPS,United Parcel Service Inc. Common Stock,S&P 500,True,gics_indu,2026-10-06,93.11,5.37015,2026-06-30,False,,0.0664308,0.260832,0.046,7.20619,8.06361,1.7931e+09,USD,94.4968,95.9043,98.7825
UPST,Upstart Holdings Inc. Common stock,Russell 2000,False,gics_fin,2026-10-06,23.86,0.549886,2026-06-30,False,,0,0.584771,0.046,2.29516,3.47596,1.79371e+09,USD,25.0332,26.2641,28.9105
UPWK,Upwork Inc. Common Stock,S&P 600,False,gics_it,2026-10-06,8.36,0.750679,2026-06-30,False,,0,0.579937,0.046,1.38967,1.36457,1.78639e+09,USD,8.77107,9.20235,10.1296
URBN,Urban Outfitters Inc. Common Stock,S&P 600,False,gics_discr,2026-10-06,80.25,6.40823,2026-07-31,False,,0,0.297477,0.046,6.18763,6.93065,1.78777e+09,USD,84.1959,88.3359,97.2366
URI,United Rentals Inc. Common Stock,S&P 500,True,gics_indu,2026-10-06,1080.62,41.8557,2026-06-30,False,,0.00726846,0.373702,0.046,49.3008,57.3179,1.78475e+09,USD,1129.64,1180.89,1290.46
USB,U.S. Bancorp Common Stock,S&P 500,True,gics_fin,2026-10-06,57.29,5.25273,2026-06-30,False,,0.0354361,0.256858,0.046,5.2427,5.80278,1.79207e+09,USD,59.0514,60.8669,64.6672
USFD,US Foods Holding Corp. Common Stock,S&P 400,False,gics_discr,2026-10-06,96.53,3.26457,2026-06-27,False,,0,0.416228,0.046,4.77991,5.54729,1.78602e+09,USD,101.276,106.256,116.963
USLM,United States Lime & Minerals Inc. Common Stock,S&P 600,False,gics_indu,2026-10-06,111.81,4.67136,2026-06-30,False,,0.00218626,0.317684,0.046,5.04,5.7,1.78536e+09,USD,117.18,122.807,134.886
USNA,USANA Health Sciences Inc. Common Stock,Russell 2000,False,gics_health,2026-10-06,14.83,-1.19896,2026-07-04,False,,0,0.632892,0.046,0.76,1.77,1.78587e+09,USD,15.5592,16.3243,17.9691
USPH,U.S. Physical Therapy Inc. Common Stock,S&P 600,False,gics_health,2026-10-06,83.63,2.12481,2026-06-30,False,,0,0.238265,0.046,2.898,3.35,1.78596e+09,USD,87.7421,92.0565,101.332
UTHR,United Therapeutics Corporation Common Stock,S&P 400,False,gics_health,2026-10-06,541.62,27.7733,2026-06-30,False,,0,0.243207,0.046,27.4833,30.4056,1.78593e+09,USD,568.252,596.193,656.265
UTI,Universal Technical Institute Inc Common Stock,S&P 600,False,gics_re,2026-10-06,19.67,0.613122,2026-06-30,False,,0,0.852163,0.046,,0.93,1.78596e+09,USD,20.6372,21.6519,23.8336
UTL,UNITIL Corporation Common Stock,S&P 600,False,gics_util,2026-10-06,51.18,3.1613,2026-06-30,False,,0.0368549,0.102214,0.046,3.31,3.51,1.78579e+09,USD,52.7161,54.2984,57.6067
UTMD,Utah Medical Products Inc. Common Stock,Russell 2000,False,gics_health,2026-10-06,73.83,3.29231,2026-06-30,False,,0.0163995,0.171836,0.046,,,1.78481e+09,USD,76.8277,79.9471,86.5711
UTZ,Utz Brands Inc Class A Common Stock ,Russell 2000,False,gics_staples,2026-10-06,14.27,-0.327643,2026-06-28,False,,0.0179843,0.830843,0.046,0.7768,0.83476,1.78593e+09,USD,14.8376,15.4279,16.6797
UVE,UNIVERSAL INSURANCE HOLDINGS INC Common Stock,Russell 2000,False,gics_fin,2026-10-06,43.51,7.57146,2026-06-30,False,,0.0180156,0.352749,0.046,5.2,4.5,1.78484e+09,USD,45.2401,47.0389,50.854
UVSP,Univest Financial Corporation Common Stock,Russell 2000,False,gics_fin,2026-10-06,41.37,3.47695,2026-06-30,False,,0.0215798,0.215985,0.046,3.80667,3.93,1.79322e+09,USD,42.9384,44.5662,48.0094
UVV,Universal Corporation Common Stock,S&P 600,False,gics_indu,2026-10-06,42.7,0.759758,2026-06-30,False,,0.075882,0.166007,0.046,3.18,3.95,1.78596e+09,USD,43.1317,43.5677,44.4531
V,Visa Inc.,S&P 500,True,gics_fin,2026-10-06,370.64,12.6441,2026-06-30,False,,0,0.167549,0.046,13.2282,15.0043,1.78527e+09,USD,388.865,407.985,449.094
VAC,Marriott Vacations Worldwide Corporation Common Stock,S&P 600,False,gics_fin,2026-10-06,104.57,-8.74346,2026-06-30,False,,0.0303511,0.400568,0.046,8.61262,9.61124,1.78602e+09,USD,108.059,111.665,119.242
VAL,Valaris Limited Common Shares,S&P 400,False,gics_energy,2026-10-06,82,13.3466,2026-06-30,False,,0,0.674092,0.046,3.67732,7.0619,1.78596e+09,USD,86.032,90.2622,99.357
VATE,INNOVATE Corp. Common Stock,Russell 2000,False,gics_indu,2026-10-06,7.19,-1.60367,2026-06-30,False,,0.0175216,1.33183,0.046,,,1.78605e+09,USD,7.47774,7.77699,8.41191
VC,Visteon Corporation Common Stock,S&P 400,False,gics_discr,2026-10-06,89.31,5.2381,2026-06-30,False,,0.0136978,0.493922,0.046,8.48214,10.4628,1.78481e+09,USD,93.0619,96.9714,105.29
VCTR,Victory Capital Holdings Inc. Class A Common Stock,S&P 600,False,gics_fin,2026-10-06,113.85,7.15812,2026-06-30,False,,0.0239855,0.40047,0.046,8.03461,8.57106,1.78596e+09,USD,118.024,122.351,131.487
VECO,Veeco Instruments Inc. Common Stock,S&P 600,False,gics_it,2026-10-06,55.67,0.348043,2026-06-30,False,,0,0.694017,0.046,1.51372,2.9058,1.78596e+09,USD,58.4073,61.2793,67.4537
VEEV,Veeva Systems Inc. Class A Common Stock,大型股,False,gics_it,2026-10-06,283.5,6.11349,2026-07-31,False,,0,0.564864,0.046,9.2354,10.2506,1.78777e+09,USD,297.44,312.065,343.509
VFC,V.F. Corporation Common Stock,S&P 400,False,gics_indu,2026-10-06,14.45,0.692582,2026-06-27,False,,0.0264125,0.435257,0.046,1.08651,1.343,1.78533e+09,USD,14.9616,15.4914,16.6077
VG,Venture Global Inc. Class A common stock,大型股,False,gics_util,2026-10-06,13.51,1.26031,2026-06-30,False,,0.0158242,0.884407,0.046,1.68525,0.99735,1.78645e+09,USD,14.0626,14.6378,15.8597
VHI,Valhi Inc. Common Stock,Russell 2000,False,gics_mat,2026-10-06,15.12,-1.79298,2026-06-30,False,,0.0195874,0.39706,0.046,,3.24,1.78605e+09,USD,15.7089,16.3206,17.6166
VIAV,Viavi Solutions Inc. Common Stock,S&P 400,False,gics_it,2026-10-06,48.14,-0.121844,2026-06-27,False,,0,0.621964,0.046,1.64249,1.95071,1.78596e+09,USD,50.5071,52.9905,58.3298
VICI,VICI Properties Inc. Common Stock,S&P 500,True,gics_re,2026-10-06,22.73,2.53681,2026-06-30,False,,0.0747503,0.173315,0.046,2.75,2.99,1.79322e+09,USD,22.9728,23.2182,23.7168
VICR,Vicor Corporation Common Stock,S&P 400,False,gics_it,2026-10-06,299.29,3.04479,2026-06-30,False,,0,1.27872,0.046,4.11667,6.12,1.7925e+09,USD,314.006,329.446,362.641
VIR,Vir Biotechnology Inc. Common Stock,S&P 600,False,gics_health,2026-10-06,11.6,-1.49029,2026-06-30,False,,0,0.456336,0.046,-1.75514,-2.48714,1.78596e+09,USD,12.1704,12.7688,14.0554
VIRT,Virtu Financial Inc. Class A Common Stock,S&P 600,False,gics_fin,2026-10-06,61.62,6.28628,2026-06-30,False,,0,0.446463,0.046,7.30956,7.11982,1.78541e+09,USD,64.6499,67.8288,74.6631
VISN,Vistance Networks Inc. Common Stock,Russell 2000,False,gics_it,2026-10-06,6.15,30.5637,2026-06-30,False,,0,1.01974,0.046,0.85058,0.69586,1.78602e+09,USD,6.4524,6.76967,7.45177
VLGEA,Village Super Market Inc. Class A Common Stock,Russell 2000,False,gics_staples,2026-10-06,43.72,3.67,2026-07-25,True,0.999869,0.0709665,0.254998,0.046,,,1.79129e+09,USD,44.2707,44.8283,45.9647
VLO,Valero Energy Corporation Common Stock,S&P 500,True,gics_energy,2026-10-06,419.22,24.2013,2026-06-30,False,,0.0124025,0.294539,0.046,49.5732,41.4343,1.79267e+09,USD,437.114,455.772,495.512
VLTO,Veralto Corp Common Stock ,S&P 500,False,gics_indu,2026-10-06,96.45,3.96469,2026-07-03,False,,0.00498749,0.207909,0.046,4.40293,4.78908,1.78527e+09,USD,100.94,105.64,115.706
VLY,Valley National Bancorp Common Stock,S&P 400,False,gics_fin,2026-10-06,12.67,1.24014,2026-06-30,False,,0.0343096,0.271768,0.046,1.27618,1.54345,1.78481e+09,USD,13.0669,13.4762,14.3338
VMC,Vulcan Materials Company (Holding Company) Common Stock,S&P 500,True,gics_mat,2026-10-06,248.85,8.50457,2026-06-30,False,,0.00821483,0.271062,0.046,9.03484,10.5134,1.78533e+09,USD,260.016,271.683,296.611
VMI,Valmont Industries Inc. Common Stock,S&P 400,False,gics_indu,2026-10-06,486.89,25.2336,2026-06-27,False,,0.00592286,0.467932,0.046,22.9462,25.9791,1.7925e+09,USD,509.32,532.784,583.003
VMRK,Vivmark Residential Common Shares of Beneficial Interest,S&P 500,True,gics_re,2026-10-06,60.37,1.11156,2026-06-30,False,,0.0442842,0.15896,0.046,1.48405,1.4702,,USD,61.9514,63.5742,66.9485
VNO,Vornado Realty Trust Common Stock,S&P 400,False,gics_re,2026-10-06,33.52,0.349555,2026-06-30,False,,0,0.410347,0.046,,0.31,1.79365e+09,USD,35.1682,36.8974,40.6152
VNT,Vontier Corporation Common Stock ,S&P 400,False,gics_indu,2026-10-06,32.84,2.44211,2026-07-03,False,,0.00318766,0.350651,0.046,3.49323,3.78687,1.78602e+09,USD,34.3999,36.0339,39.5384
VOYA,Voya Financial Inc. Common Stock,S&P 400,False,gics_fin,2026-10-06,97.82,6.43386,2026-06-30,False,,0.0191792,0.314014,0.046,9.02714,11.3404,1.79365e+09,USD,101.65,105.631,114.065
VOYG,Voyager Technologies Inc. Class A Common Stock,Russell 2000,False,gics_indu,2026-10-06,30.88,-2.34044,2026-06-30,False,,0,1.24042,0.046,-2.97875,-1.59514,1.79365e+09,USD,32.3984,33.9914,37.4164
VPG,Vishay Precision Group Inc. Common Stock,Russell 2000,False,gics_it,2026-10-06,77.91,0.296619,2026-07-04,False,,0,1.35449,0.046,0.56667,1.79,1.78593e+09,USD,81.7409,85.7601,94.4012
VRA,Vera Bradley Inc. Common Stock,,False,gics_discr,2026-10-06,5.08,-0.334389,2026-08-01,False,,0,0.59132,0.046,-0.22,-0.03,1.78948e+09,USD,5.32979,5.59186,6.15529
VREX,Varex Imaging Corporation Common Stock,Russell 2000,False,gics_it,2026-10-06,18.48,0.518779,2026-07-03,False,,0,0.756409,0.046,0.84,1.07,1.78636e+09,USD,19.3887,20.342,22.3917
VRNS,Varonis Systems Inc. Common Stock,Russell 2000,False,gics_it,2026-10-06,49.08,-1.22102,2026-06-30,False,,0,0.627398,0.046,0.15119,0.40819,1.78527e+09,USD,51.4933,54.0253,59.4688
VRSK,Verisk Analytics Inc. Common Stock,S&P 500,True,gics_indu,2026-10-06,165.2,6.54846,2026-06-30,False,,0.0109295,0.206274,0.046,7.70718,8.69836,1.79388e+09,USD,172.378,179.869,195.84
VRSN,VeriSign Inc. Common Stock,S&P 500,True,internet,2026-10-06,293.1,9.25926,2026-06-30,False,,0.0107181,0.232603,0.046,9.75383,11.0617,1.7927e+09,USD,305.868,319.193,347.609
VRT,Vertiv Holdings LLC Class A Common Stock,大型股,False,gics_it,2026-10-06,253.14,4.40996,2026-06-30,False,,0.000882556,0.553404,0.046,6.73858,9.17851,1.78533e+09,USD,265.47,278.4,306.181
VRTS,Virtus Investment Partners Inc. Common Stock,S&P 600,False,gics_fin,2026-10-06,132.02,17.6031,2026-06-30,False,,0.0751059,0.433651,0.046,23.0778,24.1227,1.78541e+09,USD,133.406,134.807,137.654
VRTX,Vertex Pharmaceuticals Incorporated Common Stock,S&P 500,True,gics_health,2026-10-06,502.31,17.1877,2026-06-30,False,,0,0.274197,0.046,16.1714,20.1061,1.79365e+09,USD,527.009,552.922,608.634
VSAT,ViaSat Inc. Common Stock,S&P 600,False,gics_discr,2026-10-06,74.38,-0.214358,2026-06-30,False,,0,0.654024,0.046,0.094,0.16667,1.78587e+09,USD,78.0373,81.8745,90.1241
VSEC,VSE Corporation Common Stock,S&P 600,False,gics_discr,2026-10-06,168.48,2.39146,2026-06-30,False,,0.00207502,0.607177,0.046,6.78686,8.28332,1.78596e+09,USD,176.581,185.071,203.297
VSH,Vishay Intertechnology Inc. Common Stock,S&P 600,False,gics_it,2026-10-06,37.84,0.192007,2026-07-04,False,,0,1.17896,0.046,0.84103,1.74181,1.7938e+09,USD,39.7006,41.6527,45.8496
VST,Vistra Corp. Common Stock,S&P 500,True,gics_util,2026-10-06,160.5,6.49102,2026-06-30,False,,0.00650978,0.506841,0.046,8.78324,10.4163,1.79397e+09,USD,167.845,175.525,191.958
VSTS,Vestis Corporation Common Stock,S&P 600,False,gics_discr,2026-10-06,13.92,-0.0394387,2026-07-03,False,,0,0.539617,0.046,0.61259,0.77721,1.78645e+09,USD,14.6045,15.3226,16.8665
VSXY,Victorias Secret & Co. Common Stock ,S&P 600,False,gics_discr,2026-10-06,85.09,4.44706,2026-08-01,False,,0.000988156,,0.046,4.70712,5.61826,1.78844e+09,USD,89.2298,93.5711,102.897
VTOL,Bristow Group Inc. Common Stock,S&P 600,False,gics_discr,2026-10-06,40.31,3.46707,2026-06-30,False,,0.00575567,0.3573,0.046,,5.26,1.78587e+09,USD,42.1705,44.1169,48.2834
VTR,Ventas Inc. Common Stock,S&P 500,True,gics_re,2026-10-06,81.86,0.527865,2026-06-30,False,,0.0224037,0.218246,0.046,0.44,0.79,1.79313e+09,USD,84.9284,88.1118,94.8411
VTRS,Viatris Inc. Common Stock,S&P 500,True,gics_health,2026-10-06,17.54,-0.349443,2026-06-30,False,,0,0.310575,0.046,2.51684,2.67329,1.79388e+09,USD,18.4025,19.3073,21.2527
VTS,Vitesse Energy Inc. Common Stock,Russell 2000,False,gics_energy,2026-10-06,16.96,-0.262504,2026-06-30,False,,0.130735,0.241076,0.046,-0.08,0.475,1.78579e+09,USD,16.668,16.381,15.8218
VVV,Valvoline Inc. Common Stock,S&P 400,False,gics_indu,2026-10-06,30.87,0.790498,2026-06-30,False,,0,0.439121,0.046,1.76013,1.98534,1.78593e+09,USD,32.3879,33.9804,37.4043
VVX,V2X Inc. Common Stock,S&P 600,False,gics_discr,2026-10-06,70.96,2.91362,2026-07-03,False,,0,0.390055,0.046,6.22646,6.93526,1.78579e+09,USD,74.4491,78.1099,85.9801
VYX,NCR Voyix Corporation Common Stock,S&P 600,False,other,2026-10-06,6.73,0.546763,2026-06-30,False,,0,0.505813,0.046,0.916,1.026,1.78593e+09,USD,7.06092,7.40811,8.15454
VZ,Verizon Communications Inc. Common Stock,S&P 500,True,gics_comm,2026-10-06,45.98,3.84133,2026-06-30,False,,0.0593857,0.244522,0.046,5.02527,5.28694,1.79302e+09,USD,46.8295,47.6947,49.4734
W,Wayfair Inc. Class A Common Stock,大型股,False,gics_discr,2026-10-06,105.45,-2.43182,2026-06-30,False,,0,0.546499,0.046,2.89914,3.88385,1.7938e+09,USD,110.635,116.075,127.771
WAB,Westinghouse Air Brake Technologies Corporation Common Stock,S&P 500,True,gics_indu,2026-10-06,291.16,7.43409,2026-06-30,False,,0.00385195,0.220251,0.046,10.8665,12.4555,1.79259e+09,USD,304.889,319.265,350.083
WABC,Westamerica Bancorporation Common Stock,S&P 600,False,gics_fin,2026-10-06,58.73,4.55896,2026-06-30,False,,0.0313197,0.098467,0.046,4.635,4.675,1.79209e+09,USD,60.6604,62.6542,66.8406
WAFD,WaFd Inc. Common Stock,S&P 600,False,gics_fin,2026-10-06,29.92,3.39363,2026-06-30,False,,0.0344133,0.272393,0.046,3.225,3.51,1.78423e+09,USD,30.8557,31.8206,33.8419
WAL,Western Alliance Bancorporation Common Stock (DE),S&P 400,False,gics_fin,2026-10-06,76.09,9.046,2026-06-30,False,,0,0.412193,0.046,8.8844,11.2273,1.79244e+09,USD,79.8314,83.7568,92.196
WASH,Washington Trust Bancorp Inc. Common Stock,Russell 2000,False,gics_fin,2026-10-06,38.22,2.88487,2026-06-30,False,,0.058728,0.25056,0.046,3.22622,3.5402,1.78458e+09,USD,38.9389,39.6714,41.178
WAT,Waters Corporation Common Stock,S&P 500,True,gics_health,2026-10-06,436.43,1.69099,2026-07-04,False,,0,0.337701,0.046,14.5785,16.5395,1.79371e+09,USD,457.89,480.404,528.809
WAY,Waystar Holding Corp. Common Stock,S&P 600,False,gics_it,2026-10-06,26.4,0.690661,2026-06-30,False,,0,0.499324,0.046,1.66944,1.87975,1.78536e+09,USD,27.6981,29.06,31.9881
WBD,Warner Bros. Discovery Inc. Series A Common Stock ,S&P 500,True,gics_comm,2026-10-05,30.95,-1.2299,2026-06-30,False,,0,0.364563,0.046,-1.09333,0.06222,1.78602e+09,USD,32.4718,34.0685,37.5012
WBTN,WEBTOON Entertainment Inc. Common stock,Russell 2000,False,gics_discr,2026-10-06,10.2,-2.5428,2026-06-30,False,,0,0.543166,0.046,0.075,0.25,1.78639e+09,USD,10.7015,11.2277,12.359
WCC,WESCO International Inc. Common Stock,S&P 400,False,gics_discr,2026-10-06,384.09,14.3455,2026-06-30,False,,0.00513813,0.38505,0.046,16.8804,20.0424,1.78541e+09,USD,401.942,420.624,460.633
WD,Walker & Dunlop Inc Common Stock,S&P 600,False,gics_fin,2026-10-06,35.1,1.14986,2026-06-30,False,,0.0755009,0.49172,0.046,4.88333,5.67,1.78602e+09,USD,35.4616,35.8269,36.5689
WDAY,Workday Inc. Class A Common Stock,S&P 500,True,software,2026-10-06,186.55,4.91914,2026-07-31,False,,0,0.397215,0.046,11.0764,13.233,1.78786e+09,USD,195.723,205.347,226.037
WDC,Western Digital Corporation Common Stock,S&P 500,True,memory,2026-10-06,411.04,24.3514,2026-07-03,False,,0.000961367,0.573884,0.046,20.1001,31.7948,1.78596e+09,USD,431.044,452.021,497.088
WDFC,WD-40 Company Common Stock,S&P 600,False,gics_indu,2026-10-06,204.17,6.60542,2026-05-31,False,,0.0196813,0.429699,0.046,6.224,6.474,1.79261e+09,USD,212.112,220.362,237.838
WEAV,Weave Communications Inc. Common Stock,Russell 2000,False,gics_it,2026-10-06,7.38,-0.257973,2026-06-30,False,,0,0.505244,0.046,0.17,0.2475,1.78605e+09,USD,7.74288,8.1236,8.94213
WEC,WEC Energy Group Inc. Common Stock,S&P 500,True,gics_util,2026-10-06,103.19,5.1429,2026-06-30,False,,0.0362877,0.150226,0.046,5.59942,5.9989,1.79328e+09,USD,106.317,109.539,116.279
WELL,Welltower Inc. Common Stock,S&P 500,True,gics_re,2026-10-06,225.78,2.10131,2026-06-30,False,,0.0126426,0.1715,0.046,2.88,3.18,1.79304e+09,USD,235.389,245.407,266.74
WEN,Wendy's Company (The) Common Stock,S&P 600,False,gics_discr,2026-10-06,6.16,0.659273,2026-06-28,False,,0.0826127,0.393937,0.046,0.49764,0.51368,1.78611e+09,USD,6.20137,6.24302,6.32716
WERN,Werner Enterprises Inc. Common Stock,S&P 600,False,gics_indu,2026-10-06,32.81,-0.768177,2026-06-30,False,,0.0161998,0.480174,0.046,1.08552,2.22031,1.79313e+09,USD,34.1456,35.5355,38.4875
WEX,WEX Inc. common stock,S&P 400,False,gics_discr,2026-10-06,171.48,10.02,2026-06-30,False,,0,0.325782,0.046,20.0764,21.2045,,USD,179.912,188.758,207.777
WEYS,Weyco Group Inc. Common Stock,Russell 2000,False,gics_staples,2026-10-06,50.96,3.6309,2026-06-30,False,,0.0667306,0.15418,0.046,,1.45,1.79374e+09,USD,51.7113,52.4736,54.0322
WFC,Wells Fargo & Company Common Stock,S&P 500,True,gics_fin,2026-10-06,81.51,7.25214,2026-06-30,False,,0.0215417,0.237423,0.046,7.22583,7.9999,1.79189e+09,USD,84.6017,87.8108,94.5986
WFRD,Weatherford International plc Ordinary Shares,S&P 400,False,gics_discr,2026-10-06,79.94,5.06925,2026-06-30,False,,0.0124174,0.525301,0.046,5.46708,7.0781,1.79253e+09,USD,83.3516,86.9088,94.485
WGO,Winnebago Industries Inc. Common Stock,S&P 600,False,gics_indu,2026-10-06,24.95,1.35088,2026-05-30,False,,0.0510081,0.389981,0.046,1.80358,2.36936,1.79259e+09,USD,25.5176,26.0982,27.2992
WGS,GeneDx Holdings Corp. Class A Common Stock,Russell 2000,False,gics_health,2026-10-06,71.52,-3.57982,2026-06-30,False,,0,0.772962,0.046,0.13143,1.19857,1.78579e+09,USD,75.0367,78.7263,86.6587
WH,Wyndham Hotels & Resorts Inc. Common Stock ,S&P 400,False,gics_discr,2026-10-06,72.65,2.74406,2026-06-30,False,,0.024221,0.264624,0.046,4.79658,5.32978,1.79261e+09,USD,75.3047,78.0565,83.8653
WHD,Cactus Inc. Class A Common Stock,S&P 600,False,gics_discr,2026-10-06,64.17,2.03748,2026-06-30,False,,0,0.522607,0.046,2.97479,3.65101,1.78536e+09,USD,67.3253,70.6357,77.7529
WHG,Westwood Holdings Group Inc Common Stock,Russell 2000,False,gics_fin,2026-10-06,19.01,0.867624,2026-06-30,False,,0.0325534,0.265902,0.046,,,1.78605e+09,USD,19.6227,20.2552,21.582
WHR,Whirlpool Corporation Common Stock,S&P 400,False,gics_discr,2026-10-06,30.15,2.88344,2026-06-30,False,,0.0913315,0.4935,0.046,2.17644,3.68497,1.78579e+09,USD,30.2205,30.2911,30.4328
WING,Wingstop Inc. Common Stock,S&P 400,False,gics_discr,2026-10-06,112.2,4.21882,2026-06-27,False,,0.0123133,0.745267,0.046,4.42942,5.34832,1.79319e+09,USD,116.994,121.994,132.642
WK,Workiva Inc. Class A Common Stock,Russell 2000,False,gics_it,2026-10-06,70.16,0.804905,2026-06-30,False,,0,0.632377,0.046,3.3587,4.0498,1.79391e+09,USD,73.6098,77.2293,85.0108
WKC,World Kinect Corporation Common Stock,S&P 600,False,gics_energy,2026-10-06,36.52,-3.44808,2026-06-30,False,,0.0221641,0.329997,0.046,3.6,2.56,1.78484e+09,USD,37.8934,39.3185,42.3315
WLK,Westlake Corporation Common Stock,S&P 400,False,gics_indu,2026-10-06,63.39,-9.61086,2026-06-30,False,,0.0311111,0.496372,0.046,2.69219,2.96273,1.78585e+09,USD,65.4804,67.6397,72.1743
WLYB,John Wiley & Sons Inc. Common Stock,S&P 600,False,gics_discr,2026-10-05,48.0025,3.72209,2026-07-31,False,,0.0296928,0.352637,0.046,,,1.78844e+09,USD,49.6206,51.2933,54.8097
WM,Waste Management Inc. Common Stock,S&P 500,True,gics_indu,2026-10-06,207.88,7.0549,2026-06-30,False,,0.0170238,0.16954,0.046,8.14421,9.10852,1.79313e+09,USD,216.253,224.963,243.45
WMB,Williams Companies Inc. (The) Common Stock,S&P 500,True,gics_energy,2026-10-06,72.39,2.50653,2026-06-30,False,,0.0287508,0.184135,0.046,2.42858,2.64558,1.78579e+09,USD,74.8655,77.4256,82.8115
WMG,Warner Music Group Corp. Class A Common Stock,S&P 400,False,gics_discr,2026-10-06,27.61,1.28463,2026-06-30,False,,0,0.410847,0.046,1.77982,1.9689,1.78596e+09,USD,28.9676,30.392,33.4542
WMK,Weis Markets Inc. Common Stock,Russell 2000,False,gics_staples,2026-10-06,72.6,4.02407,2026-06-27,False,,0.0185942,0.19397,0.046,,,,USD,75.4649,78.4429,84.756
WMS,Advanced Drainage Systems Inc. Common Stock,S&P 400,False,gics_discr,2026-10-06,130.07,5.75462,2026-06-30,False,,0.00567602,0.432264,0.046,6.29007,7.37501,1.78602e+09,USD,136.079,142.365,155.823
WMT,Walmart Inc. Common Stock,S&P 500,True,gics_staples,2026-10-06,107.2,2.75984,2026-07-31,False,,0.00870235,0.194403,0.046,2.88556,3.22473,1.79509e+09,USD,111.983,116.979,127.65
WNC,Wabash National Corporation Common Stock,Russell 2000,False,gics_indu,2026-10-06,13.87,-1.90539,2026-06-30,False,,0.027498,0.706207,0.046,-2.2,1.225,1.79328e+09,USD,14.3533,14.8534,15.9066
WNEB,Western New England Bancorp Inc. Common Stock,Russell 2000,False,gics_fin,2026-10-06,13.82,0.834834,2026-06-30,False,,0.0203086,0.171554,0.046,0.92667,1.10667,1.79313e+09,USD,14.3531,14.9067,16.0788
WOLF,Wolfspeed Inc. Common Stock New,Russell 2000,False,gics_it,2026-10-06,31.83,0.0831278,2026-06-28,False,,0,1.52617,0.046,-7.515,-5.83,1.78717e+09,USD,33.3951,35.0372,38.5675
WOR,Worthington Enterprises Inc. Common Shares,S&P 600,False,gics_indu,2026-10-06,61.64,3.31,2026-08-31,True,1.0543,0.0124114,0.200369,0.046,3.764,4.2175,1.79011e+09,USD,64.2708,67.0139,72.8562
WPC,W. P. Carey Inc. REIT,S&P 400,False,gics_re,2026-10-06,64.01,2.86515,2026-06-30,False,,0.0548729,0.192214,0.046,3.28815,3.14846,1.79313e+09,USD,65.3399,66.6974,69.4977
WRB,W.R. Berkley Corporation Common Stock,S&P 500,True,gics_fin,2026-10-06,69.65,4.8838,2026-06-30,False,,0.0177468,0.227397,0.046,4.90834,4.88038,1.79244e+09,USD,72.4292,75.3193,81.45
WRBY,Warby Parker Inc. Class A Common Stock,S&P 600,False,gics_health,2026-10-06,26.23,0.0615676,2026-06-30,False,,0,0.521882,0.046,0.4195,0.61478,1.78602e+09,USD,27.5197,28.8729,31.7821
WRLD,World Acceptance Corporation Common Stock,S&P 600,False,gics_fin,2026-10-06,176.96,7.78184,2026-06-30,False,,0,0.572655,0.046,13.18,15.14,1.7849e+09,USD,185.661,194.79,214.417
WS,Worthington Steel Inc. Common Shares,S&P 600,False,gics_indu,2026-10-06,38.19,0.17,2026-08-31,True,1.018,0.0185069,0.675606,0.046,4.29,4.87,1.79132e+09,USD,39.6988,41.2672,44.5922
WSBC,WesBanco Inc. Common Stock,S&P 600,False,gics_fin,2026-10-06,37.12,3.68128,2026-06-30,False,,0.0382446,0.184597,0.046,3.58,3.86375,1.79261e+09,USD,38.2076,39.327,41.6652
WSBF,Waterstone Financial Inc. Common Stock (MD),Russell 2000,False,gics_fin,2026-10-06,19.87,1.72679,2026-06-30,False,,0.0303553,0.201675,0.046,,1.01,1.78484e+09,USD,20.533,21.2181,22.6577
WSFS,WSFS Financial Corporation Common Stock,S&P 600,False,gics_fin,2026-10-06,75.92,6.04074,2026-06-30,False,,0.00914388,0.199049,0.046,6.61167,6.98,1.78484e+09,USD,79.2897,82.809,90.323
WSM,Williams-Sonoma Inc. Common Stock (DE),S&P 500,True,gics_discr,2026-10-06,242.25,9.83438,2026-08-02,False,,0.0121678,0.42793,0.046,9.51426,10.5141,1.78775e+09,USD,252.62,263.434,286.47
WSO,Watsco Inc. Common Stock,S&P 400,False,gics_discr,2026-10-06,290.83,12.456,2026-06-30,False,,0.0403757,0.522977,0.046,12.1366,13.274,1.78533e+09,USD,299.032,307.466,325.053
WST,West Pharmaceutical Services Inc. Common Stock,S&P 500,True,gics_health,2026-10-06,372.64,7.80249,2026-06-30,False,,0.002298,0.349561,0.046,8.96241,9.97954,1.78481e+09,USD,390.514,409.245,449.446
WT,WisdomTree Inc. Common Stock,S&P 600,False,gics_fin,2026-10-06,24.18,0.517546,2026-06-30,False,,0.00499496,0.544825,0.046,1.20429,1.35286,1.7855e+09,USD,25.3057,26.4837,29.007
WTBA,West Bancorporation Common Stock,Russell 2000,False,gics_fin,2026-10-06,29.53,2.22994,2026-06-30,False,,0.0347735,0.155319,0.046,2.6,2.815,1.79328e+09,USD,30.448,31.3945,33.3768
WTFC,Wintrust Financial Corporation Common Stock,S&P 400,False,gics_fin,2026-10-06,144.94,13.1851,2026-06-30,False,,0.018345,0.254153,0.046,13.147,13.8347,1.79244e+09,USD,150.678,156.644,169.293
WTM,White Mountains Insurance Group Ltd. Common Stock,,False,gics_fin,2026-10-06,2037.25,458.424,2026-06-30,False,,0.000482612,0.133889,0.046,,90,1.78602e+09,USD,2136.91,2241.44,2466.09
WTRG,Essential Utilities Inc. Common Stock,S&P 400,False,gics_util,2026-10-06,38.81,1.95316,2026-06-30,False,,0.0341,0.16454,0.046,2.2185,2.37946,1.78587e+09,USD,40.03,41.2882,43.9248
WTS,Watts Water Technologies Inc. Class A Common Stock,S&P 400,False,gics_indu,2026-10-06,362.45,11.4567,2026-06-28,False,,0,0.295918,0.046,12.7028,14.0374,1.78596e+09,USD,380.272,398.97,439.17
WTTR,Select Water Solutions Inc. Class A common stock,Russell 2000,False,gics_energy,2026-10-06,19.99,0.23092,2026-06-30,False,,0,0.206128,0.046,0.52627,0.56132,1.78587e+09,USD,20.9729,22.0042,24.2213
WU,Western Union Company (The) Common Stock,S&P 600,False,gics_discr,2026-10-06,6.14,1.24811,2026-06-30,False,,0.155285,0.258245,0.046,1.28208,1.50882,1.78544e+09,USD,5.96067,5.78657,5.45348
WWD,Woodward Inc. Common Stock,S&P 400,False,gics_energy,2026-10-06,332.56,9.00891,2026-06-30,False,,0,0.432585,0.046,9.46777,10.7394,1.78536e+09,USD,348.912,366.068,402.953
WWW,Wolverine World Wide Inc. Common Stock,S&P 600,False,gics_discr,2026-10-06,19.31,1.32073,2026-07-04,False,,0.0215013,0.406251,0.046,1.64587,1.84995,1.78662e+09,USD,20.0428,20.8035,22.4125
WY,Weyerhaeuser Company Common Stock,S&P 500,True,gics_re,2026-10-06,18.6,0.653829,2026-06-30,False,,0.0395661,0.245353,0.046,0.31632,0.63777,1.7933e+09,USD,19.1323,19.6799,20.8224
WYNN,Wynn Resorts Limited Common stock,S&P 500,True,gics_discr,2026-10-06,76.62,4.32452,2026-06-30,False,,0.0215169,0.296859,0.046,4.68984,5.14555,1.79391e+09,USD,79.5272,82.5448,88.9278
XERS,Xeris Biopharma Holdings Inc. Common Stock,Russell 2000,False,gics_health,2026-10-06,10.07,-0.0966328,2026-06-30,False,,0,0.390609,0.046,-0.01667,0.37,1.78602e+09,USD,10.5651,11.0846,12.2015
XHR,Xenia Hotels & Resorts Inc. Common Stock,S&P 600,False,gics_discr,2026-10-06,18.06,-0.0778833,2026-06-30,False,,0.000461233,0.306304,0.046,0.5,0.635,1.79371e+09,USD,18.9437,19.8705,21.8626
XMTR,Xometry Inc. Class A Common Stock,Russell 2000,False,gics_discr,2026-10-06,110.66,-0.627736,2026-06-30,False,,0,1.03285,0.046,0.70447,1.28331,1.78585e+09,USD,116.101,121.81,134.083
XOM,ExxonMobil Holdings Corporation Common Stock,S&P 500,True,gics_energy,2026-10-06,164.48,7.79557,2026-06-30,False,,0.0252155,0.22124,0.046,12.3571,11.348,1.7855e+09,USD,170.406,176.545,189.494
XPER,Xperi Inc. Common Stock ,Russell 2000,False,gics_it,2026-10-06,5.28,-0.671568,2026-06-30,False,,0,0.483132,0.046,0.881,1.3415,1.78596e+09,USD,5.53962,5.81201,6.39762
XPO,XPO Inc. Common Stock,S&P 400,False,gics_discr,2026-10-06,183.49,3.39496,2026-06-30,False,,0,0.452627,0.046,5.47645,6.50466,1.79328e+09,USD,192.512,201.978,222.329
XRAY,DENTSPLY SIRONA Inc. Common Stock,S&P 400,False,gics_health,2026-10-06,8.52,-2.72319,2026-06-30,False,,0.0491782,0.444807,0.046,1.49676,1.49803,1.78605e+09,USD,8.72181,8.92841,9.35639
XRN,Chiron Real Estate Inc. Common Stock,Russell 2000,False,gics_re,2026-10-06,34.28,3.71145,2026-06-30,False,,0,0.197251,0.046,,-2.995,1.78596e+09,USD,35.9656,37.734,41.5361
XYL,Xylem Inc. Common Stock New,S&P 500,True,gics_indu,2026-10-06,104.57,4.1831,2026-06-30,False,,0.015294,0.226861,0.046,5.65881,6.22571,1.7931e+09,USD,108.876,113.359,122.887
XYZ,Block Inc. Class A Common Stock,S&P 500,True,gics_fin,2026-10-06,76.54,0.586587,2026-06-30,False,,0,0.504801,0.046,4.04766,5.19694,1.79374e+09,USD,80.3035,84.2521,92.7413
YELP,Yelp Inc. Common Stock,S&P 600,False,gics_discr,2026-10-06,18.14,2.13068,2026-06-30,False,,0,0.525997,0.046,3.47375,3.79737,1.78605e+09,USD,19.032,19.9678,21.9797
YETI,YETI Holdings Inc. Common Stock,S&P 400,False,gics_discr,2026-10-06,40.25,2.32967,2026-07-04,False,,0,0.452407,0.046,2.97335,3.35104,1.78662e+09,USD,42.2291,44.3056,48.7697
YEXT,Yext Inc. Common Stock,Russell 2000,False,gics_it,2026-10-06,6.56,0.231273,2026-07-31,False,,0,0.702592,0.046,0.74,0.76,1.78827e+09,USD,6.88256,7.22098,7.94856
YORW,York Water Company (The) Common Stock,Russell 2000,False,gics_util,2026-10-06,30.81,1.49819,2026-06-30,False,,0.0282193,0.217688,0.046,,1.53,1.78604e+09,USD,31.8721,32.9707,35.283
YOU,Clear Secure Inc. Class A Common Stock,S&P 600,False,gics_it,2026-10-06,41.5,1.09312,2026-06-30,False,,0,0.561709,0.046,2.10006,2.60527,1.78593e+09,USD,43.5406,45.6815,50.2843
YUM,Yum! Brands Inc.,S&P 500,True,gics_discr,2026-10-06,139.84,7.94624,2026-06-30,False,,0.0205344,0.181973,0.046,6.39886,6.97196,1.79371e+09,USD,145.217,150.802,162.622
YUMC,Yum China Holdings Inc. Common Stock,大型股,False,gics_discr,2026-10-06,40.62,2.75424,2026-06-30,False,,0.0255845,0.297456,0.046,2.95021,3.38184,1.78541e+09,USD,42.0756,43.5834,46.763
ZBH,Zimmer Biomet Holdings Inc. Common Stock,S&P 500,True,gics_health,2026-10-06,89.68,4.12002,2026-06-30,False,,0.0105491,0.267191,0.046,8.53381,9.06689,1.7938e+09,USD,93.5947,97.6802,106.394
ZBRA,Zebra Technologies Corporation Class A Common Stock,S&P 500,True,hardware,2026-10-06,385.78,10.9047,2026-07-04,False,,0,0.377501,0.046,21.0468,22.1997,1.79371e+09,USD,404.749,424.651,467.438
ZD,Ziff Davis Inc. Common Stock,S&P 600,False,gics_comm,2026-10-06,54.77,17.1155,2026-06-30,False,,0,0.701748,0.046,5.14552,5.98384,1.78605e+09,USD,57.4631,60.2886,66.3632
ZETA,Zeta Global Holdings Corp. Class A Common Stock,Russell 2000,False,gics_it,2026-10-06,32.95,-0.00845345,2026-06-30,False,,0,0.543557,0.046,0.9489,1.20876,1.78587e+09,USD,34.5702,36.27,39.9245
ZG,Zillow Group Inc. Class A Common Stock,,False,gics_discr,2026-10-06,28.36,0.229507,2026-06-30,False,,0,0.492866,0.046,2.25871,2.96138,1.79382e+09,USD,29.7545,31.2175,34.363
ZION,Zions Bancorporation N.A. Common Stock,S&P 400,False,gics_fin,2026-10-06,62.85,7.96393,2026-06-30,False,,0.0295584,0.267436,0.046,6.57501,6.81518,1.79244e+09,USD,64.973,67.1677,71.782
ZM,Zoom Communications Inc. Class A Common Stock,大型股,False,gics_it,2026-10-06,94.2,10.8418,2026-07-31,False,,0,0.428078,0.046,6.13737,6.34196,1.78769e+09,USD,98.8319,103.692,114.139
ZS,Zscaler Inc. Common Stock,大型股,False,gics_it,2026-10-06,212.25,-0.393048,2026-07-31,False,,0,0.50917,0.046,4.90819,5.602,1.78847e+09,USD,222.686,233.636,257.177
ZTS,Zoetis Inc. Class A Common Stock,S&P 500,True,gics_health,2026-10-06,71.33,6.2429,2026-06-30,False,,0,0.323462,0.046,6.20935,6.54458,1.79388e+09,USD,74.8373,78.5171,86.4285
ZUMZ,Zumiez Inc. Common Stock,Russell 2000,False,gics_discr,2026-10-06,14.1,0.783709,2026-08-01,False,,0,0.587198,0.046,0.11,0.88,1.78907e+09,USD,14.7933,15.5207,17.0846
ZVRA,Zevra Therapeutics Inc. Common Stock,Russell 2000,False,gics_health,2026-10-06,10.73,0.949889,2026-06-30,False,,0,0.371231,0.046,1.16667,1.07667,1.78596e+09,USD,11.2576,11.8111,13.0012
ZWS,Zurn Elkay Water Solutions Corporation Common Stock,S&P 600,False,gics_indu,2026-10-06,47.85,1.62722,2026-06-30,False,,0.00885349,0.318746,0.046,1.831,2.03556,1.78527e+09,USD,49.9811,52.2071,56.9608
ZYME,Zymeworks Inc. Common Stock,Russell 2000,False,gics_health,2026-10-06,25.65,-2.00807,2026-06-30,False,,0,0.373435,0.046,0.92783,0.87194,1.78605e+09,USD,26.9112,28.2345,31.0793
